# Converted from the fixed M9 FR3 + UMI MuJoCo visual STL.
o umi_right_finger
vn -1.110223e-16 2.990028e-18 -1
v 0.032822262 0 -0.015
v 0.032822262 -0.025800001 -0.015
v 0.032465581 0 -0.015
f 1//1 2//1 3//1
vn -1.110223e-16 2.990028e-18 -1
v 0.032465581 0 -0.015
v 0.032822262 -0.025800001 -0.015
v 0.032465581 -0.025800001 -0.015
f 4//4 5//4 6//4
vn -1.110223e-16 2.990028e-18 -1
v 0.032465581 0 -0.015
v 0.032465581 -0.025800001 -0.015
v 0.031688031 0 -0.015
f 7//7 8//7 9//7
vn -1.110223e-16 2.990028e-18 -1
v 0.031688031 0 -0.015
v 0.032465581 -0.025800001 -0.015
v 0.031688031 -0.025800001 -0.015
f 10//10 11//10 12//10
vn -1.110223e-16 2.990028e-18 -1
v 0.031688031 0 -0.015
v 0.031688031 -0.025800001 -0.015
v 0.027182903 0 -0.015
f 13//13 14//13 15//13
vn -1.110223e-16 2.990028e-18 -1
v 0.027182903 0 -0.015
v 0.031688031 -0.025800001 -0.015
v 0.027182903 -0.025800001 -0.015
f 16//16 17//16 18//16
vn -1.110223e-16 2.990028e-18 -1
v 0.027182903 0 -0.015
v 0.027182903 -0.025800001 -0.015
v 0.025644755 0 -0.015
f 19//19 20//19 21//19
vn -1.110223e-16 2.990028e-18 -1
v 0.025644755 0 -0.015
v 0.027182903 -0.025800001 -0.015
v 0.025644755 -0.025800001 -0.015
f 22//22 23//22 24//22
vn -1.110223e-16 2.990028e-18 -1
v 0.025644755 0 -0.015
v 0.025644755 -0.025800001 -0.015
v 0.0018 0 -0.015
f 25//25 26//25 27//25
vn -1.110223e-16 2.990028e-18 -1
v 0.0018 0 -0.015
v 0.025644755 -0.025800001 -0.015
v 0.0018 -0.025800001 -0.015
f 28//28 29//28 30//28
vn 5.0737902e-18 -1 -2.990028e-18
v 0.030292092 -0.025800001 -0.033585023
v 0.027182903 -0.025800001 -0.030823968
v 0.025644755 -0.025800001 -0.03047291
f 31//31 32//31 33//31
vn 5.0737902e-18 -1 -2.990028e-18
v 0.012556419 -0.025800001 -0.037908506
v 0.0070818886 -0.025800001 -0.037908506
v 0.020176794 -0.025800001 -0.043047667
f 34//34 35//34 36//34
vn 5.0737902e-18 -1 -2.990028e-18
v 0.007564079 -0.025800001 -0.067255698
v 0.0097677065 -0.025800001 -0.070937246
v 0.019171512 -0.025800001 -0.078025393
f 37//37 38//37 39//37
vn 5.0737902e-18 -1 -2.990028e-18
v 0.019171512 -0.025800001 -0.078025393
v 0.0097677065 -0.025800001 -0.070937246
v 0.018396745 -0.025800001 -0.078943506
f 40//40 41//40 42//40
vn 5.0737902e-18 -1 -2.990028e-18
v 0.029240558 -0.025800001 -0.063105807
v 0.031818002 -0.025800001 -0.05405093
v 0.031688031 -0.025800001 -0.050920654
f 43//43 44//43 45//43
vn 5.0737902e-18 -1 -2.990028e-18
v -5.5511151e-17 -0.025800001 -0.0085000005
v 0.0032679492 -0.025800001 -0.0060000001
v 0 -0.025800001 -0.003
f 46//46 47//46 48//46
vn 5.0737902e-18 -1 -2.990028e-18
v 0 -0.025800001 -0.003
v 0.0032679492 -0.025800001 -0.0060000001
v 0.003 -0.025800001 -0.0049999999
f 49//49 50//49 51//49
vn 5.0737902e-18 -1 -2.990028e-18
v 0 -0.025800001 -0.003
v 0.003 -0.025800001 -0.0049999999
v 0.00040192378 -0.025800001 -0.0015
f 52//52 53//52 54//52
vn 5.0737902e-18 -1 -2.990028e-18
v 0.00040192378 -0.025800001 -0.0015
v 0.003 -0.025800001 -0.0049999999
v 0.0032679492 -0.025800001 -0.0040000002
f 55//55 56//55 57//55
vn 5.0737902e-18 -1 -2.990028e-18
v 0.00040192378 -0.025800001 -0.0015
v 0.0032679492 -0.025800001 -0.0040000002
v 0.0015 -0.025800001 -0.00040192378
f 58//58 59//58 60//58
vn 5.0737902e-18 -1 -2.990028e-18
v 0.0015 -0.025800001 -0.00040192378
v 0.0032679492 -0.025800001 -0.0040000002
v 0.0040000002 -0.025800001 -0.0032679492
f 61//61 62//61 63//61
vn 5.0737902e-18 -1 -2.990028e-18
v 0.0015 -0.025800001 -0.00040192378
v 0.0040000002 -0.025800001 -0.0032679492
v 0.003 -0.025800001 0
f 64//64 65//64 66//64
vn 5.0737902e-18 -1 -2.990028e-18
v 0.003 -0.025800001 0
v 0.0040000002 -0.025800001 -0.0032679492
v 0.0049999999 -0.025800001 -0.003
f 67//67 68//67 69//67
vn 5.0737902e-18 -1 -2.990028e-18
v 0.003 -0.025800001 0
v 0.0049999999 -0.025800001 -0.003
v 0.025644755 -0.025800001 0
f 70//70 71//70 72//70
vn 5.0737902e-18 -1 -2.990028e-18
v 0.025644755 -0.025800001 0
v 0.0049999999 -0.025800001 -0.003
v 0.0060000001 -0.025800001 -0.0032679492
f 73//73 74//73 75//73
vn 5.0737902e-18 -1 -2.990028e-18
v 0.025644755 -0.025800001 0
v 0.0060000001 -0.025800001 -0.0032679492
v 0.0067320508 -0.025800001 -0.0040000002
f 76//76 77//76 78//76
vn 5.0737902e-18 -1 -2.990028e-18
v 0.0067320508 -0.025800001 -0.0040000002
v 0.0070000002 -0.025800001 -0.0049999999
v 0.025644755 -0.025800001 -0.0085000005
f 79//79 80//79 81//79
vn 5.0737902e-18 -1 -2.990028e-18
v 0.025644755 -0.025800001 -0.0085000005
v 0.0070000002 -0.025800001 -0.0049999999
v 0.0067320508 -0.025800001 -0.0060000001
f 82//82 83//82 84//82
vn 5.0737902e-18 -1 -2.990028e-18
v 0.0067320508 -0.025800001 -0.0060000001
v 0.0060000001 -0.025800001 -0.0067320508
v 0.025644755 -0.025800001 -0.0085000005
f 85//85 86//85 87//85
vn 5.0737902e-18 -1 -2.990028e-18
v 0.025644755 -0.025800001 -0.0085000005
v 0.0060000001 -0.025800001 -0.0067320508
v 0.0049999999 -0.025800001 -0.0070000002
f 88//88 89//88 90//88
vn 5.0737902e-18 -1 -2.990028e-18
v 0.025644755 -0.025800001 -0.0085000005
v 0.0049999999 -0.025800001 -0.0070000002
v -5.5511151e-17 -0.025800001 -0.0085000005
f 91//91 92//91 93//91
vn 5.0737902e-18 -1 -2.990028e-18
v -5.5511151e-17 -0.025800001 -0.0085000005
v 0.0049999999 -0.025800001 -0.0070000002
v 0.0040000002 -0.025800001 -0.0067320508
f 94//94 95//94 96//94
vn 5.0737902e-18 -1 -2.990028e-18
v -5.5511151e-17 -0.025800001 -0.0085000005
v 0.0040000002 -0.025800001 -0.0067320508
v 0.0032679492 -0.025800001 -0.0060000001
f 97//97 98//97 99//97
vn 5.0737902e-18 -1 -2.990028e-18
v 0.036732052 -0.025800001 -0.0040000002
v 0.037 -0.025800001 -0.0049999999
v 0.039720315 -0.025800001 -0.0031491737
f 100//100 101//100 102//100
vn 5.0737902e-18 -1 -2.990028e-18
v 0.033 -0.025800001 -0.0049999999
v 0.032911129 -0.025800001 -0.0085000005
v 0.033267949 -0.025800001 -0.0060000001
f 103//103 104//103 105//103
vn 5.0737902e-18 -1 -2.990028e-18
v 0.033267949 -0.025800001 -0.0060000001
v 0.032911129 -0.025800001 -0.0085000005
v 0.034000002 -0.025800001 -0.0067320508
f 106//106 107//106 108//106
vn 5.0737902e-18 -1 -2.990028e-18
v 0.039720315 -0.025800001 -0.0031491737
v 0.037 -0.025800001 -0.0049999999
v 0.039395191 -0.025800001 -0.0085082781
f 109//109 110//109 111//109
vn 5.0737902e-18 -1 -2.990028e-18
v 0.037 -0.025800001 -0.0049999999
v 0.036732052 -0.025800001 -0.0060000001
v 0.039395191 -0.025800001 -0.0085082781
f 112//112 113//112 114//112
vn 5.0737902e-18 -1 -2.990028e-18
v 0.039395191 -0.025800001 -0.0085082781
v 0.036732052 -0.025800001 -0.0060000001
v 0.035999998 -0.025800001 -0.0067320508
f 115//115 116//115 117//115
vn 5.0737902e-18 -1 -2.990028e-18
v 0.039395191 -0.025800001 -0.0085082781
v 0.035999998 -0.025800001 -0.0067320508
v 0.032911129 -0.025800001 -0.0085000005
f 118//118 119//118 120//118
vn 5.0737902e-18 -1 -2.990028e-18
v 0.032911129 -0.025800001 -0.0085000005
v 0.035999998 -0.025800001 -0.0067320508
v 0.035 -0.025800001 -0.0070000002
f 121//121 122//121 123//121
vn 5.0737902e-18 -1 -2.990028e-18
v 0.032911129 -0.025800001 -0.0085000005
v 0.035 -0.025800001 -0.0070000002
v 0.034000002 -0.025800001 -0.0067320508
f 124//124 125//124 126//124
vn 5.0737902e-18 -1 -2.990028e-18
v 0.039720315 -0.025800001 -0.0031491737
v 0.039536558 -0.025800001 -0.0019561311
v 0.036732052 -0.025800001 -0.0040000002
f 127//127 128//127 129//127
vn 5.0737902e-18 -1 -2.990028e-18
v 0.036732052 -0.025800001 -0.0040000002
v 0.039536558 -0.025800001 -0.0019561311
v 0.038897447 -0.025800001 -0.00093209295
f 130//130 131//130 132//130
vn 5.0737902e-18 -1 -2.990028e-18
v 0.036732052 -0.025800001 -0.0040000002
v 0.038897447 -0.025800001 -0.00093209295
v 0.035999998 -0.025800001 -0.0032679492
f 133//133 134//133 135//133
vn 5.0737902e-18 -1 -2.990028e-18
v 0.035999998 -0.025800001 -0.0032679492
v 0.038897447 -0.025800001 -0.00093209295
v 0.037906457 -0.025800001 -0.00024285282
f 136//136 137//136 138//136
vn 5.0737902e-18 -1 -2.990028e-18
v 0.035999998 -0.025800001 -0.0032679492
v 0.037906457 -0.025800001 -0.00024285282
v 0.035 -0.025800001 -0.003
f 139//139 140//139 141//139
vn 5.0737902e-18 -1 -2.990028e-18
v 0.035 -0.025800001 -0.003
v 0.037906457 -0.025800001 -0.00024285282
v 0.036724027 -0.025800001 0
f 142//142 143//142 144//142
vn 5.0737902e-18 -1 -2.990028e-18
v 0.035 -0.025800001 -0.003
v 0.036724027 -0.025800001 0
v 0.034000002 -0.025800001 -0.0032679492
f 145//145 146//145 147//145
vn 5.0737902e-18 -1 -2.990028e-18
v 0.034000002 -0.025800001 -0.0032679492
v 0.036724027 -0.025800001 0
v 0.032911129 -0.025800001 0
f 148//148 149//148 150//148
vn 5.0737902e-18 -1 -2.990028e-18
v 0.034000002 -0.025800001 -0.0032679492
v 0.032911129 -0.025800001 0
v 0.033267949 -0.025800001 -0.0040000002
f 151//151 152//151 153//151
vn 5.0737902e-18 -1 -2.990028e-18
v 0.033298001 -0.025800001 -0.0099999998
v 0.033022903 -0.025800001 -0.013
v 0.038528752 -0.025800001 -0.018028596
f 154//154 155//154 156//154
vn 5.0737902e-18 -1 -2.990028e-18
v 0.038528752 -0.025800001 -0.018028596
v 0.033022903 -0.025800001 -0.013
v 0.032911129 -0.025800001 -0.014
f 157//157 158//157 159//157
vn 5.0737902e-18 -1 -2.990028e-18
v 0.037749216 -0.025800001 -0.035823658
v 0.036926601 -0.025800001 -0.035017416
v 0.032911129 -0.025800001 -0.037908506
f 160//160 161//160 162//160
vn 5.0737902e-18 -1 -2.990028e-18
v 0.032911129 -0.025800001 -0.037908506
v 0.036926601 -0.025800001 -0.035017416
v 0.032911129 -0.025800001 -0.033721883
f 163//163 164//163 165//163
vn 5.0737902e-18 -1 -2.990028e-18
v 0.032911129 -0.025800001 -0.044918317
v 0.038055867 -0.025800001 -0.043957483
v 0.032911129 -0.025800001 -0.043047667
f 166//166 167//166 168//166
vn 5.0737902e-18 -1 -2.990028e-18
v 0.032911129 -0.025800001 -0.043047667
v 0.038055867 -0.025800001 -0.043957483
v 0.035 -0.025800001 -0.041999999
f 169//169 170//169 171//169
vn 5.0737902e-18 -1 -2.990028e-18
v 0.032911129 -0.025800001 -0.043047667
v 0.035 -0.025800001 -0.041999999
v 0.034000002 -0.025800001 -0.04173205
f 172//172 173//172 174//172
vn 5.0737902e-18 -1 -2.990028e-18
v 0.034000002 -0.025800001 -0.04173205
v 0.033267949 -0.025800001 -0.041000001
v 0.032911129 -0.025800001 -0.043047667
f 175//175 176//175 177//175
vn 5.0737902e-18 -1 -2.990028e-18
v 0.032911129 -0.025800001 -0.043047667
v 0.033267949 -0.025800001 -0.041000001
v 0.033 -0.025800001 -0.039999999
f 178//178 179//178 180//178
vn 5.0737902e-18 -1 -2.990028e-18
v 0.032911129 -0.025800001 -0.043047667
v 0.033 -0.025800001 -0.039999999
v 0.032911129 -0.025800001 -0.037908506
f 181//181 182//181 183//181
vn 5.0737902e-18 -1 -2.990028e-18
v 0.032911129 -0.025800001 -0.037908506
v 0.033 -0.025800001 -0.039999999
v 0.033267949 -0.025800001 -0.039000001
f 184//184 185//184 186//184
vn 5.0737902e-18 -1 -2.990028e-18
v 0.032911129 -0.025800001 -0.037908506
v 0.033267949 -0.025800001 -0.039000001
v 0.034000002 -0.025800001 -0.038267948
f 187//187 188//187 189//187
vn 5.0737902e-18 -1 -2.990028e-18
v 0.034000002 -0.025800001 -0.038267948
v 0.035 -0.025800001 -0.037999999
v 0.032911129 -0.025800001 -0.037908506
f 190//190 191//190 192//190
vn 5.0737902e-18 -1 -2.990028e-18
v 0.032911129 -0.025800001 -0.037908506
v 0.035 -0.025800001 -0.037999999
v 0.039356008 -0.025800001 -0.037545372
f 193//193 194//193 195//193
vn 5.0737902e-18 -1 -2.990028e-18
v 0.032911129 -0.025800001 -0.037908506
v 0.039356008 -0.025800001 -0.037545372
v 0.037749216 -0.025800001 -0.035823658
f 196//196 197//196 198//196
vn 5.0737902e-18 -1 -2.990028e-18
v 0.035 -0.025800001 -0.037999999
v 0.035999998 -0.025800001 -0.038267948
v 0.039356008 -0.025800001 -0.037545372
f 199//199 200//199 201//199
vn 5.0737902e-18 -1 -2.990028e-18
v 0.039356008 -0.025800001 -0.037545372
v 0.035999998 -0.025800001 -0.038267948
v 0.036732052 -0.025800001 -0.039000001
f 202//202 203//202 204//202
vn 5.0737902e-18 -1 -2.990028e-18
v 0.039356008 -0.025800001 -0.037545372
v 0.036732052 -0.025800001 -0.039000001
v 0.039996449 -0.025800001 -0.03981163
f 205//205 206//205 207//205
vn 5.0737902e-18 -1 -2.990028e-18
v 0.039996449 -0.025800001 -0.03981163
v 0.036732052 -0.025800001 -0.039000001
v 0.037 -0.025800001 -0.039999999
f 208//208 209//208 210//208
vn 5.0737902e-18 -1 -2.990028e-18
v 0.039996449 -0.025800001 -0.03981163
v 0.037 -0.025800001 -0.039999999
v 0.039528463 -0.025800001 -0.042119674
f 211//211 212//211 213//211
vn 5.0737902e-18 -1 -2.990028e-18
v 0.039528463 -0.025800001 -0.042119674
v 0.037 -0.025800001 -0.039999999
v 0.036732052 -0.025800001 -0.041000001
f 214//214 215//214 216//214
vn 5.0737902e-18 -1 -2.990028e-18
v 0.039528463 -0.025800001 -0.042119674
v 0.036732052 -0.025800001 -0.041000001
v 0.038055867 -0.025800001 -0.043957483
f 217//217 218//217 219//217
vn 5.0737902e-18 -1 -2.990028e-18
v 0.038055867 -0.025800001 -0.043957483
v 0.036732052 -0.025800001 -0.041000001
v 0.035999998 -0.025800001 -0.04173205
f 220//220 221//220 222//220
vn 5.0737902e-18 -1 -2.990028e-18
v 0.038055867 -0.025800001 -0.043957483
v 0.035999998 -0.025800001 -0.04173205
v 0.035 -0.025800001 -0.041999999
f 223//223 224//223 225//223
vn 5.0737902e-18 -1 -2.990028e-18
v 0.034000035 -0.025800001 -0.046134349
v 0.032911129 -0.025800001 -0.044918317
v 0.033527352 -0.025800001 -0.047184724
f 226//226 227//226 228//226
vn 5.0737902e-18 -1 -2.990028e-18
v 0.033527352 -0.025800001 -0.047184724
v 0.032911129 -0.025800001 -0.044918317
v 0.032976445 -0.025800001 -0.049490944
f 229//229 230//229 231//229
vn 5.0737902e-18 -1 -2.990028e-18
v 0.034000035 -0.025800001 -0.046134349
v 0.034833662 -0.025800001 -0.045339499
v 0.032911129 -0.025800001 -0.044918317
f 232//232 233//232 234//232
vn 5.0737902e-18 -1 -2.990028e-18
v 0.032911129 -0.025800001 -0.044918317
v 0.034833662 -0.025800001 -0.045339499
v 0.03590535 -0.025800001 -0.044917352
f 235//235 236//235 237//235
vn 5.0737902e-18 -1 -2.990028e-18
v 0.032911129 -0.025800001 -0.044918317
v 0.03590535 -0.025800001 -0.044917352
v 0.038055867 -0.025800001 -0.043957483
f 238//238 239//238 240//238
vn 5.0737902e-18 -1 -2.990028e-18
v 0.027182903 -0.025800001 -0.050920654
v 0.027182903 -0.025800001 -0.067255698
v 0.027922211 -0.025800001 -0.067290433
f 241//241 242//241 243//241
vn 5.0737902e-18 -1 -2.990028e-18
v 0.027922211 -0.025800001 -0.067290433
v 0.027182903 -0.025800001 -0.067255698
v 0.027306058 -0.025800001 -0.069161959
f 244//244 245//244 246//244
vn 5.0737902e-18 -1 -2.990028e-18
v 0.027306058 -0.025800001 -0.069161959
v 0.027182903 -0.025800001 -0.067255698
v 0.025644755 -0.025800001 -0.067255698
f 247//247 248//247 249//247
vn 5.0737902e-18 -1 -2.990028e-18
v 0.027306058 -0.025800001 -0.069161959
v 0.025644755 -0.025800001 -0.067255698
v 0.026691049 -0.025800001 -0.070981719
f 250//250 251//250 252//250
vn 5.0737902e-18 -1 -2.990028e-18
v 0.023903033 -0.025800001 -0.078706071
v 0.018750858 -0.025800001 -0.079272062
v 0.016685268 -0.025800001 -0.08514405
f 253//253 254//253 255//253
vn 5.0737902e-18 -1 -2.990028e-18
v 0.023903033 -0.025800001 -0.078706071
v 0.016685268 -0.025800001 -0.08514405
v 0.017538471 -0.025800001 -0.09391626
f 256//256 257//256 258//256
vn 5.0737902e-18 -1 -2.990028e-18
v 0.0018 -0.025800001 -0.10021226
v 0.0018 -0.025800001 -0.090126246
v -6.2450045e-17 -0.025800001 -0.087635145
f 259//259 260//259 261//259
vn 5.0737902e-18 -1 -2.990028e-18
v 0.01066222 -0.025800001 -0.10037003
v 0.010175132 -0.025800001 -0.10866884
v 0.013360944 -0.025800001 -0.093851805
f 262//262 263//262 264//262
vn 5.0737902e-18 -1 -2.990028e-18
v 0.013360944 -0.025800001 -0.093851805
v 0.010175132 -0.025800001 -0.10866884
v 0.017538471 -0.025800001 -0.09391626
f 265//265 266//265 267//265
vn 5.0737902e-18 -1 -2.990028e-18
v 0.0018 -0.025800001 -0.10247714
v -6.9388939e-17 -0.025800001 -0.10142358
v 0.0018 -0.025800001 -0.11387511
f 268//268 269//268 270//268
vn 5.0737902e-18 -1 -2.990028e-18
v 0.0018 -0.025800001 -0.11387511
v -6.9388939e-17 -0.025800001 -0.10142358
v -6.9388939e-17 -0.025800001 -0.11387511
f 271//271 272//271 273//271
vn 5.0737902e-18 -1 -2.990028e-18
v 0.0018 -0.025800001 -0.11387511
v -6.9388939e-17 -0.025800001 -0.11387511
v 0.0018 -0.025800001 -0.11919772
f 274//274 275//274 276//274
vn 5.0737902e-18 -1 -2.990028e-18
v 0.0070103402 -0.025800001 -0.10855249
v 0.010175132 -0.025800001 -0.10866884
v 0.010108701 -0.025800001 -0.10165439
f 277//277 278//277 279//277
vn 5.0737902e-18 -1 -2.990028e-18
v 0.010108701 -0.025800001 -0.10165439
v 0.010175132 -0.025800001 -0.10866884
v 0.01066222 -0.025800001 -0.10037003
f 280//280 281//280 282//280
vn 5.0737902e-18 -1 -2.990028e-18
v 0.010108701 -0.025800001 -0.10165439
v 0.01066222 -0.025800001 -0.10037003
v 0.0018 -0.025800001 -0.090126246
f 283//283 284//283 285//283
vn 5.0737902e-18 -1 -2.990028e-18
v 0.0018 -0.025800001 -0.090126246
v 0.01066222 -0.025800001 -0.10037003
v 0.0018 -0.025800001 -0.088073894
f 286//286 287//286 288//286
vn 5.0737902e-18 -1 -2.990028e-18
v 0.0018 -0.025800001 -0.090126246
v 0.0018 -0.025800001 -0.088073894
v -6.2450045e-17 -0.025800001 -0.087635145
f 289//289 290//289 291//289
vn 5.0737902e-18 -1 -2.990028e-18
v 0.0018 -0.025800001 -0.11919772
v 0.00097641547 -0.025800001 -0.12336439
v 0.0014725217 -0.025800001 -0.12324599
f 292//292 293//292 294//292
vn 5.0737902e-18 -1 -2.990028e-18
v -6.2450045e-17 -0.025800001 -0.087635145
v -6.9388939e-17 -0.025800001 -0.10142358
v 0.0018 -0.025800001 -0.10021226
f 295//295 296//295 297//295
vn 5.0737902e-18 -1 -2.990028e-18
v 0.0018 -0.025800001 -0.10021226
v -6.9388939e-17 -0.025800001 -0.10142358
v 0.0018 -0.025800001 -0.10247714
f 298//298 299//298 300//298
vn 5.0737902e-18 -1 -2.990028e-18
v 0.0018 -0.025800001 -0.10021226
v 0.0018 -0.025800001 -0.10247714
v 0.0070103402 -0.025800001 -0.10855249
f 301//301 302//301 303//301
vn 5.0737902e-18 -1 -2.990028e-18
v 0.0070103402 -0.025800001 -0.10855249
v 0.0018 -0.025800001 -0.10247714
v 0.0064045931 -0.025800001 -0.10984775
f 304//304 305//304 306//304
vn 5.0737902e-18 -1 -2.990028e-18
v 0.0070103402 -0.025800001 -0.10855249
v 0.0064045931 -0.025800001 -0.10984775
v 0.010175132 -0.025800001 -0.10866884
f 307//307 308//307 309//307
vn 5.0737902e-18 -1 -2.990028e-18
v 0.010175132 -0.025800001 -0.10866884
v 0.0064045931 -0.025800001 -0.10984775
v 0.0018 -0.025800001 -0.11919772
f 310//310 311//310 312//310
vn 5.0737902e-18 -1 -2.990028e-18
v 0.010175132 -0.025800001 -0.10866884
v 0.0018 -0.025800001 -0.11919772
v 0.0018457058 -0.025800001 -0.12289832
f 313//313 314//313 315//313
vn 5.0737902e-18 -1 -2.990028e-18
v 0.0018457058 -0.025800001 -0.12289832
v 0.0018 -0.025800001 -0.11919772
v 0.0014725217 -0.025800001 -0.12324599
f 316//316 317//316 318//316
vn 5.0737902e-18 -1 -2.990028e-18
v 0.00048644459 -0.025800001 -0.12322272
v 0.00097641547 -0.025800001 -0.12336439
v 0.00013007029 -0.025800001 -0.12285785
f 319//319 320//319 321//319
vn 5.0737902e-18 -1 -2.990028e-18
v 0.00013007029 -0.025800001 -0.12285785
v 0.00097641547 -0.025800001 -0.12336439
v 0.0018 -0.025800001 -0.11919772
f 322//322 323//322 324//322
vn 5.0737902e-18 -1 -2.990028e-18
v 0.00013007029 -0.025800001 -0.12285785
v 0.0018 -0.025800001 -0.11919772
v -6.9388939e-17 -0.025800001 -0.12236467
f 325//325 326//325 327//325
vn 5.0737902e-18 -1 -2.990028e-18
v -6.9388939e-17 -0.025800001 -0.12236467
v 0.0018 -0.025800001 -0.11919772
v -6.9388939e-17 -0.025800001 -0.11387511
f 328//328 329//328 330//328
vn 5.0737902e-18 -1 -2.990028e-18
v 0.0018 -0.025800001 -0.088073894
v 0.0018 -0.025800001 -0.087635145
v -6.2450045e-17 -0.025800001 -0.087635145
f 331//331 332//331 333//331
vn 5.0737902e-18 -1 -2.990028e-18
v -6.2450045e-17 -0.025800001 -0.087635145
v 0.0018 -0.025800001 -0.087635145
v 0.0018 -0.025800001 -0.079861619
f 334//334 335//334 336//334
vn 5.0737902e-18 -1 -2.990028e-18
v -6.2450045e-17 -0.025800001 -0.087635145
v 0.0018 -0.025800001 -0.079861619
v -6.2450045e-17 -0.025800001 -0.078943506
f 337//337 338//337 339//337
vn 5.0737902e-18 -1 -2.990028e-18
v 0.013866414 -0.025800001 -0.092579678
v 0.0018 -0.025800001 -0.077977806
v 0.0018 -0.025800001 -0.079861619
f 340//340 341//340 342//340
vn 5.0737902e-18 -1 -2.990028e-18
v 0.0018 -0.025800001 -0.079861619
v 0.0018 -0.025800001 -0.077977806
v -6.2450045e-17 -0.025800001 -0.078943506
f 343//343 344//343 345//343
vn 5.0737902e-18 -1 -2.990028e-18
v -6.2450045e-17 -0.025800001 -0.078943506
v 0.0018 -0.025800001 -0.077977806
v 0.0018 -0.025800001 -0.071127273
f 346//346 347//346 348//346
vn 5.0737902e-18 -1 -2.990028e-18
v -6.2450045e-17 -0.025800001 -0.078943506
v 0.0018 -0.025800001 -0.071127273
v -6.2450045e-17 -0.025800001 -0.070937246
f 349//349 350//349 351//349
vn 5.0737902e-18 -1 -2.990028e-18
v 0.0018 -0.025800001 -0.057592314
v 0.020868191 -0.025800001 -0.072797909
v 0.021504438 -0.025800001 -0.070747226
f 352//352 353//352 354//352
vn 5.0737902e-18 -1 -2.990028e-18
v 0.0018 -0.025800001 -0.079861619
v 0.013360944 -0.025800001 -0.093851805
v 0.013866414 -0.025800001 -0.092579678
f 355//355 356//355 357//355
vn 5.0737902e-18 -1 -2.990028e-18
v 0.013866414 -0.025800001 -0.092579678
v 0.013360944 -0.025800001 -0.093851805
v 0.017538471 -0.025800001 -0.09391626
f 358//358 359//358 360//358
vn 5.0737902e-18 -1 -2.990028e-18
v 0.013866414 -0.025800001 -0.092579678
v 0.017538471 -0.025800001 -0.09391626
v 0.016223971 -0.025800001 -0.086403407
f 361//361 362//361 363//361
vn 5.0737902e-18 -1 -2.990028e-18
v 0.016223971 -0.025800001 -0.086403407
v 0.017538471 -0.025800001 -0.09391626
v 0.016685268 -0.025800001 -0.08514405
f 364//364 365//364 366//364
vn 5.0737902e-18 -1 -2.990028e-18
v 0.016223971 -0.025800001 -0.086403407
v 0.016685268 -0.025800001 -0.08514405
v 0.0018 -0.025800001 -0.071127273
f 367//367 368//367 369//367
vn 5.0737902e-18 -1 -2.990028e-18
v 0.0018 -0.025800001 -0.071127273
v 0.016685268 -0.025800001 -0.08514405
v 0.0018 -0.025800001 -0.069379367
f 370//370 371//370 372//370
vn 5.0737902e-18 -1 -2.990028e-18
v 0.0018 -0.025800001 -0.071127273
v 0.0018 -0.025800001 -0.069379367
v -6.2450045e-17 -0.025800001 -0.070937246
f 373//373 374//373 375//373
vn 5.0737902e-18 -1 -2.990028e-18
v -6.2450045e-17 -0.025800001 -0.070937246
v 0.0018 -0.025800001 -0.069379367
v 0.0018 -0.025800001 -0.067255698
f 376//376 377//376 378//376
vn 5.0737902e-18 -1 -2.990028e-18
v -6.2450045e-17 -0.025800001 -0.070937246
v 0.0018 -0.025800001 -0.067255698
v -6.2450045e-17 -0.025800001 -0.067255698
f 379//379 380//379 381//379
vn 5.0737902e-18 -1 -2.990028e-18
v -6.2450045e-17 -0.025800001 -0.067255698
v 0.0018 -0.025800001 -0.067255698
v 0.0018 -0.025800001 -0.063544594
f 382//382 383//382 384//382
vn 5.0737902e-18 -1 -2.990028e-18
v -6.2450045e-17 -0.025800001 -0.067255698
v 0.0018 -0.025800001 -0.063544594
v -6.2450045e-17 -0.025800001 -0.050920654
f 385//385 386//385 387//385
vn 5.0737902e-18 -1 -2.990028e-18
v 0.021504438 -0.025800001 -0.070747226
v 0.0018 -0.025800001 -0.055034269
v 0.0018 -0.025800001 -0.057592314
f 388//388 389//388 390//388
vn 5.0737902e-18 -1 -2.990028e-18
v 0.0018 -0.025800001 -0.057592314
v 0.0018 -0.025800001 -0.055034269
v -6.2450045e-17 -0.025800001 -0.050920654
f 391//391 392//391 393//391
vn 5.0737902e-18 -1 -2.990028e-18
v 0.0018 -0.025800001 -0.057592314
v -6.2450045e-17 -0.025800001 -0.050920654
v 0.0018 -0.025800001 -0.06190763
f 394//394 395//394 396//394
vn 5.0737902e-18 -1 -2.990028e-18
v 0.0018 -0.025800001 -0.06190763
v -6.2450045e-17 -0.025800001 -0.050920654
v 0.0018 -0.025800001 -0.063544594
f 397//397 398//397 399//397
vn 5.0737902e-18 -1 -2.990028e-18
v 0.0018 -0.025800001 -0.06190763
v 0.0018 -0.025800001 -0.063544594
v 0.007564079 -0.025800001 -0.067255698
f 400//400 401//400 402//400
vn 5.0737902e-18 -1 -2.990028e-18
v 0.007564079 -0.025800001 -0.067255698
v 0.0018 -0.025800001 -0.063544594
v 0.0057997829 -0.025800001 -0.067255698
f 403//403 404//403 405//403
vn 5.0737902e-18 -1 -2.990028e-18
v 0.007564079 -0.025800001 -0.067255698
v 0.0057997829 -0.025800001 -0.067255698
v 0.0097677065 -0.025800001 -0.070937246
f 406//406 407//406 408//406
vn 5.0737902e-18 -1 -2.990028e-18
v 0.0018 -0.025800001 -0.048936721
v 0.0018 -0.025800001 -0.051357292
v 0.023548916 -0.025800001 -0.063764177
f 409//409 410//409 411//409
vn 5.0737902e-18 -1 -2.990028e-18
v 0.023548916 -0.025800001 -0.063764177
v 0.0018 -0.025800001 -0.051357292
v 0.022974243 -0.025800001 -0.065792963
f 412//412 413//412 414//412
vn 5.0737902e-18 -1 -2.990028e-18
v 0.023548916 -0.025800001 -0.063764177
v 0.022974243 -0.025800001 -0.065792963
v 0.025644755 -0.025800001 -0.067255698
f 415//415 416//415 417//415
vn 5.0737902e-18 -1 -2.990028e-18
v 0.025644755 -0.025800001 -0.067255698
v 0.022974243 -0.025800001 -0.065792963
v 0.025644755 -0.025800001 -0.070937246
f 418//418 419//418 420//418
vn 5.0737902e-18 -1 -2.990028e-18
v 0.025644755 -0.025800001 -0.067255698
v 0.025644755 -0.025800001 -0.070937246
v 0.026691049 -0.025800001 -0.070981719
f 421//421 422//421 423//421
vn 5.0737902e-18 -1 -2.990028e-18
v 0.026691049 -0.025800001 -0.070981719
v 0.025644755 -0.025800001 -0.070937246
v 0.025759045 -0.025800001 -0.073654555
f 424//424 425//424 426//424
vn 5.0737902e-18 -1 -2.990028e-18
v 0.022974243 -0.025800001 -0.065792963
v 0.021504438 -0.025800001 -0.070747226
v 0.025644755 -0.025800001 -0.070937246
f 427//427 428//427 429//427
vn 5.0737902e-18 -1 -2.990028e-18
v 0.025644755 -0.025800001 -0.070937246
v 0.021504438 -0.025800001 -0.070747226
v 0.020868191 -0.025800001 -0.072797909
f 430//430 431//430 432//430
vn 5.0737902e-18 -1 -2.990028e-18
v 0.025644755 -0.025800001 -0.070937246
v 0.020868191 -0.025800001 -0.072797909
v 0.025759045 -0.025800001 -0.073654555
f 433//433 434//433 435//433
vn 5.0737902e-18 -1 -2.990028e-18
v 0.025759045 -0.025800001 -0.073654555
v 0.020868191 -0.025800001 -0.072797909
v 0.019171512 -0.025800001 -0.078025393
f 436//436 437//436 438//436
vn 5.0737902e-18 -1 -2.990028e-18
v 0.025759045 -0.025800001 -0.073654555
v 0.019171512 -0.025800001 -0.078025393
v 0.023903033 -0.025800001 -0.078706071
f 439//439 440//439 441//439
vn 5.0737902e-18 -1 -2.990028e-18
v 0.023903033 -0.025800001 -0.078706071
v 0.019171512 -0.025800001 -0.078025393
v 0.018396745 -0.025800001 -0.078943506
f 442//442 443//442 444//442
vn 5.0737902e-18 -1 -2.990028e-18
v 0.023903033 -0.025800001 -0.078706071
v 0.018396745 -0.025800001 -0.078943506
v 0.018750858 -0.025800001 -0.079272062
f 445//445 446//445 447//445
vn 5.0737902e-18 -1 -2.990028e-18
v 0.0018 -0.025800001 -0.055034269
v 0.0018 -0.025800001 -0.051357292
v -6.2450045e-17 -0.025800001 -0.050920654
f 448//448 449//448 450//448
vn 5.0737902e-18 -1 -2.990028e-18
v -6.2450045e-17 -0.025800001 -0.050920654
v 0.0018 -0.025800001 -0.051357292
v 0.0018 -0.025800001 -0.048936721
f 451//451 452//451 453//451
vn 5.0737902e-18 -1 -2.990028e-18
v -6.2450045e-17 -0.025800001 -0.050920654
v 0.0018 -0.025800001 -0.048936721
v -6.2450045e-17 -0.025800001 -0.044918317
f 454//454 455//454 456//454
vn 5.0737902e-18 -1 -2.990028e-18
v -6.2450045e-17 -0.025800001 -0.044918317
v 0.0018 -0.025800001 -0.048936721
v 0.0018 -0.025800001 -0.045741301
f 457//457 458//457 459//457
vn 5.0737902e-18 -1 -2.990028e-18
v 0.0018 -0.025800001 -0.043047667
v 0.0018 -0.025800001 -0.040603496
v -6.2450045e-17 -0.025800001 -0.037908506
f 460//460 461//460 462//460
vn 5.0737902e-18 -1 -2.990028e-18
v 0.024827629 -0.025800001 -0.059035711
v 0.025345754 -0.025800001 -0.057025462
v 0.0018 -0.025800001 -0.045741301
f 463//463 464//463 465//463
vn 5.0737902e-18 -1 -2.990028e-18
v 0.0018 -0.025800001 -0.045741301
v 0.025345754 -0.025800001 -0.057025462
v 0.0018 -0.025800001 -0.043431923
f 466//466 467//466 468//466
vn 5.0737902e-18 -1 -2.990028e-18
v 0.0018 -0.025800001 -0.045741301
v 0.0018 -0.025800001 -0.043431923
v -6.2450045e-17 -0.025800001 -0.044918317
f 469//469 470//469 471//469
vn 5.0737902e-18 -1 -2.990028e-18
v -6.2450045e-17 -0.025800001 -0.044918317
v 0.0018 -0.025800001 -0.043431923
v 0.0018 -0.025800001 -0.043047667
f 472//472 473//472 474//472
vn 5.0737902e-18 -1 -2.990028e-18
v -6.2450045e-17 -0.025800001 -0.044918317
v 0.0018 -0.025800001 -0.043047667
v -6.2450045e-17 -0.025800001 -0.043047667
f 475//475 476//475 477//475
vn 5.0737902e-18 -1 -2.990028e-18
v -6.2450045e-17 -0.025800001 -0.043047667
v 0.0018 -0.025800001 -0.043047667
v -6.2450045e-17 -0.025800001 -0.037908506
f 478//478 479//478 480//478
vn 5.0737902e-18 -1 -2.990028e-18
v 0.025644755 -0.025800001 -0.052086037
v 0.026461879 -0.025800001 -0.052479528
v 0.027182903 -0.025800001 -0.050920654
f 481//481 482//481 483//481
vn 5.0737902e-18 -1 -2.990028e-18
v 0.027182903 -0.025800001 -0.050920654
v 0.026461879 -0.025800001 -0.052479528
v 0.027182903 -0.025800001 -0.067255698
f 484//484 485//484 486//484
vn 5.0737902e-18 -1 -2.990028e-18
v 0.027182903 -0.025800001 -0.067255698
v 0.026461879 -0.025800001 -0.052479528
v 0.025345754 -0.025800001 -0.057025462
f 487//487 488//487 489//487
vn 5.0737902e-18 -1 -2.990028e-18
v 0.027182903 -0.025800001 -0.067255698
v 0.025345754 -0.025800001 -0.057025462
v 0.025644755 -0.025800001 -0.067255698
f 490//490 491//490 492//490
vn 5.0737902e-18 -1 -2.990028e-18
v 0.025644755 -0.025800001 -0.067255698
v 0.025345754 -0.025800001 -0.057025462
v 0.024827629 -0.025800001 -0.059035711
f 493//493 494//493 495//493
vn 5.0737902e-18 -1 -2.990028e-18
v 0.025644755 -0.025800001 -0.067255698
v 0.024827629 -0.025800001 -0.059035711
v 0.023548916 -0.025800001 -0.063764177
f 496//496 497//496 498//496
vn 5.0737902e-18 -1 -2.990028e-18
v 0.025644755 -0.025800001 -0.050920654
v 0.025644755 -0.025800001 -0.049866222
v 0.02322471 -0.025800001 -0.050920654
f 499//499 500//499 501//499
vn 5.0737902e-18 -1 -2.990028e-18
v 0.02322471 -0.025800001 -0.050920654
v 0.025644755 -0.025800001 -0.049866222
v 0.015369886 -0.025800001 -0.044918317
f 502//502 503//502 504//502
vn 5.0737902e-18 -1 -2.990028e-18
v 0.02322471 -0.025800001 -0.050920654
v 0.015369886 -0.025800001 -0.044918317
v 0.010760196 -0.025800001 -0.044918317
f 505//505 506//505 507//505
vn 5.0737902e-18 -1 -2.990028e-18
v 0.010760196 -0.025800001 -0.044918317
v 0.015369886 -0.025800001 -0.044918317
v 0.011485276 -0.025800001 -0.043047667
f 508//508 509//508 510//508
vn 5.0737902e-18 -1 -2.990028e-18
v 0.0018 -0.025800001 -0.035835601
v -6.2450045e-17 -0.025800001 -0.033721883
v 0.0018 -0.025800001 -0.037908506
f 511//511 512//511 513//511
vn 5.0737902e-18 -1 -2.990028e-18
v 0.0018 -0.025800001 -0.037908506
v -6.2450045e-17 -0.025800001 -0.033721883
v -6.2450045e-17 -0.025800001 -0.037908506
f 514//514 515//514 516//514
vn 5.0737902e-18 -1 -2.990028e-18
v 0.0018 -0.025800001 -0.037908506
v -6.2450045e-17 -0.025800001 -0.037908506
v 0.0018 -0.025800001 -0.038383681
f 517//517 518//517 519//517
vn 5.0737902e-18 -1 -2.990028e-18
v 0.0018 -0.025800001 -0.038383681
v -6.2450045e-17 -0.025800001 -0.037908506
v 0.0018 -0.025800001 -0.040603496
f 520//520 521//520 522//520
vn 5.0737902e-18 -1 -2.990028e-18
v 0.0018 -0.025800001 -0.038383681
v 0.0018 -0.025800001 -0.040603496
v 0.011485276 -0.025800001 -0.043047667
f 523//523 524//523 525//523
vn 5.0737902e-18 -1 -2.990028e-18
v 0.011485276 -0.025800001 -0.043047667
v 0.0018 -0.025800001 -0.040603496
v 0.0068755872 -0.025800001 -0.043047667
f 526//526 527//526 528//526
vn 5.0737902e-18 -1 -2.990028e-18
v 0.011485276 -0.025800001 -0.043047667
v 0.0068755872 -0.025800001 -0.043047667
v 0.010760196 -0.025800001 -0.044918317
f 529//529 530//529 531//529
vn 5.0737902e-18 -1 -2.990028e-18
v 0.02322471 -0.025800001 -0.050920654
v 0.025644755 -0.025800001 -0.052086037
v 0.025644755 -0.025800001 -0.050920654
f 532//532 533//532 534//532
vn 5.0737902e-18 -1 -2.990028e-18
v 0.025644755 -0.025800001 -0.050920654
v 0.025644755 -0.025800001 -0.052086037
v 0.027182903 -0.025800001 -0.050920654
f 535//535 536//535 537//535
vn 5.0737902e-18 -1 -2.990028e-18
v 0.025644755 -0.025800001 -0.050920654
v 0.027182903 -0.025800001 -0.050920654
v 0.025644755 -0.025800001 -0.049866222
f 538//538 539//538 540//538
vn 5.0737902e-18 -1 -2.990028e-18
v 0.025644755 -0.025800001 -0.049866222
v 0.027182903 -0.025800001 -0.050920654
v 0.02692767 -0.025800001 -0.050484017
f 541//541 542//541 543//541
vn 5.0737902e-18 -1 -2.990028e-18
v 0.027922211 -0.025800001 -0.067290433
v 0.029240558 -0.025800001 -0.063105807
v 0.027182903 -0.025800001 -0.050920654
f 544//544 545//544 546//544
vn 5.0737902e-18 -1 -2.990028e-18
v 0.027182903 -0.025800001 -0.050920654
v 0.029240558 -0.025800001 -0.063105807
v 0.031688031 -0.025800001 -0.050920654
f 547//547 548//547 549//547
vn 5.0737902e-18 -1 -2.990028e-18
v 0.027182903 -0.025800001 -0.050920654
v 0.031688031 -0.025800001 -0.050920654
v 0.02692767 -0.025800001 -0.050484017
f 550//550 551//550 552//550
vn 5.0737902e-18 -1 -2.990028e-18
v 0.02692767 -0.025800001 -0.050484017
v 0.031688031 -0.025800001 -0.050920654
v 0.031688031 -0.025800001 -0.044918317
f 553//553 554//553 555//553
vn 5.0737902e-18 -1 -2.990028e-18
v 0.02692767 -0.025800001 -0.050484017
v 0.031688031 -0.025800001 -0.044918317
v 0.027903926 -0.025800001 -0.04608022
f 556//556 557//556 558//556
vn 5.0737902e-18 -1 -2.990028e-18
v 0.027903926 -0.025800001 -0.04608022
v 0.031688031 -0.025800001 -0.044918317
v 0.027182903 -0.025800001 -0.045797251
f 559//559 560//559 561//559
vn 5.0737902e-18 -1 -2.990028e-18
v 0.025644755 -0.025800001 -0.044918317
v 0.025644755 -0.025800001 -0.043047667
v 0.024943326 -0.025800001 -0.044918317
f 562//562 563//562 564//562
vn 5.0737902e-18 -1 -2.990028e-18
v 0.024943326 -0.025800001 -0.044918317
v 0.025644755 -0.025800001 -0.043047667
v 0.020176794 -0.025800001 -0.043047667
f 565//565 566//565 567//565
vn 5.0737902e-18 -1 -2.990028e-18
v 0.0018 -0.025800001 -0.029258858
v 0.0018 -0.025800001 -0.02708214
v -5.5511151e-17 -0.025800001 -0.026255507
f 568//568 569//568 570//568
vn 5.0737902e-18 -1 -2.990028e-18
v 0.027182903 -0.025800001 -0.044918317
v 0.027182903 -0.025800001 -0.043648742
v 0.025651325 -0.025800001 -0.043047667
f 571//571 572//571 573//571
vn 5.0737902e-18 -1 -2.990028e-18
v 0.012556419 -0.025800001 -0.037908506
v 0.020176794 -0.025800001 -0.043047667
v 0.025644755 -0.025800001 -0.043045089
f 574//574 575//574 576//574
vn 5.0737902e-18 -1 -2.990028e-18
v 0.025644755 -0.025800001 -0.043045089
v 0.020176794 -0.025800001 -0.043047667
v 0.025644755 -0.025800001 -0.043047667
f 577//577 578//577 579//577
vn 5.0737902e-18 -1 -2.990028e-18
v 0.025644755 -0.025800001 -0.043045089
v 0.025644755 -0.025800001 -0.043047667
v 0.025651325 -0.025800001 -0.043047667
f 580//580 581//580 582//580
vn 5.0737902e-18 -1 -2.990028e-18
v 0.025651325 -0.025800001 -0.043047667
v 0.025644755 -0.025800001 -0.043047667
v 0.025644755 -0.025800001 -0.044918317
f 583//583 584//583 585//583
vn 5.0737902e-18 -1 -2.990028e-18
v 0.025651325 -0.025800001 -0.043047667
v 0.025644755 -0.025800001 -0.044918317
v 0.027182903 -0.025800001 -0.044918317
f 586//586 587//586 588//586
vn 5.0737902e-18 -1 -2.990028e-18
v 0.024943326 -0.025800001 -0.044918317
v 0.025644755 -0.025800001 -0.045193594
v 0.025644755 -0.025800001 -0.044918317
f 589//589 590//589 591//589
vn 5.0737902e-18 -1 -2.990028e-18
v 0.025644755 -0.025800001 -0.044918317
v 0.025644755 -0.025800001 -0.045193594
v 0.027182903 -0.025800001 -0.045797251
f 592//592 593//592 594//592
vn 5.0737902e-18 -1 -2.990028e-18
v 0.025644755 -0.025800001 -0.044918317
v 0.027182903 -0.025800001 -0.045797251
v 0.027182903 -0.025800001 -0.044918317
f 595//595 596//595 597//595
vn 5.0737902e-18 -1 -2.990028e-18
v 0.027182903 -0.025800001 -0.044918317
v 0.027182903 -0.025800001 -0.045797251
v 0.031688031 -0.025800001 -0.044918317
f 598//598 599//598 600//598
vn 5.0737902e-18 -1 -2.990028e-18
v 0.027182903 -0.025800001 -0.044918317
v 0.031688031 -0.025800001 -0.044918317
v 0.031688031 -0.025800001 -0.043047667
f 601//601 602//601 603//601
vn 5.0737902e-18 -1 -2.990028e-18
v 0.027182903 -0.025800001 -0.043648742
v 0.027182903 -0.025800001 -0.044918317
v 0.028320845 -0.025800001 -0.044095334
f 604//604 605//604 606//604
vn 5.0737902e-18 -1 -2.990028e-18
v 0.028320845 -0.025800001 -0.044095334
v 0.027182903 -0.025800001 -0.044918317
v 0.031688031 -0.025800001 -0.043047667
f 607//607 608//607 609//607
vn 5.0737902e-18 -1 -2.990028e-18
v 0.028320845 -0.025800001 -0.044095334
v 0.031688031 -0.025800001 -0.043047667
v 0.029175138 -0.025800001 -0.039795619
f 610//610 611//610 612//610
vn 5.0737902e-18 -1 -2.990028e-18
v 0.029175138 -0.025800001 -0.039795619
v 0.031688031 -0.025800001 -0.043047667
v 0.031688031 -0.025800001 -0.037908506
f 613//613 614//613 615//613
vn 5.0737902e-18 -1 -2.990028e-18
v 0.029175138 -0.025800001 -0.039795619
v 0.031688031 -0.025800001 -0.037908506
v 0.027182903 -0.025800001 -0.039181117
f 616//616 617//616 618//616
vn 5.0737902e-18 -1 -2.990028e-18
v 0.0070818886 -0.025800001 -0.037908506
v 0.012556419 -0.025800001 -0.037908506
v 0.0018 -0.025800001 -0.035835601
f 619//619 620//619 621//619
vn 5.0737902e-18 -1 -2.990028e-18
v 0.0018 -0.025800001 -0.035835601
v 0.012556419 -0.025800001 -0.037908506
v 0.0018886514 -0.025800001 -0.033721883
f 622//622 623//622 624//622
vn 5.0737902e-18 -1 -2.990028e-18
v 0.0018 -0.025800001 -0.035835601
v 0.0018886514 -0.025800001 -0.033721883
v -6.2450045e-17 -0.025800001 -0.033721883
f 625//625 626//625 627//625
vn 5.0737902e-18 -1 -2.990028e-18
v -6.2450045e-17 -0.025800001 -0.033721883
v 0.0018886514 -0.025800001 -0.033721883
v 0.0018 -0.025800001 -0.033687092
f 628//628 629//628 630//628
vn 5.0737902e-18 -1 -2.990028e-18
v -6.2450045e-17 -0.025800001 -0.033721883
v 0.0018 -0.025800001 -0.033687092
v -5.5511151e-17 -0.025800001 -0.026255507
f 631//631 632//631 633//631
vn 5.0737902e-18 -1 -2.990028e-18
v -5.5511151e-17 -0.025800001 -0.026255507
v 0.0018 -0.025800001 -0.033687092
v 0.0018 -0.025800001 -0.031351838
f 634//634 635//634 636//634
vn 5.0737902e-18 -1 -2.990028e-18
v -5.5511151e-17 -0.025800001 -0.026255507
v 0.0018 -0.025800001 -0.031351838
v 0.0018 -0.025800001 -0.029258858
f 637//637 638//637 639//637
vn 5.0737902e-18 -1 -2.990028e-18
v 0.0018 -0.025800001 -0.029258858
v 0.0018 -0.025800001 -0.031351838
v 0.0094838068 -0.025800001 -0.033721883
f 640//640 641//640 642//640
vn 5.0737902e-18 -1 -2.990028e-18
v 0.0018 -0.025800001 -0.029258858
v 0.0094838068 -0.025800001 -0.033721883
v 0.016269343 -0.025800001 -0.033721883
f 643//643 644//643 645//643
vn 5.0737902e-18 -1 -2.990028e-18
v 0.016269343 -0.025800001 -0.033721883
v 0.0094838068 -0.025800001 -0.033721883
v 0.023057029 -0.025800001 -0.037908506
f 646//646 647//646 648//646
vn 5.0737902e-18 -1 -2.990028e-18
v 0.016269343 -0.025800001 -0.033721883
v 0.023057029 -0.025800001 -0.037908506
v 0.025644755 -0.025800001 -0.036613703
f 649//649 650//649 651//649
vn 5.0737902e-18 -1 -2.990028e-18
v 0.029545931 -0.025800001 -0.037817009
v 0.027182903 -0.025800001 -0.037088141
v 0.027182903 -0.025800001 -0.037908506
f 652//652 653//652 654//652
vn 5.0737902e-18 -1 -2.990028e-18
v 0.027182903 -0.025800001 -0.037908506
v 0.027182903 -0.025800001 -0.037088141
v 0.025644755 -0.025800001 -0.036613703
f 655//655 656//655 657//655
vn 5.0737902e-18 -1 -2.990028e-18
v 0.027182903 -0.025800001 -0.037908506
v 0.025644755 -0.025800001 -0.036613703
v 0.025644755 -0.025800001 -0.037908506
f 658//658 659//658 660//658
vn 5.0737902e-18 -1 -2.990028e-18
v 0.025644755 -0.025800001 -0.037908506
v 0.025644755 -0.025800001 -0.036613703
v 0.023057029 -0.025800001 -0.037908506
f 661//661 662//661 663//661
vn 5.0737902e-18 -1 -2.990028e-18
v 0.031688031 -0.025800001 -0.037908506
v 0.031688031 -0.025800001 -0.033721883
v 0.030292092 -0.025800001 -0.033585023
f 664//664 665//664 666//664
vn 5.0737902e-18 -1 -2.990028e-18
v 0.030292092 -0.025800001 -0.033585023
v 0.029545931 -0.025800001 -0.037817009
v 0.031688031 -0.025800001 -0.037908506
f 667//667 668//667 669//667
vn 5.0737902e-18 -1 -2.990028e-18
v 0.031688031 -0.025800001 -0.037908506
v 0.029545931 -0.025800001 -0.037817009
v 0.027182903 -0.025800001 -0.037908506
f 670//670 671//670 672//670
vn 5.0737902e-18 -1 -2.990028e-18
v 0.031688031 -0.025800001 -0.037908506
v 0.027182903 -0.025800001 -0.037908506
v 0.027182903 -0.025800001 -0.039181117
f 673//673 674//673 675//673
vn 5.0737902e-18 -1 -2.990028e-18
v 0.027182903 -0.025800001 -0.039181117
v 0.027182903 -0.025800001 -0.037908506
v 0.025644755 -0.025800001 -0.037908506
f 676//676 677//676 678//676
vn 5.0737902e-18 -1 -2.990028e-18
v 0.027182903 -0.025800001 -0.039181117
v 0.025644755 -0.025800001 -0.037908506
v 0.025644755 -0.025800001 -0.038706679
f 679//679 680//679 681//679
vn 5.0737902e-18 -1 -2.990028e-18
v 0.025644755 -0.025800001 -0.038706679
v 0.025644755 -0.025800001 -0.037908506
v 0.023057029 -0.025800001 -0.037908506
f 682//682 683//682 684//682
vn 5.0737902e-18 -1 -2.990028e-18
v 0.027182903 -0.025800001 -0.030823968
v 0.030292092 -0.025800001 -0.033585023
v 0.030618839 -0.025800001 -0.031608168
f 685//685 686//685 687//685
vn 5.0737902e-18 -1 -2.990028e-18
v 0.030618839 -0.025800001 -0.031608168
v 0.030292092 -0.025800001 -0.033585023
v 0.031688031 -0.025800001 -0.033721883
f 688//688 689//688 690//688
vn 5.0737902e-18 -1 -2.990028e-18
v 0.030618839 -0.025800001 -0.031608168
v 0.031688031 -0.025800001 -0.033721883
v 0.031267159 -0.025800001 -0.027408639
f 691//691 692//691 693//691
vn 5.0737902e-18 -1 -2.990028e-18
v 0.031267159 -0.025800001 -0.027408639
v 0.031688031 -0.025800001 -0.033721883
v 0.031688031 -0.025800001 -0.026255507
f 694//694 695//694 696//694
vn 5.0737902e-18 -1 -2.990028e-18
v 0.031267159 -0.025800001 -0.027408639
v 0.031688031 -0.025800001 -0.026255507
v 0.027182903 -0.025800001 -0.026793059
f 697//697 698//697 699//697
vn 5.0737902e-18 -1 -2.990028e-18
v 0.0018 -0.025800001 -0.022967346
v -5.5511151e-17 -0.025800001 -0.021103414
v 0.0018 -0.025800001 -0.02503071
f 700//700 701//700 702//700
vn 5.0737902e-18 -1 -2.990028e-18
v 0.0018 -0.025800001 -0.02503071
v -5.5511151e-17 -0.025800001 -0.021103414
v -5.5511151e-17 -0.025800001 -0.026255507
f 703//703 704//703 705//703
vn 5.0737902e-18 -1 -2.990028e-18
v 0.0018 -0.025800001 -0.02503071
v -5.5511151e-17 -0.025800001 -0.026255507
v 0.0071663922 -0.025800001 -0.026255507
f 706//706 707//706 708//706
vn 5.0737902e-18 -1 -2.990028e-18
v 0.0071663922 -0.025800001 -0.026255507
v -5.5511151e-17 -0.025800001 -0.026255507
v 0.0018 -0.025800001 -0.02708214
f 709//709 710//709 711//709
vn 5.0737902e-18 -1 -2.990028e-18
v 0.0071663922 -0.025800001 -0.026255507
v 0.0018 -0.025800001 -0.02708214
v 0.025644755 -0.025800001 -0.03047291
f 712//712 713//712 714//712
vn 5.0737902e-18 -1 -2.990028e-18
v 0.025644755 -0.025800001 -0.03047291
v 0.0018 -0.025800001 -0.02708214
v 0.025644755 -0.025800001 -0.03252434
f 715//715 716//715 717//715
vn 5.0737902e-18 -1 -2.990028e-18
v 0.025644755 -0.025800001 -0.03047291
v 0.025644755 -0.025800001 -0.03252434
v 0.030292092 -0.025800001 -0.033585023
f 718//718 719//718 720//718
vn 5.0737902e-18 -1 -2.990028e-18
v 0.025644755 -0.025800001 -0.018736923
v 0.0018 -0.025800001 -0.016950071
v 0.0018 -0.025800001 -0.01895568
f 721//721 722//721 723//721
vn 5.0737902e-18 -1 -2.990028e-18
v 0.0018 -0.025800001 -0.01895568
v 0.0018 -0.025800001 -0.016950071
v -5.5511151e-17 -0.025800001 -0.014
f 724//724 725//724 726//724
vn 5.0737902e-18 -1 -2.990028e-18
v 0.0018 -0.025800001 -0.01895568
v -5.5511151e-17 -0.025800001 -0.014
v 0.0018 -0.025800001 -0.020944757
f 727//727 728//727 729//727
vn 5.0737902e-18 -1 -2.990028e-18
v 0.0018 -0.025800001 -0.020944757
v -5.5511151e-17 -0.025800001 -0.014
v -5.5511151e-17 -0.025800001 -0.021103414
f 730//730 731//730 732//730
vn 5.0737902e-18 -1 -2.990028e-18
v 0.0018 -0.025800001 -0.020944757
v -5.5511151e-17 -0.025800001 -0.021103414
v 0.0028526613 -0.025800001 -0.021103414
f 733//733 734//733 735//733
vn 5.0737902e-18 -1 -2.990028e-18
v 0.0028526613 -0.025800001 -0.021103414
v -5.5511151e-17 -0.025800001 -0.021103414
v 0.0018 -0.025800001 -0.022967346
f 736//736 737//736 738//736
vn 5.0737902e-18 -1 -2.990028e-18
v 0.0028526613 -0.025800001 -0.021103414
v 0.0018 -0.025800001 -0.022967346
v 0.025644755 -0.025800001 -0.02453864
f 739//739 740//739 741//739
vn 5.0737902e-18 -1 -2.990028e-18
v 0.025644755 -0.025800001 -0.02453864
v 0.0018 -0.025800001 -0.022967346
v 0.023616338 -0.025800001 -0.026255507
f 742//742 743//742 744//742
vn 5.0737902e-18 -1 -2.990028e-18
v 0.023616338 -0.025800001 -0.026255507
v 0.025644755 -0.025800001 -0.026255507
v 0.025644755 -0.025800001 -0.02453864
f 745//745 746//745 747//745
vn 5.0737902e-18 -1 -2.990028e-18
v 0.025644755 -0.025800001 -0.02453864
v 0.025644755 -0.025800001 -0.026255507
v 0.027182903 -0.025800001 -0.026255507
f 748//748 749//748 750//748
vn 5.0737902e-18 -1 -2.990028e-18
v 0.025644755 -0.025800001 -0.02453864
v 0.027182903 -0.025800001 -0.026255507
v 0.027182903 -0.025800001 -0.02477047
f 751//751 752//751 753//751
vn 5.0737902e-18 -1 -2.990028e-18
v 0.023616338 -0.025800001 -0.026255507
v 0.025644755 -0.025800001 -0.026561229
v 0.025644755 -0.025800001 -0.026255507
f 754//754 755//754 756//754
vn 5.0737902e-18 -1 -2.990028e-18
v 0.025644755 -0.025800001 -0.026255507
v 0.025644755 -0.025800001 -0.026561229
v 0.027182903 -0.025800001 -0.026793059
f 757//757 758//757 759//757
vn 5.0737902e-18 -1 -2.990028e-18
v 0.025644755 -0.025800001 -0.026255507
v 0.027182903 -0.025800001 -0.026793059
v 0.027182903 -0.025800001 -0.026255507
f 760//760 761//760 762//760
vn 5.0737902e-18 -1 -2.990028e-18
v 0.027182903 -0.025800001 -0.026255507
v 0.027182903 -0.025800001 -0.026793059
v 0.031688031 -0.025800001 -0.026255507
f 763//763 764//763 765//763
vn 5.0737902e-18 -1 -2.990028e-18
v 0.027182903 -0.025800001 -0.026255507
v 0.031688031 -0.025800001 -0.026255507
v 0.027182903 -0.025800001 -0.02477047
f 766//766 767//766 768//766
vn 5.0737902e-18 -1 -2.990028e-18
v 0.027182903 -0.025800001 -0.02477047
v 0.031688031 -0.025800001 -0.026255507
v 0.031551287 -0.025800001 -0.025428873
f 769//769 770//769 771//769
vn 5.0737902e-18 -1 -2.990028e-18
v 0.031688031 -0.025800001 -0.021195395
v 0.032108899 -0.025800001 -0.021226933
v 0.032465581 -0.025800001 -0.021103414
f 772//772 773//772 774//772
vn 5.0737902e-18 -1 -2.990028e-18
v 0.032465581 -0.025800001 -0.021103414
v 0.032108899 -0.025800001 -0.021226933
v 0.032465581 -0.025800001 -0.026255507
f 775//775 776//775 777//775
vn 5.0737902e-18 -1 -2.990028e-18
v 0.0018 -0.025800001 -0.01895568
v 0.025644755 -0.025800001 -0.02074253
v 0.025644755 -0.025800001 -0.018736923
f 778//778 779//778 780//778
vn 5.0737902e-18 -1 -2.990028e-18
v 0.025644755 -0.025800001 -0.018736923
v 0.025644755 -0.025800001 -0.02074253
v 0.027182903 -0.025800001 -0.020857794
f 781//781 782//781 783//781
vn 5.0737902e-18 -1 -2.990028e-18
v 0.025644755 -0.025800001 -0.018736923
v 0.027182903 -0.025800001 -0.020857794
v 0.027182903 -0.025800001 -0.018852185
f 784//784 785//784 786//784
vn 5.0737902e-18 -1 -2.990028e-18
v 0.027182903 -0.025800001 -0.018852185
v 0.027182903 -0.025800001 -0.020857794
v 0.030460598 -0.025800001 -0.021103414
f 787//787 788//787 789//787
vn 5.0737902e-18 -1 -2.990028e-18
v 0.027182903 -0.025800001 -0.018852185
v 0.030460598 -0.025800001 -0.021103414
v 0.031688031 -0.025800001 -0.019189786
f 790//790 791//790 792//790
vn 5.0737902e-18 -1 -2.990028e-18
v 0.031688031 -0.025800001 -0.019189786
v 0.030460598 -0.025800001 -0.021103414
v 0.031688031 -0.025800001 -0.021103414
f 793//793 794//793 795//793
vn 5.0737902e-18 -1 -2.990028e-18
v 0.030460598 -0.025800001 -0.021103414
v 0.031688031 -0.025800001 -0.021195395
v 0.031688031 -0.025800001 -0.021103414
f 796//796 797//796 798//796
vn 5.0737902e-18 -1 -2.990028e-18
v 0.031688031 -0.025800001 -0.021103414
v 0.031688031 -0.025800001 -0.021195395
v 0.032465581 -0.025800001 -0.021103414
f 799//799 800//799 801//799
vn 5.0737902e-18 -1 -2.990028e-18
v 0.031688031 -0.025800001 -0.021103414
v 0.032465581 -0.025800001 -0.021103414
v 0.031688031 -0.025800001 -0.019189786
f 802//802 803//802 804//802
vn 5.0737902e-18 -1 -2.990028e-18
v 0.031688031 -0.025800001 -0.019189786
v 0.032465581 -0.025800001 -0.021103414
v 0.0323512 -0.025800001 -0.019239482
f 805//805 806//805 807//805
vn 5.0737902e-18 -1 -2.990028e-18
v 0.032465581 -0.025800001 -0.015
v 0.032822262 -0.025800001 -0.015
v 0.032911129 -0.025800001 -0.014
f 808//808 809//808 810//808
vn 5.0737902e-18 -1 -2.990028e-18
v 0.032911129 -0.025800001 -0.014
v 0.032822262 -0.025800001 -0.015
v 0.032911129 -0.025800001 -0.021103414
f 811//811 812//811 813//811
vn 5.0737902e-18 -1 -2.990028e-18
v 0.032911129 -0.025800001 -0.014
v 0.032911129 -0.025800001 -0.021103414
v 0.038528752 -0.025800001 -0.018028596
f 814//814 815//814 816//814
vn 5.0737902e-18 -1 -2.990028e-18
v 0.038528752 -0.025800001 -0.018028596
v 0.032911129 -0.025800001 -0.021103414
v 0.032911129 -0.025800001 -0.026255507
f 817//817 818//817 819//817
vn 5.0737902e-18 -1 -2.990028e-18
v 0.038528752 -0.025800001 -0.018028596
v 0.032911129 -0.025800001 -0.026255507
v 0.036442198 -0.025800001 -0.032809101
f 820//820 821//820 822//820
vn 5.0737902e-18 -1 -2.990028e-18
v 0.036442198 -0.025800001 -0.032809101
v 0.032911129 -0.025800001 -0.026255507
v 0.032911129 -0.025800001 -0.033721883
f 823//823 824//823 825//823
vn 5.0737902e-18 -1 -2.990028e-18
v 0.036442198 -0.025800001 -0.032809101
v 0.032911129 -0.025800001 -0.033721883
v 0.036468413 -0.025800001 -0.033960637
f 826//826 827//826 828//826
vn 5.0737902e-18 -1 -2.990028e-18
v 0.036468413 -0.025800001 -0.033960637
v 0.032911129 -0.025800001 -0.033721883
v 0.036926601 -0.025800001 -0.035017416
f 829//829 830//829 831//829
vn 5.0737902e-18 -1 -2.990028e-18
v 0.0018 -0.025800001 -0.015
v 0.025644755 -0.025800001 -0.015
v 0.025644755 -0.025800001 -0.014
f 832//832 833//832 834//832
vn 5.0737902e-18 -1 -2.990028e-18
v 0.025644755 -0.025800001 -0.014
v 0.025644755 -0.025800001 -0.015
v 0.027182903 -0.025800001 -0.015
f 835//835 836//835 837//835
vn 5.0737902e-18 -1 -2.990028e-18
v 0.025644755 -0.025800001 -0.014
v 0.027182903 -0.025800001 -0.015
v 0.027182903 -0.025800001 -0.014
f 838//838 839//838 840//838
vn 5.0737902e-18 -1 -2.990028e-18
v 0.027182903 -0.025800001 -0.014
v 0.027182903 -0.025800001 -0.015
v 0.031688031 -0.025800001 -0.015
f 841//841 842//841 843//841
vn 5.0737902e-18 -1 -2.990028e-18
v 0.027182903 -0.025800001 -0.014
v 0.031688031 -0.025800001 -0.015
v 0.031688031 -0.025800001 -0.014
f 844//844 845//844 846//844
vn 5.0737902e-18 -1 -2.990028e-18
v 0.031688031 -0.025800001 -0.014
v 0.031688031 -0.025800001 -0.015
v 0.032465581 -0.025800001 -0.015
f 847//847 848//847 849//847
vn 5.0737902e-18 -1 -2.990028e-18
v 0.031688031 -0.025800001 -0.014
v 0.032465581 -0.025800001 -0.015
v 0.032465581 -0.025800001 -0.014
f 850//850 851//850 852//850
vn 5.0737902e-18 -1 -2.990028e-18
v 0.032465581 -0.025800001 -0.014
v 0.032465581 -0.025800001 -0.015
v 0.032911129 -0.025800001 -0.014
f 853//853 854//853 855//853
vn 5.0737902e-18 -1 -2.990028e-18
v 0.038528752 -0.025800001 -0.018028596
v 0.039395191 -0.025800001 -0.0085082781
v 0.033298001 -0.025800001 -0.0099999998
f 856//856 857//856 858//856
vn 5.0737902e-18 -1 -2.990028e-18
v 0.033298001 -0.025800001 -0.0099999998
v 0.039395191 -0.025800001 -0.0085082781
v 0.032911129 -0.025800001 -0.0085000005
f 859//859 860//859 861//859
vn 5.0737902e-18 -1 -2.990028e-18
v 0.033298001 -0.025800001 -0.0099999998
v 0.032911129 -0.025800001 -0.0085000005
v 0.032911129 -0.025800001 -0.0099999998
f 862//862 863//862 864//862
vn 5.0737902e-18 -1 -2.990028e-18
v 0.032911129 -0.025800001 -0.0099999998
v 0.032911129 -0.025800001 -0.0085000005
v 0.032465581 -0.025800001 -0.0085000005
f 865//865 866//865 867//865
vn 5.0737902e-18 -1 -2.990028e-18
v 0.032911129 -0.025800001 -0.0099999998
v 0.032465581 -0.025800001 -0.0085000005
v 0.032465581 -0.025800001 -0.0099999998
f 868//868 869//868 870//868
vn 5.0737902e-18 -1 -2.990028e-18
v 0.032465581 -0.025800001 -0.0099999998
v 0.032465581 -0.025800001 -0.0085000005
v 0.031688031 -0.025800001 -0.0085000005
f 871//871 872//871 873//871
vn 5.0737902e-18 -1 -2.990028e-18
v 0.032465581 -0.025800001 -0.0099999998
v 0.031688031 -0.025800001 -0.0085000005
v 0.031688031 -0.025800001 -0.0099999998
f 874//874 875//874 876//874
vn 5.0737902e-18 -1 -2.990028e-18
v 0.031688031 -0.025800001 -0.0099999998
v 0.031688031 -0.025800001 -0.0085000005
v 0.027182903 -0.025800001 -0.0085000005
f 877//877 878//877 879//877
vn 5.0737902e-18 -1 -2.990028e-18
v 0.031688031 -0.025800001 -0.0099999998
v 0.027182903 -0.025800001 -0.0085000005
v 0.027182903 -0.025800001 -0.0099999998
f 880//880 881//880 882//880
vn 5.0737902e-18 -1 -2.990028e-18
v 0.027182903 -0.025800001 -0.0099999998
v 0.027182903 -0.025800001 -0.0085000005
v 0.025644755 -0.025800001 -0.0085000005
f 883//883 884//883 885//883
vn 5.0737902e-18 -1 -2.990028e-18
v 0.027182903 -0.025800001 -0.0099999998
v 0.025644755 -0.025800001 -0.0085000005
v 0.025644755 -0.025800001 -0.0099999998
f 886//886 887//886 888//886
vn 5.0737902e-18 -1 -2.990028e-18
v 0.025644755 -0.025800001 -0.0099999998
v 0.025644755 -0.025800001 -0.0085000005
v 0.0018 -0.025800001 -0.0099999998
f 889//889 890//889 891//889
vn 5.0737902e-18 -1 -2.990028e-18
v 0.0018 -0.025800001 -0.0099999998
v 0.025644755 -0.025800001 -0.0085000005
v -5.5511151e-17 -0.025800001 -0.0085000005
f 892//892 893//892 894//892
vn 5.0737902e-18 -1 -2.990028e-18
v 0.0018 -0.025800001 -0.0099999998
v -5.5511151e-17 -0.025800001 -0.0085000005
v 0.0018 -0.025800001 -0.013
f 895//895 896//895 897//895
vn 5.0737902e-18 -1 -2.990028e-18
v 0.0018 -0.025800001 -0.013
v -5.5511151e-17 -0.025800001 -0.0085000005
v -5.5511151e-17 -0.025800001 -0.014
f 898//898 899//898 900//898
vn 5.0737902e-18 -1 -2.990028e-18
v 0.0018 -0.025800001 -0.013
v -5.5511151e-17 -0.025800001 -0.014
v 0.025644755 -0.025800001 -0.013
f 901//901 902//901 903//901
vn 5.0737902e-18 -1 -2.990028e-18
v 0.0018 -0.025800001 -0.016950071
v 0.0018 -0.025800001 -0.015
v -5.5511151e-17 -0.025800001 -0.014
f 904//904 905//904 906//904
vn 5.0737902e-18 -1 -2.990028e-18
v -5.5511151e-17 -0.025800001 -0.014
v 0.0018 -0.025800001 -0.015
v 0.025644755 -0.025800001 -0.014
f 907//907 908//907 909//907
vn 5.0737902e-18 -1 -2.990028e-18
v -5.5511151e-17 -0.025800001 -0.014
v 0.025644755 -0.025800001 -0.014
v 0.025644755 -0.025800001 -0.013
f 910//910 911//910 912//910
vn 5.0737902e-18 -1 -2.990028e-18
v 0.025644755 -0.025800001 -0.013
v 0.025644755 -0.025800001 -0.014
v 0.027182903 -0.025800001 -0.014
f 913//913 914//913 915//913
vn 5.0737902e-18 -1 -2.990028e-18
v 0.025644755 -0.025800001 -0.013
v 0.027182903 -0.025800001 -0.014
v 0.027182903 -0.025800001 -0.013
f 916//916 917//916 918//916
vn 5.0737902e-18 -1 -2.990028e-18
v 0.027182903 -0.025800001 -0.013
v 0.027182903 -0.025800001 -0.014
v 0.031688031 -0.025800001 -0.014
f 919//919 920//919 921//919
vn 5.0737902e-18 -1 -2.990028e-18
v 0.027182903 -0.025800001 -0.013
v 0.031688031 -0.025800001 -0.014
v 0.031688031 -0.025800001 -0.013
f 922//922 923//922 924//922
vn 5.0737902e-18 -1 -2.990028e-18
v 0.031688031 -0.025800001 -0.013
v 0.031688031 -0.025800001 -0.014
v 0.032465581 -0.025800001 -0.014
f 925//925 926//925 927//925
vn 5.0737902e-18 -1 -2.990028e-18
v 0.031688031 -0.025800001 -0.013
v 0.032465581 -0.025800001 -0.014
v 0.032465581 -0.025800001 -0.013
f 928//928 929//928 930//928
vn 5.0737902e-18 -1 -2.990028e-18
v 0.032465581 -0.025800001 -0.013
v 0.032465581 -0.025800001 -0.014
v 0.032911129 -0.025800001 -0.014
f 931//931 932//931 933//931
vn 5.0737902e-18 -1 -2.990028e-18
v 0.032465581 -0.025800001 -0.013
v 0.032911129 -0.025800001 -0.014
v 0.032911129 -0.025800001 -0.013
f 934//934 935//934 936//934
vn 5.0737902e-18 -1 -2.990028e-18
v 0.032911129 -0.025800001 -0.013
v 0.032911129 -0.025800001 -0.014
v 0.033022903 -0.025800001 -0.013
f 937//937 938//937 939//937
vn 5.0737902e-18 -1 -2.990028e-18
v 0.0067320508 -0.025800001 -0.0040000002
v 0.025644755 -0.025800001 -0.0085000005
v 0.025644755 -0.025800001 0
f 940//940 941//940 942//940
vn 5.0737902e-18 -1 -2.990028e-18
v 0.025644755 -0.025800001 0
v 0.025644755 -0.025800001 -0.0085000005
v 0.027182903 -0.025800001 -0.0085000005
f 943//943 944//943 945//943
vn 5.0737902e-18 -1 -2.990028e-18
v 0.025644755 -0.025800001 0
v 0.027182903 -0.025800001 -0.0085000005
v 0.027182903 -0.025800001 0
f 946//946 947//946 948//946
vn 5.0737902e-18 -1 -2.990028e-18
v 0.027182903 -0.025800001 0
v 0.027182903 -0.025800001 -0.0085000005
v 0.031688031 -0.025800001 -0.0085000005
f 949//949 950//949 951//949
vn 5.0737902e-18 -1 -2.990028e-18
v 0.027182903 -0.025800001 0
v 0.031688031 -0.025800001 -0.0085000005
v 0.031688031 -0.025800001 0
f 952//952 953//952 954//952
vn 5.0737902e-18 -1 -2.990028e-18
v 0.031688031 -0.025800001 0
v 0.031688031 -0.025800001 -0.0085000005
v 0.032465581 -0.025800001 -0.0085000005
f 955//955 956//955 957//955
vn 5.0737902e-18 -1 -2.990028e-18
v 0.031688031 -0.025800001 0
v 0.032465581 -0.025800001 -0.0085000005
v 0.032465581 -0.025800001 0
f 958//958 959//958 960//958
vn 5.0737902e-18 -1 -2.990028e-18
v 0.032465581 -0.025800001 0
v 0.032465581 -0.025800001 -0.0085000005
v 0.032911129 -0.025800001 -0.0085000005
f 961//961 962//961 963//961
vn 5.0737902e-18 -1 -2.990028e-18
v 0.032465581 -0.025800001 0
v 0.032911129 -0.025800001 -0.0085000005
v 0.032911129 -0.025800001 0
f 964//964 965//964 966//964
vn 5.0737902e-18 -1 -2.990028e-18
v 0.032911129 -0.025800001 0
v 0.032911129 -0.025800001 -0.0085000005
v 0.033 -0.025800001 -0.0049999999
f 967//967 968//967 969//967
vn 5.0737902e-18 -1 -2.990028e-18
v 0.032911129 -0.025800001 0
v 0.033 -0.025800001 -0.0049999999
v 0.033267949 -0.025800001 -0.0040000002
f 970//970 971//970 972//970
vn 5.0737902e-18 -1 -2.990028e-18
v 0.032822262 -0.025800001 -0.015
v 0.0323512 -0.025800001 -0.019239482
v 0.032911129 -0.025800001 -0.021103414
f 973//973 974//973 975//973
vn 5.0737902e-18 -1 -2.990028e-18
v 0.032911129 -0.025800001 -0.021103414
v 0.0323512 -0.025800001 -0.019239482
v 0.032465581 -0.025800001 -0.021103414
f 976//976 977//976 978//976
vn 5.0737902e-18 -1 -2.990028e-18
v 0.032911129 -0.025800001 -0.021103414
v 0.032465581 -0.025800001 -0.021103414
v 0.032911129 -0.025800001 -0.026255507
f 979//979 980//979 981//979
vn 5.0737902e-18 -1 -2.990028e-18
v 0.032911129 -0.025800001 -0.026255507
v 0.032465581 -0.025800001 -0.021103414
v 0.032465581 -0.025800001 -0.026255507
f 982//982 983//982 984//982
vn 5.0737902e-18 -1 -2.990028e-18
v 0.032911129 -0.025800001 -0.026255507
v 0.032465581 -0.025800001 -0.026255507
v 0.032911129 -0.025800001 -0.033721883
f 985//985 986//985 987//985
vn 5.0737902e-18 -1 -2.990028e-18
v 0.032911129 -0.025800001 -0.033721883
v 0.032465581 -0.025800001 -0.026255507
v 0.032465581 -0.025800001 -0.033721883
f 988//988 989//988 990//988
vn 5.0737902e-18 -1 -2.990028e-18
v 0.032911129 -0.025800001 -0.033721883
v 0.032465581 -0.025800001 -0.033721883
v 0.032911129 -0.025800001 -0.037908506
f 991//991 992//991 993//991
vn 5.0737902e-18 -1 -2.990028e-18
v 0.032911129 -0.025800001 -0.037908506
v 0.032465581 -0.025800001 -0.033721883
v 0.032465581 -0.025800001 -0.037908506
f 994//994 995//994 996//994
vn 5.0737902e-18 -1 -2.990028e-18
v 0.032911129 -0.025800001 -0.037908506
v 0.032465581 -0.025800001 -0.037908506
v 0.032911129 -0.025800001 -0.043047667
f 997//997 998//997 999//997
vn 5.0737902e-18 -1 -2.990028e-18
v 0.032911129 -0.025800001 -0.043047667
v 0.032465581 -0.025800001 -0.037908506
v 0.032465581 -0.025800001 -0.043047667
f 1000//1000 1001//1000 1002//1000
vn 5.0737902e-18 -1 -2.990028e-18
v 0.032911129 -0.025800001 -0.043047667
v 0.032465581 -0.025800001 -0.043047667
v 0.032911129 -0.025800001 -0.044918317
f 1003//1003 1004//1003 1005//1003
vn 5.0737902e-18 -1 -2.990028e-18
v 0.032911129 -0.025800001 -0.044918317
v 0.032465581 -0.025800001 -0.043047667
v 0.032465581 -0.025800001 -0.044918317
f 1006//1006 1007//1006 1008//1006
vn 5.0737902e-18 -1 -2.990028e-18
v 0.032911129 -0.025800001 -0.044918317
v 0.032465581 -0.025800001 -0.044918317
v 0.032976445 -0.025800001 -0.049490944
f 1009//1009 1010//1009 1011//1009
vn 5.0737902e-18 -1 -2.990028e-18
v 0.032976445 -0.025800001 -0.049490944
v 0.032465581 -0.025800001 -0.044918317
v 0.032465581 -0.025800001 -0.050920654
f 1012//1012 1013//1012 1014//1012
vn 5.0737902e-18 -1 -2.990028e-18
v 0.032976445 -0.025800001 -0.049490944
v 0.032465581 -0.025800001 -0.050920654
v 0.032616735 -0.025800001 -0.05094631
f 1015//1015 1016//1015 1017//1015
vn 5.0737902e-18 -1 -2.990028e-18
v 0.032616735 -0.025800001 -0.05094631
v 0.032465581 -0.025800001 -0.050920654
v 0.03256445 -0.025800001 -0.051154748
f 1018//1018 1019//1018 1020//1018
vn 5.0737902e-18 -1 -2.990028e-18
v 0.032108899 -0.025800001 -0.021226933
v 0.031551287 -0.025800001 -0.025428873
v 0.032465581 -0.025800001 -0.026255507
f 1021//1021 1022//1021 1023//1021
vn 5.0737902e-18 -1 -2.990028e-18
v 0.032465581 -0.025800001 -0.026255507
v 0.031551287 -0.025800001 -0.025428873
v 0.031688031 -0.025800001 -0.026255507
f 1024//1024 1025//1024 1026//1024
vn 5.0737902e-18 -1 -2.990028e-18
v 0.032465581 -0.025800001 -0.026255507
v 0.031688031 -0.025800001 -0.026255507
v 0.032465581 -0.025800001 -0.033721883
f 1027//1027 1028//1027 1029//1027
vn 5.0737902e-18 -1 -2.990028e-18
v 0.032465581 -0.025800001 -0.033721883
v 0.031688031 -0.025800001 -0.026255507
v 0.031688031 -0.025800001 -0.033721883
f 1030//1030 1031//1030 1032//1030
vn 5.0737902e-18 -1 -2.990028e-18
v 0.032465581 -0.025800001 -0.033721883
v 0.031688031 -0.025800001 -0.033721883
v 0.032465581 -0.025800001 -0.037908506
f 1033//1033 1034//1033 1035//1033
vn 5.0737902e-18 -1 -2.990028e-18
v 0.032465581 -0.025800001 -0.037908506
v 0.031688031 -0.025800001 -0.033721883
v 0.031688031 -0.025800001 -0.037908506
f 1036//1036 1037//1036 1038//1036
vn 5.0737902e-18 -1 -2.990028e-18
v 0.032465581 -0.025800001 -0.037908506
v 0.031688031 -0.025800001 -0.037908506
v 0.032465581 -0.025800001 -0.043047667
f 1039//1039 1040//1039 1041//1039
vn 5.0737902e-18 -1 -2.990028e-18
v 0.032465581 -0.025800001 -0.043047667
v 0.031688031 -0.025800001 -0.037908506
v 0.031688031 -0.025800001 -0.043047667
f 1042//1042 1043//1042 1044//1042
vn 5.0737902e-18 -1 -2.990028e-18
v 0.032465581 -0.025800001 -0.043047667
v 0.031688031 -0.025800001 -0.043047667
v 0.032465581 -0.025800001 -0.044918317
f 1045//1045 1046//1045 1047//1045
vn 5.0737902e-18 -1 -2.990028e-18
v 0.032465581 -0.025800001 -0.044918317
v 0.031688031 -0.025800001 -0.043047667
v 0.031688031 -0.025800001 -0.044918317
f 1048//1048 1049//1048 1050//1048
vn 5.0737902e-18 -1 -2.990028e-18
v 0.032465581 -0.025800001 -0.044918317
v 0.031688031 -0.025800001 -0.044918317
v 0.032465581 -0.025800001 -0.050920654
f 1051//1051 1052//1051 1053//1051
vn 5.0737902e-18 -1 -2.990028e-18
v 0.032465581 -0.025800001 -0.050920654
v 0.031688031 -0.025800001 -0.044918317
v 0.031688031 -0.025800001 -0.050920654
f 1054//1054 1055//1054 1056//1054
vn 5.0737902e-18 -1 -2.990028e-18
v 0.032465581 -0.025800001 -0.050920654
v 0.031688031 -0.025800001 -0.050920654
v 0.03256445 -0.025800001 -0.051154748
f 1057//1057 1058//1057 1059//1057
vn 5.0737902e-18 -1 -2.990028e-18
v 0.03256445 -0.025800001 -0.051154748
v 0.031688031 -0.025800001 -0.050920654
v 0.031818002 -0.025800001 -0.05405093
f 1060//1060 1061//1060 1062//1060
vn -5.0737902e-18 1 2.990028e-18
v 0.030460598 0 -0.021103414
v 0.031688031 0 -0.021103414
v 0.031688031 0 -0.021195395
f 1063//1063 1064//1063 1065//1063
vn -5.0737902e-18 1 2.990028e-18
v 0.025651325 0 -0.043047667
v 0.025644755 0 -0.043047667
v 0.025644755 0 -0.043045089
f 1066//1066 1067//1066 1068//1066
vn -5.0737902e-18 1 2.990028e-18
v 0.02322471 0 -0.050920654
v 0.025644755 0 -0.050920654
v 0.025644755 0 -0.052086037
f 1069//1069 1070//1069 1071//1069
vn -5.0737902e-18 1 2.990028e-18
v 0.0018 0 -0.045741301
v 0.0018 0 -0.048936721
v -6.2450045e-17 0 -0.050920654
f 1072//1072 1073//1072 1074//1072
vn -5.0737902e-18 1 2.990028e-18
v 0.029240558 0 -0.063105807
v 0.027922211 0 -0.067290433
v 0.027182903 0 -0.067255698
f 1075//1075 1076//1075 1077//1075
vn -5.0737902e-18 1 2.990028e-18
v 0.035999998 0 -0.0032679492
v 0.035 0 -0.003
v 0.036724027 0 0
f 1078//1078 1079//1078 1080//1078
vn -5.0737902e-18 1 2.990028e-18
v 0.032911129 0 -0.044918317
v 0.034833662 0 -0.045339499
v 0.034000035 0 -0.046134349
f 1081//1081 1082//1081 1083//1081
vn -5.0737902e-18 1 2.990028e-18
v 0.034833662 0 -0.045339499
v 0.032911129 0 -0.044918317
v 0.03590535 0 -0.044917352
f 1084//1084 1085//1084 1086//1084
vn -5.0737902e-18 1 2.990028e-18
v 0.03590535 0 -0.044917352
v 0.032911129 0 -0.044918317
v 0.032911129 0 -0.043047667
f 1087//1087 1088//1087 1089//1087
vn -5.0737902e-18 1 2.990028e-18
v 0.03590535 0 -0.044917352
v 0.032911129 0 -0.043047667
v 0.038055867 0 -0.043957483
f 1090//1090 1091//1090 1092//1090
vn -5.0737902e-18 1 2.990028e-18
v 0.035 0 -0.037999999
v 0.034000002 0 -0.038267948
v 0.032911129 0 -0.037908506
f 1093//1093 1094//1093 1095//1093
vn -5.0737902e-18 1 2.990028e-18
v 0.033267949 0 -0.041000001
v 0.032911129 0 -0.043047667
v 0.033 0 -0.039999999
f 1096//1096 1097//1096 1098//1096
vn -5.0737902e-18 1 2.990028e-18
v 0.033 0 -0.039999999
v 0.032911129 0 -0.043047667
v 0.032911129 0 -0.037908506
f 1099//1099 1100//1099 1101//1099
vn -5.0737902e-18 1 2.990028e-18
v 0.033 0 -0.039999999
v 0.032911129 0 -0.037908506
v 0.033267949 0 -0.039000001
f 1102//1102 1103//1102 1104//1102
vn -5.0737902e-18 1 2.990028e-18
v 0.033267949 0 -0.039000001
v 0.032911129 0 -0.037908506
v 0.034000002 0 -0.038267948
f 1105//1105 1106//1105 1107//1105
vn -5.0737902e-18 1 2.990028e-18
v 0.033267949 0 -0.041000001
v 0.034000002 0 -0.04173205
v 0.032911129 0 -0.043047667
f 1108//1108 1109//1108 1110//1108
vn -5.0737902e-18 1 2.990028e-18
v 0.032911129 0 -0.043047667
v 0.034000002 0 -0.04173205
v 0.035 0 -0.041999999
f 1111//1111 1112//1111 1113//1111
vn -5.0737902e-18 1 2.990028e-18
v 0.032911129 0 -0.043047667
v 0.035 0 -0.041999999
v 0.038055867 0 -0.043957483
f 1114//1114 1115//1114 1116//1114
vn -5.0737902e-18 1 2.990028e-18
v 0.038055867 0 -0.043957483
v 0.035 0 -0.041999999
v 0.035999998 0 -0.04173205
f 1117//1117 1118//1117 1119//1117
vn -5.0737902e-18 1 2.990028e-18
v 0.038055867 0 -0.043957483
v 0.035999998 0 -0.04173205
v 0.039528463 0 -0.042119674
f 1120//1120 1121//1120 1122//1120
vn -5.0737902e-18 1 2.990028e-18
v 0.039528463 0 -0.042119674
v 0.035999998 0 -0.04173205
v 0.036732052 0 -0.041000001
f 1123//1123 1124//1123 1125//1123
vn -5.0737902e-18 1 2.990028e-18
v 0.039528463 0 -0.042119674
v 0.036732052 0 -0.041000001
v 0.039996449 0 -0.03981163
f 1126//1126 1127//1126 1128//1126
vn -5.0737902e-18 1 2.990028e-18
v 0.039996449 0 -0.03981163
v 0.036732052 0 -0.041000001
v 0.037 0 -0.039999999
f 1129//1129 1130//1129 1131//1129
vn -5.0737902e-18 1 2.990028e-18
v 0.039996449 0 -0.03981163
v 0.037 0 -0.039999999
v 0.039356008 0 -0.037545372
f 1132//1132 1133//1132 1134//1132
vn -5.0737902e-18 1 2.990028e-18
v 0.039356008 0 -0.037545372
v 0.037 0 -0.039999999
v 0.036732052 0 -0.039000001
f 1135//1135 1136//1135 1137//1135
vn -5.0737902e-18 1 2.990028e-18
v 0.039356008 0 -0.037545372
v 0.036732052 0 -0.039000001
v 0.035999998 0 -0.038267948
f 1138//1138 1139//1138 1140//1138
vn -5.0737902e-18 1 2.990028e-18
v 0.036468413 0 -0.033960637
v 0.036926601 0 -0.035017416
v 0.032911129 0 -0.037908506
f 1141//1141 1142//1141 1143//1141
vn -5.0737902e-18 1 2.990028e-18
v 0.035999998 0 -0.038267948
v 0.035 0 -0.037999999
v 0.039356008 0 -0.037545372
f 1144//1144 1145//1144 1146//1144
vn -5.0737902e-18 1 2.990028e-18
v 0.039356008 0 -0.037545372
v 0.035 0 -0.037999999
v 0.032911129 0 -0.037908506
f 1147//1147 1148//1147 1149//1147
vn -5.0737902e-18 1 2.990028e-18
v 0.039356008 0 -0.037545372
v 0.032911129 0 -0.037908506
v 0.037749216 0 -0.035823658
f 1150//1150 1151//1150 1152//1150
vn -5.0737902e-18 1 2.990028e-18
v 0.037749216 0 -0.035823658
v 0.032911129 0 -0.037908506
v 0.036926601 0 -0.035017416
f 1153//1153 1154//1153 1155//1153
vn -5.0737902e-18 1 2.990028e-18
v 0.032911129 0 -0.021103414
v 0.036442198 0 -0.032809101
v 0.032911129 0 -0.026255507
f 1156//1156 1157//1156 1158//1156
vn -5.0737902e-18 1 2.990028e-18
v 0.032911129 0 -0.026255507
v 0.036442198 0 -0.032809101
v 0.036468413 0 -0.033960637
f 1159//1159 1160//1159 1161//1159
vn -5.0737902e-18 1 2.990028e-18
v 0.032911129 0 -0.026255507
v 0.036468413 0 -0.033960637
v 0.032911129 0 -0.033721883
f 1162//1162 1163//1162 1164//1162
vn -5.0737902e-18 1 2.990028e-18
v 0.032911129 0 -0.033721883
v 0.036468413 0 -0.033960637
v 0.032911129 0 -0.037908506
f 1165//1165 1166//1165 1167//1165
vn -5.0737902e-18 1 2.990028e-18
v 0.036724027 0 0
v 0.035 0 -0.003
v 0.032911129 0 0
f 1168//1168 1169//1168 1170//1168
vn -5.0737902e-18 1 2.990028e-18
v 0.032911129 0 0
v 0.035 0 -0.003
v 0.034000002 0 -0.0032679492
f 1171//1171 1172//1171 1173//1171
vn -5.0737902e-18 1 2.990028e-18
v 0.032911129 0 0
v 0.034000002 0 -0.0032679492
v 0.033267949 0 -0.0040000002
f 1174//1174 1175//1174 1176//1174
vn -5.0737902e-18 1 2.990028e-18
v 0.032911129 0 -0.0085000005
v 0.033 0 -0.0049999999
v 0.033267949 0 -0.0060000001
f 1177//1177 1178//1177 1179//1177
vn -5.0737902e-18 1 2.990028e-18
v 0.033267949 0 -0.0060000001
v 0.034000002 0 -0.0067320508
v 0.032911129 0 -0.0085000005
f 1180//1180 1181//1180 1182//1180
vn -5.0737902e-18 1 2.990028e-18
v 0.032911129 0 -0.0085000005
v 0.034000002 0 -0.0067320508
v 0.035 0 -0.0070000002
f 1183//1183 1184//1183 1185//1183
vn -5.0737902e-18 1 2.990028e-18
v 0.032911129 0 -0.0085000005
v 0.035 0 -0.0070000002
v 0.039395191 0 -0.0085082781
f 1186//1186 1187//1186 1188//1186
vn -5.0737902e-18 1 2.990028e-18
v 0.036724027 0 0
v 0.037906457 0 -0.00024285282
v 0.035999998 0 -0.0032679492
f 1189//1189 1190//1189 1191//1189
vn -5.0737902e-18 1 2.990028e-18
v 0.035999998 0 -0.0032679492
v 0.037906457 0 -0.00024285282
v 0.038897447 0 -0.00093209295
f 1192//1192 1193//1192 1194//1192
vn -5.0737902e-18 1 2.990028e-18
v 0.035999998 0 -0.0032679492
v 0.038897447 0 -0.00093209295
v 0.036732052 0 -0.0040000002
f 1195//1195 1196//1195 1197//1195
vn -5.0737902e-18 1 2.990028e-18
v 0.036732052 0 -0.0040000002
v 0.038897447 0 -0.00093209295
v 0.039536558 0 -0.0019561311
f 1198//1198 1199//1198 1200//1198
vn -5.0737902e-18 1 2.990028e-18
v 0.036732052 0 -0.0040000002
v 0.039536558 0 -0.0019561311
v 0.037 0 -0.0049999999
f 1201//1201 1202//1201 1203//1201
vn -5.0737902e-18 1 2.990028e-18
v 0.037 0 -0.0049999999
v 0.039536558 0 -0.0019561311
v 0.039720315 0 -0.0031491737
f 1204//1204 1205//1204 1206//1204
vn -5.0737902e-18 1 2.990028e-18
v 0.037 0 -0.0049999999
v 0.039720315 0 -0.0031491737
v 0.036732052 0 -0.0060000001
f 1207//1207 1208//1207 1209//1207
vn -5.0737902e-18 1 2.990028e-18
v 0.036732052 0 -0.0060000001
v 0.039720315 0 -0.0031491737
v 0.039395191 0 -0.0085082781
f 1210//1210 1211//1210 1212//1210
vn -5.0737902e-18 1 2.990028e-18
v 0.036732052 0 -0.0060000001
v 0.039395191 0 -0.0085082781
v 0.035999998 0 -0.0067320508
f 1213//1213 1214//1213 1215//1213
vn -5.0737902e-18 1 2.990028e-18
v 0.035999998 0 -0.0067320508
v 0.039395191 0 -0.0085082781
v 0.035 0 -0.0070000002
f 1216//1216 1217//1216 1218//1216
vn -5.0737902e-18 1 2.990028e-18
v -5.5511151e-17 0 -0.0085000005
v 0.0040000002 0 -0.0067320508
v 0.0049999999 0 -0.0070000002
f 1219//1219 1220//1219 1221//1219
vn -5.0737902e-18 1 2.990028e-18
v -5.5511151e-17 0 -0.0085000005
v 0.0049999999 0 -0.0070000002
v 0.025644755 0 -0.0085000005
f 1222//1222 1223//1222 1224//1222
vn -5.0737902e-18 1 2.990028e-18
v 0.025644755 0 -0.0085000005
v 0.0049999999 0 -0.0070000002
v 0.0060000001 0 -0.0067320508
f 1225//1225 1226//1225 1227//1225
vn -5.0737902e-18 1 2.990028e-18
v 0.025644755 0 -0.0085000005
v 0.0060000001 0 -0.0067320508
v 0.0067320508 0 -0.0060000001
f 1228//1228 1229//1228 1230//1228
vn -5.0737902e-18 1 2.990028e-18
v 0.0070000002 0 -0.0049999999
v 0.0067320508 0 -0.0040000002
v 0.025644755 0 0
f 1231//1231 1232//1231 1233//1231
vn -5.0737902e-18 1 2.990028e-18
v 0.025644755 0 0
v 0.0067320508 0 -0.0040000002
v 0.0060000001 0 -0.0032679492
f 1234//1234 1235//1234 1236//1234
vn -5.0737902e-18 1 2.990028e-18
v 0.025644755 0 0
v 0.0060000001 0 -0.0032679492
v 0.003 0 0
f 1237//1237 1238//1237 1239//1237
vn -5.0737902e-18 1 2.990028e-18
v 0.003 0 0
v 0.0060000001 0 -0.0032679492
v 0.0049999999 0 -0.003
f 1240//1240 1241//1240 1242//1240
vn -5.0737902e-18 1 2.990028e-18
v 0.003 0 0
v 0.0049999999 0 -0.003
v 0.0015 0 -0.00040192378
f 1243//1243 1244//1243 1245//1243
vn -5.0737902e-18 1 2.990028e-18
v 0.0015 0 -0.00040192378
v 0.0049999999 0 -0.003
v 0.0040000002 0 -0.0032679492
f 1246//1246 1247//1246 1248//1246
vn -5.0737902e-18 1 2.990028e-18
v 0.0015 0 -0.00040192378
v 0.0040000002 0 -0.0032679492
v 0.00040192378 0 -0.0015
f 1249//1249 1250//1249 1251//1249
vn -5.0737902e-18 1 2.990028e-18
v 0.00040192378 0 -0.0015
v 0.0040000002 0 -0.0032679492
v 0.0032679492 0 -0.0040000002
f 1252//1252 1253//1252 1254//1252
vn -5.0737902e-18 1 2.990028e-18
v 0.00040192378 0 -0.0015
v 0.0032679492 0 -0.0040000002
v 0 0 -0.003
f 1255//1255 1256//1255 1257//1255
vn -5.0737902e-18 1 2.990028e-18
v 0 0 -0.003
v 0.0032679492 0 -0.0040000002
v 0.003 0 -0.0049999999
f 1258//1258 1259//1258 1260//1258
vn -5.0737902e-18 1 2.990028e-18
v 0 0 -0.003
v 0.003 0 -0.0049999999
v -5.5511151e-17 0 -0.0085000005
f 1261//1261 1262//1261 1263//1261
vn -5.0737902e-18 1 2.990028e-18
v -5.5511151e-17 0 -0.0085000005
v 0.003 0 -0.0049999999
v 0.0032679492 0 -0.0060000001
f 1264//1264 1265//1264 1266//1264
vn -5.0737902e-18 1 2.990028e-18
v -5.5511151e-17 0 -0.0085000005
v 0.0032679492 0 -0.0060000001
v 0.0040000002 0 -0.0067320508
f 1267//1267 1268//1267 1269//1267
vn -5.0737902e-18 1 2.990028e-18
v -1.3877788e-17 0 -0.12236467
v -6.9388939e-17 0 -0.11387511
v 0.0018 0 -0.11919772
f 1270//1270 1271//1270 1272//1270
vn -5.0737902e-18 1 2.990028e-18
v 0.00013007029 0 -0.12285785
v -1.3877788e-17 0 -0.12236467
v 0.00048644459 0 -0.12322272
f 1273//1273 1274//1273 1275//1273
vn -5.0737902e-18 1 2.990028e-18
v 0.00048644459 0 -0.12322272
v -1.3877788e-17 0 -0.12236467
v 0.0018 0 -0.11919772
f 1276//1276 1277//1276 1278//1276
vn -5.0737902e-18 1 2.990028e-18
v 0.00048644459 0 -0.12322272
v 0.0018 0 -0.11919772
v 0.00097641547 0 -0.12336439
f 1279//1279 1280//1279 1281//1279
vn -5.0737902e-18 1 2.990028e-18
v 0.0064045931 0 -0.10984775
v 0.0018 0 -0.10247714
v 0.0018 0 -0.10021226
f 1282//1282 1283//1282 1284//1282
vn -5.0737902e-18 1 2.990028e-18
v 0.0018 0 -0.10021226
v 0.0070103402 0 -0.10855249
v 0.0064045931 0 -0.10984775
f 1285//1285 1286//1285 1287//1285
vn -5.0737902e-18 1 2.990028e-18
v 0.0064045931 0 -0.10984775
v 0.0070103402 0 -0.10855249
v 0.010175132 0 -0.10866884
f 1288//1288 1289//1288 1290//1288
vn -5.0737902e-18 1 2.990028e-18
v 0.0064045931 0 -0.10984775
v 0.010175132 0 -0.10866884
v 0.0018 0 -0.11919772
f 1291//1291 1292//1291 1293//1291
vn -5.0737902e-18 1 2.990028e-18
v 0.0018 0 -0.11919772
v 0.010175132 0 -0.10866884
v 0.0018457058 0 -0.12289832
f 1294//1294 1295//1294 1296//1294
vn -5.0737902e-18 1 2.990028e-18
v 0.0018 0 -0.11919772
v 0.0018457058 0 -0.12289832
v 0.00097641547 0 -0.12336439
f 1297//1297 1298//1297 1299//1297
vn -5.0737902e-18 1 2.990028e-18
v 0.00097641547 0 -0.12336439
v 0.0018457058 0 -0.12289832
v 0.0014725217 0 -0.12324599
f 1300//1300 1301//1300 1302//1300
vn -5.0737902e-18 1 2.990028e-18
v 0.0018 0 -0.090126246
v 0.0018 0 -0.10021226
v -6.9388939e-17 0 -0.10142358
f 1303//1303 1304//1303 1305//1303
vn -5.0737902e-18 1 2.990028e-18
v -6.9388939e-17 0 -0.10142358
v 0.0018 0 -0.10021226
v 0.0018 0 -0.10247714
f 1306//1306 1307//1306 1308//1306
vn -5.0737902e-18 1 2.990028e-18
v -6.9388939e-17 0 -0.10142358
v 0.0018 0 -0.10247714
v -6.9388939e-17 0 -0.11387511
f 1309//1309 1310//1309 1311//1309
vn -5.0737902e-18 1 2.990028e-18
v -6.9388939e-17 0 -0.11387511
v 0.0018 0 -0.10247714
v 0.0018 0 -0.11387511
f 1312//1312 1313//1312 1314//1312
vn -5.0737902e-18 1 2.990028e-18
v -6.9388939e-17 0 -0.11387511
v 0.0018 0 -0.11387511
v 0.0018 0 -0.11919772
f 1315//1315 1316//1315 1317//1315
vn -5.0737902e-18 1 2.990028e-18
v 0.013866414 0 -0.092579678
v 0.016223971 0 -0.086403407
v 0.017538471 0 -0.09391626
f 1318//1318 1319//1318 1320//1318
vn -5.0737902e-18 1 2.990028e-18
v -6.9388939e-17 0 -0.10142358
v -6.2450045e-17 0 -0.087635145
v 0.0018 0 -0.090126246
f 1321//1321 1322//1321 1323//1321
vn -5.0737902e-18 1 2.990028e-18
v 0.0018 0 -0.090126246
v -6.2450045e-17 0 -0.087635145
v 0.0018 0 -0.088073894
f 1324//1324 1325//1324 1326//1324
vn -5.0737902e-18 1 2.990028e-18
v 0.0018 0 -0.090126246
v 0.0018 0 -0.088073894
v 0.010108701 0 -0.10165439
f 1327//1327 1328//1327 1329//1327
vn -5.0737902e-18 1 2.990028e-18
v 0.010108701 0 -0.10165439
v 0.0018 0 -0.088073894
v 0.01066222 0 -0.10037003
f 1330//1330 1331//1330 1332//1330
vn -5.0737902e-18 1 2.990028e-18
v 0.017538471 0 -0.09391626
v 0.016223971 0 -0.086403407
v 0.023903033 0 -0.078706071
f 1333//1333 1334//1333 1335//1333
vn -5.0737902e-18 1 2.990028e-18
v 0.025644755 0 -0.067255698
v 0.027306058 0 -0.069161959
v 0.025644755 0 -0.070937246
f 1336//1336 1337//1336 1338//1336
vn -5.0737902e-18 1 2.990028e-18
v 0.025644755 0 -0.070937246
v 0.027306058 0 -0.069161959
v 0.026691049 0 -0.070981719
f 1339//1339 1340//1339 1341//1339
vn -5.0737902e-18 1 2.990028e-18
v 0.025644755 0 -0.070937246
v 0.026691049 0 -0.070981719
v 0.025759045 0 -0.073654555
f 1342//1342 1343//1342 1344//1342
vn -5.0737902e-18 1 2.990028e-18
v 0.027182903 0 -0.050920654
v 0.031688031 0 -0.050920654
v 0.031818002 0 -0.05405093
f 1345//1345 1346//1345 1347//1345
vn -5.0737902e-18 1 2.990028e-18
v 0.031818002 0 -0.05405093
v 0.031688031 0 -0.050920654
v 0.032465581 0 -0.050920654
f 1348//1348 1349//1348 1350//1348
vn -5.0737902e-18 1 2.990028e-18
v 0.031818002 0 -0.05405093
v 0.032465581 0 -0.050920654
v 0.03256445 0 -0.051154748
f 1351//1351 1352//1351 1353//1351
vn -5.0737902e-18 1 2.990028e-18
v 0.034000035 0 -0.046134349
v 0.033527352 0 -0.047184724
v 0.032911129 0 -0.044918317
f 1354//1354 1355//1354 1356//1354
vn -5.0737902e-18 1 2.990028e-18
v 0.032911129 0 -0.044918317
v 0.033527352 0 -0.047184724
v 0.032976445 0 -0.049490944
f 1357//1357 1358//1357 1359//1357
vn -5.0737902e-18 1 2.990028e-18
v 0.032911129 0 -0.044918317
v 0.032976445 0 -0.049490944
v 0.032465581 0 -0.050920654
f 1360//1360 1361//1360 1362//1360
vn -5.0737902e-18 1 2.990028e-18
v 0.032465581 0 -0.050920654
v 0.032976445 0 -0.049490944
v 0.032616735 0 -0.05094631
f 1363//1363 1364//1363 1365//1363
vn -5.0737902e-18 1 2.990028e-18
v 0.032465581 0 -0.050920654
v 0.032616735 0 -0.05094631
v 0.03256445 0 -0.051154748
f 1366//1366 1367//1366 1368//1366
vn -5.0737902e-18 1 2.990028e-18
v 0.0070103402 0 -0.10855249
v 0.010108701 0 -0.10165439
v 0.010175132 0 -0.10866884
f 1369//1369 1370//1369 1371//1369
vn -5.0737902e-18 1 2.990028e-18
v 0.010175132 0 -0.10866884
v 0.010108701 0 -0.10165439
v 0.01066222 0 -0.10037003
f 1372//1372 1373//1372 1374//1372
vn -5.0737902e-18 1 2.990028e-18
v 0.010175132 0 -0.10866884
v 0.01066222 0 -0.10037003
v 0.017538471 0 -0.09391626
f 1375//1375 1376//1375 1377//1375
vn -5.0737902e-18 1 2.990028e-18
v 0.017538471 0 -0.09391626
v 0.01066222 0 -0.10037003
v 0.013360944 0 -0.093851805
f 1378//1378 1379//1378 1380//1378
vn -5.0737902e-18 1 2.990028e-18
v 0.017538471 0 -0.09391626
v 0.013360944 0 -0.093851805
v 0.013866414 0 -0.092579678
f 1381//1381 1382//1381 1383//1381
vn -5.0737902e-18 1 2.990028e-18
v 0.013866414 0 -0.092579678
v 0.013360944 0 -0.093851805
v 0.0018 0 -0.077977806
f 1384//1384 1385//1384 1386//1384
vn -5.0737902e-18 1 2.990028e-18
v -6.2450045e-17 0 -0.078943506
v 0.0018 0 -0.079861619
v -6.2450045e-17 0 -0.087635145
f 1387//1387 1388//1387 1389//1387
vn -5.0737902e-18 1 2.990028e-18
v -6.2450045e-17 0 -0.087635145
v 0.0018 0 -0.079861619
v 0.0018 0 -0.087635145
f 1390//1390 1391//1390 1392//1390
vn -5.0737902e-18 1 2.990028e-18
v -6.2450045e-17 0 -0.087635145
v 0.0018 0 -0.087635145
v 0.0018 0 -0.088073894
f 1393//1393 1394//1393 1395//1393
vn -5.0737902e-18 1 2.990028e-18
v 0.018750858 0 -0.079272062
v 0.023903033 0 -0.078706071
v 0.016685268 0 -0.08514405
f 1396//1396 1397//1396 1398//1396
vn -5.0737902e-18 1 2.990028e-18
v 0.016685268 0 -0.08514405
v 0.023903033 0 -0.078706071
v 0.016223971 0 -0.086403407
f 1399//1399 1400//1399 1401//1399
vn -5.0737902e-18 1 2.990028e-18
v 0.016685268 0 -0.08514405
v 0.016223971 0 -0.086403407
v 0.0018 0 -0.069379367
f 1402//1402 1403//1402 1404//1402
vn -5.0737902e-18 1 2.990028e-18
v 0.0018 0 -0.069379367
v 0.016223971 0 -0.086403407
v 0.0018 0 -0.071127273
f 1405//1405 1406//1405 1407//1405
vn -5.0737902e-18 1 2.990028e-18
v 0.0018 0 -0.063544594
v 0.0018 0 -0.067255698
v -6.2450045e-17 0 -0.067255698
f 1408//1408 1409//1408 1410//1408
vn -5.0737902e-18 1 2.990028e-18
v -6.2450045e-17 0 -0.067255698
v 0.0018 0 -0.067255698
v 0.0018 0 -0.069379367
f 1411//1411 1412//1411 1413//1411
vn -5.0737902e-18 1 2.990028e-18
v -6.2450045e-17 0 -0.067255698
v 0.0018 0 -0.069379367
v -6.2450045e-17 0 -0.070937246
f 1414//1414 1415//1414 1416//1414
vn -5.0737902e-18 1 2.990028e-18
v -6.2450045e-17 0 -0.070937246
v 0.0018 0 -0.069379367
v 0.0018 0 -0.071127273
f 1417//1417 1418//1417 1419//1417
vn -5.0737902e-18 1 2.990028e-18
v -6.2450045e-17 0 -0.070937246
v 0.0018 0 -0.071127273
v -6.2450045e-17 0 -0.078943506
f 1420//1420 1421//1420 1422//1420
vn -5.0737902e-18 1 2.990028e-18
v -6.2450045e-17 0 -0.078943506
v 0.0018 0 -0.071127273
v 0.0018 0 -0.077977806
f 1423//1423 1424//1423 1425//1423
vn -5.0737902e-18 1 2.990028e-18
v -6.2450045e-17 0 -0.078943506
v 0.0018 0 -0.077977806
v 0.0018 0 -0.079861619
f 1426//1426 1427//1426 1428//1426
vn -5.0737902e-18 1 2.990028e-18
v 0.0018 0 -0.079861619
v 0.0018 0 -0.077977806
v 0.013360944 0 -0.093851805
f 1429//1429 1430//1429 1431//1429
vn -5.0737902e-18 1 2.990028e-18
v 0.0018 0 -0.055034269
v 0.021504438 0 -0.070747226
v 0.020868191 0 -0.072797909
f 1432//1432 1433//1432 1434//1432
vn -5.0737902e-18 1 2.990028e-18
v -6.2450045e-17 0 -0.050920654
v 0.0018 0 -0.057592314
v 0.0018 0 -0.06190763
f 1435//1435 1436//1435 1437//1435
vn -5.0737902e-18 1 2.990028e-18
v 0.025644755 0 -0.067255698
v 0.023548916 0 -0.063764177
v 0.024827629 0 -0.059035711
f 1438//1438 1439//1438 1440//1438
vn -5.0737902e-18 1 2.990028e-18
v 0.020868191 0 -0.072797909
v 0.0018 0 -0.057592314
v 0.0018 0 -0.055034269
f 1441//1441 1442//1441 1443//1441
vn -5.0737902e-18 1 2.990028e-18
v 0.0018 0 -0.055034269
v 0.0018 0 -0.057592314
v -6.2450045e-17 0 -0.050920654
f 1444//1444 1445//1444 1446//1444
vn -5.0737902e-18 1 2.990028e-18
v 0.0018 0 -0.055034269
v -6.2450045e-17 0 -0.050920654
v 0.0018 0 -0.051357292
f 1447//1447 1448//1447 1449//1447
vn -5.0737902e-18 1 2.990028e-18
v 0.0018 0 -0.051357292
v -6.2450045e-17 0 -0.050920654
v 0.0018 0 -0.048936721
f 1450//1450 1451//1450 1452//1450
vn -5.0737902e-18 1 2.990028e-18
v 0.0018 0 -0.051357292
v 0.0018 0 -0.048936721
v 0.022974243 0 -0.065792963
f 1453//1453 1454//1453 1455//1453
vn -5.0737902e-18 1 2.990028e-18
v -6.2450045e-17 0 -0.067255698
v -6.2450045e-17 0 -0.050920654
v 0.0018 0 -0.063544594
f 1456//1456 1457//1456 1458//1456
vn -5.0737902e-18 1 2.990028e-18
v 0.0018 0 -0.063544594
v -6.2450045e-17 0 -0.050920654
v 0.0018 0 -0.06190763
f 1459//1459 1460//1459 1461//1459
vn -5.0737902e-18 1 2.990028e-18
v 0.0018 0 -0.063544594
v 0.0018 0 -0.06190763
v 0.0057997829 0 -0.067255698
f 1462//1462 1463//1462 1464//1462
vn -5.0737902e-18 1 2.990028e-18
v 0.0057997829 0 -0.067255698
v 0.0018 0 -0.06190763
v 0.007564079 0 -0.067255698
f 1465//1465 1466//1465 1467//1465
vn -5.0737902e-18 1 2.990028e-18
v 0.0057997829 0 -0.067255698
v 0.007564079 0 -0.067255698
v 0.0097677065 0 -0.070937246
f 1468//1468 1469//1468 1470//1468
vn -5.0737902e-18 1 2.990028e-18
v 0.0097677065 0 -0.070937246
v 0.007564079 0 -0.067255698
v 0.019171512 0 -0.078025393
f 1471//1471 1472//1471 1473//1471
vn -5.0737902e-18 1 2.990028e-18
v 0.0097677065 0 -0.070937246
v 0.019171512 0 -0.078025393
v 0.018396745 0 -0.078943506
f 1474//1474 1475//1474 1476//1474
vn -5.0737902e-18 1 2.990028e-18
v 0.0018 0 -0.048936721
v 0.023548916 0 -0.063764177
v 0.022974243 0 -0.065792963
f 1477//1477 1478//1477 1479//1477
vn -5.0737902e-18 1 2.990028e-18
v 0.022974243 0 -0.065792963
v 0.023548916 0 -0.063764177
v 0.025644755 0 -0.067255698
f 1480//1480 1481//1480 1482//1480
vn -5.0737902e-18 1 2.990028e-18
v 0.022974243 0 -0.065792963
v 0.025644755 0 -0.067255698
v 0.021504438 0 -0.070747226
f 1483//1483 1484//1483 1485//1483
vn -5.0737902e-18 1 2.990028e-18
v 0.021504438 0 -0.070747226
v 0.025644755 0 -0.067255698
v 0.025644755 0 -0.070937246
f 1486//1486 1487//1486 1488//1486
vn -5.0737902e-18 1 2.990028e-18
v 0.021504438 0 -0.070747226
v 0.025644755 0 -0.070937246
v 0.020868191 0 -0.072797909
f 1489//1489 1490//1489 1491//1489
vn -5.0737902e-18 1 2.990028e-18
v 0.020868191 0 -0.072797909
v 0.025644755 0 -0.070937246
v 0.025759045 0 -0.073654555
f 1492//1492 1493//1492 1494//1492
vn -5.0737902e-18 1 2.990028e-18
v 0.020868191 0 -0.072797909
v 0.025759045 0 -0.073654555
v 0.019171512 0 -0.078025393
f 1495//1495 1496//1495 1497//1495
vn -5.0737902e-18 1 2.990028e-18
v 0.019171512 0 -0.078025393
v 0.025759045 0 -0.073654555
v 0.023903033 0 -0.078706071
f 1498//1498 1499//1498 1500//1498
vn -5.0737902e-18 1 2.990028e-18
v 0.019171512 0 -0.078025393
v 0.023903033 0 -0.078706071
v 0.018396745 0 -0.078943506
f 1501//1501 1502//1501 1503//1501
vn -5.0737902e-18 1 2.990028e-18
v 0.018396745 0 -0.078943506
v 0.023903033 0 -0.078706071
v 0.018750858 0 -0.079272062
f 1504//1504 1505//1504 1506//1504
vn -5.0737902e-18 1 2.990028e-18
v 0.0018 0 -0.040603496
v 0.0018 0 -0.043047667
v -6.2450045e-17 0 -0.043047667
f 1507//1507 1508//1507 1509//1507
vn -5.0737902e-18 1 2.990028e-18
v -6.2450045e-17 0 -0.043047667
v 0.0018 0 -0.043047667
v 0.0018 0 -0.043431923
f 1510//1510 1511//1510 1512//1510
vn -5.0737902e-18 1 2.990028e-18
v -6.2450045e-17 0 -0.043047667
v 0.0018 0 -0.043431923
v -6.2450045e-17 0 -0.044918317
f 1513//1513 1514//1513 1515//1513
vn -5.0737902e-18 1 2.990028e-18
v -6.2450045e-17 0 -0.043047667
v -6.2450045e-17 0 -0.037908506
v 0.0018 0 -0.040603496
f 1516//1516 1517//1516 1518//1516
vn -5.0737902e-18 1 2.990028e-18
v 0.0018 0 -0.040603496
v -6.2450045e-17 0 -0.037908506
v 0.0018 0 -0.038383681
f 1519//1519 1520//1519 1521//1519
vn -5.0737902e-18 1 2.990028e-18
v 0.0018 0 -0.040603496
v 0.0018 0 -0.038383681
v 0.0068755872 0 -0.043047667
f 1522//1522 1523//1522 1524//1522
vn -5.0737902e-18 1 2.990028e-18
v 0.0068755872 0 -0.043047667
v 0.0018 0 -0.038383681
v 0.011485276 0 -0.043047667
f 1525//1525 1526//1525 1527//1525
vn -5.0737902e-18 1 2.990028e-18
v 0.0068755872 0 -0.043047667
v 0.011485276 0 -0.043047667
v 0.015369886 0 -0.044918317
f 1528//1528 1529//1528 1530//1528
vn -5.0737902e-18 1 2.990028e-18
v 0.031818002 0 -0.05405093
v 0.029240558 0 -0.063105807
v 0.027182903 0 -0.050920654
f 1531//1531 1532//1531 1533//1531
vn -5.0737902e-18 1 2.990028e-18
v 0.027182903 0 -0.050920654
v 0.029240558 0 -0.063105807
v 0.027182903 0 -0.067255698
f 1534//1534 1535//1534 1536//1534
vn -5.0737902e-18 1 2.990028e-18
v 0.027182903 0 -0.050920654
v 0.027182903 0 -0.067255698
v 0.026461879 0 -0.052479528
f 1537//1537 1538//1537 1539//1537
vn -5.0737902e-18 1 2.990028e-18
v 0.026461879 0 -0.052479528
v 0.027182903 0 -0.067255698
v 0.025345754 0 -0.057025462
f 1540//1540 1541//1540 1542//1540
vn -5.0737902e-18 1 2.990028e-18
v -6.2450045e-17 0 -0.050920654
v -6.2450045e-17 0 -0.044918317
v 0.0018 0 -0.045741301
f 1543//1543 1544//1543 1545//1543
vn -5.0737902e-18 1 2.990028e-18
v 0.0018 0 -0.045741301
v -6.2450045e-17 0 -0.044918317
v 0.0018 0 -0.043431923
f 1546//1546 1547//1546 1548//1546
vn -5.0737902e-18 1 2.990028e-18
v 0.0018 0 -0.045741301
v 0.0018 0 -0.043431923
v 0.024827629 0 -0.059035711
f 1549//1549 1550//1549 1551//1549
vn -5.0737902e-18 1 2.990028e-18
v 0.024827629 0 -0.059035711
v 0.0018 0 -0.043431923
v 0.025345754 0 -0.057025462
f 1552//1552 1553//1552 1554//1552
vn -5.0737902e-18 1 2.990028e-18
v 0.024827629 0 -0.059035711
v 0.025345754 0 -0.057025462
v 0.025644755 0 -0.067255698
f 1555//1555 1556//1555 1557//1555
vn -5.0737902e-18 1 2.990028e-18
v 0.025644755 0 -0.067255698
v 0.025345754 0 -0.057025462
v 0.027182903 0 -0.067255698
f 1558//1558 1559//1558 1560//1558
vn -5.0737902e-18 1 2.990028e-18
v 0.025644755 0 -0.067255698
v 0.027182903 0 -0.067255698
v 0.027306058 0 -0.069161959
f 1561//1561 1562//1561 1563//1561
vn -5.0737902e-18 1 2.990028e-18
v 0.027306058 0 -0.069161959
v 0.027182903 0 -0.067255698
v 0.027922211 0 -0.067290433
f 1564//1564 1565//1564 1566//1564
vn -5.0737902e-18 1 2.990028e-18
v 0.02692767 0 -0.050484017
v 0.025644755 0 -0.050920654
v 0.025644755 0 -0.049866222
f 1567//1567 1568//1567 1569//1567
vn -5.0737902e-18 1 2.990028e-18
v 0.025644755 0 -0.049866222
v 0.025644755 0 -0.050920654
v 0.02322471 0 -0.050920654
f 1570//1570 1571//1570 1572//1570
vn -5.0737902e-18 1 2.990028e-18
v 0.025644755 0 -0.049866222
v 0.02322471 0 -0.050920654
v 0.015369886 0 -0.044918317
f 1573//1573 1574//1573 1575//1573
vn -5.0737902e-18 1 2.990028e-18
v 0.015369886 0 -0.044918317
v 0.02322471 0 -0.050920654
v 0.010760196 0 -0.044918317
f 1576//1576 1577//1576 1578//1576
vn -5.0737902e-18 1 2.990028e-18
v 0.015369886 0 -0.044918317
v 0.010760196 0 -0.044918317
v 0.0068755872 0 -0.043047667
f 1579//1579 1580//1579 1581//1579
vn -5.0737902e-18 1 2.990028e-18
v -6.2450045e-17 0 -0.033721883
v 0.0018 0 -0.035835601
v -6.2450045e-17 0 -0.037908506
f 1582//1582 1583//1582 1584//1582
vn -5.0737902e-18 1 2.990028e-18
v -6.2450045e-17 0 -0.037908506
v 0.0018 0 -0.035835601
v 0.0018 0 -0.037908506
f 1585//1585 1586//1585 1587//1585
vn -5.0737902e-18 1 2.990028e-18
v -6.2450045e-17 0 -0.037908506
v 0.0018 0 -0.037908506
v 0.0018 0 -0.038383681
f 1588//1588 1589//1588 1590//1588
vn -5.0737902e-18 1 2.990028e-18
v 0.025644755 0 -0.043045089
v 0.025644755 0 -0.043047667
v 0.012556419 0 -0.037908506
f 1591//1591 1592//1591 1593//1591
vn -5.0737902e-18 1 2.990028e-18
v 0.027903926 0 -0.04608022
v 0.027182903 0 -0.045797251
v 0.027182903 0 -0.044918317
f 1594//1594 1595//1594 1596//1594
vn -5.0737902e-18 1 2.990028e-18
v 0.027182903 0 -0.044918317
v 0.027182903 0 -0.045797251
v 0.025644755 0 -0.045193594
f 1597//1597 1598//1597 1599//1597
vn -5.0737902e-18 1 2.990028e-18
v 0.027182903 0 -0.044918317
v 0.025644755 0 -0.045193594
v 0.025644755 0 -0.044918317
f 1600//1600 1601//1600 1602//1600
vn -5.0737902e-18 1 2.990028e-18
v 0.025644755 0 -0.044918317
v 0.025644755 0 -0.045193594
v 0.024943326 0 -0.044918317
f 1603//1603 1604//1603 1605//1603
vn -5.0737902e-18 1 2.990028e-18
v 0.025644755 0 -0.044918317
v 0.024943326 0 -0.044918317
v 0.020176794 0 -0.043047667
f 1606//1606 1607//1606 1608//1606
vn -5.0737902e-18 1 2.990028e-18
v 0.027182903 0 -0.043648742
v 0.028320845 0 -0.044095334
v 0.027182903 0 -0.044918317
f 1609//1609 1610//1609 1611//1609
vn -5.0737902e-18 1 2.990028e-18
v 0.027182903 0 -0.044918317
v 0.028320845 0 -0.044095334
v 0.031688031 0 -0.044918317
f 1612//1612 1613//1612 1614//1612
vn -5.0737902e-18 1 2.990028e-18
v 0.027182903 0 -0.044918317
v 0.031688031 0 -0.044918317
v 0.027903926 0 -0.04608022
f 1615//1615 1616//1615 1617//1615
vn -5.0737902e-18 1 2.990028e-18
v 0.027903926 0 -0.04608022
v 0.031688031 0 -0.044918317
v 0.02692767 0 -0.050484017
f 1618//1618 1619//1618 1620//1618
vn -5.0737902e-18 1 2.990028e-18
v 0.027182903 0 -0.043648742
v 0.027182903 0 -0.044918317
v 0.025651325 0 -0.043047667
f 1621//1621 1622//1621 1623//1621
vn -5.0737902e-18 1 2.990028e-18
v 0.025651325 0 -0.043047667
v 0.027182903 0 -0.044918317
v 0.025644755 0 -0.044918317
f 1624//1624 1625//1624 1626//1624
vn -5.0737902e-18 1 2.990028e-18
v 0.025651325 0 -0.043047667
v 0.025644755 0 -0.044918317
v 0.025644755 0 -0.043047667
f 1627//1627 1628//1627 1629//1627
vn -5.0737902e-18 1 2.990028e-18
v 0.025644755 0 -0.043047667
v 0.025644755 0 -0.044918317
v 0.020176794 0 -0.043047667
f 1630//1630 1631//1630 1632//1630
vn -5.0737902e-18 1 2.990028e-18
v 0.025644755 0 -0.043047667
v 0.020176794 0 -0.043047667
v 0.012556419 0 -0.037908506
f 1633//1633 1634//1633 1635//1633
vn -5.0737902e-18 1 2.990028e-18
v 0.012556419 0 -0.037908506
v 0.020176794 0 -0.043047667
v 0.0070818886 0 -0.037908506
f 1636//1636 1637//1636 1638//1636
vn -5.0737902e-18 1 2.990028e-18
v 0.012556419 0 -0.037908506
v 0.0070818886 0 -0.037908506
v 0.0018886514 0 -0.033721883
f 1639//1639 1640//1639 1641//1639
vn -5.0737902e-18 1 2.990028e-18
v 0.0070818886 0 -0.037908506
v 0.0018 0 -0.035835601
v 0.0018886514 0 -0.033721883
f 1642//1642 1643//1642 1644//1642
vn -5.0737902e-18 1 2.990028e-18
v 0.0018886514 0 -0.033721883
v 0.0018 0 -0.035835601
v -6.2450045e-17 0 -0.033721883
f 1645//1645 1646//1645 1647//1645
vn -5.0737902e-18 1 2.990028e-18
v 0.0018886514 0 -0.033721883
v -6.2450045e-17 0 -0.033721883
v 0.0018 0 -0.033687092
f 1648//1648 1649//1648 1650//1648
vn -5.0737902e-18 1 2.990028e-18
v 0.0018 0 -0.033687092
v -6.2450045e-17 0 -0.033721883
v 0.0018 0 -0.031351838
f 1651//1651 1652//1651 1653//1651
vn -5.0737902e-18 1 2.990028e-18
v -5.5511151e-17 0 -0.026255507
v 0.0018 0 -0.02708214
v 0.0018 0 -0.029258858
f 1654//1654 1655//1654 1656//1654
vn -5.0737902e-18 1 2.990028e-18
v 0.023057029 0 -0.037908506
v 0.025644755 0 -0.037908506
v 0.025644755 0 -0.038706679
f 1657//1657 1658//1657 1659//1657
vn -5.0737902e-18 1 2.990028e-18
v 0.025644755 0 -0.038706679
v 0.025644755 0 -0.037908506
v 0.027182903 0 -0.037908506
f 1660//1660 1661//1660 1662//1660
vn -5.0737902e-18 1 2.990028e-18
v 0.025644755 0 -0.038706679
v 0.027182903 0 -0.037908506
v 0.027182903 0 -0.039181117
f 1663//1663 1664//1663 1665//1663
vn -5.0737902e-18 1 2.990028e-18
v 0.029175138 0 -0.039795619
v 0.031688031 0 -0.037908506
v 0.028320845 0 -0.044095334
f 1666//1666 1667//1666 1668//1666
vn -5.0737902e-18 1 2.990028e-18
v 0.028320845 0 -0.044095334
v 0.031688031 0 -0.037908506
v 0.031688031 0 -0.043047667
f 1669//1669 1670//1669 1671//1669
vn -5.0737902e-18 1 2.990028e-18
v 0.028320845 0 -0.044095334
v 0.031688031 0 -0.043047667
v 0.031688031 0 -0.044918317
f 1672//1672 1673//1672 1674//1672
vn -5.0737902e-18 1 2.990028e-18
v -6.2450045e-17 0 -0.033721883
v -5.5511151e-17 0 -0.026255507
v 0.0018 0 -0.031351838
f 1675//1675 1676//1675 1677//1675
vn -5.0737902e-18 1 2.990028e-18
v 0.0018 0 -0.031351838
v -5.5511151e-17 0 -0.026255507
v 0.0018 0 -0.029258858
f 1678//1678 1679//1678 1680//1678
vn -5.0737902e-18 1 2.990028e-18
v 0.0018 0 -0.031351838
v 0.0018 0 -0.029258858
v 0.0094838068 0 -0.033721883
f 1681//1681 1682//1681 1683//1681
vn -5.0737902e-18 1 2.990028e-18
v 0.0094838068 0 -0.033721883
v 0.0018 0 -0.029258858
v 0.016269343 0 -0.033721883
f 1684//1684 1685//1684 1686//1684
vn -5.0737902e-18 1 2.990028e-18
v 0.0094838068 0 -0.033721883
v 0.016269343 0 -0.033721883
v 0.023057029 0 -0.037908506
f 1687//1687 1688//1687 1689//1687
vn -5.0737902e-18 1 2.990028e-18
v 0.023057029 0 -0.037908506
v 0.016269343 0 -0.033721883
v 0.025644755 0 -0.036613703
f 1690//1690 1691//1690 1692//1690
vn -5.0737902e-18 1 2.990028e-18
v 0.023057029 0 -0.037908506
v 0.025644755 0 -0.036613703
v 0.025644755 0 -0.037908506
f 1693//1693 1694//1693 1695//1693
vn -5.0737902e-18 1 2.990028e-18
v 0.025644755 0 -0.037908506
v 0.025644755 0 -0.036613703
v 0.027182903 0 -0.037088141
f 1696//1696 1697//1696 1698//1696
vn -5.0737902e-18 1 2.990028e-18
v 0.025644755 0 -0.037908506
v 0.027182903 0 -0.037088141
v 0.027182903 0 -0.037908506
f 1699//1699 1700//1699 1701//1699
vn -5.0737902e-18 1 2.990028e-18
v 0.027182903 0 -0.037908506
v 0.027182903 0 -0.037088141
v 0.029545931 0 -0.037817009
f 1702//1702 1703//1702 1704//1702
vn -5.0737902e-18 1 2.990028e-18
v 0.0071663922 0 -0.026255507
v 0.025644755 0 -0.03047291
v 0.025644755 0 -0.03252434
f 1705//1705 1706//1705 1707//1705
vn -5.0737902e-18 1 2.990028e-18
v 0.025644755 0 -0.03252434
v 0.025644755 0 -0.03047291
v 0.027182903 0 -0.030823968
f 1708//1708 1709//1708 1710//1708
vn -5.0737902e-18 1 2.990028e-18
v 0.025644755 0 -0.03252434
v 0.027182903 0 -0.030823968
v 0.030292092 0 -0.033585023
f 1711//1711 1712//1711 1713//1711
vn -5.0737902e-18 1 2.990028e-18
v 0.030292092 0 -0.033585023
v 0.027182903 0 -0.030823968
v 0.031688031 0 -0.033721883
f 1714//1714 1715//1714 1716//1714
vn -5.0737902e-18 1 2.990028e-18
v 0.030292092 0 -0.033585023
v 0.031688031 0 -0.033721883
v 0.029545931 0 -0.037817009
f 1717//1717 1718//1717 1719//1717
vn -5.0737902e-18 1 2.990028e-18
v 0.029545931 0 -0.037817009
v 0.031688031 0 -0.033721883
v 0.031688031 0 -0.037908506
f 1720//1720 1721//1720 1722//1720
vn -5.0737902e-18 1 2.990028e-18
v 0.029545931 0 -0.037817009
v 0.031688031 0 -0.037908506
v 0.027182903 0 -0.037908506
f 1723//1723 1724//1723 1725//1723
vn -5.0737902e-18 1 2.990028e-18
v 0.027182903 0 -0.037908506
v 0.031688031 0 -0.037908506
v 0.029175138 0 -0.039795619
f 1726//1726 1727//1726 1728//1726
vn -5.0737902e-18 1 2.990028e-18
v 0.027182903 0 -0.037908506
v 0.029175138 0 -0.039795619
v 0.027182903 0 -0.039181117
f 1729//1729 1730//1729 1731//1729
vn -5.0737902e-18 1 2.990028e-18
v 0.027182903 0 -0.030823968
v 0.030618839 0 -0.031608168
v 0.031688031 0 -0.033721883
f 1732//1732 1733//1732 1734//1732
vn -5.0737902e-18 1 2.990028e-18
v 0.031688031 0 -0.033721883
v 0.030618839 0 -0.031608168
v 0.031267159 0 -0.027408639
f 1735//1735 1736//1735 1737//1735
vn -5.0737902e-18 1 2.990028e-18
v 0.031688031 0 -0.033721883
v 0.031267159 0 -0.027408639
v 0.031688031 0 -0.026255507
f 1738//1738 1739//1738 1740//1738
vn -5.0737902e-18 1 2.990028e-18
v 0.031688031 0 -0.026255507
v 0.031267159 0 -0.027408639
v 0.027182903 0 -0.026255507
f 1741//1741 1742//1741 1743//1741
vn -5.0737902e-18 1 2.990028e-18
v 0.0028526613 0 -0.021103414
v 0.025644755 0 -0.02453864
v 0.023616338 0 -0.026255507
f 1744//1744 1745//1744 1746//1744
vn -5.0737902e-18 1 2.990028e-18
v -5.5511151e-17 0 -0.026255507
v -5.5511151e-17 0 -0.021103414
v 0.0018 0 -0.022967346
f 1747//1747 1748//1747 1749//1747
vn -5.0737902e-18 1 2.990028e-18
v 0.025644755 0 -0.03252434
v 0.0018 0 -0.02708214
v 0.0071663922 0 -0.026255507
f 1750//1750 1751//1750 1752//1750
vn -5.0737902e-18 1 2.990028e-18
v 0.0071663922 0 -0.026255507
v 0.0018 0 -0.02708214
v -5.5511151e-17 0 -0.026255507
f 1753//1753 1754//1753 1755//1753
vn -5.0737902e-18 1 2.990028e-18
v 0.0071663922 0 -0.026255507
v -5.5511151e-17 0 -0.026255507
v 0.0018 0 -0.02503071
f 1756//1756 1757//1756 1758//1756
vn -5.0737902e-18 1 2.990028e-18
v 0.0018 0 -0.02503071
v -5.5511151e-17 0 -0.026255507
v 0.0018 0 -0.022967346
f 1759//1759 1760//1759 1761//1759
vn -5.0737902e-18 1 2.990028e-18
v 0.031267159 0 -0.027408639
v 0.027182903 0 -0.026793059
v 0.027182903 0 -0.026255507
f 1762//1762 1763//1762 1764//1762
vn -5.0737902e-18 1 2.990028e-18
v 0.027182903 0 -0.026255507
v 0.027182903 0 -0.026793059
v 0.025644755 0 -0.026561229
f 1765//1765 1766//1765 1767//1765
vn -5.0737902e-18 1 2.990028e-18
v 0.027182903 0 -0.026255507
v 0.025644755 0 -0.026561229
v 0.025644755 0 -0.026255507
f 1768//1768 1769//1768 1770//1768
vn -5.0737902e-18 1 2.990028e-18
v 0.025644755 0 -0.026255507
v 0.025644755 0 -0.026561229
v 0.023616338 0 -0.026255507
f 1771//1771 1772//1771 1773//1771
vn -5.0737902e-18 1 2.990028e-18
v 0.023616338 0 -0.026255507
v 0.025644755 0 -0.02453864
v 0.025644755 0 -0.026255507
f 1774//1774 1775//1774 1776//1774
vn -5.0737902e-18 1 2.990028e-18
v 0.025644755 0 -0.026255507
v 0.025644755 0 -0.02453864
v 0.027182903 0 -0.02477047
f 1777//1777 1778//1777 1779//1777
vn -5.0737902e-18 1 2.990028e-18
v 0.025644755 0 -0.026255507
v 0.027182903 0 -0.02477047
v 0.027182903 0 -0.026255507
f 1780//1780 1781//1780 1782//1780
vn -5.0737902e-18 1 2.990028e-18
v 0.027182903 0 -0.026255507
v 0.027182903 0 -0.02477047
v 0.031551287 0 -0.025428873
f 1783//1783 1784//1783 1785//1783
vn -5.0737902e-18 1 2.990028e-18
v 0.027182903 0 -0.026255507
v 0.031551287 0 -0.025428873
v 0.031688031 0 -0.026255507
f 1786//1786 1787//1786 1788//1786
vn -5.0737902e-18 1 2.990028e-18
v 0.023616338 0 -0.026255507
v 0.0018 0 -0.022967346
v 0.0028526613 0 -0.021103414
f 1789//1789 1790//1789 1791//1789
vn -5.0737902e-18 1 2.990028e-18
v 0.0028526613 0 -0.021103414
v 0.0018 0 -0.022967346
v -5.5511151e-17 0 -0.021103414
f 1792//1792 1793//1792 1794//1792
vn -5.0737902e-18 1 2.990028e-18
v 0.0028526613 0 -0.021103414
v -5.5511151e-17 0 -0.021103414
v 0.0018 0 -0.020944757
f 1795//1795 1796//1795 1797//1795
vn -5.0737902e-18 1 2.990028e-18
v 0.0018 0 -0.020944757
v -5.5511151e-17 0 -0.021103414
v 0.0018 0 -0.01895568
f 1798//1798 1799//1798 1800//1798
vn -5.0737902e-18 1 2.990028e-18
v -5.5511151e-17 0 -0.014
v 0.0018 0 -0.015
v 0.0018 0 -0.016950071
f 1801//1801 1802//1801 1803//1801
vn -5.0737902e-18 1 2.990028e-18
v -5.5511151e-17 0 -0.021103414
v -5.5511151e-17 0 -0.014
v 0.0018 0 -0.01895568
f 1804//1804 1805//1804 1806//1804
vn -5.0737902e-18 1 2.990028e-18
v 0.0018 0 -0.01895568
v -5.5511151e-17 0 -0.014
v 0.0018 0 -0.016950071
f 1807//1807 1808//1807 1809//1807
vn -5.0737902e-18 1 2.990028e-18
v 0.0018 0 -0.01895568
v 0.0018 0 -0.016950071
v 0.025644755 0 -0.02074253
f 1810//1810 1811//1810 1812//1810
vn -5.0737902e-18 1 2.990028e-18
v 0.0018 0 -0.016950071
v 0.025644755 0 -0.018736923
v 0.025644755 0 -0.02074253
f 1813//1813 1814//1813 1815//1813
vn -5.0737902e-18 1 2.990028e-18
v 0.025644755 0 -0.02074253
v 0.025644755 0 -0.018736923
v 0.027182903 0 -0.018852185
f 1816//1816 1817//1816 1818//1816
vn -5.0737902e-18 1 2.990028e-18
v 0.025644755 0 -0.02074253
v 0.027182903 0 -0.018852185
v 0.027182903 0 -0.020857794
f 1819//1819 1820//1819 1821//1819
vn -5.0737902e-18 1 2.990028e-18
v 0.027182903 0 -0.020857794
v 0.027182903 0 -0.018852185
v 0.030460598 0 -0.021103414
f 1822//1822 1823//1822 1824//1822
vn -5.0737902e-18 1 2.990028e-18
v 0.030460598 0 -0.021103414
v 0.027182903 0 -0.018852185
v 0.031688031 0 -0.019189786
f 1825//1825 1826//1825 1827//1825
vn -5.0737902e-18 1 2.990028e-18
v 0.030460598 0 -0.021103414
v 0.031688031 0 -0.019189786
v 0.031688031 0 -0.021103414
f 1828//1828 1829//1828 1830//1828
vn -5.0737902e-18 1 2.990028e-18
v 0.031688031 0 -0.021103414
v 0.031688031 0 -0.019189786
v 0.0323512 0 -0.019239482
f 1831//1831 1832//1831 1833//1831
vn -5.0737902e-18 1 2.990028e-18
v 0.031688031 0 -0.021103414
v 0.0323512 0 -0.019239482
v 0.032465581 0 -0.021103414
f 1834//1834 1835//1834 1836//1834
vn -5.0737902e-18 1 2.990028e-18
v 0.0323512 0 -0.019239482
v 0.032822262 0 -0.015
v 0.032911129 0 -0.021103414
f 1837//1837 1838//1837 1839//1837
vn -5.0737902e-18 1 2.990028e-18
v 0.0018 0 -0.015
v -5.5511151e-17 0 -0.014
v 0.025644755 0 -0.015
f 1840//1840 1841//1840 1842//1840
vn -5.0737902e-18 1 2.990028e-18
v 0.025644755 0 -0.015
v -5.5511151e-17 0 -0.014
v 0.025644755 0 -0.014
f 1843//1843 1844//1843 1845//1843
vn -5.0737902e-18 1 2.990028e-18
v 0.025644755 0 -0.015
v 0.025644755 0 -0.014
v 0.027182903 0 -0.015
f 1846//1846 1847//1846 1848//1846
vn -5.0737902e-18 1 2.990028e-18
v 0.027182903 0 -0.015
v 0.025644755 0 -0.014
v 0.027182903 0 -0.014
f 1849//1849 1850//1849 1851//1849
vn -5.0737902e-18 1 2.990028e-18
v 0.027182903 0 -0.015
v 0.027182903 0 -0.014
v 0.031688031 0 -0.015
f 1852//1852 1853//1852 1854//1852
vn -5.0737902e-18 1 2.990028e-18
v 0.031688031 0 -0.015
v 0.027182903 0 -0.014
v 0.031688031 0 -0.014
f 1855//1855 1856//1855 1857//1855
vn -5.0737902e-18 1 2.990028e-18
v 0.031688031 0 -0.015
v 0.031688031 0 -0.014
v 0.032465581 0 -0.015
f 1858//1858 1859//1858 1860//1858
vn -5.0737902e-18 1 2.990028e-18
v 0.032465581 0 -0.015
v 0.031688031 0 -0.014
v 0.032465581 0 -0.014
f 1861//1861 1862//1861 1863//1861
vn -5.0737902e-18 1 2.990028e-18
v 0.032465581 0 -0.015
v 0.032465581 0 -0.014
v 0.032822262 0 -0.015
f 1864//1864 1865//1864 1866//1864
vn -5.0737902e-18 1 2.990028e-18
v 0.032822262 0 -0.015
v 0.032465581 0 -0.014
v 0.032911129 0 -0.014
f 1867//1867 1868//1867 1869//1867
vn -5.0737902e-18 1 2.990028e-18
v 0.032822262 0 -0.015
v 0.032911129 0 -0.014
v 0.032911129 0 -0.021103414
f 1870//1870 1871//1870 1872//1870
vn -5.0737902e-18 1 2.990028e-18
v 0.032911129 0 -0.021103414
v 0.032911129 0 -0.014
v 0.038528752 0 -0.018028596
f 1873//1873 1874//1873 1875//1873
vn -5.0737902e-18 1 2.990028e-18
v 0.032911129 0 -0.021103414
v 0.038528752 0 -0.018028596
v 0.036442198 0 -0.032809101
f 1876//1876 1877//1876 1878//1876
vn -5.0737902e-18 1 2.990028e-18
v 0.027182903 0 -0.014
v 0.027182903 0 -0.013
v 0.031688031 0 -0.014
f 1879//1879 1880//1879 1881//1879
vn -5.0737902e-18 1 2.990028e-18
v 0.031688031 0 -0.014
v 0.027182903 0 -0.013
v 0.031688031 0 -0.013
f 1882//1882 1883//1882 1884//1882
vn -5.0737902e-18 1 2.990028e-18
v 0.031688031 0 -0.014
v 0.031688031 0 -0.013
v 0.032465581 0 -0.014
f 1885//1885 1886//1885 1887//1885
vn -5.0737902e-18 1 2.990028e-18
v 0.032465581 0 -0.014
v 0.031688031 0 -0.013
v 0.032465581 0 -0.013
f 1888//1888 1889//1888 1890//1888
vn -5.0737902e-18 1 2.990028e-18
v 0.032465581 0 -0.014
v 0.032465581 0 -0.013
v 0.032911129 0 -0.014
f 1891//1891 1892//1891 1893//1891
vn -5.0737902e-18 1 2.990028e-18
v 0.032911129 0 -0.014
v 0.032465581 0 -0.013
v 0.032911129 0 -0.013
f 1894//1894 1895//1894 1896//1894
vn -5.0737902e-18 1 2.990028e-18
v 0.032911129 0 -0.014
v 0.032911129 0 -0.013
v 0.038528752 0 -0.018028596
f 1897//1897 1898//1897 1899//1897
vn -5.0737902e-18 1 2.990028e-18
v 0.038528752 0 -0.018028596
v 0.032911129 0 -0.013
v 0.033022903 0 -0.013
f 1900//1900 1901//1900 1902//1900
vn -5.0737902e-18 1 2.990028e-18
v 0.038528752 0 -0.018028596
v 0.033022903 0 -0.013
v 0.039395191 0 -0.0085082781
f 1903//1903 1904//1903 1905//1903
vn -5.0737902e-18 1 2.990028e-18
v 0.039395191 0 -0.0085082781
v 0.033022903 0 -0.013
v 0.033298001 0 -0.0099999998
f 1906//1906 1907//1906 1908//1906
vn -5.0737902e-18 1 2.990028e-18
v 0.039395191 0 -0.0085082781
v 0.033298001 0 -0.0099999998
v 0.032911129 0 -0.0085000005
f 1909//1909 1910//1909 1911//1909
vn -5.0737902e-18 1 2.990028e-18
v 0.032911129 0 -0.0085000005
v 0.033298001 0 -0.0099999998
v 0.032911129 0 -0.0099999998
f 1912//1912 1913//1912 1914//1912
vn -5.0737902e-18 1 2.990028e-18
v 0.032911129 0 -0.0085000005
v 0.032911129 0 -0.0099999998
v 0.032465581 0 -0.0085000005
f 1915//1915 1916//1915 1917//1915
vn -5.0737902e-18 1 2.990028e-18
v 0.032465581 0 -0.0085000005
v 0.032911129 0 -0.0099999998
v 0.032465581 0 -0.0099999998
f 1918//1918 1919//1918 1920//1918
vn -5.0737902e-18 1 2.990028e-18
v 0.032465581 0 -0.0085000005
v 0.032465581 0 -0.0099999998
v 0.031688031 0 -0.0085000005
f 1921//1921 1922//1921 1923//1921
vn -5.0737902e-18 1 2.990028e-18
v 0.031688031 0 -0.0085000005
v 0.032465581 0 -0.0099999998
v 0.031688031 0 -0.0099999998
f 1924//1924 1925//1924 1926//1924
vn -5.0737902e-18 1 2.990028e-18
v 0.031688031 0 -0.0085000005
v 0.031688031 0 -0.0099999998
v 0.027182903 0 -0.0085000005
f 1927//1927 1928//1927 1929//1927
vn -5.0737902e-18 1 2.990028e-18
v 0.027182903 0 -0.0085000005
v 0.031688031 0 -0.0099999998
v 0.027182903 0 -0.0099999998
f 1930//1930 1931//1930 1932//1930
vn -5.0737902e-18 1 2.990028e-18
v 0.027182903 0 -0.0085000005
v 0.027182903 0 -0.0099999998
v 0.025644755 0 -0.0085000005
f 1933//1933 1934//1933 1935//1933
vn -5.0737902e-18 1 2.990028e-18
v 0.025644755 0 -0.0085000005
v 0.027182903 0 -0.0099999998
v 0.025644755 0 -0.0099999998
f 1936//1936 1937//1936 1938//1936
vn -5.0737902e-18 1 2.990028e-18
v 0.025644755 0 -0.0085000005
v 0.025644755 0 -0.0099999998
v -5.5511151e-17 0 -0.0085000005
f 1939//1939 1940//1939 1941//1939
vn -5.0737902e-18 1 2.990028e-18
v -5.5511151e-17 0 -0.0085000005
v 0.025644755 0 -0.0099999998
v 0.0018 0 -0.0099999998
f 1942//1942 1943//1942 1944//1942
vn -5.0737902e-18 1 2.990028e-18
v -5.5511151e-17 0 -0.0085000005
v 0.0018 0 -0.0099999998
v -5.5511151e-17 0 -0.014
f 1945//1945 1946//1945 1947//1945
vn -5.0737902e-18 1 2.990028e-18
v -5.5511151e-17 0 -0.014
v 0.0018 0 -0.0099999998
v 0.0018 0 -0.013
f 1948//1948 1949//1948 1950//1948
vn -5.0737902e-18 1 2.990028e-18
v -5.5511151e-17 0 -0.014
v 0.0018 0 -0.013
v 0.025644755 0 -0.014
f 1951//1951 1952//1951 1953//1951
vn -5.0737902e-18 1 2.990028e-18
v 0.025644755 0 -0.014
v 0.0018 0 -0.013
v 0.025644755 0 -0.013
f 1954//1954 1955//1954 1956//1954
vn -5.0737902e-18 1 2.990028e-18
v 0.025644755 0 -0.014
v 0.025644755 0 -0.013
v 0.027182903 0 -0.014
f 1957//1957 1958//1957 1959//1957
vn -5.0737902e-18 1 2.990028e-18
v 0.027182903 0 -0.014
v 0.025644755 0 -0.013
v 0.027182903 0 -0.013
f 1960//1960 1961//1960 1962//1960
vn -5.0737902e-18 1 2.990028e-18
v 0.031688031 0 -0.021195395
v 0.031688031 0 -0.021103414
v 0.032108899 0 -0.021226933
f 1963//1963 1964//1963 1965//1963
vn -5.0737902e-18 1 2.990028e-18
v 0.032108899 0 -0.021226933
v 0.031688031 0 -0.021103414
v 0.032465581 0 -0.021103414
f 1966//1966 1967//1966 1968//1966
vn -5.0737902e-18 1 2.990028e-18
v 0.032108899 0 -0.021226933
v 0.032465581 0 -0.021103414
v 0.031551287 0 -0.025428873
f 1969//1969 1970//1969 1971//1969
vn -5.0737902e-18 1 2.990028e-18
v 0.031551287 0 -0.025428873
v 0.032465581 0 -0.021103414
v 0.032465581 0 -0.026255507
f 1972//1972 1973//1972 1974//1972
vn -5.0737902e-18 1 2.990028e-18
v 0.031551287 0 -0.025428873
v 0.032465581 0 -0.026255507
v 0.031688031 0 -0.026255507
f 1975//1975 1976//1975 1977//1975
vn -5.0737902e-18 1 2.990028e-18
v 0.031688031 0 -0.026255507
v 0.032465581 0 -0.026255507
v 0.032465581 0 -0.033721883
f 1978//1978 1979//1978 1980//1978
vn -5.0737902e-18 1 2.990028e-18
v 0.031688031 0 -0.026255507
v 0.032465581 0 -0.033721883
v 0.031688031 0 -0.033721883
f 1981//1981 1982//1981 1983//1981
vn -5.0737902e-18 1 2.990028e-18
v 0.031688031 0 -0.033721883
v 0.032465581 0 -0.033721883
v 0.032465581 0 -0.037908506
f 1984//1984 1985//1984 1986//1984
vn -5.0737902e-18 1 2.990028e-18
v 0.031688031 0 -0.033721883
v 0.032465581 0 -0.037908506
v 0.031688031 0 -0.037908506
f 1987//1987 1988//1987 1989//1987
vn -5.0737902e-18 1 2.990028e-18
v 0.031688031 0 -0.037908506
v 0.032465581 0 -0.037908506
v 0.032465581 0 -0.043047667
f 1990//1990 1991//1990 1992//1990
vn -5.0737902e-18 1 2.990028e-18
v 0.031688031 0 -0.037908506
v 0.032465581 0 -0.043047667
v 0.031688031 0 -0.043047667
f 1993//1993 1994//1993 1995//1993
vn -5.0737902e-18 1 2.990028e-18
v 0.031688031 0 -0.043047667
v 0.032465581 0 -0.043047667
v 0.032465581 0 -0.044918317
f 1996//1996 1997//1996 1998//1996
vn -5.0737902e-18 1 2.990028e-18
v 0.031688031 0 -0.043047667
v 0.032465581 0 -0.044918317
v 0.031688031 0 -0.044918317
f 1999//1999 2000//1999 2001//1999
vn -5.0737902e-18 1 2.990028e-18
v 0.0323512 0 -0.019239482
v 0.032911129 0 -0.021103414
v 0.032465581 0 -0.021103414
f 2002//2002 2003//2002 2004//2002
vn -5.0737902e-18 1 2.990028e-18
v 0.032465581 0 -0.021103414
v 0.032911129 0 -0.021103414
v 0.032911129 0 -0.026255507
f 2005//2005 2006//2005 2007//2005
vn -5.0737902e-18 1 2.990028e-18
v 0.032465581 0 -0.021103414
v 0.032911129 0 -0.026255507
v 0.032465581 0 -0.026255507
f 2008//2008 2009//2008 2010//2008
vn -5.0737902e-18 1 2.990028e-18
v 0.032465581 0 -0.026255507
v 0.032911129 0 -0.026255507
v 0.032911129 0 -0.033721883
f 2011//2011 2012//2011 2013//2011
vn -5.0737902e-18 1 2.990028e-18
v 0.032465581 0 -0.026255507
v 0.032911129 0 -0.033721883
v 0.032465581 0 -0.033721883
f 2014//2014 2015//2014 2016//2014
vn -5.0737902e-18 1 2.990028e-18
v 0.032465581 0 -0.033721883
v 0.032911129 0 -0.033721883
v 0.032911129 0 -0.037908506
f 2017//2017 2018//2017 2019//2017
vn -5.0737902e-18 1 2.990028e-18
v 0.032465581 0 -0.033721883
v 0.032911129 0 -0.037908506
v 0.032465581 0 -0.037908506
f 2020//2020 2021//2020 2022//2020
vn -5.0737902e-18 1 2.990028e-18
v 0.032465581 0 -0.037908506
v 0.032911129 0 -0.037908506
v 0.032911129 0 -0.043047667
f 2023//2023 2024//2023 2025//2023
vn -5.0737902e-18 1 2.990028e-18
v 0.032465581 0 -0.037908506
v 0.032911129 0 -0.043047667
v 0.032465581 0 -0.043047667
f 2026//2026 2027//2026 2028//2026
vn -5.0737902e-18 1 2.990028e-18
v 0.032465581 0 -0.043047667
v 0.032911129 0 -0.043047667
v 0.032911129 0 -0.044918317
f 2029//2029 2030//2029 2031//2029
vn -5.0737902e-18 1 2.990028e-18
v 0.032465581 0 -0.043047667
v 0.032911129 0 -0.044918317
v 0.032465581 0 -0.044918317
f 2032//2032 2033//2032 2034//2032
vn -5.0737902e-18 1 2.990028e-18
v 0.032465581 0 -0.044918317
v 0.032911129 0 -0.044918317
v 0.032465581 0 -0.050920654
f 2035//2035 2036//2035 2037//2035
vn -5.0737902e-18 1 2.990028e-18
v 0.032465581 0 -0.044918317
v 0.032465581 0 -0.050920654
v 0.031688031 0 -0.044918317
f 2038//2038 2039//2038 2040//2038
vn -5.0737902e-18 1 2.990028e-18
v 0.031688031 0 -0.044918317
v 0.032465581 0 -0.050920654
v 0.031688031 0 -0.050920654
f 2041//2041 2042//2041 2043//2041
vn -5.0737902e-18 1 2.990028e-18
v 0.031688031 0 -0.044918317
v 0.031688031 0 -0.050920654
v 0.02692767 0 -0.050484017
f 2044//2044 2045//2044 2046//2044
vn -5.0737902e-18 1 2.990028e-18
v 0.02692767 0 -0.050484017
v 0.031688031 0 -0.050920654
v 0.027182903 0 -0.050920654
f 2047//2047 2048//2047 2049//2047
vn -5.0737902e-18 1 2.990028e-18
v 0.02692767 0 -0.050484017
v 0.027182903 0 -0.050920654
v 0.025644755 0 -0.050920654
f 2050//2050 2051//2050 2052//2050
vn -5.0737902e-18 1 2.990028e-18
v 0.025644755 0 -0.050920654
v 0.027182903 0 -0.050920654
v 0.026461879 0 -0.052479528
f 2053//2053 2054//2053 2055//2053
vn -5.0737902e-18 1 2.990028e-18
v 0.025644755 0 -0.050920654
v 0.026461879 0 -0.052479528
v 0.025644755 0 -0.052086037
f 2056//2056 2057//2056 2058//2056
vn -5.0737902e-18 1 2.990028e-18
v 0.0067320508 0 -0.0060000001
v 0.0070000002 0 -0.0049999999
v 0.025644755 0 -0.0085000005
f 2059//2059 2060//2059 2061//2059
vn -5.0737902e-18 1 2.990028e-18
v 0.025644755 0 -0.0085000005
v 0.0070000002 0 -0.0049999999
v 0.025644755 0 0
f 2062//2062 2063//2062 2064//2062
vn -5.0737902e-18 1 2.990028e-18
v 0.025644755 0 -0.0085000005
v 0.025644755 0 0
v 0.027182903 0 -0.0085000005
f 2065//2065 2066//2065 2067//2065
vn -5.0737902e-18 1 2.990028e-18
v 0.027182903 0 -0.0085000005
v 0.025644755 0 0
v 0.027182903 0 0
f 2068//2068 2069//2068 2070//2068
vn -5.0737902e-18 1 2.990028e-18
v 0.027182903 0 -0.0085000005
v 0.027182903 0 0
v 0.031688031 0 -0.0085000005
f 2071//2071 2072//2071 2073//2071
vn -5.0737902e-18 1 2.990028e-18
v 0.031688031 0 -0.0085000005
v 0.027182903 0 0
v 0.031688031 0 0
f 2074//2074 2075//2074 2076//2074
vn -5.0737902e-18 1 2.990028e-18
v 0.031688031 0 -0.0085000005
v 0.031688031 0 0
v 0.032465581 0 -0.0085000005
f 2077//2077 2078//2077 2079//2077
vn -5.0737902e-18 1 2.990028e-18
v 0.032465581 0 -0.0085000005
v 0.031688031 0 0
v 0.032465581 0 0
f 2080//2080 2081//2080 2082//2080
vn -5.0737902e-18 1 2.990028e-18
v 0.032465581 0 -0.0085000005
v 0.032465581 0 0
v 0.032911129 0 -0.0085000005
f 2083//2083 2084//2083 2085//2083
vn -5.0737902e-18 1 2.990028e-18
v 0.032911129 0 -0.0085000005
v 0.032465581 0 0
v 0.032911129 0 0
f 2086//2086 2087//2086 2088//2086
vn -5.0737902e-18 1 2.990028e-18
v 0.032911129 0 -0.0085000005
v 0.032911129 0 0
v 0.033 0 -0.0049999999
f 2089//2089 2090//2089 2091//2089
vn -5.0737902e-18 1 2.990028e-18
v 0.033 0 -0.0049999999
v 0.032911129 0 0
v 0.033267949 0 -0.0040000002
f 2092//2092 2093//2092 2094//2092
vn 1.110223e-16 -2.990028e-18 1
v 0.033022903 -0.025800001 -0.013
v 0.033022903 0 -0.013
v 0.032911129 -0.025800001 -0.013
f 2095//2095 2096//2095 2097//2095
vn 1.110223e-16 -2.990028e-18 1
v 0.032911129 -0.025800001 -0.013
v 0.033022903 0 -0.013
v 0.032911129 0 -0.013
f 2098//2098 2099//2098 2100//2098
vn 1.110223e-16 -2.990028e-18 1
v 0.032911129 -0.025800001 -0.013
v 0.032911129 0 -0.013
v 0.032465581 -0.025800001 -0.013
f 2101//2101 2102//2101 2103//2101
vn 1.110223e-16 -2.990028e-18 1
v 0.032465581 -0.025800001 -0.013
v 0.032911129 0 -0.013
v 0.032465581 0 -0.013
f 2104//2104 2105//2104 2106//2104
vn 1.110223e-16 -2.990028e-18 1
v 0.032465581 -0.025800001 -0.013
v 0.032465581 0 -0.013
v 0.031688031 -0.025800001 -0.013
f 2107//2107 2108//2107 2109//2107
vn 1.110223e-16 -2.990028e-18 1
v 0.031688031 -0.025800001 -0.013
v 0.032465581 0 -0.013
v 0.031688031 0 -0.013
f 2110//2110 2111//2110 2112//2110
vn 1.110223e-16 -2.990028e-18 1
v 0.031688031 -0.025800001 -0.013
v 0.031688031 0 -0.013
v 0.027182903 -0.025800001 -0.013
f 2113//2113 2114//2113 2115//2113
vn 1.110223e-16 -2.990028e-18 1
v 0.027182903 -0.025800001 -0.013
v 0.031688031 0 -0.013
v 0.027182903 0 -0.013
f 2116//2116 2117//2116 2118//2116
vn 1.110223e-16 -2.990028e-18 1
v 0.027182903 -0.025800001 -0.013
v 0.027182903 0 -0.013
v 0.025644755 -0.025800001 -0.013
f 2119//2119 2120//2119 2121//2119
vn 1.110223e-16 -2.990028e-18 1
v 0.025644755 -0.025800001 -0.013
v 0.027182903 0 -0.013
v 0.025644755 0 -0.013
f 2122//2122 2123//2122 2124//2122
vn 1.110223e-16 -2.990028e-18 1
v 0.025644755 -0.025800001 -0.013
v 0.025644755 0 -0.013
v 0.0018 -0.025800001 -0.013
f 2125//2125 2126//2125 2127//2125
vn 1.110223e-16 -2.990028e-18 1
v 0.0018 -0.025800001 -0.013
v 0.025644755 0 -0.013
v 0.0018 0 -0.013
f 2128//2128 2129//2128 2130//2128
vn -0.99582195 -5.3256295e-18 0.091316126
v 0.033298001 -0.025800001 -0.0099999998
v 0.033298001 0 -0.0099999998
v 0.033022903 -0.025800001 -0.013
f 2131//2131 2132//2131 2133//2131
vn -0.99582195 -5.3256295e-18 0.091316126
v 0.033022903 -0.025800001 -0.013
v 0.033298001 0 -0.0099999998
v 0.033022903 0 -0.013
f 2134//2134 2135//2134 2136//2134
vn -0.99388349 -5.3729562e-18 0.11043371
v 0.032822262 -0.025800001 -0.015
v 0.032822262 0 -0.015
v 0.0323512 -0.025800001 -0.019239482
f 2137//2137 2138//2137 2139//2137
vn -0.99388349 -5.3729562e-18 0.11043371
v 0.0323512 -0.025800001 -0.019239482
v 0.032822262 0 -0.015
v 0.0323512 0 -0.019239482
f 2140//2140 2141//2140 2142//2140
vn 1 5.0737902e-18 -1.110223e-16
v 0.0018 -0.025800001 -0.015
v 0.0018 -0.025800001 -0.016950071
v 0.0018 0 -0.015
f 2143//2143 2144//2143 2145//2143
vn 1 5.0737902e-18 -1.110223e-16
v 0.0018 0 -0.015
v 0.0018 -0.025800001 -0.016950071
v 0.0018 0 -0.016950071
f 2146//2146 2147//2146 2148//2146
vn -0.074727312 2.6025172e-18 -0.99720401
v 0.0018 -0.025800001 -0.01895568
v 0.0018 -2.7755576e-17 -0.01895568
v 0.025644755 -0.025800001 -0.02074253
f 2149//2149 2150//2149 2151//2149
vn -0.074727312 2.6025172e-18 -0.99720401
v 0.025644755 -0.025800001 -0.02074253
v 0.0018 -2.7755576e-17 -0.01895568
v 0.025644755 0 -0.02074253
f 2152//2152 2153//2152 2154//2152
vn -0.074727476 2.6025164e-18 -0.99720401
v 0.025644755 -0.025800001 -0.02074253
v 0.025644755 0 -0.02074253
v 0.027182903 -0.025800001 -0.020857794
f 2155//2155 2156//2155 2157//2155
vn -0.074727476 2.6025164e-18 -0.99720401
v 0.027182903 -0.025800001 -0.020857794
v 0.025644755 0 -0.02074253
v 0.027182903 0 -0.020857794
f 2158//2158 2159//2158 2160//2158
vn -0.074727155 2.602518e-18 -0.99720401
v 0.027182903 -0.025800001 -0.020857794
v 0.027182903 0 -0.020857794
v 0.030460598 -0.025800001 -0.021103414
f 2161//2161 2162//2161 2163//2161
vn -0.074727155 2.602518e-18 -0.99720401
v 0.030460598 -0.025800001 -0.021103414
v 0.027182903 0 -0.020857794
v 0.030460598 0 -0.021103414
f 2164//2164 2165//2164 2166//2164
vn -0.074728288 2.602512e-18 -0.99720395
v 0.030460598 -0.025800001 -0.021103414
v 0.030460598 0 -0.021103414
v 0.031688031 -0.025800001 -0.021195395
f 2167//2167 2168//2167 2169//2167
vn -0.074728288 2.602512e-18 -0.99720395
v 0.031688031 -0.025800001 -0.021195395
v 0.030460598 0 -0.021103414
v 0.031688031 0 -0.021195395
f 2170//2170 2171//2170 2172//2170
vn -0.074726753 2.6025201e-18 -0.99720407
v 0.031688031 -0.025800001 -0.021195395
v 0.031688031 0 -0.021195395
v 0.032108899 -0.025800001 -0.021226933
f 2173//2173 2174//2173 2175//2173
vn -0.074726753 2.6025201e-18 -0.99720407
v 0.032108899 -0.025800001 -0.021226933
v 0.031688031 0 -0.021195395
v 0.032108899 -2.7755576e-17 -0.021226933
f 2176//2176 2177//2176 2178//2176
vn 0.074726723 -2.6025203e-18 0.99720407
v 0.0323512 -0.025800001 -0.019239482
v 0.0323512 -2.7755576e-17 -0.019239482
v 0.031688031 -0.025800001 -0.019189786
f 2179//2179 2180//2179 2181//2179
vn 0.074726723 -2.6025203e-18 0.99720407
v 0.031688031 -0.025800001 -0.019189786
v 0.0323512 -2.7755576e-17 -0.019239482
v 0.031688031 0 -0.019189786
f 2182//2182 2183//2182 2184//2182
vn 0.074727468 -2.6025164e-18 0.99720401
v 0.031688031 -0.025800001 -0.019189786
v 0.031688031 0 -0.019189786
v 0.027182903 -0.025800001 -0.018852185
f 2185//2185 2186//2185 2187//2185
vn 0.074727468 -2.6025164e-18 0.99720401
v 0.027182903 -0.025800001 -0.018852185
v 0.031688031 0 -0.019189786
v 0.027182903 0 -0.018852185
f 2188//2188 2189//2188 2190//2188
vn 0.074726276 -2.6025226e-18 0.99720407
v 0.027182903 -0.025800001 -0.018852185
v 0.027182903 0 -0.018852185
v 0.025644755 -0.025800001 -0.018736923
f 2191//2191 2192//2191 2193//2191
vn 0.074726276 -2.6025226e-18 0.99720407
v 0.025644755 -0.025800001 -0.018736923
v 0.027182903 0 -0.018852185
v 0.025644755 0 -0.018736923
f 2194//2194 2195//2194 2196//2194
vn 0.074727386 -2.6025168e-18 0.99720401
v 0.025644755 -0.025800001 -0.018736923
v 0.025644755 0 -0.018736923
v 0.0018 -0.025800001 -0.016950071
f 2197//2197 2198//2197 2199//2197
vn 0.074727386 -2.6025168e-18 0.99720401
v 0.0018 -0.025800001 -0.016950071
v 0.025644755 0 -0.018736923
v 0.0018 -2.7755576e-17 -0.016950071
f 2200//2200 2201//2200 2202//2200
vn -0.99130946 -5.4230358e-18 0.13155037
v 0.032108899 -0.025800001 -0.021226933
v 0.032108899 0 -0.021226933
v 0.031551287 -0.025800001 -0.025428873
f 2203//2203 2204//2203 2205//2203
vn -0.99130946 -5.4230358e-18 0.13155037
v 0.031551287 -0.025800001 -0.025428873
v 0.032108899 0 -0.021226933
v 0.031551287 0 -0.025428873
f 2206//2206 2207//2206 2208//2206
vn 1 5.0737902e-18 -1.110223e-16
v 0.0018 -0.025800001 -0.01895568
v 0.0018 -0.025800001 -0.020944757
v 0.0018 0 -0.01895568
f 2209//2209 2210//2209 2211//2209
vn 1 5.0737902e-18 -1.110223e-16
v 0.0018 0 -0.01895568
v 0.0018 -0.025800001 -0.020944757
v 0.0018 0 -0.020944757
f 2212//2212 2213//2212 2214//2212
vn -0.14903682 2.2004526e-18 -0.98883164
v 0.0018 -0.025800001 -0.022967346
v 0.0018 -3.469447e-17 -0.022967346
v 0.023616338 -0.025800001 -0.026255507
f 2215//2215 2216//2215 2217//2215
vn -0.14903682 2.2004526e-18 -0.98883164
v 0.023616338 -0.025800001 -0.026255507
v 0.0018 -3.469447e-17 -0.022967346
v 0.023616338 0 -0.026255507
f 2218//2218 2219//2218 2220//2218
vn -0.14903602 2.2004572e-18 -0.98883176
v 0.023616338 -0.025800001 -0.026255507
v 0.023616338 0 -0.026255507
v 0.025644755 -0.025800001 -0.026561229
f 2221//2221 2222//2221 2223//2221
vn -0.14903602 2.2004572e-18 -0.98883176
v 0.025644755 -0.025800001 -0.026561229
v 0.023616338 0 -0.026255507
v 0.025644755 0 -0.026561229
f 2224//2224 2225//2224 2226//2224
vn -0.14903715 2.2004508e-18 -0.98883158
v 0.025644755 -0.025800001 -0.026561229
v 0.025644755 0 -0.026561229
v 0.027182903 -0.025800001 -0.026793059
f 2227//2227 2228//2227 2229//2227
vn -0.14903715 2.2004508e-18 -0.98883158
v 0.027182903 -0.025800001 -0.026793059
v 0.025644755 0 -0.026561229
v 0.027182903 0 -0.026793059
f 2230//2230 2231//2230 2232//2230
vn -0.14903694 2.200452e-18 -0.98883164
v 0.027182903 -0.025800001 -0.026793059
v 0.027182903 0 -0.026793059
v 0.031267159 -0.025800001 -0.027408639
f 2233//2233 2234//2233 2235//2233
vn -0.14903694 2.200452e-18 -0.98883164
v 0.031267159 -0.025800001 -0.027408639
v 0.027182903 0 -0.026793059
v 0.031267159 -3.469447e-17 -0.027408639
f 2236//2236 2237//2236 2238//2236
vn 0.14903659 -2.2004541e-18 0.9888317
v 0.031551287 -0.025800001 -0.025428873
v 0.031551287 -3.469447e-17 -0.025428873
v 0.027182903 -0.025800001 -0.02477047
f 2239//2239 2240//2239 2241//2239
vn 0.14903659 -2.2004541e-18 0.9888317
v 0.027182903 -0.025800001 -0.02477047
v 0.031551287 -3.469447e-17 -0.025428873
v 0.027182903 0 -0.02477047
f 2242//2242 2243//2242 2244//2242
vn 0.14903715 -2.2004508e-18 0.98883158
v 0.027182903 -0.025800001 -0.02477047
v 0.027182903 0 -0.02477047
v 0.025644755 -0.025800001 -0.02453864
f 2245//2245 2246//2245 2247//2245
vn 0.14903715 -2.2004508e-18 0.98883158
v 0.025644755 -0.025800001 -0.02453864
v 0.027182903 0 -0.02477047
v 0.025644755 0 -0.02453864
f 2248//2248 2249//2248 2250//2248
vn 0.14903678 -2.2004528e-18 0.98883164
v 0.025644755 -0.025800001 -0.02453864
v 0.025644755 0 -0.02453864
v 0.0028526613 -0.025800001 -0.021103414
f 2251//2251 2252//2251 2253//2251
vn 0.14903678 -2.2004528e-18 0.98883164
v 0.0028526613 -0.025800001 -0.021103414
v 0.025644755 0 -0.02453864
v 0.0028526613 0 -0.021103414
f 2254//2254 2255//2254 2256//2254
vn 0.14903603 -2.200457e-18 0.98883176
v 0.0028526613 -0.025800001 -0.021103414
v 0.0028526613 0 -0.021103414
v 0.0018 -0.025800001 -0.020944757
f 2257//2257 2258//2257 2259//2257
vn 0.14903603 -2.200457e-18 0.98883176
v 0.0018 -0.025800001 -0.020944757
v 0.0028526613 0 -0.021103414
v 0.0018 -3.469447e-17 -0.020944757
f 2260//2260 2261//2260 2262//2260
vn -0.9882924 -5.4705821e-18 0.15257174
v 0.031267159 -0.025800001 -0.027408639
v 0.031267159 0 -0.027408639
v 0.030618839 -0.025800001 -0.031608168
f 2263//2263 2264//2263 2265//2263
vn -0.9882924 -5.4705821e-18 0.15257174
v 0.030618839 -0.025800001 -0.031608168
v 0.031267159 0 -0.027408639
v 0.030618839 0 -0.031608168
f 2266//2266 2267//2266 2268//2266
vn 1 5.0737902e-18 -1.110223e-16
v 0.0018 -0.025800001 -0.022967346
v 0.0018 -0.025800001 -0.02503071
v 0.0018 0 -0.022967346
f 2269//2269 2270//2269 2271//2269
vn 1 5.0737902e-18 -1.110223e-16
v 0.0018 0 -0.022967346
v 0.0018 -0.025800001 -0.02503071
v 0.0018 0 -0.02503071
f 2272//2272 2273//2272 2274//2272
vn -0.2225128 1.7860839e-18 -0.97492975
v 0.0018 -0.025800001 -0.02708214
v 0.0018 -3.469447e-17 -0.02708214
v 0.025644755 -0.025800001 -0.03252434
f 2275//2275 2276//2275 2277//2275
vn -0.2225128 1.7860839e-18 -0.97492975
v 0.025644755 -0.025800001 -0.03252434
v 0.0018 -3.469447e-17 -0.02708214
v 0.025644755 0 -0.03252434
f 2278//2278 2279//2278 2280//2278
vn -0.22251275 1.7860844e-18 -0.97492981
v 0.025644755 -0.025800001 -0.03252434
v 0.025644755 0 -0.03252434
v 0.030292092 -0.025800001 -0.033585023
f 2281//2281 2282//2281 2283//2281
vn -0.22251275 1.7860844e-18 -0.97492981
v 0.030292092 -0.025800001 -0.033585023
v 0.025644755 0 -0.03252434
v 0.030292092 -3.469447e-17 -0.033585023
f 2284//2284 2285//2284 2286//2284
vn 0.22251278 -1.7860842e-18 0.97492975
v 0.030618839 -0.025800001 -0.031608168
v 0.030618839 -3.469447e-17 -0.031608168
v 0.027182903 -0.025800001 -0.030823968
f 2287//2287 2288//2287 2289//2287
vn 0.22251278 -1.7860842e-18 0.97492975
v 0.027182903 -0.025800001 -0.030823968
v 0.030618839 -3.469447e-17 -0.031608168
v 0.027182903 0 -0.030823968
f 2290//2290 2291//2290 2292//2290
vn 0.22251253 -1.7860856e-18 0.97492981
v 0.027182903 -0.025800001 -0.030823968
v 0.027182903 0 -0.030823968
v 0.025644755 -0.025800001 -0.03047291
f 2293//2293 2294//2293 2295//2293
vn 0.22251253 -1.7860856e-18 0.97492981
v 0.025644755 -0.025800001 -0.03047291
v 0.027182903 0 -0.030823968
v 0.025644755 0 -0.03047291
f 2296//2296 2297//2296 2298//2296
vn 0.22251277 -1.7860842e-18 0.97492975
v 0.025644755 -0.025800001 -0.03047291
v 0.025644755 0 -0.03047291
v 0.0071663922 -0.025800001 -0.026255507
f 2299//2299 2300//2299 2301//2299
vn 0.22251277 -1.7860842e-18 0.97492975
v 0.0071663922 -0.025800001 -0.026255507
v 0.025644755 0 -0.03047291
v 0.0071663922 0 -0.026255507
f 2302//2302 2303//2302 2304//2302
vn 0.22251286 -1.7860837e-18 0.97492975
v 0.0071663922 -0.025800001 -0.026255507
v 0.0071663922 0 -0.026255507
v 0.0018 -0.025800001 -0.02503071
f 2305//2305 2306//2305 2307//2305
vn 0.22251286 -1.7860837e-18 0.97492975
v 0.0018 -0.025800001 -0.02503071
v 0.0071663922 0 -0.026255507
v 0.0018 -3.469447e-17 -0.02503071
f 2308//2308 2309//2308 2310//2308
vn -0.98480982 -5.5158963e-18 0.17363633
v 0.030292092 -0.025800001 -0.033585023
v 0.030292092 0 -0.033585023
v 0.029545931 -0.025800001 -0.037817009
f 2311//2311 2312//2311 2313//2311
vn -0.98480982 -5.5158963e-18 0.17363633
v 0.029545931 -0.025800001 -0.037817009
v 0.030292092 0 -0.033585023
v 0.029545931 0 -0.037817009
f 2314//2314 2315//2314 2316//2314
vn 1 5.0737902e-18 -1.110223e-16
v 0.0018 -0.025800001 -0.02708214
v 0.0018 -0.025800001 -0.029258858
v 0.0018 0 -0.02708214
f 2317//2317 2318//2317 2319//2317
vn 1 5.0737902e-18 -1.110223e-16
v 0.0018 0 -0.02708214
v 0.0018 -0.025800001 -0.029258858
v 0.0018 0 -0.029258858
f 2320//2320 2321//2320 2322//2320
vn -0.29474574 1.3617201e-18 -0.9555757
v 0.029175138 2.0816682e-17 -0.039795619
v 0.029175138 -0.025800001 -0.039795619
v 0.027182903 0 -0.039181117
f 2323//2323 2324//2323 2325//2323
vn -0.29474574 1.3617201e-18 -0.9555757
v 0.027182903 0 -0.039181117
v 0.029175138 -0.025800001 -0.039795619
v 0.027182903 -0.025800001 -0.039181117
f 2326//2326 2327//2326 2328//2326
vn -0.29474509 1.3617241e-18 -0.95557594
v 0.027182903 0 -0.039181117
v 0.027182903 -0.025800001 -0.039181117
v 0.025644755 0 -0.038706679
f 2329//2329 2330//2329 2331//2329
vn -0.29474509 1.3617241e-18 -0.95557594
v 0.025644755 0 -0.038706679
v 0.027182903 -0.025800001 -0.039181117
v 0.025644755 -0.025800001 -0.038706679
f 2332//2332 2333//2332 2334//2332
vn -0.29474351 1.3617335e-18 -0.95557642
v 0.025644755 0 -0.038706679
v 0.025644755 -0.025800001 -0.038706679
v 0.023057029 0 -0.037908506
f 2335//2335 2336//2335 2337//2335
vn -0.29474351 1.3617335e-18 -0.95557642
v 0.023057029 0 -0.037908506
v 0.025644755 -0.025800001 -0.038706679
v 0.023057029 -0.025800001 -0.037908506
f 2338//2338 2339//2338 2340//2338
vn -0.29474479 1.3617258e-18 -0.955576
v 0.023057029 0 -0.037908506
v 0.023057029 -0.025800001 -0.037908506
v 0.0094838068 0 -0.033721883
f 2341//2341 2342//2341 2343//2341
vn -0.29474479 1.3617258e-18 -0.955576
v 0.0094838068 0 -0.033721883
v 0.023057029 -0.025800001 -0.037908506
v 0.0094838068 -0.025800001 -0.033721883
f 2344//2344 2345//2344 2346//2344
vn -0.29474428 1.3617288e-18 -0.95557618
v 0.0094838068 0 -0.033721883
v 0.0094838068 -0.025800001 -0.033721883
v 0.0018 2.0816682e-17 -0.031351838
f 2347//2347 2348//2347 2349//2347
vn -0.29474428 1.3617288e-18 -0.95557618
v 0.0018 2.0816682e-17 -0.031351838
v 0.0094838068 -0.025800001 -0.033721883
v 0.0018 -0.025800001 -0.031351838
f 2350//2350 2351//2350 2352//2350
vn 0.29474422 -1.3617291e-18 0.95557618
v 0.029545931 -0.025800001 -0.037817009
v 0.029545931 2.0816682e-17 -0.037817009
v 0.027182903 -0.025800001 -0.037088141
f 2353//2353 2354//2353 2355//2353
vn 0.29474422 -1.3617291e-18 0.95557618
v 0.027182903 -0.025800001 -0.037088141
v 0.029545931 2.0816682e-17 -0.037817009
v 0.027182903 0 -0.037088141
f 2356//2356 2357//2356 2358//2356
vn 0.29474509 -1.3617241e-18 0.95557594
v 0.027182903 -0.025800001 -0.037088141
v 0.027182903 0 -0.037088141
v 0.025644755 -0.025800001 -0.036613703
f 2359//2359 2360//2359 2361//2359
vn 0.29474509 -1.3617241e-18 0.95557594
v 0.025644755 -0.025800001 -0.036613703
v 0.027182903 0 -0.037088141
v 0.025644755 0 -0.036613703
f 2362//2362 2363//2362 2364//2362
vn 0.29474479 -1.3617258e-18 0.955576
v 0.025644755 -0.025800001 -0.036613703
v 0.025644755 0 -0.036613703
v 0.016269343 -0.025800001 -0.033721883
f 2365//2365 2366//2365 2367//2365
vn 0.29474479 -1.3617258e-18 0.955576
v 0.016269343 -0.025800001 -0.033721883
v 0.025644755 0 -0.036613703
v 0.016269343 0 -0.033721883
f 2368//2368 2369//2368 2370//2368
vn 0.29474452 -1.3617274e-18 0.95557612
v 0.016269343 -0.025800001 -0.033721883
v 0.016269343 0 -0.033721883
v 0.0018 -0.025800001 -0.029258858
f 2371//2371 2372//2371 2373//2371
vn 0.29474452 -1.3617274e-18 0.95557612
v 0.0018 -0.025800001 -0.029258858
v 0.016269343 0 -0.033721883
v 0.0018 2.0816682e-17 -0.029258858
f 2374//2374 2375//2374 2376//2374
vn -0.98082775 -5.5592009e-18 0.19487667
v 0.029175138 -0.025800001 -0.039795619
v 0.029175138 0 -0.039795619
v 0.028320845 -0.025800001 -0.044095334
f 2377//2377 2378//2377 2379//2377
vn -0.98082775 -5.5592009e-18 0.19487667
v 0.028320845 -0.025800001 -0.044095334
v 0.029175138 0 -0.039795619
v 0.028320845 0 -0.044095334
f 2380//2380 2381//2380 2382//2380
vn 1 5.0737902e-18 -1.110223e-16
v 0.0018 -0.025800001 -0.031351838
v 0.0018 -0.025800001 -0.033687092
v 0.0018 0 -0.031351838
f 2383//2383 2384//2383 2385//2383
vn 1 5.0737902e-18 -1.110223e-16
v 0.0018 0 -0.031351838
v 0.0018 -0.025800001 -0.033687092
v 0.0018 0 -0.033687092
f 2386//2386 2387//2386 2388//2386
vn -0.36532816 9.2975525e-19 -0.93087882
v 0.0018 -0.025800001 -0.035835601
v 0.0018 -4.1633363e-17 -0.035835601
v 0.0070818886 -0.025800001 -0.037908506
f 2389//2389 2390//2389 2391//2389
vn -0.36532816 9.2975525e-19 -0.93087882
v 0.0070818886 -0.025800001 -0.037908506
v 0.0018 -4.1633363e-17 -0.035835601
v 0.0070818886 0 -0.037908506
f 2392//2392 2393//2392 2394//2392
vn -0.36532804 9.2975597e-19 -0.93087882
v 0.0070818886 -0.025800001 -0.037908506
v 0.0070818886 0 -0.037908506
v 0.020176794 -0.025800001 -0.043047667
f 2395//2395 2396//2395 2397//2395
vn -0.36532804 9.2975597e-19 -0.93087882
v 0.020176794 -0.025800001 -0.043047667
v 0.0070818886 0 -0.037908506
v 0.020176794 0 -0.043047667
f 2398//2398 2399//2398 2400//2398
vn -0.36532834 9.2975401e-19 -0.9308787
v 0.020176794 -0.025800001 -0.043047667
v 0.020176794 0 -0.043047667
v 0.024943326 -0.025800001 -0.044918317
f 2401//2401 2402//2401 2403//2401
vn -0.36532834 9.2975401e-19 -0.9308787
v 0.024943326 -0.025800001 -0.044918317
v 0.020176794 0 -0.043047667
v 0.024943326 0 -0.044918317
f 2404//2404 2405//2404 2406//2404
vn -0.3653248 9.2977624e-19 -0.93088013
v 0.024943326 -0.025800001 -0.044918317
v 0.024943326 0 -0.044918317
v 0.025644755 -0.025800001 -0.045193594
f 2407//2407 2408//2407 2409//2407
vn -0.3653248 9.2977624e-19 -0.93088013
v 0.025644755 -0.025800001 -0.045193594
v 0.024943326 0 -0.044918317
v 0.025644755 0 -0.045193594
f 2410//2410 2411//2410 2412//2410
vn -0.36532977 9.2974511e-19 -0.93087816
v 0.025644755 -0.025800001 -0.045193594
v 0.025644755 0 -0.045193594
v 0.027182903 -0.025800001 -0.045797251
f 2413//2413 2414//2413 2415//2413
vn -0.36532977 9.2974511e-19 -0.93087816
v 0.027182903 -0.025800001 -0.045797251
v 0.025644755 0 -0.045193594
v 0.027182903 0 -0.045797251
f 2416//2416 2417//2416 2418//2416
vn -0.36532855 9.2975266e-19 -0.93087864
v 0.027182903 -0.025800001 -0.045797251
v 0.027182903 0 -0.045797251
v 0.027903926 -0.025800001 -0.04608022
f 2419//2419 2420//2419 2421//2419
vn -0.36532855 9.2975266e-19 -0.93087864
v 0.027903926 -0.025800001 -0.04608022
v 0.027182903 0 -0.045797251
v 0.027903926 -4.1633363e-17 -0.04608022
f 2422//2422 2423//2422 2424//2422
vn 0.3653284 -9.297537e-19 0.9308787
v 0.028320845 -0.025800001 -0.044095334
v 0.028320845 -2.7755576e-17 -0.044095334
v 0.027182903 -0.025800001 -0.043648742
f 2425//2425 2426//2425 2427//2425
vn 0.3653284 -9.297537e-19 0.9308787
v 0.027182903 -0.025800001 -0.043648742
v 0.028320845 -2.7755576e-17 -0.044095334
v 0.027182903 0 -0.043648742
f 2428//2428 2429//2428 2430//2428
vn 0.36532801 -9.2975607e-19 0.93087888
v 0.027182903 -0.025800001 -0.043648742
v 0.027182903 0 -0.043648742
v 0.025651325 -0.025800001 -0.043047667
f 2431//2431 2432//2431 2433//2431
vn 0.36532801 -9.2975607e-19 0.93087888
v 0.025651325 -0.025800001 -0.043047667
v 0.027182903 0 -0.043648742
v 0.025651325 0 -0.043047667
f 2434//2434 2435//2434 2436//2434
vn 0.36528489 -9.3002553e-19 0.93089581
v 0.025651325 -0.025800001 -0.043047667
v 0.025651325 0 -0.043047667
v 0.025644755 -0.025800001 -0.043045089
f 2437//2437 2438//2437 2439//2437
vn 0.36528489 -9.3002553e-19 0.93089581
v 0.025644755 -0.025800001 -0.043045089
v 0.025651325 0 -0.043047667
v 0.025644755 0 -0.043045089
f 2440//2440 2441//2440 2442//2440
vn 0.36532804 -9.2975587e-19 0.93087882
v 0.025644755 -0.025800001 -0.043045089
v 0.025644755 0 -0.043045089
v 0.012556419 -0.025800001 -0.037908506
f 2443//2443 2444//2443 2445//2443
vn 0.36532804 -9.2975587e-19 0.93087882
v 0.012556419 -0.025800001 -0.037908506
v 0.025644755 0 -0.043045089
v 0.012556419 0 -0.037908506
f 2446//2446 2447//2446 2448//2446
vn 0.36532837 -9.297539e-19 0.9308787
v 0.012556419 -0.025800001 -0.037908506
v 0.012556419 0 -0.037908506
v 0.0018886514 -0.025800001 -0.033721883
f 2449//2449 2450//2449 2451//2449
vn 0.36532837 -9.297539e-19 0.9308787
v 0.0018886514 -0.025800001 -0.033721883
v 0.012556419 0 -0.037908506
v 0.0018886514 0 -0.033721883
f 2452//2452 2453//2452 2454//2452
vn 0.36531702 -9.2982473e-19 0.93088317
v 0.0018886514 -0.025800001 -0.033721883
v 0.0018886514 0 -0.033721883
v 0.0018 -0.025800001 -0.033687092
f 2455//2455 2456//2455 2457//2455
vn 0.36531702 -9.2982473e-19 0.93088317
v 0.0018 -0.025800001 -0.033687092
v 0.0018886514 0 -0.033721883
v 0.0018 -2.7755576e-17 -0.033687092
f 2458//2458 2459//2458 2460//2458
vn -0.97629803 -5.600665e-18 0.21643054
v 0.027903926 -0.025800001 -0.04608022
v 0.027903926 0 -0.04608022
v 0.02692767 -0.025800001 -0.050484017
f 2461//2461 2462//2461 2463//2461
vn -0.97629803 -5.600665e-18 0.21643054
v 0.02692767 -0.025800001 -0.050484017
v 0.027903926 0 -0.04608022
v 0.02692767 0 -0.050484017
f 2464//2464 2465//2464 2466//2464
vn 1 5.0737902e-18 -1.110223e-16
v 0.0018 0 -0.035835601
v 0.0018 -0.025800001 -0.035835601
v 0.0018 0 -0.037908506
f 2467//2467 2468//2467 2469//2467
vn 1 5.0737902e-18 -1.110223e-16
v 0.0018 0 -0.037908506
v 0.0018 -0.025800001 -0.035835601
v 0.0018 -0.025800001 -0.037908506
f 2470//2470 2471//2470 2472//2470
vn 1 5.0737902e-18 -1.110223e-16
v 0.0018 0 -0.037908506
v 0.0018 -0.025800001 -0.037908506
v 0.0018 0 -0.038383681
f 2473//2473 2474//2473 2475//2473
vn 1 5.0737902e-18 -1.110223e-16
v 0.0018 0 -0.038383681
v 0.0018 -0.025800001 -0.037908506
v 0.0018 -0.025800001 -0.038383681
f 2476//2476 2477//2476 2478//2476
vn -0.43387046 4.9257354e-19 -0.90097529
v 0.026461879 0 -0.052479528
v 0.026461879 -0.025800001 -0.052479528
v 0.025644755 0 -0.052086037
f 2479//2479 2480//2479 2481//2479
vn -0.43387046 4.9257354e-19 -0.90097529
v 0.025644755 0 -0.052086037
v 0.026461879 -0.025800001 -0.052479528
v 0.025644755 -0.025800001 -0.052086037
f 2482//2482 2483//2482 2484//2482
vn -0.43386865 4.9258523e-19 -0.90097612
v 0.025644755 0 -0.052086037
v 0.025644755 -0.025800001 -0.052086037
v 0.02322471 0 -0.050920654
f 2485//2485 2486//2485 2487//2485
vn -0.43386865 4.9258523e-19 -0.90097612
v 0.02322471 0 -0.050920654
v 0.025644755 -0.025800001 -0.052086037
v 0.02322471 -0.025800001 -0.050920654
f 2488//2488 2489//2488 2490//2488
vn -0.43386871 4.9258502e-19 -0.90097612
v 0.02322471 0 -0.050920654
v 0.02322471 -0.025800001 -0.050920654
v 0.010760196 0 -0.044918317
f 2491//2491 2492//2491 2493//2491
vn -0.43386871 4.9258502e-19 -0.90097612
v 0.010760196 0 -0.044918317
v 0.02322471 -0.025800001 -0.050920654
v 0.010760196 -0.025800001 -0.044918317
f 2494//2494 2495//2494 2496//2494
vn -0.43386897 4.9258321e-19 -0.900976
v 0.010760196 0 -0.044918317
v 0.010760196 -0.025800001 -0.044918317
v 0.0068755872 0 -0.043047667
f 2497//2497 2498//2497 2499//2497
vn -0.43386897 4.9258321e-19 -0.900976
v 0.0068755872 0 -0.043047667
v 0.010760196 -0.025800001 -0.044918317
v 0.0068755872 -0.025800001 -0.043047667
f 2500//2500 2501//2500 2502//2500
vn -0.43386883 4.9258419e-19 -0.90097606
v 0.0068755872 0 -0.043047667
v 0.0068755872 -0.025800001 -0.043047667
v 0.0018 0 -0.040603496
f 2503//2503 2504//2503 2505//2503
vn -0.43386883 4.9258419e-19 -0.90097606
v 0.0018 0 -0.040603496
v 0.0068755872 -0.025800001 -0.043047667
v 0.0018 -0.025800001 -0.040603496
f 2506//2506 2507//2506 2508//2506
vn 0.43386957 -4.9257923e-19 0.9009757
v 0.02692767 -0.025800001 -0.050484017
v 0.02692767 0 -0.050484017
v 0.025644755 -0.025800001 -0.049866222
f 2509//2509 2510//2509 2511//2509
vn 0.43386957 -4.9257923e-19 0.9009757
v 0.025644755 -0.025800001 -0.049866222
v 0.02692767 0 -0.050484017
v 0.025644755 0 -0.049866222
f 2512//2512 2513//2512 2514//2512
vn 0.43386868 -4.9258523e-19 0.90097612
v 0.025644755 -0.025800001 -0.049866222
v 0.025644755 0 -0.049866222
v 0.015369886 -0.025800001 -0.044918317
f 2515//2515 2516//2515 2517//2515
vn 0.43386868 -4.9258523e-19 0.90097612
v 0.015369886 -0.025800001 -0.044918317
v 0.025644755 0 -0.049866222
v 0.015369886 0 -0.044918317
f 2518//2518 2519//2518 2520//2518
vn 0.43386891 -4.9258347e-19 0.900976
v 0.015369886 -0.025800001 -0.044918317
v 0.015369886 0 -0.044918317
v 0.011485276 -0.025800001 -0.043047667
f 2521//2521 2522//2521 2523//2521
vn 0.43386891 -4.9258347e-19 0.900976
v 0.011485276 -0.025800001 -0.043047667
v 0.015369886 0 -0.044918317
v 0.011485276 0 -0.043047667
f 2524//2524 2525//2524 2526//2524
vn 0.4338688 -4.925843e-19 0.90097606
v 0.011485276 -0.025800001 -0.043047667
v 0.011485276 0 -0.043047667
v 0.0018 -0.025800001 -0.038383681
f 2527//2527 2528//2527 2529//2527
vn 0.4338688 -4.925843e-19 0.90097606
v 0.0018 -0.025800001 -0.038383681
v 0.011485276 0 -0.043047667
v 0.0018 0 -0.038383681
f 2530//2530 2531//2530 2532//2530
vn -0.97115719 -5.6403903e-18 0.23844004
v 0.026461879 -0.025800001 -0.052479528
v 0.026461879 0 -0.052479528
v 0.025345754 -0.025800001 -0.057025462
f 2533//2533 2534//2533 2535//2533
vn -0.97115719 -5.6403903e-18 0.23844004
v 0.025345754 -0.025800001 -0.057025462
v 0.026461879 0 -0.052479528
v 0.025345754 0 -0.057025462
f 2536//2536 2537//2536 2538//2536
vn 1 5.0737902e-18 -1.110223e-16
v 0.0018 0 -0.040603496
v 0.0018 -0.025800001 -0.040603496
v 0.0018 0 -0.043047667
f 2539//2539 2540//2539 2541//2539
vn 1 5.0737902e-18 -1.110223e-16
v 0.0018 0 -0.043047667
v 0.0018 -0.025800001 -0.040603496
v 0.0018 -0.025800001 -0.043047667
f 2542//2542 2543//2542 2544//2542
vn 1 5.0737902e-18 -1.110223e-16
v 0.0018 0 -0.043047667
v 0.0018 -0.025800001 -0.043047667
v 0.0018 0 -0.043431923
f 2545//2545 2546//2545 2547//2545
vn 1 5.0737902e-18 -1.110223e-16
v 0.0018 0 -0.043431923
v 0.0018 -0.025800001 -0.043047667
v 0.0018 -0.025800001 -0.043431923
f 2548//2548 2549//2548 2550//2548
vn -0.49998313 5.2659733e-20 -0.86603516
v 0.024827629 1.3877788e-17 -0.059035711
v 0.024827629 -0.025800001 -0.059035711
v 0.0018 1.3877788e-17 -0.045741301
f 2551//2551 2552//2551 2553//2551
vn -0.49998313 5.2659733e-20 -0.86603516
v 0.0018 1.3877788e-17 -0.045741301
v 0.024827629 -0.025800001 -0.059035711
v 0.0018 -0.025800001 -0.045741301
f 2554//2554 2555//2554 2556//2554
vn 0.49998322 -5.2659032e-20 0.8660351
v 0.025345754 -0.025800001 -0.057025462
v 0.025345754 4.8572257e-17 -0.057025462
v 0.0018 -0.025800001 -0.043431923
f 2557//2557 2558//2557 2559//2557
vn 0.49998322 -5.2659032e-20 0.8660351
v 0.0018 -0.025800001 -0.043431923
v 0.025345754 4.8572257e-17 -0.057025462
v 0.0018 4.8572257e-17 -0.043431923
f 2560//2560 2561//2560 2562//2560
vn -0.96532482 -5.6784075e-18 0.26105163
v 0.024827629 -0.025800001 -0.059035711
v 0.024827629 0 -0.059035711
v 0.023548916 -0.025800001 -0.063764177
f 2563//2563 2564//2563 2565//2563
vn -0.96532482 -5.6784075e-18 0.26105163
v 0.023548916 -0.025800001 -0.063764177
v 0.024827629 0 -0.059035711
v 0.023548916 0 -0.063764177
f 2566//2566 2567//2566 2568//2566
vn 1 5.0737902e-18 -1.110223e-16
v 0.0018 -0.025800001 -0.045741301
v 0.0018 -0.025800001 -0.048936721
v 0.0018 0 -0.045741301
f 2569//2569 2570//2569 2571//2569
vn 1 5.0737902e-18 -1.110223e-16
v 0.0018 0 -0.045741301
v 0.0018 -0.025800001 -0.048936721
v 0.0018 0 -0.048936721
f 2572//2572 2573//2572 2574//2572
vn -0.56330186 -3.8756131e-19 -0.82625121
v 0.022974243 0 -0.065792963
v 0.022974243 -0.025800001 -0.065792963
v 0.0018 0 -0.051357292
f 2575//2575 2576//2575 2577//2575
vn -0.56330186 -3.8756131e-19 -0.82625121
v 0.0018 0 -0.051357292
v 0.022974243 -0.025800001 -0.065792963
v 0.0018 -0.025800001 -0.051357292
f 2578//2578 2579//2578 2580//2578
vn 0.5633018 3.8756103e-19 0.82625121
v 0.023548916 -0.025800001 -0.063764177
v 0.023548916 0 -0.063764177
v 0.0018 -0.025800001 -0.048936721
f 2581//2581 2582//2581 2583//2581
vn 0.5633018 3.8756103e-19 0.82625121
v 0.0018 -0.025800001 -0.048936721
v 0.023548916 0 -0.063764177
v 0.0018 0 -0.048936721
f 2584//2584 2585//2584 2586//2584
vn -0.95869917 -5.7146683e-18 0.28442201
v 0.022974243 -0.025800001 -0.065792963
v 0.022974243 0 -0.065792963
v 0.021504438 -0.025800001 -0.070747226
f 2587//2587 2588//2587 2589//2587
vn -0.95869917 -5.7146683e-18 0.28442201
v 0.021504438 -0.025800001 -0.070747226
v 0.022974243 0 -0.065792963
v 0.021504438 0 -0.070747226
f 2590//2590 2591//2590 2592//2590
vn 1 5.0737902e-18 -1.110223e-16
v 0.0018 -0.025800001 -0.051357292
v 0.0018 -0.025800001 -0.055034269
v 0.0018 0 -0.051357292
f 2593//2593 2594//2593 2595//2593
vn 1 5.0737902e-18 -1.110223e-16
v 0.0018 0 -0.051357292
v 0.0018 -0.025800001 -0.055034269
v 0.0018 0 -0.055034269
f 2596//2596 2597//2596 2598//2596
vn -0.62347025 -8.256128e-19 -0.78184706
v 0.020868191 -2.0816682e-17 -0.072797909
v 0.020868191 -0.025800001 -0.072797909
v 0.0018 -2.0816682e-17 -0.057592314
f 2599//2599 2600//2599 2601//2599
vn -0.62347025 -8.256128e-19 -0.78184706
v 0.0018 -2.0816682e-17 -0.057592314
v 0.020868191 -0.025800001 -0.072797909
v 0.0018 -0.025800001 -0.057592314
f 2602//2602 2603//2602 2604//2602
vn 0.62347025 8.2561259e-19 0.78184706
v 0.021504438 -0.025800001 -0.070747226
v 0.021504438 -5.5511151e-17 -0.070747226
v 0.0018 -0.025800001 -0.055034269
f 2605//2605 2606//2605 2607//2605
vn 0.62347025 8.2561259e-19 0.78184706
v 0.0018 -0.025800001 -0.055034269
v 0.021504438 -5.5511151e-17 -0.070747226
v 0.0018 -5.5511151e-17 -0.055034269
f 2608//2608 2609//2608 2610//2608
vn -0.95115447 -5.749026e-18 0.30871534
v 0.020868191 -0.025800001 -0.072797909
v 0.020868191 0 -0.072797909
v 0.019171512 -0.025800001 -0.078025393
f 2611//2611 2612//2611 2613//2611
vn -0.95115447 -5.749026e-18 0.30871534
v 0.019171512 -0.025800001 -0.078025393
v 0.020868191 0 -0.072797909
v 0.019171512 0 -0.078025393
f 2614//2614 2615//2614 2616//2614
vn 1 5.0737902e-18 -1.110223e-16
v 0.0018 -0.025800001 -0.057592314
v 0.0018 -0.025800001 -0.06190763
v 0.0018 0 -0.057592314
f 2617//2617 2618//2617 2619//2617
vn 1 5.0737902e-18 -1.110223e-16
v 0.0018 0 -0.057592314
v 0.0018 -0.025800001 -0.06190763
v 0.0018 0 -0.06190763
f 2620//2620 2621//2620 2622//2620
vn -0.68015808 -1.2590931e-18 -0.73306549
v 0.018750858 4.8572257e-17 -0.079272062
v 0.018750858 -0.025800001 -0.079272062
v 0.018396745 0 -0.078943506
f 2623//2623 2624//2623 2625//2623
vn -0.68015808 -1.2590931e-18 -0.73306549
v 0.018396745 0 -0.078943506
v 0.018750858 -0.025800001 -0.079272062
v 0.018396745 -0.025800001 -0.078943506
f 2626//2626 2627//2626 2628//2626
vn -0.68015826 -1.2590945e-18 -0.73306531
v 0.018396745 0 -0.078943506
v 0.018396745 -0.025800001 -0.078943506
v 0.0097677065 0 -0.070937246
f 2629//2629 2630//2629 2631//2629
vn -0.68015826 -1.2590945e-18 -0.73306531
v 0.0097677065 0 -0.070937246
v 0.018396745 -0.025800001 -0.078943506
v 0.0097677065 -0.025800001 -0.070937246
f 2632//2632 2633//2632 2634//2632
vn -0.68015814 -1.2590936e-18 -0.73306543
v 0.0097677065 0 -0.070937246
v 0.0097677065 -0.025800001 -0.070937246
v 0.0057997829 0 -0.067255698
f 2635//2635 2636//2635 2637//2635
vn -0.68015814 -1.2590936e-18 -0.73306543
v 0.0057997829 0 -0.067255698
v 0.0097677065 -0.025800001 -0.070937246
v 0.0057997829 -0.025800001 -0.067255698
f 2638//2638 2639//2638 2640//2638
vn -0.68015778 -1.2590909e-18 -0.73306572
v 0.0057997829 0 -0.067255698
v 0.0057997829 -0.025800001 -0.067255698
v 0.0018 4.8572257e-17 -0.063544594
f 2641//2641 2642//2641 2643//2641
vn -0.68015778 -1.2590909e-18 -0.73306572
v 0.0018 4.8572257e-17 -0.063544594
v 0.0057997829 -0.025800001 -0.067255698
v 0.0018 -0.025800001 -0.063544594
f 2644//2644 2645//2644 2646//2644
vn 0.68015796 1.2590923e-18 0.73306555
v 0.0018 4.8572257e-17 -0.06190763
v 0.0018 -0.025800001 -0.06190763
v 0.007564079 0 -0.067255698
f 2647//2647 2648//2647 2649//2647
vn 0.68015796 1.2590923e-18 0.73306555
v 0.007564079 0 -0.067255698
v 0.0018 -0.025800001 -0.06190763
v 0.007564079 -0.025800001 -0.067255698
f 2650//2650 2651//2650 2652//2650
vn 0.6801582 1.2590941e-18 0.73306537
v 0.007564079 0 -0.067255698
v 0.007564079 -0.025800001 -0.067255698
v 0.019171512 4.8572257e-17 -0.078025393
f 2653//2653 2654//2653 2655//2653
vn 0.6801582 1.2590941e-18 0.73306537
v 0.019171512 4.8572257e-17 -0.078025393
v 0.007564079 -0.025800001 -0.067255698
v 0.019171512 -0.025800001 -0.078025393
f 2656//2656 2657//2656 2658//2656
vn -0.94333655 -5.7784956e-18 0.33183753
v 0.018750858 -0.025800001 -0.079272062
v 0.018750858 0 -0.079272062
v 0.016685268 -0.025800001 -0.08514405
f 2659//2659 2660//2659 2661//2659
vn -0.94333655 -5.7784956e-18 0.33183753
v 0.016685268 -0.025800001 -0.08514405
v 0.018750858 0 -0.079272062
v 0.016685268 0 -0.08514405
f 2662//2662 2663//2662 2664//2662
vn 1 5.0737902e-18 -1.110223e-16
v 0.0018 0 -0.063544594
v 0.0018 -0.025800001 -0.063544594
v 0.0018 0 -0.067255698
f 2665//2665 2666//2665 2667//2665
vn 1 5.0737902e-18 -1.110223e-16
v 0.0018 0 -0.067255698
v 0.0018 -0.025800001 -0.063544594
v 0.0018 -0.025800001 -0.067255698
f 2668//2668 2669//2668 2670//2668
vn 1 5.0737902e-18 -1.110223e-16
v 0.0018 0 -0.067255698
v 0.0018 -0.025800001 -0.067255698
v 0.0018 0 -0.069379367
f 2671//2671 2672//2671 2673//2671
vn 1 5.0737902e-18 -1.110223e-16
v 0.0018 0 -0.069379367
v 0.0018 -0.025800001 -0.067255698
v 0.0018 -0.025800001 -0.069379367
f 2674//2674 2675//2674 2676//2674
vn -0.72709602 -1.6363718e-18 -0.68653578
v 0.016223971 3.469447e-17 -0.086403407
v 0.016223971 -0.025800001 -0.086403407
v 0.0018 3.469447e-17 -0.071127273
f 2677//2677 2678//2677 2679//2677
vn -0.72709602 -1.6363718e-18 -0.68653578
v 0.0018 3.469447e-17 -0.071127273
v 0.016223971 -0.025800001 -0.086403407
v 0.0018 -0.025800001 -0.071127273
f 2680//2680 2681//2680 2682//2680
vn 0.72709602 1.6363716e-18 0.68653578
v 0.016685268 -0.025800001 -0.08514405
v 0.016685268 0 -0.08514405
v 0.0018 -0.025800001 -0.069379367
f 2683//2683 2684//2683 2685//2683
vn 0.72709602 1.6363716e-18 0.68653578
v 0.0018 -0.025800001 -0.069379367
v 0.016685268 0 -0.08514405
v 0.0018 0 -0.069379367
f 2686//2686 2687//2686 2688//2686
vn -0.93425143 -5.8064849e-18 0.35661498
v 0.016223971 -0.025800001 -0.086403407
v 0.016223971 0 -0.086403407
v 0.013866414 -0.025800001 -0.092579678
f 2689//2689 2690//2689 2691//2689
vn -0.93425143 -5.8064849e-18 0.35661498
v 0.013866414 -0.025800001 -0.092579678
v 0.016223971 0 -0.086403407
v 0.013866414 0 -0.092579678
f 2692//2692 2693//2692 2694//2692
vn 1 5.0737902e-18 -1.110223e-16
v 0.0018 -0.025800001 -0.071127273
v 0.0018 -0.025800001 -0.077977806
v 0.0018 0 -0.071127273
f 2695//2695 2696//2695 2697//2695
vn 1 5.0737902e-18 -1.110223e-16
v 0.0018 0 -0.071127273
v 0.0018 -0.025800001 -0.077977806
v 0.0018 0 -0.077977806
f 2698//2698 2699//2698 2700//2698
vn -0.77085805 -2.0065034e-18 -0.637007
v 0.013360944 5.5511151e-17 -0.093851805
v 0.013360944 -0.025800001 -0.093851805
v 0.0018 5.5511151e-17 -0.079861619
f 2701//2701 2702//2701 2703//2701
vn -0.77085805 -2.0065034e-18 -0.637007
v 0.0018 5.5511151e-17 -0.079861619
v 0.013360944 -0.025800001 -0.093851805
v 0.0018 -0.025800001 -0.079861619
f 2704//2704 2705//2704 2706//2704
vn 0.77085811 2.0065038e-18 0.63700694
v 0.013866414 -0.025800001 -0.092579678
v 0.013866414 -6.9388939e-18 -0.092579678
v 0.0018 -0.025800001 -0.077977806
f 2707//2707 2708//2707 2709//2707
vn 0.77085811 2.0065038e-18 0.63700694
v 0.0018 -0.025800001 -0.077977806
v 0.013866414 -6.9388939e-18 -0.092579678
v 0.0018 -6.9388939e-18 -0.077977806
f 2710//2710 2711//2710 2712//2710
vn -0.92394048 -5.8316746e-18 0.38253632
v 0.013360944 -0.025800001 -0.093851805
v 0.013360944 0 -0.093851805
v 0.01066222 -0.025800001 -0.10037003
f 2713//2713 2714//2713 2715//2713
vn -0.92394048 -5.8316746e-18 0.38253632
v 0.01066222 -0.025800001 -0.10037003
v 0.013360944 0 -0.093851805
v 0.01066222 0 -0.10037003
f 2716//2716 2717//2716 2718//2716
vn 1 5.0737902e-18 -1.110223e-16
v 0.0018 0 -0.079861619
v 0.0018 -0.025800001 -0.079861619
v 0.0018 0 -0.087635145
f 2719//2719 2720//2719 2721//2719
vn 1 5.0737902e-18 -1.110223e-16
v 0.0018 0 -0.087635145
v 0.0018 -0.025800001 -0.079861619
v 0.0018 -0.025800001 -0.087635145
f 2722//2722 2723//2722 2724//2722
vn 1 5.0737902e-18 -1.110223e-16
v 0.0018 0 -0.087635145
v 0.0018 -0.025800001 -0.087635145
v 0.0018 0 -0.088073894
f 2725//2725 2726//2725 2727//2725
vn 1 5.0737902e-18 -1.110223e-16
v 0.0018 0 -0.088073894
v 0.0018 -0.025800001 -0.087635145
v 0.0018 -0.025800001 -0.088073894
f 2728//2728 2729//2728 2730//2728
vn -0.81125265 -2.3678692e-18 -0.58469576
v 0.010108701 -2.0816682e-17 -0.10165439
v 0.010108701 -0.025800001 -0.10165439
v 0.0018 -2.0816682e-17 -0.090126246
f 2731//2731 2732//2731 2733//2731
vn -0.81125265 -2.3678692e-18 -0.58469576
v 0.0018 -2.0816682e-17 -0.090126246
v 0.010108701 -0.025800001 -0.10165439
v 0.0018 -0.025800001 -0.090126246
f 2734//2734 2735//2734 2736//2734
vn 0.81125271 2.3678696e-18 0.5846957
v 0.01066222 -0.025800001 -0.10037003
v 0.01066222 -2.0816682e-17 -0.10037003
v 0.0018 -0.025800001 -0.088073894
f 2737//2737 2738//2737 2739//2737
vn 0.81125271 2.3678696e-18 0.5846957
v 0.0018 -0.025800001 -0.088073894
v 0.01066222 -2.0816682e-17 -0.10037003
v 0.0018 -2.0816682e-17 -0.088073894
f 2740//2740 2741//2740 2742//2740
vn -0.91220766 -5.8534493e-18 0.40972823
v 0.010108701 -0.025800001 -0.10165439
v 0.010108701 0 -0.10165439
v 0.0070103402 -0.025800001 -0.10855249
f 2743//2743 2744//2743 2745//2743
vn -0.91220766 -5.8534493e-18 0.40972823
v 0.0070103402 -0.025800001 -0.10855249
v 0.010108701 0 -0.10165439
v 0.0070103402 0 -0.10855249
f 2746//2746 2747//2746 2748//2746
vn 1 5.0737902e-18 -1.110223e-16
v 0.0018 -0.025800001 -0.090126246
v 0.0018 -0.025800001 -0.10021226
v 0.0018 0 -0.090126246
f 2749//2749 2750//2749 2751//2749
vn 1 5.0737902e-18 -1.110223e-16
v 0.0018 0 -0.090126246
v 0.0018 -0.025800001 -0.10021226
v 0.0018 0 -0.10021226
f 2752//2752 2753//2752 2754//2752
vn -0.84810358 -2.7188916e-18 -0.52983052
v 0.0064045931 0 -0.10984775
v 0.0064045931 -0.025800001 -0.10984775
v 0.0018 0 -0.10247714
f 2755//2755 2756//2755 2757//2755
vn -0.84810358 -2.7188916e-18 -0.52983052
v 0.0018 0 -0.10247714
v 0.0064045931 -0.025800001 -0.10984775
v 0.0018 -0.025800001 -0.10247714
f 2758//2758 2759//2758 2760//2758
vn 0.84810364 2.7188922e-18 0.5298304
v 0.0070103402 -0.025800001 -0.10855249
v 0.0070103402 -4.8572257e-17 -0.10855249
v 0.0018 -0.025800001 -0.10021226
f 2761//2761 2762//2761 2763//2761
vn 0.84810364 2.7188922e-18 0.5298304
v 0.0018 -0.025800001 -0.10021226
v 0.0070103402 -4.8572257e-17 -0.10855249
v 0.0018 -4.8572257e-17 -0.10021226
f 2764//2764 2765//2764 2766//2764
vn -0.89711249 -5.8727615e-18 0.44180217
v 0.0064045931 -0.025800001 -0.10984775
v 0.0064045931 0 -0.10984775
v 0.0018 -0.025800001 -0.11919772
f 2767//2767 2768//2767 2769//2767
vn -0.89711249 -5.8727615e-18 0.44180217
v 0.0018 -0.025800001 -0.11919772
v 0.0064045931 0 -0.10984775
v 0.0018 0 -0.11919772
f 2770//2770 2771//2770 2772//2770
vn 1 5.0737902e-18 -1.110223e-16
v 0.0018 0 -0.10247714
v 0.0018 -0.025800001 -0.10247714
v 0.0018 0 -0.11387511
f 2773//2773 2774//2773 2775//2773
vn 1 5.0737902e-18 -1.110223e-16
v 0.0018 0 -0.11387511
v 0.0018 -0.025800001 -0.10247714
v 0.0018 -0.025800001 -0.11387511
f 2776//2776 2777//2776 2778//2776
vn 1 5.0737902e-18 -1.110223e-16
v 0.0018 0 -0.11387511
v 0.0018 -0.025800001 -0.11387511
v 0.0018 0 -0.11919772
f 2779//2779 2780//2779 2781//2779
vn 1 5.0737902e-18 -1.110223e-16
v 0.0018 0 -0.11919772
v 0.0018 -0.025800001 -0.11387511
v 0.0018 -0.025800001 -0.11919772
f 2782//2782 2783//2782 2784//2782
vn 1.110223e-16 -2.990028e-18 1
v 0.036724027 -0.025800001 0
v 0.036724027 0 0
v 0.032911129 -0.025800001 0
f 2785//2785 2786//2785 2787//2785
vn 1.110223e-16 -2.990028e-18 1
v 0.032911129 -0.025800001 0
v 0.036724027 0 0
v 0.032911129 0 0
f 2788//2788 2789//2788 2790//2788
vn 1.110223e-16 -2.990028e-18 1
v 0.032911129 -0.025800001 0
v 0.032911129 0 0
v 0.032465581 -0.025800001 0
f 2791//2791 2792//2791 2793//2791
vn 1.110223e-16 -2.990028e-18 1
v 0.032465581 -0.025800001 0
v 0.032911129 0 0
v 0.032465581 0 0
f 2794//2794 2795//2794 2796//2794
vn 1.110223e-16 -2.990028e-18 1
v 0.032465581 -0.025800001 0
v 0.032465581 0 0
v 0.031688031 -0.025800001 0
f 2797//2797 2798//2797 2799//2797
vn 1.110223e-16 -2.990028e-18 1
v 0.031688031 -0.025800001 0
v 0.032465581 0 0
v 0.031688031 0 0
f 2800//2800 2801//2800 2802//2800
vn 1.110223e-16 -2.990028e-18 1
v 0.031688031 -0.025800001 0
v 0.031688031 0 0
v 0.027182903 -0.025800001 0
f 2803//2803 2804//2803 2805//2803
vn 1.110223e-16 -2.990028e-18 1
v 0.027182903 -0.025800001 0
v 0.031688031 0 0
v 0.027182903 0 0
f 2806//2806 2807//2806 2808//2806
vn 1.110223e-16 -2.990028e-18 1
v 0.027182903 -0.025800001 0
v 0.027182903 0 0
v 0.025644755 -0.025800001 0
f 2809//2809 2810//2809 2811//2809
vn 1.110223e-16 -2.990028e-18 1
v 0.025644755 -0.025800001 0
v 0.027182903 0 0
v 0.025644755 0 0
f 2812//2812 2813//2812 2814//2812
vn 1.110223e-16 -2.990028e-18 1
v 0.025644755 -0.025800001 0
v 0.025644755 0 0
v 0.003 -0.025800001 0
f 2815//2815 2816//2815 2817//2815
vn 1.110223e-16 -2.990028e-18 1
v 0.003 -0.025800001 0
v 0.025644755 0 0
v 0.003 0 0
f 2818//2818 2819//2818 2820//2818
vn -1 -5.0737902e-18 1.110223e-16
v -1.3877788e-17 0 -0.12236467
v -1.3877788e-17 -0.025800001 -0.12236467
v -1.3877788e-17 0 -0.11387511
f 2821//2821 2822//2821 2823//2821
vn -1 -5.0737902e-18 1.110223e-16
v -1.3877788e-17 0 -0.11387511
v -1.3877788e-17 -0.025800001 -0.12236467
v -1.3877788e-17 -0.025800001 -0.11387511
f 2824//2824 2825//2824 2826//2824
vn -1 -5.0737902e-18 1.110223e-16
v -1.3877788e-17 0 -0.11387511
v -1.3877788e-17 -0.025800001 -0.11387511
v -1.3877788e-17 0 -0.10142358
f 2827//2827 2828//2827 2829//2827
vn -1 -5.0737902e-18 1.110223e-16
v -1.3877788e-17 0 -0.10142358
v -1.3877788e-17 -0.025800001 -0.11387511
v -1.3877788e-17 -0.025800001 -0.10142358
f 2830//2830 2831//2830 2832//2830
vn -1 -5.0737902e-18 1.110223e-16
v -1.3877788e-17 0 -0.10142358
v -1.3877788e-17 -0.025800001 -0.10142358
v -6.9388939e-18 0 -0.087635145
f 2833//2833 2834//2833 2835//2833
vn -1 -5.0737902e-18 1.110223e-16
v -6.9388939e-18 0 -0.087635145
v -1.3877788e-17 -0.025800001 -0.10142358
v -6.9388939e-18 -0.025800001 -0.087635145
f 2836//2836 2837//2836 2838//2836
vn -1 -5.0737902e-18 1.110223e-16
v -6.9388939e-18 0 -0.087635145
v -6.9388939e-18 -0.025800001 -0.087635145
v -6.9388939e-18 0 -0.078943506
f 2839//2839 2840//2839 2841//2839
vn -1 -5.0737902e-18 1.110223e-16
v -6.9388939e-18 0 -0.078943506
v -6.9388939e-18 -0.025800001 -0.087635145
v -6.9388939e-18 -0.025800001 -0.078943506
f 2842//2842 2843//2842 2844//2842
vn -1 -5.0737902e-18 1.110223e-16
v -6.9388939e-18 0 -0.078943506
v -6.9388939e-18 -0.025800001 -0.078943506
v -6.9388939e-18 0 -0.070937246
f 2845//2845 2846//2845 2847//2845
vn -1 -5.0737902e-18 1.110223e-16
v -6.9388939e-18 0 -0.070937246
v -6.9388939e-18 -0.025800001 -0.078943506
v -6.9388939e-18 -0.025800001 -0.070937246
f 2848//2848 2849//2848 2850//2848
vn -1 -5.0737902e-18 1.110223e-16
v -6.9388939e-18 0 -0.070937246
v -6.9388939e-18 -0.025800001 -0.070937246
v -6.9388939e-18 0 -0.067255698
f 2851//2851 2852//2851 2853//2851
vn -1 -5.0737902e-18 1.110223e-16
v -6.9388939e-18 0 -0.067255698
v -6.9388939e-18 -0.025800001 -0.070937246
v -6.9388939e-18 -0.025800001 -0.067255698
f 2854//2854 2855//2854 2856//2854
vn -1 -5.0737902e-18 1.110223e-16
v -6.9388939e-18 0 -0.067255698
v -6.9388939e-18 -0.025800001 -0.067255698
v -6.9388939e-18 0 -0.050920654
f 2857//2857 2858//2857 2859//2857
vn -1 -5.0737902e-18 1.110223e-16
v -6.9388939e-18 0 -0.050920654
v -6.9388939e-18 -0.025800001 -0.067255698
v -6.9388939e-18 -0.025800001 -0.050920654
f 2860//2860 2861//2860 2862//2860
vn -1 -5.0737902e-18 1.110223e-16
v -6.9388939e-18 0 -0.050920654
v -6.9388939e-18 -0.025800001 -0.050920654
v -6.9388939e-18 0 -0.044918317
f 2863//2863 2864//2863 2865//2863
vn -1 -5.0737902e-18 1.110223e-16
v -6.9388939e-18 0 -0.044918317
v -6.9388939e-18 -0.025800001 -0.050920654
v -6.9388939e-18 -0.025800001 -0.044918317
f 2866//2866 2867//2866 2868//2866
vn -1 -5.0737902e-18 1.110223e-16
v -6.9388939e-18 0 -0.044918317
v -6.9388939e-18 -0.025800001 -0.044918317
v -6.9388939e-18 0 -0.043047667
f 2869//2869 2870//2869 2871//2869
vn -1 -5.0737902e-18 1.110223e-16
v -6.9388939e-18 0 -0.043047667
v -6.9388939e-18 -0.025800001 -0.044918317
v -6.9388939e-18 -0.025800001 -0.043047667
f 2872//2872 2873//2872 2874//2872
vn -1 -5.0737902e-18 1.110223e-16
v -6.9388939e-18 0 -0.043047667
v -6.9388939e-18 -0.025800001 -0.043047667
v -6.9388939e-18 0 -0.037908506
f 2875//2875 2876//2875 2877//2875
vn -1 -5.0737902e-18 1.110223e-16
v -6.9388939e-18 0 -0.037908506
v -6.9388939e-18 -0.025800001 -0.043047667
v -6.9388939e-18 -0.025800001 -0.037908506
f 2878//2878 2879//2878 2880//2878
vn -1 -5.0737902e-18 1.110223e-16
v -6.9388939e-18 0 -0.037908506
v -6.9388939e-18 -0.025800001 -0.037908506
v -6.9388939e-18 0 -0.033721883
f 2881//2881 2882//2881 2883//2881
vn -1 -5.0737902e-18 1.110223e-16
v -6.9388939e-18 0 -0.033721883
v -6.9388939e-18 -0.025800001 -0.037908506
v -6.9388939e-18 -0.025800001 -0.033721883
f 2884//2884 2885//2884 2886//2884
vn -1 -5.0737902e-18 1.110223e-16
v -6.9388939e-18 0 -0.033721883
v -6.9388939e-18 -0.025800001 -0.033721883
v 0 0 -0.026255507
f 2887//2887 2888//2887 2889//2887
vn -1 -5.0737902e-18 1.110223e-16
v 0 0 -0.026255507
v -6.9388939e-18 -0.025800001 -0.033721883
v 0 -0.025800001 -0.026255507
f 2890//2890 2891//2890 2892//2890
vn -1 -5.0737902e-18 1.110223e-16
v 0 0 -0.026255507
v 0 -0.025800001 -0.026255507
v 0 0 -0.021103414
f 2893//2893 2894//2893 2895//2893
vn -1 -5.0737902e-18 1.110223e-16
v 0 0 -0.021103414
v 0 -0.025800001 -0.026255507
v 0 -0.025800001 -0.021103414
f 2896//2896 2897//2896 2898//2896
vn -1 -5.0737902e-18 1.110223e-16
v 0 0 -0.021103414
v 0 -0.025800001 -0.021103414
v 0 0 -0.014
f 2899//2899 2900//2899 2901//2899
vn -1 -5.0737902e-18 1.110223e-16
v 0 0 -0.014
v 0 -0.025800001 -0.021103414
v 0 -0.025800001 -0.014
f 2902//2902 2903//2902 2904//2902
vn -1 -5.0737902e-18 1.110223e-16
v 0 0 -0.014
v 0 -0.025800001 -0.014
v 0 0 -0.0085000005
f 2905//2905 2906//2905 2907//2905
vn -1 -5.0737902e-18 1.110223e-16
v 0 0 -0.0085000005
v 0 -0.025800001 -0.014
v 0 -0.025800001 -0.0085000005
f 2908//2908 2909//2908 2910//2908
vn -1 -5.0737902e-18 1.110223e-16
v 0 0 -0.0085000005
v 0 -0.025800001 -0.0085000005
v 0 0 -0.003
f 2911//2911 2912//2911 2913//2911
vn -1 -5.0737902e-18 1.110223e-16
v 0 0 -0.003
v 0 -0.025800001 -0.0085000005
v 0 -0.025800001 -0.003
f 2914//2914 2915//2914 2916//2914
vn 0.92249489 5.8347244e-18 -0.38600937
v 0.023903033 0 -0.078706071
v 0.017538471 -0.025800001 -0.09391626
v 0.017538471 0 -0.09391626
f 2917//2917 2918//2917 2919//2917
vn 0.89474118 5.8750309e-18 -0.44658506
v 0.017538471 0 -0.09391626
v 0.017538471 -0.025800001 -0.09391626
v 0.010175132 -0.025800001 -0.10866884
f 2920//2920 2921//2920 2922//2920
vn 0.89474118 5.8750309e-18 -0.44658506
v 0.017538471 0 -0.09391626
v 0.010175132 -0.025800001 -0.10866884
v 0.010175132 0 -0.10866884
f 2923//2923 2924//2923 2925//2923
vn 0.86301506 5.8892542e-18 -0.50517815
v 0.010175132 0 -0.10866884
v 0.010175132 -0.025800001 -0.10866884
v 0.0018457058 -0.025800001 -0.12289832
f 2926//2926 2927//2926 2928//2926
vn 0.86301506 5.8892542e-18 -0.50517815
v 0.010175132 0 -0.10866884
v 0.0018457058 -0.025800001 -0.12289832
v 0.0018457058 0 -0.12289832
f 2929//2929 2930//2929 2931//2929
vn 0.9726342 5.6296506e-18 -0.2323418
v 0.033527352 0 -0.047184724
v 0.033527352 -0.025800001 -0.047184724
v 0.032976445 0 -0.049490944
f 2932//2932 2933//2932 2934//2932
vn 0.9726342 5.6296506e-18 -0.2323418
v 0.032976445 0 -0.049490944
v 0.033527352 -0.025800001 -0.047184724
v 0.032976445 -0.025800001 -0.049490944
f 2935//2935 2936//2935 2937//2935
vn 0.97078747 5.6430026e-18 -0.23994109
v 0.032976445 0 -0.049490944
v 0.032976445 -0.025800001 -0.049490944
v 0.032616735 0 -0.05094631
f 2938//2938 2939//2938 2940//2938
vn 0.97078747 5.6430026e-18 -0.23994109
v 0.032616735 0 -0.05094631
v 0.032976445 -0.025800001 -0.049490944
v 0.032616735 -0.025800001 -0.05094631
f 2941//2941 2942//2941 2943//2941
vn 0.9699505 5.6488065e-18 -0.24330239
v 0.032616735 0 -0.05094631
v 0.032616735 -0.025800001 -0.05094631
v 0.03256445 0 -0.051154748
f 2944//2944 2945//2944 2946//2944
vn 0.9699505 5.6488065e-18 -0.24330239
v 0.03256445 0 -0.051154748
v 0.032616735 -0.025800001 -0.05094631
v 0.03256445 -0.025800001 -0.051154748
f 2947//2947 2948//2947 2949//2947
vn 0.96835446 5.6594755e-18 -0.24957886
v 0.03256445 0 -0.051154748
v 0.03256445 -0.025800001 -0.051154748
v 0.031818002 0 -0.05405093
f 2950//2950 2951//2950 2952//2950
vn 0.96835446 5.6594755e-18 -0.24957886
v 0.031818002 0 -0.05405093
v 0.03256445 -0.025800001 -0.051154748
v 0.031818002 -0.025800001 -0.05405093
f 2953//2953 2954//2953 2955//2953
vn 0.96179461 5.6985304e-18 -0.27377206
v 0.031818002 0 -0.05405093
v 0.031818002 -0.025800001 -0.05405093
v 0.029240558 0 -0.063105807
f 2956//2956 2957//2956 2958//2956
vn 0.96179461 5.6985304e-18 -0.27377206
v 0.029240558 0 -0.063105807
v 0.031818002 -0.025800001 -0.05405093
v 0.029240558 -0.025800001 -0.063105807
f 2959//2959 2960//2959 2961//2959
vn 0.95378625 5.7377726e-18 -0.30048588
v 0.029240558 0 -0.063105807
v 0.029240558 -0.025800001 -0.063105807
v 0.027922211 0 -0.067290433
f 2962//2962 2963//2962 2964//2962
vn 0.95378625 5.7377726e-18 -0.30048588
v 0.027922211 0 -0.067290433
v 0.029240558 -0.025800001 -0.063105807
v 0.027922211 -0.025800001 -0.067290433
f 2965//2965 2966//2965 2967//2965
vn 0.9498474 5.7543493e-18 -0.31271374
v 0.027922211 0 -0.067290433
v 0.027922211 -0.025800001 -0.067290433
v 0.027306058 0 -0.069161959
f 2968//2968 2969//2968 2970//2968
vn 0.9498474 5.7543493e-18 -0.31271374
v 0.027306058 0 -0.069161959
v 0.027922211 -0.025800001 -0.067290433
v 0.027306058 -0.025800001 -0.069161959
f 2971//2971 2972//2971 2973//2971
vn 0.9473598 5.7640249e-18 -0.32017088
v 0.027306058 0 -0.069161959
v 0.027306058 -0.025800001 -0.069161959
v 0.026691049 0 -0.070981719
f 2974//2974 2975//2974 2976//2974
vn 0.9473598 5.7640249e-18 -0.32017088
v 0.026691049 0 -0.070981719
v 0.027306058 -0.025800001 -0.069161959
v 0.026691049 -0.025800001 -0.070981719
f 2977//2977 2978//2977 2979//2977
vn 0.94424194 5.7753593e-18 -0.32925233
v 0.026691049 0 -0.070981719
v 0.026691049 -0.025800001 -0.070981719
v 0.025759045 0 -0.073654555
f 2980//2980 2981//2980 2982//2980
vn 0.94424194 5.7753593e-18 -0.32925233
v 0.025759045 0 -0.073654555
v 0.026691049 -0.025800001 -0.070981719
v 0.025759045 -0.025800001 -0.073654555
f 2983//2983 2984//2983 2985//2983
vn 0.93864852 5.7936925e-18 -0.34487531
v 0.025759045 0 -0.073654555
v 0.025759045 -0.025800001 -0.073654555
v 0.023903033 0 -0.078706071
f 2986//2986 2987//2986 2988//2986
vn 0.93864852 5.7936925e-18 -0.34487531
v 0.023903033 0 -0.078706071
v 0.025759045 -0.025800001 -0.073654555
v 0.023903033 -0.025800001 -0.078706071
f 2989//2989 2990//2989 2991//2989
vn 0.92249489 5.8347244e-18 -0.38600937
v 0.023903033 0 -0.078706071
v 0.023903033 -0.025800001 -0.078706071
v 0.017538471 -0.025800001 -0.09391626
f 2992//2992 2993//2992 2994//2992
vn 0.40758613 4.7984007e-18 -0.91316676
v 0.03590535 -0.025800001 -0.044917352
v 0.03590535 0 -0.044917352
v 0.038055867 0 -0.043957483
f 2995//2995 2996//2995 2997//2995
vn 0.40758613 4.7984007e-18 -0.91316676
v 0.03590535 -0.025800001 -0.044917352
v 0.038055867 0 -0.043957483
v 0.038055867 -0.025800001 -0.043957483
f 2998//2998 2999//2998 3000//2998
vn 0.78038198 5.8291682e-18 -0.62530309
v 0.038055867 -0.025800001 -0.043957483
v 0.038055867 0 -0.043957483
v 0.039528463 0 -0.042119674
f 3001//3001 3002//3001 3003//3001
vn 0.78038198 5.8291682e-18 -0.62530309
v 0.038055867 -0.025800001 -0.043957483
v 0.039528463 0 -0.042119674
v 0.039528463 -0.025800001 -0.042119674
f 3004//3004 3005//3004 3006//3004
vn 0.98005646 5.566777e-18 -0.19871911
v 0.039528463 -0.025800001 -0.042119674
v 0.039528463 0 -0.042119674
v 0.039996449 0 -0.03981163
f 3007//3007 3008//3007 3009//3007
vn 0.98005646 5.566777e-18 -0.19871911
v 0.039528463 -0.025800001 -0.042119674
v 0.039996449 0 -0.03981163
v 0.039996449 -0.025800001 -0.03981163
f 3010//3010 3011//3010 3012//3010
vn 0.96231204 4.0694379e-18 0.27194777
v 0.039996449 -0.025800001 -0.03981163
v 0.039996449 0 -0.03981163
v 0.039356008 0 -0.037545372
f 3013//3013 3014//3013 3015//3013
vn 0.96231204 4.0694379e-18 0.27194777
v 0.039996449 -0.025800001 -0.03981163
v 0.039356008 0 -0.037545372
v 0.039356008 -0.025800001 -0.037545372
f 3016//3016 3017//3016 3018//3016
vn 0.73108506 1.669317e-18 0.68228632
v 0.039356008 -0.025800001 -0.037545372
v 0.039356008 0 -0.037545372
v 0.037749216 0 -0.035823658
f 3019//3019 3020//3019 3021//3019
vn 0.73108506 1.669317e-18 0.68228632
v 0.039356008 -0.025800001 -0.037545372
v 0.037749216 0 -0.035823658
v 0.037749216 -0.025800001 -0.035823658
f 3022//3022 3023//3022 3024//3022
vn 1 5.0737902e-18 -1.110223e-16
v 0.0018 0 -0.013
v 0.0018 0 -0.0099999998
v 0.0018 -0.025800001 -0.013
f 3025//3025 3026//3025 3027//3025
vn 1 5.0737902e-18 -1.110223e-16
v 0.0018 -0.025800001 -0.013
v 0.0018 0 -0.0099999998
v 0.0018 -0.025800001 -0.0099999998
f 3028//3028 3029//3028 3030//3028
vn -1.110223e-16 2.990028e-18 -1
v 0.033298001 0 -0.0099999998
v 0.033298001 -0.025800001 -0.0099999998
v 0.032911129 0 -0.0099999998
f 3031//3031 3032//3031 3033//3031
vn -1.110223e-16 2.990028e-18 -1
v 0.032911129 0 -0.0099999998
v 0.033298001 -0.025800001 -0.0099999998
v 0.032911129 -0.025800001 -0.0099999998
f 3034//3034 3035//3034 3036//3034
vn -1.110223e-16 2.990028e-18 -1
v 0.032911129 0 -0.0099999998
v 0.032911129 -0.025800001 -0.0099999998
v 0.032465581 0 -0.0099999998
f 3037//3037 3038//3037 3039//3037
vn -1.110223e-16 2.990028e-18 -1
v 0.032465581 0 -0.0099999998
v 0.032911129 -0.025800001 -0.0099999998
v 0.032465581 -0.025800001 -0.0099999998
f 3040//3040 3041//3040 3042//3040
vn -1.110223e-16 2.990028e-18 -1
v 0.032465581 0 -0.0099999998
v 0.032465581 -0.025800001 -0.0099999998
v 0.031688031 0 -0.0099999998
f 3043//3043 3044//3043 3045//3043
vn -1.110223e-16 2.990028e-18 -1
v 0.031688031 0 -0.0099999998
v 0.032465581 -0.025800001 -0.0099999998
v 0.031688031 -0.025800001 -0.0099999998
f 3046//3046 3047//3046 3048//3046
vn -1.110223e-16 2.990028e-18 -1
v 0.031688031 0 -0.0099999998
v 0.031688031 -0.025800001 -0.0099999998
v 0.027182903 0 -0.0099999998
f 3049//3049 3050//3049 3051//3049
vn -1.110223e-16 2.990028e-18 -1
v 0.027182903 0 -0.0099999998
v 0.031688031 -0.025800001 -0.0099999998
v 0.027182903 -0.025800001 -0.0099999998
f 3052//3052 3053//3052 3054//3052
vn -1.110223e-16 2.990028e-18 -1
v 0.027182903 0 -0.0099999998
v 0.027182903 -0.025800001 -0.0099999998
v 0.025644755 0 -0.0099999998
f 3055//3055 3056//3055 3057//3055
vn -1.110223e-16 2.990028e-18 -1
v 0.025644755 0 -0.0099999998
v 0.027182903 -0.025800001 -0.0099999998
v 0.025644755 -0.025800001 -0.0099999998
f 3058//3058 3059//3058 3060//3058
vn -1.110223e-16 2.990028e-18 -1
v 0.025644755 0 -0.0099999998
v 0.025644755 -0.025800001 -0.0099999998
v 0.0018 0 -0.0099999998
f 3061//3061 3062//3061 3063//3061
vn -1.110223e-16 2.990028e-18 -1
v 0.0018 0 -0.0099999998
v 0.025644755 -0.025800001 -0.0099999998
v 0.0018 -0.025800001 -0.0099999998
f 3064//3064 3065//3064 3066//3064
vn 0.9901821 5.4419323e-18 -0.13978334
v 0.036442198 -0.025800001 -0.032809101
v 0.036442198 0 -0.032809101
v 0.038528752 0 -0.018028596
f 3067//3067 3068//3067 3069//3067
vn 0.99816477 5.2455439e-18 -0.060556393
v 0.039720315 0 -0.0031491737
v 0.039720315 -0.025800001 -0.0031491737
v 0.039395191 0 -0.0085082781
f 3070//3070 3071//3070 3072//3070
vn 0.99816477 5.2455439e-18 -0.060556393
v 0.039395191 0 -0.0085082781
v 0.039720315 -0.025800001 -0.0031491737
v 0.039395191 -0.025800001 -0.0085082781
f 3073//3073 3074//3073 3075//3073
vn 0.99588418 5.3239085e-18 -0.090634897
v 0.039395191 0 -0.0085082781
v 0.039395191 -0.025800001 -0.0085082781
v 0.038528752 0 -0.018028596
f 3076//3076 3077//3076 3078//3076
vn 0.99588418 5.3239085e-18 -0.090634897
v 0.038528752 0 -0.018028596
v 0.039395191 -0.025800001 -0.0085082781
v 0.038528752 -0.025800001 -0.018028596
f 3079//3079 3080//3079 3081//3079
vn 0.9901821 5.4419323e-18 -0.13978334
v 0.038528752 0 -0.018028596
v 0.038528752 -0.025800001 -0.018028596
v 0.036442198 -0.025800001 -0.032809101
f 3082//3082 3083//3082 3084//3082
vn 0.36649907 4.6415164e-18 -0.93041843
v 0.03590535 0 -0.044917352
v 0.03590535 -0.025800001 -0.044917352
v 0.034833662 0 -0.045339499
f 3085//3085 3086//3085 3087//3085
vn 0.36649907 4.6415164e-18 -0.93041843
v 0.034833662 0 -0.045339499
v 0.03590535 -0.025800001 -0.044917352
v 0.034833662 -0.025800001 -0.045339499
f 3088//3088 3089//3088 3090//3088
vn 0.69007385 5.6652897e-18 -0.72373891
v 0.034833662 0 -0.045339499
v 0.034833662 -0.025800001 -0.045339499
v 0.034000035 0 -0.046134349
f 3091//3091 3092//3091 3093//3091
vn 0.69007385 5.6652897e-18 -0.72373891
v 0.034000035 0 -0.046134349
v 0.034833662 -0.025800001 -0.045339499
v 0.034000035 -0.025800001 -0.046134349
f 3094//3094 3095//3094 3096//3094
vn 0.91191679 5.853908e-18 -0.41037518
v 0.034000035 0 -0.046134349
v 0.034000035 -0.025800001 -0.046134349
v 0.033527352 0 -0.047184724
f 3097//3097 3098//3097 3099//3097
vn 0.91191679 5.853908e-18 -0.41037518
v 0.033527352 0 -0.047184724
v 0.034000035 -0.025800001 -0.046134349
v 0.033527352 -0.025800001 -0.047184724
f 3100//3100 3101//3100 3102//3100
vn 0.99974096 5.0044253e-18 0.02275924
v 0.036442198 0 -0.032809101
v 0.036442198 -0.025800001 -0.032809101
v 0.036468413 0 -0.033960637
f 3103//3103 3104//3103 3105//3103
vn 0.99974096 5.0044253e-18 0.02275924
v 0.036468413 0 -0.033960637
v 0.036442198 -0.025800001 -0.032809101
v 0.036468413 -0.025800001 -0.033960637
f 3106//3106 3107//3106 3108//3106
vn 0.91747618 3.4656767e-18 0.39779067
v 0.036468413 0 -0.033960637
v 0.036468413 -0.025800001 -0.033960637
v 0.036926601 0 -0.035017416
f 3109//3109 3110//3109 3111//3109
vn 0.91747618 3.4656767e-18 0.39779067
v 0.036926601 0 -0.035017416
v 0.036468413 -0.025800001 -0.033960637
v 0.036926601 -0.025800001 -0.035017416
f 3112//3112 3113//3112 3114//3112
vn 0.69996387 1.4160568e-18 0.71417826
v 0.036926601 0 -0.035017416
v 0.036926601 -0.025800001 -0.035017416
v 0.037749216 0 -0.035823658
f 3115//3115 3116//3115 3117//3115
vn 0.69996387 1.4160568e-18 0.71417826
v 0.037749216 0 -0.035823658
v 0.036926601 -0.025800001 -0.035017416
v 0.037749216 -0.025800001 -0.035823658
f 3118//3118 3119//3118 3120//3118
vn 0.98834527 4.5594874e-18 0.15222906
v 0.039720315 -0.025800001 -0.0031491737
v 0.039720315 0 -0.0031491737
v 0.039536558 0 -0.0019561311
f 3121//3121 3122//3121 3123//3121
vn 0.98834527 4.5594874e-18 0.15222906
v 0.039720315 -0.025800001 -0.0031491737
v 0.039536558 0 -0.0019561311
v 0.039536558 -0.025800001 -0.0019561311
f 3124//3124 3125//3124 3126//3124
vn 0.84833807 2.7212044e-18 0.52945495
v 0.039536558 -0.025800001 -0.0019561311
v 0.039536558 0 -0.0019561311
v 0.038897447 0 -0.00093209295
f 3127//3127 3128//3127 3129//3127
vn 0.84833807 2.7212044e-18 0.52945495
v 0.039536558 -0.025800001 -0.0019561311
v 0.038897447 0 -0.00093209295
v 0.038897447 -0.025800001 -0.00093209295
f 3130//3130 3131//3130 3132//3130
vn 0.57098377 4.4235448e-19 0.82096136
v 0.038897447 -0.025800001 -0.00093209295
v 0.038897447 0 -0.00093209295
v 0.037906457 0 -0.00024285282
f 3133//3133 3134//3133 3135//3133
vn 0.57098377 4.4235448e-19 0.82096136
v 0.038897447 -0.025800001 -0.00093209295
v 0.037906457 0 -0.00024285282
v 0.037906457 -0.025800001 -0.00024285282
f 3136//3136 3137//3136 3138//3136
vn 0.20118517 -1.9081202e-18 0.97955322
v 0.037906457 -0.025800001 -0.00024285282
v 0.037906457 0 -0.00024285282
v 0.036724027 0 0
f 3139//3139 3140//3139 3141//3139
vn 0.20118517 -1.9081202e-18 0.97955322
v 0.037906457 -0.025800001 -0.00024285282
v 0.036724027 0 0
v 0.036724027 -0.025800001 0
f 3142//3142 3143//3142 3144//3142
vn -0.96592581 -5.6747812e-18 0.25881904
v 0 0 -0.003
v 0 -0.025800001 -0.003
v 0.00040192378 -0.025800001 -0.0015
f 3145//3145 3146//3145 3147//3145
vn -0.96592581 -5.6747812e-18 0.25881904
v 0 0 -0.003
v 0.00040192378 -0.025800001 -0.0015
v 0.00040192378 0 -0.0015
f 3148//3148 3149//3148 3150//3148
vn -0.70710677 -5.7019805e-18 0.70710677
v 0.00040192378 0 -0.0015
v 0.00040192378 -0.025800001 -0.0015
v 0.0015 -0.025800001 -0.00040192378
f 3151//3151 3152//3151 3153//3151
vn -0.70710677 -5.7019805e-18 0.70710677
v 0.00040192378 0 -0.0015
v 0.0015 -0.025800001 -0.00040192378
v 0.0015 0 -0.00040192378
f 3154//3154 3155//3154 3156//3154
vn -0.25881904 -4.2013388e-18 0.96592581
v 0.0015 0 -0.00040192378
v 0.0015 -0.025800001 -0.00040192378
v 0.003 -0.025800001 0
f 3157//3157 3158//3157 3159//3157
vn -0.25881904 -4.2013388e-18 0.96592581
v 0.0015 0 -0.00040192378
v 0.003 -0.025800001 0
v 0.003 0 0
f 3160//3160 3161//3160 3162//3160
vn -0.96693587 -4.143514e-18 -0.25501961
v -6.9388939e-17 -0.025800001 -0.12236467
v -6.9388939e-17 0 -0.12236467
v 0.00013007029 0 -0.12285785
f 3163//3163 3164//3163 3165//3163
vn -0.96693587 -4.143514e-18 -0.25501961
v -6.9388939e-17 -0.025800001 -0.12236467
v 0.00013007029 0 -0.12285785
v 0.00013007029 -0.025800001 -0.12285785
f 3166//3166 3167//3166 3168//3166
vn -0.7153933 -1.5405572e-18 -0.698722
v 0.00013007029 -0.025800001 -0.12285785
v 0.00013007029 0 -0.12285785
v 0.00048644459 0 -0.12322272
f 3169//3169 3170//3169 3171//3169
vn -0.7153933 -1.5405572e-18 -0.698722
v 0.00013007029 -0.025800001 -0.12285785
v 0.00048644459 0 -0.12322272
v 0.00048644459 -0.025800001 -0.12322272
f 3172//3172 3173//3172 3174//3172
vn -0.27775353 1.4631143e-18 -0.96065235
v 0.00048644459 -0.025800001 -0.12322272
v 0.00048644459 0 -0.12322272
v 0.00097641547 0 -0.12336439
f 3175//3175 3176//3175 3177//3175
vn -0.27775353 1.4631143e-18 -0.96065235
v 0.00048644459 -0.025800001 -0.12322272
v 0.00097641547 0 -0.12336439
v 0.00097641547 -0.025800001 -0.12336439
f 3178//3178 3179//3178 3180//3178
vn 0.23213381 4.0861502e-18 -0.97268385
v 0.00097641547 -0.025800001 -0.12336439
v 0.00097641547 0 -0.12336439
v 0.0014725217 0 -0.12324599
f 3181//3181 3182//3181 3183//3181
vn 0.23213381 4.0861502e-18 -0.97268385
v 0.00097641547 -0.025800001 -0.12336439
v 0.0014725217 0 -0.12324599
v 0.0014725217 -0.025800001 -0.12324599
f 3184//3184 3185//3184 3186//3184
vn 0.68165648 5.646303e-18 -0.73167235
v 0.0014725217 -0.025800001 -0.12324599
v 0.0014725217 0 -0.12324599
v 0.0018457058 0 -0.12289832
f 3187//3187 3188//3187 3189//3187
vn 0.68165648 5.646303e-18 -0.73167235
v 0.0014725217 -0.025800001 -0.12324599
v 0.0018457058 0 -0.12289832
v 0.0018457058 -0.025800001 -0.12289832
f 3190//3190 3191//3190 3192//3190
vn -0.25881967 -4.2013413e-18 0.96592563
v 0.035 0 -0.0070000002
v 0.035 -0.025800001 -0.0070000002
v 0.035999998 0 -0.0067320508
f 3193//3193 3194//3193 3195//3193
vn -0.25881967 -4.2013413e-18 0.96592563
v 0.035999998 0 -0.0067320508
v 0.035 -0.025800001 -0.0070000002
v 0.035999998 -0.025800001 -0.0067320508
f 3196//3196 3197//3196 3198//3196
vn -0.70710564 -5.7019785e-18 0.7071079
v 0.035999998 0 -0.0067320508
v 0.035999998 -0.025800001 -0.0067320508
v 0.036732052 0 -0.0060000001
f 3199//3199 3200//3199 3201//3199
vn -0.70710564 -5.7019785e-18 0.7071079
v 0.036732052 0 -0.0060000001
v 0.035999998 -0.025800001 -0.0067320508
v 0.036732052 -0.025800001 -0.0060000001
f 3202//3202 3203//3202 3204//3202
vn -0.96592587 -5.6747808e-18 0.25881881
v 0.036732052 0 -0.0060000001
v 0.036732052 -0.025800001 -0.0060000001
v 0.037 0 -0.0049999999
f 3205//3205 3206//3205 3207//3205
vn -0.96592587 -5.6747808e-18 0.25881881
v 0.037 0 -0.0049999999
v 0.036732052 -0.025800001 -0.0060000001
v 0.037 -0.025800001 -0.0049999999
f 3208//3208 3209//3208 3210//3208
vn -0.96592587 -4.1270295e-18 -0.25881889
v 0.037 0 -0.0049999999
v 0.037 -0.025800001 -0.0049999999
v 0.036732052 0 -0.0040000002
f 3211//3211 3212//3211 3213//3211
vn -0.96592587 -4.1270295e-18 -0.25881889
v 0.036732052 0 -0.0040000002
v 0.037 -0.025800001 -0.0049999999
v 0.036732052 -0.025800001 -0.0040000002
f 3214//3214 3215//3214 3216//3214
vn -0.70710576 -1.4734343e-18 -0.70710778
v 0.036732052 0 -0.0040000002
v 0.036732052 -0.025800001 -0.0040000002
v 0.035999998 0 -0.0032679492
f 3217//3217 3218//3217 3219//3217
vn -0.70710576 -1.4734343e-18 -0.70710778
v 0.035999998 0 -0.0032679492
v 0.036732052 -0.025800001 -0.0040000002
v 0.035999998 -0.025800001 -0.0032679492
f 3220//3220 3221//3220 3222//3220
vn -0.25881946 1.5749493e-18 -0.96592569
v 0.035999998 0 -0.0032679492
v 0.035999998 -0.025800001 -0.0032679492
v 0.035 0 -0.003
f 3223//3223 3224//3223 3225//3223
vn -0.25881946 1.5749493e-18 -0.96592569
v 0.035 0 -0.003
v 0.035999998 -0.025800001 -0.0032679492
v 0.035 -0.025800001 -0.003
f 3226//3226 3227//3226 3228//3226
vn 0.25881946 4.2013405e-18 -0.96592569
v 0.035 0 -0.003
v 0.035 -0.025800001 -0.003
v 0.034000002 0 -0.0032679492
f 3229//3229 3230//3229 3231//3229
vn 0.25881946 4.2013405e-18 -0.96592569
v 0.034000002 0 -0.0032679492
v 0.035 -0.025800001 -0.003
v 0.034000002 -0.025800001 -0.0032679492
f 3232//3232 3233//3232 3234//3232
vn 0.70710576 5.7019785e-18 -0.70710778
v 0.034000002 0 -0.0032679492
v 0.034000002 -0.025800001 -0.0032679492
v 0.033267949 0 -0.0040000002
f 3235//3235 3236//3235 3237//3235
vn 0.70710576 5.7019785e-18 -0.70710778
v 0.033267949 0 -0.0040000002
v 0.034000002 -0.025800001 -0.0032679492
v 0.033267949 -0.025800001 -0.0040000002
f 3238//3238 3239//3238 3240//3238
vn 0.96592587 5.6747812e-18 -0.25881889
v 0.033267949 0 -0.0040000002
v 0.033267949 -0.025800001 -0.0040000002
v 0.033 0 -0.0049999999
f 3241//3241 3242//3241 3243//3241
vn 0.96592587 5.6747812e-18 -0.25881889
v 0.033 0 -0.0049999999
v 0.033267949 -0.025800001 -0.0040000002
v 0.033 -0.025800001 -0.0049999999
f 3244//3244 3245//3244 3246//3244
vn 0.96592587 4.1270299e-18 0.25881881
v 0.033 0 -0.0049999999
v 0.033 -0.025800001 -0.0049999999
v 0.033267949 0 -0.0060000001
f 3247//3247 3248//3247 3249//3247
vn 0.96592587 4.1270299e-18 0.25881881
v 0.033267949 0 -0.0060000001
v 0.033 -0.025800001 -0.0049999999
v 0.033267949 -0.025800001 -0.0060000001
f 3250//3250 3251//3250 3252//3250
vn 0.70710564 1.4734335e-18 0.7071079
v 0.033267949 0 -0.0060000001
v 0.033267949 -0.025800001 -0.0060000001
v 0.034000002 0 -0.0067320508
f 3253//3253 3254//3253 3255//3253
vn 0.70710564 1.4734335e-18 0.7071079
v 0.034000002 0 -0.0067320508
v 0.033267949 -0.025800001 -0.0060000001
v 0.034000002 -0.025800001 -0.0067320508
f 3256//3256 3257//3256 3258//3256
vn 0.25881967 -1.5749481e-18 0.96592563
v 0.034000002 0 -0.0067320508
v 0.034000002 -0.025800001 -0.0067320508
v 0.035 0 -0.0070000002
f 3259//3259 3260//3259 3261//3259
vn 0.25881967 -1.5749481e-18 0.96592563
v 0.035 0 -0.0070000002
v 0.034000002 -0.025800001 -0.0067320508
v 0.035 -0.025800001 -0.0070000002
f 3262//3262 3263//3262 3264//3262
vn -0.25881922 -4.2013397e-18 0.96592575
v 0.0049999999 0 -0.0070000002
v 0.0049999999 -0.025800001 -0.0070000002
v 0.0060000001 0 -0.0067320508
f 3265//3265 3266//3265 3267//3265
vn -0.25881922 -4.2013397e-18 0.96592575
v 0.0060000001 0 -0.0067320508
v 0.0049999999 -0.025800001 -0.0070000002
v 0.0060000001 -0.025800001 -0.0067320508
f 3268//3268 3269//3268 3270//3268
vn -0.70710677 -5.7019805e-18 0.70710677
v 0.0060000001 0 -0.0067320508
v 0.0060000001 -0.025800001 -0.0067320508
v 0.0067320508 0 -0.0060000001
f 3271//3271 3272//3271 3273//3271
vn -0.70710677 -5.7019805e-18 0.70710677
v 0.0067320508 0 -0.0060000001
v 0.0060000001 -0.025800001 -0.0067320508
v 0.0067320508 -0.025800001 -0.0060000001
f 3274//3274 3275//3274 3276//3274
vn -0.96592575 -5.6747816e-18 0.25881922
v 0.0067320508 0 -0.0060000001
v 0.0067320508 -0.025800001 -0.0060000001
v 0.0070000002 0 -0.0049999999
f 3277//3277 3278//3277 3279//3277
vn -0.96592575 -5.6747816e-18 0.25881922
v 0.0070000002 0 -0.0049999999
v 0.0067320508 -0.025800001 -0.0060000001
v 0.0070000002 -0.025800001 -0.0049999999
f 3280//3280 3281//3280 3282//3280
vn -0.96592575 -4.1270278e-18 -0.25881931
v 0.0070000002 0 -0.0049999999
v 0.0070000002 -0.025800001 -0.0049999999
v 0.0067320508 0 -0.0040000002
f 3283//3283 3284//3283 3285//3283
vn -0.96592575 -4.1270278e-18 -0.25881931
v 0.0067320508 0 -0.0040000002
v 0.0070000002 -0.025800001 -0.0049999999
v 0.0067320508 -0.025800001 -0.0040000002
f 3286//3286 3287//3286 3288//3286
vn -0.70710689 -1.4734434e-18 -0.70710665
v 0.0067320508 0 -0.0040000002
v 0.0067320508 -0.025800001 -0.0040000002
v 0.0060000001 0 -0.0032679492
f 3289//3289 3290//3289 3291//3289
vn -0.70710689 -1.4734434e-18 -0.70710665
v 0.0060000001 0 -0.0032679492
v 0.0067320508 -0.025800001 -0.0040000002
v 0.0060000001 -0.025800001 -0.0032679492
f 3292//3292 3293//3292 3294//3292
vn -0.25881901 1.5749519e-18 -0.96592581
v 0.0060000001 0 -0.0032679492
v 0.0060000001 -0.025800001 -0.0032679492
v 0.0049999999 0 -0.003
f 3295//3295 3296//3295 3297//3295
vn -0.25881901 1.5749519e-18 -0.96592581
v 0.0049999999 0 -0.003
v 0.0060000001 -0.025800001 -0.0032679492
v 0.0049999999 -0.025800001 -0.003
f 3298//3298 3299//3298 3300//3298
vn 0.2588191 4.2013393e-18 -0.96592581
v 0.0049999999 0 -0.003
v 0.0049999999 -0.025800001 -0.003
v 0.0040000002 0 -0.0032679492
f 3301//3301 3302//3301 3303//3301
vn 0.2588191 4.2013393e-18 -0.96592581
v 0.0040000002 0 -0.0032679492
v 0.0049999999 -0.025800001 -0.003
v 0.0040000002 -0.025800001 -0.0032679492
f 3304//3304 3305//3304 3306//3304
vn 0.70710677 5.7019805e-18 -0.70710677
v 0.0040000002 0 -0.0032679492
v 0.0040000002 -0.025800001 -0.0032679492
v 0.0032679492 0 -0.0040000002
f 3307//3307 3308//3307 3309//3307
vn 0.70710677 5.7019805e-18 -0.70710677
v 0.0032679492 0 -0.0040000002
v 0.0040000002 -0.025800001 -0.0032679492
v 0.0032679492 -0.025800001 -0.0040000002
f 3310//3310 3311//3310 3312//3310
vn 0.96592581 5.6747816e-18 -0.2588191
v 0.0032679492 0 -0.0040000002
v 0.0032679492 -0.025800001 -0.0040000002
v 0.003 0 -0.0049999999
f 3313//3313 3314//3313 3315//3313
vn 0.96592581 5.6747816e-18 -0.2588191
v 0.003 0 -0.0049999999
v 0.0032679492 -0.025800001 -0.0040000002
v 0.003 -0.025800001 -0.0049999999
f 3316//3316 3317//3316 3318//3316
vn 0.96592581 4.1270291e-18 0.25881901
v 0.003 0 -0.0049999999
v 0.003 -0.025800001 -0.0049999999
v 0.0032679492 0 -0.0060000001
f 3319//3319 3320//3319 3321//3319
vn 0.96592581 4.1270291e-18 0.25881901
v 0.0032679492 0 -0.0060000001
v 0.003 -0.025800001 -0.0049999999
v 0.0032679492 -0.025800001 -0.0060000001
f 3322//3322 3323//3322 3324//3322
vn 0.70710665 1.4734416e-18 0.70710689
v 0.0032679492 0 -0.0060000001
v 0.0032679492 -0.025800001 -0.0060000001
v 0.0040000002 0 -0.0067320508
f 3325//3325 3326//3325 3327//3325
vn 0.70710665 1.4734416e-18 0.70710689
v 0.0040000002 0 -0.0067320508
v 0.0032679492 -0.025800001 -0.0060000001
v 0.0040000002 -0.025800001 -0.0067320508
f 3328//3328 3329//3328 3330//3328
vn 0.25881931 -1.57495e-18 0.96592575
v 0.0040000002 0 -0.0067320508
v 0.0040000002 -0.025800001 -0.0067320508
v 0.0049999999 0 -0.0070000002
f 3331//3331 3332//3331 3333//3331
vn 0.25881931 -1.57495e-18 0.96592575
v 0.0049999999 0 -0.0070000002
v 0.0040000002 -0.025800001 -0.0067320508
v 0.0049999999 -0.025800001 -0.0070000002
f 3334//3334 3335//3334 3336//3334
vn -0.25881925 -4.2013397e-18 0.96592575
v 0.035 0 -0.041999999
v 0.035 -0.025800001 -0.041999999
v 0.035999998 0 -0.04173205
f 3337//3337 3338//3337 3339//3337
vn -0.25881925 -4.2013397e-18 0.96592575
v 0.035999998 0 -0.04173205
v 0.035 -0.025800001 -0.041999999
v 0.035999998 -0.025800001 -0.04173205
f 3340//3340 3341//3340 3342//3340
vn -0.70710498 -5.7019768e-18 0.70710856
v 0.035999998 0 -0.04173205
v 0.035999998 -0.025800001 -0.04173205
v 0.036732052 0 -0.041000001
f 3343//3343 3344//3343 3345//3343
vn -0.70710498 -5.7019768e-18 0.70710856
v 0.036732052 0 -0.041000001
v 0.035999998 -0.025800001 -0.04173205
v 0.036732052 -0.025800001 -0.041000001
f 3346//3346 3347//3346 3348//3346
vn -0.96592599 -5.6747804e-18 0.25881833
v 0.036732052 0 -0.041000001
v 0.036732052 -0.025800001 -0.041000001
v 0.037 0 -0.039999999
f 3349//3349 3350//3349 3351//3349
vn -0.96592599 -5.6747804e-18 0.25881833
v 0.037 0 -0.039999999
v 0.036732052 -0.025800001 -0.041000001
v 0.037 -0.025800001 -0.039999999
f 3352//3352 3353//3352 3354//3352
vn -0.96592575 -4.1270282e-18 -0.25881925
v 0.037 0 -0.039999999
v 0.037 -0.025800001 -0.039999999
v 0.036732052 0 -0.039000001
f 3355//3355 3356//3355 3357//3355
vn -0.96592575 -4.1270282e-18 -0.25881925
v 0.036732052 0 -0.039000001
v 0.037 -0.025800001 -0.039999999
v 0.036732052 -0.025800001 -0.039000001
f 3358//3358 3359//3358 3360//3358
vn -0.70710677 -1.4734425e-18 -0.70710677
v 0.036732052 0 -0.039000001
v 0.036732052 -0.025800001 -0.039000001
v 0.035999998 0 -0.038267948
f 3361//3361 3362//3361 3363//3361
vn -0.70710677 -1.4734425e-18 -0.70710677
v 0.035999998 0 -0.038267948
v 0.036732052 -0.025800001 -0.039000001
v 0.035999998 -0.025800001 -0.038267948
f 3364//3364 3365//3364 3366//3364
vn -0.25881925 1.5749505e-18 -0.96592575
v 0.035999998 0 -0.038267948
v 0.035999998 -0.025800001 -0.038267948
v 0.035 0 -0.037999999
f 3367//3367 3368//3367 3369//3367
vn -0.25881925 1.5749505e-18 -0.96592575
v 0.035 0 -0.037999999
v 0.035999998 -0.025800001 -0.038267948
v 0.035 -0.025800001 -0.037999999
f 3370//3370 3371//3370 3372//3370
vn 0.25881925 4.2013397e-18 -0.96592575
v 0.035 0 -0.037999999
v 0.035 -0.025800001 -0.037999999
v 0.034000002 0 -0.038267948
f 3373//3373 3374//3373 3375//3373
vn 0.25881925 4.2013397e-18 -0.96592575
v 0.034000002 0 -0.038267948
v 0.035 -0.025800001 -0.037999999
v 0.034000002 -0.025800001 -0.038267948
f 3376//3376 3377//3376 3378//3376
vn 0.70710677 5.7019805e-18 -0.70710677
v 0.034000002 0 -0.038267948
v 0.034000002 -0.025800001 -0.038267948
v 0.033267949 0 -0.039000001
f 3379//3379 3380//3379 3381//3379
vn 0.70710677 5.7019805e-18 -0.70710677
v 0.033267949 0 -0.039000001
v 0.034000002 -0.025800001 -0.038267948
v 0.033267949 -0.025800001 -0.039000001
f 3382//3382 3383//3382 3384//3382
vn 0.96592575 5.6747816e-18 -0.25881925
v 0.033267949 0 -0.039000001
v 0.033267949 -0.025800001 -0.039000001
v 0.033 0 -0.039999999
f 3385//3385 3386//3385 3387//3385
vn 0.96592575 5.6747816e-18 -0.25881925
v 0.033 0 -0.039999999
v 0.033267949 -0.025800001 -0.039000001
v 0.033 -0.025800001 -0.039999999
f 3388//3388 3389//3388 3390//3388
vn 0.96592599 4.127032e-18 0.25881833
v 0.033 0 -0.039999999
v 0.033 -0.025800001 -0.039999999
v 0.033267949 0 -0.041000001
f 3391//3391 3392//3391 3393//3391
vn 0.96592599 4.127032e-18 0.25881833
v 0.033267949 0 -0.041000001
v 0.033 -0.025800001 -0.039999999
v 0.033267949 -0.025800001 -0.041000001
f 3394//3394 3395//3394 3396//3394
vn 0.70710498 1.473428e-18 0.70710856
v 0.033267949 0 -0.041000001
v 0.033267949 -0.025800001 -0.041000001
v 0.034000002 0 -0.04173205
f 3397//3397 3398//3397 3399//3397
vn 0.70710498 1.473428e-18 0.70710856
v 0.034000002 0 -0.04173205
v 0.033267949 -0.025800001 -0.041000001
v 0.034000002 -0.025800001 -0.04173205
f 3400//3400 3401//3400 3402//3400
vn 0.25881925 -1.5749505e-18 0.96592575
v 0.034000002 0 -0.04173205
v 0.034000002 -0.025800001 -0.04173205
v 0.035 0 -0.041999999
f 3403//3403 3404//3403 3405//3403
vn 0.25881925 -1.5749505e-18 0.96592575
v 0.035 0 -0.041999999
v 0.034000002 -0.025800001 -0.04173205
v 0.035 -0.025800001 -0.041999999
f 3406//3406 3407//3406 3408//3406
