# Converted from the fixed M9 FR3 + UMI MuJoCo visual STL.
o umi_left_finger_holder
vn 0 0 1
v -0.051147215 0.100135 0.0162
v -0.051147215 0.093168907 0.0162
v -0.045504287 0.093168907 0.0162
f 1//1 2//1 3//1
vn 0 0 1
v -0.056722216 0.10701724 0.0162
v -0.056722216 0.10681659 0.0162
v -0.056559678 0.10681659 0.0162
f 4//4 5//4 6//4
vn 0 0 1
v -0.081722215 0.1203 0.0162
v -0.081722215 0.10681659 0.0162
v -0.080283694 0.10681659 0.0162
f 7//7 8//7 9//7
vn 0 -0 1
v -0.080283694 0.075925 0.0162
v -0.080283694 0.079075001 0.0162
v -0.081722215 0.079075001 0.0162
f 10//10 11//10 12//10
vn 0 0 1
v -0.043900929 0.0495 0.0162
v -0.041722216 0.0495 0.0162
v -0.041722216 0.061999999 0.0162
f 13//13 14//13 15//13
vn 0 0 1
v -0.056722216 0.098499998 0.0162
v -0.051722217 0.098499998 0.0162
v -0.051147215 0.100135 0.0162
f 16//16 17//16 18//16
vn 0 0 1
v -0.072010681 0.093168907 0.0162
v -0.071722217 0.093168907 0.0162
v -0.071722217 0.098499998 0.0162
f 19//19 20//19 21//19
vn 0 0 1
v -0.051147215 0.100135 0.0162
v -0.051722217 0.098499998 0.0162
v -0.051147215 0.093168907 0.0162
f 22//22 23//22 24//22
vn 0 0 1
v -0.051147215 0.093168907 0.0162
v -0.051722217 0.098499998 0.0162
v -0.051722217 0.093168907 0.0162
f 25//25 26//25 27//25
vn 0 0 1
v -0.051147215 0.093168907 0.0162
v -0.051722217 0.093168907 0.0162
v -0.051147215 0.079075001 0.0162
f 28//28 29//28 30//28
vn 0 0 1
v -0.051147215 0.079075001 0.0162
v -0.051722217 0.093168907 0.0162
v -0.051722217 0.079075001 0.0162
f 31//31 32//31 33//31
vn 0 0 1
v -0.051147215 0.079075001 0.0162
v -0.051722217 0.079075001 0.0162
v -0.051722217 0.078500003 0.0162
f 34//34 35//34 36//34
vn 0 -0 1
v -0.044615097 0.048999935 0.0162
v -0.044453733 0.04926154 0.0162
v -0.045372218 0.061999999 0.0162
f 37//37 38//37 39//37
vn 0 0 1
v -0.045372218 0.061999999 0.0162
v -0.044453733 0.04926154 0.0162
v -0.044201951 0.049437843 0.0162
f 40//40 41//40 42//40
vn 0 0 1
v -0.045372218 0.046999998 0.0162
v -0.045343012 0.046999998 0.0162
v -0.044615097 0.048999935 0.0162
f 43//43 44//43 45//43
vn 0 0 1
v -0.049273886 0.04926154 0.0162
v -0.049112521 0.048999935 0.0162
v -0.045372218 0.048824999 0.0162
f 46//46 47//46 48//46
vn 0 0 1
v -0.045372218 0.048824999 0.0162
v -0.049112521 0.048999935 0.0162
v -0.048384607 0.046999998 0.0162
f 49//49 50//49 51//49
vn 0 0 1
v -0.045372218 0.048824999 0.0162
v -0.048384607 0.046999998 0.0162
v -0.045372218 0.046999998 0.0162
f 52//52 53//52 54//52
vn 0 -0 1
v -0.05089828 0.048999935 0.0162
v -0.050736919 0.04926154 0.0162
v -0.051722217 0.050649997 0.0162
f 55//55 56//55 57//55
vn -0 0 1
v -0.051722217 0.050649997 0.0162
v -0.050736919 0.04926154 0.0162
v -0.050725762 0.050781183 0.0162
f 58//58 59//58 60//58
vn 0 -0 1
v -0.049525667 0.049437843 0.0162
v -0.048999857 0.051777638 0.0162
v -0.049797218 0.051165801 0.0162
f 61//61 62//61 63//61
vn -0 0 1
v -0.050725762 0.058218814 0.0162
v -0.049797218 0.057834197 0.0162
v -0.045372218 0.061999999 0.0162
f 64//64 65//64 66//64
vn 0 0 1
v -0.045372218 0.061999999 0.0162
v -0.049797218 0.057834197 0.0162
v -0.048999857 0.057222359 0.0162
f 67//67 68//67 69//67
vn 0 0 1
v -0.045372218 0.061999999 0.0162
v -0.048999857 0.057222359 0.0162
v -0.048388019 0.056424998 0.0162
f 70//70 71//70 72//70
vn -0 0 1
v -0.048388019 0.056424998 0.0162
v -0.048003402 0.055496451 0.0162
v -0.045372218 0.061999999 0.0162
f 73//73 74//73 75//73
vn 0 0 1
v -0.045372218 0.061999999 0.0162
v -0.048003402 0.055496451 0.0162
v -0.047872216 0.054499999 0.0162
f 76//76 77//76 78//76
vn 0 0 1
v -0.045372218 0.061999999 0.0162
v -0.047872216 0.054499999 0.0162
v -0.048003402 0.053503543 0.0162
f 79//79 80//79 81//79
vn 0 0 1
v -0.045372218 0.046999998 0.0162
v -0.044615097 0.048999935 0.0162
v -0.045372218 0.048824999 0.0162
f 82//82 83//82 84//82
vn 0 0 1
v -0.045372218 0.048824999 0.0162
v -0.044615097 0.048999935 0.0162
v -0.045372218 0.061999999 0.0162
f 85//85 86//85 87//85
vn 0 -0 1
v -0.045372218 0.048824999 0.0162
v -0.045372218 0.061999999 0.0162
v -0.049273886 0.04926154 0.0162
f 88//88 89//88 90//88
vn 0 0 1
v -0.049273886 0.04926154 0.0162
v -0.045372218 0.061999999 0.0162
v -0.048003402 0.053503543 0.0162
f 91//91 92//91 93//91
vn 0 -0 1
v -0.049273886 0.04926154 0.0162
v -0.048003402 0.053503543 0.0162
v -0.049525667 0.049437843 0.0162
f 94//94 95//94 96//94
vn 0 0 1
v -0.049525667 0.049437843 0.0162
v -0.048003402 0.053503543 0.0162
v -0.048388019 0.052575 0.0162
f 97//97 98//97 99//97
vn 0 0 1
v -0.049525667 0.049437843 0.0162
v -0.048388019 0.052575 0.0162
v -0.048999857 0.051777638 0.0162
f 100//100 101//100 102//100
vn 0 0 1
v -0.050736919 0.04926154 0.0162
v -0.050485134 0.049437843 0.0162
v -0.050725762 0.050781183 0.0162
f 103//103 104//103 105//103
vn 0 0 1
v -0.050725762 0.050781183 0.0162
v -0.050485134 0.049437843 0.0162
v -0.050184116 0.0495 0.0162
f 106//106 107//106 108//106
vn -0 0 1
v -0.050725762 0.050781183 0.0162
v -0.050184116 0.0495 0.0162
v -0.049797218 0.051165801 0.0162
f 109//109 110//109 111//109
vn 0 0 1
v -0.049797218 0.051165801 0.0162
v -0.050184116 0.0495 0.0162
v -0.049826689 0.0495 0.0162
f 112//112 113//112 114//112
vn 0 0 1
v -0.049797218 0.051165801 0.0162
v -0.049826689 0.0495 0.0162
v -0.049525667 0.049437843 0.0162
f 115//115 116//115 117//115
vn 0 0 1
v -0.051147215 0.048824999 0.0162
v -0.055395707 0.048999935 0.0162
v -0.051626198 0.046999998 0.0162
f 118//118 119//118 120//118
vn 0 0 1
v -0.051626198 0.046999998 0.0162
v -0.055395707 0.048999935 0.0162
v -0.054667789 0.046999998 0.0162
f 121//121 122//121 123//121
vn 0 -0 1
v -0.055056415 0.056424998 0.0162
v -0.054444578 0.057222359 0.0162
v -0.056722216 0.061999999 0.0162
f 124//124 125//124 126//124
vn 0 0 1
v -0.051626198 0.046999998 0.0162
v -0.05089828 0.048999935 0.0162
v -0.051147215 0.048824999 0.0162
f 127//127 128//127 129//127
vn 0 -0 1
v -0.051147215 0.048824999 0.0162
v -0.05089828 0.048999935 0.0162
v -0.051722217 0.050649997 0.0162
f 130//130 131//130 132//130
vn 0 0 1
v -0.051147215 0.048824999 0.0162
v -0.051722217 0.050649997 0.0162
v -0.055395707 0.048999935 0.0162
f 133//133 134//133 135//133
vn 0 0 1
v -0.055395707 0.048999935 0.0162
v -0.051722217 0.050649997 0.0162
v -0.052718669 0.050781183 0.0162
f 136//136 137//136 138//136
vn 0 -0 1
v -0.055395707 0.048999935 0.0162
v -0.052718669 0.050781183 0.0162
v -0.055557068 0.04926154 0.0162
f 139//139 140//139 141//139
vn 0 0 1
v -0.055557068 0.04926154 0.0162
v -0.052718669 0.050781183 0.0162
v -0.053647216 0.051165801 0.0162
f 142//142 143//142 144//142
vn 0 -0 1
v -0.055557068 0.04926154 0.0162
v -0.053647216 0.051165801 0.0162
v -0.055808853 0.049437843 0.0162
f 145//145 146//145 147//145
vn 0 -0 1
v -0.054444578 0.057222359 0.0162
v -0.053647216 0.057834197 0.0162
v -0.056722216 0.061999999 0.0162
f 148//148 149//148 150//148
vn 0 0 1
v -0.056722216 0.061999999 0.0162
v -0.053647216 0.057834197 0.0162
v -0.052718669 0.058218814 0.0162
f 151//151 152//151 153//151
vn -0 0 1
v -0.056722216 0.061999999 0.0162
v -0.052718669 0.058218814 0.0162
v -0.051147215 0.061999999 0.0162
f 154//154 155//154 156//154
vn 0 0 1
v -0.051147215 0.061999999 0.0162
v -0.052718669 0.058218814 0.0162
v -0.051722217 0.058349997 0.0162
f 157//157 158//157 159//157
vn 0 0 1
v -0.053647216 0.051165801 0.0162
v -0.054444578 0.051777638 0.0162
v -0.055808853 0.049437843 0.0162
f 160//160 161//160 162//160
vn 0 0 1
v -0.055808853 0.049437843 0.0162
v -0.054444578 0.051777638 0.0162
v -0.055056415 0.052575 0.0162
f 163//163 164//163 165//163
vn 0 -0 1
v -0.055808853 0.049437843 0.0162
v -0.055056415 0.052575 0.0162
v -0.056109875 0.0495 0.0162
f 166//166 167//166 168//166
vn 0 0 1
v -0.056109875 0.0495 0.0162
v -0.055056415 0.052575 0.0162
v -0.055441029 0.053503543 0.0162
f 169//169 170//169 171//169
vn 0 -0 1
v -0.056109875 0.0495 0.0162
v -0.055441029 0.053503543 0.0162
v -0.056467298 0.0495 0.0162
f 172//172 173//172 174//172
vn 0 0 1
v -0.056467298 0.0495 0.0162
v -0.055441029 0.053503543 0.0162
v -0.055572215 0.054499999 0.0162
f 175//175 176//175 177//175
vn 0 -0 1
v -0.056467298 0.0495 0.0162
v -0.055572215 0.054499999 0.0162
v -0.056722216 0.061999999 0.0162
f 178//178 179//178 180//178
vn 0 0 1
v -0.056722216 0.061999999 0.0162
v -0.055572215 0.054499999 0.0162
v -0.055441029 0.055496451 0.0162
f 181//181 182//181 183//181
vn 0 0 1
v -0.056722216 0.061999999 0.0162
v -0.055441029 0.055496451 0.0162
v -0.055056415 0.056424998 0.0162
f 184//184 185//184 186//184
vn 0 0 1
v -0.072010681 0.048824999 0.0162
v -0.069811508 0.048824999 0.0162
v -0.069747835 0.048999935 0.0162
f 187//187 188//187 189//187
vn 0 -0 1
v -0.063464656 0.048999935 0.0162
v -0.063303292 0.04926154 0.0162
v -0.06796208 0.048999935 0.0162
f 190//190 191//190 192//190
vn 0 0 1
v -0.062718675 0.050781183 0.0162
v -0.062750489 0.0495 0.0162
v -0.062393058 0.0495 0.0162
f 193//193 194//193 195//193
vn 0 -0 1
v -0.069747835 0.048999935 0.0162
v -0.069586478 0.04926154 0.0162
v -0.072010681 0.061999999 0.0162
f 196//196 197//196 198//196
vn 0 0 1
v -0.072010681 0.061999999 0.0162
v -0.069586478 0.04926154 0.0162
v -0.069334693 0.049437843 0.0162
f 199//199 200//199 201//199
vn 0 0 1
v -0.072010681 0.061999999 0.0162
v -0.069334693 0.049437843 0.0162
v -0.069033667 0.0495 0.0162
f 202//202 203//202 204//202
vn 0 0 1
v -0.063464656 0.048999935 0.0162
v -0.06796208 0.048999935 0.0162
v -0.063528322 0.048824999 0.0162
f 205//205 206//205 207//205
vn 0 0 1
v -0.062718675 0.050781183 0.0162
v -0.062393058 0.0495 0.0162
v -0.061722215 0.050649997 0.0162
f 208//208 209//208 210//208
vn 0 0 1
v -0.061722215 0.050649997 0.0162
v -0.062393058 0.0495 0.0162
v -0.06209204 0.049437843 0.0162
f 211//211 212//211 213//211
vn -0 0 1
v -0.061722215 0.050649997 0.0162
v -0.06209204 0.049437843 0.0162
v -0.060725763 0.050781183 0.0162
f 214//214 215//214 216//214
vn 0 0 1
v -0.060725763 0.050781183 0.0162
v -0.06209204 0.049437843 0.0162
v -0.061840255 0.04926154 0.0162
f 217//217 218//217 219//217
vn -0 0 1
v -0.060725763 0.050781183 0.0162
v -0.061840255 0.04926154 0.0162
v -0.059797216 0.051165801 0.0162
f 220//220 221//220 222//220
vn 0 0 1
v -0.059797216 0.051165801 0.0162
v -0.061840255 0.04926154 0.0162
v -0.061678894 0.048999935 0.0162
f 223//223 224//223 225//223
vn -0 0 1
v -0.059797216 0.051165801 0.0162
v -0.061678894 0.048999935 0.0162
v -0.058999855 0.051777638 0.0162
f 226//226 227//226 228//226
vn 0 -0 1
v -0.069033667 0.0495 0.0162
v -0.068676248 0.0495 0.0162
v -0.072010681 0.061999999 0.0162
f 229//229 230//229 231//229
vn 0 0 1
v -0.072010681 0.061999999 0.0162
v -0.068676248 0.0495 0.0162
v -0.068375222 0.049437843 0.0162
f 232//232 233//232 234//232
vn 0 0 1
v -0.072010681 0.061999999 0.0162
v -0.068375222 0.049437843 0.0162
v -0.063303292 0.04926154 0.0162
f 235//235 236//235 237//235
vn 0 0 1
v -0.063303292 0.04926154 0.0162
v -0.068375222 0.049437843 0.0162
v -0.068123437 0.04926154 0.0162
f 238//238 239//238 240//238
vn 0 0 1
v -0.063303292 0.04926154 0.0162
v -0.068123437 0.04926154 0.0162
v -0.06796208 0.048999935 0.0162
f 241//241 242//241 243//241
vn 0 0 1
v -0.063647218 0.051165801 0.0162
v -0.063303292 0.04926154 0.0162
v -0.062718675 0.050781183 0.0162
f 244//244 245//244 246//244
vn 0 0 1
v -0.062718675 0.050781183 0.0162
v -0.063303292 0.04926154 0.0162
v -0.063051507 0.049437843 0.0162
f 247//247 248//247 249//247
vn 0 0 1
v -0.062718675 0.050781183 0.0162
v -0.063051507 0.049437843 0.0162
v -0.062750489 0.0495 0.0162
f 250//250 251//250 252//250
vn 0 0 1
v -0.063647218 0.051165801 0.0162
v -0.064444579 0.051777638 0.0162
v -0.063303292 0.04926154 0.0162
f 253//253 254//253 255//253
vn 0 0 1
v -0.063303292 0.04926154 0.0162
v -0.064444579 0.051777638 0.0162
v -0.065056413 0.052575 0.0162
f 256//256 257//256 258//256
vn 0 0 1
v -0.063303292 0.04926154 0.0162
v -0.065056413 0.052575 0.0162
v -0.072010681 0.061999999 0.0162
f 259//259 260//259 261//259
vn 0 0 1
v -0.072010681 0.061999999 0.0162
v -0.065056413 0.052575 0.0162
v -0.065441035 0.053503543 0.0162
f 262//262 263//262 264//262
vn 0 0 1
v -0.072010681 0.061999999 0.0162
v -0.065441035 0.053503543 0.0162
v -0.065572217 0.054499999 0.0162
f 265//265 266//265 267//265
vn 0 -0 1
v -0.065572217 0.054499999 0.0162
v -0.065441035 0.055496451 0.0162
v -0.072010681 0.061999999 0.0162
f 268//268 269//268 270//268
vn 0 0 1
v -0.072010681 0.061999999 0.0162
v -0.065441035 0.055496451 0.0162
v -0.065056413 0.056424998 0.0162
f 271//271 272//271 273//271
vn 0 0 1
v -0.072010681 0.061999999 0.0162
v -0.065056413 0.056424998 0.0162
v -0.064444579 0.057222359 0.0162
f 274//274 275//274 276//274
vn -0 0 1
v -0.060725763 0.058218814 0.0162
v -0.059797216 0.057834197 0.0162
v -0.056722216 0.061999999 0.0162
f 277//277 278//277 279//277
vn 0 0 1
v -0.056722216 0.061999999 0.0162
v -0.059797216 0.057834197 0.0162
v -0.058999855 0.057222359 0.0162
f 280//280 281//280 282//280
vn 0 0 1
v -0.056722216 0.061999999 0.0162
v -0.058999855 0.057222359 0.0162
v -0.058388017 0.056424998 0.0162
f 283//283 284//283 285//283
vn -0 0 1
v -0.058388017 0.056424998 0.0162
v -0.058003403 0.055496451 0.0162
v -0.056722216 0.061999999 0.0162
f 286//286 287//286 288//286
vn 0 0 1
v -0.056722216 0.061999999 0.0162
v -0.058003403 0.055496451 0.0162
v -0.057872217 0.054499999 0.0162
f 289//289 290//289 291//289
vn 0 0 1
v -0.056722216 0.061999999 0.0162
v -0.057872217 0.054499999 0.0162
v -0.056467298 0.0495 0.0162
f 292//292 293//292 294//292
vn 0 0 1
v -0.056467298 0.0495 0.0162
v -0.057872217 0.054499999 0.0162
v -0.058003403 0.053503543 0.0162
f 295//295 296//295 297//295
vn 0 0 1
v -0.056467298 0.0495 0.0162
v -0.058003403 0.053503543 0.0162
v -0.056768321 0.049437843 0.0162
f 298//298 299//298 300//298
vn 0 0 1
v -0.056768321 0.049437843 0.0162
v -0.058003403 0.053503543 0.0162
v -0.058388017 0.052575 0.0162
f 301//301 302//301 303//301
vn 0 0 1
v -0.056768321 0.049437843 0.0162
v -0.058388017 0.052575 0.0162
v -0.057020105 0.04926154 0.0162
f 304//304 305//304 306//304
vn 0 0 1
v -0.057020105 0.04926154 0.0162
v -0.058388017 0.052575 0.0162
v -0.058999855 0.051777638 0.0162
f 307//307 308//307 309//307
vn 0 0 1
v -0.057020105 0.04926154 0.0162
v -0.058999855 0.051777638 0.0162
v -0.057181466 0.048999935 0.0162
f 310//310 311//310 312//310
vn 0 0 1
v -0.057181466 0.048999935 0.0162
v -0.058999855 0.051777638 0.0162
v -0.061678894 0.048999935 0.0162
f 313//313 314//313 315//313
vn 0 0 1
v -0.057181466 0.048999935 0.0162
v -0.061678894 0.048999935 0.0162
v -0.057245139 0.048824999 0.0162
f 316//316 317//316 318//316
vn 0 -0 1
v -0.064444579 0.057222359 0.0162
v -0.063647218 0.057834197 0.0162
v -0.072010681 0.061999999 0.0162
f 319//319 320//319 321//319
vn 0 0 1
v -0.072010681 0.061999999 0.0162
v -0.063647218 0.057834197 0.0162
v -0.062718675 0.058218814 0.0162
f 322//322 323//322 324//322
vn -0 0 1
v -0.072010681 0.061999999 0.0162
v -0.062718675 0.058218814 0.0162
v -0.056722216 0.061999999 0.0162
f 325//325 326//325 327//325
vn 0 0 1
v -0.056722216 0.061999999 0.0162
v -0.062718675 0.058218814 0.0162
v -0.061722215 0.058349997 0.0162
f 328//328 329//328 330//328
vn 0 0 1
v -0.056722216 0.061999999 0.0162
v -0.061722215 0.058349997 0.0162
v -0.060725763 0.058218814 0.0162
f 331//331 332//331 333//331
vn 0 0 1
v -0.061678894 0.048999935 0.0162
v -0.061615221 0.048824999 0.0162
v -0.057245139 0.048824999 0.0162
f 334//334 335//334 336//334
vn 0 0 1
v -0.057245139 0.048824999 0.0162
v -0.061615221 0.048824999 0.0162
v -0.060950976 0.046999998 0.0162
f 337//337 338//337 339//337
vn 0 0 1
v -0.057245139 0.048824999 0.0162
v -0.060950976 0.046999998 0.0162
v -0.057909384 0.046999998 0.0162
f 340//340 341//340 342//340
vn 0 0 1
v -0.06796208 0.048999935 0.0162
v -0.067898408 0.048824999 0.0162
v -0.063528322 0.048824999 0.0162
f 343//343 344//343 345//343
vn 0 0 1
v -0.063528322 0.048824999 0.0162
v -0.067898408 0.048824999 0.0162
v -0.067234159 0.046999998 0.0162
f 346//346 347//346 348//346
vn 0 0 1
v -0.063528322 0.048824999 0.0162
v -0.067234159 0.046999998 0.0162
v -0.064192571 0.046999998 0.0162
f 349//349 350//349 351//349
vn 0 -0 1
v -0.070475757 0.046999998 0.0162
v -0.069811508 0.048824999 0.0162
v -0.072010681 0.046999998 0.0162
f 352//352 353//352 354//352
vn 0 0 1
v -0.072010681 0.046999998 0.0162
v -0.069811508 0.048824999 0.0162
v -0.072010681 0.048824999 0.0162
f 355//355 356//355 357//355
vn 0 -0 1
v -0.072010681 0.046999998 0.0162
v -0.072010681 0.048824999 0.0162
v -0.073517345 0.046999998 0.0162
f 358//358 359//358 360//358
vn 0 -0 1
v -0.073517345 0.046999998 0.0162
v -0.072010681 0.048824999 0.0162
v -0.074245267 0.048999935 0.0162
f 361//361 362//361 363//361
vn 0 0 1
v -0.069747835 0.048999935 0.0162
v -0.072010681 0.061999999 0.0162
v -0.072010681 0.048824999 0.0162
f 364//364 365//364 366//364
vn 0 -0 1
v -0.072010681 0.048824999 0.0162
v -0.072010681 0.061999999 0.0162
v -0.074406624 0.04926154 0.0162
f 367//367 368//367 369//367
vn 0 0 1
v -0.072010681 0.048824999 0.0162
v -0.074406624 0.04926154 0.0162
v -0.074245267 0.048999935 0.0162
f 370//370 371//370 372//370
vn 0 -0 1
v -0.076031022 0.048999935 0.0162
v -0.075869657 0.04926154 0.0162
v -0.080283694 0.061999999 0.0162
f 373//373 374//373 375//373
vn 0 0 1
v -0.080283694 0.061999999 0.0162
v -0.075869657 0.04926154 0.0162
v -0.07561788 0.049437843 0.0162
f 376//376 377//376 378//376
vn 0 0 1
v -0.075316854 0.0495 0.0162
v -0.074959427 0.0495 0.0162
v -0.072010681 0.061999999 0.0162
f 379//379 380//379 381//379
vn 0 0 1
v -0.072010681 0.061999999 0.0162
v -0.074959427 0.0495 0.0162
v -0.074658409 0.049437843 0.0162
f 382//382 383//382 384//382
vn 0 0 1
v -0.072010681 0.061999999 0.0162
v -0.074658409 0.049437843 0.0162
v -0.074406624 0.04926154 0.0162
f 385//385 386//385 387//385
vn 0 0 1
v -0.080283694 0.061999999 0.0162
v -0.080283694 0.048824999 0.0162
v -0.076031022 0.048999935 0.0162
f 388//388 389//388 390//388
vn 0 0 1
v -0.076031022 0.048999935 0.0162
v -0.080283694 0.048824999 0.0162
v -0.079800531 0.046999998 0.0162
f 391//391 392//391 393//391
vn 0 0 1
v -0.076031022 0.048999935 0.0162
v -0.079800531 0.046999998 0.0162
v -0.076758936 0.046999998 0.0162
f 394//394 395//394 396//394
vn -0 0 1
v -0.081242613 0.0495 0.0162
v -0.080941595 0.049437843 0.0162
v -0.080283694 0.061999999 0.0162
f 397//397 398//397 399//397
vn 0 0 1
v -0.080283694 0.061999999 0.0162
v -0.080941595 0.049437843 0.0162
v -0.08068981 0.04926154 0.0162
f 400//400 401//400 402//400
vn 0 0 1
v -0.080283694 0.061999999 0.0162
v -0.08068981 0.04926154 0.0162
v -0.080283694 0.048824999 0.0162
f 403//403 404//403 405//403
vn 0 0 1
v -0.080283694 0.048824999 0.0162
v -0.08068981 0.04926154 0.0162
v -0.080528446 0.048999935 0.0162
f 406//406 407//406 408//406
vn 0 0 1
v -0.080283694 0.048824999 0.0162
v -0.080528446 0.048999935 0.0162
v -0.079800531 0.046999998 0.0162
f 409//409 410//409 411//409
vn 0 0 1
v -0.081722215 0.0722 0.0162
v -0.081901059 0.049437843 0.0162
v -0.08160004 0.0495 0.0162
f 412//412 413//412 414//412
vn 0 -0 1
v -0.081901059 0.049437843 0.0162
v -0.081722215 0.0722 0.0162
v -0.082152843 0.04926154 0.0162
f 415//415 416//415 417//415
vn 0 -0 1
v -0.082152843 0.04926154 0.0162
v -0.081722215 0.0722 0.0162
v -0.086811632 0.048999935 0.0162
f 418//418 419//418 420//418
vn 0 0 1
v -0.082152843 0.04926154 0.0162
v -0.086811632 0.048999935 0.0162
v -0.082314208 0.048999935 0.0162
f 421//421 422//421 423//421
vn 0 0 1
v -0.082314208 0.048999935 0.0162
v -0.086811632 0.048999935 0.0162
v -0.086083718 0.046999998 0.0162
f 424//424 425//424 426//424
vn 0 0 1
v -0.082314208 0.048999935 0.0162
v -0.086083718 0.046999998 0.0162
v -0.083042122 0.046999998 0.0162
f 427//427 428//427 429//427
vn 0 0 1
v -0.081722215 0.079075001 0.0162
v -0.081722215 0.075925 0.0162
v -0.080283694 0.075925 0.0162
f 430//430 431//430 432//430
vn 0 0 1
v -0.080283694 0.075925 0.0162
v -0.081722215 0.075925 0.0162
v -0.081722215 0.0722 0.0162
f 433//433 434//433 435//433
vn 0 0 1
v -0.080283694 0.075925 0.0162
v -0.081722215 0.0722 0.0162
v -0.080283694 0.061999999 0.0162
f 436//436 437//436 438//436
vn 0 0 1
v -0.080283694 0.061999999 0.0162
v -0.081722215 0.0722 0.0162
v -0.08160004 0.0495 0.0162
f 439//439 440//439 441//439
vn 0 0 1
v -0.080283694 0.061999999 0.0162
v -0.08160004 0.0495 0.0162
v -0.081242613 0.0495 0.0162
f 442//442 443//442 444//442
vn 0 0 1
v -0.077145599 0.11526436 0.0162
v -0.078074142 0.11564898 0.0162
v -0.080283694 0.10681659 0.0162
f 445//445 446//445 447//445
vn 0 0 1
v -0.072629713 0.1243 0.0162
v -0.077722214 0.1243 0.0162
v -0.076149143 0.12283318 0.0162
f 448//448 449//448 450//448
vn -0 0 1
v -0.072814949 0.12090818 0.0162
v -0.072430328 0.11997963 0.0162
v -0.070907965 0.12391049 0.0162
f 451//451 452//451 453//451
vn 0 0 1
v -0.070907965 0.12391049 0.0162
v -0.072430328 0.11997963 0.0162
v -0.072299145 0.11898318 0.0162
f 454//454 455//454 456//454
vn 0 0 1
v -0.070907965 0.12391049 0.0162
v -0.072299145 0.11898318 0.0162
v -0.072010681 0.10681659 0.0162
f 457//457 458//457 459//457
vn 0 0 1
v -0.072299145 0.11898318 0.0162
v -0.072430328 0.11798672 0.0162
v -0.072010681 0.10681659 0.0162
f 460//460 461//460 462//460
vn 0 0 1
v -0.072010681 0.10681659 0.0162
v -0.072430328 0.11798672 0.0162
v -0.072814949 0.11705818 0.0162
f 463//463 464//463 465//463
vn 0 0 1
v -0.072010681 0.10681659 0.0162
v -0.072814949 0.11705818 0.0162
v -0.073426783 0.11626082 0.0162
f 466//466 467//466 468//466
vn -0 0 1
v -0.076149143 0.12283318 0.0162
v -0.075152688 0.122702 0.0162
v -0.072629713 0.1243 0.0162
f 469//469 470//469 471//469
vn 0 0 1
v -0.072629713 0.1243 0.0162
v -0.075152688 0.122702 0.0162
v -0.074224144 0.12231738 0.0162
f 472//472 473//472 474//472
vn 0 0 1
v -0.072629713 0.1243 0.0162
v -0.074224144 0.12231738 0.0162
v -0.070907965 0.12391049 0.0162
f 475//475 476//475 477//475
vn 0 0 1
v -0.070907965 0.12391049 0.0162
v -0.074224144 0.12231738 0.0162
v -0.073426783 0.12170554 0.0162
f 478//478 479//478 480//478
vn 0 0 1
v -0.070907965 0.12391049 0.0162
v -0.073426783 0.12170554 0.0162
v -0.072814949 0.12090818 0.0162
f 481//481 482//481 483//481
vn 0 0 1
v -0.073426783 0.11626082 0.0162
v -0.074224144 0.11564898 0.0162
v -0.072010681 0.10681659 0.0162
f 484//484 485//484 486//484
vn 0 0 1
v -0.072010681 0.10681659 0.0162
v -0.074224144 0.11564898 0.0162
v -0.075152688 0.11526436 0.0162
f 487//487 488//487 489//487
vn 0 0 1
v -0.072010681 0.10681659 0.0162
v -0.075152688 0.11526436 0.0162
v -0.080283694 0.10681659 0.0162
f 490//490 491//490 492//490
vn 0 0 1
v -0.080283694 0.10681659 0.0162
v -0.075152688 0.11526436 0.0162
v -0.076149143 0.11513318 0.0162
f 493//493 494//493 495//493
vn 0 0 1
v -0.080283694 0.10681659 0.0162
v -0.076149143 0.11513318 0.0162
v -0.077145599 0.11526436 0.0162
f 496//496 497//496 498//496
vn 0 0 1
v -0.078074142 0.11564898 0.0162
v -0.078871503 0.11626082 0.0162
v -0.080283694 0.10681659 0.0162
f 499//499 500//499 501//499
vn 0 0 1
v -0.080283694 0.10681659 0.0162
v -0.078871503 0.11626082 0.0162
v -0.079483345 0.11705818 0.0162
f 502//502 503//502 504//502
vn 0 0 1
v -0.080283694 0.10681659 0.0162
v -0.079483345 0.11705818 0.0162
v -0.079867959 0.11798672 0.0162
f 505//505 506//505 507//505
vn 0 0 1
v -0.080550641 0.12312843 0.0162
v -0.079999141 0.11898318 0.0162
v -0.079867959 0.11997963 0.0162
f 508//508 509//508 510//508
vn -0 0 1
v -0.081417732 0.12183074 0.0162
v -0.081722215 0.1203 0.0162
v -0.080550641 0.12312843 0.0162
f 511//511 512//511 513//511
vn 0 0 1
v -0.080550641 0.12312843 0.0162
v -0.081722215 0.1203 0.0162
v -0.080283694 0.10681659 0.0162
f 514//514 515//514 516//514
vn 0 0 1
v -0.080550641 0.12312843 0.0162
v -0.080283694 0.10681659 0.0162
v -0.079999141 0.11898318 0.0162
f 517//517 518//517 519//517
vn 0 0 1
v -0.079999141 0.11898318 0.0162
v -0.080283694 0.10681659 0.0162
v -0.079867959 0.11798672 0.0162
f 520//520 521//520 522//520
vn 0 -0 1
v -0.079867959 0.11997963 0.0162
v -0.079483345 0.12090818 0.0162
v -0.080550641 0.12312843 0.0162
f 523//523 524//523 525//523
vn 0 0 1
v -0.080550641 0.12312843 0.0162
v -0.079483345 0.12090818 0.0162
v -0.078871503 0.12170554 0.0162
f 526//526 527//526 528//526
vn -0 0 1
v -0.080550641 0.12312843 0.0162
v -0.078871503 0.12170554 0.0162
v -0.079252951 0.12399552 0.0162
f 529//529 530//529 531//529
vn 0 0 1
v -0.079252951 0.12399552 0.0162
v -0.078871503 0.12170554 0.0162
v -0.078074142 0.12231738 0.0162
f 532//532 533//532 534//532
vn -0 0 1
v -0.079252951 0.12399552 0.0162
v -0.078074142 0.12231738 0.0162
v -0.077722214 0.1243 0.0162
f 535//535 536//535 537//535
vn 0 0 1
v -0.077722214 0.1243 0.0162
v -0.078074142 0.12231738 0.0162
v -0.077145599 0.122702 0.0162
f 538//538 539//538 540//538
vn 0 0 1
v -0.077722214 0.1243 0.0162
v -0.077145599 0.122702 0.0162
v -0.076149143 0.12283318 0.0162
f 541//541 542//541 543//541
vn 0 -0 1
v -0.056722216 0.10681659 0.0162
v -0.056722216 0.10701724 0.0162
v -0.072010681 0.10681659 0.0162
f 544//544 545//544 546//544
vn 0 0 1
v -0.072010681 0.10681659 0.0162
v -0.056722216 0.10701724 0.0162
v -0.069521546 0.12281779 0.0162
f 547//547 548//547 549//547
vn 0 0 1
v -0.072010681 0.10681659 0.0162
v -0.069521546 0.12281779 0.0162
v -0.070907965 0.12391049 0.0162
f 550//550 551//550 552//550
vn 0 -0 1
v -0.050056413 0.085425004 0.0162
v -0.049444579 0.086222365 0.0162
v -0.051147215 0.093168907 0.0162
f 553//553 554//553 555//553
vn 0 0 1
v -0.04771867 0.07978119 0.0162
v -0.051147215 0.079075001 0.0162
v -0.046722218 0.07965 0.0162
f 556//556 557//556 558//556
vn 0 0 1
v -0.046722218 0.07965 0.0162
v -0.051147215 0.079075001 0.0162
v -0.045372218 0.079075001 0.0162
f 559//559 560//559 561//559
vn -0 0 1
v -0.046722218 0.07965 0.0162
v -0.045372218 0.079075001 0.0162
v -0.045725763 0.07978119 0.0162
f 562//562 563//562 564//562
vn -0 0 1
v -0.045725763 0.07978119 0.0162
v -0.045372218 0.079075001 0.0162
v -0.044797216 0.080165803 0.0162
f 565//565 566//565 567//565
vn 0 0 1
v -0.04771867 0.07978119 0.0162
v -0.048647217 0.080165803 0.0162
v -0.051147215 0.079075001 0.0162
f 568//568 569//568 570//568
vn 0 0 1
v -0.051147215 0.079075001 0.0162
v -0.048647217 0.080165803 0.0162
v -0.049444579 0.080777638 0.0162
f 571//571 572//571 573//571
vn 0 0 1
v -0.051147215 0.079075001 0.0162
v -0.049444579 0.080777638 0.0162
v -0.050056413 0.081574999 0.0162
f 574//574 575//574 576//574
vn 0 0 1
v -0.050056413 0.081574999 0.0162
v -0.05044103 0.08250355 0.0162
v -0.051147215 0.079075001 0.0162
f 577//577 578//577 579//577
vn 0 0 1
v -0.051147215 0.079075001 0.0162
v -0.05044103 0.08250355 0.0162
v -0.050572217 0.083500005 0.0162
f 580//580 581//580 582//580
vn 0 0 1
v -0.051147215 0.079075001 0.0162
v -0.050572217 0.083500005 0.0162
v -0.051147215 0.093168907 0.0162
f 583//583 584//583 585//583
vn 0 0 1
v -0.051147215 0.093168907 0.0162
v -0.050572217 0.083500005 0.0162
v -0.05044103 0.084496453 0.0162
f 586//586 587//586 588//586
vn 0 0 1
v -0.051147215 0.093168907 0.0162
v -0.05044103 0.084496453 0.0162
v -0.050056413 0.085425004 0.0162
f 589//589 590//589 591//589
vn 0 -0 1
v -0.049444579 0.086222365 0.0162
v -0.048647217 0.0868342 0.0162
v -0.051147215 0.093168907 0.0162
f 592//592 593//592 594//592
vn 0 0 1
v -0.051147215 0.093168907 0.0162
v -0.048647217 0.0868342 0.0162
v -0.04771867 0.087218814 0.0162
f 595//595 596//595 597//595
vn -0 0 1
v -0.051147215 0.093168907 0.0162
v -0.04771867 0.087218814 0.0162
v -0.045504287 0.093168907 0.0162
f 598//598 599//598 600//598
vn 0 0 1
v -0.045504287 0.093168907 0.0162
v -0.04771867 0.087218814 0.0162
v -0.046722218 0.087350003 0.0162
f 601//601 602//601 603//601
vn 0 0 1
v -0.045504287 0.093168907 0.0162
v -0.046722218 0.087350003 0.0162
v -0.045372218 0.093005866 0.0162
f 604//604 605//604 606//604
vn 0 0 1
v -0.045372218 0.093005866 0.0162
v -0.046722218 0.087350003 0.0162
v -0.045725763 0.087218814 0.0162
f 607//607 608//607 609//607
vn 0 0 1
v -0.045372218 0.093005866 0.0162
v -0.045725763 0.087218814 0.0162
v -0.042614046 0.08960095 0.0162
f 610//610 611//610 612//610
vn 0 0 1
v -0.042614046 0.08960095 0.0162
v -0.045725763 0.087218814 0.0162
v -0.044797216 0.0868342 0.0162
f 613//613 614//613 615//613
vn 0 0 1
v -0.042614046 0.08960095 0.0162
v -0.044797216 0.0868342 0.0162
v -0.041951761 0.088418692 0.0162
f 616//616 617//616 618//616
vn 0 0 1
v -0.041951761 0.088418692 0.0162
v -0.044797216 0.0868342 0.0162
v -0.043999854 0.086222365 0.0162
f 619//619 620//619 621//619
vn 0 0 1
v -0.041951761 0.088418692 0.0162
v -0.043999854 0.086222365 0.0162
v -0.041722216 0.087083161 0.0162
f 622//622 623//622 624//622
vn 0 0 1
v -0.041722216 0.087083161 0.0162
v -0.043999854 0.086222365 0.0162
v -0.04338802 0.085425004 0.0162
f 625//625 626//625 627//625
vn 0 0 1
v -0.04338802 0.081574999 0.0162
v -0.043999854 0.080777638 0.0162
v -0.041722216 0.079075001 0.0162
f 628//628 629//628 630//628
vn -0 0 1
v -0.04338802 0.085425004 0.0162
v -0.043003403 0.084496453 0.0162
v -0.041722216 0.087083161 0.0162
f 631//631 632//631 633//631
vn 0 0 1
v -0.041722216 0.087083161 0.0162
v -0.043003403 0.084496453 0.0162
v -0.042872217 0.083500005 0.0162
f 634//634 635//634 636//634
vn 0 0 1
v -0.041722216 0.087083161 0.0162
v -0.042872217 0.083500005 0.0162
v -0.041722216 0.079075001 0.0162
f 637//637 638//637 639//637
vn 0 0 1
v -0.041722216 0.079075001 0.0162
v -0.042872217 0.083500005 0.0162
v -0.043003403 0.08250355 0.0162
f 640//640 641//640 642//640
vn 0 0 1
v -0.041722216 0.079075001 0.0162
v -0.043003403 0.08250355 0.0162
v -0.04338802 0.081574999 0.0162
f 643//643 644//643 645//643
vn 0 -0 1
v -0.079440609 0.08671017 0.0162
v -0.078643247 0.087322004 0.0162
v -0.080283694 0.093168907 0.0162
f 646//646 647//646 648//646
vn 0 0 1
v -0.078643247 0.080653608 0.0162
v -0.080283694 0.079075001 0.0162
v -0.077714704 0.080268994 0.0162
f 649//649 650//649 651//649
vn 0 0 1
v -0.077714704 0.080268994 0.0162
v -0.080283694 0.079075001 0.0162
v -0.076718248 0.080137804 0.0162
f 652//652 653//652 654//652
vn 0 0 1
v -0.080283694 0.079075001 0.0162
v -0.080437064 0.082991354 0.0162
v -0.081722215 0.079075001 0.0162
f 655//655 656//655 657//655
vn 0 0 1
v -0.081722215 0.079075001 0.0162
v -0.080437064 0.082991354 0.0162
v -0.080568254 0.08398781 0.0162
f 658//658 659//658 660//658
vn 0 0 1
v -0.081722215 0.079075001 0.0162
v -0.080568254 0.08398781 0.0162
v -0.081722215 0.093168907 0.0162
f 661//661 662//661 663//661
vn 0 0 1
v -0.081722215 0.093168907 0.0162
v -0.080568254 0.08398781 0.0162
v -0.080437064 0.084984258 0.0162
f 664//664 665//664 666//664
vn -0 0 1
v -0.081722215 0.093168907 0.0162
v -0.080437064 0.084984258 0.0162
v -0.080283694 0.093168907 0.0162
f 667//667 668//667 669//667
vn 0 0 1
v -0.080283694 0.093168907 0.0162
v -0.080437064 0.084984258 0.0162
v -0.08005245 0.085912809 0.0162
f 670//670 671//670 672//670
vn 0 0 1
v -0.080283694 0.093168907 0.0162
v -0.08005245 0.085912809 0.0162
v -0.079440609 0.08671017 0.0162
f 673//673 674//673 675//673
vn 0 -0 1
v -0.078643247 0.087322004 0.0162
v -0.077714704 0.087706618 0.0162
v -0.080283694 0.093168907 0.0162
f 676//676 677//676 678//676
vn 0 0 1
v -0.080283694 0.093168907 0.0162
v -0.077714704 0.087706618 0.0162
v -0.076718248 0.087837808 0.0162
f 679//679 680//679 681//679
vn -0 0 1
v -0.080283694 0.093168907 0.0162
v -0.076718248 0.087837808 0.0162
v -0.072010681 0.093168907 0.0162
f 682//682 683//682 684//682
vn 0 0 1
v -0.072010681 0.093168907 0.0162
v -0.076718248 0.087837808 0.0162
v -0.0757218 0.087706618 0.0162
f 685//685 686//685 687//685
vn -0 0 1
v -0.0757218 0.087706618 0.0162
v -0.074793249 0.087322004 0.0162
v -0.072010681 0.093168907 0.0162
f 688//688 689//688 690//688
vn 0 0 1
v -0.072010681 0.093168907 0.0162
v -0.074793249 0.087322004 0.0162
v -0.073995888 0.08671017 0.0162
f 691//691 692//691 693//691
vn 0 0 1
v -0.072010681 0.093168907 0.0162
v -0.073995888 0.08671017 0.0162
v -0.073384054 0.085912809 0.0162
f 694//694 695//694 696//694
vn 0 0 1
v -0.073384054 0.082062803 0.0162
v -0.073995888 0.081265442 0.0162
v -0.072010681 0.079075001 0.0162
f 697//697 698//697 699//697
vn 0 0 1
v -0.072010681 0.079075001 0.0162
v -0.073995888 0.081265442 0.0162
v -0.074793249 0.080653608 0.0162
f 700//700 701//700 702//700
vn 0 0 1
v -0.072010681 0.079075001 0.0162
v -0.074793249 0.080653608 0.0162
v -0.0757218 0.080268994 0.0162
f 703//703 704//703 705//703
vn 0 0 1
v -0.078643247 0.080653608 0.0162
v -0.079440609 0.081265442 0.0162
v -0.080283694 0.079075001 0.0162
f 706//706 707//706 708//706
vn 0 0 1
v -0.080283694 0.079075001 0.0162
v -0.079440609 0.081265442 0.0162
v -0.08005245 0.082062803 0.0162
f 709//709 710//709 711//709
vn 0 -0 1
v -0.080283694 0.079075001 0.0162
v -0.08005245 0.082062803 0.0162
v -0.080437064 0.082991354 0.0162
f 712//712 713//712 714//712
vn -0 0 1
v -0.073384054 0.085912809 0.0162
v -0.072999433 0.084984258 0.0162
v -0.072010681 0.093168907 0.0162
f 715//715 716//715 717//715
vn 0 0 1
v -0.072010681 0.093168907 0.0162
v -0.072999433 0.084984258 0.0162
v -0.07286825 0.08398781 0.0162
f 718//718 719//718 720//718
vn 0 0 1
v -0.072010681 0.093168907 0.0162
v -0.07286825 0.08398781 0.0162
v -0.072010681 0.079075001 0.0162
f 721//721 722//721 723//721
vn 0 0 1
v -0.072010681 0.079075001 0.0162
v -0.07286825 0.08398781 0.0162
v -0.072999433 0.082991354 0.0162
f 724//724 725//724 726//724
vn 0 0 1
v -0.072010681 0.079075001 0.0162
v -0.072999433 0.082991354 0.0162
v -0.073384054 0.082062803 0.0162
f 727//727 728//727 729//727
vn 0 0 1
v -0.048388019 0.067575 0.0162
v -0.048999857 0.066777639 0.0162
v -0.045372218 0.061999999 0.0162
f 730//730 731//730 732//730
vn 0 0 1
v -0.045372218 0.075925 0.0162
v -0.051147215 0.075925 0.0162
v -0.050725762 0.073218815 0.0162
f 733//733 734//733 735//733
vn 0 0 1
v -0.048999857 0.066777639 0.0162
v -0.049797218 0.066165805 0.0162
v -0.045372218 0.061999999 0.0162
f 736//736 737//736 738//736
vn 0 0 1
v -0.045372218 0.061999999 0.0162
v -0.049797218 0.066165805 0.0162
v -0.051147215 0.061999999 0.0162
f 739//739 740//739 741//739
vn 0 0 1
v -0.045372218 0.061999999 0.0162
v -0.051147215 0.061999999 0.0162
v -0.050725762 0.058218814 0.0162
f 742//742 743//742 744//742
vn 0 0 1
v -0.050725762 0.058218814 0.0162
v -0.051147215 0.061999999 0.0162
v -0.051722217 0.058349997 0.0162
f 745//745 746//745 747//745
vn -0 0 1
v -0.050725762 0.073218815 0.0162
v -0.049797218 0.072834201 0.0162
v -0.045372218 0.075925 0.0162
f 748//748 749//748 750//748
vn 0 0 1
v -0.045372218 0.075925 0.0162
v -0.049797218 0.072834201 0.0162
v -0.048999857 0.072222359 0.0162
f 751//751 752//751 753//751
vn 0 0 1
v -0.045372218 0.075925 0.0162
v -0.048999857 0.072222359 0.0162
v -0.048388019 0.071424998 0.0162
f 754//754 755//754 756//754
vn -0 0 1
v -0.048388019 0.071424998 0.0162
v -0.048003402 0.070496455 0.0162
v -0.045372218 0.075925 0.0162
f 757//757 758//757 759//757
vn 0 0 1
v -0.045372218 0.075925 0.0162
v -0.048003402 0.070496455 0.0162
v -0.047872216 0.069499999 0.0162
f 760//760 761//760 762//760
vn 0 0 1
v -0.045372218 0.075925 0.0162
v -0.047872216 0.069499999 0.0162
v -0.045372218 0.061999999 0.0162
f 763//763 764//763 765//763
vn 0 0 1
v -0.045372218 0.061999999 0.0162
v -0.047872216 0.069499999 0.0162
v -0.048003402 0.068503551 0.0162
f 766//766 767//766 768//766
vn 0 0 1
v -0.045372218 0.061999999 0.0162
v -0.048003402 0.068503551 0.0162
v -0.048388019 0.067575 0.0162
f 769//769 770//769 771//769
vn 0 -0 1
v -0.055056415 0.071424998 0.0162
v -0.054444578 0.072222359 0.0162
v -0.056722216 0.075925 0.0162
f 772//772 773//772 774//772
vn 0 0 1
v -0.049797218 0.066165805 0.0162
v -0.050725762 0.065781191 0.0162
v -0.051147215 0.061999999 0.0162
f 775//775 776//775 777//775
vn 0 -0 1
v -0.051147215 0.061999999 0.0162
v -0.050725762 0.065781191 0.0162
v -0.051722217 0.065650001 0.0162
f 778//778 779//778 780//778
vn 0 0 1
v -0.051147215 0.061999999 0.0162
v -0.051722217 0.065650001 0.0162
v -0.056722216 0.061999999 0.0162
f 781//781 782//781 783//781
vn 0 0 1
v -0.056722216 0.061999999 0.0162
v -0.051722217 0.065650001 0.0162
v -0.052718669 0.065781191 0.0162
f 784//784 785//784 786//784
vn 0 0 1
v -0.052718669 0.065781191 0.0162
v -0.053647216 0.066165805 0.0162
v -0.056722216 0.061999999 0.0162
f 787//787 788//787 789//787
vn 0 0 1
v -0.056722216 0.061999999 0.0162
v -0.053647216 0.066165805 0.0162
v -0.054444578 0.066777639 0.0162
f 790//790 791//790 792//790
vn 0 0 1
v -0.056722216 0.061999999 0.0162
v -0.054444578 0.066777639 0.0162
v -0.055056415 0.067575 0.0162
f 793//793 794//793 795//793
vn 0 -0 1
v -0.054444578 0.072222359 0.0162
v -0.053647216 0.072834201 0.0162
v -0.056722216 0.075925 0.0162
f 796//796 797//796 798//796
vn 0 0 1
v -0.056722216 0.075925 0.0162
v -0.053647216 0.072834201 0.0162
v -0.052718669 0.073218815 0.0162
f 799//799 800//799 801//799
vn -0 0 1
v -0.056722216 0.075925 0.0162
v -0.052718669 0.073218815 0.0162
v -0.051147215 0.075925 0.0162
f 802//802 803//802 804//802
vn 0 0 1
v -0.051147215 0.075925 0.0162
v -0.052718669 0.073218815 0.0162
v -0.051722217 0.073350005 0.0162
f 805//805 806//805 807//805
vn 0 0 1
v -0.051147215 0.075925 0.0162
v -0.051722217 0.073350005 0.0162
v -0.050725762 0.073218815 0.0162
f 808//808 809//808 810//808
vn 0 0 1
v -0.055056415 0.067575 0.0162
v -0.055441029 0.068503551 0.0162
v -0.056722216 0.061999999 0.0162
f 811//811 812//811 813//811
vn 0 0 1
v -0.056722216 0.061999999 0.0162
v -0.055441029 0.068503551 0.0162
v -0.055572215 0.069499999 0.0162
f 814//814 815//814 816//814
vn 0 0 1
v -0.056722216 0.061999999 0.0162
v -0.055572215 0.069499999 0.0162
v -0.056722216 0.075925 0.0162
f 817//817 818//817 819//817
vn 0 0 1
v -0.056722216 0.075925 0.0162
v -0.055572215 0.069499999 0.0162
v -0.055441029 0.070496455 0.0162
f 820//820 821//820 822//820
vn 0 0 1
v -0.056722216 0.075925 0.0162
v -0.055441029 0.070496455 0.0162
v -0.055056415 0.071424998 0.0162
f 823//823 824//823 825//823
vn 0 0 1
v -0.051147215 0.100135 0.0162
v -0.056559678 0.10681659 0.0162
v -0.056722216 0.098499998 0.0162
f 826//826 827//826 828//826
vn 0 0 1
v -0.056722216 0.098499998 0.0162
v -0.056559678 0.10681659 0.0162
v -0.056722216 0.10681659 0.0162
f 829//829 830//829 831//829
vn 0 -0 1
v -0.056722216 0.098499998 0.0162
v -0.056722216 0.10681659 0.0162
v -0.071722217 0.098499998 0.0162
f 832//832 833//832 834//832
vn 0 -0 1
v -0.071722217 0.098499998 0.0162
v -0.056722216 0.10681659 0.0162
v -0.072010681 0.10681659 0.0162
f 835//835 836//835 837//835
vn 0 0 1
v -0.071722217 0.098499998 0.0162
v -0.072010681 0.10681659 0.0162
v -0.072010681 0.093168907 0.0162
f 838//838 839//838 840//838
vn 0 -0 1
v -0.072010681 0.093168907 0.0162
v -0.072010681 0.10681659 0.0162
v -0.080283694 0.10681659 0.0162
f 841//841 842//841 843//841
vn 0 0 1
v -0.072010681 0.093168907 0.0162
v -0.080283694 0.10681659 0.0162
v -0.080283694 0.093168907 0.0162
f 844//844 845//844 846//844
vn 0 -0 1
v -0.080283694 0.093168907 0.0162
v -0.080283694 0.10681659 0.0162
v -0.081722215 0.10681659 0.0162
f 847//847 848//847 849//847
vn 0 0 1
v -0.080283694 0.093168907 0.0162
v -0.081722215 0.10681659 0.0162
v -0.081722215 0.093168907 0.0162
f 850//850 851//850 852//850
vn 0 0 1
v -0.071722217 0.093168907 0.0162
v -0.072010681 0.093168907 0.0162
v -0.071722217 0.079075001 0.0162
f 853//853 854//853 855//853
vn 0 0 1
v -0.071722217 0.079075001 0.0162
v -0.072010681 0.093168907 0.0162
v -0.072010681 0.079075001 0.0162
f 856//856 857//856 858//856
vn 0 0 1
v -0.071722217 0.079075001 0.0162
v -0.072010681 0.079075001 0.0162
v -0.071722217 0.078500003 0.0162
f 859//859 860//859 861//859
vn 0 0 1
v -0.071722217 0.078500003 0.0162
v -0.072010681 0.079075001 0.0162
v -0.072010681 0.075925 0.0162
f 862//862 863//862 864//862
vn -0 0 1
v -0.071722217 0.078500003 0.0162
v -0.072010681 0.075925 0.0162
v -0.056722216 0.078500003 0.0162
f 865//865 866//865 867//865
vn 0 0 1
v -0.056722216 0.078500003 0.0162
v -0.072010681 0.075925 0.0162
v -0.056722216 0.075925 0.0162
f 868//868 869//868 870//868
vn -0 0 1
v -0.056722216 0.078500003 0.0162
v -0.056722216 0.075925 0.0162
v -0.051722217 0.078500003 0.0162
f 871//871 872//871 873//871
vn 0 0 1
v -0.051722217 0.078500003 0.0162
v -0.056722216 0.075925 0.0162
v -0.051147215 0.075925 0.0162
f 874//874 875//874 876//874
vn -0 0 1
v -0.051722217 0.078500003 0.0162
v -0.051147215 0.075925 0.0162
v -0.051147215 0.079075001 0.0162
f 877//877 878//877 879//877
vn 0 0 1
v -0.051147215 0.079075001 0.0162
v -0.051147215 0.075925 0.0162
v -0.045372218 0.075925 0.0162
f 880//880 881//880 882//880
vn -0 0 1
v -0.051147215 0.079075001 0.0162
v -0.045372218 0.075925 0.0162
v -0.045372218 0.079075001 0.0162
f 883//883 884//883 885//883
vn 0 0 1
v -0.043999854 0.080777638 0.0162
v -0.044797216 0.080165803 0.0162
v -0.041722216 0.079075001 0.0162
f 886//886 887//886 888//886
vn 0 0 1
v -0.041722216 0.079075001 0.0162
v -0.044797216 0.080165803 0.0162
v -0.045372218 0.079075001 0.0162
f 889//889 890//889 891//889
vn 0 0 1
v -0.041722216 0.079075001 0.0162
v -0.045372218 0.079075001 0.0162
v -0.041722216 0.075925 0.0162
f 892//892 893//892 894//892
vn 0 0 1
v -0.041722216 0.075925 0.0162
v -0.045372218 0.079075001 0.0162
v -0.045372218 0.075925 0.0162
f 895//895 896//895 897//895
vn 0 0 1
v -0.041722216 0.075925 0.0162
v -0.045372218 0.075925 0.0162
v -0.041722216 0.061999999 0.0162
f 898//898 899//898 900//898
vn 0 0 1
v -0.041722216 0.061999999 0.0162
v -0.045372218 0.075925 0.0162
v -0.045372218 0.061999999 0.0162
f 901//901 902//901 903//901
vn 0 0 1
v -0.041722216 0.061999999 0.0162
v -0.045372218 0.061999999 0.0162
v -0.043900929 0.0495 0.0162
f 904//904 905//904 906//904
vn 0 0 1
v -0.043900929 0.0495 0.0162
v -0.045372218 0.061999999 0.0162
v -0.044201951 0.049437843 0.0162
f 907//907 908//907 909//907
vn 0 0 1
v -0.064444579 0.066777639 0.0162
v -0.072010681 0.061999999 0.0162
v -0.063647218 0.066165805 0.0162
f 910//910 911//910 912//910
vn 0 0 1
v -0.063647218 0.066165805 0.0162
v -0.072010681 0.061999999 0.0162
v -0.062718675 0.065781191 0.0162
f 913//913 914//913 915//913
vn 0 0 1
v -0.062718675 0.065781191 0.0162
v -0.072010681 0.061999999 0.0162
v -0.061722215 0.065650001 0.0162
f 916//916 917//916 918//916
vn 0 0 1
v -0.061722215 0.065650001 0.0162
v -0.072010681 0.061999999 0.0162
v -0.056722216 0.061999999 0.0162
f 919//919 920//919 921//919
vn -0 0 1
v -0.061722215 0.065650001 0.0162
v -0.056722216 0.061999999 0.0162
v -0.060725763 0.065781191 0.0162
f 922//922 923//922 924//922
vn -0 0 1
v -0.060725763 0.073218815 0.0162
v -0.059797216 0.072834201 0.0162
v -0.056722216 0.075925 0.0162
f 925//925 926//925 927//925
vn 0 0 1
v -0.056722216 0.075925 0.0162
v -0.059797216 0.072834201 0.0162
v -0.058999855 0.072222359 0.0162
f 928//928 929//928 930//928
vn 0 0 1
v -0.056722216 0.075925 0.0162
v -0.058999855 0.072222359 0.0162
v -0.058388017 0.071424998 0.0162
f 931//931 932//931 933//931
vn 0 0 1
v -0.058388017 0.067575 0.0162
v -0.058999855 0.066777639 0.0162
v -0.056722216 0.061999999 0.0162
f 934//934 935//934 936//934
vn 0 0 1
v -0.056722216 0.061999999 0.0162
v -0.058999855 0.066777639 0.0162
v -0.059797216 0.066165805 0.0162
f 937//937 938//937 939//937
vn 0 0 1
v -0.056722216 0.061999999 0.0162
v -0.059797216 0.066165805 0.0162
v -0.060725763 0.065781191 0.0162
f 940//940 941//940 942//940
vn 0 0 1
v -0.064444579 0.066777639 0.0162
v -0.065056413 0.067575 0.0162
v -0.072010681 0.061999999 0.0162
f 943//943 944//943 945//943
vn 0 0 1
v -0.072010681 0.061999999 0.0162
v -0.065056413 0.067575 0.0162
v -0.065441035 0.068503551 0.0162
f 946//946 947//946 948//946
vn 0 0 1
v -0.072010681 0.061999999 0.0162
v -0.065441035 0.068503551 0.0162
v -0.072010681 0.075925 0.0162
f 949//949 950//949 951//949
vn 0 0 1
v -0.072010681 0.075925 0.0162
v -0.065441035 0.068503551 0.0162
v -0.065572217 0.069499999 0.0162
f 952//952 953//952 954//952
vn 0 -0 1
v -0.065572217 0.069499999 0.0162
v -0.065441035 0.070496455 0.0162
v -0.072010681 0.075925 0.0162
f 955//955 956//955 957//955
vn 0 0 1
v -0.072010681 0.075925 0.0162
v -0.065441035 0.070496455 0.0162
v -0.065056413 0.071424998 0.0162
f 958//958 959//958 960//958
vn 0 0 1
v -0.072010681 0.075925 0.0162
v -0.065056413 0.071424998 0.0162
v -0.064444579 0.072222359 0.0162
f 961//961 962//961 963//961
vn -0 0 1
v -0.058388017 0.071424998 0.0162
v -0.058003403 0.070496455 0.0162
v -0.056722216 0.075925 0.0162
f 964//964 965//964 966//964
vn 0 0 1
v -0.056722216 0.075925 0.0162
v -0.058003403 0.070496455 0.0162
v -0.057872217 0.069499999 0.0162
f 967//967 968//967 969//967
vn 0 0 1
v -0.056722216 0.075925 0.0162
v -0.057872217 0.069499999 0.0162
v -0.056722216 0.061999999 0.0162
f 970//970 971//970 972//970
vn 0 0 1
v -0.056722216 0.061999999 0.0162
v -0.057872217 0.069499999 0.0162
v -0.058003403 0.068503551 0.0162
f 973//973 974//973 975//973
vn 0 0 1
v -0.056722216 0.061999999 0.0162
v -0.058003403 0.068503551 0.0162
v -0.058388017 0.067575 0.0162
f 976//976 977//976 978//976
vn 0 -0 1
v -0.064444579 0.072222359 0.0162
v -0.063647218 0.072834201 0.0162
v -0.072010681 0.075925 0.0162
f 979//979 980//979 981//979
vn 0 0 1
v -0.072010681 0.075925 0.0162
v -0.063647218 0.072834201 0.0162
v -0.062718675 0.073218815 0.0162
f 982//982 983//982 984//982
vn -0 0 1
v -0.072010681 0.075925 0.0162
v -0.062718675 0.073218815 0.0162
v -0.056722216 0.075925 0.0162
f 985//985 986//985 987//985
vn 0 0 1
v -0.056722216 0.075925 0.0162
v -0.062718675 0.073218815 0.0162
v -0.061722215 0.073350005 0.0162
f 988//988 989//988 990//988
vn 0 0 1
v -0.056722216 0.075925 0.0162
v -0.061722215 0.073350005 0.0162
v -0.060725763 0.073218815 0.0162
f 991//991 992//991 993//991
vn 0 0 1
v -0.0757218 0.080268994 0.0162
v -0.076718248 0.080137804 0.0162
v -0.072010681 0.079075001 0.0162
f 994//994 995//994 996//994
vn 0 0 1
v -0.072010681 0.079075001 0.0162
v -0.076718248 0.080137804 0.0162
v -0.080283694 0.079075001 0.0162
f 997//997 998//997 999//997
vn 0 0 1
v -0.072010681 0.079075001 0.0162
v -0.080283694 0.079075001 0.0162
v -0.072010681 0.075925 0.0162
f 1000//1000 1001//1000 1002//1000
vn 0 0 1
v -0.072010681 0.075925 0.0162
v -0.080283694 0.079075001 0.0162
v -0.080283694 0.075925 0.0162
f 1003//1003 1004//1003 1005//1003
vn 0 0 1
v -0.072010681 0.075925 0.0162
v -0.080283694 0.075925 0.0162
v -0.072010681 0.061999999 0.0162
f 1006//1006 1007//1006 1008//1006
vn 0 0 1
v -0.072010681 0.061999999 0.0162
v -0.080283694 0.075925 0.0162
v -0.080283694 0.061999999 0.0162
f 1009//1009 1010//1009 1011//1009
vn 0 0 1
v -0.072010681 0.061999999 0.0162
v -0.080283694 0.061999999 0.0162
v -0.075316854 0.0495 0.0162
f 1012//1012 1013//1012 1014//1012
vn 0 0 1
v -0.075316854 0.0495 0.0162
v -0.080283694 0.061999999 0.0162
v -0.07561788 0.049437843 0.0162
f 1015//1015 1016//1015 1017//1015
vn 0.96592623 -0.25881761 0
v -0.048522215 0.083500005 -0.015899999
v -0.048522215 0.083500005 -0.0187
v -0.048281062 0.084400006 -0.015899999
f 1018//1018 1019//1018 1020//1018
vn 0.96592623 -0.25881761 0
v -0.048281062 0.084400006 -0.015899999
v -0.048522215 0.083500005 -0.0187
v -0.048281062 0.084400006 -0.0187
f 1021//1021 1022//1021 1023//1021
vn 0.70710278 -0.70711076 0
v -0.048281062 0.084400006 -0.015899999
v -0.048281062 0.084400006 -0.0187
v -0.047622215 0.085058846 -0.015899999
f 1024//1024 1025//1024 1026//1024
vn 0.70710278 -0.70711076 0
v -0.047622215 0.085058846 -0.015899999
v -0.048281062 0.084400006 -0.0187
v -0.047622215 0.085058846 -0.0187
f 1027//1027 1028//1027 1029//1027
vn 0.25881863 -0.96592593 0
v -0.047622215 0.085058846 -0.015899999
v -0.047622215 0.085058846 -0.0187
v -0.046722218 0.085299999 -0.015899999
f 1030//1030 1031//1030 1032//1030
vn 0.25881863 -0.96592593 0
v -0.046722218 0.085299999 -0.015899999
v -0.047622215 0.085058846 -0.0187
v -0.046722218 0.085299999 -0.0187
f 1033//1033 1034//1033 1035//1033
vn -0.25881761 -0.96592623 -0
v -0.046722218 0.085299999 -0.015899999
v -0.046722218 0.085299999 -0.0187
v -0.045822218 0.085058846 -0.015899999
f 1036//1036 1037//1036 1038//1036
vn -0.25881761 -0.96592623 -0
v -0.045822218 0.085058846 -0.015899999
v -0.046722218 0.085299999 -0.0187
v -0.045822218 0.085058846 -0.0187
f 1039//1039 1040//1039 1041//1039
vn -0.70710278 -0.70711076 -0
v -0.045822218 0.085058846 -0.015899999
v -0.045822218 0.085058846 -0.0187
v -0.045163371 0.084400006 -0.015899999
f 1042//1042 1043//1042 1044//1042
vn -0.70710278 -0.70711076 -0
v -0.045163371 0.084400006 -0.015899999
v -0.045822218 0.085058846 -0.0187
v -0.045163371 0.084400006 -0.0187
f 1045//1045 1046//1045 1047//1045
vn -0.96592623 -0.25881761 -0
v -0.045163371 0.084400006 -0.015899999
v -0.045163371 0.084400006 -0.0187
v -0.044922218 0.083500005 -0.015899999
f 1048//1048 1049//1048 1050//1048
vn -0.96592623 -0.25881761 -0
v -0.044922218 0.083500005 -0.015899999
v -0.045163371 0.084400006 -0.0187
v -0.044922218 0.083500005 -0.0187
f 1051//1051 1052//1051 1053//1051
vn -0.96592623 0.25881761 0
v -0.044922218 0.083500005 -0.015899999
v -0.044922218 0.083500005 -0.0187
v -0.045163371 0.082600005 -0.015899999
f 1054//1054 1055//1054 1056//1054
vn -0.96592623 0.25881761 0
v -0.045163371 0.082600005 -0.015899999
v -0.044922218 0.083500005 -0.0187
v -0.045163371 0.082600005 -0.0187
f 1057//1057 1058//1057 1059//1057
vn -0.70710677 0.70710677 0
v -0.045163371 0.082600005 -0.015899999
v -0.045163371 0.082600005 -0.0187
v -0.045822218 0.081941158 -0.015899999
f 1060//1060 1061//1060 1062//1060
vn -0.70710677 0.70710677 0
v -0.045822218 0.081941158 -0.015899999
v -0.045163371 0.082600005 -0.0187
v -0.045822218 0.081941158 -0.0187
f 1063//1063 1064//1063 1065//1063
vn -0.25881761 0.96592623 0
v -0.045822218 0.081941158 -0.015899999
v -0.045822218 0.081941158 -0.0187
v -0.046722218 0.081700005 -0.015899999
f 1066//1066 1067//1066 1068//1066
vn -0.25881761 0.96592623 0
v -0.046722218 0.081700005 -0.015899999
v -0.045822218 0.081941158 -0.0187
v -0.046722218 0.081700005 -0.0187
f 1069//1069 1070//1069 1071//1069
vn 0.25881863 0.96592593 0
v -0.046722218 0.081700005 -0.015899999
v -0.046722218 0.081700005 -0.0187
v -0.047622215 0.081941158 -0.015899999
f 1072//1072 1073//1072 1074//1072
vn 0.25881863 0.96592593 0
v -0.047622215 0.081941158 -0.015899999
v -0.046722218 0.081700005 -0.0187
v -0.047622215 0.081941158 -0.0187
f 1075//1075 1076//1075 1077//1075
vn 0.70710677 0.70710677 0
v -0.047622215 0.081941158 -0.015899999
v -0.047622215 0.081941158 -0.0187
v -0.048281062 0.082600005 -0.015899999
f 1078//1078 1079//1078 1080//1078
vn 0.70710677 0.70710677 0
v -0.048281062 0.082600005 -0.015899999
v -0.047622215 0.081941158 -0.0187
v -0.048281062 0.082600005 -0.0187
f 1081//1081 1082//1081 1083//1081
vn 0.96592623 0.25881761 0
v -0.048281062 0.082600005 -0.015899999
v -0.048281062 0.082600005 -0.0187
v -0.048522215 0.083500005 -0.015899999
f 1084//1084 1085//1084 1086//1084
vn 0.96592623 0.25881761 0
v -0.048522215 0.083500005 -0.015899999
v -0.048281062 0.082600005 -0.0187
v -0.048522215 0.083500005 -0.0187
f 1087//1087 1088//1087 1089//1087
vn 0.96592623 -0.25881761 0
v -0.078518249 0.08398781 -0.015899999
v -0.078518249 0.08398781 -0.0187
v -0.078277096 0.08488781 -0.015899999
f 1090//1090 1091//1090 1092//1090
vn 0.96592623 -0.25881761 0
v -0.078277096 0.08488781 -0.015899999
v -0.078518249 0.08398781 -0.0187
v -0.078277096 0.08488781 -0.0187
f 1093//1093 1094//1093 1095//1093
vn 0.70710278 -0.70711076 0
v -0.078277096 0.08488781 -0.015899999
v -0.078277096 0.08488781 -0.0187
v -0.077618249 0.08554665 -0.015899999
f 1096//1096 1097//1096 1098//1096
vn 0.70710278 -0.70711076 0
v -0.077618249 0.08554665 -0.015899999
v -0.078277096 0.08488781 -0.0187
v -0.077618249 0.08554665 -0.0187
f 1099//1099 1100//1099 1101//1099
vn 0.25882509 -0.9659242 0
v -0.077618249 0.08554665 -0.015899999
v -0.077618249 0.08554665 -0.0187
v -0.076718248 0.08578781 -0.015899999
f 1102//1102 1103//1102 1104//1102
vn 0.25882509 -0.9659242 0
v -0.076718248 0.08578781 -0.015899999
v -0.077618249 0.08554665 -0.0187
v -0.076718248 0.08578781 -0.0187
f 1105//1105 1106//1105 1107//1105
vn -0.25882509 -0.9659242 -0
v -0.076718248 0.08578781 -0.015899999
v -0.076718248 0.08578781 -0.0187
v -0.075818248 0.08554665 -0.015899999
f 1108//1108 1109//1108 1110//1108
vn -0.25882509 -0.9659242 -0
v -0.075818248 0.08554665 -0.015899999
v -0.076718248 0.08578781 -0.0187
v -0.075818248 0.08554665 -0.0187
f 1111//1111 1112//1111 1113//1111
vn -0.70710677 -0.70710677 -0
v -0.075818248 0.08554665 -0.015899999
v -0.075818248 0.08554665 -0.0187
v -0.075159408 0.08488781 -0.015899999
f 1114//1114 1115//1114 1116//1114
vn -0.70710677 -0.70710677 -0
v -0.075159408 0.08488781 -0.015899999
v -0.075818248 0.08554665 -0.0187
v -0.075159408 0.08488781 -0.0187
f 1117//1117 1118//1117 1119//1117
vn -0.9659242 -0.25882509 -0
v -0.075159408 0.08488781 -0.015899999
v -0.075159408 0.08488781 -0.0187
v -0.074918248 0.08398781 -0.015899999
f 1120//1120 1121//1120 1122//1120
vn -0.9659242 -0.25882509 -0
v -0.074918248 0.08398781 -0.015899999
v -0.075159408 0.08488781 -0.0187
v -0.074918248 0.08398781 -0.0187
f 1123//1123 1124//1123 1125//1123
vn -0.9659242 0.25882509 0
v -0.074918248 0.08398781 -0.015899999
v -0.074918248 0.08398781 -0.0187
v -0.075159408 0.083087809 -0.015899999
f 1126//1126 1127//1126 1128//1126
vn -0.9659242 0.25882509 0
v -0.075159408 0.083087809 -0.015899999
v -0.074918248 0.08398781 -0.0187
v -0.075159408 0.083087809 -0.0187
f 1129//1129 1130//1129 1131//1129
vn -0.70711076 0.70710278 0
v -0.075159408 0.083087809 -0.015899999
v -0.075159408 0.083087809 -0.0187
v -0.075818248 0.082428962 -0.015899999
f 1132//1132 1133//1132 1134//1132
vn -0.70711076 0.70710278 0
v -0.075818248 0.082428962 -0.015899999
v -0.075159408 0.083087809 -0.0187
v -0.075818248 0.082428962 -0.0187
f 1135//1135 1136//1135 1137//1135
vn -0.25881761 0.96592623 0
v -0.075818248 0.082428962 -0.015899999
v -0.075818248 0.082428962 -0.0187
v -0.076718248 0.082187809 -0.015899999
f 1138//1138 1139//1138 1140//1138
vn -0.25881761 0.96592623 0
v -0.076718248 0.082187809 -0.015899999
v -0.075818248 0.082428962 -0.0187
v -0.076718248 0.082187809 -0.0187
f 1141//1141 1142//1141 1143//1141
vn 0.25881761 0.96592623 0
v -0.076718248 0.082187809 -0.015899999
v -0.076718248 0.082187809 -0.0187
v -0.077618249 0.082428962 -0.015899999
f 1144//1144 1145//1144 1146//1144
vn 0.25881761 0.96592623 0
v -0.077618249 0.082428962 -0.015899999
v -0.076718248 0.082187809 -0.0187
v -0.077618249 0.082428962 -0.0187
f 1147//1147 1148//1147 1149//1147
vn 0.70710677 0.70710677 0
v -0.077618249 0.082428962 -0.015899999
v -0.077618249 0.082428962 -0.0187
v -0.078277096 0.083087809 -0.015899999
f 1150//1150 1151//1150 1152//1150
vn 0.70710677 0.70710677 0
v -0.078277096 0.083087809 -0.015899999
v -0.077618249 0.082428962 -0.0187
v -0.078277096 0.083087809 -0.0187
f 1153//1153 1154//1153 1155//1153
vn 0.96592623 0.25881761 0
v -0.078277096 0.083087809 -0.015899999
v -0.078277096 0.083087809 -0.0187
v -0.078518249 0.08398781 -0.015899999
f 1156//1156 1157//1156 1158//1156
vn 0.96592623 0.25881761 0
v -0.078518249 0.08398781 -0.015899999
v -0.078277096 0.083087809 -0.0187
v -0.078518249 0.08398781 -0.0187
f 1159//1159 1160//1159 1161//1159
vn 0.96592623 -0.25881761 0
v -0.077949144 0.11898318 -0.015899999
v -0.077949144 0.11898318 -0.0187
v -0.077707991 0.11988318 -0.015899999
f 1162//1162 1163//1162 1164//1162
vn 0.96592623 -0.25881761 0
v -0.077707991 0.11988318 -0.015899999
v -0.077949144 0.11898318 -0.0187
v -0.077707991 0.11988318 -0.0187
f 1165//1165 1166//1165 1167//1165
vn 0.70710677 -0.70710677 0
v -0.077707991 0.11988318 -0.015899999
v -0.077707991 0.11988318 -0.0187
v -0.077049144 0.12054203 -0.015899999
f 1168//1168 1169//1168 1170//1168
vn 0.70710677 -0.70710677 0
v -0.077049144 0.12054203 -0.015899999
v -0.077707991 0.11988318 -0.0187
v -0.077049144 0.12054203 -0.0187
f 1171//1171 1172//1171 1173//1171
vn 0.25881761 -0.96592623 0
v -0.077049144 0.12054203 -0.015899999
v -0.077049144 0.12054203 -0.0187
v -0.076149143 0.12078318 -0.015899999
f 1174//1174 1175//1174 1176//1174
vn 0.25881761 -0.96592623 0
v -0.076149143 0.12078318 -0.015899999
v -0.077049144 0.12054203 -0.0187
v -0.076149143 0.12078318 -0.0187
f 1177//1177 1178//1177 1179//1177
vn -0.25881761 -0.96592623 -0
v -0.076149143 0.12078318 -0.015899999
v -0.076149143 0.12078318 -0.0187
v -0.075249143 0.12054203 -0.015899999
f 1180//1180 1181//1180 1182//1180
vn -0.25881761 -0.96592623 -0
v -0.075249143 0.12054203 -0.015899999
v -0.076149143 0.12078318 -0.0187
v -0.075249143 0.12054203 -0.0187
f 1183//1183 1184//1183 1185//1183
vn -0.70710677 -0.70710677 -0
v -0.075249143 0.12054203 -0.015899999
v -0.075249143 0.12054203 -0.0187
v -0.074590296 0.11988318 -0.015899999
f 1186//1186 1187//1186 1188//1186
vn -0.70710677 -0.70710677 -0
v -0.074590296 0.11988318 -0.015899999
v -0.075249143 0.12054203 -0.0187
v -0.074590296 0.11988318 -0.0187
f 1189//1189 1190//1189 1191//1189
vn -0.96592623 -0.25881761 -0
v -0.074590296 0.11988318 -0.015899999
v -0.074590296 0.11988318 -0.0187
v -0.074349143 0.11898318 -0.015899999
f 1192//1192 1193//1192 1194//1192
vn -0.96592623 -0.25881761 -0
v -0.074349143 0.11898318 -0.015899999
v -0.074590296 0.11988318 -0.0187
v -0.074349143 0.11898318 -0.0187
f 1195//1195 1196//1195 1197//1195
vn -0.96592623 0.25881761 0
v -0.074349143 0.11898318 -0.015899999
v -0.074349143 0.11898318 -0.0187
v -0.074590296 0.11808318 -0.015899999
f 1198//1198 1199//1198 1200//1198
vn -0.96592623 0.25881761 0
v -0.074590296 0.11808318 -0.015899999
v -0.074349143 0.11898318 -0.0187
v -0.074590296 0.11808318 -0.0187
f 1201//1201 1202//1201 1203//1201
vn -0.70710677 0.70710677 0
v -0.074590296 0.11808318 -0.015899999
v -0.074590296 0.11808318 -0.0187
v -0.075249143 0.11742433 -0.015899999
f 1204//1204 1205//1204 1206//1204
vn -0.70710677 0.70710677 0
v -0.075249143 0.11742433 -0.015899999
v -0.074590296 0.11808318 -0.0187
v -0.075249143 0.11742433 -0.0187
f 1207//1207 1208//1207 1209//1207
vn -0.25881761 0.96592623 0
v -0.075249143 0.11742433 -0.015899999
v -0.075249143 0.11742433 -0.0187
v -0.076149143 0.11718318 -0.015899999
f 1210//1210 1211//1210 1212//1210
vn -0.25881761 0.96592623 0
v -0.076149143 0.11718318 -0.015899999
v -0.075249143 0.11742433 -0.0187
v -0.076149143 0.11718318 -0.0187
f 1213//1213 1214//1213 1215//1213
vn 0.25881761 0.96592623 0
v -0.076149143 0.11718318 -0.015899999
v -0.076149143 0.11718318 -0.0187
v -0.077049144 0.11742433 -0.015899999
f 1216//1216 1217//1216 1218//1216
vn 0.25881761 0.96592623 0
v -0.077049144 0.11742433 -0.015899999
v -0.076149143 0.11718318 -0.0187
v -0.077049144 0.11742433 -0.0187
f 1219//1219 1220//1219 1221//1219
vn 0.70710677 0.70710677 0
v -0.077049144 0.11742433 -0.015899999
v -0.077049144 0.11742433 -0.0187
v -0.077707991 0.11808318 -0.015899999
f 1222//1222 1223//1222 1224//1222
vn 0.70710677 0.70710677 0
v -0.077707991 0.11808318 -0.015899999
v -0.077049144 0.11742433 -0.0187
v -0.077707991 0.11808318 -0.0187
f 1225//1225 1226//1225 1227//1225
vn 0.96592623 0.25881761 0
v -0.077707991 0.11808318 -0.015899999
v -0.077707991 0.11808318 -0.0187
v -0.077949144 0.11898318 -0.015899999
f 1228//1228 1229//1228 1230//1228
vn 0.96592623 0.25881761 0
v -0.077949144 0.11898318 -0.015899999
v -0.077707991 0.11808318 -0.0187
v -0.077949144 0.11898318 -0.0187
f 1231//1231 1232//1231 1233//1231
vn 0 1 -0
v -0.072629713 0.1243 -0.0218
v -0.077722214 0.1243 -0.0218
v -0.072629713 0.1243 -0.015899999
f 1234//1234 1235//1234 1236//1234
vn 0 1 0
v -0.072629713 0.1243 -0.015899999
v -0.077722214 0.1243 -0.0218
v -0.077722214 0.1243 -0.015899999
f 1237//1237 1238//1237 1239//1237
vn 1 0 0
v -0.041722216 0.0779 0.0103
v -0.041722216 0.087083161 0.0103
v -0.041722216 0.087083161 0.0162
f 1240//1240 1241//1240 1242//1240
vn 1 0 -0
v -0.041722216 0.051199999 -1.0104851e-11
v -0.041722216 0.051799998 0.00060000003
v -0.041722216 0.0495 -1.0104851e-11
f 1243//1243 1244//1243 1245//1243
vn 1 0 0
v -0.041722216 0.0495 -1.0104851e-11
v -0.041722216 0.051799998 0.00060000003
v -0.041722216 0.051799998 0.0082
f 1246//1246 1247//1246 1248//1246
vn 1 0 0
v -0.041722216 0.0495 -1.0104851e-11
v -0.041722216 0.051799998 0.0082
v -0.041722216 0.0495 0.0162
f 1249//1249 1250//1249 1251//1249
vn 1 0 0
v -0.041722216 0.074000001 0.0082
v -0.041722216 0.079075001 0.0162
v -0.041722216 0.075925 0.0162
f 1252//1252 1253//1252 1254//1252
vn 1 0 -0
v -0.041722216 0.074000001 0.0082
v -0.041722216 0.075925 0.0162
v -0.041722216 0.051799998 0.0082
f 1255//1255 1256//1255 1257//1255
vn 1 0 0
v -0.041722216 0.051799998 0.0082
v -0.041722216 0.075925 0.0162
v -0.041722216 0.061999999 0.0162
f 1258//1258 1259//1258 1260//1258
vn 1 0 -0
v -0.041722216 0.051799998 0.0082
v -0.041722216 0.061999999 0.0162
v -0.041722216 0.0495 0.0162
f 1261//1261 1262//1261 1263//1261
vn 1 0 -0
v -0.041722216 0.087083161 -0.0218
v -0.041722216 0.087083161 -0.015899999
v -0.041722216 0.074000001 -0.0218
f 1264//1264 1265//1264 1266//1264
vn 1 0 0
v -0.041722216 0.074000001 -0.0218
v -0.041722216 0.087083161 -0.015899999
v -0.041722216 0.0779 -0.015899999
f 1267//1267 1268//1267 1269//1267
vn 1 0 0
v -0.041722216 0.074000001 -0.0218
v -0.041722216 0.0779 -0.015899999
v -0.041722216 0.074000001 0.0082
f 1270//1270 1271//1270 1272//1270
vn 1 -0 0
v -0.041722216 0.074000001 0.0082
v -0.041722216 0.0779 -0.015899999
v -0.041722216 0.0779 0.0103
f 1273//1273 1274//1273 1275//1273
vn 1 0 0
v -0.041722216 0.074000001 0.0082
v -0.041722216 0.0779 0.0103
v -0.041722216 0.079075001 0.0162
f 1276//1276 1277//1276 1278//1276
vn 1 -0 0
v -0.041722216 0.079075001 0.0162
v -0.041722216 0.0779 0.0103
v -0.041722216 0.087083161 0.0162
f 1279//1279 1280//1279 1281//1279
vn 0.77704257 0.629448 -3.5064449e-08
v -0.051147215 0.100135 0.0162
v -0.042614046 0.08960095 0.0103
v -0.056559678 0.10681659 0.0162
f 1282//1282 1283//1282 1284//1282
vn 0.77704263 0.629448 9.3881418e-08
v -0.056559678 0.10681659 0.0162
v -0.042614046 0.08960095 0.0103
v -0.069521546 0.12281779 0.0103
f 1285//1285 1286//1285 1287//1285
vn 0.77704424 0.62944597 -9.0303138e-06
v -0.056559678 0.10681659 0.0162
v -0.069521546 0.12281779 0.0103
v -0.056722216 0.10701724 0.0162
f 1288//1288 1289//1288 1290//1288
vn 0.77704263 0.629448 0
v -0.056722216 0.10701724 0.0162
v -0.069521546 0.12281779 0.0103
v -0.069521546 0.12281779 0.0162
f 1291//1291 1292//1291 1293//1291
vn 0.77704239 0.62944829 -7.9426775e-07
v -0.051147215 0.100135 0.0162
v -0.045504287 0.093168907 0.0162
v -0.042614046 0.08960095 0.0103
f 1294//1294 1295//1294 1296//1294
vn 0.7770505 0.62943828 9.24303e-06
v -0.042614046 0.08960095 0.0103
v -0.045504287 0.093168907 0.0162
v -0.045372218 0.093005866 0.0162
f 1297//1297 1298//1297 1299//1297
vn 0.77704269 0.62944794 -0
v -0.042614046 0.08960095 0.0103
v -0.045372218 0.093005866 0.0162
v -0.042614046 0.08960095 0.0162
f 1300//1300 1301//1300 1302//1300
vn 0 -1 0
v -0.049826689 0.0495 -1.0104851e-11
v -0.049826689 0.0495 0.0162
v -0.050184116 0.0495 -1.0104851e-11
f 1303//1303 1304//1303 1305//1303
vn 0 -1 0
v -0.050184116 0.0495 -1.0104851e-11
v -0.049826689 0.0495 0.0162
v -0.050184116 0.0495 0.0162
f 1306//1306 1307//1306 1308//1306
vn 0 -1 0
v -0.043900929 0.0495 -1.0104851e-11
v -0.041722216 0.0495 -1.0104851e-11
v -0.043900929 0.0495 0.0162
f 1309//1309 1310//1309 1311//1309
vn 0 -1 0
v -0.043900929 0.0495 0.0162
v -0.041722216 0.0495 -1.0104851e-11
v -0.041722216 0.0495 0.0162
f 1312//1312 1313//1312 1314//1312
vn 0 -1 0
v -0.081242613 0.0495 -1.0104851e-11
v -0.081242613 0.0495 0.0162
v -0.08160004 0.0495 -1.0104851e-11
f 1315//1315 1316//1315 1317//1315
vn 0 -1 0
v -0.08160004 0.0495 -1.0104851e-11
v -0.081242613 0.0495 0.0162
v -0.08160004 0.0495 0.0162
f 1318//1318 1319//1318 1320//1318
vn 0 -1 0
v -0.074959427 0.0495 -1.0104851e-11
v -0.074959427 0.0495 0.0162
v -0.075316854 0.0495 -1.0104851e-11
f 1321//1321 1322//1321 1323//1321
vn 0 -1 0
v -0.075316854 0.0495 -1.0104851e-11
v -0.074959427 0.0495 0.0162
v -0.075316854 0.0495 0.0162
f 1324//1324 1325//1324 1326//1324
vn 0 -1 0
v -0.068676248 0.0495 -1.0104851e-11
v -0.068676248 0.0495 0.0162
v -0.069033667 0.0495 -1.0104851e-11
f 1327//1327 1328//1327 1329//1327
vn 0 -1 0
v -0.069033667 0.0495 -1.0104851e-11
v -0.068676248 0.0495 0.0162
v -0.069033667 0.0495 0.0162
f 1330//1330 1331//1330 1332//1330
vn 0 -1 0
v -0.062393058 0.0495 -1.0104851e-11
v -0.062393058 0.0495 0.0162
v -0.062750489 0.0495 -1.0104851e-11
f 1333//1333 1334//1333 1335//1333
vn 0 -1 0
v -0.062750489 0.0495 -1.0104851e-11
v -0.062393058 0.0495 0.0162
v -0.062750489 0.0495 0.0162
f 1336//1336 1337//1336 1338//1336
vn 0 -1 0
v -0.056109875 0.0495 -1.0104851e-11
v -0.056109875 0.0495 0.0162
v -0.056467298 0.0495 -1.0104851e-11
f 1339//1339 1340//1339 1341//1339
vn 0 -1 0
v -0.056467298 0.0495 -1.0104851e-11
v -0.056109875 0.0495 0.0162
v -0.056467298 0.0495 0.0162
f 1342//1342 1343//1342 1344//1342
vn 0 0 -1
v -0.068123437 0.04926154 -1.0104851e-11
v -0.062750489 0.0495 -1.0104851e-11
v -0.063051507 0.049437843 -1.0104851e-11
f 1345//1345 1346//1345 1347//1345
vn -0 0 -1
v -0.081901059 0.049437843 -1.0104851e-11
v -0.082152843 0.04926154 -1.0104851e-11
v -0.086329006 0.051199999 -1.0104851e-11
f 1348//1348 1349//1348 1350//1348
vn 0 0 -1
v -0.086329006 0.051199999 -1.0104851e-11
v -0.082152843 0.04926154 -1.0104851e-11
v -0.082314208 0.048999935 -1.0104851e-11
f 1351//1351 1352//1351 1353//1351
vn 0 -0 -1
v -0.086329006 0.051199999 -1.0104851e-11
v -0.082314208 0.048999935 -1.0104851e-11
v -0.086811632 0.048999935 -1.0104851e-11
f 1354//1354 1355//1354 1356//1354
vn 0 0 -1
v -0.086811632 0.048999935 -1.0104851e-11
v -0.082314208 0.048999935 -1.0104851e-11
v -0.083042122 0.046999998 -1.0104851e-11
f 1357//1357 1358//1357 1359//1357
vn 0 0 -1
v -0.086811632 0.048999935 -1.0104851e-11
v -0.083042122 0.046999998 -1.0104851e-11
v -0.086083718 0.046999998 -1.0104851e-11
f 1360//1360 1361//1360 1362//1360
vn 0 0 -1
v -0.041722216 0.0495 -1.0104851e-11
v -0.043900929 0.0495 -1.0104851e-11
v -0.041722216 0.051199999 -1.0104851e-11
f 1363//1363 1364//1363 1365//1363
vn 0 0 -1
v -0.041722216 0.051199999 -1.0104851e-11
v -0.043900929 0.0495 -1.0104851e-11
v -0.044201951 0.049437843 -1.0104851e-11
f 1366//1366 1367//1366 1368//1366
vn -0 0 -1
v -0.041722216 0.051199999 -1.0104851e-11
v -0.044201951 0.049437843 -1.0104851e-11
v -0.086329006 0.051199999 -1.0104851e-11
f 1369//1369 1370//1369 1371//1369
vn 0 0 -1
v -0.086329006 0.051199999 -1.0104851e-11
v -0.044201951 0.049437843 -1.0104851e-11
v -0.044453733 0.04926154 -1.0104851e-11
f 1372//1372 1373//1372 1374//1372
vn 0 0 -1
v -0.074406624 0.04926154 -1.0104851e-11
v -0.069586478 0.04926154 -1.0104851e-11
v -0.069747835 0.048999935 -1.0104851e-11
f 1375//1375 1376//1375 1377//1375
vn 0 0 -1
v -0.075869657 0.04926154 -1.0104851e-11
v -0.080941595 0.049437843 -1.0104851e-11
v -0.081242613 0.0495 -1.0104851e-11
f 1378//1378 1379//1378 1380//1378
vn 0 0 -1
v -0.075869657 0.04926154 -1.0104851e-11
v -0.081242613 0.0495 -1.0104851e-11
v -0.086329006 0.051199999 -1.0104851e-11
f 1381//1381 1382//1381 1383//1381
vn 0 0 -1
v -0.086329006 0.051199999 -1.0104851e-11
v -0.081242613 0.0495 -1.0104851e-11
v -0.08160004 0.0495 -1.0104851e-11
f 1384//1384 1385//1384 1386//1384
vn 0 0 -1
v -0.086329006 0.051199999 -1.0104851e-11
v -0.08160004 0.0495 -1.0104851e-11
v -0.081901059 0.049437843 -1.0104851e-11
f 1387//1387 1388//1387 1389//1387
vn 0 0 -1
v -0.063464656 0.048999935 -1.0104851e-11
v -0.064192571 0.046999998 -1.0104851e-11
v -0.067234159 0.046999998 -1.0104851e-11
f 1390//1390 1391//1390 1392//1390
vn -0 0 -1
v -0.056467298 0.0495 -1.0104851e-11
v -0.056768321 0.049437843 -1.0104851e-11
v -0.086329006 0.051199999 -1.0104851e-11
f 1393//1393 1394//1393 1395//1393
vn 0 0 -1
v -0.063051507 0.049437843 -1.0104851e-11
v -0.063303292 0.04926154 -1.0104851e-11
v -0.068123437 0.04926154 -1.0104851e-11
f 1396//1396 1397//1396 1398//1396
vn 0 0 -1
v -0.068123437 0.04926154 -1.0104851e-11
v -0.063303292 0.04926154 -1.0104851e-11
v -0.063464656 0.048999935 -1.0104851e-11
f 1399//1399 1400//1399 1401//1399
vn 0 0 -1
v -0.068123437 0.04926154 -1.0104851e-11
v -0.063464656 0.048999935 -1.0104851e-11
v -0.06796208 0.048999935 -1.0104851e-11
f 1402//1402 1403//1402 1404//1402
vn 0 0 -1
v -0.06796208 0.048999935 -1.0104851e-11
v -0.063464656 0.048999935 -1.0104851e-11
v -0.067234159 0.046999998 -1.0104851e-11
f 1405//1405 1406//1405 1407//1405
vn 0 0 -1
v -0.070475757 0.046999998 -1.0104851e-11
v -0.073517345 0.046999998 -1.0104851e-11
v -0.069747835 0.048999935 -1.0104851e-11
f 1408//1408 1409//1408 1410//1408
vn -0 0 -1
v -0.069747835 0.048999935 -1.0104851e-11
v -0.073517345 0.046999998 -1.0104851e-11
v -0.074245267 0.048999935 -1.0104851e-11
f 1411//1411 1412//1411 1413//1411
vn 0 0 -1
v -0.069747835 0.048999935 -1.0104851e-11
v -0.074245267 0.048999935 -1.0104851e-11
v -0.074406624 0.04926154 -1.0104851e-11
f 1414//1414 1415//1414 1416//1414
vn 0 0 -1
v -0.045343012 0.046999998 -1.0104851e-11
v -0.048384607 0.046999998 -1.0104851e-11
v -0.044615097 0.048999935 -1.0104851e-11
f 1417//1417 1418//1417 1419//1417
vn -0 0 -1
v -0.044615097 0.048999935 -1.0104851e-11
v -0.048384607 0.046999998 -1.0104851e-11
v -0.049112521 0.048999935 -1.0104851e-11
f 1420//1420 1421//1420 1422//1420
vn 0 0 -1
v -0.044615097 0.048999935 -1.0104851e-11
v -0.049112521 0.048999935 -1.0104851e-11
v -0.044453733 0.04926154 -1.0104851e-11
f 1423//1423 1424//1423 1425//1423
vn -0 0 -1
v -0.044453733 0.04926154 -1.0104851e-11
v -0.049112521 0.048999935 -1.0104851e-11
v -0.049273886 0.04926154 -1.0104851e-11
f 1426//1426 1427//1426 1428//1426
vn 0 0 -1
v -0.076758936 0.046999998 -1.0104851e-11
v -0.079800531 0.046999998 -1.0104851e-11
v -0.076031022 0.048999935 -1.0104851e-11
f 1429//1429 1430//1429 1431//1429
vn -0 0 -1
v -0.076031022 0.048999935 -1.0104851e-11
v -0.079800531 0.046999998 -1.0104851e-11
v -0.080528446 0.048999935 -1.0104851e-11
f 1432//1432 1433//1432 1434//1432
vn 0 0 -1
v -0.076031022 0.048999935 -1.0104851e-11
v -0.080528446 0.048999935 -1.0104851e-11
v -0.075869657 0.04926154 -1.0104851e-11
f 1435//1435 1436//1435 1437//1435
vn -0 0 -1
v -0.075869657 0.04926154 -1.0104851e-11
v -0.080528446 0.048999935 -1.0104851e-11
v -0.08068981 0.04926154 -1.0104851e-11
f 1438//1438 1439//1438 1440//1438
vn 0 0 -1
v -0.075869657 0.04926154 -1.0104851e-11
v -0.08068981 0.04926154 -1.0104851e-11
v -0.080941595 0.049437843 -1.0104851e-11
f 1441//1441 1442//1441 1443//1441
vn 0 0 -1
v -0.050485134 0.049437843 -1.0104851e-11
v -0.050736919 0.04926154 -1.0104851e-11
v -0.054667789 0.046999998 -1.0104851e-11
f 1444//1444 1445//1444 1446//1444
vn 0 0 -1
v -0.054667789 0.046999998 -1.0104851e-11
v -0.050736919 0.04926154 -1.0104851e-11
v -0.05089828 0.048999935 -1.0104851e-11
f 1447//1447 1448//1447 1449//1447
vn 0 0 -1
v -0.054667789 0.046999998 -1.0104851e-11
v -0.05089828 0.048999935 -1.0104851e-11
v -0.051626198 0.046999998 -1.0104851e-11
f 1450//1450 1451//1450 1452//1450
vn 0 0 -1
v -0.074658409 0.049437843 -1.0104851e-11
v -0.069033667 0.0495 -1.0104851e-11
v -0.074406624 0.04926154 -1.0104851e-11
f 1453//1453 1454//1453 1455//1453
vn 0 0 -1
v -0.074406624 0.04926154 -1.0104851e-11
v -0.069033667 0.0495 -1.0104851e-11
v -0.069334693 0.049437843 -1.0104851e-11
f 1456//1456 1457//1456 1458//1456
vn 0 0 -1
v -0.074406624 0.04926154 -1.0104851e-11
v -0.069334693 0.049437843 -1.0104851e-11
v -0.069586478 0.04926154 -1.0104851e-11
f 1459//1459 1460//1459 1461//1459
vn 0 0 -1
v -0.055808853 0.049437843 -1.0104851e-11
v -0.050184116 0.0495 -1.0104851e-11
v -0.055557068 0.04926154 -1.0104851e-11
f 1462//1462 1463//1462 1464//1462
vn 0 0 -1
v -0.055557068 0.04926154 -1.0104851e-11
v -0.050184116 0.0495 -1.0104851e-11
v -0.050485134 0.049437843 -1.0104851e-11
f 1465//1465 1466//1465 1467//1465
vn 0 0 -1
v -0.055557068 0.04926154 -1.0104851e-11
v -0.050485134 0.049437843 -1.0104851e-11
v -0.055395707 0.048999935 -1.0104851e-11
f 1468//1468 1469//1468 1470//1468
vn 0 0 -1
v -0.055395707 0.048999935 -1.0104851e-11
v -0.050485134 0.049437843 -1.0104851e-11
v -0.054667789 0.046999998 -1.0104851e-11
f 1471//1471 1472//1471 1473//1471
vn 0 0 -1
v -0.057181466 0.048999935 -1.0104851e-11
v -0.057909384 0.046999998 -1.0104851e-11
v -0.060950976 0.046999998 -1.0104851e-11
f 1474//1474 1475//1474 1476//1474
vn 0 0 -1
v -0.074959427 0.0495 -1.0104851e-11
v -0.075316854 0.0495 -1.0104851e-11
v -0.086329006 0.051199999 -1.0104851e-11
f 1477//1477 1478//1477 1479//1477
vn 0 0 -1
v -0.086329006 0.051199999 -1.0104851e-11
v -0.075316854 0.0495 -1.0104851e-11
v -0.07561788 0.049437843 -1.0104851e-11
f 1480//1480 1481//1480 1482//1480
vn 0 0 -1
v -0.086329006 0.051199999 -1.0104851e-11
v -0.07561788 0.049437843 -1.0104851e-11
v -0.075869657 0.04926154 -1.0104851e-11
f 1483//1483 1484//1483 1485//1483
vn 0 0 -1
v -0.056467298 0.0495 -1.0104851e-11
v -0.086329006 0.051199999 -1.0104851e-11
v -0.056109875 0.0495 -1.0104851e-11
f 1486//1486 1487//1486 1488//1486
vn 0 0 -1
v -0.049273886 0.04926154 -1.0104851e-11
v -0.049525667 0.049437843 -1.0104851e-11
v -0.044453733 0.04926154 -1.0104851e-11
f 1489//1489 1490//1489 1491//1489
vn 0 0 -1
v -0.044453733 0.04926154 -1.0104851e-11
v -0.049525667 0.049437843 -1.0104851e-11
v -0.049826689 0.0495 -1.0104851e-11
f 1492//1492 1493//1492 1494//1492
vn 0 0 -1
v -0.044453733 0.04926154 -1.0104851e-11
v -0.049826689 0.0495 -1.0104851e-11
v -0.086329006 0.051199999 -1.0104851e-11
f 1495//1495 1496//1495 1497//1495
vn 0 0 -1
v -0.086329006 0.051199999 -1.0104851e-11
v -0.049826689 0.0495 -1.0104851e-11
v -0.050184116 0.0495 -1.0104851e-11
f 1498//1498 1499//1498 1500//1498
vn 0 0 -1
v -0.086329006 0.051199999 -1.0104851e-11
v -0.050184116 0.0495 -1.0104851e-11
v -0.056109875 0.0495 -1.0104851e-11
f 1501//1501 1502//1501 1503//1501
vn 0 0 -1
v -0.056109875 0.0495 -1.0104851e-11
v -0.050184116 0.0495 -1.0104851e-11
v -0.055808853 0.049437843 -1.0104851e-11
f 1504//1504 1505//1504 1506//1504
vn 0 0 -1
v -0.060950976 0.046999998 -1.0104851e-11
v -0.061678894 0.048999935 -1.0104851e-11
v -0.057181466 0.048999935 -1.0104851e-11
f 1507//1507 1508//1507 1509//1507
vn 0 0 -1
v -0.057181466 0.048999935 -1.0104851e-11
v -0.061678894 0.048999935 -1.0104851e-11
v -0.061840255 0.04926154 -1.0104851e-11
f 1510//1510 1511//1510 1512//1510
vn 0 0 -1
v -0.057181466 0.048999935 -1.0104851e-11
v -0.061840255 0.04926154 -1.0104851e-11
v -0.057020105 0.04926154 -1.0104851e-11
f 1513//1513 1514//1513 1515//1513
vn 0 0 -1
v -0.057020105 0.04926154 -1.0104851e-11
v -0.061840255 0.04926154 -1.0104851e-11
v -0.06209204 0.049437843 -1.0104851e-11
f 1516//1516 1517//1516 1518//1516
vn 0 0 -1
v -0.057020105 0.04926154 -1.0104851e-11
v -0.06209204 0.049437843 -1.0104851e-11
v -0.056768321 0.049437843 -1.0104851e-11
f 1519//1519 1520//1519 1521//1519
vn 0 0 -1
v -0.056768321 0.049437843 -1.0104851e-11
v -0.06209204 0.049437843 -1.0104851e-11
v -0.062393058 0.0495 -1.0104851e-11
f 1522//1522 1523//1522 1524//1522
vn 0 0 -1
v -0.056768321 0.049437843 -1.0104851e-11
v -0.062393058 0.0495 -1.0104851e-11
v -0.086329006 0.051199999 -1.0104851e-11
f 1525//1525 1526//1525 1527//1525
vn 0 0 -1
v -0.086329006 0.051199999 -1.0104851e-11
v -0.062393058 0.0495 -1.0104851e-11
v -0.062750489 0.0495 -1.0104851e-11
f 1528//1528 1529//1528 1530//1528
vn 0 0 -1
v -0.068123437 0.04926154 -1.0104851e-11
v -0.068375222 0.049437843 -1.0104851e-11
v -0.062750489 0.0495 -1.0104851e-11
f 1531//1531 1532//1531 1533//1531
vn -0 0 -1
v -0.062750489 0.0495 -1.0104851e-11
v -0.068375222 0.049437843 -1.0104851e-11
v -0.068676248 0.0495 -1.0104851e-11
f 1534//1534 1535//1534 1536//1534
vn 0 0 -1
v -0.062750489 0.0495 -1.0104851e-11
v -0.068676248 0.0495 -1.0104851e-11
v -0.086329006 0.051199999 -1.0104851e-11
f 1537//1537 1538//1537 1539//1537
vn 0 0 -1
v -0.086329006 0.051199999 -1.0104851e-11
v -0.068676248 0.0495 -1.0104851e-11
v -0.069033667 0.0495 -1.0104851e-11
f 1540//1540 1541//1540 1542//1540
vn 0 0 -1
v -0.086329006 0.051199999 -1.0104851e-11
v -0.069033667 0.0495 -1.0104851e-11
v -0.074959427 0.0495 -1.0104851e-11
f 1543//1543 1544//1543 1545//1543
vn 0 0 -1
v -0.074959427 0.0495 -1.0104851e-11
v -0.069033667 0.0495 -1.0104851e-11
v -0.074658409 0.049437843 -1.0104851e-11
f 1546//1546 1547//1546 1548//1546
vn 0.93969268 -0.34202003 0
v -0.046070952 0.044999998 0.0142
v -0.046070952 0.044999998 0.0020000001
v -0.045343012 0.046999998 0.0162
f 1549//1549 1550//1549 1551//1549
vn 0.93969268 -0.34202003 0
v -0.045343012 0.046999998 0.0162
v -0.046070952 0.044999998 0.0020000001
v -0.045343012 0.046999998 -1.0104851e-11
f 1552//1552 1553//1552 1554//1552
vn 0.93969309 -0.34201878 0
v -0.045343012 0.046999998 0.0162
v -0.045343012 0.046999998 -1.0104851e-11
v -0.044615097 0.048999935 0.0162
f 1555//1555 1556//1555 1557//1555
vn 0.93969309 -0.34201878 0
v -0.044615097 0.048999935 0.0162
v -0.045343012 0.046999998 -1.0104851e-11
v -0.044615097 0.048999935 -1.0104851e-11
f 1558//1558 1559//1558 1560//1558
vn 0 -1 0
v -0.046070952 0.044999998 0.0020000001
v -0.046070952 0.044999998 0.0142
v -0.047656666 0.044999998 0.0020000001
f 1561//1561 1562//1561 1563//1561
vn 0 -1 0
v -0.047656666 0.044999998 0.0020000001
v -0.046070952 0.044999998 0.0142
v -0.047656666 0.044999998 0.0142
f 1564//1564 1565//1564 1566//1564
vn -0.93969309 -0.34201878 -0
v -0.049112521 0.048999935 0.0162
v -0.049112521 0.048999935 -1.0104851e-11
v -0.048384607 0.046999998 -1.0104851e-11
f 1567//1567 1568//1567 1569//1567
vn -0.93969268 -0.34202003 0
v -0.047656666 0.044999998 0.0020000001
v -0.047656666 0.044999998 0.0142
v -0.048384607 0.046999998 -1.0104851e-11
f 1570//1570 1571//1570 1572//1570
vn -0.93969268 -0.34202003 0
v -0.048384607 0.046999998 -1.0104851e-11
v -0.047656666 0.044999998 0.0142
v -0.048384607 0.046999998 0.0162
f 1573//1573 1574//1573 1575//1573
vn -0.93969309 -0.34201878 0
v -0.048384607 0.046999998 -1.0104851e-11
v -0.048384607 0.046999998 0.0162
v -0.049112521 0.048999935 0.0162
f 1576//1576 1577//1576 1578//1576
vn 0.20221885 -0.97934037 0
v -0.043900929 0.0495 -1.0104851e-11
v -0.043900929 0.0495 0.0162
v -0.044201951 0.049437843 -1.0104851e-11
f 1579//1579 1580//1579 1581//1579
vn 0.20221885 -0.97934037 0
v -0.044201951 0.049437843 -1.0104851e-11
v -0.043900929 0.0495 0.0162
v -0.044201951 0.049437843 0.0162
f 1582//1582 1583//1582 1584//1582
vn 0.57358515 -0.81914592 0
v -0.044201951 0.049437843 -1.0104851e-11
v -0.044201951 0.049437843 0.0162
v -0.044453733 0.04926154 -1.0104851e-11
f 1585//1585 1586//1585 1587//1585
vn 0.57358515 -0.81914592 0
v -0.044453733 0.04926154 -1.0104851e-11
v -0.044201951 0.049437843 0.0162
v -0.044453733 0.04926154 0.0162
f 1588//1588 1589//1588 1590//1588
vn 0.85111022 -0.52498704 0
v -0.044453733 0.04926154 -1.0104851e-11
v -0.044453733 0.04926154 0.0162
v -0.044615097 0.048999935 -1.0104851e-11
f 1591//1591 1592//1591 1593//1591
vn 0.85111022 -0.52498704 0
v -0.044615097 0.048999935 -1.0104851e-11
v -0.044453733 0.04926154 0.0162
v -0.044615097 0.048999935 0.0162
f 1594//1594 1595//1594 1596//1594
vn -0.85111022 -0.52498704 0
v -0.049112521 0.048999935 -1.0104851e-11
v -0.049112521 0.048999935 0.0162
v -0.049273886 0.04926154 -1.0104851e-11
f 1597//1597 1598//1597 1599//1597
vn -0.85111022 -0.52498704 0
v -0.049273886 0.04926154 -1.0104851e-11
v -0.049112521 0.048999935 0.0162
v -0.049273886 0.04926154 0.0162
f 1600//1600 1601//1600 1602//1600
vn -0.57358515 -0.81914592 0
v -0.049273886 0.04926154 -1.0104851e-11
v -0.049273886 0.04926154 0.0162
v -0.049525667 0.049437843 -1.0104851e-11
f 1603//1603 1604//1603 1605//1603
vn -0.57358515 -0.81914592 0
v -0.049525667 0.049437843 -1.0104851e-11
v -0.049273886 0.04926154 0.0162
v -0.049525667 0.049437843 0.0162
f 1606//1606 1607//1606 1608//1606
vn -0.20221885 -0.97934037 0
v -0.049525667 0.049437843 -1.0104851e-11
v -0.049525667 0.049437843 0.0162
v -0.049826689 0.0495 -1.0104851e-11
f 1609//1609 1610//1609 1611//1609
vn -0.20221885 -0.97934037 0
v -0.049826689 0.0495 -1.0104851e-11
v -0.049525667 0.049437843 0.0162
v -0.049826689 0.0495 0.0162
f 1612//1612 1613//1612 1614//1612
vn 0.93969268 -0.34202003 0
v -0.052354138 0.044999998 0.0142
v -0.052354138 0.044999998 0.0020000001
v -0.051626198 0.046999998 0.0162
f 1615//1615 1616//1615 1617//1615
vn 0.93969268 -0.34202003 0
v -0.051626198 0.046999998 0.0162
v -0.052354138 0.044999998 0.0020000001
v -0.051626198 0.046999998 -1.0104851e-11
f 1618//1618 1619//1618 1620//1618
vn 0.93969256 -0.34202033 0
v -0.051626198 0.046999998 0.0162
v -0.051626198 0.046999998 -1.0104851e-11
v -0.05089828 0.048999935 0.0162
f 1621//1621 1622//1621 1623//1621
vn 0.93969256 -0.34202033 0
v -0.05089828 0.048999935 0.0162
v -0.051626198 0.046999998 -1.0104851e-11
v -0.05089828 0.048999935 -1.0104851e-11
f 1624//1624 1625//1624 1626//1624
vn 0 -1 0
v -0.052354138 0.044999998 0.0020000001
v -0.052354138 0.044999998 0.0142
v -0.053939849 0.044999998 0.0020000001
f 1627//1627 1628//1627 1629//1627
vn 0 -1 0
v -0.053939849 0.044999998 0.0020000001
v -0.052354138 0.044999998 0.0142
v -0.053939849 0.044999998 0.0142
f 1630//1630 1631//1630 1632//1630
vn -0.93969256 -0.34202033 -0
v -0.055395707 0.048999935 0.0162
v -0.055395707 0.048999935 -1.0104851e-11
v -0.054667789 0.046999998 -1.0104851e-11
f 1633//1633 1634//1633 1635//1633
vn -0.93969268 -0.34202003 0
v -0.053939849 0.044999998 0.0020000001
v -0.053939849 0.044999998 0.0142
v -0.054667789 0.046999998 -1.0104851e-11
f 1636//1636 1637//1636 1638//1636
vn -0.93969268 -0.34202003 0
v -0.054667789 0.046999998 -1.0104851e-11
v -0.053939849 0.044999998 0.0142
v -0.054667789 0.046999998 0.0162
f 1639//1639 1640//1639 1641//1639
vn -0.93969256 -0.34202033 0
v -0.054667789 0.046999998 -1.0104851e-11
v -0.054667789 0.046999998 0.0162
v -0.055395707 0.048999935 0.0162
f 1642//1642 1643//1642 1644//1642
vn -0.85111564 -0.52497828 0
v -0.055395707 0.048999935 -1.0104851e-11
v -0.055395707 0.048999935 0.0162
v -0.055557068 0.04926154 -1.0104851e-11
f 1645//1645 1646//1645 1647//1645
vn -0.85111564 -0.52497828 0
v -0.055557068 0.04926154 -1.0104851e-11
v -0.055395707 0.048999935 0.0162
v -0.055557068 0.04926154 0.0162
f 1648//1648 1649//1648 1650//1648
vn -0.57357949 -0.81914991 0
v -0.055557068 0.04926154 -1.0104851e-11
v -0.055557068 0.04926154 0.0162
v -0.055808853 0.049437843 -1.0104851e-11
f 1651//1651 1652//1651 1653//1651
vn -0.57357949 -0.81914991 0
v -0.055808853 0.049437843 -1.0104851e-11
v -0.055557068 0.04926154 0.0162
v -0.055808853 0.049437843 0.0162
f 1654//1654 1655//1654 1656//1654
vn -0.20221885 -0.97934037 0
v -0.055808853 0.049437843 -1.0104851e-11
v -0.055808853 0.049437843 0.0162
v -0.056109875 0.0495 -1.0104851e-11
f 1657//1657 1658//1657 1659//1657
vn -0.20221885 -0.97934037 0
v -0.056109875 0.0495 -1.0104851e-11
v -0.055808853 0.049437843 0.0162
v -0.056109875 0.0495 0.0162
f 1660//1660 1661//1660 1662//1660
vn 0.20222124 -0.97933984 0
v -0.050184116 0.0495 -1.0104851e-11
v -0.050184116 0.0495 0.0162
v -0.050485134 0.049437843 -1.0104851e-11
f 1663//1663 1664//1663 1665//1663
vn 0.20222124 -0.97933984 0
v -0.050485134 0.049437843 -1.0104851e-11
v -0.050184116 0.0495 0.0162
v -0.050485134 0.049437843 0.0162
f 1666//1666 1667//1666 1668//1666
vn 0.57357949 -0.81914991 0
v -0.050485134 0.049437843 -1.0104851e-11
v -0.050485134 0.049437843 0.0162
v -0.050736919 0.04926154 -1.0104851e-11
f 1669//1669 1670//1669 1671//1669
vn 0.57357949 -0.81914991 0
v -0.050736919 0.04926154 -1.0104851e-11
v -0.050485134 0.049437843 0.0162
v -0.050736919 0.04926154 0.0162
f 1672//1672 1673//1672 1674//1672
vn 0.85111564 -0.52497828 0
v -0.050736919 0.04926154 -1.0104851e-11
v -0.050736919 0.04926154 0.0162
v -0.05089828 0.048999935 -1.0104851e-11
f 1675//1675 1676//1675 1677//1675
vn 0.85111564 -0.52497828 0
v -0.05089828 0.048999935 -1.0104851e-11
v -0.050736919 0.04926154 0.0162
v -0.05089828 0.048999935 0.0162
f 1678//1678 1679//1678 1680//1678
vn 0.93969268 -0.34202003 0
v -0.058637325 0.044999998 0.0142
v -0.058637325 0.044999998 0.0020000001
v -0.057909384 0.046999998 0.0162
f 1681//1681 1682//1681 1683//1681
vn 0.93969268 -0.34202003 0
v -0.057909384 0.046999998 0.0162
v -0.058637325 0.044999998 0.0020000001
v -0.057909384 0.046999998 -1.0104851e-11
f 1684//1684 1685//1684 1686//1684
vn 0.93969274 -0.3420198 0
v -0.057909384 0.046999998 0.0162
v -0.057909384 0.046999998 -1.0104851e-11
v -0.057245139 0.048824999 0.0162
f 1687//1687 1688//1687 1689//1687
vn 0.93969256 -0.34202033 6.7189482e-08
v -0.057245139 0.048824999 0.0162
v -0.057909384 0.046999998 -1.0104851e-11
v -0.057181466 0.048999935 -1.0104851e-11
f 1690//1690 1691//1690 1692//1690
vn 0.93969053 -0.34202582 0
v -0.057245139 0.048824999 0.0162
v -0.057181466 0.048999935 -1.0104851e-11
v -0.057181466 0.048999935 0.0162
f 1693//1693 1694//1693 1695//1693
vn 0 -1 0
v -0.058637325 0.044999998 0.0020000001
v -0.058637325 0.044999998 0.0142
v -0.060223036 0.044999998 0.0020000001
f 1696//1696 1697//1696 1698//1696
vn 0 -1 0
v -0.060223036 0.044999998 0.0020000001
v -0.058637325 0.044999998 0.0142
v -0.060223036 0.044999998 0.0142
f 1699//1699 1700//1699 1701//1699
vn -0.93969268 -0.34202003 0
v -0.060223036 0.044999998 0.0020000001
v -0.060223036 0.044999998 0.0142
v -0.060950976 0.046999998 -1.0104851e-11
f 1702//1702 1703//1702 1704//1702
vn -0.93969268 -0.34202003 0
v -0.060950976 0.046999998 -1.0104851e-11
v -0.060223036 0.044999998 0.0142
v -0.060950976 0.046999998 0.0162
f 1705//1705 1706//1705 1707//1705
vn -0.93969256 -0.34202033 0
v -0.060950976 0.046999998 -1.0104851e-11
v -0.060950976 0.046999998 0.0162
v -0.061678894 0.048999935 -1.0104851e-11
f 1708//1708 1709//1708 1710//1708
vn -0.93969274 -0.3420198 7.3629963e-08
v -0.061678894 0.048999935 -1.0104851e-11
v -0.060950976 0.046999998 0.0162
v -0.061615221 0.048824999 0.0162
f 1711//1711 1712//1711 1713//1711
vn -0.93969053 -0.34202582 0
v -0.061678894 0.048999935 -1.0104851e-11
v -0.061615221 0.048824999 0.0162
v -0.061678894 0.048999935 0.0162
f 1714//1714 1715//1714 1716//1714
vn 0.20221885 -0.97934037 0
v -0.056467298 0.0495 -1.0104851e-11
v -0.056467298 0.0495 0.0162
v -0.056768321 0.049437843 -1.0104851e-11
f 1717//1717 1718//1717 1719//1717
vn 0.20221885 -0.97934037 0
v -0.056768321 0.049437843 -1.0104851e-11
v -0.056467298 0.0495 0.0162
v -0.056768321 0.049437843 0.0162
f 1720//1720 1721//1720 1722//1720
vn 0.57357949 -0.81914991 0
v -0.056768321 0.049437843 -1.0104851e-11
v -0.056768321 0.049437843 0.0162
v -0.057020105 0.04926154 -1.0104851e-11
f 1723//1723 1724//1723 1725//1723
vn 0.57357949 -0.81914991 0
v -0.057020105 0.04926154 -1.0104851e-11
v -0.056768321 0.049437843 0.0162
v -0.057020105 0.04926154 0.0162
f 1726//1726 1727//1726 1728//1726
vn 0.85111564 -0.52497828 0
v -0.057020105 0.04926154 -1.0104851e-11
v -0.057020105 0.04926154 0.0162
v -0.057181466 0.048999935 -1.0104851e-11
f 1729//1729 1730//1729 1731//1729
vn 0.85111564 -0.52497828 0
v -0.057181466 0.048999935 -1.0104851e-11
v -0.057020105 0.04926154 0.0162
v -0.057181466 0.048999935 0.0162
f 1732//1732 1733//1732 1734//1732
vn -0.85111564 -0.52497828 0
v -0.061678894 0.048999935 -1.0104851e-11
v -0.061678894 0.048999935 0.0162
v -0.061840255 0.04926154 -1.0104851e-11
f 1735//1735 1736//1735 1737//1735
vn -0.85111564 -0.52497828 0
v -0.061840255 0.04926154 -1.0104851e-11
v -0.061678894 0.048999935 0.0162
v -0.061840255 0.04926154 0.0162
f 1738//1738 1739//1738 1740//1738
vn -0.57357949 -0.81914991 0
v -0.061840255 0.04926154 -1.0104851e-11
v -0.061840255 0.04926154 0.0162
v -0.06209204 0.049437843 -1.0104851e-11
f 1741//1741 1742//1741 1743//1741
vn -0.57357949 -0.81914991 0
v -0.06209204 0.049437843 -1.0104851e-11
v -0.061840255 0.04926154 0.0162
v -0.06209204 0.049437843 0.0162
f 1744//1744 1745//1744 1746//1744
vn -0.20222124 -0.97933984 0
v -0.06209204 0.049437843 -1.0104851e-11
v -0.06209204 0.049437843 0.0162
v -0.062393058 0.0495 -1.0104851e-11
f 1747//1747 1748//1747 1749//1747
vn -0.20222124 -0.97933984 0
v -0.062393058 0.0495 -1.0104851e-11
v -0.06209204 0.049437843 0.0162
v -0.062393058 0.0495 0.0162
f 1750//1750 1751//1750 1752//1750
vn 0.93969268 -0.34202003 0
v -0.064920507 0.044999998 0.0142
v -0.064920507 0.044999998 0.0020000001
v -0.064192571 0.046999998 0.0162
f 1753//1753 1754//1753 1755//1753
vn 0.93969268 -0.34202003 0
v -0.064192571 0.046999998 0.0162
v -0.064920507 0.044999998 0.0020000001
v -0.064192571 0.046999998 -1.0104851e-11
f 1756//1756 1757//1756 1758//1756
vn 0.93969274 -0.3420198 0
v -0.064192571 0.046999998 0.0162
v -0.064192571 0.046999998 -1.0104851e-11
v -0.063528322 0.048824999 0.0162
f 1759//1759 1760//1759 1761//1759
vn 0.93969309 -0.34201878 -1.2999733e-07
v -0.063528322 0.048824999 0.0162
v -0.064192571 0.046999998 -1.0104851e-11
v -0.063464656 0.048999935 -1.0104851e-11
f 1762//1762 1763//1762 1764//1762
vn 0.93969697 -0.34200817 0
v -0.063528322 0.048824999 0.0162
v -0.063464656 0.048999935 -1.0104851e-11
v -0.063464656 0.048999935 0.0162
f 1765//1765 1766//1765 1767//1765
vn 0 -1 0
v -0.064920507 0.044999998 0.0020000001
v -0.064920507 0.044999998 0.0142
v -0.066506222 0.044999998 0.0020000001
f 1768//1768 1769//1768 1770//1768
vn 0 -1 0
v -0.066506222 0.044999998 0.0020000001
v -0.064920507 0.044999998 0.0142
v -0.066506222 0.044999998 0.0142
f 1771//1771 1772//1771 1773//1771
vn -0.93969321 -0.34201849 0
v -0.066506222 0.044999998 0.0020000001
v -0.066506222 0.044999998 0.0142
v -0.067234159 0.046999998 -1.0104851e-11
f 1774//1774 1775//1774 1776//1774
vn -0.93969321 -0.34201849 0
v -0.067234159 0.046999998 -1.0104851e-11
v -0.066506222 0.044999998 0.0142
v -0.067234159 0.046999998 0.0162
f 1777//1777 1778//1777 1779//1777
vn -0.93969196 -0.34202188 0
v -0.067234159 0.046999998 -1.0104851e-11
v -0.067234159 0.046999998 0.0162
v -0.06796208 0.048999935 -1.0104851e-11
f 1780//1780 1781//1780 1782//1780
vn -0.93969214 -0.3420215 5.2916743e-08
v -0.06796208 0.048999935 -1.0104851e-11
v -0.067234159 0.046999998 0.0162
v -0.067898408 0.048824999 0.0162
f 1783//1783 1784//1783 1785//1783
vn -0.93969053 -0.34202582 0
v -0.06796208 0.048999935 -1.0104851e-11
v -0.067898408 0.048824999 0.0162
v -0.06796208 0.048999935 0.0162
f 1786//1786 1787//1786 1788//1786
vn 0.20221885 -0.97934037 0
v -0.062750489 0.0495 -1.0104851e-11
v -0.062750489 0.0495 0.0162
v -0.063051507 0.049437843 -1.0104851e-11
f 1789//1789 1790//1789 1791//1789
vn 0.20221885 -0.97934037 0
v -0.063051507 0.049437843 -1.0104851e-11
v -0.062750489 0.0495 0.0162
v -0.063051507 0.049437843 0.0162
f 1792//1792 1793//1792 1794//1792
vn 0.57358515 -0.81914592 0
v -0.063051507 0.049437843 -1.0104851e-11
v -0.063051507 0.049437843 0.0162
v -0.063303292 0.04926154 -1.0104851e-11
f 1795//1795 1796//1795 1797//1795
vn 0.57358515 -0.81914592 0
v -0.063303292 0.04926154 -1.0104851e-11
v -0.063051507 0.049437843 0.0162
v -0.063303292 0.04926154 0.0162
f 1798//1798 1799//1798 1800//1798
vn 0.85111022 -0.52498704 0
v -0.063303292 0.04926154 -1.0104851e-11
v -0.063303292 0.04926154 0.0162
v -0.063464656 0.048999935 -1.0104851e-11
f 1801//1801 1802//1801 1803//1801
vn 0.85111022 -0.52498704 0
v -0.063464656 0.048999935 -1.0104851e-11
v -0.063303292 0.04926154 0.0162
v -0.063464656 0.048999935 0.0162
f 1804//1804 1805//1804 1806//1804
vn -0.85112107 -0.52496946 0
v -0.06796208 0.048999935 -1.0104851e-11
v -0.06796208 0.048999935 0.0162
v -0.068123437 0.04926154 -1.0104851e-11
f 1807//1807 1808//1807 1809//1807
vn -0.85112107 -0.52496946 0
v -0.068123437 0.04926154 -1.0104851e-11
v -0.06796208 0.048999935 0.0162
v -0.068123437 0.04926154 0.0162
f 1810//1810 1811//1810 1812//1810
vn -0.57357949 -0.81914991 0
v -0.068123437 0.04926154 -1.0104851e-11
v -0.068123437 0.04926154 0.0162
v -0.068375222 0.049437843 -1.0104851e-11
f 1813//1813 1814//1813 1815//1813
vn -0.57357949 -0.81914991 0
v -0.068375222 0.049437843 -1.0104851e-11
v -0.068123437 0.04926154 0.0162
v -0.068375222 0.049437843 0.0162
f 1816//1816 1817//1816 1818//1816
vn -0.20221645 -0.97934085 0
v -0.068375222 0.049437843 -1.0104851e-11
v -0.068375222 0.049437843 0.0162
v -0.068676248 0.0495 -1.0104851e-11
f 1819//1819 1820//1819 1821//1819
vn -0.20221645 -0.97934085 0
v -0.068676248 0.0495 -1.0104851e-11
v -0.068375222 0.049437843 0.0162
v -0.068676248 0.0495 0.0162
f 1822//1822 1823//1822 1824//1822
vn 0.93969321 -0.34201849 0
v -0.071203694 0.044999998 0.0142
v -0.071203694 0.044999998 0.0020000001
v -0.070475757 0.046999998 0.0162
f 1825//1825 1826//1825 1827//1825
vn 0.93969321 -0.34201849 0
v -0.070475757 0.046999998 0.0162
v -0.071203694 0.044999998 0.0020000001
v -0.070475757 0.046999998 -1.0104851e-11
f 1828//1828 1829//1828 1830//1828
vn 0.93969214 -0.3420215 0
v -0.070475757 0.046999998 0.0162
v -0.070475757 0.046999998 -1.0104851e-11
v -0.069811508 0.048824999 0.0162
f 1831//1831 1832//1831 1833//1831
vn 0.93969196 -0.34202188 4.8288072e-08
v -0.069811508 0.048824999 0.0162
v -0.070475757 0.046999998 -1.0104851e-11
v -0.069747835 0.048999935 -1.0104851e-11
f 1834//1834 1835//1834 1836//1834
vn 0.93969053 -0.34202582 0
v -0.069811508 0.048824999 0.0162
v -0.069747835 0.048999935 -1.0104851e-11
v -0.069747835 0.048999935 0.0162
f 1837//1837 1838//1837 1839//1837
vn 0 -1 0
v -0.071203694 0.044999998 0.0020000001
v -0.071203694 0.044999998 0.0142
v -0.072789408 0.044999998 0.0020000001
f 1840//1840 1841//1840 1842//1840
vn 0 -1 0
v -0.072789408 0.044999998 0.0020000001
v -0.071203694 0.044999998 0.0142
v -0.072789408 0.044999998 0.0142
f 1843//1843 1844//1843 1845//1843
vn -0.93969196 -0.34202188 -0
v -0.074245267 0.048999935 0.0162
v -0.074245267 0.048999935 -1.0104851e-11
v -0.073517345 0.046999998 -1.0104851e-11
f 1846//1846 1847//1846 1848//1846
vn -0.93969321 -0.34201849 0
v -0.072789408 0.044999998 0.0020000001
v -0.072789408 0.044999998 0.0142
v -0.073517345 0.046999998 -1.0104851e-11
f 1849//1849 1850//1849 1851//1849
vn -0.93969321 -0.34201849 0
v -0.073517345 0.046999998 -1.0104851e-11
v -0.072789408 0.044999998 0.0142
v -0.073517345 0.046999998 0.0162
f 1852//1852 1853//1852 1854//1852
vn -0.93969196 -0.34202188 0
v -0.073517345 0.046999998 -1.0104851e-11
v -0.073517345 0.046999998 0.0162
v -0.074245267 0.048999935 0.0162
f 1855//1855 1856//1855 1857//1855
vn 0.20221645 -0.97934085 0
v -0.069033667 0.0495 -1.0104851e-11
v -0.069033667 0.0495 0.0162
v -0.069334693 0.049437843 -1.0104851e-11
f 1858//1858 1859//1858 1860//1858
vn 0.20221645 -0.97934085 0
v -0.069334693 0.049437843 -1.0104851e-11
v -0.069033667 0.0495 0.0162
v -0.069334693 0.049437843 0.0162
f 1861//1861 1862//1861 1863//1861
vn 0.57357949 -0.81914991 0
v -0.069334693 0.049437843 -1.0104851e-11
v -0.069334693 0.049437843 0.0162
v -0.069586478 0.04926154 -1.0104851e-11
f 1864//1864 1865//1864 1866//1864
vn 0.57357949 -0.81914991 0
v -0.069586478 0.04926154 -1.0104851e-11
v -0.069334693 0.049437843 0.0162
v -0.069586478 0.04926154 0.0162
f 1867//1867 1868//1867 1869//1867
vn 0.85112107 -0.52496946 0
v -0.069586478 0.04926154 -1.0104851e-11
v -0.069586478 0.04926154 0.0162
v -0.069747835 0.048999935 -1.0104851e-11
f 1870//1870 1871//1870 1872//1870
vn 0.85112107 -0.52496946 0
v -0.069747835 0.048999935 -1.0104851e-11
v -0.069586478 0.04926154 0.0162
v -0.069747835 0.048999935 0.0162
f 1873//1873 1874//1873 1875//1873
vn -0.85112107 -0.52496946 0
v -0.074245267 0.048999935 -1.0104851e-11
v -0.074245267 0.048999935 0.0162
v -0.074406624 0.04926154 -1.0104851e-11
f 1876//1876 1877//1876 1878//1876
vn -0.85112107 -0.52496946 0
v -0.074406624 0.04926154 -1.0104851e-11
v -0.074245267 0.048999935 0.0162
v -0.074406624 0.04926154 0.0162
f 1879//1879 1880//1879 1881//1879
vn -0.57357949 -0.81914991 0
v -0.074406624 0.04926154 -1.0104851e-11
v -0.074406624 0.04926154 0.0162
v -0.074658409 0.049437843 -1.0104851e-11
f 1882//1882 1883//1882 1884//1882
vn -0.57357949 -0.81914991 0
v -0.074658409 0.049437843 -1.0104851e-11
v -0.074406624 0.04926154 0.0162
v -0.074658409 0.049437843 0.0162
f 1885//1885 1886//1885 1887//1885
vn -0.20222124 -0.97933984 0
v -0.074658409 0.049437843 -1.0104851e-11
v -0.074658409 0.049437843 0.0162
v -0.074959427 0.0495 -1.0104851e-11
f 1888//1888 1889//1888 1890//1888
vn -0.20222124 -0.97933984 0
v -0.074959427 0.0495 -1.0104851e-11
v -0.074658409 0.049437843 0.0162
v -0.074959427 0.0495 0.0162
f 1891//1891 1892//1891 1893//1891
vn 0.93969208 -0.34202158 0
v -0.07748688 0.044999998 0.0142
v -0.07748688 0.044999998 0.0020000001
v -0.076758936 0.046999998 0.0162
f 1894//1894 1895//1894 1896//1894
vn 0.93969208 -0.34202158 0
v -0.076758936 0.046999998 0.0162
v -0.07748688 0.044999998 0.0020000001
v -0.076758936 0.046999998 -1.0104851e-11
f 1897//1897 1898//1897 1899//1897
vn 0.93969309 -0.34201878 0
v -0.076758936 0.046999998 0.0162
v -0.076758936 0.046999998 -1.0104851e-11
v -0.076031022 0.048999935 0.0162
f 1900//1900 1901//1900 1902//1900
vn 0.93969309 -0.34201878 0
v -0.076031022 0.048999935 0.0162
v -0.076758936 0.046999998 -1.0104851e-11
v -0.076031022 0.048999935 -1.0104851e-11
f 1903//1903 1904//1903 1905//1903
vn 0 -1 0
v -0.07748688 0.044999998 0.0020000001
v -0.07748688 0.044999998 0.0142
v -0.079072595 0.044999998 0.0020000001
f 1906//1906 1907//1906 1908//1906
vn 0 -1 0
v -0.079072595 0.044999998 0.0020000001
v -0.07748688 0.044999998 0.0142
v -0.079072595 0.044999998 0.0142
f 1909//1909 1910//1909 1911//1909
vn -0.93969309 -0.34201878 -0
v -0.080528446 0.048999935 0.0162
v -0.080528446 0.048999935 -1.0104851e-11
v -0.079800531 0.046999998 -1.0104851e-11
f 1912//1912 1913//1912 1914//1912
vn -0.93969321 -0.34201849 0
v -0.079072595 0.044999998 0.0020000001
v -0.079072595 0.044999998 0.0142
v -0.079800531 0.046999998 -1.0104851e-11
f 1915//1915 1916//1915 1917//1915
vn -0.93969321 -0.34201849 0
v -0.079800531 0.046999998 -1.0104851e-11
v -0.079072595 0.044999998 0.0142
v -0.079800531 0.046999998 0.0162
f 1918//1918 1919//1918 1920//1918
vn -0.93969309 -0.34201878 0
v -0.079800531 0.046999998 -1.0104851e-11
v -0.079800531 0.046999998 0.0162
v -0.080528446 0.048999935 0.0162
f 1921//1921 1922//1921 1923//1921
vn 0.20221645 -0.97934085 0
v -0.075316854 0.0495 -1.0104851e-11
v -0.075316854 0.0495 0.0162
v -0.07561788 0.049437843 -1.0104851e-11
f 1924//1924 1925//1924 1926//1924
vn 0.20221645 -0.97934085 0
v -0.07561788 0.049437843 -1.0104851e-11
v -0.075316854 0.0495 0.0162
v -0.07561788 0.049437843 0.0162
f 1927//1927 1928//1927 1929//1927
vn 0.57359087 -0.81914192 0
v -0.07561788 0.049437843 -1.0104851e-11
v -0.07561788 0.049437843 0.0162
v -0.075869657 0.04926154 -1.0104851e-11
f 1930//1930 1931//1930 1932//1930
vn 0.57359087 -0.81914192 0
v -0.075869657 0.04926154 -1.0104851e-11
v -0.07561788 0.049437843 0.0162
v -0.075869657 0.04926154 0.0162
f 1933//1933 1934//1933 1935//1933
vn 0.85111022 -0.52498704 0
v -0.075869657 0.04926154 -1.0104851e-11
v -0.075869657 0.04926154 0.0162
v -0.076031022 0.048999935 -1.0104851e-11
f 1936//1936 1937//1936 1938//1936
vn 0.85111022 -0.52498704 0
v -0.076031022 0.048999935 -1.0104851e-11
v -0.075869657 0.04926154 0.0162
v -0.076031022 0.048999935 0.0162
f 1939//1939 1940//1939 1941//1939
vn -0.85111022 -0.52498704 0
v -0.080528446 0.048999935 -1.0104851e-11
v -0.080528446 0.048999935 0.0162
v -0.08068981 0.04926154 -1.0104851e-11
f 1942//1942 1943//1942 1944//1942
vn -0.85111022 -0.52498704 0
v -0.08068981 0.04926154 -1.0104851e-11
v -0.080528446 0.048999935 0.0162
v -0.08068981 0.04926154 0.0162
f 1945//1945 1946//1945 1947//1945
vn -0.57357949 -0.81914991 0
v -0.08068981 0.04926154 -1.0104851e-11
v -0.08068981 0.04926154 0.0162
v -0.080941595 0.049437843 -1.0104851e-11
f 1948//1948 1949//1948 1950//1948
vn -0.57357949 -0.81914991 0
v -0.080941595 0.049437843 -1.0104851e-11
v -0.08068981 0.04926154 0.0162
v -0.080941595 0.049437843 0.0162
f 1951//1951 1952//1951 1953//1951
vn -0.20222124 -0.97933984 0
v -0.080941595 0.049437843 -1.0104851e-11
v -0.080941595 0.049437843 0.0162
v -0.081242613 0.0495 -1.0104851e-11
f 1954//1954 1955//1954 1956//1954
vn -0.20222124 -0.97933984 0
v -0.081242613 0.0495 -1.0104851e-11
v -0.080941595 0.049437843 0.0162
v -0.081242613 0.0495 0.0162
f 1957//1957 1958//1957 1959//1957
vn -0.93969208 -0.34202158 0
v -0.085355774 0.044999998 0.0020000001
v -0.085355774 0.044999998 0.0142
v -0.086083718 0.046999998 -1.0104851e-11
f 1960//1960 1961//1960 1962//1960
vn -0.93969208 -0.34202158 0
v -0.086083718 0.046999998 -1.0104851e-11
v -0.085355774 0.044999998 0.0142
v -0.086083718 0.046999998 0.0162
f 1963//1963 1964//1963 1965//1963
vn -0.93969309 -0.34201878 0
v -0.086083718 0.046999998 -1.0104851e-11
v -0.086083718 0.046999998 0.0162
v -0.086811632 0.048999935 -1.0104851e-11
f 1966//1966 1967//1966 1968//1966
vn -0.93969309 -0.34201878 0
v -0.086811632 0.048999935 -1.0104851e-11
v -0.086083718 0.046999998 0.0162
v -0.086811632 0.048999935 0.0162
f 1969//1969 1970//1969 1971//1969
vn 0 -1 0
v -0.083770066 0.044999998 0.0020000001
v -0.083770066 0.044999998 0.0142
v -0.085355774 0.044999998 0.0020000001
f 1972//1972 1973//1972 1974//1972
vn 0 -1 0
v -0.085355774 0.044999998 0.0020000001
v -0.083770066 0.044999998 0.0142
v -0.085355774 0.044999998 0.0142
f 1975//1975 1976//1975 1977//1975
vn 0.93969208 -0.34202158 0
v -0.083770066 0.044999998 0.0142
v -0.083770066 0.044999998 0.0020000001
v -0.083042122 0.046999998 0.0162
f 1978//1978 1979//1978 1980//1978
vn 0.93969208 -0.34202158 0
v -0.083042122 0.046999998 0.0162
v -0.083770066 0.044999998 0.0020000001
v -0.083042122 0.046999998 -1.0104851e-11
f 1981//1981 1982//1981 1983//1981
vn 0.93969309 -0.34201878 0
v -0.083042122 0.046999998 0.0162
v -0.083042122 0.046999998 -1.0104851e-11
v -0.082314208 0.048999935 0.0162
f 1984//1984 1985//1984 1986//1984
vn 0.93969309 -0.34201878 0
v -0.082314208 0.048999935 0.0162
v -0.083042122 0.046999998 -1.0104851e-11
v -0.082314208 0.048999935 -1.0104851e-11
f 1987//1987 1988//1987 1989//1987
vn 0.20222124 -0.97933984 0
v -0.08160004 0.0495 -1.0104851e-11
v -0.08160004 0.0495 0.0162
v -0.081901059 0.049437843 -1.0104851e-11
f 1990//1990 1991//1990 1992//1990
vn 0.20222124 -0.97933984 0
v -0.081901059 0.049437843 -1.0104851e-11
v -0.08160004 0.0495 0.0162
v -0.081901059 0.049437843 0.0162
f 1993//1993 1994//1993 1995//1993
vn 0.57357949 -0.81914991 0
v -0.081901059 0.049437843 -1.0104851e-11
v -0.081901059 0.049437843 0.0162
v -0.082152843 0.04926154 -1.0104851e-11
f 1996//1996 1997//1996 1998//1996
vn 0.57357949 -0.81914991 0
v -0.082152843 0.04926154 -1.0104851e-11
v -0.081901059 0.049437843 0.0162
v -0.082152843 0.04926154 0.0162
f 1999//1999 2000//1999 2001//1999
vn 0.85111022 -0.52498704 0
v -0.082152843 0.04926154 -1.0104851e-11
v -0.082152843 0.04926154 0.0162
v -0.082314208 0.048999935 -1.0104851e-11
f 2002//2002 2003//2002 2004//2002
vn 0.85111022 -0.52498704 0
v -0.082314208 0.048999935 -1.0104851e-11
v -0.082152843 0.04926154 0.0162
v -0.082314208 0.048999935 0.0162
f 2005//2005 2006//2005 2007//2005
vn -0 -1 -0
v -0.043522216 0.0722 0.0082
v -0.079922214 0.0722 0.0082
v -0.043522216 0.0722 -0.02
f 2008//2008 2009//2008 2010//2008
vn 0 -1 0
v -0.043522216 0.0722 -0.02
v -0.079922214 0.0722 0.0082
v -0.079922214 0.0722 -0.02
f 2011//2011 2012//2011 2013//2011
vn 0 0 -1
v -0.059643757 0.053299997 0.0082
v -0.059322216 0.054499999 0.0082
v -0.054122217 0.054499999 0.0082
f 2014//2014 2015//2014 2016//2014
vn 0 0 -1
v -0.050522216 0.052421536 0.0082
v -0.049643755 0.053299997 0.0082
v -0.041722216 0.051799998 0.0082
f 2017//2017 2018//2017 2019//2017
vn 0 0 -1
v -0.041963372 0.073100001 0.0082
v -0.041722216 0.074000001 0.0082
v -0.041722216 0.051799998 0.0082
f 2020//2020 2021//2020 2022//2020
vn 0 0 -1
v -0.059643757 0.055699997 0.0082
v -0.060522217 0.056578461 0.0082
v -0.060522217 0.067421541 0.0082
f 2023//2023 2024//2023 2025//2023
vn 0 0 -1
v -0.059643757 0.070700005 0.0082
v -0.053800676 0.070700005 0.0082
v -0.059322216 0.069499999 0.0082
f 2026//2026 2027//2026 2028//2026
vn 0 0 -1
v -0.059322216 0.069499999 0.0082
v -0.053800676 0.070700005 0.0082
v -0.054122217 0.069499999 0.0082
f 2029//2029 2030//2029 2031//2029
vn 0 -0 -1
v -0.059322216 0.069499999 0.0082
v -0.054122217 0.069499999 0.0082
v -0.059643757 0.068300001 0.0082
f 2032//2032 2033//2032 2034//2032
vn 0 0 -1
v -0.086197384 0.051799998 0.0082
v -0.064122215 0.054499999 0.0082
v -0.063800678 0.053299997 0.0082
f 2035//2035 2036//2035 2037//2035
vn 0 0 -1
v -0.054122217 0.054499999 0.0082
v -0.059322216 0.054499999 0.0082
v -0.053800676 0.055699997 0.0082
f 2038//2038 2039//2038 2040//2038
vn -0 0 -1
v -0.061722215 0.071900003 0.0082
v -0.062922217 0.071578465 0.0082
v -0.081722215 0.0722 0.0082
f 2041//2041 2042//2041 2043//2041
vn 0 0 -1
v -0.081722215 0.0722 0.0082
v -0.062922217 0.071578465 0.0082
v -0.063800678 0.070700005 0.0082
f 2044//2044 2045//2044 2046//2044
vn 0 0 -1
v -0.081722215 0.0722 0.0082
v -0.063800678 0.070700005 0.0082
v -0.064122215 0.069499999 0.0082
f 2047//2047 2048//2047 2049//2047
vn 0 -0 -1
v -0.060522217 0.067421541 0.0082
v -0.060522217 0.056578461 0.0082
v -0.061722215 0.067100003 0.0082
f 2050//2050 2051//2050 2052//2050
vn 0 0 -1
v -0.061722215 0.067100003 0.0082
v -0.060522217 0.056578461 0.0082
v -0.061722215 0.056899998 0.0082
f 2053//2053 2054//2053 2055//2053
vn -0 -0 -1
v -0.061722215 0.067100003 0.0082
v -0.061722215 0.056899998 0.0082
v -0.062922217 0.067421541 0.0082
f 2056//2056 2057//2056 2058//2056
vn -0 0 -1
v -0.064122215 0.054499999 0.0082
v -0.086197384 0.051799998 0.0082
v -0.063800678 0.055699997 0.0082
f 2059//2059 2060//2059 2061//2059
vn -0 0 -1
v -0.063800678 0.055699997 0.0082
v -0.086197384 0.051799998 0.0082
v -0.081722215 0.0722 0.0082
f 2062//2062 2063//2062 2064//2062
vn 0 0 -1
v -0.063800678 0.055699997 0.0082
v -0.081722215 0.0722 0.0082
v -0.062922217 0.056578461 0.0082
f 2065//2065 2066//2065 2067//2065
vn 0 0 -1
v -0.062922217 0.056578461 0.0082
v -0.081722215 0.0722 0.0082
v -0.064122215 0.069499999 0.0082
f 2068//2068 2069//2068 2070//2068
vn 0 0 -1
v -0.062922217 0.056578461 0.0082
v -0.064122215 0.069499999 0.0082
v -0.061722215 0.056899998 0.0082
f 2071//2071 2072//2071 2073//2071
vn 0 0 -1
v -0.061722215 0.056899998 0.0082
v -0.064122215 0.069499999 0.0082
v -0.063800678 0.068300001 0.0082
f 2074//2074 2075//2074 2076//2074
vn 0 0 -1
v -0.061722215 0.056899998 0.0082
v -0.063800678 0.068300001 0.0082
v -0.062922217 0.067421541 0.0082
f 2077//2077 2078//2077 2079//2077
vn 0 -0 -1
v -0.042622216 0.072441153 0.0082
v -0.041963372 0.073100001 0.0082
v -0.049643755 0.055699997 0.0082
f 2080//2080 2081//2080 2082//2080
vn 0 0 -1
v -0.049643755 0.055699997 0.0082
v -0.041963372 0.073100001 0.0082
v -0.041722216 0.051799998 0.0082
f 2083//2083 2084//2083 2085//2083
vn 0 0 -1
v -0.049643755 0.055699997 0.0082
v -0.041722216 0.051799998 0.0082
v -0.049322218 0.054499999 0.0082
f 2086//2086 2087//2086 2088//2086
vn 0 -0 -1
v -0.049322218 0.054499999 0.0082
v -0.041722216 0.051799998 0.0082
v -0.049643755 0.053299997 0.0082
f 2089//2089 2090//2089 2091//2089
vn 0 0 -1
v -0.059322216 0.054499999 0.0082
v -0.059643757 0.055699997 0.0082
v -0.053800676 0.055699997 0.0082
f 2092//2092 2093//2092 2094//2092
vn 0 0 -1
v -0.053800676 0.055699997 0.0082
v -0.059643757 0.055699997 0.0082
v -0.060522217 0.067421541 0.0082
f 2095//2095 2096//2095 2097//2095
vn 0 0 -1
v -0.053800676 0.055699997 0.0082
v -0.060522217 0.067421541 0.0082
v -0.052922215 0.056578461 0.0082
f 2098//2098 2099//2098 2100//2098
vn 0 0 -1
v -0.052922215 0.056578461 0.0082
v -0.060522217 0.067421541 0.0082
v -0.059643757 0.068300001 0.0082
f 2101//2101 2102//2101 2103//2101
vn 0 0 -1
v -0.052922215 0.056578461 0.0082
v -0.059643757 0.068300001 0.0082
v -0.051722217 0.056899998 0.0082
f 2104//2104 2105//2104 2106//2104
vn 0 0 -1
v -0.051722217 0.056899998 0.0082
v -0.059643757 0.068300001 0.0082
v -0.054122217 0.069499999 0.0082
f 2107//2107 2108//2107 2109//2107
vn 0 0 -1
v -0.051722217 0.056899998 0.0082
v -0.054122217 0.069499999 0.0082
v -0.053800676 0.068300001 0.0082
f 2110//2110 2111//2110 2112//2110
vn 0 -0 -1
v -0.059643757 0.053299997 0.0082
v -0.054122217 0.054499999 0.0082
v -0.060522217 0.052421536 0.0082
f 2113//2113 2114//2113 2115//2113
vn 0 0 -1
v -0.060522217 0.052421536 0.0082
v -0.054122217 0.054499999 0.0082
v -0.053800676 0.053299997 0.0082
f 2116//2116 2117//2116 2118//2116
vn 0 -0 -1
v -0.060522217 0.052421536 0.0082
v -0.053800676 0.053299997 0.0082
v -0.061722215 0.052099999 0.0082
f 2119//2119 2120//2119 2121//2119
vn 0 0 -1
v -0.061722215 0.052099999 0.0082
v -0.053800676 0.053299997 0.0082
v -0.052922215 0.052421536 0.0082
f 2122//2122 2123//2122 2124//2122
vn 0 0 -1
v -0.061722215 0.052099999 0.0082
v -0.052922215 0.052421536 0.0082
v -0.051722217 0.052099999 0.0082
f 2125//2125 2126//2125 2127//2125
vn 0 -0 -1
v -0.063800678 0.053299997 0.0082
v -0.062922217 0.052421536 0.0082
v -0.086197384 0.051799998 0.0082
f 2128//2128 2129//2128 2130//2128
vn 0 0 -1
v -0.086197384 0.051799998 0.0082
v -0.062922217 0.052421536 0.0082
v -0.061722215 0.052099999 0.0082
f 2131//2131 2132//2131 2133//2131
vn 0 0 -1
v -0.086197384 0.051799998 0.0082
v -0.061722215 0.052099999 0.0082
v -0.041722216 0.051799998 0.0082
f 2134//2134 2135//2134 2136//2134
vn 0 0 -1
v -0.041722216 0.051799998 0.0082
v -0.061722215 0.052099999 0.0082
v -0.051722217 0.052099999 0.0082
f 2137//2137 2138//2137 2139//2137
vn 0 0 -1
v -0.041722216 0.051799998 0.0082
v -0.051722217 0.052099999 0.0082
v -0.050522216 0.052421536 0.0082
f 2140//2140 2141//2140 2142//2140
vn 0 0 -1
v -0.043522216 0.0722 0.0082
v -0.050522216 0.071578465 0.0082
v -0.051722217 0.071900003 0.0082
f 2143//2143 2144//2143 2145//2143
vn 0 0 -1
v -0.081722215 0.0722 0.0082
v -0.081722215 0.074000001 0.0082
v -0.081481062 0.073100001 0.0082
f 2146//2146 2147//2146 2148//2146
vn 0 0 -1
v -0.053800676 0.068300001 0.0082
v -0.052922215 0.067421541 0.0082
v -0.051722217 0.056899998 0.0082
f 2149//2149 2150//2149 2151//2149
vn 0 0 -1
v -0.051722217 0.056899998 0.0082
v -0.052922215 0.067421541 0.0082
v -0.051722217 0.067100003 0.0082
f 2152//2152 2153//2152 2154//2152
vn 0 0 -1
v -0.051722217 0.056899998 0.0082
v -0.051722217 0.067100003 0.0082
v -0.050522216 0.056578461 0.0082
f 2155//2155 2156//2155 2157//2155
vn 0 0 -1
v -0.050522216 0.056578461 0.0082
v -0.051722217 0.067100003 0.0082
v -0.050522216 0.067421541 0.0082
f 2158//2158 2159//2158 2160//2158
vn 0 0 -1
v -0.050522216 0.056578461 0.0082
v -0.050522216 0.067421541 0.0082
v -0.049643755 0.055699997 0.0082
f 2161//2161 2162//2161 2163//2161
vn 0 0 -1
v -0.049643755 0.055699997 0.0082
v -0.050522216 0.067421541 0.0082
v -0.049643755 0.068300001 0.0082
f 2164//2164 2165//2164 2166//2164
vn 0 0 -1
v -0.049643755 0.055699997 0.0082
v -0.049643755 0.068300001 0.0082
v -0.042622216 0.072441153 0.0082
f 2167//2167 2168//2167 2169//2167
vn 0 0 -1
v -0.042622216 0.072441153 0.0082
v -0.049643755 0.068300001 0.0082
v -0.049322218 0.069499999 0.0082
f 2170//2170 2171//2170 2172//2170
vn 0 0 -1
v -0.042622216 0.072441153 0.0082
v -0.049322218 0.069499999 0.0082
v -0.043522216 0.0722 0.0082
f 2173//2173 2174//2173 2175//2173
vn 0 0 -1
v -0.043522216 0.0722 0.0082
v -0.049322218 0.069499999 0.0082
v -0.049643755 0.070700005 0.0082
f 2176//2176 2177//2176 2178//2176
vn 0 0 -1
v -0.043522216 0.0722 0.0082
v -0.049643755 0.070700005 0.0082
v -0.050522216 0.071578465 0.0082
f 2179//2179 2180//2179 2181//2179
vn 0 -0 -1
v -0.081481062 0.073100001 0.0082
v -0.080822214 0.072441153 0.0082
v -0.081722215 0.0722 0.0082
f 2182//2182 2183//2182 2184//2182
vn 0 0 -1
v -0.081722215 0.0722 0.0082
v -0.080822214 0.072441153 0.0082
v -0.079922214 0.0722 0.0082
f 2185//2185 2186//2185 2187//2185
vn 0 0 -1
v -0.081722215 0.0722 0.0082
v -0.079922214 0.0722 0.0082
v -0.061722215 0.071900003 0.0082
f 2188//2188 2189//2188 2190//2188
vn 0 0 -1
v -0.061722215 0.071900003 0.0082
v -0.079922214 0.0722 0.0082
v -0.043522216 0.0722 0.0082
f 2191//2191 2192//2191 2193//2191
vn 0 0 -1
v -0.061722215 0.071900003 0.0082
v -0.043522216 0.0722 0.0082
v -0.060522217 0.071578465 0.0082
f 2194//2194 2195//2194 2196//2194
vn 0 0 -1
v -0.060522217 0.071578465 0.0082
v -0.043522216 0.0722 0.0082
v -0.051722217 0.071900003 0.0082
f 2197//2197 2198//2197 2199//2197
vn 0 0 -1
v -0.060522217 0.071578465 0.0082
v -0.051722217 0.071900003 0.0082
v -0.059643757 0.070700005 0.0082
f 2200//2200 2201//2200 2202//2200
vn 0 0 -1
v -0.059643757 0.070700005 0.0082
v -0.051722217 0.071900003 0.0082
v -0.052922215 0.071578465 0.0082
f 2203//2203 2204//2203 2205//2203
vn 0 0 -1
v -0.059643757 0.070700005 0.0082
v -0.052922215 0.071578465 0.0082
v -0.053800676 0.070700005 0.0082
f 2206//2206 2207//2206 2208//2206
vn 0 1 0
v -0.086197384 0.051799998 0.00060000003
v -0.086197384 0.051799998 0.0082
v -0.041722216 0.051799998 0.00060000003
f 2209//2209 2210//2209 2211//2209
vn 0 1 -0
v -0.041722216 0.051799998 0.00060000003
v -0.086197384 0.051799998 0.0082
v -0.041722216 0.051799998 0.0082
f 2212//2212 2213//2212 2214//2212
vn 0 -0.70710677 -0.70710683
v -0.047656666 0.044999998 0.0020000001
v -0.048384607 0.046999998 -1.0104851e-11
v -0.046070952 0.044999998 0.0020000001
f 2215//2215 2216//2215 2217//2215
vn 0 -0.70710677 -0.70710683
v -0.046070952 0.044999998 0.0020000001
v -0.048384607 0.046999998 -1.0104851e-11
v -0.045343012 0.046999998 -1.0104851e-11
f 2218//2218 2219//2218 2220//2218
vn 0 -0.70710677 -0.70710683
v -0.053939849 0.044999998 0.0020000001
v -0.054667789 0.046999998 -1.0104851e-11
v -0.052354138 0.044999998 0.0020000001
f 2221//2221 2222//2221 2223//2221
vn 0 -0.70710677 -0.70710683
v -0.052354138 0.044999998 0.0020000001
v -0.054667789 0.046999998 -1.0104851e-11
v -0.051626198 0.046999998 -1.0104851e-11
f 2224//2224 2225//2224 2226//2224
vn 0 -0.70710677 -0.70710683
v -0.060223036 0.044999998 0.0020000001
v -0.060950976 0.046999998 -1.0104851e-11
v -0.058637325 0.044999998 0.0020000001
f 2227//2227 2228//2227 2229//2227
vn 0 -0.70710677 -0.70710683
v -0.058637325 0.044999998 0.0020000001
v -0.060950976 0.046999998 -1.0104851e-11
v -0.057909384 0.046999998 -1.0104851e-11
f 2230//2230 2231//2230 2232//2230
vn 0 -0.70710677 -0.70710683
v -0.066506222 0.044999998 0.0020000001
v -0.067234159 0.046999998 -1.0104851e-11
v -0.064920507 0.044999998 0.0020000001
f 2233//2233 2234//2233 2235//2233
vn 0 -0.70710677 -0.70710683
v -0.064920507 0.044999998 0.0020000001
v -0.067234159 0.046999998 -1.0104851e-11
v -0.064192571 0.046999998 -1.0104851e-11
f 2236//2236 2237//2236 2238//2236
vn 0 -0.70710677 -0.70710683
v -0.072789408 0.044999998 0.0020000001
v -0.073517345 0.046999998 -1.0104851e-11
v -0.071203694 0.044999998 0.0020000001
f 2239//2239 2240//2239 2241//2239
vn 0 -0.70710677 -0.70710683
v -0.071203694 0.044999998 0.0020000001
v -0.073517345 0.046999998 -1.0104851e-11
v -0.070475757 0.046999998 -1.0104851e-11
f 2242//2242 2243//2242 2244//2242
vn 0 -0.70710677 -0.70710683
v -0.079072595 0.044999998 0.0020000001
v -0.079800531 0.046999998 -1.0104851e-11
v -0.07748688 0.044999998 0.0020000001
f 2245//2245 2246//2245 2247//2245
vn 0 -0.70710677 -0.70710683
v -0.07748688 0.044999998 0.0020000001
v -0.079800531 0.046999998 -1.0104851e-11
v -0.076758936 0.046999998 -1.0104851e-11
f 2248//2248 2249//2248 2250//2248
vn 0 -0.70710677 -0.70710683
v -0.085355774 0.044999998 0.0020000001
v -0.086083718 0.046999998 -1.0104851e-11
v -0.083770066 0.044999998 0.0020000001
f 2251//2251 2252//2251 2253//2251
vn 0 -0.70710677 -0.70710683
v -0.083770066 0.044999998 0.0020000001
v -0.086083718 0.046999998 -1.0104851e-11
v -0.083042122 0.046999998 -1.0104851e-11
f 2254//2254 2255//2254 2256//2254
vn 0 -0.70710659 0.70710695
v -0.048384607 0.046999998 0.0162
v -0.047656666 0.044999998 0.0142
v -0.045372218 0.046999998 0.0162
f 2257//2257 2258//2257 2259//2257
vn 0 -0.70710659 0.70710695
v -0.045372218 0.046999998 0.0162
v -0.047656666 0.044999998 0.0142
v -0.046070952 0.044999998 0.0142
f 2260//2260 2261//2260 2262//2260
vn 0 -0.70710659 0.70710695
v -0.045372218 0.046999998 0.0162
v -0.046070952 0.044999998 0.0142
v -0.045343012 0.046999998 0.0162
f 2263//2263 2264//2263 2265//2263
vn 0 -0.70710659 0.70710695
v -0.054667789 0.046999998 0.0162
v -0.053939849 0.044999998 0.0142
v -0.051626198 0.046999998 0.0162
f 2266//2266 2267//2266 2268//2266
vn 0 -0.70710659 0.70710695
v -0.051626198 0.046999998 0.0162
v -0.053939849 0.044999998 0.0142
v -0.052354138 0.044999998 0.0142
f 2269//2269 2270//2269 2271//2269
vn 0 -0.70710659 0.70710695
v -0.060950976 0.046999998 0.0162
v -0.060223036 0.044999998 0.0142
v -0.057909384 0.046999998 0.0162
f 2272//2272 2273//2272 2274//2272
vn 0 -0.70710659 0.70710695
v -0.057909384 0.046999998 0.0162
v -0.060223036 0.044999998 0.0142
v -0.058637325 0.044999998 0.0142
f 2275//2275 2276//2275 2277//2275
vn 0 -0.70710659 0.70710695
v -0.067234159 0.046999998 0.0162
v -0.066506222 0.044999998 0.0142
v -0.064192571 0.046999998 0.0162
f 2278//2278 2279//2278 2280//2278
vn 0 -0.70710659 0.70710695
v -0.064192571 0.046999998 0.0162
v -0.066506222 0.044999998 0.0142
v -0.064920507 0.044999998 0.0142
f 2281//2281 2282//2281 2283//2281
vn 0 -0.70710659 0.70710695
v -0.073517345 0.046999998 0.0162
v -0.072789408 0.044999998 0.0142
v -0.072010681 0.046999998 0.0162
f 2284//2284 2285//2284 2286//2284
vn 0 -0.70710659 0.70710695
v -0.072010681 0.046999998 0.0162
v -0.072789408 0.044999998 0.0142
v -0.071203694 0.044999998 0.0142
f 2287//2287 2288//2287 2289//2287
vn 0 -0.70710659 0.70710695
v -0.072010681 0.046999998 0.0162
v -0.071203694 0.044999998 0.0142
v -0.070475757 0.046999998 0.0162
f 2290//2290 2291//2290 2292//2290
vn 0 -0.70710659 0.70710695
v -0.079800531 0.046999998 0.0162
v -0.079072595 0.044999998 0.0142
v -0.076758936 0.046999998 0.0162
f 2293//2293 2294//2293 2295//2293
vn 0 -0.70710659 0.70710695
v -0.076758936 0.046999998 0.0162
v -0.079072595 0.044999998 0.0142
v -0.07748688 0.044999998 0.0142
f 2296//2296 2297//2296 2298//2296
vn 0 -0.70710659 0.70710695
v -0.086083718 0.046999998 0.0162
v -0.085355774 0.044999998 0.0142
v -0.083042122 0.046999998 0.0162
f 2299//2299 2300//2299 2301//2299
vn 0 -0.70710659 0.70710695
v -0.083042122 0.046999998 0.0162
v -0.085355774 0.044999998 0.0142
v -0.083770066 0.044999998 0.0142
f 2302//2302 2303//2302 2304//2302
vn -1 0 0
v -0.081722215 0.0722 0.0162
v -0.081722215 0.075925 0.0162
v -0.081722215 0.0722 0.0082
f 2305//2305 2306//2305 2307//2305
vn -1 0 0
v -0.081722215 0.0722 0.0082
v -0.081722215 0.075925 0.0162
v -0.081722215 0.074000001 0.0082
f 2308//2308 2309//2308 2310//2308
vn -1 0 0
v -0.081722215 0.0779 0.0103
v -0.081722215 0.079075001 0.0162
v -0.081722215 0.093168907 0.0162
f 2311//2311 2312//2311 2313//2311
vn -1 0 0
v -0.081722215 0.0779 0.0103
v -0.081722215 0.093168907 0.0162
v -0.081722215 0.1203 0.0103
f 2314//2314 2315//2314 2316//2314
vn -1 0 0
v -0.081722215 0.1203 0.0103
v -0.081722215 0.093168907 0.0162
v -0.081722215 0.10681659 0.0162
f 2317//2317 2318//2317 2319//2317
vn -1 0 0
v -0.081722215 0.1203 0.0103
v -0.081722215 0.10681659 0.0162
v -0.081722215 0.1203 0.0162
f 2320//2320 2321//2320 2322//2320
vn -1 -0 -0
v -0.081722215 0.1203 -0.015899999
v -0.081722215 0.1203 -0.0218
v -0.081722215 0.0779 -0.015899999
f 2323//2323 2324//2323 2325//2323
vn -1 0 -0
v -0.081722215 0.0779 -0.015899999
v -0.081722215 0.1203 -0.0218
v -0.081722215 0.074000001 -0.0218
f 2326//2326 2327//2326 2328//2326
vn -1 -0 0
v -0.081722215 0.0779 -0.015899999
v -0.081722215 0.074000001 -0.0218
v -0.081722215 0.0779 0.0103
f 2329//2329 2330//2329 2331//2329
vn -1 0 0
v -0.081722215 0.0779 0.0103
v -0.081722215 0.074000001 -0.0218
v -0.081722215 0.074000001 0.0082
f 2332//2332 2333//2332 2334//2332
vn -1 -0 0
v -0.081722215 0.0779 0.0103
v -0.081722215 0.074000001 0.0082
v -0.081722215 0.079075001 0.0162
f 2335//2335 2336//2335 2337//2335
vn -1 -0 0
v -0.081722215 0.079075001 0.0162
v -0.081722215 0.074000001 0.0082
v -0.081722215 0.075925 0.0162
f 2338//2338 2339//2338 2340//2338
vn 0.77704263 0.629448 -0
v -0.042614046 0.08960095 -0.0218
v -0.069521546 0.12281779 -0.0218
v -0.042614046 0.08960095 -0.015899999
f 2341//2341 2342//2341 2343//2341
vn 0.77704263 0.629448 0
v -0.042614046 0.08960095 -0.015899999
v -0.069521546 0.12281779 -0.0218
v -0.069521546 0.12281779 -0.015899999
f 2344//2344 2345//2344 2346//2344
vn 0 1 -0
v -0.072629713 0.1243 0.0103
v -0.077722214 0.1243 0.0103
v -0.072629713 0.1243 0.0162
f 2347//2347 2348//2347 2349//2347
vn 0 1 0
v -0.072629713 0.1243 0.0162
v -0.077722214 0.1243 0.0103
v -0.077722214 0.1243 0.0162
f 2350//2350 2351//2350 2352//2350
vn 0 0 -1
v -0.081722215 0.074000001 -0.0218
v -0.081722215 0.1203 -0.0218
v -0.080468252 0.086152874 -0.0218
f 2353//2353 2354//2353 2355//2353
vn 0 0 -1
v -0.080550641 0.12312843 -0.0218
v -0.079252951 0.12399552 -0.0218
v -0.079899147 0.12114824 -0.0218
f 2356//2356 2357//2356 2358//2356
vn 0 0 -1
v -0.079899147 0.12114824 -0.0218
v -0.079252951 0.12399552 -0.0218
v -0.076149143 0.12331331 -0.0218
f 2359//2359 2360//2359 2361//2359
vn 0 -0 -1
v -0.072968252 0.081822746 -0.0218
v -0.041722216 0.074000001 -0.0218
v -0.076718248 0.079657681 -0.0218
f 2362//2362 2363//2362 2364//2362
vn 0 -0 -1
v -0.076718248 0.079657681 -0.0218
v -0.041722216 0.074000001 -0.0218
v -0.081722215 0.074000001 -0.0218
f 2365//2365 2366//2365 2367//2365
vn -0 0 -1
v -0.076718248 0.079657681 -0.0218
v -0.081722215 0.074000001 -0.0218
v -0.080468252 0.081822746 -0.0218
f 2368//2368 2369//2368 2370//2368
vn -0 0 -1
v -0.080468252 0.081822746 -0.0218
v -0.081722215 0.074000001 -0.0218
v -0.080468252 0.086152874 -0.0218
f 2371//2371 2372//2371 2373//2371
vn 0 0 -1
v -0.072968252 0.081822746 -0.0218
v -0.072968252 0.086152874 -0.0218
v -0.050472215 0.085665062 -0.0218
f 2374//2374 2375//2374 2376//2374
vn 0 0 -1
v -0.079252951 0.12399552 -0.0218
v -0.077722214 0.1243 -0.0218
v -0.076149143 0.12331331 -0.0218
f 2377//2377 2378//2377 2379//2377
vn 0 0 -1
v -0.076149143 0.12331331 -0.0218
v -0.077722214 0.1243 -0.0218
v -0.072629713 0.1243 -0.0218
f 2380//2380 2381//2380 2382//2380
vn 0 0 -1
v -0.076149143 0.12331331 -0.0218
v -0.072629713 0.1243 -0.0218
v -0.072399147 0.12114824 -0.0218
f 2383//2383 2384//2383 2385//2383
vn -0 0 -1
v -0.076718248 0.088317931 -0.0218
v -0.080468252 0.086152874 -0.0218
v -0.079899147 0.11681812 -0.0218
f 2386//2386 2387//2386 2388//2386
vn -0 0 -1
v -0.079899147 0.11681812 -0.0218
v -0.080468252 0.086152874 -0.0218
v -0.081722215 0.1203 -0.0218
f 2389//2389 2390//2389 2391//2389
vn 0 0 -1
v -0.079899147 0.11681812 -0.0218
v -0.081722215 0.1203 -0.0218
v -0.079899147 0.12114824 -0.0218
f 2392//2392 2393//2392 2394//2392
vn -0 0 -1
v -0.079899147 0.12114824 -0.0218
v -0.081722215 0.1203 -0.0218
v -0.081417732 0.12183074 -0.0218
f 2395//2395 2396//2395 2397//2395
vn 0 0 -1
v -0.079899147 0.12114824 -0.0218
v -0.081417732 0.12183074 -0.0218
v -0.080550641 0.12312843 -0.0218
f 2398//2398 2399//2398 2400//2398
vn 0 -0 -1
v -0.072399147 0.11681812 -0.0218
v -0.046722218 0.087830126 -0.0218
v -0.076149143 0.11465305 -0.0218
f 2401//2401 2402//2401 2403//2401
vn 0 0 -1
v -0.076149143 0.11465305 -0.0218
v -0.046722218 0.087830126 -0.0218
v -0.050472215 0.085665062 -0.0218
f 2404//2404 2405//2404 2406//2404
vn -0 -0 -1
v -0.076149143 0.11465305 -0.0218
v -0.050472215 0.085665062 -0.0218
v -0.079899147 0.11681812 -0.0218
f 2407//2407 2408//2407 2409//2407
vn 0 0 -1
v -0.079899147 0.11681812 -0.0218
v -0.050472215 0.085665062 -0.0218
v -0.072968252 0.086152874 -0.0218
f 2410//2410 2411//2410 2412//2410
vn 0 0 -1
v -0.079899147 0.11681812 -0.0218
v -0.072968252 0.086152874 -0.0218
v -0.076718248 0.088317931 -0.0218
f 2413//2413 2414//2413 2415//2413
vn 0 -0 -1
v -0.050472215 0.085665062 -0.0218
v -0.050472215 0.081334941 -0.0218
v -0.072968252 0.081822746 -0.0218
f 2416//2416 2417//2416 2418//2416
vn 0 0 -1
v -0.072968252 0.081822746 -0.0218
v -0.050472215 0.081334941 -0.0218
v -0.046722218 0.079169877 -0.0218
f 2419//2419 2420//2419 2421//2419
vn 0 0 -1
v -0.072968252 0.081822746 -0.0218
v -0.046722218 0.079169877 -0.0218
v -0.041722216 0.074000001 -0.0218
f 2422//2422 2423//2422 2424//2422
vn 0 0 -1
v -0.041722216 0.074000001 -0.0218
v -0.046722218 0.079169877 -0.0218
v -0.042972218 0.081334941 -0.0218
f 2425//2425 2426//2425 2427//2425
vn 0 0 -1
v -0.041722216 0.074000001 -0.0218
v -0.042972218 0.081334941 -0.0218
v -0.041722216 0.087083161 -0.0218
f 2428//2428 2429//2428 2430//2428
vn 0 0 -1
v -0.041722216 0.087083161 -0.0218
v -0.042972218 0.081334941 -0.0218
v -0.042972218 0.085665062 -0.0218
f 2431//2431 2432//2431 2433//2431
vn -0 0 -1
v -0.041722216 0.087083161 -0.0218
v -0.042972218 0.085665062 -0.0218
v -0.041951761 0.088418692 -0.0218
f 2434//2434 2435//2434 2436//2434
vn 0 0 -1
v -0.041951761 0.088418692 -0.0218
v -0.042972218 0.085665062 -0.0218
v -0.046722218 0.087830126 -0.0218
f 2437//2437 2438//2437 2439//2437
vn -0 0 -1
v -0.041951761 0.088418692 -0.0218
v -0.046722218 0.087830126 -0.0218
v -0.042614046 0.08960095 -0.0218
f 2440//2440 2441//2440 2442//2440
vn -0 0 -1
v -0.042614046 0.08960095 -0.0218
v -0.046722218 0.087830126 -0.0218
v -0.072399147 0.11681812 -0.0218
f 2443//2443 2444//2443 2445//2443
vn 0 0 -1
v -0.042614046 0.08960095 -0.0218
v -0.072399147 0.11681812 -0.0218
v -0.069521546 0.12281779 -0.0218
f 2446//2446 2447//2446 2448//2446
vn 0 0 -1
v -0.069521546 0.12281779 -0.0218
v -0.072399147 0.11681812 -0.0218
v -0.072399147 0.12114824 -0.0218
f 2449//2449 2450//2449 2451//2449
vn -0 0 -1
v -0.069521546 0.12281779 -0.0218
v -0.072399147 0.12114824 -0.0218
v -0.070907965 0.12391049 -0.0218
f 2452//2452 2453//2452 2454//2452
vn -0 0 -1
v -0.070907965 0.12391049 -0.0218
v -0.072399147 0.12114824 -0.0218
v -0.072629713 0.1243 -0.0218
f 2455//2455 2456//2455 2457//2455
vn -0 0 -1
v -0.078518249 0.08398781 0.0103
v -0.081722215 0.0779 0.0103
v -0.081722215 0.1203 0.0103
f 2458//2458 2459//2458 2460//2458
vn 0 0 -1
v -0.042614046 0.08960095 0.0103
v -0.041951761 0.088418692 0.0103
v -0.041722216 0.087083161 0.0103
f 2461//2461 2462//2461 2463//2461
vn 0 0 -1
v -0.075159408 0.08488781 0.0103
v -0.075818248 0.08554665 0.0103
v -0.077707991 0.11808318 0.0103
f 2464//2464 2465//2464 2466//2464
vn -0 0 -1
v -0.077707991 0.11988318 0.0103
v -0.077949144 0.11898318 0.0103
v -0.081722215 0.1203 0.0103
f 2467//2467 2468//2467 2469//2467
vn 0 0 -1
v -0.081722215 0.1203 0.0103
v -0.077949144 0.11898318 0.0103
v -0.077707991 0.11808318 0.0103
f 2470//2470 2471//2470 2472//2470
vn 0 0 -1
v -0.045822218 0.085058846 0.0103
v -0.077707991 0.11808318 0.0103
v -0.045163371 0.084400006 0.0103
f 2473//2473 2474//2473 2475//2473
vn 0 0 -1
v -0.045163371 0.084400006 0.0103
v -0.077707991 0.11808318 0.0103
v -0.077049144 0.11742433 0.0103
f 2476//2476 2477//2476 2478//2476
vn 0 0 -1
v -0.075818248 0.08554665 0.0103
v -0.076718248 0.08578781 0.0103
v -0.077707991 0.11808318 0.0103
f 2479//2479 2480//2479 2481//2479
vn 0 0 -1
v -0.077707991 0.11808318 0.0103
v -0.076718248 0.08578781 0.0103
v -0.077618249 0.08554665 0.0103
f 2482//2482 2483//2482 2484//2482
vn -0 -0 -1
v -0.077707991 0.11808318 0.0103
v -0.077618249 0.08554665 0.0103
v -0.081722215 0.1203 0.0103
f 2485//2485 2486//2485 2487//2485
vn 0 0 -1
v -0.081722215 0.1203 0.0103
v -0.077618249 0.08554665 0.0103
v -0.078277096 0.08488781 0.0103
f 2488//2488 2489//2488 2490//2488
vn 0 0 -1
v -0.081722215 0.1203 0.0103
v -0.078277096 0.08488781 0.0103
v -0.078518249 0.08398781 0.0103
f 2491//2491 2492//2491 2493//2491
vn 0 -0 -1
v -0.078518249 0.08398781 0.0103
v -0.078277096 0.083087809 0.0103
v -0.081722215 0.0779 0.0103
f 2494//2494 2495//2494 2496//2494
vn 0 0 -1
v -0.081722215 0.0779 0.0103
v -0.078277096 0.083087809 0.0103
v -0.077618249 0.082428962 0.0103
f 2497//2497 2498//2497 2499//2497
vn 0 0 -1
v -0.081722215 0.0779 0.0103
v -0.077618249 0.082428962 0.0103
v -0.076718248 0.082187809 0.0103
f 2500//2500 2501//2500 2502//2500
vn -0 0 -1
v -0.069521546 0.12281779 0.0103
v -0.074590296 0.11988318 0.0103
v -0.070907965 0.12391049 0.0103
f 2503//2503 2504//2503 2505//2503
vn 0 0 -1
v -0.070907965 0.12391049 0.0103
v -0.074590296 0.11988318 0.0103
v -0.075249143 0.12054203 0.0103
f 2506//2506 2507//2506 2508//2506
vn 0 0 -1
v -0.048281062 0.084400006 0.0103
v -0.048522215 0.083500005 0.0103
v -0.075159408 0.083087809 0.0103
f 2509//2509 2510//2509 2511//2509
vn -0 -0 -1
v -0.046722218 0.081700005 0.0103
v -0.041722216 0.0779 0.0103
v -0.047622215 0.081941158 0.0103
f 2512//2512 2513//2512 2514//2512
vn 0 -0 -1
v -0.047622215 0.081941158 0.0103
v -0.041722216 0.0779 0.0103
v -0.081722215 0.0779 0.0103
f 2515//2515 2516//2515 2517//2515
vn -0 0 -1
v -0.047622215 0.081941158 0.0103
v -0.081722215 0.0779 0.0103
v -0.048281062 0.082600005 0.0103
f 2518//2518 2519//2518 2520//2518
vn 0 0 -1
v -0.048281062 0.082600005 0.0103
v -0.081722215 0.0779 0.0103
v -0.076718248 0.082187809 0.0103
f 2521//2521 2522//2521 2523//2521
vn -0 0 -1
v -0.048281062 0.082600005 0.0103
v -0.076718248 0.082187809 0.0103
v -0.048522215 0.083500005 0.0103
f 2524//2524 2525//2524 2526//2524
vn 0 0 -1
v -0.048522215 0.083500005 0.0103
v -0.076718248 0.082187809 0.0103
v -0.075818248 0.082428962 0.0103
f 2527//2527 2528//2527 2529//2527
vn 0 0 -1
v -0.048522215 0.083500005 0.0103
v -0.075818248 0.082428962 0.0103
v -0.075159408 0.083087809 0.0103
f 2530//2530 2531//2530 2532//2530
vn 0 0 -1
v -0.046722218 0.081700005 0.0103
v -0.045822218 0.081941158 0.0103
v -0.041722216 0.0779 0.0103
f 2533//2533 2534//2533 2535//2533
vn 0 0 -1
v -0.041722216 0.0779 0.0103
v -0.045822218 0.081941158 0.0103
v -0.045163371 0.082600005 0.0103
f 2536//2536 2537//2536 2538//2536
vn 0 0 -1
v -0.041722216 0.0779 0.0103
v -0.045163371 0.082600005 0.0103
v -0.041722216 0.087083161 0.0103
f 2539//2539 2540//2539 2541//2539
vn 0 0 -1
v -0.077049144 0.11742433 0.0103
v -0.076149143 0.11718318 0.0103
v -0.045163371 0.084400006 0.0103
f 2542//2542 2543//2542 2544//2542
vn 0 0 -1
v -0.045163371 0.084400006 0.0103
v -0.076149143 0.11718318 0.0103
v -0.075249143 0.11742433 0.0103
f 2545//2545 2546//2545 2547//2545
vn 0 0 -1
v -0.045163371 0.084400006 0.0103
v -0.075249143 0.11742433 0.0103
v -0.074590296 0.11808318 0.0103
f 2548//2548 2549//2548 2550//2548
vn 0 0 -1
v -0.081722215 0.1203 0.0103
v -0.081417732 0.12183074 0.0103
v -0.077707991 0.11988318 0.0103
f 2551//2551 2552//2551 2553//2551
vn 0 0 -1
v -0.077707991 0.11988318 0.0103
v -0.081417732 0.12183074 0.0103
v -0.080550641 0.12312843 0.0103
f 2554//2554 2555//2554 2556//2554
vn 0 0 -1
v -0.077707991 0.11988318 0.0103
v -0.080550641 0.12312843 0.0103
v -0.077049144 0.12054203 0.0103
f 2557//2557 2558//2557 2559//2557
vn 0 0 -1
v -0.077049144 0.12054203 0.0103
v -0.080550641 0.12312843 0.0103
v -0.079252951 0.12399552 0.0103
f 2560//2560 2561//2560 2562//2560
vn 0 0 -1
v -0.077049144 0.12054203 0.0103
v -0.079252951 0.12399552 0.0103
v -0.076149143 0.12078318 0.0103
f 2563//2563 2564//2563 2565//2563
vn 0 0 -1
v -0.076149143 0.12078318 0.0103
v -0.079252951 0.12399552 0.0103
v -0.077722214 0.1243 0.0103
f 2566//2566 2567//2566 2568//2566
vn 0 0 -1
v -0.076149143 0.12078318 0.0103
v -0.077722214 0.1243 0.0103
v -0.075249143 0.12054203 0.0103
f 2569//2569 2570//2569 2571//2569
vn 0 0 -1
v -0.075249143 0.12054203 0.0103
v -0.077722214 0.1243 0.0103
v -0.072629713 0.1243 0.0103
f 2572//2572 2573//2572 2574//2572
vn 0 0 -1
v -0.075249143 0.12054203 0.0103
v -0.072629713 0.1243 0.0103
v -0.070907965 0.12391049 0.0103
f 2575//2575 2576//2575 2577//2575
vn 0 0 -1
v -0.045822218 0.085058846 0.0103
v -0.046722218 0.085299999 0.0103
v -0.077707991 0.11808318 0.0103
f 2578//2578 2579//2578 2580//2578
vn 0 0 -1
v -0.077707991 0.11808318 0.0103
v -0.046722218 0.085299999 0.0103
v -0.047622215 0.085058846 0.0103
f 2581//2581 2582//2581 2583//2581
vn 0 0 -1
v -0.077707991 0.11808318 0.0103
v -0.047622215 0.085058846 0.0103
v -0.075159408 0.08488781 0.0103
f 2584//2584 2585//2584 2586//2584
vn 0 0 -1
v -0.075159408 0.08488781 0.0103
v -0.047622215 0.085058846 0.0103
v -0.048281062 0.084400006 0.0103
f 2587//2587 2588//2587 2589//2587
vn 0 0 -1
v -0.075159408 0.08488781 0.0103
v -0.048281062 0.084400006 0.0103
v -0.074918248 0.08398781 0.0103
f 2590//2590 2591//2590 2592//2590
vn 0 -0 -1
v -0.074918248 0.08398781 0.0103
v -0.048281062 0.084400006 0.0103
v -0.075159408 0.083087809 0.0103
f 2593//2593 2594//2593 2595//2593
vn 0 0 -1
v -0.045163371 0.082600005 0.0103
v -0.044922218 0.083500005 0.0103
v -0.041722216 0.087083161 0.0103
f 2596//2596 2597//2596 2598//2596
vn 0 0 -1
v -0.041722216 0.087083161 0.0103
v -0.044922218 0.083500005 0.0103
v -0.045163371 0.084400006 0.0103
f 2599//2599 2600//2599 2601//2599
vn -0 0 -1
v -0.041722216 0.087083161 0.0103
v -0.045163371 0.084400006 0.0103
v -0.042614046 0.08960095 0.0103
f 2602//2602 2603//2602 2604//2602
vn -0 0 -1
v -0.042614046 0.08960095 0.0103
v -0.045163371 0.084400006 0.0103
v -0.074590296 0.11808318 0.0103
f 2605//2605 2606//2605 2607//2605
vn 0 0 -1
v -0.042614046 0.08960095 0.0103
v -0.074590296 0.11808318 0.0103
v -0.069521546 0.12281779 0.0103
f 2608//2608 2609//2608 2610//2608
vn 0 0 -1
v -0.069521546 0.12281779 0.0103
v -0.074590296 0.11808318 0.0103
v -0.074349143 0.11898318 0.0103
f 2611//2611 2612//2611 2613//2611
vn 0 0 -1
v -0.069521546 0.12281779 0.0103
v -0.074349143 0.11898318 0.0103
v -0.074590296 0.11988318 0.0103
f 2614//2614 2615//2614 2616//2614
vn 0 0 1
v -0.081722215 0.0779 -0.015899999
v -0.077618249 0.082428962 -0.015899999
v -0.078277096 0.083087809 -0.015899999
f 2617//2617 2618//2617 2619//2617
vn 0 0 1
v -0.041722216 0.0779 -0.015899999
v -0.075818248 0.082428962 -0.015899999
v -0.081722215 0.0779 -0.015899999
f 2620//2620 2621//2620 2622//2620
vn 0 0 1
v -0.081722215 0.0779 -0.015899999
v -0.075818248 0.082428962 -0.015899999
v -0.076718248 0.082187809 -0.015899999
f 2623//2623 2624//2623 2625//2623
vn 0 0 1
v -0.081722215 0.0779 -0.015899999
v -0.076718248 0.082187809 -0.015899999
v -0.077618249 0.082428962 -0.015899999
f 2626//2626 2627//2626 2628//2626
vn -0 0 1
v -0.045822218 0.085058846 -0.015899999
v -0.045163371 0.084400006 -0.015899999
v -0.041722216 0.087083161 -0.015899999
f 2629//2629 2630//2629 2631//2629
vn 0 0 1
v -0.041722216 0.087083161 -0.015899999
v -0.045163371 0.084400006 -0.015899999
v -0.044922218 0.083500005 -0.015899999
f 2632//2632 2633//2632 2634//2632
vn 0 0 1
v -0.041722216 0.087083161 -0.015899999
v -0.044922218 0.083500005 -0.015899999
v -0.041722216 0.0779 -0.015899999
f 2635//2635 2636//2635 2637//2635
vn 0 0 1
v -0.041722216 0.0779 -0.015899999
v -0.044922218 0.083500005 -0.015899999
v -0.045163371 0.082600005 -0.015899999
f 2638//2638 2639//2638 2640//2638
vn 0 0 1
v -0.041722216 0.0779 -0.015899999
v -0.045163371 0.082600005 -0.015899999
v -0.045822218 0.081941158 -0.015899999
f 2641//2641 2642//2641 2643//2641
vn 0 0 1
v -0.045822218 0.081941158 -0.015899999
v -0.046722218 0.081700005 -0.015899999
v -0.041722216 0.0779 -0.015899999
f 2644//2644 2645//2644 2646//2644
vn 0 0 1
v -0.041722216 0.0779 -0.015899999
v -0.046722218 0.081700005 -0.015899999
v -0.047622215 0.081941158 -0.015899999
f 2647//2647 2648//2647 2649//2647
vn 0 0 1
v -0.041722216 0.0779 -0.015899999
v -0.047622215 0.081941158 -0.015899999
v -0.075818248 0.082428962 -0.015899999
f 2650//2650 2651//2650 2652//2650
vn -0 0 1
v -0.075818248 0.082428962 -0.015899999
v -0.047622215 0.081941158 -0.015899999
v -0.048281062 0.082600005 -0.015899999
f 2653//2653 2654//2653 2655//2653
vn 0 0 1
v -0.075818248 0.082428962 -0.015899999
v -0.048281062 0.082600005 -0.015899999
v -0.075159408 0.083087809 -0.015899999
f 2656//2656 2657//2656 2658//2656
vn -0 0 1
v -0.075159408 0.083087809 -0.015899999
v -0.048281062 0.082600005 -0.015899999
v -0.048522215 0.083500005 -0.015899999
f 2659//2659 2660//2659 2661//2659
vn 0 0 1
v -0.075159408 0.083087809 -0.015899999
v -0.048522215 0.083500005 -0.015899999
v -0.074918248 0.08398781 -0.015899999
f 2662//2662 2663//2662 2664//2662
vn 0 -0 1
v -0.048522215 0.083500005 -0.015899999
v -0.048281062 0.084400006 -0.015899999
v -0.074918248 0.08398781 -0.015899999
f 2665//2665 2666//2665 2667//2665
vn 0 0 1
v -0.074918248 0.08398781 -0.015899999
v -0.048281062 0.084400006 -0.015899999
v -0.047622215 0.085058846 -0.015899999
f 2668//2668 2669//2668 2670//2668
vn 0 0 1
v -0.074918248 0.08398781 -0.015899999
v -0.047622215 0.085058846 -0.015899999
v -0.046722218 0.085299999 -0.015899999
f 2671//2671 2672//2671 2673//2671
vn -0 0 1
v -0.075818248 0.08554665 -0.015899999
v -0.075159408 0.08488781 -0.015899999
v -0.042614046 0.08960095 -0.015899999
f 2674//2674 2675//2674 2676//2674
vn 0 0 1
v -0.075818248 0.08554665 -0.015899999
v -0.076149143 0.11718318 -0.015899999
v -0.076718248 0.08578781 -0.015899999
f 2677//2677 2678//2677 2679//2677
vn 0 -0 1
v -0.076718248 0.08578781 -0.015899999
v -0.076149143 0.11718318 -0.015899999
v -0.077049144 0.11742433 -0.015899999
f 2680//2680 2681//2680 2682//2680
vn 0 0 1
v -0.076718248 0.08578781 -0.015899999
v -0.077049144 0.11742433 -0.015899999
v -0.077618249 0.08554665 -0.015899999
f 2683//2683 2684//2683 2685//2683
vn 0 -0 1
v -0.077618249 0.08554665 -0.015899999
v -0.077049144 0.11742433 -0.015899999
v -0.077707991 0.11808318 -0.015899999
f 2686//2686 2687//2686 2688//2686
vn 0 0 1
v -0.077618249 0.08554665 -0.015899999
v -0.077707991 0.11808318 -0.015899999
v -0.078277096 0.08488781 -0.015899999
f 2689//2689 2690//2689 2691//2689
vn 0 -0 1
v -0.078277096 0.08488781 -0.015899999
v -0.077707991 0.11808318 -0.015899999
v -0.078518249 0.08398781 -0.015899999
f 2692//2692 2693//2692 2694//2692
vn 0 0 1
v -0.042614046 0.08960095 -0.015899999
v -0.075159408 0.08488781 -0.015899999
v -0.041951761 0.088418692 -0.015899999
f 2695//2695 2696//2695 2697//2695
vn 0 0 1
v -0.041951761 0.088418692 -0.015899999
v -0.075159408 0.08488781 -0.015899999
v -0.074918248 0.08398781 -0.015899999
f 2698//2698 2699//2698 2700//2698
vn 0 0 1
v -0.041951761 0.088418692 -0.015899999
v -0.074918248 0.08398781 -0.015899999
v -0.041722216 0.087083161 -0.015899999
f 2701//2701 2702//2701 2703//2701
vn 0 0 1
v -0.041722216 0.087083161 -0.015899999
v -0.074918248 0.08398781 -0.015899999
v -0.046722218 0.085299999 -0.015899999
f 2704//2704 2705//2704 2706//2704
vn 0 0 1
v -0.041722216 0.087083161 -0.015899999
v -0.046722218 0.085299999 -0.015899999
v -0.045822218 0.085058846 -0.015899999
f 2707//2707 2708//2707 2709//2707
vn 0 0 1
v -0.078277096 0.083087809 -0.015899999
v -0.078518249 0.08398781 -0.015899999
v -0.081722215 0.0779 -0.015899999
f 2710//2710 2711//2710 2712//2710
vn 0 0 1
v -0.081722215 0.0779 -0.015899999
v -0.078518249 0.08398781 -0.015899999
v -0.077707991 0.11808318 -0.015899999
f 2713//2713 2714//2713 2715//2713
vn 0 0 1
v -0.081722215 0.0779 -0.015899999
v -0.077707991 0.11808318 -0.015899999
v -0.081722215 0.1203 -0.015899999
f 2716//2716 2717//2716 2718//2716
vn 0 0 1
v -0.081722215 0.1203 -0.015899999
v -0.077707991 0.11808318 -0.015899999
v -0.077949144 0.11898318 -0.015899999
f 2719//2719 2720//2719 2721//2719
vn -0 0 1
v -0.081722215 0.1203 -0.015899999
v -0.077949144 0.11898318 -0.015899999
v -0.081417732 0.12183074 -0.015899999
f 2722//2722 2723//2722 2724//2722
vn 0 0 1
v -0.081417732 0.12183074 -0.015899999
v -0.077949144 0.11898318 -0.015899999
v -0.077707991 0.11988318 -0.015899999
f 2725//2725 2726//2725 2727//2725
vn -0 0 1
v -0.081417732 0.12183074 -0.015899999
v -0.077707991 0.11988318 -0.015899999
v -0.080550641 0.12312843 -0.015899999
f 2728//2728 2729//2728 2730//2728
vn 0 0 1
v -0.080550641 0.12312843 -0.015899999
v -0.077707991 0.11988318 -0.015899999
v -0.077049144 0.12054203 -0.015899999
f 2731//2731 2732//2731 2733//2731
vn -0 0 1
v -0.080550641 0.12312843 -0.015899999
v -0.077049144 0.12054203 -0.015899999
v -0.079252951 0.12399552 -0.015899999
f 2734//2734 2735//2734 2736//2734
vn -0 0 1
v -0.079252951 0.12399552 -0.015899999
v -0.077049144 0.12054203 -0.015899999
v -0.077722214 0.1243 -0.015899999
f 2737//2737 2738//2737 2739//2737
vn 0 0 1
v -0.077722214 0.1243 -0.015899999
v -0.077049144 0.12054203 -0.015899999
v -0.076149143 0.12078318 -0.015899999
f 2740//2740 2741//2740 2742//2740
vn -0 0 1
v -0.077722214 0.1243 -0.015899999
v -0.076149143 0.12078318 -0.015899999
v -0.072629713 0.1243 -0.015899999
f 2743//2743 2744//2743 2745//2743
vn 0 0 1
v -0.072629713 0.1243 -0.015899999
v -0.076149143 0.12078318 -0.015899999
v -0.075249143 0.12054203 -0.015899999
f 2746//2746 2747//2746 2748//2746
vn 0 0 1
v -0.072629713 0.1243 -0.015899999
v -0.075249143 0.12054203 -0.015899999
v -0.070907965 0.12391049 -0.015899999
f 2749//2749 2750//2749 2751//2749
vn 0 0 1
v -0.070907965 0.12391049 -0.015899999
v -0.075249143 0.12054203 -0.015899999
v -0.074590296 0.11988318 -0.015899999
f 2752//2752 2753//2752 2754//2752
vn 0 0 1
v -0.070907965 0.12391049 -0.015899999
v -0.074590296 0.11988318 -0.015899999
v -0.069521546 0.12281779 -0.015899999
f 2755//2755 2756//2755 2757//2755
vn 0 0 1
v -0.069521546 0.12281779 -0.015899999
v -0.074590296 0.11988318 -0.015899999
v -0.074349143 0.11898318 -0.015899999
f 2758//2758 2759//2758 2760//2758
vn 0 0 1
v -0.069521546 0.12281779 -0.015899999
v -0.074349143 0.11898318 -0.015899999
v -0.042614046 0.08960095 -0.015899999
f 2761//2761 2762//2761 2763//2761
vn 0 0 1
v -0.042614046 0.08960095 -0.015899999
v -0.074349143 0.11898318 -0.015899999
v -0.074590296 0.11808318 -0.015899999
f 2764//2764 2765//2764 2766//2764
vn 0 0 1
v -0.042614046 0.08960095 -0.015899999
v -0.074590296 0.11808318 -0.015899999
v -0.075818248 0.08554665 -0.015899999
f 2767//2767 2768//2767 2769//2767
vn 0 0 1
v -0.075818248 0.08554665 -0.015899999
v -0.074590296 0.11808318 -0.015899999
v -0.075249143 0.11742433 -0.015899999
f 2770//2770 2771//2770 2772//2770
vn 0 -0 1
v -0.075818248 0.08554665 -0.015899999
v -0.075249143 0.11742433 -0.015899999
v -0.076149143 0.11718318 -0.015899999
f 2773//2773 2774//2773 2775//2773
vn -0 1 0
v -0.081722215 0.0779 0.0103
v -0.041722216 0.0779 0.0103
v -0.081722215 0.0779 -0.015899999
f 2776//2776 2777//2776 2778//2776
vn 0 1 0
v -0.081722215 0.0779 -0.015899999
v -0.041722216 0.0779 0.0103
v -0.041722216 0.0779 -0.015899999
f 2779//2779 2780//2779 2781//2779
vn 0.96592623 -0.25881761 0
v -0.06352222 0.069499999 0.0123
v -0.06352222 0.069499999 0.0088
v -0.063281067 0.0704 0.0123
f 2782//2782 2783//2782 2784//2782
vn 0.96592623 -0.25881761 0
v -0.063281067 0.0704 0.0123
v -0.06352222 0.069499999 0.0088
v -0.063281067 0.0704 0.0088
f 2785//2785 2786//2785 2787//2785
vn 0.70710677 -0.70710677 0
v -0.063281067 0.0704 0.0123
v -0.063281067 0.0704 0.0088
v -0.062622219 0.071058847 0.0123
f 2788//2788 2789//2788 2790//2788
vn 0.70710677 -0.70710677 0
v -0.062622219 0.071058847 0.0123
v -0.063281067 0.0704 0.0088
v -0.062622219 0.071058847 0.0088
f 2791//2791 2792//2791 2793//2791
vn 0.25881761 -0.96592623 0
v -0.062622219 0.071058847 0.0123
v -0.062622219 0.071058847 0.0088
v -0.061722215 0.0713 0.0123
f 2794//2794 2795//2794 2796//2794
vn 0.25881761 -0.96592623 0
v -0.061722215 0.0713 0.0123
v -0.062622219 0.071058847 0.0088
v -0.061722215 0.0713 0.0088
f 2797//2797 2798//2797 2799//2797
vn -0.25881761 -0.96592623 -0
v -0.061722215 0.0713 0.0123
v -0.061722215 0.0713 0.0088
v -0.060822215 0.071058847 0.0123
f 2800//2800 2801//2800 2802//2800
vn -0.25881761 -0.96592623 -0
v -0.060822215 0.071058847 0.0123
v -0.061722215 0.0713 0.0088
v -0.060822215 0.071058847 0.0088
f 2803//2803 2804//2803 2805//2803
vn -0.7071088 -0.7071048 -0
v -0.060822215 0.071058847 0.0123
v -0.060822215 0.071058847 0.0088
v -0.060163371 0.0704 0.0123
f 2806//2806 2807//2806 2808//2806
vn -0.7071088 -0.7071048 -0
v -0.060163371 0.0704 0.0123
v -0.060822215 0.071058847 0.0088
v -0.060163371 0.0704 0.0088
f 2809//2809 2810//2809 2811//2809
vn -0.96592623 -0.25881761 -0
v -0.060163371 0.0704 0.0123
v -0.060163371 0.0704 0.0088
v -0.059922218 0.069499999 0.0123
f 2812//2812 2813//2812 2814//2812
vn -0.96592623 -0.25881761 -0
v -0.059922218 0.069499999 0.0123
v -0.060163371 0.0704 0.0088
v -0.059922218 0.069499999 0.0088
f 2815//2815 2816//2815 2817//2815
vn -0.96592623 0.25881761 0
v -0.059922218 0.069499999 0.0123
v -0.059922218 0.069499999 0.0088
v -0.060163371 0.068599999 0.0123
f 2818//2818 2819//2818 2820//2818
vn -0.96592623 0.25881761 0
v -0.060163371 0.068599999 0.0123
v -0.059922218 0.069499999 0.0088
v -0.060163371 0.068599999 0.0088
f 2821//2821 2822//2821 2823//2821
vn -0.7071048 0.7071088 0
v -0.060163371 0.068599999 0.0123
v -0.060163371 0.068599999 0.0088
v -0.060822215 0.067941159 0.0123
f 2824//2824 2825//2824 2826//2824
vn -0.7071048 0.7071088 0
v -0.060822215 0.067941159 0.0123
v -0.060163371 0.068599999 0.0088
v -0.060822215 0.067941159 0.0088
f 2827//2827 2828//2827 2829//2827
vn -0.25882509 0.9659242 0
v -0.060822215 0.067941159 0.0123
v -0.060822215 0.067941159 0.0088
v -0.061722215 0.067699999 0.0123
f 2830//2830 2831//2830 2832//2830
vn -0.25882509 0.9659242 0
v -0.061722215 0.067699999 0.0123
v -0.060822215 0.067941159 0.0088
v -0.061722215 0.067699999 0.0088
f 2833//2833 2834//2833 2835//2833
vn 0.25882509 0.9659242 0
v -0.061722215 0.067699999 0.0123
v -0.061722215 0.067699999 0.0088
v -0.062622219 0.067941159 0.0123
f 2836//2836 2837//2836 2838//2836
vn 0.25882509 0.9659242 0
v -0.062622219 0.067941159 0.0123
v -0.061722215 0.067699999 0.0088
v -0.062622219 0.067941159 0.0088
f 2839//2839 2840//2839 2841//2839
vn 0.70710278 0.70711076 0
v -0.062622219 0.067941159 0.0123
v -0.062622219 0.067941159 0.0088
v -0.063281067 0.068599999 0.0123
f 2842//2842 2843//2842 2844//2842
vn 0.70710278 0.70711076 0
v -0.063281067 0.068599999 0.0123
v -0.062622219 0.067941159 0.0088
v -0.063281067 0.068599999 0.0088
f 2845//2845 2846//2845 2847//2845
vn 0.96592623 0.25881761 0
v -0.063281067 0.068599999 0.0123
v -0.063281067 0.068599999 0.0088
v -0.06352222 0.069499999 0.0123
f 2848//2848 2849//2848 2850//2848
vn 0.96592623 0.25881761 0
v -0.06352222 0.069499999 0.0123
v -0.063281067 0.068599999 0.0088
v -0.06352222 0.069499999 0.0088
f 2851//2851 2852//2851 2853//2851
vn 0 0 1
v -0.063800678 0.068300001 0.0129
v -0.064536802 0.067875005 0.0129
v -0.062922217 0.067421541 0.0129
f 2854//2854 2855//2854 2856//2854
vn 0 0 1
v -0.062922217 0.067421541 0.0129
v -0.064536802 0.067875005 0.0129
v -0.06334722 0.066685416 0.0129
f 2857//2857 2858//2857 2859//2857
vn 0 0 1
v -0.062922217 0.067421541 0.0129
v -0.06334722 0.066685416 0.0129
v -0.061722215 0.067100003 0.0129
f 2860//2860 2861//2860 2862//2860
vn 0 0 1
v -0.061722215 0.067100003 0.0129
v -0.06334722 0.066685416 0.0129
v -0.061722215 0.066250004 0.0129
f 2863//2863 2864//2863 2865//2863
vn -0 0 1
v -0.061722215 0.067100003 0.0129
v -0.061722215 0.066250004 0.0129
v -0.060522217 0.067421541 0.0129
f 2866//2866 2867//2866 2868//2866
vn 0 0 1
v -0.060522217 0.067421541 0.0129
v -0.061722215 0.066250004 0.0129
v -0.060097218 0.066685416 0.0129
f 2869//2869 2870//2869 2871//2869
vn -0 0 1
v -0.060522217 0.067421541 0.0129
v -0.060097218 0.066685416 0.0129
v -0.059643757 0.068300001 0.0129
f 2872//2872 2873//2872 2874//2872
vn 0 0 1
v -0.059643757 0.068300001 0.0129
v -0.060097218 0.066685416 0.0129
v -0.058907636 0.067875005 0.0129
f 2875//2875 2876//2875 2877//2875
vn -0 0 1
v -0.059643757 0.068300001 0.0129
v -0.058907636 0.067875005 0.0129
v -0.059322216 0.069499999 0.0129
f 2878//2878 2879//2878 2880//2878
vn -0 0 1
v -0.059322216 0.069499999 0.0129
v -0.058907636 0.067875005 0.0129
v -0.058472216 0.069499999 0.0129
f 2881//2881 2882//2881 2883//2881
vn 0 -0 1
v -0.059322216 0.069499999 0.0129
v -0.058472216 0.069499999 0.0129
v -0.059643757 0.070700005 0.0129
f 2884//2884 2885//2884 2886//2884
vn -0 0 1
v -0.059643757 0.070700005 0.0129
v -0.058472216 0.069499999 0.0129
v -0.058907636 0.071125001 0.0129
f 2887//2887 2888//2887 2889//2887
vn 0 -0 1
v -0.059643757 0.070700005 0.0129
v -0.058907636 0.071125001 0.0129
v -0.060522217 0.071578465 0.0129
f 2890//2890 2891//2890 2892//2890
vn -0 0 1
v -0.060522217 0.071578465 0.0129
v -0.058907636 0.071125001 0.0129
v -0.060097218 0.072314583 0.0129
f 2893//2893 2894//2893 2895//2893
vn 0 -0 1
v -0.060522217 0.071578465 0.0129
v -0.060097218 0.072314583 0.0129
v -0.061722215 0.071900003 0.0129
f 2896//2896 2897//2896 2898//2896
vn 0 0 1
v -0.061722215 0.071900003 0.0129
v -0.060097218 0.072314583 0.0129
v -0.061722215 0.072750002 0.0129
f 2899//2899 2900//2899 2901//2899
vn 0 -0 1
v -0.061722215 0.071900003 0.0129
v -0.061722215 0.072750002 0.0129
v -0.062922217 0.071578465 0.0129
f 2902//2902 2903//2902 2904//2902
vn 0 -0 1
v -0.062922217 0.071578465 0.0129
v -0.061722215 0.072750002 0.0129
v -0.06334722 0.072314583 0.0129
f 2905//2905 2906//2905 2907//2905
vn 0 0 1
v -0.062922217 0.071578465 0.0129
v -0.06334722 0.072314583 0.0129
v -0.063800678 0.070700005 0.0129
f 2908//2908 2909//2908 2910//2908
vn 0 -0 1
v -0.063800678 0.070700005 0.0129
v -0.06334722 0.072314583 0.0129
v -0.064536802 0.071125001 0.0129
f 2911//2911 2912//2911 2913//2911
vn 0 0 1
v -0.063800678 0.070700005 0.0129
v -0.064536802 0.071125001 0.0129
v -0.064122215 0.069499999 0.0129
f 2914//2914 2915//2914 2916//2914
vn 0 0 1
v -0.064122215 0.069499999 0.0129
v -0.064536802 0.071125001 0.0129
v -0.064972214 0.069499999 0.0129
f 2917//2917 2918//2917 2919//2917
vn 0 0 1
v -0.064122215 0.069499999 0.0129
v -0.064972214 0.069499999 0.0129
v -0.063800678 0.068300001 0.0129
f 2920//2920 2921//2920 2922//2920
vn 0 0 1
v -0.063800678 0.068300001 0.0129
v -0.064972214 0.069499999 0.0129
v -0.064536802 0.067875005 0.0129
f 2923//2923 2924//2923 2925//2923
vn 0.96511525 -0.25859836 0.040980902
v -0.064861476 0.070341162 0.015600001
v -0.064972214 0.069499999 0.0129
v -0.064536802 0.071125001 0.0129
f 2926//2926 2927//2926 2928//2926
vn 0.70651168 -0.70651388 0.040981144
v -0.06334722 0.072314583 0.0129
v -0.064020313 0.071798101 0.015600001
v -0.064536802 0.071125001 0.0129
f 2929//2929 2930//2929 2931//2929
vn 0.79335272 -0.6087622 0
v -0.064536802 0.071125001 0.0129
v -0.064020313 0.071798101 0.015600001
v -0.064536802 0.071125001 0.015600001
f 2932//2932 2933//2932 2934//2932
vn 0.92388058 -0.38268089 0
v -0.064536802 0.071125001 0.0129
v -0.064536802 0.071125001 0.015600001
v -0.064861476 0.070341162 0.015600001
f 2935//2935 2936//2935 2937//2935
vn 0.25860247 -0.96511412 0.040982231
v -0.061722215 0.072750002 0.0129
v -0.062563382 0.072639264 0.015600001
v -0.06334722 0.072314583 0.0129
f 2938//2938 2939//2938 2940//2938
vn 0.3826884 -0.92387748 0
v -0.06334722 0.072314583 0.0129
v -0.062563382 0.072639264 0.015600001
v -0.06334722 0.072314583 0.015600001
f 2941//2941 2942//2941 2943//2941
vn 0.60875881 -0.79335535 0
v -0.06334722 0.072314583 0.0129
v -0.06334722 0.072314583 0.015600001
v -0.064020313 0.071798101 0.015600001
f 2944//2944 2945//2944 2946//2944
vn -0.25860304 -0.96511394 0.040982056
v -0.060097218 0.072314583 0.0129
v -0.060881056 0.072639264 0.015600001
v -0.061722215 0.072750002 0.0129
f 2947//2947 2948//2947 2949//2947
vn -0.130523 -0.9914453 0
v -0.061722215 0.072750002 0.0129
v -0.060881056 0.072639264 0.015600001
v -0.061722215 0.072750002 0.015600001
f 2950//2950 2951//2950 2952//2950
vn 0.13052243 -0.99144536 0
v -0.061722215 0.072750002 0.0129
v -0.061722215 0.072750002 0.015600001
v -0.062563382 0.072639264 0.015600001
f 2953//2953 2954//2953 2955//2953
vn -0.70651275 -0.70651275 0.040981632
v -0.058907636 0.071125001 0.0129
v -0.059424121 0.071798101 0.015600001
v -0.060097218 0.072314583 0.0129
f 2956//2956 2957//2956 2958//2956
vn -0.60875881 -0.79335535 0
v -0.060097218 0.072314583 0.0129
v -0.059424121 0.071798101 0.015600001
v -0.060097218 0.072314583 0.015600001
f 2959//2959 2960//2959 2961//2959
vn -0.3826884 -0.92387748 0
v -0.060097218 0.072314583 0.0129
v -0.060097218 0.072314583 0.015600001
v -0.060881056 0.072639264 0.015600001
f 2962//2962 2963//2962 2964//2962
vn -0.96511418 -0.25860247 0.040980902
v -0.058472216 0.069499999 0.0129
v -0.058582958 0.070341162 0.015600001
v -0.058907636 0.071125001 0.0129
f 2965//2965 2966//2965 2967//2965
vn -0.92387903 -0.38268465 0
v -0.058907636 0.071125001 0.0129
v -0.058582958 0.070341162 0.015600001
v -0.058907636 0.071125001 0.015600001
f 2968//2968 2969//2968 2970//2968
vn -0.79335487 -0.60875946 0
v -0.058907636 0.071125001 0.0129
v -0.058907636 0.071125001 0.015600001
v -0.059424121 0.071798101 0.015600001
f 2971//2971 2972//2971 2973//2971
vn -0.96511388 0.2586036 0.040980548
v -0.058907636 0.067875005 0.0129
v -0.058582958 0.068658844 0.015600001
v -0.058472216 0.069499999 0.0129
f 2974//2974 2975//2974 2976//2974
vn -0.99144465 0.13052788 0
v -0.058472216 0.069499999 0.0129
v -0.058582958 0.068658844 0.015600001
v -0.058472216 0.069499999 0.015600001
f 2977//2977 2978//2977 2979//2977
vn -0.99144477 -0.13052675 0
v -0.058472216 0.069499999 0.0129
v -0.058472216 0.069499999 0.015600001
v -0.058582958 0.070341162 0.015600001
f 2980//2980 2981//2980 2982//2980
vn -0.70651495 0.70651054 0.040980656
v -0.060097218 0.066685416 0.0129
v -0.059424121 0.067201905 0.015600001
v -0.058907636 0.067875005 0.0129
f 2983//2983 2984//2983 2985//2983
vn -0.79335487 0.60875946 0
v -0.058907636 0.067875005 0.0129
v -0.059424121 0.067201905 0.015600001
v -0.058907636 0.067875005 0.015600001
f 2986//2986 2987//2986 2988//2986
vn -0.92387903 0.38268465 0
v -0.058907636 0.067875005 0.0129
v -0.058907636 0.067875005 0.015600001
v -0.058582958 0.068658844 0.015600001
f 2989//2989 2990//2989 2991//2989
vn -0.25859892 0.96511513 0.040980726
v -0.061722215 0.066250004 0.0129
v -0.060881056 0.066360742 0.015600001
v -0.060097218 0.066685416 0.0129
f 2992//2992 2993//2992 2994//2992
vn -0.38268089 0.92388058 0
v -0.060097218 0.066685416 0.0129
v -0.060881056 0.066360742 0.015600001
v -0.060097218 0.066685416 0.015600001
f 2995//2995 2996//2995 2997//2995
vn -0.60876435 0.79335111 0
v -0.060097218 0.066685416 0.0129
v -0.060097218 0.066685416 0.015600001
v -0.059424121 0.067201905 0.015600001
f 2998//2998 2999//2998 3000//2998
vn 0.25859836 0.96511525 0.040980902
v -0.06334722 0.066685416 0.0129
v -0.062563382 0.066360742 0.015600001
v -0.061722215 0.066250004 0.0129
f 3001//3001 3002//3001 3003//3001
vn 0.13052243 0.99144536 -0
v -0.061722215 0.066250004 0.0129
v -0.062563382 0.066360742 0.015600001
v -0.061722215 0.066250004 0.015600001
f 3004//3004 3005//3004 3006//3004
vn -0.130523 0.9914453 0
v -0.061722215 0.066250004 0.0129
v -0.061722215 0.066250004 0.015600001
v -0.060881056 0.066360742 0.015600001
f 3007//3007 3008//3007 3009//3007
vn 0.70651388 0.70651168 0.040980171
v -0.064536802 0.067875005 0.0129
v -0.064020313 0.067201905 0.015600001
v -0.06334722 0.066685416 0.0129
f 3010//3010 3011//3010 3012//3010
vn 0.60876435 0.79335111 -0
v -0.06334722 0.066685416 0.0129
v -0.064020313 0.067201905 0.015600001
v -0.06334722 0.066685416 0.015600001
f 3013//3013 3014//3013 3015//3013
vn 0.38268089 0.92388058 -0
v -0.06334722 0.066685416 0.0129
v -0.06334722 0.066685416 0.015600001
v -0.062563382 0.066360742 0.015600001
f 3016//3016 3017//3016 3018//3016
vn 0.99144536 -0.13052243 0
v -0.064861476 0.070341162 0.015600001
v -0.064972214 0.069499999 0.015600001
v -0.064972214 0.069499999 0.0129
f 3019//3019 3020//3019 3021//3019
vn 0.99144518 0.13052358 -0
v -0.064972214 0.069499999 0.0129
v -0.064972214 0.069499999 0.015600001
v -0.064861476 0.068658844 0.015600001
f 3022//3022 3023//3022 3024//3022
vn 0.96511495 0.25859946 0.040980548
v -0.064972214 0.069499999 0.0129
v -0.064861476 0.068658844 0.015600001
v -0.064536802 0.067875005 0.0129
f 3025//3025 3026//3025 3027//3025
vn 0.92388058 0.38268089 -0
v -0.064536802 0.067875005 0.0129
v -0.064861476 0.068658844 0.015600001
v -0.064536802 0.067875005 0.015600001
f 3028//3028 3029//3028 3030//3028
vn 0.79335272 0.6087622 -0
v -0.064536802 0.067875005 0.0129
v -0.064536802 0.067875005 0.015600001
v -0.064020313 0.067201905 0.015600001
f 3031//3031 3032//3031 3033//3031
vn 0.96592522 -0.25882134 0
v -0.053522218 0.054499999 0.0123
v -0.053522218 0.054499999 0.0088
v -0.053281061 0.055399999 0.0123
f 3034//3034 3035//3034 3036//3034
vn 0.96592522 -0.25882134 0
v -0.053281061 0.055399999 0.0123
v -0.053522218 0.054499999 0.0088
v -0.053281061 0.055399999 0.0088
f 3037//3037 3038//3037 3039//3037
vn 0.70710677 -0.70710677 0
v -0.053281061 0.055399999 0.0123
v -0.053281061 0.055399999 0.0088
v -0.052622218 0.056058843 0.0123
f 3040//3040 3041//3040 3042//3040
vn 0.70710677 -0.70710677 0
v -0.052622218 0.056058843 0.0123
v -0.053281061 0.055399999 0.0088
v -0.052622218 0.056058843 0.0088
f 3043//3043 3044//3043 3045//3043
vn 0.25882134 -0.96592522 0
v -0.052622218 0.056058843 0.0123
v -0.052622218 0.056058843 0.0088
v -0.051722217 0.056299999 0.0123
f 3046//3046 3047//3046 3048//3046
vn 0.25882134 -0.96592522 0
v -0.051722217 0.056299999 0.0123
v -0.052622218 0.056058843 0.0088
v -0.051722217 0.056299999 0.0088
f 3049//3049 3050//3049 3051//3049
vn -0.25882134 -0.96592522 -0
v -0.051722217 0.056299999 0.0123
v -0.051722217 0.056299999 0.0088
v -0.050822217 0.056058843 0.0123
f 3052//3052 3053//3052 3054//3052
vn -0.25882134 -0.96592522 -0
v -0.050822217 0.056058843 0.0123
v -0.051722217 0.056299999 0.0088
v -0.050822217 0.056058843 0.0088
f 3055//3055 3056//3055 3057//3055
vn -0.7071048 -0.7071088 -0
v -0.050822217 0.056058843 0.0123
v -0.050822217 0.056058843 0.0088
v -0.05016337 0.055399999 0.0123
f 3058//3058 3059//3058 3060//3058
vn -0.7071048 -0.7071088 -0
v -0.05016337 0.055399999 0.0123
v -0.050822217 0.056058843 0.0088
v -0.05016337 0.055399999 0.0088
f 3061//3061 3062//3061 3063//3061
vn -0.96592623 -0.25881761 -0
v -0.05016337 0.055399999 0.0123
v -0.05016337 0.055399999 0.0088
v -0.049922217 0.054499999 0.0123
f 3064//3064 3065//3064 3066//3064
vn -0.96592623 -0.25881761 -0
v -0.049922217 0.054499999 0.0123
v -0.05016337 0.055399999 0.0088
v -0.049922217 0.054499999 0.0088
f 3067//3067 3068//3067 3069//3067
vn -0.96592623 0.25881761 0
v -0.049922217 0.054499999 0.0123
v -0.049922217 0.054499999 0.0088
v -0.05016337 0.053599998 0.0123
f 3070//3070 3071//3070 3072//3070
vn -0.96592623 0.25881761 0
v -0.05016337 0.053599998 0.0123
v -0.049922217 0.054499999 0.0088
v -0.05016337 0.053599998 0.0088
f 3073//3073 3074//3073 3075//3073
vn -0.70710677 0.70710677 0
v -0.05016337 0.053599998 0.0123
v -0.05016337 0.053599998 0.0088
v -0.050822217 0.052941151 0.0123
f 3076//3076 3077//3076 3078//3076
vn -0.70710677 0.70710677 0
v -0.050822217 0.052941151 0.0123
v -0.05016337 0.053599998 0.0088
v -0.050822217 0.052941151 0.0088
f 3079//3079 3080//3079 3081//3079
vn -0.25881761 0.96592623 0
v -0.050822217 0.052941151 0.0123
v -0.050822217 0.052941151 0.0088
v -0.051722217 0.052699998 0.0123
f 3082//3082 3083//3082 3084//3082
vn -0.25881761 0.96592623 0
v -0.051722217 0.052699998 0.0123
v -0.050822217 0.052941151 0.0088
v -0.051722217 0.052699998 0.0088
f 3085//3085 3086//3085 3087//3085
vn 0.25881761 0.96592623 0
v -0.051722217 0.052699998 0.0123
v -0.051722217 0.052699998 0.0088
v -0.052622218 0.052941151 0.0123
f 3088//3088 3089//3088 3090//3088
vn 0.25881761 0.96592623 0
v -0.052622218 0.052941151 0.0123
v -0.051722217 0.052699998 0.0088
v -0.052622218 0.052941151 0.0088
f 3091//3091 3092//3091 3093//3091
vn 0.7071088 0.7071048 0
v -0.052622218 0.052941151 0.0123
v -0.052622218 0.052941151 0.0088
v -0.053281061 0.053599998 0.0123
f 3094//3094 3095//3094 3096//3094
vn 0.7071088 0.7071048 0
v -0.053281061 0.053599998 0.0123
v -0.052622218 0.052941151 0.0088
v -0.053281061 0.053599998 0.0088
f 3097//3097 3098//3097 3099//3097
vn 0.96592522 0.25882134 0
v -0.053281061 0.053599998 0.0123
v -0.053281061 0.053599998 0.0088
v -0.053522218 0.054499999 0.0123
f 3100//3100 3101//3100 3102//3100
vn 0.96592522 0.25882134 0
v -0.053522218 0.054499999 0.0123
v -0.053281061 0.053599998 0.0088
v -0.053522218 0.054499999 0.0088
f 3103//3103 3104//3103 3105//3103
vn 0 -0 1
v -0.049643755 0.055699997 0.0129
v -0.048907634 0.056125 0.0129
v -0.050522216 0.056578461 0.0129
f 3106//3106 3107//3106 3108//3106
vn -0 0 1
v -0.050522216 0.056578461 0.0129
v -0.048907634 0.056125 0.0129
v -0.050097216 0.057314582 0.0129
f 3109//3109 3110//3109 3111//3109
vn 0 -0 1
v -0.050522216 0.056578461 0.0129
v -0.050097216 0.057314582 0.0129
v -0.051722217 0.056899998 0.0129
f 3112//3112 3113//3112 3114//3112
vn 0 0 1
v -0.051722217 0.056899998 0.0129
v -0.050097216 0.057314582 0.0129
v -0.051722217 0.057749998 0.0129
f 3115//3115 3116//3115 3117//3115
vn 0 -0 1
v -0.051722217 0.056899998 0.0129
v -0.051722217 0.057749998 0.0129
v -0.052922215 0.056578461 0.0129
f 3118//3118 3119//3118 3120//3118
vn 0 -0 1
v -0.052922215 0.056578461 0.0129
v -0.051722217 0.057749998 0.0129
v -0.053347215 0.057314582 0.0129
f 3121//3121 3122//3121 3123//3121
vn 0 0 1
v -0.052922215 0.056578461 0.0129
v -0.053347215 0.057314582 0.0129
v -0.053800676 0.055699997 0.0129
f 3124//3124 3125//3124 3126//3124
vn 0 -0 1
v -0.053800676 0.055699997 0.0129
v -0.053347215 0.057314582 0.0129
v -0.054536801 0.056125 0.0129
f 3127//3127 3128//3127 3129//3127
vn 0 0 1
v -0.053800676 0.055699997 0.0129
v -0.054536801 0.056125 0.0129
v -0.054122217 0.054499999 0.0129
f 3130//3130 3131//3130 3132//3130
vn 0 0 1
v -0.054122217 0.054499999 0.0129
v -0.054536801 0.056125 0.0129
v -0.054972216 0.054499999 0.0129
f 3133//3133 3134//3133 3135//3133
vn 0 0 1
v -0.054122217 0.054499999 0.0129
v -0.054972216 0.054499999 0.0129
v -0.053800676 0.053299997 0.0129
f 3136//3136 3137//3136 3138//3136
vn 0 0 1
v -0.053800676 0.053299997 0.0129
v -0.054972216 0.054499999 0.0129
v -0.054536801 0.052874997 0.0129
f 3139//3139 3140//3139 3141//3139
vn 0 0 1
v -0.053800676 0.053299997 0.0129
v -0.054536801 0.052874997 0.0129
v -0.052922215 0.052421536 0.0129
f 3142//3142 3143//3142 3144//3142
vn 0 0 1
v -0.052922215 0.052421536 0.0129
v -0.054536801 0.052874997 0.0129
v -0.053347215 0.051685415 0.0129
f 3145//3145 3146//3145 3147//3145
vn 0 0 1
v -0.052922215 0.052421536 0.0129
v -0.053347215 0.051685415 0.0129
v -0.051722217 0.052099999 0.0129
f 3148//3148 3149//3148 3150//3148
vn 0 0 1
v -0.051722217 0.052099999 0.0129
v -0.053347215 0.051685415 0.0129
v -0.051722217 0.05125 0.0129
f 3151//3151 3152//3151 3153//3151
vn -0 0 1
v -0.051722217 0.052099999 0.0129
v -0.051722217 0.05125 0.0129
v -0.050522216 0.052421536 0.0129
f 3154//3154 3155//3154 3156//3154
vn 0 0 1
v -0.050522216 0.052421536 0.0129
v -0.051722217 0.05125 0.0129
v -0.050097216 0.051685415 0.0129
f 3157//3157 3158//3157 3159//3157
vn -0 0 1
v -0.050522216 0.052421536 0.0129
v -0.050097216 0.051685415 0.0129
v -0.049643755 0.053299997 0.0129
f 3160//3160 3161//3160 3162//3160
vn 0 0 1
v -0.049643755 0.053299997 0.0129
v -0.050097216 0.051685415 0.0129
v -0.048907634 0.052874997 0.0129
f 3163//3163 3164//3163 3165//3163
vn -0 0 1
v -0.049643755 0.053299997 0.0129
v -0.048907634 0.052874997 0.0129
v -0.049322218 0.054499999 0.0129
f 3166//3166 3167//3166 3168//3166
vn -0 0 1
v -0.049322218 0.054499999 0.0129
v -0.048907634 0.052874997 0.0129
v -0.048472218 0.054499999 0.0129
f 3169//3169 3170//3169 3171//3169
vn 0 -0 1
v -0.049322218 0.054499999 0.0129
v -0.048472218 0.054499999 0.0129
v -0.049643755 0.055699997 0.0129
f 3172//3172 3173//3172 3174//3172
vn -0 0 1
v -0.049643755 0.055699997 0.0129
v -0.048472218 0.054499999 0.0129
v -0.048907634 0.056125 0.0129
f 3175//3175 3176//3175 3177//3175
vn 0.96511471 -0.25860041 0.040980238
v -0.054972216 0.054499999 0.0129
v -0.054536801 0.056125 0.0129
v -0.054861475 0.055341162 0.015600001
f 3178//3178 3179//3178 3180//3178
vn 0.70651168 -0.70651388 0.040981144
v -0.053347215 0.057314582 0.0129
v -0.054020315 0.056798097 0.015600001
v -0.054536801 0.056125 0.0129
f 3181//3181 3182//3181 3183//3181
vn 0.7933532 -0.60876161 0
v -0.054536801 0.056125 0.0129
v -0.054020315 0.056798097 0.015600001
v -0.054536801 0.056125 0.015600001
f 3184//3184 3185//3184 3186//3184
vn 0.92388058 -0.38268089 0
v -0.054536801 0.056125 0.0129
v -0.054536801 0.056125 0.015600001
v -0.054861475 0.055341162 0.015600001
f 3187//3187 3188//3187 3189//3187
vn 0.25860098 -0.96511459 0.04098006
v -0.051722217 0.057749998 0.0129
v -0.052563377 0.057639256 0.015600001
v -0.053347215 0.057314582 0.0129
f 3190//3190 3191//3190 3192//3190
vn 0.38268089 -0.92388058 0
v -0.053347215 0.057314582 0.0129
v -0.052563377 0.057639256 0.015600001
v -0.053347215 0.057314582 0.015600001
f 3193//3193 3194//3193 3195//3193
vn 0.60875946 -0.79335487 0
v -0.053347215 0.057314582 0.0129
v -0.053347215 0.057314582 0.015600001
v -0.054020315 0.056798097 0.015600001
f 3196//3196 3197//3196 3198//3196
vn -0.25860041 -0.96511471 0.040980238
v -0.050097216 0.057314582 0.0129
v -0.050881054 0.057639256 0.015600001
v -0.051722217 0.057749998 0.0129
f 3199//3199 3200//3199 3201//3199
vn -0.13052675 -0.99144477 0
v -0.051722217 0.057749998 0.0129
v -0.050881054 0.057639256 0.015600001
v -0.051722217 0.057749998 0.015600001
f 3202//3202 3203//3202 3204//3202
vn 0.13052732 -0.99144471 0
v -0.051722217 0.057749998 0.0129
v -0.051722217 0.057749998 0.015600001
v -0.052563377 0.057639256 0.015600001
f 3205//3205 3206//3205 3207//3205
vn -0.70651275 -0.70651275 0.040980656
v -0.048907634 0.056125 0.0129
v -0.049424119 0.056798097 0.015600001
v -0.050097216 0.057314582 0.0129
f 3208//3208 3209//3208 3210//3208
vn -0.60876161 -0.7933532 0
v -0.050097216 0.057314582 0.0129
v -0.049424119 0.056798097 0.015600001
v -0.050097216 0.057314582 0.015600001
f 3211//3211 3212//3211 3213//3211
vn -0.38268089 -0.92388058 0
v -0.050097216 0.057314582 0.0129
v -0.050097216 0.057314582 0.015600001
v -0.050881054 0.057639256 0.015600001
f 3214//3214 3215//3214 3216//3214
vn -0.96511465 -0.25860041 0.040981568
v -0.048472218 0.054499999 0.0129
v -0.048582956 0.055341162 0.015600001
v -0.048907634 0.056125 0.0129
f 3217//3217 3218//3217 3219//3217
vn -0.92387903 -0.38268465 0
v -0.048907634 0.056125 0.0129
v -0.048582956 0.055341162 0.015600001
v -0.048907634 0.056125 0.015600001
f 3220//3220 3221//3220 3222//3220
vn -0.7933532 -0.60876161 0
v -0.048907634 0.056125 0.0129
v -0.048907634 0.056125 0.015600001
v -0.049424119 0.056798097 0.015600001
f 3223//3223 3224//3223 3225//3223
vn -0.96511465 0.25860041 0.040981568
v -0.048907634 0.052874997 0.0129
v -0.048582956 0.053658836 0.015600001
v -0.048472218 0.054499999 0.0129
f 3226//3226 3227//3226 3228//3226
vn -0.99144536 0.13052243 0
v -0.048472218 0.054499999 0.0129
v -0.048582956 0.053658836 0.015600001
v -0.048472218 0.054499999 0.015600001
f 3229//3229 3230//3229 3231//3229
vn -0.99144536 -0.13052243 0
v -0.048472218 0.054499999 0.0129
v -0.048472218 0.054499999 0.015600001
v -0.048582956 0.055341162 0.015600001
f 3232//3232 3233//3232 3234//3232
vn -0.70651275 0.70651275 0.040980656
v -0.050097216 0.051685415 0.0129
v -0.049424119 0.052201901 0.015600001
v -0.048907634 0.052874997 0.0129
f 3235//3235 3236//3235 3237//3235
vn -0.7933532 0.60876161 0
v -0.048907634 0.052874997 0.0129
v -0.049424119 0.052201901 0.015600001
v -0.048907634 0.052874997 0.015600001
f 3238//3238 3239//3238 3240//3238
vn -0.92387903 0.38268465 0
v -0.048907634 0.052874997 0.0129
v -0.048907634 0.052874997 0.015600001
v -0.048582956 0.053658836 0.015600001
f 3241//3241 3242//3241 3243//3241
vn -0.25860041 0.96511465 0.040981568
v -0.051722217 0.05125 0.0129
v -0.050881054 0.051360738 0.015600001
v -0.050097216 0.051685415 0.0129
f 3244//3244 3245//3244 3246//3244
vn -0.38268465 0.92387903 0
v -0.050097216 0.051685415 0.0129
v -0.050881054 0.051360738 0.015600001
v -0.050097216 0.051685415 0.015600001
f 3247//3247 3248//3247 3249//3247
vn -0.60876161 0.7933532 0
v -0.050097216 0.051685415 0.0129
v -0.050097216 0.051685415 0.015600001
v -0.049424119 0.052201901 0.015600001
f 3250//3250 3251//3250 3252//3250
vn 0.25860098 0.96511453 0.04098139
v -0.053347215 0.051685415 0.0129
v -0.052563377 0.051360738 0.015600001
v -0.051722217 0.05125 0.0129
f 3253//3253 3254//3253 3255//3253
vn 0.130523 0.9914453 -0
v -0.051722217 0.05125 0.0129
v -0.052563377 0.051360738 0.015600001
v -0.051722217 0.05125 0.015600001
f 3256//3256 3257//3256 3258//3256
vn -0.13052243 0.99144536 0
v -0.051722217 0.05125 0.0129
v -0.051722217 0.05125 0.015600001
v -0.050881054 0.051360738 0.015600001
f 3259//3259 3260//3259 3261//3259
vn 0.70651168 0.70651388 0.040981144
v -0.054536801 0.052874997 0.0129
v -0.054020315 0.052201901 0.015600001
v -0.053347215 0.051685415 0.0129
f 3262//3262 3263//3262 3264//3262
vn 0.60875946 0.79335487 -0
v -0.053347215 0.051685415 0.0129
v -0.054020315 0.052201901 0.015600001
v -0.053347215 0.051685415 0.015600001
f 3265//3265 3266//3265 3267//3265
vn 0.38268465 0.92387903 -0
v -0.053347215 0.051685415 0.0129
v -0.053347215 0.051685415 0.015600001
v -0.052563377 0.051360738 0.015600001
f 3268//3268 3269//3268 3270//3268
vn 0.99144477 -0.13052675 0
v -0.054861475 0.055341162 0.015600001
v -0.054972216 0.054499999 0.015600001
v -0.054972216 0.054499999 0.0129
f 3271//3271 3272//3271 3273//3271
vn 0.99144477 0.13052675 -0
v -0.054972216 0.054499999 0.0129
v -0.054972216 0.054499999 0.015600001
v -0.054861475 0.053658836 0.015600001
f 3274//3274 3275//3274 3276//3274
vn 0.96511471 0.25860041 0.040980238
v -0.054972216 0.054499999 0.0129
v -0.054861475 0.053658836 0.015600001
v -0.054536801 0.052874997 0.0129
f 3277//3277 3278//3277 3279//3277
vn 0.92388058 0.38268089 -0
v -0.054536801 0.052874997 0.0129
v -0.054861475 0.053658836 0.015600001
v -0.054536801 0.052874997 0.015600001
f 3280//3280 3281//3280 3282//3280
vn 0.7933532 0.60876161 -0
v -0.054536801 0.052874997 0.0129
v -0.054536801 0.052874997 0.015600001
v -0.054020315 0.052201901 0.015600001
f 3283//3283 3284//3283 3285//3283
vn 0.96592623 -0.25881761 0
v -0.06352222 0.054499999 0.0123
v -0.06352222 0.054499999 0.0088
v -0.063281067 0.055399999 0.0123
f 3286//3286 3287//3286 3288//3286
vn 0.96592623 -0.25881761 0
v -0.063281067 0.055399999 0.0123
v -0.06352222 0.054499999 0.0088
v -0.063281067 0.055399999 0.0088
f 3289//3289 3290//3289 3291//3289
vn 0.7071048 -0.7071088 0
v -0.063281067 0.055399999 0.0123
v -0.063281067 0.055399999 0.0088
v -0.062622219 0.056058843 0.0123
f 3292//3292 3293//3292 3294//3292
vn 0.7071048 -0.7071088 0
v -0.062622219 0.056058843 0.0123
v -0.063281067 0.055399999 0.0088
v -0.062622219 0.056058843 0.0088
f 3295//3295 3296//3295 3297//3295
vn 0.25882134 -0.96592522 0
v -0.062622219 0.056058843 0.0123
v -0.062622219 0.056058843 0.0088
v -0.061722215 0.056299999 0.0123
f 3298//3298 3299//3298 3300//3298
vn 0.25882134 -0.96592522 0
v -0.061722215 0.056299999 0.0123
v -0.062622219 0.056058843 0.0088
v -0.061722215 0.056299999 0.0088
f 3301//3301 3302//3301 3303//3301
vn -0.25882134 -0.96592522 -0
v -0.061722215 0.056299999 0.0123
v -0.061722215 0.056299999 0.0088
v -0.060822215 0.056058843 0.0123
f 3304//3304 3305//3304 3306//3304
vn -0.25882134 -0.96592522 -0
v -0.060822215 0.056058843 0.0123
v -0.061722215 0.056299999 0.0088
v -0.060822215 0.056058843 0.0088
f 3307//3307 3308//3307 3309//3307
vn -0.70710677 -0.70710677 -0
v -0.060822215 0.056058843 0.0123
v -0.060822215 0.056058843 0.0088
v -0.060163371 0.055399999 0.0123
f 3310//3310 3311//3310 3312//3310
vn -0.70710677 -0.70710677 -0
v -0.060163371 0.055399999 0.0123
v -0.060822215 0.056058843 0.0088
v -0.060163371 0.055399999 0.0088
f 3313//3313 3314//3313 3315//3313
vn -0.96592623 -0.25881761 -0
v -0.060163371 0.055399999 0.0123
v -0.060163371 0.055399999 0.0088
v -0.059922218 0.054499999 0.0123
f 3316//3316 3317//3316 3318//3316
vn -0.96592623 -0.25881761 -0
v -0.059922218 0.054499999 0.0123
v -0.060163371 0.055399999 0.0088
v -0.059922218 0.054499999 0.0088
f 3319//3319 3320//3319 3321//3319
vn -0.96592623 0.25881761 0
v -0.059922218 0.054499999 0.0123
v -0.059922218 0.054499999 0.0088
v -0.060163371 0.053599998 0.0123
f 3322//3322 3323//3322 3324//3322
vn -0.96592623 0.25881761 0
v -0.060163371 0.053599998 0.0123
v -0.059922218 0.054499999 0.0088
v -0.060163371 0.053599998 0.0088
f 3325//3325 3326//3325 3327//3325
vn -0.7071088 0.7071048 0
v -0.060163371 0.053599998 0.0123
v -0.060163371 0.053599998 0.0088
v -0.060822215 0.052941151 0.0123
f 3328//3328 3329//3328 3330//3328
vn -0.7071088 0.7071048 0
v -0.060822215 0.052941151 0.0123
v -0.060163371 0.053599998 0.0088
v -0.060822215 0.052941151 0.0088
f 3331//3331 3332//3331 3333//3331
vn -0.25881761 0.96592623 0
v -0.060822215 0.052941151 0.0123
v -0.060822215 0.052941151 0.0088
v -0.061722215 0.052699998 0.0123
f 3334//3334 3335//3334 3336//3334
vn -0.25881761 0.96592623 0
v -0.061722215 0.052699998 0.0123
v -0.060822215 0.052941151 0.0088
v -0.061722215 0.052699998 0.0088
f 3337//3337 3338//3337 3339//3337
vn 0.25881761 0.96592623 0
v -0.061722215 0.052699998 0.0123
v -0.061722215 0.052699998 0.0088
v -0.062622219 0.052941151 0.0123
f 3340//3340 3341//3340 3342//3340
vn 0.25881761 0.96592623 0
v -0.062622219 0.052941151 0.0123
v -0.061722215 0.052699998 0.0088
v -0.062622219 0.052941151 0.0088
f 3343//3343 3344//3343 3345//3343
vn 0.70710677 0.70710677 0
v -0.062622219 0.052941151 0.0123
v -0.062622219 0.052941151 0.0088
v -0.063281067 0.053599998 0.0123
f 3346//3346 3347//3346 3348//3346
vn 0.70710677 0.70710677 0
v -0.063281067 0.053599998 0.0123
v -0.062622219 0.052941151 0.0088
v -0.063281067 0.053599998 0.0088
f 3349//3349 3350//3349 3351//3349
vn 0.96592623 0.25881761 0
v -0.063281067 0.053599998 0.0123
v -0.063281067 0.053599998 0.0088
v -0.06352222 0.054499999 0.0123
f 3352//3352 3353//3352 3354//3352
vn 0.96592623 0.25881761 0
v -0.06352222 0.054499999 0.0123
v -0.063281067 0.053599998 0.0088
v -0.06352222 0.054499999 0.0088
f 3355//3355 3356//3355 3357//3355
vn 0 -0 1
v -0.059643757 0.055699997 0.0129
v -0.058907636 0.056125 0.0129
v -0.060522217 0.056578461 0.0129
f 3358//3358 3359//3358 3360//3358
vn -0 0 1
v -0.060522217 0.056578461 0.0129
v -0.058907636 0.056125 0.0129
v -0.060097218 0.057314582 0.0129
f 3361//3361 3362//3361 3363//3361
vn 0 -0 1
v -0.060522217 0.056578461 0.0129
v -0.060097218 0.057314582 0.0129
v -0.061722215 0.056899998 0.0129
f 3364//3364 3365//3364 3366//3364
vn 0 0 1
v -0.061722215 0.056899998 0.0129
v -0.060097218 0.057314582 0.0129
v -0.061722215 0.057749998 0.0129
f 3367//3367 3368//3367 3369//3367
vn 0 -0 1
v -0.061722215 0.056899998 0.0129
v -0.061722215 0.057749998 0.0129
v -0.062922217 0.056578461 0.0129
f 3370//3370 3371//3370 3372//3370
vn 0 -0 1
v -0.062922217 0.056578461 0.0129
v -0.061722215 0.057749998 0.0129
v -0.06334722 0.057314582 0.0129
f 3373//3373 3374//3373 3375//3373
vn 0 0 1
v -0.062922217 0.056578461 0.0129
v -0.06334722 0.057314582 0.0129
v -0.063800678 0.055699997 0.0129
f 3376//3376 3377//3376 3378//3376
vn 0 -0 1
v -0.063800678 0.055699997 0.0129
v -0.06334722 0.057314582 0.0129
v -0.064536802 0.056125 0.0129
f 3379//3379 3380//3379 3381//3379
vn 0 0 1
v -0.063800678 0.055699997 0.0129
v -0.064536802 0.056125 0.0129
v -0.064122215 0.054499999 0.0129
f 3382//3382 3383//3382 3384//3382
vn 0 0 1
v -0.064122215 0.054499999 0.0129
v -0.064536802 0.056125 0.0129
v -0.064972214 0.054499999 0.0129
f 3385//3385 3386//3385 3387//3385
vn 0 0 1
v -0.064122215 0.054499999 0.0129
v -0.064972214 0.054499999 0.0129
v -0.063800678 0.053299997 0.0129
f 3388//3388 3389//3388 3390//3388
vn 0 0 1
v -0.063800678 0.053299997 0.0129
v -0.064972214 0.054499999 0.0129
v -0.064536802 0.052874997 0.0129
f 3391//3391 3392//3391 3393//3391
vn 0 0 1
v -0.063800678 0.053299997 0.0129
v -0.064536802 0.052874997 0.0129
v -0.062922217 0.052421536 0.0129
f 3394//3394 3395//3394 3396//3394
vn 0 0 1
v -0.062922217 0.052421536 0.0129
v -0.064536802 0.052874997 0.0129
v -0.06334722 0.051685415 0.0129
f 3397//3397 3398//3397 3399//3397
vn 0 0 1
v -0.062922217 0.052421536 0.0129
v -0.06334722 0.051685415 0.0129
v -0.061722215 0.052099999 0.0129
f 3400//3400 3401//3400 3402//3400
vn 0 0 1
v -0.061722215 0.052099999 0.0129
v -0.06334722 0.051685415 0.0129
v -0.061722215 0.05125 0.0129
f 3403//3403 3404//3403 3405//3403
vn -0 0 1
v -0.061722215 0.052099999 0.0129
v -0.061722215 0.05125 0.0129
v -0.060522217 0.052421536 0.0129
f 3406//3406 3407//3406 3408//3406
vn 0 0 1
v -0.060522217 0.052421536 0.0129
v -0.061722215 0.05125 0.0129
v -0.060097218 0.051685415 0.0129
f 3409//3409 3410//3409 3411//3409
vn -0 0 1
v -0.060522217 0.052421536 0.0129
v -0.060097218 0.051685415 0.0129
v -0.059643757 0.053299997 0.0129
f 3412//3412 3413//3412 3414//3412
vn 0 0 1
v -0.059643757 0.053299997 0.0129
v -0.060097218 0.051685415 0.0129
v -0.058907636 0.052874997 0.0129
f 3415//3415 3416//3415 3417//3415
vn -0 0 1
v -0.059643757 0.053299997 0.0129
v -0.058907636 0.052874997 0.0129
v -0.059322216 0.054499999 0.0129
f 3418//3418 3419//3418 3420//3418
vn -0 0 1
v -0.059322216 0.054499999 0.0129
v -0.058907636 0.052874997 0.0129
v -0.058472216 0.054499999 0.0129
f 3421//3421 3422//3421 3423//3421
vn 0 -0 1
v -0.059322216 0.054499999 0.0129
v -0.058472216 0.054499999 0.0129
v -0.059643757 0.055699997 0.0129
f 3424//3424 3425//3424 3426//3424
vn -0 0 1
v -0.059643757 0.055699997 0.0129
v -0.058472216 0.054499999 0.0129
v -0.058907636 0.056125 0.0129
f 3427//3427 3428//3427 3429//3427
vn 0.96511525 -0.25859836 0.040980902
v -0.064972214 0.054499999 0.0129
v -0.064536802 0.056125 0.0129
v -0.064861476 0.055341162 0.015600001
f 3430//3430 3431//3430 3432//3430
vn 0.70651168 -0.70651388 0.040980171
v -0.06334722 0.057314582 0.0129
v -0.064020313 0.056798097 0.015600001
v -0.064536802 0.056125 0.0129
f 3433//3433 3434//3433 3435//3433
vn 0.79335111 -0.60876435 0
v -0.064536802 0.056125 0.0129
v -0.064020313 0.056798097 0.015600001
v -0.064536802 0.056125 0.015600001
f 3436//3436 3437//3436 3438//3436
vn 0.92388058 -0.38268089 0
v -0.064536802 0.056125 0.0129
v -0.064536802 0.056125 0.015600001
v -0.064861476 0.055341162 0.015600001
f 3439//3439 3440//3439 3441//3439
vn 0.25860041 -0.96511471 0.040980238
v -0.061722215 0.057749998 0.0129
v -0.062563382 0.057639256 0.015600001
v -0.06334722 0.057314582 0.0129
f 3442//3442 3443//3442 3444//3442
vn 0.38268089 -0.92388058 0
v -0.06334722 0.057314582 0.0129
v -0.062563382 0.057639256 0.015600001
v -0.06334722 0.057314582 0.015600001
f 3445//3445 3446//3445 3447//3445
vn 0.60876161 -0.7933532 0
v -0.06334722 0.057314582 0.0129
v -0.06334722 0.057314582 0.015600001
v -0.064020313 0.056798097 0.015600001
f 3448//3448 3449//3448 3450//3448
vn -0.25860098 -0.96511459 0.04098006
v -0.060097218 0.057314582 0.0129
v -0.060881056 0.057639256 0.015600001
v -0.061722215 0.057749998 0.0129
f 3451//3451 3452//3451 3453//3451
vn -0.13052732 -0.99144471 0
v -0.061722215 0.057749998 0.0129
v -0.060881056 0.057639256 0.015600001
v -0.061722215 0.057749998 0.015600001
f 3454//3454 3455//3454 3456//3454
vn 0.13052675 -0.99144477 0
v -0.061722215 0.057749998 0.0129
v -0.061722215 0.057749998 0.015600001
v -0.062563382 0.057639256 0.015600001
f 3457//3457 3458//3457 3459//3457
vn -0.70651275 -0.70651275 0.040980656
v -0.058907636 0.056125 0.0129
v -0.059424121 0.056798097 0.015600001
v -0.060097218 0.057314582 0.0129
f 3460//3460 3461//3460 3462//3460
vn -0.60876161 -0.7933532 0
v -0.060097218 0.057314582 0.0129
v -0.059424121 0.056798097 0.015600001
v -0.060097218 0.057314582 0.015600001
f 3463//3463 3464//3463 3465//3463
vn -0.38268089 -0.92388058 0
v -0.060097218 0.057314582 0.0129
v -0.060097218 0.057314582 0.015600001
v -0.060881056 0.057639256 0.015600001
f 3466//3466 3467//3466 3468//3466
vn -0.96511418 -0.25860247 0.040980902
v -0.058472216 0.054499999 0.0129
v -0.058582958 0.055341162 0.015600001
v -0.058907636 0.056125 0.0129
f 3469//3469 3470//3469 3471//3469
vn -0.92387903 -0.38268465 0
v -0.058907636 0.056125 0.0129
v -0.058582958 0.055341162 0.015600001
v -0.058907636 0.056125 0.015600001
f 3472//3472 3473//3472 3474//3472
vn -0.7933532 -0.60876161 0
v -0.058907636 0.056125 0.0129
v -0.058907636 0.056125 0.015600001
v -0.059424121 0.056798097 0.015600001
f 3475//3475 3476//3475 3477//3475
vn -0.96511418 0.25860247 0.040980902
v -0.058907636 0.052874997 0.0129
v -0.058582958 0.053658836 0.015600001
v -0.058472216 0.054499999 0.0129
f 3478//3478 3479//3478 3480//3478
vn -0.99144477 0.13052675 0
v -0.058472216 0.054499999 0.0129
v -0.058582958 0.053658836 0.015600001
v -0.058472216 0.054499999 0.015600001
f 3481//3481 3482//3481 3483//3481
vn -0.99144477 -0.13052675 0
v -0.058472216 0.054499999 0.0129
v -0.058472216 0.054499999 0.015600001
v -0.058582958 0.055341162 0.015600001
f 3484//3484 3485//3484 3486//3484
vn -0.70651275 0.70651275 0.040980656
v -0.060097218 0.051685415 0.0129
v -0.059424121 0.052201901 0.015600001
v -0.058907636 0.052874997 0.0129
f 3487//3487 3488//3487 3489//3487
vn -0.7933532 0.60876161 0
v -0.058907636 0.052874997 0.0129
v -0.059424121 0.052201901 0.015600001
v -0.058907636 0.052874997 0.015600001
f 3490//3490 3491//3490 3492//3490
vn -0.92387903 0.38268465 0
v -0.058907636 0.052874997 0.0129
v -0.058907636 0.052874997 0.015600001
v -0.058582958 0.053658836 0.015600001
f 3493//3493 3494//3493 3495//3493
vn -0.25860098 0.96511453 0.04098139
v -0.061722215 0.05125 0.0129
v -0.060881056 0.051360738 0.015600001
v -0.060097218 0.051685415 0.0129
f 3496//3496 3497//3496 3498//3496
vn -0.38268465 0.92387903 0
v -0.060097218 0.051685415 0.0129
v -0.060881056 0.051360738 0.015600001
v -0.060097218 0.051685415 0.015600001
f 3499//3499 3500//3499 3501//3499
vn -0.60876161 0.7933532 0
v -0.060097218 0.051685415 0.0129
v -0.060097218 0.051685415 0.015600001
v -0.059424121 0.052201901 0.015600001
f 3502//3502 3503//3502 3504//3502
vn 0.25860041 0.96511465 0.040981568
v -0.06334722 0.051685415 0.0129
v -0.062563382 0.051360738 0.015600001
v -0.061722215 0.05125 0.0129
f 3505//3505 3506//3505 3507//3505
vn 0.13052243 0.99144536 -0
v -0.061722215 0.05125 0.0129
v -0.062563382 0.051360738 0.015600001
v -0.061722215 0.05125 0.015600001
f 3508//3508 3509//3508 3510//3508
vn -0.130523 0.9914453 0
v -0.061722215 0.05125 0.0129
v -0.061722215 0.05125 0.015600001
v -0.060881056 0.051360738 0.015600001
f 3511//3511 3512//3511 3513//3511
vn 0.70651168 0.70651388 0.040980171
v -0.064536802 0.052874997 0.0129
v -0.064020313 0.052201901 0.015600001
v -0.06334722 0.051685415 0.0129
f 3514//3514 3515//3514 3516//3514
vn 0.60876161 0.7933532 -0
v -0.06334722 0.051685415 0.0129
v -0.064020313 0.052201901 0.015600001
v -0.06334722 0.051685415 0.015600001
f 3517//3517 3518//3517 3519//3517
vn 0.38268465 0.92387903 -0
v -0.06334722 0.051685415 0.0129
v -0.06334722 0.051685415 0.015600001
v -0.062563382 0.051360738 0.015600001
f 3520//3520 3521//3520 3522//3520
vn 0.99144536 -0.13052243 0
v -0.064861476 0.055341162 0.015600001
v -0.064972214 0.054499999 0.015600001
v -0.064972214 0.054499999 0.0129
f 3523//3523 3524//3523 3525//3523
vn 0.99144536 0.13052243 -0
v -0.064972214 0.054499999 0.0129
v -0.064972214 0.054499999 0.015600001
v -0.064861476 0.053658836 0.015600001
f 3526//3526 3527//3526 3528//3526
vn 0.96511525 0.25859836 0.040980902
v -0.064972214 0.054499999 0.0129
v -0.064861476 0.053658836 0.015600001
v -0.064536802 0.052874997 0.0129
f 3529//3529 3530//3529 3531//3529
vn 0.92388058 0.38268089 -0
v -0.064536802 0.052874997 0.0129
v -0.064861476 0.053658836 0.015600001
v -0.064536802 0.052874997 0.015600001
f 3532//3532 3533//3532 3534//3532
vn 0.79335111 0.60876435 -0
v -0.064536802 0.052874997 0.0129
v -0.064536802 0.052874997 0.015600001
v -0.064020313 0.052201901 0.015600001
f 3535//3535 3536//3535 3537//3535
vn 0.96592522 -0.25882134 0
v -0.053522218 0.069499999 0.0123
v -0.053522218 0.069499999 0.0088
v -0.053281061 0.0704 0.0123
f 3538//3538 3539//3538 3540//3538
vn 0.96592522 -0.25882134 0
v -0.053281061 0.0704 0.0123
v -0.053522218 0.069499999 0.0088
v -0.053281061 0.0704 0.0088
f 3541//3541 3542//3541 3543//3541
vn 0.7071088 -0.7071048 0
v -0.053281061 0.0704 0.0123
v -0.053281061 0.0704 0.0088
v -0.052622218 0.071058847 0.0123
f 3544//3544 3545//3544 3546//3544
vn 0.7071088 -0.7071048 0
v -0.052622218 0.071058847 0.0123
v -0.053281061 0.0704 0.0088
v -0.052622218 0.071058847 0.0088
f 3547//3547 3548//3547 3549//3547
vn 0.25881761 -0.96592623 0
v -0.052622218 0.071058847 0.0123
v -0.052622218 0.071058847 0.0088
v -0.051722217 0.0713 0.0123
f 3550//3550 3551//3550 3552//3550
vn 0.25881761 -0.96592623 0
v -0.051722217 0.0713 0.0123
v -0.052622218 0.071058847 0.0088
v -0.051722217 0.0713 0.0088
f 3553//3553 3554//3553 3555//3553
vn -0.25881761 -0.96592623 -0
v -0.051722217 0.0713 0.0123
v -0.051722217 0.0713 0.0088
v -0.050822217 0.071058847 0.0123
f 3556//3556 3557//3556 3558//3556
vn -0.25881761 -0.96592623 -0
v -0.050822217 0.071058847 0.0123
v -0.051722217 0.0713 0.0088
v -0.050822217 0.071058847 0.0088
f 3559//3559 3560//3559 3561//3559
vn -0.70710677 -0.70710677 -0
v -0.050822217 0.071058847 0.0123
v -0.050822217 0.071058847 0.0088
v -0.05016337 0.0704 0.0123
f 3562//3562 3563//3562 3564//3562
vn -0.70710677 -0.70710677 -0
v -0.05016337 0.0704 0.0123
v -0.050822217 0.071058847 0.0088
v -0.05016337 0.0704 0.0088
f 3565//3565 3566//3565 3567//3565
vn -0.96592623 -0.25881761 -0
v -0.05016337 0.0704 0.0123
v -0.05016337 0.0704 0.0088
v -0.049922217 0.069499999 0.0123
f 3568//3568 3569//3568 3570//3568
vn -0.96592623 -0.25881761 -0
v -0.049922217 0.069499999 0.0123
v -0.05016337 0.0704 0.0088
v -0.049922217 0.069499999 0.0088
f 3571//3571 3572//3571 3573//3571
vn -0.96592623 0.25881761 0
v -0.049922217 0.069499999 0.0123
v -0.049922217 0.069499999 0.0088
v -0.05016337 0.068599999 0.0123
f 3574//3574 3575//3574 3576//3574
vn -0.96592623 0.25881761 0
v -0.05016337 0.068599999 0.0123
v -0.049922217 0.069499999 0.0088
v -0.05016337 0.068599999 0.0088
f 3577//3577 3578//3577 3579//3577
vn -0.70710278 0.70711076 0
v -0.05016337 0.068599999 0.0123
v -0.05016337 0.068599999 0.0088
v -0.050822217 0.067941159 0.0123
f 3580//3580 3581//3580 3582//3580
vn -0.70710278 0.70711076 0
v -0.050822217 0.067941159 0.0123
v -0.05016337 0.068599999 0.0088
v -0.050822217 0.067941159 0.0088
f 3583//3583 3584//3583 3585//3583
vn -0.25882509 0.9659242 0
v -0.050822217 0.067941159 0.0123
v -0.050822217 0.067941159 0.0088
v -0.051722217 0.067699999 0.0123
f 3586//3586 3587//3586 3588//3586
vn -0.25882509 0.9659242 0
v -0.051722217 0.067699999 0.0123
v -0.050822217 0.067941159 0.0088
v -0.051722217 0.067699999 0.0088
f 3589//3589 3590//3589 3591//3589
vn 0.25882509 0.9659242 0
v -0.051722217 0.067699999 0.0123
v -0.051722217 0.067699999 0.0088
v -0.052622218 0.067941159 0.0123
f 3592//3592 3593//3592 3594//3592
vn 0.25882509 0.9659242 0
v -0.052622218 0.067941159 0.0123
v -0.051722217 0.067699999 0.0088
v -0.052622218 0.067941159 0.0088
f 3595//3595 3596//3595 3597//3595
vn 0.7071048 0.7071088 0
v -0.052622218 0.067941159 0.0123
v -0.052622218 0.067941159 0.0088
v -0.053281061 0.068599999 0.0123
f 3598//3598 3599//3598 3600//3598
vn 0.7071048 0.7071088 0
v -0.053281061 0.068599999 0.0123
v -0.052622218 0.067941159 0.0088
v -0.053281061 0.068599999 0.0088
f 3601//3601 3602//3601 3603//3601
vn 0.96592522 0.25882134 0
v -0.053281061 0.068599999 0.0123
v -0.053281061 0.068599999 0.0088
v -0.053522218 0.069499999 0.0123
f 3604//3604 3605//3604 3606//3604
vn 0.96592522 0.25882134 0
v -0.053522218 0.069499999 0.0123
v -0.053281061 0.068599999 0.0088
v -0.053522218 0.069499999 0.0088
f 3607//3607 3608//3607 3609//3607
vn 0 0 1
v -0.053800676 0.068300001 0.0129
v -0.054536801 0.067875005 0.0129
v -0.052922215 0.067421541 0.0129
f 3610//3610 3611//3610 3612//3610
vn 0 0 1
v -0.052922215 0.067421541 0.0129
v -0.054536801 0.067875005 0.0129
v -0.053347215 0.066685416 0.0129
f 3613//3613 3614//3613 3615//3613
vn 0 0 1
v -0.052922215 0.067421541 0.0129
v -0.053347215 0.066685416 0.0129
v -0.051722217 0.067100003 0.0129
f 3616//3616 3617//3616 3618//3616
vn 0 0 1
v -0.051722217 0.067100003 0.0129
v -0.053347215 0.066685416 0.0129
v -0.051722217 0.066250004 0.0129
f 3619//3619 3620//3619 3621//3619
vn -0 0 1
v -0.051722217 0.067100003 0.0129
v -0.051722217 0.066250004 0.0129
v -0.050522216 0.067421541 0.0129
f 3622//3622 3623//3622 3624//3622
vn 0 0 1
v -0.050522216 0.067421541 0.0129
v -0.051722217 0.066250004 0.0129
v -0.050097216 0.066685416 0.0129
f 3625//3625 3626//3625 3627//3625
vn -0 0 1
v -0.050522216 0.067421541 0.0129
v -0.050097216 0.066685416 0.0129
v -0.049643755 0.068300001 0.0129
f 3628//3628 3629//3628 3630//3628
vn 0 0 1
v -0.049643755 0.068300001 0.0129
v -0.050097216 0.066685416 0.0129
v -0.048907634 0.067875005 0.0129
f 3631//3631 3632//3631 3633//3631
vn -0 0 1
v -0.049643755 0.068300001 0.0129
v -0.048907634 0.067875005 0.0129
v -0.049322218 0.069499999 0.0129
f 3634//3634 3635//3634 3636//3634
vn -0 0 1
v -0.049322218 0.069499999 0.0129
v -0.048907634 0.067875005 0.0129
v -0.048472218 0.069499999 0.0129
f 3637//3637 3638//3637 3639//3637
vn 0 -0 1
v -0.049322218 0.069499999 0.0129
v -0.048472218 0.069499999 0.0129
v -0.049643755 0.070700005 0.0129
f 3640//3640 3641//3640 3642//3640
vn -0 0 1
v -0.049643755 0.070700005 0.0129
v -0.048472218 0.069499999 0.0129
v -0.048907634 0.071125001 0.0129
f 3643//3643 3644//3643 3645//3643
vn 0 -0 1
v -0.049643755 0.070700005 0.0129
v -0.048907634 0.071125001 0.0129
v -0.050522216 0.071578465 0.0129
f 3646//3646 3647//3646 3648//3646
vn -0 0 1
v -0.050522216 0.071578465 0.0129
v -0.048907634 0.071125001 0.0129
v -0.050097216 0.072314583 0.0129
f 3649//3649 3650//3649 3651//3649
vn 0 -0 1
v -0.050522216 0.071578465 0.0129
v -0.050097216 0.072314583 0.0129
v -0.051722217 0.071900003 0.0129
f 3652//3652 3653//3652 3654//3652
vn 0 0 1
v -0.051722217 0.071900003 0.0129
v -0.050097216 0.072314583 0.0129
v -0.051722217 0.072750002 0.0129
f 3655//3655 3656//3655 3657//3655
vn 0 -0 1
v -0.051722217 0.071900003 0.0129
v -0.051722217 0.072750002 0.0129
v -0.052922215 0.071578465 0.0129
f 3658//3658 3659//3658 3660//3658
vn 0 -0 1
v -0.052922215 0.071578465 0.0129
v -0.051722217 0.072750002 0.0129
v -0.053347215 0.072314583 0.0129
f 3661//3661 3662//3661 3663//3661
vn 0 0 1
v -0.052922215 0.071578465 0.0129
v -0.053347215 0.072314583 0.0129
v -0.053800676 0.070700005 0.0129
f 3664//3664 3665//3664 3666//3664
vn 0 -0 1
v -0.053800676 0.070700005 0.0129
v -0.053347215 0.072314583 0.0129
v -0.054536801 0.071125001 0.0129
f 3667//3667 3668//3667 3669//3667
vn 0 0 1
v -0.053800676 0.070700005 0.0129
v -0.054536801 0.071125001 0.0129
v -0.054122217 0.069499999 0.0129
f 3670//3670 3671//3670 3672//3670
vn 0 0 1
v -0.054122217 0.069499999 0.0129
v -0.054536801 0.071125001 0.0129
v -0.054972216 0.069499999 0.0129
f 3673//3673 3674//3673 3675//3673
vn 0 0 1
v -0.054122217 0.069499999 0.0129
v -0.054972216 0.069499999 0.0129
v -0.053800676 0.068300001 0.0129
f 3676//3676 3677//3676 3678//3676
vn 0 0 1
v -0.053800676 0.068300001 0.0129
v -0.054972216 0.069499999 0.0129
v -0.054536801 0.067875005 0.0129
f 3679//3679 3680//3679 3681//3679
vn 0.96511471 -0.25860041 0.040980238
v -0.054861475 0.070341162 0.015600001
v -0.054972216 0.069499999 0.0129
v -0.054536801 0.071125001 0.0129
f 3682//3682 3683//3682 3684//3682
vn 0.70651162 -0.70651382 0.040982116
v -0.053347215 0.072314583 0.0129
v -0.054020315 0.071798101 0.015600001
v -0.054536801 0.071125001 0.0129
f 3685//3685 3686//3685 3687//3685
vn 0.79335487 -0.60875946 0
v -0.054536801 0.071125001 0.0129
v -0.054020315 0.071798101 0.015600001
v -0.054536801 0.071125001 0.015600001
f 3688//3688 3689//3688 3690//3688
vn 0.92388058 -0.38268089 0
v -0.054536801 0.071125001 0.0129
v -0.054536801 0.071125001 0.015600001
v -0.054861475 0.070341162 0.015600001
f 3691//3691 3692//3691 3693//3691
vn 0.25860304 -0.96511394 0.040982056
v -0.051722217 0.072750002 0.0129
v -0.052563377 0.072639264 0.015600001
v -0.053347215 0.072314583 0.0129
f 3694//3694 3695//3694 3696//3694
vn 0.3826884 -0.92387748 0
v -0.053347215 0.072314583 0.0129
v -0.052563377 0.072639264 0.015600001
v -0.053347215 0.072314583 0.015600001
f 3697//3697 3698//3697 3699//3697
vn 0.60875672 -0.79335696 0
v -0.053347215 0.072314583 0.0129
v -0.053347215 0.072314583 0.015600001
v -0.054020315 0.071798101 0.015600001
f 3700//3700 3701//3700 3702//3700
vn -0.25860247 -0.96511412 0.040982231
v -0.050097216 0.072314583 0.0129
v -0.050881054 0.072639264 0.015600001
v -0.051722217 0.072750002 0.0129
f 3703//3703 3704//3703 3705//3703
vn -0.13052243 -0.99144536 0
v -0.051722217 0.072750002 0.0129
v -0.050881054 0.072639264 0.015600001
v -0.051722217 0.072750002 0.015600001
f 3706//3706 3707//3706 3708//3706
vn 0.130523 -0.9914453 0
v -0.051722217 0.072750002 0.0129
v -0.051722217 0.072750002 0.015600001
v -0.052563377 0.072639264 0.015600001
f 3709//3709 3710//3709 3711//3709
vn -0.70651275 -0.70651275 0.040981632
v -0.048907634 0.071125001 0.0129
v -0.049424119 0.071798101 0.015600001
v -0.050097216 0.072314583 0.0129
f 3712//3712 3713//3712 3714//3712
vn -0.60875881 -0.79335535 0
v -0.050097216 0.072314583 0.0129
v -0.049424119 0.071798101 0.015600001
v -0.050097216 0.072314583 0.015600001
f 3715//3715 3716//3715 3717//3715
vn -0.3826884 -0.92387748 0
v -0.050097216 0.072314583 0.0129
v -0.050097216 0.072314583 0.015600001
v -0.050881054 0.072639264 0.015600001
f 3718//3718 3719//3718 3720//3718
vn -0.96511465 -0.25860041 0.040981568
v -0.048472218 0.069499999 0.0129
v -0.048582956 0.070341162 0.015600001
v -0.048907634 0.071125001 0.0129
f 3721//3721 3722//3721 3723//3721
vn -0.92387903 -0.38268465 0
v -0.048907634 0.071125001 0.0129
v -0.048582956 0.070341162 0.015600001
v -0.048907634 0.071125001 0.015600001
f 3724//3724 3725//3724 3726//3724
vn -0.79335487 -0.60875946 0
v -0.048907634 0.071125001 0.0129
v -0.048907634 0.071125001 0.015600001
v -0.049424119 0.071798101 0.015600001
f 3727//3727 3728//3727 3729//3727
vn -0.96511441 0.25860152 0.040981211
v -0.048907634 0.067875005 0.0129
v -0.048582956 0.068658844 0.015600001
v -0.048472218 0.069499999 0.0129
f 3730//3730 3731//3730 3732//3730
vn -0.99144518 0.13052358 0
v -0.048472218 0.069499999 0.0129
v -0.048582956 0.068658844 0.015600001
v -0.048472218 0.069499999 0.015600001
f 3733//3733 3734//3733 3735//3733
vn -0.99144536 -0.13052243 0
v -0.048472218 0.069499999 0.0129
v -0.048472218 0.069499999 0.015600001
v -0.048582956 0.070341162 0.015600001
f 3736//3736 3737//3736 3738//3736
vn -0.70651495 0.70651054 0.040980656
v -0.050097216 0.066685416 0.0129
v -0.049424119 0.067201905 0.015600001
v -0.048907634 0.067875005 0.0129
f 3739//3739 3740//3739 3741//3739
vn -0.79335487 0.60875946 0
v -0.048907634 0.067875005 0.0129
v -0.049424119 0.067201905 0.015600001
v -0.048907634 0.067875005 0.015600001
f 3742//3742 3743//3742 3744//3742
vn -0.92387903 0.38268465 0
v -0.048907634 0.067875005 0.0129
v -0.048907634 0.067875005 0.015600001
v -0.048582956 0.068658844 0.015600001
f 3745//3745 3746//3745 3747//3745
vn -0.25859836 0.96511525 0.040980902
v -0.051722217 0.066250004 0.0129
v -0.050881054 0.066360742 0.015600001
v -0.050097216 0.066685416 0.0129
f 3748//3748 3749//3748 3750//3748
vn -0.38268089 0.92388058 0
v -0.050097216 0.066685416 0.0129
v -0.050881054 0.066360742 0.015600001
v -0.050097216 0.066685416 0.015600001
f 3751//3751 3752//3751 3753//3751
vn -0.60876435 0.79335111 0
v -0.050097216 0.066685416 0.0129
v -0.050097216 0.066685416 0.015600001
v -0.049424119 0.067201905 0.015600001
f 3754//3754 3755//3754 3756//3754
vn 0.25859892 0.96511513 0.040980726
v -0.053347215 0.066685416 0.0129
v -0.052563377 0.066360742 0.015600001
v -0.051722217 0.066250004 0.0129
f 3757//3757 3758//3757 3759//3757
vn 0.130523 0.9914453 -0
v -0.051722217 0.066250004 0.0129
v -0.052563377 0.066360742 0.015600001
v -0.051722217 0.066250004 0.015600001
f 3760//3760 3761//3760 3762//3760
vn -0.13052243 0.99144536 0
v -0.051722217 0.066250004 0.0129
v -0.051722217 0.066250004 0.015600001
v -0.050881054 0.066360742 0.015600001
f 3763//3763 3764//3763 3765//3763
vn 0.70651388 0.70651168 0.040981144
v -0.054536801 0.067875005 0.0129
v -0.054020315 0.067201905 0.015600001
v -0.053347215 0.066685416 0.0129
f 3766//3766 3767//3766 3768//3766
vn 0.6087622 0.79335272 -0
v -0.053347215 0.066685416 0.0129
v -0.054020315 0.067201905 0.015600001
v -0.053347215 0.066685416 0.015600001
f 3769//3769 3770//3769 3771//3769
vn 0.38268089 0.92388058 -0
v -0.053347215 0.066685416 0.0129
v -0.053347215 0.066685416 0.015600001
v -0.052563377 0.066360742 0.015600001
f 3772//3772 3773//3772 3774//3772
vn 0.99144477 -0.13052675 0
v -0.054861475 0.070341162 0.015600001
v -0.054972216 0.069499999 0.015600001
v -0.054972216 0.069499999 0.0129
f 3775//3775 3776//3775 3777//3775
vn 0.99144465 0.13052788 -0
v -0.054972216 0.069499999 0.0129
v -0.054972216 0.069499999 0.015600001
v -0.054861475 0.068658844 0.015600001
f 3778//3778 3779//3778 3780//3778
vn 0.96511447 0.25860155 0.040979881
v -0.054972216 0.069499999 0.0129
v -0.054861475 0.068658844 0.015600001
v -0.054536801 0.067875005 0.0129
f 3781//3781 3782//3781 3783//3781
vn 0.92388058 0.38268089 -0
v -0.054536801 0.067875005 0.0129
v -0.054861475 0.068658844 0.015600001
v -0.054536801 0.067875005 0.015600001
f 3784//3784 3785//3784 3786//3784
vn 0.79335487 0.60875946 -0
v -0.054536801 0.067875005 0.0129
v -0.054536801 0.067875005 0.015600001
v -0.054020315 0.067201905 0.015600001
f 3787//3787 3788//3787 3789//3787
vn 0.96592623 -0.25881761 0
v -0.048522215 0.083500005 0.0126
v -0.048522215 0.083500005 0.0103
v -0.048281062 0.084400006 0.0126
f 3790//3790 3791//3790 3792//3790
vn 0.96592623 -0.25881761 0
v -0.048281062 0.084400006 0.0126
v -0.048522215 0.083500005 0.0103
v -0.048281062 0.084400006 0.0103
f 3793//3793 3794//3793 3795//3793
vn 0.70710278 -0.70711076 0
v -0.048281062 0.084400006 0.0126
v -0.048281062 0.084400006 0.0103
v -0.047622215 0.085058846 0.0126
f 3796//3796 3797//3796 3798//3796
vn 0.70710278 -0.70711076 0
v -0.047622215 0.085058846 0.0126
v -0.048281062 0.084400006 0.0103
v -0.047622215 0.085058846 0.0103
f 3799//3799 3800//3799 3801//3799
vn 0.25881863 -0.96592593 0
v -0.047622215 0.085058846 0.0126
v -0.047622215 0.085058846 0.0103
v -0.046722218 0.085299999 0.0126
f 3802//3802 3803//3802 3804//3802
vn 0.25881863 -0.96592593 0
v -0.046722218 0.085299999 0.0126
v -0.047622215 0.085058846 0.0103
v -0.046722218 0.085299999 0.0103
f 3805//3805 3806//3805 3807//3805
vn -0.25881761 -0.96592623 -0
v -0.046722218 0.085299999 0.0126
v -0.046722218 0.085299999 0.0103
v -0.045822218 0.085058846 0.0126
f 3808//3808 3809//3808 3810//3808
vn -0.25881761 -0.96592623 -0
v -0.045822218 0.085058846 0.0126
v -0.046722218 0.085299999 0.0103
v -0.045822218 0.085058846 0.0103
f 3811//3811 3812//3811 3813//3811
vn -0.70710278 -0.70711076 -0
v -0.045822218 0.085058846 0.0126
v -0.045822218 0.085058846 0.0103
v -0.045163371 0.084400006 0.0126
f 3814//3814 3815//3814 3816//3814
vn -0.70710278 -0.70711076 -0
v -0.045163371 0.084400006 0.0126
v -0.045822218 0.085058846 0.0103
v -0.045163371 0.084400006 0.0103
f 3817//3817 3818//3817 3819//3817
vn -0.96592623 -0.25881761 -0
v -0.045163371 0.084400006 0.0126
v -0.045163371 0.084400006 0.0103
v -0.044922218 0.083500005 0.0126
f 3820//3820 3821//3820 3822//3820
vn -0.96592623 -0.25881761 -0
v -0.044922218 0.083500005 0.0126
v -0.045163371 0.084400006 0.0103
v -0.044922218 0.083500005 0.0103
f 3823//3823 3824//3823 3825//3823
vn -0.96592623 0.25881761 0
v -0.044922218 0.083500005 0.0126
v -0.044922218 0.083500005 0.0103
v -0.045163371 0.082600005 0.0126
f 3826//3826 3827//3826 3828//3826
vn -0.96592623 0.25881761 0
v -0.045163371 0.082600005 0.0126
v -0.044922218 0.083500005 0.0103
v -0.045163371 0.082600005 0.0103
f 3829//3829 3830//3829 3831//3829
vn -0.70710677 0.70710677 0
v -0.045163371 0.082600005 0.0126
v -0.045163371 0.082600005 0.0103
v -0.045822218 0.081941158 0.0126
f 3832//3832 3833//3832 3834//3832
vn -0.70710677 0.70710677 0
v -0.045822218 0.081941158 0.0126
v -0.045163371 0.082600005 0.0103
v -0.045822218 0.081941158 0.0103
f 3835//3835 3836//3835 3837//3835
vn -0.25881761 0.96592623 0
v -0.045822218 0.081941158 0.0126
v -0.045822218 0.081941158 0.0103
v -0.046722218 0.081700005 0.0126
f 3838//3838 3839//3838 3840//3838
vn -0.25881761 0.96592623 0
v -0.046722218 0.081700005 0.0126
v -0.045822218 0.081941158 0.0103
v -0.046722218 0.081700005 0.0103
f 3841//3841 3842//3841 3843//3841
vn 0.25881863 0.96592593 0
v -0.046722218 0.081700005 0.0126
v -0.046722218 0.081700005 0.0103
v -0.047622215 0.081941158 0.0126
f 3844//3844 3845//3844 3846//3844
vn 0.25881863 0.96592593 0
v -0.047622215 0.081941158 0.0126
v -0.046722218 0.081700005 0.0103
v -0.047622215 0.081941158 0.0103
f 3847//3847 3848//3847 3849//3847
vn 0.70710677 0.70710677 0
v -0.047622215 0.081941158 0.0126
v -0.047622215 0.081941158 0.0103
v -0.048281062 0.082600005 0.0126
f 3850//3850 3851//3850 3852//3850
vn 0.70710677 0.70710677 0
v -0.048281062 0.082600005 0.0126
v -0.047622215 0.081941158 0.0103
v -0.048281062 0.082600005 0.0103
f 3853//3853 3854//3853 3855//3853
vn 0.96592623 0.25881761 0
v -0.048281062 0.082600005 0.0126
v -0.048281062 0.082600005 0.0103
v -0.048522215 0.083500005 0.0126
f 3856//3856 3857//3856 3858//3856
vn 0.96592623 0.25881761 0
v -0.048522215 0.083500005 0.0126
v -0.048281062 0.082600005 0.0103
v -0.048522215 0.083500005 0.0103
f 3859//3859 3860//3859 3861//3859
vn 0 0 1
v -0.048800677 0.0823 0.0132
v -0.049536798 0.081875004 0.0132
v -0.047922216 0.081421539 0.0132
f 3862//3862 3863//3862 3864//3862
vn 0 0 1
v -0.047922216 0.081421539 0.0132
v -0.049536798 0.081875004 0.0132
v -0.048347216 0.080685422 0.0132
f 3865//3865 3866//3865 3867//3865
vn 0 0 1
v -0.047922216 0.081421539 0.0132
v -0.048347216 0.080685422 0.0132
v -0.046722218 0.081100002 0.0132
f 3868//3868 3869//3868 3870//3868
vn 0 0 1
v -0.046722218 0.081100002 0.0132
v -0.048347216 0.080685422 0.0132
v -0.046722218 0.080250002 0.0132
f 3871//3871 3872//3871 3873//3871
vn -0 0 1
v -0.046722218 0.081100002 0.0132
v -0.046722218 0.080250002 0.0132
v -0.045522217 0.081421539 0.0132
f 3874//3874 3875//3874 3876//3874
vn 0 0 1
v -0.045522217 0.081421539 0.0132
v -0.046722218 0.080250002 0.0132
v -0.045097217 0.080685422 0.0132
f 3877//3877 3878//3877 3879//3877
vn -0 0 1
v -0.045522217 0.081421539 0.0132
v -0.045097217 0.080685422 0.0132
v -0.044643756 0.0823 0.0132
f 3880//3880 3881//3880 3882//3880
vn 0 0 1
v -0.044643756 0.0823 0.0132
v -0.045097217 0.080685422 0.0132
v -0.043907635 0.081875004 0.0132
f 3883//3883 3884//3883 3885//3883
vn -0 0 1
v -0.044643756 0.0823 0.0132
v -0.043907635 0.081875004 0.0132
v -0.044322215 0.083500005 0.0132
f 3886//3886 3887//3886 3888//3886
vn -0 0 1
v -0.044322215 0.083500005 0.0132
v -0.043907635 0.081875004 0.0132
v -0.043472216 0.083500005 0.0132
f 3889//3889 3890//3889 3891//3889
vn 0 -0 1
v -0.044322215 0.083500005 0.0132
v -0.043472216 0.083500005 0.0132
v -0.044643756 0.084700003 0.0132
f 3892//3892 3893//3892 3894//3892
vn -0 0 1
v -0.044643756 0.084700003 0.0132
v -0.043472216 0.083500005 0.0132
v -0.043907635 0.085124999 0.0132
f 3895//3895 3896//3895 3897//3895
vn 0 -0 1
v -0.044643756 0.084700003 0.0132
v -0.043907635 0.085124999 0.0132
v -0.045522217 0.085578464 0.0132
f 3898//3898 3899//3898 3900//3898
vn -0 0 1
v -0.045522217 0.085578464 0.0132
v -0.043907635 0.085124999 0.0132
v -0.045097217 0.086314581 0.0132
f 3901//3901 3902//3901 3903//3901
vn 0 -0 1
v -0.045522217 0.085578464 0.0132
v -0.045097217 0.086314581 0.0132
v -0.046722218 0.085900001 0.0132
f 3904//3904 3905//3904 3906//3904
vn 0 0 1
v -0.046722218 0.085900001 0.0132
v -0.045097217 0.086314581 0.0132
v -0.046722218 0.086750001 0.0132
f 3907//3907 3908//3907 3909//3907
vn 0 -0 1
v -0.046722218 0.085900001 0.0132
v -0.046722218 0.086750001 0.0132
v -0.047922216 0.085578464 0.0132
f 3910//3910 3911//3910 3912//3910
vn 0 -0 1
v -0.047922216 0.085578464 0.0132
v -0.046722218 0.086750001 0.0132
v -0.048347216 0.086314581 0.0132
f 3913//3913 3914//3913 3915//3913
vn 0 0 1
v -0.047922216 0.085578464 0.0132
v -0.048347216 0.086314581 0.0132
v -0.048800677 0.084700003 0.0132
f 3916//3916 3917//3916 3918//3916
vn 0 -0 1
v -0.048800677 0.084700003 0.0132
v -0.048347216 0.086314581 0.0132
v -0.049536798 0.085124999 0.0132
f 3919//3919 3920//3919 3921//3919
vn 0 0 1
v -0.048800677 0.084700003 0.0132
v -0.049536798 0.085124999 0.0132
v -0.049122218 0.083500005 0.0132
f 3922//3922 3923//3922 3924//3922
vn 0 0 1
v -0.049122218 0.083500005 0.0132
v -0.049536798 0.085124999 0.0132
v -0.049972218 0.083500005 0.0132
f 3925//3925 3926//3925 3927//3925
vn 0 0 1
v -0.049122218 0.083500005 0.0132
v -0.049972218 0.083500005 0.0132
v -0.048800677 0.0823 0.0132
f 3928//3928 3929//3928 3930//3928
vn 0 0 1
v -0.048800677 0.0823 0.0132
v -0.049972218 0.083500005 0.0132
v -0.049536798 0.081875004 0.0132
f 3931//3931 3932//3931 3933//3931
vn 0.96489865 -0.25854594 0.046092842
v -0.049861476 0.084341161 0.015600001
v -0.049972218 0.083500005 0.0132
v -0.049536798 0.085124999 0.0132
f 3934//3934 3935//3934 3936//3934
vn 0.70635521 -0.70635521 0.04609406
v -0.048347216 0.086314581 0.0132
v -0.049020313 0.0857981 0.015600001
v -0.049536798 0.085124999 0.0132
f 3937//3937 3938//3937 3939//3937
vn 0.79335487 -0.60875946 0
v -0.049536798 0.085124999 0.0132
v -0.049020313 0.0857981 0.015600001
v -0.049536798 0.085124999 0.015600001
f 3940//3940 3941//3940 3942//3940
vn 0.92387903 -0.38268465 0
v -0.049536798 0.085124999 0.0132
v -0.049536798 0.085124999 0.015600001
v -0.049861476 0.084341161 0.015600001
f 3943//3943 3944//3943 3945//3943
vn 0.25854537 -0.96489877 0.046094537
v -0.046722218 0.086750001 0.0132
v -0.047563378 0.086639263 0.015600001
v -0.048347216 0.086314581 0.0132
f 3946//3946 3947//3946 3948//3946
vn 0.3826884 -0.92387748 0
v -0.048347216 0.086314581 0.0132
v -0.047563378 0.086639263 0.015600001
v -0.048347216 0.086314581 0.015600001
f 3949//3949 3950//3949 3951//3949
vn 0.60875881 -0.79335535 0
v -0.048347216 0.086314581 0.0132
v -0.048347216 0.086314581 0.015600001
v -0.049020313 0.0857981 0.015600001
f 3952//3952 3953//3952 3954//3952
vn -0.2585448 -0.96489888 0.046094738
v -0.045097217 0.086314581 0.0132
v -0.045881055 0.086639263 0.015600001
v -0.046722218 0.086750001 0.0132
f 3955//3955 3956//3955 3957//3955
vn -0.13052243 -0.99144536 0
v -0.046722218 0.086750001 0.0132
v -0.045881055 0.086639263 0.015600001
v -0.046722218 0.086750001 0.015600001
f 3958//3958 3959//3958 3960//3958
vn 0.130523 -0.9914453 0
v -0.046722218 0.086750001 0.0132
v -0.046722218 0.086750001 0.015600001
v -0.047563378 0.086639263 0.015600001
f 3961//3961 3962//3961 3963//3961
vn -0.70635521 -0.70635521 0.04609406
v -0.043907635 0.085124999 0.0132
v -0.04442412 0.0857981 0.015600001
v -0.045097217 0.086314581 0.0132
f 3964//3964 3965//3964 3966//3964
vn -0.60875881 -0.79335535 0
v -0.045097217 0.086314581 0.0132
v -0.04442412 0.0857981 0.015600001
v -0.045097217 0.086314581 0.015600001
f 3967//3967 3968//3967 3969//3967
vn -0.3826884 -0.92387748 0
v -0.045097217 0.086314581 0.0132
v -0.045097217 0.086314581 0.015600001
v -0.045881055 0.086639263 0.015600001
f 3970//3970 3971//3970 3972//3970
vn -0.96489865 -0.25854594 0.046092842
v -0.043472216 0.083500005 0.0132
v -0.043582957 0.084341161 0.015600001
v -0.043907635 0.085124999 0.0132
f 3973//3973 3974//3973 3975//3973
vn -0.92387903 -0.38268465 0
v -0.043907635 0.085124999 0.0132
v -0.043582957 0.084341161 0.015600001
v -0.043907635 0.085124999 0.015600001
f 3976//3976 3977//3976 3978//3976
vn -0.79335487 -0.60875946 0
v -0.043907635 0.085124999 0.0132
v -0.043907635 0.085124999 0.015600001
v -0.04442412 0.0857981 0.015600001
f 3979//3979 3980//3979 3981//3979
vn -0.96489894 0.25854483 0.046093244
v -0.043907635 0.081875004 0.0132
v -0.043582957 0.082658842 0.015600001
v -0.043472216 0.083500005 0.0132
f 3982//3982 3983//3982 3984//3982
vn -0.99144477 0.13052675 0
v -0.043472216 0.083500005 0.0132
v -0.043582957 0.082658842 0.015600001
v -0.043472216 0.083500005 0.015600001
f 3985//3985 3986//3985 3987//3985
vn -0.99144465 -0.13052788 0
v -0.043472216 0.083500005 0.0132
v -0.043472216 0.083500005 0.015600001
v -0.043582957 0.084341161 0.015600001
f 3988//3988 3989//3988 3990//3988
vn -0.70635521 0.70635521 0.04609406
v -0.045097217 0.080685422 0.0132
v -0.04442412 0.081201904 0.015600001
v -0.043907635 0.081875004 0.0132
f 3991//3991 3992//3991 3993//3991
vn -0.79335487 0.60875946 0
v -0.043907635 0.081875004 0.0132
v -0.04442412 0.081201904 0.015600001
v -0.043907635 0.081875004 0.015600001
f 3994//3994 3995//3994 3996//3994
vn -0.92387903 0.38268465 0
v -0.043907635 0.081875004 0.0132
v -0.043907635 0.081875004 0.015600001
v -0.043582957 0.082658842 0.015600001
f 3997//3997 3998//3997 3999//3997
vn -0.2585448 0.96489888 0.046094738
v -0.046722218 0.080250002 0.0132
v -0.045881055 0.08036074 0.015600001
v -0.045097217 0.080685422 0.0132
f 4000//4000 4001//4000 4002//4000
vn -0.3826884 0.92387748 0
v -0.045097217 0.080685422 0.0132
v -0.045881055 0.08036074 0.015600001
v -0.045097217 0.080685422 0.015600001
f 4003//4003 4004//4003 4005//4003
vn -0.60875881 0.79335535 0
v -0.045097217 0.080685422 0.0132
v -0.045097217 0.080685422 0.015600001
v -0.04442412 0.081201904 0.015600001
f 4006//4006 4007//4006 4008//4006
vn 0.25854537 0.96489877 0.046094537
v -0.048347216 0.080685422 0.0132
v -0.047563378 0.08036074 0.015600001
v -0.046722218 0.080250002 0.0132
f 4009//4009 4010//4009 4011//4009
vn 0.130523 0.9914453 -0
v -0.046722218 0.080250002 0.0132
v -0.047563378 0.08036074 0.015600001
v -0.046722218 0.080250002 0.015600001
f 4012//4012 4013//4012 4014//4012
vn -0.13052243 0.99144536 0
v -0.046722218 0.080250002 0.0132
v -0.046722218 0.080250002 0.015600001
v -0.045881055 0.08036074 0.015600001
f 4015//4015 4016//4015 4017//4015
vn 0.70635521 0.70635521 0.04609406
v -0.049536798 0.081875004 0.0132
v -0.049020313 0.081201904 0.015600001
v -0.048347216 0.080685422 0.0132
f 4018//4018 4019//4018 4020//4018
vn 0.60875881 0.79335535 -0
v -0.048347216 0.080685422 0.0132
v -0.049020313 0.081201904 0.015600001
v -0.048347216 0.080685422 0.015600001
f 4021//4021 4022//4021 4023//4021
vn 0.3826884 0.92387748 -0
v -0.048347216 0.080685422 0.0132
v -0.048347216 0.080685422 0.015600001
v -0.047563378 0.08036074 0.015600001
f 4024//4024 4025//4024 4026//4024
vn 0.99144465 -0.13052788 0
v -0.049861476 0.084341161 0.015600001
v -0.049972218 0.083500005 0.015600001
v -0.049972218 0.083500005 0.0132
f 4027//4027 4028//4027 4029//4027
vn 0.99144477 0.13052675 -0
v -0.049972218 0.083500005 0.0132
v -0.049972218 0.083500005 0.015600001
v -0.049861476 0.082658842 0.015600001
f 4030//4030 4031//4030 4032//4030
vn 0.96489894 0.25854483 0.046093244
v -0.049972218 0.083500005 0.0132
v -0.049861476 0.082658842 0.015600001
v -0.049536798 0.081875004 0.0132
f 4033//4033 4034//4033 4035//4033
vn 0.92387903 0.38268465 -0
v -0.049536798 0.081875004 0.0132
v -0.049861476 0.082658842 0.015600001
v -0.049536798 0.081875004 0.015600001
f 4036//4036 4037//4036 4038//4036
vn 0.79335487 0.60875946 -0
v -0.049536798 0.081875004 0.0132
v -0.049536798 0.081875004 0.015600001
v -0.049020313 0.081201904 0.015600001
f 4039//4039 4040//4039 4041//4039
vn 0.96592623 -0.25881761 0
v -0.078518249 0.08398781 0.0126
v -0.078518249 0.08398781 0.0103
v -0.078277096 0.08488781 0.0126
f 4042//4042 4043//4042 4044//4042
vn 0.96592623 -0.25881761 0
v -0.078277096 0.08488781 0.0126
v -0.078518249 0.08398781 0.0103
v -0.078277096 0.08488781 0.0103
f 4045//4045 4046//4045 4047//4045
vn 0.70710278 -0.70711076 0
v -0.078277096 0.08488781 0.0126
v -0.078277096 0.08488781 0.0103
v -0.077618249 0.08554665 0.0126
f 4048//4048 4049//4048 4050//4048
vn 0.70710278 -0.70711076 0
v -0.077618249 0.08554665 0.0126
v -0.078277096 0.08488781 0.0103
v -0.077618249 0.08554665 0.0103
f 4051//4051 4052//4051 4053//4051
vn 0.25882509 -0.9659242 0
v -0.077618249 0.08554665 0.0126
v -0.077618249 0.08554665 0.0103
v -0.076718248 0.08578781 0.0126
f 4054//4054 4055//4054 4056//4054
vn 0.25882509 -0.9659242 0
v -0.076718248 0.08578781 0.0126
v -0.077618249 0.08554665 0.0103
v -0.076718248 0.08578781 0.0103
f 4057//4057 4058//4057 4059//4057
vn -0.25882509 -0.9659242 -0
v -0.076718248 0.08578781 0.0126
v -0.076718248 0.08578781 0.0103
v -0.075818248 0.08554665 0.0126
f 4060//4060 4061//4060 4062//4060
vn -0.25882509 -0.9659242 -0
v -0.075818248 0.08554665 0.0126
v -0.076718248 0.08578781 0.0103
v -0.075818248 0.08554665 0.0103
f 4063//4063 4064//4063 4065//4063
vn -0.70710677 -0.70710677 -0
v -0.075818248 0.08554665 0.0126
v -0.075818248 0.08554665 0.0103
v -0.075159408 0.08488781 0.0126
f 4066//4066 4067//4066 4068//4066
vn -0.70710677 -0.70710677 -0
v -0.075159408 0.08488781 0.0126
v -0.075818248 0.08554665 0.0103
v -0.075159408 0.08488781 0.0103
f 4069//4069 4070//4069 4071//4069
vn -0.9659242 -0.25882509 -0
v -0.075159408 0.08488781 0.0126
v -0.075159408 0.08488781 0.0103
v -0.074918248 0.08398781 0.0126
f 4072//4072 4073//4072 4074//4072
vn -0.9659242 -0.25882509 -0
v -0.074918248 0.08398781 0.0126
v -0.075159408 0.08488781 0.0103
v -0.074918248 0.08398781 0.0103
f 4075//4075 4076//4075 4077//4075
vn -0.9659242 0.25882509 0
v -0.074918248 0.08398781 0.0126
v -0.074918248 0.08398781 0.0103
v -0.075159408 0.083087809 0.0126
f 4078//4078 4079//4078 4080//4078
vn -0.9659242 0.25882509 0
v -0.075159408 0.083087809 0.0126
v -0.074918248 0.08398781 0.0103
v -0.075159408 0.083087809 0.0103
f 4081//4081 4082//4081 4083//4081
vn -0.70711076 0.70710278 0
v -0.075159408 0.083087809 0.0126
v -0.075159408 0.083087809 0.0103
v -0.075818248 0.082428962 0.0126
f 4084//4084 4085//4084 4086//4084
vn -0.70711076 0.70710278 0
v -0.075818248 0.082428962 0.0126
v -0.075159408 0.083087809 0.0103
v -0.075818248 0.082428962 0.0103
f 4087//4087 4088//4087 4089//4087
vn -0.25881761 0.96592623 0
v -0.075818248 0.082428962 0.0126
v -0.075818248 0.082428962 0.0103
v -0.076718248 0.082187809 0.0126
f 4090//4090 4091//4090 4092//4090
vn -0.25881761 0.96592623 0
v -0.076718248 0.082187809 0.0126
v -0.075818248 0.082428962 0.0103
v -0.076718248 0.082187809 0.0103
f 4093//4093 4094//4093 4095//4093
vn 0.25881761 0.96592623 0
v -0.076718248 0.082187809 0.0126
v -0.076718248 0.082187809 0.0103
v -0.077618249 0.082428962 0.0126
f 4096//4096 4097//4096 4098//4096
vn 0.25881761 0.96592623 0
v -0.077618249 0.082428962 0.0126
v -0.076718248 0.082187809 0.0103
v -0.077618249 0.082428962 0.0103
f 4099//4099 4100//4099 4101//4099
vn 0.70710677 0.70710677 0
v -0.077618249 0.082428962 0.0126
v -0.077618249 0.082428962 0.0103
v -0.078277096 0.083087809 0.0126
f 4102//4102 4103//4102 4104//4102
vn 0.70710677 0.70710677 0
v -0.078277096 0.083087809 0.0126
v -0.077618249 0.082428962 0.0103
v -0.078277096 0.083087809 0.0103
f 4105//4105 4106//4105 4107//4105
vn 0.96592623 0.25881761 0
v -0.078277096 0.083087809 0.0126
v -0.078277096 0.083087809 0.0103
v -0.078518249 0.08398781 0.0126
f 4108//4108 4109//4108 4110//4108
vn 0.96592623 0.25881761 0
v -0.078518249 0.08398781 0.0126
v -0.078277096 0.083087809 0.0103
v -0.078518249 0.08398781 0.0103
f 4111//4111 4112//4111 4113//4111
vn 0 0 1
v -0.077918254 0.086066268 0.0132
v -0.07834325 0.086802386 0.0132
v -0.078796715 0.085187808 0.0132
f 4114//4114 4115//4114 4116//4114
vn 0 -0 1
v -0.078796715 0.085187808 0.0132
v -0.07834325 0.086802386 0.0132
v -0.079532832 0.085612804 0.0132
f 4117//4117 4118//4117 4119//4117
vn 0 0 1
v -0.078796715 0.085187808 0.0132
v -0.079532832 0.085612804 0.0132
v -0.079118252 0.08398781 0.0132
f 4120//4120 4121//4120 4122//4120
vn 0 0 1
v -0.079118252 0.08398781 0.0132
v -0.079532832 0.085612804 0.0132
v -0.079968251 0.08398781 0.0132
f 4123//4123 4124//4123 4125//4123
vn 0 0 1
v -0.079118252 0.08398781 0.0132
v -0.079968251 0.08398781 0.0132
v -0.078796715 0.082787804 0.0132
f 4126//4126 4127//4126 4128//4126
vn 0 0 1
v -0.078796715 0.082787804 0.0132
v -0.079968251 0.08398781 0.0132
v -0.079532832 0.082362808 0.0132
f 4129//4129 4130//4129 4131//4129
vn 0 0 1
v -0.078796715 0.082787804 0.0132
v -0.079532832 0.082362808 0.0132
v -0.077918254 0.081909344 0.0132
f 4132//4132 4133//4132 4134//4132
vn 0 0 1
v -0.077918254 0.081909344 0.0132
v -0.079532832 0.082362808 0.0132
v -0.07834325 0.081173226 0.0132
f 4135//4135 4136//4135 4137//4135
vn 0 0 1
v -0.077918254 0.081909344 0.0132
v -0.07834325 0.081173226 0.0132
v -0.076718248 0.081587806 0.0132
f 4138//4138 4139//4138 4140//4138
vn 0 0 1
v -0.076718248 0.081587806 0.0132
v -0.07834325 0.081173226 0.0132
v -0.076718248 0.080737807 0.0132
f 4141//4141 4142//4141 4143//4141
vn -0 0 1
v -0.076718248 0.081587806 0.0132
v -0.076718248 0.080737807 0.0132
v -0.07551825 0.081909344 0.0132
f 4144//4144 4145//4144 4146//4144
vn 0 0 1
v -0.07551825 0.081909344 0.0132
v -0.076718248 0.080737807 0.0132
v -0.075093247 0.081173226 0.0132
f 4147//4147 4148//4147 4149//4147
vn -0 0 1
v -0.07551825 0.081909344 0.0132
v -0.075093247 0.081173226 0.0132
v -0.07463979 0.082787804 0.0132
f 4150//4150 4151//4150 4152//4150
vn 0 0 1
v -0.07463979 0.082787804 0.0132
v -0.075093247 0.081173226 0.0132
v -0.073903665 0.082362808 0.0132
f 4153//4153 4154//4153 4155//4153
vn -0 0 1
v -0.07463979 0.082787804 0.0132
v -0.073903665 0.082362808 0.0132
v -0.074318253 0.08398781 0.0132
f 4156//4156 4157//4156 4158//4156
vn -0 0 1
v -0.074318253 0.08398781 0.0132
v -0.073903665 0.082362808 0.0132
v -0.073468253 0.08398781 0.0132
f 4159//4159 4160//4159 4161//4159
vn 0 -0 1
v -0.074318253 0.08398781 0.0132
v -0.073468253 0.08398781 0.0132
v -0.07463979 0.085187808 0.0132
f 4162//4162 4163//4162 4164//4162
vn -0 0 1
v -0.07463979 0.085187808 0.0132
v -0.073468253 0.08398781 0.0132
v -0.073903665 0.085612804 0.0132
f 4165//4165 4166//4165 4167//4165
vn 0 -0 1
v -0.07463979 0.085187808 0.0132
v -0.073903665 0.085612804 0.0132
v -0.07551825 0.086066268 0.0132
f 4168//4168 4169//4168 4170//4168
vn -0 0 1
v -0.07551825 0.086066268 0.0132
v -0.073903665 0.085612804 0.0132
v -0.075093247 0.086802386 0.0132
f 4171//4171 4172//4171 4173//4171
vn 0 -0 1
v -0.07551825 0.086066268 0.0132
v -0.075093247 0.086802386 0.0132
v -0.076718248 0.086387806 0.0132
f 4174//4174 4175//4174 4176//4174
vn 0 0 1
v -0.076718248 0.086387806 0.0132
v -0.075093247 0.086802386 0.0132
v -0.076718248 0.087237805 0.0132
f 4177//4177 4178//4177 4179//4177
vn 0 -0 1
v -0.076718248 0.086387806 0.0132
v -0.076718248 0.087237805 0.0132
v -0.077918254 0.086066268 0.0132
f 4180//4180 4181//4180 4182//4180
vn 0 -0 1
v -0.077918254 0.086066268 0.0132
v -0.076718248 0.087237805 0.0132
v -0.07834325 0.086802386 0.0132
f 4183//4183 4184//4183 4185//4183
vn 0.96489877 -0.25854594 0.046091348
v -0.079968251 0.08398781 0.0132
v -0.079532832 0.085612804 0.0132
v -0.079857506 0.084828965 0.015600001
f 4186//4186 4187//4186 4188//4186
vn 0.70635515 -0.70635515 0.046095155
v -0.07834325 0.086802386 0.0132
v -0.07901635 0.086285904 0.015600001
v -0.079532832 0.085612804 0.0132
f 4189//4189 4190//4189 4191//4189
vn 0.79335696 -0.60875672 0
v -0.079532832 0.085612804 0.0132
v -0.07901635 0.086285904 0.015600001
v -0.079532832 0.085612804 0.015600001
f 4192//4192 4193//4192 4194//4192
vn 0.92388058 -0.38268089 0
v -0.079532832 0.085612804 0.0132
v -0.079532832 0.085612804 0.015600001
v -0.079857506 0.084828965 0.015600001
f 4195//4195 4196//4195 4197//4195
vn 0.2585448 -0.96489888 0.046094738
v -0.076718248 0.087237805 0.0132
v -0.077559412 0.087127067 0.015600001
v -0.07834325 0.086802386 0.0132
f 4198//4198 4199//4198 4200//4198
vn 0.3826884 -0.92387748 0
v -0.07834325 0.086802386 0.0132
v -0.077559412 0.087127067 0.015600001
v -0.07834325 0.086802386 0.015600001
f 4201//4201 4202//4201 4203//4201
vn 0.60875672 -0.79335696 0
v -0.07834325 0.086802386 0.0132
v -0.07834325 0.086802386 0.015600001
v -0.07901635 0.086285904 0.015600001
f 4204//4204 4205//4204 4206//4204
vn -0.2585448 -0.96489888 0.046094738
v -0.075093247 0.086802386 0.0132
v -0.075877085 0.087127067 0.015600001
v -0.076718248 0.087237805 0.0132
f 4207//4207 4208//4207 4209//4207
vn -0.13052243 -0.99144536 0
v -0.076718248 0.087237805 0.0132
v -0.075877085 0.087127067 0.015600001
v -0.076718248 0.087237805 0.015600001
f 4210//4210 4211//4210 4212//4210
vn 0.13052243 -0.99144536 0
v -0.076718248 0.087237805 0.0132
v -0.076718248 0.087237805 0.015600001
v -0.077559412 0.087127067 0.015600001
f 4213//4213 4214//4213 4215//4213
vn -0.70635521 -0.70635521 0.046092965
v -0.073903665 0.085612804 0.0132
v -0.074420154 0.086285904 0.015600001
v -0.075093247 0.086802386 0.0132
f 4216//4216 4217//4216 4218//4216
vn -0.60876095 -0.79335374 0
v -0.075093247 0.086802386 0.0132
v -0.074420154 0.086285904 0.015600001
v -0.075093247 0.086802386 0.015600001
f 4219//4219 4220//4219 4221//4219
vn -0.3826884 -0.92387748 0
v -0.075093247 0.086802386 0.0132
v -0.075093247 0.086802386 0.015600001
v -0.075877085 0.087127067 0.015600001
f 4222//4222 4223//4222 4224//4222
vn -0.96489978 -0.25854179 0.046092842
v -0.073468253 0.08398781 0.0132
v -0.073578991 0.084828965 0.015600001
v -0.073903665 0.085612804 0.0132
f 4225//4225 4226//4225 4227//4225
vn -0.92388058 -0.38268089 0
v -0.073903665 0.085612804 0.0132
v -0.073578991 0.084828965 0.015600001
v -0.073903665 0.085612804 0.015600001
f 4228//4228 4229//4228 4230//4228
vn -0.79335272 -0.6087622 0
v -0.073903665 0.085612804 0.0132
v -0.073903665 0.085612804 0.015600001
v -0.074420154 0.086285904 0.015600001
f 4231//4231 4232//4231 4233//4231
vn -0.96490008 0.25854069 0.046093244
v -0.073903665 0.082362808 0.0132
v -0.073578991 0.083146647 0.015600001
v -0.073468253 0.08398781 0.0132
f 4234//4234 4235//4234 4236//4234
vn -0.99144536 0.13052243 0
v -0.073468253 0.08398781 0.0132
v -0.073578991 0.083146647 0.015600001
v -0.073468253 0.08398781 0.015600001
f 4237//4237 4238//4237 4239//4237
vn -0.99144518 -0.13052358 0
v -0.073468253 0.08398781 0.0132
v -0.073468253 0.08398781 0.015600001
v -0.073578991 0.084828965 0.015600001
f 4240//4240 4241//4240 4242//4240
vn -0.70635521 0.70635521 0.046092965
v -0.075093247 0.081173226 0.0132
v -0.074420154 0.081689708 0.015600001
v -0.073903665 0.082362808 0.0132
f 4243//4243 4244//4243 4245//4243
vn -0.79335272 0.6087622 0
v -0.073903665 0.082362808 0.0132
v -0.074420154 0.081689708 0.015600001
v -0.073903665 0.082362808 0.015600001
f 4246//4246 4247//4246 4248//4246
vn -0.92388058 0.38268089 0
v -0.073903665 0.082362808 0.0132
v -0.073903665 0.082362808 0.015600001
v -0.073578991 0.083146647 0.015600001
f 4249//4249 4250//4249 4251//4249
vn -0.2585448 0.96489888 0.046094738
v -0.076718248 0.080737807 0.0132
v -0.075877085 0.080848545 0.015600001
v -0.075093247 0.081173226 0.0132
f 4252//4252 4253//4252 4254//4252
vn -0.3826884 0.92387748 0
v -0.075093247 0.081173226 0.0132
v -0.075877085 0.080848545 0.015600001
v -0.075093247 0.081173226 0.015600001
f 4255//4255 4256//4255 4257//4255
vn -0.60876095 0.79335374 0
v -0.075093247 0.081173226 0.0132
v -0.075093247 0.081173226 0.015600001
v -0.074420154 0.081689708 0.015600001
f 4258//4258 4259//4258 4260//4258
vn 0.2585448 0.96489888 0.046094738
v -0.07834325 0.081173226 0.0132
v -0.077559412 0.080848545 0.015600001
v -0.076718248 0.080737807 0.0132
f 4261//4261 4262//4261 4263//4261
vn 0.13052243 0.99144536 -0
v -0.076718248 0.080737807 0.0132
v -0.077559412 0.080848545 0.015600001
v -0.076718248 0.080737807 0.015600001
f 4264//4264 4265//4264 4266//4264
vn -0.13052243 0.99144536 0
v -0.076718248 0.080737807 0.0132
v -0.076718248 0.080737807 0.015600001
v -0.075877085 0.080848545 0.015600001
f 4267//4267 4268//4267 4269//4267
vn 0.70635515 0.70635515 0.046095155
v -0.079532832 0.082362808 0.0132
v -0.07901635 0.081689708 0.015600001
v -0.07834325 0.081173226 0.0132
f 4270//4270 4271//4270 4272//4270
vn 0.60875672 0.79335696 -0
v -0.07834325 0.081173226 0.0132
v -0.07901635 0.081689708 0.015600001
v -0.07834325 0.081173226 0.015600001
f 4273//4273 4274//4273 4275//4273
vn 0.3826884 0.92387748 -0
v -0.07834325 0.081173226 0.0132
v -0.07834325 0.081173226 0.015600001
v -0.077559412 0.080848545 0.015600001
f 4276//4276 4277//4276 4278//4276
vn 0.99144405 -0.13053221 0
v -0.079857506 0.084828965 0.015600001
v -0.079968251 0.08398781 0.015600001
v -0.079968251 0.08398781 0.0132
f 4279//4279 4280//4279 4281//4279
vn 0.99144423 0.13053107 -0
v -0.079968251 0.08398781 0.0132
v -0.079968251 0.08398781 0.015600001
v -0.079857506 0.083146647 0.015600001
f 4282//4282 4283//4282 4284//4282
vn 0.964899 0.25854483 0.046091747
v -0.079968251 0.08398781 0.0132
v -0.079857506 0.083146647 0.015600001
v -0.079532832 0.082362808 0.0132
f 4285//4285 4286//4285 4287//4285
vn 0.92388058 0.38268089 -0
v -0.079532832 0.082362808 0.0132
v -0.079857506 0.083146647 0.015600001
v -0.079532832 0.082362808 0.015600001
f 4288//4288 4289//4288 4290//4288
vn 0.79335696 0.60875672 -0
v -0.079532832 0.082362808 0.0132
v -0.079532832 0.082362808 0.015600001
v -0.07901635 0.081689708 0.015600001
f 4291//4291 4292//4291 4293//4291
vn 0.96592623 -0.25881761 0
v -0.077949144 0.11898318 0.0126
v -0.077949144 0.11898318 0.0103
v -0.077707991 0.11988318 0.0126
f 4294//4294 4295//4294 4296//4294
vn 0.96592623 -0.25881761 0
v -0.077707991 0.11988318 0.0126
v -0.077949144 0.11898318 0.0103
v -0.077707991 0.11988318 0.0103
f 4297//4297 4298//4297 4299//4297
vn 0.70710677 -0.70710677 0
v -0.077707991 0.11988318 0.0126
v -0.077707991 0.11988318 0.0103
v -0.077049144 0.12054203 0.0126
f 4300//4300 4301//4300 4302//4300
vn 0.70710677 -0.70710677 0
v -0.077049144 0.12054203 0.0126
v -0.077707991 0.11988318 0.0103
v -0.077049144 0.12054203 0.0103
f 4303//4303 4304//4303 4305//4303
vn 0.25881761 -0.96592623 0
v -0.077049144 0.12054203 0.0126
v -0.077049144 0.12054203 0.0103
v -0.076149143 0.12078318 0.0126
f 4306//4306 4307//4306 4308//4306
vn 0.25881761 -0.96592623 0
v -0.076149143 0.12078318 0.0126
v -0.077049144 0.12054203 0.0103
v -0.076149143 0.12078318 0.0103
f 4309//4309 4310//4309 4311//4309
vn -0.25881761 -0.96592623 -0
v -0.076149143 0.12078318 0.0126
v -0.076149143 0.12078318 0.0103
v -0.075249143 0.12054203 0.0126
f 4312//4312 4313//4312 4314//4312
vn -0.25881761 -0.96592623 -0
v -0.075249143 0.12054203 0.0126
v -0.076149143 0.12078318 0.0103
v -0.075249143 0.12054203 0.0103
f 4315//4315 4316//4315 4317//4315
vn -0.70710677 -0.70710677 -0
v -0.075249143 0.12054203 0.0126
v -0.075249143 0.12054203 0.0103
v -0.074590296 0.11988318 0.0126
f 4318//4318 4319//4318 4320//4318
vn -0.70710677 -0.70710677 -0
v -0.074590296 0.11988318 0.0126
v -0.075249143 0.12054203 0.0103
v -0.074590296 0.11988318 0.0103
f 4321//4321 4322//4321 4323//4321
vn -0.96592623 -0.25881761 -0
v -0.074590296 0.11988318 0.0126
v -0.074590296 0.11988318 0.0103
v -0.074349143 0.11898318 0.0126
f 4324//4324 4325//4324 4326//4324
vn -0.96592623 -0.25881761 -0
v -0.074349143 0.11898318 0.0126
v -0.074590296 0.11988318 0.0103
v -0.074349143 0.11898318 0.0103
f 4327//4327 4328//4327 4329//4327
vn -0.96592623 0.25881761 0
v -0.074349143 0.11898318 0.0126
v -0.074349143 0.11898318 0.0103
v -0.074590296 0.11808318 0.0126
f 4330//4330 4331//4330 4332//4330
vn -0.96592623 0.25881761 0
v -0.074590296 0.11808318 0.0126
v -0.074349143 0.11898318 0.0103
v -0.074590296 0.11808318 0.0103
f 4333//4333 4334//4333 4335//4333
vn -0.70710677 0.70710677 0
v -0.074590296 0.11808318 0.0126
v -0.074590296 0.11808318 0.0103
v -0.075249143 0.11742433 0.0126
f 4336//4336 4337//4336 4338//4336
vn -0.70710677 0.70710677 0
v -0.075249143 0.11742433 0.0126
v -0.074590296 0.11808318 0.0103
v -0.075249143 0.11742433 0.0103
f 4339//4339 4340//4339 4341//4339
vn -0.25881761 0.96592623 0
v -0.075249143 0.11742433 0.0126
v -0.075249143 0.11742433 0.0103
v -0.076149143 0.11718318 0.0126
f 4342//4342 4343//4342 4344//4342
vn -0.25881761 0.96592623 0
v -0.076149143 0.11718318 0.0126
v -0.075249143 0.11742433 0.0103
v -0.076149143 0.11718318 0.0103
f 4345//4345 4346//4345 4347//4345
vn 0.25881761 0.96592623 0
v -0.076149143 0.11718318 0.0126
v -0.076149143 0.11718318 0.0103
v -0.077049144 0.11742433 0.0126
f 4348//4348 4349//4348 4350//4348
vn 0.25881761 0.96592623 0
v -0.077049144 0.11742433 0.0126
v -0.076149143 0.11718318 0.0103
v -0.077049144 0.11742433 0.0103
f 4351//4351 4352//4351 4353//4351
vn 0.70710677 0.70710677 0
v -0.077049144 0.11742433 0.0126
v -0.077049144 0.11742433 0.0103
v -0.077707991 0.11808318 0.0126
f 4354//4354 4355//4354 4356//4354
vn 0.70710677 0.70710677 0
v -0.077707991 0.11808318 0.0126
v -0.077049144 0.11742433 0.0103
v -0.077707991 0.11808318 0.0103
f 4357//4357 4358//4357 4359//4357
vn 0.96592623 0.25881761 0
v -0.077707991 0.11808318 0.0126
v -0.077707991 0.11808318 0.0103
v -0.077949144 0.11898318 0.0126
f 4360//4360 4361//4360 4362//4360
vn 0.96592623 0.25881761 0
v -0.077949144 0.11898318 0.0126
v -0.077707991 0.11808318 0.0103
v -0.077949144 0.11898318 0.0103
f 4363//4363 4364//4363 4365//4363
vn 0 0 1
v -0.077349141 0.12106164 0.0132
v -0.077774145 0.12179776 0.0132
v -0.078227609 0.12018318 0.0132
f 4366//4366 4367//4366 4368//4366
vn 0 -0 1
v -0.078227609 0.12018318 0.0132
v -0.077774145 0.12179776 0.0132
v -0.078963727 0.12060818 0.0132
f 4369//4369 4370//4369 4371//4369
vn 0 0 1
v -0.078227609 0.12018318 0.0132
v -0.078963727 0.12060818 0.0132
v -0.078549147 0.11898318 0.0132
f 4372//4372 4373//4372 4374//4372
vn 0 0 1
v -0.078549147 0.11898318 0.0132
v -0.078963727 0.12060818 0.0132
v -0.079399146 0.11898318 0.0132
f 4375//4375 4376//4375 4377//4375
vn 0 0 1
v -0.078549147 0.11898318 0.0132
v -0.079399146 0.11898318 0.0132
v -0.078227609 0.11778318 0.0132
f 4378//4378 4379//4378 4380//4378
vn 0 0 1
v -0.078227609 0.11778318 0.0132
v -0.079399146 0.11898318 0.0132
v -0.078963727 0.11735818 0.0132
f 4381//4381 4382//4381 4383//4381
vn 0 0 1
v -0.078227609 0.11778318 0.0132
v -0.078963727 0.11735818 0.0132
v -0.077349141 0.11690472 0.0132
f 4384//4384 4385//4384 4386//4384
vn 0 0 1
v -0.077349141 0.11690472 0.0132
v -0.078963727 0.11735818 0.0132
v -0.077774145 0.1161686 0.0132
f 4387//4387 4388//4387 4389//4387
vn 0 0 1
v -0.077349141 0.11690472 0.0132
v -0.077774145 0.1161686 0.0132
v -0.076149143 0.11658318 0.0132
f 4390//4390 4391//4390 4392//4390
vn 0 0 1
v -0.076149143 0.11658318 0.0132
v -0.077774145 0.1161686 0.0132
v -0.076149143 0.11573318 0.0132
f 4393//4393 4394//4393 4395//4393
vn -0 0 1
v -0.076149143 0.11658318 0.0132
v -0.076149143 0.11573318 0.0132
v -0.074949145 0.11690472 0.0132
f 4396//4396 4397//4396 4398//4396
vn 0 0 1
v -0.074949145 0.11690472 0.0132
v -0.076149143 0.11573318 0.0132
v -0.074524142 0.1161686 0.0132
f 4399//4399 4400//4399 4401//4399
vn -0 0 1
v -0.074949145 0.11690472 0.0132
v -0.074524142 0.1161686 0.0132
v -0.074070685 0.11778318 0.0132
f 4402//4402 4403//4402 4404//4402
vn 0 0 1
v -0.074070685 0.11778318 0.0132
v -0.074524142 0.1161686 0.0132
v -0.07333456 0.11735818 0.0132
f 4405//4405 4406//4405 4407//4405
vn -0 0 1
v -0.074070685 0.11778318 0.0132
v -0.07333456 0.11735818 0.0132
v -0.073749147 0.11898318 0.0132
f 4408//4408 4409//4408 4410//4408
vn -0 0 1
v -0.073749147 0.11898318 0.0132
v -0.07333456 0.11735818 0.0132
v -0.072899148 0.11898318 0.0132
f 4411//4411 4412//4411 4413//4411
vn 0 -0 1
v -0.073749147 0.11898318 0.0132
v -0.072899148 0.11898318 0.0132
v -0.074070685 0.12018318 0.0132
f 4414//4414 4415//4414 4416//4414
vn -0 0 1
v -0.074070685 0.12018318 0.0132
v -0.072899148 0.11898318 0.0132
v -0.07333456 0.12060818 0.0132
f 4417//4417 4418//4417 4419//4417
vn 0 -0 1
v -0.074070685 0.12018318 0.0132
v -0.07333456 0.12060818 0.0132
v -0.074949145 0.12106164 0.0132
f 4420//4420 4421//4420 4422//4420
vn -0 0 1
v -0.074949145 0.12106164 0.0132
v -0.07333456 0.12060818 0.0132
v -0.074524142 0.12179776 0.0132
f 4423//4423 4424//4423 4425//4423
vn 0 -0 1
v -0.074949145 0.12106164 0.0132
v -0.074524142 0.12179776 0.0132
v -0.076149143 0.12138318 0.0132
f 4426//4426 4427//4426 4428//4426
vn 0 0 1
v -0.076149143 0.12138318 0.0132
v -0.074524142 0.12179776 0.0132
v -0.076149143 0.12223318 0.0132
f 4429//4429 4430//4429 4431//4429
vn 0 -0 1
v -0.076149143 0.12138318 0.0132
v -0.076149143 0.12223318 0.0132
v -0.077349141 0.12106164 0.0132
f 4432//4432 4433//4432 4434//4432
vn 0 -0 1
v -0.077349141 0.12106164 0.0132
v -0.076149143 0.12223318 0.0132
v -0.077774145 0.12179776 0.0132
f 4435//4435 4436//4435 4437//4435
vn 0.964899 -0.25854483 0.046091747
v -0.079399146 0.11898318 0.0132
v -0.078963727 0.12060818 0.0132
v -0.079288401 0.11982434 0.015600001
f 4438//4438 4439//4438 4440//4438
vn 0.70635521 -0.70635521 0.046092965
v -0.077774145 0.12179776 0.0132
v -0.078447245 0.12128127 0.015600001
v -0.078963727 0.12060818 0.0132
f 4441//4441 4442//4441 4443//4441
vn 0.79335374 -0.60876095 0
v -0.078963727 0.12060818 0.0132
v -0.078447245 0.12128127 0.015600001
v -0.078963727 0.12060818 0.015600001
f 4444//4444 4445//4444 4446//4444
vn 0.92388058 -0.38268089 0
v -0.078963727 0.12060818 0.0132
v -0.078963727 0.12060818 0.015600001
v -0.079288401 0.11982434 0.015600001
f 4447//4447 4448//4447 4449//4447
vn 0.25854483 -0.964899 0.046091747
v -0.076149143 0.12223318 0.0132
v -0.076990306 0.12212244 0.015600001
v -0.077774145 0.12179776 0.0132
f 4450//4450 4451//4450 4452//4450
vn 0.38268089 -0.92388058 0
v -0.077774145 0.12179776 0.0132
v -0.076990306 0.12212244 0.015600001
v -0.077774145 0.12179776 0.015600001
f 4453//4453 4454//4453 4455//4453
vn 0.6087622 -0.79335272 0
v -0.077774145 0.12179776 0.0132
v -0.077774145 0.12179776 0.015600001
v -0.078447245 0.12128127 0.015600001
f 4456//4456 4457//4456 4458//4456
vn -0.25854483 -0.964899 0.046091747
v -0.074524142 0.12179776 0.0132
v -0.07530798 0.12212244 0.015600001
v -0.076149143 0.12223318 0.0132
f 4459//4459 4460//4459 4461//4459
vn -0.13053107 -0.99144423 0
v -0.076149143 0.12223318 0.0132
v -0.07530798 0.12212244 0.015600001
v -0.076149143 0.12223318 0.015600001
f 4462//4462 4463//4462 4464//4462
vn 0.13053107 -0.99144423 0
v -0.076149143 0.12223318 0.0132
v -0.076149143 0.12223318 0.015600001
v -0.076990306 0.12212244 0.015600001
f 4465//4465 4466//4465 4467//4465
vn -0.70635533 -0.70635533 0.046090778
v -0.07333456 0.12060818 0.0132
v -0.073851049 0.12128127 0.015600001
v -0.074524142 0.12179776 0.0132
f 4468//4468 4469//4468 4470//4468
vn -0.6087665 -0.79334944 0
v -0.074524142 0.12179776 0.0132
v -0.073851049 0.12128127 0.015600001
v -0.074524142 0.12179776 0.015600001
f 4471//4471 4472//4471 4473//4471
vn -0.38268089 -0.92388058 0
v -0.074524142 0.12179776 0.0132
v -0.074524142 0.12179776 0.015600001
v -0.07530798 0.12212244 0.015600001
f 4474//4474 4475//4474 4476//4474
vn -0.96490008 -0.25854069 0.046093244
v -0.072899148 0.11898318 0.0132
v -0.073009886 0.11982434 0.015600001
v -0.07333456 0.12060818 0.0132
f 4477//4477 4478//4477 4479//4477
vn -0.92388058 -0.38268089 0
v -0.07333456 0.12060818 0.0132
v -0.073009886 0.11982434 0.015600001
v -0.07333456 0.12060818 0.015600001
f 4480//4480 4481//4480 4482//4480
vn -0.79334944 -0.6087665 0
v -0.07333456 0.12060818 0.0132
v -0.07333456 0.12060818 0.015600001
v -0.073851049 0.12128127 0.015600001
f 4483//4483 4484//4483 4485//4483
vn -0.96490008 0.25854069 0.046093244
v -0.07333456 0.11735818 0.0132
v -0.073009886 0.11814202 0.015600001
v -0.072899148 0.11898318 0.0132
f 4486//4486 4487//4486 4488//4486
vn -0.99144536 0.13052243 0
v -0.072899148 0.11898318 0.0132
v -0.073009886 0.11814202 0.015600001
v -0.072899148 0.11898318 0.015600001
f 4489//4489 4490//4489 4491//4489
vn -0.99144536 -0.13052243 0
v -0.072899148 0.11898318 0.0132
v -0.072899148 0.11898318 0.015600001
v -0.073009886 0.11982434 0.015600001
f 4492//4492 4493//4492 4494//4492
vn -0.70635533 0.70635533 0.046090778
v -0.074524142 0.1161686 0.0132
v -0.073851049 0.11668508 0.015600001
v -0.07333456 0.11735818 0.0132
f 4495//4495 4496//4495 4497//4495
vn -0.79334944 0.6087665 0
v -0.07333456 0.11735818 0.0132
v -0.073851049 0.11668508 0.015600001
v -0.07333456 0.11735818 0.015600001
f 4498//4498 4499//4498 4500//4498
vn -0.92388058 0.38268089 0
v -0.07333456 0.11735818 0.0132
v -0.07333456 0.11735818 0.015600001
v -0.073009886 0.11814202 0.015600001
f 4501//4501 4502//4501 4503//4501
vn -0.25854483 0.964899 0.046091747
v -0.076149143 0.11573318 0.0132
v -0.07530798 0.11584392 0.015600001
v -0.074524142 0.1161686 0.0132
f 4504//4504 4505//4504 4506//4504
vn -0.38268089 0.92388058 0
v -0.074524142 0.1161686 0.0132
v -0.07530798 0.11584392 0.015600001
v -0.074524142 0.1161686 0.015600001
f 4507//4507 4508//4507 4509//4507
vn -0.6087665 0.79334944 0
v -0.074524142 0.1161686 0.0132
v -0.074524142 0.1161686 0.015600001
v -0.073851049 0.11668508 0.015600001
f 4510//4510 4511//4510 4512//4510
vn 0.25854483 0.964899 0.046091747
v -0.077774145 0.1161686 0.0132
v -0.076990306 0.11584392 0.015600001
v -0.076149143 0.11573318 0.0132
f 4513//4513 4514//4513 4515//4513
vn 0.13053107 0.99144423 -0
v -0.076149143 0.11573318 0.0132
v -0.076990306 0.11584392 0.015600001
v -0.076149143 0.11573318 0.015600001
f 4516//4516 4517//4516 4518//4516
vn -0.13053107 0.99144423 0
v -0.076149143 0.11573318 0.0132
v -0.076149143 0.11573318 0.015600001
v -0.07530798 0.11584392 0.015600001
f 4519//4519 4520//4519 4521//4519
vn 0.70635521 0.70635521 0.046092965
v -0.078963727 0.11735818 0.0132
v -0.078447245 0.11668508 0.015600001
v -0.077774145 0.1161686 0.0132
f 4522//4522 4523//4522 4524//4522
vn 0.6087622 0.79335272 -0
v -0.077774145 0.1161686 0.0132
v -0.078447245 0.11668508 0.015600001
v -0.077774145 0.1161686 0.015600001
f 4525//4525 4526//4525 4527//4525
vn 0.38268089 0.92388058 -0
v -0.077774145 0.1161686 0.0132
v -0.077774145 0.1161686 0.015600001
v -0.076990306 0.11584392 0.015600001
f 4528//4528 4529//4528 4530//4528
vn 0.99144423 -0.13053107 0
v -0.079288401 0.11982434 0.015600001
v -0.079399146 0.11898318 0.015600001
v -0.079399146 0.11898318 0.0132
f 4531//4531 4532//4531 4533//4531
vn 0.99144423 0.13053107 -0
v -0.079399146 0.11898318 0.0132
v -0.079399146 0.11898318 0.015600001
v -0.079288401 0.11814202 0.015600001
f 4534//4534 4535//4534 4536//4534
vn 0.964899 0.25854483 0.046091747
v -0.079399146 0.11898318 0.0132
v -0.079288401 0.11814202 0.015600001
v -0.078963727 0.11735818 0.0132
f 4537//4537 4538//4537 4539//4537
vn 0.92388058 0.38268089 -0
v -0.078963727 0.11735818 0.0132
v -0.079288401 0.11814202 0.015600001
v -0.078963727 0.11735818 0.015600001
f 4540//4540 4541//4540 4542//4540
vn 0.79335374 0.60876095 -0
v -0.078963727 0.11735818 0.0132
v -0.078963727 0.11735818 0.015600001
v -0.078447245 0.11668508 0.015600001
f 4543//4543 4544//4543 4545//4543
vn -0.49999908 -0.86602592 0
v -0.072999142 0.12080184 -0.021199999
v -0.072999142 0.12080184 -0.019299999
v -0.076149143 0.12262049 -0.021199999
f 4546//4546 4547//4546 4548//4546
vn -0.49999908 -0.86602592 0
v -0.076149143 0.12262049 -0.021199999
v -0.072999142 0.12080184 -0.019299999
v -0.076149143 0.12262049 -0.019299999
f 4549//4549 4550//4549 4551//4549
vn -1 0 0
v -0.072999142 0.11716453 -0.021199999
v -0.072999142 0.11716453 -0.019299999
v -0.072999142 0.12080184 -0.021199999
f 4552//4552 4553//4552 4554//4552
vn -1 0 0
v -0.072999142 0.12080184 -0.021199999
v -0.072999142 0.11716453 -0.019299999
v -0.072999142 0.12080184 -0.019299999
f 4555//4555 4556//4555 4557//4555
vn -0.5000006 0.86602503 0
v -0.076149143 0.11534587 -0.021199999
v -0.076149143 0.11534587 -0.019299999
v -0.072999142 0.11716453 -0.021199999
f 4558//4558 4559//4558 4560//4558
vn -0.5000006 0.86602503 0
v -0.072999142 0.11716453 -0.021199999
v -0.076149143 0.11534587 -0.019299999
v -0.072999142 0.11716453 -0.019299999
f 4561//4561 4562//4561 4563//4561
vn 0.5000006 0.86602503 -0
v -0.079299144 0.11716453 -0.021199999
v -0.079299144 0.11716453 -0.019299999
v -0.076149143 0.11534587 -0.021199999
f 4564//4564 4565//4564 4566//4564
vn 0.5000006 0.86602503 -0
v -0.076149143 0.11534587 -0.021199999
v -0.079299144 0.11716453 -0.019299999
v -0.076149143 0.11534587 -0.019299999
f 4567//4567 4568//4567 4569//4567
vn 1 0 -0
v -0.079299144 0.12080184 -0.021199999
v -0.079299144 0.12080184 -0.019299999
v -0.079299144 0.11716453 -0.021199999
f 4570//4570 4571//4570 4572//4570
vn 1 0 0
v -0.079299144 0.11716453 -0.021199999
v -0.079299144 0.12080184 -0.019299999
v -0.079299144 0.11716453 -0.019299999
f 4573//4573 4574//4573 4575//4573
vn 0.49999908 -0.86602592 0
v -0.076149143 0.12262049 -0.021199999
v -0.076149143 0.12262049 -0.019299999
v -0.079299144 0.12080184 -0.021199999
f 4576//4576 4577//4576 4578//4576
vn 0.49999908 -0.86602592 0
v -0.079299144 0.12080184 -0.021199999
v -0.076149143 0.12262049 -0.019299999
v -0.079299144 0.12080184 -0.019299999
f 4579//4579 4580//4579 4581//4579
vn -0 -0 -1
v -0.077349141 0.11690472 -0.019299999
v -0.076149143 0.11534587 -0.019299999
v -0.079299144 0.11716453 -0.019299999
f 4582//4582 4583//4582 4584//4582
vn 0 0 -1
v -0.073749147 0.11898318 -0.019299999
v -0.072999142 0.12080184 -0.019299999
v -0.072999142 0.11716453 -0.019299999
f 4585//4585 4586//4585 4587//4585
vn -0 0 -1
v -0.077349141 0.12106164 -0.019299999
v -0.079299144 0.12080184 -0.019299999
v -0.076149143 0.12262049 -0.019299999
f 4588//4588 4589//4588 4590//4588
vn 0 0 -1
v -0.077349141 0.11690472 -0.019299999
v -0.076149143 0.11658318 -0.019299999
v -0.076149143 0.11534587 -0.019299999
f 4591//4591 4592//4591 4593//4591
vn 0 0 -1
v -0.076149143 0.11534587 -0.019299999
v -0.076149143 0.11658318 -0.019299999
v -0.074949145 0.11690472 -0.019299999
f 4594//4594 4595//4594 4596//4594
vn 0 0 -1
v -0.076149143 0.11534587 -0.019299999
v -0.074949145 0.11690472 -0.019299999
v -0.072999142 0.11716453 -0.019299999
f 4597//4597 4598//4597 4599//4597
vn -0 0 -1
v -0.072999142 0.11716453 -0.019299999
v -0.074949145 0.11690472 -0.019299999
v -0.074070685 0.11778318 -0.019299999
f 4600//4600 4601//4600 4602//4600
vn 0 0 -1
v -0.072999142 0.11716453 -0.019299999
v -0.074070685 0.11778318 -0.019299999
v -0.073749147 0.11898318 -0.019299999
f 4603//4603 4604//4603 4605//4603
vn 0 0 -1
v -0.077349141 0.12106164 -0.019299999
v -0.078227609 0.12018318 -0.019299999
v -0.079299144 0.12080184 -0.019299999
f 4606//4606 4607//4606 4608//4606
vn 0 0 -1
v -0.079299144 0.12080184 -0.019299999
v -0.078227609 0.12018318 -0.019299999
v -0.078549147 0.11898318 -0.019299999
f 4609//4609 4610//4609 4611//4609
vn 0 0 -1
v -0.079299144 0.12080184 -0.019299999
v -0.078549147 0.11898318 -0.019299999
v -0.079299144 0.11716453 -0.019299999
f 4612//4612 4613//4612 4614//4612
vn 0 0 -1
v -0.079299144 0.11716453 -0.019299999
v -0.078549147 0.11898318 -0.019299999
v -0.078227609 0.11778318 -0.019299999
f 4615//4615 4616//4615 4617//4615
vn 0 0 -1
v -0.079299144 0.11716453 -0.019299999
v -0.078227609 0.11778318 -0.019299999
v -0.077349141 0.11690472 -0.019299999
f 4618//4618 4619//4618 4620//4618
vn 0 0 -1
v -0.073749147 0.11898318 -0.019299999
v -0.074070685 0.12018318 -0.019299999
v -0.072999142 0.12080184 -0.019299999
f 4621//4621 4622//4621 4623//4621
vn -0 0 -1
v -0.072999142 0.12080184 -0.019299999
v -0.074070685 0.12018318 -0.019299999
v -0.074949145 0.12106164 -0.019299999
f 4624//4624 4625//4624 4626//4624
vn 0 0 -1
v -0.072999142 0.12080184 -0.019299999
v -0.074949145 0.12106164 -0.019299999
v -0.076149143 0.12262049 -0.019299999
f 4627//4627 4628//4627 4629//4627
vn 0 0 -1
v -0.076149143 0.12262049 -0.019299999
v -0.074949145 0.12106164 -0.019299999
v -0.076149143 0.12138318 -0.019299999
f 4630//4630 4631//4630 4632//4630
vn 0 -0 -1
v -0.076149143 0.12262049 -0.019299999
v -0.076149143 0.12138318 -0.019299999
v -0.077349141 0.12106164 -0.019299999
f 4633//4633 4634//4633 4635//4633
vn -0.5000006 -0.86602503 0
v -0.073568247 0.085806459 -0.021199999
v -0.073568247 0.085806459 -0.019299999
v -0.076718248 0.087625116 -0.021199999
f 4636//4636 4637//4636 4638//4636
vn -0.5000006 -0.86602503 0
v -0.076718248 0.087625116 -0.021199999
v -0.073568247 0.085806459 -0.019299999
v -0.076718248 0.087625116 -0.019299999
f 4639//4639 4640//4639 4641//4639
vn -1 0 0
v -0.073568247 0.082169153 -0.021199999
v -0.073568247 0.082169153 -0.019299999
v -0.073568247 0.085806459 -0.021199999
f 4642//4642 4643//4642 4644//4642
vn -1 0 0
v -0.073568247 0.085806459 -0.021199999
v -0.073568247 0.082169153 -0.019299999
v -0.073568247 0.085806459 -0.019299999
f 4645//4645 4646//4645 4647//4645
vn -0.49999908 0.86602592 0
v -0.076718248 0.080350503 -0.021199999
v -0.076718248 0.080350503 -0.019299999
v -0.073568247 0.082169153 -0.021199999
f 4648//4648 4649//4648 4650//4648
vn -0.49999908 0.86602592 0
v -0.073568247 0.082169153 -0.021199999
v -0.076718248 0.080350503 -0.019299999
v -0.073568247 0.082169153 -0.019299999
f 4651//4651 4652//4651 4653//4651
vn 0.49999908 0.86602592 -0
v -0.07986825 0.082169153 -0.021199999
v -0.07986825 0.082169153 -0.019299999
v -0.076718248 0.080350503 -0.021199999
f 4654//4654 4655//4654 4656//4654
vn 0.49999908 0.86602592 -0
v -0.076718248 0.080350503 -0.021199999
v -0.07986825 0.082169153 -0.019299999
v -0.076718248 0.080350503 -0.019299999
f 4657//4657 4658//4657 4659//4657
vn 1 0 -0
v -0.07986825 0.085806459 -0.021199999
v -0.07986825 0.085806459 -0.019299999
v -0.07986825 0.082169153 -0.021199999
f 4660//4660 4661//4660 4662//4660
vn 1 0 0
v -0.07986825 0.082169153 -0.021199999
v -0.07986825 0.085806459 -0.019299999
v -0.07986825 0.082169153 -0.019299999
f 4663//4663 4664//4663 4665//4663
vn 0.5000006 -0.86602503 0
v -0.076718248 0.087625116 -0.021199999
v -0.076718248 0.087625116 -0.019299999
v -0.07986825 0.085806459 -0.021199999
f 4666//4666 4667//4666 4668//4666
vn 0.5000006 -0.86602503 0
v -0.07986825 0.085806459 -0.021199999
v -0.076718248 0.087625116 -0.019299999
v -0.07986825 0.085806459 -0.019299999
f 4669//4669 4670//4669 4671//4669
vn -0 -0 -1
v -0.077918254 0.081909344 -0.019299999
v -0.076718248 0.080350503 -0.019299999
v -0.07986825 0.082169153 -0.019299999
f 4672//4672 4673//4672 4674//4672
vn -0 0 -1
v -0.077918254 0.086066268 -0.019299999
v -0.07986825 0.085806459 -0.019299999
v -0.076718248 0.087625116 -0.019299999
f 4675//4675 4676//4675 4677//4675
vn 0 -0 -1
v -0.073568247 0.085806459 -0.019299999
v -0.073568247 0.082169153 -0.019299999
v -0.074318253 0.08398781 -0.019299999
f 4678//4678 4679//4678 4680//4678
vn 0 0 -1
v -0.077918254 0.086066268 -0.019299999
v -0.078796715 0.085187808 -0.019299999
v -0.07986825 0.085806459 -0.019299999
f 4681//4681 4682//4681 4683//4681
vn 0 0 -1
v -0.07986825 0.085806459 -0.019299999
v -0.078796715 0.085187808 -0.019299999
v -0.079118252 0.08398781 -0.019299999
f 4684//4684 4685//4684 4686//4684
vn 0 0 -1
v -0.07986825 0.085806459 -0.019299999
v -0.079118252 0.08398781 -0.019299999
v -0.07986825 0.082169153 -0.019299999
f 4687//4687 4688//4687 4689//4687
vn 0 0 -1
v -0.07986825 0.082169153 -0.019299999
v -0.079118252 0.08398781 -0.019299999
v -0.078796715 0.082787804 -0.019299999
f 4690//4690 4691//4690 4692//4690
vn 0 0 -1
v -0.07986825 0.082169153 -0.019299999
v -0.078796715 0.082787804 -0.019299999
v -0.077918254 0.081909344 -0.019299999
f 4693//4693 4694//4693 4695//4693
vn 0 0 -1
v -0.077918254 0.081909344 -0.019299999
v -0.076718248 0.081587806 -0.019299999
v -0.076718248 0.080350503 -0.019299999
f 4696//4696 4697//4696 4698//4696
vn 0 0 -1
v -0.076718248 0.080350503 -0.019299999
v -0.076718248 0.081587806 -0.019299999
v -0.07551825 0.081909344 -0.019299999
f 4699//4699 4700//4699 4701//4699
vn 0 0 -1
v -0.076718248 0.080350503 -0.019299999
v -0.07551825 0.081909344 -0.019299999
v -0.073568247 0.082169153 -0.019299999
f 4702//4702 4703//4702 4704//4702
vn -0 0 -1
v -0.073568247 0.082169153 -0.019299999
v -0.07551825 0.081909344 -0.019299999
v -0.07463979 0.082787804 -0.019299999
f 4705//4705 4706//4705 4707//4705
vn 0 0 -1
v -0.073568247 0.082169153 -0.019299999
v -0.07463979 0.082787804 -0.019299999
v -0.074318253 0.08398781 -0.019299999
f 4708//4708 4709//4708 4710//4708
vn 0 0 -1
v -0.074318253 0.08398781 -0.019299999
v -0.07463979 0.085187808 -0.019299999
v -0.073568247 0.085806459 -0.019299999
f 4711//4711 4712//4711 4713//4711
vn -0 0 -1
v -0.073568247 0.085806459 -0.019299999
v -0.07463979 0.085187808 -0.019299999
v -0.07551825 0.086066268 -0.019299999
f 4714//4714 4715//4714 4716//4714
vn 0 0 -1
v -0.073568247 0.085806459 -0.019299999
v -0.07551825 0.086066268 -0.019299999
v -0.076718248 0.087625116 -0.019299999
f 4717//4717 4718//4717 4719//4717
vn 0 0 -1
v -0.076718248 0.087625116 -0.019299999
v -0.07551825 0.086066268 -0.019299999
v -0.076718248 0.086387806 -0.019299999
f 4720//4720 4721//4720 4722//4720
vn 0 -0 -1
v -0.076718248 0.087625116 -0.019299999
v -0.076718248 0.086387806 -0.019299999
v -0.077918254 0.086066268 -0.019299999
f 4723//4723 4724//4723 4725//4723
vn 0.49999949 0.86602569 -0
v -0.049872216 0.081681348 -0.021199999
v -0.049872216 0.081681348 -0.019299999
v -0.046722218 0.079862699 -0.021199999
f 4726//4726 4727//4726 4728//4726
vn 0.49999949 0.86602569 -0
v -0.046722218 0.079862699 -0.021199999
v -0.049872216 0.081681348 -0.019299999
v -0.046722218 0.079862699 -0.019299999
f 4729//4729 4730//4729 4731//4729
vn 1 0 -0
v -0.049872216 0.085318655 -0.021199999
v -0.049872216 0.085318655 -0.019299999
v -0.049872216 0.081681348 -0.021199999
f 4732//4732 4733//4732 4734//4732
vn 1 0 0
v -0.049872216 0.081681348 -0.021199999
v -0.049872216 0.085318655 -0.019299999
v -0.049872216 0.081681348 -0.019299999
f 4735//4735 4736//4735 4737//4735
vn 0.50000101 -0.86602479 0
v -0.046722218 0.087137312 -0.021199999
v -0.046722218 0.087137312 -0.019299999
v -0.049872216 0.085318655 -0.021199999
f 4738//4738 4739//4738 4740//4738
vn 0.50000101 -0.86602479 0
v -0.049872216 0.085318655 -0.021199999
v -0.046722218 0.087137312 -0.019299999
v -0.049872216 0.085318655 -0.019299999
f 4741//4741 4742//4741 4743//4741
vn -0.5000006 -0.86602503 0
v -0.043572217 0.085318655 -0.021199999
v -0.043572217 0.085318655 -0.019299999
v -0.046722218 0.087137312 -0.021199999
f 4744//4744 4745//4744 4746//4744
vn -0.5000006 -0.86602503 0
v -0.046722218 0.087137312 -0.021199999
v -0.043572217 0.085318655 -0.019299999
v -0.046722218 0.087137312 -0.019299999
f 4747//4747 4748//4747 4749//4747
vn -1 0 0
v -0.043572217 0.081681348 -0.021199999
v -0.043572217 0.081681348 -0.019299999
v -0.043572217 0.085318655 -0.021199999
f 4750//4750 4751//4750 4752//4750
vn -1 0 0
v -0.043572217 0.085318655 -0.021199999
v -0.043572217 0.081681348 -0.019299999
v -0.043572217 0.085318655 -0.019299999
f 4753//4753 4754//4753 4755//4753
vn -0.49999908 0.86602592 0
v -0.046722218 0.079862699 -0.021199999
v -0.046722218 0.079862699 -0.019299999
v -0.043572217 0.081681348 -0.021199999
f 4756//4756 4757//4756 4758//4756
vn -0.49999908 0.86602592 0
v -0.043572217 0.081681348 -0.021199999
v -0.046722218 0.079862699 -0.019299999
v -0.043572217 0.081681348 -0.019299999
f 4759//4759 4760//4759 4761//4759
vn -0 0 -1
v -0.047922216 0.085578464 -0.019299999
v -0.049872216 0.085318655 -0.019299999
v -0.046722218 0.087137312 -0.019299999
f 4762//4762 4763//4762 4764//4762
vn 0 -0 -1
v -0.045522217 0.081421539 -0.019299999
v -0.043572217 0.081681348 -0.019299999
v -0.046722218 0.079862699 -0.019299999
f 4765//4765 4766//4765 4767//4765
vn 0 0 -1
v -0.047922216 0.085578464 -0.019299999
v -0.048800677 0.084700003 -0.019299999
v -0.049872216 0.085318655 -0.019299999
f 4768//4768 4769//4768 4770//4768
vn 0 0 -1
v -0.049872216 0.085318655 -0.019299999
v -0.048800677 0.084700003 -0.019299999
v -0.049122218 0.083500005 -0.019299999
f 4771//4771 4772//4771 4773//4771
vn 0 0 -1
v -0.049872216 0.085318655 -0.019299999
v -0.049122218 0.083500005 -0.019299999
v -0.049872216 0.081681348 -0.019299999
f 4774//4774 4775//4774 4776//4774
vn 0 -0 -1
v -0.049122218 0.083500005 -0.019299999
v -0.048800677 0.0823 -0.019299999
v -0.049872216 0.081681348 -0.019299999
f 4777//4777 4778//4777 4779//4777
vn 0 0 -1
v -0.049872216 0.081681348 -0.019299999
v -0.048800677 0.0823 -0.019299999
v -0.047922216 0.081421539 -0.019299999
f 4780//4780 4781//4780 4782//4780
vn 0 0 -1
v -0.049872216 0.081681348 -0.019299999
v -0.047922216 0.081421539 -0.019299999
v -0.046722218 0.079862699 -0.019299999
f 4783//4783 4784//4783 4785//4783
vn 0 0 -1
v -0.046722218 0.079862699 -0.019299999
v -0.047922216 0.081421539 -0.019299999
v -0.046722218 0.081100002 -0.019299999
f 4786//4786 4787//4786 4788//4786
vn 0 0 -1
v -0.046722218 0.079862699 -0.019299999
v -0.046722218 0.081100002 -0.019299999
v -0.045522217 0.081421539 -0.019299999
f 4789//4789 4790//4789 4791//4789
vn 0 0 -1
v -0.045522217 0.081421539 -0.019299999
v -0.044643756 0.0823 -0.019299999
v -0.043572217 0.081681348 -0.019299999
f 4792//4792 4793//4792 4794//4792
vn 0 0 -1
v -0.043572217 0.081681348 -0.019299999
v -0.044643756 0.0823 -0.019299999
v -0.044322215 0.083500005 -0.019299999
f 4795//4795 4796//4795 4797//4795
vn 0 0 -1
v -0.043572217 0.081681348 -0.019299999
v -0.044322215 0.083500005 -0.019299999
v -0.043572217 0.085318655 -0.019299999
f 4798//4798 4799//4798 4800//4798
vn 0 0 -1
v -0.044322215 0.083500005 -0.019299999
v -0.044643756 0.084700003 -0.019299999
v -0.043572217 0.085318655 -0.019299999
f 4801//4801 4802//4801 4803//4801
vn -0 0 -1
v -0.043572217 0.085318655 -0.019299999
v -0.044643756 0.084700003 -0.019299999
v -0.045522217 0.085578464 -0.019299999
f 4804//4804 4805//4804 4806//4804
vn 0 0 -1
v -0.043572217 0.085318655 -0.019299999
v -0.045522217 0.085578464 -0.019299999
v -0.046722218 0.087137312 -0.019299999
f 4807//4807 4808//4807 4809//4807
vn 0 0 -1
v -0.046722218 0.087137312 -0.019299999
v -0.045522217 0.085578464 -0.019299999
v -0.046722218 0.085900001 -0.019299999
f 4810//4810 4811//4810 4812//4810
vn 0 -0 -1
v -0.046722218 0.087137312 -0.019299999
v -0.046722218 0.085900001 -0.019299999
v -0.047922216 0.085578464 -0.019299999
f 4813//4813 4814//4813 4815//4813
vn 0 1 0
v -0.051722217 0.078500003 0.0162
v -0.051722217 0.078500003 0.015900001
v -0.056722216 0.078500003 0.0162
f 4816//4816 4817//4816 4818//4816
vn 0 1 0
v -0.056722216 0.078500003 0.0162
v -0.051722217 0.078500003 0.015900001
v -0.071722217 0.078500003 0.015900001
f 4819//4819 4820//4819 4821//4819
vn 0 1 0
v -0.056722216 0.078500003 0.0162
v -0.071722217 0.078500003 0.015900001
v -0.071722217 0.078500003 0.0162
f 4822//4822 4823//4822 4824//4822
vn -1 0 0
v -0.051722217 0.078500003 0.0162
v -0.051722217 0.079075001 0.0162
v -0.051722217 0.078500003 0.015900001
f 4825//4825 4826//4825 4827//4825
vn -1 0 0
v -0.051722217 0.078500003 0.015900001
v -0.051722217 0.079075001 0.0162
v -0.051722217 0.093168907 0.0162
f 4828//4828 4829//4828 4830//4828
vn -1 0 0
v -0.051722217 0.078500003 0.015900001
v -0.051722217 0.093168907 0.0162
v -0.051722217 0.098499998 0.015900001
f 4831//4831 4832//4831 4833//4831
vn -1 0 0
v -0.051722217 0.098499998 0.015900001
v -0.051722217 0.093168907 0.0162
v -0.051722217 0.098499998 0.0162
f 4834//4834 4835//4834 4836//4834
vn 0 -1 0
v -0.071722217 0.098499998 0.0162
v -0.071722217 0.098499998 0.015900001
v -0.056722216 0.098499998 0.0162
f 4837//4837 4838//4837 4839//4837
vn 0 -1 -0
v -0.056722216 0.098499998 0.0162
v -0.071722217 0.098499998 0.015900001
v -0.051722217 0.098499998 0.015900001
f 4840//4840 4841//4840 4842//4840
vn 0 -1 0
v -0.056722216 0.098499998 0.0162
v -0.051722217 0.098499998 0.015900001
v -0.051722217 0.098499998 0.0162
f 4843//4843 4844//4843 4845//4843
vn 1 0 0
v -0.052322216 0.079100005 0.015900001
v -0.052322216 0.097900003 0.015900001
v -0.052322216 0.079100005 0.0162
f 4846//4846 4847//4846 4848//4846
vn 1 -0 0
v -0.052322216 0.079100005 0.0162
v -0.052322216 0.097900003 0.015900001
v -0.052322216 0.097900003 0.0162
f 4849//4849 4850//4849 4851//4849
vn 0 -1 0
v -0.071122214 0.079100005 0.015900001
v -0.052322216 0.079100005 0.015900001
v -0.071122214 0.079100005 0.0162
f 4852//4852 4853//4852 4854//4852
vn 0 -1 0
v -0.071122214 0.079100005 0.0162
v -0.052322216 0.079100005 0.015900001
v -0.052322216 0.079100005 0.0162
f 4855//4855 4856//4855 4857//4855
vn -1 0 0
v -0.071122214 0.097900003 0.015900001
v -0.071122214 0.079100005 0.015900001
v -0.071122214 0.097900003 0.0162
f 4858//4858 4859//4858 4860//4858
vn -1 -0 0
v -0.071122214 0.097900003 0.0162
v -0.071122214 0.079100005 0.015900001
v -0.071122214 0.079100005 0.0162
f 4861//4861 4862//4861 4863//4861
vn 0 1 -0
v -0.052322216 0.097900003 0.015900001
v -0.071122214 0.097900003 0.015900001
v -0.052322216 0.097900003 0.0162
f 4864//4864 4865//4864 4866//4864
vn 0 1 0
v -0.052322216 0.097900003 0.0162
v -0.071122214 0.097900003 0.015900001
v -0.071122214 0.097900003 0.0162
f 4867//4867 4868//4867 4869//4867
vn 1 0 0
v -0.071722217 0.079075001 0.0162
v -0.071722217 0.078500003 0.0162
v -0.071722217 0.078500003 0.015900001
f 4870//4870 4871//4870 4872//4870
vn 1 -0 0
v -0.071722217 0.079075001 0.0162
v -0.071722217 0.078500003 0.015900001
v -0.071722217 0.093168907 0.0162
f 4873//4873 4874//4873 4875//4873
vn 1 0 0
v -0.071722217 0.093168907 0.0162
v -0.071722217 0.078500003 0.015900001
v -0.071722217 0.098499998 0.015900001
f 4876//4876 4877//4876 4878//4876
vn 1 -0 0
v -0.071722217 0.093168907 0.0162
v -0.071722217 0.098499998 0.015900001
v -0.071722217 0.098499998 0.0162
f 4879//4879 4880//4879 4881//4879
vn 0 -0 1
v -0.052322216 0.097900003 0.015900001
v -0.051722217 0.098499998 0.015900001
v -0.071122214 0.097900003 0.015900001
f 4882//4882 4883//4882 4884//4882
vn 0 -0 1
v -0.071122214 0.097900003 0.015900001
v -0.051722217 0.098499998 0.015900001
v -0.071722217 0.098499998 0.015900001
f 4885//4885 4886//4885 4887//4885
vn 0 0 1
v -0.071122214 0.097900003 0.015900001
v -0.071722217 0.098499998 0.015900001
v -0.071122214 0.079100005 0.015900001
f 4888//4888 4889//4888 4890//4888
vn 0 0 1
v -0.071122214 0.079100005 0.015900001
v -0.071722217 0.098499998 0.015900001
v -0.071722217 0.078500003 0.015900001
f 4891//4891 4892//4891 4893//4891
vn -0 0 1
v -0.071122214 0.079100005 0.015900001
v -0.071722217 0.078500003 0.015900001
v -0.052322216 0.079100005 0.015900001
f 4894//4894 4895//4894 4896//4894
vn 0 0 1
v -0.052322216 0.079100005 0.015900001
v -0.071722217 0.078500003 0.015900001
v -0.051722217 0.078500003 0.015900001
f 4897//4897 4898//4897 4899//4897
vn -0 0 1
v -0.052322216 0.079100005 0.015900001
v -0.051722217 0.078500003 0.015900001
v -0.052322216 0.097900003 0.015900001
f 4900//4900 4901//4900 4902//4900
vn -0 0 1
v -0.052322216 0.097900003 0.015900001
v -0.051722217 0.078500003 0.015900001
v -0.051722217 0.098499998 0.015900001
f 4903//4903 4904//4903 4905//4903
vn 0 0 1
v -0.052322216 0.097900003 0.0162
v -0.071122214 0.097900003 0.0162
v -0.052322216 0.079100005 0.0162
f 4906//4906 4907//4906 4908//4906
vn 0 0 1
v -0.052322216 0.079100005 0.0162
v -0.071122214 0.097900003 0.0162
v -0.071122214 0.079100005 0.0162
f 4909//4909 4910//4909 4911//4909
vn -0.97677338 0.21427506 0
v -0.086197384 0.051799998 0.0082
v -0.086197384 0.051799998 0.00060000003
v -0.086329006 0.051199999 -1.0104851e-11
f 4912//4912 4913//4912 4914//4912
vn -0.97677326 0.21427557 0
v -0.081722215 0.0722 0.0162
v -0.081722215 0.0722 0.0082
v -0.086811632 0.048999935 0.0162
f 4915//4915 4916//4915 4917//4915
vn -0.9767732 0.21427575 5.3120812e-07
v -0.086811632 0.048999935 0.0162
v -0.081722215 0.0722 0.0082
v -0.086197384 0.051799998 0.0082
f 4918//4918 4919//4918 4920//4918
vn -0.9767735 0.2142743 0
v -0.086811632 0.048999935 0.0162
v -0.086197384 0.051799998 0.0082
v -0.086811632 0.048999935 -1.0104851e-11
f 4921//4921 4922//4921 4923//4921
vn -0.97677356 0.21427409 7.4467202e-08
v -0.086811632 0.048999935 -1.0104851e-11
v -0.086197384 0.051799998 0.0082
v -0.086329006 0.051199999 -1.0104851e-11
f 4924//4924 4925//4924 4926//4924
vn 0.35355192 0.61237031 -0.70710933
v -0.079899147 0.11681812 -0.0218
v -0.079299144 0.11716453 -0.021199999
v -0.076149143 0.11465305 -0.0218
f 4927//4927 4928//4927 4929//4927
vn 0.35355368 0.61237198 -0.70710701
v -0.076149143 0.11465305 -0.0218
v -0.079299144 0.11716453 -0.021199999
v -0.076149143 0.11534587 -0.021199999
f 4930//4930 4931//4930 4932//4930
vn 0.7071057 0 -0.7071079
v -0.079899147 0.12114824 -0.0218
v -0.079299144 0.12080184 -0.021199999
v -0.079899147 0.11681812 -0.0218
f 4933//4933 4934//4933 4935//4933
vn 0.7071057 0 -0.7071079
v -0.079899147 0.11681812 -0.0218
v -0.079299144 0.12080184 -0.021199999
v -0.079299144 0.11716453 -0.021199999
f 4936//4936 4937//4936 4938//4936
vn -0.35355353 0.61237168 -0.70710737
v -0.072999142 0.11716453 -0.021199999
v -0.072399147 0.11681812 -0.0218
v -0.076149143 0.11534587 -0.021199999
f 4939//4939 4940//4939 4941//4939
vn -0.35355359 0.61237198 -0.70710707
v -0.076149143 0.11534587 -0.021199999
v -0.072399147 0.11681812 -0.0218
v -0.076149143 0.11465305 -0.0218
f 4942//4942 4943//4942 4944//4942
vn 0.353553 -0.61237216 -0.70710725
v -0.076149143 0.12331331 -0.0218
v -0.076149143 0.12262049 -0.021199999
v -0.079899147 0.12114824 -0.0218
f 4945//4945 4946//4945 4947//4945
vn 0.35355341 -0.61237401 -0.7071054
v -0.079899147 0.12114824 -0.0218
v -0.076149143 0.12262049 -0.021199999
v -0.079299144 0.12080184 -0.021199999
f 4948//4948 4949//4948 4950//4948
vn -0.70711005 -0 -0.70710349
v -0.072999142 0.12080184 -0.021199999
v -0.072399147 0.12114824 -0.0218
v -0.072999142 0.11716453 -0.021199999
f 4951//4951 4952//4951 4953//4951
vn -0.70711005 0 -0.70710349
v -0.072999142 0.11716453 -0.021199999
v -0.072399147 0.12114824 -0.0218
v -0.072399147 0.11681812 -0.0218
f 4954//4954 4955//4954 4956//4954
vn -0.35355535 -0.61237502 -0.70710355
v -0.072399147 0.12114824 -0.0218
v -0.072999142 0.12080184 -0.021199999
v -0.076149143 0.12331331 -0.0218
f 4957//4957 4958//4957 4959//4957
vn -0.35355243 -0.61237228 -0.70710737
v -0.076149143 0.12331331 -0.0218
v -0.072999142 0.12080184 -0.021199999
v -0.076149143 0.12262049 -0.021199999
f 4960//4960 4961//4960 4962//4960
vn -0.35355359 0.61237198 -0.70710707
v -0.076718248 0.079657681 -0.0218
v -0.076718248 0.080350503 -0.021199999
v -0.072968252 0.081822746 -0.0218
f 4963//4963 4964//4963 4965//4963
vn -0.35355452 0.61237592 -0.70710319
v -0.072968252 0.081822746 -0.0218
v -0.076718248 0.080350503 -0.021199999
v -0.073568247 0.082169153 -0.021199999
f 4966//4966 4967//4966 4968//4966
vn 0.3535538 0.61237359 -0.70710558
v -0.080468252 0.081822746 -0.0218
v -0.07986825 0.082169153 -0.021199999
v -0.076718248 0.079657681 -0.0218
f 4969//4969 4970//4969 4971//4969
vn 0.35355243 0.61237228 -0.70710737
v -0.076718248 0.079657681 -0.0218
v -0.07986825 0.082169153 -0.021199999
v -0.076718248 0.080350503 -0.021199999
f 4972//4972 4973//4972 4974//4972
vn -0.70711005 -0 -0.70710349
v -0.073568247 0.085806459 -0.021199999
v -0.072968252 0.086152874 -0.0218
v -0.073568247 0.082169153 -0.021199999
f 4975//4975 4976//4975 4977//4975
vn -0.70711005 0 -0.70710349
v -0.073568247 0.082169153 -0.021199999
v -0.072968252 0.086152874 -0.0218
v -0.072968252 0.081822746 -0.0218
f 4978//4978 4979//4978 4980//4978
vn 0.7071057 0 -0.7071079
v -0.080468252 0.086152874 -0.0218
v -0.07986825 0.085806459 -0.021199999
v -0.080468252 0.081822746 -0.0218
f 4981//4981 4982//4981 4983//4981
vn 0.7071057 0 -0.7071079
v -0.080468252 0.081822746 -0.0218
v -0.07986825 0.085806459 -0.021199999
v -0.07986825 0.082169153 -0.021199999
f 4984//4984 4985//4984 4986//4984
vn -0.35355559 -0.61237526 -0.70710319
v -0.076718248 0.087625116 -0.021199999
v -0.076718248 0.088317931 -0.0218
v -0.073568247 0.085806459 -0.021199999
f 4987//4987 4988//4987 4989//4987
vn -0.3535527 -0.61237258 -0.70710701
v -0.073568247 0.085806459 -0.021199999
v -0.076718248 0.088317931 -0.0218
v -0.072968252 0.086152874 -0.0218
f 4990//4990 4991//4990 4992//4990
vn 0.35355383 -0.61237574 -0.70710373
v -0.076718248 0.088317931 -0.0218
v -0.076718248 0.087625116 -0.021199999
v -0.080468252 0.086152874 -0.0218
f 4993//4993 4994//4993 4995//4993
vn 0.35355243 -0.61236978 -0.70710957
v -0.080468252 0.086152874 -0.0218
v -0.076718248 0.087625116 -0.021199999
v -0.07986825 0.085806459 -0.021199999
f 4996//4996 4997//4996 4998//4996
vn -0.3535533 0.6123721 -0.70710713
v -0.046722218 0.079169877 -0.0218
v -0.046722218 0.079862699 -0.021199999
v -0.042972218 0.081334941 -0.0218
f 4999//4999 5000//4999 5001//4999
vn -0.35355398 0.61237496 -0.70710433
v -0.042972218 0.081334941 -0.0218
v -0.046722218 0.079862699 -0.021199999
v -0.043572217 0.081681348 -0.021199999
f 5002//5002 5003//5002 5004//5002
vn 0.35355482 0.61237413 -0.70710462
v -0.050472215 0.081334941 -0.0218
v -0.049872216 0.081681348 -0.021199999
v -0.046722218 0.079169877 -0.0218
f 5005//5005 5006//5005 5007//5005
vn 0.35355279 0.61237222 -0.70710731
v -0.046722218 0.079169877 -0.0218
v -0.049872216 0.081681348 -0.021199999
v -0.046722218 0.079862699 -0.021199999
f 5008//5008 5009//5008 5010//5008
vn -0.7071079 -0 -0.7071057
v -0.043572217 0.085318655 -0.021199999
v -0.042972218 0.085665062 -0.0218
v -0.043572217 0.081681348 -0.021199999
f 5011//5011 5012//5011 5013//5011
vn -0.7071079 0 -0.7071057
v -0.043572217 0.081681348 -0.021199999
v -0.042972218 0.085665062 -0.0218
v -0.042972218 0.081334941 -0.0218
f 5014//5014 5015//5014 5016//5014
vn 0.7071079 0 -0.7071057
v -0.050472215 0.085665062 -0.0218
v -0.049872216 0.085318655 -0.021199999
v -0.050472215 0.081334941 -0.0218
f 5017//5017 5018//5017 5019//5017
vn 0.7071079 0 -0.7071057
v -0.050472215 0.081334941 -0.0218
v -0.049872216 0.085318655 -0.021199999
v -0.049872216 0.081681348 -0.021199999
f 5020//5020 5021//5020 5022//5020
vn -0.35355559 -0.61237526 -0.70710319
v -0.046722218 0.087137312 -0.021199999
v -0.046722218 0.087830126 -0.0218
v -0.043572217 0.085318655 -0.021199999
f 5023//5023 5024//5023 5025//5023
vn -0.35355458 -0.61237431 -0.70710456
v -0.043572217 0.085318655 -0.021199999
v -0.046722218 0.087830126 -0.0218
v -0.042972218 0.085665062 -0.0218
f 5026//5026 5027//5026 5028//5026
vn 0.3535555 -0.61237532 -0.70710325
v -0.046722218 0.087830126 -0.0218
v -0.046722218 0.087137312 -0.021199999
v -0.050472215 0.085665062 -0.0218
f 5029//5029 5030//5029 5031//5029
vn 0.35355514 -0.61237377 -0.70710474
v -0.050472215 0.085665062 -0.0218
v -0.046722218 0.087137312 -0.021199999
v -0.049872216 0.085318655 -0.021199999
f 5032//5032 5033//5032 5034//5032
vn 0.50858915 -0.50858915 -0.69474757
v -0.077707991 0.11988318 -0.0187
v -0.078227609 0.12018318 -0.019299999
v -0.077049144 0.12054203 -0.0187
f 5035//5035 5036//5035 5037//5035
vn 0.50858897 -0.50859326 -0.69474471
v -0.077049144 0.12054203 -0.0187
v -0.078227609 0.12018318 -0.019299999
v -0.077349141 0.12106164 -0.019299999
f 5038//5038 5039//5038 5040//5038
vn 0.18615639 -0.69474918 -0.69474411
v -0.077049144 0.12054203 -0.0187
v -0.077349141 0.12106164 -0.019299999
v -0.076149143 0.12078318 -0.0187
f 5041//5041 5042//5041 5043//5041
vn 0.1861597 -0.69474405 -0.69474834
v -0.076149143 0.12078318 -0.0187
v -0.077349141 0.12106164 -0.019299999
v -0.076149143 0.12138318 -0.019299999
f 5044//5044 5045//5044 5046//5044
vn -0.18615517 -0.69474465 -0.69474894
v -0.076149143 0.12078318 -0.0187
v -0.076149143 0.12138318 -0.019299999
v -0.075249143 0.12054203 -0.0187
f 5047//5047 5048//5047 5049//5047
vn -0.18616062 -0.69474745 -0.69474471
v -0.075249143 0.12054203 -0.0187
v -0.076149143 0.12138318 -0.019299999
v -0.074949145 0.12106164 -0.019299999
f 5050//5050 5051//5050 5052//5050
vn -0.50859141 -0.50859141 -0.69474429
v -0.075249143 0.12054203 -0.0187
v -0.074949145 0.12106164 -0.019299999
v -0.074590296 0.11988318 -0.0187
f 5053//5053 5054//5053 5055//5053
vn -0.50859141 -0.50859141 -0.69474429
v -0.074590296 0.11988318 -0.0187
v -0.074949145 0.12106164 -0.019299999
v -0.074070685 0.12018318 -0.019299999
f 5056//5056 5057//5056 5058//5056
vn -0.69474918 -0.18615639 -0.69474411
v -0.074590296 0.11988318 -0.0187
v -0.074070685 0.12018318 -0.019299999
v -0.074349143 0.11898318 -0.0187
f 5059//5059 5060//5059 5061//5059
vn -0.69474876 -0.18615666 -0.69474447
v -0.074349143 0.11898318 -0.0187
v -0.074070685 0.12018318 -0.019299999
v -0.073749147 0.11898318 -0.019299999
f 5062//5062 5063//5062 5064//5062
vn -0.69474882 0.18615629 -0.69474453
v -0.074349143 0.11898318 -0.0187
v -0.073749147 0.11898318 -0.019299999
v -0.074590296 0.11808318 -0.0187
f 5065//5065 5066//5065 5067//5065
vn -0.69474906 0.18615673 -0.69474417
v -0.074590296 0.11808318 -0.0187
v -0.073749147 0.11898318 -0.019299999
v -0.074070685 0.11778318 -0.019299999
f 5068//5068 5069//5068 5070//5068
vn -0.50859141 0.50859141 -0.69474429
v -0.074590296 0.11808318 -0.0187
v -0.074070685 0.11778318 -0.019299999
v -0.075249143 0.11742433 -0.0187
f 5071//5071 5072//5071 5073//5071
vn -0.50859141 0.50859141 -0.69474429
v -0.075249143 0.11742433 -0.0187
v -0.074070685 0.11778318 -0.019299999
v -0.074949145 0.11690472 -0.019299999
f 5074//5074 5075//5074 5076//5074
vn -0.18615639 0.69474918 -0.69474411
v -0.075249143 0.11742433 -0.0187
v -0.074949145 0.11690472 -0.019299999
v -0.076149143 0.11718318 -0.0187
f 5077//5077 5078//5077 5079//5077
vn -0.18615666 0.69474876 -0.69474447
v -0.076149143 0.11718318 -0.0187
v -0.074949145 0.11690472 -0.019299999
v -0.076149143 0.11658318 -0.019299999
f 5080//5080 5081//5080 5082//5080
vn 0.18615629 0.69474882 -0.69474453
v -0.076149143 0.11718318 -0.0187
v -0.076149143 0.11658318 -0.019299999
v -0.077049144 0.11742433 -0.0187
f 5083//5083 5084//5083 5085//5083
vn 0.18615673 0.69474906 -0.69474417
v -0.077049144 0.11742433 -0.0187
v -0.076149143 0.11658318 -0.019299999
v -0.077349141 0.11690472 -0.019299999
f 5086//5086 5087//5086 5088//5086
vn 0.50859141 0.50859141 -0.69474429
v -0.077049144 0.11742433 -0.0187
v -0.077349141 0.11690472 -0.019299999
v -0.077707991 0.11808318 -0.0187
f 5089//5089 5090//5089 5091//5089
vn 0.5085873 0.50859159 -0.69474715
v -0.077707991 0.11808318 -0.0187
v -0.077349141 0.11690472 -0.019299999
v -0.078227609 0.11778318 -0.019299999
f 5092//5092 5093//5092 5094//5092
vn 0.694745 0.18615527 -0.69474858
v -0.077707991 0.11808318 -0.0187
v -0.078227609 0.11778318 -0.019299999
v -0.077949144 0.11898318 -0.0187
f 5095//5095 5096//5095 5097//5095
vn 0.69474459 0.18615554 -0.69474894
v -0.077949144 0.11898318 -0.0187
v -0.078227609 0.11778318 -0.019299999
v -0.078549147 0.11898318 -0.019299999
f 5098//5098 5099//5098 5100//5098
vn 0.69474465 -0.18615517 -0.69474894
v -0.077949144 0.11898318 -0.0187
v -0.078549147 0.11898318 -0.019299999
v -0.077707991 0.11988318 -0.0187
f 5101//5101 5102//5101 5103//5101
vn 0.69474488 -0.18615562 -0.69474864
v -0.077707991 0.11988318 -0.0187
v -0.078549147 0.11898318 -0.019299999
v -0.078227609 0.12018318 -0.019299999
f 5104//5104 5105//5104 5106//5104
vn 0.50858665 -0.50859243 -0.69474697
v -0.078277096 0.08488781 -0.0187
v -0.078796715 0.085187808 -0.019299999
v -0.077618249 0.08554665 -0.0187
f 5107//5107 5108//5107 5109//5107
vn 0.50858694 -0.50858694 -0.69475079
v -0.077618249 0.08554665 -0.0187
v -0.078796715 0.085187808 -0.019299999
v -0.077918254 0.086066268 -0.019299999
f 5110//5110 5111//5110 5112//5110
vn 0.18616015 -0.69474179 -0.69475049
v -0.077618249 0.08554665 -0.0187
v -0.077918254 0.086066268 -0.019299999
v -0.076718248 0.08578781 -0.0187
f 5113//5113 5114//5113 5115//5113
vn 0.18615554 -0.69474894 -0.69474459
v -0.076718248 0.08578781 -0.0187
v -0.077918254 0.086066268 -0.019299999
v -0.076718248 0.086387806 -0.019299999
f 5116//5116 5117//5116 5118//5116
vn -0.18616185 -0.69474804 -0.69474375
v -0.076718248 0.08578781 -0.0187
v -0.076718248 0.086387806 -0.019299999
v -0.075818248 0.08554665 -0.0187
f 5119//5119 5120//5119 5121//5119
vn -0.18615562 -0.69474488 -0.69474864
v -0.075818248 0.08554665 -0.0187
v -0.076718248 0.086387806 -0.019299999
v -0.07551825 0.086066268 -0.019299999
f 5122//5122 5123//5122 5124//5122
vn -0.50858915 -0.50858915 -0.69474757
v -0.075818248 0.08554665 -0.0187
v -0.07551825 0.086066268 -0.019299999
v -0.075159408 0.08488781 -0.0187
f 5125//5125 5126//5125 5127//5125
vn -0.50858915 -0.50858915 -0.69474757
v -0.075159408 0.08488781 -0.0187
v -0.07551825 0.086066268 -0.019299999
v -0.07463979 0.085187808 -0.019299999
f 5128//5128 5129//5128 5130//5128
vn -0.69474292 -0.18616045 -0.6947493
v -0.075159408 0.08488781 -0.0187
v -0.07463979 0.085187808 -0.019299999
v -0.074918248 0.08398781 -0.0187
f 5131//5131 5132//5131 5133//5131
vn -0.69474876 -0.18615666 -0.69474447
v -0.074918248 0.08398781 -0.0187
v -0.07463979 0.085187808 -0.019299999
v -0.074318253 0.08398781 -0.019299999
f 5134//5134 5135//5134 5136//5134
vn -0.69474804 0.18616185 -0.69474375
v -0.074918248 0.08398781 -0.0187
v -0.074318253 0.08398781 -0.019299999
v -0.075159408 0.083087809 -0.0187
f 5137//5137 5138//5137 5139//5137
vn -0.69474417 0.18615428 -0.69474965
v -0.075159408 0.083087809 -0.0187
v -0.074318253 0.08398781 -0.019299999
v -0.07463979 0.082787804 -0.019299999
f 5140//5140 5141//5140 5142//5140
vn -0.50858945 0.50858366 -0.69475138
v -0.075159408 0.083087809 -0.0187
v -0.07463979 0.082787804 -0.019299999
v -0.075818248 0.082428962 -0.0187
f 5143//5143 5144//5143 5145//5143
vn -0.50858915 0.50858915 -0.69474757
v -0.075818248 0.082428962 -0.0187
v -0.07463979 0.082787804 -0.019299999
v -0.07551825 0.081909344 -0.019299999
f 5146//5146 5147//5146 5148//5146
vn -0.18615527 0.694745 -0.69474858
v -0.075818248 0.082428962 -0.0187
v -0.07551825 0.081909344 -0.019299999
v -0.076718248 0.082187809 -0.0187
f 5149//5149 5150//5149 5151//5149
vn -0.18615554 0.69474459 -0.69474894
v -0.076718248 0.082187809 -0.0187
v -0.07551825 0.081909344 -0.019299999
v -0.076718248 0.081587806 -0.019299999
f 5152//5152 5153//5152 5154//5152
vn 0.18615517 0.69474465 -0.69474894
v -0.076718248 0.082187809 -0.0187
v -0.076718248 0.081587806 -0.019299999
v -0.077618249 0.082428962 -0.0187
f 5155//5155 5156//5155 5157//5155
vn 0.18615428 0.69474417 -0.69474965
v -0.077618249 0.082428962 -0.0187
v -0.076718248 0.081587806 -0.019299999
v -0.077918254 0.081909344 -0.019299999
f 5158//5158 5159//5158 5160//5158
vn 0.50858694 0.50858694 -0.69475079
v -0.077618249 0.082428962 -0.0187
v -0.077918254 0.081909344 -0.019299999
v -0.078277096 0.083087809 -0.0187
f 5161//5161 5162//5161 5163//5161
vn 0.50858694 0.50858694 -0.69475079
v -0.078277096 0.083087809 -0.0187
v -0.077918254 0.081909344 -0.019299999
v -0.078796715 0.082787804 -0.019299999
f 5164//5164 5165//5164 5166//5164
vn 0.69474393 0.18615498 -0.69474977
v -0.078277096 0.083087809 -0.0187
v -0.078796715 0.082787804 -0.019299999
v -0.078518249 0.08398781 -0.0187
f 5167//5167 5168//5167 5169//5167
vn 0.69474477 0.18615443 -0.69474906
v -0.078518249 0.08398781 -0.0187
v -0.078796715 0.082787804 -0.019299999
v -0.079118252 0.08398781 -0.019299999
f 5170//5170 5171//5170 5172//5170
vn 0.69474465 -0.18615517 -0.69474894
v -0.078518249 0.08398781 -0.0187
v -0.079118252 0.08398781 -0.019299999
v -0.078277096 0.08488781 -0.0187
f 5173//5173 5174//5173 5175//5173
vn 0.69474488 -0.18615562 -0.69474864
v -0.078277096 0.08488781 -0.0187
v -0.079118252 0.08398781 -0.019299999
v -0.078796715 0.085187808 -0.019299999
f 5176//5176 5177//5176 5178//5176
vn 0.50858778 -0.5085935 -0.69474536
v -0.048281062 0.084400006 -0.0187
v -0.048800677 0.084700003 -0.019299999
v -0.047622215 0.085058846 -0.0187
f 5179//5179 5180//5179 5181//5179
vn 0.50858802 -0.50858802 -0.69474918
v -0.047622215 0.085058846 -0.0187
v -0.048800677 0.084700003 -0.019299999
v -0.047922216 0.085578464 -0.019299999
f 5182//5182 5183//5182 5184//5182
vn 0.18615581 -0.69474417 -0.69474924
v -0.047622215 0.085058846 -0.0187
v -0.047922216 0.085578464 -0.019299999
v -0.046722218 0.085299999 -0.0187
f 5185//5185 5186//5185 5187//5185
vn 0.18615554 -0.69474459 -0.69474894
v -0.046722218 0.085299999 -0.0187
v -0.047922216 0.085578464 -0.019299999
v -0.046722218 0.085900001 -0.019299999
f 5188//5188 5189//5188 5190//5188
vn -0.18615517 -0.69474465 -0.69474894
v -0.046722218 0.085299999 -0.0187
v -0.046722218 0.085900001 -0.019299999
v -0.045822218 0.085058846 -0.0187
f 5191//5191 5192//5191 5193//5191
vn -0.18615495 -0.69474453 -0.69474912
v -0.045822218 0.085058846 -0.0187
v -0.046722218 0.085900001 -0.019299999
v -0.045522217 0.085578464 -0.019299999
f 5194//5194 5195//5194 5196//5194
vn -0.5085848 -0.50859052 -0.69474971
v -0.045822218 0.085058846 -0.0187
v -0.045522217 0.085578464 -0.019299999
v -0.045163371 0.084400006 -0.0187
f 5197//5197 5198//5197 5199//5197
vn -0.50859028 -0.50859028 -0.6947459
v -0.045163371 0.084400006 -0.0187
v -0.045522217 0.085578464 -0.019299999
v -0.044643756 0.084700003 -0.019299999
f 5200//5200 5201//5200 5202//5200
vn -0.69474709 -0.18615583 -0.69474632
v -0.045163371 0.084400006 -0.0187
v -0.044643756 0.084700003 -0.019299999
v -0.044922218 0.083500005 -0.0187
f 5203//5203 5204//5203 5205//5203
vn -0.69474435 -0.18615763 -0.69474864
v -0.044922218 0.083500005 -0.0187
v -0.044643756 0.084700003 -0.019299999
v -0.044322215 0.083500005 -0.019299999
f 5206//5206 5207//5206 5208//5206
vn -0.69474465 0.18615517 -0.69474894
v -0.044922218 0.083500005 -0.0187
v -0.044322215 0.083500005 -0.019299999
v -0.045163371 0.082600005 -0.0187
f 5209//5209 5210//5209 5211//5209
vn -0.69474548 0.18615678 -0.69474769
v -0.045163371 0.082600005 -0.0187
v -0.044322215 0.083500005 -0.019299999
v -0.044643756 0.0823 -0.019299999
f 5212//5212 5213//5212 5214//5212
vn -0.50858802 0.50858802 -0.69474918
v -0.045163371 0.082600005 -0.0187
v -0.044643756 0.0823 -0.019299999
v -0.045822218 0.081941158 -0.0187
f 5215//5215 5216//5215 5217//5215
vn -0.50858802 0.50858802 -0.69474918
v -0.045822218 0.081941158 -0.0187
v -0.044643756 0.0823 -0.019299999
v -0.045522217 0.081421539 -0.019299999
f 5218//5218 5219//5218 5220//5218
vn -0.18615513 0.69474447 -0.69474918
v -0.045822218 0.081941158 -0.0187
v -0.045522217 0.081421539 -0.019299999
v -0.046722218 0.081700005 -0.0187
f 5221//5221 5222//5221 5223//5221
vn -0.18615499 0.69474465 -0.694749
v -0.046722218 0.081700005 -0.0187
v -0.045522217 0.081421539 -0.019299999
v -0.046722218 0.081100002 -0.019299999
f 5224//5224 5225//5224 5226//5224
vn 0.18615592 0.69474453 -0.69474888
v -0.046722218 0.081700005 -0.0187
v -0.046722218 0.081100002 -0.019299999
v -0.047622215 0.081941158 -0.0187
f 5227//5227 5228//5227 5229//5227
vn 0.18615547 0.69474435 -0.69474924
v -0.047622215 0.081941158 -0.0187
v -0.046722218 0.081100002 -0.019299999
v -0.047922216 0.081421539 -0.019299999
f 5230//5230 5231//5230 5232//5230
vn 0.50858802 0.50858802 -0.69474918
v -0.047622215 0.081941158 -0.0187
v -0.047922216 0.081421539 -0.019299999
v -0.048281062 0.082600005 -0.0187
f 5233//5233 5234//5233 5235//5233
vn 0.50858802 0.50858802 -0.69474918
v -0.048281062 0.082600005 -0.0187
v -0.047922216 0.081421539 -0.019299999
v -0.048800677 0.0823 -0.019299999
f 5236//5236 5237//5236 5238//5236
vn 0.69474602 0.18615553 -0.69474751
v -0.048281062 0.082600005 -0.0187
v -0.048800677 0.0823 -0.019299999
v -0.048522215 0.083500005 -0.0187
f 5239//5239 5240//5239 5241//5239
vn 0.69474447 0.18615651 -0.69474876
v -0.048522215 0.083500005 -0.0187
v -0.048800677 0.0823 -0.019299999
v -0.049122218 0.083500005 -0.019299999
f 5242//5242 5243//5242 5244//5242
vn 0.69474465 -0.18615517 -0.69474894
v -0.048522215 0.083500005 -0.0187
v -0.049122218 0.083500005 -0.019299999
v -0.048281062 0.084400006 -0.0187
f 5245//5245 5246//5245 5247//5245
vn 0.69474614 -0.18615812 -0.69474667
v -0.048281062 0.084400006 -0.0187
v -0.049122218 0.083500005 -0.019299999
v -0.048800677 0.084700003 -0.019299999
f 5248//5248 5249//5248 5250//5248
vn 0.50858939 -0.50859225 -0.69474506
v -0.063281067 0.055399999 0.0088
v -0.063800678 0.055699997 0.0082
v -0.062622219 0.056058843 0.0088
f 5251//5251 5252//5251 5253//5251
vn 0.50858963 -0.50858748 -0.6947484
v -0.062622219 0.056058843 0.0088
v -0.063800678 0.055699997 0.0082
v -0.062922217 0.056578461 0.0082
f 5254//5254 5255//5254 5256//5254
vn 0.18615785 -0.69474393 -0.694749
v -0.062622219 0.056058843 0.0088
v -0.062922217 0.056578461 0.0082
v -0.061722215 0.056299999 0.0088
f 5257//5257 5258//5257 5259//5257
vn 0.18615568 -0.69474727 -0.6947462
v -0.061722215 0.056299999 0.0088
v -0.062922217 0.056578461 0.0082
v -0.061722215 0.056899998 0.0082
f 5260//5260 5261//5260 5262//5260
vn -0.18615864 -0.69474685 -0.69474578
v -0.061722215 0.056299999 0.0088
v -0.061722215 0.056899998 0.0082
v -0.060822215 0.056058843 0.0088
f 5263//5263 5264//5263 5265//5263
vn -0.18615575 -0.69474542 -0.69474804
v -0.060822215 0.056058843 0.0088
v -0.061722215 0.056899998 0.0082
v -0.060522217 0.056578461 0.0082
f 5266//5266 5267//5266 5268//5266
vn -0.50858951 -0.50858951 -0.69474697
v -0.060822215 0.056058843 0.0088
v -0.060522217 0.056578461 0.0082
v -0.060163371 0.055399999 0.0088
f 5269//5269 5270//5269 5271//5269
vn -0.50859159 -0.50858945 -0.69474554
v -0.060163371 0.055399999 0.0088
v -0.060522217 0.056578461 0.0082
v -0.059643757 0.055699997 0.0082
f 5272//5272 5273//5272 5274//5272
vn -0.69474763 -0.18615597 -0.69474578
v -0.060163371 0.055399999 0.0088
v -0.059643757 0.055699997 0.0082
v -0.059922218 0.054499999 0.0088
f 5275//5275 5276//5275 5277//5275
vn -0.69474483 -0.18615776 -0.6947481
v -0.059922218 0.054499999 0.0088
v -0.059643757 0.055699997 0.0082
v -0.059322216 0.054499999 0.0082
f 5278//5278 5279//5278 5280//5278
vn -0.69474518 0.1861553 -0.6947484
v -0.059922218 0.054499999 0.0088
v -0.059322216 0.054499999 0.0082
v -0.060163371 0.053599998 0.0088
f 5281//5281 5282//5281 5283//5281
vn -0.69474632 0.18615758 -0.69474661
v -0.060163371 0.053599998 0.0088
v -0.059322216 0.054499999 0.0082
v -0.059643757 0.053299997 0.0082
f 5284//5284 5285//5284 5286//5284
vn -0.50859076 0.5085879 -0.69474727
v -0.060163371 0.053599998 0.0088
v -0.059643757 0.053299997 0.0082
v -0.060822215 0.052941151 0.0088
f 5287//5287 5288//5287 5289//5287
vn -0.50859064 0.50859064 -0.69474536
v -0.060822215 0.052941151 0.0088
v -0.059643757 0.053299997 0.0082
v -0.060522217 0.052421536 0.0082
f 5290//5290 5291//5290 5292//5290
vn -0.18615597 0.69474763 -0.69474578
v -0.060822215 0.052941151 0.0088
v -0.060522217 0.052421536 0.0082
v -0.061722215 0.052699998 0.0088
f 5293//5293 5294//5293 5295//5293
vn -0.18615624 0.69474721 -0.69474614
v -0.061722215 0.052699998 0.0088
v -0.060522217 0.052421536 0.0082
v -0.061722215 0.052099999 0.0082
f 5296//5296 5297//5296 5298//5296
vn 0.18615587 0.69474727 -0.6947462
v -0.061722215 0.052699998 0.0088
v -0.061722215 0.052099999 0.0082
v -0.062622219 0.052941151 0.0088
f 5299//5299 5300//5299 5301//5299
vn 0.18615565 0.69474715 -0.69474638
v -0.062622219 0.052941151 0.0088
v -0.061722215 0.052099999 0.0082
v -0.062922217 0.052421536 0.0082
f 5302//5302 5303//5302 5304//5302
vn 0.50858951 0.50858951 -0.69474697
v -0.062622219 0.052941151 0.0088
v -0.062922217 0.052421536 0.0082
v -0.063281067 0.053599998 0.0088
f 5305//5305 5306//5305 5307//5305
vn 0.50858951 0.50858951 -0.69474697
v -0.063281067 0.053599998 0.0088
v -0.062922217 0.052421536 0.0082
v -0.063800678 0.053299997 0.0082
f 5308//5308 5309//5308 5310//5308
vn 0.69474709 0.18615583 -0.69474638
v -0.063281067 0.053599998 0.0088
v -0.063800678 0.053299997 0.0082
v -0.06352222 0.054499999 0.0088
f 5311//5311 5312//5311 5313//5311
vn 0.69474727 0.18615568 -0.6947462
v -0.06352222 0.054499999 0.0088
v -0.063800678 0.053299997 0.0082
v -0.064122215 0.054499999 0.0082
f 5314//5314 5315//5314 5316//5314
vn 0.69474727 -0.18615587 -0.6947462
v -0.06352222 0.054499999 0.0088
v -0.064122215 0.054499999 0.0082
v -0.063281067 0.055399999 0.0088
f 5317//5317 5318//5317 5319//5317
vn 0.69474751 -0.18615632 -0.69474584
v -0.063281067 0.055399999 0.0088
v -0.064122215 0.054499999 0.0082
v -0.063800678 0.055699997 0.0082
f 5320//5320 5321//5320 5322//5320
vn 0.50859064 -0.50859064 -0.69474536
v -0.053281061 0.055399999 0.0088
v -0.053800676 0.055699997 0.0082
v -0.052622218 0.056058843 0.0088
f 5323//5323 5324//5323 5325//5323
vn 0.50859076 -0.50858861 -0.69474679
v -0.052622218 0.056058843 0.0088
v -0.053800676 0.055699997 0.0082
v -0.052922215 0.056578461 0.0082
f 5326//5326 5327//5326 5328//5326
vn 0.186158 -0.69474447 -0.6947484
v -0.052622218 0.056058843 0.0088
v -0.052922215 0.056578461 0.0082
v -0.051722217 0.056299999 0.0088
f 5329//5329 5330//5329 5331//5329
vn 0.18615624 -0.69474721 -0.69474614
v -0.051722217 0.056299999 0.0088
v -0.052922215 0.056578461 0.0082
v -0.051722217 0.056899998 0.0082
f 5332//5332 5333//5332 5334//5332
vn -0.18615864 -0.69474685 -0.69474578
v -0.051722217 0.056299999 0.0088
v -0.051722217 0.056899998 0.0082
v -0.050822217 0.056058843 0.0088
f 5335//5335 5336//5335 5337//5335
vn -0.18615508 -0.69474506 -0.69474858
v -0.050822217 0.056058843 0.0088
v -0.051722217 0.056899998 0.0082
v -0.050522216 0.056578461 0.0082
f 5338//5338 5339//5338 5340//5338
vn -0.50858682 -0.50858968 -0.69474888
v -0.050822217 0.056058843 0.0088
v -0.050522216 0.056578461 0.0082
v -0.05016337 0.055399999 0.0088
f 5341//5341 5342//5341 5343//5341
vn -0.50859159 -0.50858945 -0.69474554
v -0.05016337 0.055399999 0.0088
v -0.050522216 0.056578461 0.0082
v -0.049643755 0.055699997 0.0082
f 5344//5344 5345//5344 5346//5344
vn -0.69474763 -0.18615597 -0.69474578
v -0.05016337 0.055399999 0.0088
v -0.049643755 0.055699997 0.0082
v -0.049922217 0.054499999 0.0088
f 5347//5347 5348//5347 5349//5347
vn -0.69474721 -0.18615624 -0.69474614
v -0.049922217 0.054499999 0.0088
v -0.049643755 0.055699997 0.0082
v -0.049322218 0.054499999 0.0082
f 5350//5350 5351//5350 5352//5350
vn -0.69474727 0.18615587 -0.6947462
v -0.049922217 0.054499999 0.0088
v -0.049322218 0.054499999 0.0082
v -0.05016337 0.053599998 0.0088
f 5353//5353 5354//5353 5355//5353
vn -0.69474715 0.18615565 -0.69474638
v -0.05016337 0.053599998 0.0088
v -0.049322218 0.054499999 0.0082
v -0.049643755 0.053299997 0.0082
f 5356//5356 5357//5356 5358//5356
vn -0.50858951 0.50858951 -0.69474697
v -0.05016337 0.053599998 0.0088
v -0.049643755 0.053299997 0.0082
v -0.050822217 0.052941151 0.0088
f 5359//5359 5360//5359 5361//5359
vn -0.50858951 0.50858951 -0.69474697
v -0.050822217 0.052941151 0.0088
v -0.049643755 0.053299997 0.0082
v -0.050522216 0.052421536 0.0082
f 5362//5362 5363//5362 5364//5362
vn -0.18615583 0.69474709 -0.69474638
v -0.050822217 0.052941151 0.0088
v -0.050522216 0.052421536 0.0082
v -0.051722217 0.052699998 0.0088
f 5365//5365 5366//5365 5367//5365
vn -0.18615568 0.69474727 -0.6947462
v -0.051722217 0.052699998 0.0088
v -0.050522216 0.052421536 0.0082
v -0.051722217 0.052099999 0.0082
f 5368//5368 5369//5368 5370//5368
vn 0.18615587 0.69474727 -0.6947462
v -0.051722217 0.052699998 0.0088
v -0.051722217 0.052099999 0.0082
v -0.052622218 0.052941151 0.0088
f 5371//5371 5372//5371 5373//5371
vn 0.18615632 0.69474751 -0.69474584
v -0.052622218 0.052941151 0.0088
v -0.051722217 0.052099999 0.0082
v -0.052922215 0.052421536 0.0082
f 5374//5374 5375//5374 5376//5374
vn 0.50859225 0.50858939 -0.69474506
v -0.052622218 0.052941151 0.0088
v -0.052922215 0.052421536 0.0082
v -0.053281061 0.053599998 0.0088
f 5377//5377 5378//5377 5379//5377
vn 0.50858951 0.50858951 -0.69474697
v -0.053281061 0.053599998 0.0088
v -0.052922215 0.052421536 0.0082
v -0.053800676 0.053299997 0.0082
f 5380//5380 5381//5380 5382//5380
vn 0.69474602 0.1861584 -0.69474673
v -0.053281061 0.053599998 0.0088
v -0.053800676 0.053299997 0.0082
v -0.053522218 0.054499999 0.0088
f 5383//5383 5384//5383 5385//5383
vn 0.69474697 0.18615776 -0.6947459
v -0.053522218 0.054499999 0.0088
v -0.053800676 0.053299997 0.0082
v -0.054122217 0.054499999 0.0082
f 5386//5386 5387//5386 5388//5386
vn 0.69474685 -0.18615864 -0.69474578
v -0.053522218 0.054499999 0.0088
v -0.054122217 0.054499999 0.0082
v -0.053281061 0.055399999 0.0088
f 5389//5389 5390//5389 5391//5389
vn 0.69474667 -0.18615825 -0.69474608
v -0.053281061 0.055399999 0.0088
v -0.054122217 0.054499999 0.0082
v -0.053800676 0.055699997 0.0082
f 5392//5392 5393//5392 5394//5392
vn 0.50858968 -0.50858682 -0.69474888
v -0.053281061 0.0704 0.0088
v -0.053800676 0.070700005 0.0082
v -0.052622218 0.071058847 0.0088
f 5395//5395 5396//5395 5397//5395
vn 0.50858951 -0.50858951 -0.69474697
v -0.052622218 0.071058847 0.0088
v -0.053800676 0.070700005 0.0082
v -0.052922215 0.071578465 0.0082
f 5398//5398 5399//5398 5400//5398
vn 0.18615541 -0.69474554 -0.69474798
v -0.052622218 0.071058847 0.0088
v -0.052922215 0.071578465 0.0082
v -0.051722217 0.0713 0.0088
f 5401//5401 5402//5401 5403//5401
vn 0.18615568 -0.69474512 -0.69474834
v -0.051722217 0.0713 0.0088
v -0.052922215 0.071578465 0.0082
v -0.051722217 0.071900003 0.0082
f 5404//5404 5405//5404 5406//5404
vn -0.1861553 -0.69474518 -0.6947484
v -0.051722217 0.0713 0.0088
v -0.051722217 0.071900003 0.0082
v -0.050822217 0.071058847 0.0088
f 5407//5407 5408//5407 5409//5407
vn -0.18615508 -0.69474506 -0.69474858
v -0.050822217 0.071058847 0.0088
v -0.051722217 0.071900003 0.0082
v -0.050522216 0.071578465 0.0082
f 5410//5410 5411//5410 5412//5410
vn -0.50858843 -0.50858843 -0.69474864
v -0.050822217 0.071058847 0.0088
v -0.050522216 0.071578465 0.0082
v -0.05016337 0.0704 0.0088
f 5413//5413 5414//5413 5415//5413
vn -0.50858843 -0.50858843 -0.69474864
v -0.05016337 0.0704 0.0088
v -0.050522216 0.071578465 0.0082
v -0.049643755 0.070700005 0.0082
f 5416//5416 5417//5416 5418//5416
vn -0.69474649 -0.18615568 -0.69474697
v -0.05016337 0.0704 0.0088
v -0.049643755 0.070700005 0.0082
v -0.049922217 0.069499999 0.0088
f 5419//5419 5420//5419 5421//5419
vn -0.69474733 -0.18615513 -0.69474626
v -0.049922217 0.069499999 0.0088
v -0.049643755 0.070700005 0.0082
v -0.049322218 0.069499999 0.0082
f 5422//5422 5423//5422 5424//5422
vn -0.69474727 0.18615587 -0.6947462
v -0.049922217 0.069499999 0.0088
v -0.049322218 0.069499999 0.0082
v -0.05016337 0.068599999 0.0088
f 5425//5425 5426//5425 5427//5425
vn -0.69474751 0.18615632 -0.69474584
v -0.05016337 0.068599999 0.0088
v -0.049322218 0.069499999 0.0082
v -0.049643755 0.068300001 0.0082
f 5428//5428 5429//5428 5430//5428
vn -0.50858814 0.50859392 -0.69474483
v -0.05016337 0.068599999 0.0088
v -0.049643755 0.068300001 0.0082
v -0.050822217 0.067941159 0.0088
f 5431//5431 5432//5431 5433//5431
vn -0.50858843 0.50858843 -0.69474864
v -0.050822217 0.067941159 0.0088
v -0.049643755 0.068300001 0.0082
v -0.050522216 0.067421541 0.0082
f 5434//5434 5435//5434 5436//5434
vn -0.18616045 0.69474286 -0.69474936
v -0.050822217 0.067941159 0.0088
v -0.050522216 0.067421541 0.0082
v -0.051722217 0.067699999 0.0088
f 5437//5437 5438//5437 5439//5437
vn -0.18615624 0.69474936 -0.69474399
v -0.051722217 0.067699999 0.0088
v -0.050522216 0.067421541 0.0082
v -0.051722217 0.067100003 0.0082
f 5440//5440 5441//5440 5442//5440
vn 0.18616198 0.69474858 -0.69474322
v -0.051722217 0.067699999 0.0088
v -0.051722217 0.067100003 0.0082
v -0.052622218 0.067941159 0.0088
f 5443//5443 5444//5443 5445//5443
vn 0.18615575 0.69474542 -0.69474804
v -0.052622218 0.067941159 0.0088
v -0.051722217 0.067100003 0.0082
v -0.052922215 0.067421541 0.0082
f 5446//5446 5447//5446 5448//5446
vn 0.5085879 0.50859076 -0.69474727
v -0.052622218 0.067941159 0.0088
v -0.052922215 0.067421541 0.0082
v -0.053281061 0.068599999 0.0088
f 5449//5449 5450//5449 5451//5449
vn 0.50859064 0.50859064 -0.69474536
v -0.053281061 0.068599999 0.0088
v -0.052922215 0.067421541 0.0082
v -0.053800676 0.068300001 0.0082
f 5452//5452 5453//5452 5454//5452
vn 0.69474655 0.18615855 -0.69474614
v -0.053281061 0.068599999 0.0088
v -0.053800676 0.068300001 0.0082
v -0.053522218 0.069499999 0.0088
f 5455//5455 5456//5455 5457//5455
vn 0.69474691 0.18615833 -0.69474584
v -0.053522218 0.069499999 0.0088
v -0.053800676 0.068300001 0.0082
v -0.054122217 0.069499999 0.0082
f 5458//5458 5459//5458 5460//5458
vn 0.69474685 -0.18615864 -0.69474578
v -0.053522218 0.069499999 0.0088
v -0.054122217 0.069499999 0.0082
v -0.053281061 0.0704 0.0088
f 5461//5461 5462//5461 5463//5461
vn 0.69474602 -0.18615691 -0.69474715
v -0.053281061 0.0704 0.0088
v -0.054122217 0.069499999 0.0082
v -0.053800676 0.070700005 0.0082
f 5464//5464 5465//5464 5466//5464
vn 0.50858843 -0.50858843 -0.69474864
v -0.063281067 0.0704 0.0088
v -0.063800678 0.070700005 0.0082
v -0.062622219 0.071058847 0.0088
f 5467//5467 5468//5467 5469//5467
vn 0.50858843 -0.50858843 -0.69474864
v -0.062622219 0.071058847 0.0088
v -0.063800678 0.070700005 0.0082
v -0.062922217 0.071578465 0.0082
f 5470//5470 5471//5470 5472//5470
vn 0.18615526 -0.694745 -0.69474858
v -0.062622219 0.071058847 0.0088
v -0.062922217 0.071578465 0.0082
v -0.061722215 0.0713 0.0088
f 5473//5473 5474//5473 5475//5473
vn 0.18615513 -0.69474518 -0.6947484
v -0.061722215 0.0713 0.0088
v -0.062922217 0.071578465 0.0082
v -0.061722215 0.071900003 0.0082
f 5476//5476 5477//5476 5478//5476
vn -0.1861553 -0.69474518 -0.6947484
v -0.061722215 0.0713 0.0088
v -0.061722215 0.071900003 0.0082
v -0.060822215 0.071058847 0.0088
f 5479//5479 5480//5479 5481//5479
vn -0.18615575 -0.69474542 -0.69474804
v -0.060822215 0.071058847 0.0088
v -0.061722215 0.071900003 0.0082
v -0.060522217 0.071578465 0.0082
f 5482//5482 5483//5482 5484//5482
vn -0.50859118 -0.50858825 -0.69474673
v -0.060822215 0.071058847 0.0088
v -0.060522217 0.071578465 0.0082
v -0.060163371 0.0704 0.0088
f 5485//5485 5486//5485 5487//5485
vn -0.50858843 -0.50858843 -0.69474864
v -0.060163371 0.0704 0.0088
v -0.060522217 0.071578465 0.0082
v -0.059643757 0.070700005 0.0082
f 5488//5488 5489//5488 5490//5488
vn -0.69474649 -0.18615568 -0.69474697
v -0.060163371 0.0704 0.0088
v -0.059643757 0.070700005 0.0082
v -0.059922218 0.069499999 0.0088
f 5491//5491 5492//5491 5493//5491
vn -0.694745 -0.18615665 -0.69474822
v -0.059922218 0.069499999 0.0088
v -0.059643757 0.070700005 0.0082
v -0.059322216 0.069499999 0.0082
f 5494//5494 5495//5494 5496//5494
vn -0.69474518 0.1861553 -0.6947484
v -0.059922218 0.069499999 0.0088
v -0.059322216 0.069499999 0.0082
v -0.060163371 0.068599999 0.0088
f 5497//5497 5498//5497 5499//5497
vn -0.69474667 0.18615825 -0.69474608
v -0.060163371 0.068599999 0.0088
v -0.059322216 0.069499999 0.0082
v -0.059643757 0.068300001 0.0082
f 5500//5500 5501//5500 5502//5500
vn -0.50858939 0.50859225 -0.69474506
v -0.060163371 0.068599999 0.0088
v -0.059643757 0.068300001 0.0082
v -0.060822215 0.067941159 0.0088
f 5503//5503 5504//5503 5505//5503
vn -0.50858951 0.50858951 -0.69474697
v -0.060822215 0.067941159 0.0088
v -0.059643757 0.068300001 0.0082
v -0.060522217 0.067421541 0.0082
f 5506//5506 5507//5506 5508//5506
vn -0.18616059 0.69474339 -0.69474876
v -0.060822215 0.067941159 0.0088
v -0.060522217 0.067421541 0.0082
v -0.061722215 0.067699999 0.0088
f 5509//5509 5510//5509 5511//5509
vn -0.18615679 0.6947493 -0.69474387
v -0.061722215 0.067699999 0.0088
v -0.060522217 0.067421541 0.0082
v -0.061722215 0.067100003 0.0082
f 5512//5512 5513//5512 5514//5512
vn 0.18616198 0.69474858 -0.69474322
v -0.061722215 0.067699999 0.0088
v -0.061722215 0.067100003 0.0082
v -0.062622219 0.067941159 0.0088
f 5515//5515 5516//5515 5517//5515
vn 0.18615508 0.69474506 -0.69474858
v -0.062622219 0.067941159 0.0088
v -0.061722215 0.067100003 0.0082
v -0.062922217 0.067421541 0.0082
f 5518//5518 5519//5518 5520//5518
vn 0.50858516 0.50859094 -0.69474918
v -0.062622219 0.067941159 0.0088
v -0.062922217 0.067421541 0.0082
v -0.063281067 0.068599999 0.0088
f 5521//5521 5522//5521 5523//5521
vn 0.50859064 0.50859064 -0.69474536
v -0.063281067 0.068599999 0.0088
v -0.062922217 0.067421541 0.0082
v -0.063800678 0.068300001 0.0082
f 5524//5524 5525//5524 5526//5524
vn 0.69474763 0.18615597 -0.69474578
v -0.063281067 0.068599999 0.0088
v -0.063800678 0.068300001 0.0082
v -0.06352222 0.069499999 0.0088
f 5527//5527 5528//5527 5529//5527
vn 0.69474721 0.18615624 -0.69474614
v -0.06352222 0.069499999 0.0088
v -0.063800678 0.068300001 0.0082
v -0.064122215 0.069499999 0.0082
f 5530//5530 5531//5530 5532//5530
vn 0.69474727 -0.18615587 -0.6947462
v -0.06352222 0.069499999 0.0088
v -0.064122215 0.069499999 0.0082
v -0.063281067 0.0704 0.0088
f 5533//5533 5534//5533 5535//5533
vn 0.69474679 -0.18615498 -0.69474685
v -0.063281067 0.0704 0.0088
v -0.064122215 0.069499999 0.0082
v -0.063800678 0.070700005 0.0082
f 5536//5536 5537//5536 5538//5536
vn -0.50859064 -0.50859064 0.69474536
v -0.060163371 0.055399999 0.0123
v -0.059643757 0.055699997 0.0129
v -0.060822215 0.056058843 0.0123
f 5539//5539 5540//5539 5541//5539
vn -0.50859076 -0.50858861 0.69474679
v -0.060822215 0.056058843 0.0123
v -0.059643757 0.055699997 0.0129
v -0.060522217 0.056578461 0.0129
f 5542//5542 5543//5542 5544//5542
vn -0.186158 -0.69474447 0.6947484
v -0.060822215 0.056058843 0.0123
v -0.060522217 0.056578461 0.0129
v -0.061722215 0.056299999 0.0123
f 5545//5545 5546//5545 5547//5545
vn -0.18615624 -0.69474721 0.69474614
v -0.061722215 0.056299999 0.0123
v -0.060522217 0.056578461 0.0129
v -0.061722215 0.056899998 0.0129
f 5548//5548 5549//5548 5550//5548
vn 0.18615864 -0.69474685 0.69474578
v -0.061722215 0.056299999 0.0123
v -0.061722215 0.056899998 0.0129
v -0.062622219 0.056058843 0.0123
f 5551//5551 5552//5551 5553//5551
vn 0.18615508 -0.69474506 0.69474858
v -0.062622219 0.056058843 0.0123
v -0.061722215 0.056899998 0.0129
v -0.062922217 0.056578461 0.0129
f 5554//5554 5555//5554 5556//5554
vn 0.50858682 -0.50858968 0.69474888
v -0.062622219 0.056058843 0.0123
v -0.062922217 0.056578461 0.0129
v -0.063281067 0.055399999 0.0123
f 5557//5557 5558//5557 5559//5557
vn 0.50859159 -0.50858945 0.69474554
v -0.063281067 0.055399999 0.0123
v -0.062922217 0.056578461 0.0129
v -0.063800678 0.055699997 0.0129
f 5560//5560 5561//5560 5562//5560
vn 0.69474763 -0.18615597 0.69474578
v -0.063281067 0.055399999 0.0123
v -0.063800678 0.055699997 0.0129
v -0.06352222 0.054499999 0.0123
f 5563//5563 5564//5563 5565//5563
vn 0.69474721 -0.18615624 0.69474614
v -0.06352222 0.054499999 0.0123
v -0.063800678 0.055699997 0.0129
v -0.064122215 0.054499999 0.0129
f 5566//5566 5567//5566 5568//5566
vn 0.69474727 0.18615587 0.6947462
v -0.06352222 0.054499999 0.0123
v -0.064122215 0.054499999 0.0129
v -0.063281067 0.053599998 0.0123
f 5569//5569 5570//5569 5571//5569
vn 0.69474715 0.18615565 0.69474638
v -0.063281067 0.053599998 0.0123
v -0.064122215 0.054499999 0.0129
v -0.063800678 0.053299997 0.0129
f 5572//5572 5573//5572 5574//5572
vn 0.50858951 0.50858951 0.69474697
v -0.063281067 0.053599998 0.0123
v -0.063800678 0.053299997 0.0129
v -0.062622219 0.052941151 0.0123
f 5575//5575 5576//5575 5577//5575
vn 0.50858951 0.50858951 0.69474697
v -0.062622219 0.052941151 0.0123
v -0.063800678 0.053299997 0.0129
v -0.062922217 0.052421536 0.0129
f 5578//5578 5579//5578 5580//5578
vn 0.18615583 0.69474709 0.69474638
v -0.062622219 0.052941151 0.0123
v -0.062922217 0.052421536 0.0129
v -0.061722215 0.052699998 0.0123
f 5581//5581 5582//5581 5583//5581
vn 0.18615568 0.69474727 0.6947462
v -0.061722215 0.052699998 0.0123
v -0.062922217 0.052421536 0.0129
v -0.061722215 0.052099999 0.0129
f 5584//5584 5585//5584 5586//5584
vn -0.18615587 0.69474727 0.6947462
v -0.061722215 0.052699998 0.0123
v -0.061722215 0.052099999 0.0129
v -0.060822215 0.052941151 0.0123
f 5587//5587 5588//5587 5589//5587
vn -0.18615632 0.69474751 0.69474584
v -0.060822215 0.052941151 0.0123
v -0.061722215 0.052099999 0.0129
v -0.060522217 0.052421536 0.0129
f 5590//5590 5591//5590 5592//5590
vn -0.50859225 0.50858939 0.69474506
v -0.060822215 0.052941151 0.0123
v -0.060522217 0.052421536 0.0129
v -0.060163371 0.053599998 0.0123
f 5593//5593 5594//5593 5595//5593
vn -0.50858951 0.50858951 0.69474697
v -0.060163371 0.053599998 0.0123
v -0.060522217 0.052421536 0.0129
v -0.059643757 0.053299997 0.0129
f 5596//5596 5597//5596 5598//5596
vn -0.69474709 0.18615583 0.69474638
v -0.060163371 0.053599998 0.0123
v -0.059643757 0.053299997 0.0129
v -0.059922218 0.054499999 0.0123
f 5599//5599 5600//5599 5601//5599
vn -0.69474494 0.18615721 0.69474816
v -0.059922218 0.054499999 0.0123
v -0.059643757 0.053299997 0.0129
v -0.059322216 0.054499999 0.0129
f 5602//5602 5603//5602 5604//5602
vn -0.69474518 -0.1861553 0.6947484
v -0.059922218 0.054499999 0.0123
v -0.059322216 0.054499999 0.0129
v -0.060163371 0.055399999 0.0123
f 5605//5605 5606//5605 5607//5605
vn -0.69474667 -0.18615825 0.69474608
v -0.060163371 0.055399999 0.0123
v -0.059322216 0.054499999 0.0129
v -0.059643757 0.055699997 0.0129
f 5608//5608 5609//5608 5610//5608
vn -0.65608203 -0.27175909 0.70406204
v -0.058582958 0.055341162 0.015600001
v -0.058003403 0.055496451 0.0162
v -0.058907636 0.056125 0.015600001
f 5611//5611 5612//5611 5613//5611
vn -0.65608108 -0.27175558 0.70406425
v -0.058907636 0.056125 0.015600001
v -0.058003403 0.055496451 0.0162
v -0.058388017 0.056424998 0.0162
f 5614//5614 5615//5614 5616//5614
vn -0.56338924 -0.43230397 0.70406383
v -0.058907636 0.056125 0.015600001
v -0.058388017 0.056424998 0.0162
v -0.059424121 0.056798097 0.015600001
f 5617//5617 5618//5617 5619//5617
vn -0.56338924 -0.43230465 0.70406342
v -0.059424121 0.056798097 0.015600001
v -0.058388017 0.056424998 0.0162
v -0.058999855 0.057222359 0.0162
f 5620//5620 5621//5620 5622//5620
vn -0.43230447 -0.56338996 0.70406294
v -0.059424121 0.056798097 0.015600001
v -0.058999855 0.057222359 0.0162
v -0.060097218 0.057314582 0.015600001
f 5623//5623 5624//5623 5625//5623
vn -0.43230465 -0.56338924 0.70406336
v -0.060097218 0.057314582 0.015600001
v -0.058999855 0.057222359 0.0162
v -0.059797216 0.057834197 0.0162
f 5626//5626 5627//5626 5628//5626
vn -0.27175605 -0.65608221 0.70406306
v -0.060097218 0.057314582 0.015600001
v -0.059797216 0.057834197 0.0162
v -0.060881056 0.057639256 0.015600001
f 5629//5629 5630//5629 5631//5629
vn -0.27175757 -0.65607953 0.70406497
v -0.060881056 0.057639256 0.015600001
v -0.059797216 0.057834197 0.0162
v -0.060725763 0.058218814 0.0162
f 5632//5632 5633//5632 5634//5632
vn -0.092692085 -0.70406014 0.70406502
v -0.060881056 0.057639256 0.015600001
v -0.060725763 0.058218814 0.0162
v -0.061722215 0.057749998 0.015600001
f 5635//5635 5636//5635 5637//5635
vn -0.092689499 -0.70406276 0.70406276
v -0.061722215 0.057749998 0.015600001
v -0.060725763 0.058218814 0.0162
v -0.061722215 0.058349997 0.0162
f 5638//5638 5639//5638 5640//5638
vn 0.092691995 -0.70406258 0.70406258
v -0.061722215 0.057749998 0.015600001
v -0.061722215 0.058349997 0.0162
v -0.062563382 0.057639256 0.015600001
f 5641//5641 5642//5641 5643//5641
vn 0.092688888 -0.70406073 0.70406479
v -0.062563382 0.057639256 0.015600001
v -0.061722215 0.058349997 0.0162
v -0.062718675 0.058218814 0.0162
f 5644//5644 5645//5644 5646//5644
vn 0.27175525 -0.65608031 0.70406508
v -0.062563382 0.057639256 0.015600001
v -0.062718675 0.058218814 0.0162
v -0.06334722 0.057314582 0.015600001
f 5647//5647 5648//5647 5649//5647
vn 0.27175823 -0.65608114 0.70406324
v -0.06334722 0.057314582 0.015600001
v -0.062718675 0.058218814 0.0162
v -0.063647218 0.057834197 0.0162
f 5650//5650 5651//5650 5652//5650
vn 0.4323042 -0.56338954 0.70406342
v -0.06334722 0.057314582 0.015600001
v -0.063647218 0.057834197 0.0162
v -0.064020313 0.056798097 0.015600001
f 5653//5653 5654//5653 5655//5653
vn 0.43230489 -0.56338954 0.704063
v -0.064020313 0.056798097 0.015600001
v -0.063647218 0.057834197 0.0162
v -0.064444579 0.057222359 0.0162
f 5656//5656 5657//5656 5658//5656
vn 0.56338799 -0.43230608 0.70406353
v -0.064020313 0.056798097 0.015600001
v -0.064444579 0.057222359 0.0162
v -0.064536802 0.056125 0.015600001
f 5659//5659 5660//5659 5661//5659
vn 0.56339288 -0.4323048 0.70406038
v -0.064536802 0.056125 0.015600001
v -0.064444579 0.057222359 0.0162
v -0.065056413 0.056424998 0.0162
f 5662//5662 5663//5662 5664//5662
vn 0.6560849 -0.27175716 0.70406014
v -0.064536802 0.056125 0.015600001
v -0.065056413 0.056424998 0.0162
v -0.064861476 0.055341162 0.015600001
f 5665//5665 5666//5665 5667//5665
vn 0.65607953 -0.2717602 0.70406395
v -0.064861476 0.055341162 0.015600001
v -0.065056413 0.056424998 0.0162
v -0.065441035 0.055496451 0.0162
f 5668//5668 5669//5668 5670//5668
vn 0.70406109 -0.092688687 0.70406449
v -0.064861476 0.055341162 0.015600001
v -0.065441035 0.055496451 0.0162
v -0.064972214 0.054499999 0.015600001
f 5671//5671 5672//5671 5673//5671
vn 0.70406055 -0.092689216 0.70406491
v -0.064972214 0.054499999 0.015600001
v -0.065441035 0.055496451 0.0162
v -0.065572217 0.054499999 0.0162
f 5674//5674 5675//5674 5676//5674
vn 0.70406061 0.09268862 0.70406497
v -0.064972214 0.054499999 0.015600001
v -0.065572217 0.054499999 0.0162
v -0.064861476 0.053658836 0.015600001
f 5677//5677 5678//5677 5679//5677
vn 0.70406073 0.092688888 0.70406479
v -0.064861476 0.053658836 0.015600001
v -0.065572217 0.054499999 0.0162
v -0.065441035 0.053503543 0.0162
f 5680//5680 5681//5680 5682//5680
vn 0.65608031 0.27175525 0.70406508
v -0.064861476 0.053658836 0.015600001
v -0.065441035 0.053503543 0.0162
v -0.064536802 0.052874997 0.015600001
f 5683//5683 5684//5683 5685//5683
vn 0.65608227 0.27176243 0.70406055
v -0.064536802 0.052874997 0.015600001
v -0.065441035 0.053503543 0.0162
v -0.065056413 0.052575 0.0162
f 5686//5686 5687//5686 5688//5686
vn 0.56339061 0.43230814 0.70406014
v -0.064536802 0.052874997 0.015600001
v -0.065056413 0.052575 0.0162
v -0.064020313 0.052201901 0.015600001
f 5689//5689 5690//5689 5691//5689
vn 0.56339061 0.43230307 0.70406324
v -0.064020313 0.052201901 0.015600001
v -0.065056413 0.052575 0.0162
v -0.064444579 0.051777638 0.0162
f 5692//5692 5693//5692 5694//5692
vn 0.43230447 0.56338996 0.70406294
v -0.064020313 0.052201901 0.015600001
v -0.064444579 0.051777638 0.0162
v -0.06334722 0.051685415 0.015600001
f 5695//5695 5696//5695 5697//5695
vn 0.43230465 0.56338924 0.70406336
v -0.06334722 0.051685415 0.015600001
v -0.064444579 0.051777638 0.0162
v -0.063647218 0.051165801 0.0162
f 5698//5698 5699//5698 5700//5698
vn 0.27175865 0.6560809 0.70406324
v -0.06334722 0.051685415 0.015600001
v -0.063647218 0.051165801 0.0162
v -0.062563382 0.051360738 0.015600001
f 5701//5701 5702//5701 5703//5701
vn 0.27175835 0.65608144 0.70406288
v -0.062563382 0.051360738 0.015600001
v -0.063647218 0.051165801 0.0162
v -0.062718675 0.050781183 0.0162
f 5704//5704 5705//5704 5706//5704
vn 0.092688933 0.704063 0.70406258
v -0.062563382 0.051360738 0.015600001
v -0.062718675 0.050781183 0.0162
v -0.061722215 0.05125 0.015600001
f 5707//5707 5708//5707 5709//5707
vn 0.092691481 0.70406044 0.70406479
v -0.061722215 0.05125 0.015600001
v -0.062718675 0.050781183 0.0162
v -0.061722215 0.050649997 0.0162
f 5710//5710 5711//5710 5712//5710
vn -0.09268903 0.70406055 0.70406497
v -0.061722215 0.05125 0.015600001
v -0.061722215 0.050649997 0.0162
v -0.060881056 0.051360738 0.015600001
f 5713//5713 5714//5713 5715//5713
vn -0.092692077 0.70406234 0.70406276
v -0.060881056 0.051360738 0.015600001
v -0.061722215 0.050649997 0.0162
v -0.060725763 0.050781183 0.0162
f 5716//5716 5717//5716 5718//5716
vn -0.27175876 0.65608126 0.70406288
v -0.060881056 0.051360738 0.015600001
v -0.060725763 0.050781183 0.0162
v -0.060097218 0.051685415 0.015600001
f 5719//5719 5720//5719 5721//5719
vn -0.27175823 0.65608114 0.70406324
v -0.060097218 0.051685415 0.015600001
v -0.060725763 0.050781183 0.0162
v -0.059797216 0.051165801 0.0162
f 5722//5722 5723//5722 5724//5722
vn -0.4323042 0.56338954 0.70406342
v -0.060097218 0.051685415 0.015600001
v -0.059797216 0.051165801 0.0162
v -0.059424121 0.052201901 0.015600001
f 5725//5725 5726//5725 5727//5725
vn -0.43230489 0.56338954 0.704063
v -0.059424121 0.052201901 0.015600001
v -0.059797216 0.051165801 0.0162
v -0.058999855 0.051777638 0.0162
f 5728//5728 5729//5728 5730//5728
vn -0.5633896 0.43230423 0.70406336
v -0.059424121 0.052201901 0.015600001
v -0.058999855 0.051777638 0.0162
v -0.058907636 0.052874997 0.015600001
f 5731//5731 5732//5731 5733//5731
vn -0.56338894 0.43230441 0.70406377
v -0.058907636 0.052874997 0.015600001
v -0.058999855 0.051777638 0.0162
v -0.058388017 0.052575 0.0162
f 5734//5734 5735//5734 5736//5734
vn -0.65607983 0.27175817 0.70406443
v -0.058907636 0.052874997 0.015600001
v -0.058388017 0.052575 0.0162
v -0.058582958 0.053658836 0.015600001
f 5737//5737 5738//5737 5739//5737
vn -0.65608191 0.27175701 0.704063
v -0.058582958 0.053658836 0.015600001
v -0.058388017 0.052575 0.0162
v -0.058003403 0.053503543 0.0162
f 5740//5740 5741//5740 5742//5740
vn -0.70406234 0.092691973 0.70406276
v -0.058582958 0.053658836 0.015600001
v -0.058003403 0.053503543 0.0162
v -0.058472216 0.054499999 0.015600001
f 5743//5743 5744//5743 5745//5743
vn -0.70406258 0.092691764 0.70406258
v -0.058472216 0.054499999 0.015600001
v -0.058003403 0.053503543 0.0162
v -0.057872217 0.054499999 0.0162
f 5746//5746 5747//5746 5748//5746
vn -0.70406258 -0.092691995 0.70406258
v -0.058472216 0.054499999 0.015600001
v -0.057872217 0.054499999 0.0162
v -0.058582958 0.055341162 0.015600001
f 5749//5749 5750//5749 5751//5749
vn -0.70406264 -0.092692114 0.70406246
v -0.058582958 0.055341162 0.015600001
v -0.057872217 0.054499999 0.0162
v -0.058003403 0.055496451 0.0162
f 5752//5752 5753//5752 5754//5752
vn -0.50858939 -0.50859225 0.69474506
v -0.05016337 0.055399999 0.0123
v -0.049643755 0.055699997 0.0129
v -0.050822217 0.056058843 0.0123
f 5755//5755 5756//5755 5757//5755
vn -0.50858963 -0.50858748 0.6947484
v -0.050822217 0.056058843 0.0123
v -0.049643755 0.055699997 0.0129
v -0.050522216 0.056578461 0.0129
f 5758//5758 5759//5758 5760//5758
vn -0.18615785 -0.69474393 0.694749
v -0.050822217 0.056058843 0.0123
v -0.050522216 0.056578461 0.0129
v -0.051722217 0.056299999 0.0123
f 5761//5761 5762//5761 5763//5761
vn -0.18615568 -0.69474727 0.6947462
v -0.051722217 0.056299999 0.0123
v -0.050522216 0.056578461 0.0129
v -0.051722217 0.056899998 0.0129
f 5764//5764 5765//5764 5766//5764
vn 0.18615864 -0.69474685 0.69474578
v -0.051722217 0.056299999 0.0123
v -0.051722217 0.056899998 0.0129
v -0.052622218 0.056058843 0.0123
f 5767//5767 5768//5767 5769//5767
vn 0.18615575 -0.69474542 0.69474804
v -0.052622218 0.056058843 0.0123
v -0.051722217 0.056899998 0.0129
v -0.052922215 0.056578461 0.0129
f 5770//5770 5771//5770 5772//5770
vn 0.50858951 -0.50858951 0.69474697
v -0.052622218 0.056058843 0.0123
v -0.052922215 0.056578461 0.0129
v -0.053281061 0.055399999 0.0123
f 5773//5773 5774//5773 5775//5773
vn 0.50859159 -0.50858945 0.69474554
v -0.053281061 0.055399999 0.0123
v -0.052922215 0.056578461 0.0129
v -0.053800676 0.055699997 0.0129
f 5776//5776 5777//5776 5778//5776
vn 0.69474655 -0.18615855 0.69474614
v -0.053281061 0.055399999 0.0123
v -0.053800676 0.055699997 0.0129
v -0.053522218 0.054499999 0.0123
f 5779//5779 5780//5779 5781//5779
vn 0.69474691 -0.18615833 0.69474584
v -0.053522218 0.054499999 0.0123
v -0.053800676 0.055699997 0.0129
v -0.054122217 0.054499999 0.0129
f 5782//5782 5783//5782 5784//5782
vn 0.69474685 0.18615864 0.69474578
v -0.053522218 0.054499999 0.0123
v -0.054122217 0.054499999 0.0129
v -0.053281061 0.053599998 0.0123
f 5785//5785 5786//5785 5787//5785
vn 0.69474632 0.18615758 0.69474661
v -0.053281061 0.053599998 0.0123
v -0.054122217 0.054499999 0.0129
v -0.053800676 0.053299997 0.0129
f 5788//5788 5789//5788 5790//5788
vn 0.50859076 0.5085879 0.69474727
v -0.053281061 0.053599998 0.0123
v -0.053800676 0.053299997 0.0129
v -0.052622218 0.052941151 0.0123
f 5791//5791 5792//5791 5793//5791
vn 0.50859064 0.50859064 0.69474536
v -0.052622218 0.052941151 0.0123
v -0.053800676 0.053299997 0.0129
v -0.052922215 0.052421536 0.0129
f 5794//5794 5795//5794 5796//5794
vn 0.18615597 0.69474763 0.69474578
v -0.052622218 0.052941151 0.0123
v -0.052922215 0.052421536 0.0129
v -0.051722217 0.052699998 0.0123
f 5797//5797 5798//5797 5799//5797
vn 0.18615624 0.69474721 0.69474614
v -0.051722217 0.052699998 0.0123
v -0.052922215 0.052421536 0.0129
v -0.051722217 0.052099999 0.0129
f 5800//5800 5801//5800 5802//5800
vn -0.18615587 0.69474727 0.6947462
v -0.051722217 0.052699998 0.0123
v -0.051722217 0.052099999 0.0129
v -0.050822217 0.052941151 0.0123
f 5803//5803 5804//5803 5805//5803
vn -0.18615565 0.69474715 0.69474638
v -0.050822217 0.052941151 0.0123
v -0.051722217 0.052099999 0.0129
v -0.050522216 0.052421536 0.0129
f 5806//5806 5807//5806 5808//5806
vn -0.50858951 0.50858951 0.69474697
v -0.050822217 0.052941151 0.0123
v -0.050522216 0.052421536 0.0129
v -0.05016337 0.053599998 0.0123
f 5809//5809 5810//5809 5811//5809
vn -0.50858951 0.50858951 0.69474697
v -0.05016337 0.053599998 0.0123
v -0.050522216 0.052421536 0.0129
v -0.049643755 0.053299997 0.0129
f 5812//5812 5813//5812 5814//5812
vn -0.69474709 0.18615583 0.69474638
v -0.05016337 0.053599998 0.0123
v -0.049643755 0.053299997 0.0129
v -0.049922217 0.054499999 0.0123
f 5815//5815 5816//5815 5817//5815
vn -0.69474727 0.18615568 0.6947462
v -0.049922217 0.054499999 0.0123
v -0.049643755 0.053299997 0.0129
v -0.049322218 0.054499999 0.0129
f 5818//5818 5819//5818 5820//5818
vn -0.69474727 -0.18615587 0.6947462
v -0.049922217 0.054499999 0.0123
v -0.049322218 0.054499999 0.0129
v -0.05016337 0.055399999 0.0123
f 5821//5821 5822//5821 5823//5821
vn -0.69474751 -0.18615632 0.69474584
v -0.05016337 0.055399999 0.0123
v -0.049322218 0.054499999 0.0129
v -0.049643755 0.055699997 0.0129
f 5824//5824 5825//5824 5826//5824
vn -0.65608203 -0.27175909 0.70406204
v -0.048582956 0.055341162 0.015600001
v -0.048003402 0.055496451 0.0162
v -0.048907634 0.056125 0.015600001
f 5827//5827 5828//5827 5829//5827
vn -0.65608191 -0.27175856 0.70406234
v -0.048907634 0.056125 0.015600001
v -0.048003402 0.055496451 0.0162
v -0.048388019 0.056424998 0.0162
f 5830//5830 5831//5830 5832//5830
vn -0.56339061 -0.43230501 0.70406204
v -0.048907634 0.056125 0.015600001
v -0.048388019 0.056424998 0.0162
v -0.049424119 0.056798097 0.015600001
f 5833//5833 5834//5833 5835//5833
vn -0.56339061 -0.43230572 0.70406163
v -0.049424119 0.056798097 0.015600001
v -0.048388019 0.056424998 0.0162
v -0.048999857 0.057222359 0.0162
f 5836//5836 5837//5836 5838//5836
vn -0.43230531 -0.56339097 0.70406157
v -0.049424119 0.056798097 0.015600001
v -0.048999857 0.057222359 0.0162
v -0.050097216 0.057314582 0.015600001
f 5839//5839 5840//5839 5841//5839
vn -0.43230549 -0.56339031 0.70406204
v -0.050097216 0.057314582 0.015600001
v -0.048999857 0.057222359 0.0162
v -0.049797218 0.057834197 0.0162
f 5842//5842 5843//5842 5844//5842
vn -0.27175635 -0.65608299 0.70406222
v -0.050097216 0.057314582 0.015600001
v -0.049797218 0.057834197 0.0162
v -0.050881054 0.057639256 0.015600001
f 5845//5845 5846//5845 5847//5845
vn -0.27175853 -0.65607923 0.70406491
v -0.050881054 0.057639256 0.015600001
v -0.049797218 0.057834197 0.0162
v -0.050725762 0.058218814 0.0162
f 5848//5848 5849//5848 5850//5848
vn -0.09269169 -0.7040602 0.70406497
v -0.050881054 0.057639256 0.015600001
v -0.050725762 0.058218814 0.0162
v -0.051722217 0.057749998 0.015600001
f 5851//5851 5852//5851 5853//5851
vn -0.092689157 -0.70406276 0.70406276
v -0.051722217 0.057749998 0.015600001
v -0.050725762 0.058218814 0.0162
v -0.051722217 0.058349997 0.0162
f 5854//5854 5855//5854 5856//5854
vn 0.092692405 -0.70406252 0.70406252
v -0.051722217 0.057749998 0.015600001
v -0.051722217 0.058349997 0.0162
v -0.052563377 0.057639256 0.015600001
f 5857//5857 5858//5857 5859//5857
vn 0.092689231 -0.70406067 0.70406479
v -0.052563377 0.057639256 0.015600001
v -0.051722217 0.058349997 0.0162
v -0.052718669 0.058218814 0.0162
f 5860//5860 5861//5860 5862//5860
vn 0.27175525 -0.65608031 0.70406508
v -0.052563377 0.057639256 0.015600001
v -0.052718669 0.058218814 0.0162
v -0.053347215 0.057314582 0.015600001
f 5863//5863 5864//5863 5865//5863
vn 0.27175823 -0.65608114 0.70406324
v -0.053347215 0.057314582 0.015600001
v -0.052718669 0.058218814 0.0162
v -0.053647216 0.057834197 0.0162
f 5866//5866 5867//5866 5868//5866
vn 0.43230262 -0.56339061 0.70406353
v -0.053347215 0.057314582 0.015600001
v -0.053647216 0.057834197 0.0162
v -0.054020315 0.056798097 0.015600001
f 5869//5869 5870//5869 5871//5869
vn 0.43230572 -0.56339061 0.70406163
v -0.054020315 0.056798097 0.015600001
v -0.053647216 0.057834197 0.0162
v -0.054444578 0.057222359 0.0162
f 5872//5872 5873//5872 5874//5872
vn 0.56339097 -0.43230531 0.70406157
v -0.054020315 0.056798097 0.015600001
v -0.054444578 0.057222359 0.0162
v -0.054536801 0.056125 0.015600001
f 5875//5875 5876//5875 5877//5875
vn 0.56339031 -0.43230549 0.70406204
v -0.054536801 0.056125 0.015600001
v -0.054444578 0.057222359 0.0162
v -0.055056415 0.056424998 0.0162
f 5878//5878 5879//5878 5880//5878
vn 0.65608299 -0.27175635 0.70406222
v -0.054536801 0.056125 0.015600001
v -0.055056415 0.056424998 0.0162
v -0.054861475 0.055341162 0.015600001
f 5881//5881 5882//5881 5883//5881
vn 0.65608299 -0.27175635 0.70406222
v -0.054861475 0.055341162 0.015600001
v -0.055056415 0.056424998 0.0162
v -0.055441029 0.055496451 0.0162
f 5884//5884 5885//5884 5886//5884
vn 0.70406264 -0.09269201 0.70406246
v -0.054861475 0.055341162 0.015600001
v -0.055441029 0.055496451 0.0162
v -0.054972216 0.054499999 0.015600001
f 5887//5887 5888//5887 5889//5887
vn 0.70406258 -0.092692107 0.70406258
v -0.054972216 0.054499999 0.015600001
v -0.055441029 0.055496451 0.0162
v -0.055572215 0.054499999 0.0162
f 5890//5890 5891//5890 5892//5890
vn 0.70406258 0.092691995 0.70406258
v -0.054972216 0.054499999 0.015600001
v -0.055572215 0.054499999 0.0162
v -0.054861475 0.053658836 0.015600001
f 5893//5893 5894//5893 5895//5893
vn 0.7040624 0.092691742 0.70406276
v -0.054861475 0.053658836 0.015600001
v -0.055572215 0.054499999 0.0162
v -0.055441029 0.053503543 0.0162
f 5896//5896 5897//5896 5898//5896
vn 0.65608221 0.27175605 0.70406306
v -0.054861475 0.053658836 0.015600001
v -0.055441029 0.053503543 0.0162
v -0.054536801 0.052874997 0.015600001
f 5899//5899 5900//5899 5901//5899
vn 0.65608257 0.27175727 0.70406228
v -0.054536801 0.052874997 0.015600001
v -0.055441029 0.053503543 0.0162
v -0.055056415 0.052575 0.0162
f 5902//5902 5903//5902 5904//5902
vn 0.56339061 0.43230501 0.70406204
v -0.054536801 0.052874997 0.015600001
v -0.055056415 0.052575 0.0162
v -0.054020315 0.052201901 0.015600001
f 5905//5905 5906//5905 5907//5905
vn 0.56339061 0.43230572 0.70406163
v -0.054020315 0.052201901 0.015600001
v -0.055056415 0.052575 0.0162
v -0.054444578 0.051777638 0.0162
f 5908//5908 5909//5908 5910//5908
vn 0.43230388 0.56339222 0.70406145
v -0.054020315 0.052201901 0.015600001
v -0.054444578 0.051777638 0.0162
v -0.053347215 0.051685415 0.015600001
f 5911//5911 5912//5911 5913//5911
vn 0.43230465 0.56338924 0.70406336
v -0.053347215 0.051685415 0.015600001
v -0.054444578 0.051777638 0.0162
v -0.053647216 0.051165801 0.0162
f 5914//5914 5915//5914 5916//5914
vn 0.27175865 0.6560809 0.70406324
v -0.053347215 0.051685415 0.015600001
v -0.053647216 0.051165801 0.0162
v -0.052563377 0.051360738 0.015600001
f 5917//5917 5918//5917 5919//5917
vn 0.27175835 0.65608144 0.70406288
v -0.052563377 0.051360738 0.015600001
v -0.053647216 0.051165801 0.0162
v -0.052718669 0.050781183 0.0162
f 5920//5920 5921//5920 5922//5920
vn 0.092689335 0.70406288 0.70406258
v -0.052563377 0.051360738 0.015600001
v -0.052718669 0.050781183 0.0162
v -0.051722217 0.05125 0.015600001
f 5923//5923 5924//5923 5925//5923
vn 0.092691824 0.70406038 0.70406479
v -0.051722217 0.05125 0.015600001
v -0.052718669 0.050781183 0.0162
v -0.051722217 0.050649997 0.0162
f 5926//5926 5927//5926 5928//5926
vn -0.09268862 0.70406061 0.70406497
v -0.051722217 0.05125 0.015600001
v -0.051722217 0.050649997 0.0162
v -0.050881054 0.051360738 0.015600001
f 5929//5929 5930//5929 5931//5929
vn -0.092691742 0.7040624 0.70406276
v -0.050881054 0.051360738 0.015600001
v -0.051722217 0.050649997 0.0162
v -0.050725762 0.050781183 0.0162
f 5932//5932 5933//5932 5934//5932
vn -0.27175876 0.65608126 0.70406288
v -0.050881054 0.051360738 0.015600001
v -0.050725762 0.050781183 0.0162
v -0.050097216 0.051685415 0.015600001
f 5935//5935 5936//5935 5937//5935
vn -0.27175945 0.65608144 0.70406246
v -0.050097216 0.051685415 0.015600001
v -0.050725762 0.050781183 0.0162
v -0.049797218 0.051165801 0.0162
f 5938//5938 5939//5938 5940//5938
vn -0.43230501 0.56339061 0.70406204
v -0.050097216 0.051685415 0.015600001
v -0.049797218 0.051165801 0.0162
v -0.049424119 0.052201901 0.015600001
f 5941//5941 5942//5941 5943//5941
vn -0.43230572 0.56339061 0.70406163
v -0.049424119 0.052201901 0.015600001
v -0.049797218 0.051165801 0.0162
v -0.048999857 0.051777638 0.0162
f 5944//5944 5945//5944 5946//5944
vn -0.56339097 0.43230531 0.70406157
v -0.049424119 0.052201901 0.015600001
v -0.048999857 0.051777638 0.0162
v -0.048907634 0.052874997 0.015600001
f 5947//5947 5948//5947 5949//5947
vn -0.56339031 0.43230549 0.70406204
v -0.048907634 0.052874997 0.015600001
v -0.048999857 0.051777638 0.0162
v -0.048388019 0.052575 0.0162
f 5950//5950 5951//5950 5952//5950
vn -0.65608174 0.27175894 0.7040624
v -0.048907634 0.052874997 0.015600001
v -0.048388019 0.052575 0.0162
v -0.048582956 0.053658836 0.015600001
f 5953//5953 5954//5953 5955//5953
vn -0.65608108 0.2717593 0.70406282
v -0.048582956 0.053658836 0.015600001
v -0.048388019 0.052575 0.0162
v -0.048003402 0.053503543 0.0162
f 5956//5956 5957//5956 5958//5956
vn -0.704063 0.092688933 0.70406258
v -0.048582956 0.053658836 0.015600001
v -0.048003402 0.053503543 0.0162
v -0.048472218 0.054499999 0.015600001
f 5959//5959 5960//5959 5961//5959
vn -0.70406044 0.092691481 0.70406479
v -0.048472218 0.054499999 0.015600001
v -0.048003402 0.053503543 0.0162
v -0.047872216 0.054499999 0.0162
f 5962//5962 5963//5962 5964//5962
vn -0.70406061 -0.09268862 0.70406497
v -0.048472218 0.054499999 0.015600001
v -0.047872216 0.054499999 0.0162
v -0.048582956 0.055341162 0.015600001
f 5965//5965 5966//5965 5967//5965
vn -0.70406264 -0.092692114 0.70406246
v -0.048582956 0.055341162 0.015600001
v -0.047872216 0.054499999 0.0162
v -0.048003402 0.055496451 0.0162
f 5968//5968 5969//5968 5970//5968
vn -0.65608126 -0.27175876 0.70406288
v -0.048582956 0.070341162 0.015600001
v -0.048003402 0.070496455 0.0162
v -0.048907634 0.071125001 0.015600001
f 5971//5971 5972//5971 5973//5971
vn -0.65608144 -0.27175945 0.70406246
v -0.048907634 0.071125001 0.015600001
v -0.048003402 0.070496455 0.0162
v -0.048388019 0.071424998 0.0162
f 5974//5974 5975//5974 5976//5974
vn -0.56339169 -0.43230343 0.70406216
v -0.048907634 0.071125001 0.015600001
v -0.048388019 0.071424998 0.0162
v -0.049424119 0.071798101 0.015600001
f 5977//5977 5978//5977 5979//5977
vn -0.56339169 -0.43230653 0.70406026
v -0.049424119 0.071798101 0.015600001
v -0.048388019 0.071424998 0.0162
v -0.048999857 0.072222359 0.0162
f 5980//5980 5981//5980 5982//5980
vn -0.4323045 -0.56339401 0.70405966
v -0.049424119 0.071798101 0.015600001
v -0.048999857 0.072222359 0.0162
v -0.050097216 0.072314583 0.015600001
f 5983//5983 5984//5983 5985//5983
vn -0.43230614 -0.56338775 0.70406365
v -0.050097216 0.072314583 0.015600001
v -0.048999857 0.072222359 0.0162
v -0.049797218 0.072834201 0.0162
f 5986//5986 5987//5986 5988//5986
vn -0.27176076 -0.65607858 0.70406467
v -0.050097216 0.072314583 0.015600001
v -0.049797218 0.072834201 0.0162
v -0.050881054 0.072639264 0.015600001
f 5989//5989 5990//5989 5991//5989
vn -0.27175778 -0.65608376 0.70406091
v -0.050881054 0.072639264 0.015600001
v -0.049797218 0.072834201 0.0162
v -0.050725762 0.073218815 0.0162
f 5992//5992 5993//5992 5994//5992
vn -0.092689216 -0.70406514 0.70406038
v -0.050881054 0.072639264 0.015600001
v -0.050725762 0.073218815 0.0162
v -0.051722217 0.072750002 0.015600001
f 5995//5995 5996//5995 5997//5995
vn -0.092694089 -0.70406026 0.70406461
v -0.051722217 0.072750002 0.015600001
v -0.050725762 0.073218815 0.0162
v -0.051722217 0.073350005 0.0162
f 5998//5998 5999//5998 6000//5998
vn 0.09268903 -0.70406055 0.70406497
v -0.051722217 0.072750002 0.015600001
v -0.051722217 0.073350005 0.0162
v -0.052563377 0.072639264 0.015600001
f 6001//6001 6002//6001 6003//6001
vn 0.092694931 -0.70406401 0.70406073
v -0.052563377 0.072639264 0.015600001
v -0.051722217 0.073350005 0.0162
v -0.052718669 0.073218815 0.0162
f 6004//6004 6005//6004 6006//6004
vn 0.27176228 -0.65608221 0.70406061
v -0.052563377 0.072639264 0.015600001
v -0.052718669 0.073218815 0.0162
v -0.053347215 0.072314583 0.015600001
f 6007//6007 6008//6007 6009//6007
vn 0.27175525 -0.65608031 0.70406508
v -0.053347215 0.072314583 0.015600001
v -0.052718669 0.073218815 0.0162
v -0.053647216 0.072834201 0.0162
f 6010//6010 6011//6010 6012//6010
vn 0.43229949 -0.56339061 0.70406544
v -0.053347215 0.072314583 0.015600001
v -0.053647216 0.072834201 0.0162
v -0.054020315 0.071798101 0.015600001
f 6013//6013 6014//6013 6015//6013
vn 0.43230835 -0.56339061 0.70406002
v -0.054020315 0.071798101 0.015600001
v -0.053647216 0.072834201 0.0162
v -0.054444578 0.072222359 0.0162
f 6016//6016 6017//6016 6018//6016
vn 0.56339329 -0.43230468 0.70406014
v -0.054020315 0.071798101 0.015600001
v -0.054444578 0.072222359 0.0162
v -0.054536801 0.071125001 0.015600001
f 6019//6019 6020//6019 6021//6019
vn 0.56339031 -0.43230549 0.70406204
v -0.054536801 0.071125001 0.015600001
v -0.054444578 0.072222359 0.0162
v -0.055056415 0.071424998 0.0162
f 6022//6022 6023//6022 6024//6022
vn 0.65608299 -0.27175635 0.70406222
v -0.054536801 0.071125001 0.015600001
v -0.055056415 0.071424998 0.0162
v -0.054861475 0.070341162 0.015600001
f 6025//6025 6026//6025 6027//6025
vn 0.65608191 -0.27175701 0.704063
v -0.054861475 0.070341162 0.015600001
v -0.055056415 0.071424998 0.0162
v -0.055441029 0.070496455 0.0162
f 6028//6028 6029//6028 6030//6028
vn 0.70406234 -0.092691973 0.70406276
v -0.054861475 0.070341162 0.015600001
v -0.055441029 0.070496455 0.0162
v -0.054972216 0.069499999 0.015600001
f 6031//6031 6032//6031 6033//6031
vn 0.70406258 -0.092691764 0.70406258
v -0.054972216 0.069499999 0.015600001
v -0.055441029 0.070496455 0.0162
v -0.055572215 0.069499999 0.0162
f 6034//6034 6035//6034 6036//6034
vn 0.70406252 0.092692815 0.70406252
v -0.054972216 0.069499999 0.015600001
v -0.055572215 0.069499999 0.0162
v -0.054861475 0.068658844 0.015600001
f 6037//6037 6038//6037 6039//6037
vn 0.70406228 0.09269242 0.70406282
v -0.054861475 0.068658844 0.015600001
v -0.055572215 0.069499999 0.0162
v -0.055441029 0.068503551 0.0162
f 6040//6040 6041//6040 6042//6040
vn 0.65608221 0.27175605 0.70406306
v -0.054861475 0.068658844 0.015600001
v -0.055441029 0.068503551 0.0162
v -0.054536801 0.067875005 0.015600001
f 6043//6043 6044//6043 6045//6043
vn 0.65608186 0.2717548 0.70406383
v -0.054536801 0.067875005 0.015600001
v -0.055441029 0.068503551 0.0162
v -0.055056415 0.067575 0.0162
f 6046//6046 6047//6046 6048//6046
vn 0.56338954 0.43230179 0.70406491
v -0.054536801 0.067875005 0.015600001
v -0.055056415 0.067575 0.0162
v -0.054020315 0.067201905 0.015600001
f 6049//6049 6050//6049 6051//6049
vn 0.56338954 0.43230489 0.704063
v -0.054020315 0.067201905 0.015600001
v -0.055056415 0.067575 0.0162
v -0.054444578 0.066777639 0.0162
f 6052//6052 6053//6052 6054//6052
vn 0.43230465 0.56338924 0.70406342
v -0.054020315 0.067201905 0.015600001
v -0.054444578 0.066777639 0.0162
v -0.053347215 0.066685416 0.015600001
f 6055//6055 6056//6055 6057//6055
vn 0.43230399 0.5633918 0.70406175
v -0.053347215 0.066685416 0.015600001
v -0.054444578 0.066777639 0.0162
v -0.053647216 0.066165805 0.0162
f 6058//6058 6059//6058 6060//6058
vn 0.27175683 0.65608406 0.70406103
v -0.053347215 0.066685416 0.015600001
v -0.053647216 0.066165805 0.0162
v -0.052563377 0.066360742 0.015600001
f 6061//6061 6062//6061 6063//6061
vn 0.27175683 0.65608412 0.70406103
v -0.052563377 0.066360742 0.015600001
v -0.053647216 0.066165805 0.0162
v -0.052718669 0.065781191 0.0162
f 6064//6064 6065//6064 6066//6064
vn 0.092689618 0.70406508 0.70406038
v -0.052563377 0.066360742 0.015600001
v -0.052718669 0.065781191 0.0162
v -0.051722217 0.066250004 0.015600001
f 6067//6067 6068//6067 6069//6067
vn 0.092694432 0.7040602 0.70406461
v -0.051722217 0.066250004 0.015600001
v -0.052718669 0.065781191 0.0162
v -0.051722217 0.065650001 0.0162
f 6070//6070 6071//6070 6072//6070
vn -0.09268862 0.70406061 0.70406497
v -0.051722217 0.066250004 0.015600001
v -0.051722217 0.065650001 0.0162
v -0.050881054 0.066360742 0.015600001
f 6073//6073 6074//6073 6075//6073
vn -0.092694595 0.70406407 0.70406073
v -0.050881054 0.066360742 0.015600001
v -0.051722217 0.065650001 0.0162
v -0.050725762 0.065781191 0.0162
f 6076//6076 6077//6076 6078//6076
vn -0.27175683 0.65608412 0.70406103
v -0.050881054 0.066360742 0.015600001
v -0.050725762 0.065781191 0.0162
v -0.050097216 0.066685416 0.015600001
f 6079//6079 6080//6079 6081//6079
vn -0.27175805 0.65608442 0.7040602
v -0.050097216 0.066685416 0.015600001
v -0.050725762 0.065781191 0.0162
v -0.049797218 0.066165805 0.0162
f 6082//6082 6083//6082 6084//6082
vn -0.43230814 0.56339061 0.70406014
v -0.050097216 0.066685416 0.015600001
v -0.049797218 0.066165805 0.0162
v -0.049424119 0.067201905 0.015600001
f 6085//6085 6086//6085 6087//6085
vn -0.43230307 0.56339061 0.70406324
v -0.049424119 0.067201905 0.015600001
v -0.049797218 0.066165805 0.0162
v -0.048999857 0.066777639 0.0162
f 6088//6088 6089//6088 6090//6088
vn -0.56339121 0.43230304 0.70406282
v -0.049424119 0.067201905 0.015600001
v -0.048999857 0.066777639 0.0162
v -0.048907634 0.067875005 0.015600001
f 6091//6091 6092//6091 6093//6091
vn -0.56338817 0.43230385 0.70406473
v -0.048907634 0.067875005 0.015600001
v -0.048999857 0.066777639 0.0162
v -0.048388019 0.067575 0.0162
f 6094//6094 6095//6094 6096//6094
vn -0.65608013 0.27175832 0.70406407
v -0.048907634 0.067875005 0.015600001
v -0.048388019 0.067575 0.0162
v -0.048582956 0.068658844 0.015600001
f 6097//6097 6098//6097 6099//6097
vn -0.65608174 0.27175739 0.70406294
v -0.048582956 0.068658844 0.015600001
v -0.048388019 0.067575 0.0162
v -0.048003402 0.068503551 0.0162
f 6100//6100 6101//6100 6102//6100
vn -0.70406282 0.092689738 0.70406264
v -0.048582956 0.068658844 0.015600001
v -0.048003402 0.068503551 0.0162
v -0.048472218 0.069499999 0.015600001
f 6103//6103 6104//6103 6105//6103
vn -0.70406038 0.092692167 0.70406473
v -0.048472218 0.069499999 0.015600001
v -0.048003402 0.068503551 0.0162
v -0.047872216 0.069499999 0.0162
f 6106//6106 6107//6106 6108//6106
vn -0.70406061 -0.09268862 0.70406497
v -0.048472218 0.069499999 0.015600001
v -0.047872216 0.069499999 0.0162
v -0.048582956 0.070341162 0.015600001
f 6109//6109 6110//6109 6111//6109
vn -0.7040624 -0.092691742 0.70406276
v -0.048582956 0.070341162 0.015600001
v -0.047872216 0.069499999 0.0162
v -0.048003402 0.070496455 0.0162
f 6112//6112 6113//6112 6114//6112
vn -0.50858843 -0.50858843 0.69474864
v -0.05016337 0.0704 0.0123
v -0.049643755 0.070700005 0.0129
v -0.050822217 0.071058847 0.0123
f 6115//6115 6116//6115 6117//6115
vn -0.50858843 -0.50858843 0.69474864
v -0.050822217 0.071058847 0.0123
v -0.049643755 0.070700005 0.0129
v -0.050522216 0.071578465 0.0129
f 6118//6118 6119//6118 6120//6118
vn -0.18615526 -0.694745 0.69474858
v -0.050822217 0.071058847 0.0123
v -0.050522216 0.071578465 0.0129
v -0.051722217 0.0713 0.0123
f 6121//6121 6122//6121 6123//6121
vn -0.18615513 -0.69474518 0.6947484
v -0.051722217 0.0713 0.0123
v -0.050522216 0.071578465 0.0129
v -0.051722217 0.071900003 0.0129
f 6124//6124 6125//6124 6126//6124
vn 0.1861553 -0.69474518 0.6947484
v -0.051722217 0.0713 0.0123
v -0.051722217 0.071900003 0.0129
v -0.052622218 0.071058847 0.0123
f 6127//6127 6128//6127 6129//6127
vn 0.18615575 -0.69474542 0.69474804
v -0.052622218 0.071058847 0.0123
v -0.051722217 0.071900003 0.0129
v -0.052922215 0.071578465 0.0129
f 6130//6130 6131//6130 6132//6130
vn 0.50859118 -0.50858825 0.69474673
v -0.052622218 0.071058847 0.0123
v -0.052922215 0.071578465 0.0129
v -0.053281061 0.0704 0.0123
f 6133//6133 6134//6133 6135//6133
vn 0.50858843 -0.50858843 0.69474864
v -0.053281061 0.0704 0.0123
v -0.052922215 0.071578465 0.0129
v -0.053800676 0.070700005 0.0129
f 6136//6136 6137//6136 6138//6136
vn 0.69474542 -0.18615825 0.69474733
v -0.053281061 0.0704 0.0123
v -0.053800676 0.070700005 0.0129
v -0.053522218 0.069499999 0.0123
f 6139//6139 6140//6139 6141//6139
vn 0.69474709 -0.18615721 0.69474602
v -0.053522218 0.069499999 0.0123
v -0.053800676 0.070700005 0.0129
v -0.054122217 0.069499999 0.0129
f 6142//6142 6143//6142 6144//6142
vn 0.69474685 0.18615864 0.69474578
v -0.053522218 0.069499999 0.0123
v -0.054122217 0.069499999 0.0129
v -0.053281061 0.068599999 0.0123
f 6145//6145 6146//6145 6147//6145
vn 0.69474667 0.18615825 0.69474608
v -0.053281061 0.068599999 0.0123
v -0.054122217 0.069499999 0.0129
v -0.053800676 0.068300001 0.0129
f 6148//6148 6149//6148 6150//6148
vn 0.50858939 0.50859225 0.69474506
v -0.053281061 0.068599999 0.0123
v -0.053800676 0.068300001 0.0129
v -0.052622218 0.067941159 0.0123
f 6151//6151 6152//6151 6153//6151
vn 0.50858951 0.50858951 0.69474697
v -0.052622218 0.067941159 0.0123
v -0.053800676 0.068300001 0.0129
v -0.052922215 0.067421541 0.0129
f 6154//6154 6155//6154 6156//6154
vn 0.18616059 0.69474339 0.69474876
v -0.052622218 0.067941159 0.0123
v -0.052922215 0.067421541 0.0129
v -0.051722217 0.067699999 0.0123
f 6157//6157 6158//6157 6159//6157
vn 0.18615679 0.6947493 0.69474387
v -0.051722217 0.067699999 0.0123
v -0.052922215 0.067421541 0.0129
v -0.051722217 0.067100003 0.0129
f 6160//6160 6161//6160 6162//6160
vn -0.18616198 0.69474858 0.69474322
v -0.051722217 0.067699999 0.0123
v -0.051722217 0.067100003 0.0129
v -0.050822217 0.067941159 0.0123
f 6163//6163 6164//6163 6165//6163
vn -0.18615508 0.69474506 0.69474858
v -0.050822217 0.067941159 0.0123
v -0.051722217 0.067100003 0.0129
v -0.050522216 0.067421541 0.0129
f 6166//6166 6167//6166 6168//6166
vn -0.50858516 0.50859094 0.69474918
v -0.050822217 0.067941159 0.0123
v -0.050522216 0.067421541 0.0129
v -0.05016337 0.068599999 0.0123
f 6169//6169 6170//6169 6171//6169
vn -0.50859064 0.50859064 0.69474536
v -0.05016337 0.068599999 0.0123
v -0.050522216 0.067421541 0.0129
v -0.049643755 0.068300001 0.0129
f 6172//6172 6173//6172 6174//6172
vn -0.69474763 0.18615597 0.69474578
v -0.05016337 0.068599999 0.0123
v -0.049643755 0.068300001 0.0129
v -0.049922217 0.069499999 0.0123
f 6175//6175 6176//6175 6177//6175
vn -0.69474721 0.18615624 0.69474614
v -0.049922217 0.069499999 0.0123
v -0.049643755 0.068300001 0.0129
v -0.049322218 0.069499999 0.0129
f 6178//6178 6179//6178 6180//6178
vn -0.69474727 -0.18615587 0.6947462
v -0.049922217 0.069499999 0.0123
v -0.049322218 0.069499999 0.0129
v -0.05016337 0.0704 0.0123
f 6181//6181 6182//6181 6183//6181
vn -0.69474679 -0.18615498 0.69474685
v -0.05016337 0.0704 0.0123
v -0.049322218 0.069499999 0.0129
v -0.049643755 0.070700005 0.0129
f 6184//6184 6185//6184 6186//6184
vn -0.65608126 -0.27175876 0.70406288
v -0.058582958 0.070341162 0.015600001
v -0.058003403 0.070496455 0.0162
v -0.058907636 0.071125001 0.015600001
f 6187//6187 6188//6187 6189//6187
vn -0.65608066 -0.2717565 0.70406431
v -0.058907636 0.071125001 0.015600001
v -0.058003403 0.070496455 0.0162
v -0.058388017 0.071424998 0.0162
f 6190//6190 6191//6190 6192//6190
vn -0.56339031 -0.43230236 0.70406395
v -0.058907636 0.071125001 0.015600001
v -0.058388017 0.071424998 0.0162
v -0.059424121 0.071798101 0.015600001
f 6193//6193 6194//6193 6195//6193
vn -0.56339031 -0.43230546 0.70406204
v -0.059424121 0.071798101 0.015600001
v -0.058388017 0.071424998 0.0162
v -0.058999855 0.072222359 0.0162
f 6196//6196 6197//6196 6198//6196
vn -0.43230367 -0.56339294 0.70406103
v -0.059424121 0.071798101 0.015600001
v -0.058999855 0.072222359 0.0162
v -0.060097218 0.072314583 0.015600001
f 6199//6199 6200//6199 6201//6199
vn -0.43230534 -0.56338668 0.70406502
v -0.060097218 0.072314583 0.015600001
v -0.058999855 0.072222359 0.0162
v -0.059797216 0.072834201 0.0162
f 6202//6202 6203//6202 6204//6202
vn -0.27176043 -0.6560778 0.7040655
v -0.060097218 0.072314583 0.015600001
v -0.059797216 0.072834201 0.0162
v -0.060881056 0.072639264 0.015600001
f 6205//6205 6206//6205 6207//6205
vn -0.27175683 -0.65608412 0.70406103
v -0.060881056 0.072639264 0.015600001
v -0.059797216 0.072834201 0.0162
v -0.060725763 0.073218815 0.0162
f 6208//6208 6209//6208 6210//6208
vn -0.092689618 -0.70406508 0.70406038
v -0.060881056 0.072639264 0.015600001
v -0.060725763 0.073218815 0.0162
v -0.061722215 0.072750002 0.015600001
f 6211//6211 6212//6211 6213//6211
vn -0.092694432 -0.7040602 0.70406461
v -0.061722215 0.072750002 0.015600001
v -0.060725763 0.073218815 0.0162
v -0.061722215 0.073350005 0.0162
f 6214//6214 6215//6214 6216//6214
vn 0.09268862 -0.70406061 0.70406497
v -0.061722215 0.072750002 0.015600001
v -0.061722215 0.073350005 0.0162
v -0.062563382 0.072639264 0.015600001
f 6217//6217 6218//6217 6219//6217
vn 0.092694595 -0.70406407 0.70406073
v -0.062563382 0.072639264 0.015600001
v -0.061722215 0.073350005 0.0162
v -0.062718675 0.073218815 0.0162
f 6220//6220 6221//6220 6222//6220
vn 0.27176228 -0.65608221 0.70406061
v -0.062563382 0.072639264 0.015600001
v -0.062718675 0.073218815 0.0162
v -0.06334722 0.072314583 0.015600001
f 6223//6223 6224//6223 6225//6223
vn 0.27175525 -0.65608031 0.70406508
v -0.06334722 0.072314583 0.015600001
v -0.062718675 0.073218815 0.0162
v -0.063647218 0.072834201 0.0162
f 6226//6226 6227//6226 6228//6226
vn 0.43230107 -0.56338954 0.70406532
v -0.06334722 0.072314583 0.015600001
v -0.063647218 0.072834201 0.0162
v -0.064020313 0.071798101 0.015600001
f 6229//6229 6230//6229 6231//6229
vn 0.43230754 -0.5633896 0.70406133
v -0.064020313 0.071798101 0.015600001
v -0.063647218 0.072834201 0.0162
v -0.064444579 0.072222359 0.0162
f 6232//6232 6233//6232 6234//6232
vn 0.56339031 -0.43230549 0.70406204
v -0.064020313 0.071798101 0.015600001
v -0.064444579 0.072222359 0.0162
v -0.064536802 0.071125001 0.015600001
f 6235//6235 6236//6235 6237//6235
vn 0.56339288 -0.4323048 0.70406038
v -0.064536802 0.071125001 0.015600001
v -0.064444579 0.072222359 0.0162
v -0.065056413 0.071424998 0.0162
f 6238//6238 6239//6238 6240//6238
vn 0.6560849 -0.27175716 0.70406014
v -0.064536802 0.071125001 0.015600001
v -0.065056413 0.071424998 0.0162
v -0.064861476 0.070341162 0.015600001
f 6241//6241 6242//6241 6243//6241
vn 0.65607846 -0.27176082 0.70406473
v -0.064861476 0.070341162 0.015600001
v -0.065056413 0.071424998 0.0162
v -0.065441035 0.070496455 0.0162
f 6244//6244 6245//6244 6246//6244
vn 0.70406079 -0.09268865 0.70406479
v -0.064861476 0.070341162 0.015600001
v -0.065441035 0.070496455 0.0162
v -0.064972214 0.069499999 0.015600001
f 6247//6247 6248//6247 6249//6247
vn 0.70406061 -0.092688866 0.70406497
v -0.064972214 0.069499999 0.015600001
v -0.065441035 0.070496455 0.0162
v -0.065572217 0.069499999 0.0162
f 6250//6250 6251//6250 6252//6250
vn 0.70406055 0.09268944 0.70406491
v -0.064972214 0.069499999 0.015600001
v -0.065572217 0.069499999 0.0162
v -0.064861476 0.068658844 0.015600001
f 6253//6253 6254//6253 6255//6253
vn 0.70406061 0.092689566 0.70406485
v -0.064861476 0.068658844 0.015600001
v -0.065572217 0.069499999 0.0162
v -0.065441035 0.068503551 0.0162
f 6256//6256 6257//6256 6258//6256
vn 0.65608031 0.27175525 0.70406508
v -0.064861476 0.068658844 0.015600001
v -0.065441035 0.068503551 0.0162
v -0.064536802 0.067875005 0.015600001
f 6259//6259 6260//6259 6261//6259
vn 0.65608162 0.27175996 0.7040621
v -0.064536802 0.067875005 0.015600001
v -0.065441035 0.068503551 0.0162
v -0.065056413 0.067575 0.0162
f 6262//6262 6263//6262 6264//6262
vn 0.56338954 0.43230492 0.70406294
v -0.064536802 0.067875005 0.015600001
v -0.065056413 0.067575 0.0162
v -0.064020313 0.067201905 0.015600001
f 6265//6265 6266//6265 6267//6265
vn 0.56338954 0.43230227 0.70406461
v -0.064020313 0.067201905 0.015600001
v -0.065056413 0.067575 0.0162
v -0.064444579 0.066777639 0.0162
f 6268//6268 6269//6268 6270//6268
vn 0.43230528 0.56338692 0.70406485
v -0.064020313 0.067201905 0.015600001
v -0.064444579 0.066777639 0.0162
v -0.06334722 0.066685416 0.015600001
f 6271//6271 6272//6271 6273//6271
vn 0.43230399 0.5633918 0.70406175
v -0.06334722 0.066685416 0.015600001
v -0.064444579 0.066777639 0.0162
v -0.063647218 0.066165805 0.0162
f 6274//6274 6275//6274 6276//6274
vn 0.27175683 0.65608406 0.70406103
v -0.06334722 0.066685416 0.015600001
v -0.063647218 0.066165805 0.0162
v -0.062563382 0.066360742 0.015600001
f 6277//6277 6278//6277 6279//6277
vn 0.27175683 0.65608412 0.70406103
v -0.062563382 0.066360742 0.015600001
v -0.063647218 0.066165805 0.0162
v -0.062718675 0.065781191 0.0162
f 6280//6280 6281//6280 6282//6280
vn 0.092689216 0.70406514 0.70406038
v -0.062563382 0.066360742 0.015600001
v -0.062718675 0.065781191 0.0162
v -0.061722215 0.066250004 0.015600001
f 6283//6283 6284//6283 6285//6283
vn 0.092694089 0.70406026 0.70406461
v -0.061722215 0.066250004 0.015600001
v -0.062718675 0.065781191 0.0162
v -0.061722215 0.065650001 0.0162
f 6286//6286 6287//6286 6288//6286
vn -0.09268903 0.70406055 0.70406497
v -0.061722215 0.066250004 0.015600001
v -0.061722215 0.065650001 0.0162
v -0.060881056 0.066360742 0.015600001
f 6289//6289 6290//6289 6291//6289
vn -0.092694931 0.70406401 0.70406073
v -0.060881056 0.066360742 0.015600001
v -0.061722215 0.065650001 0.0162
v -0.060725763 0.065781191 0.0162
f 6292//6292 6293//6292 6294//6292
vn -0.27175683 0.65608412 0.70406103
v -0.060881056 0.066360742 0.015600001
v -0.060725763 0.065781191 0.0162
v -0.060097218 0.066685416 0.015600001
f 6295//6295 6296//6295 6297//6295
vn -0.27175683 0.65608406 0.70406103
v -0.060097218 0.066685416 0.015600001
v -0.060725763 0.065781191 0.0162
v -0.059797216 0.066165805 0.0162
f 6298//6298 6299//6298 6300//6298
vn -0.43230733 0.5633896 0.70406145
v -0.060097218 0.066685416 0.015600001
v -0.059797216 0.066165805 0.0162
v -0.059424121 0.067201905 0.015600001
f 6301//6301 6302//6301 6303//6301
vn -0.43230227 0.56338954 0.70406461
v -0.059424121 0.067201905 0.015600001
v -0.059797216 0.066165805 0.0162
v -0.058999855 0.066777639 0.0162
f 6304//6304 6305//6304 6306//6304
vn -0.56338978 0.43230197 0.70406461
v -0.059424121 0.067201905 0.015600001
v -0.058999855 0.066777639 0.0162
v -0.058907636 0.067875005 0.015600001
f 6307//6307 6308//6307 6309//6307
vn -0.5633868 0.43230277 0.70406651
v -0.058907636 0.067875005 0.015600001
v -0.058999855 0.066777639 0.0162
v -0.058388017 0.067575 0.0162
f 6310//6310 6311//6310 6312//6310
vn -0.65607828 0.27175754 0.70406616
v -0.058907636 0.067875005 0.015600001
v -0.058388017 0.067575 0.0162
v -0.058582958 0.068658844 0.015600001
f 6313//6313 6314//6313 6315//6313
vn -0.65608251 0.27175507 0.70406312
v -0.058582958 0.068658844 0.015600001
v -0.058388017 0.067575 0.0162
v -0.058003403 0.068503551 0.0162
f 6316//6316 6317//6316 6318//6316
vn -0.70406222 0.09269277 0.70406282
v -0.058582958 0.068658844 0.015600001
v -0.058003403 0.068503551 0.0162
v -0.058472216 0.069499999 0.015600001
f 6319//6319 6320//6319 6321//6319
vn -0.70406252 0.09269245 0.70406252
v -0.058472216 0.069499999 0.015600001
v -0.058003403 0.068503551 0.0162
v -0.057872217 0.069499999 0.0162
f 6322//6322 6323//6322 6324//6322
vn -0.70406258 -0.092691995 0.70406258
v -0.058472216 0.069499999 0.015600001
v -0.057872217 0.069499999 0.0162
v -0.058582958 0.070341162 0.015600001
f 6325//6325 6326//6325 6327//6325
vn -0.7040624 -0.092691742 0.70406276
v -0.058582958 0.070341162 0.015600001
v -0.057872217 0.069499999 0.0162
v -0.058003403 0.070496455 0.0162
f 6328//6328 6329//6328 6330//6328
vn -0.50858968 -0.50858682 0.69474888
v -0.060163371 0.0704 0.0123
v -0.059643757 0.070700005 0.0129
v -0.060822215 0.071058847 0.0123
f 6331//6331 6332//6331 6333//6331
vn -0.50858951 -0.50858951 0.69474697
v -0.060822215 0.071058847 0.0123
v -0.059643757 0.070700005 0.0129
v -0.060522217 0.071578465 0.0129
f 6334//6334 6335//6334 6336//6334
vn -0.18615541 -0.69474554 0.69474798
v -0.060822215 0.071058847 0.0123
v -0.060522217 0.071578465 0.0129
v -0.061722215 0.0713 0.0123
f 6337//6337 6338//6337 6339//6337
vn -0.18615568 -0.69474512 0.69474834
v -0.061722215 0.0713 0.0123
v -0.060522217 0.071578465 0.0129
v -0.061722215 0.071900003 0.0129
f 6340//6340 6341//6340 6342//6340
vn 0.1861553 -0.69474518 0.6947484
v -0.061722215 0.0713 0.0123
v -0.061722215 0.071900003 0.0129
v -0.062622219 0.071058847 0.0123
f 6343//6343 6344//6343 6345//6343
vn 0.18615508 -0.69474506 0.69474858
v -0.062622219 0.071058847 0.0123
v -0.061722215 0.071900003 0.0129
v -0.062922217 0.071578465 0.0129
f 6346//6346 6347//6346 6348//6346
vn 0.50858843 -0.50858843 0.69474864
v -0.062622219 0.071058847 0.0123
v -0.062922217 0.071578465 0.0129
v -0.063281067 0.0704 0.0123
f 6349//6349 6350//6349 6351//6349
vn 0.50858843 -0.50858843 0.69474864
v -0.063281067 0.0704 0.0123
v -0.062922217 0.071578465 0.0129
v -0.063800678 0.070700005 0.0129
f 6352//6352 6353//6352 6354//6352
vn 0.69474649 -0.18615568 0.69474697
v -0.063281067 0.0704 0.0123
v -0.063800678 0.070700005 0.0129
v -0.06352222 0.069499999 0.0123
f 6355//6355 6356//6355 6357//6355
vn 0.69474733 -0.18615513 0.69474626
v -0.06352222 0.069499999 0.0123
v -0.063800678 0.070700005 0.0129
v -0.064122215 0.069499999 0.0129
f 6358//6358 6359//6358 6360//6358
vn 0.69474727 0.18615587 0.6947462
v -0.06352222 0.069499999 0.0123
v -0.064122215 0.069499999 0.0129
v -0.063281067 0.068599999 0.0123
f 6361//6361 6362//6361 6363//6361
vn 0.69474751 0.18615632 0.69474584
v -0.063281067 0.068599999 0.0123
v -0.064122215 0.069499999 0.0129
v -0.063800678 0.068300001 0.0129
f 6364//6364 6365//6364 6366//6364
vn 0.50858814 0.50859392 0.69474483
v -0.063281067 0.068599999 0.0123
v -0.063800678 0.068300001 0.0129
v -0.062622219 0.067941159 0.0123
f 6367//6367 6368//6367 6369//6367
vn 0.50858843 0.50858843 0.69474864
v -0.062622219 0.067941159 0.0123
v -0.063800678 0.068300001 0.0129
v -0.062922217 0.067421541 0.0129
f 6370//6370 6371//6370 6372//6370
vn 0.18616045 0.69474286 0.69474936
v -0.062622219 0.067941159 0.0123
v -0.062922217 0.067421541 0.0129
v -0.061722215 0.067699999 0.0123
f 6373//6373 6374//6373 6375//6373
vn 0.18615624 0.69474936 0.69474399
v -0.061722215 0.067699999 0.0123
v -0.062922217 0.067421541 0.0129
v -0.061722215 0.067100003 0.0129
f 6376//6376 6377//6376 6378//6376
vn -0.18616198 0.69474858 0.69474322
v -0.061722215 0.067699999 0.0123
v -0.061722215 0.067100003 0.0129
v -0.060822215 0.067941159 0.0123
f 6379//6379 6380//6379 6381//6379
vn -0.18615575 0.69474542 0.69474804
v -0.060822215 0.067941159 0.0123
v -0.061722215 0.067100003 0.0129
v -0.060522217 0.067421541 0.0129
f 6382//6382 6383//6382 6384//6382
vn -0.5085879 0.50859076 0.69474727
v -0.060822215 0.067941159 0.0123
v -0.060522217 0.067421541 0.0129
v -0.060163371 0.068599999 0.0123
f 6385//6385 6386//6385 6387//6385
vn -0.50859064 0.50859064 0.69474536
v -0.060163371 0.068599999 0.0123
v -0.060522217 0.067421541 0.0129
v -0.059643757 0.068300001 0.0129
f 6388//6388 6389//6388 6390//6388
vn -0.69474763 0.18615597 0.69474578
v -0.060163371 0.068599999 0.0123
v -0.059643757 0.068300001 0.0129
v -0.059922218 0.069499999 0.0123
f 6391//6391 6392//6391 6393//6391
vn -0.69474483 0.18615776 0.6947481
v -0.059922218 0.069499999 0.0123
v -0.059643757 0.068300001 0.0129
v -0.059322216 0.069499999 0.0129
f 6394//6394 6395//6394 6396//6394
vn -0.69474518 -0.1861553 0.6947484
v -0.059922218 0.069499999 0.0123
v -0.059322216 0.069499999 0.0129
v -0.060163371 0.0704 0.0123
f 6397//6397 6398//6397 6399//6397
vn -0.69474602 -0.18615691 0.69474715
v -0.060163371 0.0704 0.0123
v -0.059322216 0.069499999 0.0129
v -0.059643757 0.070700005 0.0129
f 6400//6400 6401//6400 6402//6400
vn -0.50859177 -0.50859177 0.69474369
v -0.074590296 0.11988318 0.0126
v -0.074070685 0.12018318 0.0132
v -0.075249143 0.12054203 0.0126
f 6403//6403 6404//6403 6405//6403
vn -0.50859177 -0.50859177 0.69474369
v -0.075249143 0.12054203 0.0126
v -0.074070685 0.12018318 0.0132
v -0.074949145 0.12106164 0.0132
f 6406//6406 6407//6406 6408//6406
vn -0.18615653 -0.69474971 0.69474357
v -0.075249143 0.12054203 0.0126
v -0.074949145 0.12106164 0.0132
v -0.076149143 0.12078318 0.0126
f 6409//6409 6410//6409 6411//6409
vn -0.18615985 -0.69474459 0.69474781
v -0.076149143 0.12078318 0.0126
v -0.074949145 0.12106164 0.0132
v -0.076149143 0.12138318 0.0132
f 6412//6412 6413//6412 6414//6412
vn 0.1861553 -0.69474518 0.6947484
v -0.076149143 0.12078318 0.0126
v -0.076149143 0.12138318 0.0132
v -0.077049144 0.12054203 0.0126
f 6415//6415 6416//6415 6417//6415
vn 0.18616076 -0.69474798 0.69474417
v -0.077049144 0.12054203 0.0126
v -0.076149143 0.12138318 0.0132
v -0.077349141 0.12106164 0.0132
f 6418//6418 6419//6418 6420//6418
vn 0.50859177 -0.50859177 0.69474369
v -0.077049144 0.12054203 0.0126
v -0.077349141 0.12106164 0.0132
v -0.077707991 0.11988318 0.0126
f 6421//6421 6422//6421 6423//6421
vn 0.50858766 -0.50859195 0.69474655
v -0.077707991 0.11988318 0.0126
v -0.077349141 0.12106164 0.0132
v -0.078227609 0.12018318 0.0132
f 6424//6424 6425//6424 6426//6424
vn 0.69474554 -0.18615541 0.69474798
v -0.077707991 0.11988318 0.0126
v -0.078227609 0.12018318 0.0132
v -0.077949144 0.11898318 0.0126
f 6427//6427 6428//6427 6429//6427
vn 0.69474512 -0.18615568 0.69474834
v -0.077949144 0.11898318 0.0126
v -0.078227609 0.12018318 0.0132
v -0.078549147 0.11898318 0.0132
f 6430//6430 6431//6430 6432//6430
vn 0.69474518 0.1861553 0.6947484
v -0.077949144 0.11898318 0.0126
v -0.078549147 0.11898318 0.0132
v -0.077707991 0.11808318 0.0126
f 6433//6433 6434//6433 6435//6433
vn 0.69474542 0.18615575 0.69474804
v -0.077707991 0.11808318 0.0126
v -0.078549147 0.11898318 0.0132
v -0.078227609 0.11778318 0.0132
f 6436//6436 6437//6436 6438//6436
vn 0.50858951 0.50858951 0.69474697
v -0.077707991 0.11808318 0.0126
v -0.078227609 0.11778318 0.0132
v -0.077049144 0.11742433 0.0126
f 6439//6439 6440//6439 6441//6439
vn 0.50858933 0.50859362 0.69474411
v -0.077049144 0.11742433 0.0126
v -0.078227609 0.11778318 0.0132
v -0.077349141 0.11690472 0.0132
f 6442//6442 6443//6442 6444//6442
vn 0.18615653 0.69474971 0.69474357
v -0.077049144 0.11742433 0.0126
v -0.077349141 0.11690472 0.0132
v -0.076149143 0.11718318 0.0126
f 6445//6445 6446//6445 6447//6445
vn 0.18615679 0.6947493 0.69474387
v -0.076149143 0.11718318 0.0126
v -0.077349141 0.11690472 0.0132
v -0.076149143 0.11658318 0.0132
f 6448//6448 6449//6448 6450//6448
vn -0.18615642 0.69474936 0.69474393
v -0.076149143 0.11718318 0.0126
v -0.076149143 0.11658318 0.0132
v -0.075249143 0.11742433 0.0126
f 6451//6451 6452//6451 6453//6451
vn -0.18615687 0.69474959 0.69474357
v -0.075249143 0.11742433 0.0126
v -0.076149143 0.11658318 0.0132
v -0.074949145 0.11690472 0.0132
f 6454//6454 6455//6454 6456//6454
vn -0.50859177 0.50859177 0.69474369
v -0.075249143 0.11742433 0.0126
v -0.074949145 0.11690472 0.0132
v -0.074590296 0.11808318 0.0126
f 6457//6457 6458//6457 6459//6457
vn -0.50859177 0.50859177 0.69474369
v -0.074590296 0.11808318 0.0126
v -0.074949145 0.11690472 0.0132
v -0.074070685 0.11778318 0.0132
f 6460//6460 6461//6460 6462//6460
vn -0.69474971 0.18615653 0.69474357
v -0.074590296 0.11808318 0.0126
v -0.074070685 0.11778318 0.0132
v -0.074349143 0.11898318 0.0126
f 6463//6463 6464//6463 6465//6463
vn -0.6947493 0.18615679 0.69474387
v -0.074349143 0.11898318 0.0126
v -0.074070685 0.11778318 0.0132
v -0.073749147 0.11898318 0.0132
f 6466//6466 6467//6466 6468//6466
vn -0.69474936 -0.18615642 0.69474393
v -0.074349143 0.11898318 0.0126
v -0.073749147 0.11898318 0.0132
v -0.074590296 0.11988318 0.0126
f 6469//6469 6470//6469 6471//6469
vn -0.69474959 -0.18615687 0.69474357
v -0.074590296 0.11988318 0.0126
v -0.073749147 0.11898318 0.0132
v -0.074070685 0.12018318 0.0132
f 6472//6472 6473//6472 6474//6472
vn -0.50858951 -0.50858951 0.69474697
v -0.075159408 0.08488781 0.0126
v -0.07463979 0.085187808 0.0132
v -0.075818248 0.08554665 0.0126
f 6475//6475 6476//6475 6477//6475
vn -0.50858951 -0.50858951 0.69474697
v -0.075818248 0.08554665 0.0126
v -0.07463979 0.085187808 0.0132
v -0.07551825 0.086066268 0.0132
f 6478//6478 6479//6478 6480//6478
vn -0.18616059 -0.69474339 0.69474876
v -0.075818248 0.08554665 0.0126
v -0.07551825 0.086066268 0.0132
v -0.076718248 0.08578781 0.0126
f 6481//6481 6482//6481 6483//6481
vn -0.18615679 -0.6947493 0.69474387
v -0.076718248 0.08578781 0.0126
v -0.07551825 0.086066268 0.0132
v -0.076718248 0.086387806 0.0132
f 6484//6484 6485//6484 6486//6484
vn 0.18616198 -0.69474858 0.69474322
v -0.076718248 0.08578781 0.0126
v -0.076718248 0.086387806 0.0132
v -0.077618249 0.08554665 0.0126
f 6487//6487 6488//6487 6489//6487
vn 0.18615441 -0.69474471 0.69474912
v -0.077618249 0.08554665 0.0126
v -0.076718248 0.086387806 0.0132
v -0.077918254 0.086066268 0.0132
f 6490//6490 6491//6490 6492//6490
vn 0.50858408 -0.5085898 0.69475079
v -0.077618249 0.08554665 0.0126
v -0.077918254 0.086066268 0.0132
v -0.078277096 0.08488781 0.0126
f 6493//6493 6494//6493 6495//6493
vn 0.50858951 -0.50858951 0.69474697
v -0.078277096 0.08488781 0.0126
v -0.077918254 0.086066268 0.0132
v -0.078796715 0.085187808 0.0132
f 6496//6496 6497//6496 6498//6496
vn 0.69474554 -0.18615541 0.69474798
v -0.078277096 0.08488781 0.0126
v -0.078796715 0.085187808 0.0132
v -0.078518249 0.08398781 0.0126
f 6499//6499 6500//6499 6501//6499
vn 0.69474512 -0.18615568 0.69474834
v -0.078518249 0.08398781 0.0126
v -0.078796715 0.085187808 0.0132
v -0.079118252 0.08398781 0.0132
f 6502//6502 6503//6502 6504//6502
vn 0.69474518 0.1861553 0.6947484
v -0.078518249 0.08398781 0.0126
v -0.079118252 0.08398781 0.0132
v -0.078277096 0.083087809 0.0126
f 6505//6505 6506//6505 6507//6505
vn 0.69474471 0.18615441 0.69474912
v -0.078277096 0.083087809 0.0126
v -0.079118252 0.08398781 0.0132
v -0.078796715 0.082787804 0.0132
f 6508//6508 6509//6508 6510//6508
vn 0.5085873 0.5085873 0.69475025
v -0.078277096 0.083087809 0.0126
v -0.078796715 0.082787804 0.0132
v -0.077618249 0.082428962 0.0126
f 6511//6511 6512//6511 6513//6511
vn 0.5085873 0.5085873 0.69475025
v -0.077618249 0.082428962 0.0126
v -0.078796715 0.082787804 0.0132
v -0.077918254 0.081909344 0.0132
f 6514//6514 6515//6514 6516//6514
vn 0.18615511 0.69474441 0.69474918
v -0.077618249 0.082428962 0.0126
v -0.077918254 0.081909344 0.0132
v -0.076718248 0.082187809 0.0126
f 6517//6517 6518//6517 6519//6517
vn 0.18615457 0.69474524 0.69474852
v -0.076718248 0.082187809 0.0126
v -0.077918254 0.081909344 0.0132
v -0.076718248 0.081587806 0.0132
f 6520//6520 6521//6520 6522//6520
vn -0.1861553 0.69474518 0.6947484
v -0.076718248 0.082187809 0.0126
v -0.076718248 0.081587806 0.0132
v -0.075818248 0.082428962 0.0126
f 6523//6523 6524//6523 6525//6523
vn -0.18615575 0.69474542 0.69474804
v -0.075818248 0.082428962 0.0126
v -0.076718248 0.081587806 0.0132
v -0.07551825 0.081909344 0.0132
f 6526//6526 6527//6526 6528//6526
vn -0.50859278 0.508587 0.69474643
v -0.075818248 0.082428962 0.0126
v -0.07551825 0.081909344 0.0132
v -0.075159408 0.083087809 0.0126
f 6529//6529 6530//6529 6531//6529
vn -0.5085873 0.5085873 0.69475025
v -0.075159408 0.083087809 0.0126
v -0.07551825 0.081909344 0.0132
v -0.07463979 0.082787804 0.0132
f 6532//6532 6533//6532 6534//6532
vn -0.69474232 0.1861603 0.69474995
v -0.075159408 0.083087809 0.0126
v -0.07463979 0.082787804 0.0132
v -0.074918248 0.08398781 0.0126
f 6535//6535 6536//6535 6537//6535
vn -0.69474941 0.18615568 0.69474405
v -0.074918248 0.08398781 0.0126
v -0.07463979 0.082787804 0.0132
v -0.074318253 0.08398781 0.0132
f 6538//6538 6539//6538 6540//6538
vn -0.69474858 -0.18616198 0.69474322
v -0.074918248 0.08398781 0.0126
v -0.074318253 0.08398781 0.0132
v -0.075159408 0.08488781 0.0126
f 6541//6541 6542//6541 6543//6541
vn -0.69474542 -0.18615575 0.69474804
v -0.075159408 0.08488781 0.0126
v -0.074318253 0.08398781 0.0132
v -0.07463979 0.085187808 0.0132
f 6544//6544 6545//6544 6546//6544
vn -0.50858814 -0.50859392 0.69474483
v -0.045163371 0.084400006 0.0126
v -0.044643756 0.084700003 0.0132
v -0.045822218 0.085058846 0.0126
f 6547//6547 6548//6547 6549//6547
vn -0.50858843 -0.50858843 0.69474864
v -0.045822218 0.085058846 0.0126
v -0.044643756 0.084700003 0.0132
v -0.045522217 0.085578464 0.0132
f 6550//6550 6551//6550 6552//6550
vn -0.18615526 -0.694745 0.69474858
v -0.045822218 0.085058846 0.0126
v -0.045522217 0.085578464 0.0132
v -0.046722218 0.085299999 0.0126
f 6553//6553 6554//6553 6555//6553
vn -0.18615513 -0.69474518 0.6947484
v -0.046722218 0.085299999 0.0126
v -0.045522217 0.085578464 0.0132
v -0.046722218 0.085900001 0.0132
f 6556//6556 6557//6556 6558//6556
vn 0.18615605 -0.69474506 0.69474828
v -0.046722218 0.085299999 0.0126
v -0.046722218 0.085900001 0.0132
v -0.047622215 0.085058846 0.0126
f 6559//6559 6560//6559 6561//6559
vn 0.1861556 -0.69474483 0.69474864
v -0.047622215 0.085058846 0.0126
v -0.046722218 0.085900001 0.0132
v -0.047922216 0.085578464 0.0132
f 6562//6562 6563//6562 6564//6562
vn 0.50858516 -0.50859094 0.69474918
v -0.047622215 0.085058846 0.0126
v -0.047922216 0.085578464 0.0132
v -0.048281062 0.084400006 0.0126
f 6565//6565 6566//6565 6567//6565
vn 0.50859064 -0.50859064 0.69474536
v -0.048281062 0.084400006 0.0126
v -0.047922216 0.085578464 0.0132
v -0.048800677 0.084700003 0.0132
f 6568//6568 6569//6568 6570//6568
vn 0.69474763 -0.18615597 0.69474578
v -0.048281062 0.084400006 0.0126
v -0.048800677 0.084700003 0.0132
v -0.048522215 0.083500005 0.0126
f 6571//6571 6572//6571 6573//6571
vn 0.69474483 -0.18615776 0.6947481
v -0.048522215 0.083500005 0.0126
v -0.048800677 0.084700003 0.0132
v -0.049122218 0.083500005 0.0132
f 6574//6574 6575//6574 6576//6574
vn 0.69474518 0.1861553 0.6947484
v -0.048522215 0.083500005 0.0126
v -0.049122218 0.083500005 0.0132
v -0.048281062 0.082600005 0.0126
f 6577//6577 6578//6577 6579//6577
vn 0.69474602 0.18615691 0.69474715
v -0.048281062 0.082600005 0.0126
v -0.049122218 0.083500005 0.0132
v -0.048800677 0.0823 0.0132
f 6580//6580 6581//6580 6582//6580
vn 0.50858843 0.50858843 0.69474864
v -0.048281062 0.082600005 0.0126
v -0.048800677 0.0823 0.0132
v -0.047622215 0.081941158 0.0126
f 6583//6583 6584//6583 6585//6583
vn 0.50858843 0.50858843 0.69474864
v -0.047622215 0.081941158 0.0126
v -0.048800677 0.0823 0.0132
v -0.047922216 0.081421539 0.0132
f 6586//6586 6587//6586 6588//6586
vn 0.18615596 0.69474471 0.6947487
v -0.047622215 0.081941158 0.0126
v -0.047922216 0.081421539 0.0132
v -0.046722218 0.081700005 0.0126
f 6589//6589 6590//6589 6591//6589
vn 0.18615568 0.69474512 0.69474834
v -0.046722218 0.081700005 0.0126
v -0.047922216 0.081421539 0.0132
v -0.046722218 0.081100002 0.0132
f 6592//6592 6593//6592 6594//6592
vn -0.1861553 0.69474518 0.6947484
v -0.046722218 0.081700005 0.0126
v -0.046722218 0.081100002 0.0132
v -0.045822218 0.081941158 0.0126
f 6595//6595 6596//6595 6597//6595
vn -0.18615508 0.69474506 0.69474858
v -0.045822218 0.081941158 0.0126
v -0.046722218 0.081100002 0.0132
v -0.045522217 0.081421539 0.0132
f 6598//6598 6599//6598 6600//6598
vn -0.50858843 0.50858843 0.69474864
v -0.045822218 0.081941158 0.0126
v -0.045522217 0.081421539 0.0132
v -0.045163371 0.082600005 0.0126
f 6601//6601 6602//6601 6603//6601
vn -0.50858843 0.50858843 0.69474864
v -0.045163371 0.082600005 0.0126
v -0.045522217 0.081421539 0.0132
v -0.044643756 0.0823 0.0132
f 6604//6604 6605//6604 6606//6604
vn -0.69474649 0.18615568 0.69474697
v -0.045163371 0.082600005 0.0126
v -0.044643756 0.0823 0.0132
v -0.044922218 0.083500005 0.0126
f 6607//6607 6608//6607 6609//6607
vn -0.694745 0.18615665 0.69474822
v -0.044922218 0.083500005 0.0126
v -0.044643756 0.0823 0.0132
v -0.044322215 0.083500005 0.0132
f 6610//6610 6611//6610 6612//6610
vn -0.69474518 -0.1861553 0.6947484
v -0.044922218 0.083500005 0.0126
v -0.044322215 0.083500005 0.0132
v -0.045163371 0.084400006 0.0126
f 6613//6613 6614//6613 6615//6613
vn -0.69474667 -0.18615825 0.69474608
v -0.045163371 0.084400006 0.0126
v -0.044322215 0.083500005 0.0132
v -0.044643756 0.084700003 0.0132
f 6616//6616 6617//6616 6618//6616
vn -0.65608126 -0.27175876 0.70406288
v -0.043582957 0.084341161 0.015600001
v -0.043003403 0.084496453 0.0162
v -0.043907635 0.085124999 0.015600001
f 6619//6619 6620//6619 6621//6619
vn -0.65608078 -0.27175701 0.70406401
v -0.043907635 0.085124999 0.015600001
v -0.043003403 0.084496453 0.0162
v -0.04338802 0.085425004 0.0162
f 6622//6622 6623//6622 6624//6622
vn -0.56338954 -0.43230179 0.70406491
v -0.043907635 0.085124999 0.015600001
v -0.04338802 0.085425004 0.0162
v -0.04442412 0.0857981 0.015600001
f 6625//6625 6626//6625 6627//6625
vn -0.56338954 -0.43230227 0.70406461
v -0.04442412 0.0857981 0.015600001
v -0.04338802 0.085425004 0.0162
v -0.043999854 0.086222365 0.0162
f 6628//6628 6629//6628 6630//6628
vn -0.43230155 -0.5633902 0.70406455
v -0.04442412 0.0857981 0.015600001
v -0.043999854 0.086222365 0.0162
v -0.045097217 0.086314581 0.015600001
f 6631//6631 6632//6631 6633//6631
vn -0.43230185 -0.56338906 0.70406526
v -0.045097217 0.086314581 0.015600001
v -0.043999854 0.086222365 0.0162
v -0.044797216 0.0868342 0.0162
f 6634//6634 6635//6634 6636//6634
vn -0.27176043 -0.6560778 0.7040655
v -0.045097217 0.086314581 0.015600001
v -0.044797216 0.0868342 0.0162
v -0.045881055 0.086639263 0.015600001
f 6637//6637 6638//6637 6639//6637
vn -0.27175683 -0.65608412 0.70406103
v -0.045881055 0.086639263 0.015600001
v -0.044797216 0.0868342 0.0162
v -0.045725763 0.087218814 0.0162
f 6640//6640 6641//6640 6642//6640
vn -0.092689216 -0.70406514 0.70406038
v -0.045881055 0.086639263 0.015600001
v -0.045725763 0.087218814 0.0162
v -0.046722218 0.086750001 0.015600001
f 6643//6643 6644//6643 6645//6643
vn -0.092694089 -0.70406026 0.70406461
v -0.046722218 0.086750001 0.015600001
v -0.045725763 0.087218814 0.0162
v -0.046722218 0.087350003 0.0162
f 6646//6646 6647//6646 6648//6646
vn 0.09268903 -0.70406055 0.70406497
v -0.046722218 0.086750001 0.015600001
v -0.046722218 0.087350003 0.0162
v -0.047563378 0.086639263 0.015600001
f 6649//6649 6650//6649 6651//6649
vn 0.092694931 -0.70406401 0.70406073
v -0.047563378 0.086639263 0.015600001
v -0.046722218 0.087350003 0.0162
v -0.04771867 0.087218814 0.0162
f 6652//6652 6653//6652 6654//6652
vn 0.27176228 -0.65608221 0.70406061
v -0.047563378 0.086639263 0.015600001
v -0.04771867 0.087218814 0.0162
v -0.048347216 0.086314581 0.015600001
f 6655//6655 6656//6655 6657//6655
vn 0.27175525 -0.65608031 0.70406508
v -0.048347216 0.086314581 0.015600001
v -0.04771867 0.087218814 0.0162
v -0.048647217 0.0868342 0.0162
f 6658//6658 6659//6658 6660//6658
vn 0.43230107 -0.56338954 0.70406532
v -0.048347216 0.086314581 0.015600001
v -0.048647217 0.0868342 0.0162
v -0.049020313 0.0857981 0.015600001
f 6661//6661 6662//6661 6663//6661
vn 0.43230227 -0.56338954 0.70406461
v -0.049020313 0.0857981 0.015600001
v -0.048647217 0.0868342 0.0162
v -0.049444579 0.086222365 0.0162
f 6664//6664 6665//6664 6666//6664
vn 0.56338978 -0.43230197 0.70406461
v -0.049020313 0.0857981 0.015600001
v -0.049444579 0.086222365 0.0162
v -0.049536798 0.085124999 0.015600001
f 6667//6667 6668//6667 6669//6667
vn 0.56338936 -0.43230209 0.70406485
v -0.049536798 0.085124999 0.015600001
v -0.049444579 0.086222365 0.0162
v -0.050056413 0.085425004 0.0162
f 6670//6670 6671//6670 6672//6670
vn 0.65608013 -0.27175832 0.70406407
v -0.049536798 0.085124999 0.015600001
v -0.050056413 0.085425004 0.0162
v -0.049861476 0.084341161 0.015600001
f 6673//6673 6674//6673 6675//6673
vn 0.65608174 -0.27175739 0.70406294
v -0.049861476 0.084341161 0.015600001
v -0.050056413 0.085425004 0.0162
v -0.05044103 0.084496453 0.0162
f 6676//6676 6677//6676 6678//6676
vn 0.70406222 -0.09269277 0.70406282
v -0.049861476 0.084341161 0.015600001
v -0.05044103 0.084496453 0.0162
v -0.049972218 0.083500005 0.015600001
f 6679//6679 6680//6679 6681//6679
vn 0.70406252 -0.09269245 0.70406252
v -0.049972218 0.083500005 0.015600001
v -0.05044103 0.084496453 0.0162
v -0.050572217 0.083500005 0.0162
f 6682//6682 6683//6682 6684//6682
vn 0.70406258 0.092691995 0.70406258
v -0.049972218 0.083500005 0.015600001
v -0.050572217 0.083500005 0.0162
v -0.049861476 0.082658842 0.015600001
f 6685//6685 6686//6685 6687//6685
vn 0.7040624 0.092691742 0.70406276
v -0.049861476 0.082658842 0.015600001
v -0.050572217 0.083500005 0.0162
v -0.05044103 0.08250355 0.0162
f 6688//6688 6689//6688 6690//6688
vn 0.65608126 0.27175876 0.70406288
v -0.049861476 0.082658842 0.015600001
v -0.05044103 0.08250355 0.0162
v -0.049536798 0.081875004 0.015600001
f 6691//6691 6692//6691 6693//6691
vn 0.65608078 0.27175701 0.70406401
v -0.049536798 0.081875004 0.015600001
v -0.05044103 0.08250355 0.0162
v -0.050056413 0.081574999 0.0162
f 6694//6694 6695//6694 6696//6694
vn 0.56338954 0.43230179 0.70406491
v -0.049536798 0.081875004 0.015600001
v -0.050056413 0.081574999 0.0162
v -0.049020313 0.081201904 0.015600001
f 6697//6697 6698//6697 6699//6697
vn 0.56338954 0.43230227 0.70406461
v -0.049020313 0.081201904 0.015600001
v -0.050056413 0.081574999 0.0162
v -0.049444579 0.080777638 0.0162
f 6700//6700 6701//6700 6702//6700
vn 0.43230155 0.5633902 0.70406455
v -0.049020313 0.081201904 0.015600001
v -0.049444579 0.080777638 0.0162
v -0.048347216 0.080685422 0.015600001
f 6703//6703 6704//6703 6705//6703
vn 0.43230185 0.56338906 0.70406526
v -0.048347216 0.080685422 0.015600001
v -0.049444579 0.080777638 0.0162
v -0.048647217 0.080165803 0.0162
f 6706//6706 6707//6706 6708//6706
vn 0.27176043 0.6560778 0.7040655
v -0.048347216 0.080685422 0.015600001
v -0.048647217 0.080165803 0.0162
v -0.047563378 0.08036074 0.015600001
f 6709//6709 6710//6709 6711//6709
vn 0.27175683 0.65608412 0.70406103
v -0.047563378 0.08036074 0.015600001
v -0.048647217 0.080165803 0.0162
v -0.04771867 0.07978119 0.0162
f 6712//6712 6713//6712 6714//6712
vn 0.092689618 0.70406508 0.70406038
v -0.047563378 0.08036074 0.015600001
v -0.04771867 0.07978119 0.0162
v -0.046722218 0.080250002 0.015600001
f 6715//6715 6716//6715 6717//6715
vn 0.092694432 0.7040602 0.70406461
v -0.046722218 0.080250002 0.015600001
v -0.04771867 0.07978119 0.0162
v -0.046722218 0.07965 0.0162
f 6718//6718 6719//6718 6720//6718
vn -0.09268862 0.70406061 0.70406497
v -0.046722218 0.080250002 0.015600001
v -0.046722218 0.07965 0.0162
v -0.045881055 0.08036074 0.015600001
f 6721//6721 6722//6721 6723//6721
vn -0.092694595 0.70406407 0.70406073
v -0.045881055 0.08036074 0.015600001
v -0.046722218 0.07965 0.0162
v -0.045725763 0.07978119 0.0162
f 6724//6724 6725//6724 6726//6724
vn -0.27176228 0.65608221 0.70406061
v -0.045881055 0.08036074 0.015600001
v -0.045725763 0.07978119 0.0162
v -0.045097217 0.080685422 0.015600001
f 6727//6727 6728//6727 6729//6727
vn -0.27175525 0.65608031 0.70406508
v -0.045097217 0.080685422 0.015600001
v -0.045725763 0.07978119 0.0162
v -0.044797216 0.080165803 0.0162
f 6730//6730 6731//6730 6732//6730
vn -0.43230107 0.56338954 0.70406532
v -0.045097217 0.080685422 0.015600001
v -0.044797216 0.080165803 0.0162
v -0.04442412 0.081201904 0.015600001
f 6733//6733 6734//6733 6735//6733
vn -0.43230227 0.56338954 0.70406461
v -0.04442412 0.081201904 0.015600001
v -0.044797216 0.080165803 0.0162
v -0.043999854 0.080777638 0.0162
f 6736//6736 6737//6736 6738//6736
vn -0.56338978 0.43230197 0.70406461
v -0.04442412 0.081201904 0.015600001
v -0.043999854 0.080777638 0.0162
v -0.043907635 0.081875004 0.015600001
f 6739//6739 6740//6739 6741//6739
vn -0.56338936 0.43230209 0.70406485
v -0.043907635 0.081875004 0.015600001
v -0.043999854 0.080777638 0.0162
v -0.04338802 0.081574999 0.0162
f 6742//6742 6743//6742 6744//6742
vn -0.65608013 0.27175832 0.70406407
v -0.043907635 0.081875004 0.015600001
v -0.04338802 0.081574999 0.0162
v -0.043582957 0.082658842 0.015600001
f 6745//6745 6746//6745 6747//6745
vn -0.65608174 0.27175739 0.70406294
v -0.043582957 0.082658842 0.015600001
v -0.04338802 0.081574999 0.0162
v -0.043003403 0.08250355 0.0162
f 6748//6748 6749//6748 6750//6748
vn -0.70406234 0.092691973 0.70406276
v -0.043582957 0.082658842 0.015600001
v -0.043003403 0.08250355 0.0162
v -0.043472216 0.083500005 0.015600001
f 6751//6751 6752//6751 6753//6751
vn -0.70406258 0.092691764 0.70406258
v -0.043472216 0.083500005 0.015600001
v -0.043003403 0.08250355 0.0162
v -0.042872217 0.083500005 0.0162
f 6754//6754 6755//6754 6756//6754
vn -0.70406252 -0.092692815 0.70406252
v -0.043472216 0.083500005 0.015600001
v -0.042872217 0.083500005 0.0162
v -0.043582957 0.084341161 0.015600001
f 6757//6757 6758//6757 6759//6757
vn -0.70406228 -0.09269242 0.70406282
v -0.043582957 0.084341161 0.015600001
v -0.042872217 0.083500005 0.0162
v -0.043003403 0.084496453 0.0162
f 6760//6760 6761//6760 6762//6760
vn -0.65608031 -0.27175525 0.70406508
v -0.073578991 0.084828965 0.015600001
v -0.072999433 0.084984258 0.0162
v -0.073903665 0.085612804 0.015600001
f 6763//6763 6764//6763 6765//6763
vn -0.65608162 -0.27175996 0.7040621
v -0.073903665 0.085612804 0.015600001
v -0.072999433 0.084984258 0.0162
v -0.073384054 0.085912809 0.0162
f 6766//6766 6767//6766 6768//6766
vn -0.56338954 -0.43230492 0.70406294
v -0.073903665 0.085612804 0.015600001
v -0.073384054 0.085912809 0.0162
v -0.074420154 0.086285904 0.015600001
f 6769//6769 6770//6769 6771//6769
vn -0.56338954 -0.43230227 0.70406461
v -0.074420154 0.086285904 0.015600001
v -0.073384054 0.085912809 0.0162
v -0.073995888 0.08671017 0.0162
f 6772//6772 6773//6772 6774//6772
vn -0.43230298 -0.56338894 0.70406467
v -0.074420154 0.086285904 0.015600001
v -0.073995888 0.08671017 0.0162
v -0.075093247 0.086802386 0.015600001
f 6775//6775 6776//6775 6777//6775
vn -0.43230265 -0.56339008 0.70406389
v -0.075093247 0.086802386 0.015600001
v -0.073995888 0.08671017 0.0162
v -0.074793249 0.087322004 0.0162
f 6778//6778 6779//6778 6780//6778
vn -0.27176076 -0.65607858 0.70406467
v -0.075093247 0.086802386 0.015600001
v -0.074793249 0.087322004 0.0162
v -0.075877085 0.087127067 0.015600001
f 6781//6781 6782//6781 6783//6781
vn -0.2717565 -0.65608597 0.70405936
v -0.075877085 0.087127067 0.015600001
v -0.074793249 0.087322004 0.0162
v -0.0757218 0.087706618 0.0162
f 6784//6784 6785//6784 6786//6784
vn -0.092689298 -0.70406574 0.70405978
v -0.075877085 0.087127067 0.015600001
v -0.0757218 0.087706618 0.0162
v -0.076718248 0.087237805 0.015600001
f 6787//6787 6788//6787 6789//6787
vn -0.092694774 -0.7040602 0.70406455
v -0.076718248 0.087237805 0.015600001
v -0.0757218 0.087706618 0.0162
v -0.076718248 0.087837808 0.0162
f 6790//6790 6791//6790 6792//6790
vn 0.09268862 -0.70406061 0.70406497
v -0.076718248 0.087237805 0.015600001
v -0.076718248 0.087837808 0.0162
v -0.077559412 0.087127067 0.015600001
f 6793//6793 6794//6793 6795//6793
vn 0.092694595 -0.70406407 0.70406073
v -0.077559412 0.087127067 0.015600001
v -0.076718248 0.087837808 0.0162
v -0.077714704 0.087706618 0.0162
f 6796//6796 6797//6796 6798//6796
vn 0.27176228 -0.65608221 0.70406061
v -0.077559412 0.087127067 0.015600001
v -0.077714704 0.087706618 0.0162
v -0.07834325 0.086802386 0.015600001
f 6799//6799 6800//6799 6801//6799
vn 0.2717565 -0.65608066 0.70406431
v -0.07834325 0.086802386 0.015600001
v -0.077714704 0.087706618 0.0162
v -0.078643247 0.087322004 0.0162
f 6802//6802 6803//6802 6804//6802
vn 0.4323003 -0.56339169 0.70406413
v -0.07834325 0.086802386 0.015600001
v -0.078643247 0.087322004 0.0162
v -0.07901635 0.086285904 0.015600001
f 6805//6805 6806//6805 6807//6805
vn 0.43230388 -0.56339169 0.70406193
v -0.07901635 0.086285904 0.015600001
v -0.078643247 0.087322004 0.0162
v -0.079440609 0.08671017 0.0162
f 6808//6808 6809//6808 6810//6808
vn 0.56339419 -0.43230224 0.70406091
v -0.07901635 0.086285904 0.015600001
v -0.079440609 0.08671017 0.0162
v -0.079532832 0.085612804 0.015600001
f 6811//6811 6812//6811 6813//6811
vn 0.56338567 -0.4323045 0.70406634
v -0.079532832 0.085612804 0.015600001
v -0.079440609 0.08671017 0.0162
v -0.08005245 0.085912809 0.0162
f 6814//6814 6815//6814 6816//6814
vn 0.65607953 -0.27175495 0.70406598
v -0.079532832 0.085612804 0.015600001
v -0.08005245 0.085912809 0.0162
v -0.079857506 0.084828965 0.015600001
f 6817//6817 6818//6817 6819//6817
vn 0.65608066 -0.27175429 0.7040652
v -0.079857506 0.084828965 0.015600001
v -0.08005245 0.085912809 0.0162
v -0.080437064 0.084984258 0.0162
f 6820//6820 6821//6820 6822//6820
vn 0.70405942 -0.092695527 0.7040652
v -0.079857506 0.084828965 0.015600001
v -0.080437064 0.084984258 0.0162
v -0.079968251 0.08398781 0.015600001
f 6823//6823 6824//6823 6825//6823
vn 0.7040602 -0.092694774 0.70406455
v -0.079968251 0.08398781 0.015600001
v -0.080437064 0.084984258 0.0162
v -0.080568254 0.08398781 0.0162
f 6826//6826 6827//6826 6828//6826
vn 0.7040602 0.092694804 0.70406455
v -0.079968251 0.08398781 0.015600001
v -0.080568254 0.08398781 0.0162
v -0.079857506 0.083146647 0.015600001
f 6829//6829 6830//6829 6831//6829
vn 0.70405972 0.092694022 0.70406514
v -0.079857506 0.083146647 0.015600001
v -0.080568254 0.08398781 0.0162
v -0.080437064 0.082991354 0.0162
f 6832//6832 6833//6832 6834//6832
vn 0.65608031 0.27175525 0.70406508
v -0.079857506 0.083146647 0.015600001
v -0.080437064 0.082991354 0.0162
v -0.079532832 0.082362808 0.015600001
f 6835//6835 6836//6835 6837//6835
vn 0.65608001 0.27175403 0.70406592
v -0.079532832 0.082362808 0.015600001
v -0.080437064 0.082991354 0.0162
v -0.08005245 0.082062803 0.0162
f 6838//6838 6839//6838 6840//6838
vn 0.56338954 0.43229866 0.70406681
v -0.079532832 0.082362808 0.015600001
v -0.08005245 0.082062803 0.0162
v -0.07901635 0.081689708 0.015600001
f 6841//6841 6842//6841 6843//6841
vn 0.5633896 0.43230754 0.70406133
v -0.07901635 0.081689708 0.015600001
v -0.08005245 0.082062803 0.0162
v -0.079440609 0.081265442 0.0162
f 6844//6844 6845//6844 6846//6844
vn 0.43230176 0.56339353 0.70406169
v -0.07901635 0.081689708 0.015600001
v -0.079440609 0.081265442 0.0162
v -0.07834325 0.081173226 0.015600001
f 6847//6847 6848//6847 6849//6847
vn 0.43230265 0.56339008 0.70406389
v -0.07834325 0.081173226 0.015600001
v -0.079440609 0.081265442 0.0162
v -0.078643247 0.080653608 0.0162
f 6850//6850 6851//6850 6852//6850
vn 0.27176076 0.65607858 0.70406467
v -0.07834325 0.081173226 0.015600001
v -0.078643247 0.080653608 0.0162
v -0.077559412 0.080848545 0.015600001
f 6853//6853 6854//6853 6855//6853
vn 0.27175778 0.65608376 0.70406091
v -0.077559412 0.080848545 0.015600001
v -0.078643247 0.080653608 0.0162
v -0.077714704 0.080268994 0.0162
f 6856//6856 6857//6856 6858//6856
vn 0.092689216 0.70406514 0.70406038
v -0.077559412 0.080848545 0.015600001
v -0.077714704 0.080268994 0.0162
v -0.076718248 0.080737807 0.015600001
f 6859//6859 6860//6859 6861//6859
vn 0.092694089 0.70406026 0.70406461
v -0.076718248 0.080737807 0.015600001
v -0.077714704 0.080268994 0.0162
v -0.076718248 0.080137804 0.0162
f 6862//6862 6863//6862 6864//6862
vn -0.09268862 0.70406061 0.70406497
v -0.076718248 0.080737807 0.015600001
v -0.076718248 0.080137804 0.0162
v -0.075877085 0.080848545 0.015600001
f 6865//6865 6866//6865 6867//6865
vn -0.092695341 0.70406449 0.7040602
v -0.075877085 0.080848545 0.015600001
v -0.076718248 0.080137804 0.0162
v -0.0757218 0.080268994 0.0162
f 6868//6868 6869//6868 6870//6868
vn -0.27176294 0.65608382 0.70405895
v -0.075877085 0.080848545 0.015600001
v -0.0757218 0.080268994 0.0162
v -0.075093247 0.081173226 0.015600001
f 6871//6871 6872//6871 6873//6871
vn -0.27175468 0.65608156 0.70406419
v -0.075093247 0.081173226 0.015600001
v -0.0757218 0.080268994 0.0162
v -0.074793249 0.080653608 0.0162
f 6874//6874 6875//6874 6876//6874
vn -0.43230346 0.56338954 0.70406383
v -0.075093247 0.081173226 0.015600001
v -0.074793249 0.080653608 0.0162
v -0.074420154 0.081689708 0.015600001
f 6877//6877 6878//6877 6879//6877
vn -0.43230227 0.56338954 0.70406461
v -0.074420154 0.081689708 0.015600001
v -0.074793249 0.080653608 0.0162
v -0.073995888 0.081265442 0.0162
f 6880//6880 6881//6880 6882//6880
vn -0.56338817 0.43230385 0.70406473
v -0.074420154 0.081689708 0.015600001
v -0.073995888 0.081265442 0.0162
v -0.073903665 0.082362808 0.015600001
f 6883//6883 6884//6883 6885//6883
vn -0.56339073 0.43230316 0.70406312
v -0.073903665 0.082362808 0.015600001
v -0.073995888 0.081265442 0.0162
v -0.073384054 0.082062803 0.0162
f 6886//6886 6887//6886 6888//6886
vn -0.65608329 0.2717565 0.70406187
v -0.073903665 0.082362808 0.015600001
v -0.073384054 0.082062803 0.0162
v -0.073578991 0.083146647 0.015600001
f 6889//6889 6890//6889 6891//6889
vn -0.65607911 0.27175891 0.70406485
v -0.073578991 0.083146647 0.015600001
v -0.073384054 0.082062803 0.0162
v -0.072999433 0.082991354 0.0162
f 6892//6892 6893//6892 6894//6892
vn -0.70406079 0.09268865 0.70406479
v -0.073578991 0.083146647 0.015600001
v -0.072999433 0.082991354 0.0162
v -0.073468253 0.08398781 0.015600001
f 6895//6895 6896//6895 6897//6895
vn -0.70406061 0.092688866 0.70406497
v -0.073468253 0.08398781 0.015600001
v -0.072999433 0.082991354 0.0162
v -0.07286825 0.08398781 0.0162
f 6898//6898 6899//6898 6900//6898
vn -0.70406055 -0.09268944 0.70406491
v -0.073468253 0.08398781 0.015600001
v -0.07286825 0.08398781 0.0162
v -0.073578991 0.084828965 0.015600001
f 6901//6901 6902//6901 6903//6901
vn -0.70406061 -0.092689566 0.70406485
v -0.073578991 0.084828965 0.015600001
v -0.07286825 0.08398781 0.0162
v -0.072999433 0.084984258 0.0162
f 6904//6904 6905//6904 6906//6904
vn -0.65608031 -0.27175525 0.70406508
v -0.073009886 0.11982434 0.015600001
v -0.072430328 0.11997963 0.0162
v -0.07333456 0.12060818 0.015600001
f 6907//6907 6908//6907 6909//6907
vn -0.65608227 -0.27176243 0.70406055
v -0.07333456 0.12060818 0.015600001
v -0.072430328 0.11997963 0.0162
v -0.072814949 0.12090818 0.0162
f 6910//6910 6911//6910 6912//6910
vn -0.5633896 -0.43230972 0.70406002
v -0.07333456 0.12060818 0.015600001
v -0.072814949 0.12090818 0.0162
v -0.073851049 0.12128127 0.015600001
f 6913//6913 6914//6913 6915//6913
vn -0.56338954 -0.43230227 0.70406461
v -0.073851049 0.12128127 0.015600001
v -0.072814949 0.12090818 0.0162
v -0.073426783 0.12170554 0.0162
f 6916//6916 6917//6916 6918//6916
vn -0.43230671 -0.56338567 0.70406497
v -0.073851049 0.12128127 0.015600001
v -0.073426783 0.12170554 0.0162
v -0.074524142 0.12179776 0.015600001
f 6919//6919 6920//6919 6921//6919
vn -0.43230614 -0.56338775 0.70406365
v -0.074524142 0.12179776 0.015600001
v -0.073426783 0.12170554 0.0162
v -0.074224144 0.12231738 0.0162
f 6922//6922 6923//6922 6924//6922
vn -0.27175558 -0.65608108 0.70406425
v -0.074524142 0.12179776 0.015600001
v -0.074224144 0.12231738 0.0162
v -0.07530798 0.12212244 0.015600001
f 6925//6925 6926//6925 6927//6925
vn -0.2717562 -0.65608001 0.70406502
v -0.07530798 0.12212244 0.015600001
v -0.074224144 0.12231738 0.0162
v -0.075152688 0.122702 0.0162
f 6928//6928 6929//6928 6930//6928
vn -0.09269473 -0.7040596 0.70406514
v -0.07530798 0.12212244 0.015600001
v -0.075152688 0.122702 0.0162
v -0.076149143 0.12223318 0.015600001
f 6931//6931 6932//6931 6933//6931
vn -0.09268944 -0.70406491 0.70406055
v -0.076149143 0.12223318 0.015600001
v -0.075152688 0.122702 0.0162
v -0.076149143 0.12283318 0.0162
f 6934//6934 6935//6934 6936//6934
vn 0.092695378 -0.70406455 0.70406014
v -0.076149143 0.12223318 0.015600001
v -0.076149143 0.12283318 0.0162
v -0.076990306 0.12212244 0.015600001
f 6937//6937 6938//6937 6939//6937
vn 0.092688888 -0.70406073 0.70406479
v -0.076990306 0.12212244 0.015600001
v -0.076149143 0.12283318 0.0162
v -0.077145599 0.122702 0.0162
f 6940//6940 6941//6940 6942//6940
vn 0.27175525 -0.65608031 0.70406508
v -0.076990306 0.12212244 0.015600001
v -0.077145599 0.122702 0.0162
v -0.077774145 0.12179776 0.015600001
f 6943//6943 6944//6943 6945//6943
vn 0.2717565 -0.65608066 0.70406431
v -0.077774145 0.12179776 0.015600001
v -0.077145599 0.122702 0.0162
v -0.078074142 0.12231738 0.0162
f 6946//6946 6947//6946 6948//6946
vn 0.43230444 -0.56338894 0.70406377
v -0.077774145 0.12179776 0.015600001
v -0.078074142 0.12231738 0.0162
v -0.078447245 0.12128127 0.015600001
f 6949//6949 6950//6949 6951//6949
vn 0.43230703 -0.56338894 0.70406216
v -0.078447245 0.12128127 0.015600001
v -0.078074142 0.12231738 0.0162
v -0.078871503 0.12170554 0.0162
f 6952//6952 6953//6952 6954//6952
vn 0.56339169 -0.4323051 0.70406115
v -0.078447245 0.12128127 0.015600001
v -0.078871503 0.12170554 0.0162
v -0.078963727 0.12060818 0.015600001
f 6955//6955 6956//6955 6957//6955
vn 0.56338775 -0.43230614 0.70406365
v -0.078963727 0.12060818 0.015600001
v -0.078871503 0.12170554 0.0162
v -0.079483345 0.12090818 0.0162
f 6958//6958 6959//6958 6960//6958
vn 0.65608108 -0.27175558 0.70406425
v -0.078963727 0.12060818 0.015600001
v -0.079483345 0.12090818 0.0162
v -0.079288401 0.11982434 0.015600001
f 6961//6961 6962//6961 6963//6961
vn 0.65608001 -0.2717562 0.70406502
v -0.079288401 0.11982434 0.015600001
v -0.079483345 0.12090818 0.0162
v -0.079867959 0.11997963 0.0162
f 6964//6964 6965//6964 6966//6964
vn 0.7040596 -0.09269473 0.70406514
v -0.079288401 0.11982434 0.015600001
v -0.079867959 0.11997963 0.0162
v -0.079399146 0.11898318 0.015600001
f 6967//6967 6968//6967 6969//6967
vn 0.70406491 -0.09268944 0.70406055
v -0.079399146 0.11898318 0.015600001
v -0.079867959 0.11997963 0.0162
v -0.079999141 0.11898318 0.0162
f 6970//6970 6971//6970 6972//6970
vn 0.70406455 0.092695378 0.70406014
v -0.079399146 0.11898318 0.015600001
v -0.079999141 0.11898318 0.0162
v -0.079288401 0.11814202 0.015600001
f 6973//6973 6974//6973 6975//6973
vn 0.70406073 0.092688888 0.70406479
v -0.079288401 0.11814202 0.015600001
v -0.079999141 0.11898318 0.0162
v -0.079867959 0.11798672 0.0162
f 6976//6976 6977//6976 6978//6976
vn 0.65608031 0.27175525 0.70406508
v -0.079288401 0.11814202 0.015600001
v -0.079867959 0.11798672 0.0162
v -0.078963727 0.11735818 0.015600001
f 6979//6979 6980//6979 6981//6979
vn 0.65608066 0.2717565 0.70406431
v -0.078963727 0.11735818 0.015600001
v -0.079867959 0.11798672 0.0162
v -0.079483345 0.11705818 0.0162
f 6982//6982 6983//6982 6984//6982
vn 0.56338954 0.43230346 0.70406383
v -0.078963727 0.11735818 0.015600001
v -0.079483345 0.11705818 0.0162
v -0.078447245 0.11668508 0.015600001
f 6985//6985 6986//6985 6987//6985
vn 0.5633896 0.43230754 0.70406133
v -0.078447245 0.11668508 0.015600001
v -0.079483345 0.11705818 0.0162
v -0.078871503 0.11626082 0.0162
f 6988//6988 6989//6988 6990//6988
vn 0.43230549 0.56339031 0.70406204
v -0.078447245 0.11668508 0.015600001
v -0.078871503 0.11626082 0.0162
v -0.077774145 0.1161686 0.015600001
f 6991//6991 6992//6991 6993//6991
vn 0.4323048 0.56339288 0.70406038
v -0.077774145 0.1161686 0.015600001
v -0.078871503 0.11626082 0.0162
v -0.078074142 0.11564898 0.0162
f 6994//6994 6995//6994 6996//6994
vn 0.27175716 0.6560849 0.70406014
v -0.077774145 0.1161686 0.015600001
v -0.078074142 0.11564898 0.0162
v -0.076990306 0.11584392 0.015600001
f 6997//6997 6998//6997 6999//6997
vn 0.27176082 0.65607846 0.70406473
v -0.076990306 0.11584392 0.015600001
v -0.078074142 0.11564898 0.0162
v -0.077145599 0.11526436 0.0162
f 7000//7000 7001//7000 7002//7000
vn 0.09269473 0.7040596 0.70406514
v -0.076990306 0.11584392 0.015600001
v -0.077145599 0.11526436 0.0162
v -0.076149143 0.11573318 0.015600001
f 7003//7003 7004//7003 7005//7003
vn 0.09268944 0.70406491 0.70406055
v -0.076149143 0.11573318 0.015600001
v -0.077145599 0.11526436 0.0162
v -0.076149143 0.11513318 0.0162
f 7006//7006 7007//7006 7008//7006
vn -0.092695378 0.70406455 0.70406014
v -0.076149143 0.11573318 0.015600001
v -0.076149143 0.11513318 0.0162
v -0.07530798 0.11584392 0.015600001
f 7009//7009 7010//7009 7011//7009
vn -0.092688888 0.70406073 0.70406479
v -0.07530798 0.11584392 0.015600001
v -0.076149143 0.11513318 0.0162
v -0.075152688 0.11526436 0.0162
f 7012//7012 7013//7012 7014//7012
vn -0.27175525 0.65608031 0.70406508
v -0.07530798 0.11584392 0.015600001
v -0.075152688 0.11526436 0.0162
v -0.074524142 0.1161686 0.015600001
f 7015//7015 7016//7015 7017//7015
vn -0.27176243 0.65608227 0.70406055
v -0.074524142 0.1161686 0.015600001
v -0.075152688 0.11526436 0.0162
v -0.074224144 0.11564898 0.0162
f 7018//7018 7019//7018 7020//7018
vn -0.43230972 0.5633896 0.70406002
v -0.074524142 0.1161686 0.015600001
v -0.074224144 0.11564898 0.0162
v -0.073851049 0.11668508 0.015600001
f 7021//7021 7022//7021 7023//7021
vn -0.43230227 0.56338954 0.70406461
v -0.073851049 0.11668508 0.015600001
v -0.074224144 0.11564898 0.0162
v -0.073426783 0.11626082 0.0162
f 7024//7024 7025//7024 7026//7024
vn -0.56338567 0.43230671 0.70406497
v -0.073851049 0.11668508 0.015600001
v -0.073426783 0.11626082 0.0162
v -0.07333456 0.11735818 0.015600001
f 7027//7027 7028//7027 7029//7027
vn -0.56339288 0.4323048 0.70406038
v -0.07333456 0.11735818 0.015600001
v -0.073426783 0.11626082 0.0162
v -0.072814949 0.11705818 0.0162
f 7030//7030 7031//7030 7032//7030
vn -0.6560849 0.27175716 0.70406014
v -0.07333456 0.11735818 0.015600001
v -0.072814949 0.11705818 0.0162
v -0.073009886 0.11814202 0.015600001
f 7033//7033 7034//7033 7035//7033
vn -0.65607846 0.27176082 0.70406473
v -0.073009886 0.11814202 0.015600001
v -0.072814949 0.11705818 0.0162
v -0.072430328 0.11798672 0.0162
f 7036//7036 7037//7036 7038//7036
vn -0.70406079 0.09268865 0.70406479
v -0.073009886 0.11814202 0.015600001
v -0.072430328 0.11798672 0.0162
v -0.072899148 0.11898318 0.015600001
f 7039//7039 7040//7039 7041//7039
vn -0.70406061 0.092688866 0.70406497
v -0.072899148 0.11898318 0.015600001
v -0.072430328 0.11798672 0.0162
v -0.072299145 0.11898318 0.0162
f 7042//7042 7043//7042 7044//7042
vn -0.70406061 -0.09268862 0.70406497
v -0.072899148 0.11898318 0.015600001
v -0.072299145 0.11898318 0.0162
v -0.073009886 0.11982434 0.015600001
f 7045//7045 7046//7045 7047//7045
vn -0.70406073 -0.092688888 0.70406479
v -0.073009886 0.11982434 0.015600001
v -0.072299145 0.11898318 0.0162
v -0.072430328 0.11997963 0.0162
f 7048//7048 7049//7048 7050//7048
vn 0.98554885 0.16939154 0
v -0.041722216 0.087083161 0.0162
v -0.041722216 0.087083161 0.0103
v -0.041951761 0.088418692 0.0103
f 7051//7051 7052//7051 7053//7051
vn 0.98554885 0.16939154 0
v -0.041722216 0.087083161 0.0162
v -0.041951761 0.088418692 0.0103
v -0.041951761 0.088418692 0.0162
f 7054//7054 7055//7054 7056//7054
vn 0.8724364 0.48872766 0
v -0.041951761 0.088418692 0.0162
v -0.041951761 0.088418692 0.0103
v -0.042614046 0.08960095 0.0103
f 7057//7057 7058//7057 7059//7057
vn 0.8724364 0.48872766 0
v -0.041951761 0.088418692 0.0162
v -0.042614046 0.08960095 0.0103
v -0.042614046 0.08960095 0.0162
f 7060//7060 7061//7060 7062//7060
vn 0.98554885 0.16939154 0
v -0.041722216 0.087083161 -0.015899999
v -0.041722216 0.087083161 -0.0218
v -0.041951761 0.088418692 -0.0218
f 7063//7063 7064//7063 7065//7063
vn 0.98554885 0.16939154 0
v -0.041722216 0.087083161 -0.015899999
v -0.041951761 0.088418692 -0.0218
v -0.041951761 0.088418692 -0.015899999
f 7066//7066 7067//7066 7068//7066
vn 0.8724364 0.48872766 0
v -0.041951761 0.088418692 -0.015899999
v -0.041951761 0.088418692 -0.0218
v -0.042614046 0.08960095 -0.0218
f 7069//7069 7070//7069 7071//7069
vn 0.8724364 0.48872766 0
v -0.041951761 0.088418692 -0.015899999
v -0.042614046 0.08960095 -0.0218
v -0.042614046 0.08960095 -0.015899999
f 7072//7072 7073//7072 7074//7072
vn 0.22065687 0.97535151 -0
v -0.072629713 0.1243 -0.0218
v -0.072629713 0.1243 -0.015899999
v -0.070907965 0.12391049 -0.015899999
f 7075//7075 7076//7075 7077//7075
vn 0.22065687 0.97535151 0
v -0.072629713 0.1243 -0.0218
v -0.070907965 0.12391049 -0.015899999
v -0.070907965 0.12391049 -0.0218
f 7078//7078 7079//7078 7080//7078
vn 0.61899966 0.78539127 -0
v -0.070907965 0.12391049 -0.0218
v -0.070907965 0.12391049 -0.015899999
v -0.069521546 0.12281779 -0.015899999
f 7081//7081 7082//7081 7083//7081
vn 0.61899966 0.78539127 0
v -0.070907965 0.12391049 -0.0218
v -0.069521546 0.12281779 -0.015899999
v -0.069521546 0.12281779 -0.0218
f 7084//7084 7085//7084 7086//7084
vn 0.22065687 0.97535151 -0
v -0.072629713 0.1243 0.0103
v -0.072629713 0.1243 0.0162
v -0.070907965 0.12391049 0.0162
f 7087//7087 7088//7087 7089//7087
vn 0.22065687 0.97535151 0
v -0.072629713 0.1243 0.0103
v -0.070907965 0.12391049 0.0162
v -0.070907965 0.12391049 0.0103
f 7090//7090 7091//7090 7092//7090
vn 0.61899966 0.78539127 -0
v -0.070907965 0.12391049 0.0103
v -0.070907965 0.12391049 0.0162
v -0.069521546 0.12281779 0.0162
f 7093//7093 7094//7093 7095//7093
vn 0.61899966 0.78539127 0
v -0.070907965 0.12391049 0.0103
v -0.069521546 0.12281779 0.0162
v -0.069521546 0.12281779 0.0103
f 7096//7096 7097//7096 7098//7096
vn -0.98078525 0.19509058 0
v -0.081722215 0.1203 0.0103
v -0.081722215 0.1203 0.0162
v -0.081417732 0.12183074 0.0162
f 7099//7099 7100//7099 7101//7099
vn -0.98078525 0.19509058 0
v -0.081722215 0.1203 0.0103
v -0.081417732 0.12183074 0.0162
v -0.081417732 0.12183074 0.0103
f 7102//7102 7103//7102 7104//7102
vn -0.83146888 0.55557132 0
v -0.081417732 0.12183074 0.0103
v -0.081417732 0.12183074 0.0162
v -0.080550641 0.12312843 0.0162
f 7105//7105 7106//7105 7107//7105
vn -0.83146888 0.55557132 0
v -0.081417732 0.12183074 0.0103
v -0.080550641 0.12312843 0.0162
v -0.080550641 0.12312843 0.0103
f 7108//7108 7109//7108 7110//7108
vn -0.55557132 0.83146888 0
v -0.080550641 0.12312843 0.0103
v -0.080550641 0.12312843 0.0162
v -0.079252951 0.12399552 0.0162
f 7111//7111 7112//7111 7113//7111
vn -0.55557132 0.83146888 0
v -0.080550641 0.12312843 0.0103
v -0.079252951 0.12399552 0.0162
v -0.079252951 0.12399552 0.0103
f 7114//7114 7115//7114 7116//7114
vn -0.19509058 0.98078525 0
v -0.079252951 0.12399552 0.0103
v -0.079252951 0.12399552 0.0162
v -0.077722214 0.1243 0.0162
f 7117//7117 7118//7117 7119//7117
vn -0.19509058 0.98078525 0
v -0.079252951 0.12399552 0.0103
v -0.077722214 0.1243 0.0162
v -0.077722214 0.1243 0.0103
f 7120//7120 7121//7120 7122//7120
vn -0.98078525 0.19509058 0
v -0.081722215 0.1203 -0.0218
v -0.081722215 0.1203 -0.015899999
v -0.081417732 0.12183074 -0.015899999
f 7123//7123 7124//7123 7125//7123
vn -0.98078525 0.19509058 0
v -0.081722215 0.1203 -0.0218
v -0.081417732 0.12183074 -0.015899999
v -0.081417732 0.12183074 -0.0218
f 7126//7126 7127//7126 7128//7126
vn -0.83146888 0.55557132 0
v -0.081417732 0.12183074 -0.0218
v -0.081417732 0.12183074 -0.015899999
v -0.080550641 0.12312843 -0.015899999
f 7129//7129 7130//7129 7131//7129
vn -0.83146888 0.55557132 0
v -0.081417732 0.12183074 -0.0218
v -0.080550641 0.12312843 -0.015899999
v -0.080550641 0.12312843 -0.0218
f 7132//7132 7133//7132 7134//7132
vn -0.55557132 0.83146888 0
v -0.080550641 0.12312843 -0.0218
v -0.080550641 0.12312843 -0.015899999
v -0.079252951 0.12399552 -0.015899999
f 7135//7135 7136//7135 7137//7135
vn -0.55557132 0.83146888 0
v -0.080550641 0.12312843 -0.0218
v -0.079252951 0.12399552 -0.015899999
v -0.079252951 0.12399552 -0.0218
f 7138//7138 7139//7138 7140//7138
vn -0.19509058 0.98078525 0
v -0.079252951 0.12399552 -0.0218
v -0.079252951 0.12399552 -0.015899999
v -0.077722214 0.1243 -0.015899999
f 7141//7141 7142//7141 7143//7141
vn -0.19509058 0.98078525 0
v -0.079252951 0.12399552 -0.0218
v -0.077722214 0.1243 -0.015899999
v -0.077722214 0.1243 -0.0218
f 7144//7144 7145//7144 7146//7144
vn -0.25881761 -0.96592623 0
v -0.079922214 0.0722 -0.02
v -0.079922214 0.0722 0.0082
v -0.080822214 0.072441153 0.0082
f 7147//7147 7148//7147 7149//7147
vn -0.25881761 -0.96592623 0
v -0.079922214 0.0722 -0.02
v -0.080822214 0.072441153 0.0082
v -0.080822214 0.072441153 -0.0209
f 7150//7150 7151//7150 7152//7150
vn -0.70710677 -0.70710677 0
v -0.080822214 0.072441153 -0.0209
v -0.080822214 0.072441153 0.0082
v -0.081481062 0.073100001 0.0082
f 7153//7153 7154//7153 7155//7153
vn -0.70710677 -0.70710677 0
v -0.080822214 0.072441153 -0.0209
v -0.081481062 0.073100001 0.0082
v -0.081481062 0.073100001 -0.021558845
f 7156//7156 7157//7156 7158//7156
vn -0.92388177 -0.38267806 0
v -0.081481062 0.073100001 -0.021558845
v -0.081481062 0.073100001 0.0082
v -0.081660882 0.073534131 -0.021738665
f 7159//7159 7160//7159 7161//7159
vn -0.9659242 -0.25881708 0.0020485844
v -0.081660882 0.073534131 -0.021738665
v -0.081481062 0.073100001 0.0082
v -0.081722215 0.074000001 0.0082
f 7162//7162 7163//7162 7164//7162
vn -0.99144477 -0.13052671 0
v -0.081660882 0.073534131 -0.021738665
v -0.081722215 0.074000001 0.0082
v -0.081722215 0.074000001 -0.0218
f 7165//7165 7166//7165 7167//7165
vn 0.99144477 -0.13052671 0
v -0.041722216 0.074000001 -0.0218
v -0.041722216 0.074000001 0.0082
v -0.041783549 0.073534131 -0.021738665
f 7168//7168 7169//7168 7170//7168
vn 0.96592319 -0.2588208 0.0020486445
v -0.041783549 0.073534131 -0.021738665
v -0.041722216 0.074000001 0.0082
v -0.041963372 0.073100001 0.0082
f 7171//7171 7172//7171 7173//7171
vn 0.92387897 -0.38268486 0
v -0.041783549 0.073534131 -0.021738665
v -0.041963372 0.073100001 0.0082
v -0.041963372 0.073100001 -0.021558845
f 7174//7174 7175//7174 7176//7174
vn 0.7071088 -0.7071048 0
v -0.041963372 0.073100001 -0.021558845
v -0.041963372 0.073100001 0.0082
v -0.042622216 0.072441153 0.0082
f 7177//7177 7178//7177 7179//7177
vn 0.7071088 -0.7071048 0
v -0.041963372 0.073100001 -0.021558845
v -0.042622216 0.072441153 0.0082
v -0.042622216 0.072441153 -0.0209
f 7180//7180 7181//7180 7182//7180
vn 0.25881761 -0.96592623 0
v -0.042622216 0.072441153 -0.0209
v -0.042622216 0.072441153 0.0082
v -0.043522216 0.0722 0.0082
f 7183//7183 7184//7183 7185//7183
vn 0.25881761 -0.96592623 0
v -0.042622216 0.072441153 -0.0209
v -0.043522216 0.0722 0.0082
v -0.043522216 0.0722 -0.02
f 7186//7186 7187//7186 7188//7186
vn 0 -0.1305306 -0.99144429
v -0.081722215 0.074000001 -0.0218
v -0.041722216 0.074000001 -0.0218
v -0.041783549 0.073534131 -0.021738665
f 7189//7189 7190//7189 7191//7189
vn 0 -0.1305306 -0.99144429
v -0.081722215 0.074000001 -0.0218
v -0.041783549 0.073534131 -0.021738665
v -0.081660882 0.073534131 -0.021738665
f 7192//7192 7193//7192 7194//7192
vn 0 -0.38267806 -0.92388177
v -0.081660882 0.073534131 -0.021738665
v -0.041783549 0.073534131 -0.021738665
v -0.041963372 0.073100001 -0.021558845
f 7195//7195 7196//7195 7197//7195
vn 0 -0.38267806 -0.92388177
v -0.081660882 0.073534131 -0.021738665
v -0.041963372 0.073100001 -0.021558845
v -0.081481062 0.073100001 -0.021558845
f 7198//7198 7199//7198 7200//7198
vn 0 -0.70710576 -0.70710778
v -0.081481062 0.073100001 -0.021558845
v -0.041963372 0.073100001 -0.021558845
v -0.042622216 0.072441153 -0.0209
f 7201//7201 7202//7201 7203//7201
vn 0 -0.70710576 -0.70710778
v -0.081481062 0.073100001 -0.021558845
v -0.042622216 0.072441153 -0.0209
v -0.080822214 0.072441153 -0.0209
f 7204//7204 7205//7204 7206//7204
vn 0 -0.96592623 -0.25881761
v -0.080822214 0.072441153 -0.0209
v -0.042622216 0.072441153 -0.0209
v -0.043522216 0.0722 -0.02
f 7207//7207 7208//7207 7209//7207
vn 0 -0.96592623 -0.25881761
v -0.080822214 0.072441153 -0.0209
v -0.043522216 0.0722 -0.02
v -0.079922214 0.0722 -0.02
f 7210//7210 7211//7210 7212//7210
vn 0 0.70710742 -0.70710617
v -0.041722216 0.051799998 0.00060000003
v -0.041722216 0.051199999 -1.0104851e-11
v -0.086197384 0.051799998 0.00060000003
f 7213//7213 7214//7213 7215//7213
vn 0 0.70710742 -0.70710617
v -0.086197384 0.051799998 0.00060000003
v -0.041722216 0.051199999 -1.0104851e-11
v -0.086329006 0.051199999 -1.0104851e-11
f 7216//7216 7217//7216 7218//7216
