track,groupingScheme,method,safetyOperatingPoint,condition,qTop,realEegTrials,contextReplayScenarios,contextApplications,uniqueTrialsWithAnyApplication,eligibleCongruentOpportunities,coveragePerReplayScenario,applicationsPerRealTrial,scenarioInterventionPrecision,trialClusterInterventionPrecision,trialClusterInterventionPrecisionWilson95,inducedWrongEarlyStopEvents,trialsWithAnyInducedWrongStop,trialClusterInducedRisk,trialClusterInducedRiskWilson95,inducedRiskPerEligibleRealTrial,inducedRiskPerEligibleRealTrialWilson95,meanEvidenceSeconds,eegOnlyMeanEvidenceSeconds,overallMeanGainSeconds,pairedMeanGainBootstrap95CI,appliedTrialMeanGainSeconds,fractionScenariosLE030,fractionTrialsLE030,scenarioAccuracy,conservativePerTrialAccuracy,conservativePairedAccuracyDelta,mcnemarBaselineCorrectAssistedWrong,mcnemarBaselineWrongAssistedCorrect,mcnemarExactTwoSidedP,meanFinalClassPreservation,delayViolations,safetyTargetEmpiricallyMet
track1_5ch,acquisitionCampaignGroup,M35_CONSERVATIVE,FIXED,CONGRUENT_CONTEXT,0.45,88,88,3,3,88,0.03409090909090909,0.03409090909090909,1.0,1.0,"[0.4385029682449546, 1.0]",0,0,,"[null, null]",0.0,"[0.0, 0.0418270666648922]",0.4926136363636363,0.49886363636363634,0.00625,"[0.0, 0.015340909090909093]",0.18333333333333335,0.3409090909090909,0.3409090909090909,0.9431818181818182,0.9431818181818182,0.0,0,0,1.0,1.0,0,
track1_5ch,acquisitionCampaignGroup,M35_CONSERVATIVE,FIXED,CONGRUENT_CONTEXT,0.50,88,88,3,3,88,0.03409090909090909,0.03409090909090909,1.0,1.0,"[0.4385029682449546, 1.0]",0,0,,"[null, null]",0.0,"[0.0, 0.0418270666648922]",0.4926136363636363,0.49886363636363634,0.00625,"[0.0, 0.015355113636363563]",0.18333333333333335,0.3409090909090909,0.3409090909090909,0.9431818181818182,0.9431818181818182,0.0,0,0,1.0,1.0,0,
track1_5ch,acquisitionCampaignGroup,M35_CONSERVATIVE,FIXED,CONGRUENT_CONTEXT,0.55,88,88,4,4,88,0.045454545454545456,0.045454545454545456,1.0,1.0,"[0.5101091635454027, 1.0]",0,0,,"[null, null]",0.0,"[0.0, 0.0418270666648922]",0.49147727272727265,0.49886363636363634,0.007386363636363636,"[0.0005681818181818187, 0.017045454545454544]",0.1625,0.3409090909090909,0.3409090909090909,0.9431818181818182,0.9431818181818182,0.0,0,0,1.0,1.0,0,
track1_5ch,acquisitionCampaignGroup,M35_CONSERVATIVE,FIXED,CONGRUENT_CONTEXT,0.60,88,88,4,4,88,0.045454545454545456,0.045454545454545456,1.0,1.0,"[0.5101091635454027, 1.0]",0,0,,"[null, null]",0.0,"[0.0, 0.0418270666648922]",0.49147727272727265,0.49886363636363634,0.007386363636363636,"[0.0005681818181818187, 0.017045454545454544]",0.1625,0.3409090909090909,0.3409090909090909,0.9431818181818182,0.9431818181818182,0.0,0,0,1.0,1.0,0,
track1_5ch,acquisitionCampaignGroup,M35_CONSERVATIVE,FIXED,CONGRUENT_CONTEXT,0.65,88,88,4,4,88,0.045454545454545456,0.045454545454545456,1.0,1.0,"[0.5101091635454027, 1.0]",0,0,,"[null, null]",0.0,"[0.0, 0.0418270666648922]",0.49147727272727265,0.49886363636363634,0.007386363636363636,"[0.0005681818181818187, 0.016491477272727196]",0.1625,0.3409090909090909,0.3409090909090909,0.9431818181818182,0.9431818181818182,0.0,0,0,1.0,1.0,0,
track1_5ch,acquisitionCampaignGroup,M35_CONSERVATIVE,FIXED,CONGRUENT_CONTEXT,0.70,88,88,5,5,88,0.056818181818181816,0.056818181818181816,1.0,1.0,"[0.5655175352168251, 1.0]",0,0,,"[null, null]",0.0,"[0.0, 0.0418270666648922]",0.49090909090909085,0.49886363636363634,0.007954545454545455,"[0.0011363636363636374, 0.017613636363636363]",0.14,0.3409090909090909,0.3409090909090909,0.9431818181818182,0.9431818181818182,0.0,0,0,1.0,1.0,0,
track1_5ch,acquisitionCampaignGroup,M35_CONSERVATIVE,FIXED,CONGRUENT_CONTEXT,0.75,88,88,5,5,88,0.056818181818181816,0.056818181818181816,1.0,1.0,"[0.5655175352168251, 1.0]",0,0,,"[null, null]",0.0,"[0.0, 0.0418270666648922]",0.49090909090909085,0.49886363636363634,0.007954545454545455,"[0.0011363636363636374, 0.017613636363636366]",0.14,0.3409090909090909,0.3409090909090909,0.9431818181818182,0.9431818181818182,0.0,0,0,1.0,1.0,0,
track1_5ch,acquisitionCampaignGroup,M35_CONSERVATIVE,FIXED,CONGRUENT_CONTEXT,0.80,88,88,5,5,88,0.056818181818181816,0.056818181818181816,1.0,1.0,"[0.5655175352168251, 1.0]",0,0,,"[null, null]",0.0,"[0.0, 0.0418270666648922]",0.49034090909090905,0.49886363636363634,0.008522727272727274,"[0.001136363636363636, 0.018750000000000003]",0.15000000000000002,0.3409090909090909,0.3409090909090909,0.9431818181818182,0.9431818181818182,0.0,0,0,1.0,1.0,0,
track1_5ch,acquisitionCampaignGroup,M35_CONSERVATIVE,FIXED,CONGRUENT_CONTEXT,0.85,88,88,5,5,88,0.056818181818181816,0.056818181818181816,1.0,1.0,"[0.5655175352168251, 1.0]",0,0,,"[null, null]",0.0,"[0.0, 0.0418270666648922]",0.49034090909090905,0.49886363636363634,0.008522727272727274,"[0.0011363636363636374, 0.01819602272727265]",0.15000000000000002,0.3409090909090909,0.3409090909090909,0.9431818181818182,0.9431818181818182,0.0,0,0,1.0,1.0,0,
track1_5ch,acquisitionCampaignGroup,M35_CONSERVATIVE,FIXED,CONGRUENT_CONTEXT,0.90,88,88,5,5,88,0.056818181818181816,0.056818181818181816,1.0,1.0,"[0.5655175352168251, 1.0]",0,0,,"[null, null]",0.0,"[0.0, 0.0418270666648922]",0.49034090909090905,0.49886363636363634,0.008522727272727274,"[0.0011363636363636374, 0.018750000000000003]",0.15000000000000002,0.3409090909090909,0.3409090909090909,0.9431818181818182,0.9431818181818182,0.0,0,0,1.0,1.0,0,
track1_5ch,acquisitionCampaignGroup,M35_CONSERVATIVE,FIXED,CONGRUENT_CONTEXT,0.95,88,88,5,5,88,0.056818181818181816,0.056818181818181816,1.0,1.0,"[0.5655175352168251, 1.0]",0,0,,"[null, null]",0.0,"[0.0, 0.0418270666648922]",0.49034090909090905,0.49886363636363634,0.008522727272727274,"[0.0011363636363636374, 0.018750000000000003]",0.15000000000000002,0.3409090909090909,0.3409090909090909,0.9431818181818182,0.9431818181818182,0.0,0,0,1.0,1.0,0,
track1_5ch,acquisitionCampaignGroup,M35_CONSERVATIVE,FIXED,INCONGRUENT_CONTEXT,0.45,88,176,0,0,,0.0,0.0,,,"[null, null]",0,0,0.0,"[null, null]",0.0,"[0.0, 0.0418270666648922]",0.49886363636363634,0.49886363636363634,0.0,"[0.0, 0.0]",,0.3409090909090909,0.3409090909090909,0.9431818181818182,0.9431818181818182,0.0,0,0,1.0,1.0,0,
track1_5ch,acquisitionCampaignGroup,M35_CONSERVATIVE,FIXED,INCONGRUENT_CONTEXT,0.50,88,176,0,0,,0.0,0.0,,,"[null, null]",0,0,0.0,"[null, null]",0.0,"[0.0, 0.0418270666648922]",0.49886363636363634,0.49886363636363634,0.0,"[0.0, 0.0]",,0.3409090909090909,0.3409090909090909,0.9431818181818182,0.9431818181818182,0.0,0,0,1.0,1.0,0,
track1_5ch,acquisitionCampaignGroup,M35_CONSERVATIVE,FIXED,INCONGRUENT_CONTEXT,0.55,88,176,0,0,,0.0,0.0,,,"[null, null]",0,0,0.0,"[null, null]",0.0,"[0.0, 0.0418270666648922]",0.49886363636363634,0.49886363636363634,0.0,"[0.0, 0.0]",,0.3409090909090909,0.3409090909090909,0.9431818181818182,0.9431818181818182,0.0,0,0,1.0,1.0,0,
track1_5ch,acquisitionCampaignGroup,M35_CONSERVATIVE,FIXED,INCONGRUENT_CONTEXT,0.60,88,176,0,0,,0.0,0.0,,,"[null, null]",0,0,0.0,"[null, null]",0.0,"[0.0, 0.0418270666648922]",0.49886363636363634,0.49886363636363634,0.0,"[0.0, 0.0]",,0.3409090909090909,0.3409090909090909,0.9431818181818182,0.9431818181818182,0.0,0,0,1.0,1.0,0,
track1_5ch,acquisitionCampaignGroup,M35_CONSERVATIVE,FIXED,INCONGRUENT_CONTEXT,0.65,88,176,0,0,,0.0,0.0,,,"[null, null]",0,0,0.0,"[null, null]",0.0,"[0.0, 0.0418270666648922]",0.49886363636363634,0.49886363636363634,0.0,"[0.0, 0.0]",,0.3409090909090909,0.3409090909090909,0.9431818181818182,0.9431818181818182,0.0,0,0,1.0,1.0,0,
track1_5ch,acquisitionCampaignGroup,M35_CONSERVATIVE,FIXED,INCONGRUENT_CONTEXT,0.70,88,176,0,0,,0.0,0.0,,,"[null, null]",0,0,0.0,"[null, null]",0.0,"[0.0, 0.0418270666648922]",0.49886363636363634,0.49886363636363634,0.0,"[0.0, 0.0]",,0.3409090909090909,0.3409090909090909,0.9431818181818182,0.9431818181818182,0.0,0,0,1.0,1.0,0,
track1_5ch,acquisitionCampaignGroup,M35_CONSERVATIVE,FIXED,INCONGRUENT_CONTEXT,0.75,88,176,0,0,,0.0,0.0,,,"[null, null]",0,0,0.0,"[null, null]",0.0,"[0.0, 0.0418270666648922]",0.49886363636363634,0.49886363636363634,0.0,"[0.0, 0.0]",,0.3409090909090909,0.3409090909090909,0.9431818181818182,0.9431818181818182,0.0,0,0,1.0,1.0,0,
track1_5ch,acquisitionCampaignGroup,M35_CONSERVATIVE,FIXED,INCONGRUENT_CONTEXT,0.80,88,176,0,0,,0.0,0.0,,,"[null, null]",0,0,0.0,"[null, null]",0.0,"[0.0, 0.0418270666648922]",0.49886363636363634,0.49886363636363634,0.0,"[0.0, 0.0]",,0.3409090909090909,0.3409090909090909,0.9431818181818182,0.9431818181818182,0.0,0,0,1.0,1.0,0,
track1_5ch,acquisitionCampaignGroup,M35_CONSERVATIVE,FIXED,INCONGRUENT_CONTEXT,0.85,88,176,0,0,,0.0,0.0,,,"[null, null]",0,0,0.0,"[null, null]",0.0,"[0.0, 0.0418270666648922]",0.49886363636363634,0.49886363636363634,0.0,"[0.0, 0.0]",,0.3409090909090909,0.3409090909090909,0.9431818181818182,0.9431818181818182,0.0,0,0,1.0,1.0,0,
track1_5ch,acquisitionCampaignGroup,M35_CONSERVATIVE,FIXED,INCONGRUENT_CONTEXT,0.90,88,176,0,0,,0.0,0.0,,,"[null, null]",0,0,0.0,"[null, null]",0.0,"[0.0, 0.0418270666648922]",0.49886363636363634,0.49886363636363634,0.0,"[0.0, 0.0]",,0.3409090909090909,0.3409090909090909,0.9431818181818182,0.9431818181818182,0.0,0,0,1.0,1.0,0,
track1_5ch,acquisitionCampaignGroup,M35_CONSERVATIVE,FIXED,INCONGRUENT_CONTEXT,0.95,88,176,0,0,,0.0,0.0,,,"[null, null]",0,0,0.0,"[null, null]",0.0,"[0.0, 0.0418270666648922]",0.49886363636363634,0.49886363636363634,0.0,"[0.0, 0.0]",,0.3409090909090909,0.3409090909090909,0.9431818181818182,0.9431818181818182,0.0,0,0,1.0,1.0,0,
track1_5ch,acquisitionCampaignGroup,M35_CONSERVATIVE,FIXED,NEUTRAL_CONTEXT,,88,88,0,0,,0.0,0.0,,,"[null, null]",0,0,,"[null, null]",0.0,"[0.0, 0.0418270666648922]",0.49886363636363634,0.49886363636363634,0.0,"[0.0, 0.0]",,0.3409090909090909,0.3409090909090909,0.9431818181818182,0.9431818181818182,0.0,0,0,1.0,1.0,0,
track1_5ch,acquisitionCampaignGroup,M36_LOGISTIC_SAFE_GATE,SAFE-95,CONGRUENT_CONTEXT,0.45,88,88,4,4,88,0.045454545454545456,0.045454545454545456,1.0,1.0,"[0.5101091635454027, 1.0]",0,0,,"[null, null]",0.0,"[0.0, 0.0418270666648922]",0.4840909090909091,0.49886363636363634,0.014772727272727276,"[0.0005681818181818187, 0.03295454545454546]",0.32500000000000007,0.36363636363636365,0.36363636363636365,0.9431818181818182,0.9431818181818182,0.0,0,0,1.0,1.0,0,
track1_5ch,acquisitionCampaignGroup,M36_LOGISTIC_SAFE_GATE,SAFE-95,CONGRUENT_CONTEXT,0.50,88,88,4,4,88,0.045454545454545456,0.045454545454545456,1.0,1.0,"[0.5101091635454027, 1.0]",0,0,,"[null, null]",0.0,"[0.0, 0.0418270666648922]",0.4840909090909091,0.49886363636363634,0.014772727272727276,"[0.0005681818181818187, 0.033522727272727273]",0.32500000000000007,0.36363636363636365,0.36363636363636365,0.9431818181818182,0.9431818181818182,0.0,0,0,1.0,1.0,0,
track1_5ch,acquisitionCampaignGroup,M36_LOGISTIC_SAFE_GATE,SAFE-95,CONGRUENT_CONTEXT,0.55,88,88,4,4,88,0.045454545454545456,0.045454545454545456,1.0,1.0,"[0.5101091635454027, 1.0]",0,0,,"[null, null]",0.0,"[0.0, 0.0418270666648922]",0.4840909090909091,0.49886363636363634,0.014772727272727276,"[0.0005681818181818187, 0.03409090909090909]",0.32500000000000007,0.36363636363636365,0.36363636363636365,0.9431818181818182,0.9431818181818182,0.0,0,0,1.0,1.0,0,
track1_5ch,acquisitionCampaignGroup,M36_LOGISTIC_SAFE_GATE,SAFE-95,CONGRUENT_CONTEXT,0.60,88,88,4,4,88,0.045454545454545456,0.045454545454545456,1.0,1.0,"[0.5101091635454027, 1.0]",0,0,,"[null, null]",0.0,"[0.0, 0.0418270666648922]",0.4840909090909091,0.49886363636363634,0.014772727272727276,"[0.0005681818181818187, 0.03296874999999993]",0.32500000000000007,0.36363636363636365,0.36363636363636365,0.9431818181818182,0.9431818181818182,0.0,0,0,1.0,1.0,0,
track1_5ch,acquisitionCampaignGroup,M36_LOGISTIC_SAFE_GATE,SAFE-95,CONGRUENT_CONTEXT,0.65,88,88,4,4,88,0.045454545454545456,0.045454545454545456,1.0,1.0,"[0.5101091635454027, 1.0]",0,0,,"[null, null]",0.0,"[0.0, 0.0418270666648922]",0.4840909090909091,0.49886363636363634,0.014772727272727276,"[0.0005681818181818187, 0.035227272727272725]",0.32500000000000007,0.36363636363636365,0.36363636363636365,0.9431818181818182,0.9431818181818182,0.0,0,0,1.0,1.0,0,
track1_5ch,acquisitionCampaignGroup,M36_LOGISTIC_SAFE_GATE,SAFE-95,CONGRUENT_CONTEXT,0.70,88,88,4,4,88,0.045454545454545456,0.045454545454545456,1.0,1.0,"[0.5101091635454027, 1.0]",0,0,,"[null, null]",0.0,"[0.0, 0.0418270666648922]",0.4840909090909091,0.49886363636363634,0.014772727272727276,"[0.0005681818181818187, 0.03295454545454546]",0.32500000000000007,0.36363636363636365,0.36363636363636365,0.9431818181818182,0.9431818181818182,0.0,0,0,1.0,1.0,0,
track1_5ch,acquisitionCampaignGroup,M36_LOGISTIC_SAFE_GATE,SAFE-95,CONGRUENT_CONTEXT,0.75,88,88,4,4,88,0.045454545454545456,0.045454545454545456,1.0,1.0,"[0.5101091635454027, 1.0]",0,0,,"[null, null]",0.0,"[0.0, 0.0418270666648922]",0.4840909090909091,0.49886363636363634,0.014772727272727276,"[0.0005681818181818187, 0.033522727272727273]",0.32500000000000007,0.36363636363636365,0.36363636363636365,0.9431818181818182,0.9431818181818182,0.0,0,0,1.0,1.0,0,
track1_5ch,acquisitionCampaignGroup,M36_LOGISTIC_SAFE_GATE,SAFE-95,CONGRUENT_CONTEXT,0.80,88,88,4,4,88,0.045454545454545456,0.045454545454545456,1.0,1.0,"[0.5101091635454027, 1.0]",0,0,,"[null, null]",0.0,"[0.0, 0.0418270666648922]",0.4840909090909091,0.49886363636363634,0.014772727272727276,"[0.0005681818181818187, 0.03579545454545455]",0.32500000000000007,0.36363636363636365,0.36363636363636365,0.9431818181818182,0.9431818181818182,0.0,0,0,1.0,1.0,0,
track1_5ch,acquisitionCampaignGroup,M36_LOGISTIC_SAFE_GATE,SAFE-95,CONGRUENT_CONTEXT,0.85,88,88,4,4,88,0.045454545454545456,0.045454545454545456,1.0,1.0,"[0.5101091635454027, 1.0]",0,0,,"[null, null]",0.0,"[0.0, 0.0418270666648922]",0.4840909090909091,0.49886363636363634,0.014772727272727276,"[0.0005681818181818187, 0.03409090909090909]",0.32500000000000007,0.36363636363636365,0.36363636363636365,0.9431818181818182,0.9431818181818182,0.0,0,0,1.0,1.0,0,
track1_5ch,acquisitionCampaignGroup,M36_LOGISTIC_SAFE_GATE,SAFE-95,CONGRUENT_CONTEXT,0.90,88,88,4,4,88,0.045454545454545456,0.045454545454545456,1.0,1.0,"[0.5101091635454027, 1.0]",0,0,,"[null, null]",0.0,"[0.0, 0.0418270666648922]",0.4840909090909091,0.49886363636363634,0.014772727272727276,"[0.0005681818181818187, 0.033522727272727273]",0.32500000000000007,0.36363636363636365,0.36363636363636365,0.9431818181818182,0.9431818181818182,0.0,0,0,1.0,1.0,0,
track1_5ch,acquisitionCampaignGroup,M36_LOGISTIC_SAFE_GATE,SAFE-95,CONGRUENT_CONTEXT,0.95,88,88,4,4,88,0.045454545454545456,0.045454545454545456,1.0,1.0,"[0.5101091635454027, 1.0]",0,0,,"[null, null]",0.0,"[0.0, 0.0418270666648922]",0.4840909090909091,0.49886363636363634,0.014772727272727276,"[0.0005681818181818187, 0.03295454545454546]",0.32500000000000007,0.36363636363636365,0.36363636363636365,0.9431818181818182,0.9431818181818182,0.0,0,0,1.0,1.0,0,
track1_5ch,acquisitionCampaignGroup,M36_LOGISTIC_SAFE_GATE,SAFE-95,INCONGRUENT_CONTEXT,0.45,88,176,0,0,,0.0,0.0,,,"[null, null]",0,0,0.0,"[null, null]",0.0,"[0.0, 0.0418270666648922]",0.49886363636363634,0.49886363636363634,0.0,"[0.0, 0.0]",,0.3409090909090909,0.3409090909090909,0.9431818181818182,0.9431818181818182,0.0,0,0,1.0,1.0,0,False
track1_5ch,acquisitionCampaignGroup,M36_LOGISTIC_SAFE_GATE,SAFE-95,INCONGRUENT_CONTEXT,0.50,88,176,0,0,,0.0,0.0,,,"[null, null]",0,0,0.0,"[null, null]",0.0,"[0.0, 0.0418270666648922]",0.49886363636363634,0.49886363636363634,0.0,"[0.0, 0.0]",,0.3409090909090909,0.3409090909090909,0.9431818181818182,0.9431818181818182,0.0,0,0,1.0,1.0,0,False
track1_5ch,acquisitionCampaignGroup,M36_LOGISTIC_SAFE_GATE,SAFE-95,INCONGRUENT_CONTEXT,0.55,88,176,0,0,,0.0,0.0,,,"[null, null]",0,0,0.0,"[null, null]",0.0,"[0.0, 0.0418270666648922]",0.49886363636363634,0.49886363636363634,0.0,"[0.0, 0.0]",,0.3409090909090909,0.3409090909090909,0.9431818181818182,0.9431818181818182,0.0,0,0,1.0,1.0,0,False
track1_5ch,acquisitionCampaignGroup,M36_LOGISTIC_SAFE_GATE,SAFE-95,INCONGRUENT_CONTEXT,0.60,88,176,0,0,,0.0,0.0,,,"[null, null]",0,0,0.0,"[null, null]",0.0,"[0.0, 0.0418270666648922]",0.49886363636363634,0.49886363636363634,0.0,"[0.0, 0.0]",,0.3409090909090909,0.3409090909090909,0.9431818181818182,0.9431818181818182,0.0,0,0,1.0,1.0,0,False
track1_5ch,acquisitionCampaignGroup,M36_LOGISTIC_SAFE_GATE,SAFE-95,INCONGRUENT_CONTEXT,0.65,88,176,0,0,,0.0,0.0,,,"[null, null]",0,0,0.0,"[null, null]",0.0,"[0.0, 0.0418270666648922]",0.49886363636363634,0.49886363636363634,0.0,"[0.0, 0.0]",,0.3409090909090909,0.3409090909090909,0.9431818181818182,0.9431818181818182,0.0,0,0,1.0,1.0,0,False
track1_5ch,acquisitionCampaignGroup,M36_LOGISTIC_SAFE_GATE,SAFE-95,INCONGRUENT_CONTEXT,0.70,88,176,0,0,,0.0,0.0,,,"[null, null]",0,0,0.0,"[null, null]",0.0,"[0.0, 0.0418270666648922]",0.49886363636363634,0.49886363636363634,0.0,"[0.0, 0.0]",,0.3409090909090909,0.3409090909090909,0.9431818181818182,0.9431818181818182,0.0,0,0,1.0,1.0,0,False
track1_5ch,acquisitionCampaignGroup,M36_LOGISTIC_SAFE_GATE,SAFE-95,INCONGRUENT_CONTEXT,0.75,88,176,0,0,,0.0,0.0,,,"[null, null]",0,0,0.0,"[null, null]",0.0,"[0.0, 0.0418270666648922]",0.49886363636363634,0.49886363636363634,0.0,"[0.0, 0.0]",,0.3409090909090909,0.3409090909090909,0.9431818181818182,0.9431818181818182,0.0,0,0,1.0,1.0,0,False
track1_5ch,acquisitionCampaignGroup,M36_LOGISTIC_SAFE_GATE,SAFE-95,INCONGRUENT_CONTEXT,0.80,88,176,0,0,,0.0,0.0,,,"[null, null]",0,0,0.0,"[null, null]",0.0,"[0.0, 0.0418270666648922]",0.49886363636363634,0.49886363636363634,0.0,"[0.0, 0.0]",,0.3409090909090909,0.3409090909090909,0.9431818181818182,0.9431818181818182,0.0,0,0,1.0,1.0,0,False
track1_5ch,acquisitionCampaignGroup,M36_LOGISTIC_SAFE_GATE,SAFE-95,INCONGRUENT_CONTEXT,0.85,88,176,0,0,,0.0,0.0,,,"[null, null]",0,0,0.0,"[null, null]",0.0,"[0.0, 0.0418270666648922]",0.49886363636363634,0.49886363636363634,0.0,"[0.0, 0.0]",,0.3409090909090909,0.3409090909090909,0.9431818181818182,0.9431818181818182,0.0,0,0,1.0,1.0,0,False
track1_5ch,acquisitionCampaignGroup,M36_LOGISTIC_SAFE_GATE,SAFE-95,INCONGRUENT_CONTEXT,0.90,88,176,0,0,,0.0,0.0,,,"[null, null]",0,0,0.0,"[null, null]",0.0,"[0.0, 0.0418270666648922]",0.49886363636363634,0.49886363636363634,0.0,"[0.0, 0.0]",,0.3409090909090909,0.3409090909090909,0.9431818181818182,0.9431818181818182,0.0,0,0,1.0,1.0,0,False
track1_5ch,acquisitionCampaignGroup,M36_LOGISTIC_SAFE_GATE,SAFE-95,INCONGRUENT_CONTEXT,0.95,88,176,0,0,,0.0,0.0,,,"[null, null]",0,0,0.0,"[null, null]",0.0,"[0.0, 0.0418270666648922]",0.49886363636363634,0.49886363636363634,0.0,"[0.0, 0.0]",,0.3409090909090909,0.3409090909090909,0.9431818181818182,0.9431818181818182,0.0,0,0,1.0,1.0,0,False
track1_5ch,acquisitionCampaignGroup,M36_LOGISTIC_SAFE_GATE,SAFE-95,NEUTRAL_CONTEXT,,88,88,0,0,,0.0,0.0,,,"[null, null]",0,0,,"[null, null]",0.0,"[0.0, 0.0418270666648922]",0.49886363636363634,0.49886363636363634,0.0,"[0.0, 0.0]",,0.3409090909090909,0.3409090909090909,0.9431818181818182,0.9431818181818182,0.0,0,0,1.0,1.0,0,
track1_5ch,acquisitionCampaignGroup,M36_LOGISTIC_SAFE_GATE,SAFE-99,CONGRUENT_CONTEXT,0.45,88,88,4,4,88,0.045454545454545456,0.045454545454545456,1.0,1.0,"[0.5101091635454027, 1.0]",0,0,,"[null, null]",0.0,"[0.0, 0.0418270666648922]",0.4840909090909091,0.49886363636363634,0.014772727272727276,"[0.0005681818181818187, 0.033522727272727273]",0.32500000000000007,0.36363636363636365,0.36363636363636365,0.9431818181818182,0.9431818181818182,0.0,0,0,1.0,1.0,0,
track1_5ch,acquisitionCampaignGroup,M36_LOGISTIC_SAFE_GATE,SAFE-99,CONGRUENT_CONTEXT,0.50,88,88,4,4,88,0.045454545454545456,0.045454545454545456,1.0,1.0,"[0.5101091635454027, 1.0]",0,0,,"[null, null]",0.0,"[0.0, 0.0418270666648922]",0.4840909090909091,0.49886363636363634,0.014772727272727276,"[0.0005681818181818187, 0.034105113636363565]",0.32500000000000007,0.36363636363636365,0.36363636363636365,0.9431818181818182,0.9431818181818182,0.0,0,0,1.0,1.0,0,
track1_5ch,acquisitionCampaignGroup,M36_LOGISTIC_SAFE_GATE,SAFE-99,CONGRUENT_CONTEXT,0.55,88,88,4,4,88,0.045454545454545456,0.045454545454545456,1.0,1.0,"[0.5101091635454027, 1.0]",0,0,,"[null, null]",0.0,"[0.0, 0.0418270666648922]",0.4840909090909091,0.49886363636363634,0.014772727272727276,"[0.0005681818181818187, 0.032386363636363644]",0.32500000000000007,0.36363636363636365,0.36363636363636365,0.9431818181818182,0.9431818181818182,0.0,0,0,1.0,1.0,0,
track1_5ch,acquisitionCampaignGroup,M36_LOGISTIC_SAFE_GATE,SAFE-99,CONGRUENT_CONTEXT,0.60,88,88,4,4,88,0.045454545454545456,0.045454545454545456,1.0,1.0,"[0.5101091635454027, 1.0]",0,0,,"[null, null]",0.0,"[0.0, 0.0418270666648922]",0.4840909090909091,0.49886363636363634,0.014772727272727276,"[0.0005681818181818187, 0.03295454545454546]",0.32500000000000007,0.36363636363636365,0.36363636363636365,0.9431818181818182,0.9431818181818182,0.0,0,0,1.0,1.0,0,
track1_5ch,acquisitionCampaignGroup,M36_LOGISTIC_SAFE_GATE,SAFE-99,CONGRUENT_CONTEXT,0.65,88,88,4,4,88,0.045454545454545456,0.045454545454545456,1.0,1.0,"[0.5101091635454027, 1.0]",0,0,,"[null, null]",0.0,"[0.0, 0.0418270666648922]",0.4840909090909091,0.49886363636363634,0.014772727272727276,"[0.0005681818181818187, 0.03465909090909091]",0.32500000000000007,0.36363636363636365,0.36363636363636365,0.9431818181818182,0.9431818181818182,0.0,0,0,1.0,1.0,0,
track1_5ch,acquisitionCampaignGroup,M36_LOGISTIC_SAFE_GATE,SAFE-99,CONGRUENT_CONTEXT,0.70,88,88,4,4,88,0.045454545454545456,0.045454545454545456,1.0,1.0,"[0.5101091635454027, 1.0]",0,0,,"[null, null]",0.0,"[0.0, 0.0418270666648922]",0.4840909090909091,0.49886363636363634,0.014772727272727276,"[0.0005681818181818187, 0.03352272727272728]",0.32500000000000007,0.36363636363636365,0.36363636363636365,0.9431818181818182,0.9431818181818182,0.0,0,0,1.0,1.0,0,
track1_5ch,acquisitionCampaignGroup,M36_LOGISTIC_SAFE_GATE,SAFE-99,CONGRUENT_CONTEXT,0.75,88,88,4,4,88,0.045454545454545456,0.045454545454545456,1.0,1.0,"[0.5101091635454027, 1.0]",0,0,,"[null, null]",0.0,"[0.0, 0.0418270666648922]",0.4840909090909091,0.49886363636363634,0.014772727272727276,"[0.0005681818181818187, 0.03522727272727273]",0.32500000000000007,0.36363636363636365,0.36363636363636365,0.9431818181818182,0.9431818181818182,0.0,0,0,1.0,1.0,0,
track1_5ch,acquisitionCampaignGroup,M36_LOGISTIC_SAFE_GATE,SAFE-99,CONGRUENT_CONTEXT,0.80,88,88,4,4,88,0.045454545454545456,0.045454545454545456,1.0,1.0,"[0.5101091635454027, 1.0]",0,0,,"[null, null]",0.0,"[0.0, 0.0418270666648922]",0.4840909090909091,0.49886363636363634,0.014772727272727276,"[0.0005681818181818187, 0.03295454545454546]",0.32500000000000007,0.36363636363636365,0.36363636363636365,0.9431818181818182,0.9431818181818182,0.0,0,0,1.0,1.0,0,
track1_5ch,acquisitionCampaignGroup,M36_LOGISTIC_SAFE_GATE,SAFE-99,CONGRUENT_CONTEXT,0.85,88,88,4,4,88,0.045454545454545456,0.045454545454545456,1.0,1.0,"[0.5101091635454027, 1.0]",0,0,,"[null, null]",0.0,"[0.0, 0.0418270666648922]",0.4840909090909091,0.49886363636363634,0.014772727272727276,"[0.0005681818181818187, 0.03295454545454546]",0.32500000000000007,0.36363636363636365,0.36363636363636365,0.9431818181818182,0.9431818181818182,0.0,0,0,1.0,1.0,0,
track1_5ch,acquisitionCampaignGroup,M36_LOGISTIC_SAFE_GATE,SAFE-99,CONGRUENT_CONTEXT,0.90,88,88,4,4,88,0.045454545454545456,0.045454545454545456,1.0,1.0,"[0.5101091635454027, 1.0]",0,0,,"[null, null]",0.0,"[0.0, 0.0418270666648922]",0.4840909090909091,0.49886363636363634,0.014772727272727276,"[0.0005681818181818187, 0.032386363636363644]",0.32500000000000007,0.36363636363636365,0.36363636363636365,0.9431818181818182,0.9431818181818182,0.0,0,0,1.0,1.0,0,
track1_5ch,acquisitionCampaignGroup,M36_LOGISTIC_SAFE_GATE,SAFE-99,CONGRUENT_CONTEXT,0.95,88,88,4,4,88,0.045454545454545456,0.045454545454545456,1.0,1.0,"[0.5101091635454027, 1.0]",0,0,,"[null, null]",0.0,"[0.0, 0.0418270666648922]",0.4840909090909091,0.49886363636363634,0.014772727272727276,"[0.0005681818181818187, 0.033522727272727273]",0.32500000000000007,0.36363636363636365,0.36363636363636365,0.9431818181818182,0.9431818181818182,0.0,0,0,1.0,1.0,0,
track1_5ch,acquisitionCampaignGroup,M36_LOGISTIC_SAFE_GATE,SAFE-99,INCONGRUENT_CONTEXT,0.45,88,176,0,0,,0.0,0.0,,,"[null, null]",0,0,0.0,"[null, null]",0.0,"[0.0, 0.0418270666648922]",0.49886363636363634,0.49886363636363634,0.0,"[0.0, 0.0]",,0.3409090909090909,0.3409090909090909,0.9431818181818182,0.9431818181818182,0.0,0,0,1.0,1.0,0,False
track1_5ch,acquisitionCampaignGroup,M36_LOGISTIC_SAFE_GATE,SAFE-99,INCONGRUENT_CONTEXT,0.50,88,176,0,0,,0.0,0.0,,,"[null, null]",0,0,0.0,"[null, null]",0.0,"[0.0, 0.0418270666648922]",0.49886363636363634,0.49886363636363634,0.0,"[0.0, 0.0]",,0.3409090909090909,0.3409090909090909,0.9431818181818182,0.9431818181818182,0.0,0,0,1.0,1.0,0,False
track1_5ch,acquisitionCampaignGroup,M36_LOGISTIC_SAFE_GATE,SAFE-99,INCONGRUENT_CONTEXT,0.55,88,176,0,0,,0.0,0.0,,,"[null, null]",0,0,0.0,"[null, null]",0.0,"[0.0, 0.0418270666648922]",0.49886363636363634,0.49886363636363634,0.0,"[0.0, 0.0]",,0.3409090909090909,0.3409090909090909,0.9431818181818182,0.9431818181818182,0.0,0,0,1.0,1.0,0,False
track1_5ch,acquisitionCampaignGroup,M36_LOGISTIC_SAFE_GATE,SAFE-99,INCONGRUENT_CONTEXT,0.60,88,176,0,0,,0.0,0.0,,,"[null, null]",0,0,0.0,"[null, null]",0.0,"[0.0, 0.0418270666648922]",0.49886363636363634,0.49886363636363634,0.0,"[0.0, 0.0]",,0.3409090909090909,0.3409090909090909,0.9431818181818182,0.9431818181818182,0.0,0,0,1.0,1.0,0,False
track1_5ch,acquisitionCampaignGroup,M36_LOGISTIC_SAFE_GATE,SAFE-99,INCONGRUENT_CONTEXT,0.65,88,176,0,0,,0.0,0.0,,,"[null, null]",0,0,0.0,"[null, null]",0.0,"[0.0, 0.0418270666648922]",0.49886363636363634,0.49886363636363634,0.0,"[0.0, 0.0]",,0.3409090909090909,0.3409090909090909,0.9431818181818182,0.9431818181818182,0.0,0,0,1.0,1.0,0,False
track1_5ch,acquisitionCampaignGroup,M36_LOGISTIC_SAFE_GATE,SAFE-99,INCONGRUENT_CONTEXT,0.70,88,176,0,0,,0.0,0.0,,,"[null, null]",0,0,0.0,"[null, null]",0.0,"[0.0, 0.0418270666648922]",0.49886363636363634,0.49886363636363634,0.0,"[0.0, 0.0]",,0.3409090909090909,0.3409090909090909,0.9431818181818182,0.9431818181818182,0.0,0,0,1.0,1.0,0,False
track1_5ch,acquisitionCampaignGroup,M36_LOGISTIC_SAFE_GATE,SAFE-99,INCONGRUENT_CONTEXT,0.75,88,176,0,0,,0.0,0.0,,,"[null, null]",0,0,0.0,"[null, null]",0.0,"[0.0, 0.0418270666648922]",0.49886363636363634,0.49886363636363634,0.0,"[0.0, 0.0]",,0.3409090909090909,0.3409090909090909,0.9431818181818182,0.9431818181818182,0.0,0,0,1.0,1.0,0,False
track1_5ch,acquisitionCampaignGroup,M36_LOGISTIC_SAFE_GATE,SAFE-99,INCONGRUENT_CONTEXT,0.80,88,176,0,0,,0.0,0.0,,,"[null, null]",0,0,0.0,"[null, null]",0.0,"[0.0, 0.0418270666648922]",0.49886363636363634,0.49886363636363634,0.0,"[0.0, 0.0]",,0.3409090909090909,0.3409090909090909,0.9431818181818182,0.9431818181818182,0.0,0,0,1.0,1.0,0,False
track1_5ch,acquisitionCampaignGroup,M36_LOGISTIC_SAFE_GATE,SAFE-99,INCONGRUENT_CONTEXT,0.85,88,176,0,0,,0.0,0.0,,,"[null, null]",0,0,0.0,"[null, null]",0.0,"[0.0, 0.0418270666648922]",0.49886363636363634,0.49886363636363634,0.0,"[0.0, 0.0]",,0.3409090909090909,0.3409090909090909,0.9431818181818182,0.9431818181818182,0.0,0,0,1.0,1.0,0,False
track1_5ch,acquisitionCampaignGroup,M36_LOGISTIC_SAFE_GATE,SAFE-99,INCONGRUENT_CONTEXT,0.90,88,176,0,0,,0.0,0.0,,,"[null, null]",0,0,0.0,"[null, null]",0.0,"[0.0, 0.0418270666648922]",0.49886363636363634,0.49886363636363634,0.0,"[0.0, 0.0]",,0.3409090909090909,0.3409090909090909,0.9431818181818182,0.9431818181818182,0.0,0,0,1.0,1.0,0,False
track1_5ch,acquisitionCampaignGroup,M36_LOGISTIC_SAFE_GATE,SAFE-99,INCONGRUENT_CONTEXT,0.95,88,176,0,0,,0.0,0.0,,,"[null, null]",0,0,0.0,"[null, null]",0.0,"[0.0, 0.0418270666648922]",0.49886363636363634,0.49886363636363634,0.0,"[0.0, 0.0]",,0.3409090909090909,0.3409090909090909,0.9431818181818182,0.9431818181818182,0.0,0,0,1.0,1.0,0,False
track1_5ch,acquisitionCampaignGroup,M36_LOGISTIC_SAFE_GATE,SAFE-99,NEUTRAL_CONTEXT,,88,88,0,0,,0.0,0.0,,,"[null, null]",0,0,,"[null, null]",0.0,"[0.0, 0.0418270666648922]",0.49886363636363634,0.49886363636363634,0.0,"[0.0, 0.0]",,0.3409090909090909,0.3409090909090909,0.9431818181818182,0.9431818181818182,0.0,0,0,1.0,1.0,0,
track1_5ch,acquisitionCampaignGroup,M36_LOGISTIC_SAFE_GATE,SAFE-STRICT,CONGRUENT_CONTEXT,0.45,88,88,4,4,88,0.045454545454545456,0.045454545454545456,1.0,1.0,"[0.5101091635454027, 1.0]",0,0,,"[null, null]",0.0,"[0.0, 0.0418270666648922]",0.4840909090909091,0.49886363636363634,0.014772727272727276,"[0.0005681818181818187, 0.034090909090909095]",0.32500000000000007,0.36363636363636365,0.36363636363636365,0.9431818181818182,0.9431818181818182,0.0,0,0,1.0,1.0,0,
track1_5ch,acquisitionCampaignGroup,M36_LOGISTIC_SAFE_GATE,SAFE-STRICT,CONGRUENT_CONTEXT,0.50,88,88,4,4,88,0.045454545454545456,0.045454545454545456,1.0,1.0,"[0.5101091635454027, 1.0]",0,0,,"[null, null]",0.0,"[0.0, 0.0418270666648922]",0.4840909090909091,0.49886363636363634,0.014772727272727276,"[0.0005681818181818187, 0.03467329545454539]",0.32500000000000007,0.36363636363636365,0.36363636363636365,0.9431818181818182,0.9431818181818182,0.0,0,0,1.0,1.0,0,
track1_5ch,acquisitionCampaignGroup,M36_LOGISTIC_SAFE_GATE,SAFE-STRICT,CONGRUENT_CONTEXT,0.55,88,88,4,4,88,0.045454545454545456,0.045454545454545456,1.0,1.0,"[0.5101091635454027, 1.0]",0,0,,"[null, null]",0.0,"[0.0, 0.0418270666648922]",0.4840909090909091,0.49886363636363634,0.014772727272727276,"[0.0005681818181818187, 0.03465909090909091]",0.32500000000000007,0.36363636363636365,0.36363636363636365,0.9431818181818182,0.9431818181818182,0.0,0,0,1.0,1.0,0,
track1_5ch,acquisitionCampaignGroup,M36_LOGISTIC_SAFE_GATE,SAFE-STRICT,CONGRUENT_CONTEXT,0.60,88,88,4,4,88,0.045454545454545456,0.045454545454545456,1.0,1.0,"[0.5101091635454027, 1.0]",0,0,,"[null, null]",0.0,"[0.0, 0.0418270666648922]",0.4840909090909091,0.49886363636363634,0.014772727272727276,"[0.0005681818181818187, 0.03295454545454546]",0.32500000000000007,0.36363636363636365,0.36363636363636365,0.9431818181818182,0.9431818181818182,0.0,0,0,1.0,1.0,0,
track1_5ch,acquisitionCampaignGroup,M36_LOGISTIC_SAFE_GATE,SAFE-STRICT,CONGRUENT_CONTEXT,0.65,88,88,4,4,88,0.045454545454545456,0.045454545454545456,1.0,1.0,"[0.5101091635454027, 1.0]",0,0,,"[null, null]",0.0,"[0.0, 0.0418270666648922]",0.4840909090909091,0.49886363636363634,0.014772727272727276,"[0.0005681818181818187, 0.03295454545454546]",0.32500000000000007,0.36363636363636365,0.36363636363636365,0.9431818181818182,0.9431818181818182,0.0,0,0,1.0,1.0,0,
track1_5ch,acquisitionCampaignGroup,M36_LOGISTIC_SAFE_GATE,SAFE-STRICT,CONGRUENT_CONTEXT,0.70,88,88,4,4,88,0.045454545454545456,0.045454545454545456,1.0,1.0,"[0.5101091635454027, 1.0]",0,0,,"[null, null]",0.0,"[0.0, 0.0418270666648922]",0.4840909090909091,0.49886363636363634,0.014772727272727276,"[0.0005681818181818187, 0.03579545454545455]",0.32500000000000007,0.36363636363636365,0.36363636363636365,0.9431818181818182,0.9431818181818182,0.0,0,0,1.0,1.0,0,
track1_5ch,acquisitionCampaignGroup,M36_LOGISTIC_SAFE_GATE,SAFE-STRICT,CONGRUENT_CONTEXT,0.75,88,88,4,4,88,0.045454545454545456,0.045454545454545456,1.0,1.0,"[0.5101091635454027, 1.0]",0,0,,"[null, null]",0.0,"[0.0, 0.0418270666648922]",0.4840909090909091,0.49886363636363634,0.014772727272727276,"[0.0005681818181818187, 0.03295454545454546]",0.32500000000000007,0.36363636363636365,0.36363636363636365,0.9431818181818182,0.9431818181818182,0.0,0,0,1.0,1.0,0,
track1_5ch,acquisitionCampaignGroup,M36_LOGISTIC_SAFE_GATE,SAFE-STRICT,CONGRUENT_CONTEXT,0.80,88,88,4,4,88,0.045454545454545456,0.045454545454545456,1.0,1.0,"[0.5101091635454027, 1.0]",0,0,,"[null, null]",0.0,"[0.0, 0.0418270666648922]",0.4840909090909091,0.49886363636363634,0.014772727272727276,"[0.0005681818181818187, 0.03181818181818182]",0.32500000000000007,0.36363636363636365,0.36363636363636365,0.9431818181818182,0.9431818181818182,0.0,0,0,1.0,1.0,0,
track1_5ch,acquisitionCampaignGroup,M36_LOGISTIC_SAFE_GATE,SAFE-STRICT,CONGRUENT_CONTEXT,0.85,88,88,4,4,88,0.045454545454545456,0.045454545454545456,1.0,1.0,"[0.5101091635454027, 1.0]",0,0,,"[null, null]",0.0,"[0.0, 0.0418270666648922]",0.4840909090909091,0.49886363636363634,0.014772727272727276,"[0.0005681818181818187, 0.03353693181818175]",0.32500000000000007,0.36363636363636365,0.36363636363636365,0.9431818181818182,0.9431818181818182,0.0,0,0,1.0,1.0,0,
track1_5ch,acquisitionCampaignGroup,M36_LOGISTIC_SAFE_GATE,SAFE-STRICT,CONGRUENT_CONTEXT,0.90,88,88,4,4,88,0.045454545454545456,0.045454545454545456,1.0,1.0,"[0.5101091635454027, 1.0]",0,0,,"[null, null]",0.0,"[0.0, 0.0418270666648922]",0.4840909090909091,0.49886363636363634,0.014772727272727276,"[0.0005681818181818187, 0.03409090909090909]",0.32500000000000007,0.36363636363636365,0.36363636363636365,0.9431818181818182,0.9431818181818182,0.0,0,0,1.0,1.0,0,
track1_5ch,acquisitionCampaignGroup,M36_LOGISTIC_SAFE_GATE,SAFE-STRICT,CONGRUENT_CONTEXT,0.95,88,88,4,4,88,0.045454545454545456,0.045454545454545456,1.0,1.0,"[0.5101091635454027, 1.0]",0,0,,"[null, null]",0.0,"[0.0, 0.0418270666648922]",0.4840909090909091,0.49886363636363634,0.014772727272727276,"[0.0005681818181818187, 0.03296874999999993]",0.32500000000000007,0.36363636363636365,0.36363636363636365,0.9431818181818182,0.9431818181818182,0.0,0,0,1.0,1.0,0,
track1_5ch,acquisitionCampaignGroup,M36_LOGISTIC_SAFE_GATE,SAFE-STRICT,INCONGRUENT_CONTEXT,0.45,88,176,0,0,,0.0,0.0,,,"[null, null]",0,0,0.0,"[null, null]",0.0,"[0.0, 0.0418270666648922]",0.49886363636363634,0.49886363636363634,0.0,"[0.0, 0.0]",,0.3409090909090909,0.3409090909090909,0.9431818181818182,0.9431818181818182,0.0,0,0,1.0,1.0,0,False
track1_5ch,acquisitionCampaignGroup,M36_LOGISTIC_SAFE_GATE,SAFE-STRICT,INCONGRUENT_CONTEXT,0.50,88,176,0,0,,0.0,0.0,,,"[null, null]",0,0,0.0,"[null, null]",0.0,"[0.0, 0.0418270666648922]",0.49886363636363634,0.49886363636363634,0.0,"[0.0, 0.0]",,0.3409090909090909,0.3409090909090909,0.9431818181818182,0.9431818181818182,0.0,0,0,1.0,1.0,0,False
track1_5ch,acquisitionCampaignGroup,M36_LOGISTIC_SAFE_GATE,SAFE-STRICT,INCONGRUENT_CONTEXT,0.55,88,176,0,0,,0.0,0.0,,,"[null, null]",0,0,0.0,"[null, null]",0.0,"[0.0, 0.0418270666648922]",0.49886363636363634,0.49886363636363634,0.0,"[0.0, 0.0]",,0.3409090909090909,0.3409090909090909,0.9431818181818182,0.9431818181818182,0.0,0,0,1.0,1.0,0,False
track1_5ch,acquisitionCampaignGroup,M36_LOGISTIC_SAFE_GATE,SAFE-STRICT,INCONGRUENT_CONTEXT,0.60,88,176,0,0,,0.0,0.0,,,"[null, null]",0,0,0.0,"[null, null]",0.0,"[0.0, 0.0418270666648922]",0.49886363636363634,0.49886363636363634,0.0,"[0.0, 0.0]",,0.3409090909090909,0.3409090909090909,0.9431818181818182,0.9431818181818182,0.0,0,0,1.0,1.0,0,False
track1_5ch,acquisitionCampaignGroup,M36_LOGISTIC_SAFE_GATE,SAFE-STRICT,INCONGRUENT_CONTEXT,0.65,88,176,0,0,,0.0,0.0,,,"[null, null]",0,0,0.0,"[null, null]",0.0,"[0.0, 0.0418270666648922]",0.49886363636363634,0.49886363636363634,0.0,"[0.0, 0.0]",,0.3409090909090909,0.3409090909090909,0.9431818181818182,0.9431818181818182,0.0,0,0,1.0,1.0,0,False
track1_5ch,acquisitionCampaignGroup,M36_LOGISTIC_SAFE_GATE,SAFE-STRICT,INCONGRUENT_CONTEXT,0.70,88,176,0,0,,0.0,0.0,,,"[null, null]",0,0,0.0,"[null, null]",0.0,"[0.0, 0.0418270666648922]",0.49886363636363634,0.49886363636363634,0.0,"[0.0, 0.0]",,0.3409090909090909,0.3409090909090909,0.9431818181818182,0.9431818181818182,0.0,0,0,1.0,1.0,0,False
track1_5ch,acquisitionCampaignGroup,M36_LOGISTIC_SAFE_GATE,SAFE-STRICT,INCONGRUENT_CONTEXT,0.75,88,176,0,0,,0.0,0.0,,,"[null, null]",0,0,0.0,"[null, null]",0.0,"[0.0, 0.0418270666648922]",0.49886363636363634,0.49886363636363634,0.0,"[0.0, 0.0]",,0.3409090909090909,0.3409090909090909,0.9431818181818182,0.9431818181818182,0.0,0,0,1.0,1.0,0,False
track1_5ch,acquisitionCampaignGroup,M36_LOGISTIC_SAFE_GATE,SAFE-STRICT,INCONGRUENT_CONTEXT,0.80,88,176,0,0,,0.0,0.0,,,"[null, null]",0,0,0.0,"[null, null]",0.0,"[0.0, 0.0418270666648922]",0.49886363636363634,0.49886363636363634,0.0,"[0.0, 0.0]",,0.3409090909090909,0.3409090909090909,0.9431818181818182,0.9431818181818182,0.0,0,0,1.0,1.0,0,False
track1_5ch,acquisitionCampaignGroup,M36_LOGISTIC_SAFE_GATE,SAFE-STRICT,INCONGRUENT_CONTEXT,0.85,88,176,0,0,,0.0,0.0,,,"[null, null]",0,0,0.0,"[null, null]",0.0,"[0.0, 0.0418270666648922]",0.49886363636363634,0.49886363636363634,0.0,"[0.0, 0.0]",,0.3409090909090909,0.3409090909090909,0.9431818181818182,0.9431818181818182,0.0,0,0,1.0,1.0,0,False
track1_5ch,acquisitionCampaignGroup,M36_LOGISTIC_SAFE_GATE,SAFE-STRICT,INCONGRUENT_CONTEXT,0.90,88,176,0,0,,0.0,0.0,,,"[null, null]",0,0,0.0,"[null, null]",0.0,"[0.0, 0.0418270666648922]",0.49886363636363634,0.49886363636363634,0.0,"[0.0, 0.0]",,0.3409090909090909,0.3409090909090909,0.9431818181818182,0.9431818181818182,0.0,0,0,1.0,1.0,0,False
track1_5ch,acquisitionCampaignGroup,M36_LOGISTIC_SAFE_GATE,SAFE-STRICT,INCONGRUENT_CONTEXT,0.95,88,176,0,0,,0.0,0.0,,,"[null, null]",0,0,0.0,"[null, null]",0.0,"[0.0, 0.0418270666648922]",0.49886363636363634,0.49886363636363634,0.0,"[0.0, 0.0]",,0.3409090909090909,0.3409090909090909,0.9431818181818182,0.9431818181818182,0.0,0,0,1.0,1.0,0,False
track1_5ch,acquisitionCampaignGroup,M36_LOGISTIC_SAFE_GATE,SAFE-STRICT,NEUTRAL_CONTEXT,,88,88,0,0,,0.0,0.0,,,"[null, null]",0,0,,"[null, null]",0.0,"[0.0, 0.0418270666648922]",0.49886363636363634,0.49886363636363634,0.0,"[0.0, 0.0]",,0.3409090909090909,0.3409090909090909,0.9431818181818182,0.9431818181818182,0.0,0,0,1.0,1.0,0,
track1_5ch,acquisitionCampaignGroup,M36_LOGISTIC_VIEW_GUARDED,SAFE-95,CONGRUENT_CONTEXT,0.45,88,88,6,6,88,0.06818181818181818,0.06818181818181818,1.0,1.0,"[0.6096657120978346, 1.0]",0,0,,"[null, null]",0.0,"[0.0, 0.0418270666648922]",0.4869318181818182,0.49886363636363634,0.011931818181818184,"[0.0017045454545454542, 0.02556818181818182]",0.17500000000000004,0.36363636363636365,0.36363636363636365,0.9431818181818182,0.9431818181818182,0.0,0,0,1.0,1.0,0,
track1_5ch,acquisitionCampaignGroup,M36_LOGISTIC_VIEW_GUARDED,SAFE-95,CONGRUENT_CONTEXT,0.50,88,88,6,6,88,0.06818181818181818,0.06818181818181818,1.0,1.0,"[0.6096657120978346, 1.0]",0,0,,"[null, null]",0.0,"[0.0, 0.0418270666648922]",0.4869318181818182,0.49886363636363634,0.011931818181818184,"[0.0017045454545454542, 0.026136363636363635]",0.17500000000000004,0.36363636363636365,0.36363636363636365,0.9431818181818182,0.9431818181818182,0.0,0,0,1.0,1.0,0,
track1_5ch,acquisitionCampaignGroup,M36_LOGISTIC_VIEW_GUARDED,SAFE-95,CONGRUENT_CONTEXT,0.55,88,88,6,6,88,0.06818181818181818,0.06818181818181818,1.0,1.0,"[0.6096657120978346, 1.0]",0,0,,"[null, null]",0.0,"[0.0, 0.0418270666648922]",0.4869318181818182,0.49886363636363634,0.011931818181818184,"[0.0017045454545454542, 0.025568181818181823]",0.17500000000000004,0.36363636363636365,0.36363636363636365,0.9431818181818182,0.9431818181818182,0.0,0,0,1.0,1.0,0,
track1_5ch,acquisitionCampaignGroup,M36_LOGISTIC_VIEW_GUARDED,SAFE-95,CONGRUENT_CONTEXT,0.60,88,88,6,6,88,0.06818181818181818,0.06818181818181818,1.0,1.0,"[0.6096657120978346, 1.0]",0,0,,"[null, null]",0.0,"[0.0, 0.0418270666648922]",0.4869318181818182,0.49886363636363634,0.011931818181818184,"[0.0017045454545454542, 0.025]",0.17500000000000004,0.36363636363636365,0.36363636363636365,0.9431818181818182,0.9431818181818182,0.0,0,0,1.0,1.0,0,
track1_5ch,acquisitionCampaignGroup,M36_LOGISTIC_VIEW_GUARDED,SAFE-95,CONGRUENT_CONTEXT,0.65,88,88,6,6,88,0.06818181818181818,0.06818181818181818,1.0,1.0,"[0.6096657120978346, 1.0]",0,0,,"[null, null]",0.0,"[0.0, 0.0418270666648922]",0.4869318181818182,0.49886363636363634,0.011931818181818184,"[0.002272727272727272, 0.02556818181818182]",0.17500000000000004,0.36363636363636365,0.36363636363636365,0.9431818181818182,0.9431818181818182,0.0,0,0,1.0,1.0,0,
track1_5ch,acquisitionCampaignGroup,M36_LOGISTIC_VIEW_GUARDED,SAFE-95,CONGRUENT_CONTEXT,0.70,88,88,6,6,88,0.06818181818181818,0.06818181818181818,1.0,1.0,"[0.6096657120978346, 1.0]",0,0,,"[null, null]",0.0,"[0.0, 0.0418270666648922]",0.4869318181818182,0.49886363636363634,0.011931818181818184,"[0.0017045454545454542, 0.02556818181818182]",0.17500000000000004,0.36363636363636365,0.36363636363636365,0.9431818181818182,0.9431818181818182,0.0,0,0,1.0,1.0,0,
track1_5ch,acquisitionCampaignGroup,M36_LOGISTIC_VIEW_GUARDED,SAFE-95,CONGRUENT_CONTEXT,0.75,88,88,6,6,88,0.06818181818181818,0.06818181818181818,1.0,1.0,"[0.6096657120978346, 1.0]",0,0,,"[null, null]",0.0,"[0.0, 0.0418270666648922]",0.4869318181818182,0.49886363636363634,0.011931818181818184,"[0.002272727272727272, 0.026136363636363638]",0.17500000000000004,0.36363636363636365,0.36363636363636365,0.9431818181818182,0.9431818181818182,0.0,0,0,1.0,1.0,0,
track1_5ch,acquisitionCampaignGroup,M36_LOGISTIC_VIEW_GUARDED,SAFE-95,CONGRUENT_CONTEXT,0.80,88,88,6,6,88,0.06818181818181818,0.06818181818181818,1.0,1.0,"[0.6096657120978346, 1.0]",0,0,,"[null, null]",0.0,"[0.0, 0.0418270666648922]",0.4869318181818182,0.49886363636363634,0.011931818181818184,"[0.0017045454545454542, 0.025]",0.17500000000000004,0.36363636363636365,0.36363636363636365,0.9431818181818182,0.9431818181818182,0.0,0,0,1.0,1.0,0,
track1_5ch,acquisitionCampaignGroup,M36_LOGISTIC_VIEW_GUARDED,SAFE-95,CONGRUENT_CONTEXT,0.85,88,88,6,6,88,0.06818181818181818,0.06818181818181818,1.0,1.0,"[0.6096657120978346, 1.0]",0,0,,"[null, null]",0.0,"[0.0, 0.0418270666648922]",0.4869318181818182,0.49886363636363634,0.011931818181818184,"[0.0017045454545454542, 0.025]",0.17500000000000004,0.36363636363636365,0.36363636363636365,0.9431818181818182,0.9431818181818182,0.0,0,0,1.0,1.0,0,
track1_5ch,acquisitionCampaignGroup,M36_LOGISTIC_VIEW_GUARDED,SAFE-95,CONGRUENT_CONTEXT,0.90,88,88,6,6,88,0.06818181818181818,0.06818181818181818,1.0,1.0,"[0.6096657120978346, 1.0]",0,0,,"[null, null]",0.0,"[0.0, 0.0418270666648922]",0.4869318181818182,0.49886363636363634,0.011931818181818184,"[0.002272727272727272, 0.025568181818181823]",0.17500000000000004,0.36363636363636365,0.36363636363636365,0.9431818181818182,0.9431818181818182,0.0,0,0,1.0,1.0,0,
track1_5ch,acquisitionCampaignGroup,M36_LOGISTIC_VIEW_GUARDED,SAFE-95,CONGRUENT_CONTEXT,0.95,88,88,6,6,88,0.06818181818181818,0.06818181818181818,1.0,1.0,"[0.6096657120978346, 1.0]",0,0,,"[null, null]",0.0,"[0.0, 0.0418270666648922]",0.4869318181818182,0.49886363636363634,0.011931818181818184,"[0.001136363636363636, 0.025]",0.17500000000000004,0.36363636363636365,0.36363636363636365,0.9431818181818182,0.9431818181818182,0.0,0,0,1.0,1.0,0,
track1_5ch,acquisitionCampaignGroup,M36_LOGISTIC_VIEW_GUARDED,SAFE-95,INCONGRUENT_CONTEXT,0.45,88,176,1,1,,0.005681818181818182,0.011363636363636364,0.0,0.0,"[0.0, 0.7934506856227626]",1,1,1.0,"[0.20654931437723745, 1.0]",0.011363636363636364,"[0.0020087853177044694, 0.061594938922985634]",0.4980113636363636,0.49886363636363634,0.0008522727272727274,"[0.0, 0.0025568181818181822]",0.15000000000000002,0.3465909090909091,0.3465909090909091,0.9375,0.9318181818181818,-0.011363636363636364,1,0,1.0,0.9943181818181818,0,False
track1_5ch,acquisitionCampaignGroup,M36_LOGISTIC_VIEW_GUARDED,SAFE-95,INCONGRUENT_CONTEXT,0.50,88,176,1,1,,0.005681818181818182,0.011363636363636364,0.0,0.0,"[0.0, 0.7934506856227626]",1,1,1.0,"[0.20654931437723745, 1.0]",0.011363636363636364,"[0.0020087853177044694, 0.061594938922985634]",0.4980113636363636,0.49886363636363634,0.0008522727272727274,"[0.0, 0.0025568181818181822]",0.15000000000000002,0.3465909090909091,0.3465909090909091,0.9375,0.9318181818181818,-0.011363636363636364,1,0,1.0,0.9943181818181818,0,False
track1_5ch,acquisitionCampaignGroup,M36_LOGISTIC_VIEW_GUARDED,SAFE-95,INCONGRUENT_CONTEXT,0.55,88,176,1,1,,0.005681818181818182,0.011363636363636364,0.0,0.0,"[0.0, 0.7934506856227626]",1,1,1.0,"[0.20654931437723745, 1.0]",0.011363636363636364,"[0.0020087853177044694, 0.061594938922985634]",0.4980113636363636,0.49886363636363634,0.0008522727272727274,"[0.0, 0.0025568181818181822]",0.15000000000000002,0.3465909090909091,0.3465909090909091,0.9375,0.9318181818181818,-0.011363636363636364,1,0,1.0,0.9943181818181818,0,False
track1_5ch,acquisitionCampaignGroup,M36_LOGISTIC_VIEW_GUARDED,SAFE-95,INCONGRUENT_CONTEXT,0.60,88,176,1,1,,0.005681818181818182,0.011363636363636364,0.0,0.0,"[0.0, 0.7934506856227626]",1,1,1.0,"[0.20654931437723745, 1.0]",0.011363636363636364,"[0.0020087853177044694, 0.061594938922985634]",0.4980113636363636,0.49886363636363634,0.0008522727272727274,"[0.0, 0.0025568181818181822]",0.15000000000000002,0.3465909090909091,0.3465909090909091,0.9375,0.9318181818181818,-0.011363636363636364,1,0,1.0,0.9943181818181818,0,False
track1_5ch,acquisitionCampaignGroup,M36_LOGISTIC_VIEW_GUARDED,SAFE-95,INCONGRUENT_CONTEXT,0.65,88,176,1,1,,0.005681818181818182,0.011363636363636364,0.0,0.0,"[0.0, 0.7934506856227626]",1,1,1.0,"[0.20654931437723745, 1.0]",0.011363636363636364,"[0.0020087853177044694, 0.061594938922985634]",0.4980113636363636,0.49886363636363634,0.0008522727272727274,"[0.0, 0.0025568181818181822]",0.15000000000000002,0.3465909090909091,0.3465909090909091,0.9375,0.9318181818181818,-0.011363636363636364,1,0,1.0,0.9943181818181818,0,False
track1_5ch,acquisitionCampaignGroup,M36_LOGISTIC_VIEW_GUARDED,SAFE-95,INCONGRUENT_CONTEXT,0.70,88,176,1,1,,0.005681818181818182,0.011363636363636364,0.0,0.0,"[0.0, 0.7934506856227626]",1,1,1.0,"[0.20654931437723745, 1.0]",0.011363636363636364,"[0.0020087853177044694, 0.061594938922985634]",0.4980113636363636,0.49886363636363634,0.0008522727272727274,"[0.0, 0.0025568181818181822]",0.15000000000000002,0.3465909090909091,0.3465909090909091,0.9375,0.9318181818181818,-0.011363636363636364,1,0,1.0,0.9943181818181818,0,False
track1_5ch,acquisitionCampaignGroup,M36_LOGISTIC_VIEW_GUARDED,SAFE-95,INCONGRUENT_CONTEXT,0.75,88,176,1,1,,0.005681818181818182,0.011363636363636364,0.0,0.0,"[0.0, 0.7934506856227626]",1,1,1.0,"[0.20654931437723745, 1.0]",0.011363636363636364,"[0.0020087853177044694, 0.061594938922985634]",0.4980113636363636,0.49886363636363634,0.0008522727272727274,"[0.0, 0.0025568181818181822]",0.15000000000000002,0.3465909090909091,0.3465909090909091,0.9375,0.9318181818181818,-0.011363636363636364,1,0,1.0,0.9943181818181818,0,False
track1_5ch,acquisitionCampaignGroup,M36_LOGISTIC_VIEW_GUARDED,SAFE-95,INCONGRUENT_CONTEXT,0.80,88,176,1,1,,0.005681818181818182,0.011363636363636364,0.0,0.0,"[0.0, 0.7934506856227626]",1,1,1.0,"[0.20654931437723745, 1.0]",0.011363636363636364,"[0.0020087853177044694, 0.061594938922985634]",0.4980113636363636,0.49886363636363634,0.0008522727272727274,"[0.0, 0.0025568181818181822]",0.15000000000000002,0.3465909090909091,0.3465909090909091,0.9375,0.9318181818181818,-0.011363636363636364,1,0,1.0,0.9943181818181818,0,False
track1_5ch,acquisitionCampaignGroup,M36_LOGISTIC_VIEW_GUARDED,SAFE-95,INCONGRUENT_CONTEXT,0.85,88,176,1,1,,0.005681818181818182,0.011363636363636364,0.0,0.0,"[0.0, 0.7934506856227626]",1,1,1.0,"[0.20654931437723745, 1.0]",0.011363636363636364,"[0.0020087853177044694, 0.061594938922985634]",0.4980113636363636,0.49886363636363634,0.0008522727272727274,"[0.0, 0.0025568181818181822]",0.15000000000000002,0.3465909090909091,0.3465909090909091,0.9375,0.9318181818181818,-0.011363636363636364,1,0,1.0,0.9943181818181818,0,False
track1_5ch,acquisitionCampaignGroup,M36_LOGISTIC_VIEW_GUARDED,SAFE-95,INCONGRUENT_CONTEXT,0.90,88,176,1,1,,0.005681818181818182,0.011363636363636364,0.0,0.0,"[0.0, 0.7934506856227626]",1,1,1.0,"[0.20654931437723745, 1.0]",0.011363636363636364,"[0.0020087853177044694, 0.061594938922985634]",0.4980113636363636,0.49886363636363634,0.0008522727272727274,"[0.0, 0.0025568181818181822]",0.15000000000000002,0.3465909090909091,0.3465909090909091,0.9375,0.9318181818181818,-0.011363636363636364,1,0,1.0,0.9943181818181818,0,False
track1_5ch,acquisitionCampaignGroup,M36_LOGISTIC_VIEW_GUARDED,SAFE-95,INCONGRUENT_CONTEXT,0.95,88,176,1,1,,0.005681818181818182,0.011363636363636364,0.0,0.0,"[0.0, 0.7934506856227626]",1,1,1.0,"[0.20654931437723745, 1.0]",0.011363636363636364,"[0.0020087853177044694, 0.061594938922985634]",0.4980113636363636,0.49886363636363634,0.0008522727272727274,"[0.0, 0.0025568181818181822]",0.15000000000000002,0.3465909090909091,0.3465909090909091,0.9375,0.9318181818181818,-0.011363636363636364,1,0,1.0,0.9943181818181818,0,False
track1_5ch,acquisitionCampaignGroup,M36_LOGISTIC_VIEW_GUARDED,SAFE-95,NEUTRAL_CONTEXT,,88,88,0,0,,0.0,0.0,,,"[null, null]",0,0,,"[null, null]",0.0,"[0.0, 0.0418270666648922]",0.49886363636363634,0.49886363636363634,0.0,"[0.0, 0.0]",,0.3409090909090909,0.3409090909090909,0.9431818181818182,0.9431818181818182,0.0,0,0,1.0,1.0,0,
track1_5ch,acquisitionCampaignGroup,M36_LOGISTIC_VIEW_GUARDED,SAFE-99,CONGRUENT_CONTEXT,0.45,88,88,6,6,88,0.06818181818181818,0.06818181818181818,1.0,1.0,"[0.6096657120978346, 1.0]",0,0,,"[null, null]",0.0,"[0.0, 0.0418270666648922]",0.4869318181818182,0.49886363636363634,0.011931818181818184,"[0.0017045454545454542, 0.025014204545454468]",0.17500000000000004,0.36363636363636365,0.36363636363636365,0.9431818181818182,0.9431818181818182,0.0,0,0,1.0,1.0,0,
track1_5ch,acquisitionCampaignGroup,M36_LOGISTIC_VIEW_GUARDED,SAFE-99,CONGRUENT_CONTEXT,0.50,88,88,6,6,88,0.06818181818181818,0.06818181818181818,1.0,1.0,"[0.6096657120978346, 1.0]",0,0,,"[null, null]",0.0,"[0.0, 0.0418270666648922]",0.4869318181818182,0.49886363636363634,0.011931818181818184,"[0.0017045454545454542, 0.025]",0.17500000000000004,0.36363636363636365,0.36363636363636365,0.9431818181818182,0.9431818181818182,0.0,0,0,1.0,1.0,0,
track1_5ch,acquisitionCampaignGroup,M36_LOGISTIC_VIEW_GUARDED,SAFE-99,CONGRUENT_CONTEXT,0.55,88,88,6,6,88,0.06818181818181818,0.06818181818181818,1.0,1.0,"[0.6096657120978346, 1.0]",0,0,,"[null, null]",0.0,"[0.0, 0.0418270666648922]",0.4869318181818182,0.49886363636363634,0.011931818181818184,"[0.0017045454545454542, 0.025568181818181823]",0.17500000000000004,0.36363636363636365,0.36363636363636365,0.9431818181818182,0.9431818181818182,0.0,0,0,1.0,1.0,0,
track1_5ch,acquisitionCampaignGroup,M36_LOGISTIC_VIEW_GUARDED,SAFE-99,CONGRUENT_CONTEXT,0.60,88,88,6,6,88,0.06818181818181818,0.06818181818181818,1.0,1.0,"[0.6096657120978346, 1.0]",0,0,,"[null, null]",0.0,"[0.0, 0.0418270666648922]",0.4869318181818182,0.49886363636363634,0.011931818181818184,"[0.0017045454545454542, 0.02556818181818182]",0.17500000000000004,0.36363636363636365,0.36363636363636365,0.9431818181818182,0.9431818181818182,0.0,0,0,1.0,1.0,0,
track1_5ch,acquisitionCampaignGroup,M36_LOGISTIC_VIEW_GUARDED,SAFE-99,CONGRUENT_CONTEXT,0.65,88,88,6,6,88,0.06818181818181818,0.06818181818181818,1.0,1.0,"[0.6096657120978346, 1.0]",0,0,,"[null, null]",0.0,"[0.0, 0.0418270666648922]",0.4869318181818182,0.49886363636363634,0.011931818181818184,"[0.002272727272727272, 0.023863636363636368]",0.17500000000000004,0.36363636363636365,0.36363636363636365,0.9431818181818182,0.9431818181818182,0.0,0,0,1.0,1.0,0,
track1_5ch,acquisitionCampaignGroup,M36_LOGISTIC_VIEW_GUARDED,SAFE-99,CONGRUENT_CONTEXT,0.70,88,88,6,6,88,0.06818181818181818,0.06818181818181818,1.0,1.0,"[0.6096657120978346, 1.0]",0,0,,"[null, null]",0.0,"[0.0, 0.0418270666648922]",0.4869318181818182,0.49886363636363634,0.011931818181818184,"[0.001136363636363636, 0.02556818181818182]",0.17500000000000004,0.36363636363636365,0.36363636363636365,0.9431818181818182,0.9431818181818182,0.0,0,0,1.0,1.0,0,
track1_5ch,acquisitionCampaignGroup,M36_LOGISTIC_VIEW_GUARDED,SAFE-99,CONGRUENT_CONTEXT,0.75,88,88,6,6,88,0.06818181818181818,0.06818181818181818,1.0,1.0,"[0.6096657120978346, 1.0]",0,0,,"[null, null]",0.0,"[0.0, 0.0418270666648922]",0.4869318181818182,0.49886363636363634,0.011931818181818184,"[0.0017045454545454542, 0.02556818181818182]",0.17500000000000004,0.36363636363636365,0.36363636363636365,0.9431818181818182,0.9431818181818182,0.0,0,0,1.0,1.0,0,
track1_5ch,acquisitionCampaignGroup,M36_LOGISTIC_VIEW_GUARDED,SAFE-99,CONGRUENT_CONTEXT,0.80,88,88,6,6,88,0.06818181818181818,0.06818181818181818,1.0,1.0,"[0.6096657120978346, 1.0]",0,0,,"[null, null]",0.0,"[0.0, 0.0418270666648922]",0.4869318181818182,0.49886363636363634,0.011931818181818184,"[0.0017045454545454542, 0.025]",0.17500000000000004,0.36363636363636365,0.36363636363636365,0.9431818181818182,0.9431818181818182,0.0,0,0,1.0,1.0,0,
track1_5ch,acquisitionCampaignGroup,M36_LOGISTIC_VIEW_GUARDED,SAFE-99,CONGRUENT_CONTEXT,0.85,88,88,6,6,88,0.06818181818181818,0.06818181818181818,1.0,1.0,"[0.6096657120978346, 1.0]",0,0,,"[null, null]",0.0,"[0.0, 0.0418270666648922]",0.4869318181818182,0.49886363636363634,0.011931818181818184,"[0.002272727272727272, 0.025]",0.17500000000000004,0.36363636363636365,0.36363636363636365,0.9431818181818182,0.9431818181818182,0.0,0,0,1.0,1.0,0,
track1_5ch,acquisitionCampaignGroup,M36_LOGISTIC_VIEW_GUARDED,SAFE-99,CONGRUENT_CONTEXT,0.90,88,88,6,6,88,0.06818181818181818,0.06818181818181818,1.0,1.0,"[0.6096657120978346, 1.0]",0,0,,"[null, null]",0.0,"[0.0, 0.0418270666648922]",0.4869318181818182,0.49886363636363634,0.011931818181818184,"[0.0017045454545454542, 0.02556818181818182]",0.17500000000000004,0.36363636363636365,0.36363636363636365,0.9431818181818182,0.9431818181818182,0.0,0,0,1.0,1.0,0,
track1_5ch,acquisitionCampaignGroup,M36_LOGISTIC_VIEW_GUARDED,SAFE-99,CONGRUENT_CONTEXT,0.95,88,88,6,6,88,0.06818181818181818,0.06818181818181818,1.0,1.0,"[0.6096657120978346, 1.0]",0,0,,"[null, null]",0.0,"[0.0, 0.0418270666648922]",0.4869318181818182,0.49886363636363634,0.011931818181818184,"[0.002272727272727272, 0.026136363636363638]",0.17500000000000004,0.36363636363636365,0.36363636363636365,0.9431818181818182,0.9431818181818182,0.0,0,0,1.0,1.0,0,
track1_5ch,acquisitionCampaignGroup,M36_LOGISTIC_VIEW_GUARDED,SAFE-99,INCONGRUENT_CONTEXT,0.45,88,176,1,1,,0.005681818181818182,0.011363636363636364,0.0,0.0,"[0.0, 0.7934506856227626]",1,1,1.0,"[0.20654931437723745, 1.0]",0.011363636363636364,"[0.0020087853177044694, 0.061594938922985634]",0.4980113636363636,0.49886363636363634,0.0008522727272727274,"[0.0, 0.0025568181818181822]",0.15000000000000002,0.3465909090909091,0.3465909090909091,0.9375,0.9318181818181818,-0.011363636363636364,1,0,1.0,0.9943181818181818,0,False
track1_5ch,acquisitionCampaignGroup,M36_LOGISTIC_VIEW_GUARDED,SAFE-99,INCONGRUENT_CONTEXT,0.50,88,176,1,1,,0.005681818181818182,0.011363636363636364,0.0,0.0,"[0.0, 0.7934506856227626]",1,1,1.0,"[0.20654931437723745, 1.0]",0.011363636363636364,"[0.0020087853177044694, 0.061594938922985634]",0.4980113636363636,0.49886363636363634,0.0008522727272727274,"[0.0, 0.0025568181818181822]",0.15000000000000002,0.3465909090909091,0.3465909090909091,0.9375,0.9318181818181818,-0.011363636363636364,1,0,1.0,0.9943181818181818,0,False
track1_5ch,acquisitionCampaignGroup,M36_LOGISTIC_VIEW_GUARDED,SAFE-99,INCONGRUENT_CONTEXT,0.55,88,176,1,1,,0.005681818181818182,0.011363636363636364,0.0,0.0,"[0.0, 0.7934506856227626]",1,1,1.0,"[0.20654931437723745, 1.0]",0.011363636363636364,"[0.0020087853177044694, 0.061594938922985634]",0.4980113636363636,0.49886363636363634,0.0008522727272727274,"[0.0, 0.0025568181818181822]",0.15000000000000002,0.3465909090909091,0.3465909090909091,0.9375,0.9318181818181818,-0.011363636363636364,1,0,1.0,0.9943181818181818,0,False
track1_5ch,acquisitionCampaignGroup,M36_LOGISTIC_VIEW_GUARDED,SAFE-99,INCONGRUENT_CONTEXT,0.60,88,176,1,1,,0.005681818181818182,0.011363636363636364,0.0,0.0,"[0.0, 0.7934506856227626]",1,1,1.0,"[0.20654931437723745, 1.0]",0.011363636363636364,"[0.0020087853177044694, 0.061594938922985634]",0.4980113636363636,0.49886363636363634,0.0008522727272727274,"[0.0, 0.0025568181818181822]",0.15000000000000002,0.3465909090909091,0.3465909090909091,0.9375,0.9318181818181818,-0.011363636363636364,1,0,1.0,0.9943181818181818,0,False
track1_5ch,acquisitionCampaignGroup,M36_LOGISTIC_VIEW_GUARDED,SAFE-99,INCONGRUENT_CONTEXT,0.65,88,176,1,1,,0.005681818181818182,0.011363636363636364,0.0,0.0,"[0.0, 0.7934506856227626]",1,1,1.0,"[0.20654931437723745, 1.0]",0.011363636363636364,"[0.0020087853177044694, 0.061594938922985634]",0.4980113636363636,0.49886363636363634,0.0008522727272727274,"[0.0, 0.0025568181818181822]",0.15000000000000002,0.3465909090909091,0.3465909090909091,0.9375,0.9318181818181818,-0.011363636363636364,1,0,1.0,0.9943181818181818,0,False
track1_5ch,acquisitionCampaignGroup,M36_LOGISTIC_VIEW_GUARDED,SAFE-99,INCONGRUENT_CONTEXT,0.70,88,176,1,1,,0.005681818181818182,0.011363636363636364,0.0,0.0,"[0.0, 0.7934506856227626]",1,1,1.0,"[0.20654931437723745, 1.0]",0.011363636363636364,"[0.0020087853177044694, 0.061594938922985634]",0.4980113636363636,0.49886363636363634,0.0008522727272727274,"[0.0, 0.0025568181818181822]",0.15000000000000002,0.3465909090909091,0.3465909090909091,0.9375,0.9318181818181818,-0.011363636363636364,1,0,1.0,0.9943181818181818,0,False
track1_5ch,acquisitionCampaignGroup,M36_LOGISTIC_VIEW_GUARDED,SAFE-99,INCONGRUENT_CONTEXT,0.75,88,176,1,1,,0.005681818181818182,0.011363636363636364,0.0,0.0,"[0.0, 0.7934506856227626]",1,1,1.0,"[0.20654931437723745, 1.0]",0.011363636363636364,"[0.0020087853177044694, 0.061594938922985634]",0.4980113636363636,0.49886363636363634,0.0008522727272727274,"[0.0, 0.0025568181818181822]",0.15000000000000002,0.3465909090909091,0.3465909090909091,0.9375,0.9318181818181818,-0.011363636363636364,1,0,1.0,0.9943181818181818,0,False
track1_5ch,acquisitionCampaignGroup,M36_LOGISTIC_VIEW_GUARDED,SAFE-99,INCONGRUENT_CONTEXT,0.80,88,176,1,1,,0.005681818181818182,0.011363636363636364,0.0,0.0,"[0.0, 0.7934506856227626]",1,1,1.0,"[0.20654931437723745, 1.0]",0.011363636363636364,"[0.0020087853177044694, 0.061594938922985634]",0.4980113636363636,0.49886363636363634,0.0008522727272727274,"[0.0, 0.0025568181818181822]",0.15000000000000002,0.3465909090909091,0.3465909090909091,0.9375,0.9318181818181818,-0.011363636363636364,1,0,1.0,0.9943181818181818,0,False
track1_5ch,acquisitionCampaignGroup,M36_LOGISTIC_VIEW_GUARDED,SAFE-99,INCONGRUENT_CONTEXT,0.85,88,176,1,1,,0.005681818181818182,0.011363636363636364,0.0,0.0,"[0.0, 0.7934506856227626]",1,1,1.0,"[0.20654931437723745, 1.0]",0.011363636363636364,"[0.0020087853177044694, 0.061594938922985634]",0.4980113636363636,0.49886363636363634,0.0008522727272727274,"[0.0, 0.0025568181818181822]",0.15000000000000002,0.3465909090909091,0.3465909090909091,0.9375,0.9318181818181818,-0.011363636363636364,1,0,1.0,0.9943181818181818,0,False
track1_5ch,acquisitionCampaignGroup,M36_LOGISTIC_VIEW_GUARDED,SAFE-99,INCONGRUENT_CONTEXT,0.90,88,176,1,1,,0.005681818181818182,0.011363636363636364,0.0,0.0,"[0.0, 0.7934506856227626]",1,1,1.0,"[0.20654931437723745, 1.0]",0.011363636363636364,"[0.0020087853177044694, 0.061594938922985634]",0.4980113636363636,0.49886363636363634,0.0008522727272727274,"[0.0, 0.0025568181818181822]",0.15000000000000002,0.3465909090909091,0.3465909090909091,0.9375,0.9318181818181818,-0.011363636363636364,1,0,1.0,0.9943181818181818,0,False
track1_5ch,acquisitionCampaignGroup,M36_LOGISTIC_VIEW_GUARDED,SAFE-99,INCONGRUENT_CONTEXT,0.95,88,176,1,1,,0.005681818181818182,0.011363636363636364,0.0,0.0,"[0.0, 0.7934506856227626]",1,1,1.0,"[0.20654931437723745, 1.0]",0.011363636363636364,"[0.0020087853177044694, 0.061594938922985634]",0.4980113636363636,0.49886363636363634,0.0008522727272727274,"[0.0, 0.0025568181818181822]",0.15000000000000002,0.3465909090909091,0.3465909090909091,0.9375,0.9318181818181818,-0.011363636363636364,1,0,1.0,0.9943181818181818,0,False
track1_5ch,acquisitionCampaignGroup,M36_LOGISTIC_VIEW_GUARDED,SAFE-99,NEUTRAL_CONTEXT,,88,88,0,0,,0.0,0.0,,,"[null, null]",0,0,,"[null, null]",0.0,"[0.0, 0.0418270666648922]",0.49886363636363634,0.49886363636363634,0.0,"[0.0, 0.0]",,0.3409090909090909,0.3409090909090909,0.9431818181818182,0.9431818181818182,0.0,0,0,1.0,1.0,0,
track1_5ch,acquisitionCampaignGroup,M36_LOGISTIC_VIEW_GUARDED,SAFE-STRICT,CONGRUENT_CONTEXT,0.45,88,88,6,6,88,0.06818181818181818,0.06818181818181818,1.0,1.0,"[0.6096657120978346, 1.0]",0,0,,"[null, null]",0.0,"[0.0, 0.0418270666648922]",0.4869318181818182,0.49886363636363634,0.011931818181818184,"[0.002272727272727272, 0.024431818181818186]",0.17500000000000004,0.36363636363636365,0.36363636363636365,0.9431818181818182,0.9431818181818182,0.0,0,0,1.0,1.0,0,
track1_5ch,acquisitionCampaignGroup,M36_LOGISTIC_VIEW_GUARDED,SAFE-STRICT,CONGRUENT_CONTEXT,0.50,88,88,6,6,88,0.06818181818181818,0.06818181818181818,1.0,1.0,"[0.6096657120978346, 1.0]",0,0,,"[null, null]",0.0,"[0.0, 0.0418270666648922]",0.4869318181818182,0.49886363636363634,0.011931818181818184,"[0.0017045454545454542, 0.026136363636363638]",0.17500000000000004,0.36363636363636365,0.36363636363636365,0.9431818181818182,0.9431818181818182,0.0,0,0,1.0,1.0,0,
track1_5ch,acquisitionCampaignGroup,M36_LOGISTIC_VIEW_GUARDED,SAFE-STRICT,CONGRUENT_CONTEXT,0.55,88,88,6,6,88,0.06818181818181818,0.06818181818181818,1.0,1.0,"[0.6096657120978346, 1.0]",0,0,,"[null, null]",0.0,"[0.0, 0.0418270666648922]",0.4869318181818182,0.49886363636363634,0.011931818181818184,"[0.0017045454545454542, 0.025]",0.17500000000000004,0.36363636363636365,0.36363636363636365,0.9431818181818182,0.9431818181818182,0.0,0,0,1.0,1.0,0,
track1_5ch,acquisitionCampaignGroup,M36_LOGISTIC_VIEW_GUARDED,SAFE-STRICT,CONGRUENT_CONTEXT,0.60,88,88,6,6,88,0.06818181818181818,0.06818181818181818,1.0,1.0,"[0.6096657120978346, 1.0]",0,0,,"[null, null]",0.0,"[0.0, 0.0418270666648922]",0.4869318181818182,0.49886363636363634,0.011931818181818184,"[0.0017045454545454542, 0.025]",0.17500000000000004,0.36363636363636365,0.36363636363636365,0.9431818181818182,0.9431818181818182,0.0,0,0,1.0,1.0,0,
track1_5ch,acquisitionCampaignGroup,M36_LOGISTIC_VIEW_GUARDED,SAFE-STRICT,CONGRUENT_CONTEXT,0.65,88,88,6,6,88,0.06818181818181818,0.06818181818181818,1.0,1.0,"[0.6096657120978346, 1.0]",0,0,,"[null, null]",0.0,"[0.0, 0.0418270666648922]",0.4869318181818182,0.49886363636363634,0.011931818181818184,"[0.002272727272727272, 0.025014204545454468]",0.17500000000000004,0.36363636363636365,0.36363636363636365,0.9431818181818182,0.9431818181818182,0.0,0,0,1.0,1.0,0,
track1_5ch,acquisitionCampaignGroup,M36_LOGISTIC_VIEW_GUARDED,SAFE-STRICT,CONGRUENT_CONTEXT,0.70,88,88,6,6,88,0.06818181818181818,0.06818181818181818,1.0,1.0,"[0.6096657120978346, 1.0]",0,0,,"[null, null]",0.0,"[0.0, 0.0418270666648922]",0.4869318181818182,0.49886363636363634,0.011931818181818184,"[0.002272727272727272, 0.02556818181818182]",0.17500000000000004,0.36363636363636365,0.36363636363636365,0.9431818181818182,0.9431818181818182,0.0,0,0,1.0,1.0,0,
track1_5ch,acquisitionCampaignGroup,M36_LOGISTIC_VIEW_GUARDED,SAFE-STRICT,CONGRUENT_CONTEXT,0.75,88,88,6,6,88,0.06818181818181818,0.06818181818181818,1.0,1.0,"[0.6096657120978346, 1.0]",0,0,,"[null, null]",0.0,"[0.0, 0.0418270666648922]",0.4869318181818182,0.49886363636363634,0.011931818181818184,"[0.0017045454545454542, 0.025]",0.17500000000000004,0.36363636363636365,0.36363636363636365,0.9431818181818182,0.9431818181818182,0.0,0,0,1.0,1.0,0,
track1_5ch,acquisitionCampaignGroup,M36_LOGISTIC_VIEW_GUARDED,SAFE-STRICT,CONGRUENT_CONTEXT,0.80,88,88,6,6,88,0.06818181818181818,0.06818181818181818,1.0,1.0,"[0.6096657120978346, 1.0]",0,0,,"[null, null]",0.0,"[0.0, 0.0418270666648922]",0.4869318181818182,0.49886363636363634,0.011931818181818184,"[0.0017045454545454542, 0.025]",0.17500000000000004,0.36363636363636365,0.36363636363636365,0.9431818181818182,0.9431818181818182,0.0,0,0,1.0,1.0,0,
track1_5ch,acquisitionCampaignGroup,M36_LOGISTIC_VIEW_GUARDED,SAFE-STRICT,CONGRUENT_CONTEXT,0.85,88,88,6,6,88,0.06818181818181818,0.06818181818181818,1.0,1.0,"[0.6096657120978346, 1.0]",0,0,,"[null, null]",0.0,"[0.0, 0.0418270666648922]",0.4869318181818182,0.49886363636363634,0.011931818181818184,"[0.0017045454545454542, 0.02556818181818182]",0.17500000000000004,0.36363636363636365,0.36363636363636365,0.9431818181818182,0.9431818181818182,0.0,0,0,1.0,1.0,0,
track1_5ch,acquisitionCampaignGroup,M36_LOGISTIC_VIEW_GUARDED,SAFE-STRICT,CONGRUENT_CONTEXT,0.90,88,88,6,6,88,0.06818181818181818,0.06818181818181818,1.0,1.0,"[0.6096657120978346, 1.0]",0,0,,"[null, null]",0.0,"[0.0, 0.0418270666648922]",0.4869318181818182,0.49886363636363634,0.011931818181818184,"[0.0017045454545454542, 0.026136363636363635]",0.17500000000000004,0.36363636363636365,0.36363636363636365,0.9431818181818182,0.9431818181818182,0.0,0,0,1.0,1.0,0,
track1_5ch,acquisitionCampaignGroup,M36_LOGISTIC_VIEW_GUARDED,SAFE-STRICT,CONGRUENT_CONTEXT,0.95,88,88,6,6,88,0.06818181818181818,0.06818181818181818,1.0,1.0,"[0.6096657120978346, 1.0]",0,0,,"[null, null]",0.0,"[0.0, 0.0418270666648922]",0.4869318181818182,0.49886363636363634,0.011931818181818184,"[0.0017045454545454542, 0.025568181818181823]",0.17500000000000004,0.36363636363636365,0.36363636363636365,0.9431818181818182,0.9431818181818182,0.0,0,0,1.0,1.0,0,
track1_5ch,acquisitionCampaignGroup,M36_LOGISTIC_VIEW_GUARDED,SAFE-STRICT,INCONGRUENT_CONTEXT,0.45,88,176,1,1,,0.005681818181818182,0.011363636363636364,0.0,0.0,"[0.0, 0.7934506856227626]",1,1,1.0,"[0.20654931437723745, 1.0]",0.011363636363636364,"[0.0020087853177044694, 0.061594938922985634]",0.4980113636363636,0.49886363636363634,0.0008522727272727274,"[0.0, 0.0025568181818181822]",0.15000000000000002,0.3465909090909091,0.3465909090909091,0.9375,0.9318181818181818,-0.011363636363636364,1,0,1.0,0.9943181818181818,0,False
track1_5ch,acquisitionCampaignGroup,M36_LOGISTIC_VIEW_GUARDED,SAFE-STRICT,INCONGRUENT_CONTEXT,0.50,88,176,1,1,,0.005681818181818182,0.011363636363636364,0.0,0.0,"[0.0, 0.7934506856227626]",1,1,1.0,"[0.20654931437723745, 1.0]",0.011363636363636364,"[0.0020087853177044694, 0.061594938922985634]",0.4980113636363636,0.49886363636363634,0.0008522727272727274,"[0.0, 0.0025568181818181822]",0.15000000000000002,0.3465909090909091,0.3465909090909091,0.9375,0.9318181818181818,-0.011363636363636364,1,0,1.0,0.9943181818181818,0,False
track1_5ch,acquisitionCampaignGroup,M36_LOGISTIC_VIEW_GUARDED,SAFE-STRICT,INCONGRUENT_CONTEXT,0.55,88,176,1,1,,0.005681818181818182,0.011363636363636364,0.0,0.0,"[0.0, 0.7934506856227626]",1,1,1.0,"[0.20654931437723745, 1.0]",0.011363636363636364,"[0.0020087853177044694, 0.061594938922985634]",0.4980113636363636,0.49886363636363634,0.0008522727272727274,"[0.0, 0.0025568181818181822]",0.15000000000000002,0.3465909090909091,0.3465909090909091,0.9375,0.9318181818181818,-0.011363636363636364,1,0,1.0,0.9943181818181818,0,False
track1_5ch,acquisitionCampaignGroup,M36_LOGISTIC_VIEW_GUARDED,SAFE-STRICT,INCONGRUENT_CONTEXT,0.60,88,176,1,1,,0.005681818181818182,0.011363636363636364,0.0,0.0,"[0.0, 0.7934506856227626]",1,1,1.0,"[0.20654931437723745, 1.0]",0.011363636363636364,"[0.0020087853177044694, 0.061594938922985634]",0.4980113636363636,0.49886363636363634,0.0008522727272727274,"[0.0, 0.0025568181818181822]",0.15000000000000002,0.3465909090909091,0.3465909090909091,0.9375,0.9318181818181818,-0.011363636363636364,1,0,1.0,0.9943181818181818,0,False
track1_5ch,acquisitionCampaignGroup,M36_LOGISTIC_VIEW_GUARDED,SAFE-STRICT,INCONGRUENT_CONTEXT,0.65,88,176,1,1,,0.005681818181818182,0.011363636363636364,0.0,0.0,"[0.0, 0.7934506856227626]",1,1,1.0,"[0.20654931437723745, 1.0]",0.011363636363636364,"[0.0020087853177044694, 0.061594938922985634]",0.4980113636363636,0.49886363636363634,0.0008522727272727274,"[0.0, 0.0025568181818181822]",0.15000000000000002,0.3465909090909091,0.3465909090909091,0.9375,0.9318181818181818,-0.011363636363636364,1,0,1.0,0.9943181818181818,0,False
track1_5ch,acquisitionCampaignGroup,M36_LOGISTIC_VIEW_GUARDED,SAFE-STRICT,INCONGRUENT_CONTEXT,0.70,88,176,1,1,,0.005681818181818182,0.011363636363636364,0.0,0.0,"[0.0, 0.7934506856227626]",1,1,1.0,"[0.20654931437723745, 1.0]",0.011363636363636364,"[0.0020087853177044694, 0.061594938922985634]",0.4980113636363636,0.49886363636363634,0.0008522727272727274,"[0.0, 0.0025568181818181822]",0.15000000000000002,0.3465909090909091,0.3465909090909091,0.9375,0.9318181818181818,-0.011363636363636364,1,0,1.0,0.9943181818181818,0,False
track1_5ch,acquisitionCampaignGroup,M36_LOGISTIC_VIEW_GUARDED,SAFE-STRICT,INCONGRUENT_CONTEXT,0.75,88,176,1,1,,0.005681818181818182,0.011363636363636364,0.0,0.0,"[0.0, 0.7934506856227626]",1,1,1.0,"[0.20654931437723745, 1.0]",0.011363636363636364,"[0.0020087853177044694, 0.061594938922985634]",0.4980113636363636,0.49886363636363634,0.0008522727272727274,"[0.0, 0.0025568181818181822]",0.15000000000000002,0.3465909090909091,0.3465909090909091,0.9375,0.9318181818181818,-0.011363636363636364,1,0,1.0,0.9943181818181818,0,False
track1_5ch,acquisitionCampaignGroup,M36_LOGISTIC_VIEW_GUARDED,SAFE-STRICT,INCONGRUENT_CONTEXT,0.80,88,176,1,1,,0.005681818181818182,0.011363636363636364,0.0,0.0,"[0.0, 0.7934506856227626]",1,1,1.0,"[0.20654931437723745, 1.0]",0.011363636363636364,"[0.0020087853177044694, 0.061594938922985634]",0.4980113636363636,0.49886363636363634,0.0008522727272727274,"[0.0, 0.0025568181818181822]",0.15000000000000002,0.3465909090909091,0.3465909090909091,0.9375,0.9318181818181818,-0.011363636363636364,1,0,1.0,0.9943181818181818,0,False
track1_5ch,acquisitionCampaignGroup,M36_LOGISTIC_VIEW_GUARDED,SAFE-STRICT,INCONGRUENT_CONTEXT,0.85,88,176,1,1,,0.005681818181818182,0.011363636363636364,0.0,0.0,"[0.0, 0.7934506856227626]",1,1,1.0,"[0.20654931437723745, 1.0]",0.011363636363636364,"[0.0020087853177044694, 0.061594938922985634]",0.4980113636363636,0.49886363636363634,0.0008522727272727274,"[0.0, 0.0025568181818181822]",0.15000000000000002,0.3465909090909091,0.3465909090909091,0.9375,0.9318181818181818,-0.011363636363636364,1,0,1.0,0.9943181818181818,0,False
track1_5ch,acquisitionCampaignGroup,M36_LOGISTIC_VIEW_GUARDED,SAFE-STRICT,INCONGRUENT_CONTEXT,0.90,88,176,1,1,,0.005681818181818182,0.011363636363636364,0.0,0.0,"[0.0, 0.7934506856227626]",1,1,1.0,"[0.20654931437723745, 1.0]",0.011363636363636364,"[0.0020087853177044694, 0.061594938922985634]",0.4980113636363636,0.49886363636363634,0.0008522727272727274,"[0.0, 0.0025568181818181822]",0.15000000000000002,0.3465909090909091,0.3465909090909091,0.9375,0.9318181818181818,-0.011363636363636364,1,0,1.0,0.9943181818181818,0,False
track1_5ch,acquisitionCampaignGroup,M36_LOGISTIC_VIEW_GUARDED,SAFE-STRICT,INCONGRUENT_CONTEXT,0.95,88,176,1,1,,0.005681818181818182,0.011363636363636364,0.0,0.0,"[0.0, 0.7934506856227626]",1,1,1.0,"[0.20654931437723745, 1.0]",0.011363636363636364,"[0.0020087853177044694, 0.061594938922985634]",0.4980113636363636,0.49886363636363634,0.0008522727272727274,"[0.0, 0.0025568181818181822]",0.15000000000000002,0.3465909090909091,0.3465909090909091,0.9375,0.9318181818181818,-0.011363636363636364,1,0,1.0,0.9943181818181818,0,False
track1_5ch,acquisitionCampaignGroup,M36_LOGISTIC_VIEW_GUARDED,SAFE-STRICT,NEUTRAL_CONTEXT,,88,88,0,0,,0.0,0.0,,,"[null, null]",0,0,,"[null, null]",0.0,"[0.0, 0.0418270666648922]",0.49886363636363634,0.49886363636363634,0.0,"[0.0, 0.0]",,0.3409090909090909,0.3409090909090909,0.9431818181818182,0.9431818181818182,0.0,0,0,1.0,1.0,0,
track1_5ch,acquisitionCampaignGroup,M36_MULTI_VIEW_RULE,SAFE-95,CONGRUENT_CONTEXT,0.45,88,88,5,5,88,0.056818181818181816,0.056818181818181816,1.0,1.0,"[0.5655175352168251, 1.0]",0,0,,"[null, null]",0.0,"[0.0, 0.0418270666648922]",0.4875,0.49886363636363634,0.011363636363636364,"[0.001136363636363636, 0.026136363636363635]",0.2,0.3522727272727273,0.3522727272727273,0.9431818181818182,0.9431818181818182,0.0,0,0,1.0,1.0,0,
track1_5ch,acquisitionCampaignGroup,M36_MULTI_VIEW_RULE,SAFE-95,CONGRUENT_CONTEXT,0.50,88,88,5,5,88,0.056818181818181816,0.056818181818181816,1.0,1.0,"[0.5655175352168251, 1.0]",0,0,,"[null, null]",0.0,"[0.0, 0.0418270666648922]",0.4875,0.49886363636363634,0.011363636363636364,"[0.0011363636363636374, 0.025582386363636286]",0.2,0.3522727272727273,0.3522727272727273,0.9431818181818182,0.9431818181818182,0.0,0,0,1.0,1.0,0,
track1_5ch,acquisitionCampaignGroup,M36_MULTI_VIEW_RULE,SAFE-95,CONGRUENT_CONTEXT,0.55,88,88,8,8,88,0.09090909090909091,0.09090909090909091,1.0,1.0,"[0.6755924351161198, 1.0]",0,0,,"[null, null]",0.0,"[0.0, 0.0418270666648922]",0.4801136363636363,0.49886363636363634,0.018750000000000003,"[0.003977272727272727, 0.036931818181818184]",0.20625000000000002,0.36363636363636365,0.36363636363636365,0.9431818181818182,0.9431818181818182,0.0,0,0,1.0,1.0,0,
track1_5ch,acquisitionCampaignGroup,M36_MULTI_VIEW_RULE,SAFE-95,CONGRUENT_CONTEXT,0.60,88,88,9,9,88,0.10227272727272728,0.10227272727272728,1.0,1.0,"[0.7008549515804559, 1.0]",0,0,,"[null, null]",0.0,"[0.0, 0.0418270666648922]",0.4795454545454545,0.49886363636363634,0.01931818181818182,"[0.005113636363636363, 0.038068181818181814]",0.1888888888888889,0.375,0.375,0.9431818181818182,0.9431818181818182,0.0,0,0,1.0,1.0,0,
track1_5ch,acquisitionCampaignGroup,M36_MULTI_VIEW_RULE,SAFE-95,CONGRUENT_CONTEXT,0.65,88,88,11,11,88,0.125,0.125,1.0,1.0,"[0.7411670330319684, 1.0]",0,0,,"[null, null]",0.0,"[0.0, 0.0418270666648922]",0.4772727272727272,0.49886363636363634,0.021590909090909095,"[0.006818181818181817, 0.04034090909090909]",0.17272727272727276,0.38636363636363635,0.38636363636363635,0.9431818181818182,0.9431818181818182,0.0,0,0,1.0,1.0,0,
track1_5ch,acquisitionCampaignGroup,M36_MULTI_VIEW_RULE,SAFE-95,CONGRUENT_CONTEXT,0.70,88,88,12,12,88,0.13636363636363635,0.13636363636363635,1.0,1.0,"[0.7575059933447592, 1.0]",0,0,,"[null, null]",0.0,"[0.0, 0.0418270666648922]",0.4767045454545453,0.49886363636363634,0.02215909090909091,"[0.007954545454545454, 0.04261363636363636]",0.1625,0.38636363636363635,0.38636363636363635,0.9431818181818182,0.9431818181818182,0.0,0,0,1.0,1.0,0,
track1_5ch,acquisitionCampaignGroup,M36_MULTI_VIEW_RULE,SAFE-95,CONGRUENT_CONTEXT,0.75,88,88,14,14,88,0.1590909090909091,0.1590909090909091,1.0,1.0,"[0.7846891972623643, 1.0]",0,0,,"[null, null]",0.0,"[0.0, 0.0418270666648922]",0.4738636363636363,0.49886363636363634,0.025,"[0.009659090909090909, 0.044886363636363634]",0.15714285714285717,0.3977272727272727,0.3977272727272727,0.9431818181818182,0.9431818181818182,0.0,0,0,1.0,1.0,0,
track1_5ch,acquisitionCampaignGroup,M36_MULTI_VIEW_RULE,SAFE-95,CONGRUENT_CONTEXT,0.80,88,88,16,16,88,0.18181818181818182,0.18181818181818182,1.0,1.0,"[0.8063923194655637, 1.0]",0,0,,"[null, null]",0.0,"[0.0, 0.0418270666648922]",0.47215909090909086,0.49886363636363634,0.02670454545454545,"[0.010795454545454547, 0.04602272727272727]",0.14687499999999998,0.4090909090909091,0.4090909090909091,0.9431818181818182,0.9431818181818182,0.0,0,0,1.0,1.0,0,
track1_5ch,acquisitionCampaignGroup,M36_MULTI_VIEW_RULE,SAFE-95,CONGRUENT_CONTEXT,0.85,88,88,18,18,88,0.20454545454545456,0.20454545454545456,1.0,1.0,"[0.8241207763533425, 1.0]",0,0,,"[null, null]",0.0,"[0.0, 0.0418270666648922]",0.4693181818181818,0.49886363636363634,0.02954545454545454,"[0.013636363636363636, 0.05058238636363629]",0.14444444444444443,0.4090909090909091,0.4090909090909091,0.9431818181818182,0.9431818181818182,0.0,0,0,1.0,1.0,0,
track1_5ch,acquisitionCampaignGroup,M36_MULTI_VIEW_RULE,SAFE-95,CONGRUENT_CONTEXT,0.90,88,88,20,20,88,0.22727272727272727,0.22727272727272727,1.0,1.0,"[0.8388748419471806, 1.0]",0,0,,"[null, null]",0.0,"[0.0, 0.0418270666648922]",0.46818181818181814,0.49886363636363634,0.030681818181818175,"[0.015340909090909093, 0.05]",0.13499999999999995,0.42045454545454547,0.42045454545454547,0.9431818181818182,0.9431818181818182,0.0,0,0,1.0,1.0,0,
track1_5ch,acquisitionCampaignGroup,M36_MULTI_VIEW_RULE,SAFE-95,CONGRUENT_CONTEXT,0.95,88,88,20,20,88,0.22727272727272727,0.22727272727272727,1.0,1.0,"[0.8388748419471806, 1.0]",0,0,,"[null, null]",0.0,"[0.0, 0.0418270666648922]",0.4676136363636363,0.49886363636363634,0.03124999999999999,"[0.01477272727272727, 0.052840909090909084]",0.13749999999999996,0.42045454545454547,0.42045454545454547,0.9431818181818182,0.9431818181818182,0.0,0,0,1.0,1.0,0,
track1_5ch,acquisitionCampaignGroup,M36_MULTI_VIEW_RULE,SAFE-95,INCONGRUENT_CONTEXT,0.45,88,176,0,0,,0.0,0.0,,,"[null, null]",0,0,0.0,"[null, null]",0.0,"[0.0, 0.0418270666648922]",0.49886363636363634,0.49886363636363634,0.0,"[0.0, 0.0]",,0.3409090909090909,0.3409090909090909,0.9431818181818182,0.9431818181818182,0.0,0,0,1.0,1.0,0,False
track1_5ch,acquisitionCampaignGroup,M36_MULTI_VIEW_RULE,SAFE-95,INCONGRUENT_CONTEXT,0.50,88,176,0,0,,0.0,0.0,,,"[null, null]",0,0,0.0,"[null, null]",0.0,"[0.0, 0.0418270666648922]",0.49886363636363634,0.49886363636363634,0.0,"[0.0, 0.0]",,0.3409090909090909,0.3409090909090909,0.9431818181818182,0.9431818181818182,0.0,0,0,1.0,1.0,0,False
track1_5ch,acquisitionCampaignGroup,M36_MULTI_VIEW_RULE,SAFE-95,INCONGRUENT_CONTEXT,0.55,88,176,1,1,,0.005681818181818182,0.011363636363636364,0.0,1.0,"[0.20654931437723745, 1.0]",0,0,0.0,"[0.0, 0.7934506856227626]",0.0,"[0.0, 0.0418270666648922]",0.49857954545454547,0.49886363636363634,0.00028409090909090935,"[0.0, 0.000852272727272728]",0.050000000000000044,0.3409090909090909,0.3409090909090909,0.9431818181818182,0.9431818181818182,0.0,0,0,1.0,1.0,0,True
track1_5ch,acquisitionCampaignGroup,M36_MULTI_VIEW_RULE,SAFE-95,INCONGRUENT_CONTEXT,0.60,88,176,1,1,,0.005681818181818182,0.011363636363636364,0.0,1.0,"[0.20654931437723745, 1.0]",0,0,0.0,"[0.0, 0.7934506856227626]",0.0,"[0.0, 0.0418270666648922]",0.49857954545454547,0.49886363636363634,0.00028409090909090935,"[0.0, 0.000852272727272728]",0.050000000000000044,0.3409090909090909,0.3409090909090909,0.9431818181818182,0.9431818181818182,0.0,0,0,1.0,1.0,0,True
track1_5ch,acquisitionCampaignGroup,M36_MULTI_VIEW_RULE,SAFE-95,INCONGRUENT_CONTEXT,0.65,88,176,1,1,,0.005681818181818182,0.011363636363636364,0.0,1.0,"[0.20654931437723745, 1.0]",0,0,0.0,"[0.0, 0.7934506856227626]",0.0,"[0.0, 0.0418270666648922]",0.49857954545454547,0.49886363636363634,0.00028409090909090935,"[0.0, 0.000852272727272728]",0.050000000000000044,0.3409090909090909,0.3409090909090909,0.9431818181818182,0.9431818181818182,0.0,0,0,1.0,1.0,0,True
track1_5ch,acquisitionCampaignGroup,M36_MULTI_VIEW_RULE,SAFE-95,INCONGRUENT_CONTEXT,0.70,88,176,1,1,,0.005681818181818182,0.011363636363636364,0.0,1.0,"[0.20654931437723745, 1.0]",0,0,0.0,"[0.0, 0.7934506856227626]",0.0,"[0.0, 0.0418270666648922]",0.49857954545454547,0.49886363636363634,0.00028409090909090935,"[0.0, 0.000852272727272728]",0.050000000000000044,0.3409090909090909,0.3409090909090909,0.9431818181818182,0.9431818181818182,0.0,0,0,1.0,1.0,0,True
track1_5ch,acquisitionCampaignGroup,M36_MULTI_VIEW_RULE,SAFE-95,INCONGRUENT_CONTEXT,0.75,88,176,1,1,,0.005681818181818182,0.011363636363636364,0.0,1.0,"[0.20654931437723745, 1.0]",0,0,0.0,"[0.0, 0.7934506856227626]",0.0,"[0.0, 0.0418270666648922]",0.49857954545454547,0.49886363636363634,0.00028409090909090935,"[0.0, 0.000852272727272728]",0.050000000000000044,0.3409090909090909,0.3409090909090909,0.9431818181818182,0.9431818181818182,0.0,0,0,1.0,1.0,0,True
track1_5ch,acquisitionCampaignGroup,M36_MULTI_VIEW_RULE,SAFE-95,INCONGRUENT_CONTEXT,0.80,88,176,2,2,,0.011363636363636364,0.022727272727272728,0.0,0.5,"[0.09453120573423074, 0.9054687942657693]",1,1,0.5,"[0.09453120573423074, 0.9054687942657693]",0.011363636363636364,"[0.0020087853177044694, 0.061594938922985634]",0.49460227272727264,0.49886363636363634,0.004261363636363636,"[0.0, 0.0125]",0.375,0.3465909090909091,0.3465909090909091,0.9375,0.9318181818181818,-0.011363636363636364,1,0,1.0,0.9943181818181818,0,False
track1_5ch,acquisitionCampaignGroup,M36_MULTI_VIEW_RULE,SAFE-95,INCONGRUENT_CONTEXT,0.85,88,176,2,2,,0.011363636363636364,0.022727272727272728,0.0,0.5,"[0.09453120573423074, 0.9054687942657693]",1,1,0.5,"[0.09453120573423074, 0.9054687942657693]",0.011363636363636364,"[0.0020087853177044694, 0.061594938922985634]",0.49460227272727264,0.49886363636363634,0.004261363636363636,"[0.0, 0.01278409090909091]",0.375,0.3465909090909091,0.3465909090909091,0.9375,0.9318181818181818,-0.011363636363636364,1,0,1.0,0.9943181818181818,0,False
track1_5ch,acquisitionCampaignGroup,M36_MULTI_VIEW_RULE,SAFE-95,INCONGRUENT_CONTEXT,0.90,88,176,2,2,,0.011363636363636364,0.022727272727272728,0.0,0.5,"[0.09453120573423074, 0.9054687942657693]",1,1,0.5,"[0.09453120573423074, 0.9054687942657693]",0.011363636363636364,"[0.0020087853177044694, 0.061594938922985634]",0.49460227272727264,0.49886363636363634,0.004261363636363636,"[0.0, 0.0125]",0.375,0.3465909090909091,0.3465909090909091,0.9375,0.9318181818181818,-0.011363636363636364,1,0,1.0,0.9943181818181818,0,False
track1_5ch,acquisitionCampaignGroup,M36_MULTI_VIEW_RULE,SAFE-95,INCONGRUENT_CONTEXT,0.95,88,176,2,2,,0.011363636363636364,0.022727272727272728,0.0,0.5,"[0.09453120573423074, 0.9054687942657693]",1,1,0.5,"[0.09453120573423074, 0.9054687942657693]",0.011363636363636364,"[0.0020087853177044694, 0.061594938922985634]",0.49460227272727264,0.49886363636363634,0.004261363636363636,"[0.0, 0.0125]",0.375,0.3465909090909091,0.3465909090909091,0.9375,0.9318181818181818,-0.011363636363636364,1,0,1.0,0.9943181818181818,0,False
track1_5ch,acquisitionCampaignGroup,M36_MULTI_VIEW_RULE,SAFE-95,NEUTRAL_CONTEXT,,88,88,0,0,,0.0,0.0,,,"[null, null]",0,0,,"[null, null]",0.0,"[0.0, 0.0418270666648922]",0.49886363636363634,0.49886363636363634,0.0,"[0.0, 0.0]",,0.3409090909090909,0.3409090909090909,0.9431818181818182,0.9431818181818182,0.0,0,0,1.0,1.0,0,
track1_5ch,acquisitionCampaignGroup,M36_MULTI_VIEW_RULE,SAFE-99,CONGRUENT_CONTEXT,0.45,88,88,5,5,88,0.056818181818181816,0.056818181818181816,1.0,1.0,"[0.5655175352168251, 1.0]",0,0,,"[null, null]",0.0,"[0.0, 0.0418270666648922]",0.4875,0.49886363636363634,0.011363636363636364,"[0.0017045454545454542, 0.02670454545454545]",0.2,0.3522727272727273,0.3522727272727273,0.9431818181818182,0.9431818181818182,0.0,0,0,1.0,1.0,0,
track1_5ch,acquisitionCampaignGroup,M36_MULTI_VIEW_RULE,SAFE-99,CONGRUENT_CONTEXT,0.50,88,88,5,5,88,0.056818181818181816,0.056818181818181816,1.0,1.0,"[0.5655175352168251, 1.0]",0,0,,"[null, null]",0.0,"[0.0, 0.0418270666648922]",0.4875,0.49886363636363634,0.011363636363636364,"[0.0011363636363636367, 0.025]",0.2,0.3522727272727273,0.3522727272727273,0.9431818181818182,0.9431818181818182,0.0,0,0,1.0,1.0,0,
track1_5ch,acquisitionCampaignGroup,M36_MULTI_VIEW_RULE,SAFE-99,CONGRUENT_CONTEXT,0.55,88,88,8,8,88,0.09090909090909091,0.09090909090909091,1.0,1.0,"[0.6755924351161198, 1.0]",0,0,,"[null, null]",0.0,"[0.0, 0.0418270666648922]",0.4801136363636363,0.49886363636363634,0.018750000000000003,"[0.004545454545454545, 0.037514204545454476]",0.20625000000000002,0.36363636363636365,0.36363636363636365,0.9431818181818182,0.9431818181818182,0.0,0,0,1.0,1.0,0,
track1_5ch,acquisitionCampaignGroup,M36_MULTI_VIEW_RULE,SAFE-99,CONGRUENT_CONTEXT,0.60,88,88,9,9,88,0.10227272727272728,0.10227272727272728,1.0,1.0,"[0.7008549515804559, 1.0]",0,0,,"[null, null]",0.0,"[0.0, 0.0418270666648922]",0.4795454545454545,0.49886363636363634,0.01931818181818182,"[0.005113636363636363, 0.03808238636363629]",0.1888888888888889,0.375,0.375,0.9431818181818182,0.9431818181818182,0.0,0,0,1.0,1.0,0,
track1_5ch,acquisitionCampaignGroup,M36_MULTI_VIEW_RULE,SAFE-99,CONGRUENT_CONTEXT,0.65,88,88,11,11,88,0.125,0.125,1.0,1.0,"[0.7411670330319684, 1.0]",0,0,,"[null, null]",0.0,"[0.0, 0.0418270666648922]",0.4772727272727272,0.49886363636363634,0.021590909090909095,"[0.007386363636363638, 0.03920454545454545]",0.17272727272727276,0.38636363636363635,0.38636363636363635,0.9431818181818182,0.9431818181818182,0.0,0,0,1.0,1.0,0,
track1_5ch,acquisitionCampaignGroup,M36_MULTI_VIEW_RULE,SAFE-99,CONGRUENT_CONTEXT,0.70,88,88,12,12,88,0.13636363636363635,0.13636363636363635,1.0,1.0,"[0.7575059933447592, 1.0]",0,0,,"[null, null]",0.0,"[0.0, 0.0418270666648922]",0.4767045454545453,0.49886363636363634,0.02215909090909091,"[0.007386363636363635, 0.04147727272727273]",0.1625,0.38636363636363635,0.38636363636363635,0.9431818181818182,0.9431818181818182,0.0,0,0,1.0,1.0,0,
track1_5ch,acquisitionCampaignGroup,M36_MULTI_VIEW_RULE,SAFE-99,CONGRUENT_CONTEXT,0.75,88,88,14,14,88,0.1590909090909091,0.1590909090909091,1.0,1.0,"[0.7846891972623643, 1.0]",0,0,,"[null, null]",0.0,"[0.0, 0.0418270666648922]",0.4738636363636363,0.49886363636363634,0.025,"[0.01021306818181818, 0.04319602272727265]",0.15714285714285717,0.3977272727272727,0.3977272727272727,0.9431818181818182,0.9431818181818182,0.0,0,0,1.0,1.0,0,
track1_5ch,acquisitionCampaignGroup,M36_MULTI_VIEW_RULE,SAFE-99,CONGRUENT_CONTEXT,0.80,88,88,16,16,88,0.18181818181818182,0.18181818181818182,1.0,1.0,"[0.8063923194655637, 1.0]",0,0,,"[null, null]",0.0,"[0.0, 0.0418270666648922]",0.47215909090909086,0.49886363636363634,0.02670454545454545,"[0.011363636363636362, 0.045454545454545456]",0.14687499999999998,0.4090909090909091,0.4090909090909091,0.9431818181818182,0.9431818181818182,0.0,0,0,1.0,1.0,0,
track1_5ch,acquisitionCampaignGroup,M36_MULTI_VIEW_RULE,SAFE-99,CONGRUENT_CONTEXT,0.85,88,88,18,18,88,0.20454545454545456,0.20454545454545456,1.0,1.0,"[0.8241207763533425, 1.0]",0,0,,"[null, null]",0.0,"[0.0, 0.0418270666648922]",0.4693181818181818,0.49886363636363634,0.02954545454545454,"[0.013636363636363636, 0.05001420454545447]",0.14444444444444443,0.4090909090909091,0.4090909090909091,0.9431818181818182,0.9431818181818182,0.0,0,0,1.0,1.0,0,
track1_5ch,acquisitionCampaignGroup,M36_MULTI_VIEW_RULE,SAFE-99,CONGRUENT_CONTEXT,0.90,88,88,20,20,88,0.22727272727272727,0.22727272727272727,1.0,1.0,"[0.8388748419471806, 1.0]",0,0,,"[null, null]",0.0,"[0.0, 0.0418270666648922]",0.46818181818181814,0.49886363636363634,0.030681818181818175,"[0.01477272727272727, 0.05]",0.13499999999999995,0.42045454545454547,0.42045454545454547,0.9431818181818182,0.9431818181818182,0.0,0,0,1.0,1.0,0,
track1_5ch,acquisitionCampaignGroup,M36_MULTI_VIEW_RULE,SAFE-99,CONGRUENT_CONTEXT,0.95,88,88,20,20,88,0.22727272727272727,0.22727272727272727,1.0,1.0,"[0.8388748419471806, 1.0]",0,0,,"[null, null]",0.0,"[0.0, 0.0418270666648922]",0.4676136363636363,0.49886363636363634,0.03124999999999999,"[0.01477272727272727, 0.051704545454545454]",0.13749999999999996,0.42045454545454547,0.42045454545454547,0.9431818181818182,0.9431818181818182,0.0,0,0,1.0,1.0,0,
track1_5ch,acquisitionCampaignGroup,M36_MULTI_VIEW_RULE,SAFE-99,INCONGRUENT_CONTEXT,0.45,88,176,0,0,,0.0,0.0,,,"[null, null]",0,0,0.0,"[null, null]",0.0,"[0.0, 0.0418270666648922]",0.49886363636363634,0.49886363636363634,0.0,"[0.0, 0.0]",,0.3409090909090909,0.3409090909090909,0.9431818181818182,0.9431818181818182,0.0,0,0,1.0,1.0,0,False
track1_5ch,acquisitionCampaignGroup,M36_MULTI_VIEW_RULE,SAFE-99,INCONGRUENT_CONTEXT,0.50,88,176,0,0,,0.0,0.0,,,"[null, null]",0,0,0.0,"[null, null]",0.0,"[0.0, 0.0418270666648922]",0.49886363636363634,0.49886363636363634,0.0,"[0.0, 0.0]",,0.3409090909090909,0.3409090909090909,0.9431818181818182,0.9431818181818182,0.0,0,0,1.0,1.0,0,False
track1_5ch,acquisitionCampaignGroup,M36_MULTI_VIEW_RULE,SAFE-99,INCONGRUENT_CONTEXT,0.55,88,176,1,1,,0.005681818181818182,0.011363636363636364,0.0,1.0,"[0.20654931437723745, 1.0]",0,0,0.0,"[0.0, 0.7934506856227626]",0.0,"[0.0, 0.0418270666648922]",0.49857954545454547,0.49886363636363634,0.00028409090909090935,"[0.0, 0.000852272727272728]",0.050000000000000044,0.3409090909090909,0.3409090909090909,0.9431818181818182,0.9431818181818182,0.0,0,0,1.0,1.0,0,True
track1_5ch,acquisitionCampaignGroup,M36_MULTI_VIEW_RULE,SAFE-99,INCONGRUENT_CONTEXT,0.60,88,176,1,1,,0.005681818181818182,0.011363636363636364,0.0,1.0,"[0.20654931437723745, 1.0]",0,0,0.0,"[0.0, 0.7934506856227626]",0.0,"[0.0, 0.0418270666648922]",0.49857954545454547,0.49886363636363634,0.00028409090909090935,"[0.0, 0.000852272727272728]",0.050000000000000044,0.3409090909090909,0.3409090909090909,0.9431818181818182,0.9431818181818182,0.0,0,0,1.0,1.0,0,True
track1_5ch,acquisitionCampaignGroup,M36_MULTI_VIEW_RULE,SAFE-99,INCONGRUENT_CONTEXT,0.65,88,176,1,1,,0.005681818181818182,0.011363636363636364,0.0,1.0,"[0.20654931437723745, 1.0]",0,0,0.0,"[0.0, 0.7934506856227626]",0.0,"[0.0, 0.0418270666648922]",0.49857954545454547,0.49886363636363634,0.00028409090909090935,"[0.0, 0.000852272727272728]",0.050000000000000044,0.3409090909090909,0.3409090909090909,0.9431818181818182,0.9431818181818182,0.0,0,0,1.0,1.0,0,True
track1_5ch,acquisitionCampaignGroup,M36_MULTI_VIEW_RULE,SAFE-99,INCONGRUENT_CONTEXT,0.70,88,176,1,1,,0.005681818181818182,0.011363636363636364,0.0,1.0,"[0.20654931437723745, 1.0]",0,0,0.0,"[0.0, 0.7934506856227626]",0.0,"[0.0, 0.0418270666648922]",0.49857954545454547,0.49886363636363634,0.00028409090909090935,"[0.0, 0.000852272727272728]",0.050000000000000044,0.3409090909090909,0.3409090909090909,0.9431818181818182,0.9431818181818182,0.0,0,0,1.0,1.0,0,True
track1_5ch,acquisitionCampaignGroup,M36_MULTI_VIEW_RULE,SAFE-99,INCONGRUENT_CONTEXT,0.75,88,176,1,1,,0.005681818181818182,0.011363636363636364,0.0,1.0,"[0.20654931437723745, 1.0]",0,0,0.0,"[0.0, 0.7934506856227626]",0.0,"[0.0, 0.0418270666648922]",0.49857954545454547,0.49886363636363634,0.00028409090909090935,"[0.0, 0.000852272727272728]",0.050000000000000044,0.3409090909090909,0.3409090909090909,0.9431818181818182,0.9431818181818182,0.0,0,0,1.0,1.0,0,True
track1_5ch,acquisitionCampaignGroup,M36_MULTI_VIEW_RULE,SAFE-99,INCONGRUENT_CONTEXT,0.80,88,176,2,2,,0.011363636363636364,0.022727272727272728,0.0,0.5,"[0.09453120573423074, 0.9054687942657693]",1,1,0.5,"[0.09453120573423074, 0.9054687942657693]",0.011363636363636364,"[0.0020087853177044694, 0.061594938922985634]",0.49460227272727264,0.49886363636363634,0.004261363636363636,"[0.0, 0.0125]",0.375,0.3465909090909091,0.3465909090909091,0.9375,0.9318181818181818,-0.011363636363636364,1,0,1.0,0.9943181818181818,0,False
track1_5ch,acquisitionCampaignGroup,M36_MULTI_VIEW_RULE,SAFE-99,INCONGRUENT_CONTEXT,0.85,88,176,2,2,,0.011363636363636364,0.022727272727272728,0.0,0.5,"[0.09453120573423074, 0.9054687942657693]",1,1,0.5,"[0.09453120573423074, 0.9054687942657693]",0.011363636363636364,"[0.0020087853177044694, 0.061594938922985634]",0.49460227272727264,0.49886363636363634,0.004261363636363636,"[0.0, 0.01278409090909091]",0.375,0.3465909090909091,0.3465909090909091,0.9375,0.9318181818181818,-0.011363636363636364,1,0,1.0,0.9943181818181818,0,False
track1_5ch,acquisitionCampaignGroup,M36_MULTI_VIEW_RULE,SAFE-99,INCONGRUENT_CONTEXT,0.90,88,176,2,2,,0.011363636363636364,0.022727272727272728,0.0,0.5,"[0.09453120573423074, 0.9054687942657693]",1,1,0.5,"[0.09453120573423074, 0.9054687942657693]",0.011363636363636364,"[0.0020087853177044694, 0.061594938922985634]",0.49460227272727264,0.49886363636363634,0.004261363636363636,"[0.0, 0.01278409090909091]",0.375,0.3465909090909091,0.3465909090909091,0.9375,0.9318181818181818,-0.011363636363636364,1,0,1.0,0.9943181818181818,0,False
track1_5ch,acquisitionCampaignGroup,M36_MULTI_VIEW_RULE,SAFE-99,INCONGRUENT_CONTEXT,0.95,88,176,2,2,,0.011363636363636364,0.022727272727272728,0.0,0.5,"[0.09453120573423074, 0.9054687942657693]",1,1,0.5,"[0.09453120573423074, 0.9054687942657693]",0.011363636363636364,"[0.0020087853177044694, 0.061594938922985634]",0.49460227272727264,0.49886363636363634,0.004261363636363636,"[0.0, 0.0125]",0.375,0.3465909090909091,0.3465909090909091,0.9375,0.9318181818181818,-0.011363636363636364,1,0,1.0,0.9943181818181818,0,False
track1_5ch,acquisitionCampaignGroup,M36_MULTI_VIEW_RULE,SAFE-99,NEUTRAL_CONTEXT,,88,88,0,0,,0.0,0.0,,,"[null, null]",0,0,,"[null, null]",0.0,"[0.0, 0.0418270666648922]",0.49886363636363634,0.49886363636363634,0.0,"[0.0, 0.0]",,0.3409090909090909,0.3409090909090909,0.9431818181818182,0.9431818181818182,0.0,0,0,1.0,1.0,0,
track1_5ch,acquisitionCampaignGroup,M36_MULTI_VIEW_RULE,SAFE-STRICT,CONGRUENT_CONTEXT,0.45,88,88,5,5,88,0.056818181818181816,0.056818181818181816,1.0,1.0,"[0.5655175352168251, 1.0]",0,0,,"[null, null]",0.0,"[0.0, 0.0418270666648922]",0.4875,0.49886363636363634,0.011363636363636364,"[0.0011363636363636367, 0.0261505681818181]",0.2,0.3522727272727273,0.3522727272727273,0.9431818181818182,0.9431818181818182,0.0,0,0,1.0,1.0,0,
track1_5ch,acquisitionCampaignGroup,M36_MULTI_VIEW_RULE,SAFE-STRICT,CONGRUENT_CONTEXT,0.50,88,88,5,5,88,0.056818181818181816,0.056818181818181816,1.0,1.0,"[0.5655175352168251, 1.0]",0,0,,"[null, null]",0.0,"[0.0, 0.0418270666648922]",0.4875,0.49886363636363634,0.011363636363636364,"[0.0011363636363636367, 0.026704545454545457]",0.2,0.3522727272727273,0.3522727272727273,0.9431818181818182,0.9431818181818182,0.0,0,0,1.0,1.0,0,
track1_5ch,acquisitionCampaignGroup,M36_MULTI_VIEW_RULE,SAFE-STRICT,CONGRUENT_CONTEXT,0.55,88,88,8,8,88,0.09090909090909091,0.09090909090909091,1.0,1.0,"[0.6755924351161198, 1.0]",0,0,,"[null, null]",0.0,"[0.0, 0.0418270666648922]",0.4801136363636363,0.49886363636363634,0.018750000000000003,"[0.00453125, 0.038068181818181814]",0.20625000000000002,0.36363636363636365,0.36363636363636365,0.9431818181818182,0.9431818181818182,0.0,0,0,1.0,1.0,0,
track1_5ch,acquisitionCampaignGroup,M36_MULTI_VIEW_RULE,SAFE-STRICT,CONGRUENT_CONTEXT,0.60,88,88,9,9,88,0.10227272727272728,0.10227272727272728,1.0,1.0,"[0.7008549515804559, 1.0]",0,0,,"[null, null]",0.0,"[0.0, 0.0418270666648922]",0.4795454545454545,0.49886363636363634,0.01931818181818182,"[0.00568181818181818, 0.038068181818181814]",0.1888888888888889,0.375,0.375,0.9431818181818182,0.9431818181818182,0.0,0,0,1.0,1.0,0,
track1_5ch,acquisitionCampaignGroup,M36_MULTI_VIEW_RULE,SAFE-STRICT,CONGRUENT_CONTEXT,0.65,88,88,11,11,88,0.125,0.125,1.0,1.0,"[0.7411670330319684, 1.0]",0,0,,"[null, null]",0.0,"[0.0, 0.0418270666648922]",0.4772727272727272,0.49886363636363634,0.021590909090909095,"[0.007954545454545454, 0.04034090909090909]",0.17272727272727276,0.38636363636363635,0.38636363636363635,0.9431818181818182,0.9431818181818182,0.0,0,0,1.0,1.0,0,
track1_5ch,acquisitionCampaignGroup,M36_MULTI_VIEW_RULE,SAFE-STRICT,CONGRUENT_CONTEXT,0.70,88,88,12,12,88,0.13636363636363635,0.13636363636363635,1.0,1.0,"[0.7575059933447592, 1.0]",0,0,,"[null, null]",0.0,"[0.0, 0.0418270666648922]",0.4767045454545453,0.49886363636363634,0.02215909090909091,"[0.007386363636363635, 0.041477272727272724]",0.1625,0.38636363636363635,0.38636363636363635,0.9431818181818182,0.9431818181818182,0.0,0,0,1.0,1.0,0,
track1_5ch,acquisitionCampaignGroup,M36_MULTI_VIEW_RULE,SAFE-STRICT,CONGRUENT_CONTEXT,0.75,88,88,14,14,88,0.1590909090909091,0.1590909090909091,1.0,1.0,"[0.7846891972623643, 1.0]",0,0,,"[null, null]",0.0,"[0.0, 0.0418270666648922]",0.4738636363636363,0.49886363636363634,0.025,"[0.00965909090909091, 0.04431818181818182]",0.15714285714285717,0.3977272727272727,0.3977272727272727,0.9431818181818182,0.9431818181818182,0.0,0,0,1.0,1.0,0,
track1_5ch,acquisitionCampaignGroup,M36_MULTI_VIEW_RULE,SAFE-STRICT,CONGRUENT_CONTEXT,0.80,88,88,16,16,88,0.18181818181818182,0.18181818181818182,1.0,1.0,"[0.8063923194655637, 1.0]",0,0,,"[null, null]",0.0,"[0.0, 0.0418270666648922]",0.47215909090909086,0.49886363636363634,0.02670454545454545,"[0.01136363636363636, 0.0471590909090909]",0.14687499999999998,0.4090909090909091,0.4090909090909091,0.9431818181818182,0.9431818181818182,0.0,0,0,1.0,1.0,0,
track1_5ch,acquisitionCampaignGroup,M36_MULTI_VIEW_RULE,SAFE-STRICT,CONGRUENT_CONTEXT,0.85,88,88,18,18,88,0.20454545454545456,0.20454545454545456,1.0,1.0,"[0.8241207763533425, 1.0]",0,0,,"[null, null]",0.0,"[0.0, 0.0418270666648922]",0.4693181818181818,0.49886363636363634,0.02954545454545454,"[0.013068181818181817, 0.05056818181818181]",0.14444444444444443,0.4090909090909091,0.4090909090909091,0.9431818181818182,0.9431818181818182,0.0,0,0,1.0,1.0,0,
track1_5ch,acquisitionCampaignGroup,M36_MULTI_VIEW_RULE,SAFE-STRICT,CONGRUENT_CONTEXT,0.90,88,88,20,20,88,0.22727272727272727,0.22727272727272727,1.0,1.0,"[0.8388748419471806, 1.0]",0,0,,"[null, null]",0.0,"[0.0, 0.0418270666648922]",0.46818181818181814,0.49886363636363634,0.030681818181818175,"[0.014772727272727272, 0.04943181818181818]",0.13499999999999995,0.42045454545454547,0.42045454545454547,0.9431818181818182,0.9431818181818182,0.0,0,0,1.0,1.0,0,
track1_5ch,acquisitionCampaignGroup,M36_MULTI_VIEW_RULE,SAFE-STRICT,CONGRUENT_CONTEXT,0.95,88,88,20,20,88,0.22727272727272727,0.22727272727272727,1.0,1.0,"[0.8388748419471806, 1.0]",0,0,,"[null, null]",0.0,"[0.0, 0.0418270666648922]",0.4676136363636363,0.49886363636363634,0.03124999999999999,"[0.01477272727272727, 0.05170454545454546]",0.13749999999999996,0.42045454545454547,0.42045454545454547,0.9431818181818182,0.9431818181818182,0.0,0,0,1.0,1.0,0,
track1_5ch,acquisitionCampaignGroup,M36_MULTI_VIEW_RULE,SAFE-STRICT,INCONGRUENT_CONTEXT,0.45,88,176,0,0,,0.0,0.0,,,"[null, null]",0,0,0.0,"[null, null]",0.0,"[0.0, 0.0418270666648922]",0.49886363636363634,0.49886363636363634,0.0,"[0.0, 0.0]",,0.3409090909090909,0.3409090909090909,0.9431818181818182,0.9431818181818182,0.0,0,0,1.0,1.0,0,False
track1_5ch,acquisitionCampaignGroup,M36_MULTI_VIEW_RULE,SAFE-STRICT,INCONGRUENT_CONTEXT,0.50,88,176,0,0,,0.0,0.0,,,"[null, null]",0,0,0.0,"[null, null]",0.0,"[0.0, 0.0418270666648922]",0.49886363636363634,0.49886363636363634,0.0,"[0.0, 0.0]",,0.3409090909090909,0.3409090909090909,0.9431818181818182,0.9431818181818182,0.0,0,0,1.0,1.0,0,False
track1_5ch,acquisitionCampaignGroup,M36_MULTI_VIEW_RULE,SAFE-STRICT,INCONGRUENT_CONTEXT,0.55,88,176,1,1,,0.005681818181818182,0.011363636363636364,0.0,1.0,"[0.20654931437723745, 1.0]",0,0,0.0,"[0.0, 0.7934506856227626]",0.0,"[0.0, 0.0418270666648922]",0.49857954545454547,0.49886363636363634,0.00028409090909090935,"[0.0, 0.000852272727272728]",0.050000000000000044,0.3409090909090909,0.3409090909090909,0.9431818181818182,0.9431818181818182,0.0,0,0,1.0,1.0,0,True
track1_5ch,acquisitionCampaignGroup,M36_MULTI_VIEW_RULE,SAFE-STRICT,INCONGRUENT_CONTEXT,0.60,88,176,1,1,,0.005681818181818182,0.011363636363636364,0.0,1.0,"[0.20654931437723745, 1.0]",0,0,0.0,"[0.0, 0.7934506856227626]",0.0,"[0.0, 0.0418270666648922]",0.49857954545454547,0.49886363636363634,0.00028409090909090935,"[0.0, 0.000852272727272728]",0.050000000000000044,0.3409090909090909,0.3409090909090909,0.9431818181818182,0.9431818181818182,0.0,0,0,1.0,1.0,0,True
track1_5ch,acquisitionCampaignGroup,M36_MULTI_VIEW_RULE,SAFE-STRICT,INCONGRUENT_CONTEXT,0.65,88,176,1,1,,0.005681818181818182,0.011363636363636364,0.0,1.0,"[0.20654931437723745, 1.0]",0,0,0.0,"[0.0, 0.7934506856227626]",0.0,"[0.0, 0.0418270666648922]",0.49857954545454547,0.49886363636363634,0.00028409090909090935,"[0.0, 0.000852272727272728]",0.050000000000000044,0.3409090909090909,0.3409090909090909,0.9431818181818182,0.9431818181818182,0.0,0,0,1.0,1.0,0,True
track1_5ch,acquisitionCampaignGroup,M36_MULTI_VIEW_RULE,SAFE-STRICT,INCONGRUENT_CONTEXT,0.70,88,176,1,1,,0.005681818181818182,0.011363636363636364,0.0,1.0,"[0.20654931437723745, 1.0]",0,0,0.0,"[0.0, 0.7934506856227626]",0.0,"[0.0, 0.0418270666648922]",0.49857954545454547,0.49886363636363634,0.00028409090909090935,"[0.0, 0.000852272727272728]",0.050000000000000044,0.3409090909090909,0.3409090909090909,0.9431818181818182,0.9431818181818182,0.0,0,0,1.0,1.0,0,True
track1_5ch,acquisitionCampaignGroup,M36_MULTI_VIEW_RULE,SAFE-STRICT,INCONGRUENT_CONTEXT,0.75,88,176,1,1,,0.005681818181818182,0.011363636363636364,0.0,1.0,"[0.20654931437723745, 1.0]",0,0,0.0,"[0.0, 0.7934506856227626]",0.0,"[0.0, 0.0418270666648922]",0.49857954545454547,0.49886363636363634,0.00028409090909090935,"[0.0, 0.000852272727272728]",0.050000000000000044,0.3409090909090909,0.3409090909090909,0.9431818181818182,0.9431818181818182,0.0,0,0,1.0,1.0,0,True
track1_5ch,acquisitionCampaignGroup,M36_MULTI_VIEW_RULE,SAFE-STRICT,INCONGRUENT_CONTEXT,0.80,88,176,2,2,,0.011363636363636364,0.022727272727272728,0.0,0.5,"[0.09453120573423074, 0.9054687942657693]",1,1,0.5,"[0.09453120573423074, 0.9054687942657693]",0.011363636363636364,"[0.0020087853177044694, 0.061594938922985634]",0.49460227272727264,0.49886363636363634,0.004261363636363636,"[0.0, 0.0125]",0.375,0.3465909090909091,0.3465909090909091,0.9375,0.9318181818181818,-0.011363636363636364,1,0,1.0,0.9943181818181818,0,False
track1_5ch,acquisitionCampaignGroup,M36_MULTI_VIEW_RULE,SAFE-STRICT,INCONGRUENT_CONTEXT,0.85,88,176,2,2,,0.011363636363636364,0.022727272727272728,0.0,0.5,"[0.09453120573423074, 0.9054687942657693]",1,1,0.5,"[0.09453120573423074, 0.9054687942657693]",0.011363636363636364,"[0.0020087853177044694, 0.061594938922985634]",0.49460227272727264,0.49886363636363634,0.004261363636363636,"[0.0, 0.0125]",0.375,0.3465909090909091,0.3465909090909091,0.9375,0.9318181818181818,-0.011363636363636364,1,0,1.0,0.9943181818181818,0,False
track1_5ch,acquisitionCampaignGroup,M36_MULTI_VIEW_RULE,SAFE-STRICT,INCONGRUENT_CONTEXT,0.90,88,176,2,2,,0.011363636363636364,0.022727272727272728,0.0,0.5,"[0.09453120573423074, 0.9054687942657693]",1,1,0.5,"[0.09453120573423074, 0.9054687942657693]",0.011363636363636364,"[0.0020087853177044694, 0.061594938922985634]",0.49460227272727264,0.49886363636363634,0.004261363636363636,"[0.0, 0.0125]",0.375,0.3465909090909091,0.3465909090909091,0.9375,0.9318181818181818,-0.011363636363636364,1,0,1.0,0.9943181818181818,0,False
track1_5ch,acquisitionCampaignGroup,M36_MULTI_VIEW_RULE,SAFE-STRICT,INCONGRUENT_CONTEXT,0.95,88,176,2,2,,0.011363636363636364,0.022727272727272728,0.0,0.5,"[0.09453120573423074, 0.9054687942657693]",1,1,0.5,"[0.09453120573423074, 0.9054687942657693]",0.011363636363636364,"[0.0020087853177044694, 0.061594938922985634]",0.49460227272727264,0.49886363636363634,0.004261363636363636,"[0.0, 0.01278409090909091]",0.375,0.3465909090909091,0.3465909090909091,0.9375,0.9318181818181818,-0.011363636363636364,1,0,1.0,0.9943181818181818,0,False
track1_5ch,acquisitionCampaignGroup,M36_MULTI_VIEW_RULE,SAFE-STRICT,NEUTRAL_CONTEXT,,88,88,0,0,,0.0,0.0,,,"[null, null]",0,0,,"[null, null]",0.0,"[0.0, 0.0418270666648922]",0.49886363636363634,0.49886363636363634,0.0,"[0.0, 0.0]",,0.3409090909090909,0.3409090909090909,0.9431818181818182,0.9431818181818182,0.0,0,0,1.0,1.0,0,
track1_5ch,recordingSessionGroup,M35_CONSERVATIVE,FIXED,CONGRUENT_CONTEXT,0.45,88,88,3,3,88,0.03409090909090909,0.03409090909090909,1.0,1.0,"[0.4385029682449546, 1.0]",0,0,,"[null, null]",0.0,"[0.0, 0.0418270666648922]",0.4926136363636363,0.49886363636363634,0.00625,"[0.0, 0.01590909090909091]",0.18333333333333335,0.3409090909090909,0.3409090909090909,0.9431818181818182,0.9431818181818182,0.0,0,0,1.0,1.0,0,
track1_5ch,recordingSessionGroup,M35_CONSERVATIVE,FIXED,CONGRUENT_CONTEXT,0.50,88,88,3,3,88,0.03409090909090909,0.03409090909090909,1.0,1.0,"[0.4385029682449546, 1.0]",0,0,,"[null, null]",0.0,"[0.0, 0.0418270666648922]",0.4926136363636363,0.49886363636363634,0.00625,"[0.0, 0.015340909090909093]",0.18333333333333335,0.3409090909090909,0.3409090909090909,0.9431818181818182,0.9431818181818182,0.0,0,0,1.0,1.0,0,
track1_5ch,recordingSessionGroup,M35_CONSERVATIVE,FIXED,CONGRUENT_CONTEXT,0.55,88,88,4,4,88,0.045454545454545456,0.045454545454545456,1.0,1.0,"[0.5101091635454027, 1.0]",0,0,,"[null, null]",0.0,"[0.0, 0.0418270666648922]",0.49147727272727265,0.49886363636363634,0.007386363636363636,"[0.0005681818181818187, 0.017045454545454544]",0.1625,0.3409090909090909,0.3409090909090909,0.9431818181818182,0.9431818181818182,0.0,0,0,1.0,1.0,0,
track1_5ch,recordingSessionGroup,M35_CONSERVATIVE,FIXED,CONGRUENT_CONTEXT,0.60,88,88,4,4,88,0.045454545454545456,0.045454545454545456,1.0,1.0,"[0.5101091635454027, 1.0]",0,0,,"[null, null]",0.0,"[0.0, 0.0418270666648922]",0.49147727272727265,0.49886363636363634,0.007386363636363636,"[0.0005681818181818187, 0.01647727272727273]",0.1625,0.3409090909090909,0.3409090909090909,0.9431818181818182,0.9431818181818182,0.0,0,0,1.0,1.0,0,
track1_5ch,recordingSessionGroup,M35_CONSERVATIVE,FIXED,CONGRUENT_CONTEXT,0.65,88,88,4,4,88,0.045454545454545456,0.045454545454545456,1.0,1.0,"[0.5101091635454027, 1.0]",0,0,,"[null, null]",0.0,"[0.0, 0.0418270666648922]",0.49147727272727265,0.49886363636363634,0.007386363636363636,"[0.0005681818181818187, 0.01647727272727273]",0.1625,0.3409090909090909,0.3409090909090909,0.9431818181818182,0.9431818181818182,0.0,0,0,1.0,1.0,0,
track1_5ch,recordingSessionGroup,M35_CONSERVATIVE,FIXED,CONGRUENT_CONTEXT,0.70,88,88,5,5,88,0.056818181818181816,0.056818181818181816,1.0,1.0,"[0.5655175352168251, 1.0]",0,0,,"[null, null]",0.0,"[0.0, 0.0418270666648922]",0.49090909090909085,0.49886363636363634,0.007954545454545455,"[0.0011363636363636374, 0.017045454545454544]",0.14,0.3409090909090909,0.3409090909090909,0.9431818181818182,0.9431818181818182,0.0,0,0,1.0,1.0,0,
track1_5ch,recordingSessionGroup,M35_CONSERVATIVE,FIXED,CONGRUENT_CONTEXT,0.75,88,88,5,5,88,0.056818181818181816,0.056818181818181816,1.0,1.0,"[0.5655175352168251, 1.0]",0,0,,"[null, null]",0.0,"[0.0, 0.0418270666648922]",0.49090909090909085,0.49886363636363634,0.007954545454545455,"[0.0011363636363636374, 0.017045454545454544]",0.14,0.3409090909090909,0.3409090909090909,0.9431818181818182,0.9431818181818182,0.0,0,0,1.0,1.0,0,
track1_5ch,recordingSessionGroup,M35_CONSERVATIVE,FIXED,CONGRUENT_CONTEXT,0.80,88,88,5,5,88,0.056818181818181816,0.056818181818181816,1.0,1.0,"[0.5655175352168251, 1.0]",0,0,,"[null, null]",0.0,"[0.0, 0.0418270666648922]",0.49034090909090905,0.49886363636363634,0.008522727272727274,"[0.001136363636363636, 0.01931818181818182]",0.15000000000000002,0.3409090909090909,0.3409090909090909,0.9431818181818182,0.9431818181818182,0.0,0,0,1.0,1.0,0,
track1_5ch,recordingSessionGroup,M35_CONSERVATIVE,FIXED,CONGRUENT_CONTEXT,0.85,88,88,5,5,88,0.056818181818181816,0.056818181818181816,1.0,1.0,"[0.5655175352168251, 1.0]",0,0,,"[null, null]",0.0,"[0.0, 0.0418270666648922]",0.49034090909090905,0.49886363636363634,0.008522727272727274,"[0.001136363636363636, 0.018750000000000003]",0.15000000000000002,0.3409090909090909,0.3409090909090909,0.9431818181818182,0.9431818181818182,0.0,0,0,1.0,1.0,0,
track1_5ch,recordingSessionGroup,M35_CONSERVATIVE,FIXED,CONGRUENT_CONTEXT,0.90,88,88,5,5,88,0.056818181818181816,0.056818181818181816,1.0,1.0,"[0.5655175352168251, 1.0]",0,0,,"[null, null]",0.0,"[0.0, 0.0418270666648922]",0.49034090909090905,0.49886363636363634,0.008522727272727274,"[0.001136363636363636, 0.018750000000000003]",0.15000000000000002,0.3409090909090909,0.3409090909090909,0.9431818181818182,0.9431818181818182,0.0,0,0,1.0,1.0,0,
track1_5ch,recordingSessionGroup,M35_CONSERVATIVE,FIXED,CONGRUENT_CONTEXT,0.95,88,88,5,5,88,0.056818181818181816,0.056818181818181816,1.0,1.0,"[0.5655175352168251, 1.0]",0,0,,"[null, null]",0.0,"[0.0, 0.0418270666648922]",0.49034090909090905,0.49886363636363634,0.008522727272727274,"[0.001136363636363636, 0.019318181818181818]",0.15000000000000002,0.3409090909090909,0.3409090909090909,0.9431818181818182,0.9431818181818182,0.0,0,0,1.0,1.0,0,
track1_5ch,recordingSessionGroup,M35_CONSERVATIVE,FIXED,INCONGRUENT_CONTEXT,0.45,88,176,0,0,,0.0,0.0,,,"[null, null]",0,0,0.0,"[null, null]",0.0,"[0.0, 0.0418270666648922]",0.49886363636363634,0.49886363636363634,0.0,"[0.0, 0.0]",,0.3409090909090909,0.3409090909090909,0.9431818181818182,0.9431818181818182,0.0,0,0,1.0,1.0,0,
track1_5ch,recordingSessionGroup,M35_CONSERVATIVE,FIXED,INCONGRUENT_CONTEXT,0.50,88,176,0,0,,0.0,0.0,,,"[null, null]",0,0,0.0,"[null, null]",0.0,"[0.0, 0.0418270666648922]",0.49886363636363634,0.49886363636363634,0.0,"[0.0, 0.0]",,0.3409090909090909,0.3409090909090909,0.9431818181818182,0.9431818181818182,0.0,0,0,1.0,1.0,0,
track1_5ch,recordingSessionGroup,M35_CONSERVATIVE,FIXED,INCONGRUENT_CONTEXT,0.55,88,176,0,0,,0.0,0.0,,,"[null, null]",0,0,0.0,"[null, null]",0.0,"[0.0, 0.0418270666648922]",0.49886363636363634,0.49886363636363634,0.0,"[0.0, 0.0]",,0.3409090909090909,0.3409090909090909,0.9431818181818182,0.9431818181818182,0.0,0,0,1.0,1.0,0,
track1_5ch,recordingSessionGroup,M35_CONSERVATIVE,FIXED,INCONGRUENT_CONTEXT,0.60,88,176,0,0,,0.0,0.0,,,"[null, null]",0,0,0.0,"[null, null]",0.0,"[0.0, 0.0418270666648922]",0.49886363636363634,0.49886363636363634,0.0,"[0.0, 0.0]",,0.3409090909090909,0.3409090909090909,0.9431818181818182,0.9431818181818182,0.0,0,0,1.0,1.0,0,
track1_5ch,recordingSessionGroup,M35_CONSERVATIVE,FIXED,INCONGRUENT_CONTEXT,0.65,88,176,0,0,,0.0,0.0,,,"[null, null]",0,0,0.0,"[null, null]",0.0,"[0.0, 0.0418270666648922]",0.49886363636363634,0.49886363636363634,0.0,"[0.0, 0.0]",,0.3409090909090909,0.3409090909090909,0.9431818181818182,0.9431818181818182,0.0,0,0,1.0,1.0,0,
track1_5ch,recordingSessionGroup,M35_CONSERVATIVE,FIXED,INCONGRUENT_CONTEXT,0.70,88,176,0,0,,0.0,0.0,,,"[null, null]",0,0,0.0,"[null, null]",0.0,"[0.0, 0.0418270666648922]",0.49886363636363634,0.49886363636363634,0.0,"[0.0, 0.0]",,0.3409090909090909,0.3409090909090909,0.9431818181818182,0.9431818181818182,0.0,0,0,1.0,1.0,0,
track1_5ch,recordingSessionGroup,M35_CONSERVATIVE,FIXED,INCONGRUENT_CONTEXT,0.75,88,176,0,0,,0.0,0.0,,,"[null, null]",0,0,0.0,"[null, null]",0.0,"[0.0, 0.0418270666648922]",0.49886363636363634,0.49886363636363634,0.0,"[0.0, 0.0]",,0.3409090909090909,0.3409090909090909,0.9431818181818182,0.9431818181818182,0.0,0,0,1.0,1.0,0,
track1_5ch,recordingSessionGroup,M35_CONSERVATIVE,FIXED,INCONGRUENT_CONTEXT,0.80,88,176,0,0,,0.0,0.0,,,"[null, null]",0,0,0.0,"[null, null]",0.0,"[0.0, 0.0418270666648922]",0.49886363636363634,0.49886363636363634,0.0,"[0.0, 0.0]",,0.3409090909090909,0.3409090909090909,0.9431818181818182,0.9431818181818182,0.0,0,0,1.0,1.0,0,
track1_5ch,recordingSessionGroup,M35_CONSERVATIVE,FIXED,INCONGRUENT_CONTEXT,0.85,88,176,0,0,,0.0,0.0,,,"[null, null]",0,0,0.0,"[null, null]",0.0,"[0.0, 0.0418270666648922]",0.49886363636363634,0.49886363636363634,0.0,"[0.0, 0.0]",,0.3409090909090909,0.3409090909090909,0.9431818181818182,0.9431818181818182,0.0,0,0,1.0,1.0,0,
track1_5ch,recordingSessionGroup,M35_CONSERVATIVE,FIXED,INCONGRUENT_CONTEXT,0.90,88,176,0,0,,0.0,0.0,,,"[null, null]",0,0,0.0,"[null, null]",0.0,"[0.0, 0.0418270666648922]",0.49886363636363634,0.49886363636363634,0.0,"[0.0, 0.0]",,0.3409090909090909,0.3409090909090909,0.9431818181818182,0.9431818181818182,0.0,0,0,1.0,1.0,0,
track1_5ch,recordingSessionGroup,M35_CONSERVATIVE,FIXED,INCONGRUENT_CONTEXT,0.95,88,176,0,0,,0.0,0.0,,,"[null, null]",0,0,0.0,"[null, null]",0.0,"[0.0, 0.0418270666648922]",0.49886363636363634,0.49886363636363634,0.0,"[0.0, 0.0]",,0.3409090909090909,0.3409090909090909,0.9431818181818182,0.9431818181818182,0.0,0,0,1.0,1.0,0,
track1_5ch,recordingSessionGroup,M35_CONSERVATIVE,FIXED,NEUTRAL_CONTEXT,,88,88,0,0,,0.0,0.0,,,"[null, null]",0,0,,"[null, null]",0.0,"[0.0, 0.0418270666648922]",0.49886363636363634,0.49886363636363634,0.0,"[0.0, 0.0]",,0.3409090909090909,0.3409090909090909,0.9431818181818182,0.9431818181818182,0.0,0,0,1.0,1.0,0,
track1_5ch,recordingSessionGroup,M36_LOGISTIC_SAFE_GATE,SAFE-95,CONGRUENT_CONTEXT,0.45,88,88,4,4,88,0.045454545454545456,0.045454545454545456,1.0,1.0,"[0.5101091635454027, 1.0]",0,0,,"[null, null]",0.0,"[0.0, 0.0418270666648922]",0.49147727272727265,0.49886363636363634,0.007386363636363638,"[0.0005681818181818187, 0.015909090909090914]",0.16250000000000003,0.3409090909090909,0.3409090909090909,0.9431818181818182,0.9431818181818182,0.0,0,0,1.0,1.0,0,
track1_5ch,recordingSessionGroup,M36_LOGISTIC_SAFE_GATE,SAFE-95,CONGRUENT_CONTEXT,0.50,88,88,4,4,88,0.045454545454545456,0.045454545454545456,1.0,1.0,"[0.5101091635454027, 1.0]",0,0,,"[null, null]",0.0,"[0.0, 0.0418270666648922]",0.49147727272727265,0.49886363636363634,0.007386363636363638,"[0.0005681818181818187, 0.01592329545454538]",0.16250000000000003,0.3409090909090909,0.3409090909090909,0.9431818181818182,0.9431818181818182,0.0,0,0,1.0,1.0,0,
track1_5ch,recordingSessionGroup,M36_LOGISTIC_SAFE_GATE,SAFE-95,CONGRUENT_CONTEXT,0.55,88,88,4,4,88,0.045454545454545456,0.045454545454545456,1.0,1.0,"[0.5101091635454027, 1.0]",0,0,,"[null, null]",0.0,"[0.0, 0.0418270666648922]",0.49147727272727265,0.49886363636363634,0.007386363636363638,"[0.0005681818181818187, 0.01590909090909091]",0.16250000000000003,0.3409090909090909,0.3409090909090909,0.9431818181818182,0.9431818181818182,0.0,0,0,1.0,1.0,0,
track1_5ch,recordingSessionGroup,M36_LOGISTIC_SAFE_GATE,SAFE-95,CONGRUENT_CONTEXT,0.60,88,88,4,4,88,0.045454545454545456,0.045454545454545456,1.0,1.0,"[0.5101091635454027, 1.0]",0,0,,"[null, null]",0.0,"[0.0, 0.0418270666648922]",0.49147727272727265,0.49886363636363634,0.007386363636363638,"[0.0005681818181818187, 0.015909090909090914]",0.16250000000000003,0.3409090909090909,0.3409090909090909,0.9431818181818182,0.9431818181818182,0.0,0,0,1.0,1.0,0,
track1_5ch,recordingSessionGroup,M36_LOGISTIC_SAFE_GATE,SAFE-95,CONGRUENT_CONTEXT,0.65,88,88,4,4,88,0.045454545454545456,0.045454545454545456,1.0,1.0,"[0.5101091635454027, 1.0]",0,0,,"[null, null]",0.0,"[0.0, 0.0418270666648922]",0.49147727272727265,0.49886363636363634,0.007386363636363638,"[0.0005681818181818187, 0.015909090909090914]",0.16250000000000003,0.3409090909090909,0.3409090909090909,0.9431818181818182,0.9431818181818182,0.0,0,0,1.0,1.0,0,
track1_5ch,recordingSessionGroup,M36_LOGISTIC_SAFE_GATE,SAFE-95,CONGRUENT_CONTEXT,0.70,88,88,4,4,88,0.045454545454545456,0.045454545454545456,1.0,1.0,"[0.5101091635454027, 1.0]",0,0,,"[null, null]",0.0,"[0.0, 0.0418270666648922]",0.49147727272727265,0.49886363636363634,0.007386363636363638,"[0.0005681818181818187, 0.015909090909090914]",0.16250000000000003,0.3409090909090909,0.3409090909090909,0.9431818181818182,0.9431818181818182,0.0,0,0,1.0,1.0,0,
track1_5ch,recordingSessionGroup,M36_LOGISTIC_SAFE_GATE,SAFE-95,CONGRUENT_CONTEXT,0.75,88,88,4,4,88,0.045454545454545456,0.045454545454545456,1.0,1.0,"[0.5101091635454027, 1.0]",0,0,,"[null, null]",0.0,"[0.0, 0.0418270666648922]",0.49147727272727265,0.49886363636363634,0.007386363636363638,"[0.0005681818181818187, 0.015909090909090907]",0.16250000000000003,0.3409090909090909,0.3409090909090909,0.9431818181818182,0.9431818181818182,0.0,0,0,1.0,1.0,0,
track1_5ch,recordingSessionGroup,M36_LOGISTIC_SAFE_GATE,SAFE-95,CONGRUENT_CONTEXT,0.80,88,88,4,4,88,0.045454545454545456,0.045454545454545456,1.0,1.0,"[0.5101091635454027, 1.0]",0,0,,"[null, null]",0.0,"[0.0, 0.0418270666648922]",0.49147727272727265,0.49886363636363634,0.007386363636363638,"[0.0005681818181818187, 0.015909090909090914]",0.16250000000000003,0.3409090909090909,0.3409090909090909,0.9431818181818182,0.9431818181818182,0.0,0,0,1.0,1.0,0,
track1_5ch,recordingSessionGroup,M36_LOGISTIC_SAFE_GATE,SAFE-95,CONGRUENT_CONTEXT,0.85,88,88,4,4,88,0.045454545454545456,0.045454545454545456,1.0,1.0,"[0.5101091635454027, 1.0]",0,0,,"[null, null]",0.0,"[0.0, 0.0418270666648922]",0.49147727272727265,0.49886363636363634,0.007386363636363638,"[0.0005681818181818187, 0.015909090909090907]",0.16250000000000003,0.3409090909090909,0.3409090909090909,0.9431818181818182,0.9431818181818182,0.0,0,0,1.0,1.0,0,
track1_5ch,recordingSessionGroup,M36_LOGISTIC_SAFE_GATE,SAFE-95,CONGRUENT_CONTEXT,0.90,88,88,4,4,88,0.045454545454545456,0.045454545454545456,1.0,1.0,"[0.5101091635454027, 1.0]",0,0,,"[null, null]",0.0,"[0.0, 0.0418270666648922]",0.49147727272727265,0.49886363636363634,0.007386363636363638,"[0.0005681818181818187, 0.01592329545454538]",0.16250000000000003,0.3409090909090909,0.3409090909090909,0.9431818181818182,0.9431818181818182,0.0,0,0,1.0,1.0,0,
track1_5ch,recordingSessionGroup,M36_LOGISTIC_SAFE_GATE,SAFE-95,CONGRUENT_CONTEXT,0.95,88,88,4,4,88,0.045454545454545456,0.045454545454545456,1.0,1.0,"[0.5101091635454027, 1.0]",0,0,,"[null, null]",0.0,"[0.0, 0.0418270666648922]",0.49147727272727265,0.49886363636363634,0.007386363636363638,"[0.0005681818181818187, 0.01647727272727273]",0.16250000000000003,0.3409090909090909,0.3409090909090909,0.9431818181818182,0.9431818181818182,0.0,0,0,1.0,1.0,0,
track1_5ch,recordingSessionGroup,M36_LOGISTIC_SAFE_GATE,SAFE-95,INCONGRUENT_CONTEXT,0.45,88,176,0,0,,0.0,0.0,,,"[null, null]",0,0,0.0,"[null, null]",0.0,"[0.0, 0.0418270666648922]",0.49886363636363634,0.49886363636363634,0.0,"[0.0, 0.0]",,0.3409090909090909,0.3409090909090909,0.9431818181818182,0.9431818181818182,0.0,0,0,1.0,1.0,0,False
track1_5ch,recordingSessionGroup,M36_LOGISTIC_SAFE_GATE,SAFE-95,INCONGRUENT_CONTEXT,0.50,88,176,0,0,,0.0,0.0,,,"[null, null]",0,0,0.0,"[null, null]",0.0,"[0.0, 0.0418270666648922]",0.49886363636363634,0.49886363636363634,0.0,"[0.0, 0.0]",,0.3409090909090909,0.3409090909090909,0.9431818181818182,0.9431818181818182,0.0,0,0,1.0,1.0,0,False
track1_5ch,recordingSessionGroup,M36_LOGISTIC_SAFE_GATE,SAFE-95,INCONGRUENT_CONTEXT,0.55,88,176,0,0,,0.0,0.0,,,"[null, null]",0,0,0.0,"[null, null]",0.0,"[0.0, 0.0418270666648922]",0.49886363636363634,0.49886363636363634,0.0,"[0.0, 0.0]",,0.3409090909090909,0.3409090909090909,0.9431818181818182,0.9431818181818182,0.0,0,0,1.0,1.0,0,False
track1_5ch,recordingSessionGroup,M36_LOGISTIC_SAFE_GATE,SAFE-95,INCONGRUENT_CONTEXT,0.60,88,176,0,0,,0.0,0.0,,,"[null, null]",0,0,0.0,"[null, null]",0.0,"[0.0, 0.0418270666648922]",0.49886363636363634,0.49886363636363634,0.0,"[0.0, 0.0]",,0.3409090909090909,0.3409090909090909,0.9431818181818182,0.9431818181818182,0.0,0,0,1.0,1.0,0,False
track1_5ch,recordingSessionGroup,M36_LOGISTIC_SAFE_GATE,SAFE-95,INCONGRUENT_CONTEXT,0.65,88,176,0,0,,0.0,0.0,,,"[null, null]",0,0,0.0,"[null, null]",0.0,"[0.0, 0.0418270666648922]",0.49886363636363634,0.49886363636363634,0.0,"[0.0, 0.0]",,0.3409090909090909,0.3409090909090909,0.9431818181818182,0.9431818181818182,0.0,0,0,1.0,1.0,0,False
track1_5ch,recordingSessionGroup,M36_LOGISTIC_SAFE_GATE,SAFE-95,INCONGRUENT_CONTEXT,0.70,88,176,0,0,,0.0,0.0,,,"[null, null]",0,0,0.0,"[null, null]",0.0,"[0.0, 0.0418270666648922]",0.49886363636363634,0.49886363636363634,0.0,"[0.0, 0.0]",,0.3409090909090909,0.3409090909090909,0.9431818181818182,0.9431818181818182,0.0,0,0,1.0,1.0,0,False
track1_5ch,recordingSessionGroup,M36_LOGISTIC_SAFE_GATE,SAFE-95,INCONGRUENT_CONTEXT,0.75,88,176,0,0,,0.0,0.0,,,"[null, null]",0,0,0.0,"[null, null]",0.0,"[0.0, 0.0418270666648922]",0.49886363636363634,0.49886363636363634,0.0,"[0.0, 0.0]",,0.3409090909090909,0.3409090909090909,0.9431818181818182,0.9431818181818182,0.0,0,0,1.0,1.0,0,False
track1_5ch,recordingSessionGroup,M36_LOGISTIC_SAFE_GATE,SAFE-95,INCONGRUENT_CONTEXT,0.80,88,176,0,0,,0.0,0.0,,,"[null, null]",0,0,0.0,"[null, null]",0.0,"[0.0, 0.0418270666648922]",0.49886363636363634,0.49886363636363634,0.0,"[0.0, 0.0]",,0.3409090909090909,0.3409090909090909,0.9431818181818182,0.9431818181818182,0.0,0,0,1.0,1.0,0,False
track1_5ch,recordingSessionGroup,M36_LOGISTIC_SAFE_GATE,SAFE-95,INCONGRUENT_CONTEXT,0.85,88,176,0,0,,0.0,0.0,,,"[null, null]",0,0,0.0,"[null, null]",0.0,"[0.0, 0.0418270666648922]",0.49886363636363634,0.49886363636363634,0.0,"[0.0, 0.0]",,0.3409090909090909,0.3409090909090909,0.9431818181818182,0.9431818181818182,0.0,0,0,1.0,1.0,0,False
track1_5ch,recordingSessionGroup,M36_LOGISTIC_SAFE_GATE,SAFE-95,INCONGRUENT_CONTEXT,0.90,88,176,0,0,,0.0,0.0,,,"[null, null]",0,0,0.0,"[null, null]",0.0,"[0.0, 0.0418270666648922]",0.49886363636363634,0.49886363636363634,0.0,"[0.0, 0.0]",,0.3409090909090909,0.3409090909090909,0.9431818181818182,0.9431818181818182,0.0,0,0,1.0,1.0,0,False
track1_5ch,recordingSessionGroup,M36_LOGISTIC_SAFE_GATE,SAFE-95,INCONGRUENT_CONTEXT,0.95,88,176,0,0,,0.0,0.0,,,"[null, null]",0,0,0.0,"[null, null]",0.0,"[0.0, 0.0418270666648922]",0.49886363636363634,0.49886363636363634,0.0,"[0.0, 0.0]",,0.3409090909090909,0.3409090909090909,0.9431818181818182,0.9431818181818182,0.0,0,0,1.0,1.0,0,False
track1_5ch,recordingSessionGroup,M36_LOGISTIC_SAFE_GATE,SAFE-95,NEUTRAL_CONTEXT,,88,88,0,0,,0.0,0.0,,,"[null, null]",0,0,,"[null, null]",0.0,"[0.0, 0.0418270666648922]",0.49886363636363634,0.49886363636363634,0.0,"[0.0, 0.0]",,0.3409090909090909,0.3409090909090909,0.9431818181818182,0.9431818181818182,0.0,0,0,1.0,1.0,0,
track1_5ch,recordingSessionGroup,M36_LOGISTIC_SAFE_GATE,SAFE-99,CONGRUENT_CONTEXT,0.45,88,88,4,4,88,0.045454545454545456,0.045454545454545456,1.0,1.0,"[0.5101091635454027, 1.0]",0,0,,"[null, null]",0.0,"[0.0, 0.0418270666648922]",0.49147727272727265,0.49886363636363634,0.007386363636363638,"[0.0005681818181818187, 0.015909090909090914]",0.16250000000000003,0.3409090909090909,0.3409090909090909,0.9431818181818182,0.9431818181818182,0.0,0,0,1.0,1.0,0,
track1_5ch,recordingSessionGroup,M36_LOGISTIC_SAFE_GATE,SAFE-99,CONGRUENT_CONTEXT,0.50,88,88,4,4,88,0.045454545454545456,0.045454545454545456,1.0,1.0,"[0.5101091635454027, 1.0]",0,0,,"[null, null]",0.0,"[0.0, 0.0418270666648922]",0.49147727272727265,0.49886363636363634,0.007386363636363638,"[0.0005681818181818187, 0.015909090909090914]",0.16250000000000003,0.3409090909090909,0.3409090909090909,0.9431818181818182,0.9431818181818182,0.0,0,0,1.0,1.0,0,
track1_5ch,recordingSessionGroup,M36_LOGISTIC_SAFE_GATE,SAFE-99,CONGRUENT_CONTEXT,0.55,88,88,4,4,88,0.045454545454545456,0.045454545454545456,1.0,1.0,"[0.5101091635454027, 1.0]",0,0,,"[null, null]",0.0,"[0.0, 0.0418270666648922]",0.49147727272727265,0.49886363636363634,0.007386363636363638,"[0.0005681818181818187, 0.015909090909090914]",0.16250000000000003,0.3409090909090909,0.3409090909090909,0.9431818181818182,0.9431818181818182,0.0,0,0,1.0,1.0,0,
track1_5ch,recordingSessionGroup,M36_LOGISTIC_SAFE_GATE,SAFE-99,CONGRUENT_CONTEXT,0.60,88,88,4,4,88,0.045454545454545456,0.045454545454545456,1.0,1.0,"[0.5101091635454027, 1.0]",0,0,,"[null, null]",0.0,"[0.0, 0.0418270666648922]",0.49147727272727265,0.49886363636363634,0.007386363636363638,"[0.0005681818181818187, 0.01647727272727273]",0.16250000000000003,0.3409090909090909,0.3409090909090909,0.9431818181818182,0.9431818181818182,0.0,0,0,1.0,1.0,0,
track1_5ch,recordingSessionGroup,M36_LOGISTIC_SAFE_GATE,SAFE-99,CONGRUENT_CONTEXT,0.65,88,88,4,4,88,0.045454545454545456,0.045454545454545456,1.0,1.0,"[0.5101091635454027, 1.0]",0,0,,"[null, null]",0.0,"[0.0, 0.0418270666648922]",0.49147727272727265,0.49886363636363634,0.007386363636363638,"[0.0005681818181818187, 0.015909090909090914]",0.16250000000000003,0.3409090909090909,0.3409090909090909,0.9431818181818182,0.9431818181818182,0.0,0,0,1.0,1.0,0,
track1_5ch,recordingSessionGroup,M36_LOGISTIC_SAFE_GATE,SAFE-99,CONGRUENT_CONTEXT,0.70,88,88,4,4,88,0.045454545454545456,0.045454545454545456,1.0,1.0,"[0.5101091635454027, 1.0]",0,0,,"[null, null]",0.0,"[0.0, 0.0418270666648922]",0.49147727272727265,0.49886363636363634,0.007386363636363638,"[0.0005681818181818187, 0.015909090909090914]",0.16250000000000003,0.3409090909090909,0.3409090909090909,0.9431818181818182,0.9431818181818182,0.0,0,0,1.0,1.0,0,
track1_5ch,recordingSessionGroup,M36_LOGISTIC_SAFE_GATE,SAFE-99,CONGRUENT_CONTEXT,0.75,88,88,4,4,88,0.045454545454545456,0.045454545454545456,1.0,1.0,"[0.5101091635454027, 1.0]",0,0,,"[null, null]",0.0,"[0.0, 0.0418270666648922]",0.49147727272727265,0.49886363636363634,0.007386363636363638,"[0.0005681818181818187, 0.015909090909090914]",0.16250000000000003,0.3409090909090909,0.3409090909090909,0.9431818181818182,0.9431818181818182,0.0,0,0,1.0,1.0,0,
track1_5ch,recordingSessionGroup,M36_LOGISTIC_SAFE_GATE,SAFE-99,CONGRUENT_CONTEXT,0.80,88,88,4,4,88,0.045454545454545456,0.045454545454545456,1.0,1.0,"[0.5101091635454027, 1.0]",0,0,,"[null, null]",0.0,"[0.0, 0.0418270666648922]",0.49147727272727265,0.49886363636363634,0.007386363636363638,"[0.0005681818181818187, 0.01590909090909091]",0.16250000000000003,0.3409090909090909,0.3409090909090909,0.9431818181818182,0.9431818181818182,0.0,0,0,1.0,1.0,0,
track1_5ch,recordingSessionGroup,M36_LOGISTIC_SAFE_GATE,SAFE-99,CONGRUENT_CONTEXT,0.85,88,88,4,4,88,0.045454545454545456,0.045454545454545456,1.0,1.0,"[0.5101091635454027, 1.0]",0,0,,"[null, null]",0.0,"[0.0, 0.0418270666648922]",0.49147727272727265,0.49886363636363634,0.007386363636363638,"[0.0005681818181818187, 0.01647727272727273]",0.16250000000000003,0.3409090909090909,0.3409090909090909,0.9431818181818182,0.9431818181818182,0.0,0,0,1.0,1.0,0,
track1_5ch,recordingSessionGroup,M36_LOGISTIC_SAFE_GATE,SAFE-99,CONGRUENT_CONTEXT,0.90,88,88,4,4,88,0.045454545454545456,0.045454545454545456,1.0,1.0,"[0.5101091635454027, 1.0]",0,0,,"[null, null]",0.0,"[0.0, 0.0418270666648922]",0.49147727272727265,0.49886363636363634,0.007386363636363638,"[0.0005681818181818187, 0.01590909090909091]",0.16250000000000003,0.3409090909090909,0.3409090909090909,0.9431818181818182,0.9431818181818182,0.0,0,0,1.0,1.0,0,
track1_5ch,recordingSessionGroup,M36_LOGISTIC_SAFE_GATE,SAFE-99,CONGRUENT_CONTEXT,0.95,88,88,4,4,88,0.045454545454545456,0.045454545454545456,1.0,1.0,"[0.5101091635454027, 1.0]",0,0,,"[null, null]",0.0,"[0.0, 0.0418270666648922]",0.49147727272727265,0.49886363636363634,0.007386363636363638,"[0.0005681818181818187, 0.01590909090909091]",0.16250000000000003,0.3409090909090909,0.3409090909090909,0.9431818181818182,0.9431818181818182,0.0,0,0,1.0,1.0,0,
track1_5ch,recordingSessionGroup,M36_LOGISTIC_SAFE_GATE,SAFE-99,INCONGRUENT_CONTEXT,0.45,88,176,0,0,,0.0,0.0,,,"[null, null]",0,0,0.0,"[null, null]",0.0,"[0.0, 0.0418270666648922]",0.49886363636363634,0.49886363636363634,0.0,"[0.0, 0.0]",,0.3409090909090909,0.3409090909090909,0.9431818181818182,0.9431818181818182,0.0,0,0,1.0,1.0,0,False
track1_5ch,recordingSessionGroup,M36_LOGISTIC_SAFE_GATE,SAFE-99,INCONGRUENT_CONTEXT,0.50,88,176,0,0,,0.0,0.0,,,"[null, null]",0,0,0.0,"[null, null]",0.0,"[0.0, 0.0418270666648922]",0.49886363636363634,0.49886363636363634,0.0,"[0.0, 0.0]",,0.3409090909090909,0.3409090909090909,0.9431818181818182,0.9431818181818182,0.0,0,0,1.0,1.0,0,False
track1_5ch,recordingSessionGroup,M36_LOGISTIC_SAFE_GATE,SAFE-99,INCONGRUENT_CONTEXT,0.55,88,176,0,0,,0.0,0.0,,,"[null, null]",0,0,0.0,"[null, null]",0.0,"[0.0, 0.0418270666648922]",0.49886363636363634,0.49886363636363634,0.0,"[0.0, 0.0]",,0.3409090909090909,0.3409090909090909,0.9431818181818182,0.9431818181818182,0.0,0,0,1.0,1.0,0,False
track1_5ch,recordingSessionGroup,M36_LOGISTIC_SAFE_GATE,SAFE-99,INCONGRUENT_CONTEXT,0.60,88,176,0,0,,0.0,0.0,,,"[null, null]",0,0,0.0,"[null, null]",0.0,"[0.0, 0.0418270666648922]",0.49886363636363634,0.49886363636363634,0.0,"[0.0, 0.0]",,0.3409090909090909,0.3409090909090909,0.9431818181818182,0.9431818181818182,0.0,0,0,1.0,1.0,0,False
track1_5ch,recordingSessionGroup,M36_LOGISTIC_SAFE_GATE,SAFE-99,INCONGRUENT_CONTEXT,0.65,88,176,0,0,,0.0,0.0,,,"[null, null]",0,0,0.0,"[null, null]",0.0,"[0.0, 0.0418270666648922]",0.49886363636363634,0.49886363636363634,0.0,"[0.0, 0.0]",,0.3409090909090909,0.3409090909090909,0.9431818181818182,0.9431818181818182,0.0,0,0,1.0,1.0,0,False
track1_5ch,recordingSessionGroup,M36_LOGISTIC_SAFE_GATE,SAFE-99,INCONGRUENT_CONTEXT,0.70,88,176,0,0,,0.0,0.0,,,"[null, null]",0,0,0.0,"[null, null]",0.0,"[0.0, 0.0418270666648922]",0.49886363636363634,0.49886363636363634,0.0,"[0.0, 0.0]",,0.3409090909090909,0.3409090909090909,0.9431818181818182,0.9431818181818182,0.0,0,0,1.0,1.0,0,False
track1_5ch,recordingSessionGroup,M36_LOGISTIC_SAFE_GATE,SAFE-99,INCONGRUENT_CONTEXT,0.75,88,176,0,0,,0.0,0.0,,,"[null, null]",0,0,0.0,"[null, null]",0.0,"[0.0, 0.0418270666648922]",0.49886363636363634,0.49886363636363634,0.0,"[0.0, 0.0]",,0.3409090909090909,0.3409090909090909,0.9431818181818182,0.9431818181818182,0.0,0,0,1.0,1.0,0,False
track1_5ch,recordingSessionGroup,M36_LOGISTIC_SAFE_GATE,SAFE-99,INCONGRUENT_CONTEXT,0.80,88,176,0,0,,0.0,0.0,,,"[null, null]",0,0,0.0,"[null, null]",0.0,"[0.0, 0.0418270666648922]",0.49886363636363634,0.49886363636363634,0.0,"[0.0, 0.0]",,0.3409090909090909,0.3409090909090909,0.9431818181818182,0.9431818181818182,0.0,0,0,1.0,1.0,0,False
track1_5ch,recordingSessionGroup,M36_LOGISTIC_SAFE_GATE,SAFE-99,INCONGRUENT_CONTEXT,0.85,88,176,0,0,,0.0,0.0,,,"[null, null]",0,0,0.0,"[null, null]",0.0,"[0.0, 0.0418270666648922]",0.49886363636363634,0.49886363636363634,0.0,"[0.0, 0.0]",,0.3409090909090909,0.3409090909090909,0.9431818181818182,0.9431818181818182,0.0,0,0,1.0,1.0,0,False
track1_5ch,recordingSessionGroup,M36_LOGISTIC_SAFE_GATE,SAFE-99,INCONGRUENT_CONTEXT,0.90,88,176,0,0,,0.0,0.0,,,"[null, null]",0,0,0.0,"[null, null]",0.0,"[0.0, 0.0418270666648922]",0.49886363636363634,0.49886363636363634,0.0,"[0.0, 0.0]",,0.3409090909090909,0.3409090909090909,0.9431818181818182,0.9431818181818182,0.0,0,0,1.0,1.0,0,False
track1_5ch,recordingSessionGroup,M36_LOGISTIC_SAFE_GATE,SAFE-99,INCONGRUENT_CONTEXT,0.95,88,176,0,0,,0.0,0.0,,,"[null, null]",0,0,0.0,"[null, null]",0.0,"[0.0, 0.0418270666648922]",0.49886363636363634,0.49886363636363634,0.0,"[0.0, 0.0]",,0.3409090909090909,0.3409090909090909,0.9431818181818182,0.9431818181818182,0.0,0,0,1.0,1.0,0,False
track1_5ch,recordingSessionGroup,M36_LOGISTIC_SAFE_GATE,SAFE-99,NEUTRAL_CONTEXT,,88,88,0,0,,0.0,0.0,,,"[null, null]",0,0,,"[null, null]",0.0,"[0.0, 0.0418270666648922]",0.49886363636363634,0.49886363636363634,0.0,"[0.0, 0.0]",,0.3409090909090909,0.3409090909090909,0.9431818181818182,0.9431818181818182,0.0,0,0,1.0,1.0,0,
track1_5ch,recordingSessionGroup,M36_LOGISTIC_SAFE_GATE,SAFE-STRICT,CONGRUENT_CONTEXT,0.45,88,88,4,4,88,0.045454545454545456,0.045454545454545456,1.0,1.0,"[0.5101091635454027, 1.0]",0,0,,"[null, null]",0.0,"[0.0, 0.0418270666648922]",0.49147727272727265,0.49886363636363634,0.007386363636363638,"[0.0005681818181818187, 0.015909090909090914]",0.16250000000000003,0.3409090909090909,0.3409090909090909,0.9431818181818182,0.9431818181818182,0.0,0,0,1.0,1.0,0,
track1_5ch,recordingSessionGroup,M36_LOGISTIC_SAFE_GATE,SAFE-STRICT,CONGRUENT_CONTEXT,0.50,88,88,4,4,88,0.045454545454545456,0.045454545454545456,1.0,1.0,"[0.5101091635454027, 1.0]",0,0,,"[null, null]",0.0,"[0.0, 0.0418270666648922]",0.49147727272727265,0.49886363636363634,0.007386363636363638,"[0.0005681818181818187, 0.01592329545454538]",0.16250000000000003,0.3409090909090909,0.3409090909090909,0.9431818181818182,0.9431818181818182,0.0,0,0,1.0,1.0,0,
track1_5ch,recordingSessionGroup,M36_LOGISTIC_SAFE_GATE,SAFE-STRICT,CONGRUENT_CONTEXT,0.55,88,88,4,4,88,0.045454545454545456,0.045454545454545456,1.0,1.0,"[0.5101091635454027, 1.0]",0,0,,"[null, null]",0.0,"[0.0, 0.0418270666648922]",0.49147727272727265,0.49886363636363634,0.007386363636363638,"[0.0005681818181818187, 0.015909090909090914]",0.16250000000000003,0.3409090909090909,0.3409090909090909,0.9431818181818182,0.9431818181818182,0.0,0,0,1.0,1.0,0,
track1_5ch,recordingSessionGroup,M36_LOGISTIC_SAFE_GATE,SAFE-STRICT,CONGRUENT_CONTEXT,0.60,88,88,4,4,88,0.045454545454545456,0.045454545454545456,1.0,1.0,"[0.5101091635454027, 1.0]",0,0,,"[null, null]",0.0,"[0.0, 0.0418270666648922]",0.49147727272727265,0.49886363636363634,0.007386363636363638,"[0.0005681818181818187, 0.01590909090909091]",0.16250000000000003,0.3409090909090909,0.3409090909090909,0.9431818181818182,0.9431818181818182,0.0,0,0,1.0,1.0,0,
track1_5ch,recordingSessionGroup,M36_LOGISTIC_SAFE_GATE,SAFE-STRICT,CONGRUENT_CONTEXT,0.65,88,88,4,4,88,0.045454545454545456,0.045454545454545456,1.0,1.0,"[0.5101091635454027, 1.0]",0,0,,"[null, null]",0.0,"[0.0, 0.0418270666648922]",0.49147727272727265,0.49886363636363634,0.007386363636363638,"[0.0005681818181818187, 0.01647727272727273]",0.16250000000000003,0.3409090909090909,0.3409090909090909,0.9431818181818182,0.9431818181818182,0.0,0,0,1.0,1.0,0,
track1_5ch,recordingSessionGroup,M36_LOGISTIC_SAFE_GATE,SAFE-STRICT,CONGRUENT_CONTEXT,0.70,88,88,4,4,88,0.045454545454545456,0.045454545454545456,1.0,1.0,"[0.5101091635454027, 1.0]",0,0,,"[null, null]",0.0,"[0.0, 0.0418270666648922]",0.49147727272727265,0.49886363636363634,0.007386363636363638,"[0.0005681818181818187, 0.015909090909090914]",0.16250000000000003,0.3409090909090909,0.3409090909090909,0.9431818181818182,0.9431818181818182,0.0,0,0,1.0,1.0,0,
track1_5ch,recordingSessionGroup,M36_LOGISTIC_SAFE_GATE,SAFE-STRICT,CONGRUENT_CONTEXT,0.75,88,88,4,4,88,0.045454545454545456,0.045454545454545456,1.0,1.0,"[0.5101091635454027, 1.0]",0,0,,"[null, null]",0.0,"[0.0, 0.0418270666648922]",0.49147727272727265,0.49886363636363634,0.007386363636363638,"[0.0005681818181818187, 0.015909090909090914]",0.16250000000000003,0.3409090909090909,0.3409090909090909,0.9431818181818182,0.9431818181818182,0.0,0,0,1.0,1.0,0,
track1_5ch,recordingSessionGroup,M36_LOGISTIC_SAFE_GATE,SAFE-STRICT,CONGRUENT_CONTEXT,0.80,88,88,4,4,88,0.045454545454545456,0.045454545454545456,1.0,1.0,"[0.5101091635454027, 1.0]",0,0,,"[null, null]",0.0,"[0.0, 0.0418270666648922]",0.49147727272727265,0.49886363636363634,0.007386363636363638,"[0.0005681818181818187, 0.015909090909090914]",0.16250000000000003,0.3409090909090909,0.3409090909090909,0.9431818181818182,0.9431818181818182,0.0,0,0,1.0,1.0,0,
track1_5ch,recordingSessionGroup,M36_LOGISTIC_SAFE_GATE,SAFE-STRICT,CONGRUENT_CONTEXT,0.85,88,88,4,4,88,0.045454545454545456,0.045454545454545456,1.0,1.0,"[0.5101091635454027, 1.0]",0,0,,"[null, null]",0.0,"[0.0, 0.0418270666648922]",0.49147727272727265,0.49886363636363634,0.007386363636363638,"[0.0005681818181818187, 0.015909090909090914]",0.16250000000000003,0.3409090909090909,0.3409090909090909,0.9431818181818182,0.9431818181818182,0.0,0,0,1.0,1.0,0,
track1_5ch,recordingSessionGroup,M36_LOGISTIC_SAFE_GATE,SAFE-STRICT,CONGRUENT_CONTEXT,0.90,88,88,4,4,88,0.045454545454545456,0.045454545454545456,1.0,1.0,"[0.5101091635454027, 1.0]",0,0,,"[null, null]",0.0,"[0.0, 0.0418270666648922]",0.49147727272727265,0.49886363636363634,0.007386363636363638,"[0.0005681818181818187, 0.015909090909090914]",0.16250000000000003,0.3409090909090909,0.3409090909090909,0.9431818181818182,0.9431818181818182,0.0,0,0,1.0,1.0,0,
track1_5ch,recordingSessionGroup,M36_LOGISTIC_SAFE_GATE,SAFE-STRICT,CONGRUENT_CONTEXT,0.95,88,88,4,4,88,0.045454545454545456,0.045454545454545456,1.0,1.0,"[0.5101091635454027, 1.0]",0,0,,"[null, null]",0.0,"[0.0, 0.0418270666648922]",0.49147727272727265,0.49886363636363634,0.007386363636363638,"[0.0005681818181818187, 0.016477272727272726]",0.16250000000000003,0.3409090909090909,0.3409090909090909,0.9431818181818182,0.9431818181818182,0.0,0,0,1.0,1.0,0,
track1_5ch,recordingSessionGroup,M36_LOGISTIC_SAFE_GATE,SAFE-STRICT,INCONGRUENT_CONTEXT,0.45,88,176,0,0,,0.0,0.0,,,"[null, null]",0,0,0.0,"[null, null]",0.0,"[0.0, 0.0418270666648922]",0.49886363636363634,0.49886363636363634,0.0,"[0.0, 0.0]",,0.3409090909090909,0.3409090909090909,0.9431818181818182,0.9431818181818182,0.0,0,0,1.0,1.0,0,False
track1_5ch,recordingSessionGroup,M36_LOGISTIC_SAFE_GATE,SAFE-STRICT,INCONGRUENT_CONTEXT,0.50,88,176,0,0,,0.0,0.0,,,"[null, null]",0,0,0.0,"[null, null]",0.0,"[0.0, 0.0418270666648922]",0.49886363636363634,0.49886363636363634,0.0,"[0.0, 0.0]",,0.3409090909090909,0.3409090909090909,0.9431818181818182,0.9431818181818182,0.0,0,0,1.0,1.0,0,False
track1_5ch,recordingSessionGroup,M36_LOGISTIC_SAFE_GATE,SAFE-STRICT,INCONGRUENT_CONTEXT,0.55,88,176,0,0,,0.0,0.0,,,"[null, null]",0,0,0.0,"[null, null]",0.0,"[0.0, 0.0418270666648922]",0.49886363636363634,0.49886363636363634,0.0,"[0.0, 0.0]",,0.3409090909090909,0.3409090909090909,0.9431818181818182,0.9431818181818182,0.0,0,0,1.0,1.0,0,False
track1_5ch,recordingSessionGroup,M36_LOGISTIC_SAFE_GATE,SAFE-STRICT,INCONGRUENT_CONTEXT,0.60,88,176,0,0,,0.0,0.0,,,"[null, null]",0,0,0.0,"[null, null]",0.0,"[0.0, 0.0418270666648922]",0.49886363636363634,0.49886363636363634,0.0,"[0.0, 0.0]",,0.3409090909090909,0.3409090909090909,0.9431818181818182,0.9431818181818182,0.0,0,0,1.0,1.0,0,False
track1_5ch,recordingSessionGroup,M36_LOGISTIC_SAFE_GATE,SAFE-STRICT,INCONGRUENT_CONTEXT,0.65,88,176,0,0,,0.0,0.0,,,"[null, null]",0,0,0.0,"[null, null]",0.0,"[0.0, 0.0418270666648922]",0.49886363636363634,0.49886363636363634,0.0,"[0.0, 0.0]",,0.3409090909090909,0.3409090909090909,0.9431818181818182,0.9431818181818182,0.0,0,0,1.0,1.0,0,False
track1_5ch,recordingSessionGroup,M36_LOGISTIC_SAFE_GATE,SAFE-STRICT,INCONGRUENT_CONTEXT,0.70,88,176,0,0,,0.0,0.0,,,"[null, null]",0,0,0.0,"[null, null]",0.0,"[0.0, 0.0418270666648922]",0.49886363636363634,0.49886363636363634,0.0,"[0.0, 0.0]",,0.3409090909090909,0.3409090909090909,0.9431818181818182,0.9431818181818182,0.0,0,0,1.0,1.0,0,False
track1_5ch,recordingSessionGroup,M36_LOGISTIC_SAFE_GATE,SAFE-STRICT,INCONGRUENT_CONTEXT,0.75,88,176,0,0,,0.0,0.0,,,"[null, null]",0,0,0.0,"[null, null]",0.0,"[0.0, 0.0418270666648922]",0.49886363636363634,0.49886363636363634,0.0,"[0.0, 0.0]",,0.3409090909090909,0.3409090909090909,0.9431818181818182,0.9431818181818182,0.0,0,0,1.0,1.0,0,False
track1_5ch,recordingSessionGroup,M36_LOGISTIC_SAFE_GATE,SAFE-STRICT,INCONGRUENT_CONTEXT,0.80,88,176,0,0,,0.0,0.0,,,"[null, null]",0,0,0.0,"[null, null]",0.0,"[0.0, 0.0418270666648922]",0.49886363636363634,0.49886363636363634,0.0,"[0.0, 0.0]",,0.3409090909090909,0.3409090909090909,0.9431818181818182,0.9431818181818182,0.0,0,0,1.0,1.0,0,False
track1_5ch,recordingSessionGroup,M36_LOGISTIC_SAFE_GATE,SAFE-STRICT,INCONGRUENT_CONTEXT,0.85,88,176,0,0,,0.0,0.0,,,"[null, null]",0,0,0.0,"[null, null]",0.0,"[0.0, 0.0418270666648922]",0.49886363636363634,0.49886363636363634,0.0,"[0.0, 0.0]",,0.3409090909090909,0.3409090909090909,0.9431818181818182,0.9431818181818182,0.0,0,0,1.0,1.0,0,False
track1_5ch,recordingSessionGroup,M36_LOGISTIC_SAFE_GATE,SAFE-STRICT,INCONGRUENT_CONTEXT,0.90,88,176,0,0,,0.0,0.0,,,"[null, null]",0,0,0.0,"[null, null]",0.0,"[0.0, 0.0418270666648922]",0.49886363636363634,0.49886363636363634,0.0,"[0.0, 0.0]",,0.3409090909090909,0.3409090909090909,0.9431818181818182,0.9431818181818182,0.0,0,0,1.0,1.0,0,False
track1_5ch,recordingSessionGroup,M36_LOGISTIC_SAFE_GATE,SAFE-STRICT,INCONGRUENT_CONTEXT,0.95,88,176,0,0,,0.0,0.0,,,"[null, null]",0,0,0.0,"[null, null]",0.0,"[0.0, 0.0418270666648922]",0.49886363636363634,0.49886363636363634,0.0,"[0.0, 0.0]",,0.3409090909090909,0.3409090909090909,0.9431818181818182,0.9431818181818182,0.0,0,0,1.0,1.0,0,False
track1_5ch,recordingSessionGroup,M36_LOGISTIC_SAFE_GATE,SAFE-STRICT,NEUTRAL_CONTEXT,,88,88,0,0,,0.0,0.0,,,"[null, null]",0,0,,"[null, null]",0.0,"[0.0, 0.0418270666648922]",0.49886363636363634,0.49886363636363634,0.0,"[0.0, 0.0]",,0.3409090909090909,0.3409090909090909,0.9431818181818182,0.9431818181818182,0.0,0,0,1.0,1.0,0,
track1_5ch,recordingSessionGroup,M36_LOGISTIC_VIEW_GUARDED,SAFE-95,CONGRUENT_CONTEXT,0.45,88,88,7,7,88,0.07954545454545454,0.07954545454545454,1.0,1.0,"[0.6456695649333126, 1.0]",0,0,,"[null, null]",0.0,"[0.0, 0.0418270666648922]",0.48920454545454534,0.49886363636363634,0.00965909090909091,"[0.002272727272727272, 0.018750000000000003]",0.12142857142857144,0.3522727272727273,0.3522727272727273,0.9431818181818182,0.9431818181818182,0.0,0,0,1.0,1.0,0,
track1_5ch,recordingSessionGroup,M36_LOGISTIC_VIEW_GUARDED,SAFE-95,CONGRUENT_CONTEXT,0.50,88,88,7,7,88,0.07954545454545454,0.07954545454545454,1.0,1.0,"[0.6456695649333126, 1.0]",0,0,,"[null, null]",0.0,"[0.0, 0.0418270666648922]",0.48920454545454534,0.49886363636363634,0.00965909090909091,"[0.002272727272727272, 0.018750000000000003]",0.12142857142857144,0.3522727272727273,0.3522727272727273,0.9431818181818182,0.9431818181818182,0.0,0,0,1.0,1.0,0,
track1_5ch,recordingSessionGroup,M36_LOGISTIC_VIEW_GUARDED,SAFE-95,CONGRUENT_CONTEXT,0.55,88,88,7,7,88,0.07954545454545454,0.07954545454545454,1.0,1.0,"[0.6456695649333126, 1.0]",0,0,,"[null, null]",0.0,"[0.0, 0.0418270666648922]",0.48920454545454534,0.49886363636363634,0.00965909090909091,"[0.002272727272727272, 0.01931818181818182]",0.12142857142857144,0.3522727272727273,0.3522727272727273,0.9431818181818182,0.9431818181818182,0.0,0,0,1.0,1.0,0,
track1_5ch,recordingSessionGroup,M36_LOGISTIC_VIEW_GUARDED,SAFE-95,CONGRUENT_CONTEXT,0.60,88,88,7,7,88,0.07954545454545454,0.07954545454545454,1.0,1.0,"[0.6456695649333126, 1.0]",0,0,,"[null, null]",0.0,"[0.0, 0.0418270666648922]",0.48920454545454534,0.49886363636363634,0.00965909090909091,"[0.002272727272727272, 0.019886363636363636]",0.12142857142857144,0.3522727272727273,0.3522727272727273,0.9431818181818182,0.9431818181818182,0.0,0,0,1.0,1.0,0,
track1_5ch,recordingSessionGroup,M36_LOGISTIC_VIEW_GUARDED,SAFE-95,CONGRUENT_CONTEXT,0.65,88,88,7,7,88,0.07954545454545454,0.07954545454545454,1.0,1.0,"[0.6456695649333126, 1.0]",0,0,,"[null, null]",0.0,"[0.0, 0.0418270666648922]",0.48920454545454534,0.49886363636363634,0.00965909090909091,"[0.002272727272727272, 0.019886363636363636]",0.12142857142857144,0.3522727272727273,0.3522727272727273,0.9431818181818182,0.9431818181818182,0.0,0,0,1.0,1.0,0,
track1_5ch,recordingSessionGroup,M36_LOGISTIC_VIEW_GUARDED,SAFE-95,CONGRUENT_CONTEXT,0.70,88,88,7,7,88,0.07954545454545454,0.07954545454545454,1.0,1.0,"[0.6456695649333126, 1.0]",0,0,,"[null, null]",0.0,"[0.0, 0.0418270666648922]",0.48920454545454534,0.49886363636363634,0.00965909090909091,"[0.00284090909090909, 0.01931818181818182]",0.12142857142857144,0.3522727272727273,0.3522727272727273,0.9431818181818182,0.9431818181818182,0.0,0,0,1.0,1.0,0,
track1_5ch,recordingSessionGroup,M36_LOGISTIC_VIEW_GUARDED,SAFE-95,CONGRUENT_CONTEXT,0.75,88,88,7,7,88,0.07954545454545454,0.07954545454545454,1.0,1.0,"[0.6456695649333126, 1.0]",0,0,,"[null, null]",0.0,"[0.0, 0.0418270666648922]",0.48920454545454534,0.49886363636363634,0.00965909090909091,"[0.002272727272727272, 0.01988636363636364]",0.12142857142857144,0.3522727272727273,0.3522727272727273,0.9431818181818182,0.9431818181818182,0.0,0,0,1.0,1.0,0,
track1_5ch,recordingSessionGroup,M36_LOGISTIC_VIEW_GUARDED,SAFE-95,CONGRUENT_CONTEXT,0.80,88,88,7,7,88,0.07954545454545454,0.07954545454545454,1.0,1.0,"[0.6456695649333126, 1.0]",0,0,,"[null, null]",0.0,"[0.0, 0.0418270666648922]",0.48920454545454534,0.49886363636363634,0.00965909090909091,"[0.0022585227272727275, 0.019886363636363636]",0.12142857142857144,0.3522727272727273,0.3522727272727273,0.9431818181818182,0.9431818181818182,0.0,0,0,1.0,1.0,0,
track1_5ch,recordingSessionGroup,M36_LOGISTIC_VIEW_GUARDED,SAFE-95,CONGRUENT_CONTEXT,0.85,88,88,7,7,88,0.07954545454545454,0.07954545454545454,1.0,1.0,"[0.6456695649333126, 1.0]",0,0,,"[null, null]",0.0,"[0.0, 0.0418270666648922]",0.48920454545454534,0.49886363636363634,0.00965909090909091,"[0.002272727272727272, 0.01931818181818182]",0.12142857142857144,0.3522727272727273,0.3522727272727273,0.9431818181818182,0.9431818181818182,0.0,0,0,1.0,1.0,0,
track1_5ch,recordingSessionGroup,M36_LOGISTIC_VIEW_GUARDED,SAFE-95,CONGRUENT_CONTEXT,0.90,88,88,7,7,88,0.07954545454545454,0.07954545454545454,1.0,1.0,"[0.6456695649333126, 1.0]",0,0,,"[null, null]",0.0,"[0.0, 0.0418270666648922]",0.48920454545454534,0.49886363636363634,0.00965909090909091,"[0.002272727272727272, 0.01931818181818182]",0.12142857142857144,0.3522727272727273,0.3522727272727273,0.9431818181818182,0.9431818181818182,0.0,0,0,1.0,1.0,0,
track1_5ch,recordingSessionGroup,M36_LOGISTIC_VIEW_GUARDED,SAFE-95,CONGRUENT_CONTEXT,0.95,88,88,7,7,88,0.07954545454545454,0.07954545454545454,1.0,1.0,"[0.6456695649333126, 1.0]",0,0,,"[null, null]",0.0,"[0.0, 0.0418270666648922]",0.48920454545454534,0.49886363636363634,0.00965909090909091,"[0.002272727272727272, 0.018750000000000003]",0.12142857142857144,0.3522727272727273,0.3522727272727273,0.9431818181818182,0.9431818181818182,0.0,0,0,1.0,1.0,0,
track1_5ch,recordingSessionGroup,M36_LOGISTIC_VIEW_GUARDED,SAFE-95,INCONGRUENT_CONTEXT,0.45,88,176,1,1,,0.005681818181818182,0.011363636363636364,0.0,0.0,"[0.0, 0.7934506856227626]",1,1,1.0,"[0.20654931437723745, 1.0]",0.011363636363636364,"[0.0020087853177044694, 0.061594938922985634]",0.4980113636363636,0.49886363636363634,0.0008522727272727274,"[0.0, 0.0025568181818181822]",0.15000000000000002,0.3465909090909091,0.3465909090909091,0.9375,0.9318181818181818,-0.011363636363636364,1,0,1.0,0.9943181818181818,0,False
track1_5ch,recordingSessionGroup,M36_LOGISTIC_VIEW_GUARDED,SAFE-95,INCONGRUENT_CONTEXT,0.50,88,176,1,1,,0.005681818181818182,0.011363636363636364,0.0,0.0,"[0.0, 0.7934506856227626]",1,1,1.0,"[0.20654931437723745, 1.0]",0.011363636363636364,"[0.0020087853177044694, 0.061594938922985634]",0.4980113636363636,0.49886363636363634,0.0008522727272727274,"[0.0, 0.0025568181818181822]",0.15000000000000002,0.3465909090909091,0.3465909090909091,0.9375,0.9318181818181818,-0.011363636363636364,1,0,1.0,0.9943181818181818,0,False
track1_5ch,recordingSessionGroup,M36_LOGISTIC_VIEW_GUARDED,SAFE-95,INCONGRUENT_CONTEXT,0.55,88,176,1,1,,0.005681818181818182,0.011363636363636364,0.0,0.0,"[0.0, 0.7934506856227626]",1,1,1.0,"[0.20654931437723745, 1.0]",0.011363636363636364,"[0.0020087853177044694, 0.061594938922985634]",0.4980113636363636,0.49886363636363634,0.0008522727272727274,"[0.0, 0.0025568181818181822]",0.15000000000000002,0.3465909090909091,0.3465909090909091,0.9375,0.9318181818181818,-0.011363636363636364,1,0,1.0,0.9943181818181818,0,False
track1_5ch,recordingSessionGroup,M36_LOGISTIC_VIEW_GUARDED,SAFE-95,INCONGRUENT_CONTEXT,0.60,88,176,1,1,,0.005681818181818182,0.011363636363636364,0.0,0.0,"[0.0, 0.7934506856227626]",1,1,1.0,"[0.20654931437723745, 1.0]",0.011363636363636364,"[0.0020087853177044694, 0.061594938922985634]",0.4980113636363636,0.49886363636363634,0.0008522727272727274,"[0.0, 0.00340909090909091]",0.15000000000000002,0.3465909090909091,0.3465909090909091,0.9375,0.9318181818181818,-0.011363636363636364,1,0,1.0,0.9943181818181818,0,False
track1_5ch,recordingSessionGroup,M36_LOGISTIC_VIEW_GUARDED,SAFE-95,INCONGRUENT_CONTEXT,0.65,88,176,1,1,,0.005681818181818182,0.011363636363636364,0.0,0.0,"[0.0, 0.7934506856227626]",1,1,1.0,"[0.20654931437723745, 1.0]",0.011363636363636364,"[0.0020087853177044694, 0.061594938922985634]",0.4980113636363636,0.49886363636363634,0.0008522727272727274,"[0.0, 0.0025568181818181822]",0.15000000000000002,0.3465909090909091,0.3465909090909091,0.9375,0.9318181818181818,-0.011363636363636364,1,0,1.0,0.9943181818181818,0,False
track1_5ch,recordingSessionGroup,M36_LOGISTIC_VIEW_GUARDED,SAFE-95,INCONGRUENT_CONTEXT,0.70,88,176,1,1,,0.005681818181818182,0.011363636363636364,0.0,0.0,"[0.0, 0.7934506856227626]",1,1,1.0,"[0.20654931437723745, 1.0]",0.011363636363636364,"[0.0020087853177044694, 0.061594938922985634]",0.4980113636363636,0.49886363636363634,0.0008522727272727274,"[0.0, 0.0025568181818181822]",0.15000000000000002,0.3465909090909091,0.3465909090909091,0.9375,0.9318181818181818,-0.011363636363636364,1,0,1.0,0.9943181818181818,0,False
track1_5ch,recordingSessionGroup,M36_LOGISTIC_VIEW_GUARDED,SAFE-95,INCONGRUENT_CONTEXT,0.75,88,176,1,1,,0.005681818181818182,0.011363636363636364,0.0,0.0,"[0.0, 0.7934506856227626]",1,1,1.0,"[0.20654931437723745, 1.0]",0.011363636363636364,"[0.0020087853177044694, 0.061594938922985634]",0.4980113636363636,0.49886363636363634,0.0008522727272727274,"[0.0, 0.0025568181818181822]",0.15000000000000002,0.3465909090909091,0.3465909090909091,0.9375,0.9318181818181818,-0.011363636363636364,1,0,1.0,0.9943181818181818,0,False
track1_5ch,recordingSessionGroup,M36_LOGISTIC_VIEW_GUARDED,SAFE-95,INCONGRUENT_CONTEXT,0.80,88,176,1,1,,0.005681818181818182,0.011363636363636364,0.0,0.0,"[0.0, 0.7934506856227626]",1,1,1.0,"[0.20654931437723745, 1.0]",0.011363636363636364,"[0.0020087853177044694, 0.061594938922985634]",0.4980113636363636,0.49886363636363634,0.0008522727272727274,"[0.0, 0.0025568181818181822]",0.15000000000000002,0.3465909090909091,0.3465909090909091,0.9375,0.9318181818181818,-0.011363636363636364,1,0,1.0,0.9943181818181818,0,False
track1_5ch,recordingSessionGroup,M36_LOGISTIC_VIEW_GUARDED,SAFE-95,INCONGRUENT_CONTEXT,0.85,88,176,1,1,,0.005681818181818182,0.011363636363636364,0.0,0.0,"[0.0, 0.7934506856227626]",1,1,1.0,"[0.20654931437723745, 1.0]",0.011363636363636364,"[0.0020087853177044694, 0.061594938922985634]",0.4980113636363636,0.49886363636363634,0.0008522727272727274,"[0.0, 0.0025568181818181822]",0.15000000000000002,0.3465909090909091,0.3465909090909091,0.9375,0.9318181818181818,-0.011363636363636364,1,0,1.0,0.9943181818181818,0,False
track1_5ch,recordingSessionGroup,M36_LOGISTIC_VIEW_GUARDED,SAFE-95,INCONGRUENT_CONTEXT,0.90,88,176,1,1,,0.005681818181818182,0.011363636363636364,0.0,0.0,"[0.0, 0.7934506856227626]",1,1,1.0,"[0.20654931437723745, 1.0]",0.011363636363636364,"[0.0020087853177044694, 0.061594938922985634]",0.4980113636363636,0.49886363636363634,0.0008522727272727274,"[0.0, 0.0025568181818181822]",0.15000000000000002,0.3465909090909091,0.3465909090909091,0.9375,0.9318181818181818,-0.011363636363636364,1,0,1.0,0.9943181818181818,0,False
track1_5ch,recordingSessionGroup,M36_LOGISTIC_VIEW_GUARDED,SAFE-95,INCONGRUENT_CONTEXT,0.95,88,176,1,1,,0.005681818181818182,0.011363636363636364,0.0,0.0,"[0.0, 0.7934506856227626]",1,1,1.0,"[0.20654931437723745, 1.0]",0.011363636363636364,"[0.0020087853177044694, 0.061594938922985634]",0.4980113636363636,0.49886363636363634,0.0008522727272727274,"[0.0, 0.0025568181818181822]",0.15000000000000002,0.3465909090909091,0.3465909090909091,0.9375,0.9318181818181818,-0.011363636363636364,1,0,1.0,0.9943181818181818,0,False
track1_5ch,recordingSessionGroup,M36_LOGISTIC_VIEW_GUARDED,SAFE-95,NEUTRAL_CONTEXT,,88,88,0,0,,0.0,0.0,,,"[null, null]",0,0,,"[null, null]",0.0,"[0.0, 0.0418270666648922]",0.49886363636363634,0.49886363636363634,0.0,"[0.0, 0.0]",,0.3409090909090909,0.3409090909090909,0.9431818181818182,0.9431818181818182,0.0,0,0,1.0,1.0,0,
track1_5ch,recordingSessionGroup,M36_LOGISTIC_VIEW_GUARDED,SAFE-99,CONGRUENT_CONTEXT,0.45,88,88,7,7,88,0.07954545454545454,0.07954545454545454,1.0,1.0,"[0.6456695649333126, 1.0]",0,0,,"[null, null]",0.0,"[0.0, 0.0418270666648922]",0.48920454545454534,0.49886363636363634,0.00965909090909091,"[0.00284090909090909, 0.01931818181818182]",0.12142857142857144,0.3522727272727273,0.3522727272727273,0.9431818181818182,0.9431818181818182,0.0,0,0,1.0,1.0,0,
track1_5ch,recordingSessionGroup,M36_LOGISTIC_VIEW_GUARDED,SAFE-99,CONGRUENT_CONTEXT,0.50,88,88,7,7,88,0.07954545454545454,0.07954545454545454,1.0,1.0,"[0.6456695649333126, 1.0]",0,0,,"[null, null]",0.0,"[0.0, 0.0418270666648922]",0.48920454545454534,0.49886363636363634,0.00965909090909091,"[0.002272727272727272, 0.01931818181818182]",0.12142857142857144,0.3522727272727273,0.3522727272727273,0.9431818181818182,0.9431818181818182,0.0,0,0,1.0,1.0,0,
track1_5ch,recordingSessionGroup,M36_LOGISTIC_VIEW_GUARDED,SAFE-99,CONGRUENT_CONTEXT,0.55,88,88,7,7,88,0.07954545454545454,0.07954545454545454,1.0,1.0,"[0.6456695649333126, 1.0]",0,0,,"[null, null]",0.0,"[0.0, 0.0418270666648922]",0.48920454545454534,0.49886363636363634,0.00965909090909091,"[0.002272727272727272, 0.018750000000000003]",0.12142857142857144,0.3522727272727273,0.3522727272727273,0.9431818181818182,0.9431818181818182,0.0,0,0,1.0,1.0,0,
track1_5ch,recordingSessionGroup,M36_LOGISTIC_VIEW_GUARDED,SAFE-99,CONGRUENT_CONTEXT,0.60,88,88,7,7,88,0.07954545454545454,0.07954545454545454,1.0,1.0,"[0.6456695649333126, 1.0]",0,0,,"[null, null]",0.0,"[0.0, 0.0418270666648922]",0.48920454545454534,0.49886363636363634,0.00965909090909091,"[0.0022727272727272735, 0.01988636363636364]",0.12142857142857144,0.3522727272727273,0.3522727272727273,0.9431818181818182,0.9431818181818182,0.0,0,0,1.0,1.0,0,
track1_5ch,recordingSessionGroup,M36_LOGISTIC_VIEW_GUARDED,SAFE-99,CONGRUENT_CONTEXT,0.65,88,88,7,7,88,0.07954545454545454,0.07954545454545454,1.0,1.0,"[0.6456695649333126, 1.0]",0,0,,"[null, null]",0.0,"[0.0, 0.0418270666648922]",0.48920454545454534,0.49886363636363634,0.00965909090909091,"[0.002272727272727272, 0.01931818181818182]",0.12142857142857144,0.3522727272727273,0.3522727272727273,0.9431818181818182,0.9431818181818182,0.0,0,0,1.0,1.0,0,
track1_5ch,recordingSessionGroup,M36_LOGISTIC_VIEW_GUARDED,SAFE-99,CONGRUENT_CONTEXT,0.70,88,88,7,7,88,0.07954545454545454,0.07954545454545454,1.0,1.0,"[0.6456695649333126, 1.0]",0,0,,"[null, null]",0.0,"[0.0, 0.0418270666648922]",0.48920454545454534,0.49886363636363634,0.00965909090909091,"[0.002272727272727272, 0.019318181818181818]",0.12142857142857144,0.3522727272727273,0.3522727272727273,0.9431818181818182,0.9431818181818182,0.0,0,0,1.0,1.0,0,
track1_5ch,recordingSessionGroup,M36_LOGISTIC_VIEW_GUARDED,SAFE-99,CONGRUENT_CONTEXT,0.75,88,88,7,7,88,0.07954545454545454,0.07954545454545454,1.0,1.0,"[0.6456695649333126, 1.0]",0,0,,"[null, null]",0.0,"[0.0, 0.0418270666648922]",0.48920454545454534,0.49886363636363634,0.00965909090909091,"[0.002272727272727272, 0.018750000000000003]",0.12142857142857144,0.3522727272727273,0.3522727272727273,0.9431818181818182,0.9431818181818182,0.0,0,0,1.0,1.0,0,
track1_5ch,recordingSessionGroup,M36_LOGISTIC_VIEW_GUARDED,SAFE-99,CONGRUENT_CONTEXT,0.80,88,88,7,7,88,0.07954545454545454,0.07954545454545454,1.0,1.0,"[0.6456695649333126, 1.0]",0,0,,"[null, null]",0.0,"[0.0, 0.0418270666648922]",0.48920454545454534,0.49886363636363634,0.00965909090909091,"[0.002272727272727272, 0.018750000000000003]",0.12142857142857144,0.3522727272727273,0.3522727272727273,0.9431818181818182,0.9431818181818182,0.0,0,0,1.0,1.0,0,
track1_5ch,recordingSessionGroup,M36_LOGISTIC_VIEW_GUARDED,SAFE-99,CONGRUENT_CONTEXT,0.85,88,88,7,7,88,0.07954545454545454,0.07954545454545454,1.0,1.0,"[0.6456695649333126, 1.0]",0,0,,"[null, null]",0.0,"[0.0, 0.0418270666648922]",0.48920454545454534,0.49886363636363634,0.00965909090909091,"[0.002272727272727272, 0.019886363636363636]",0.12142857142857144,0.3522727272727273,0.3522727272727273,0.9431818181818182,0.9431818181818182,0.0,0,0,1.0,1.0,0,
track1_5ch,recordingSessionGroup,M36_LOGISTIC_VIEW_GUARDED,SAFE-99,CONGRUENT_CONTEXT,0.90,88,88,7,7,88,0.07954545454545454,0.07954545454545454,1.0,1.0,"[0.6456695649333126, 1.0]",0,0,,"[null, null]",0.0,"[0.0, 0.0418270666648922]",0.48920454545454534,0.49886363636363634,0.00965909090909091,"[0.002272727272727272, 0.01875]",0.12142857142857144,0.3522727272727273,0.3522727272727273,0.9431818181818182,0.9431818181818182,0.0,0,0,1.0,1.0,0,
track1_5ch,recordingSessionGroup,M36_LOGISTIC_VIEW_GUARDED,SAFE-99,CONGRUENT_CONTEXT,0.95,88,88,7,7,88,0.07954545454545454,0.07954545454545454,1.0,1.0,"[0.6456695649333126, 1.0]",0,0,,"[null, null]",0.0,"[0.0, 0.0418270666648922]",0.48920454545454534,0.49886363636363634,0.00965909090909091,"[0.002272727272727272, 0.018750000000000003]",0.12142857142857144,0.3522727272727273,0.3522727272727273,0.9431818181818182,0.9431818181818182,0.0,0,0,1.0,1.0,0,
track1_5ch,recordingSessionGroup,M36_LOGISTIC_VIEW_GUARDED,SAFE-99,INCONGRUENT_CONTEXT,0.45,88,176,1,1,,0.005681818181818182,0.011363636363636364,0.0,0.0,"[0.0, 0.7934506856227626]",1,1,1.0,"[0.20654931437723745, 1.0]",0.011363636363636364,"[0.0020087853177044694, 0.061594938922985634]",0.4980113636363636,0.49886363636363634,0.0008522727272727274,"[0.0, 0.0025568181818181822]",0.15000000000000002,0.3465909090909091,0.3465909090909091,0.9375,0.9318181818181818,-0.011363636363636364,1,0,1.0,0.9943181818181818,0,False
track1_5ch,recordingSessionGroup,M36_LOGISTIC_VIEW_GUARDED,SAFE-99,INCONGRUENT_CONTEXT,0.50,88,176,1,1,,0.005681818181818182,0.011363636363636364,0.0,0.0,"[0.0, 0.7934506856227626]",1,1,1.0,"[0.20654931437723745, 1.0]",0.011363636363636364,"[0.0020087853177044694, 0.061594938922985634]",0.4980113636363636,0.49886363636363634,0.0008522727272727274,"[0.0, 0.0025568181818181822]",0.15000000000000002,0.3465909090909091,0.3465909090909091,0.9375,0.9318181818181818,-0.011363636363636364,1,0,1.0,0.9943181818181818,0,False
track1_5ch,recordingSessionGroup,M36_LOGISTIC_VIEW_GUARDED,SAFE-99,INCONGRUENT_CONTEXT,0.55,88,176,1,1,,0.005681818181818182,0.011363636363636364,0.0,0.0,"[0.0, 0.7934506856227626]",1,1,1.0,"[0.20654931437723745, 1.0]",0.011363636363636364,"[0.0020087853177044694, 0.061594938922985634]",0.4980113636363636,0.49886363636363634,0.0008522727272727274,"[0.0, 0.0025568181818181822]",0.15000000000000002,0.3465909090909091,0.3465909090909091,0.9375,0.9318181818181818,-0.011363636363636364,1,0,1.0,0.9943181818181818,0,False
track1_5ch,recordingSessionGroup,M36_LOGISTIC_VIEW_GUARDED,SAFE-99,INCONGRUENT_CONTEXT,0.60,88,176,1,1,,0.005681818181818182,0.011363636363636364,0.0,0.0,"[0.0, 0.7934506856227626]",1,1,1.0,"[0.20654931437723745, 1.0]",0.011363636363636364,"[0.0020087853177044694, 0.061594938922985634]",0.4980113636363636,0.49886363636363634,0.0008522727272727274,"[0.0, 0.0025568181818181822]",0.15000000000000002,0.3465909090909091,0.3465909090909091,0.9375,0.9318181818181818,-0.011363636363636364,1,0,1.0,0.9943181818181818,0,False
track1_5ch,recordingSessionGroup,M36_LOGISTIC_VIEW_GUARDED,SAFE-99,INCONGRUENT_CONTEXT,0.65,88,176,1,1,,0.005681818181818182,0.011363636363636364,0.0,0.0,"[0.0, 0.7934506856227626]",1,1,1.0,"[0.20654931437723745, 1.0]",0.011363636363636364,"[0.0020087853177044694, 0.061594938922985634]",0.4980113636363636,0.49886363636363634,0.0008522727272727274,"[0.0, 0.0025568181818181822]",0.15000000000000002,0.3465909090909091,0.3465909090909091,0.9375,0.9318181818181818,-0.011363636363636364,1,0,1.0,0.9943181818181818,0,False
track1_5ch,recordingSessionGroup,M36_LOGISTIC_VIEW_GUARDED,SAFE-99,INCONGRUENT_CONTEXT,0.70,88,176,1,1,,0.005681818181818182,0.011363636363636364,0.0,0.0,"[0.0, 0.7934506856227626]",1,1,1.0,"[0.20654931437723745, 1.0]",0.011363636363636364,"[0.0020087853177044694, 0.061594938922985634]",0.4980113636363636,0.49886363636363634,0.0008522727272727274,"[0.0, 0.0025568181818181822]",0.15000000000000002,0.3465909090909091,0.3465909090909091,0.9375,0.9318181818181818,-0.011363636363636364,1,0,1.0,0.9943181818181818,0,False
track1_5ch,recordingSessionGroup,M36_LOGISTIC_VIEW_GUARDED,SAFE-99,INCONGRUENT_CONTEXT,0.75,88,176,1,1,,0.005681818181818182,0.011363636363636364,0.0,0.0,"[0.0, 0.7934506856227626]",1,1,1.0,"[0.20654931437723745, 1.0]",0.011363636363636364,"[0.0020087853177044694, 0.061594938922985634]",0.4980113636363636,0.49886363636363634,0.0008522727272727274,"[0.0, 0.0025568181818181822]",0.15000000000000002,0.3465909090909091,0.3465909090909091,0.9375,0.9318181818181818,-0.011363636363636364,1,0,1.0,0.9943181818181818,0,False
track1_5ch,recordingSessionGroup,M36_LOGISTIC_VIEW_GUARDED,SAFE-99,INCONGRUENT_CONTEXT,0.80,88,176,1,1,,0.005681818181818182,0.011363636363636364,0.0,0.0,"[0.0, 0.7934506856227626]",1,1,1.0,"[0.20654931437723745, 1.0]",0.011363636363636364,"[0.0020087853177044694, 0.061594938922985634]",0.4980113636363636,0.49886363636363634,0.0008522727272727274,"[0.0, 0.0025568181818181822]",0.15000000000000002,0.3465909090909091,0.3465909090909091,0.9375,0.9318181818181818,-0.011363636363636364,1,0,1.0,0.9943181818181818,0,False
track1_5ch,recordingSessionGroup,M36_LOGISTIC_VIEW_GUARDED,SAFE-99,INCONGRUENT_CONTEXT,0.85,88,176,1,1,,0.005681818181818182,0.011363636363636364,0.0,0.0,"[0.0, 0.7934506856227626]",1,1,1.0,"[0.20654931437723745, 1.0]",0.011363636363636364,"[0.0020087853177044694, 0.061594938922985634]",0.4980113636363636,0.49886363636363634,0.0008522727272727274,"[0.0, 0.0025568181818181822]",0.15000000000000002,0.3465909090909091,0.3465909090909091,0.9375,0.9318181818181818,-0.011363636363636364,1,0,1.0,0.9943181818181818,0,False
track1_5ch,recordingSessionGroup,M36_LOGISTIC_VIEW_GUARDED,SAFE-99,INCONGRUENT_CONTEXT,0.90,88,176,1,1,,0.005681818181818182,0.011363636363636364,0.0,0.0,"[0.0, 0.7934506856227626]",1,1,1.0,"[0.20654931437723745, 1.0]",0.011363636363636364,"[0.0020087853177044694, 0.061594938922985634]",0.4980113636363636,0.49886363636363634,0.0008522727272727274,"[0.0, 0.0025568181818181822]",0.15000000000000002,0.3465909090909091,0.3465909090909091,0.9375,0.9318181818181818,-0.011363636363636364,1,0,1.0,0.9943181818181818,0,False
track1_5ch,recordingSessionGroup,M36_LOGISTIC_VIEW_GUARDED,SAFE-99,INCONGRUENT_CONTEXT,0.95,88,176,1,1,,0.005681818181818182,0.011363636363636364,0.0,0.0,"[0.0, 0.7934506856227626]",1,1,1.0,"[0.20654931437723745, 1.0]",0.011363636363636364,"[0.0020087853177044694, 0.061594938922985634]",0.4980113636363636,0.49886363636363634,0.0008522727272727274,"[0.0, 0.0025568181818181822]",0.15000000000000002,0.3465909090909091,0.3465909090909091,0.9375,0.9318181818181818,-0.011363636363636364,1,0,1.0,0.9943181818181818,0,False
track1_5ch,recordingSessionGroup,M36_LOGISTIC_VIEW_GUARDED,SAFE-99,NEUTRAL_CONTEXT,,88,88,0,0,,0.0,0.0,,,"[null, null]",0,0,,"[null, null]",0.0,"[0.0, 0.0418270666648922]",0.49886363636363634,0.49886363636363634,0.0,"[0.0, 0.0]",,0.3409090909090909,0.3409090909090909,0.9431818181818182,0.9431818181818182,0.0,0,0,1.0,1.0,0,
track1_5ch,recordingSessionGroup,M36_LOGISTIC_VIEW_GUARDED,SAFE-STRICT,CONGRUENT_CONTEXT,0.45,88,88,7,7,88,0.07954545454545454,0.07954545454545454,1.0,1.0,"[0.6456695649333126, 1.0]",0,0,,"[null, null]",0.0,"[0.0, 0.0418270666648922]",0.48920454545454534,0.49886363636363634,0.00965909090909091,"[0.002272727272727272, 0.018750000000000003]",0.12142857142857144,0.3522727272727273,0.3522727272727273,0.9431818181818182,0.9431818181818182,0.0,0,0,1.0,1.0,0,
track1_5ch,recordingSessionGroup,M36_LOGISTIC_VIEW_GUARDED,SAFE-STRICT,CONGRUENT_CONTEXT,0.50,88,88,7,7,88,0.07954545454545454,0.07954545454545454,1.0,1.0,"[0.6456695649333126, 1.0]",0,0,,"[null, null]",0.0,"[0.0, 0.0418270666648922]",0.48920454545454534,0.49886363636363634,0.00965909090909091,"[0.0022727272727272735, 0.01931818181818182]",0.12142857142857144,0.3522727272727273,0.3522727272727273,0.9431818181818182,0.9431818181818182,0.0,0,0,1.0,1.0,0,
track1_5ch,recordingSessionGroup,M36_LOGISTIC_VIEW_GUARDED,SAFE-STRICT,CONGRUENT_CONTEXT,0.55,88,88,7,7,88,0.07954545454545454,0.07954545454545454,1.0,1.0,"[0.6456695649333126, 1.0]",0,0,,"[null, null]",0.0,"[0.0, 0.0418270666648922]",0.48920454545454534,0.49886363636363634,0.00965909090909091,"[0.002272727272727272, 0.01931818181818182]",0.12142857142857144,0.3522727272727273,0.3522727272727273,0.9431818181818182,0.9431818181818182,0.0,0,0,1.0,1.0,0,
track1_5ch,recordingSessionGroup,M36_LOGISTIC_VIEW_GUARDED,SAFE-STRICT,CONGRUENT_CONTEXT,0.60,88,88,7,7,88,0.07954545454545454,0.07954545454545454,1.0,1.0,"[0.6456695649333126, 1.0]",0,0,,"[null, null]",0.0,"[0.0, 0.0418270666648922]",0.48920454545454534,0.49886363636363634,0.00965909090909091,"[0.002272727272727272, 0.01876420454545447]",0.12142857142857144,0.3522727272727273,0.3522727272727273,0.9431818181818182,0.9431818181818182,0.0,0,0,1.0,1.0,0,
track1_5ch,recordingSessionGroup,M36_LOGISTIC_VIEW_GUARDED,SAFE-STRICT,CONGRUENT_CONTEXT,0.65,88,88,7,7,88,0.07954545454545454,0.07954545454545454,1.0,1.0,"[0.6456695649333126, 1.0]",0,0,,"[null, null]",0.0,"[0.0, 0.0418270666648922]",0.48920454545454534,0.49886363636363634,0.00965909090909091,"[0.0022727272727272735, 0.01988636363636364]",0.12142857142857144,0.3522727272727273,0.3522727272727273,0.9431818181818182,0.9431818181818182,0.0,0,0,1.0,1.0,0,
track1_5ch,recordingSessionGroup,M36_LOGISTIC_VIEW_GUARDED,SAFE-STRICT,CONGRUENT_CONTEXT,0.70,88,88,7,7,88,0.07954545454545454,0.07954545454545454,1.0,1.0,"[0.6456695649333126, 1.0]",0,0,,"[null, null]",0.0,"[0.0, 0.0418270666648922]",0.48920454545454534,0.49886363636363634,0.00965909090909091,"[0.00284090909090909, 0.01931818181818182]",0.12142857142857144,0.3522727272727273,0.3522727272727273,0.9431818181818182,0.9431818181818182,0.0,0,0,1.0,1.0,0,
track1_5ch,recordingSessionGroup,M36_LOGISTIC_VIEW_GUARDED,SAFE-STRICT,CONGRUENT_CONTEXT,0.75,88,88,7,7,88,0.07954545454545454,0.07954545454545454,1.0,1.0,"[0.6456695649333126, 1.0]",0,0,,"[null, null]",0.0,"[0.0, 0.0418270666648922]",0.48920454545454534,0.49886363636363634,0.00965909090909091,"[0.002272727272727272, 0.01931818181818182]",0.12142857142857144,0.3522727272727273,0.3522727272727273,0.9431818181818182,0.9431818181818182,0.0,0,0,1.0,1.0,0,
track1_5ch,recordingSessionGroup,M36_LOGISTIC_VIEW_GUARDED,SAFE-STRICT,CONGRUENT_CONTEXT,0.80,88,88,7,7,88,0.07954545454545454,0.07954545454545454,1.0,1.0,"[0.6456695649333126, 1.0]",0,0,,"[null, null]",0.0,"[0.0, 0.0418270666648922]",0.48920454545454534,0.49886363636363634,0.00965909090909091,"[0.002272727272727272, 0.019886363636363636]",0.12142857142857144,0.3522727272727273,0.3522727272727273,0.9431818181818182,0.9431818181818182,0.0,0,0,1.0,1.0,0,
track1_5ch,recordingSessionGroup,M36_LOGISTIC_VIEW_GUARDED,SAFE-STRICT,CONGRUENT_CONTEXT,0.85,88,88,7,7,88,0.07954545454545454,0.07954545454545454,1.0,1.0,"[0.6456695649333126, 1.0]",0,0,,"[null, null]",0.0,"[0.0, 0.0418270666648922]",0.48920454545454534,0.49886363636363634,0.00965909090909091,"[0.0028267045454545454, 0.018750000000000003]",0.12142857142857144,0.3522727272727273,0.3522727272727273,0.9431818181818182,0.9431818181818182,0.0,0,0,1.0,1.0,0,
track1_5ch,recordingSessionGroup,M36_LOGISTIC_VIEW_GUARDED,SAFE-STRICT,CONGRUENT_CONTEXT,0.90,88,88,7,7,88,0.07954545454545454,0.07954545454545454,1.0,1.0,"[0.6456695649333126, 1.0]",0,0,,"[null, null]",0.0,"[0.0, 0.0418270666648922]",0.48920454545454534,0.49886363636363634,0.00965909090909091,"[0.002272727272727272, 0.018750000000000003]",0.12142857142857144,0.3522727272727273,0.3522727272727273,0.9431818181818182,0.9431818181818182,0.0,0,0,1.0,1.0,0,
track1_5ch,recordingSessionGroup,M36_LOGISTIC_VIEW_GUARDED,SAFE-STRICT,CONGRUENT_CONTEXT,0.95,88,88,7,7,88,0.07954545454545454,0.07954545454545454,1.0,1.0,"[0.6456695649333126, 1.0]",0,0,,"[null, null]",0.0,"[0.0, 0.0418270666648922]",0.48920454545454534,0.49886363636363634,0.00965909090909091,"[0.00284090909090909, 0.01931818181818182]",0.12142857142857144,0.3522727272727273,0.3522727272727273,0.9431818181818182,0.9431818181818182,0.0,0,0,1.0,1.0,0,
track1_5ch,recordingSessionGroup,M36_LOGISTIC_VIEW_GUARDED,SAFE-STRICT,INCONGRUENT_CONTEXT,0.45,88,176,1,1,,0.005681818181818182,0.011363636363636364,0.0,0.0,"[0.0, 0.7934506856227626]",1,1,1.0,"[0.20654931437723745, 1.0]",0.011363636363636364,"[0.0020087853177044694, 0.061594938922985634]",0.4980113636363636,0.49886363636363634,0.0008522727272727274,"[0.0, 0.0025568181818181822]",0.15000000000000002,0.3465909090909091,0.3465909090909091,0.9375,0.9318181818181818,-0.011363636363636364,1,0,1.0,0.9943181818181818,0,False
track1_5ch,recordingSessionGroup,M36_LOGISTIC_VIEW_GUARDED,SAFE-STRICT,INCONGRUENT_CONTEXT,0.50,88,176,1,1,,0.005681818181818182,0.011363636363636364,0.0,0.0,"[0.0, 0.7934506856227626]",1,1,1.0,"[0.20654931437723745, 1.0]",0.011363636363636364,"[0.0020087853177044694, 0.061594938922985634]",0.4980113636363636,0.49886363636363634,0.0008522727272727274,"[0.0, 0.0025568181818181822]",0.15000000000000002,0.3465909090909091,0.3465909090909091,0.9375,0.9318181818181818,-0.011363636363636364,1,0,1.0,0.9943181818181818,0,False
track1_5ch,recordingSessionGroup,M36_LOGISTIC_VIEW_GUARDED,SAFE-STRICT,INCONGRUENT_CONTEXT,0.55,88,176,1,1,,0.005681818181818182,0.011363636363636364,0.0,0.0,"[0.0, 0.7934506856227626]",1,1,1.0,"[0.20654931437723745, 1.0]",0.011363636363636364,"[0.0020087853177044694, 0.061594938922985634]",0.4980113636363636,0.49886363636363634,0.0008522727272727274,"[0.0, 0.0025568181818181822]",0.15000000000000002,0.3465909090909091,0.3465909090909091,0.9375,0.9318181818181818,-0.011363636363636364,1,0,1.0,0.9943181818181818,0,False
track1_5ch,recordingSessionGroup,M36_LOGISTIC_VIEW_GUARDED,SAFE-STRICT,INCONGRUENT_CONTEXT,0.60,88,176,1,1,,0.005681818181818182,0.011363636363636364,0.0,0.0,"[0.0, 0.7934506856227626]",1,1,1.0,"[0.20654931437723745, 1.0]",0.011363636363636364,"[0.0020087853177044694, 0.061594938922985634]",0.4980113636363636,0.49886363636363634,0.0008522727272727274,"[0.0, 0.0025568181818181822]",0.15000000000000002,0.3465909090909091,0.3465909090909091,0.9375,0.9318181818181818,-0.011363636363636364,1,0,1.0,0.9943181818181818,0,False
track1_5ch,recordingSessionGroup,M36_LOGISTIC_VIEW_GUARDED,SAFE-STRICT,INCONGRUENT_CONTEXT,0.65,88,176,1,1,,0.005681818181818182,0.011363636363636364,0.0,0.0,"[0.0, 0.7934506856227626]",1,1,1.0,"[0.20654931437723745, 1.0]",0.011363636363636364,"[0.0020087853177044694, 0.061594938922985634]",0.4980113636363636,0.49886363636363634,0.0008522727272727274,"[0.0, 0.0025568181818181822]",0.15000000000000002,0.3465909090909091,0.3465909090909091,0.9375,0.9318181818181818,-0.011363636363636364,1,0,1.0,0.9943181818181818,0,False
track1_5ch,recordingSessionGroup,M36_LOGISTIC_VIEW_GUARDED,SAFE-STRICT,INCONGRUENT_CONTEXT,0.70,88,176,1,1,,0.005681818181818182,0.011363636363636364,0.0,0.0,"[0.0, 0.7934506856227626]",1,1,1.0,"[0.20654931437723745, 1.0]",0.011363636363636364,"[0.0020087853177044694, 0.061594938922985634]",0.4980113636363636,0.49886363636363634,0.0008522727272727274,"[0.0, 0.0025568181818181822]",0.15000000000000002,0.3465909090909091,0.3465909090909091,0.9375,0.9318181818181818,-0.011363636363636364,1,0,1.0,0.9943181818181818,0,False
track1_5ch,recordingSessionGroup,M36_LOGISTIC_VIEW_GUARDED,SAFE-STRICT,INCONGRUENT_CONTEXT,0.75,88,176,1,1,,0.005681818181818182,0.011363636363636364,0.0,0.0,"[0.0, 0.7934506856227626]",1,1,1.0,"[0.20654931437723745, 1.0]",0.011363636363636364,"[0.0020087853177044694, 0.061594938922985634]",0.4980113636363636,0.49886363636363634,0.0008522727272727274,"[0.0, 0.0025568181818181822]",0.15000000000000002,0.3465909090909091,0.3465909090909091,0.9375,0.9318181818181818,-0.011363636363636364,1,0,1.0,0.9943181818181818,0,False
track1_5ch,recordingSessionGroup,M36_LOGISTIC_VIEW_GUARDED,SAFE-STRICT,INCONGRUENT_CONTEXT,0.80,88,176,1,1,,0.005681818181818182,0.011363636363636364,0.0,0.0,"[0.0, 0.7934506856227626]",1,1,1.0,"[0.20654931437723745, 1.0]",0.011363636363636364,"[0.0020087853177044694, 0.061594938922985634]",0.4980113636363636,0.49886363636363634,0.0008522727272727274,"[0.0, 0.0025568181818181822]",0.15000000000000002,0.3465909090909091,0.3465909090909091,0.9375,0.9318181818181818,-0.011363636363636364,1,0,1.0,0.9943181818181818,0,False
track1_5ch,recordingSessionGroup,M36_LOGISTIC_VIEW_GUARDED,SAFE-STRICT,INCONGRUENT_CONTEXT,0.85,88,176,1,1,,0.005681818181818182,0.011363636363636364,0.0,0.0,"[0.0, 0.7934506856227626]",1,1,1.0,"[0.20654931437723745, 1.0]",0.011363636363636364,"[0.0020087853177044694, 0.061594938922985634]",0.4980113636363636,0.49886363636363634,0.0008522727272727274,"[0.0, 0.0025568181818181822]",0.15000000000000002,0.3465909090909091,0.3465909090909091,0.9375,0.9318181818181818,-0.011363636363636364,1,0,1.0,0.9943181818181818,0,False
track1_5ch,recordingSessionGroup,M36_LOGISTIC_VIEW_GUARDED,SAFE-STRICT,INCONGRUENT_CONTEXT,0.90,88,176,1,1,,0.005681818181818182,0.011363636363636364,0.0,0.0,"[0.0, 0.7934506856227626]",1,1,1.0,"[0.20654931437723745, 1.0]",0.011363636363636364,"[0.0020087853177044694, 0.061594938922985634]",0.4980113636363636,0.49886363636363634,0.0008522727272727274,"[0.0, 0.0025568181818181822]",0.15000000000000002,0.3465909090909091,0.3465909090909091,0.9375,0.9318181818181818,-0.011363636363636364,1,0,1.0,0.9943181818181818,0,False
track1_5ch,recordingSessionGroup,M36_LOGISTIC_VIEW_GUARDED,SAFE-STRICT,INCONGRUENT_CONTEXT,0.95,88,176,1,1,,0.005681818181818182,0.011363636363636364,0.0,0.0,"[0.0, 0.7934506856227626]",1,1,1.0,"[0.20654931437723745, 1.0]",0.011363636363636364,"[0.0020087853177044694, 0.061594938922985634]",0.4980113636363636,0.49886363636363634,0.0008522727272727274,"[0.0, 0.0025568181818181822]",0.15000000000000002,0.3465909090909091,0.3465909090909091,0.9375,0.9318181818181818,-0.011363636363636364,1,0,1.0,0.9943181818181818,0,False
track1_5ch,recordingSessionGroup,M36_LOGISTIC_VIEW_GUARDED,SAFE-STRICT,NEUTRAL_CONTEXT,,88,88,0,0,,0.0,0.0,,,"[null, null]",0,0,,"[null, null]",0.0,"[0.0, 0.0418270666648922]",0.49886363636363634,0.49886363636363634,0.0,"[0.0, 0.0]",,0.3409090909090909,0.3409090909090909,0.9431818181818182,0.9431818181818182,0.0,0,0,1.0,1.0,0,
track1_5ch,recordingSessionGroup,M36_MULTI_VIEW_RULE,SAFE-95,CONGRUENT_CONTEXT,0.45,88,88,4,4,88,0.045454545454545456,0.045454545454545456,1.0,1.0,"[0.5101091635454027, 1.0]",0,0,,"[null, null]",0.0,"[0.0, 0.0418270666648922]",0.4880681818181818,0.49886363636363634,0.010795454545454546,"[0.0005681818181818187, 0.025014204545454468]",0.2375,0.3522727272727273,0.3522727272727273,0.9431818181818182,0.9431818181818182,0.0,0,0,1.0,1.0,0,
track1_5ch,recordingSessionGroup,M36_MULTI_VIEW_RULE,SAFE-95,CONGRUENT_CONTEXT,0.50,88,88,4,4,88,0.045454545454545456,0.045454545454545456,1.0,1.0,"[0.5101091635454027, 1.0]",0,0,,"[null, null]",0.0,"[0.0, 0.0418270666648922]",0.4880681818181818,0.49886363636363634,0.010795454545454546,"[0.0005681818181818187, 0.02443181818181818]",0.2375,0.3522727272727273,0.3522727272727273,0.9431818181818182,0.9431818181818182,0.0,0,0,1.0,1.0,0,
track1_5ch,recordingSessionGroup,M36_MULTI_VIEW_RULE,SAFE-95,CONGRUENT_CONTEXT,0.55,88,88,7,7,88,0.07954545454545454,0.07954545454545454,1.0,1.0,"[0.6456695649333126, 1.0]",0,0,,"[null, null]",0.0,"[0.0, 0.0418270666648922]",0.48068181818181815,0.49886363636363634,0.018181818181818184,"[0.003977272727272728, 0.0375]",0.2285714285714286,0.36363636363636365,0.36363636363636365,0.9431818181818182,0.9431818181818182,0.0,0,0,1.0,1.0,0,
track1_5ch,recordingSessionGroup,M36_MULTI_VIEW_RULE,SAFE-95,CONGRUENT_CONTEXT,0.60,88,88,8,8,88,0.09090909090909091,0.09090909090909091,1.0,1.0,"[0.6755924351161198, 1.0]",0,0,,"[null, null]",0.0,"[0.0, 0.0418270666648922]",0.4801136363636363,0.49886363636363634,0.018750000000000003,"[0.004545454545454544, 0.038068181818181814]",0.20625000000000002,0.375,0.375,0.9431818181818182,0.9431818181818182,0.0,0,0,1.0,1.0,0,
track1_5ch,recordingSessionGroup,M36_MULTI_VIEW_RULE,SAFE-95,CONGRUENT_CONTEXT,0.65,88,88,9,9,88,0.10227272727272728,0.10227272727272728,1.0,1.0,"[0.7008549515804559, 1.0]",0,0,,"[null, null]",0.0,"[0.0, 0.0418270666648922]",0.47954545454545444,0.49886363636363634,0.01931818181818182,"[0.005113636363636363, 0.038650568181818105]",0.1888888888888889,0.38636363636363635,0.38636363636363635,0.9431818181818182,0.9431818181818182,0.0,0,0,1.0,1.0,0,
track1_5ch,recordingSessionGroup,M36_MULTI_VIEW_RULE,SAFE-95,CONGRUENT_CONTEXT,0.70,88,88,10,10,88,0.11363636363636363,0.11363636363636363,1.0,1.0,"[0.7224672001371107, 0.9999999999999999]",0,0,,"[null, null]",0.0,"[0.0, 0.0418270666648922]",0.47897727272727264,0.49886363636363634,0.019886363636363636,"[0.005681818181818182, 0.0375]",0.175,0.38636363636363635,0.38636363636363635,0.9431818181818182,0.9431818181818182,0.0,0,0,1.0,1.0,0,
track1_5ch,recordingSessionGroup,M36_MULTI_VIEW_RULE,SAFE-95,CONGRUENT_CONTEXT,0.75,88,88,12,12,88,0.13636363636363635,0.13636363636363635,1.0,1.0,"[0.7575059933447592, 1.0]",0,0,,"[null, null]",0.0,"[0.0, 0.0418270666648922]",0.4761363636363635,0.49886363636363634,0.022727272727272728,"[0.007386363636363635, 0.042059659090909016]",0.16666666666666666,0.3977272727272727,0.3977272727272727,0.9431818181818182,0.9431818181818182,0.0,0,0,1.0,1.0,0,
track1_5ch,recordingSessionGroup,M36_MULTI_VIEW_RULE,SAFE-95,CONGRUENT_CONTEXT,0.80,88,88,14,14,88,0.1590909090909091,0.1590909090909091,1.0,1.0,"[0.7846891972623643, 1.0]",0,0,,"[null, null]",0.0,"[0.0, 0.0418270666648922]",0.4744318181818181,0.49886363636363634,0.024431818181818176,"[0.009090909090909092, 0.04431818181818181]",0.15357142857142853,0.4090909090909091,0.4090909090909091,0.9431818181818182,0.9431818181818182,0.0,0,0,1.0,1.0,0,
track1_5ch,recordingSessionGroup,M36_MULTI_VIEW_RULE,SAFE-95,CONGRUENT_CONTEXT,0.85,88,88,16,16,88,0.18181818181818182,0.18181818181818182,1.0,1.0,"[0.8063923194655637, 1.0]",0,0,,"[null, null]",0.0,"[0.0, 0.0418270666648922]",0.471590909090909,0.49886363636363634,0.027272727272727268,"[0.011363636363636364, 0.046590909090909086]",0.14999999999999997,0.4090909090909091,0.4090909090909091,0.9431818181818182,0.9431818181818182,0.0,0,0,1.0,1.0,0,
track1_5ch,recordingSessionGroup,M36_MULTI_VIEW_RULE,SAFE-95,CONGRUENT_CONTEXT,0.90,88,88,16,16,88,0.18181818181818182,0.18181818181818182,1.0,1.0,"[0.8063923194655637, 1.0]",0,0,,"[null, null]",0.0,"[0.0, 0.0418270666648922]",0.471590909090909,0.49886363636363634,0.027272727272727268,"[0.011363636363636364, 0.04602272727272727]",0.14999999999999997,0.4090909090909091,0.4090909090909091,0.9431818181818182,0.9431818181818182,0.0,0,0,1.0,1.0,0,
track1_5ch,recordingSessionGroup,M36_MULTI_VIEW_RULE,SAFE-95,CONGRUENT_CONTEXT,0.95,88,88,16,16,88,0.18181818181818182,0.18181818181818182,1.0,1.0,"[0.8063923194655637, 1.0]",0,0,,"[null, null]",0.0,"[0.0, 0.0418270666648922]",0.4710227272727272,0.49886363636363634,0.027840909090909093,"[0.011363636363636364, 0.048295454545454544]",0.153125,0.4090909090909091,0.4090909090909091,0.9431818181818182,0.9431818181818182,0.0,0,0,1.0,1.0,0,
track1_5ch,recordingSessionGroup,M36_MULTI_VIEW_RULE,SAFE-95,INCONGRUENT_CONTEXT,0.45,88,176,0,0,,0.0,0.0,,,"[null, null]",0,0,0.0,"[null, null]",0.0,"[0.0, 0.0418270666648922]",0.49886363636363634,0.49886363636363634,0.0,"[0.0, 0.0]",,0.3409090909090909,0.3409090909090909,0.9431818181818182,0.9431818181818182,0.0,0,0,1.0,1.0,0,False
track1_5ch,recordingSessionGroup,M36_MULTI_VIEW_RULE,SAFE-95,INCONGRUENT_CONTEXT,0.50,88,176,0,0,,0.0,0.0,,,"[null, null]",0,0,0.0,"[null, null]",0.0,"[0.0, 0.0418270666648922]",0.49886363636363634,0.49886363636363634,0.0,"[0.0, 0.0]",,0.3409090909090909,0.3409090909090909,0.9431818181818182,0.9431818181818182,0.0,0,0,1.0,1.0,0,False
track1_5ch,recordingSessionGroup,M36_MULTI_VIEW_RULE,SAFE-95,INCONGRUENT_CONTEXT,0.55,88,176,0,0,,0.0,0.0,,,"[null, null]",0,0,0.0,"[null, null]",0.0,"[0.0, 0.0418270666648922]",0.49886363636363634,0.49886363636363634,0.0,"[0.0, 0.0]",,0.3409090909090909,0.3409090909090909,0.9431818181818182,0.9431818181818182,0.0,0,0,1.0,1.0,0,False
track1_5ch,recordingSessionGroup,M36_MULTI_VIEW_RULE,SAFE-95,INCONGRUENT_CONTEXT,0.60,88,176,0,0,,0.0,0.0,,,"[null, null]",0,0,0.0,"[null, null]",0.0,"[0.0, 0.0418270666648922]",0.49886363636363634,0.49886363636363634,0.0,"[0.0, 0.0]",,0.3409090909090909,0.3409090909090909,0.9431818181818182,0.9431818181818182,0.0,0,0,1.0,1.0,0,False
track1_5ch,recordingSessionGroup,M36_MULTI_VIEW_RULE,SAFE-95,INCONGRUENT_CONTEXT,0.65,88,176,0,0,,0.0,0.0,,,"[null, null]",0,0,0.0,"[null, null]",0.0,"[0.0, 0.0418270666648922]",0.49886363636363634,0.49886363636363634,0.0,"[0.0, 0.0]",,0.3409090909090909,0.3409090909090909,0.9431818181818182,0.9431818181818182,0.0,0,0,1.0,1.0,0,False
track1_5ch,recordingSessionGroup,M36_MULTI_VIEW_RULE,SAFE-95,INCONGRUENT_CONTEXT,0.70,88,176,0,0,,0.0,0.0,,,"[null, null]",0,0,0.0,"[null, null]",0.0,"[0.0, 0.0418270666648922]",0.49886363636363634,0.49886363636363634,0.0,"[0.0, 0.0]",,0.3409090909090909,0.3409090909090909,0.9431818181818182,0.9431818181818182,0.0,0,0,1.0,1.0,0,False
track1_5ch,recordingSessionGroup,M36_MULTI_VIEW_RULE,SAFE-95,INCONGRUENT_CONTEXT,0.75,88,176,0,0,,0.0,0.0,,,"[null, null]",0,0,0.0,"[null, null]",0.0,"[0.0, 0.0418270666648922]",0.49886363636363634,0.49886363636363634,0.0,"[0.0, 0.0]",,0.3409090909090909,0.3409090909090909,0.9431818181818182,0.9431818181818182,0.0,0,0,1.0,1.0,0,False
track1_5ch,recordingSessionGroup,M36_MULTI_VIEW_RULE,SAFE-95,INCONGRUENT_CONTEXT,0.80,88,176,1,1,,0.005681818181818182,0.011363636363636364,0.0,0.0,"[0.0, 0.7934506856227626]",1,1,1.0,"[0.20654931437723745, 1.0]",0.011363636363636364,"[0.0020087853177044694, 0.061594938922985634]",0.4948863636363635,0.49886363636363634,0.003977272727272727,"[0.0, 0.01193181818181818]",0.7,0.3465909090909091,0.3465909090909091,0.9375,0.9318181818181818,-0.011363636363636364,1,0,1.0,0.9943181818181818,0,False
track1_5ch,recordingSessionGroup,M36_MULTI_VIEW_RULE,SAFE-95,INCONGRUENT_CONTEXT,0.85,88,176,1,1,,0.005681818181818182,0.011363636363636364,0.0,0.0,"[0.0, 0.7934506856227626]",1,1,1.0,"[0.20654931437723745, 1.0]",0.011363636363636364,"[0.0020087853177044694, 0.061594938922985634]",0.4948863636363635,0.49886363636363634,0.003977272727272727,"[0.0, 0.01193181818181818]",0.7,0.3465909090909091,0.3465909090909091,0.9375,0.9318181818181818,-0.011363636363636364,1,0,1.0,0.9943181818181818,0,False
track1_5ch,recordingSessionGroup,M36_MULTI_VIEW_RULE,SAFE-95,INCONGRUENT_CONTEXT,0.90,88,176,1,1,,0.005681818181818182,0.011363636363636364,0.0,0.0,"[0.0, 0.7934506856227626]",1,1,1.0,"[0.20654931437723745, 1.0]",0.011363636363636364,"[0.0020087853177044694, 0.061594938922985634]",0.4948863636363635,0.49886363636363634,0.003977272727272727,"[0.0, 0.01193181818181818]",0.7,0.3465909090909091,0.3465909090909091,0.9375,0.9318181818181818,-0.011363636363636364,1,0,1.0,0.9943181818181818,0,False
track1_5ch,recordingSessionGroup,M36_MULTI_VIEW_RULE,SAFE-95,INCONGRUENT_CONTEXT,0.95,88,176,1,1,,0.005681818181818182,0.011363636363636364,0.0,0.0,"[0.0, 0.7934506856227626]",1,1,1.0,"[0.20654931437723745, 1.0]",0.011363636363636364,"[0.0020087853177044694, 0.061594938922985634]",0.4948863636363635,0.49886363636363634,0.003977272727272727,"[0.0, 0.01193181818181818]",0.7,0.3465909090909091,0.3465909090909091,0.9375,0.9318181818181818,-0.011363636363636364,1,0,1.0,0.9943181818181818,0,False
track1_5ch,recordingSessionGroup,M36_MULTI_VIEW_RULE,SAFE-95,NEUTRAL_CONTEXT,,88,88,0,0,,0.0,0.0,,,"[null, null]",0,0,,"[null, null]",0.0,"[0.0, 0.0418270666648922]",0.49886363636363634,0.49886363636363634,0.0,"[0.0, 0.0]",,0.3409090909090909,0.3409090909090909,0.9431818181818182,0.9431818181818182,0.0,0,0,1.0,1.0,0,
track1_5ch,recordingSessionGroup,M36_MULTI_VIEW_RULE,SAFE-99,CONGRUENT_CONTEXT,0.45,88,88,4,4,88,0.045454545454545456,0.045454545454545456,1.0,1.0,"[0.5101091635454027, 1.0]",0,0,,"[null, null]",0.0,"[0.0, 0.0418270666648922]",0.4880681818181818,0.49886363636363634,0.010795454545454546,"[0.0005681818181818187, 0.026136363636363635]",0.2375,0.3522727272727273,0.3522727272727273,0.9431818181818182,0.9431818181818182,0.0,0,0,1.0,1.0,0,
track1_5ch,recordingSessionGroup,M36_MULTI_VIEW_RULE,SAFE-99,CONGRUENT_CONTEXT,0.50,88,88,4,4,88,0.045454545454545456,0.045454545454545456,1.0,1.0,"[0.5101091635454027, 1.0]",0,0,,"[null, null]",0.0,"[0.0, 0.0418270666648922]",0.4880681818181818,0.49886363636363634,0.010795454545454546,"[0.0005681818181818187, 0.025582386363636286]",0.2375,0.3522727272727273,0.3522727272727273,0.9431818181818182,0.9431818181818182,0.0,0,0,1.0,1.0,0,
track1_5ch,recordingSessionGroup,M36_MULTI_VIEW_RULE,SAFE-99,CONGRUENT_CONTEXT,0.55,88,88,7,7,88,0.07954545454545454,0.07954545454545454,1.0,1.0,"[0.6456695649333126, 1.0]",0,0,,"[null, null]",0.0,"[0.0, 0.0418270666648922]",0.48068181818181815,0.49886363636363634,0.018181818181818184,"[0.003977272727272727, 0.03806818181818182]",0.2285714285714286,0.36363636363636365,0.36363636363636365,0.9431818181818182,0.9431818181818182,0.0,0,0,1.0,1.0,0,
track1_5ch,recordingSessionGroup,M36_MULTI_VIEW_RULE,SAFE-99,CONGRUENT_CONTEXT,0.60,88,88,8,8,88,0.09090909090909091,0.09090909090909091,1.0,1.0,"[0.6755924351161198, 1.0]",0,0,,"[null, null]",0.0,"[0.0, 0.0418270666648922]",0.4801136363636363,0.49886363636363634,0.018750000000000003,"[0.003977272727272729, 0.0375]",0.20625000000000002,0.375,0.375,0.9431818181818182,0.9431818181818182,0.0,0,0,1.0,1.0,0,
track1_5ch,recordingSessionGroup,M36_MULTI_VIEW_RULE,SAFE-99,CONGRUENT_CONTEXT,0.65,88,88,9,9,88,0.10227272727272728,0.10227272727272728,1.0,1.0,"[0.7008549515804559, 1.0]",0,0,,"[null, null]",0.0,"[0.0, 0.0418270666648922]",0.47954545454545444,0.49886363636363634,0.01931818181818182,"[0.004545454545454546, 0.0375]",0.1888888888888889,0.38636363636363635,0.38636363636363635,0.9431818181818182,0.9431818181818182,0.0,0,0,1.0,1.0,0,
track1_5ch,recordingSessionGroup,M36_MULTI_VIEW_RULE,SAFE-99,CONGRUENT_CONTEXT,0.70,88,88,10,10,88,0.11363636363636363,0.11363636363636363,1.0,1.0,"[0.7224672001371107, 0.9999999999999999]",0,0,,"[null, null]",0.0,"[0.0, 0.0418270666648922]",0.47897727272727264,0.49886363636363634,0.019886363636363636,"[0.005681818181818182, 0.037514204545454476]",0.175,0.38636363636363635,0.38636363636363635,0.9431818181818182,0.9431818181818182,0.0,0,0,1.0,1.0,0,
track1_5ch,recordingSessionGroup,M36_MULTI_VIEW_RULE,SAFE-99,CONGRUENT_CONTEXT,0.75,88,88,12,12,88,0.13636363636363635,0.13636363636363635,1.0,1.0,"[0.7575059933447592, 1.0]",0,0,,"[null, null]",0.0,"[0.0, 0.0418270666648922]",0.4761363636363635,0.49886363636363634,0.022727272727272728,"[0.007954545454545454, 0.042045454545454546]",0.16666666666666666,0.3977272727272727,0.3977272727272727,0.9431818181818182,0.9431818181818182,0.0,0,0,1.0,1.0,0,
track1_5ch,recordingSessionGroup,M36_MULTI_VIEW_RULE,SAFE-99,CONGRUENT_CONTEXT,0.80,88,88,14,14,88,0.1590909090909091,0.1590909090909091,1.0,1.0,"[0.7846891972623643, 1.0]",0,0,,"[null, null]",0.0,"[0.0, 0.0418270666648922]",0.4744318181818181,0.49886363636363634,0.024431818181818176,"[0.009090909090909089, 0.04431818181818182]",0.15357142857142853,0.4090909090909091,0.4090909090909091,0.9431818181818182,0.9431818181818182,0.0,0,0,1.0,1.0,0,
track1_5ch,recordingSessionGroup,M36_MULTI_VIEW_RULE,SAFE-99,CONGRUENT_CONTEXT,0.85,88,88,16,16,88,0.18181818181818182,0.18181818181818182,1.0,1.0,"[0.8063923194655637, 1.0]",0,0,,"[null, null]",0.0,"[0.0, 0.0418270666648922]",0.471590909090909,0.49886363636363634,0.027272727272727268,"[0.01136363636363636, 0.046590909090909086]",0.14999999999999997,0.4090909090909091,0.4090909090909091,0.9431818181818182,0.9431818181818182,0.0,0,0,1.0,1.0,0,
track1_5ch,recordingSessionGroup,M36_MULTI_VIEW_RULE,SAFE-99,CONGRUENT_CONTEXT,0.90,88,88,16,16,88,0.18181818181818182,0.18181818181818182,1.0,1.0,"[0.8063923194655637, 1.0]",0,0,,"[null, null]",0.0,"[0.0, 0.0418270666648922]",0.471590909090909,0.49886363636363634,0.027272727272727268,"[0.012499999999999995, 0.047173295454545384]",0.14999999999999997,0.4090909090909091,0.4090909090909091,0.9431818181818182,0.9431818181818182,0.0,0,0,1.0,1.0,0,
track1_5ch,recordingSessionGroup,M36_MULTI_VIEW_RULE,SAFE-99,CONGRUENT_CONTEXT,0.95,88,88,16,16,88,0.18181818181818182,0.18181818181818182,1.0,1.0,"[0.8063923194655637, 1.0]",0,0,,"[null, null]",0.0,"[0.0, 0.0418270666648922]",0.4710227272727272,0.49886363636363634,0.027840909090909093,"[0.01136363636363636, 0.048295454545454544]",0.153125,0.4090909090909091,0.4090909090909091,0.9431818181818182,0.9431818181818182,0.0,0,0,1.0,1.0,0,
track1_5ch,recordingSessionGroup,M36_MULTI_VIEW_RULE,SAFE-99,INCONGRUENT_CONTEXT,0.45,88,176,0,0,,0.0,0.0,,,"[null, null]",0,0,0.0,"[null, null]",0.0,"[0.0, 0.0418270666648922]",0.49886363636363634,0.49886363636363634,0.0,"[0.0, 0.0]",,0.3409090909090909,0.3409090909090909,0.9431818181818182,0.9431818181818182,0.0,0,0,1.0,1.0,0,False
track1_5ch,recordingSessionGroup,M36_MULTI_VIEW_RULE,SAFE-99,INCONGRUENT_CONTEXT,0.50,88,176,0,0,,0.0,0.0,,,"[null, null]",0,0,0.0,"[null, null]",0.0,"[0.0, 0.0418270666648922]",0.49886363636363634,0.49886363636363634,0.0,"[0.0, 0.0]",,0.3409090909090909,0.3409090909090909,0.9431818181818182,0.9431818181818182,0.0,0,0,1.0,1.0,0,False
track1_5ch,recordingSessionGroup,M36_MULTI_VIEW_RULE,SAFE-99,INCONGRUENT_CONTEXT,0.55,88,176,0,0,,0.0,0.0,,,"[null, null]",0,0,0.0,"[null, null]",0.0,"[0.0, 0.0418270666648922]",0.49886363636363634,0.49886363636363634,0.0,"[0.0, 0.0]",,0.3409090909090909,0.3409090909090909,0.9431818181818182,0.9431818181818182,0.0,0,0,1.0,1.0,0,False
track1_5ch,recordingSessionGroup,M36_MULTI_VIEW_RULE,SAFE-99,INCONGRUENT_CONTEXT,0.60,88,176,0,0,,0.0,0.0,,,"[null, null]",0,0,0.0,"[null, null]",0.0,"[0.0, 0.0418270666648922]",0.49886363636363634,0.49886363636363634,0.0,"[0.0, 0.0]",,0.3409090909090909,0.3409090909090909,0.9431818181818182,0.9431818181818182,0.0,0,0,1.0,1.0,0,False
track1_5ch,recordingSessionGroup,M36_MULTI_VIEW_RULE,SAFE-99,INCONGRUENT_CONTEXT,0.65,88,176,0,0,,0.0,0.0,,,"[null, null]",0,0,0.0,"[null, null]",0.0,"[0.0, 0.0418270666648922]",0.49886363636363634,0.49886363636363634,0.0,"[0.0, 0.0]",,0.3409090909090909,0.3409090909090909,0.9431818181818182,0.9431818181818182,0.0,0,0,1.0,1.0,0,False
track1_5ch,recordingSessionGroup,M36_MULTI_VIEW_RULE,SAFE-99,INCONGRUENT_CONTEXT,0.70,88,176,0,0,,0.0,0.0,,,"[null, null]",0,0,0.0,"[null, null]",0.0,"[0.0, 0.0418270666648922]",0.49886363636363634,0.49886363636363634,0.0,"[0.0, 0.0]",,0.3409090909090909,0.3409090909090909,0.9431818181818182,0.9431818181818182,0.0,0,0,1.0,1.0,0,False
track1_5ch,recordingSessionGroup,M36_MULTI_VIEW_RULE,SAFE-99,INCONGRUENT_CONTEXT,0.75,88,176,0,0,,0.0,0.0,,,"[null, null]",0,0,0.0,"[null, null]",0.0,"[0.0, 0.0418270666648922]",0.49886363636363634,0.49886363636363634,0.0,"[0.0, 0.0]",,0.3409090909090909,0.3409090909090909,0.9431818181818182,0.9431818181818182,0.0,0,0,1.0,1.0,0,False
track1_5ch,recordingSessionGroup,M36_MULTI_VIEW_RULE,SAFE-99,INCONGRUENT_CONTEXT,0.80,88,176,1,1,,0.005681818181818182,0.011363636363636364,0.0,0.0,"[0.0, 0.7934506856227626]",1,1,1.0,"[0.20654931437723745, 1.0]",0.011363636363636364,"[0.0020087853177044694, 0.061594938922985634]",0.4948863636363635,0.49886363636363634,0.003977272727272727,"[0.0, 0.01193181818181818]",0.7,0.3465909090909091,0.3465909090909091,0.9375,0.9318181818181818,-0.011363636363636364,1,0,1.0,0.9943181818181818,0,False
track1_5ch,recordingSessionGroup,M36_MULTI_VIEW_RULE,SAFE-99,INCONGRUENT_CONTEXT,0.85,88,176,1,1,,0.005681818181818182,0.011363636363636364,0.0,0.0,"[0.0, 0.7934506856227626]",1,1,1.0,"[0.20654931437723745, 1.0]",0.011363636363636364,"[0.0020087853177044694, 0.061594938922985634]",0.4948863636363635,0.49886363636363634,0.003977272727272727,"[0.0, 0.01193181818181818]",0.7,0.3465909090909091,0.3465909090909091,0.9375,0.9318181818181818,-0.011363636363636364,1,0,1.0,0.9943181818181818,0,False
track1_5ch,recordingSessionGroup,M36_MULTI_VIEW_RULE,SAFE-99,INCONGRUENT_CONTEXT,0.90,88,176,1,1,,0.005681818181818182,0.011363636363636364,0.0,0.0,"[0.0, 0.7934506856227626]",1,1,1.0,"[0.20654931437723745, 1.0]",0.011363636363636364,"[0.0020087853177044694, 0.061594938922985634]",0.4948863636363635,0.49886363636363634,0.003977272727272727,"[0.0, 0.01193181818181818]",0.7,0.3465909090909091,0.3465909090909091,0.9375,0.9318181818181818,-0.011363636363636364,1,0,1.0,0.9943181818181818,0,False
track1_5ch,recordingSessionGroup,M36_MULTI_VIEW_RULE,SAFE-99,INCONGRUENT_CONTEXT,0.95,88,176,1,1,,0.005681818181818182,0.011363636363636364,0.0,0.0,"[0.0, 0.7934506856227626]",1,1,1.0,"[0.20654931437723745, 1.0]",0.011363636363636364,"[0.0020087853177044694, 0.061594938922985634]",0.4948863636363635,0.49886363636363634,0.003977272727272727,"[0.0, 0.01193181818181818]",0.7,0.3465909090909091,0.3465909090909091,0.9375,0.9318181818181818,-0.011363636363636364,1,0,1.0,0.9943181818181818,0,False
track1_5ch,recordingSessionGroup,M36_MULTI_VIEW_RULE,SAFE-99,NEUTRAL_CONTEXT,,88,88,0,0,,0.0,0.0,,,"[null, null]",0,0,,"[null, null]",0.0,"[0.0, 0.0418270666648922]",0.49886363636363634,0.49886363636363634,0.0,"[0.0, 0.0]",,0.3409090909090909,0.3409090909090909,0.9431818181818182,0.9431818181818182,0.0,0,0,1.0,1.0,0,
track1_5ch,recordingSessionGroup,M36_MULTI_VIEW_RULE,SAFE-STRICT,CONGRUENT_CONTEXT,0.45,88,88,4,4,88,0.045454545454545456,0.045454545454545456,1.0,1.0,"[0.5101091635454027, 1.0]",0,0,,"[null, null]",0.0,"[0.0, 0.0418270666648922]",0.4880681818181818,0.49886363636363634,0.010795454545454546,"[0.0005681818181818187, 0.025]",0.2375,0.3522727272727273,0.3522727272727273,0.9431818181818182,0.9431818181818182,0.0,0,0,1.0,1.0,0,
track1_5ch,recordingSessionGroup,M36_MULTI_VIEW_RULE,SAFE-STRICT,CONGRUENT_CONTEXT,0.50,88,88,4,4,88,0.045454545454545456,0.045454545454545456,1.0,1.0,"[0.5101091635454027, 1.0]",0,0,,"[null, null]",0.0,"[0.0, 0.0418270666648922]",0.4880681818181818,0.49886363636363634,0.010795454545454546,"[0.0005681818181818187, 0.02443181818181818]",0.2375,0.3522727272727273,0.3522727272727273,0.9431818181818182,0.9431818181818182,0.0,0,0,1.0,1.0,0,
track1_5ch,recordingSessionGroup,M36_MULTI_VIEW_RULE,SAFE-STRICT,CONGRUENT_CONTEXT,0.55,88,88,7,7,88,0.07954545454545454,0.07954545454545454,1.0,1.0,"[0.6456695649333126, 1.0]",0,0,,"[null, null]",0.0,"[0.0, 0.0418270666648922]",0.48068181818181815,0.49886363636363634,0.018181818181818184,"[0.003977272727272726, 0.036931818181818184]",0.2285714285714286,0.36363636363636365,0.36363636363636365,0.9431818181818182,0.9431818181818182,0.0,0,0,1.0,1.0,0,
track1_5ch,recordingSessionGroup,M36_MULTI_VIEW_RULE,SAFE-STRICT,CONGRUENT_CONTEXT,0.60,88,88,8,8,88,0.09090909090909091,0.09090909090909091,1.0,1.0,"[0.6755924351161198, 1.0]",0,0,,"[null, null]",0.0,"[0.0, 0.0418270666648922]",0.4801136363636363,0.49886363636363634,0.018750000000000003,"[0.005113636363636364, 0.036931818181818184]",0.20625000000000002,0.375,0.375,0.9431818181818182,0.9431818181818182,0.0,0,0,1.0,1.0,0,
track1_5ch,recordingSessionGroup,M36_MULTI_VIEW_RULE,SAFE-STRICT,CONGRUENT_CONTEXT,0.65,88,88,9,9,88,0.10227272727272728,0.10227272727272728,1.0,1.0,"[0.7008549515804559, 1.0]",0,0,,"[null, null]",0.0,"[0.0, 0.0418270666648922]",0.47954545454545444,0.49886363636363634,0.01931818181818182,"[0.005113636363636363, 0.03806818181818182]",0.1888888888888889,0.38636363636363635,0.38636363636363635,0.9431818181818182,0.9431818181818182,0.0,0,0,1.0,1.0,0,
track1_5ch,recordingSessionGroup,M36_MULTI_VIEW_RULE,SAFE-STRICT,CONGRUENT_CONTEXT,0.70,88,88,10,10,88,0.11363636363636363,0.11363636363636363,1.0,1.0,"[0.7224672001371107, 0.9999999999999999]",0,0,,"[null, null]",0.0,"[0.0, 0.0418270666648922]",0.47897727272727264,0.49886363636363634,0.019886363636363636,"[0.005681818181818182, 0.0375]",0.175,0.38636363636363635,0.38636363636363635,0.9431818181818182,0.9431818181818182,0.0,0,0,1.0,1.0,0,
track1_5ch,recordingSessionGroup,M36_MULTI_VIEW_RULE,SAFE-STRICT,CONGRUENT_CONTEXT,0.75,88,88,12,12,88,0.13636363636363635,0.13636363636363635,1.0,1.0,"[0.7575059933447592, 1.0]",0,0,,"[null, null]",0.0,"[0.0, 0.0418270666648922]",0.4761363636363635,0.49886363636363634,0.022727272727272728,"[0.007386363636363635, 0.0409090909090909]",0.16666666666666666,0.3977272727272727,0.3977272727272727,0.9431818181818182,0.9431818181818182,0.0,0,0,1.0,1.0,0,
track1_5ch,recordingSessionGroup,M36_MULTI_VIEW_RULE,SAFE-STRICT,CONGRUENT_CONTEXT,0.80,88,88,14,14,88,0.1590909090909091,0.1590909090909091,1.0,1.0,"[0.7846891972623643, 1.0]",0,0,,"[null, null]",0.0,"[0.0, 0.0418270666648922]",0.4744318181818181,0.49886363636363634,0.024431818181818176,"[0.009090909090909089, 0.04318181818181818]",0.15357142857142853,0.4090909090909091,0.4090909090909091,0.9431818181818182,0.9431818181818182,0.0,0,0,1.0,1.0,0,
track1_5ch,recordingSessionGroup,M36_MULTI_VIEW_RULE,SAFE-STRICT,CONGRUENT_CONTEXT,0.85,88,88,16,16,88,0.18181818181818182,0.18181818181818182,1.0,1.0,"[0.8063923194655637, 1.0]",0,0,,"[null, null]",0.0,"[0.0, 0.0418270666648922]",0.471590909090909,0.49886363636363634,0.027272727272727268,"[0.010795454545454546, 0.047159090909090914]",0.14999999999999997,0.4090909090909091,0.4090909090909091,0.9431818181818182,0.9431818181818182,0.0,0,0,1.0,1.0,0,
track1_5ch,recordingSessionGroup,M36_MULTI_VIEW_RULE,SAFE-STRICT,CONGRUENT_CONTEXT,0.90,88,88,16,16,88,0.18181818181818182,0.18181818181818182,1.0,1.0,"[0.8063923194655637, 1.0]",0,0,,"[null, null]",0.0,"[0.0, 0.0418270666648922]",0.471590909090909,0.49886363636363634,0.027272727272727268,"[0.011363636363636364, 0.047159090909090914]",0.14999999999999997,0.4090909090909091,0.4090909090909091,0.9431818181818182,0.9431818181818182,0.0,0,0,1.0,1.0,0,
track1_5ch,recordingSessionGroup,M36_MULTI_VIEW_RULE,SAFE-STRICT,CONGRUENT_CONTEXT,0.95,88,88,16,16,88,0.18181818181818182,0.18181818181818182,1.0,1.0,"[0.8063923194655637, 1.0]",0,0,,"[null, null]",0.0,"[0.0, 0.0418270666648922]",0.4710227272727272,0.49886363636363634,0.027840909090909093,"[0.011363636363636366, 0.048309659090909014]",0.153125,0.4090909090909091,0.4090909090909091,0.9431818181818182,0.9431818181818182,0.0,0,0,1.0,1.0,0,
track1_5ch,recordingSessionGroup,M36_MULTI_VIEW_RULE,SAFE-STRICT,INCONGRUENT_CONTEXT,0.45,88,176,0,0,,0.0,0.0,,,"[null, null]",0,0,0.0,"[null, null]",0.0,"[0.0, 0.0418270666648922]",0.49886363636363634,0.49886363636363634,0.0,"[0.0, 0.0]",,0.3409090909090909,0.3409090909090909,0.9431818181818182,0.9431818181818182,0.0,0,0,1.0,1.0,0,False
track1_5ch,recordingSessionGroup,M36_MULTI_VIEW_RULE,SAFE-STRICT,INCONGRUENT_CONTEXT,0.50,88,176,0,0,,0.0,0.0,,,"[null, null]",0,0,0.0,"[null, null]",0.0,"[0.0, 0.0418270666648922]",0.49886363636363634,0.49886363636363634,0.0,"[0.0, 0.0]",,0.3409090909090909,0.3409090909090909,0.9431818181818182,0.9431818181818182,0.0,0,0,1.0,1.0,0,False
track1_5ch,recordingSessionGroup,M36_MULTI_VIEW_RULE,SAFE-STRICT,INCONGRUENT_CONTEXT,0.55,88,176,0,0,,0.0,0.0,,,"[null, null]",0,0,0.0,"[null, null]",0.0,"[0.0, 0.0418270666648922]",0.49886363636363634,0.49886363636363634,0.0,"[0.0, 0.0]",,0.3409090909090909,0.3409090909090909,0.9431818181818182,0.9431818181818182,0.0,0,0,1.0,1.0,0,False
track1_5ch,recordingSessionGroup,M36_MULTI_VIEW_RULE,SAFE-STRICT,INCONGRUENT_CONTEXT,0.60,88,176,0,0,,0.0,0.0,,,"[null, null]",0,0,0.0,"[null, null]",0.0,"[0.0, 0.0418270666648922]",0.49886363636363634,0.49886363636363634,0.0,"[0.0, 0.0]",,0.3409090909090909,0.3409090909090909,0.9431818181818182,0.9431818181818182,0.0,0,0,1.0,1.0,0,False
track1_5ch,recordingSessionGroup,M36_MULTI_VIEW_RULE,SAFE-STRICT,INCONGRUENT_CONTEXT,0.65,88,176,0,0,,0.0,0.0,,,"[null, null]",0,0,0.0,"[null, null]",0.0,"[0.0, 0.0418270666648922]",0.49886363636363634,0.49886363636363634,0.0,"[0.0, 0.0]",,0.3409090909090909,0.3409090909090909,0.9431818181818182,0.9431818181818182,0.0,0,0,1.0,1.0,0,False
track1_5ch,recordingSessionGroup,M36_MULTI_VIEW_RULE,SAFE-STRICT,INCONGRUENT_CONTEXT,0.70,88,176,0,0,,0.0,0.0,,,"[null, null]",0,0,0.0,"[null, null]",0.0,"[0.0, 0.0418270666648922]",0.49886363636363634,0.49886363636363634,0.0,"[0.0, 0.0]",,0.3409090909090909,0.3409090909090909,0.9431818181818182,0.9431818181818182,0.0,0,0,1.0,1.0,0,False
track1_5ch,recordingSessionGroup,M36_MULTI_VIEW_RULE,SAFE-STRICT,INCONGRUENT_CONTEXT,0.75,88,176,0,0,,0.0,0.0,,,"[null, null]",0,0,0.0,"[null, null]",0.0,"[0.0, 0.0418270666648922]",0.49886363636363634,0.49886363636363634,0.0,"[0.0, 0.0]",,0.3409090909090909,0.3409090909090909,0.9431818181818182,0.9431818181818182,0.0,0,0,1.0,1.0,0,False
track1_5ch,recordingSessionGroup,M36_MULTI_VIEW_RULE,SAFE-STRICT,INCONGRUENT_CONTEXT,0.80,88,176,1,1,,0.005681818181818182,0.011363636363636364,0.0,0.0,"[0.0, 0.7934506856227626]",1,1,1.0,"[0.20654931437723745, 1.0]",0.011363636363636364,"[0.0020087853177044694, 0.061594938922985634]",0.4948863636363635,0.49886363636363634,0.003977272727272727,"[0.0, 0.01193181818181818]",0.7,0.3465909090909091,0.3465909090909091,0.9375,0.9318181818181818,-0.011363636363636364,1,0,1.0,0.9943181818181818,0,False
track1_5ch,recordingSessionGroup,M36_MULTI_VIEW_RULE,SAFE-STRICT,INCONGRUENT_CONTEXT,0.85,88,176,1,1,,0.005681818181818182,0.011363636363636364,0.0,0.0,"[0.0, 0.7934506856227626]",1,1,1.0,"[0.20654931437723745, 1.0]",0.011363636363636364,"[0.0020087853177044694, 0.061594938922985634]",0.4948863636363635,0.49886363636363634,0.003977272727272727,"[0.0, 0.01193181818181818]",0.7,0.3465909090909091,0.3465909090909091,0.9375,0.9318181818181818,-0.011363636363636364,1,0,1.0,0.9943181818181818,0,False
track1_5ch,recordingSessionGroup,M36_MULTI_VIEW_RULE,SAFE-STRICT,INCONGRUENT_CONTEXT,0.90,88,176,1,1,,0.005681818181818182,0.011363636363636364,0.0,0.0,"[0.0, 0.7934506856227626]",1,1,1.0,"[0.20654931437723745, 1.0]",0.011363636363636364,"[0.0020087853177044694, 0.061594938922985634]",0.4948863636363635,0.49886363636363634,0.003977272727272727,"[0.0, 0.01193181818181818]",0.7,0.3465909090909091,0.3465909090909091,0.9375,0.9318181818181818,-0.011363636363636364,1,0,1.0,0.9943181818181818,0,False
track1_5ch,recordingSessionGroup,M36_MULTI_VIEW_RULE,SAFE-STRICT,INCONGRUENT_CONTEXT,0.95,88,176,1,1,,0.005681818181818182,0.011363636363636364,0.0,0.0,"[0.0, 0.7934506856227626]",1,1,1.0,"[0.20654931437723745, 1.0]",0.011363636363636364,"[0.0020087853177044694, 0.061594938922985634]",0.4948863636363635,0.49886363636363634,0.003977272727272727,"[0.0, 0.01193181818181818]",0.7,0.3465909090909091,0.3465909090909091,0.9375,0.9318181818181818,-0.011363636363636364,1,0,1.0,0.9943181818181818,0,False
track1_5ch,recordingSessionGroup,M36_MULTI_VIEW_RULE,SAFE-STRICT,NEUTRAL_CONTEXT,,88,88,0,0,,0.0,0.0,,,"[null, null]",0,0,,"[null, null]",0.0,"[0.0, 0.0418270666648922]",0.49886363636363634,0.49886363636363634,0.0,"[0.0, 0.0]",,0.3409090909090909,0.3409090909090909,0.9431818181818182,0.9431818181818182,0.0,0,0,1.0,1.0,0,
track2_common3,acquisitionCampaignGroup,M35_CONSERVATIVE,FIXED,CONGRUENT_CONTEXT,0.45,118,118,0,0,118,0.0,0.0,,,"[null, null]",0,0,,"[null, null]",0.0,"[0.0, 0.03152833902249433]",0.41694915254237286,0.41694915254237286,0.0,"[0.0, 0.0]",,0.5423728813559322,0.5423728813559322,0.864406779661017,0.864406779661017,0.0,0,0,1.0,1.0,0,
track2_common3,acquisitionCampaignGroup,M35_CONSERVATIVE,FIXED,CONGRUENT_CONTEXT,0.50,118,118,0,0,118,0.0,0.0,,,"[null, null]",0,0,,"[null, null]",0.0,"[0.0, 0.03152833902249433]",0.41694915254237286,0.41694915254237286,0.0,"[0.0, 0.0]",,0.5423728813559322,0.5423728813559322,0.864406779661017,0.864406779661017,0.0,0,0,1.0,1.0,0,
track2_common3,acquisitionCampaignGroup,M35_CONSERVATIVE,FIXED,CONGRUENT_CONTEXT,0.55,118,118,1,1,118,0.00847457627118644,0.00847457627118644,1.0,1.0,"[0.20654931437723745, 1.0]",0,0,,"[null, null]",0.0,"[0.0, 0.03152833902249433]",0.4161016949152542,0.41694915254237286,0.0008474576271186438,"[0.0, 0.0025423728813559316]",0.09999999999999998,0.5423728813559322,0.5423728813559322,0.864406779661017,0.864406779661017,0.0,0,0,1.0,1.0,0,
track2_common3,acquisitionCampaignGroup,M35_CONSERVATIVE,FIXED,CONGRUENT_CONTEXT,0.60,118,118,2,2,118,0.01694915254237288,0.01694915254237288,1.0,1.0,"[0.34238022750665303, 1.0]",0,0,,"[null, null]",0.0,"[0.0, 0.03152833902249433]",0.411864406779661,0.41694915254237286,0.005084745762711864,"[0.0, 0.015254237288135592]",0.3,0.5423728813559322,0.5423728813559322,0.864406779661017,0.864406779661017,0.0,0,0,1.0,1.0,0,
track2_common3,acquisitionCampaignGroup,M35_CONSERVATIVE,FIXED,CONGRUENT_CONTEXT,0.65,118,118,2,2,118,0.01694915254237288,0.01694915254237288,1.0,1.0,"[0.34238022750665303, 1.0]",0,0,,"[null, null]",0.0,"[0.0, 0.03152833902249433]",0.411864406779661,0.41694915254237286,0.005084745762711864,"[0.0, 0.015254237288135594]",0.3,0.5423728813559322,0.5423728813559322,0.864406779661017,0.864406779661017,0.0,0,0,1.0,1.0,0,
track2_common3,acquisitionCampaignGroup,M35_CONSERVATIVE,FIXED,CONGRUENT_CONTEXT,0.70,118,118,2,2,118,0.01694915254237288,0.01694915254237288,1.0,1.0,"[0.34238022750665303, 1.0]",0,0,,"[null, null]",0.0,"[0.0, 0.03152833902249433]",0.411864406779661,0.41694915254237286,0.005084745762711864,"[0.0, 0.014427966101694802]",0.3,0.5423728813559322,0.5423728813559322,0.864406779661017,0.864406779661017,0.0,0,0,1.0,1.0,0,
track2_common3,acquisitionCampaignGroup,M35_CONSERVATIVE,FIXED,CONGRUENT_CONTEXT,0.75,118,118,4,4,118,0.03389830508474576,0.03389830508474576,1.0,1.0,"[0.5101091635454027, 1.0]",0,0,,"[null, null]",0.0,"[0.0, 0.03152833902249433]",0.4055084745762712,0.41694915254237286,0.011440677966101695,"[0.0008474576271186438, 0.026694915254237287]",0.3375,0.5423728813559322,0.5423728813559322,0.864406779661017,0.864406779661017,0.0,0,0,1.0,1.0,0,
track2_common3,acquisitionCampaignGroup,M35_CONSERVATIVE,FIXED,CONGRUENT_CONTEXT,0.80,118,118,5,5,118,0.0423728813559322,0.0423728813559322,1.0,1.0,"[0.5655175352168251, 1.0]",0,0,,"[null, null]",0.0,"[0.0, 0.03152833902249433]",0.4046610169491525,0.41694915254237286,0.012288135593220338,"[0.0008474576271186438, 0.027966101694915254]",0.29,0.5423728813559322,0.5423728813559322,0.864406779661017,0.864406779661017,0.0,0,0,1.0,1.0,0,
track2_common3,acquisitionCampaignGroup,M35_CONSERVATIVE,FIXED,CONGRUENT_CONTEXT,0.85,118,118,6,6,118,0.05084745762711865,0.05084745762711865,1.0,1.0,"[0.6096657120978346, 1.0]",0,0,,"[null, null]",0.0,"[0.0, 0.03152833902249433]",0.4029661016949153,0.41694915254237286,0.013983050847457627,"[0.0025423728813559316, 0.029661016949152543]",0.27499999999999997,0.5423728813559322,0.5423728813559322,0.864406779661017,0.864406779661017,0.0,0,0,1.0,1.0,0,
track2_common3,acquisitionCampaignGroup,M35_CONSERVATIVE,FIXED,CONGRUENT_CONTEXT,0.90,118,118,6,6,118,0.05084745762711865,0.05084745762711865,1.0,1.0,"[0.6096657120978346, 1.0]",0,0,,"[null, null]",0.0,"[0.0, 0.03152833902249433]",0.4029661016949153,0.41694915254237286,0.013983050847457627,"[0.0025423728813559316, 0.03009533898305079]",0.27499999999999997,0.5423728813559322,0.5423728813559322,0.864406779661017,0.864406779661017,0.0,0,0,1.0,1.0,0,
track2_common3,acquisitionCampaignGroup,M35_CONSERVATIVE,FIXED,CONGRUENT_CONTEXT,0.95,118,118,6,6,118,0.05084745762711865,0.05084745762711865,1.0,1.0,"[0.6096657120978346, 1.0]",0,0,,"[null, null]",0.0,"[0.0, 0.03152833902249433]",0.4029661016949153,0.41694915254237286,0.013983050847457627,"[0.0025423728813559316, 0.02967161016949147]",0.27499999999999997,0.5423728813559322,0.5423728813559322,0.864406779661017,0.864406779661017,0.0,0,0,1.0,1.0,0,
track2_common3,acquisitionCampaignGroup,M35_CONSERVATIVE,FIXED,INCONGRUENT_CONTEXT,0.45,118,236,0,0,,0.0,0.0,,,"[null, null]",0,0,0.0,"[null, null]",0.0,"[0.0, 0.03152833902249433]",0.41694915254237286,0.41694915254237286,0.0,"[0.0, 0.0]",,0.5423728813559322,0.5423728813559322,0.864406779661017,0.864406779661017,0.0,0,0,1.0,1.0,0,
track2_common3,acquisitionCampaignGroup,M35_CONSERVATIVE,FIXED,INCONGRUENT_CONTEXT,0.50,118,236,0,0,,0.0,0.0,,,"[null, null]",0,0,0.0,"[null, null]",0.0,"[0.0, 0.03152833902249433]",0.41694915254237286,0.41694915254237286,0.0,"[0.0, 0.0]",,0.5423728813559322,0.5423728813559322,0.864406779661017,0.864406779661017,0.0,0,0,1.0,1.0,0,
track2_common3,acquisitionCampaignGroup,M35_CONSERVATIVE,FIXED,INCONGRUENT_CONTEXT,0.55,118,236,0,0,,0.0,0.0,,,"[null, null]",0,0,0.0,"[null, null]",0.0,"[0.0, 0.03152833902249433]",0.41694915254237286,0.41694915254237286,0.0,"[0.0, 0.0]",,0.5423728813559322,0.5423728813559322,0.864406779661017,0.864406779661017,0.0,0,0,1.0,1.0,0,
track2_common3,acquisitionCampaignGroup,M35_CONSERVATIVE,FIXED,INCONGRUENT_CONTEXT,0.60,118,236,1,1,,0.00423728813559322,0.00847457627118644,0.0,0.0,"[0.0, 0.7934506856227626]",1,1,1.0,"[0.20654931437723745, 1.0]",0.00847457627118644,"[0.0014975405219652578, 0.04644557241540204]",0.41419491525423724,0.41694915254237286,0.002754237288135593,"[0.0, 0.008262711864406781]",0.65,0.5423728813559322,0.5423728813559322,0.8601694915254238,0.8559322033898306,-0.00847457627118644,1,0,1.0,0.9957627118644068,0,
track2_common3,acquisitionCampaignGroup,M35_CONSERVATIVE,FIXED,INCONGRUENT_CONTEXT,0.65,118,236,2,2,,0.00847457627118644,0.01694915254237288,0.0,0.0,"[0.0, 0.6576197724933469]",2,2,1.0,"[0.34238022750665303, 1.0]",0.01694915254237288,"[0.004660442504200446, 0.059697444348039835]",0.4114406779661016,0.41694915254237286,0.005508474576271186,"[0.0, 0.013771186440677966]",0.65,0.5423728813559322,0.5423728813559322,0.8559322033898306,0.847457627118644,-0.01694915254237288,2,0,0.5,0.9915254237288136,0,
track2_common3,acquisitionCampaignGroup,M35_CONSERVATIVE,FIXED,INCONGRUENT_CONTEXT,0.70,118,236,2,2,,0.00847457627118644,0.01694915254237288,0.0,0.0,"[0.0, 0.6576197724933469]",2,2,1.0,"[0.34238022750665303, 1.0]",0.01694915254237288,"[0.004660442504200446, 0.059697444348039835]",0.4114406779661016,0.41694915254237286,0.005508474576271186,"[0.0, 0.013771186440677966]",0.65,0.5423728813559322,0.5423728813559322,0.8559322033898306,0.847457627118644,-0.01694915254237288,2,0,0.5,0.9915254237288136,0,
track2_common3,acquisitionCampaignGroup,M35_CONSERVATIVE,FIXED,INCONGRUENT_CONTEXT,0.75,118,236,2,2,,0.00847457627118644,0.01694915254237288,0.0,0.0,"[0.0, 0.6576197724933469]",2,2,1.0,"[0.34238022750665303, 1.0]",0.01694915254237288,"[0.004660442504200446, 0.059697444348039835]",0.4114406779661016,0.41694915254237286,0.005508474576271186,"[0.0, 0.013771186440677966]",0.65,0.5423728813559322,0.5423728813559322,0.8559322033898306,0.847457627118644,-0.01694915254237288,2,0,0.5,0.9915254237288136,0,
track2_common3,acquisitionCampaignGroup,M35_CONSERVATIVE,FIXED,INCONGRUENT_CONTEXT,0.80,118,236,2,2,,0.00847457627118644,0.01694915254237288,0.0,0.0,"[0.0, 0.6576197724933469]",2,2,1.0,"[0.34238022750665303, 1.0]",0.01694915254237288,"[0.004660442504200446, 0.059697444348039835]",0.4114406779661016,0.41694915254237286,0.005508474576271186,"[0.0, 0.013771186440677966]",0.65,0.5423728813559322,0.5423728813559322,0.8559322033898306,0.847457627118644,-0.01694915254237288,2,0,0.5,0.9915254237288136,0,
track2_common3,acquisitionCampaignGroup,M35_CONSERVATIVE,FIXED,INCONGRUENT_CONTEXT,0.85,118,236,2,2,,0.00847457627118644,0.01694915254237288,0.0,0.0,"[0.0, 0.6576197724933469]",2,2,1.0,"[0.34238022750665303, 1.0]",0.01694915254237288,"[0.004660442504200446, 0.059697444348039835]",0.4114406779661016,0.41694915254237286,0.005508474576271186,"[0.0, 0.013771186440677966]",0.65,0.5423728813559322,0.5423728813559322,0.8559322033898306,0.847457627118644,-0.01694915254237288,2,0,0.5,0.9915254237288136,0,
track2_common3,acquisitionCampaignGroup,M35_CONSERVATIVE,FIXED,INCONGRUENT_CONTEXT,0.90,118,236,2,2,,0.00847457627118644,0.01694915254237288,0.0,0.0,"[0.0, 0.6576197724933469]",2,2,1.0,"[0.34238022750665303, 1.0]",0.01694915254237288,"[0.004660442504200446, 0.059697444348039835]",0.4114406779661016,0.41694915254237286,0.005508474576271186,"[0.0, 0.013771186440677966]",0.65,0.5423728813559322,0.5423728813559322,0.8559322033898306,0.847457627118644,-0.01694915254237288,2,0,0.5,0.9915254237288136,0,
track2_common3,acquisitionCampaignGroup,M35_CONSERVATIVE,FIXED,INCONGRUENT_CONTEXT,0.95,118,236,2,2,,0.00847457627118644,0.01694915254237288,0.0,0.0,"[0.0, 0.6576197724933469]",2,2,1.0,"[0.34238022750665303, 1.0]",0.01694915254237288,"[0.004660442504200446, 0.059697444348039835]",0.4114406779661016,0.41694915254237286,0.005508474576271186,"[0.0, 0.013771186440677966]",0.65,0.5423728813559322,0.5423728813559322,0.8559322033898306,0.847457627118644,-0.01694915254237288,2,0,0.5,0.9915254237288136,0,
track2_common3,acquisitionCampaignGroup,M35_CONSERVATIVE,FIXED,NEUTRAL_CONTEXT,,118,118,0,0,,0.0,0.0,,,"[null, null]",0,0,,"[null, null]",0.0,"[0.0, 0.03152833902249433]",0.41694915254237286,0.41694915254237286,0.0,"[0.0, 0.0]",,0.5423728813559322,0.5423728813559322,0.864406779661017,0.864406779661017,0.0,0,0,1.0,1.0,0,
track2_common3,acquisitionCampaignGroup,M36_LOGISTIC_SAFE_GATE,SAFE-95,CONGRUENT_CONTEXT,0.45,118,118,7,7,118,0.059322033898305086,0.059322033898305086,1.0,1.0,"[0.6456695649333126, 1.0]",0,0,,"[null, null]",0.0,"[0.0, 0.03152833902249433]",0.4080508474576272,0.41694915254237286,0.008898305084745763,"[0.0012711864406779658, 0.023305084745762712]",0.15,0.5508474576271186,0.5508474576271186,0.864406779661017,0.864406779661017,0.0,0,0,1.0,1.0,0,
track2_common3,acquisitionCampaignGroup,M36_LOGISTIC_SAFE_GATE,SAFE-95,CONGRUENT_CONTEXT,0.50,118,118,7,7,118,0.059322033898305086,0.059322033898305086,1.0,1.0,"[0.6456695649333126, 1.0]",0,0,,"[null, null]",0.0,"[0.0, 0.03152833902249433]",0.4080508474576272,0.41694915254237286,0.008898305084745763,"[0.0012711864406779658, 0.022881355932203386]",0.15,0.5508474576271186,0.5508474576271186,0.864406779661017,0.864406779661017,0.0,0,0,1.0,1.0,0,
track2_common3,acquisitionCampaignGroup,M36_LOGISTIC_SAFE_GATE,SAFE-95,CONGRUENT_CONTEXT,0.55,118,118,7,7,118,0.059322033898305086,0.059322033898305086,1.0,1.0,"[0.6456695649333126, 1.0]",0,0,,"[null, null]",0.0,"[0.0, 0.03152833902249433]",0.4080508474576272,0.41694915254237286,0.008898305084745763,"[0.0012711864406779658, 0.022468220338982995]",0.15,0.5508474576271186,0.5508474576271186,0.864406779661017,0.864406779661017,0.0,0,0,1.0,1.0,0,
track2_common3,acquisitionCampaignGroup,M36_LOGISTIC_SAFE_GATE,SAFE-95,CONGRUENT_CONTEXT,0.60,118,118,7,7,118,0.059322033898305086,0.059322033898305086,1.0,1.0,"[0.6456695649333126, 1.0]",0,0,,"[null, null]",0.0,"[0.0, 0.03152833902249433]",0.4080508474576272,0.41694915254237286,0.008898305084745763,"[0.0012711864406779658, 0.02288135593220339]",0.15,0.5508474576271186,0.5508474576271186,0.864406779661017,0.864406779661017,0.0,0,0,1.0,1.0,0,
track2_common3,acquisitionCampaignGroup,M36_LOGISTIC_SAFE_GATE,SAFE-95,CONGRUENT_CONTEXT,0.65,118,118,7,7,118,0.059322033898305086,0.059322033898305086,1.0,1.0,"[0.6456695649333126, 1.0]",0,0,,"[null, null]",0.0,"[0.0, 0.03152833902249433]",0.4080508474576272,0.41694915254237286,0.008898305084745763,"[0.0012711864406779658, 0.022457627118644068]",0.15,0.5508474576271186,0.5508474576271186,0.864406779661017,0.864406779661017,0.0,0,0,1.0,1.0,0,
track2_common3,acquisitionCampaignGroup,M36_LOGISTIC_SAFE_GATE,SAFE-95,CONGRUENT_CONTEXT,0.70,118,118,7,7,118,0.059322033898305086,0.059322033898305086,1.0,1.0,"[0.6456695649333126, 1.0]",0,0,,"[null, null]",0.0,"[0.0, 0.03152833902249433]",0.4080508474576272,0.41694915254237286,0.008898305084745763,"[0.0012711864406779658, 0.02245762711864407]",0.15,0.5508474576271186,0.5508474576271186,0.864406779661017,0.864406779661017,0.0,0,0,1.0,1.0,0,
track2_common3,acquisitionCampaignGroup,M36_LOGISTIC_SAFE_GATE,SAFE-95,CONGRUENT_CONTEXT,0.75,118,118,7,7,118,0.059322033898305086,0.059322033898305086,1.0,1.0,"[0.6456695649333126, 1.0]",0,0,,"[null, null]",0.0,"[0.0, 0.03152833902249433]",0.4080508474576272,0.41694915254237286,0.008898305084745763,"[0.0012711864406779658, 0.022468220338982995]",0.15,0.5508474576271186,0.5508474576271186,0.864406779661017,0.864406779661017,0.0,0,0,1.0,1.0,0,
track2_common3,acquisitionCampaignGroup,M36_LOGISTIC_SAFE_GATE,SAFE-95,CONGRUENT_CONTEXT,0.80,118,118,7,7,118,0.059322033898305086,0.059322033898305086,1.0,1.0,"[0.6456695649333126, 1.0]",0,0,,"[null, null]",0.0,"[0.0, 0.03152833902249433]",0.4080508474576272,0.41694915254237286,0.008898305084745763,"[0.0012711864406779658, 0.022457627118644068]",0.15,0.5508474576271186,0.5508474576271186,0.864406779661017,0.864406779661017,0.0,0,0,1.0,1.0,0,
track2_common3,acquisitionCampaignGroup,M36_LOGISTIC_SAFE_GATE,SAFE-95,CONGRUENT_CONTEXT,0.85,118,118,7,7,118,0.059322033898305086,0.059322033898305086,1.0,1.0,"[0.6456695649333126, 1.0]",0,0,,"[null, null]",0.0,"[0.0, 0.03152833902249433]",0.4080508474576272,0.41694915254237286,0.008898305084745763,"[0.0012711864406779658, 0.02372881355932203]",0.15,0.5508474576271186,0.5508474576271186,0.864406779661017,0.864406779661017,0.0,0,0,1.0,1.0,0,
track2_common3,acquisitionCampaignGroup,M36_LOGISTIC_SAFE_GATE,SAFE-95,CONGRUENT_CONTEXT,0.90,118,118,7,7,118,0.059322033898305086,0.059322033898305086,1.0,1.0,"[0.6456695649333126, 1.0]",0,0,,"[null, null]",0.0,"[0.0, 0.03152833902249433]",0.4080508474576272,0.41694915254237286,0.008898305084745763,"[0.0012711864406779658, 0.022881355932203386]",0.15,0.5508474576271186,0.5508474576271186,0.864406779661017,0.864406779661017,0.0,0,0,1.0,1.0,0,
track2_common3,acquisitionCampaignGroup,M36_LOGISTIC_SAFE_GATE,SAFE-95,CONGRUENT_CONTEXT,0.95,118,118,7,7,118,0.059322033898305086,0.059322033898305086,1.0,1.0,"[0.6456695649333126, 1.0]",0,0,,"[null, null]",0.0,"[0.0, 0.03152833902249433]",0.4080508474576272,0.41694915254237286,0.008898305084745763,"[0.0012711864406779658, 0.022468220338982995]",0.15,0.5508474576271186,0.5508474576271186,0.864406779661017,0.864406779661017,0.0,0,0,1.0,1.0,0,
track2_common3,acquisitionCampaignGroup,M36_LOGISTIC_SAFE_GATE,SAFE-95,INCONGRUENT_CONTEXT,0.45,118,236,2,2,,0.00847457627118644,0.01694915254237288,0.0,0.5,"[0.09453120573423074, 0.9054687942657693]",1,1,0.5,"[0.09453120573423074, 0.9054687942657693]",0.00847457627118644,"[0.0014975405219652578, 0.04644557241540204]",0.41355932203389834,0.41694915254237286,0.0033898305084745766,"[0.0, 0.010169491525423728]",0.4,0.5466101694915254,0.5466101694915254,0.8601694915254238,0.8559322033898306,-0.00847457627118644,1,0,1.0,0.9957627118644068,0,False
track2_common3,acquisitionCampaignGroup,M36_LOGISTIC_SAFE_GATE,SAFE-95,INCONGRUENT_CONTEXT,0.50,118,236,2,2,,0.00847457627118644,0.01694915254237288,0.0,0.5,"[0.09453120573423074, 0.9054687942657693]",1,1,0.5,"[0.09453120573423074, 0.9054687942657693]",0.00847457627118644,"[0.0014975405219652578, 0.04644557241540204]",0.41355932203389834,0.41694915254237286,0.0033898305084745766,"[0.0, 0.009957627118644069]",0.4,0.5466101694915254,0.5466101694915254,0.8601694915254238,0.8559322033898306,-0.00847457627118644,1,0,1.0,0.9957627118644068,0,False
track2_common3,acquisitionCampaignGroup,M36_LOGISTIC_SAFE_GATE,SAFE-95,INCONGRUENT_CONTEXT,0.55,118,236,2,2,,0.00847457627118644,0.01694915254237288,0.0,0.5,"[0.09453120573423074, 0.9054687942657693]",1,1,0.5,"[0.09453120573423074, 0.9054687942657693]",0.00847457627118644,"[0.0014975405219652578, 0.04644557241540204]",0.41355932203389834,0.41694915254237286,0.0033898305084745766,"[0.0, 0.009957627118644069]",0.4,0.5466101694915254,0.5466101694915254,0.8601694915254238,0.8559322033898306,-0.00847457627118644,1,0,1.0,0.9957627118644068,0,False
track2_common3,acquisitionCampaignGroup,M36_LOGISTIC_SAFE_GATE,SAFE-95,INCONGRUENT_CONTEXT,0.60,118,236,2,2,,0.00847457627118644,0.01694915254237288,0.0,0.5,"[0.09453120573423074, 0.9054687942657693]",1,1,0.5,"[0.09453120573423074, 0.9054687942657693]",0.00847457627118644,"[0.0014975405219652578, 0.04644557241540204]",0.41355932203389834,0.41694915254237286,0.0033898305084745766,"[0.0, 0.009957627118644069]",0.4,0.5466101694915254,0.5466101694915254,0.8601694915254238,0.8559322033898306,-0.00847457627118644,1,0,1.0,0.9957627118644068,0,False
track2_common3,acquisitionCampaignGroup,M36_LOGISTIC_SAFE_GATE,SAFE-95,INCONGRUENT_CONTEXT,0.65,118,236,2,2,,0.00847457627118644,0.01694915254237288,0.0,0.5,"[0.09453120573423074, 0.9054687942657693]",1,1,0.5,"[0.09453120573423074, 0.9054687942657693]",0.00847457627118644,"[0.0014975405219652578, 0.04644557241540204]",0.41355932203389834,0.41694915254237286,0.0033898305084745766,"[0.0, 0.009957627118644067]",0.4,0.5466101694915254,0.5466101694915254,0.8601694915254238,0.8559322033898306,-0.00847457627118644,1,0,1.0,0.9957627118644068,0,False
track2_common3,acquisitionCampaignGroup,M36_LOGISTIC_SAFE_GATE,SAFE-95,INCONGRUENT_CONTEXT,0.70,118,236,2,2,,0.00847457627118644,0.01694915254237288,0.0,0.5,"[0.09453120573423074, 0.9054687942657693]",1,1,0.5,"[0.09453120573423074, 0.9054687942657693]",0.00847457627118644,"[0.0014975405219652578, 0.04644557241540204]",0.41355932203389834,0.41694915254237286,0.0033898305084745766,"[0.0, 0.009957627118644069]",0.4,0.5466101694915254,0.5466101694915254,0.8601694915254238,0.8559322033898306,-0.00847457627118644,1,0,1.0,0.9957627118644068,0,False
track2_common3,acquisitionCampaignGroup,M36_LOGISTIC_SAFE_GATE,SAFE-95,INCONGRUENT_CONTEXT,0.75,118,236,2,2,,0.00847457627118644,0.01694915254237288,0.0,0.5,"[0.09453120573423074, 0.9054687942657693]",1,1,0.5,"[0.09453120573423074, 0.9054687942657693]",0.00847457627118644,"[0.0014975405219652578, 0.04644557241540204]",0.41355932203389834,0.41694915254237286,0.0033898305084745766,"[0.0, 0.009957627118644069]",0.4,0.5466101694915254,0.5466101694915254,0.8601694915254238,0.8559322033898306,-0.00847457627118644,1,0,1.0,0.9957627118644068,0,False
track2_common3,acquisitionCampaignGroup,M36_LOGISTIC_SAFE_GATE,SAFE-95,INCONGRUENT_CONTEXT,0.80,118,236,2,2,,0.00847457627118644,0.01694915254237288,0.0,0.5,"[0.09453120573423074, 0.9054687942657693]",1,1,0.5,"[0.09453120573423074, 0.9054687942657693]",0.00847457627118644,"[0.0014975405219652578, 0.04644557241540204]",0.41355932203389834,0.41694915254237286,0.0033898305084745766,"[0.0, 0.009957627118644069]",0.4,0.5466101694915254,0.5466101694915254,0.8601694915254238,0.8559322033898306,-0.00847457627118644,1,0,1.0,0.9957627118644068,0,False
track2_common3,acquisitionCampaignGroup,M36_LOGISTIC_SAFE_GATE,SAFE-95,INCONGRUENT_CONTEXT,0.85,118,236,2,2,,0.00847457627118644,0.01694915254237288,0.0,0.5,"[0.09453120573423074, 0.9054687942657693]",1,1,0.5,"[0.09453120573423074, 0.9054687942657693]",0.00847457627118644,"[0.0014975405219652578, 0.04644557241540204]",0.41355932203389834,0.41694915254237286,0.0033898305084745766,"[0.0, 0.009957627118644069]",0.4,0.5466101694915254,0.5466101694915254,0.8601694915254238,0.8559322033898306,-0.00847457627118644,1,0,1.0,0.9957627118644068,0,False
track2_common3,acquisitionCampaignGroup,M36_LOGISTIC_SAFE_GATE,SAFE-95,INCONGRUENT_CONTEXT,0.90,118,236,2,2,,0.00847457627118644,0.01694915254237288,0.0,0.5,"[0.09453120573423074, 0.9054687942657693]",1,1,0.5,"[0.09453120573423074, 0.9054687942657693]",0.00847457627118644,"[0.0014975405219652578, 0.04644557241540204]",0.41355932203389834,0.41694915254237286,0.0033898305084745766,"[0.0, 0.010169491525423728]",0.4,0.5466101694915254,0.5466101694915254,0.8601694915254238,0.8559322033898306,-0.00847457627118644,1,0,1.0,0.9957627118644068,0,False
track2_common3,acquisitionCampaignGroup,M36_LOGISTIC_SAFE_GATE,SAFE-95,INCONGRUENT_CONTEXT,0.95,118,236,2,2,,0.00847457627118644,0.01694915254237288,0.0,0.5,"[0.09453120573423074, 0.9054687942657693]",1,1,0.5,"[0.09453120573423074, 0.9054687942657693]",0.00847457627118644,"[0.0014975405219652578, 0.04644557241540204]",0.41355932203389834,0.41694915254237286,0.0033898305084745766,"[0.0, 0.009957627118644069]",0.4,0.5466101694915254,0.5466101694915254,0.8601694915254238,0.8559322033898306,-0.00847457627118644,1,0,1.0,0.9957627118644068,0,False
track2_common3,acquisitionCampaignGroup,M36_LOGISTIC_SAFE_GATE,SAFE-95,NEUTRAL_CONTEXT,,118,118,0,0,,0.0,0.0,,,"[null, null]",0,0,,"[null, null]",0.0,"[0.0, 0.03152833902249433]",0.41694915254237286,0.41694915254237286,0.0,"[0.0, 0.0]",,0.5423728813559322,0.5423728813559322,0.864406779661017,0.864406779661017,0.0,0,0,1.0,1.0,0,
track2_common3,acquisitionCampaignGroup,M36_LOGISTIC_SAFE_GATE,SAFE-99,CONGRUENT_CONTEXT,0.45,118,118,7,7,118,0.059322033898305086,0.059322033898305086,1.0,1.0,"[0.6456695649333126, 1.0]",0,0,,"[null, null]",0.0,"[0.0, 0.03152833902249433]",0.4080508474576272,0.41694915254237286,0.008898305084745763,"[0.0012711864406779658, 0.02245762711864407]",0.15,0.5508474576271186,0.5508474576271186,0.864406779661017,0.864406779661017,0.0,0,0,1.0,1.0,0,
track2_common3,acquisitionCampaignGroup,M36_LOGISTIC_SAFE_GATE,SAFE-99,CONGRUENT_CONTEXT,0.50,118,118,7,7,118,0.059322033898305086,0.059322033898305086,1.0,1.0,"[0.6456695649333126, 1.0]",0,0,,"[null, null]",0.0,"[0.0, 0.03152833902249433]",0.4080508474576272,0.41694915254237286,0.008898305084745763,"[0.0012711864406779658, 0.02245762711864407]",0.15,0.5508474576271186,0.5508474576271186,0.864406779661017,0.864406779661017,0.0,0,0,1.0,1.0,0,
track2_common3,acquisitionCampaignGroup,M36_LOGISTIC_SAFE_GATE,SAFE-99,CONGRUENT_CONTEXT,0.55,118,118,7,7,118,0.059322033898305086,0.059322033898305086,1.0,1.0,"[0.6456695649333126, 1.0]",0,0,,"[null, null]",0.0,"[0.0, 0.03152833902249433]",0.4080508474576272,0.41694915254237286,0.008898305084745763,"[0.0012711864406779658, 0.02288135593220339]",0.15,0.5508474576271186,0.5508474576271186,0.864406779661017,0.864406779661017,0.0,0,0,1.0,1.0,0,
track2_common3,acquisitionCampaignGroup,M36_LOGISTIC_SAFE_GATE,SAFE-99,CONGRUENT_CONTEXT,0.60,118,118,7,7,118,0.059322033898305086,0.059322033898305086,1.0,1.0,"[0.6456695649333126, 1.0]",0,0,,"[null, null]",0.0,"[0.0, 0.03152833902249433]",0.4080508474576272,0.41694915254237286,0.008898305084745763,"[0.0012711864406779658, 0.023305084745762712]",0.15,0.5508474576271186,0.5508474576271186,0.864406779661017,0.864406779661017,0.0,0,0,1.0,1.0,0,
track2_common3,acquisitionCampaignGroup,M36_LOGISTIC_SAFE_GATE,SAFE-99,CONGRUENT_CONTEXT,0.65,118,118,7,7,118,0.059322033898305086,0.059322033898305086,1.0,1.0,"[0.6456695649333126, 1.0]",0,0,,"[null, null]",0.0,"[0.0, 0.03152833902249433]",0.4080508474576272,0.41694915254237286,0.008898305084745763,"[0.0012711864406779658, 0.023739406779660965]",0.15,0.5508474576271186,0.5508474576271186,0.864406779661017,0.864406779661017,0.0,0,0,1.0,1.0,0,
track2_common3,acquisitionCampaignGroup,M36_LOGISTIC_SAFE_GATE,SAFE-99,CONGRUENT_CONTEXT,0.70,118,118,7,7,118,0.059322033898305086,0.059322033898305086,1.0,1.0,"[0.6456695649333126, 1.0]",0,0,,"[null, null]",0.0,"[0.0, 0.03152833902249433]",0.4080508474576272,0.41694915254237286,0.008898305084745763,"[0.0012711864406779658, 0.026694915254237284]",0.15,0.5508474576271186,0.5508474576271186,0.864406779661017,0.864406779661017,0.0,0,0,1.0,1.0,0,
track2_common3,acquisitionCampaignGroup,M36_LOGISTIC_SAFE_GATE,SAFE-99,CONGRUENT_CONTEXT,0.75,118,118,7,7,118,0.059322033898305086,0.059322033898305086,1.0,1.0,"[0.6456695649333126, 1.0]",0,0,,"[null, null]",0.0,"[0.0, 0.03152833902249433]",0.4080508474576272,0.41694915254237286,0.008898305084745763,"[0.0012711864406779658, 0.02245762711864407]",0.15,0.5508474576271186,0.5508474576271186,0.864406779661017,0.864406779661017,0.0,0,0,1.0,1.0,0,
track2_common3,acquisitionCampaignGroup,M36_LOGISTIC_SAFE_GATE,SAFE-99,CONGRUENT_CONTEXT,0.80,118,118,7,7,118,0.059322033898305086,0.059322033898305086,1.0,1.0,"[0.6456695649333126, 1.0]",0,0,,"[null, null]",0.0,"[0.0, 0.03152833902249433]",0.4080508474576272,0.41694915254237286,0.008898305084745763,"[0.0012711864406779658, 0.02417372881355921]",0.15,0.5508474576271186,0.5508474576271186,0.864406779661017,0.864406779661017,0.0,0,0,1.0,1.0,0,
track2_common3,acquisitionCampaignGroup,M36_LOGISTIC_SAFE_GATE,SAFE-99,CONGRUENT_CONTEXT,0.85,118,118,7,7,118,0.059322033898305086,0.059322033898305086,1.0,1.0,"[0.6456695649333126, 1.0]",0,0,,"[null, null]",0.0,"[0.0, 0.03152833902249433]",0.4080508474576272,0.41694915254237286,0.008898305084745763,"[0.0012711864406779658, 0.023739406779660955]",0.15,0.5508474576271186,0.5508474576271186,0.864406779661017,0.864406779661017,0.0,0,0,1.0,1.0,0,
track2_common3,acquisitionCampaignGroup,M36_LOGISTIC_SAFE_GATE,SAFE-99,CONGRUENT_CONTEXT,0.90,118,118,7,7,118,0.059322033898305086,0.059322033898305086,1.0,1.0,"[0.6456695649333126, 1.0]",0,0,,"[null, null]",0.0,"[0.0, 0.03152833902249433]",0.4080508474576272,0.41694915254237286,0.008898305084745763,"[0.0012711864406779658, 0.02288135593220339]",0.15,0.5508474576271186,0.5508474576271186,0.864406779661017,0.864406779661017,0.0,0,0,1.0,1.0,0,
track2_common3,acquisitionCampaignGroup,M36_LOGISTIC_SAFE_GATE,SAFE-99,CONGRUENT_CONTEXT,0.95,118,118,7,7,118,0.059322033898305086,0.059322033898305086,1.0,1.0,"[0.6456695649333126, 1.0]",0,0,,"[null, null]",0.0,"[0.0, 0.03152833902249433]",0.4080508474576272,0.41694915254237286,0.008898305084745763,"[0.0012711864406779658, 0.022468220338982995]",0.15,0.5508474576271186,0.5508474576271186,0.864406779661017,0.864406779661017,0.0,0,0,1.0,1.0,0,
track2_common3,acquisitionCampaignGroup,M36_LOGISTIC_SAFE_GATE,SAFE-99,INCONGRUENT_CONTEXT,0.45,118,236,2,2,,0.00847457627118644,0.01694915254237288,0.0,0.5,"[0.09453120573423074, 0.9054687942657693]",1,1,0.5,"[0.09453120573423074, 0.9054687942657693]",0.00847457627118644,"[0.0014975405219652578, 0.04644557241540204]",0.41355932203389834,0.41694915254237286,0.0033898305084745766,"[0.0, 0.01016949152542373]",0.4,0.5466101694915254,0.5466101694915254,0.8601694915254238,0.8559322033898306,-0.00847457627118644,1,0,1.0,0.9957627118644068,0,False
track2_common3,acquisitionCampaignGroup,M36_LOGISTIC_SAFE_GATE,SAFE-99,INCONGRUENT_CONTEXT,0.50,118,236,2,2,,0.00847457627118644,0.01694915254237288,0.0,0.5,"[0.09453120573423074, 0.9054687942657693]",1,1,0.5,"[0.09453120573423074, 0.9054687942657693]",0.00847457627118644,"[0.0014975405219652578, 0.04644557241540204]",0.41355932203389834,0.41694915254237286,0.0033898305084745766,"[0.0, 0.009957627118644069]",0.4,0.5466101694915254,0.5466101694915254,0.8601694915254238,0.8559322033898306,-0.00847457627118644,1,0,1.0,0.9957627118644068,0,False
track2_common3,acquisitionCampaignGroup,M36_LOGISTIC_SAFE_GATE,SAFE-99,INCONGRUENT_CONTEXT,0.55,118,236,2,2,,0.00847457627118644,0.01694915254237288,0.0,0.5,"[0.09453120573423074, 0.9054687942657693]",1,1,0.5,"[0.09453120573423074, 0.9054687942657693]",0.00847457627118644,"[0.0014975405219652578, 0.04644557241540204]",0.41355932203389834,0.41694915254237286,0.0033898305084745766,"[0.0, 0.010169491525423728]",0.4,0.5466101694915254,0.5466101694915254,0.8601694915254238,0.8559322033898306,-0.00847457627118644,1,0,1.0,0.9957627118644068,0,False
track2_common3,acquisitionCampaignGroup,M36_LOGISTIC_SAFE_GATE,SAFE-99,INCONGRUENT_CONTEXT,0.60,118,236,2,2,,0.00847457627118644,0.01694915254237288,0.0,0.5,"[0.09453120573423074, 0.9054687942657693]",1,1,0.5,"[0.09453120573423074, 0.9054687942657693]",0.00847457627118644,"[0.0014975405219652578, 0.04644557241540204]",0.41355932203389834,0.41694915254237286,0.0033898305084745766,"[0.0, 0.010169491525423726]",0.4,0.5466101694915254,0.5466101694915254,0.8601694915254238,0.8559322033898306,-0.00847457627118644,1,0,1.0,0.9957627118644068,0,False
track2_common3,acquisitionCampaignGroup,M36_LOGISTIC_SAFE_GATE,SAFE-99,INCONGRUENT_CONTEXT,0.65,118,236,2,2,,0.00847457627118644,0.01694915254237288,0.0,0.5,"[0.09453120573423074, 0.9054687942657693]",1,1,0.5,"[0.09453120573423074, 0.9054687942657693]",0.00847457627118644,"[0.0014975405219652578, 0.04644557241540204]",0.41355932203389834,0.41694915254237286,0.0033898305084745766,"[0.0, 0.009957627118644069]",0.4,0.5466101694915254,0.5466101694915254,0.8601694915254238,0.8559322033898306,-0.00847457627118644,1,0,1.0,0.9957627118644068,0,False
track2_common3,acquisitionCampaignGroup,M36_LOGISTIC_SAFE_GATE,SAFE-99,INCONGRUENT_CONTEXT,0.70,118,236,2,2,,0.00847457627118644,0.01694915254237288,0.0,0.5,"[0.09453120573423074, 0.9054687942657693]",1,1,0.5,"[0.09453120573423074, 0.9054687942657693]",0.00847457627118644,"[0.0014975405219652578, 0.04644557241540204]",0.41355932203389834,0.41694915254237286,0.0033898305084745766,"[0.0, 0.009957627118644069]",0.4,0.5466101694915254,0.5466101694915254,0.8601694915254238,0.8559322033898306,-0.00847457627118644,1,0,1.0,0.9957627118644068,0,False
track2_common3,acquisitionCampaignGroup,M36_LOGISTIC_SAFE_GATE,SAFE-99,INCONGRUENT_CONTEXT,0.75,118,236,2,2,,0.00847457627118644,0.01694915254237288,0.0,0.5,"[0.09453120573423074, 0.9054687942657693]",1,1,0.5,"[0.09453120573423074, 0.9054687942657693]",0.00847457627118644,"[0.0014975405219652578, 0.04644557241540204]",0.41355932203389834,0.41694915254237286,0.0033898305084745766,"[0.0, 0.010169491525423728]",0.4,0.5466101694915254,0.5466101694915254,0.8601694915254238,0.8559322033898306,-0.00847457627118644,1,0,1.0,0.9957627118644068,0,False
track2_common3,acquisitionCampaignGroup,M36_LOGISTIC_SAFE_GATE,SAFE-99,INCONGRUENT_CONTEXT,0.80,118,236,2,2,,0.00847457627118644,0.01694915254237288,0.0,0.5,"[0.09453120573423074, 0.9054687942657693]",1,1,0.5,"[0.09453120573423074, 0.9054687942657693]",0.00847457627118644,"[0.0014975405219652578, 0.04644557241540204]",0.41355932203389834,0.41694915254237286,0.0033898305084745766,"[0.0, 0.00996292372881353]",0.4,0.5466101694915254,0.5466101694915254,0.8601694915254238,0.8559322033898306,-0.00847457627118644,1,0,1.0,0.9957627118644068,0,False
track2_common3,acquisitionCampaignGroup,M36_LOGISTIC_SAFE_GATE,SAFE-99,INCONGRUENT_CONTEXT,0.85,118,236,2,2,,0.00847457627118644,0.01694915254237288,0.0,0.5,"[0.09453120573423074, 0.9054687942657693]",1,1,0.5,"[0.09453120573423074, 0.9054687942657693]",0.00847457627118644,"[0.0014975405219652578, 0.04644557241540204]",0.41355932203389834,0.41694915254237286,0.0033898305084745766,"[0.0, 0.009751059322033868]",0.4,0.5466101694915254,0.5466101694915254,0.8601694915254238,0.8559322033898306,-0.00847457627118644,1,0,1.0,0.9957627118644068,0,False
track2_common3,acquisitionCampaignGroup,M36_LOGISTIC_SAFE_GATE,SAFE-99,INCONGRUENT_CONTEXT,0.90,118,236,2,2,,0.00847457627118644,0.01694915254237288,0.0,0.5,"[0.09453120573423074, 0.9054687942657693]",1,1,0.5,"[0.09453120573423074, 0.9054687942657693]",0.00847457627118644,"[0.0014975405219652578, 0.04644557241540204]",0.41355932203389834,0.41694915254237286,0.0033898305084745766,"[0.0, 0.009957627118644069]",0.4,0.5466101694915254,0.5466101694915254,0.8601694915254238,0.8559322033898306,-0.00847457627118644,1,0,1.0,0.9957627118644068,0,False
track2_common3,acquisitionCampaignGroup,M36_LOGISTIC_SAFE_GATE,SAFE-99,INCONGRUENT_CONTEXT,0.95,118,236,2,2,,0.00847457627118644,0.01694915254237288,0.0,0.5,"[0.09453120573423074, 0.9054687942657693]",1,1,0.5,"[0.09453120573423074, 0.9054687942657693]",0.00847457627118644,"[0.0014975405219652578, 0.04644557241540204]",0.41355932203389834,0.41694915254237286,0.0033898305084745766,"[0.0, 0.009957627118644069]",0.4,0.5466101694915254,0.5466101694915254,0.8601694915254238,0.8559322033898306,-0.00847457627118644,1,0,1.0,0.9957627118644068,0,False
track2_common3,acquisitionCampaignGroup,M36_LOGISTIC_SAFE_GATE,SAFE-99,NEUTRAL_CONTEXT,,118,118,0,0,,0.0,0.0,,,"[null, null]",0,0,,"[null, null]",0.0,"[0.0, 0.03152833902249433]",0.41694915254237286,0.41694915254237286,0.0,"[0.0, 0.0]",,0.5423728813559322,0.5423728813559322,0.864406779661017,0.864406779661017,0.0,0,0,1.0,1.0,0,
track2_common3,acquisitionCampaignGroup,M36_LOGISTIC_SAFE_GATE,SAFE-STRICT,CONGRUENT_CONTEXT,0.45,118,118,7,7,118,0.059322033898305086,0.059322033898305086,1.0,1.0,"[0.6456695649333126, 1.0]",0,0,,"[null, null]",0.0,"[0.0, 0.03152833902249433]",0.4080508474576272,0.41694915254237286,0.008898305084745763,"[0.0012711864406779658, 0.02372881355932203]",0.15,0.5508474576271186,0.5508474576271186,0.864406779661017,0.864406779661017,0.0,0,0,1.0,1.0,0,
track2_common3,acquisitionCampaignGroup,M36_LOGISTIC_SAFE_GATE,SAFE-STRICT,CONGRUENT_CONTEXT,0.50,118,118,7,7,118,0.059322033898305086,0.059322033898305086,1.0,1.0,"[0.6456695649333126, 1.0]",0,0,,"[null, null]",0.0,"[0.0, 0.03152833902249433]",0.4080508474576272,0.41694915254237286,0.008898305084745763,"[0.0012711864406779658, 0.02288135593220339]",0.15,0.5508474576271186,0.5508474576271186,0.864406779661017,0.864406779661017,0.0,0,0,1.0,1.0,0,
track2_common3,acquisitionCampaignGroup,M36_LOGISTIC_SAFE_GATE,SAFE-STRICT,CONGRUENT_CONTEXT,0.55,118,118,7,7,118,0.059322033898305086,0.059322033898305086,1.0,1.0,"[0.6456695649333126, 1.0]",0,0,,"[null, null]",0.0,"[0.0, 0.03152833902249433]",0.4080508474576272,0.41694915254237286,0.008898305084745763,"[0.0012711864406779658, 0.02245762711864407]",0.15,0.5508474576271186,0.5508474576271186,0.864406779661017,0.864406779661017,0.0,0,0,1.0,1.0,0,
track2_common3,acquisitionCampaignGroup,M36_LOGISTIC_SAFE_GATE,SAFE-STRICT,CONGRUENT_CONTEXT,0.60,118,118,7,7,118,0.059322033898305086,0.059322033898305086,1.0,1.0,"[0.6456695649333126, 1.0]",0,0,,"[null, null]",0.0,"[0.0, 0.03152833902249433]",0.4080508474576272,0.41694915254237286,0.008898305084745763,"[0.0012711864406779658, 0.02245762711864407]",0.15,0.5508474576271186,0.5508474576271186,0.864406779661017,0.864406779661017,0.0,0,0,1.0,1.0,0,
track2_common3,acquisitionCampaignGroup,M36_LOGISTIC_SAFE_GATE,SAFE-STRICT,CONGRUENT_CONTEXT,0.65,118,118,7,7,118,0.059322033898305086,0.059322033898305086,1.0,1.0,"[0.6456695649333126, 1.0]",0,0,,"[null, null]",0.0,"[0.0, 0.03152833902249433]",0.4080508474576272,0.41694915254237286,0.008898305084745763,"[0.0012711864406779658, 0.02245762711864407]",0.15,0.5508474576271186,0.5508474576271186,0.864406779661017,0.864406779661017,0.0,0,0,1.0,1.0,0,
track2_common3,acquisitionCampaignGroup,M36_LOGISTIC_SAFE_GATE,SAFE-STRICT,CONGRUENT_CONTEXT,0.70,118,118,7,7,118,0.059322033898305086,0.059322033898305086,1.0,1.0,"[0.6456695649333126, 1.0]",0,0,,"[null, null]",0.0,"[0.0, 0.03152833902249433]",0.4080508474576272,0.41694915254237286,0.008898305084745763,"[0.0012711864406779658, 0.02245762711864407]",0.15,0.5508474576271186,0.5508474576271186,0.864406779661017,0.864406779661017,0.0,0,0,1.0,1.0,0,
track2_common3,acquisitionCampaignGroup,M36_LOGISTIC_SAFE_GATE,SAFE-STRICT,CONGRUENT_CONTEXT,0.75,118,118,7,7,118,0.059322033898305086,0.059322033898305086,1.0,1.0,"[0.6456695649333126, 1.0]",0,0,,"[null, null]",0.0,"[0.0, 0.03152833902249433]",0.4080508474576272,0.41694915254237286,0.008898305084745763,"[0.0012711864406779658, 0.02288135593220339]",0.15,0.5508474576271186,0.5508474576271186,0.864406779661017,0.864406779661017,0.0,0,0,1.0,1.0,0,
track2_common3,acquisitionCampaignGroup,M36_LOGISTIC_SAFE_GATE,SAFE-STRICT,CONGRUENT_CONTEXT,0.80,118,118,7,7,118,0.059322033898305086,0.059322033898305086,1.0,1.0,"[0.6456695649333126, 1.0]",0,0,,"[null, null]",0.0,"[0.0, 0.03152833902249433]",0.4080508474576272,0.41694915254237286,0.008898305084745763,"[0.0012711864406779658, 0.02288135593220339]",0.15,0.5508474576271186,0.5508474576271186,0.864406779661017,0.864406779661017,0.0,0,0,1.0,1.0,0,
track2_common3,acquisitionCampaignGroup,M36_LOGISTIC_SAFE_GATE,SAFE-STRICT,CONGRUENT_CONTEXT,0.85,118,118,7,7,118,0.059322033898305086,0.059322033898305086,1.0,1.0,"[0.6456695649333126, 1.0]",0,0,,"[null, null]",0.0,"[0.0, 0.03152833902249433]",0.4080508474576272,0.41694915254237286,0.008898305084745763,"[0.0012711864406779658, 0.022468220338982995]",0.15,0.5508474576271186,0.5508474576271186,0.864406779661017,0.864406779661017,0.0,0,0,1.0,1.0,0,
track2_common3,acquisitionCampaignGroup,M36_LOGISTIC_SAFE_GATE,SAFE-STRICT,CONGRUENT_CONTEXT,0.90,118,118,7,7,118,0.059322033898305086,0.059322033898305086,1.0,1.0,"[0.6456695649333126, 1.0]",0,0,,"[null, null]",0.0,"[0.0, 0.03152833902249433]",0.4080508474576272,0.41694915254237286,0.008898305084745763,"[0.0012711864406779658, 0.02203389830508475]",0.15,0.5508474576271186,0.5508474576271186,0.864406779661017,0.864406779661017,0.0,0,0,1.0,1.0,0,
track2_common3,acquisitionCampaignGroup,M36_LOGISTIC_SAFE_GATE,SAFE-STRICT,CONGRUENT_CONTEXT,0.95,118,118,7,7,118,0.059322033898305086,0.059322033898305086,1.0,1.0,"[0.6456695649333126, 1.0]",0,0,,"[null, null]",0.0,"[0.0, 0.03152833902249433]",0.4080508474576272,0.41694915254237286,0.008898305084745763,"[0.0012711864406779658, 0.02288135593220339]",0.15,0.5508474576271186,0.5508474576271186,0.864406779661017,0.864406779661017,0.0,0,0,1.0,1.0,0,
track2_common3,acquisitionCampaignGroup,M36_LOGISTIC_SAFE_GATE,SAFE-STRICT,INCONGRUENT_CONTEXT,0.45,118,236,2,2,,0.00847457627118644,0.01694915254237288,0.0,0.5,"[0.09453120573423074, 0.9054687942657693]",1,1,0.5,"[0.09453120573423074, 0.9054687942657693]",0.00847457627118644,"[0.0014975405219652578, 0.04644557241540204]",0.41355932203389834,0.41694915254237286,0.0033898305084745766,"[0.0, 0.009957627118644069]",0.4,0.5466101694915254,0.5466101694915254,0.8601694915254238,0.8559322033898306,-0.00847457627118644,1,0,1.0,0.9957627118644068,0,False
track2_common3,acquisitionCampaignGroup,M36_LOGISTIC_SAFE_GATE,SAFE-STRICT,INCONGRUENT_CONTEXT,0.50,118,236,2,2,,0.00847457627118644,0.01694915254237288,0.0,0.5,"[0.09453120573423074, 0.9054687942657693]",1,1,0.5,"[0.09453120573423074, 0.9054687942657693]",0.00847457627118644,"[0.0014975405219652578, 0.04644557241540204]",0.41355932203389834,0.41694915254237286,0.0033898305084745766,"[0.0, 0.009957627118644069]",0.4,0.5466101694915254,0.5466101694915254,0.8601694915254238,0.8559322033898306,-0.00847457627118644,1,0,1.0,0.9957627118644068,0,False
track2_common3,acquisitionCampaignGroup,M36_LOGISTIC_SAFE_GATE,SAFE-STRICT,INCONGRUENT_CONTEXT,0.55,118,236,2,2,,0.00847457627118644,0.01694915254237288,0.0,0.5,"[0.09453120573423074, 0.9054687942657693]",1,1,0.5,"[0.09453120573423074, 0.9054687942657693]",0.00847457627118644,"[0.0014975405219652578, 0.04644557241540204]",0.41355932203389834,0.41694915254237286,0.0033898305084745766,"[0.0, 0.01016949152542373]",0.4,0.5466101694915254,0.5466101694915254,0.8601694915254238,0.8559322033898306,-0.00847457627118644,1,0,1.0,0.9957627118644068,0,False
track2_common3,acquisitionCampaignGroup,M36_LOGISTIC_SAFE_GATE,SAFE-STRICT,INCONGRUENT_CONTEXT,0.60,118,236,2,2,,0.00847457627118644,0.01694915254237288,0.0,0.5,"[0.09453120573423074, 0.9054687942657693]",1,1,0.5,"[0.09453120573423074, 0.9054687942657693]",0.00847457627118644,"[0.0014975405219652578, 0.04644557241540204]",0.41355932203389834,0.41694915254237286,0.0033898305084745766,"[0.0, 0.010169491525423728]",0.4,0.5466101694915254,0.5466101694915254,0.8601694915254238,0.8559322033898306,-0.00847457627118644,1,0,1.0,0.9957627118644068,0,False
track2_common3,acquisitionCampaignGroup,M36_LOGISTIC_SAFE_GATE,SAFE-STRICT,INCONGRUENT_CONTEXT,0.65,118,236,2,2,,0.00847457627118644,0.01694915254237288,0.0,0.5,"[0.09453120573423074, 0.9054687942657693]",1,1,0.5,"[0.09453120573423074, 0.9054687942657693]",0.00847457627118644,"[0.0014975405219652578, 0.04644557241540204]",0.41355932203389834,0.41694915254237286,0.0033898305084745766,"[0.0, 0.009957627118644069]",0.4,0.5466101694915254,0.5466101694915254,0.8601694915254238,0.8559322033898306,-0.00847457627118644,1,0,1.0,0.9957627118644068,0,False
track2_common3,acquisitionCampaignGroup,M36_LOGISTIC_SAFE_GATE,SAFE-STRICT,INCONGRUENT_CONTEXT,0.70,118,236,2,2,,0.00847457627118644,0.01694915254237288,0.0,0.5,"[0.09453120573423074, 0.9054687942657693]",1,1,0.5,"[0.09453120573423074, 0.9054687942657693]",0.00847457627118644,"[0.0014975405219652578, 0.04644557241540204]",0.41355932203389834,0.41694915254237286,0.0033898305084745766,"[0.0, 0.010381355932203391]",0.4,0.5466101694915254,0.5466101694915254,0.8601694915254238,0.8559322033898306,-0.00847457627118644,1,0,1.0,0.9957627118644068,0,False
track2_common3,acquisitionCampaignGroup,M36_LOGISTIC_SAFE_GATE,SAFE-STRICT,INCONGRUENT_CONTEXT,0.75,118,236,2,2,,0.00847457627118644,0.01694915254237288,0.0,0.5,"[0.09453120573423074, 0.9054687942657693]",1,1,0.5,"[0.09453120573423074, 0.9054687942657693]",0.00847457627118644,"[0.0014975405219652578, 0.04644557241540204]",0.41355932203389834,0.41694915254237286,0.0033898305084745766,"[0.0, 0.010169491525423728]",0.4,0.5466101694915254,0.5466101694915254,0.8601694915254238,0.8559322033898306,-0.00847457627118644,1,0,1.0,0.9957627118644068,0,False
track2_common3,acquisitionCampaignGroup,M36_LOGISTIC_SAFE_GATE,SAFE-STRICT,INCONGRUENT_CONTEXT,0.80,118,236,2,2,,0.00847457627118644,0.01694915254237288,0.0,0.5,"[0.09453120573423074, 0.9054687942657693]",1,1,0.5,"[0.09453120573423074, 0.9054687942657693]",0.00847457627118644,"[0.0014975405219652578, 0.04644557241540204]",0.41355932203389834,0.41694915254237286,0.0033898305084745766,"[0.0, 0.009957627118644069]",0.4,0.5466101694915254,0.5466101694915254,0.8601694915254238,0.8559322033898306,-0.00847457627118644,1,0,1.0,0.9957627118644068,0,False
track2_common3,acquisitionCampaignGroup,M36_LOGISTIC_SAFE_GATE,SAFE-STRICT,INCONGRUENT_CONTEXT,0.85,118,236,2,2,,0.00847457627118644,0.01694915254237288,0.0,0.5,"[0.09453120573423074, 0.9054687942657693]",1,1,0.5,"[0.09453120573423074, 0.9054687942657693]",0.00847457627118644,"[0.0014975405219652578, 0.04644557241540204]",0.41355932203389834,0.41694915254237286,0.0033898305084745766,"[0.0, 0.009957627118644069]",0.4,0.5466101694915254,0.5466101694915254,0.8601694915254238,0.8559322033898306,-0.00847457627118644,1,0,1.0,0.9957627118644068,0,False
track2_common3,acquisitionCampaignGroup,M36_LOGISTIC_SAFE_GATE,SAFE-STRICT,INCONGRUENT_CONTEXT,0.90,118,236,2,2,,0.00847457627118644,0.01694915254237288,0.0,0.5,"[0.09453120573423074, 0.9054687942657693]",1,1,0.5,"[0.09453120573423074, 0.9054687942657693]",0.00847457627118644,"[0.0014975405219652578, 0.04644557241540204]",0.41355932203389834,0.41694915254237286,0.0033898305084745766,"[0.0, 0.010169491525423728]",0.4,0.5466101694915254,0.5466101694915254,0.8601694915254238,0.8559322033898306,-0.00847457627118644,1,0,1.0,0.9957627118644068,0,False
track2_common3,acquisitionCampaignGroup,M36_LOGISTIC_SAFE_GATE,SAFE-STRICT,INCONGRUENT_CONTEXT,0.95,118,236,2,2,,0.00847457627118644,0.01694915254237288,0.0,0.5,"[0.09453120573423074, 0.9054687942657693]",1,1,0.5,"[0.09453120573423074, 0.9054687942657693]",0.00847457627118644,"[0.0014975405219652578, 0.04644557241540204]",0.41355932203389834,0.41694915254237286,0.0033898305084745766,"[0.0, 0.009957627118644069]",0.4,0.5466101694915254,0.5466101694915254,0.8601694915254238,0.8559322033898306,-0.00847457627118644,1,0,1.0,0.9957627118644068,0,False
track2_common3,acquisitionCampaignGroup,M36_LOGISTIC_SAFE_GATE,SAFE-STRICT,NEUTRAL_CONTEXT,,118,118,0,0,,0.0,0.0,,,"[null, null]",0,0,,"[null, null]",0.0,"[0.0, 0.03152833902249433]",0.41694915254237286,0.41694915254237286,0.0,"[0.0, 0.0]",,0.5423728813559322,0.5423728813559322,0.864406779661017,0.864406779661017,0.0,0,0,1.0,1.0,0,
track2_common3,acquisitionCampaignGroup,M36_LOGISTIC_VIEW_GUARDED,SAFE-95,CONGRUENT_CONTEXT,0.45,118,118,10,10,118,0.0847457627118644,0.0847457627118644,1.0,1.0,"[0.7224672001371107, 0.9999999999999999]",0,0,,"[null, null]",0.0,"[0.0, 0.03152833902249433]",0.40677966101694923,0.41694915254237286,0.01016949152542373,"[0.00211864406779661, 0.024152542372881353]",0.12000000000000002,0.559322033898305,0.559322033898305,0.864406779661017,0.864406779661017,0.0,0,0,1.0,1.0,0,
track2_common3,acquisitionCampaignGroup,M36_LOGISTIC_VIEW_GUARDED,SAFE-95,CONGRUENT_CONTEXT,0.50,118,118,10,10,118,0.0847457627118644,0.0847457627118644,1.0,1.0,"[0.7224672001371107, 0.9999999999999999]",0,0,,"[null, null]",0.0,"[0.0, 0.03152833902249433]",0.40677966101694923,0.41694915254237286,0.01016949152542373,"[0.0021186440677966097, 0.02372881355932203]",0.12000000000000002,0.559322033898305,0.559322033898305,0.864406779661017,0.864406779661017,0.0,0,0,1.0,1.0,0,
track2_common3,acquisitionCampaignGroup,M36_LOGISTIC_VIEW_GUARDED,SAFE-95,CONGRUENT_CONTEXT,0.55,118,118,10,10,118,0.0847457627118644,0.0847457627118644,1.0,1.0,"[0.7224672001371107, 0.9999999999999999]",0,0,,"[null, null]",0.0,"[0.0, 0.03152833902249433]",0.40677966101694923,0.41694915254237286,0.01016949152542373,"[0.00211864406779661, 0.024152542372881357]",0.12000000000000002,0.559322033898305,0.559322033898305,0.864406779661017,0.864406779661017,0.0,0,0,1.0,1.0,0,
track2_common3,acquisitionCampaignGroup,M36_LOGISTIC_VIEW_GUARDED,SAFE-95,CONGRUENT_CONTEXT,0.60,118,118,10,10,118,0.0847457627118644,0.0847457627118644,1.0,1.0,"[0.7224672001371107, 0.9999999999999999]",0,0,,"[null, null]",0.0,"[0.0, 0.03152833902249433]",0.40677966101694923,0.41694915254237286,0.01016949152542373,"[0.00211864406779661, 0.023728813559322035]",0.12000000000000002,0.559322033898305,0.559322033898305,0.864406779661017,0.864406779661017,0.0,0,0,1.0,1.0,0,
track2_common3,acquisitionCampaignGroup,M36_LOGISTIC_VIEW_GUARDED,SAFE-95,CONGRUENT_CONTEXT,0.65,118,118,10,10,118,0.0847457627118644,0.0847457627118644,1.0,1.0,"[0.7224672001371107, 0.9999999999999999]",0,0,,"[null, null]",0.0,"[0.0, 0.03152833902249433]",0.40677966101694923,0.41694915254237286,0.01016949152542373,"[0.00211864406779661, 0.024152542372881353]",0.12000000000000002,0.559322033898305,0.559322033898305,0.864406779661017,0.864406779661017,0.0,0,0,1.0,1.0,0,
track2_common3,acquisitionCampaignGroup,M36_LOGISTIC_VIEW_GUARDED,SAFE-95,CONGRUENT_CONTEXT,0.70,118,118,10,10,118,0.0847457627118644,0.0847457627118644,1.0,1.0,"[0.7224672001371107, 0.9999999999999999]",0,0,,"[null, null]",0.0,"[0.0, 0.03152833902249433]",0.40677966101694923,0.41694915254237286,0.01016949152542373,"[0.0021186440677966106, 0.02754237288135593]",0.12000000000000002,0.559322033898305,0.559322033898305,0.864406779661017,0.864406779661017,0.0,0,0,1.0,1.0,0,
track2_common3,acquisitionCampaignGroup,M36_LOGISTIC_VIEW_GUARDED,SAFE-95,CONGRUENT_CONTEXT,0.75,118,118,10,10,118,0.0847457627118644,0.0847457627118644,1.0,1.0,"[0.7224672001371107, 0.9999999999999999]",0,0,,"[null, null]",0.0,"[0.0, 0.03152833902249433]",0.40677966101694923,0.41694915254237286,0.01016949152542373,"[0.00211864406779661, 0.024152542372881353]",0.12000000000000002,0.559322033898305,0.559322033898305,0.864406779661017,0.864406779661017,0.0,0,0,1.0,1.0,0,
track2_common3,acquisitionCampaignGroup,M36_LOGISTIC_VIEW_GUARDED,SAFE-95,CONGRUENT_CONTEXT,0.80,118,118,10,10,118,0.0847457627118644,0.0847457627118644,1.0,1.0,"[0.7224672001371107, 0.9999999999999999]",0,0,,"[null, null]",0.0,"[0.0, 0.03152833902249433]",0.40677966101694923,0.41694915254237286,0.01016949152542373,"[0.00211864406779661, 0.024999999999999994]",0.12000000000000002,0.559322033898305,0.559322033898305,0.864406779661017,0.864406779661017,0.0,0,0,1.0,1.0,0,
track2_common3,acquisitionCampaignGroup,M36_LOGISTIC_VIEW_GUARDED,SAFE-95,CONGRUENT_CONTEXT,0.85,118,118,10,10,118,0.0847457627118644,0.0847457627118644,1.0,1.0,"[0.7224672001371107, 0.9999999999999999]",0,0,,"[null, null]",0.0,"[0.0, 0.03152833902249433]",0.40677966101694923,0.41694915254237286,0.01016949152542373,"[0.00211864406779661, 0.0245868644067796]",0.12000000000000002,0.559322033898305,0.559322033898305,0.864406779661017,0.864406779661017,0.0,0,0,1.0,1.0,0,
track2_common3,acquisitionCampaignGroup,M36_LOGISTIC_VIEW_GUARDED,SAFE-95,CONGRUENT_CONTEXT,0.90,118,118,10,10,118,0.0847457627118644,0.0847457627118644,1.0,1.0,"[0.7224672001371107, 0.9999999999999999]",0,0,,"[null, null]",0.0,"[0.0, 0.03152833902249433]",0.40677966101694923,0.41694915254237286,0.01016949152542373,"[0.0021186440677966106, 0.024576271186440676]",0.12000000000000002,0.559322033898305,0.559322033898305,0.864406779661017,0.864406779661017,0.0,0,0,1.0,1.0,0,
track2_common3,acquisitionCampaignGroup,M36_LOGISTIC_VIEW_GUARDED,SAFE-95,CONGRUENT_CONTEXT,0.95,118,118,10,10,118,0.0847457627118644,0.0847457627118644,1.0,1.0,"[0.7224672001371107, 0.9999999999999999]",0,0,,"[null, null]",0.0,"[0.0, 0.03152833902249433]",0.40677966101694923,0.41694915254237286,0.01016949152542373,"[0.00211864406779661, 0.024576271186440672]",0.12000000000000002,0.559322033898305,0.559322033898305,0.864406779661017,0.864406779661017,0.0,0,0,1.0,1.0,0,
track2_common3,acquisitionCampaignGroup,M36_LOGISTIC_VIEW_GUARDED,SAFE-95,INCONGRUENT_CONTEXT,0.45,118,236,2,2,,0.00847457627118644,0.01694915254237288,0.0,0.5,"[0.09453120573423074, 0.9054687942657693]",1,1,0.5,"[0.09453120573423074, 0.9054687942657693]",0.00847457627118644,"[0.0014975405219652578, 0.04644557241540204]",0.41355932203389834,0.41694915254237286,0.0033898305084745766,"[0.0, 0.010169491525423728]",0.4,0.5466101694915254,0.5466101694915254,0.8601694915254238,0.8559322033898306,-0.00847457627118644,1,0,1.0,0.9957627118644068,0,False
track2_common3,acquisitionCampaignGroup,M36_LOGISTIC_VIEW_GUARDED,SAFE-95,INCONGRUENT_CONTEXT,0.50,118,236,2,2,,0.00847457627118644,0.01694915254237288,0.0,0.5,"[0.09453120573423074, 0.9054687942657693]",1,1,0.5,"[0.09453120573423074, 0.9054687942657693]",0.00847457627118644,"[0.0014975405219652578, 0.04644557241540204]",0.41355932203389834,0.41694915254237286,0.0033898305084745766,"[0.0, 0.010169491525423728]",0.4,0.5466101694915254,0.5466101694915254,0.8601694915254238,0.8559322033898306,-0.00847457627118644,1,0,1.0,0.9957627118644068,0,False
track2_common3,acquisitionCampaignGroup,M36_LOGISTIC_VIEW_GUARDED,SAFE-95,INCONGRUENT_CONTEXT,0.55,118,236,2,2,,0.00847457627118644,0.01694915254237288,0.0,0.5,"[0.09453120573423074, 0.9054687942657693]",1,1,0.5,"[0.09453120573423074, 0.9054687942657693]",0.00847457627118644,"[0.0014975405219652578, 0.04644557241540204]",0.41355932203389834,0.41694915254237286,0.0033898305084745766,"[0.0, 0.010169491525423728]",0.4,0.5466101694915254,0.5466101694915254,0.8601694915254238,0.8559322033898306,-0.00847457627118644,1,0,1.0,0.9957627118644068,0,False
track2_common3,acquisitionCampaignGroup,M36_LOGISTIC_VIEW_GUARDED,SAFE-95,INCONGRUENT_CONTEXT,0.60,118,236,2,2,,0.00847457627118644,0.01694915254237288,0.0,0.5,"[0.09453120573423074, 0.9054687942657693]",1,1,0.5,"[0.09453120573423074, 0.9054687942657693]",0.00847457627118644,"[0.0014975405219652578, 0.04644557241540204]",0.41355932203389834,0.41694915254237286,0.0033898305084745766,"[0.0, 0.010233050847457282]",0.4,0.5466101694915254,0.5466101694915254,0.8601694915254238,0.8559322033898306,-0.00847457627118644,1,0,1.0,0.9957627118644068,0,False
track2_common3,acquisitionCampaignGroup,M36_LOGISTIC_VIEW_GUARDED,SAFE-95,INCONGRUENT_CONTEXT,0.65,118,236,2,2,,0.00847457627118644,0.01694915254237288,0.0,0.5,"[0.09453120573423074, 0.9054687942657693]",1,1,0.5,"[0.09453120573423074, 0.9054687942657693]",0.00847457627118644,"[0.0014975405219652578, 0.04644557241540204]",0.41355932203389834,0.41694915254237286,0.0033898305084745766,"[0.0, 0.009957627118644069]",0.4,0.5466101694915254,0.5466101694915254,0.8601694915254238,0.8559322033898306,-0.00847457627118644,1,0,1.0,0.9957627118644068,0,False
track2_common3,acquisitionCampaignGroup,M36_LOGISTIC_VIEW_GUARDED,SAFE-95,INCONGRUENT_CONTEXT,0.70,118,236,2,2,,0.00847457627118644,0.01694915254237288,0.0,0.5,"[0.09453120573423074, 0.9054687942657693]",1,1,0.5,"[0.09453120573423074, 0.9054687942657693]",0.00847457627118644,"[0.0014975405219652578, 0.04644557241540204]",0.41355932203389834,0.41694915254237286,0.0033898305084745766,"[0.0, 0.010169491525423728]",0.4,0.5466101694915254,0.5466101694915254,0.8601694915254238,0.8559322033898306,-0.00847457627118644,1,0,1.0,0.9957627118644068,0,False
track2_common3,acquisitionCampaignGroup,M36_LOGISTIC_VIEW_GUARDED,SAFE-95,INCONGRUENT_CONTEXT,0.75,118,236,2,2,,0.00847457627118644,0.01694915254237288,0.0,0.5,"[0.09453120573423074, 0.9054687942657693]",1,1,0.5,"[0.09453120573423074, 0.9054687942657693]",0.00847457627118644,"[0.0014975405219652578, 0.04644557241540204]",0.41355932203389834,0.41694915254237286,0.0033898305084745766,"[0.0, 0.009957627118644069]",0.4,0.5466101694915254,0.5466101694915254,0.8601694915254238,0.8559322033898306,-0.00847457627118644,1,0,1.0,0.9957627118644068,0,False
track2_common3,acquisitionCampaignGroup,M36_LOGISTIC_VIEW_GUARDED,SAFE-95,INCONGRUENT_CONTEXT,0.80,118,236,2,2,,0.00847457627118644,0.01694915254237288,0.0,0.5,"[0.09453120573423074, 0.9054687942657693]",1,1,0.5,"[0.09453120573423074, 0.9054687942657693]",0.00847457627118644,"[0.0014975405219652578, 0.04644557241540204]",0.41355932203389834,0.41694915254237286,0.0033898305084745766,"[0.0, 0.009957627118644069]",0.4,0.5466101694915254,0.5466101694915254,0.8601694915254238,0.8559322033898306,-0.00847457627118644,1,0,1.0,0.9957627118644068,0,False
track2_common3,acquisitionCampaignGroup,M36_LOGISTIC_VIEW_GUARDED,SAFE-95,INCONGRUENT_CONTEXT,0.85,118,236,2,2,,0.00847457627118644,0.01694915254237288,0.0,0.5,"[0.09453120573423074, 0.9054687942657693]",1,1,0.5,"[0.09453120573423074, 0.9054687942657693]",0.00847457627118644,"[0.0014975405219652578, 0.04644557241540204]",0.41355932203389834,0.41694915254237286,0.0033898305084745766,"[0.0, 0.00996292372881353]",0.4,0.5466101694915254,0.5466101694915254,0.8601694915254238,0.8559322033898306,-0.00847457627118644,1,0,1.0,0.9957627118644068,0,False
track2_common3,acquisitionCampaignGroup,M36_LOGISTIC_VIEW_GUARDED,SAFE-95,INCONGRUENT_CONTEXT,0.90,118,236,2,2,,0.00847457627118644,0.01694915254237288,0.0,0.5,"[0.09453120573423074, 0.9054687942657693]",1,1,0.5,"[0.09453120573423074, 0.9054687942657693]",0.00847457627118644,"[0.0014975405219652578, 0.04644557241540204]",0.41355932203389834,0.41694915254237286,0.0033898305084745766,"[0.0, 0.009957627118644069]",0.4,0.5466101694915254,0.5466101694915254,0.8601694915254238,0.8559322033898306,-0.00847457627118644,1,0,1.0,0.9957627118644068,0,False
track2_common3,acquisitionCampaignGroup,M36_LOGISTIC_VIEW_GUARDED,SAFE-95,INCONGRUENT_CONTEXT,0.95,118,236,2,2,,0.00847457627118644,0.01694915254237288,0.0,0.5,"[0.09453120573423074, 0.9054687942657693]",1,1,0.5,"[0.09453120573423074, 0.9054687942657693]",0.00847457627118644,"[0.0014975405219652578, 0.04644557241540204]",0.41355932203389834,0.41694915254237286,0.0033898305084745766,"[0.0, 0.009957627118644069]",0.4,0.5466101694915254,0.5466101694915254,0.8601694915254238,0.8559322033898306,-0.00847457627118644,1,0,1.0,0.9957627118644068,0,False
track2_common3,acquisitionCampaignGroup,M36_LOGISTIC_VIEW_GUARDED,SAFE-95,NEUTRAL_CONTEXT,,118,118,0,0,,0.0,0.0,,,"[null, null]",0,0,,"[null, null]",0.0,"[0.0, 0.03152833902249433]",0.41694915254237286,0.41694915254237286,0.0,"[0.0, 0.0]",,0.5423728813559322,0.5423728813559322,0.864406779661017,0.864406779661017,0.0,0,0,1.0,1.0,0,
track2_common3,acquisitionCampaignGroup,M36_LOGISTIC_VIEW_GUARDED,SAFE-99,CONGRUENT_CONTEXT,0.45,118,118,10,10,118,0.0847457627118644,0.0847457627118644,1.0,1.0,"[0.7224672001371107, 0.9999999999999999]",0,0,,"[null, null]",0.0,"[0.0, 0.03152833902249433]",0.40677966101694923,0.41694915254237286,0.01016949152542373,"[0.00211864406779661, 0.024576271186440683]",0.12000000000000002,0.559322033898305,0.559322033898305,0.864406779661017,0.864406779661017,0.0,0,0,1.0,1.0,0,
track2_common3,acquisitionCampaignGroup,M36_LOGISTIC_VIEW_GUARDED,SAFE-99,CONGRUENT_CONTEXT,0.50,118,118,10,10,118,0.0847457627118644,0.0847457627118644,1.0,1.0,"[0.7224672001371107, 0.9999999999999999]",0,0,,"[null, null]",0.0,"[0.0, 0.03152833902249433]",0.40677966101694923,0.41694915254237286,0.01016949152542373,"[0.00211864406779661, 0.024163135593220284]",0.12000000000000002,0.559322033898305,0.559322033898305,0.864406779661017,0.864406779661017,0.0,0,0,1.0,1.0,0,
track2_common3,acquisitionCampaignGroup,M36_LOGISTIC_VIEW_GUARDED,SAFE-99,CONGRUENT_CONTEXT,0.55,118,118,10,10,118,0.0847457627118644,0.0847457627118644,1.0,1.0,"[0.7224672001371107, 0.9999999999999999]",0,0,,"[null, null]",0.0,"[0.0, 0.03152833902249433]",0.40677966101694923,0.41694915254237286,0.01016949152542373,"[0.0021186440677966097, 0.024152542372881353]",0.12000000000000002,0.559322033898305,0.559322033898305,0.864406779661017,0.864406779661017,0.0,0,0,1.0,1.0,0,
track2_common3,acquisitionCampaignGroup,M36_LOGISTIC_VIEW_GUARDED,SAFE-99,CONGRUENT_CONTEXT,0.60,118,118,10,10,118,0.0847457627118644,0.0847457627118644,1.0,1.0,"[0.7224672001371107, 0.9999999999999999]",0,0,,"[null, null]",0.0,"[0.0, 0.03152833902249433]",0.40677966101694923,0.41694915254237286,0.01016949152542373,"[0.00211864406779661, 0.02415254237288135]",0.12000000000000002,0.559322033898305,0.559322033898305,0.864406779661017,0.864406779661017,0.0,0,0,1.0,1.0,0,
track2_common3,acquisitionCampaignGroup,M36_LOGISTIC_VIEW_GUARDED,SAFE-99,CONGRUENT_CONTEXT,0.65,118,118,10,10,118,0.0847457627118644,0.0847457627118644,1.0,1.0,"[0.7224672001371107, 0.9999999999999999]",0,0,,"[null, null]",0.0,"[0.0, 0.03152833902249433]",0.40677966101694923,0.41694915254237286,0.01016949152542373,"[0.00211864406779661, 0.024152542372881353]",0.12000000000000002,0.559322033898305,0.559322033898305,0.864406779661017,0.864406779661017,0.0,0,0,1.0,1.0,0,
track2_common3,acquisitionCampaignGroup,M36_LOGISTIC_VIEW_GUARDED,SAFE-99,CONGRUENT_CONTEXT,0.70,118,118,10,10,118,0.0847457627118644,0.0847457627118644,1.0,1.0,"[0.7224672001371107, 0.9999999999999999]",0,0,,"[null, null]",0.0,"[0.0, 0.03152833902249433]",0.40677966101694923,0.41694915254237286,0.01016949152542373,"[0.00211864406779661, 0.024152542372881353]",0.12000000000000002,0.559322033898305,0.559322033898305,0.864406779661017,0.864406779661017,0.0,0,0,1.0,1.0,0,
track2_common3,acquisitionCampaignGroup,M36_LOGISTIC_VIEW_GUARDED,SAFE-99,CONGRUENT_CONTEXT,0.75,118,118,10,10,118,0.0847457627118644,0.0847457627118644,1.0,1.0,"[0.7224672001371107, 0.9999999999999999]",0,0,,"[null, null]",0.0,"[0.0, 0.03152833902249433]",0.40677966101694923,0.41694915254237286,0.01016949152542373,"[0.00211864406779661, 0.024152542372881353]",0.12000000000000002,0.559322033898305,0.559322033898305,0.864406779661017,0.864406779661017,0.0,0,0,1.0,1.0,0,
track2_common3,acquisitionCampaignGroup,M36_LOGISTIC_VIEW_GUARDED,SAFE-99,CONGRUENT_CONTEXT,0.80,118,118,10,10,118,0.0847457627118644,0.0847457627118644,1.0,1.0,"[0.7224672001371107, 0.9999999999999999]",0,0,,"[null, null]",0.0,"[0.0, 0.03152833902249433]",0.40677966101694923,0.41694915254237286,0.01016949152542373,"[0.00211864406779661, 0.024152542372881357]",0.12000000000000002,0.559322033898305,0.559322033898305,0.864406779661017,0.864406779661017,0.0,0,0,1.0,1.0,0,
track2_common3,acquisitionCampaignGroup,M36_LOGISTIC_VIEW_GUARDED,SAFE-99,CONGRUENT_CONTEXT,0.85,118,118,10,10,118,0.0847457627118644,0.0847457627118644,1.0,1.0,"[0.7224672001371107, 0.9999999999999999]",0,0,,"[null, null]",0.0,"[0.0, 0.03152833902249433]",0.40677966101694923,0.41694915254237286,0.01016949152542373,"[0.0021186440677966106, 0.024576271186440676]",0.12000000000000002,0.559322033898305,0.559322033898305,0.864406779661017,0.864406779661017,0.0,0,0,1.0,1.0,0,
track2_common3,acquisitionCampaignGroup,M36_LOGISTIC_VIEW_GUARDED,SAFE-99,CONGRUENT_CONTEXT,0.90,118,118,10,10,118,0.0847457627118644,0.0847457627118644,1.0,1.0,"[0.7224672001371107, 0.9999999999999999]",0,0,,"[null, null]",0.0,"[0.0, 0.03152833902249433]",0.40677966101694923,0.41694915254237286,0.01016949152542373,"[0.00211864406779661, 0.024152542372881357]",0.12000000000000002,0.559322033898305,0.559322033898305,0.864406779661017,0.864406779661017,0.0,0,0,1.0,1.0,0,
track2_common3,acquisitionCampaignGroup,M36_LOGISTIC_VIEW_GUARDED,SAFE-99,CONGRUENT_CONTEXT,0.95,118,118,10,10,118,0.0847457627118644,0.0847457627118644,1.0,1.0,"[0.7224672001371107, 0.9999999999999999]",0,0,,"[null, null]",0.0,"[0.0, 0.03152833902249433]",0.40677966101694923,0.41694915254237286,0.01016949152542373,"[0.00211864406779661, 0.02415254237288136]",0.12000000000000002,0.559322033898305,0.559322033898305,0.864406779661017,0.864406779661017,0.0,0,0,1.0,1.0,0,
track2_common3,acquisitionCampaignGroup,M36_LOGISTIC_VIEW_GUARDED,SAFE-99,INCONGRUENT_CONTEXT,0.45,118,236,2,2,,0.00847457627118644,0.01694915254237288,0.0,0.5,"[0.09453120573423074, 0.9054687942657693]",1,1,0.5,"[0.09453120573423074, 0.9054687942657693]",0.00847457627118644,"[0.0014975405219652578, 0.04644557241540204]",0.41355932203389834,0.41694915254237286,0.0033898305084745766,"[0.0, 0.009957627118644069]",0.4,0.5466101694915254,0.5466101694915254,0.8601694915254238,0.8559322033898306,-0.00847457627118644,1,0,1.0,0.9957627118644068,0,False
track2_common3,acquisitionCampaignGroup,M36_LOGISTIC_VIEW_GUARDED,SAFE-99,INCONGRUENT_CONTEXT,0.50,118,236,2,2,,0.00847457627118644,0.01694915254237288,0.0,0.5,"[0.09453120573423074, 0.9054687942657693]",1,1,0.5,"[0.09453120573423074, 0.9054687942657693]",0.00847457627118644,"[0.0014975405219652578, 0.04644557241540204]",0.41355932203389834,0.41694915254237286,0.0033898305084745766,"[0.0, 0.012711864406779662]",0.4,0.5466101694915254,0.5466101694915254,0.8601694915254238,0.8559322033898306,-0.00847457627118644,1,0,1.0,0.9957627118644068,0,False
track2_common3,acquisitionCampaignGroup,M36_LOGISTIC_VIEW_GUARDED,SAFE-99,INCONGRUENT_CONTEXT,0.55,118,236,2,2,,0.00847457627118644,0.01694915254237288,0.0,0.5,"[0.09453120573423074, 0.9054687942657693]",1,1,0.5,"[0.09453120573423074, 0.9054687942657693]",0.00847457627118644,"[0.0014975405219652578, 0.04644557241540204]",0.41355932203389834,0.41694915254237286,0.0033898305084745766,"[0.0, 0.010169491525423728]",0.4,0.5466101694915254,0.5466101694915254,0.8601694915254238,0.8559322033898306,-0.00847457627118644,1,0,1.0,0.9957627118644068,0,False
track2_common3,acquisitionCampaignGroup,M36_LOGISTIC_VIEW_GUARDED,SAFE-99,INCONGRUENT_CONTEXT,0.60,118,236,2,2,,0.00847457627118644,0.01694915254237288,0.0,0.5,"[0.09453120573423074, 0.9054687942657693]",1,1,0.5,"[0.09453120573423074, 0.9054687942657693]",0.00847457627118644,"[0.0014975405219652578, 0.04644557241540204]",0.41355932203389834,0.41694915254237286,0.0033898305084745766,"[0.0, 0.01016949152542373]",0.4,0.5466101694915254,0.5466101694915254,0.8601694915254238,0.8559322033898306,-0.00847457627118644,1,0,1.0,0.9957627118644068,0,False
track2_common3,acquisitionCampaignGroup,M36_LOGISTIC_VIEW_GUARDED,SAFE-99,INCONGRUENT_CONTEXT,0.65,118,236,2,2,,0.00847457627118644,0.01694915254237288,0.0,0.5,"[0.09453120573423074, 0.9054687942657693]",1,1,0.5,"[0.09453120573423074, 0.9054687942657693]",0.00847457627118644,"[0.0014975405219652578, 0.04644557241540204]",0.41355932203389834,0.41694915254237286,0.0033898305084745766,"[0.0, 0.00996292372881353]",0.4,0.5466101694915254,0.5466101694915254,0.8601694915254238,0.8559322033898306,-0.00847457627118644,1,0,1.0,0.9957627118644068,0,False
track2_common3,acquisitionCampaignGroup,M36_LOGISTIC_VIEW_GUARDED,SAFE-99,INCONGRUENT_CONTEXT,0.70,118,236,2,2,,0.00847457627118644,0.01694915254237288,0.0,0.5,"[0.09453120573423074, 0.9054687942657693]",1,1,0.5,"[0.09453120573423074, 0.9054687942657693]",0.00847457627118644,"[0.0014975405219652578, 0.04644557241540204]",0.41355932203389834,0.41694915254237286,0.0033898305084745766,"[0.0, 0.009957627118644069]",0.4,0.5466101694915254,0.5466101694915254,0.8601694915254238,0.8559322033898306,-0.00847457627118644,1,0,1.0,0.9957627118644068,0,False
track2_common3,acquisitionCampaignGroup,M36_LOGISTIC_VIEW_GUARDED,SAFE-99,INCONGRUENT_CONTEXT,0.75,118,236,2,2,,0.00847457627118644,0.01694915254237288,0.0,0.5,"[0.09453120573423074, 0.9054687942657693]",1,1,0.5,"[0.09453120573423074, 0.9054687942657693]",0.00847457627118644,"[0.0014975405219652578, 0.04644557241540204]",0.41355932203389834,0.41694915254237286,0.0033898305084745766,"[0.0, 0.009957627118644069]",0.4,0.5466101694915254,0.5466101694915254,0.8601694915254238,0.8559322033898306,-0.00847457627118644,1,0,1.0,0.9957627118644068,0,False
track2_common3,acquisitionCampaignGroup,M36_LOGISTIC_VIEW_GUARDED,SAFE-99,INCONGRUENT_CONTEXT,0.80,118,236,2,2,,0.00847457627118644,0.01694915254237288,0.0,0.5,"[0.09453120573423074, 0.9054687942657693]",1,1,0.5,"[0.09453120573423074, 0.9054687942657693]",0.00847457627118644,"[0.0014975405219652578, 0.04644557241540204]",0.41355932203389834,0.41694915254237286,0.0033898305084745766,"[0.0, 0.009957627118644069]",0.4,0.5466101694915254,0.5466101694915254,0.8601694915254238,0.8559322033898306,-0.00847457627118644,1,0,1.0,0.9957627118644068,0,False
track2_common3,acquisitionCampaignGroup,M36_LOGISTIC_VIEW_GUARDED,SAFE-99,INCONGRUENT_CONTEXT,0.85,118,236,2,2,,0.00847457627118644,0.01694915254237288,0.0,0.5,"[0.09453120573423074, 0.9054687942657693]",1,1,0.5,"[0.09453120573423074, 0.9054687942657693]",0.00847457627118644,"[0.0014975405219652578, 0.04644557241540204]",0.41355932203389834,0.41694915254237286,0.0033898305084745766,"[0.0, 0.01016949152542373]",0.4,0.5466101694915254,0.5466101694915254,0.8601694915254238,0.8559322033898306,-0.00847457627118644,1,0,1.0,0.9957627118644068,0,False
track2_common3,acquisitionCampaignGroup,M36_LOGISTIC_VIEW_GUARDED,SAFE-99,INCONGRUENT_CONTEXT,0.90,118,236,2,2,,0.00847457627118644,0.01694915254237288,0.0,0.5,"[0.09453120573423074, 0.9054687942657693]",1,1,0.5,"[0.09453120573423074, 0.9054687942657693]",0.00847457627118644,"[0.0014975405219652578, 0.04644557241540204]",0.41355932203389834,0.41694915254237286,0.0033898305084745766,"[0.0, 0.00996292372881353]",0.4,0.5466101694915254,0.5466101694915254,0.8601694915254238,0.8559322033898306,-0.00847457627118644,1,0,1.0,0.9957627118644068,0,False
track2_common3,acquisitionCampaignGroup,M36_LOGISTIC_VIEW_GUARDED,SAFE-99,INCONGRUENT_CONTEXT,0.95,118,236,2,2,,0.00847457627118644,0.01694915254237288,0.0,0.5,"[0.09453120573423074, 0.9054687942657693]",1,1,0.5,"[0.09453120573423074, 0.9054687942657693]",0.00847457627118644,"[0.0014975405219652578, 0.04644557241540204]",0.41355932203389834,0.41694915254237286,0.0033898305084745766,"[0.0, 0.009957627118644069]",0.4,0.5466101694915254,0.5466101694915254,0.8601694915254238,0.8559322033898306,-0.00847457627118644,1,0,1.0,0.9957627118644068,0,False
track2_common3,acquisitionCampaignGroup,M36_LOGISTIC_VIEW_GUARDED,SAFE-99,NEUTRAL_CONTEXT,,118,118,0,0,,0.0,0.0,,,"[null, null]",0,0,,"[null, null]",0.0,"[0.0, 0.03152833902249433]",0.41694915254237286,0.41694915254237286,0.0,"[0.0, 0.0]",,0.5423728813559322,0.5423728813559322,0.864406779661017,0.864406779661017,0.0,0,0,1.0,1.0,0,
track2_common3,acquisitionCampaignGroup,M36_LOGISTIC_VIEW_GUARDED,SAFE-STRICT,CONGRUENT_CONTEXT,0.45,118,118,10,10,118,0.0847457627118644,0.0847457627118644,1.0,1.0,"[0.7224672001371107, 0.9999999999999999]",0,0,,"[null, null]",0.0,"[0.0, 0.03152833902249433]",0.40677966101694923,0.41694915254237286,0.01016949152542373,"[0.00211864406779661, 0.024152542372881357]",0.12000000000000002,0.559322033898305,0.559322033898305,0.864406779661017,0.864406779661017,0.0,0,0,1.0,1.0,0,
track2_common3,acquisitionCampaignGroup,M36_LOGISTIC_VIEW_GUARDED,SAFE-STRICT,CONGRUENT_CONTEXT,0.50,118,118,10,10,118,0.0847457627118644,0.0847457627118644,1.0,1.0,"[0.7224672001371107, 0.9999999999999999]",0,0,,"[null, null]",0.0,"[0.0, 0.03152833902249433]",0.40677966101694923,0.41694915254237286,0.01016949152542373,"[0.00211864406779661, 0.025423728813559324]",0.12000000000000002,0.559322033898305,0.559322033898305,0.864406779661017,0.864406779661017,0.0,0,0,1.0,1.0,0,
track2_common3,acquisitionCampaignGroup,M36_LOGISTIC_VIEW_GUARDED,SAFE-STRICT,CONGRUENT_CONTEXT,0.55,118,118,10,10,118,0.0847457627118644,0.0847457627118644,1.0,1.0,"[0.7224672001371107, 0.9999999999999999]",0,0,,"[null, null]",0.0,"[0.0, 0.03152833902249433]",0.40677966101694923,0.41694915254237286,0.01016949152542373,"[0.00211864406779661, 0.024152542372881357]",0.12000000000000002,0.559322033898305,0.559322033898305,0.864406779661017,0.864406779661017,0.0,0,0,1.0,1.0,0,
track2_common3,acquisitionCampaignGroup,M36_LOGISTIC_VIEW_GUARDED,SAFE-STRICT,CONGRUENT_CONTEXT,0.60,118,118,10,10,118,0.0847457627118644,0.0847457627118644,1.0,1.0,"[0.7224672001371107, 0.9999999999999999]",0,0,,"[null, null]",0.0,"[0.0, 0.03152833902249433]",0.40677966101694923,0.41694915254237286,0.01016949152542373,"[0.00211864406779661, 0.024576271186440676]",0.12000000000000002,0.559322033898305,0.559322033898305,0.864406779661017,0.864406779661017,0.0,0,0,1.0,1.0,0,
track2_common3,acquisitionCampaignGroup,M36_LOGISTIC_VIEW_GUARDED,SAFE-STRICT,CONGRUENT_CONTEXT,0.65,118,118,10,10,118,0.0847457627118644,0.0847457627118644,1.0,1.0,"[0.7224672001371107, 0.9999999999999999]",0,0,,"[null, null]",0.0,"[0.0, 0.03152833902249433]",0.40677966101694923,0.41694915254237286,0.01016949152542373,"[0.00211864406779661, 0.024576271186440683]",0.12000000000000002,0.559322033898305,0.559322033898305,0.864406779661017,0.864406779661017,0.0,0,0,1.0,1.0,0,
track2_common3,acquisitionCampaignGroup,M36_LOGISTIC_VIEW_GUARDED,SAFE-STRICT,CONGRUENT_CONTEXT,0.70,118,118,10,10,118,0.0847457627118644,0.0847457627118644,1.0,1.0,"[0.7224672001371107, 0.9999999999999999]",0,0,,"[null, null]",0.0,"[0.0, 0.03152833902249433]",0.40677966101694923,0.41694915254237286,0.01016949152542373,"[0.00211864406779661, 0.025847457627118646]",0.12000000000000002,0.559322033898305,0.559322033898305,0.864406779661017,0.864406779661017,0.0,0,0,1.0,1.0,0,
track2_common3,acquisitionCampaignGroup,M36_LOGISTIC_VIEW_GUARDED,SAFE-STRICT,CONGRUENT_CONTEXT,0.75,118,118,10,10,118,0.0847457627118644,0.0847457627118644,1.0,1.0,"[0.7224672001371107, 0.9999999999999999]",0,0,,"[null, null]",0.0,"[0.0, 0.03152833902249433]",0.40677966101694923,0.41694915254237286,0.01016949152542373,"[0.0021186440677966097, 0.02415254237288136]",0.12000000000000002,0.559322033898305,0.559322033898305,0.864406779661017,0.864406779661017,0.0,0,0,1.0,1.0,0,
track2_common3,acquisitionCampaignGroup,M36_LOGISTIC_VIEW_GUARDED,SAFE-STRICT,CONGRUENT_CONTEXT,0.80,118,118,10,10,118,0.0847457627118644,0.0847457627118644,1.0,1.0,"[0.7224672001371107, 0.9999999999999999]",0,0,,"[null, null]",0.0,"[0.0, 0.03152833902249433]",0.40677966101694923,0.41694915254237286,0.01016949152542373,"[0.00211864406779661, 0.02373940677966096]",0.12000000000000002,0.559322033898305,0.559322033898305,0.864406779661017,0.864406779661017,0.0,0,0,1.0,1.0,0,
track2_common3,acquisitionCampaignGroup,M36_LOGISTIC_VIEW_GUARDED,SAFE-STRICT,CONGRUENT_CONTEXT,0.85,118,118,10,10,118,0.0847457627118644,0.0847457627118644,1.0,1.0,"[0.7224672001371107, 0.9999999999999999]",0,0,,"[null, null]",0.0,"[0.0, 0.03152833902249433]",0.40677966101694923,0.41694915254237286,0.01016949152542373,"[0.00211864406779661, 0.024152542372881357]",0.12000000000000002,0.559322033898305,0.559322033898305,0.864406779661017,0.864406779661017,0.0,0,0,1.0,1.0,0,
track2_common3,acquisitionCampaignGroup,M36_LOGISTIC_VIEW_GUARDED,SAFE-STRICT,CONGRUENT_CONTEXT,0.90,118,118,10,10,118,0.0847457627118644,0.0847457627118644,1.0,1.0,"[0.7224672001371107, 0.9999999999999999]",0,0,,"[null, null]",0.0,"[0.0, 0.03152833902249433]",0.40677966101694923,0.41694915254237286,0.01016949152542373,"[0.0021186440677966097, 0.024586864406779606]",0.12000000000000002,0.559322033898305,0.559322033898305,0.864406779661017,0.864406779661017,0.0,0,0,1.0,1.0,0,
track2_common3,acquisitionCampaignGroup,M36_LOGISTIC_VIEW_GUARDED,SAFE-STRICT,CONGRUENT_CONTEXT,0.95,118,118,10,10,118,0.0847457627118644,0.0847457627118644,1.0,1.0,"[0.7224672001371107, 0.9999999999999999]",0,0,,"[null, null]",0.0,"[0.0, 0.03152833902249433]",0.40677966101694923,0.41694915254237286,0.01016949152542373,"[0.00211864406779661, 0.024152542372881353]",0.12000000000000002,0.559322033898305,0.559322033898305,0.864406779661017,0.864406779661017,0.0,0,0,1.0,1.0,0,
track2_common3,acquisitionCampaignGroup,M36_LOGISTIC_VIEW_GUARDED,SAFE-STRICT,INCONGRUENT_CONTEXT,0.45,118,236,2,2,,0.00847457627118644,0.01694915254237288,0.0,0.5,"[0.09453120573423074, 0.9054687942657693]",1,1,0.5,"[0.09453120573423074, 0.9054687942657693]",0.00847457627118644,"[0.0014975405219652578, 0.04644557241540204]",0.41355932203389834,0.41694915254237286,0.0033898305084745766,"[0.0, 0.01016949152542373]",0.4,0.5466101694915254,0.5466101694915254,0.8601694915254238,0.8559322033898306,-0.00847457627118644,1,0,1.0,0.9957627118644068,0,False
track2_common3,acquisitionCampaignGroup,M36_LOGISTIC_VIEW_GUARDED,SAFE-STRICT,INCONGRUENT_CONTEXT,0.50,118,236,2,2,,0.00847457627118644,0.01694915254237288,0.0,0.5,"[0.09453120573423074, 0.9054687942657693]",1,1,0.5,"[0.09453120573423074, 0.9054687942657693]",0.00847457627118644,"[0.0014975405219652578, 0.04644557241540204]",0.41355932203389834,0.41694915254237286,0.0033898305084745766,"[0.0, 0.01016949152542373]",0.4,0.5466101694915254,0.5466101694915254,0.8601694915254238,0.8559322033898306,-0.00847457627118644,1,0,1.0,0.9957627118644068,0,False
track2_common3,acquisitionCampaignGroup,M36_LOGISTIC_VIEW_GUARDED,SAFE-STRICT,INCONGRUENT_CONTEXT,0.55,118,236,2,2,,0.00847457627118644,0.01694915254237288,0.0,0.5,"[0.09453120573423074, 0.9054687942657693]",1,1,0.5,"[0.09453120573423074, 0.9054687942657693]",0.00847457627118644,"[0.0014975405219652578, 0.04644557241540204]",0.41355932203389834,0.41694915254237286,0.0033898305084745766,"[0.0, 0.009957627118644069]",0.4,0.5466101694915254,0.5466101694915254,0.8601694915254238,0.8559322033898306,-0.00847457627118644,1,0,1.0,0.9957627118644068,0,False
track2_common3,acquisitionCampaignGroup,M36_LOGISTIC_VIEW_GUARDED,SAFE-STRICT,INCONGRUENT_CONTEXT,0.60,118,236,2,2,,0.00847457627118644,0.01694915254237288,0.0,0.5,"[0.09453120573423074, 0.9054687942657693]",1,1,0.5,"[0.09453120573423074, 0.9054687942657693]",0.00847457627118644,"[0.0014975405219652578, 0.04644557241540204]",0.41355932203389834,0.41694915254237286,0.0033898305084745766,"[0.0, 0.009957627118644069]",0.4,0.5466101694915254,0.5466101694915254,0.8601694915254238,0.8559322033898306,-0.00847457627118644,1,0,1.0,0.9957627118644068,0,False
track2_common3,acquisitionCampaignGroup,M36_LOGISTIC_VIEW_GUARDED,SAFE-STRICT,INCONGRUENT_CONTEXT,0.65,118,236,2,2,,0.00847457627118644,0.01694915254237288,0.0,0.5,"[0.09453120573423074, 0.9054687942657693]",1,1,0.5,"[0.09453120573423074, 0.9054687942657693]",0.00847457627118644,"[0.0014975405219652578, 0.04644557241540204]",0.41355932203389834,0.41694915254237286,0.0033898305084745766,"[0.0, 0.009957627118644069]",0.4,0.5466101694915254,0.5466101694915254,0.8601694915254238,0.8559322033898306,-0.00847457627118644,1,0,1.0,0.9957627118644068,0,False
track2_common3,acquisitionCampaignGroup,M36_LOGISTIC_VIEW_GUARDED,SAFE-STRICT,INCONGRUENT_CONTEXT,0.70,118,236,2,2,,0.00847457627118644,0.01694915254237288,0.0,0.5,"[0.09453120573423074, 0.9054687942657693]",1,1,0.5,"[0.09453120573423074, 0.9054687942657693]",0.00847457627118644,"[0.0014975405219652578, 0.04644557241540204]",0.41355932203389834,0.41694915254237286,0.0033898305084745766,"[0.0, 0.009957627118644069]",0.4,0.5466101694915254,0.5466101694915254,0.8601694915254238,0.8559322033898306,-0.00847457627118644,1,0,1.0,0.9957627118644068,0,False
track2_common3,acquisitionCampaignGroup,M36_LOGISTIC_VIEW_GUARDED,SAFE-STRICT,INCONGRUENT_CONTEXT,0.75,118,236,2,2,,0.00847457627118644,0.01694915254237288,0.0,0.5,"[0.09453120573423074, 0.9054687942657693]",1,1,0.5,"[0.09453120573423074, 0.9054687942657693]",0.00847457627118644,"[0.0014975405219652578, 0.04644557241540204]",0.41355932203389834,0.41694915254237286,0.0033898305084745766,"[0.0, 0.009957627118644069]",0.4,0.5466101694915254,0.5466101694915254,0.8601694915254238,0.8559322033898306,-0.00847457627118644,1,0,1.0,0.9957627118644068,0,False
track2_common3,acquisitionCampaignGroup,M36_LOGISTIC_VIEW_GUARDED,SAFE-STRICT,INCONGRUENT_CONTEXT,0.80,118,236,2,2,,0.00847457627118644,0.01694915254237288,0.0,0.5,"[0.09453120573423074, 0.9054687942657693]",1,1,0.5,"[0.09453120573423074, 0.9054687942657693]",0.00847457627118644,"[0.0014975405219652578, 0.04644557241540204]",0.41355932203389834,0.41694915254237286,0.0033898305084745766,"[0.0, 0.009957627118644069]",0.4,0.5466101694915254,0.5466101694915254,0.8601694915254238,0.8559322033898306,-0.00847457627118644,1,0,1.0,0.9957627118644068,0,False
track2_common3,acquisitionCampaignGroup,M36_LOGISTIC_VIEW_GUARDED,SAFE-STRICT,INCONGRUENT_CONTEXT,0.85,118,236,2,2,,0.00847457627118644,0.01694915254237288,0.0,0.5,"[0.09453120573423074, 0.9054687942657693]",1,1,0.5,"[0.09453120573423074, 0.9054687942657693]",0.00847457627118644,"[0.0014975405219652578, 0.04644557241540204]",0.41355932203389834,0.41694915254237286,0.0033898305084745766,"[0.0, 0.009957627118644069]",0.4,0.5466101694915254,0.5466101694915254,0.8601694915254238,0.8559322033898306,-0.00847457627118644,1,0,1.0,0.9957627118644068,0,False
track2_common3,acquisitionCampaignGroup,M36_LOGISTIC_VIEW_GUARDED,SAFE-STRICT,INCONGRUENT_CONTEXT,0.90,118,236,2,2,,0.00847457627118644,0.01694915254237288,0.0,0.5,"[0.09453120573423074, 0.9054687942657693]",1,1,0.5,"[0.09453120573423074, 0.9054687942657693]",0.00847457627118644,"[0.0014975405219652578, 0.04644557241540204]",0.41355932203389834,0.41694915254237286,0.0033898305084745766,"[0.0, 0.01016949152542373]",0.4,0.5466101694915254,0.5466101694915254,0.8601694915254238,0.8559322033898306,-0.00847457627118644,1,0,1.0,0.9957627118644068,0,False
track2_common3,acquisitionCampaignGroup,M36_LOGISTIC_VIEW_GUARDED,SAFE-STRICT,INCONGRUENT_CONTEXT,0.95,118,236,2,2,,0.00847457627118644,0.01694915254237288,0.0,0.5,"[0.09453120573423074, 0.9054687942657693]",1,1,0.5,"[0.09453120573423074, 0.9054687942657693]",0.00847457627118644,"[0.0014975405219652578, 0.04644557241540204]",0.41355932203389834,0.41694915254237286,0.0033898305084745766,"[0.0, 0.01016949152542373]",0.4,0.5466101694915254,0.5466101694915254,0.8601694915254238,0.8559322033898306,-0.00847457627118644,1,0,1.0,0.9957627118644068,0,False
track2_common3,acquisitionCampaignGroup,M36_LOGISTIC_VIEW_GUARDED,SAFE-STRICT,NEUTRAL_CONTEXT,,118,118,0,0,,0.0,0.0,,,"[null, null]",0,0,,"[null, null]",0.0,"[0.0, 0.03152833902249433]",0.41694915254237286,0.41694915254237286,0.0,"[0.0, 0.0]",,0.5423728813559322,0.5423728813559322,0.864406779661017,0.864406779661017,0.0,0,0,1.0,1.0,0,
track2_common3,acquisitionCampaignGroup,M36_MULTI_VIEW_RULE,SAFE-95,CONGRUENT_CONTEXT,0.45,118,118,2,2,118,0.01694915254237288,0.01694915254237288,1.0,1.0,"[0.34238022750665303, 1.0]",0,0,,"[null, null]",0.0,"[0.0, 0.03152833902249433]",0.4152542372881356,0.41694915254237286,0.0016949152542372883,"[0.0, 0.004671610169491468]",0.1,0.5508474576271186,0.5508474576271186,0.864406779661017,0.864406779661017,0.0,0,0,1.0,1.0,0,
track2_common3,acquisitionCampaignGroup,M36_MULTI_VIEW_RULE,SAFE-95,CONGRUENT_CONTEXT,0.50,118,118,4,4,118,0.03389830508474576,0.03389830508474576,1.0,1.0,"[0.5101091635454027, 1.0]",0,0,,"[null, null]",0.0,"[0.0, 0.03152833902249433]",0.40254237288135597,0.41694915254237286,0.01440677966101695,"[0.0004237288135593219, 0.034322033898305085]",0.425,0.5677966101694916,0.5677966101694916,0.8728813559322034,0.8728813559322034,0.00847457627118644,0,1,1.0,0.9915254237288136,0,
track2_common3,acquisitionCampaignGroup,M36_MULTI_VIEW_RULE,SAFE-95,CONGRUENT_CONTEXT,0.55,118,118,7,7,118,0.059322033898305086,0.059322033898305086,1.0,1.0,"[0.6456695649333126, 1.0]",0,0,,"[null, null]",0.0,"[0.0, 0.03152833902249433]",0.40042372881355937,0.41694915254237286,0.01652542372881356,"[0.0025423728813559316, 0.03687499999999994]",0.2785714285714286,0.576271186440678,0.576271186440678,0.8728813559322034,0.8728813559322034,0.00847457627118644,0,1,1.0,0.9915254237288136,0,
track2_common3,acquisitionCampaignGroup,M36_MULTI_VIEW_RULE,SAFE-95,CONGRUENT_CONTEXT,0.60,118,118,8,8,118,0.06779661016949153,0.06779661016949153,1.0,1.0,"[0.6755924351161198, 1.0]",0,0,,"[null, null]",0.0,"[0.0, 0.03152833902249433]",0.39618644067796616,0.41694915254237286,0.020762711864406782,"[0.003802966101694915, 0.042796610169491524]",0.30625,0.576271186440678,0.576271186440678,0.8728813559322034,0.8728813559322034,0.00847457627118644,0,1,1.0,0.9915254237288136,0,
track2_common3,acquisitionCampaignGroup,M36_MULTI_VIEW_RULE,SAFE-95,CONGRUENT_CONTEXT,0.65,118,118,8,8,118,0.06779661016949153,0.06779661016949153,1.0,1.0,"[0.6755924351161198, 1.0]",0,0,,"[null, null]",0.0,"[0.0, 0.03152833902249433]",0.39618644067796616,0.41694915254237286,0.020762711864406782,"[0.003802966101694915, 0.041949152542372886]",0.30625,0.576271186440678,0.576271186440678,0.8728813559322034,0.8728813559322034,0.00847457627118644,0,1,1.0,0.9915254237288136,0,
track2_common3,acquisitionCampaignGroup,M36_MULTI_VIEW_RULE,SAFE-95,CONGRUENT_CONTEXT,0.70,118,118,11,11,118,0.09322033898305085,0.09322033898305085,1.0,1.0,"[0.7411670330319684, 1.0]",0,0,,"[null, null]",0.0,"[0.0, 0.03152833902249433]",0.3949152542372882,0.41694915254237286,0.022033898305084742,"[0.0055084745762711855, 0.04279661016949153]",0.23636363636363633,0.5847457627118644,0.5847457627118644,0.8728813559322034,0.8728813559322034,0.00847457627118644,0,1,1.0,0.9915254237288136,0,
track2_common3,acquisitionCampaignGroup,M36_MULTI_VIEW_RULE,SAFE-95,CONGRUENT_CONTEXT,0.75,118,118,11,11,118,0.09322033898305085,0.09322033898305085,1.0,1.0,"[0.7411670330319684, 1.0]",0,0,,"[null, null]",0.0,"[0.0, 0.03152833902249433]",0.3949152542372882,0.41694915254237286,0.022033898305084742,"[0.005497881355932203, 0.04449152542372881]",0.23636363636363633,0.5847457627118644,0.5847457627118644,0.8728813559322034,0.8728813559322034,0.00847457627118644,0,1,1.0,0.9915254237288136,0,
track2_common3,acquisitionCampaignGroup,M36_MULTI_VIEW_RULE,SAFE-95,CONGRUENT_CONTEXT,0.80,118,118,13,13,118,0.11016949152542373,0.11016949152542373,1.0,1.0,"[0.7719046276458016, 0.9999999999999999]",0,0,,"[null, null]",0.0,"[0.0, 0.03152833902249433]",0.3932203389830508,0.41694915254237286,0.02372881355932203,"[0.006779661016949153, 0.04533898305084746]",0.21538461538461537,0.5847457627118644,0.5847457627118644,0.8728813559322034,0.8728813559322034,0.00847457627118644,0,1,1.0,0.9915254237288136,0,
track2_common3,acquisitionCampaignGroup,M36_MULTI_VIEW_RULE,SAFE-95,CONGRUENT_CONTEXT,0.85,118,118,15,15,118,0.1271186440677966,0.1271186440677966,1.0,1.0,"[0.7961166989641515, 1.0]",0,0,,"[null, null]",0.0,"[0.0, 0.03152833902249433]",0.39237288135593223,0.41694915254237286,0.024576271186440672,"[0.008474576271186439, 0.04492584745762706]",0.1933333333333333,0.5847457627118644,0.5847457627118644,0.8728813559322034,0.8728813559322034,0.00847457627118644,0,1,1.0,0.9915254237288136,0,
track2_common3,acquisitionCampaignGroup,M36_MULTI_VIEW_RULE,SAFE-95,CONGRUENT_CONTEXT,0.90,118,118,15,15,118,0.1271186440677966,0.1271186440677966,1.0,1.0,"[0.7961166989641515, 1.0]",0,0,,"[null, null]",0.0,"[0.0, 0.03152833902249433]",0.39237288135593223,0.41694915254237286,0.024576271186440672,"[0.008050847457627118, 0.046610169491525424]",0.1933333333333333,0.5847457627118644,0.5847457627118644,0.8728813559322034,0.8728813559322034,0.00847457627118644,0,1,1.0,0.9915254237288136,0,
track2_common3,acquisitionCampaignGroup,M36_MULTI_VIEW_RULE,SAFE-95,CONGRUENT_CONTEXT,0.95,118,118,15,15,118,0.1271186440677966,0.1271186440677966,1.0,1.0,"[0.7961166989641515, 1.0]",0,0,,"[null, null]",0.0,"[0.0, 0.03152833902249433]",0.39237288135593223,0.41694915254237286,0.024576271186440672,"[0.007627118644067796, 0.04576271186440677]",0.1933333333333333,0.5847457627118644,0.5847457627118644,0.8728813559322034,0.8728813559322034,0.00847457627118644,0,1,1.0,0.9915254237288136,0,
track2_common3,acquisitionCampaignGroup,M36_MULTI_VIEW_RULE,SAFE-95,INCONGRUENT_CONTEXT,0.45,118,236,0,0,,0.0,0.0,,,"[null, null]",0,0,0.0,"[null, null]",0.0,"[0.0, 0.03152833902249433]",0.41694915254237286,0.41694915254237286,0.0,"[0.0, 0.0]",,0.5423728813559322,0.5423728813559322,0.864406779661017,0.864406779661017,0.0,0,0,1.0,1.0,0,False
track2_common3,acquisitionCampaignGroup,M36_MULTI_VIEW_RULE,SAFE-95,INCONGRUENT_CONTEXT,0.50,118,236,0,0,,0.0,0.0,,,"[null, null]",0,0,0.0,"[null, null]",0.0,"[0.0, 0.03152833902249433]",0.41694915254237286,0.41694915254237286,0.0,"[0.0, 0.0]",,0.5423728813559322,0.5423728813559322,0.864406779661017,0.864406779661017,0.0,0,0,1.0,1.0,0,False
track2_common3,acquisitionCampaignGroup,M36_MULTI_VIEW_RULE,SAFE-95,INCONGRUENT_CONTEXT,0.55,118,236,0,0,,0.0,0.0,,,"[null, null]",0,0,0.0,"[null, null]",0.0,"[0.0, 0.03152833902249433]",0.41694915254237286,0.41694915254237286,0.0,"[0.0, 0.0]",,0.5423728813559322,0.5423728813559322,0.864406779661017,0.864406779661017,0.0,0,0,1.0,1.0,0,False
track2_common3,acquisitionCampaignGroup,M36_MULTI_VIEW_RULE,SAFE-95,INCONGRUENT_CONTEXT,0.60,118,236,1,1,,0.00423728813559322,0.00847457627118644,0.0,0.0,"[0.0, 0.7934506856227626]",1,1,1.0,"[0.20654931437723745, 1.0]",0.00847457627118644,"[0.0014975405219652578, 0.04644557241540204]",0.41419491525423724,0.41694915254237286,0.002754237288135593,"[0.0, 0.008262711864406781]",0.65,0.5423728813559322,0.5423728813559322,0.8601694915254238,0.8559322033898306,-0.00847457627118644,1,0,1.0,0.9957627118644068,0,False
track2_common3,acquisitionCampaignGroup,M36_MULTI_VIEW_RULE,SAFE-95,INCONGRUENT_CONTEXT,0.65,118,236,1,1,,0.00423728813559322,0.00847457627118644,0.0,0.0,"[0.0, 0.7934506856227626]",1,1,1.0,"[0.20654931437723745, 1.0]",0.00847457627118644,"[0.0014975405219652578, 0.04644557241540204]",0.41419491525423724,0.41694915254237286,0.002754237288135593,"[0.0, 0.008262711864406781]",0.65,0.5423728813559322,0.5423728813559322,0.8601694915254238,0.8559322033898306,-0.00847457627118644,1,0,1.0,0.9957627118644068,0,False
track2_common3,acquisitionCampaignGroup,M36_MULTI_VIEW_RULE,SAFE-95,INCONGRUENT_CONTEXT,0.70,118,236,1,1,,0.00423728813559322,0.00847457627118644,0.0,0.0,"[0.0, 0.7934506856227626]",1,1,1.0,"[0.20654931437723745, 1.0]",0.00847457627118644,"[0.0014975405219652578, 0.04644557241540204]",0.41419491525423724,0.41694915254237286,0.002754237288135593,"[0.0, 0.008262711864406781]",0.65,0.5423728813559322,0.5423728813559322,0.8601694915254238,0.8559322033898306,-0.00847457627118644,1,0,1.0,0.9957627118644068,0,False
track2_common3,acquisitionCampaignGroup,M36_MULTI_VIEW_RULE,SAFE-95,INCONGRUENT_CONTEXT,0.75,118,236,2,2,,0.00847457627118644,0.01694915254237288,0.0,0.0,"[0.0, 0.6576197724933469]",2,2,1.0,"[0.34238022750665303, 1.0]",0.01694915254237288,"[0.004660442504200446, 0.059697444348039835]",0.41101694915254233,0.41694915254237286,0.005932203389830508,"[0.0, 0.015042372881355931]",0.7,0.5466101694915254,0.5466101694915254,0.8559322033898306,0.847457627118644,-0.01694915254237288,2,0,0.5,0.9915254237288136,0,False
track2_common3,acquisitionCampaignGroup,M36_MULTI_VIEW_RULE,SAFE-95,INCONGRUENT_CONTEXT,0.80,118,236,2,2,,0.00847457627118644,0.01694915254237288,0.0,0.0,"[0.0, 0.6576197724933469]",2,2,1.0,"[0.34238022750665303, 1.0]",0.01694915254237288,"[0.004660442504200446, 0.059697444348039835]",0.41101694915254233,0.41694915254237286,0.005932203389830508,"[0.0, 0.015466101694915253]",0.7,0.5466101694915254,0.5466101694915254,0.8559322033898306,0.847457627118644,-0.01694915254237288,2,0,0.5,0.9915254237288136,0,False
track2_common3,acquisitionCampaignGroup,M36_MULTI_VIEW_RULE,SAFE-95,INCONGRUENT_CONTEXT,0.85,118,236,2,2,,0.00847457627118644,0.01694915254237288,0.0,0.0,"[0.0, 0.6576197724933469]",2,2,1.0,"[0.34238022750665303, 1.0]",0.01694915254237288,"[0.004660442504200446, 0.059697444348039835]",0.41101694915254233,0.41694915254237286,0.005932203389830508,"[0.0, 0.015042372881355931]",0.7,0.5466101694915254,0.5466101694915254,0.8559322033898306,0.847457627118644,-0.01694915254237288,2,0,0.5,0.9915254237288136,0,False
track2_common3,acquisitionCampaignGroup,M36_MULTI_VIEW_RULE,SAFE-95,INCONGRUENT_CONTEXT,0.90,118,236,3,3,,0.012711864406779662,0.025423728813559324,0.0,0.0,"[5.551115123125783e-17, 0.5614970317550454]",3,3,1.0,"[0.4385029682449546, 1.0]",0.025423728813559324,"[0.008683514404083097, 0.07208914636303015]",0.40974576271186436,0.41694915254237286,0.007203389830508475,"[0.0, 0.01631885593220336]",0.5666666666666667,0.5508474576271186,0.5508474576271186,0.8516949152542372,0.8389830508474576,-0.025423728813559324,3,0,0.25,0.9872881355932204,0,False
track2_common3,acquisitionCampaignGroup,M36_MULTI_VIEW_RULE,SAFE-95,INCONGRUENT_CONTEXT,0.95,118,236,3,3,,0.012711864406779662,0.025423728813559324,0.0,0.0,"[5.551115123125783e-17, 0.5614970317550454]",3,3,1.0,"[0.4385029682449546, 1.0]",0.025423728813559324,"[0.008683514404083097, 0.07208914636303015]",0.40974576271186436,0.41694915254237286,0.007203389830508475,"[0.0, 0.01673728813559322]",0.5666666666666667,0.5508474576271186,0.5508474576271186,0.8516949152542372,0.8389830508474576,-0.025423728813559324,3,0,0.25,0.9872881355932204,0,False
track2_common3,acquisitionCampaignGroup,M36_MULTI_VIEW_RULE,SAFE-95,NEUTRAL_CONTEXT,,118,118,0,0,,0.0,0.0,,,"[null, null]",0,0,,"[null, null]",0.0,"[0.0, 0.03152833902249433]",0.41694915254237286,0.41694915254237286,0.0,"[0.0, 0.0]",,0.5423728813559322,0.5423728813559322,0.864406779661017,0.864406779661017,0.0,0,0,1.0,1.0,0,
track2_common3,acquisitionCampaignGroup,M36_MULTI_VIEW_RULE,SAFE-99,CONGRUENT_CONTEXT,0.45,118,118,2,2,118,0.01694915254237288,0.01694915254237288,1.0,1.0,"[0.34238022750665303, 1.0]",0,0,,"[null, null]",0.0,"[0.0, 0.03152833902249433]",0.4152542372881356,0.41694915254237286,0.0016949152542372883,"[0.0, 0.004661016949152543]",0.1,0.5508474576271186,0.5508474576271186,0.864406779661017,0.864406779661017,0.0,0,0,1.0,1.0,0,
track2_common3,acquisitionCampaignGroup,M36_MULTI_VIEW_RULE,SAFE-99,CONGRUENT_CONTEXT,0.50,118,118,4,4,118,0.03389830508474576,0.03389830508474576,1.0,1.0,"[0.5101091635454027, 1.0]",0,0,,"[null, null]",0.0,"[0.0, 0.03152833902249433]",0.40254237288135597,0.41694915254237286,0.01440677966101695,"[0.0004237288135593219, 0.033898305084745756]",0.425,0.5677966101694916,0.5677966101694916,0.8728813559322034,0.8728813559322034,0.00847457627118644,0,1,1.0,0.9915254237288136,0,
track2_common3,acquisitionCampaignGroup,M36_MULTI_VIEW_RULE,SAFE-99,CONGRUENT_CONTEXT,0.55,118,118,7,7,118,0.059322033898305086,0.059322033898305086,1.0,1.0,"[0.6456695649333126, 1.0]",0,0,,"[null, null]",0.0,"[0.0, 0.03152833902249433]",0.40042372881355937,0.41694915254237286,0.01652542372881356,"[0.00211864406779661, 0.03645127118644063]",0.2785714285714286,0.576271186440678,0.576271186440678,0.8728813559322034,0.8728813559322034,0.00847457627118644,0,1,1.0,0.9915254237288136,0,
track2_common3,acquisitionCampaignGroup,M36_MULTI_VIEW_RULE,SAFE-99,CONGRUENT_CONTEXT,0.60,118,118,8,8,118,0.06779661016949153,0.06779661016949153,1.0,1.0,"[0.6755924351161198, 1.0]",0,0,,"[null, null]",0.0,"[0.0, 0.03152833902249433]",0.39618644067796616,0.41694915254237286,0.020762711864406782,"[0.003813559322033898, 0.041525423728813564]",0.30625,0.576271186440678,0.576271186440678,0.8728813559322034,0.8728813559322034,0.00847457627118644,0,1,1.0,0.9915254237288136,0,
track2_common3,acquisitionCampaignGroup,M36_MULTI_VIEW_RULE,SAFE-99,CONGRUENT_CONTEXT,0.65,118,118,8,8,118,0.06779661016949153,0.06779661016949153,1.0,1.0,"[0.6755924351161198, 1.0]",0,0,,"[null, null]",0.0,"[0.0, 0.03152833902249433]",0.39618644067796616,0.41694915254237286,0.020762711864406782,"[0.0038135593220338976, 0.04111228813559316]",0.30625,0.576271186440678,0.576271186440678,0.8728813559322034,0.8728813559322034,0.00847457627118644,0,1,1.0,0.9915254237288136,0,
track2_common3,acquisitionCampaignGroup,M36_MULTI_VIEW_RULE,SAFE-99,CONGRUENT_CONTEXT,0.70,118,118,11,11,118,0.09322033898305085,0.09322033898305085,1.0,1.0,"[0.7411670330319684, 1.0]",0,0,,"[null, null]",0.0,"[0.0, 0.03152833902249433]",0.3949152542372882,0.41694915254237286,0.022033898305084742,"[0.005084745762711863, 0.043220338983050846]",0.23636363636363633,0.5847457627118644,0.5847457627118644,0.8728813559322034,0.8728813559322034,0.00847457627118644,0,1,1.0,0.9915254237288136,0,
track2_common3,acquisitionCampaignGroup,M36_MULTI_VIEW_RULE,SAFE-99,CONGRUENT_CONTEXT,0.75,118,118,11,11,118,0.09322033898305085,0.09322033898305085,1.0,1.0,"[0.7411670330319684, 1.0]",0,0,,"[null, null]",0.0,"[0.0, 0.03152833902249433]",0.3949152542372882,0.41694915254237286,0.022033898305084742,"[0.005084745762711863, 0.044067796610169484]",0.23636363636363633,0.5847457627118644,0.5847457627118644,0.8728813559322034,0.8728813559322034,0.00847457627118644,0,1,1.0,0.9915254237288136,0,
track2_common3,acquisitionCampaignGroup,M36_MULTI_VIEW_RULE,SAFE-99,CONGRUENT_CONTEXT,0.80,118,118,13,13,118,0.11016949152542373,0.11016949152542373,1.0,1.0,"[0.7719046276458016, 0.9999999999999999]",0,0,,"[null, null]",0.0,"[0.0, 0.03152833902249433]",0.3932203389830508,0.41694915254237286,0.02372881355932203,"[0.006779661016949151, 0.04576271186440677]",0.21538461538461537,0.5847457627118644,0.5847457627118644,0.8728813559322034,0.8728813559322034,0.00847457627118644,0,1,1.0,0.9915254237288136,0,
track2_common3,acquisitionCampaignGroup,M36_MULTI_VIEW_RULE,SAFE-99,CONGRUENT_CONTEXT,0.85,118,118,15,15,118,0.1271186440677966,0.1271186440677966,1.0,1.0,"[0.7961166989641515, 1.0]",0,0,,"[null, null]",0.0,"[0.0, 0.03152833902249433]",0.39237288135593223,0.41694915254237286,0.024576271186440672,"[0.008474576271186439, 0.04703389830508475]",0.1933333333333333,0.5847457627118644,0.5847457627118644,0.8728813559322034,0.8728813559322034,0.00847457627118644,0,1,1.0,0.9915254237288136,0,
track2_common3,acquisitionCampaignGroup,M36_MULTI_VIEW_RULE,SAFE-99,CONGRUENT_CONTEXT,0.90,118,118,15,15,118,0.1271186440677966,0.1271186440677966,1.0,1.0,"[0.7961166989641515, 1.0]",0,0,,"[null, null]",0.0,"[0.0, 0.03152833902249433]",0.39237288135593223,0.41694915254237286,0.024576271186440672,"[0.008463983050847456, 0.046197033898305026]",0.1933333333333333,0.5847457627118644,0.5847457627118644,0.8728813559322034,0.8728813559322034,0.00847457627118644,0,1,1.0,0.9915254237288136,0,
track2_common3,acquisitionCampaignGroup,M36_MULTI_VIEW_RULE,SAFE-99,CONGRUENT_CONTEXT,0.95,118,118,15,15,118,0.1271186440677966,0.1271186440677966,1.0,1.0,"[0.7961166989641515, 1.0]",0,0,,"[null, null]",0.0,"[0.0, 0.03152833902249433]",0.39237288135593223,0.41694915254237286,0.024576271186440672,"[0.007203389830508474, 0.044915254237288135]",0.1933333333333333,0.5847457627118644,0.5847457627118644,0.8728813559322034,0.8728813559322034,0.00847457627118644,0,1,1.0,0.9915254237288136,0,
track2_common3,acquisitionCampaignGroup,M36_MULTI_VIEW_RULE,SAFE-99,INCONGRUENT_CONTEXT,0.45,118,236,0,0,,0.0,0.0,,,"[null, null]",0,0,0.0,"[null, null]",0.0,"[0.0, 0.03152833902249433]",0.41694915254237286,0.41694915254237286,0.0,"[0.0, 0.0]",,0.5423728813559322,0.5423728813559322,0.864406779661017,0.864406779661017,0.0,0,0,1.0,1.0,0,False
track2_common3,acquisitionCampaignGroup,M36_MULTI_VIEW_RULE,SAFE-99,INCONGRUENT_CONTEXT,0.50,118,236,0,0,,0.0,0.0,,,"[null, null]",0,0,0.0,"[null, null]",0.0,"[0.0, 0.03152833902249433]",0.41694915254237286,0.41694915254237286,0.0,"[0.0, 0.0]",,0.5423728813559322,0.5423728813559322,0.864406779661017,0.864406779661017,0.0,0,0,1.0,1.0,0,False
track2_common3,acquisitionCampaignGroup,M36_MULTI_VIEW_RULE,SAFE-99,INCONGRUENT_CONTEXT,0.55,118,236,0,0,,0.0,0.0,,,"[null, null]",0,0,0.0,"[null, null]",0.0,"[0.0, 0.03152833902249433]",0.41694915254237286,0.41694915254237286,0.0,"[0.0, 0.0]",,0.5423728813559322,0.5423728813559322,0.864406779661017,0.864406779661017,0.0,0,0,1.0,1.0,0,False
track2_common3,acquisitionCampaignGroup,M36_MULTI_VIEW_RULE,SAFE-99,INCONGRUENT_CONTEXT,0.60,118,236,1,1,,0.00423728813559322,0.00847457627118644,0.0,0.0,"[0.0, 0.7934506856227626]",1,1,1.0,"[0.20654931437723745, 1.0]",0.00847457627118644,"[0.0014975405219652578, 0.04644557241540204]",0.41419491525423724,0.41694915254237286,0.002754237288135593,"[0.0, 0.008262711864406781]",0.65,0.5423728813559322,0.5423728813559322,0.8601694915254238,0.8559322033898306,-0.00847457627118644,1,0,1.0,0.9957627118644068,0,False
track2_common3,acquisitionCampaignGroup,M36_MULTI_VIEW_RULE,SAFE-99,INCONGRUENT_CONTEXT,0.65,118,236,1,1,,0.00423728813559322,0.00847457627118644,0.0,0.0,"[0.0, 0.7934506856227626]",1,1,1.0,"[0.20654931437723745, 1.0]",0.00847457627118644,"[0.0014975405219652578, 0.04644557241540204]",0.41419491525423724,0.41694915254237286,0.002754237288135593,"[0.0, 0.008262711864406781]",0.65,0.5423728813559322,0.5423728813559322,0.8601694915254238,0.8559322033898306,-0.00847457627118644,1,0,1.0,0.9957627118644068,0,False
track2_common3,acquisitionCampaignGroup,M36_MULTI_VIEW_RULE,SAFE-99,INCONGRUENT_CONTEXT,0.70,118,236,1,1,,0.00423728813559322,0.00847457627118644,0.0,0.0,"[0.0, 0.7934506856227626]",1,1,1.0,"[0.20654931437723745, 1.0]",0.00847457627118644,"[0.0014975405219652578, 0.04644557241540204]",0.41419491525423724,0.41694915254237286,0.002754237288135593,"[0.0, 0.008262711864406781]",0.65,0.5423728813559322,0.5423728813559322,0.8601694915254238,0.8559322033898306,-0.00847457627118644,1,0,1.0,0.9957627118644068,0,False
track2_common3,acquisitionCampaignGroup,M36_MULTI_VIEW_RULE,SAFE-99,INCONGRUENT_CONTEXT,0.75,118,236,2,2,,0.00847457627118644,0.01694915254237288,0.0,0.0,"[0.0, 0.6576197724933469]",2,2,1.0,"[0.34238022750665303, 1.0]",0.01694915254237288,"[0.004660442504200446, 0.059697444348039835]",0.41101694915254233,0.41694915254237286,0.005932203389830508,"[0.0, 0.015042372881355931]",0.7,0.5466101694915254,0.5466101694915254,0.8559322033898306,0.847457627118644,-0.01694915254237288,2,0,0.5,0.9915254237288136,0,False
track2_common3,acquisitionCampaignGroup,M36_MULTI_VIEW_RULE,SAFE-99,INCONGRUENT_CONTEXT,0.80,118,236,2,2,,0.00847457627118644,0.01694915254237288,0.0,0.0,"[0.0, 0.6576197724933469]",2,2,1.0,"[0.34238022750665303, 1.0]",0.01694915254237288,"[0.004660442504200446, 0.059697444348039835]",0.41101694915254233,0.41694915254237286,0.005932203389830508,"[0.0, 0.015042372881355931]",0.7,0.5466101694915254,0.5466101694915254,0.8559322033898306,0.847457627118644,-0.01694915254237288,2,0,0.5,0.9915254237288136,0,False
track2_common3,acquisitionCampaignGroup,M36_MULTI_VIEW_RULE,SAFE-99,INCONGRUENT_CONTEXT,0.85,118,236,2,2,,0.00847457627118644,0.01694915254237288,0.0,0.0,"[0.0, 0.6576197724933469]",2,2,1.0,"[0.34238022750665303, 1.0]",0.01694915254237288,"[0.004660442504200446, 0.059697444348039835]",0.41101694915254233,0.41694915254237286,0.005932203389830508,"[0.0, 0.015042372881355931]",0.7,0.5466101694915254,0.5466101694915254,0.8559322033898306,0.847457627118644,-0.01694915254237288,2,0,0.5,0.9915254237288136,0,False
track2_common3,acquisitionCampaignGroup,M36_MULTI_VIEW_RULE,SAFE-99,INCONGRUENT_CONTEXT,0.90,118,236,3,3,,0.012711864406779662,0.025423728813559324,0.0,0.0,"[5.551115123125783e-17, 0.5614970317550454]",3,3,1.0,"[0.4385029682449546, 1.0]",0.025423728813559324,"[0.008683514404083097, 0.07208914636303015]",0.40974576271186436,0.41694915254237286,0.007203389830508475,"[0.0, 0.016313559322033898]",0.5666666666666667,0.5508474576271186,0.5508474576271186,0.8516949152542372,0.8389830508474576,-0.025423728813559324,3,0,0.25,0.9872881355932204,0,False
track2_common3,acquisitionCampaignGroup,M36_MULTI_VIEW_RULE,SAFE-99,INCONGRUENT_CONTEXT,0.95,118,236,3,3,,0.012711864406779662,0.025423728813559324,0.0,0.0,"[5.551115123125783e-17, 0.5614970317550454]",3,3,1.0,"[0.4385029682449546, 1.0]",0.025423728813559324,"[0.008683514404083097, 0.07208914636303015]",0.40974576271186436,0.41694915254237286,0.007203389830508475,"[0.0, 0.016313559322033898]",0.5666666666666667,0.5508474576271186,0.5508474576271186,0.8516949152542372,0.8389830508474576,-0.025423728813559324,3,0,0.25,0.9872881355932204,0,False
track2_common3,acquisitionCampaignGroup,M36_MULTI_VIEW_RULE,SAFE-99,NEUTRAL_CONTEXT,,118,118,0,0,,0.0,0.0,,,"[null, null]",0,0,,"[null, null]",0.0,"[0.0, 0.03152833902249433]",0.41694915254237286,0.41694915254237286,0.0,"[0.0, 0.0]",,0.5423728813559322,0.5423728813559322,0.864406779661017,0.864406779661017,0.0,0,0,1.0,1.0,0,
track2_common3,acquisitionCampaignGroup,M36_MULTI_VIEW_RULE,SAFE-STRICT,CONGRUENT_CONTEXT,0.45,118,118,2,2,118,0.01694915254237288,0.01694915254237288,1.0,1.0,"[0.34238022750665303, 1.0]",0,0,,"[null, null]",0.0,"[0.0, 0.03152833902249433]",0.4152542372881356,0.41694915254237286,0.0016949152542372883,"[0.0, 0.004661016949152543]",0.1,0.5508474576271186,0.5508474576271186,0.864406779661017,0.864406779661017,0.0,0,0,1.0,1.0,0,
track2_common3,acquisitionCampaignGroup,M36_MULTI_VIEW_RULE,SAFE-STRICT,CONGRUENT_CONTEXT,0.50,118,118,4,4,118,0.03389830508474576,0.03389830508474576,1.0,1.0,"[0.5101091635454027, 1.0]",0,0,,"[null, null]",0.0,"[0.0, 0.03152833902249433]",0.40254237288135597,0.41694915254237286,0.01440677966101695,"[0.0004237288135593219, 0.033485169491525364]",0.425,0.5677966101694916,0.5677966101694916,0.8728813559322034,0.8728813559322034,0.00847457627118644,0,1,1.0,0.9915254237288136,0,
track2_common3,acquisitionCampaignGroup,M36_MULTI_VIEW_RULE,SAFE-STRICT,CONGRUENT_CONTEXT,0.55,118,118,7,7,118,0.059322033898305086,0.059322033898305086,1.0,1.0,"[0.6456695649333126, 1.0]",0,0,,"[null, null]",0.0,"[0.0, 0.03152833902249433]",0.40042372881355937,0.41694915254237286,0.01652542372881356,"[0.00211864406779661, 0.03687499999999994]",0.2785714285714286,0.576271186440678,0.576271186440678,0.8728813559322034,0.8728813559322034,0.00847457627118644,0,1,1.0,0.9915254237288136,0,
track2_common3,acquisitionCampaignGroup,M36_MULTI_VIEW_RULE,SAFE-STRICT,CONGRUENT_CONTEXT,0.60,118,118,8,8,118,0.06779661016949153,0.06779661016949153,1.0,1.0,"[0.6755924351161198, 1.0]",0,0,,"[null, null]",0.0,"[0.0, 0.03152833902249433]",0.39618644067796616,0.41694915254237286,0.020762711864406782,"[0.003813559322033898, 0.042796610169491524]",0.30625,0.576271186440678,0.576271186440678,0.8728813559322034,0.8728813559322034,0.00847457627118644,0,1,1.0,0.9915254237288136,0,
track2_common3,acquisitionCampaignGroup,M36_MULTI_VIEW_RULE,SAFE-STRICT,CONGRUENT_CONTEXT,0.65,118,118,8,8,118,0.06779661016949153,0.06779661016949153,1.0,1.0,"[0.6755924351161198, 1.0]",0,0,,"[null, null]",0.0,"[0.0, 0.03152833902249433]",0.39618644067796616,0.41694915254237286,0.020762711864406782,"[0.003813559322033898, 0.043220338983050846]",0.30625,0.576271186440678,0.576271186440678,0.8728813559322034,0.8728813559322034,0.00847457627118644,0,1,1.0,0.9915254237288136,0,
track2_common3,acquisitionCampaignGroup,M36_MULTI_VIEW_RULE,SAFE-STRICT,CONGRUENT_CONTEXT,0.70,118,118,11,11,118,0.09322033898305085,0.09322033898305085,1.0,1.0,"[0.7411670330319684, 1.0]",0,0,,"[null, null]",0.0,"[0.0, 0.03152833902249433]",0.3949152542372882,0.41694915254237286,0.022033898305084742,"[0.0055084745762711855, 0.04364406779661017]",0.23636363636363633,0.5847457627118644,0.5847457627118644,0.8728813559322034,0.8728813559322034,0.00847457627118644,0,1,1.0,0.9915254237288136,0,
track2_common3,acquisitionCampaignGroup,M36_MULTI_VIEW_RULE,SAFE-STRICT,CONGRUENT_CONTEXT,0.75,118,118,11,11,118,0.09322033898305085,0.09322033898305085,1.0,1.0,"[0.7411670330319684, 1.0]",0,0,,"[null, null]",0.0,"[0.0, 0.03152833902249433]",0.3949152542372882,0.41694915254237286,0.022033898305084742,"[0.005084745762711863, 0.04449152542372881]",0.23636363636363633,0.5847457627118644,0.5847457627118644,0.8728813559322034,0.8728813559322034,0.00847457627118644,0,1,1.0,0.9915254237288136,0,
track2_common3,acquisitionCampaignGroup,M36_MULTI_VIEW_RULE,SAFE-STRICT,CONGRUENT_CONTEXT,0.80,118,118,13,13,118,0.11016949152542373,0.11016949152542373,1.0,1.0,"[0.7719046276458016, 0.9999999999999999]",0,0,,"[null, null]",0.0,"[0.0, 0.03152833902249433]",0.3932203389830508,0.41694915254237286,0.02372881355932203,"[0.006779661016949151, 0.04576271186440678]",0.21538461538461537,0.5847457627118644,0.5847457627118644,0.8728813559322034,0.8728813559322034,0.00847457627118644,0,1,1.0,0.9915254237288136,0,
track2_common3,acquisitionCampaignGroup,M36_MULTI_VIEW_RULE,SAFE-STRICT,CONGRUENT_CONTEXT,0.85,118,118,15,15,118,0.1271186440677966,0.1271186440677966,1.0,1.0,"[0.7961166989641515, 1.0]",0,0,,"[null, null]",0.0,"[0.0, 0.03152833902249433]",0.39237288135593223,0.41694915254237286,0.024576271186440672,"[0.007627118644067796, 0.046197033898305026]",0.1933333333333333,0.5847457627118644,0.5847457627118644,0.8728813559322034,0.8728813559322034,0.00847457627118644,0,1,1.0,0.9915254237288136,0,
track2_common3,acquisitionCampaignGroup,M36_MULTI_VIEW_RULE,SAFE-STRICT,CONGRUENT_CONTEXT,0.90,118,118,15,15,118,0.1271186440677966,0.1271186440677966,1.0,1.0,"[0.7961166989641515, 1.0]",0,0,,"[null, null]",0.0,"[0.0, 0.03152833902249433]",0.39237288135593223,0.41694915254237286,0.024576271186440672,"[0.007627118644067795, 0.04533898305084746]",0.1933333333333333,0.5847457627118644,0.5847457627118644,0.8728813559322034,0.8728813559322034,0.00847457627118644,0,1,1.0,0.9915254237288136,0,
track2_common3,acquisitionCampaignGroup,M36_MULTI_VIEW_RULE,SAFE-STRICT,CONGRUENT_CONTEXT,0.95,118,118,15,15,118,0.1271186440677966,0.1271186440677966,1.0,1.0,"[0.7961166989641515, 1.0]",0,0,,"[null, null]",0.0,"[0.0, 0.03152833902249433]",0.39237288135593223,0.41694915254237286,0.024576271186440672,"[0.007192796610169491, 0.04533898305084746]",0.1933333333333333,0.5847457627118644,0.5847457627118644,0.8728813559322034,0.8728813559322034,0.00847457627118644,0,1,1.0,0.9915254237288136,0,
track2_common3,acquisitionCampaignGroup,M36_MULTI_VIEW_RULE,SAFE-STRICT,INCONGRUENT_CONTEXT,0.45,118,236,0,0,,0.0,0.0,,,"[null, null]",0,0,0.0,"[null, null]",0.0,"[0.0, 0.03152833902249433]",0.41694915254237286,0.41694915254237286,0.0,"[0.0, 0.0]",,0.5423728813559322,0.5423728813559322,0.864406779661017,0.864406779661017,0.0,0,0,1.0,1.0,0,False
track2_common3,acquisitionCampaignGroup,M36_MULTI_VIEW_RULE,SAFE-STRICT,INCONGRUENT_CONTEXT,0.50,118,236,0,0,,0.0,0.0,,,"[null, null]",0,0,0.0,"[null, null]",0.0,"[0.0, 0.03152833902249433]",0.41694915254237286,0.41694915254237286,0.0,"[0.0, 0.0]",,0.5423728813559322,0.5423728813559322,0.864406779661017,0.864406779661017,0.0,0,0,1.0,1.0,0,False
track2_common3,acquisitionCampaignGroup,M36_MULTI_VIEW_RULE,SAFE-STRICT,INCONGRUENT_CONTEXT,0.55,118,236,0,0,,0.0,0.0,,,"[null, null]",0,0,0.0,"[null, null]",0.0,"[0.0, 0.03152833902249433]",0.41694915254237286,0.41694915254237286,0.0,"[0.0, 0.0]",,0.5423728813559322,0.5423728813559322,0.864406779661017,0.864406779661017,0.0,0,0,1.0,1.0,0,False
track2_common3,acquisitionCampaignGroup,M36_MULTI_VIEW_RULE,SAFE-STRICT,INCONGRUENT_CONTEXT,0.60,118,236,1,1,,0.00423728813559322,0.00847457627118644,0.0,0.0,"[0.0, 0.7934506856227626]",1,1,1.0,"[0.20654931437723745, 1.0]",0.00847457627118644,"[0.0014975405219652578, 0.04644557241540204]",0.41419491525423724,0.41694915254237286,0.002754237288135593,"[0.0, 0.008262711864406781]",0.65,0.5423728813559322,0.5423728813559322,0.8601694915254238,0.8559322033898306,-0.00847457627118644,1,0,1.0,0.9957627118644068,0,False
track2_common3,acquisitionCampaignGroup,M36_MULTI_VIEW_RULE,SAFE-STRICT,INCONGRUENT_CONTEXT,0.65,118,236,1,1,,0.00423728813559322,0.00847457627118644,0.0,0.0,"[0.0, 0.7934506856227626]",1,1,1.0,"[0.20654931437723745, 1.0]",0.00847457627118644,"[0.0014975405219652578, 0.04644557241540204]",0.41419491525423724,0.41694915254237286,0.002754237288135593,"[0.0, 0.008262711864406781]",0.65,0.5423728813559322,0.5423728813559322,0.8601694915254238,0.8559322033898306,-0.00847457627118644,1,0,1.0,0.9957627118644068,0,False
track2_common3,acquisitionCampaignGroup,M36_MULTI_VIEW_RULE,SAFE-STRICT,INCONGRUENT_CONTEXT,0.70,118,236,1,1,,0.00423728813559322,0.00847457627118644,0.0,0.0,"[0.0, 0.7934506856227626]",1,1,1.0,"[0.20654931437723745, 1.0]",0.00847457627118644,"[0.0014975405219652578, 0.04644557241540204]",0.41419491525423724,0.41694915254237286,0.002754237288135593,"[0.0, 0.008262711864406781]",0.65,0.5423728813559322,0.5423728813559322,0.8601694915254238,0.8559322033898306,-0.00847457627118644,1,0,1.0,0.9957627118644068,0,False
track2_common3,acquisitionCampaignGroup,M36_MULTI_VIEW_RULE,SAFE-STRICT,INCONGRUENT_CONTEXT,0.75,118,236,2,2,,0.00847457627118644,0.01694915254237288,0.0,0.0,"[0.0, 0.6576197724933469]",2,2,1.0,"[0.34238022750665303, 1.0]",0.01694915254237288,"[0.004660442504200446, 0.059697444348039835]",0.41101694915254233,0.41694915254237286,0.005932203389830508,"[0.0, 0.015052966101694857]",0.7,0.5466101694915254,0.5466101694915254,0.8559322033898306,0.847457627118644,-0.01694915254237288,2,0,0.5,0.9915254237288136,0,False
track2_common3,acquisitionCampaignGroup,M36_MULTI_VIEW_RULE,SAFE-STRICT,INCONGRUENT_CONTEXT,0.80,118,236,2,2,,0.00847457627118644,0.01694915254237288,0.0,0.0,"[0.0, 0.6576197724933469]",2,2,1.0,"[0.34238022750665303, 1.0]",0.01694915254237288,"[0.004660442504200446, 0.059697444348039835]",0.41101694915254233,0.41694915254237286,0.005932203389830508,"[0.0, 0.015042372881355931]",0.7,0.5466101694915254,0.5466101694915254,0.8559322033898306,0.847457627118644,-0.01694915254237288,2,0,0.5,0.9915254237288136,0,False
track2_common3,acquisitionCampaignGroup,M36_MULTI_VIEW_RULE,SAFE-STRICT,INCONGRUENT_CONTEXT,0.85,118,236,2,2,,0.00847457627118644,0.01694915254237288,0.0,0.0,"[0.0, 0.6576197724933469]",2,2,1.0,"[0.34238022750665303, 1.0]",0.01694915254237288,"[0.004660442504200446, 0.059697444348039835]",0.41101694915254233,0.41694915254237286,0.005932203389830508,"[0.0, 0.015466101694915253]",0.7,0.5466101694915254,0.5466101694915254,0.8559322033898306,0.847457627118644,-0.01694915254237288,2,0,0.5,0.9915254237288136,0,False
track2_common3,acquisitionCampaignGroup,M36_MULTI_VIEW_RULE,SAFE-STRICT,INCONGRUENT_CONTEXT,0.90,118,236,3,3,,0.012711864406779662,0.025423728813559324,0.0,0.0,"[5.551115123125783e-17, 0.5614970317550454]",3,3,1.0,"[0.4385029682449546, 1.0]",0.025423728813559324,"[0.008683514404083097, 0.07208914636303015]",0.40974576271186436,0.41694915254237286,0.007203389830508475,"[0.0, 0.017372881355932204]",0.5666666666666667,0.5508474576271186,0.5508474576271186,0.8516949152542372,0.8389830508474576,-0.025423728813559324,3,0,0.25,0.9872881355932204,0,False
track2_common3,acquisitionCampaignGroup,M36_MULTI_VIEW_RULE,SAFE-STRICT,INCONGRUENT_CONTEXT,0.95,118,236,3,3,,0.012711864406779662,0.025423728813559324,0.0,0.0,"[5.551115123125783e-17, 0.5614970317550454]",3,3,1.0,"[0.4385029682449546, 1.0]",0.025423728813559324,"[0.008683514404083097, 0.07208914636303015]",0.40974576271186436,0.41694915254237286,0.007203389830508475,"[0.0, 0.01673728813559322]",0.5666666666666667,0.5508474576271186,0.5508474576271186,0.8516949152542372,0.8389830508474576,-0.025423728813559324,3,0,0.25,0.9872881355932204,0,False
track2_common3,acquisitionCampaignGroup,M36_MULTI_VIEW_RULE,SAFE-STRICT,NEUTRAL_CONTEXT,,118,118,0,0,,0.0,0.0,,,"[null, null]",0,0,,"[null, null]",0.0,"[0.0, 0.03152833902249433]",0.41694915254237286,0.41694915254237286,0.0,"[0.0, 0.0]",,0.5423728813559322,0.5423728813559322,0.864406779661017,0.864406779661017,0.0,0,0,1.0,1.0,0,
track2_common3,recordingSessionGroup,M35_CONSERVATIVE,FIXED,CONGRUENT_CONTEXT,0.45,118,118,0,0,118,0.0,0.0,,,"[null, null]",0,0,,"[null, null]",0.0,"[0.0, 0.03152833902249433]",0.41694915254237286,0.41694915254237286,0.0,"[0.0, 0.0]",,0.5423728813559322,0.5423728813559322,0.864406779661017,0.864406779661017,0.0,0,0,1.0,1.0,0,
track2_common3,recordingSessionGroup,M35_CONSERVATIVE,FIXED,CONGRUENT_CONTEXT,0.50,118,118,0,0,118,0.0,0.0,,,"[null, null]",0,0,,"[null, null]",0.0,"[0.0, 0.03152833902249433]",0.41694915254237286,0.41694915254237286,0.0,"[0.0, 0.0]",,0.5423728813559322,0.5423728813559322,0.864406779661017,0.864406779661017,0.0,0,0,1.0,1.0,0,
track2_common3,recordingSessionGroup,M35_CONSERVATIVE,FIXED,CONGRUENT_CONTEXT,0.55,118,118,1,1,118,0.00847457627118644,0.00847457627118644,1.0,1.0,"[0.20654931437723745, 1.0]",0,0,,"[null, null]",0.0,"[0.0, 0.03152833902249433]",0.4161016949152542,0.41694915254237286,0.0008474576271186438,"[0.0, 0.0025423728813559316]",0.09999999999999998,0.5423728813559322,0.5423728813559322,0.864406779661017,0.864406779661017,0.0,0,0,1.0,1.0,0,
track2_common3,recordingSessionGroup,M35_CONSERVATIVE,FIXED,CONGRUENT_CONTEXT,0.60,118,118,2,2,118,0.01694915254237288,0.01694915254237288,1.0,1.0,"[0.34238022750665303, 1.0]",0,0,,"[null, null]",0.0,"[0.0, 0.03152833902249433]",0.411864406779661,0.41694915254237286,0.005084745762711864,"[0.0, 0.014406779661016951]",0.3,0.5423728813559322,0.5423728813559322,0.864406779661017,0.864406779661017,0.0,0,0,1.0,1.0,0,
track2_common3,recordingSessionGroup,M35_CONSERVATIVE,FIXED,CONGRUENT_CONTEXT,0.65,118,118,2,2,118,0.01694915254237288,0.01694915254237288,1.0,1.0,"[0.34238022750665303, 1.0]",0,0,,"[null, null]",0.0,"[0.0, 0.03152833902249433]",0.411864406779661,0.41694915254237286,0.005084745762711864,"[0.0, 0.014406779661016951]",0.3,0.5423728813559322,0.5423728813559322,0.864406779661017,0.864406779661017,0.0,0,0,1.0,1.0,0,
track2_common3,recordingSessionGroup,M35_CONSERVATIVE,FIXED,CONGRUENT_CONTEXT,0.70,118,118,2,2,118,0.01694915254237288,0.01694915254237288,1.0,1.0,"[0.34238022750665303, 1.0]",0,0,,"[null, null]",0.0,"[0.0, 0.03152833902249433]",0.411864406779661,0.41694915254237286,0.005084745762711864,"[0.0, 0.014406779661016951]",0.3,0.5423728813559322,0.5423728813559322,0.864406779661017,0.864406779661017,0.0,0,0,1.0,1.0,0,
track2_common3,recordingSessionGroup,M35_CONSERVATIVE,FIXED,CONGRUENT_CONTEXT,0.75,118,118,4,4,118,0.03389830508474576,0.03389830508474576,1.0,1.0,"[0.5101091635454027, 1.0]",0,0,,"[null, null]",0.0,"[0.0, 0.03152833902249433]",0.4055084745762712,0.41694915254237286,0.011440677966101695,"[0.0008474576271186438, 0.02627118644067797]",0.3375,0.5423728813559322,0.5423728813559322,0.864406779661017,0.864406779661017,0.0,0,0,1.0,1.0,0,
track2_common3,recordingSessionGroup,M35_CONSERVATIVE,FIXED,CONGRUENT_CONTEXT,0.80,118,118,5,5,118,0.0423728813559322,0.0423728813559322,1.0,1.0,"[0.5655175352168251, 1.0]",0,0,,"[null, null]",0.0,"[0.0, 0.03152833902249433]",0.4046610169491525,0.41694915254237286,0.012288135593220338,"[0.0016949152542372877, 0.028389830508474573]",0.29,0.5423728813559322,0.5423728813559322,0.864406779661017,0.864406779661017,0.0,0,0,1.0,1.0,0,
track2_common3,recordingSessionGroup,M35_CONSERVATIVE,FIXED,CONGRUENT_CONTEXT,0.85,118,118,6,6,118,0.05084745762711865,0.05084745762711865,1.0,1.0,"[0.6096657120978346, 1.0]",0,0,,"[null, null]",0.0,"[0.0, 0.03152833902249433]",0.4029661016949153,0.41694915254237286,0.013983050847457627,"[0.0025423728813559316, 0.028824152542372826]",0.27499999999999997,0.5423728813559322,0.5423728813559322,0.864406779661017,0.864406779661017,0.0,0,0,1.0,1.0,0,
track2_common3,recordingSessionGroup,M35_CONSERVATIVE,FIXED,CONGRUENT_CONTEXT,0.90,118,118,6,6,118,0.05084745762711865,0.05084745762711865,1.0,1.0,"[0.6096657120978346, 1.0]",0,0,,"[null, null]",0.0,"[0.0, 0.03152833902249433]",0.4029661016949153,0.41694915254237286,0.013983050847457627,"[0.0016949152542372887, 0.029661016949152543]",0.27499999999999997,0.5423728813559322,0.5423728813559322,0.864406779661017,0.864406779661017,0.0,0,0,1.0,1.0,0,
track2_common3,recordingSessionGroup,M35_CONSERVATIVE,FIXED,CONGRUENT_CONTEXT,0.95,118,118,6,6,118,0.05084745762711865,0.05084745762711865,1.0,1.0,"[0.6096657120978346, 1.0]",0,0,,"[null, null]",0.0,"[0.0, 0.03152833902249433]",0.4029661016949153,0.41694915254237286,0.013983050847457627,"[0.0016949152542372877, 0.030084745762711862]",0.27499999999999997,0.5423728813559322,0.5423728813559322,0.864406779661017,0.864406779661017,0.0,0,0,1.0,1.0,0,
track2_common3,recordingSessionGroup,M35_CONSERVATIVE,FIXED,INCONGRUENT_CONTEXT,0.45,118,236,0,0,,0.0,0.0,,,"[null, null]",0,0,0.0,"[null, null]",0.0,"[0.0, 0.03152833902249433]",0.41694915254237286,0.41694915254237286,0.0,"[0.0, 0.0]",,0.5423728813559322,0.5423728813559322,0.864406779661017,0.864406779661017,0.0,0,0,1.0,1.0,0,
track2_common3,recordingSessionGroup,M35_CONSERVATIVE,FIXED,INCONGRUENT_CONTEXT,0.50,118,236,0,0,,0.0,0.0,,,"[null, null]",0,0,0.0,"[null, null]",0.0,"[0.0, 0.03152833902249433]",0.41694915254237286,0.41694915254237286,0.0,"[0.0, 0.0]",,0.5423728813559322,0.5423728813559322,0.864406779661017,0.864406779661017,0.0,0,0,1.0,1.0,0,
track2_common3,recordingSessionGroup,M35_CONSERVATIVE,FIXED,INCONGRUENT_CONTEXT,0.55,118,236,0,0,,0.0,0.0,,,"[null, null]",0,0,0.0,"[null, null]",0.0,"[0.0, 0.03152833902249433]",0.41694915254237286,0.41694915254237286,0.0,"[0.0, 0.0]",,0.5423728813559322,0.5423728813559322,0.864406779661017,0.864406779661017,0.0,0,0,1.0,1.0,0,
track2_common3,recordingSessionGroup,M35_CONSERVATIVE,FIXED,INCONGRUENT_CONTEXT,0.60,118,236,1,1,,0.00423728813559322,0.00847457627118644,0.0,0.0,"[0.0, 0.7934506856227626]",1,1,1.0,"[0.20654931437723745, 1.0]",0.00847457627118644,"[0.0014975405219652578, 0.04644557241540204]",0.41419491525423724,0.41694915254237286,0.002754237288135593,"[0.0, 0.008262711864406781]",0.65,0.5423728813559322,0.5423728813559322,0.8601694915254238,0.8559322033898306,-0.00847457627118644,1,0,1.0,0.9957627118644068,0,
track2_common3,recordingSessionGroup,M35_CONSERVATIVE,FIXED,INCONGRUENT_CONTEXT,0.65,118,236,2,2,,0.00847457627118644,0.01694915254237288,0.0,0.0,"[0.0, 0.6576197724933469]",2,2,1.0,"[0.34238022750665303, 1.0]",0.01694915254237288,"[0.004660442504200446, 0.059697444348039835]",0.4114406779661016,0.41694915254237286,0.005508474576271186,"[0.0, 0.013771186440677966]",0.65,0.5423728813559322,0.5423728813559322,0.8559322033898306,0.847457627118644,-0.01694915254237288,2,0,0.5,0.9915254237288136,0,
track2_common3,recordingSessionGroup,M35_CONSERVATIVE,FIXED,INCONGRUENT_CONTEXT,0.70,118,236,2,2,,0.00847457627118644,0.01694915254237288,0.0,0.0,"[0.0, 0.6576197724933469]",2,2,1.0,"[0.34238022750665303, 1.0]",0.01694915254237288,"[0.004660442504200446, 0.059697444348039835]",0.4114406779661016,0.41694915254237286,0.005508474576271186,"[0.0, 0.013771186440677966]",0.65,0.5423728813559322,0.5423728813559322,0.8559322033898306,0.847457627118644,-0.01694915254237288,2,0,0.5,0.9915254237288136,0,
track2_common3,recordingSessionGroup,M35_CONSERVATIVE,FIXED,INCONGRUENT_CONTEXT,0.75,118,236,2,2,,0.00847457627118644,0.01694915254237288,0.0,0.0,"[0.0, 0.6576197724933469]",2,2,1.0,"[0.34238022750665303, 1.0]",0.01694915254237288,"[0.004660442504200446, 0.059697444348039835]",0.4114406779661016,0.41694915254237286,0.005508474576271186,"[0.0, 0.013771186440677966]",0.65,0.5423728813559322,0.5423728813559322,0.8559322033898306,0.847457627118644,-0.01694915254237288,2,0,0.5,0.9915254237288136,0,
track2_common3,recordingSessionGroup,M35_CONSERVATIVE,FIXED,INCONGRUENT_CONTEXT,0.80,118,236,2,2,,0.00847457627118644,0.01694915254237288,0.0,0.0,"[0.0, 0.6576197724933469]",2,2,1.0,"[0.34238022750665303, 1.0]",0.01694915254237288,"[0.004660442504200446, 0.059697444348039835]",0.4114406779661016,0.41694915254237286,0.005508474576271186,"[0.0, 0.013771186440677966]",0.65,0.5423728813559322,0.5423728813559322,0.8559322033898306,0.847457627118644,-0.01694915254237288,2,0,0.5,0.9915254237288136,0,
track2_common3,recordingSessionGroup,M35_CONSERVATIVE,FIXED,INCONGRUENT_CONTEXT,0.85,118,236,2,2,,0.00847457627118644,0.01694915254237288,0.0,0.0,"[0.0, 0.6576197724933469]",2,2,1.0,"[0.34238022750665303, 1.0]",0.01694915254237288,"[0.004660442504200446, 0.059697444348039835]",0.4114406779661016,0.41694915254237286,0.005508474576271186,"[0.0, 0.013771186440677966]",0.65,0.5423728813559322,0.5423728813559322,0.8559322033898306,0.847457627118644,-0.01694915254237288,2,0,0.5,0.9915254237288136,0,
track2_common3,recordingSessionGroup,M35_CONSERVATIVE,FIXED,INCONGRUENT_CONTEXT,0.90,118,236,2,2,,0.00847457627118644,0.01694915254237288,0.0,0.0,"[0.0, 0.6576197724933469]",2,2,1.0,"[0.34238022750665303, 1.0]",0.01694915254237288,"[0.004660442504200446, 0.059697444348039835]",0.4114406779661016,0.41694915254237286,0.005508474576271186,"[0.0, 0.013771186440677966]",0.65,0.5423728813559322,0.5423728813559322,0.8559322033898306,0.847457627118644,-0.01694915254237288,2,0,0.5,0.9915254237288136,0,
track2_common3,recordingSessionGroup,M35_CONSERVATIVE,FIXED,INCONGRUENT_CONTEXT,0.95,118,236,2,2,,0.00847457627118644,0.01694915254237288,0.0,0.0,"[0.0, 0.6576197724933469]",2,2,1.0,"[0.34238022750665303, 1.0]",0.01694915254237288,"[0.004660442504200446, 0.059697444348039835]",0.4114406779661016,0.41694915254237286,0.005508474576271186,"[0.0, 0.013771186440677966]",0.65,0.5423728813559322,0.5423728813559322,0.8559322033898306,0.847457627118644,-0.01694915254237288,2,0,0.5,0.9915254237288136,0,
track2_common3,recordingSessionGroup,M35_CONSERVATIVE,FIXED,NEUTRAL_CONTEXT,,118,118,0,0,,0.0,0.0,,,"[null, null]",0,0,,"[null, null]",0.0,"[0.0, 0.03152833902249433]",0.41694915254237286,0.41694915254237286,0.0,"[0.0, 0.0]",,0.5423728813559322,0.5423728813559322,0.864406779661017,0.864406779661017,0.0,0,0,1.0,1.0,0,
track2_common3,recordingSessionGroup,M36_LOGISTIC_SAFE_GATE,SAFE-95,CONGRUENT_CONTEXT,0.45,118,118,7,7,118,0.059322033898305086,0.059322033898305086,1.0,1.0,"[0.6456695649333126, 1.0]",0,0,,"[null, null]",0.0,"[0.0, 0.03152833902249433]",0.40805084745762715,0.41694915254237286,0.008898305084745763,"[0.0012711864406779658, 0.02245762711864407]",0.15,0.5508474576271186,0.5508474576271186,0.864406779661017,0.864406779661017,0.0,0,0,1.0,1.0,0,
track2_common3,recordingSessionGroup,M36_LOGISTIC_SAFE_GATE,SAFE-95,CONGRUENT_CONTEXT,0.50,118,118,7,7,118,0.059322033898305086,0.059322033898305086,1.0,1.0,"[0.6456695649333126, 1.0]",0,0,,"[null, null]",0.0,"[0.0, 0.03152833902249433]",0.40805084745762715,0.41694915254237286,0.008898305084745763,"[0.0012711864406779658, 0.023305084745762712]",0.15,0.5508474576271186,0.5508474576271186,0.864406779661017,0.864406779661017,0.0,0,0,1.0,1.0,0,
track2_common3,recordingSessionGroup,M36_LOGISTIC_SAFE_GATE,SAFE-95,CONGRUENT_CONTEXT,0.55,118,118,7,7,118,0.059322033898305086,0.059322033898305086,1.0,1.0,"[0.6456695649333126, 1.0]",0,0,,"[null, null]",0.0,"[0.0, 0.03152833902249433]",0.40805084745762715,0.41694915254237286,0.008898305084745763,"[0.0008474576271186438, 0.022457627118644068]",0.15,0.5508474576271186,0.5508474576271186,0.864406779661017,0.864406779661017,0.0,0,0,1.0,1.0,0,
track2_common3,recordingSessionGroup,M36_LOGISTIC_SAFE_GATE,SAFE-95,CONGRUENT_CONTEXT,0.60,118,118,7,7,118,0.059322033898305086,0.059322033898305086,1.0,1.0,"[0.6456695649333126, 1.0]",0,0,,"[null, null]",0.0,"[0.0, 0.03152833902249433]",0.40805084745762715,0.41694915254237286,0.008898305084745763,"[0.0012711864406779658, 0.022468220338982995]",0.15,0.5508474576271186,0.5508474576271186,0.864406779661017,0.864406779661017,0.0,0,0,1.0,1.0,0,
track2_common3,recordingSessionGroup,M36_LOGISTIC_SAFE_GATE,SAFE-95,CONGRUENT_CONTEXT,0.65,118,118,7,7,118,0.059322033898305086,0.059322033898305086,1.0,1.0,"[0.6456695649333126, 1.0]",0,0,,"[null, null]",0.0,"[0.0, 0.03152833902249433]",0.40805084745762715,0.41694915254237286,0.008898305084745763,"[0.0012711864406779658, 0.02288135593220339]",0.15,0.5508474576271186,0.5508474576271186,0.864406779661017,0.864406779661017,0.0,0,0,1.0,1.0,0,
track2_common3,recordingSessionGroup,M36_LOGISTIC_SAFE_GATE,SAFE-95,CONGRUENT_CONTEXT,0.70,118,118,7,7,118,0.059322033898305086,0.059322033898305086,1.0,1.0,"[0.6456695649333126, 1.0]",0,0,,"[null, null]",0.0,"[0.0, 0.03152833902249433]",0.40805084745762715,0.41694915254237286,0.008898305084745763,"[0.0012711864406779658, 0.022881355932203386]",0.15,0.5508474576271186,0.5508474576271186,0.864406779661017,0.864406779661017,0.0,0,0,1.0,1.0,0,
track2_common3,recordingSessionGroup,M36_LOGISTIC_SAFE_GATE,SAFE-95,CONGRUENT_CONTEXT,0.75,118,118,7,7,118,0.059322033898305086,0.059322033898305086,1.0,1.0,"[0.6456695649333126, 1.0]",0,0,,"[null, null]",0.0,"[0.0, 0.03152833902249433]",0.40805084745762715,0.41694915254237286,0.008898305084745763,"[0.0012711864406779658, 0.02245762711864407]",0.15,0.5508474576271186,0.5508474576271186,0.864406779661017,0.864406779661017,0.0,0,0,1.0,1.0,0,
track2_common3,recordingSessionGroup,M36_LOGISTIC_SAFE_GATE,SAFE-95,CONGRUENT_CONTEXT,0.80,118,118,7,7,118,0.059322033898305086,0.059322033898305086,1.0,1.0,"[0.6456695649333126, 1.0]",0,0,,"[null, null]",0.0,"[0.0, 0.03152833902249433]",0.40805084745762715,0.41694915254237286,0.008898305084745763,"[0.0012711864406779658, 0.02372881355932203]",0.15,0.5508474576271186,0.5508474576271186,0.864406779661017,0.864406779661017,0.0,0,0,1.0,1.0,0,
track2_common3,recordingSessionGroup,M36_LOGISTIC_SAFE_GATE,SAFE-95,CONGRUENT_CONTEXT,0.85,118,118,7,7,118,0.059322033898305086,0.059322033898305086,1.0,1.0,"[0.6456695649333126, 1.0]",0,0,,"[null, null]",0.0,"[0.0, 0.03152833902249433]",0.40805084745762715,0.41694915254237286,0.008898305084745763,"[0.0012711864406779658, 0.02288135593220339]",0.15,0.5508474576271186,0.5508474576271186,0.864406779661017,0.864406779661017,0.0,0,0,1.0,1.0,0,
track2_common3,recordingSessionGroup,M36_LOGISTIC_SAFE_GATE,SAFE-95,CONGRUENT_CONTEXT,0.90,118,118,7,7,118,0.059322033898305086,0.059322033898305086,1.0,1.0,"[0.6456695649333126, 1.0]",0,0,,"[null, null]",0.0,"[0.0, 0.03152833902249433]",0.40805084745762715,0.41694915254237286,0.008898305084745763,"[0.0008474576271186438, 0.02288135593220339]",0.15,0.5508474576271186,0.5508474576271186,0.864406779661017,0.864406779661017,0.0,0,0,1.0,1.0,0,
track2_common3,recordingSessionGroup,M36_LOGISTIC_SAFE_GATE,SAFE-95,CONGRUENT_CONTEXT,0.95,118,118,7,7,118,0.059322033898305086,0.059322033898305086,1.0,1.0,"[0.6456695649333126, 1.0]",0,0,,"[null, null]",0.0,"[0.0, 0.03152833902249433]",0.40805084745762715,0.41694915254237286,0.008898305084745763,"[0.0012711864406779658, 0.022881355932203386]",0.15,0.5508474576271186,0.5508474576271186,0.864406779661017,0.864406779661017,0.0,0,0,1.0,1.0,0,
track2_common3,recordingSessionGroup,M36_LOGISTIC_SAFE_GATE,SAFE-95,INCONGRUENT_CONTEXT,0.45,118,236,2,2,,0.00847457627118644,0.01694915254237288,0.0,0.5,"[0.09453120573423074, 0.9054687942657693]",1,1,0.5,"[0.09453120573423074, 0.9054687942657693]",0.00847457627118644,"[0.0014975405219652578, 0.04644557241540204]",0.41355932203389834,0.41694915254237286,0.0033898305084745766,"[0.0, 0.009745762711864406]",0.4,0.5466101694915254,0.5466101694915254,0.8601694915254238,0.8559322033898306,-0.00847457627118644,1,0,1.0,0.9957627118644068,0,False
track2_common3,recordingSessionGroup,M36_LOGISTIC_SAFE_GATE,SAFE-95,INCONGRUENT_CONTEXT,0.50,118,236,2,2,,0.00847457627118644,0.01694915254237288,0.0,0.5,"[0.09453120573423074, 0.9054687942657693]",1,1,0.5,"[0.09453120573423074, 0.9054687942657693]",0.00847457627118644,"[0.0014975405219652578, 0.04644557241540204]",0.41355932203389834,0.41694915254237286,0.0033898305084745766,"[0.0, 0.009957627118644069]",0.4,0.5466101694915254,0.5466101694915254,0.8601694915254238,0.8559322033898306,-0.00847457627118644,1,0,1.0,0.9957627118644068,0,False
track2_common3,recordingSessionGroup,M36_LOGISTIC_SAFE_GATE,SAFE-95,INCONGRUENT_CONTEXT,0.55,118,236,2,2,,0.00847457627118644,0.01694915254237288,0.0,0.5,"[0.09453120573423074, 0.9054687942657693]",1,1,0.5,"[0.09453120573423074, 0.9054687942657693]",0.00847457627118644,"[0.0014975405219652578, 0.04644557241540204]",0.41355932203389834,0.41694915254237286,0.0033898305084745766,"[0.0, 0.009957627118644069]",0.4,0.5466101694915254,0.5466101694915254,0.8601694915254238,0.8559322033898306,-0.00847457627118644,1,0,1.0,0.9957627118644068,0,False
track2_common3,recordingSessionGroup,M36_LOGISTIC_SAFE_GATE,SAFE-95,INCONGRUENT_CONTEXT,0.60,118,236,2,2,,0.00847457627118644,0.01694915254237288,0.0,0.5,"[0.09453120573423074, 0.9054687942657693]",1,1,0.5,"[0.09453120573423074, 0.9054687942657693]",0.00847457627118644,"[0.0014975405219652578, 0.04644557241540204]",0.41355932203389834,0.41694915254237286,0.0033898305084745766,"[0.0, 0.009957627118644069]",0.4,0.5466101694915254,0.5466101694915254,0.8601694915254238,0.8559322033898306,-0.00847457627118644,1,0,1.0,0.9957627118644068,0,False
track2_common3,recordingSessionGroup,M36_LOGISTIC_SAFE_GATE,SAFE-95,INCONGRUENT_CONTEXT,0.65,118,236,2,2,,0.00847457627118644,0.01694915254237288,0.0,0.5,"[0.09453120573423074, 0.9054687942657693]",1,1,0.5,"[0.09453120573423074, 0.9054687942657693]",0.00847457627118644,"[0.0014975405219652578, 0.04644557241540204]",0.41355932203389834,0.41694915254237286,0.0033898305084745766,"[0.0, 0.009745762711864406]",0.4,0.5466101694915254,0.5466101694915254,0.8601694915254238,0.8559322033898306,-0.00847457627118644,1,0,1.0,0.9957627118644068,0,False
track2_common3,recordingSessionGroup,M36_LOGISTIC_SAFE_GATE,SAFE-95,INCONGRUENT_CONTEXT,0.70,118,236,2,2,,0.00847457627118644,0.01694915254237288,0.0,0.5,"[0.09453120573423074, 0.9054687942657693]",1,1,0.5,"[0.09453120573423074, 0.9054687942657693]",0.00847457627118644,"[0.0014975405219652578, 0.04644557241540204]",0.41355932203389834,0.41694915254237286,0.0033898305084745766,"[0.0, 0.01016949152542373]",0.4,0.5466101694915254,0.5466101694915254,0.8601694915254238,0.8559322033898306,-0.00847457627118644,1,0,1.0,0.9957627118644068,0,False
track2_common3,recordingSessionGroup,M36_LOGISTIC_SAFE_GATE,SAFE-95,INCONGRUENT_CONTEXT,0.75,118,236,2,2,,0.00847457627118644,0.01694915254237288,0.0,0.5,"[0.09453120573423074, 0.9054687942657693]",1,1,0.5,"[0.09453120573423074, 0.9054687942657693]",0.00847457627118644,"[0.0014975405219652578, 0.04644557241540204]",0.41355932203389834,0.41694915254237286,0.0033898305084745766,"[0.0, 0.009957627118644069]",0.4,0.5466101694915254,0.5466101694915254,0.8601694915254238,0.8559322033898306,-0.00847457627118644,1,0,1.0,0.9957627118644068,0,False
track2_common3,recordingSessionGroup,M36_LOGISTIC_SAFE_GATE,SAFE-95,INCONGRUENT_CONTEXT,0.80,118,236,2,2,,0.00847457627118644,0.01694915254237288,0.0,0.5,"[0.09453120573423074, 0.9054687942657693]",1,1,0.5,"[0.09453120573423074, 0.9054687942657693]",0.00847457627118644,"[0.0014975405219652578, 0.04644557241540204]",0.41355932203389834,0.41694915254237286,0.0033898305084745766,"[0.0, 0.009957627118644069]",0.4,0.5466101694915254,0.5466101694915254,0.8601694915254238,0.8559322033898306,-0.00847457627118644,1,0,1.0,0.9957627118644068,0,False
track2_common3,recordingSessionGroup,M36_LOGISTIC_SAFE_GATE,SAFE-95,INCONGRUENT_CONTEXT,0.85,118,236,2,2,,0.00847457627118644,0.01694915254237288,0.0,0.5,"[0.09453120573423074, 0.9054687942657693]",1,1,0.5,"[0.09453120573423074, 0.9054687942657693]",0.00847457627118644,"[0.0014975405219652578, 0.04644557241540204]",0.41355932203389834,0.41694915254237286,0.0033898305084745766,"[0.0, 0.009957627118644069]",0.4,0.5466101694915254,0.5466101694915254,0.8601694915254238,0.8559322033898306,-0.00847457627118644,1,0,1.0,0.9957627118644068,0,False
track2_common3,recordingSessionGroup,M36_LOGISTIC_SAFE_GATE,SAFE-95,INCONGRUENT_CONTEXT,0.90,118,236,2,2,,0.00847457627118644,0.01694915254237288,0.0,0.5,"[0.09453120573423074, 0.9054687942657693]",1,1,0.5,"[0.09453120573423074, 0.9054687942657693]",0.00847457627118644,"[0.0014975405219652578, 0.04644557241540204]",0.41355932203389834,0.41694915254237286,0.0033898305084745766,"[0.0, 0.009957627118644069]",0.4,0.5466101694915254,0.5466101694915254,0.8601694915254238,0.8559322033898306,-0.00847457627118644,1,0,1.0,0.9957627118644068,0,False
track2_common3,recordingSessionGroup,M36_LOGISTIC_SAFE_GATE,SAFE-95,INCONGRUENT_CONTEXT,0.95,118,236,2,2,,0.00847457627118644,0.01694915254237288,0.0,0.5,"[0.09453120573423074, 0.9054687942657693]",1,1,0.5,"[0.09453120573423074, 0.9054687942657693]",0.00847457627118644,"[0.0014975405219652578, 0.04644557241540204]",0.41355932203389834,0.41694915254237286,0.0033898305084745766,"[0.0, 0.01016949152542373]",0.4,0.5466101694915254,0.5466101694915254,0.8601694915254238,0.8559322033898306,-0.00847457627118644,1,0,1.0,0.9957627118644068,0,False
track2_common3,recordingSessionGroup,M36_LOGISTIC_SAFE_GATE,SAFE-95,NEUTRAL_CONTEXT,,118,118,0,0,,0.0,0.0,,,"[null, null]",0,0,,"[null, null]",0.0,"[0.0, 0.03152833902249433]",0.41694915254237286,0.41694915254237286,0.0,"[0.0, 0.0]",,0.5423728813559322,0.5423728813559322,0.864406779661017,0.864406779661017,0.0,0,0,1.0,1.0,0,
track2_common3,recordingSessionGroup,M36_LOGISTIC_SAFE_GATE,SAFE-99,CONGRUENT_CONTEXT,0.45,118,118,7,7,118,0.059322033898305086,0.059322033898305086,1.0,1.0,"[0.6456695649333126, 1.0]",0,0,,"[null, null]",0.0,"[0.0, 0.03152833902249433]",0.40805084745762715,0.41694915254237286,0.008898305084745763,"[0.0012711864406779658, 0.02288135593220339]",0.15,0.5508474576271186,0.5508474576271186,0.864406779661017,0.864406779661017,0.0,0,0,1.0,1.0,0,
track2_common3,recordingSessionGroup,M36_LOGISTIC_SAFE_GATE,SAFE-99,CONGRUENT_CONTEXT,0.50,118,118,7,7,118,0.059322033898305086,0.059322033898305086,1.0,1.0,"[0.6456695649333126, 1.0]",0,0,,"[null, null]",0.0,"[0.0, 0.03152833902249433]",0.40805084745762715,0.41694915254237286,0.008898305084745763,"[0.0012711864406779658, 0.022881355932203386]",0.15,0.5508474576271186,0.5508474576271186,0.864406779661017,0.864406779661017,0.0,0,0,1.0,1.0,0,
track2_common3,recordingSessionGroup,M36_LOGISTIC_SAFE_GATE,SAFE-99,CONGRUENT_CONTEXT,0.55,118,118,7,7,118,0.059322033898305086,0.059322033898305086,1.0,1.0,"[0.6456695649333126, 1.0]",0,0,,"[null, null]",0.0,"[0.0, 0.03152833902249433]",0.40805084745762715,0.41694915254237286,0.008898305084745763,"[0.0012711864406779658, 0.02245762711864407]",0.15,0.5508474576271186,0.5508474576271186,0.864406779661017,0.864406779661017,0.0,0,0,1.0,1.0,0,
track2_common3,recordingSessionGroup,M36_LOGISTIC_SAFE_GATE,SAFE-99,CONGRUENT_CONTEXT,0.60,118,118,7,7,118,0.059322033898305086,0.059322033898305086,1.0,1.0,"[0.6456695649333126, 1.0]",0,0,,"[null, null]",0.0,"[0.0, 0.03152833902249433]",0.40805084745762715,0.41694915254237286,0.008898305084745763,"[0.0012711864406779658, 0.023739406779660955]",0.15,0.5508474576271186,0.5508474576271186,0.864406779661017,0.864406779661017,0.0,0,0,1.0,1.0,0,
track2_common3,recordingSessionGroup,M36_LOGISTIC_SAFE_GATE,SAFE-99,CONGRUENT_CONTEXT,0.65,118,118,7,7,118,0.059322033898305086,0.059322033898305086,1.0,1.0,"[0.6456695649333126, 1.0]",0,0,,"[null, null]",0.0,"[0.0, 0.03152833902249433]",0.40805084745762715,0.41694915254237286,0.008898305084745763,"[0.0012711864406779658, 0.022881355932203386]",0.15,0.5508474576271186,0.5508474576271186,0.864406779661017,0.864406779661017,0.0,0,0,1.0,1.0,0,
track2_common3,recordingSessionGroup,M36_LOGISTIC_SAFE_GATE,SAFE-99,CONGRUENT_CONTEXT,0.70,118,118,7,7,118,0.059322033898305086,0.059322033898305086,1.0,1.0,"[0.6456695649333126, 1.0]",0,0,,"[null, null]",0.0,"[0.0, 0.03152833902249433]",0.40805084745762715,0.41694915254237286,0.008898305084745763,"[0.0012711864406779658, 0.02288135593220339]",0.15,0.5508474576271186,0.5508474576271186,0.864406779661017,0.864406779661017,0.0,0,0,1.0,1.0,0,
track2_common3,recordingSessionGroup,M36_LOGISTIC_SAFE_GATE,SAFE-99,CONGRUENT_CONTEXT,0.75,118,118,7,7,118,0.059322033898305086,0.059322033898305086,1.0,1.0,"[0.6456695649333126, 1.0]",0,0,,"[null, null]",0.0,"[0.0, 0.03152833902249433]",0.40805084745762715,0.41694915254237286,0.008898305084745763,"[0.0012711864406779658, 0.022881355932203386]",0.15,0.5508474576271186,0.5508474576271186,0.864406779661017,0.864406779661017,0.0,0,0,1.0,1.0,0,
track2_common3,recordingSessionGroup,M36_LOGISTIC_SAFE_GATE,SAFE-99,CONGRUENT_CONTEXT,0.80,118,118,7,7,118,0.059322033898305086,0.059322033898305086,1.0,1.0,"[0.6456695649333126, 1.0]",0,0,,"[null, null]",0.0,"[0.0, 0.03152833902249433]",0.40805084745762715,0.41694915254237286,0.008898305084745763,"[0.0012711864406779658, 0.023305084745762712]",0.15,0.5508474576271186,0.5508474576271186,0.864406779661017,0.864406779661017,0.0,0,0,1.0,1.0,0,
track2_common3,recordingSessionGroup,M36_LOGISTIC_SAFE_GATE,SAFE-99,CONGRUENT_CONTEXT,0.85,118,118,7,7,118,0.059322033898305086,0.059322033898305086,1.0,1.0,"[0.6456695649333126, 1.0]",0,0,,"[null, null]",0.0,"[0.0, 0.03152833902249433]",0.40805084745762715,0.41694915254237286,0.008898305084745763,"[0.0012711864406779658, 0.02288135593220339]",0.15,0.5508474576271186,0.5508474576271186,0.864406779661017,0.864406779661017,0.0,0,0,1.0,1.0,0,
track2_common3,recordingSessionGroup,M36_LOGISTIC_SAFE_GATE,SAFE-99,CONGRUENT_CONTEXT,0.90,118,118,7,7,118,0.059322033898305086,0.059322033898305086,1.0,1.0,"[0.6456695649333126, 1.0]",0,0,,"[null, null]",0.0,"[0.0, 0.03152833902249433]",0.40805084745762715,0.41694915254237286,0.008898305084745763,"[0.0012711864406779658, 0.022457627118644068]",0.15,0.5508474576271186,0.5508474576271186,0.864406779661017,0.864406779661017,0.0,0,0,1.0,1.0,0,
track2_common3,recordingSessionGroup,M36_LOGISTIC_SAFE_GATE,SAFE-99,CONGRUENT_CONTEXT,0.95,118,118,7,7,118,0.059322033898305086,0.059322033898305086,1.0,1.0,"[0.6456695649333126, 1.0]",0,0,,"[null, null]",0.0,"[0.0, 0.03152833902249433]",0.40805084745762715,0.41694915254237286,0.008898305084745763,"[0.0012711864406779658, 0.023305084745762712]",0.15,0.5508474576271186,0.5508474576271186,0.864406779661017,0.864406779661017,0.0,0,0,1.0,1.0,0,
track2_common3,recordingSessionGroup,M36_LOGISTIC_SAFE_GATE,SAFE-99,INCONGRUENT_CONTEXT,0.45,118,236,2,2,,0.00847457627118644,0.01694915254237288,0.0,0.5,"[0.09453120573423074, 0.9054687942657693]",1,1,0.5,"[0.09453120573423074, 0.9054687942657693]",0.00847457627118644,"[0.0014975405219652578, 0.04644557241540204]",0.41355932203389834,0.41694915254237286,0.0033898305084745766,"[0.0, 0.009957627118644069]",0.4,0.5466101694915254,0.5466101694915254,0.8601694915254238,0.8559322033898306,-0.00847457627118644,1,0,1.0,0.9957627118644068,0,False
track2_common3,recordingSessionGroup,M36_LOGISTIC_SAFE_GATE,SAFE-99,INCONGRUENT_CONTEXT,0.50,118,236,2,2,,0.00847457627118644,0.01694915254237288,0.0,0.5,"[0.09453120573423074, 0.9054687942657693]",1,1,0.5,"[0.09453120573423074, 0.9054687942657693]",0.00847457627118644,"[0.0014975405219652578, 0.04644557241540204]",0.41355932203389834,0.41694915254237286,0.0033898305084745766,"[0.0, 0.009957627118644069]",0.4,0.5466101694915254,0.5466101694915254,0.8601694915254238,0.8559322033898306,-0.00847457627118644,1,0,1.0,0.9957627118644068,0,False
track2_common3,recordingSessionGroup,M36_LOGISTIC_SAFE_GATE,SAFE-99,INCONGRUENT_CONTEXT,0.55,118,236,2,2,,0.00847457627118644,0.01694915254237288,0.0,0.5,"[0.09453120573423074, 0.9054687942657693]",1,1,0.5,"[0.09453120573423074, 0.9054687942657693]",0.00847457627118644,"[0.0014975405219652578, 0.04644557241540204]",0.41355932203389834,0.41694915254237286,0.0033898305084745766,"[0.0, 0.009957627118644069]",0.4,0.5466101694915254,0.5466101694915254,0.8601694915254238,0.8559322033898306,-0.00847457627118644,1,0,1.0,0.9957627118644068,0,False
track2_common3,recordingSessionGroup,M36_LOGISTIC_SAFE_GATE,SAFE-99,INCONGRUENT_CONTEXT,0.60,118,236,2,2,,0.00847457627118644,0.01694915254237288,0.0,0.5,"[0.09453120573423074, 0.9054687942657693]",1,1,0.5,"[0.09453120573423074, 0.9054687942657693]",0.00847457627118644,"[0.0014975405219652578, 0.04644557241540204]",0.41355932203389834,0.41694915254237286,0.0033898305084745766,"[0.0, 0.009957627118644069]",0.4,0.5466101694915254,0.5466101694915254,0.8601694915254238,0.8559322033898306,-0.00847457627118644,1,0,1.0,0.9957627118644068,0,False
track2_common3,recordingSessionGroup,M36_LOGISTIC_SAFE_GATE,SAFE-99,INCONGRUENT_CONTEXT,0.65,118,236,2,2,,0.00847457627118644,0.01694915254237288,0.0,0.5,"[0.09453120573423074, 0.9054687942657693]",1,1,0.5,"[0.09453120573423074, 0.9054687942657693]",0.00847457627118644,"[0.0014975405219652578, 0.04644557241540204]",0.41355932203389834,0.41694915254237286,0.0033898305084745766,"[0.0, 0.010169491525423726]",0.4,0.5466101694915254,0.5466101694915254,0.8601694915254238,0.8559322033898306,-0.00847457627118644,1,0,1.0,0.9957627118644068,0,False
track2_common3,recordingSessionGroup,M36_LOGISTIC_SAFE_GATE,SAFE-99,INCONGRUENT_CONTEXT,0.70,118,236,2,2,,0.00847457627118644,0.01694915254237288,0.0,0.5,"[0.09453120573423074, 0.9054687942657693]",1,1,0.5,"[0.09453120573423074, 0.9054687942657693]",0.00847457627118644,"[0.0014975405219652578, 0.04644557241540204]",0.41355932203389834,0.41694915254237286,0.0033898305084745766,"[0.0, 0.010169491525423728]",0.4,0.5466101694915254,0.5466101694915254,0.8601694915254238,0.8559322033898306,-0.00847457627118644,1,0,1.0,0.9957627118644068,0,False
track2_common3,recordingSessionGroup,M36_LOGISTIC_SAFE_GATE,SAFE-99,INCONGRUENT_CONTEXT,0.75,118,236,2,2,,0.00847457627118644,0.01694915254237288,0.0,0.5,"[0.09453120573423074, 0.9054687942657693]",1,1,0.5,"[0.09453120573423074, 0.9054687942657693]",0.00847457627118644,"[0.0014975405219652578, 0.04644557241540204]",0.41355932203389834,0.41694915254237286,0.0033898305084745766,"[0.0, 0.009957627118644069]",0.4,0.5466101694915254,0.5466101694915254,0.8601694915254238,0.8559322033898306,-0.00847457627118644,1,0,1.0,0.9957627118644068,0,False
track2_common3,recordingSessionGroup,M36_LOGISTIC_SAFE_GATE,SAFE-99,INCONGRUENT_CONTEXT,0.80,118,236,2,2,,0.00847457627118644,0.01694915254237288,0.0,0.5,"[0.09453120573423074, 0.9054687942657693]",1,1,0.5,"[0.09453120573423074, 0.9054687942657693]",0.00847457627118644,"[0.0014975405219652578, 0.04644557241540204]",0.41355932203389834,0.41694915254237286,0.0033898305084745766,"[0.0, 0.009957627118644069]",0.4,0.5466101694915254,0.5466101694915254,0.8601694915254238,0.8559322033898306,-0.00847457627118644,1,0,1.0,0.9957627118644068,0,False
track2_common3,recordingSessionGroup,M36_LOGISTIC_SAFE_GATE,SAFE-99,INCONGRUENT_CONTEXT,0.85,118,236,2,2,,0.00847457627118644,0.01694915254237288,0.0,0.5,"[0.09453120573423074, 0.9054687942657693]",1,1,0.5,"[0.09453120573423074, 0.9054687942657693]",0.00847457627118644,"[0.0014975405219652578, 0.04644557241540204]",0.41355932203389834,0.41694915254237286,0.0033898305084745766,"[0.0, 0.009957627118644069]",0.4,0.5466101694915254,0.5466101694915254,0.8601694915254238,0.8559322033898306,-0.00847457627118644,1,0,1.0,0.9957627118644068,0,False
track2_common3,recordingSessionGroup,M36_LOGISTIC_SAFE_GATE,SAFE-99,INCONGRUENT_CONTEXT,0.90,118,236,2,2,,0.00847457627118644,0.01694915254237288,0.0,0.5,"[0.09453120573423074, 0.9054687942657693]",1,1,0.5,"[0.09453120573423074, 0.9054687942657693]",0.00847457627118644,"[0.0014975405219652578, 0.04644557241540204]",0.41355932203389834,0.41694915254237286,0.0033898305084745766,"[0.0, 0.01016949152542373]",0.4,0.5466101694915254,0.5466101694915254,0.8601694915254238,0.8559322033898306,-0.00847457627118644,1,0,1.0,0.9957627118644068,0,False
track2_common3,recordingSessionGroup,M36_LOGISTIC_SAFE_GATE,SAFE-99,INCONGRUENT_CONTEXT,0.95,118,236,2,2,,0.00847457627118644,0.01694915254237288,0.0,0.5,"[0.09453120573423074, 0.9054687942657693]",1,1,0.5,"[0.09453120573423074, 0.9054687942657693]",0.00847457627118644,"[0.0014975405219652578, 0.04644557241540204]",0.41355932203389834,0.41694915254237286,0.0033898305084745766,"[0.0, 0.009957627118644069]",0.4,0.5466101694915254,0.5466101694915254,0.8601694915254238,0.8559322033898306,-0.00847457627118644,1,0,1.0,0.9957627118644068,0,False
track2_common3,recordingSessionGroup,M36_LOGISTIC_SAFE_GATE,SAFE-99,NEUTRAL_CONTEXT,,118,118,0,0,,0.0,0.0,,,"[null, null]",0,0,,"[null, null]",0.0,"[0.0, 0.03152833902249433]",0.41694915254237286,0.41694915254237286,0.0,"[0.0, 0.0]",,0.5423728813559322,0.5423728813559322,0.864406779661017,0.864406779661017,0.0,0,0,1.0,1.0,0,
track2_common3,recordingSessionGroup,M36_LOGISTIC_SAFE_GATE,SAFE-STRICT,CONGRUENT_CONTEXT,0.45,118,118,7,7,118,0.059322033898305086,0.059322033898305086,1.0,1.0,"[0.6456695649333126, 1.0]",0,0,,"[null, null]",0.0,"[0.0, 0.03152833902249433]",0.40805084745762715,0.41694915254237286,0.008898305084745763,"[0.0012711864406779658, 0.02288135593220339]",0.15,0.5508474576271186,0.5508474576271186,0.864406779661017,0.864406779661017,0.0,0,0,1.0,1.0,0,
track2_common3,recordingSessionGroup,M36_LOGISTIC_SAFE_GATE,SAFE-STRICT,CONGRUENT_CONTEXT,0.50,118,118,7,7,118,0.059322033898305086,0.059322033898305086,1.0,1.0,"[0.6456695649333126, 1.0]",0,0,,"[null, null]",0.0,"[0.0, 0.03152833902249433]",0.40805084745762715,0.41694915254237286,0.008898305084745763,"[0.0012711864406779658, 0.022881355932203386]",0.15,0.5508474576271186,0.5508474576271186,0.864406779661017,0.864406779661017,0.0,0,0,1.0,1.0,0,
track2_common3,recordingSessionGroup,M36_LOGISTIC_SAFE_GATE,SAFE-STRICT,CONGRUENT_CONTEXT,0.55,118,118,7,7,118,0.059322033898305086,0.059322033898305086,1.0,1.0,"[0.6456695649333126, 1.0]",0,0,,"[null, null]",0.0,"[0.0, 0.03152833902249433]",0.40805084745762715,0.41694915254237286,0.008898305084745763,"[0.0012711864406779658, 0.022457627118644064]",0.15,0.5508474576271186,0.5508474576271186,0.864406779661017,0.864406779661017,0.0,0,0,1.0,1.0,0,
track2_common3,recordingSessionGroup,M36_LOGISTIC_SAFE_GATE,SAFE-STRICT,CONGRUENT_CONTEXT,0.60,118,118,7,7,118,0.059322033898305086,0.059322033898305086,1.0,1.0,"[0.6456695649333126, 1.0]",0,0,,"[null, null]",0.0,"[0.0, 0.03152833902249433]",0.40805084745762715,0.41694915254237286,0.008898305084745763,"[0.0012711864406779658, 0.02245762711864407]",0.15,0.5508474576271186,0.5508474576271186,0.864406779661017,0.864406779661017,0.0,0,0,1.0,1.0,0,
track2_common3,recordingSessionGroup,M36_LOGISTIC_SAFE_GATE,SAFE-STRICT,CONGRUENT_CONTEXT,0.65,118,118,7,7,118,0.059322033898305086,0.059322033898305086,1.0,1.0,"[0.6456695649333126, 1.0]",0,0,,"[null, null]",0.0,"[0.0, 0.03152833902249433]",0.40805084745762715,0.41694915254237286,0.008898305084745763,"[0.0012711864406779658, 0.02288135593220339]",0.15,0.5508474576271186,0.5508474576271186,0.864406779661017,0.864406779661017,0.0,0,0,1.0,1.0,0,
track2_common3,recordingSessionGroup,M36_LOGISTIC_SAFE_GATE,SAFE-STRICT,CONGRUENT_CONTEXT,0.70,118,118,7,7,118,0.059322033898305086,0.059322033898305086,1.0,1.0,"[0.6456695649333126, 1.0]",0,0,,"[null, null]",0.0,"[0.0, 0.03152833902249433]",0.40805084745762715,0.41694915254237286,0.008898305084745763,"[0.0012711864406779658, 0.023305084745762712]",0.15,0.5508474576271186,0.5508474576271186,0.864406779661017,0.864406779661017,0.0,0,0,1.0,1.0,0,
track2_common3,recordingSessionGroup,M36_LOGISTIC_SAFE_GATE,SAFE-STRICT,CONGRUENT_CONTEXT,0.75,118,118,7,7,118,0.059322033898305086,0.059322033898305086,1.0,1.0,"[0.6456695649333126, 1.0]",0,0,,"[null, null]",0.0,"[0.0, 0.03152833902249433]",0.40805084745762715,0.41694915254237286,0.008898305084745763,"[0.0008474576271186438, 0.023305084745762712]",0.15,0.5508474576271186,0.5508474576271186,0.864406779661017,0.864406779661017,0.0,0,0,1.0,1.0,0,
track2_common3,recordingSessionGroup,M36_LOGISTIC_SAFE_GATE,SAFE-STRICT,CONGRUENT_CONTEXT,0.80,118,118,7,7,118,0.059322033898305086,0.059322033898305086,1.0,1.0,"[0.6456695649333126, 1.0]",0,0,,"[null, null]",0.0,"[0.0, 0.03152833902249433]",0.40805084745762715,0.41694915254237286,0.008898305084745763,"[0.0012711864406779658, 0.02245762711864407]",0.15,0.5508474576271186,0.5508474576271186,0.864406779661017,0.864406779661017,0.0,0,0,1.0,1.0,0,
track2_common3,recordingSessionGroup,M36_LOGISTIC_SAFE_GATE,SAFE-STRICT,CONGRUENT_CONTEXT,0.85,118,118,7,7,118,0.059322033898305086,0.059322033898305086,1.0,1.0,"[0.6456695649333126, 1.0]",0,0,,"[null, null]",0.0,"[0.0, 0.03152833902249433]",0.40805084745762715,0.41694915254237286,0.008898305084745763,"[0.0012711864406779658, 0.02288135593220339]",0.15,0.5508474576271186,0.5508474576271186,0.864406779661017,0.864406779661017,0.0,0,0,1.0,1.0,0,
track2_common3,recordingSessionGroup,M36_LOGISTIC_SAFE_GATE,SAFE-STRICT,CONGRUENT_CONTEXT,0.90,118,118,7,7,118,0.059322033898305086,0.059322033898305086,1.0,1.0,"[0.6456695649333126, 1.0]",0,0,,"[null, null]",0.0,"[0.0, 0.03152833902249433]",0.40805084745762715,0.41694915254237286,0.008898305084745763,"[0.0012711864406779658, 0.022457627118644068]",0.15,0.5508474576271186,0.5508474576271186,0.864406779661017,0.864406779661017,0.0,0,0,1.0,1.0,0,
track2_common3,recordingSessionGroup,M36_LOGISTIC_SAFE_GATE,SAFE-STRICT,CONGRUENT_CONTEXT,0.95,118,118,7,7,118,0.059322033898305086,0.059322033898305086,1.0,1.0,"[0.6456695649333126, 1.0]",0,0,,"[null, null]",0.0,"[0.0, 0.03152833902249433]",0.40805084745762715,0.41694915254237286,0.008898305084745763,"[0.0012711864406779658, 0.02288135593220339]",0.15,0.5508474576271186,0.5508474576271186,0.864406779661017,0.864406779661017,0.0,0,0,1.0,1.0,0,
track2_common3,recordingSessionGroup,M36_LOGISTIC_SAFE_GATE,SAFE-STRICT,INCONGRUENT_CONTEXT,0.45,118,236,2,2,,0.00847457627118644,0.01694915254237288,0.0,0.5,"[0.09453120573423074, 0.9054687942657693]",1,1,0.5,"[0.09453120573423074, 0.9054687942657693]",0.00847457627118644,"[0.0014975405219652578, 0.04644557241540204]",0.41355932203389834,0.41694915254237286,0.0033898305084745766,"[0.0, 0.009957627118644069]",0.4,0.5466101694915254,0.5466101694915254,0.8601694915254238,0.8559322033898306,-0.00847457627118644,1,0,1.0,0.9957627118644068,0,False
track2_common3,recordingSessionGroup,M36_LOGISTIC_SAFE_GATE,SAFE-STRICT,INCONGRUENT_CONTEXT,0.50,118,236,2,2,,0.00847457627118644,0.01694915254237288,0.0,0.5,"[0.09453120573423074, 0.9054687942657693]",1,1,0.5,"[0.09453120573423074, 0.9054687942657693]",0.00847457627118644,"[0.0014975405219652578, 0.04644557241540204]",0.41355932203389834,0.41694915254237286,0.0033898305084745766,"[0.0, 0.009957627118644069]",0.4,0.5466101694915254,0.5466101694915254,0.8601694915254238,0.8559322033898306,-0.00847457627118644,1,0,1.0,0.9957627118644068,0,False
track2_common3,recordingSessionGroup,M36_LOGISTIC_SAFE_GATE,SAFE-STRICT,INCONGRUENT_CONTEXT,0.55,118,236,2,2,,0.00847457627118644,0.01694915254237288,0.0,0.5,"[0.09453120573423074, 0.9054687942657693]",1,1,0.5,"[0.09453120573423074, 0.9054687942657693]",0.00847457627118644,"[0.0014975405219652578, 0.04644557241540204]",0.41355932203389834,0.41694915254237286,0.0033898305084745766,"[0.0, 0.009957627118644069]",0.4,0.5466101694915254,0.5466101694915254,0.8601694915254238,0.8559322033898306,-0.00847457627118644,1,0,1.0,0.9957627118644068,0,False
track2_common3,recordingSessionGroup,M36_LOGISTIC_SAFE_GATE,SAFE-STRICT,INCONGRUENT_CONTEXT,0.60,118,236,2,2,,0.00847457627118644,0.01694915254237288,0.0,0.5,"[0.09453120573423074, 0.9054687942657693]",1,1,0.5,"[0.09453120573423074, 0.9054687942657693]",0.00847457627118644,"[0.0014975405219652578, 0.04644557241540204]",0.41355932203389834,0.41694915254237286,0.0033898305084745766,"[0.0, 0.010169491525423728]",0.4,0.5466101694915254,0.5466101694915254,0.8601694915254238,0.8559322033898306,-0.00847457627118644,1,0,1.0,0.9957627118644068,0,False
track2_common3,recordingSessionGroup,M36_LOGISTIC_SAFE_GATE,SAFE-STRICT,INCONGRUENT_CONTEXT,0.65,118,236,2,2,,0.00847457627118644,0.01694915254237288,0.0,0.5,"[0.09453120573423074, 0.9054687942657693]",1,1,0.5,"[0.09453120573423074, 0.9054687942657693]",0.00847457627118644,"[0.0014975405219652578, 0.04644557241540204]",0.41355932203389834,0.41694915254237286,0.0033898305084745766,"[0.0, 0.009957627118644069]",0.4,0.5466101694915254,0.5466101694915254,0.8601694915254238,0.8559322033898306,-0.00847457627118644,1,0,1.0,0.9957627118644068,0,False
track2_common3,recordingSessionGroup,M36_LOGISTIC_SAFE_GATE,SAFE-STRICT,INCONGRUENT_CONTEXT,0.70,118,236,2,2,,0.00847457627118644,0.01694915254237288,0.0,0.5,"[0.09453120573423074, 0.9054687942657693]",1,1,0.5,"[0.09453120573423074, 0.9054687942657693]",0.00847457627118644,"[0.0014975405219652578, 0.04644557241540204]",0.41355932203389834,0.41694915254237286,0.0033898305084745766,"[0.0, 0.009957627118644069]",0.4,0.5466101694915254,0.5466101694915254,0.8601694915254238,0.8559322033898306,-0.00847457627118644,1,0,1.0,0.9957627118644068,0,False
track2_common3,recordingSessionGroup,M36_LOGISTIC_SAFE_GATE,SAFE-STRICT,INCONGRUENT_CONTEXT,0.75,118,236,2,2,,0.00847457627118644,0.01694915254237288,0.0,0.5,"[0.09453120573423074, 0.9054687942657693]",1,1,0.5,"[0.09453120573423074, 0.9054687942657693]",0.00847457627118644,"[0.0014975405219652578, 0.04644557241540204]",0.41355932203389834,0.41694915254237286,0.0033898305084745766,"[0.0, 0.009957627118644069]",0.4,0.5466101694915254,0.5466101694915254,0.8601694915254238,0.8559322033898306,-0.00847457627118644,1,0,1.0,0.9957627118644068,0,False
track2_common3,recordingSessionGroup,M36_LOGISTIC_SAFE_GATE,SAFE-STRICT,INCONGRUENT_CONTEXT,0.80,118,236,2,2,,0.00847457627118644,0.01694915254237288,0.0,0.5,"[0.09453120573423074, 0.9054687942657693]",1,1,0.5,"[0.09453120573423074, 0.9054687942657693]",0.00847457627118644,"[0.0014975405219652578, 0.04644557241540204]",0.41355932203389834,0.41694915254237286,0.0033898305084745766,"[0.0, 0.009957627118644069]",0.4,0.5466101694915254,0.5466101694915254,0.8601694915254238,0.8559322033898306,-0.00847457627118644,1,0,1.0,0.9957627118644068,0,False
track2_common3,recordingSessionGroup,M36_LOGISTIC_SAFE_GATE,SAFE-STRICT,INCONGRUENT_CONTEXT,0.85,118,236,2,2,,0.00847457627118644,0.01694915254237288,0.0,0.5,"[0.09453120573423074, 0.9054687942657693]",1,1,0.5,"[0.09453120573423074, 0.9054687942657693]",0.00847457627118644,"[0.0014975405219652578, 0.04644557241540204]",0.41355932203389834,0.41694915254237286,0.0033898305084745766,"[0.0, 0.009957627118644069]",0.4,0.5466101694915254,0.5466101694915254,0.8601694915254238,0.8559322033898306,-0.00847457627118644,1,0,1.0,0.9957627118644068,0,False
track2_common3,recordingSessionGroup,M36_LOGISTIC_SAFE_GATE,SAFE-STRICT,INCONGRUENT_CONTEXT,0.90,118,236,2,2,,0.00847457627118644,0.01694915254237288,0.0,0.5,"[0.09453120573423074, 0.9054687942657693]",1,1,0.5,"[0.09453120573423074, 0.9054687942657693]",0.00847457627118644,"[0.0014975405219652578, 0.04644557241540204]",0.41355932203389834,0.41694915254237286,0.0033898305084745766,"[0.0, 0.010169491525423728]",0.4,0.5466101694915254,0.5466101694915254,0.8601694915254238,0.8559322033898306,-0.00847457627118644,1,0,1.0,0.9957627118644068,0,False
track2_common3,recordingSessionGroup,M36_LOGISTIC_SAFE_GATE,SAFE-STRICT,INCONGRUENT_CONTEXT,0.95,118,236,2,2,,0.00847457627118644,0.01694915254237288,0.0,0.5,"[0.09453120573423074, 0.9054687942657693]",1,1,0.5,"[0.09453120573423074, 0.9054687942657693]",0.00847457627118644,"[0.0014975405219652578, 0.04644557241540204]",0.41355932203389834,0.41694915254237286,0.0033898305084745766,"[0.0, 0.009957627118644069]",0.4,0.5466101694915254,0.5466101694915254,0.8601694915254238,0.8559322033898306,-0.00847457627118644,1,0,1.0,0.9957627118644068,0,False
track2_common3,recordingSessionGroup,M36_LOGISTIC_SAFE_GATE,SAFE-STRICT,NEUTRAL_CONTEXT,,118,118,0,0,,0.0,0.0,,,"[null, null]",0,0,,"[null, null]",0.0,"[0.0, 0.03152833902249433]",0.41694915254237286,0.41694915254237286,0.0,"[0.0, 0.0]",,0.5423728813559322,0.5423728813559322,0.864406779661017,0.864406779661017,0.0,0,0,1.0,1.0,0,
track2_common3,recordingSessionGroup,M36_LOGISTIC_VIEW_GUARDED,SAFE-95,CONGRUENT_CONTEXT,0.45,118,118,12,12,118,0.1016949152542373,0.1016949152542373,1.0,1.0,"[0.7575059933447592, 1.0]",0,0,,"[null, null]",0.0,"[0.0, 0.03152833902249433]",0.4080508474576271,0.41694915254237286,0.008898305084745763,"[0.0029661016949152534, 0.01949152542372881]",0.08750000000000001,0.5508474576271186,0.5508474576271186,0.8728813559322034,0.8728813559322034,0.00847457627118644,0,1,1.0,0.9915254237288136,0,
track2_common3,recordingSessionGroup,M36_LOGISTIC_VIEW_GUARDED,SAFE-95,CONGRUENT_CONTEXT,0.50,118,118,12,12,118,0.1016949152542373,0.1016949152542373,1.0,1.0,"[0.7575059933447592, 1.0]",0,0,,"[null, null]",0.0,"[0.0, 0.03152833902249433]",0.4080508474576271,0.41694915254237286,0.008898305084745763,"[0.0029661016949152534, 0.01864406779661017]",0.08750000000000001,0.5508474576271186,0.5508474576271186,0.8728813559322034,0.8728813559322034,0.00847457627118644,0,1,1.0,0.9915254237288136,0,
track2_common3,recordingSessionGroup,M36_LOGISTIC_VIEW_GUARDED,SAFE-95,CONGRUENT_CONTEXT,0.55,118,118,12,12,118,0.1016949152542373,0.1016949152542373,1.0,1.0,"[0.7575059933447592, 1.0]",0,0,,"[null, null]",0.0,"[0.0, 0.03152833902249433]",0.4080508474576271,0.41694915254237286,0.008898305084745763,"[0.0029661016949152534, 0.019067796610169493]",0.08750000000000001,0.5508474576271186,0.5508474576271186,0.8728813559322034,0.8728813559322034,0.00847457627118644,0,1,1.0,0.9915254237288136,0,
track2_common3,recordingSessionGroup,M36_LOGISTIC_VIEW_GUARDED,SAFE-95,CONGRUENT_CONTEXT,0.60,118,118,12,12,118,0.1016949152542373,0.1016949152542373,1.0,1.0,"[0.7575059933447592, 1.0]",0,0,,"[null, null]",0.0,"[0.0, 0.03152833902249433]",0.4080508474576271,0.41694915254237286,0.008898305084745763,"[0.0029661016949152534, 0.01864406779661017]",0.08750000000000001,0.5508474576271186,0.5508474576271186,0.8728813559322034,0.8728813559322034,0.00847457627118644,0,1,1.0,0.9915254237288136,0,
track2_common3,recordingSessionGroup,M36_LOGISTIC_VIEW_GUARDED,SAFE-95,CONGRUENT_CONTEXT,0.65,118,118,12,12,118,0.1016949152542373,0.1016949152542373,1.0,1.0,"[0.7575059933447592, 1.0]",0,0,,"[null, null]",0.0,"[0.0, 0.03152833902249433]",0.4080508474576271,0.41694915254237286,0.008898305084745763,"[0.0025423728813559316, 0.01949152542372881]",0.08750000000000001,0.5508474576271186,0.5508474576271186,0.8728813559322034,0.8728813559322034,0.00847457627118644,0,1,1.0,0.9915254237288136,0,
track2_common3,recordingSessionGroup,M36_LOGISTIC_VIEW_GUARDED,SAFE-95,CONGRUENT_CONTEXT,0.70,118,118,12,12,118,0.1016949152542373,0.1016949152542373,1.0,1.0,"[0.7575059933447592, 1.0]",0,0,,"[null, null]",0.0,"[0.0, 0.03152833902249433]",0.4080508474576271,0.41694915254237286,0.008898305084745763,"[0.0025423728813559316, 0.018644067796610167]",0.08750000000000001,0.5508474576271186,0.5508474576271186,0.8728813559322034,0.8728813559322034,0.00847457627118644,0,1,1.0,0.9915254237288136,0,
track2_common3,recordingSessionGroup,M36_LOGISTIC_VIEW_GUARDED,SAFE-95,CONGRUENT_CONTEXT,0.75,118,118,12,12,118,0.1016949152542373,0.1016949152542373,1.0,1.0,"[0.7575059933447592, 1.0]",0,0,,"[null, null]",0.0,"[0.0, 0.03152833902249433]",0.4080508474576271,0.41694915254237286,0.008898305084745763,"[0.0029661016949152534, 0.01949152542372881]",0.08750000000000001,0.5508474576271186,0.5508474576271186,0.8728813559322034,0.8728813559322034,0.00847457627118644,0,1,1.0,0.9915254237288136,0,
track2_common3,recordingSessionGroup,M36_LOGISTIC_VIEW_GUARDED,SAFE-95,CONGRUENT_CONTEXT,0.80,118,118,12,12,118,0.1016949152542373,0.1016949152542373,1.0,1.0,"[0.7575059933447592, 1.0]",0,0,,"[null, null]",0.0,"[0.0, 0.03152833902249433]",0.4080508474576271,0.41694915254237286,0.008898305084745763,"[0.002955508474576271, 0.019067796610169493]",0.08750000000000001,0.5508474576271186,0.5508474576271186,0.8728813559322034,0.8728813559322034,0.00847457627118644,0,1,1.0,0.9915254237288136,0,
track2_common3,recordingSessionGroup,M36_LOGISTIC_VIEW_GUARDED,SAFE-95,CONGRUENT_CONTEXT,0.85,118,118,12,12,118,0.1016949152542373,0.1016949152542373,1.0,1.0,"[0.7575059933447592, 1.0]",0,0,,"[null, null]",0.0,"[0.0, 0.03152833902249433]",0.4080508474576271,0.41694915254237286,0.008898305084745763,"[0.0025423728813559316, 0.019067796610169493]",0.08750000000000001,0.5508474576271186,0.5508474576271186,0.8728813559322034,0.8728813559322034,0.00847457627118644,0,1,1.0,0.9915254237288136,0,
track2_common3,recordingSessionGroup,M36_LOGISTIC_VIEW_GUARDED,SAFE-95,CONGRUENT_CONTEXT,0.90,118,118,12,12,118,0.1016949152542373,0.1016949152542373,1.0,1.0,"[0.7575059933447592, 1.0]",0,0,,"[null, null]",0.0,"[0.0, 0.03152833902249433]",0.4080508474576271,0.41694915254237286,0.008898305084745763,"[0.0029661016949152534, 0.018230932203389776]",0.08750000000000001,0.5508474576271186,0.5508474576271186,0.8728813559322034,0.8728813559322034,0.00847457627118644,0,1,1.0,0.9915254237288136,0,
track2_common3,recordingSessionGroup,M36_LOGISTIC_VIEW_GUARDED,SAFE-95,CONGRUENT_CONTEXT,0.95,118,118,12,12,118,0.1016949152542373,0.1016949152542373,1.0,1.0,"[0.7575059933447592, 1.0]",0,0,,"[null, null]",0.0,"[0.0, 0.03152833902249433]",0.4080508474576271,0.41694915254237286,0.008898305084745763,"[0.0029661016949152534, 0.01906779661016949]",0.08750000000000001,0.5508474576271186,0.5508474576271186,0.8728813559322034,0.8728813559322034,0.00847457627118644,0,1,1.0,0.9915254237288136,0,
track2_common3,recordingSessionGroup,M36_LOGISTIC_VIEW_GUARDED,SAFE-95,INCONGRUENT_CONTEXT,0.45,118,236,2,2,,0.00847457627118644,0.01694915254237288,0.0,1.0,"[0.34238022750665303, 1.0]",0,0,0.0,"[0.0, 0.6576197724933469]",0.0,"[0.0, 0.03152833902249433]",0.41652542372881357,0.41694915254237286,0.0004237288135593219,"[0.0, 0.0010593220338983049]",0.04999999999999999,0.5423728813559322,0.5423728813559322,0.864406779661017,0.864406779661017,0.0,0,0,1.0,1.0,0,True
track2_common3,recordingSessionGroup,M36_LOGISTIC_VIEW_GUARDED,SAFE-95,INCONGRUENT_CONTEXT,0.50,118,236,2,2,,0.00847457627118644,0.01694915254237288,0.0,1.0,"[0.34238022750665303, 1.0]",0,0,0.0,"[0.0, 0.6576197724933469]",0.0,"[0.0, 0.03152833902249433]",0.41652542372881357,0.41694915254237286,0.0004237288135593219,"[0.0, 0.0010593220338983049]",0.04999999999999999,0.5423728813559322,0.5423728813559322,0.864406779661017,0.864406779661017,0.0,0,0,1.0,1.0,0,True
track2_common3,recordingSessionGroup,M36_LOGISTIC_VIEW_GUARDED,SAFE-95,INCONGRUENT_CONTEXT,0.55,118,236,2,2,,0.00847457627118644,0.01694915254237288,0.0,1.0,"[0.34238022750665303, 1.0]",0,0,0.0,"[0.0, 0.6576197724933469]",0.0,"[0.0, 0.03152833902249433]",0.41652542372881357,0.41694915254237286,0.0004237288135593219,"[0.0, 0.0010593220338983049]",0.04999999999999999,0.5423728813559322,0.5423728813559322,0.864406779661017,0.864406779661017,0.0,0,0,1.0,1.0,0,True
track2_common3,recordingSessionGroup,M36_LOGISTIC_VIEW_GUARDED,SAFE-95,INCONGRUENT_CONTEXT,0.60,118,236,2,2,,0.00847457627118644,0.01694915254237288,0.0,1.0,"[0.34238022750665303, 1.0]",0,0,0.0,"[0.0, 0.6576197724933469]",0.0,"[0.0, 0.03152833902249433]",0.41652542372881357,0.41694915254237286,0.0004237288135593219,"[0.0, 0.0010593220338983049]",0.04999999999999999,0.5423728813559322,0.5423728813559322,0.864406779661017,0.864406779661017,0.0,0,0,1.0,1.0,0,True
track2_common3,recordingSessionGroup,M36_LOGISTIC_VIEW_GUARDED,SAFE-95,INCONGRUENT_CONTEXT,0.65,118,236,2,2,,0.00847457627118644,0.01694915254237288,0.0,1.0,"[0.34238022750665303, 1.0]",0,0,0.0,"[0.0, 0.6576197724933469]",0.0,"[0.0, 0.03152833902249433]",0.41652542372881357,0.41694915254237286,0.0004237288135593219,"[0.0, 0.0010593220338983049]",0.04999999999999999,0.5423728813559322,0.5423728813559322,0.864406779661017,0.864406779661017,0.0,0,0,1.0,1.0,0,True
track2_common3,recordingSessionGroup,M36_LOGISTIC_VIEW_GUARDED,SAFE-95,INCONGRUENT_CONTEXT,0.70,118,236,2,2,,0.00847457627118644,0.01694915254237288,0.0,1.0,"[0.34238022750665303, 1.0]",0,0,0.0,"[0.0, 0.6576197724933469]",0.0,"[0.0, 0.03152833902249433]",0.41652542372881357,0.41694915254237286,0.0004237288135593219,"[0.0, 0.0010593220338983049]",0.04999999999999999,0.5423728813559322,0.5423728813559322,0.864406779661017,0.864406779661017,0.0,0,0,1.0,1.0,0,True
track2_common3,recordingSessionGroup,M36_LOGISTIC_VIEW_GUARDED,SAFE-95,INCONGRUENT_CONTEXT,0.75,118,236,2,2,,0.00847457627118644,0.01694915254237288,0.0,1.0,"[0.34238022750665303, 1.0]",0,0,0.0,"[0.0, 0.6576197724933469]",0.0,"[0.0, 0.03152833902249433]",0.41652542372881357,0.41694915254237286,0.0004237288135593219,"[0.0, 0.0010593220338983049]",0.04999999999999999,0.5423728813559322,0.5423728813559322,0.864406779661017,0.864406779661017,0.0,0,0,1.0,1.0,0,True
track2_common3,recordingSessionGroup,M36_LOGISTIC_VIEW_GUARDED,SAFE-95,INCONGRUENT_CONTEXT,0.80,118,236,2,2,,0.00847457627118644,0.01694915254237288,0.0,1.0,"[0.34238022750665303, 1.0]",0,0,0.0,"[0.0, 0.6576197724933469]",0.0,"[0.0, 0.03152833902249433]",0.41652542372881357,0.41694915254237286,0.0004237288135593219,"[0.0, 0.0010593220338983049]",0.04999999999999999,0.5423728813559322,0.5423728813559322,0.864406779661017,0.864406779661017,0.0,0,0,1.0,1.0,0,True
track2_common3,recordingSessionGroup,M36_LOGISTIC_VIEW_GUARDED,SAFE-95,INCONGRUENT_CONTEXT,0.85,118,236,2,2,,0.00847457627118644,0.01694915254237288,0.0,1.0,"[0.34238022750665303, 1.0]",0,0,0.0,"[0.0, 0.6576197724933469]",0.0,"[0.0, 0.03152833902249433]",0.41652542372881357,0.41694915254237286,0.0004237288135593219,"[0.0, 0.0010593220338983049]",0.04999999999999999,0.5423728813559322,0.5423728813559322,0.864406779661017,0.864406779661017,0.0,0,0,1.0,1.0,0,True
track2_common3,recordingSessionGroup,M36_LOGISTIC_VIEW_GUARDED,SAFE-95,INCONGRUENT_CONTEXT,0.90,118,236,2,2,,0.00847457627118644,0.01694915254237288,0.0,1.0,"[0.34238022750665303, 1.0]",0,0,0.0,"[0.0, 0.6576197724933469]",0.0,"[0.0, 0.03152833902249433]",0.41652542372881357,0.41694915254237286,0.0004237288135593219,"[0.0, 0.0010593220338983049]",0.04999999999999999,0.5423728813559322,0.5423728813559322,0.864406779661017,0.864406779661017,0.0,0,0,1.0,1.0,0,True
track2_common3,recordingSessionGroup,M36_LOGISTIC_VIEW_GUARDED,SAFE-95,INCONGRUENT_CONTEXT,0.95,118,236,2,2,,0.00847457627118644,0.01694915254237288,0.0,1.0,"[0.34238022750665303, 1.0]",0,0,0.0,"[0.0, 0.6576197724933469]",0.0,"[0.0, 0.03152833902249433]",0.41652542372881357,0.41694915254237286,0.0004237288135593219,"[0.0, 0.0010593220338983049]",0.04999999999999999,0.5423728813559322,0.5423728813559322,0.864406779661017,0.864406779661017,0.0,0,0,1.0,1.0,0,True
track2_common3,recordingSessionGroup,M36_LOGISTIC_VIEW_GUARDED,SAFE-95,NEUTRAL_CONTEXT,,118,118,0,0,,0.0,0.0,,,"[null, null]",0,0,,"[null, null]",0.0,"[0.0, 0.03152833902249433]",0.41694915254237286,0.41694915254237286,0.0,"[0.0, 0.0]",,0.5423728813559322,0.5423728813559322,0.864406779661017,0.864406779661017,0.0,0,0,1.0,1.0,0,
track2_common3,recordingSessionGroup,M36_LOGISTIC_VIEW_GUARDED,SAFE-99,CONGRUENT_CONTEXT,0.45,118,118,12,12,118,0.1016949152542373,0.1016949152542373,1.0,1.0,"[0.7575059933447592, 1.0]",0,0,,"[null, null]",0.0,"[0.0, 0.03152833902249433]",0.4080508474576271,0.41694915254237286,0.008898305084745763,"[0.0029661016949152534, 0.018220338983050848]",0.08750000000000001,0.5508474576271186,0.5508474576271186,0.8728813559322034,0.8728813559322034,0.00847457627118644,0,1,1.0,0.9915254237288136,0,
track2_common3,recordingSessionGroup,M36_LOGISTIC_VIEW_GUARDED,SAFE-99,CONGRUENT_CONTEXT,0.50,118,118,12,12,118,0.1016949152542373,0.1016949152542373,1.0,1.0,"[0.7575059933447592, 1.0]",0,0,,"[null, null]",0.0,"[0.0, 0.03152833902249433]",0.4080508474576271,0.41694915254237286,0.008898305084745763,"[0.0025423728813559316, 0.01864406779661017]",0.08750000000000001,0.5508474576271186,0.5508474576271186,0.8728813559322034,0.8728813559322034,0.00847457627118644,0,1,1.0,0.9915254237288136,0,
track2_common3,recordingSessionGroup,M36_LOGISTIC_VIEW_GUARDED,SAFE-99,CONGRUENT_CONTEXT,0.55,118,118,12,12,118,0.1016949152542373,0.1016949152542373,1.0,1.0,"[0.7575059933447592, 1.0]",0,0,,"[null, null]",0.0,"[0.0, 0.03152833902249433]",0.4080508474576271,0.41694915254237286,0.008898305084745763,"[0.0025423728813559316, 0.018644067796610167]",0.08750000000000001,0.5508474576271186,0.5508474576271186,0.8728813559322034,0.8728813559322034,0.00847457627118644,0,1,1.0,0.9915254237288136,0,
track2_common3,recordingSessionGroup,M36_LOGISTIC_VIEW_GUARDED,SAFE-99,CONGRUENT_CONTEXT,0.60,118,118,12,12,118,0.1016949152542373,0.1016949152542373,1.0,1.0,"[0.7575059933447592, 1.0]",0,0,,"[null, null]",0.0,"[0.0, 0.03152833902249433]",0.4080508474576271,0.41694915254237286,0.008898305084745763,"[0.0025423728813559316, 0.01906779661016949]",0.08750000000000001,0.5508474576271186,0.5508474576271186,0.8728813559322034,0.8728813559322034,0.00847457627118644,0,1,1.0,0.9915254237288136,0,
track2_common3,recordingSessionGroup,M36_LOGISTIC_VIEW_GUARDED,SAFE-99,CONGRUENT_CONTEXT,0.65,118,118,12,12,118,0.1016949152542373,0.1016949152542373,1.0,1.0,"[0.7575059933447592, 1.0]",0,0,,"[null, null]",0.0,"[0.0, 0.03152833902249433]",0.4080508474576271,0.41694915254237286,0.008898305084745763,"[0.0025423728813559316, 0.018654661016949094]",0.08750000000000001,0.5508474576271186,0.5508474576271186,0.8728813559322034,0.8728813559322034,0.00847457627118644,0,1,1.0,0.9915254237288136,0,
track2_common3,recordingSessionGroup,M36_LOGISTIC_VIEW_GUARDED,SAFE-99,CONGRUENT_CONTEXT,0.70,118,118,12,12,118,0.1016949152542373,0.1016949152542373,1.0,1.0,"[0.7575059933447592, 1.0]",0,0,,"[null, null]",0.0,"[0.0, 0.03152833902249433]",0.4080508474576271,0.41694915254237286,0.008898305084745763,"[0.0029661016949152534, 0.019067796610169493]",0.08750000000000001,0.5508474576271186,0.5508474576271186,0.8728813559322034,0.8728813559322034,0.00847457627118644,0,1,1.0,0.9915254237288136,0,
track2_common3,recordingSessionGroup,M36_LOGISTIC_VIEW_GUARDED,SAFE-99,CONGRUENT_CONTEXT,0.75,118,118,12,12,118,0.1016949152542373,0.1016949152542373,1.0,1.0,"[0.7575059933447592, 1.0]",0,0,,"[null, null]",0.0,"[0.0, 0.03152833902249433]",0.4080508474576271,0.41694915254237286,0.008898305084745763,"[0.0029661016949152534, 0.01864406779661017]",0.08750000000000001,0.5508474576271186,0.5508474576271186,0.8728813559322034,0.8728813559322034,0.00847457627118644,0,1,1.0,0.9915254237288136,0,
track2_common3,recordingSessionGroup,M36_LOGISTIC_VIEW_GUARDED,SAFE-99,CONGRUENT_CONTEXT,0.80,118,118,12,12,118,0.1016949152542373,0.1016949152542373,1.0,1.0,"[0.7575059933447592, 1.0]",0,0,,"[null, null]",0.0,"[0.0, 0.03152833902249433]",0.4080508474576271,0.41694915254237286,0.008898305084745763,"[0.0025423728813559316, 0.01949152542372881]",0.08750000000000001,0.5508474576271186,0.5508474576271186,0.8728813559322034,0.8728813559322034,0.00847457627118644,0,1,1.0,0.9915254237288136,0,
track2_common3,recordingSessionGroup,M36_LOGISTIC_VIEW_GUARDED,SAFE-99,CONGRUENT_CONTEXT,0.85,118,118,12,12,118,0.1016949152542373,0.1016949152542373,1.0,1.0,"[0.7575059933447592, 1.0]",0,0,,"[null, null]",0.0,"[0.0, 0.03152833902249433]",0.4080508474576271,0.41694915254237286,0.008898305084745763,"[0.0025423728813559316, 0.01949152542372881]",0.08750000000000001,0.5508474576271186,0.5508474576271186,0.8728813559322034,0.8728813559322034,0.00847457627118644,0,1,1.0,0.9915254237288136,0,
track2_common3,recordingSessionGroup,M36_LOGISTIC_VIEW_GUARDED,SAFE-99,CONGRUENT_CONTEXT,0.90,118,118,12,12,118,0.1016949152542373,0.1016949152542373,1.0,1.0,"[0.7575059933447592, 1.0]",0,0,,"[null, null]",0.0,"[0.0, 0.03152833902249433]",0.4080508474576271,0.41694915254237286,0.008898305084745763,"[0.0025423728813559316, 0.018644067796610167]",0.08750000000000001,0.5508474576271186,0.5508474576271186,0.8728813559322034,0.8728813559322034,0.00847457627118644,0,1,1.0,0.9915254237288136,0,
track2_common3,recordingSessionGroup,M36_LOGISTIC_VIEW_GUARDED,SAFE-99,CONGRUENT_CONTEXT,0.95,118,118,12,12,118,0.1016949152542373,0.1016949152542373,1.0,1.0,"[0.7575059933447592, 1.0]",0,0,,"[null, null]",0.0,"[0.0, 0.03152833902249433]",0.4080508474576271,0.41694915254237286,0.008898305084745763,"[0.0029661016949152534, 0.018654661016949094]",0.08750000000000001,0.5508474576271186,0.5508474576271186,0.8728813559322034,0.8728813559322034,0.00847457627118644,0,1,1.0,0.9915254237288136,0,
track2_common3,recordingSessionGroup,M36_LOGISTIC_VIEW_GUARDED,SAFE-99,INCONGRUENT_CONTEXT,0.45,118,236,2,2,,0.00847457627118644,0.01694915254237288,0.0,1.0,"[0.34238022750665303, 1.0]",0,0,0.0,"[0.0, 0.6576197724933469]",0.0,"[0.0, 0.03152833902249433]",0.41652542372881357,0.41694915254237286,0.0004237288135593219,"[0.0, 0.0010593220338983049]",0.04999999999999999,0.5423728813559322,0.5423728813559322,0.864406779661017,0.864406779661017,0.0,0,0,1.0,1.0,0,True
track2_common3,recordingSessionGroup,M36_LOGISTIC_VIEW_GUARDED,SAFE-99,INCONGRUENT_CONTEXT,0.50,118,236,2,2,,0.00847457627118644,0.01694915254237288,0.0,1.0,"[0.34238022750665303, 1.0]",0,0,0.0,"[0.0, 0.6576197724933469]",0.0,"[0.0, 0.03152833902249433]",0.41652542372881357,0.41694915254237286,0.0004237288135593219,"[0.0, 0.0010593220338983049]",0.04999999999999999,0.5423728813559322,0.5423728813559322,0.864406779661017,0.864406779661017,0.0,0,0,1.0,1.0,0,True
track2_common3,recordingSessionGroup,M36_LOGISTIC_VIEW_GUARDED,SAFE-99,INCONGRUENT_CONTEXT,0.55,118,236,2,2,,0.00847457627118644,0.01694915254237288,0.0,1.0,"[0.34238022750665303, 1.0]",0,0,0.0,"[0.0, 0.6576197724933469]",0.0,"[0.0, 0.03152833902249433]",0.41652542372881357,0.41694915254237286,0.0004237288135593219,"[0.0, 0.0010593220338983049]",0.04999999999999999,0.5423728813559322,0.5423728813559322,0.864406779661017,0.864406779661017,0.0,0,0,1.0,1.0,0,True
track2_common3,recordingSessionGroup,M36_LOGISTIC_VIEW_GUARDED,SAFE-99,INCONGRUENT_CONTEXT,0.60,118,236,2,2,,0.00847457627118644,0.01694915254237288,0.0,1.0,"[0.34238022750665303, 1.0]",0,0,0.0,"[0.0, 0.6576197724933469]",0.0,"[0.0, 0.03152833902249433]",0.41652542372881357,0.41694915254237286,0.0004237288135593219,"[0.0, 0.0010593220338983049]",0.04999999999999999,0.5423728813559322,0.5423728813559322,0.864406779661017,0.864406779661017,0.0,0,0,1.0,1.0,0,True
track2_common3,recordingSessionGroup,M36_LOGISTIC_VIEW_GUARDED,SAFE-99,INCONGRUENT_CONTEXT,0.65,118,236,2,2,,0.00847457627118644,0.01694915254237288,0.0,1.0,"[0.34238022750665303, 1.0]",0,0,0.0,"[0.0, 0.6576197724933469]",0.0,"[0.0, 0.03152833902249433]",0.41652542372881357,0.41694915254237286,0.0004237288135593219,"[0.0, 0.0010593220338983049]",0.04999999999999999,0.5423728813559322,0.5423728813559322,0.864406779661017,0.864406779661017,0.0,0,0,1.0,1.0,0,True
track2_common3,recordingSessionGroup,M36_LOGISTIC_VIEW_GUARDED,SAFE-99,INCONGRUENT_CONTEXT,0.70,118,236,2,2,,0.00847457627118644,0.01694915254237288,0.0,1.0,"[0.34238022750665303, 1.0]",0,0,0.0,"[0.0, 0.6576197724933469]",0.0,"[0.0, 0.03152833902249433]",0.41652542372881357,0.41694915254237286,0.0004237288135593219,"[0.0, 0.0010593220338983049]",0.04999999999999999,0.5423728813559322,0.5423728813559322,0.864406779661017,0.864406779661017,0.0,0,0,1.0,1.0,0,True
track2_common3,recordingSessionGroup,M36_LOGISTIC_VIEW_GUARDED,SAFE-99,INCONGRUENT_CONTEXT,0.75,118,236,2,2,,0.00847457627118644,0.01694915254237288,0.0,1.0,"[0.34238022750665303, 1.0]",0,0,0.0,"[0.0, 0.6576197724933469]",0.0,"[0.0, 0.03152833902249433]",0.41652542372881357,0.41694915254237286,0.0004237288135593219,"[0.0, 0.0010593220338983049]",0.04999999999999999,0.5423728813559322,0.5423728813559322,0.864406779661017,0.864406779661017,0.0,0,0,1.0,1.0,0,True
track2_common3,recordingSessionGroup,M36_LOGISTIC_VIEW_GUARDED,SAFE-99,INCONGRUENT_CONTEXT,0.80,118,236,2,2,,0.00847457627118644,0.01694915254237288,0.0,1.0,"[0.34238022750665303, 1.0]",0,0,0.0,"[0.0, 0.6576197724933469]",0.0,"[0.0, 0.03152833902249433]",0.41652542372881357,0.41694915254237286,0.0004237288135593219,"[0.0, 0.0010593220338983049]",0.04999999999999999,0.5423728813559322,0.5423728813559322,0.864406779661017,0.864406779661017,0.0,0,0,1.0,1.0,0,True
track2_common3,recordingSessionGroup,M36_LOGISTIC_VIEW_GUARDED,SAFE-99,INCONGRUENT_CONTEXT,0.85,118,236,2,2,,0.00847457627118644,0.01694915254237288,0.0,1.0,"[0.34238022750665303, 1.0]",0,0,0.0,"[0.0, 0.6576197724933469]",0.0,"[0.0, 0.03152833902249433]",0.41652542372881357,0.41694915254237286,0.0004237288135593219,"[0.0, 0.0010593220338983049]",0.04999999999999999,0.5423728813559322,0.5423728813559322,0.864406779661017,0.864406779661017,0.0,0,0,1.0,1.0,0,True
track2_common3,recordingSessionGroup,M36_LOGISTIC_VIEW_GUARDED,SAFE-99,INCONGRUENT_CONTEXT,0.90,118,236,2,2,,0.00847457627118644,0.01694915254237288,0.0,1.0,"[0.34238022750665303, 1.0]",0,0,0.0,"[0.0, 0.6576197724933469]",0.0,"[0.0, 0.03152833902249433]",0.41652542372881357,0.41694915254237286,0.0004237288135593219,"[0.0, 0.0010593220338983049]",0.04999999999999999,0.5423728813559322,0.5423728813559322,0.864406779661017,0.864406779661017,0.0,0,0,1.0,1.0,0,True
track2_common3,recordingSessionGroup,M36_LOGISTIC_VIEW_GUARDED,SAFE-99,INCONGRUENT_CONTEXT,0.95,118,236,2,2,,0.00847457627118644,0.01694915254237288,0.0,1.0,"[0.34238022750665303, 1.0]",0,0,0.0,"[0.0, 0.6576197724933469]",0.0,"[0.0, 0.03152833902249433]",0.41652542372881357,0.41694915254237286,0.0004237288135593219,"[0.0, 0.0010593220338983049]",0.04999999999999999,0.5423728813559322,0.5423728813559322,0.864406779661017,0.864406779661017,0.0,0,0,1.0,1.0,0,True
track2_common3,recordingSessionGroup,M36_LOGISTIC_VIEW_GUARDED,SAFE-99,NEUTRAL_CONTEXT,,118,118,0,0,,0.0,0.0,,,"[null, null]",0,0,,"[null, null]",0.0,"[0.0, 0.03152833902249433]",0.41694915254237286,0.41694915254237286,0.0,"[0.0, 0.0]",,0.5423728813559322,0.5423728813559322,0.864406779661017,0.864406779661017,0.0,0,0,1.0,1.0,0,
track2_common3,recordingSessionGroup,M36_LOGISTIC_VIEW_GUARDED,SAFE-STRICT,CONGRUENT_CONTEXT,0.45,118,118,12,12,118,0.1016949152542373,0.1016949152542373,1.0,1.0,"[0.7575059933447592, 1.0]",0,0,,"[null, null]",0.0,"[0.0, 0.03152833902249433]",0.4080508474576271,0.41694915254237286,0.008898305084745763,"[0.0029661016949152534, 0.019067796610169493]",0.08750000000000001,0.5508474576271186,0.5508474576271186,0.8728813559322034,0.8728813559322034,0.00847457627118644,0,1,1.0,0.9915254237288136,0,
track2_common3,recordingSessionGroup,M36_LOGISTIC_VIEW_GUARDED,SAFE-STRICT,CONGRUENT_CONTEXT,0.50,118,118,12,12,118,0.1016949152542373,0.1016949152542373,1.0,1.0,"[0.7575059933447592, 1.0]",0,0,,"[null, null]",0.0,"[0.0, 0.03152833902249433]",0.4080508474576271,0.41694915254237286,0.008898305084745763,"[0.0029661016949152534, 0.019067796610169493]",0.08750000000000001,0.5508474576271186,0.5508474576271186,0.8728813559322034,0.8728813559322034,0.00847457627118644,0,1,1.0,0.9915254237288136,0,
track2_common3,recordingSessionGroup,M36_LOGISTIC_VIEW_GUARDED,SAFE-STRICT,CONGRUENT_CONTEXT,0.55,118,118,12,12,118,0.1016949152542373,0.1016949152542373,1.0,1.0,"[0.7575059933447592, 1.0]",0,0,,"[null, null]",0.0,"[0.0, 0.03152833902249433]",0.4080508474576271,0.41694915254237286,0.008898305084745763,"[0.0029661016949152534, 0.018230932203389772]",0.08750000000000001,0.5508474576271186,0.5508474576271186,0.8728813559322034,0.8728813559322034,0.00847457627118644,0,1,1.0,0.9915254237288136,0,
track2_common3,recordingSessionGroup,M36_LOGISTIC_VIEW_GUARDED,SAFE-STRICT,CONGRUENT_CONTEXT,0.60,118,118,12,12,118,0.1016949152542373,0.1016949152542373,1.0,1.0,"[0.7575059933447592, 1.0]",0,0,,"[null, null]",0.0,"[0.0, 0.03152833902249433]",0.4080508474576271,0.41694915254237286,0.008898305084745763,"[0.002955508474576271, 0.019067796610169493]",0.08750000000000001,0.5508474576271186,0.5508474576271186,0.8728813559322034,0.8728813559322034,0.00847457627118644,0,1,1.0,0.9915254237288136,0,
track2_common3,recordingSessionGroup,M36_LOGISTIC_VIEW_GUARDED,SAFE-STRICT,CONGRUENT_CONTEXT,0.65,118,118,12,12,118,0.1016949152542373,0.1016949152542373,1.0,1.0,"[0.7575059933447592, 1.0]",0,0,,"[null, null]",0.0,"[0.0, 0.03152833902249433]",0.4080508474576271,0.41694915254237286,0.008898305084745763,"[0.0029661016949152534, 0.018644067796610167]",0.08750000000000001,0.5508474576271186,0.5508474576271186,0.8728813559322034,0.8728813559322034,0.00847457627118644,0,1,1.0,0.9915254237288136,0,
track2_common3,recordingSessionGroup,M36_LOGISTIC_VIEW_GUARDED,SAFE-STRICT,CONGRUENT_CONTEXT,0.70,118,118,12,12,118,0.1016949152542373,0.1016949152542373,1.0,1.0,"[0.7575059933447592, 1.0]",0,0,,"[null, null]",0.0,"[0.0, 0.03152833902249433]",0.4080508474576271,0.41694915254237286,0.008898305084745763,"[0.0025423728813559316, 0.01822033898305085]",0.08750000000000001,0.5508474576271186,0.5508474576271186,0.8728813559322034,0.8728813559322034,0.00847457627118644,0,1,1.0,0.9915254237288136,0,
track2_common3,recordingSessionGroup,M36_LOGISTIC_VIEW_GUARDED,SAFE-STRICT,CONGRUENT_CONTEXT,0.75,118,118,12,12,118,0.1016949152542373,0.1016949152542373,1.0,1.0,"[0.7575059933447592, 1.0]",0,0,,"[null, null]",0.0,"[0.0, 0.03152833902249433]",0.4080508474576271,0.41694915254237286,0.008898305084745763,"[0.0025423728813559316, 0.019067796610169493]",0.08750000000000001,0.5508474576271186,0.5508474576271186,0.8728813559322034,0.8728813559322034,0.00847457627118644,0,1,1.0,0.9915254237288136,0,
track2_common3,recordingSessionGroup,M36_LOGISTIC_VIEW_GUARDED,SAFE-STRICT,CONGRUENT_CONTEXT,0.80,118,118,12,12,118,0.1016949152542373,0.1016949152542373,1.0,1.0,"[0.7575059933447592, 1.0]",0,0,,"[null, null]",0.0,"[0.0, 0.03152833902249433]",0.4080508474576271,0.41694915254237286,0.008898305084745763,"[0.002955508474576271, 0.01949152542372881]",0.08750000000000001,0.5508474576271186,0.5508474576271186,0.8728813559322034,0.8728813559322034,0.00847457627118644,0,1,1.0,0.9915254237288136,0,
track2_common3,recordingSessionGroup,M36_LOGISTIC_VIEW_GUARDED,SAFE-STRICT,CONGRUENT_CONTEXT,0.85,118,118,12,12,118,0.1016949152542373,0.1016949152542373,1.0,1.0,"[0.7575059933447592, 1.0]",0,0,,"[null, null]",0.0,"[0.0, 0.03152833902249433]",0.4080508474576271,0.41694915254237286,0.008898305084745763,"[0.0029661016949152534, 0.019067796610169493]",0.08750000000000001,0.5508474576271186,0.5508474576271186,0.8728813559322034,0.8728813559322034,0.00847457627118644,0,1,1.0,0.9915254237288136,0,
track2_common3,recordingSessionGroup,M36_LOGISTIC_VIEW_GUARDED,SAFE-STRICT,CONGRUENT_CONTEXT,0.90,118,118,12,12,118,0.1016949152542373,0.1016949152542373,1.0,1.0,"[0.7575059933447592, 1.0]",0,0,,"[null, null]",0.0,"[0.0, 0.03152833902249433]",0.4080508474576271,0.41694915254237286,0.008898305084745763,"[0.0025423728813559316, 0.01864406779661017]",0.08750000000000001,0.5508474576271186,0.5508474576271186,0.8728813559322034,0.8728813559322034,0.00847457627118644,0,1,1.0,0.9915254237288136,0,
track2_common3,recordingSessionGroup,M36_LOGISTIC_VIEW_GUARDED,SAFE-STRICT,CONGRUENT_CONTEXT,0.95,118,118,12,12,118,0.1016949152542373,0.1016949152542373,1.0,1.0,"[0.7575059933447592, 1.0]",0,0,,"[null, null]",0.0,"[0.0, 0.03152833902249433]",0.4080508474576271,0.41694915254237286,0.008898305084745763,"[0.0025423728813559316, 0.019491525423728808]",0.08750000000000001,0.5508474576271186,0.5508474576271186,0.8728813559322034,0.8728813559322034,0.00847457627118644,0,1,1.0,0.9915254237288136,0,
track2_common3,recordingSessionGroup,M36_LOGISTIC_VIEW_GUARDED,SAFE-STRICT,INCONGRUENT_CONTEXT,0.45,118,236,2,2,,0.00847457627118644,0.01694915254237288,0.0,1.0,"[0.34238022750665303, 1.0]",0,0,0.0,"[0.0, 0.6576197724933469]",0.0,"[0.0, 0.03152833902249433]",0.41652542372881357,0.41694915254237286,0.0004237288135593219,"[0.0, 0.0010593220338983049]",0.04999999999999999,0.5423728813559322,0.5423728813559322,0.864406779661017,0.864406779661017,0.0,0,0,1.0,1.0,0,True
track2_common3,recordingSessionGroup,M36_LOGISTIC_VIEW_GUARDED,SAFE-STRICT,INCONGRUENT_CONTEXT,0.50,118,236,2,2,,0.00847457627118644,0.01694915254237288,0.0,1.0,"[0.34238022750665303, 1.0]",0,0,0.0,"[0.0, 0.6576197724933469]",0.0,"[0.0, 0.03152833902249433]",0.41652542372881357,0.41694915254237286,0.0004237288135593219,"[0.0, 0.0010593220338983049]",0.04999999999999999,0.5423728813559322,0.5423728813559322,0.864406779661017,0.864406779661017,0.0,0,0,1.0,1.0,0,True
track2_common3,recordingSessionGroup,M36_LOGISTIC_VIEW_GUARDED,SAFE-STRICT,INCONGRUENT_CONTEXT,0.55,118,236,2,2,,0.00847457627118644,0.01694915254237288,0.0,1.0,"[0.34238022750665303, 1.0]",0,0,0.0,"[0.0, 0.6576197724933469]",0.0,"[0.0, 0.03152833902249433]",0.41652542372881357,0.41694915254237286,0.0004237288135593219,"[0.0, 0.0010593220338983049]",0.04999999999999999,0.5423728813559322,0.5423728813559322,0.864406779661017,0.864406779661017,0.0,0,0,1.0,1.0,0,True
track2_common3,recordingSessionGroup,M36_LOGISTIC_VIEW_GUARDED,SAFE-STRICT,INCONGRUENT_CONTEXT,0.60,118,236,2,2,,0.00847457627118644,0.01694915254237288,0.0,1.0,"[0.34238022750665303, 1.0]",0,0,0.0,"[0.0, 0.6576197724933469]",0.0,"[0.0, 0.03152833902249433]",0.41652542372881357,0.41694915254237286,0.0004237288135593219,"[0.0, 0.0010593220338983049]",0.04999999999999999,0.5423728813559322,0.5423728813559322,0.864406779661017,0.864406779661017,0.0,0,0,1.0,1.0,0,True
track2_common3,recordingSessionGroup,M36_LOGISTIC_VIEW_GUARDED,SAFE-STRICT,INCONGRUENT_CONTEXT,0.65,118,236,2,2,,0.00847457627118644,0.01694915254237288,0.0,1.0,"[0.34238022750665303, 1.0]",0,0,0.0,"[0.0, 0.6576197724933469]",0.0,"[0.0, 0.03152833902249433]",0.41652542372881357,0.41694915254237286,0.0004237288135593219,"[0.0, 0.0010593220338983049]",0.04999999999999999,0.5423728813559322,0.5423728813559322,0.864406779661017,0.864406779661017,0.0,0,0,1.0,1.0,0,True
track2_common3,recordingSessionGroup,M36_LOGISTIC_VIEW_GUARDED,SAFE-STRICT,INCONGRUENT_CONTEXT,0.70,118,236,2,2,,0.00847457627118644,0.01694915254237288,0.0,1.0,"[0.34238022750665303, 1.0]",0,0,0.0,"[0.0, 0.6576197724933469]",0.0,"[0.0, 0.03152833902249433]",0.41652542372881357,0.41694915254237286,0.0004237288135593219,"[0.0, 0.0010593220338983049]",0.04999999999999999,0.5423728813559322,0.5423728813559322,0.864406779661017,0.864406779661017,0.0,0,0,1.0,1.0,0,True
track2_common3,recordingSessionGroup,M36_LOGISTIC_VIEW_GUARDED,SAFE-STRICT,INCONGRUENT_CONTEXT,0.75,118,236,2,2,,0.00847457627118644,0.01694915254237288,0.0,1.0,"[0.34238022750665303, 1.0]",0,0,0.0,"[0.0, 0.6576197724933469]",0.0,"[0.0, 0.03152833902249433]",0.41652542372881357,0.41694915254237286,0.0004237288135593219,"[0.0, 0.0010593220338983049]",0.04999999999999999,0.5423728813559322,0.5423728813559322,0.864406779661017,0.864406779661017,0.0,0,0,1.0,1.0,0,True
track2_common3,recordingSessionGroup,M36_LOGISTIC_VIEW_GUARDED,SAFE-STRICT,INCONGRUENT_CONTEXT,0.80,118,236,2,2,,0.00847457627118644,0.01694915254237288,0.0,1.0,"[0.34238022750665303, 1.0]",0,0,0.0,"[0.0, 0.6576197724933469]",0.0,"[0.0, 0.03152833902249433]",0.41652542372881357,0.41694915254237286,0.0004237288135593219,"[0.0, 0.0010593220338983049]",0.04999999999999999,0.5423728813559322,0.5423728813559322,0.864406779661017,0.864406779661017,0.0,0,0,1.0,1.0,0,True
track2_common3,recordingSessionGroup,M36_LOGISTIC_VIEW_GUARDED,SAFE-STRICT,INCONGRUENT_CONTEXT,0.85,118,236,2,2,,0.00847457627118644,0.01694915254237288,0.0,1.0,"[0.34238022750665303, 1.0]",0,0,0.0,"[0.0, 0.6576197724933469]",0.0,"[0.0, 0.03152833902249433]",0.41652542372881357,0.41694915254237286,0.0004237288135593219,"[0.0, 0.0010593220338983049]",0.04999999999999999,0.5423728813559322,0.5423728813559322,0.864406779661017,0.864406779661017,0.0,0,0,1.0,1.0,0,True
track2_common3,recordingSessionGroup,M36_LOGISTIC_VIEW_GUARDED,SAFE-STRICT,INCONGRUENT_CONTEXT,0.90,118,236,2,2,,0.00847457627118644,0.01694915254237288,0.0,1.0,"[0.34238022750665303, 1.0]",0,0,0.0,"[0.0, 0.6576197724933469]",0.0,"[0.0, 0.03152833902249433]",0.41652542372881357,0.41694915254237286,0.0004237288135593219,"[0.0, 0.0010593220338983049]",0.04999999999999999,0.5423728813559322,0.5423728813559322,0.864406779661017,0.864406779661017,0.0,0,0,1.0,1.0,0,True
track2_common3,recordingSessionGroup,M36_LOGISTIC_VIEW_GUARDED,SAFE-STRICT,INCONGRUENT_CONTEXT,0.95,118,236,2,2,,0.00847457627118644,0.01694915254237288,0.0,1.0,"[0.34238022750665303, 1.0]",0,0,0.0,"[0.0, 0.6576197724933469]",0.0,"[0.0, 0.03152833902249433]",0.41652542372881357,0.41694915254237286,0.0004237288135593219,"[0.0, 0.0010593220338983049]",0.04999999999999999,0.5423728813559322,0.5423728813559322,0.864406779661017,0.864406779661017,0.0,0,0,1.0,1.0,0,True
track2_common3,recordingSessionGroup,M36_LOGISTIC_VIEW_GUARDED,SAFE-STRICT,NEUTRAL_CONTEXT,,118,118,0,0,,0.0,0.0,,,"[null, null]",0,0,,"[null, null]",0.0,"[0.0, 0.03152833902249433]",0.41694915254237286,0.41694915254237286,0.0,"[0.0, 0.0]",,0.5423728813559322,0.5423728813559322,0.864406779661017,0.864406779661017,0.0,0,0,1.0,1.0,0,
track2_common3,recordingSessionGroup,M36_MULTI_VIEW_RULE,SAFE-95,CONGRUENT_CONTEXT,0.45,118,118,2,2,118,0.01694915254237288,0.01694915254237288,1.0,1.0,"[0.34238022750665303, 1.0]",0,0,,"[null, null]",0.0,"[0.0, 0.03152833902249433]",0.4152542372881356,0.41694915254237286,0.0016949152542372883,"[0.0, 0.005084745762711865]",0.1,0.5508474576271186,0.5508474576271186,0.864406779661017,0.864406779661017,0.0,0,0,1.0,1.0,0,
track2_common3,recordingSessionGroup,M36_MULTI_VIEW_RULE,SAFE-95,CONGRUENT_CONTEXT,0.50,118,118,4,4,118,0.03389830508474576,0.03389830508474576,1.0,1.0,"[0.5101091635454027, 1.0]",0,0,,"[null, null]",0.0,"[0.0, 0.03152833902249433]",0.40254237288135597,0.41694915254237286,0.01440677966101695,"[0.0004237288135593219, 0.033908898305084686]",0.425,0.5677966101694916,0.5677966101694916,0.8728813559322034,0.8728813559322034,0.00847457627118644,0,1,1.0,0.9915254237288136,0,
track2_common3,recordingSessionGroup,M36_MULTI_VIEW_RULE,SAFE-95,CONGRUENT_CONTEXT,0.55,118,118,7,7,118,0.059322033898305086,0.059322033898305086,1.0,1.0,"[0.6456695649333126, 1.0]",0,0,,"[null, null]",0.0,"[0.0, 0.03152833902249433]",0.40042372881355937,0.41694915254237286,0.01652542372881356,"[0.0021186440677966097, 0.037288135593220334]",0.2785714285714286,0.576271186440678,0.576271186440678,0.8728813559322034,0.8728813559322034,0.00847457627118644,0,1,1.0,0.9915254237288136,0,
track2_common3,recordingSessionGroup,M36_MULTI_VIEW_RULE,SAFE-95,CONGRUENT_CONTEXT,0.60,118,118,8,8,118,0.06779661016949153,0.06779661016949153,1.0,1.0,"[0.6755924351161198, 1.0]",0,0,,"[null, null]",0.0,"[0.0, 0.03152833902249433]",0.39618644067796616,0.41694915254237286,0.020762711864406782,"[0.003813559322033898, 0.0423728813559322]",0.30625,0.576271186440678,0.576271186440678,0.8728813559322034,0.8728813559322034,0.00847457627118644,0,1,1.0,0.9915254237288136,0,
track2_common3,recordingSessionGroup,M36_MULTI_VIEW_RULE,SAFE-95,CONGRUENT_CONTEXT,0.65,118,118,8,8,118,0.06779661016949153,0.06779661016949153,1.0,1.0,"[0.6755924351161198, 1.0]",0,0,,"[null, null]",0.0,"[0.0, 0.03152833902249433]",0.39618644067796616,0.41694915254237286,0.020762711864406782,"[0.004661016949152543, 0.043644067796610175]",0.30625,0.576271186440678,0.576271186440678,0.8728813559322034,0.8728813559322034,0.00847457627118644,0,1,1.0,0.9915254237288136,0,
track2_common3,recordingSessionGroup,M36_MULTI_VIEW_RULE,SAFE-95,CONGRUENT_CONTEXT,0.70,118,118,11,11,118,0.09322033898305085,0.09322033898305085,1.0,1.0,"[0.7411670330319684, 1.0]",0,0,,"[null, null]",0.0,"[0.0, 0.03152833902249433]",0.3949152542372882,0.41694915254237286,0.022033898305084742,"[0.0055084745762711855, 0.046186440677966095]",0.23636363636363633,0.5847457627118644,0.5847457627118644,0.8728813559322034,0.8728813559322034,0.00847457627118644,0,1,1.0,0.9915254237288136,0,
track2_common3,recordingSessionGroup,M36_MULTI_VIEW_RULE,SAFE-95,CONGRUENT_CONTEXT,0.75,118,118,11,11,118,0.09322033898305085,0.09322033898305085,1.0,1.0,"[0.7411670330319684, 1.0]",0,0,,"[null, null]",0.0,"[0.0, 0.03152833902249433]",0.3949152542372882,0.41694915254237286,0.022033898305084742,"[0.005084745762711863, 0.04279661016949153]",0.23636363636363633,0.5847457627118644,0.5847457627118644,0.8728813559322034,0.8728813559322034,0.00847457627118644,0,1,1.0,0.9915254237288136,0,
track2_common3,recordingSessionGroup,M36_MULTI_VIEW_RULE,SAFE-95,CONGRUENT_CONTEXT,0.80,118,118,13,13,118,0.11016949152542373,0.11016949152542373,1.0,1.0,"[0.7719046276458016, 0.9999999999999999]",0,0,,"[null, null]",0.0,"[0.0, 0.03152833902249433]",0.3932203389830508,0.41694915254237286,0.02372881355932203,"[0.007203389830508474, 0.046186440677966095]",0.21538461538461537,0.5847457627118644,0.5847457627118644,0.8728813559322034,0.8728813559322034,0.00847457627118644,0,1,1.0,0.9915254237288136,0,
track2_common3,recordingSessionGroup,M36_MULTI_VIEW_RULE,SAFE-95,CONGRUENT_CONTEXT,0.85,118,118,15,15,118,0.1271186440677966,0.1271186440677966,1.0,1.0,"[0.7961166989641515, 1.0]",0,0,,"[null, null]",0.0,"[0.0, 0.03152833902249433]",0.39237288135593223,0.41694915254237286,0.024576271186440672,"[0.008050847457627118, 0.046620762711864355]",0.1933333333333333,0.5847457627118644,0.5847457627118644,0.8728813559322034,0.8728813559322034,0.00847457627118644,0,1,1.0,0.9915254237288136,0,
track2_common3,recordingSessionGroup,M36_MULTI_VIEW_RULE,SAFE-95,CONGRUENT_CONTEXT,0.90,118,118,15,15,118,0.1271186440677966,0.1271186440677966,1.0,1.0,"[0.7961166989641515, 1.0]",0,0,,"[null, null]",0.0,"[0.0, 0.03152833902249433]",0.39237288135593223,0.41694915254237286,0.024576271186440672,"[0.008474576271186439, 0.04533898305084746]",0.1933333333333333,0.5847457627118644,0.5847457627118644,0.8728813559322034,0.8728813559322034,0.00847457627118644,0,1,1.0,0.9915254237288136,0,
track2_common3,recordingSessionGroup,M36_MULTI_VIEW_RULE,SAFE-95,CONGRUENT_CONTEXT,0.95,118,118,15,15,118,0.1271186440677966,0.1271186440677966,1.0,1.0,"[0.7961166989641515, 1.0]",0,0,,"[null, null]",0.0,"[0.0, 0.03152833902249433]",0.39237288135593223,0.41694915254237286,0.024576271186440672,"[0.007627118644067795, 0.045773305084745704]",0.1933333333333333,0.5847457627118644,0.5847457627118644,0.8728813559322034,0.8728813559322034,0.00847457627118644,0,1,1.0,0.9915254237288136,0,
track2_common3,recordingSessionGroup,M36_MULTI_VIEW_RULE,SAFE-95,INCONGRUENT_CONTEXT,0.45,118,236,0,0,,0.0,0.0,,,"[null, null]",0,0,0.0,"[null, null]",0.0,"[0.0, 0.03152833902249433]",0.41694915254237286,0.41694915254237286,0.0,"[0.0, 0.0]",,0.5423728813559322,0.5423728813559322,0.864406779661017,0.864406779661017,0.0,0,0,1.0,1.0,0,False
track2_common3,recordingSessionGroup,M36_MULTI_VIEW_RULE,SAFE-95,INCONGRUENT_CONTEXT,0.50,118,236,0,0,,0.0,0.0,,,"[null, null]",0,0,0.0,"[null, null]",0.0,"[0.0, 0.03152833902249433]",0.41694915254237286,0.41694915254237286,0.0,"[0.0, 0.0]",,0.5423728813559322,0.5423728813559322,0.864406779661017,0.864406779661017,0.0,0,0,1.0,1.0,0,False
track2_common3,recordingSessionGroup,M36_MULTI_VIEW_RULE,SAFE-95,INCONGRUENT_CONTEXT,0.55,118,236,0,0,,0.0,0.0,,,"[null, null]",0,0,0.0,"[null, null]",0.0,"[0.0, 0.03152833902249433]",0.41694915254237286,0.41694915254237286,0.0,"[0.0, 0.0]",,0.5423728813559322,0.5423728813559322,0.864406779661017,0.864406779661017,0.0,0,0,1.0,1.0,0,False
track2_common3,recordingSessionGroup,M36_MULTI_VIEW_RULE,SAFE-95,INCONGRUENT_CONTEXT,0.60,118,236,1,1,,0.00423728813559322,0.00847457627118644,0.0,0.0,"[0.0, 0.7934506856227626]",1,1,1.0,"[0.20654931437723745, 1.0]",0.00847457627118644,"[0.0014975405219652578, 0.04644557241540204]",0.41419491525423724,0.41694915254237286,0.002754237288135593,"[0.0, 0.008262711864406781]",0.65,0.5423728813559322,0.5423728813559322,0.8601694915254238,0.8559322033898306,-0.00847457627118644,1,0,1.0,0.9957627118644068,0,False
track2_common3,recordingSessionGroup,M36_MULTI_VIEW_RULE,SAFE-95,INCONGRUENT_CONTEXT,0.65,118,236,1,1,,0.00423728813559322,0.00847457627118644,0.0,0.0,"[0.0, 0.7934506856227626]",1,1,1.0,"[0.20654931437723745, 1.0]",0.00847457627118644,"[0.0014975405219652578, 0.04644557241540204]",0.41419491525423724,0.41694915254237286,0.002754237288135593,"[0.0, 0.008262711864406781]",0.65,0.5423728813559322,0.5423728813559322,0.8601694915254238,0.8559322033898306,-0.00847457627118644,1,0,1.0,0.9957627118644068,0,False
track2_common3,recordingSessionGroup,M36_MULTI_VIEW_RULE,SAFE-95,INCONGRUENT_CONTEXT,0.70,118,236,1,1,,0.00423728813559322,0.00847457627118644,0.0,0.0,"[0.0, 0.7934506856227626]",1,1,1.0,"[0.20654931437723745, 1.0]",0.00847457627118644,"[0.0014975405219652578, 0.04644557241540204]",0.41419491525423724,0.41694915254237286,0.002754237288135593,"[0.0, 0.008262711864406781]",0.65,0.5423728813559322,0.5423728813559322,0.8601694915254238,0.8559322033898306,-0.00847457627118644,1,0,1.0,0.9957627118644068,0,False
track2_common3,recordingSessionGroup,M36_MULTI_VIEW_RULE,SAFE-95,INCONGRUENT_CONTEXT,0.75,118,236,2,2,,0.00847457627118644,0.01694915254237288,0.0,0.0,"[0.0, 0.6576197724933469]",2,2,1.0,"[0.34238022750665303, 1.0]",0.01694915254237288,"[0.004660442504200446, 0.059697444348039835]",0.41101694915254233,0.41694915254237286,0.005932203389830508,"[0.0, 0.015042372881355931]",0.7,0.5466101694915254,0.5466101694915254,0.8559322033898306,0.847457627118644,-0.01694915254237288,2,0,0.5,0.9915254237288136,0,False
track2_common3,recordingSessionGroup,M36_MULTI_VIEW_RULE,SAFE-95,INCONGRUENT_CONTEXT,0.80,118,236,2,2,,0.00847457627118644,0.01694915254237288,0.0,0.0,"[0.0, 0.6576197724933469]",2,2,1.0,"[0.34238022750665303, 1.0]",0.01694915254237288,"[0.004660442504200446, 0.059697444348039835]",0.41101694915254233,0.41694915254237286,0.005932203389830508,"[0.0, 0.015042372881355931]",0.7,0.5466101694915254,0.5466101694915254,0.8559322033898306,0.847457627118644,-0.01694915254237288,2,0,0.5,0.9915254237288136,0,False
track2_common3,recordingSessionGroup,M36_MULTI_VIEW_RULE,SAFE-95,INCONGRUENT_CONTEXT,0.85,118,236,2,2,,0.00847457627118644,0.01694915254237288,0.0,0.0,"[0.0, 0.6576197724933469]",2,2,1.0,"[0.34238022750665303, 1.0]",0.01694915254237288,"[0.004660442504200446, 0.059697444348039835]",0.41101694915254233,0.41694915254237286,0.005932203389830508,"[0.0, 0.015042372881355931]",0.7,0.5466101694915254,0.5466101694915254,0.8559322033898306,0.847457627118644,-0.01694915254237288,2,0,0.5,0.9915254237288136,0,False
track2_common3,recordingSessionGroup,M36_MULTI_VIEW_RULE,SAFE-95,INCONGRUENT_CONTEXT,0.90,118,236,3,3,,0.012711864406779662,0.025423728813559324,0.0,0.0,"[5.551115123125783e-17, 0.5614970317550454]",3,3,1.0,"[0.4385029682449546, 1.0]",0.025423728813559324,"[0.008683514404083097, 0.07208914636303015]",0.40974576271186436,0.41694915254237286,0.007203389830508475,"[0.0, 0.016313559322033898]",0.5666666666666667,0.5508474576271186,0.5508474576271186,0.8516949152542372,0.8389830508474576,-0.025423728813559324,3,0,0.25,0.9872881355932204,0,False
track2_common3,recordingSessionGroup,M36_MULTI_VIEW_RULE,SAFE-95,INCONGRUENT_CONTEXT,0.95,118,236,3,3,,0.012711864406779662,0.025423728813559324,0.0,0.0,"[5.551115123125783e-17, 0.5614970317550454]",3,3,1.0,"[0.4385029682449546, 1.0]",0.025423728813559324,"[0.008683514404083097, 0.07208914636303015]",0.40974576271186436,0.41694915254237286,0.007203389830508475,"[0.0, 0.017166313559322008]",0.5666666666666667,0.5508474576271186,0.5508474576271186,0.8516949152542372,0.8389830508474576,-0.025423728813559324,3,0,0.25,0.9872881355932204,0,False
track2_common3,recordingSessionGroup,M36_MULTI_VIEW_RULE,SAFE-95,NEUTRAL_CONTEXT,,118,118,0,0,,0.0,0.0,,,"[null, null]",0,0,,"[null, null]",0.0,"[0.0, 0.03152833902249433]",0.41694915254237286,0.41694915254237286,0.0,"[0.0, 0.0]",,0.5423728813559322,0.5423728813559322,0.864406779661017,0.864406779661017,0.0,0,0,1.0,1.0,0,
track2_common3,recordingSessionGroup,M36_MULTI_VIEW_RULE,SAFE-99,CONGRUENT_CONTEXT,0.45,118,118,2,2,118,0.01694915254237288,0.01694915254237288,1.0,1.0,"[0.34238022750665303, 1.0]",0,0,,"[null, null]",0.0,"[0.0, 0.03152833902249433]",0.4152542372881356,0.41694915254237286,0.0016949152542372883,"[0.0, 0.004661016949152543]",0.1,0.5508474576271186,0.5508474576271186,0.864406779661017,0.864406779661017,0.0,0,0,1.0,1.0,0,
track2_common3,recordingSessionGroup,M36_MULTI_VIEW_RULE,SAFE-99,CONGRUENT_CONTEXT,0.50,118,118,4,4,118,0.03389830508474576,0.03389830508474576,1.0,1.0,"[0.5101091635454027, 1.0]",0,0,,"[null, null]",0.0,"[0.0, 0.03152833902249433]",0.40254237288135597,0.41694915254237286,0.01440677966101695,"[0.0004237288135593219, 0.034322033898305085]",0.425,0.5677966101694916,0.5677966101694916,0.8728813559322034,0.8728813559322034,0.00847457627118644,0,1,1.0,0.9915254237288136,0,
track2_common3,recordingSessionGroup,M36_MULTI_VIEW_RULE,SAFE-99,CONGRUENT_CONTEXT,0.55,118,118,7,7,118,0.059322033898305086,0.059322033898305086,1.0,1.0,"[0.6456695649333126, 1.0]",0,0,,"[null, null]",0.0,"[0.0, 0.03152833902249433]",0.40042372881355937,0.41694915254237286,0.01652542372881356,"[0.0021186440677966097, 0.035593220338983045]",0.2785714285714286,0.576271186440678,0.576271186440678,0.8728813559322034,0.8728813559322034,0.00847457627118644,0,1,1.0,0.9915254237288136,0,
track2_common3,recordingSessionGroup,M36_MULTI_VIEW_RULE,SAFE-99,CONGRUENT_CONTEXT,0.60,118,118,8,8,118,0.06779661016949153,0.06779661016949153,1.0,1.0,"[0.6755924351161198, 1.0]",0,0,,"[null, null]",0.0,"[0.0, 0.03152833902249433]",0.39618644067796616,0.41694915254237286,0.020762711864406782,"[0.003813559322033898, 0.04194915254237287]",0.30625,0.576271186440678,0.576271186440678,0.8728813559322034,0.8728813559322034,0.00847457627118644,0,1,1.0,0.9915254237288136,0,
track2_common3,recordingSessionGroup,M36_MULTI_VIEW_RULE,SAFE-99,CONGRUENT_CONTEXT,0.65,118,118,8,8,118,0.06779661016949153,0.06779661016949153,1.0,1.0,"[0.6755924351161198, 1.0]",0,0,,"[null, null]",0.0,"[0.0, 0.03152833902249433]",0.39618644067796616,0.41694915254237286,0.020762711864406782,"[0.004650423728813559, 0.041101694915254235]",0.30625,0.576271186440678,0.576271186440678,0.8728813559322034,0.8728813559322034,0.00847457627118644,0,1,1.0,0.9915254237288136,0,
track2_common3,recordingSessionGroup,M36_MULTI_VIEW_RULE,SAFE-99,CONGRUENT_CONTEXT,0.70,118,118,11,11,118,0.09322033898305085,0.09322033898305085,1.0,1.0,"[0.7411670330319684, 1.0]",0,0,,"[null, null]",0.0,"[0.0, 0.03152833902249433]",0.3949152542372882,0.41694915254237286,0.022033898305084742,"[0.005084745762711863, 0.042807203389830455]",0.23636363636363633,0.5847457627118644,0.5847457627118644,0.8728813559322034,0.8728813559322034,0.00847457627118644,0,1,1.0,0.9915254237288136,0,
track2_common3,recordingSessionGroup,M36_MULTI_VIEW_RULE,SAFE-99,CONGRUENT_CONTEXT,0.75,118,118,11,11,118,0.09322033898305085,0.09322033898305085,1.0,1.0,"[0.7411670330319684, 1.0]",0,0,,"[null, null]",0.0,"[0.0, 0.03152833902249433]",0.3949152542372882,0.41694915254237286,0.022033898305084742,"[0.005084745762711863, 0.04450211864406774]",0.23636363636363633,0.5847457627118644,0.5847457627118644,0.8728813559322034,0.8728813559322034,0.00847457627118644,0,1,1.0,0.9915254237288136,0,
track2_common3,recordingSessionGroup,M36_MULTI_VIEW_RULE,SAFE-99,CONGRUENT_CONTEXT,0.80,118,118,13,13,118,0.11016949152542373,0.11016949152542373,1.0,1.0,"[0.7719046276458016, 0.9999999999999999]",0,0,,"[null, null]",0.0,"[0.0, 0.03152833902249433]",0.3932203389830508,0.41694915254237286,0.02372881355932203,"[0.006355932203389831, 0.044915254237288135]",0.21538461538461537,0.5847457627118644,0.5847457627118644,0.8728813559322034,0.8728813559322034,0.00847457627118644,0,1,1.0,0.9915254237288136,0,
track2_common3,recordingSessionGroup,M36_MULTI_VIEW_RULE,SAFE-99,CONGRUENT_CONTEXT,0.85,118,118,15,15,118,0.1271186440677966,0.1271186440677966,1.0,1.0,"[0.7961166989641515, 1.0]",0,0,,"[null, null]",0.0,"[0.0, 0.03152833902249433]",0.39237288135593223,0.41694915254237286,0.024576271186440672,"[0.007627118644067796, 0.04576271186440678]",0.1933333333333333,0.5847457627118644,0.5847457627118644,0.8728813559322034,0.8728813559322034,0.00847457627118644,0,1,1.0,0.9915254237288136,0,
track2_common3,recordingSessionGroup,M36_MULTI_VIEW_RULE,SAFE-99,CONGRUENT_CONTEXT,0.90,118,118,15,15,118,0.1271186440677966,0.1271186440677966,1.0,1.0,"[0.7961166989641515, 1.0]",0,0,,"[null, null]",0.0,"[0.0, 0.03152833902249433]",0.39237288135593223,0.41694915254237286,0.024576271186440672,"[0.008050847457627117, 0.04703389830508474]",0.1933333333333333,0.5847457627118644,0.5847457627118644,0.8728813559322034,0.8728813559322034,0.00847457627118644,0,1,1.0,0.9915254237288136,0,
track2_common3,recordingSessionGroup,M36_MULTI_VIEW_RULE,SAFE-99,CONGRUENT_CONTEXT,0.95,118,118,15,15,118,0.1271186440677966,0.1271186440677966,1.0,1.0,"[0.7961166989641515, 1.0]",0,0,,"[null, null]",0.0,"[0.0, 0.03152833902249433]",0.39237288135593223,0.41694915254237286,0.024576271186440672,"[0.007627118644067796, 0.045773305084745704]",0.1933333333333333,0.5847457627118644,0.5847457627118644,0.8728813559322034,0.8728813559322034,0.00847457627118644,0,1,1.0,0.9915254237288136,0,
track2_common3,recordingSessionGroup,M36_MULTI_VIEW_RULE,SAFE-99,INCONGRUENT_CONTEXT,0.45,118,236,0,0,,0.0,0.0,,,"[null, null]",0,0,0.0,"[null, null]",0.0,"[0.0, 0.03152833902249433]",0.41694915254237286,0.41694915254237286,0.0,"[0.0, 0.0]",,0.5423728813559322,0.5423728813559322,0.864406779661017,0.864406779661017,0.0,0,0,1.0,1.0,0,False
track2_common3,recordingSessionGroup,M36_MULTI_VIEW_RULE,SAFE-99,INCONGRUENT_CONTEXT,0.50,118,236,0,0,,0.0,0.0,,,"[null, null]",0,0,0.0,"[null, null]",0.0,"[0.0, 0.03152833902249433]",0.41694915254237286,0.41694915254237286,0.0,"[0.0, 0.0]",,0.5423728813559322,0.5423728813559322,0.864406779661017,0.864406779661017,0.0,0,0,1.0,1.0,0,False
track2_common3,recordingSessionGroup,M36_MULTI_VIEW_RULE,SAFE-99,INCONGRUENT_CONTEXT,0.55,118,236,0,0,,0.0,0.0,,,"[null, null]",0,0,0.0,"[null, null]",0.0,"[0.0, 0.03152833902249433]",0.41694915254237286,0.41694915254237286,0.0,"[0.0, 0.0]",,0.5423728813559322,0.5423728813559322,0.864406779661017,0.864406779661017,0.0,0,0,1.0,1.0,0,False
track2_common3,recordingSessionGroup,M36_MULTI_VIEW_RULE,SAFE-99,INCONGRUENT_CONTEXT,0.60,118,236,1,1,,0.00423728813559322,0.00847457627118644,0.0,0.0,"[0.0, 0.7934506856227626]",1,1,1.0,"[0.20654931437723745, 1.0]",0.00847457627118644,"[0.0014975405219652578, 0.04644557241540204]",0.41419491525423724,0.41694915254237286,0.002754237288135593,"[0.0, 0.008262711864406781]",0.65,0.5423728813559322,0.5423728813559322,0.8601694915254238,0.8559322033898306,-0.00847457627118644,1,0,1.0,0.9957627118644068,0,False
track2_common3,recordingSessionGroup,M36_MULTI_VIEW_RULE,SAFE-99,INCONGRUENT_CONTEXT,0.65,118,236,1,1,,0.00423728813559322,0.00847457627118644,0.0,0.0,"[0.0, 0.7934506856227626]",1,1,1.0,"[0.20654931437723745, 1.0]",0.00847457627118644,"[0.0014975405219652578, 0.04644557241540204]",0.41419491525423724,0.41694915254237286,0.002754237288135593,"[0.0, 0.008262711864406781]",0.65,0.5423728813559322,0.5423728813559322,0.8601694915254238,0.8559322033898306,-0.00847457627118644,1,0,1.0,0.9957627118644068,0,False
track2_common3,recordingSessionGroup,M36_MULTI_VIEW_RULE,SAFE-99,INCONGRUENT_CONTEXT,0.70,118,236,1,1,,0.00423728813559322,0.00847457627118644,0.0,0.0,"[0.0, 0.7934506856227626]",1,1,1.0,"[0.20654931437723745, 1.0]",0.00847457627118644,"[0.0014975405219652578, 0.04644557241540204]",0.41419491525423724,0.41694915254237286,0.002754237288135593,"[0.0, 0.008262711864406781]",0.65,0.5423728813559322,0.5423728813559322,0.8601694915254238,0.8559322033898306,-0.00847457627118644,1,0,1.0,0.9957627118644068,0,False
track2_common3,recordingSessionGroup,M36_MULTI_VIEW_RULE,SAFE-99,INCONGRUENT_CONTEXT,0.75,118,236,2,2,,0.00847457627118644,0.01694915254237288,0.0,0.0,"[0.0, 0.6576197724933469]",2,2,1.0,"[0.34238022750665303, 1.0]",0.01694915254237288,"[0.004660442504200446, 0.059697444348039835]",0.41101694915254233,0.41694915254237286,0.005932203389830508,"[0.0, 0.015042372881355931]",0.7,0.5466101694915254,0.5466101694915254,0.8559322033898306,0.847457627118644,-0.01694915254237288,2,0,0.5,0.9915254237288136,0,False
track2_common3,recordingSessionGroup,M36_MULTI_VIEW_RULE,SAFE-99,INCONGRUENT_CONTEXT,0.80,118,236,2,2,,0.00847457627118644,0.01694915254237288,0.0,0.0,"[0.0, 0.6576197724933469]",2,2,1.0,"[0.34238022750665303, 1.0]",0.01694915254237288,"[0.004660442504200446, 0.059697444348039835]",0.41101694915254233,0.41694915254237286,0.005932203389830508,"[0.0, 0.015052966101694857]",0.7,0.5466101694915254,0.5466101694915254,0.8559322033898306,0.847457627118644,-0.01694915254237288,2,0,0.5,0.9915254237288136,0,False
track2_common3,recordingSessionGroup,M36_MULTI_VIEW_RULE,SAFE-99,INCONGRUENT_CONTEXT,0.85,118,236,2,2,,0.00847457627118644,0.01694915254237288,0.0,0.0,"[0.0, 0.6576197724933469]",2,2,1.0,"[0.34238022750665303, 1.0]",0.01694915254237288,"[0.004660442504200446, 0.059697444348039835]",0.41101694915254233,0.41694915254237286,0.005932203389830508,"[0.0, 0.015466101694915253]",0.7,0.5466101694915254,0.5466101694915254,0.8559322033898306,0.847457627118644,-0.01694915254237288,2,0,0.5,0.9915254237288136,0,False
track2_common3,recordingSessionGroup,M36_MULTI_VIEW_RULE,SAFE-99,INCONGRUENT_CONTEXT,0.90,118,236,3,3,,0.012711864406779662,0.025423728813559324,0.0,0.0,"[5.551115123125783e-17, 0.5614970317550454]",3,3,1.0,"[0.4385029682449546, 1.0]",0.025423728813559324,"[0.008683514404083097, 0.07208914636303015]",0.40974576271186436,0.41694915254237286,0.007203389830508475,"[0.0, 0.01673728813559322]",0.5666666666666667,0.5508474576271186,0.5508474576271186,0.8516949152542372,0.8389830508474576,-0.025423728813559324,3,0,0.25,0.9872881355932204,0,False
track2_common3,recordingSessionGroup,M36_MULTI_VIEW_RULE,SAFE-99,INCONGRUENT_CONTEXT,0.95,118,236,3,3,,0.012711864406779662,0.025423728813559324,0.0,0.0,"[5.551115123125783e-17, 0.5614970317550454]",3,3,1.0,"[0.4385029682449546, 1.0]",0.025423728813559324,"[0.008683514404083097, 0.07208914636303015]",0.40974576271186436,0.41694915254237286,0.007203389830508475,"[0.0, 0.016742584745762682]",0.5666666666666667,0.5508474576271186,0.5508474576271186,0.8516949152542372,0.8389830508474576,-0.025423728813559324,3,0,0.25,0.9872881355932204,0,False
track2_common3,recordingSessionGroup,M36_MULTI_VIEW_RULE,SAFE-99,NEUTRAL_CONTEXT,,118,118,0,0,,0.0,0.0,,,"[null, null]",0,0,,"[null, null]",0.0,"[0.0, 0.03152833902249433]",0.41694915254237286,0.41694915254237286,0.0,"[0.0, 0.0]",,0.5423728813559322,0.5423728813559322,0.864406779661017,0.864406779661017,0.0,0,0,1.0,1.0,0,
track2_common3,recordingSessionGroup,M36_MULTI_VIEW_RULE,SAFE-STRICT,CONGRUENT_CONTEXT,0.45,118,118,2,2,118,0.01694915254237288,0.01694915254237288,1.0,1.0,"[0.34238022750665303, 1.0]",0,0,,"[null, null]",0.0,"[0.0, 0.03152833902249433]",0.4152542372881356,0.41694915254237286,0.0016949152542372883,"[0.0, 0.005084745762711865]",0.1,0.5508474576271186,0.5508474576271186,0.864406779661017,0.864406779661017,0.0,0,0,1.0,1.0,0,
track2_common3,recordingSessionGroup,M36_MULTI_VIEW_RULE,SAFE-STRICT,CONGRUENT_CONTEXT,0.50,118,118,4,4,118,0.03389830508474576,0.03389830508474576,1.0,1.0,"[0.5101091635454027, 1.0]",0,0,,"[null, null]",0.0,"[0.0, 0.03152833902249433]",0.40254237288135597,0.41694915254237286,0.01440677966101695,"[0.0004237288135593219, 0.03474576271186441]",0.425,0.5677966101694916,0.5677966101694916,0.8728813559322034,0.8728813559322034,0.00847457627118644,0,1,1.0,0.9915254237288136,0,
track2_common3,recordingSessionGroup,M36_MULTI_VIEW_RULE,SAFE-STRICT,CONGRUENT_CONTEXT,0.55,118,118,7,7,118,0.059322033898305086,0.059322033898305086,1.0,1.0,"[0.6456695649333126, 1.0]",0,0,,"[null, null]",0.0,"[0.0, 0.03152833902249433]",0.40042372881355937,0.41694915254237286,0.01652542372881356,"[0.00211864406779661, 0.03645127118644063]",0.2785714285714286,0.576271186440678,0.576271186440678,0.8728813559322034,0.8728813559322034,0.00847457627118644,0,1,1.0,0.9915254237288136,0,
track2_common3,recordingSessionGroup,M36_MULTI_VIEW_RULE,SAFE-STRICT,CONGRUENT_CONTEXT,0.60,118,118,8,8,118,0.06779661016949153,0.06779661016949153,1.0,1.0,"[0.6755924351161198, 1.0]",0,0,,"[null, null]",0.0,"[0.0, 0.03152833902249433]",0.39618644067796616,0.41694915254237286,0.020762711864406782,"[0.003389830508474576, 0.042807203389830455]",0.30625,0.576271186440678,0.576271186440678,0.8728813559322034,0.8728813559322034,0.00847457627118644,0,1,1.0,0.9915254237288136,0,
track2_common3,recordingSessionGroup,M36_MULTI_VIEW_RULE,SAFE-STRICT,CONGRUENT_CONTEXT,0.65,118,118,8,8,118,0.06779661016949153,0.06779661016949153,1.0,1.0,"[0.6755924351161198, 1.0]",0,0,,"[null, null]",0.0,"[0.0, 0.03152833902249433]",0.39618644067796616,0.41694915254237286,0.020762711864406782,"[0.003813559322033898, 0.04194915254237287]",0.30625,0.576271186440678,0.576271186440678,0.8728813559322034,0.8728813559322034,0.00847457627118644,0,1,1.0,0.9915254237288136,0,
track2_common3,recordingSessionGroup,M36_MULTI_VIEW_RULE,SAFE-STRICT,CONGRUENT_CONTEXT,0.70,118,118,11,11,118,0.09322033898305085,0.09322033898305085,1.0,1.0,"[0.7411670330319684, 1.0]",0,0,,"[null, null]",0.0,"[0.0, 0.03152833902249433]",0.3949152542372882,0.41694915254237286,0.022033898305084742,"[0.005084745762711863, 0.043220338983050846]",0.23636363636363633,0.5847457627118644,0.5847457627118644,0.8728813559322034,0.8728813559322034,0.00847457627118644,0,1,1.0,0.9915254237288136,0,
track2_common3,recordingSessionGroup,M36_MULTI_VIEW_RULE,SAFE-STRICT,CONGRUENT_CONTEXT,0.75,118,118,11,11,118,0.09322033898305085,0.09322033898305085,1.0,1.0,"[0.7411670330319684, 1.0]",0,0,,"[null, null]",0.0,"[0.0, 0.03152833902249433]",0.3949152542372882,0.41694915254237286,0.022033898305084742,"[0.004661016949152542, 0.04323093220338978]",0.23636363636363633,0.5847457627118644,0.5847457627118644,0.8728813559322034,0.8728813559322034,0.00847457627118644,0,1,1.0,0.9915254237288136,0,
track2_common3,recordingSessionGroup,M36_MULTI_VIEW_RULE,SAFE-STRICT,CONGRUENT_CONTEXT,0.80,118,118,13,13,118,0.11016949152542373,0.11016949152542373,1.0,1.0,"[0.7719046276458016, 0.9999999999999999]",0,0,,"[null, null]",0.0,"[0.0, 0.03152833902249433]",0.3932203389830508,0.41694915254237286,0.02372881355932203,"[0.007192796610169492, 0.04450211864406774]",0.21538461538461537,0.5847457627118644,0.5847457627118644,0.8728813559322034,0.8728813559322034,0.00847457627118644,0,1,1.0,0.9915254237288136,0,
track2_common3,recordingSessionGroup,M36_MULTI_VIEW_RULE,SAFE-STRICT,CONGRUENT_CONTEXT,0.85,118,118,15,15,118,0.1271186440677966,0.1271186440677966,1.0,1.0,"[0.7961166989641515, 1.0]",0,0,,"[null, null]",0.0,"[0.0, 0.03152833902249433]",0.39237288135593223,0.41694915254237286,0.024576271186440672,"[0.008474576271186439, 0.044067796610169484]",0.1933333333333333,0.5847457627118644,0.5847457627118644,0.8728813559322034,0.8728813559322034,0.00847457627118644,0,1,1.0,0.9915254237288136,0,
track2_common3,recordingSessionGroup,M36_MULTI_VIEW_RULE,SAFE-STRICT,CONGRUENT_CONTEXT,0.90,118,118,15,15,118,0.1271186440677966,0.1271186440677966,1.0,1.0,"[0.7961166989641515, 1.0]",0,0,,"[null, null]",0.0,"[0.0, 0.03152833902249433]",0.39237288135593223,0.41694915254237286,0.024576271186440672,"[0.007203389830508475, 0.04576271186440678]",0.1933333333333333,0.5847457627118644,0.5847457627118644,0.8728813559322034,0.8728813559322034,0.00847457627118644,0,1,1.0,0.9915254237288136,0,
track2_common3,recordingSessionGroup,M36_MULTI_VIEW_RULE,SAFE-STRICT,CONGRUENT_CONTEXT,0.95,118,118,15,15,118,0.1271186440677966,0.1271186440677966,1.0,1.0,"[0.7961166989641515, 1.0]",0,0,,"[null, null]",0.0,"[0.0, 0.03152833902249433]",0.39237288135593223,0.41694915254237286,0.024576271186440672,"[0.008050847457627118, 0.04662076271186435]",0.1933333333333333,0.5847457627118644,0.5847457627118644,0.8728813559322034,0.8728813559322034,0.00847457627118644,0,1,1.0,0.9915254237288136,0,
track2_common3,recordingSessionGroup,M36_MULTI_VIEW_RULE,SAFE-STRICT,INCONGRUENT_CONTEXT,0.45,118,236,0,0,,0.0,0.0,,,"[null, null]",0,0,0.0,"[null, null]",0.0,"[0.0, 0.03152833902249433]",0.41694915254237286,0.41694915254237286,0.0,"[0.0, 0.0]",,0.5423728813559322,0.5423728813559322,0.864406779661017,0.864406779661017,0.0,0,0,1.0,1.0,0,False
track2_common3,recordingSessionGroup,M36_MULTI_VIEW_RULE,SAFE-STRICT,INCONGRUENT_CONTEXT,0.50,118,236,0,0,,0.0,0.0,,,"[null, null]",0,0,0.0,"[null, null]",0.0,"[0.0, 0.03152833902249433]",0.41694915254237286,0.41694915254237286,0.0,"[0.0, 0.0]",,0.5423728813559322,0.5423728813559322,0.864406779661017,0.864406779661017,0.0,0,0,1.0,1.0,0,False
track2_common3,recordingSessionGroup,M36_MULTI_VIEW_RULE,SAFE-STRICT,INCONGRUENT_CONTEXT,0.55,118,236,0,0,,0.0,0.0,,,"[null, null]",0,0,0.0,"[null, null]",0.0,"[0.0, 0.03152833902249433]",0.41694915254237286,0.41694915254237286,0.0,"[0.0, 0.0]",,0.5423728813559322,0.5423728813559322,0.864406779661017,0.864406779661017,0.0,0,0,1.0,1.0,0,False
track2_common3,recordingSessionGroup,M36_MULTI_VIEW_RULE,SAFE-STRICT,INCONGRUENT_CONTEXT,0.60,118,236,1,1,,0.00423728813559322,0.00847457627118644,0.0,0.0,"[0.0, 0.7934506856227626]",1,1,1.0,"[0.20654931437723745, 1.0]",0.00847457627118644,"[0.0014975405219652578, 0.04644557241540204]",0.41419491525423724,0.41694915254237286,0.002754237288135593,"[0.0, 0.008262711864406781]",0.65,0.5423728813559322,0.5423728813559322,0.8601694915254238,0.8559322033898306,-0.00847457627118644,1,0,1.0,0.9957627118644068,0,False
track2_common3,recordingSessionGroup,M36_MULTI_VIEW_RULE,SAFE-STRICT,INCONGRUENT_CONTEXT,0.65,118,236,1,1,,0.00423728813559322,0.00847457627118644,0.0,0.0,"[0.0, 0.7934506856227626]",1,1,1.0,"[0.20654931437723745, 1.0]",0.00847457627118644,"[0.0014975405219652578, 0.04644557241540204]",0.41419491525423724,0.41694915254237286,0.002754237288135593,"[0.0, 0.008262711864406781]",0.65,0.5423728813559322,0.5423728813559322,0.8601694915254238,0.8559322033898306,-0.00847457627118644,1,0,1.0,0.9957627118644068,0,False
track2_common3,recordingSessionGroup,M36_MULTI_VIEW_RULE,SAFE-STRICT,INCONGRUENT_CONTEXT,0.70,118,236,1,1,,0.00423728813559322,0.00847457627118644,0.0,0.0,"[0.0, 0.7934506856227626]",1,1,1.0,"[0.20654931437723745, 1.0]",0.00847457627118644,"[0.0014975405219652578, 0.04644557241540204]",0.41419491525423724,0.41694915254237286,0.002754237288135593,"[0.0, 0.008262711864406781]",0.65,0.5423728813559322,0.5423728813559322,0.8601694915254238,0.8559322033898306,-0.00847457627118644,1,0,1.0,0.9957627118644068,0,False
track2_common3,recordingSessionGroup,M36_MULTI_VIEW_RULE,SAFE-STRICT,INCONGRUENT_CONTEXT,0.75,118,236,2,2,,0.00847457627118644,0.01694915254237288,0.0,0.0,"[0.0, 0.6576197724933469]",2,2,1.0,"[0.34238022750665303, 1.0]",0.01694915254237288,"[0.004660442504200446, 0.059697444348039835]",0.41101694915254233,0.41694915254237286,0.005932203389830508,"[0.0, 0.015466101694915253]",0.7,0.5466101694915254,0.5466101694915254,0.8559322033898306,0.847457627118644,-0.01694915254237288,2,0,0.5,0.9915254237288136,0,False
track2_common3,recordingSessionGroup,M36_MULTI_VIEW_RULE,SAFE-STRICT,INCONGRUENT_CONTEXT,0.80,118,236,2,2,,0.00847457627118644,0.01694915254237288,0.0,0.0,"[0.0, 0.6576197724933469]",2,2,1.0,"[0.34238022750665303, 1.0]",0.01694915254237288,"[0.004660442504200446, 0.059697444348039835]",0.41101694915254233,0.41694915254237286,0.005932203389830508,"[0.0, 0.015042372881355931]",0.7,0.5466101694915254,0.5466101694915254,0.8559322033898306,0.847457627118644,-0.01694915254237288,2,0,0.5,0.9915254237288136,0,False
track2_common3,recordingSessionGroup,M36_MULTI_VIEW_RULE,SAFE-STRICT,INCONGRUENT_CONTEXT,0.85,118,236,2,2,,0.00847457627118644,0.01694915254237288,0.0,0.0,"[0.0, 0.6576197724933469]",2,2,1.0,"[0.34238022750665303, 1.0]",0.01694915254237288,"[0.004660442504200446, 0.059697444348039835]",0.41101694915254233,0.41694915254237286,0.005932203389830508,"[0.0, 0.015042372881355931]",0.7,0.5466101694915254,0.5466101694915254,0.8559322033898306,0.847457627118644,-0.01694915254237288,2,0,0.5,0.9915254237288136,0,False
track2_common3,recordingSessionGroup,M36_MULTI_VIEW_RULE,SAFE-STRICT,INCONGRUENT_CONTEXT,0.90,118,236,3,3,,0.012711864406779662,0.025423728813559324,0.0,0.0,"[5.551115123125783e-17, 0.5614970317550454]",3,3,1.0,"[0.4385029682449546, 1.0]",0.025423728813559324,"[0.008683514404083097, 0.07208914636303015]",0.40974576271186436,0.41694915254237286,0.007203389830508475,"[0.0, 0.017372881355932204]",0.5666666666666667,0.5508474576271186,0.5508474576271186,0.8516949152542372,0.8389830508474576,-0.025423728813559324,3,0,0.25,0.9872881355932204,0,False
track2_common3,recordingSessionGroup,M36_MULTI_VIEW_RULE,SAFE-STRICT,INCONGRUENT_CONTEXT,0.95,118,236,3,3,,0.012711864406779662,0.025423728813559324,0.0,0.0,"[5.551115123125783e-17, 0.5614970317550454]",3,3,1.0,"[0.4385029682449546, 1.0]",0.025423728813559324,"[0.008683514404083097, 0.07208914636303015]",0.40974576271186436,0.41694915254237286,0.007203389830508475,"[0.0, 0.016313559322033898]",0.5666666666666667,0.5508474576271186,0.5508474576271186,0.8516949152542372,0.8389830508474576,-0.025423728813559324,3,0,0.25,0.9872881355932204,0,False
track2_common3,recordingSessionGroup,M36_MULTI_VIEW_RULE,SAFE-STRICT,NEUTRAL_CONTEXT,,118,118,0,0,,0.0,0.0,,,"[null, null]",0,0,,"[null, null]",0.0,"[0.0, 0.03152833902249433]",0.41694915254237286,0.41694915254237286,0.0,"[0.0, 0.0]",,0.5423728813559322,0.5423728813559322,0.864406779661017,0.864406779661017,0.0,0,0,1.0,1.0,0,
