track,groupingScheme,method,safetyOperatingPoint,condition,qTop,realEegTrials,contextReplayScenarios,contextApplications,uniqueTrialsWithAnyApplication,eligibleCongruentOpportunities,coveragePerReplayScenario,applicationsPerRealTrial,scenarioInterventionPrecision,trialClusterInterventionPrecision,trialClusterInterventionPrecisionWilson95,inducedWrongEarlyStopEvents,trialsWithAnyInducedWrongStop,trialClusterInducedRisk,trialClusterInducedRiskWilson95,inducedRiskPerEligibleRealTrial,inducedRiskPerEligibleRealTrialWilson95,meanEvidenceSeconds,eegOnlyMeanEvidenceSeconds,overallMeanGainSeconds,pairedMeanGainBootstrap95CI,appliedTrialMeanGainSeconds,fractionScenariosLE030,fractionTrialsLE030,scenarioAccuracy,conservativePerTrialAccuracy,conservativePairedAccuracyDelta,mcnemarBaselineCorrectAssistedWrong,mcnemarBaselineWrongAssistedCorrect,mcnemarExactTwoSidedP,meanFinalClassPreservation,delayViolations,safetyTargetEmpiricallyMet
track1_5ch,acquisitionCampaignGroup,M35_CONSERVATIVE,FIXED,INCONGRUENT_CONTEXT,0.45,88,176,0,0,,0.0,0.0,,,"[null, null]",0,0,0.0,"[null, null]",0.0,"[0.0, 0.0418270666648922]",0.49886363636363634,0.49886363636363634,0.0,"[0.0, 0.0]",,0.3409090909090909,0.3409090909090909,0.9431818181818182,0.9431818181818182,0.0,0,0,1.0,1.0,0,
track1_5ch,acquisitionCampaignGroup,M35_CONSERVATIVE,FIXED,INCONGRUENT_CONTEXT,0.50,88,176,0,0,,0.0,0.0,,,"[null, null]",0,0,0.0,"[null, null]",0.0,"[0.0, 0.0418270666648922]",0.49886363636363634,0.49886363636363634,0.0,"[0.0, 0.0]",,0.3409090909090909,0.3409090909090909,0.9431818181818182,0.9431818181818182,0.0,0,0,1.0,1.0,0,
track1_5ch,acquisitionCampaignGroup,M35_CONSERVATIVE,FIXED,INCONGRUENT_CONTEXT,0.55,88,176,0,0,,0.0,0.0,,,"[null, null]",0,0,0.0,"[null, null]",0.0,"[0.0, 0.0418270666648922]",0.49886363636363634,0.49886363636363634,0.0,"[0.0, 0.0]",,0.3409090909090909,0.3409090909090909,0.9431818181818182,0.9431818181818182,0.0,0,0,1.0,1.0,0,
track1_5ch,acquisitionCampaignGroup,M35_CONSERVATIVE,FIXED,INCONGRUENT_CONTEXT,0.60,88,176,0,0,,0.0,0.0,,,"[null, null]",0,0,0.0,"[null, null]",0.0,"[0.0, 0.0418270666648922]",0.49886363636363634,0.49886363636363634,0.0,"[0.0, 0.0]",,0.3409090909090909,0.3409090909090909,0.9431818181818182,0.9431818181818182,0.0,0,0,1.0,1.0,0,
track1_5ch,acquisitionCampaignGroup,M35_CONSERVATIVE,FIXED,INCONGRUENT_CONTEXT,0.65,88,176,0,0,,0.0,0.0,,,"[null, null]",0,0,0.0,"[null, null]",0.0,"[0.0, 0.0418270666648922]",0.49886363636363634,0.49886363636363634,0.0,"[0.0, 0.0]",,0.3409090909090909,0.3409090909090909,0.9431818181818182,0.9431818181818182,0.0,0,0,1.0,1.0,0,
track1_5ch,acquisitionCampaignGroup,M35_CONSERVATIVE,FIXED,INCONGRUENT_CONTEXT,0.70,88,176,0,0,,0.0,0.0,,,"[null, null]",0,0,0.0,"[null, null]",0.0,"[0.0, 0.0418270666648922]",0.49886363636363634,0.49886363636363634,0.0,"[0.0, 0.0]",,0.3409090909090909,0.3409090909090909,0.9431818181818182,0.9431818181818182,0.0,0,0,1.0,1.0,0,
track1_5ch,acquisitionCampaignGroup,M35_CONSERVATIVE,FIXED,INCONGRUENT_CONTEXT,0.75,88,176,0,0,,0.0,0.0,,,"[null, null]",0,0,0.0,"[null, null]",0.0,"[0.0, 0.0418270666648922]",0.49886363636363634,0.49886363636363634,0.0,"[0.0, 0.0]",,0.3409090909090909,0.3409090909090909,0.9431818181818182,0.9431818181818182,0.0,0,0,1.0,1.0,0,
track1_5ch,acquisitionCampaignGroup,M35_CONSERVATIVE,FIXED,INCONGRUENT_CONTEXT,0.80,88,176,0,0,,0.0,0.0,,,"[null, null]",0,0,0.0,"[null, null]",0.0,"[0.0, 0.0418270666648922]",0.49886363636363634,0.49886363636363634,0.0,"[0.0, 0.0]",,0.3409090909090909,0.3409090909090909,0.9431818181818182,0.9431818181818182,0.0,0,0,1.0,1.0,0,
track1_5ch,acquisitionCampaignGroup,M35_CONSERVATIVE,FIXED,INCONGRUENT_CONTEXT,0.85,88,176,0,0,,0.0,0.0,,,"[null, null]",0,0,0.0,"[null, null]",0.0,"[0.0, 0.0418270666648922]",0.49886363636363634,0.49886363636363634,0.0,"[0.0, 0.0]",,0.3409090909090909,0.3409090909090909,0.9431818181818182,0.9431818181818182,0.0,0,0,1.0,1.0,0,
track1_5ch,acquisitionCampaignGroup,M35_CONSERVATIVE,FIXED,INCONGRUENT_CONTEXT,0.90,88,176,0,0,,0.0,0.0,,,"[null, null]",0,0,0.0,"[null, null]",0.0,"[0.0, 0.0418270666648922]",0.49886363636363634,0.49886363636363634,0.0,"[0.0, 0.0]",,0.3409090909090909,0.3409090909090909,0.9431818181818182,0.9431818181818182,0.0,0,0,1.0,1.0,0,
track1_5ch,acquisitionCampaignGroup,M35_CONSERVATIVE,FIXED,INCONGRUENT_CONTEXT,0.95,88,176,0,0,,0.0,0.0,,,"[null, null]",0,0,0.0,"[null, null]",0.0,"[0.0, 0.0418270666648922]",0.49886363636363634,0.49886363636363634,0.0,"[0.0, 0.0]",,0.3409090909090909,0.3409090909090909,0.9431818181818182,0.9431818181818182,0.0,0,0,1.0,1.0,0,
track1_5ch,acquisitionCampaignGroup,M36_LOGISTIC_SAFE_GATE,SAFE-95,INCONGRUENT_CONTEXT,0.45,88,176,0,0,,0.0,0.0,,,"[null, null]",0,0,0.0,"[null, null]",0.0,"[0.0, 0.0418270666648922]",0.49886363636363634,0.49886363636363634,0.0,"[0.0, 0.0]",,0.3409090909090909,0.3409090909090909,0.9431818181818182,0.9431818181818182,0.0,0,0,1.0,1.0,0,False
track1_5ch,acquisitionCampaignGroup,M36_LOGISTIC_SAFE_GATE,SAFE-95,INCONGRUENT_CONTEXT,0.50,88,176,0,0,,0.0,0.0,,,"[null, null]",0,0,0.0,"[null, null]",0.0,"[0.0, 0.0418270666648922]",0.49886363636363634,0.49886363636363634,0.0,"[0.0, 0.0]",,0.3409090909090909,0.3409090909090909,0.9431818181818182,0.9431818181818182,0.0,0,0,1.0,1.0,0,False
track1_5ch,acquisitionCampaignGroup,M36_LOGISTIC_SAFE_GATE,SAFE-95,INCONGRUENT_CONTEXT,0.55,88,176,0,0,,0.0,0.0,,,"[null, null]",0,0,0.0,"[null, null]",0.0,"[0.0, 0.0418270666648922]",0.49886363636363634,0.49886363636363634,0.0,"[0.0, 0.0]",,0.3409090909090909,0.3409090909090909,0.9431818181818182,0.9431818181818182,0.0,0,0,1.0,1.0,0,False
track1_5ch,acquisitionCampaignGroup,M36_LOGISTIC_SAFE_GATE,SAFE-95,INCONGRUENT_CONTEXT,0.60,88,176,0,0,,0.0,0.0,,,"[null, null]",0,0,0.0,"[null, null]",0.0,"[0.0, 0.0418270666648922]",0.49886363636363634,0.49886363636363634,0.0,"[0.0, 0.0]",,0.3409090909090909,0.3409090909090909,0.9431818181818182,0.9431818181818182,0.0,0,0,1.0,1.0,0,False
track1_5ch,acquisitionCampaignGroup,M36_LOGISTIC_SAFE_GATE,SAFE-95,INCONGRUENT_CONTEXT,0.65,88,176,0,0,,0.0,0.0,,,"[null, null]",0,0,0.0,"[null, null]",0.0,"[0.0, 0.0418270666648922]",0.49886363636363634,0.49886363636363634,0.0,"[0.0, 0.0]",,0.3409090909090909,0.3409090909090909,0.9431818181818182,0.9431818181818182,0.0,0,0,1.0,1.0,0,False
track1_5ch,acquisitionCampaignGroup,M36_LOGISTIC_SAFE_GATE,SAFE-95,INCONGRUENT_CONTEXT,0.70,88,176,0,0,,0.0,0.0,,,"[null, null]",0,0,0.0,"[null, null]",0.0,"[0.0, 0.0418270666648922]",0.49886363636363634,0.49886363636363634,0.0,"[0.0, 0.0]",,0.3409090909090909,0.3409090909090909,0.9431818181818182,0.9431818181818182,0.0,0,0,1.0,1.0,0,False
track1_5ch,acquisitionCampaignGroup,M36_LOGISTIC_SAFE_GATE,SAFE-95,INCONGRUENT_CONTEXT,0.75,88,176,0,0,,0.0,0.0,,,"[null, null]",0,0,0.0,"[null, null]",0.0,"[0.0, 0.0418270666648922]",0.49886363636363634,0.49886363636363634,0.0,"[0.0, 0.0]",,0.3409090909090909,0.3409090909090909,0.9431818181818182,0.9431818181818182,0.0,0,0,1.0,1.0,0,False
track1_5ch,acquisitionCampaignGroup,M36_LOGISTIC_SAFE_GATE,SAFE-95,INCONGRUENT_CONTEXT,0.80,88,176,0,0,,0.0,0.0,,,"[null, null]",0,0,0.0,"[null, null]",0.0,"[0.0, 0.0418270666648922]",0.49886363636363634,0.49886363636363634,0.0,"[0.0, 0.0]",,0.3409090909090909,0.3409090909090909,0.9431818181818182,0.9431818181818182,0.0,0,0,1.0,1.0,0,False
track1_5ch,acquisitionCampaignGroup,M36_LOGISTIC_SAFE_GATE,SAFE-95,INCONGRUENT_CONTEXT,0.85,88,176,0,0,,0.0,0.0,,,"[null, null]",0,0,0.0,"[null, null]",0.0,"[0.0, 0.0418270666648922]",0.49886363636363634,0.49886363636363634,0.0,"[0.0, 0.0]",,0.3409090909090909,0.3409090909090909,0.9431818181818182,0.9431818181818182,0.0,0,0,1.0,1.0,0,False
track1_5ch,acquisitionCampaignGroup,M36_LOGISTIC_SAFE_GATE,SAFE-95,INCONGRUENT_CONTEXT,0.90,88,176,0,0,,0.0,0.0,,,"[null, null]",0,0,0.0,"[null, null]",0.0,"[0.0, 0.0418270666648922]",0.49886363636363634,0.49886363636363634,0.0,"[0.0, 0.0]",,0.3409090909090909,0.3409090909090909,0.9431818181818182,0.9431818181818182,0.0,0,0,1.0,1.0,0,False
track1_5ch,acquisitionCampaignGroup,M36_LOGISTIC_SAFE_GATE,SAFE-95,INCONGRUENT_CONTEXT,0.95,88,176,0,0,,0.0,0.0,,,"[null, null]",0,0,0.0,"[null, null]",0.0,"[0.0, 0.0418270666648922]",0.49886363636363634,0.49886363636363634,0.0,"[0.0, 0.0]",,0.3409090909090909,0.3409090909090909,0.9431818181818182,0.9431818181818182,0.0,0,0,1.0,1.0,0,False
track1_5ch,acquisitionCampaignGroup,M36_LOGISTIC_SAFE_GATE,SAFE-99,INCONGRUENT_CONTEXT,0.45,88,176,0,0,,0.0,0.0,,,"[null, null]",0,0,0.0,"[null, null]",0.0,"[0.0, 0.0418270666648922]",0.49886363636363634,0.49886363636363634,0.0,"[0.0, 0.0]",,0.3409090909090909,0.3409090909090909,0.9431818181818182,0.9431818181818182,0.0,0,0,1.0,1.0,0,False
track1_5ch,acquisitionCampaignGroup,M36_LOGISTIC_SAFE_GATE,SAFE-99,INCONGRUENT_CONTEXT,0.50,88,176,0,0,,0.0,0.0,,,"[null, null]",0,0,0.0,"[null, null]",0.0,"[0.0, 0.0418270666648922]",0.49886363636363634,0.49886363636363634,0.0,"[0.0, 0.0]",,0.3409090909090909,0.3409090909090909,0.9431818181818182,0.9431818181818182,0.0,0,0,1.0,1.0,0,False
track1_5ch,acquisitionCampaignGroup,M36_LOGISTIC_SAFE_GATE,SAFE-99,INCONGRUENT_CONTEXT,0.55,88,176,0,0,,0.0,0.0,,,"[null, null]",0,0,0.0,"[null, null]",0.0,"[0.0, 0.0418270666648922]",0.49886363636363634,0.49886363636363634,0.0,"[0.0, 0.0]",,0.3409090909090909,0.3409090909090909,0.9431818181818182,0.9431818181818182,0.0,0,0,1.0,1.0,0,False
track1_5ch,acquisitionCampaignGroup,M36_LOGISTIC_SAFE_GATE,SAFE-99,INCONGRUENT_CONTEXT,0.60,88,176,0,0,,0.0,0.0,,,"[null, null]",0,0,0.0,"[null, null]",0.0,"[0.0, 0.0418270666648922]",0.49886363636363634,0.49886363636363634,0.0,"[0.0, 0.0]",,0.3409090909090909,0.3409090909090909,0.9431818181818182,0.9431818181818182,0.0,0,0,1.0,1.0,0,False
track1_5ch,acquisitionCampaignGroup,M36_LOGISTIC_SAFE_GATE,SAFE-99,INCONGRUENT_CONTEXT,0.65,88,176,0,0,,0.0,0.0,,,"[null, null]",0,0,0.0,"[null, null]",0.0,"[0.0, 0.0418270666648922]",0.49886363636363634,0.49886363636363634,0.0,"[0.0, 0.0]",,0.3409090909090909,0.3409090909090909,0.9431818181818182,0.9431818181818182,0.0,0,0,1.0,1.0,0,False
track1_5ch,acquisitionCampaignGroup,M36_LOGISTIC_SAFE_GATE,SAFE-99,INCONGRUENT_CONTEXT,0.70,88,176,0,0,,0.0,0.0,,,"[null, null]",0,0,0.0,"[null, null]",0.0,"[0.0, 0.0418270666648922]",0.49886363636363634,0.49886363636363634,0.0,"[0.0, 0.0]",,0.3409090909090909,0.3409090909090909,0.9431818181818182,0.9431818181818182,0.0,0,0,1.0,1.0,0,False
track1_5ch,acquisitionCampaignGroup,M36_LOGISTIC_SAFE_GATE,SAFE-99,INCONGRUENT_CONTEXT,0.75,88,176,0,0,,0.0,0.0,,,"[null, null]",0,0,0.0,"[null, null]",0.0,"[0.0, 0.0418270666648922]",0.49886363636363634,0.49886363636363634,0.0,"[0.0, 0.0]",,0.3409090909090909,0.3409090909090909,0.9431818181818182,0.9431818181818182,0.0,0,0,1.0,1.0,0,False
track1_5ch,acquisitionCampaignGroup,M36_LOGISTIC_SAFE_GATE,SAFE-99,INCONGRUENT_CONTEXT,0.80,88,176,0,0,,0.0,0.0,,,"[null, null]",0,0,0.0,"[null, null]",0.0,"[0.0, 0.0418270666648922]",0.49886363636363634,0.49886363636363634,0.0,"[0.0, 0.0]",,0.3409090909090909,0.3409090909090909,0.9431818181818182,0.9431818181818182,0.0,0,0,1.0,1.0,0,False
track1_5ch,acquisitionCampaignGroup,M36_LOGISTIC_SAFE_GATE,SAFE-99,INCONGRUENT_CONTEXT,0.85,88,176,0,0,,0.0,0.0,,,"[null, null]",0,0,0.0,"[null, null]",0.0,"[0.0, 0.0418270666648922]",0.49886363636363634,0.49886363636363634,0.0,"[0.0, 0.0]",,0.3409090909090909,0.3409090909090909,0.9431818181818182,0.9431818181818182,0.0,0,0,1.0,1.0,0,False
track1_5ch,acquisitionCampaignGroup,M36_LOGISTIC_SAFE_GATE,SAFE-99,INCONGRUENT_CONTEXT,0.90,88,176,0,0,,0.0,0.0,,,"[null, null]",0,0,0.0,"[null, null]",0.0,"[0.0, 0.0418270666648922]",0.49886363636363634,0.49886363636363634,0.0,"[0.0, 0.0]",,0.3409090909090909,0.3409090909090909,0.9431818181818182,0.9431818181818182,0.0,0,0,1.0,1.0,0,False
track1_5ch,acquisitionCampaignGroup,M36_LOGISTIC_SAFE_GATE,SAFE-99,INCONGRUENT_CONTEXT,0.95,88,176,0,0,,0.0,0.0,,,"[null, null]",0,0,0.0,"[null, null]",0.0,"[0.0, 0.0418270666648922]",0.49886363636363634,0.49886363636363634,0.0,"[0.0, 0.0]",,0.3409090909090909,0.3409090909090909,0.9431818181818182,0.9431818181818182,0.0,0,0,1.0,1.0,0,False
track1_5ch,acquisitionCampaignGroup,M36_LOGISTIC_SAFE_GATE,SAFE-STRICT,INCONGRUENT_CONTEXT,0.45,88,176,0,0,,0.0,0.0,,,"[null, null]",0,0,0.0,"[null, null]",0.0,"[0.0, 0.0418270666648922]",0.49886363636363634,0.49886363636363634,0.0,"[0.0, 0.0]",,0.3409090909090909,0.3409090909090909,0.9431818181818182,0.9431818181818182,0.0,0,0,1.0,1.0,0,False
track1_5ch,acquisitionCampaignGroup,M36_LOGISTIC_SAFE_GATE,SAFE-STRICT,INCONGRUENT_CONTEXT,0.50,88,176,0,0,,0.0,0.0,,,"[null, null]",0,0,0.0,"[null, null]",0.0,"[0.0, 0.0418270666648922]",0.49886363636363634,0.49886363636363634,0.0,"[0.0, 0.0]",,0.3409090909090909,0.3409090909090909,0.9431818181818182,0.9431818181818182,0.0,0,0,1.0,1.0,0,False
track1_5ch,acquisitionCampaignGroup,M36_LOGISTIC_SAFE_GATE,SAFE-STRICT,INCONGRUENT_CONTEXT,0.55,88,176,0,0,,0.0,0.0,,,"[null, null]",0,0,0.0,"[null, null]",0.0,"[0.0, 0.0418270666648922]",0.49886363636363634,0.49886363636363634,0.0,"[0.0, 0.0]",,0.3409090909090909,0.3409090909090909,0.9431818181818182,0.9431818181818182,0.0,0,0,1.0,1.0,0,False
track1_5ch,acquisitionCampaignGroup,M36_LOGISTIC_SAFE_GATE,SAFE-STRICT,INCONGRUENT_CONTEXT,0.60,88,176,0,0,,0.0,0.0,,,"[null, null]",0,0,0.0,"[null, null]",0.0,"[0.0, 0.0418270666648922]",0.49886363636363634,0.49886363636363634,0.0,"[0.0, 0.0]",,0.3409090909090909,0.3409090909090909,0.9431818181818182,0.9431818181818182,0.0,0,0,1.0,1.0,0,False
track1_5ch,acquisitionCampaignGroup,M36_LOGISTIC_SAFE_GATE,SAFE-STRICT,INCONGRUENT_CONTEXT,0.65,88,176,0,0,,0.0,0.0,,,"[null, null]",0,0,0.0,"[null, null]",0.0,"[0.0, 0.0418270666648922]",0.49886363636363634,0.49886363636363634,0.0,"[0.0, 0.0]",,0.3409090909090909,0.3409090909090909,0.9431818181818182,0.9431818181818182,0.0,0,0,1.0,1.0,0,False
track1_5ch,acquisitionCampaignGroup,M36_LOGISTIC_SAFE_GATE,SAFE-STRICT,INCONGRUENT_CONTEXT,0.70,88,176,0,0,,0.0,0.0,,,"[null, null]",0,0,0.0,"[null, null]",0.0,"[0.0, 0.0418270666648922]",0.49886363636363634,0.49886363636363634,0.0,"[0.0, 0.0]",,0.3409090909090909,0.3409090909090909,0.9431818181818182,0.9431818181818182,0.0,0,0,1.0,1.0,0,False
track1_5ch,acquisitionCampaignGroup,M36_LOGISTIC_SAFE_GATE,SAFE-STRICT,INCONGRUENT_CONTEXT,0.75,88,176,0,0,,0.0,0.0,,,"[null, null]",0,0,0.0,"[null, null]",0.0,"[0.0, 0.0418270666648922]",0.49886363636363634,0.49886363636363634,0.0,"[0.0, 0.0]",,0.3409090909090909,0.3409090909090909,0.9431818181818182,0.9431818181818182,0.0,0,0,1.0,1.0,0,False
track1_5ch,acquisitionCampaignGroup,M36_LOGISTIC_SAFE_GATE,SAFE-STRICT,INCONGRUENT_CONTEXT,0.80,88,176,0,0,,0.0,0.0,,,"[null, null]",0,0,0.0,"[null, null]",0.0,"[0.0, 0.0418270666648922]",0.49886363636363634,0.49886363636363634,0.0,"[0.0, 0.0]",,0.3409090909090909,0.3409090909090909,0.9431818181818182,0.9431818181818182,0.0,0,0,1.0,1.0,0,False
track1_5ch,acquisitionCampaignGroup,M36_LOGISTIC_SAFE_GATE,SAFE-STRICT,INCONGRUENT_CONTEXT,0.85,88,176,0,0,,0.0,0.0,,,"[null, null]",0,0,0.0,"[null, null]",0.0,"[0.0, 0.0418270666648922]",0.49886363636363634,0.49886363636363634,0.0,"[0.0, 0.0]",,0.3409090909090909,0.3409090909090909,0.9431818181818182,0.9431818181818182,0.0,0,0,1.0,1.0,0,False
track1_5ch,acquisitionCampaignGroup,M36_LOGISTIC_SAFE_GATE,SAFE-STRICT,INCONGRUENT_CONTEXT,0.90,88,176,0,0,,0.0,0.0,,,"[null, null]",0,0,0.0,"[null, null]",0.0,"[0.0, 0.0418270666648922]",0.49886363636363634,0.49886363636363634,0.0,"[0.0, 0.0]",,0.3409090909090909,0.3409090909090909,0.9431818181818182,0.9431818181818182,0.0,0,0,1.0,1.0,0,False
track1_5ch,acquisitionCampaignGroup,M36_LOGISTIC_SAFE_GATE,SAFE-STRICT,INCONGRUENT_CONTEXT,0.95,88,176,0,0,,0.0,0.0,,,"[null, null]",0,0,0.0,"[null, null]",0.0,"[0.0, 0.0418270666648922]",0.49886363636363634,0.49886363636363634,0.0,"[0.0, 0.0]",,0.3409090909090909,0.3409090909090909,0.9431818181818182,0.9431818181818182,0.0,0,0,1.0,1.0,0,False
track1_5ch,acquisitionCampaignGroup,M36_LOGISTIC_VIEW_GUARDED,SAFE-95,INCONGRUENT_CONTEXT,0.45,88,176,1,1,,0.005681818181818182,0.011363636363636364,0.0,0.0,"[0.0, 0.7934506856227626]",1,1,1.0,"[0.20654931437723745, 1.0]",0.011363636363636364,"[0.0020087853177044694, 0.061594938922985634]",0.4980113636363636,0.49886363636363634,0.0008522727272727274,"[0.0, 0.0025568181818181822]",0.15000000000000002,0.3465909090909091,0.3465909090909091,0.9375,0.9318181818181818,-0.011363636363636364,1,0,1.0,0.9943181818181818,0,False
track1_5ch,acquisitionCampaignGroup,M36_LOGISTIC_VIEW_GUARDED,SAFE-95,INCONGRUENT_CONTEXT,0.50,88,176,1,1,,0.005681818181818182,0.011363636363636364,0.0,0.0,"[0.0, 0.7934506856227626]",1,1,1.0,"[0.20654931437723745, 1.0]",0.011363636363636364,"[0.0020087853177044694, 0.061594938922985634]",0.4980113636363636,0.49886363636363634,0.0008522727272727274,"[0.0, 0.0025568181818181822]",0.15000000000000002,0.3465909090909091,0.3465909090909091,0.9375,0.9318181818181818,-0.011363636363636364,1,0,1.0,0.9943181818181818,0,False
track1_5ch,acquisitionCampaignGroup,M36_LOGISTIC_VIEW_GUARDED,SAFE-95,INCONGRUENT_CONTEXT,0.55,88,176,1,1,,0.005681818181818182,0.011363636363636364,0.0,0.0,"[0.0, 0.7934506856227626]",1,1,1.0,"[0.20654931437723745, 1.0]",0.011363636363636364,"[0.0020087853177044694, 0.061594938922985634]",0.4980113636363636,0.49886363636363634,0.0008522727272727274,"[0.0, 0.0025568181818181822]",0.15000000000000002,0.3465909090909091,0.3465909090909091,0.9375,0.9318181818181818,-0.011363636363636364,1,0,1.0,0.9943181818181818,0,False
track1_5ch,acquisitionCampaignGroup,M36_LOGISTIC_VIEW_GUARDED,SAFE-95,INCONGRUENT_CONTEXT,0.60,88,176,1,1,,0.005681818181818182,0.011363636363636364,0.0,0.0,"[0.0, 0.7934506856227626]",1,1,1.0,"[0.20654931437723745, 1.0]",0.011363636363636364,"[0.0020087853177044694, 0.061594938922985634]",0.4980113636363636,0.49886363636363634,0.0008522727272727274,"[0.0, 0.0025568181818181822]",0.15000000000000002,0.3465909090909091,0.3465909090909091,0.9375,0.9318181818181818,-0.011363636363636364,1,0,1.0,0.9943181818181818,0,False
track1_5ch,acquisitionCampaignGroup,M36_LOGISTIC_VIEW_GUARDED,SAFE-95,INCONGRUENT_CONTEXT,0.65,88,176,1,1,,0.005681818181818182,0.011363636363636364,0.0,0.0,"[0.0, 0.7934506856227626]",1,1,1.0,"[0.20654931437723745, 1.0]",0.011363636363636364,"[0.0020087853177044694, 0.061594938922985634]",0.4980113636363636,0.49886363636363634,0.0008522727272727274,"[0.0, 0.0025568181818181822]",0.15000000000000002,0.3465909090909091,0.3465909090909091,0.9375,0.9318181818181818,-0.011363636363636364,1,0,1.0,0.9943181818181818,0,False
track1_5ch,acquisitionCampaignGroup,M36_LOGISTIC_VIEW_GUARDED,SAFE-95,INCONGRUENT_CONTEXT,0.70,88,176,1,1,,0.005681818181818182,0.011363636363636364,0.0,0.0,"[0.0, 0.7934506856227626]",1,1,1.0,"[0.20654931437723745, 1.0]",0.011363636363636364,"[0.0020087853177044694, 0.061594938922985634]",0.4980113636363636,0.49886363636363634,0.0008522727272727274,"[0.0, 0.0025568181818181822]",0.15000000000000002,0.3465909090909091,0.3465909090909091,0.9375,0.9318181818181818,-0.011363636363636364,1,0,1.0,0.9943181818181818,0,False
track1_5ch,acquisitionCampaignGroup,M36_LOGISTIC_VIEW_GUARDED,SAFE-95,INCONGRUENT_CONTEXT,0.75,88,176,1,1,,0.005681818181818182,0.011363636363636364,0.0,0.0,"[0.0, 0.7934506856227626]",1,1,1.0,"[0.20654931437723745, 1.0]",0.011363636363636364,"[0.0020087853177044694, 0.061594938922985634]",0.4980113636363636,0.49886363636363634,0.0008522727272727274,"[0.0, 0.0025568181818181822]",0.15000000000000002,0.3465909090909091,0.3465909090909091,0.9375,0.9318181818181818,-0.011363636363636364,1,0,1.0,0.9943181818181818,0,False
track1_5ch,acquisitionCampaignGroup,M36_LOGISTIC_VIEW_GUARDED,SAFE-95,INCONGRUENT_CONTEXT,0.80,88,176,1,1,,0.005681818181818182,0.011363636363636364,0.0,0.0,"[0.0, 0.7934506856227626]",1,1,1.0,"[0.20654931437723745, 1.0]",0.011363636363636364,"[0.0020087853177044694, 0.061594938922985634]",0.4980113636363636,0.49886363636363634,0.0008522727272727274,"[0.0, 0.0025568181818181822]",0.15000000000000002,0.3465909090909091,0.3465909090909091,0.9375,0.9318181818181818,-0.011363636363636364,1,0,1.0,0.9943181818181818,0,False
track1_5ch,acquisitionCampaignGroup,M36_LOGISTIC_VIEW_GUARDED,SAFE-95,INCONGRUENT_CONTEXT,0.85,88,176,1,1,,0.005681818181818182,0.011363636363636364,0.0,0.0,"[0.0, 0.7934506856227626]",1,1,1.0,"[0.20654931437723745, 1.0]",0.011363636363636364,"[0.0020087853177044694, 0.061594938922985634]",0.4980113636363636,0.49886363636363634,0.0008522727272727274,"[0.0, 0.0025568181818181822]",0.15000000000000002,0.3465909090909091,0.3465909090909091,0.9375,0.9318181818181818,-0.011363636363636364,1,0,1.0,0.9943181818181818,0,False
track1_5ch,acquisitionCampaignGroup,M36_LOGISTIC_VIEW_GUARDED,SAFE-95,INCONGRUENT_CONTEXT,0.90,88,176,1,1,,0.005681818181818182,0.011363636363636364,0.0,0.0,"[0.0, 0.7934506856227626]",1,1,1.0,"[0.20654931437723745, 1.0]",0.011363636363636364,"[0.0020087853177044694, 0.061594938922985634]",0.4980113636363636,0.49886363636363634,0.0008522727272727274,"[0.0, 0.0025568181818181822]",0.15000000000000002,0.3465909090909091,0.3465909090909091,0.9375,0.9318181818181818,-0.011363636363636364,1,0,1.0,0.9943181818181818,0,False
track1_5ch,acquisitionCampaignGroup,M36_LOGISTIC_VIEW_GUARDED,SAFE-95,INCONGRUENT_CONTEXT,0.95,88,176,1,1,,0.005681818181818182,0.011363636363636364,0.0,0.0,"[0.0, 0.7934506856227626]",1,1,1.0,"[0.20654931437723745, 1.0]",0.011363636363636364,"[0.0020087853177044694, 0.061594938922985634]",0.4980113636363636,0.49886363636363634,0.0008522727272727274,"[0.0, 0.0025568181818181822]",0.15000000000000002,0.3465909090909091,0.3465909090909091,0.9375,0.9318181818181818,-0.011363636363636364,1,0,1.0,0.9943181818181818,0,False
track1_5ch,acquisitionCampaignGroup,M36_LOGISTIC_VIEW_GUARDED,SAFE-99,INCONGRUENT_CONTEXT,0.45,88,176,1,1,,0.005681818181818182,0.011363636363636364,0.0,0.0,"[0.0, 0.7934506856227626]",1,1,1.0,"[0.20654931437723745, 1.0]",0.011363636363636364,"[0.0020087853177044694, 0.061594938922985634]",0.4980113636363636,0.49886363636363634,0.0008522727272727274,"[0.0, 0.0025568181818181822]",0.15000000000000002,0.3465909090909091,0.3465909090909091,0.9375,0.9318181818181818,-0.011363636363636364,1,0,1.0,0.9943181818181818,0,False
track1_5ch,acquisitionCampaignGroup,M36_LOGISTIC_VIEW_GUARDED,SAFE-99,INCONGRUENT_CONTEXT,0.50,88,176,1,1,,0.005681818181818182,0.011363636363636364,0.0,0.0,"[0.0, 0.7934506856227626]",1,1,1.0,"[0.20654931437723745, 1.0]",0.011363636363636364,"[0.0020087853177044694, 0.061594938922985634]",0.4980113636363636,0.49886363636363634,0.0008522727272727274,"[0.0, 0.0025568181818181822]",0.15000000000000002,0.3465909090909091,0.3465909090909091,0.9375,0.9318181818181818,-0.011363636363636364,1,0,1.0,0.9943181818181818,0,False
track1_5ch,acquisitionCampaignGroup,M36_LOGISTIC_VIEW_GUARDED,SAFE-99,INCONGRUENT_CONTEXT,0.55,88,176,1,1,,0.005681818181818182,0.011363636363636364,0.0,0.0,"[0.0, 0.7934506856227626]",1,1,1.0,"[0.20654931437723745, 1.0]",0.011363636363636364,"[0.0020087853177044694, 0.061594938922985634]",0.4980113636363636,0.49886363636363634,0.0008522727272727274,"[0.0, 0.0025568181818181822]",0.15000000000000002,0.3465909090909091,0.3465909090909091,0.9375,0.9318181818181818,-0.011363636363636364,1,0,1.0,0.9943181818181818,0,False
track1_5ch,acquisitionCampaignGroup,M36_LOGISTIC_VIEW_GUARDED,SAFE-99,INCONGRUENT_CONTEXT,0.60,88,176,1,1,,0.005681818181818182,0.011363636363636364,0.0,0.0,"[0.0, 0.7934506856227626]",1,1,1.0,"[0.20654931437723745, 1.0]",0.011363636363636364,"[0.0020087853177044694, 0.061594938922985634]",0.4980113636363636,0.49886363636363634,0.0008522727272727274,"[0.0, 0.0025568181818181822]",0.15000000000000002,0.3465909090909091,0.3465909090909091,0.9375,0.9318181818181818,-0.011363636363636364,1,0,1.0,0.9943181818181818,0,False
track1_5ch,acquisitionCampaignGroup,M36_LOGISTIC_VIEW_GUARDED,SAFE-99,INCONGRUENT_CONTEXT,0.65,88,176,1,1,,0.005681818181818182,0.011363636363636364,0.0,0.0,"[0.0, 0.7934506856227626]",1,1,1.0,"[0.20654931437723745, 1.0]",0.011363636363636364,"[0.0020087853177044694, 0.061594938922985634]",0.4980113636363636,0.49886363636363634,0.0008522727272727274,"[0.0, 0.0025568181818181822]",0.15000000000000002,0.3465909090909091,0.3465909090909091,0.9375,0.9318181818181818,-0.011363636363636364,1,0,1.0,0.9943181818181818,0,False
track1_5ch,acquisitionCampaignGroup,M36_LOGISTIC_VIEW_GUARDED,SAFE-99,INCONGRUENT_CONTEXT,0.70,88,176,1,1,,0.005681818181818182,0.011363636363636364,0.0,0.0,"[0.0, 0.7934506856227626]",1,1,1.0,"[0.20654931437723745, 1.0]",0.011363636363636364,"[0.0020087853177044694, 0.061594938922985634]",0.4980113636363636,0.49886363636363634,0.0008522727272727274,"[0.0, 0.0025568181818181822]",0.15000000000000002,0.3465909090909091,0.3465909090909091,0.9375,0.9318181818181818,-0.011363636363636364,1,0,1.0,0.9943181818181818,0,False
track1_5ch,acquisitionCampaignGroup,M36_LOGISTIC_VIEW_GUARDED,SAFE-99,INCONGRUENT_CONTEXT,0.75,88,176,1,1,,0.005681818181818182,0.011363636363636364,0.0,0.0,"[0.0, 0.7934506856227626]",1,1,1.0,"[0.20654931437723745, 1.0]",0.011363636363636364,"[0.0020087853177044694, 0.061594938922985634]",0.4980113636363636,0.49886363636363634,0.0008522727272727274,"[0.0, 0.0025568181818181822]",0.15000000000000002,0.3465909090909091,0.3465909090909091,0.9375,0.9318181818181818,-0.011363636363636364,1,0,1.0,0.9943181818181818,0,False
track1_5ch,acquisitionCampaignGroup,M36_LOGISTIC_VIEW_GUARDED,SAFE-99,INCONGRUENT_CONTEXT,0.80,88,176,1,1,,0.005681818181818182,0.011363636363636364,0.0,0.0,"[0.0, 0.7934506856227626]",1,1,1.0,"[0.20654931437723745, 1.0]",0.011363636363636364,"[0.0020087853177044694, 0.061594938922985634]",0.4980113636363636,0.49886363636363634,0.0008522727272727274,"[0.0, 0.0025568181818181822]",0.15000000000000002,0.3465909090909091,0.3465909090909091,0.9375,0.9318181818181818,-0.011363636363636364,1,0,1.0,0.9943181818181818,0,False
track1_5ch,acquisitionCampaignGroup,M36_LOGISTIC_VIEW_GUARDED,SAFE-99,INCONGRUENT_CONTEXT,0.85,88,176,1,1,,0.005681818181818182,0.011363636363636364,0.0,0.0,"[0.0, 0.7934506856227626]",1,1,1.0,"[0.20654931437723745, 1.0]",0.011363636363636364,"[0.0020087853177044694, 0.061594938922985634]",0.4980113636363636,0.49886363636363634,0.0008522727272727274,"[0.0, 0.0025568181818181822]",0.15000000000000002,0.3465909090909091,0.3465909090909091,0.9375,0.9318181818181818,-0.011363636363636364,1,0,1.0,0.9943181818181818,0,False
track1_5ch,acquisitionCampaignGroup,M36_LOGISTIC_VIEW_GUARDED,SAFE-99,INCONGRUENT_CONTEXT,0.90,88,176,1,1,,0.005681818181818182,0.011363636363636364,0.0,0.0,"[0.0, 0.7934506856227626]",1,1,1.0,"[0.20654931437723745, 1.0]",0.011363636363636364,"[0.0020087853177044694, 0.061594938922985634]",0.4980113636363636,0.49886363636363634,0.0008522727272727274,"[0.0, 0.0025568181818181822]",0.15000000000000002,0.3465909090909091,0.3465909090909091,0.9375,0.9318181818181818,-0.011363636363636364,1,0,1.0,0.9943181818181818,0,False
track1_5ch,acquisitionCampaignGroup,M36_LOGISTIC_VIEW_GUARDED,SAFE-99,INCONGRUENT_CONTEXT,0.95,88,176,1,1,,0.005681818181818182,0.011363636363636364,0.0,0.0,"[0.0, 0.7934506856227626]",1,1,1.0,"[0.20654931437723745, 1.0]",0.011363636363636364,"[0.0020087853177044694, 0.061594938922985634]",0.4980113636363636,0.49886363636363634,0.0008522727272727274,"[0.0, 0.0025568181818181822]",0.15000000000000002,0.3465909090909091,0.3465909090909091,0.9375,0.9318181818181818,-0.011363636363636364,1,0,1.0,0.9943181818181818,0,False
track1_5ch,acquisitionCampaignGroup,M36_LOGISTIC_VIEW_GUARDED,SAFE-STRICT,INCONGRUENT_CONTEXT,0.45,88,176,1,1,,0.005681818181818182,0.011363636363636364,0.0,0.0,"[0.0, 0.7934506856227626]",1,1,1.0,"[0.20654931437723745, 1.0]",0.011363636363636364,"[0.0020087853177044694, 0.061594938922985634]",0.4980113636363636,0.49886363636363634,0.0008522727272727274,"[0.0, 0.0025568181818181822]",0.15000000000000002,0.3465909090909091,0.3465909090909091,0.9375,0.9318181818181818,-0.011363636363636364,1,0,1.0,0.9943181818181818,0,False
track1_5ch,acquisitionCampaignGroup,M36_LOGISTIC_VIEW_GUARDED,SAFE-STRICT,INCONGRUENT_CONTEXT,0.50,88,176,1,1,,0.005681818181818182,0.011363636363636364,0.0,0.0,"[0.0, 0.7934506856227626]",1,1,1.0,"[0.20654931437723745, 1.0]",0.011363636363636364,"[0.0020087853177044694, 0.061594938922985634]",0.4980113636363636,0.49886363636363634,0.0008522727272727274,"[0.0, 0.0025568181818181822]",0.15000000000000002,0.3465909090909091,0.3465909090909091,0.9375,0.9318181818181818,-0.011363636363636364,1,0,1.0,0.9943181818181818,0,False
track1_5ch,acquisitionCampaignGroup,M36_LOGISTIC_VIEW_GUARDED,SAFE-STRICT,INCONGRUENT_CONTEXT,0.55,88,176,1,1,,0.005681818181818182,0.011363636363636364,0.0,0.0,"[0.0, 0.7934506856227626]",1,1,1.0,"[0.20654931437723745, 1.0]",0.011363636363636364,"[0.0020087853177044694, 0.061594938922985634]",0.4980113636363636,0.49886363636363634,0.0008522727272727274,"[0.0, 0.0025568181818181822]",0.15000000000000002,0.3465909090909091,0.3465909090909091,0.9375,0.9318181818181818,-0.011363636363636364,1,0,1.0,0.9943181818181818,0,False
track1_5ch,acquisitionCampaignGroup,M36_LOGISTIC_VIEW_GUARDED,SAFE-STRICT,INCONGRUENT_CONTEXT,0.60,88,176,1,1,,0.005681818181818182,0.011363636363636364,0.0,0.0,"[0.0, 0.7934506856227626]",1,1,1.0,"[0.20654931437723745, 1.0]",0.011363636363636364,"[0.0020087853177044694, 0.061594938922985634]",0.4980113636363636,0.49886363636363634,0.0008522727272727274,"[0.0, 0.0025568181818181822]",0.15000000000000002,0.3465909090909091,0.3465909090909091,0.9375,0.9318181818181818,-0.011363636363636364,1,0,1.0,0.9943181818181818,0,False
track1_5ch,acquisitionCampaignGroup,M36_LOGISTIC_VIEW_GUARDED,SAFE-STRICT,INCONGRUENT_CONTEXT,0.65,88,176,1,1,,0.005681818181818182,0.011363636363636364,0.0,0.0,"[0.0, 0.7934506856227626]",1,1,1.0,"[0.20654931437723745, 1.0]",0.011363636363636364,"[0.0020087853177044694, 0.061594938922985634]",0.4980113636363636,0.49886363636363634,0.0008522727272727274,"[0.0, 0.0025568181818181822]",0.15000000000000002,0.3465909090909091,0.3465909090909091,0.9375,0.9318181818181818,-0.011363636363636364,1,0,1.0,0.9943181818181818,0,False
track1_5ch,acquisitionCampaignGroup,M36_LOGISTIC_VIEW_GUARDED,SAFE-STRICT,INCONGRUENT_CONTEXT,0.70,88,176,1,1,,0.005681818181818182,0.011363636363636364,0.0,0.0,"[0.0, 0.7934506856227626]",1,1,1.0,"[0.20654931437723745, 1.0]",0.011363636363636364,"[0.0020087853177044694, 0.061594938922985634]",0.4980113636363636,0.49886363636363634,0.0008522727272727274,"[0.0, 0.0025568181818181822]",0.15000000000000002,0.3465909090909091,0.3465909090909091,0.9375,0.9318181818181818,-0.011363636363636364,1,0,1.0,0.9943181818181818,0,False
track1_5ch,acquisitionCampaignGroup,M36_LOGISTIC_VIEW_GUARDED,SAFE-STRICT,INCONGRUENT_CONTEXT,0.75,88,176,1,1,,0.005681818181818182,0.011363636363636364,0.0,0.0,"[0.0, 0.7934506856227626]",1,1,1.0,"[0.20654931437723745, 1.0]",0.011363636363636364,"[0.0020087853177044694, 0.061594938922985634]",0.4980113636363636,0.49886363636363634,0.0008522727272727274,"[0.0, 0.0025568181818181822]",0.15000000000000002,0.3465909090909091,0.3465909090909091,0.9375,0.9318181818181818,-0.011363636363636364,1,0,1.0,0.9943181818181818,0,False
track1_5ch,acquisitionCampaignGroup,M36_LOGISTIC_VIEW_GUARDED,SAFE-STRICT,INCONGRUENT_CONTEXT,0.80,88,176,1,1,,0.005681818181818182,0.011363636363636364,0.0,0.0,"[0.0, 0.7934506856227626]",1,1,1.0,"[0.20654931437723745, 1.0]",0.011363636363636364,"[0.0020087853177044694, 0.061594938922985634]",0.4980113636363636,0.49886363636363634,0.0008522727272727274,"[0.0, 0.0025568181818181822]",0.15000000000000002,0.3465909090909091,0.3465909090909091,0.9375,0.9318181818181818,-0.011363636363636364,1,0,1.0,0.9943181818181818,0,False
track1_5ch,acquisitionCampaignGroup,M36_LOGISTIC_VIEW_GUARDED,SAFE-STRICT,INCONGRUENT_CONTEXT,0.85,88,176,1,1,,0.005681818181818182,0.011363636363636364,0.0,0.0,"[0.0, 0.7934506856227626]",1,1,1.0,"[0.20654931437723745, 1.0]",0.011363636363636364,"[0.0020087853177044694, 0.061594938922985634]",0.4980113636363636,0.49886363636363634,0.0008522727272727274,"[0.0, 0.0025568181818181822]",0.15000000000000002,0.3465909090909091,0.3465909090909091,0.9375,0.9318181818181818,-0.011363636363636364,1,0,1.0,0.9943181818181818,0,False
track1_5ch,acquisitionCampaignGroup,M36_LOGISTIC_VIEW_GUARDED,SAFE-STRICT,INCONGRUENT_CONTEXT,0.90,88,176,1,1,,0.005681818181818182,0.011363636363636364,0.0,0.0,"[0.0, 0.7934506856227626]",1,1,1.0,"[0.20654931437723745, 1.0]",0.011363636363636364,"[0.0020087853177044694, 0.061594938922985634]",0.4980113636363636,0.49886363636363634,0.0008522727272727274,"[0.0, 0.0025568181818181822]",0.15000000000000002,0.3465909090909091,0.3465909090909091,0.9375,0.9318181818181818,-0.011363636363636364,1,0,1.0,0.9943181818181818,0,False
track1_5ch,acquisitionCampaignGroup,M36_LOGISTIC_VIEW_GUARDED,SAFE-STRICT,INCONGRUENT_CONTEXT,0.95,88,176,1,1,,0.005681818181818182,0.011363636363636364,0.0,0.0,"[0.0, 0.7934506856227626]",1,1,1.0,"[0.20654931437723745, 1.0]",0.011363636363636364,"[0.0020087853177044694, 0.061594938922985634]",0.4980113636363636,0.49886363636363634,0.0008522727272727274,"[0.0, 0.0025568181818181822]",0.15000000000000002,0.3465909090909091,0.3465909090909091,0.9375,0.9318181818181818,-0.011363636363636364,1,0,1.0,0.9943181818181818,0,False
track1_5ch,acquisitionCampaignGroup,M36_MULTI_VIEW_RULE,SAFE-95,INCONGRUENT_CONTEXT,0.45,88,176,0,0,,0.0,0.0,,,"[null, null]",0,0,0.0,"[null, null]",0.0,"[0.0, 0.0418270666648922]",0.49886363636363634,0.49886363636363634,0.0,"[0.0, 0.0]",,0.3409090909090909,0.3409090909090909,0.9431818181818182,0.9431818181818182,0.0,0,0,1.0,1.0,0,False
track1_5ch,acquisitionCampaignGroup,M36_MULTI_VIEW_RULE,SAFE-95,INCONGRUENT_CONTEXT,0.50,88,176,0,0,,0.0,0.0,,,"[null, null]",0,0,0.0,"[null, null]",0.0,"[0.0, 0.0418270666648922]",0.49886363636363634,0.49886363636363634,0.0,"[0.0, 0.0]",,0.3409090909090909,0.3409090909090909,0.9431818181818182,0.9431818181818182,0.0,0,0,1.0,1.0,0,False
track1_5ch,acquisitionCampaignGroup,M36_MULTI_VIEW_RULE,SAFE-95,INCONGRUENT_CONTEXT,0.55,88,176,1,1,,0.005681818181818182,0.011363636363636364,0.0,1.0,"[0.20654931437723745, 1.0]",0,0,0.0,"[0.0, 0.7934506856227626]",0.0,"[0.0, 0.0418270666648922]",0.49857954545454547,0.49886363636363634,0.00028409090909090935,"[0.0, 0.000852272727272728]",0.050000000000000044,0.3409090909090909,0.3409090909090909,0.9431818181818182,0.9431818181818182,0.0,0,0,1.0,1.0,0,True
track1_5ch,acquisitionCampaignGroup,M36_MULTI_VIEW_RULE,SAFE-95,INCONGRUENT_CONTEXT,0.60,88,176,1,1,,0.005681818181818182,0.011363636363636364,0.0,1.0,"[0.20654931437723745, 1.0]",0,0,0.0,"[0.0, 0.7934506856227626]",0.0,"[0.0, 0.0418270666648922]",0.49857954545454547,0.49886363636363634,0.00028409090909090935,"[0.0, 0.000852272727272728]",0.050000000000000044,0.3409090909090909,0.3409090909090909,0.9431818181818182,0.9431818181818182,0.0,0,0,1.0,1.0,0,True
track1_5ch,acquisitionCampaignGroup,M36_MULTI_VIEW_RULE,SAFE-95,INCONGRUENT_CONTEXT,0.65,88,176,1,1,,0.005681818181818182,0.011363636363636364,0.0,1.0,"[0.20654931437723745, 1.0]",0,0,0.0,"[0.0, 0.7934506856227626]",0.0,"[0.0, 0.0418270666648922]",0.49857954545454547,0.49886363636363634,0.00028409090909090935,"[0.0, 0.000852272727272728]",0.050000000000000044,0.3409090909090909,0.3409090909090909,0.9431818181818182,0.9431818181818182,0.0,0,0,1.0,1.0,0,True
track1_5ch,acquisitionCampaignGroup,M36_MULTI_VIEW_RULE,SAFE-95,INCONGRUENT_CONTEXT,0.70,88,176,1,1,,0.005681818181818182,0.011363636363636364,0.0,1.0,"[0.20654931437723745, 1.0]",0,0,0.0,"[0.0, 0.7934506856227626]",0.0,"[0.0, 0.0418270666648922]",0.49857954545454547,0.49886363636363634,0.00028409090909090935,"[0.0, 0.000852272727272728]",0.050000000000000044,0.3409090909090909,0.3409090909090909,0.9431818181818182,0.9431818181818182,0.0,0,0,1.0,1.0,0,True
track1_5ch,acquisitionCampaignGroup,M36_MULTI_VIEW_RULE,SAFE-95,INCONGRUENT_CONTEXT,0.75,88,176,1,1,,0.005681818181818182,0.011363636363636364,0.0,1.0,"[0.20654931437723745, 1.0]",0,0,0.0,"[0.0, 0.7934506856227626]",0.0,"[0.0, 0.0418270666648922]",0.49857954545454547,0.49886363636363634,0.00028409090909090935,"[0.0, 0.000852272727272728]",0.050000000000000044,0.3409090909090909,0.3409090909090909,0.9431818181818182,0.9431818181818182,0.0,0,0,1.0,1.0,0,True
track1_5ch,acquisitionCampaignGroup,M36_MULTI_VIEW_RULE,SAFE-95,INCONGRUENT_CONTEXT,0.80,88,176,2,2,,0.011363636363636364,0.022727272727272728,0.0,0.5,"[0.09453120573423074, 0.9054687942657693]",1,1,0.5,"[0.09453120573423074, 0.9054687942657693]",0.011363636363636364,"[0.0020087853177044694, 0.061594938922985634]",0.49460227272727264,0.49886363636363634,0.004261363636363636,"[0.0, 0.0125]",0.375,0.3465909090909091,0.3465909090909091,0.9375,0.9318181818181818,-0.011363636363636364,1,0,1.0,0.9943181818181818,0,False
track1_5ch,acquisitionCampaignGroup,M36_MULTI_VIEW_RULE,SAFE-95,INCONGRUENT_CONTEXT,0.85,88,176,2,2,,0.011363636363636364,0.022727272727272728,0.0,0.5,"[0.09453120573423074, 0.9054687942657693]",1,1,0.5,"[0.09453120573423074, 0.9054687942657693]",0.011363636363636364,"[0.0020087853177044694, 0.061594938922985634]",0.49460227272727264,0.49886363636363634,0.004261363636363636,"[0.0, 0.01278409090909091]",0.375,0.3465909090909091,0.3465909090909091,0.9375,0.9318181818181818,-0.011363636363636364,1,0,1.0,0.9943181818181818,0,False
track1_5ch,acquisitionCampaignGroup,M36_MULTI_VIEW_RULE,SAFE-95,INCONGRUENT_CONTEXT,0.90,88,176,2,2,,0.011363636363636364,0.022727272727272728,0.0,0.5,"[0.09453120573423074, 0.9054687942657693]",1,1,0.5,"[0.09453120573423074, 0.9054687942657693]",0.011363636363636364,"[0.0020087853177044694, 0.061594938922985634]",0.49460227272727264,0.49886363636363634,0.004261363636363636,"[0.0, 0.0125]",0.375,0.3465909090909091,0.3465909090909091,0.9375,0.9318181818181818,-0.011363636363636364,1,0,1.0,0.9943181818181818,0,False
track1_5ch,acquisitionCampaignGroup,M36_MULTI_VIEW_RULE,SAFE-95,INCONGRUENT_CONTEXT,0.95,88,176,2,2,,0.011363636363636364,0.022727272727272728,0.0,0.5,"[0.09453120573423074, 0.9054687942657693]",1,1,0.5,"[0.09453120573423074, 0.9054687942657693]",0.011363636363636364,"[0.0020087853177044694, 0.061594938922985634]",0.49460227272727264,0.49886363636363634,0.004261363636363636,"[0.0, 0.0125]",0.375,0.3465909090909091,0.3465909090909091,0.9375,0.9318181818181818,-0.011363636363636364,1,0,1.0,0.9943181818181818,0,False
track1_5ch,acquisitionCampaignGroup,M36_MULTI_VIEW_RULE,SAFE-99,INCONGRUENT_CONTEXT,0.45,88,176,0,0,,0.0,0.0,,,"[null, null]",0,0,0.0,"[null, null]",0.0,"[0.0, 0.0418270666648922]",0.49886363636363634,0.49886363636363634,0.0,"[0.0, 0.0]",,0.3409090909090909,0.3409090909090909,0.9431818181818182,0.9431818181818182,0.0,0,0,1.0,1.0,0,False
track1_5ch,acquisitionCampaignGroup,M36_MULTI_VIEW_RULE,SAFE-99,INCONGRUENT_CONTEXT,0.50,88,176,0,0,,0.0,0.0,,,"[null, null]",0,0,0.0,"[null, null]",0.0,"[0.0, 0.0418270666648922]",0.49886363636363634,0.49886363636363634,0.0,"[0.0, 0.0]",,0.3409090909090909,0.3409090909090909,0.9431818181818182,0.9431818181818182,0.0,0,0,1.0,1.0,0,False
track1_5ch,acquisitionCampaignGroup,M36_MULTI_VIEW_RULE,SAFE-99,INCONGRUENT_CONTEXT,0.55,88,176,1,1,,0.005681818181818182,0.011363636363636364,0.0,1.0,"[0.20654931437723745, 1.0]",0,0,0.0,"[0.0, 0.7934506856227626]",0.0,"[0.0, 0.0418270666648922]",0.49857954545454547,0.49886363636363634,0.00028409090909090935,"[0.0, 0.000852272727272728]",0.050000000000000044,0.3409090909090909,0.3409090909090909,0.9431818181818182,0.9431818181818182,0.0,0,0,1.0,1.0,0,True
track1_5ch,acquisitionCampaignGroup,M36_MULTI_VIEW_RULE,SAFE-99,INCONGRUENT_CONTEXT,0.60,88,176,1,1,,0.005681818181818182,0.011363636363636364,0.0,1.0,"[0.20654931437723745, 1.0]",0,0,0.0,"[0.0, 0.7934506856227626]",0.0,"[0.0, 0.0418270666648922]",0.49857954545454547,0.49886363636363634,0.00028409090909090935,"[0.0, 0.000852272727272728]",0.050000000000000044,0.3409090909090909,0.3409090909090909,0.9431818181818182,0.9431818181818182,0.0,0,0,1.0,1.0,0,True
track1_5ch,acquisitionCampaignGroup,M36_MULTI_VIEW_RULE,SAFE-99,INCONGRUENT_CONTEXT,0.65,88,176,1,1,,0.005681818181818182,0.011363636363636364,0.0,1.0,"[0.20654931437723745, 1.0]",0,0,0.0,"[0.0, 0.7934506856227626]",0.0,"[0.0, 0.0418270666648922]",0.49857954545454547,0.49886363636363634,0.00028409090909090935,"[0.0, 0.000852272727272728]",0.050000000000000044,0.3409090909090909,0.3409090909090909,0.9431818181818182,0.9431818181818182,0.0,0,0,1.0,1.0,0,True
track1_5ch,acquisitionCampaignGroup,M36_MULTI_VIEW_RULE,SAFE-99,INCONGRUENT_CONTEXT,0.70,88,176,1,1,,0.005681818181818182,0.011363636363636364,0.0,1.0,"[0.20654931437723745, 1.0]",0,0,0.0,"[0.0, 0.7934506856227626]",0.0,"[0.0, 0.0418270666648922]",0.49857954545454547,0.49886363636363634,0.00028409090909090935,"[0.0, 0.000852272727272728]",0.050000000000000044,0.3409090909090909,0.3409090909090909,0.9431818181818182,0.9431818181818182,0.0,0,0,1.0,1.0,0,True
track1_5ch,acquisitionCampaignGroup,M36_MULTI_VIEW_RULE,SAFE-99,INCONGRUENT_CONTEXT,0.75,88,176,1,1,,0.005681818181818182,0.011363636363636364,0.0,1.0,"[0.20654931437723745, 1.0]",0,0,0.0,"[0.0, 0.7934506856227626]",0.0,"[0.0, 0.0418270666648922]",0.49857954545454547,0.49886363636363634,0.00028409090909090935,"[0.0, 0.000852272727272728]",0.050000000000000044,0.3409090909090909,0.3409090909090909,0.9431818181818182,0.9431818181818182,0.0,0,0,1.0,1.0,0,True
track1_5ch,acquisitionCampaignGroup,M36_MULTI_VIEW_RULE,SAFE-99,INCONGRUENT_CONTEXT,0.80,88,176,2,2,,0.011363636363636364,0.022727272727272728,0.0,0.5,"[0.09453120573423074, 0.9054687942657693]",1,1,0.5,"[0.09453120573423074, 0.9054687942657693]",0.011363636363636364,"[0.0020087853177044694, 0.061594938922985634]",0.49460227272727264,0.49886363636363634,0.004261363636363636,"[0.0, 0.0125]",0.375,0.3465909090909091,0.3465909090909091,0.9375,0.9318181818181818,-0.011363636363636364,1,0,1.0,0.9943181818181818,0,False
track1_5ch,acquisitionCampaignGroup,M36_MULTI_VIEW_RULE,SAFE-99,INCONGRUENT_CONTEXT,0.85,88,176,2,2,,0.011363636363636364,0.022727272727272728,0.0,0.5,"[0.09453120573423074, 0.9054687942657693]",1,1,0.5,"[0.09453120573423074, 0.9054687942657693]",0.011363636363636364,"[0.0020087853177044694, 0.061594938922985634]",0.49460227272727264,0.49886363636363634,0.004261363636363636,"[0.0, 0.01278409090909091]",0.375,0.3465909090909091,0.3465909090909091,0.9375,0.9318181818181818,-0.011363636363636364,1,0,1.0,0.9943181818181818,0,False
track1_5ch,acquisitionCampaignGroup,M36_MULTI_VIEW_RULE,SAFE-99,INCONGRUENT_CONTEXT,0.90,88,176,2,2,,0.011363636363636364,0.022727272727272728,0.0,0.5,"[0.09453120573423074, 0.9054687942657693]",1,1,0.5,"[0.09453120573423074, 0.9054687942657693]",0.011363636363636364,"[0.0020087853177044694, 0.061594938922985634]",0.49460227272727264,0.49886363636363634,0.004261363636363636,"[0.0, 0.01278409090909091]",0.375,0.3465909090909091,0.3465909090909091,0.9375,0.9318181818181818,-0.011363636363636364,1,0,1.0,0.9943181818181818,0,False
track1_5ch,acquisitionCampaignGroup,M36_MULTI_VIEW_RULE,SAFE-99,INCONGRUENT_CONTEXT,0.95,88,176,2,2,,0.011363636363636364,0.022727272727272728,0.0,0.5,"[0.09453120573423074, 0.9054687942657693]",1,1,0.5,"[0.09453120573423074, 0.9054687942657693]",0.011363636363636364,"[0.0020087853177044694, 0.061594938922985634]",0.49460227272727264,0.49886363636363634,0.004261363636363636,"[0.0, 0.0125]",0.375,0.3465909090909091,0.3465909090909091,0.9375,0.9318181818181818,-0.011363636363636364,1,0,1.0,0.9943181818181818,0,False
track1_5ch,acquisitionCampaignGroup,M36_MULTI_VIEW_RULE,SAFE-STRICT,INCONGRUENT_CONTEXT,0.45,88,176,0,0,,0.0,0.0,,,"[null, null]",0,0,0.0,"[null, null]",0.0,"[0.0, 0.0418270666648922]",0.49886363636363634,0.49886363636363634,0.0,"[0.0, 0.0]",,0.3409090909090909,0.3409090909090909,0.9431818181818182,0.9431818181818182,0.0,0,0,1.0,1.0,0,False
track1_5ch,acquisitionCampaignGroup,M36_MULTI_VIEW_RULE,SAFE-STRICT,INCONGRUENT_CONTEXT,0.50,88,176,0,0,,0.0,0.0,,,"[null, null]",0,0,0.0,"[null, null]",0.0,"[0.0, 0.0418270666648922]",0.49886363636363634,0.49886363636363634,0.0,"[0.0, 0.0]",,0.3409090909090909,0.3409090909090909,0.9431818181818182,0.9431818181818182,0.0,0,0,1.0,1.0,0,False
track1_5ch,acquisitionCampaignGroup,M36_MULTI_VIEW_RULE,SAFE-STRICT,INCONGRUENT_CONTEXT,0.55,88,176,1,1,,0.005681818181818182,0.011363636363636364,0.0,1.0,"[0.20654931437723745, 1.0]",0,0,0.0,"[0.0, 0.7934506856227626]",0.0,"[0.0, 0.0418270666648922]",0.49857954545454547,0.49886363636363634,0.00028409090909090935,"[0.0, 0.000852272727272728]",0.050000000000000044,0.3409090909090909,0.3409090909090909,0.9431818181818182,0.9431818181818182,0.0,0,0,1.0,1.0,0,True
track1_5ch,acquisitionCampaignGroup,M36_MULTI_VIEW_RULE,SAFE-STRICT,INCONGRUENT_CONTEXT,0.60,88,176,1,1,,0.005681818181818182,0.011363636363636364,0.0,1.0,"[0.20654931437723745, 1.0]",0,0,0.0,"[0.0, 0.7934506856227626]",0.0,"[0.0, 0.0418270666648922]",0.49857954545454547,0.49886363636363634,0.00028409090909090935,"[0.0, 0.000852272727272728]",0.050000000000000044,0.3409090909090909,0.3409090909090909,0.9431818181818182,0.9431818181818182,0.0,0,0,1.0,1.0,0,True
track1_5ch,acquisitionCampaignGroup,M36_MULTI_VIEW_RULE,SAFE-STRICT,INCONGRUENT_CONTEXT,0.65,88,176,1,1,,0.005681818181818182,0.011363636363636364,0.0,1.0,"[0.20654931437723745, 1.0]",0,0,0.0,"[0.0, 0.7934506856227626]",0.0,"[0.0, 0.0418270666648922]",0.49857954545454547,0.49886363636363634,0.00028409090909090935,"[0.0, 0.000852272727272728]",0.050000000000000044,0.3409090909090909,0.3409090909090909,0.9431818181818182,0.9431818181818182,0.0,0,0,1.0,1.0,0,True
track1_5ch,acquisitionCampaignGroup,M36_MULTI_VIEW_RULE,SAFE-STRICT,INCONGRUENT_CONTEXT,0.70,88,176,1,1,,0.005681818181818182,0.011363636363636364,0.0,1.0,"[0.20654931437723745, 1.0]",0,0,0.0,"[0.0, 0.7934506856227626]",0.0,"[0.0, 0.0418270666648922]",0.49857954545454547,0.49886363636363634,0.00028409090909090935,"[0.0, 0.000852272727272728]",0.050000000000000044,0.3409090909090909,0.3409090909090909,0.9431818181818182,0.9431818181818182,0.0,0,0,1.0,1.0,0,True
track1_5ch,acquisitionCampaignGroup,M36_MULTI_VIEW_RULE,SAFE-STRICT,INCONGRUENT_CONTEXT,0.75,88,176,1,1,,0.005681818181818182,0.011363636363636364,0.0,1.0,"[0.20654931437723745, 1.0]",0,0,0.0,"[0.0, 0.7934506856227626]",0.0,"[0.0, 0.0418270666648922]",0.49857954545454547,0.49886363636363634,0.00028409090909090935,"[0.0, 0.000852272727272728]",0.050000000000000044,0.3409090909090909,0.3409090909090909,0.9431818181818182,0.9431818181818182,0.0,0,0,1.0,1.0,0,True
track1_5ch,acquisitionCampaignGroup,M36_MULTI_VIEW_RULE,SAFE-STRICT,INCONGRUENT_CONTEXT,0.80,88,176,2,2,,0.011363636363636364,0.022727272727272728,0.0,0.5,"[0.09453120573423074, 0.9054687942657693]",1,1,0.5,"[0.09453120573423074, 0.9054687942657693]",0.011363636363636364,"[0.0020087853177044694, 0.061594938922985634]",0.49460227272727264,0.49886363636363634,0.004261363636363636,"[0.0, 0.0125]",0.375,0.3465909090909091,0.3465909090909091,0.9375,0.9318181818181818,-0.011363636363636364,1,0,1.0,0.9943181818181818,0,False
track1_5ch,acquisitionCampaignGroup,M36_MULTI_VIEW_RULE,SAFE-STRICT,INCONGRUENT_CONTEXT,0.85,88,176,2,2,,0.011363636363636364,0.022727272727272728,0.0,0.5,"[0.09453120573423074, 0.9054687942657693]",1,1,0.5,"[0.09453120573423074, 0.9054687942657693]",0.011363636363636364,"[0.0020087853177044694, 0.061594938922985634]",0.49460227272727264,0.49886363636363634,0.004261363636363636,"[0.0, 0.0125]",0.375,0.3465909090909091,0.3465909090909091,0.9375,0.9318181818181818,-0.011363636363636364,1,0,1.0,0.9943181818181818,0,False
track1_5ch,acquisitionCampaignGroup,M36_MULTI_VIEW_RULE,SAFE-STRICT,INCONGRUENT_CONTEXT,0.90,88,176,2,2,,0.011363636363636364,0.022727272727272728,0.0,0.5,"[0.09453120573423074, 0.9054687942657693]",1,1,0.5,"[0.09453120573423074, 0.9054687942657693]",0.011363636363636364,"[0.0020087853177044694, 0.061594938922985634]",0.49460227272727264,0.49886363636363634,0.004261363636363636,"[0.0, 0.0125]",0.375,0.3465909090909091,0.3465909090909091,0.9375,0.9318181818181818,-0.011363636363636364,1,0,1.0,0.9943181818181818,0,False
track1_5ch,acquisitionCampaignGroup,M36_MULTI_VIEW_RULE,SAFE-STRICT,INCONGRUENT_CONTEXT,0.95,88,176,2,2,,0.011363636363636364,0.022727272727272728,0.0,0.5,"[0.09453120573423074, 0.9054687942657693]",1,1,0.5,"[0.09453120573423074, 0.9054687942657693]",0.011363636363636364,"[0.0020087853177044694, 0.061594938922985634]",0.49460227272727264,0.49886363636363634,0.004261363636363636,"[0.0, 0.01278409090909091]",0.375,0.3465909090909091,0.3465909090909091,0.9375,0.9318181818181818,-0.011363636363636364,1,0,1.0,0.9943181818181818,0,False
track1_5ch,recordingSessionGroup,M35_CONSERVATIVE,FIXED,INCONGRUENT_CONTEXT,0.45,88,176,0,0,,0.0,0.0,,,"[null, null]",0,0,0.0,"[null, null]",0.0,"[0.0, 0.0418270666648922]",0.49886363636363634,0.49886363636363634,0.0,"[0.0, 0.0]",,0.3409090909090909,0.3409090909090909,0.9431818181818182,0.9431818181818182,0.0,0,0,1.0,1.0,0,
track1_5ch,recordingSessionGroup,M35_CONSERVATIVE,FIXED,INCONGRUENT_CONTEXT,0.50,88,176,0,0,,0.0,0.0,,,"[null, null]",0,0,0.0,"[null, null]",0.0,"[0.0, 0.0418270666648922]",0.49886363636363634,0.49886363636363634,0.0,"[0.0, 0.0]",,0.3409090909090909,0.3409090909090909,0.9431818181818182,0.9431818181818182,0.0,0,0,1.0,1.0,0,
track1_5ch,recordingSessionGroup,M35_CONSERVATIVE,FIXED,INCONGRUENT_CONTEXT,0.55,88,176,0,0,,0.0,0.0,,,"[null, null]",0,0,0.0,"[null, null]",0.0,"[0.0, 0.0418270666648922]",0.49886363636363634,0.49886363636363634,0.0,"[0.0, 0.0]",,0.3409090909090909,0.3409090909090909,0.9431818181818182,0.9431818181818182,0.0,0,0,1.0,1.0,0,
track1_5ch,recordingSessionGroup,M35_CONSERVATIVE,FIXED,INCONGRUENT_CONTEXT,0.60,88,176,0,0,,0.0,0.0,,,"[null, null]",0,0,0.0,"[null, null]",0.0,"[0.0, 0.0418270666648922]",0.49886363636363634,0.49886363636363634,0.0,"[0.0, 0.0]",,0.3409090909090909,0.3409090909090909,0.9431818181818182,0.9431818181818182,0.0,0,0,1.0,1.0,0,
track1_5ch,recordingSessionGroup,M35_CONSERVATIVE,FIXED,INCONGRUENT_CONTEXT,0.65,88,176,0,0,,0.0,0.0,,,"[null, null]",0,0,0.0,"[null, null]",0.0,"[0.0, 0.0418270666648922]",0.49886363636363634,0.49886363636363634,0.0,"[0.0, 0.0]",,0.3409090909090909,0.3409090909090909,0.9431818181818182,0.9431818181818182,0.0,0,0,1.0,1.0,0,
track1_5ch,recordingSessionGroup,M35_CONSERVATIVE,FIXED,INCONGRUENT_CONTEXT,0.70,88,176,0,0,,0.0,0.0,,,"[null, null]",0,0,0.0,"[null, null]",0.0,"[0.0, 0.0418270666648922]",0.49886363636363634,0.49886363636363634,0.0,"[0.0, 0.0]",,0.3409090909090909,0.3409090909090909,0.9431818181818182,0.9431818181818182,0.0,0,0,1.0,1.0,0,
track1_5ch,recordingSessionGroup,M35_CONSERVATIVE,FIXED,INCONGRUENT_CONTEXT,0.75,88,176,0,0,,0.0,0.0,,,"[null, null]",0,0,0.0,"[null, null]",0.0,"[0.0, 0.0418270666648922]",0.49886363636363634,0.49886363636363634,0.0,"[0.0, 0.0]",,0.3409090909090909,0.3409090909090909,0.9431818181818182,0.9431818181818182,0.0,0,0,1.0,1.0,0,
track1_5ch,recordingSessionGroup,M35_CONSERVATIVE,FIXED,INCONGRUENT_CONTEXT,0.80,88,176,0,0,,0.0,0.0,,,"[null, null]",0,0,0.0,"[null, null]",0.0,"[0.0, 0.0418270666648922]",0.49886363636363634,0.49886363636363634,0.0,"[0.0, 0.0]",,0.3409090909090909,0.3409090909090909,0.9431818181818182,0.9431818181818182,0.0,0,0,1.0,1.0,0,
track1_5ch,recordingSessionGroup,M35_CONSERVATIVE,FIXED,INCONGRUENT_CONTEXT,0.85,88,176,0,0,,0.0,0.0,,,"[null, null]",0,0,0.0,"[null, null]",0.0,"[0.0, 0.0418270666648922]",0.49886363636363634,0.49886363636363634,0.0,"[0.0, 0.0]",,0.3409090909090909,0.3409090909090909,0.9431818181818182,0.9431818181818182,0.0,0,0,1.0,1.0,0,
track1_5ch,recordingSessionGroup,M35_CONSERVATIVE,FIXED,INCONGRUENT_CONTEXT,0.90,88,176,0,0,,0.0,0.0,,,"[null, null]",0,0,0.0,"[null, null]",0.0,"[0.0, 0.0418270666648922]",0.49886363636363634,0.49886363636363634,0.0,"[0.0, 0.0]",,0.3409090909090909,0.3409090909090909,0.9431818181818182,0.9431818181818182,0.0,0,0,1.0,1.0,0,
track1_5ch,recordingSessionGroup,M35_CONSERVATIVE,FIXED,INCONGRUENT_CONTEXT,0.95,88,176,0,0,,0.0,0.0,,,"[null, null]",0,0,0.0,"[null, null]",0.0,"[0.0, 0.0418270666648922]",0.49886363636363634,0.49886363636363634,0.0,"[0.0, 0.0]",,0.3409090909090909,0.3409090909090909,0.9431818181818182,0.9431818181818182,0.0,0,0,1.0,1.0,0,
track1_5ch,recordingSessionGroup,M36_LOGISTIC_SAFE_GATE,SAFE-95,INCONGRUENT_CONTEXT,0.45,88,176,0,0,,0.0,0.0,,,"[null, null]",0,0,0.0,"[null, null]",0.0,"[0.0, 0.0418270666648922]",0.49886363636363634,0.49886363636363634,0.0,"[0.0, 0.0]",,0.3409090909090909,0.3409090909090909,0.9431818181818182,0.9431818181818182,0.0,0,0,1.0,1.0,0,False
track1_5ch,recordingSessionGroup,M36_LOGISTIC_SAFE_GATE,SAFE-95,INCONGRUENT_CONTEXT,0.50,88,176,0,0,,0.0,0.0,,,"[null, null]",0,0,0.0,"[null, null]",0.0,"[0.0, 0.0418270666648922]",0.49886363636363634,0.49886363636363634,0.0,"[0.0, 0.0]",,0.3409090909090909,0.3409090909090909,0.9431818181818182,0.9431818181818182,0.0,0,0,1.0,1.0,0,False
track1_5ch,recordingSessionGroup,M36_LOGISTIC_SAFE_GATE,SAFE-95,INCONGRUENT_CONTEXT,0.55,88,176,0,0,,0.0,0.0,,,"[null, null]",0,0,0.0,"[null, null]",0.0,"[0.0, 0.0418270666648922]",0.49886363636363634,0.49886363636363634,0.0,"[0.0, 0.0]",,0.3409090909090909,0.3409090909090909,0.9431818181818182,0.9431818181818182,0.0,0,0,1.0,1.0,0,False
track1_5ch,recordingSessionGroup,M36_LOGISTIC_SAFE_GATE,SAFE-95,INCONGRUENT_CONTEXT,0.60,88,176,0,0,,0.0,0.0,,,"[null, null]",0,0,0.0,"[null, null]",0.0,"[0.0, 0.0418270666648922]",0.49886363636363634,0.49886363636363634,0.0,"[0.0, 0.0]",,0.3409090909090909,0.3409090909090909,0.9431818181818182,0.9431818181818182,0.0,0,0,1.0,1.0,0,False
track1_5ch,recordingSessionGroup,M36_LOGISTIC_SAFE_GATE,SAFE-95,INCONGRUENT_CONTEXT,0.65,88,176,0,0,,0.0,0.0,,,"[null, null]",0,0,0.0,"[null, null]",0.0,"[0.0, 0.0418270666648922]",0.49886363636363634,0.49886363636363634,0.0,"[0.0, 0.0]",,0.3409090909090909,0.3409090909090909,0.9431818181818182,0.9431818181818182,0.0,0,0,1.0,1.0,0,False
track1_5ch,recordingSessionGroup,M36_LOGISTIC_SAFE_GATE,SAFE-95,INCONGRUENT_CONTEXT,0.70,88,176,0,0,,0.0,0.0,,,"[null, null]",0,0,0.0,"[null, null]",0.0,"[0.0, 0.0418270666648922]",0.49886363636363634,0.49886363636363634,0.0,"[0.0, 0.0]",,0.3409090909090909,0.3409090909090909,0.9431818181818182,0.9431818181818182,0.0,0,0,1.0,1.0,0,False
track1_5ch,recordingSessionGroup,M36_LOGISTIC_SAFE_GATE,SAFE-95,INCONGRUENT_CONTEXT,0.75,88,176,0,0,,0.0,0.0,,,"[null, null]",0,0,0.0,"[null, null]",0.0,"[0.0, 0.0418270666648922]",0.49886363636363634,0.49886363636363634,0.0,"[0.0, 0.0]",,0.3409090909090909,0.3409090909090909,0.9431818181818182,0.9431818181818182,0.0,0,0,1.0,1.0,0,False
track1_5ch,recordingSessionGroup,M36_LOGISTIC_SAFE_GATE,SAFE-95,INCONGRUENT_CONTEXT,0.80,88,176,0,0,,0.0,0.0,,,"[null, null]",0,0,0.0,"[null, null]",0.0,"[0.0, 0.0418270666648922]",0.49886363636363634,0.49886363636363634,0.0,"[0.0, 0.0]",,0.3409090909090909,0.3409090909090909,0.9431818181818182,0.9431818181818182,0.0,0,0,1.0,1.0,0,False
track1_5ch,recordingSessionGroup,M36_LOGISTIC_SAFE_GATE,SAFE-95,INCONGRUENT_CONTEXT,0.85,88,176,0,0,,0.0,0.0,,,"[null, null]",0,0,0.0,"[null, null]",0.0,"[0.0, 0.0418270666648922]",0.49886363636363634,0.49886363636363634,0.0,"[0.0, 0.0]",,0.3409090909090909,0.3409090909090909,0.9431818181818182,0.9431818181818182,0.0,0,0,1.0,1.0,0,False
track1_5ch,recordingSessionGroup,M36_LOGISTIC_SAFE_GATE,SAFE-95,INCONGRUENT_CONTEXT,0.90,88,176,0,0,,0.0,0.0,,,"[null, null]",0,0,0.0,"[null, null]",0.0,"[0.0, 0.0418270666648922]",0.49886363636363634,0.49886363636363634,0.0,"[0.0, 0.0]",,0.3409090909090909,0.3409090909090909,0.9431818181818182,0.9431818181818182,0.0,0,0,1.0,1.0,0,False
track1_5ch,recordingSessionGroup,M36_LOGISTIC_SAFE_GATE,SAFE-95,INCONGRUENT_CONTEXT,0.95,88,176,0,0,,0.0,0.0,,,"[null, null]",0,0,0.0,"[null, null]",0.0,"[0.0, 0.0418270666648922]",0.49886363636363634,0.49886363636363634,0.0,"[0.0, 0.0]",,0.3409090909090909,0.3409090909090909,0.9431818181818182,0.9431818181818182,0.0,0,0,1.0,1.0,0,False
track1_5ch,recordingSessionGroup,M36_LOGISTIC_SAFE_GATE,SAFE-99,INCONGRUENT_CONTEXT,0.45,88,176,0,0,,0.0,0.0,,,"[null, null]",0,0,0.0,"[null, null]",0.0,"[0.0, 0.0418270666648922]",0.49886363636363634,0.49886363636363634,0.0,"[0.0, 0.0]",,0.3409090909090909,0.3409090909090909,0.9431818181818182,0.9431818181818182,0.0,0,0,1.0,1.0,0,False
track1_5ch,recordingSessionGroup,M36_LOGISTIC_SAFE_GATE,SAFE-99,INCONGRUENT_CONTEXT,0.50,88,176,0,0,,0.0,0.0,,,"[null, null]",0,0,0.0,"[null, null]",0.0,"[0.0, 0.0418270666648922]",0.49886363636363634,0.49886363636363634,0.0,"[0.0, 0.0]",,0.3409090909090909,0.3409090909090909,0.9431818181818182,0.9431818181818182,0.0,0,0,1.0,1.0,0,False
track1_5ch,recordingSessionGroup,M36_LOGISTIC_SAFE_GATE,SAFE-99,INCONGRUENT_CONTEXT,0.55,88,176,0,0,,0.0,0.0,,,"[null, null]",0,0,0.0,"[null, null]",0.0,"[0.0, 0.0418270666648922]",0.49886363636363634,0.49886363636363634,0.0,"[0.0, 0.0]",,0.3409090909090909,0.3409090909090909,0.9431818181818182,0.9431818181818182,0.0,0,0,1.0,1.0,0,False
track1_5ch,recordingSessionGroup,M36_LOGISTIC_SAFE_GATE,SAFE-99,INCONGRUENT_CONTEXT,0.60,88,176,0,0,,0.0,0.0,,,"[null, null]",0,0,0.0,"[null, null]",0.0,"[0.0, 0.0418270666648922]",0.49886363636363634,0.49886363636363634,0.0,"[0.0, 0.0]",,0.3409090909090909,0.3409090909090909,0.9431818181818182,0.9431818181818182,0.0,0,0,1.0,1.0,0,False
track1_5ch,recordingSessionGroup,M36_LOGISTIC_SAFE_GATE,SAFE-99,INCONGRUENT_CONTEXT,0.65,88,176,0,0,,0.0,0.0,,,"[null, null]",0,0,0.0,"[null, null]",0.0,"[0.0, 0.0418270666648922]",0.49886363636363634,0.49886363636363634,0.0,"[0.0, 0.0]",,0.3409090909090909,0.3409090909090909,0.9431818181818182,0.9431818181818182,0.0,0,0,1.0,1.0,0,False
track1_5ch,recordingSessionGroup,M36_LOGISTIC_SAFE_GATE,SAFE-99,INCONGRUENT_CONTEXT,0.70,88,176,0,0,,0.0,0.0,,,"[null, null]",0,0,0.0,"[null, null]",0.0,"[0.0, 0.0418270666648922]",0.49886363636363634,0.49886363636363634,0.0,"[0.0, 0.0]",,0.3409090909090909,0.3409090909090909,0.9431818181818182,0.9431818181818182,0.0,0,0,1.0,1.0,0,False
track1_5ch,recordingSessionGroup,M36_LOGISTIC_SAFE_GATE,SAFE-99,INCONGRUENT_CONTEXT,0.75,88,176,0,0,,0.0,0.0,,,"[null, null]",0,0,0.0,"[null, null]",0.0,"[0.0, 0.0418270666648922]",0.49886363636363634,0.49886363636363634,0.0,"[0.0, 0.0]",,0.3409090909090909,0.3409090909090909,0.9431818181818182,0.9431818181818182,0.0,0,0,1.0,1.0,0,False
track1_5ch,recordingSessionGroup,M36_LOGISTIC_SAFE_GATE,SAFE-99,INCONGRUENT_CONTEXT,0.80,88,176,0,0,,0.0,0.0,,,"[null, null]",0,0,0.0,"[null, null]",0.0,"[0.0, 0.0418270666648922]",0.49886363636363634,0.49886363636363634,0.0,"[0.0, 0.0]",,0.3409090909090909,0.3409090909090909,0.9431818181818182,0.9431818181818182,0.0,0,0,1.0,1.0,0,False
track1_5ch,recordingSessionGroup,M36_LOGISTIC_SAFE_GATE,SAFE-99,INCONGRUENT_CONTEXT,0.85,88,176,0,0,,0.0,0.0,,,"[null, null]",0,0,0.0,"[null, null]",0.0,"[0.0, 0.0418270666648922]",0.49886363636363634,0.49886363636363634,0.0,"[0.0, 0.0]",,0.3409090909090909,0.3409090909090909,0.9431818181818182,0.9431818181818182,0.0,0,0,1.0,1.0,0,False
track1_5ch,recordingSessionGroup,M36_LOGISTIC_SAFE_GATE,SAFE-99,INCONGRUENT_CONTEXT,0.90,88,176,0,0,,0.0,0.0,,,"[null, null]",0,0,0.0,"[null, null]",0.0,"[0.0, 0.0418270666648922]",0.49886363636363634,0.49886363636363634,0.0,"[0.0, 0.0]",,0.3409090909090909,0.3409090909090909,0.9431818181818182,0.9431818181818182,0.0,0,0,1.0,1.0,0,False
track1_5ch,recordingSessionGroup,M36_LOGISTIC_SAFE_GATE,SAFE-99,INCONGRUENT_CONTEXT,0.95,88,176,0,0,,0.0,0.0,,,"[null, null]",0,0,0.0,"[null, null]",0.0,"[0.0, 0.0418270666648922]",0.49886363636363634,0.49886363636363634,0.0,"[0.0, 0.0]",,0.3409090909090909,0.3409090909090909,0.9431818181818182,0.9431818181818182,0.0,0,0,1.0,1.0,0,False
track1_5ch,recordingSessionGroup,M36_LOGISTIC_SAFE_GATE,SAFE-STRICT,INCONGRUENT_CONTEXT,0.45,88,176,0,0,,0.0,0.0,,,"[null, null]",0,0,0.0,"[null, null]",0.0,"[0.0, 0.0418270666648922]",0.49886363636363634,0.49886363636363634,0.0,"[0.0, 0.0]",,0.3409090909090909,0.3409090909090909,0.9431818181818182,0.9431818181818182,0.0,0,0,1.0,1.0,0,False
track1_5ch,recordingSessionGroup,M36_LOGISTIC_SAFE_GATE,SAFE-STRICT,INCONGRUENT_CONTEXT,0.50,88,176,0,0,,0.0,0.0,,,"[null, null]",0,0,0.0,"[null, null]",0.0,"[0.0, 0.0418270666648922]",0.49886363636363634,0.49886363636363634,0.0,"[0.0, 0.0]",,0.3409090909090909,0.3409090909090909,0.9431818181818182,0.9431818181818182,0.0,0,0,1.0,1.0,0,False
track1_5ch,recordingSessionGroup,M36_LOGISTIC_SAFE_GATE,SAFE-STRICT,INCONGRUENT_CONTEXT,0.55,88,176,0,0,,0.0,0.0,,,"[null, null]",0,0,0.0,"[null, null]",0.0,"[0.0, 0.0418270666648922]",0.49886363636363634,0.49886363636363634,0.0,"[0.0, 0.0]",,0.3409090909090909,0.3409090909090909,0.9431818181818182,0.9431818181818182,0.0,0,0,1.0,1.0,0,False
track1_5ch,recordingSessionGroup,M36_LOGISTIC_SAFE_GATE,SAFE-STRICT,INCONGRUENT_CONTEXT,0.60,88,176,0,0,,0.0,0.0,,,"[null, null]",0,0,0.0,"[null, null]",0.0,"[0.0, 0.0418270666648922]",0.49886363636363634,0.49886363636363634,0.0,"[0.0, 0.0]",,0.3409090909090909,0.3409090909090909,0.9431818181818182,0.9431818181818182,0.0,0,0,1.0,1.0,0,False
track1_5ch,recordingSessionGroup,M36_LOGISTIC_SAFE_GATE,SAFE-STRICT,INCONGRUENT_CONTEXT,0.65,88,176,0,0,,0.0,0.0,,,"[null, null]",0,0,0.0,"[null, null]",0.0,"[0.0, 0.0418270666648922]",0.49886363636363634,0.49886363636363634,0.0,"[0.0, 0.0]",,0.3409090909090909,0.3409090909090909,0.9431818181818182,0.9431818181818182,0.0,0,0,1.0,1.0,0,False
track1_5ch,recordingSessionGroup,M36_LOGISTIC_SAFE_GATE,SAFE-STRICT,INCONGRUENT_CONTEXT,0.70,88,176,0,0,,0.0,0.0,,,"[null, null]",0,0,0.0,"[null, null]",0.0,"[0.0, 0.0418270666648922]",0.49886363636363634,0.49886363636363634,0.0,"[0.0, 0.0]",,0.3409090909090909,0.3409090909090909,0.9431818181818182,0.9431818181818182,0.0,0,0,1.0,1.0,0,False
track1_5ch,recordingSessionGroup,M36_LOGISTIC_SAFE_GATE,SAFE-STRICT,INCONGRUENT_CONTEXT,0.75,88,176,0,0,,0.0,0.0,,,"[null, null]",0,0,0.0,"[null, null]",0.0,"[0.0, 0.0418270666648922]",0.49886363636363634,0.49886363636363634,0.0,"[0.0, 0.0]",,0.3409090909090909,0.3409090909090909,0.9431818181818182,0.9431818181818182,0.0,0,0,1.0,1.0,0,False
track1_5ch,recordingSessionGroup,M36_LOGISTIC_SAFE_GATE,SAFE-STRICT,INCONGRUENT_CONTEXT,0.80,88,176,0,0,,0.0,0.0,,,"[null, null]",0,0,0.0,"[null, null]",0.0,"[0.0, 0.0418270666648922]",0.49886363636363634,0.49886363636363634,0.0,"[0.0, 0.0]",,0.3409090909090909,0.3409090909090909,0.9431818181818182,0.9431818181818182,0.0,0,0,1.0,1.0,0,False
track1_5ch,recordingSessionGroup,M36_LOGISTIC_SAFE_GATE,SAFE-STRICT,INCONGRUENT_CONTEXT,0.85,88,176,0,0,,0.0,0.0,,,"[null, null]",0,0,0.0,"[null, null]",0.0,"[0.0, 0.0418270666648922]",0.49886363636363634,0.49886363636363634,0.0,"[0.0, 0.0]",,0.3409090909090909,0.3409090909090909,0.9431818181818182,0.9431818181818182,0.0,0,0,1.0,1.0,0,False
track1_5ch,recordingSessionGroup,M36_LOGISTIC_SAFE_GATE,SAFE-STRICT,INCONGRUENT_CONTEXT,0.90,88,176,0,0,,0.0,0.0,,,"[null, null]",0,0,0.0,"[null, null]",0.0,"[0.0, 0.0418270666648922]",0.49886363636363634,0.49886363636363634,0.0,"[0.0, 0.0]",,0.3409090909090909,0.3409090909090909,0.9431818181818182,0.9431818181818182,0.0,0,0,1.0,1.0,0,False
track1_5ch,recordingSessionGroup,M36_LOGISTIC_SAFE_GATE,SAFE-STRICT,INCONGRUENT_CONTEXT,0.95,88,176,0,0,,0.0,0.0,,,"[null, null]",0,0,0.0,"[null, null]",0.0,"[0.0, 0.0418270666648922]",0.49886363636363634,0.49886363636363634,0.0,"[0.0, 0.0]",,0.3409090909090909,0.3409090909090909,0.9431818181818182,0.9431818181818182,0.0,0,0,1.0,1.0,0,False
track1_5ch,recordingSessionGroup,M36_LOGISTIC_VIEW_GUARDED,SAFE-95,INCONGRUENT_CONTEXT,0.45,88,176,1,1,,0.005681818181818182,0.011363636363636364,0.0,0.0,"[0.0, 0.7934506856227626]",1,1,1.0,"[0.20654931437723745, 1.0]",0.011363636363636364,"[0.0020087853177044694, 0.061594938922985634]",0.4980113636363636,0.49886363636363634,0.0008522727272727274,"[0.0, 0.0025568181818181822]",0.15000000000000002,0.3465909090909091,0.3465909090909091,0.9375,0.9318181818181818,-0.011363636363636364,1,0,1.0,0.9943181818181818,0,False
track1_5ch,recordingSessionGroup,M36_LOGISTIC_VIEW_GUARDED,SAFE-95,INCONGRUENT_CONTEXT,0.50,88,176,1,1,,0.005681818181818182,0.011363636363636364,0.0,0.0,"[0.0, 0.7934506856227626]",1,1,1.0,"[0.20654931437723745, 1.0]",0.011363636363636364,"[0.0020087853177044694, 0.061594938922985634]",0.4980113636363636,0.49886363636363634,0.0008522727272727274,"[0.0, 0.0025568181818181822]",0.15000000000000002,0.3465909090909091,0.3465909090909091,0.9375,0.9318181818181818,-0.011363636363636364,1,0,1.0,0.9943181818181818,0,False
track1_5ch,recordingSessionGroup,M36_LOGISTIC_VIEW_GUARDED,SAFE-95,INCONGRUENT_CONTEXT,0.55,88,176,1,1,,0.005681818181818182,0.011363636363636364,0.0,0.0,"[0.0, 0.7934506856227626]",1,1,1.0,"[0.20654931437723745, 1.0]",0.011363636363636364,"[0.0020087853177044694, 0.061594938922985634]",0.4980113636363636,0.49886363636363634,0.0008522727272727274,"[0.0, 0.0025568181818181822]",0.15000000000000002,0.3465909090909091,0.3465909090909091,0.9375,0.9318181818181818,-0.011363636363636364,1,0,1.0,0.9943181818181818,0,False
track1_5ch,recordingSessionGroup,M36_LOGISTIC_VIEW_GUARDED,SAFE-95,INCONGRUENT_CONTEXT,0.60,88,176,1,1,,0.005681818181818182,0.011363636363636364,0.0,0.0,"[0.0, 0.7934506856227626]",1,1,1.0,"[0.20654931437723745, 1.0]",0.011363636363636364,"[0.0020087853177044694, 0.061594938922985634]",0.4980113636363636,0.49886363636363634,0.0008522727272727274,"[0.0, 0.00340909090909091]",0.15000000000000002,0.3465909090909091,0.3465909090909091,0.9375,0.9318181818181818,-0.011363636363636364,1,0,1.0,0.9943181818181818,0,False
track1_5ch,recordingSessionGroup,M36_LOGISTIC_VIEW_GUARDED,SAFE-95,INCONGRUENT_CONTEXT,0.65,88,176,1,1,,0.005681818181818182,0.011363636363636364,0.0,0.0,"[0.0, 0.7934506856227626]",1,1,1.0,"[0.20654931437723745, 1.0]",0.011363636363636364,"[0.0020087853177044694, 0.061594938922985634]",0.4980113636363636,0.49886363636363634,0.0008522727272727274,"[0.0, 0.0025568181818181822]",0.15000000000000002,0.3465909090909091,0.3465909090909091,0.9375,0.9318181818181818,-0.011363636363636364,1,0,1.0,0.9943181818181818,0,False
track1_5ch,recordingSessionGroup,M36_LOGISTIC_VIEW_GUARDED,SAFE-95,INCONGRUENT_CONTEXT,0.70,88,176,1,1,,0.005681818181818182,0.011363636363636364,0.0,0.0,"[0.0, 0.7934506856227626]",1,1,1.0,"[0.20654931437723745, 1.0]",0.011363636363636364,"[0.0020087853177044694, 0.061594938922985634]",0.4980113636363636,0.49886363636363634,0.0008522727272727274,"[0.0, 0.0025568181818181822]",0.15000000000000002,0.3465909090909091,0.3465909090909091,0.9375,0.9318181818181818,-0.011363636363636364,1,0,1.0,0.9943181818181818,0,False
track1_5ch,recordingSessionGroup,M36_LOGISTIC_VIEW_GUARDED,SAFE-95,INCONGRUENT_CONTEXT,0.75,88,176,1,1,,0.005681818181818182,0.011363636363636364,0.0,0.0,"[0.0, 0.7934506856227626]",1,1,1.0,"[0.20654931437723745, 1.0]",0.011363636363636364,"[0.0020087853177044694, 0.061594938922985634]",0.4980113636363636,0.49886363636363634,0.0008522727272727274,"[0.0, 0.0025568181818181822]",0.15000000000000002,0.3465909090909091,0.3465909090909091,0.9375,0.9318181818181818,-0.011363636363636364,1,0,1.0,0.9943181818181818,0,False
track1_5ch,recordingSessionGroup,M36_LOGISTIC_VIEW_GUARDED,SAFE-95,INCONGRUENT_CONTEXT,0.80,88,176,1,1,,0.005681818181818182,0.011363636363636364,0.0,0.0,"[0.0, 0.7934506856227626]",1,1,1.0,"[0.20654931437723745, 1.0]",0.011363636363636364,"[0.0020087853177044694, 0.061594938922985634]",0.4980113636363636,0.49886363636363634,0.0008522727272727274,"[0.0, 0.0025568181818181822]",0.15000000000000002,0.3465909090909091,0.3465909090909091,0.9375,0.9318181818181818,-0.011363636363636364,1,0,1.0,0.9943181818181818,0,False
track1_5ch,recordingSessionGroup,M36_LOGISTIC_VIEW_GUARDED,SAFE-95,INCONGRUENT_CONTEXT,0.85,88,176,1,1,,0.005681818181818182,0.011363636363636364,0.0,0.0,"[0.0, 0.7934506856227626]",1,1,1.0,"[0.20654931437723745, 1.0]",0.011363636363636364,"[0.0020087853177044694, 0.061594938922985634]",0.4980113636363636,0.49886363636363634,0.0008522727272727274,"[0.0, 0.0025568181818181822]",0.15000000000000002,0.3465909090909091,0.3465909090909091,0.9375,0.9318181818181818,-0.011363636363636364,1,0,1.0,0.9943181818181818,0,False
track1_5ch,recordingSessionGroup,M36_LOGISTIC_VIEW_GUARDED,SAFE-95,INCONGRUENT_CONTEXT,0.90,88,176,1,1,,0.005681818181818182,0.011363636363636364,0.0,0.0,"[0.0, 0.7934506856227626]",1,1,1.0,"[0.20654931437723745, 1.0]",0.011363636363636364,"[0.0020087853177044694, 0.061594938922985634]",0.4980113636363636,0.49886363636363634,0.0008522727272727274,"[0.0, 0.0025568181818181822]",0.15000000000000002,0.3465909090909091,0.3465909090909091,0.9375,0.9318181818181818,-0.011363636363636364,1,0,1.0,0.9943181818181818,0,False
track1_5ch,recordingSessionGroup,M36_LOGISTIC_VIEW_GUARDED,SAFE-95,INCONGRUENT_CONTEXT,0.95,88,176,1,1,,0.005681818181818182,0.011363636363636364,0.0,0.0,"[0.0, 0.7934506856227626]",1,1,1.0,"[0.20654931437723745, 1.0]",0.011363636363636364,"[0.0020087853177044694, 0.061594938922985634]",0.4980113636363636,0.49886363636363634,0.0008522727272727274,"[0.0, 0.0025568181818181822]",0.15000000000000002,0.3465909090909091,0.3465909090909091,0.9375,0.9318181818181818,-0.011363636363636364,1,0,1.0,0.9943181818181818,0,False
track1_5ch,recordingSessionGroup,M36_LOGISTIC_VIEW_GUARDED,SAFE-99,INCONGRUENT_CONTEXT,0.45,88,176,1,1,,0.005681818181818182,0.011363636363636364,0.0,0.0,"[0.0, 0.7934506856227626]",1,1,1.0,"[0.20654931437723745, 1.0]",0.011363636363636364,"[0.0020087853177044694, 0.061594938922985634]",0.4980113636363636,0.49886363636363634,0.0008522727272727274,"[0.0, 0.0025568181818181822]",0.15000000000000002,0.3465909090909091,0.3465909090909091,0.9375,0.9318181818181818,-0.011363636363636364,1,0,1.0,0.9943181818181818,0,False
track1_5ch,recordingSessionGroup,M36_LOGISTIC_VIEW_GUARDED,SAFE-99,INCONGRUENT_CONTEXT,0.50,88,176,1,1,,0.005681818181818182,0.011363636363636364,0.0,0.0,"[0.0, 0.7934506856227626]",1,1,1.0,"[0.20654931437723745, 1.0]",0.011363636363636364,"[0.0020087853177044694, 0.061594938922985634]",0.4980113636363636,0.49886363636363634,0.0008522727272727274,"[0.0, 0.0025568181818181822]",0.15000000000000002,0.3465909090909091,0.3465909090909091,0.9375,0.9318181818181818,-0.011363636363636364,1,0,1.0,0.9943181818181818,0,False
track1_5ch,recordingSessionGroup,M36_LOGISTIC_VIEW_GUARDED,SAFE-99,INCONGRUENT_CONTEXT,0.55,88,176,1,1,,0.005681818181818182,0.011363636363636364,0.0,0.0,"[0.0, 0.7934506856227626]",1,1,1.0,"[0.20654931437723745, 1.0]",0.011363636363636364,"[0.0020087853177044694, 0.061594938922985634]",0.4980113636363636,0.49886363636363634,0.0008522727272727274,"[0.0, 0.0025568181818181822]",0.15000000000000002,0.3465909090909091,0.3465909090909091,0.9375,0.9318181818181818,-0.011363636363636364,1,0,1.0,0.9943181818181818,0,False
track1_5ch,recordingSessionGroup,M36_LOGISTIC_VIEW_GUARDED,SAFE-99,INCONGRUENT_CONTEXT,0.60,88,176,1,1,,0.005681818181818182,0.011363636363636364,0.0,0.0,"[0.0, 0.7934506856227626]",1,1,1.0,"[0.20654931437723745, 1.0]",0.011363636363636364,"[0.0020087853177044694, 0.061594938922985634]",0.4980113636363636,0.49886363636363634,0.0008522727272727274,"[0.0, 0.0025568181818181822]",0.15000000000000002,0.3465909090909091,0.3465909090909091,0.9375,0.9318181818181818,-0.011363636363636364,1,0,1.0,0.9943181818181818,0,False
track1_5ch,recordingSessionGroup,M36_LOGISTIC_VIEW_GUARDED,SAFE-99,INCONGRUENT_CONTEXT,0.65,88,176,1,1,,0.005681818181818182,0.011363636363636364,0.0,0.0,"[0.0, 0.7934506856227626]",1,1,1.0,"[0.20654931437723745, 1.0]",0.011363636363636364,"[0.0020087853177044694, 0.061594938922985634]",0.4980113636363636,0.49886363636363634,0.0008522727272727274,"[0.0, 0.0025568181818181822]",0.15000000000000002,0.3465909090909091,0.3465909090909091,0.9375,0.9318181818181818,-0.011363636363636364,1,0,1.0,0.9943181818181818,0,False
track1_5ch,recordingSessionGroup,M36_LOGISTIC_VIEW_GUARDED,SAFE-99,INCONGRUENT_CONTEXT,0.70,88,176,1,1,,0.005681818181818182,0.011363636363636364,0.0,0.0,"[0.0, 0.7934506856227626]",1,1,1.0,"[0.20654931437723745, 1.0]",0.011363636363636364,"[0.0020087853177044694, 0.061594938922985634]",0.4980113636363636,0.49886363636363634,0.0008522727272727274,"[0.0, 0.0025568181818181822]",0.15000000000000002,0.3465909090909091,0.3465909090909091,0.9375,0.9318181818181818,-0.011363636363636364,1,0,1.0,0.9943181818181818,0,False
track1_5ch,recordingSessionGroup,M36_LOGISTIC_VIEW_GUARDED,SAFE-99,INCONGRUENT_CONTEXT,0.75,88,176,1,1,,0.005681818181818182,0.011363636363636364,0.0,0.0,"[0.0, 0.7934506856227626]",1,1,1.0,"[0.20654931437723745, 1.0]",0.011363636363636364,"[0.0020087853177044694, 0.061594938922985634]",0.4980113636363636,0.49886363636363634,0.0008522727272727274,"[0.0, 0.0025568181818181822]",0.15000000000000002,0.3465909090909091,0.3465909090909091,0.9375,0.9318181818181818,-0.011363636363636364,1,0,1.0,0.9943181818181818,0,False
track1_5ch,recordingSessionGroup,M36_LOGISTIC_VIEW_GUARDED,SAFE-99,INCONGRUENT_CONTEXT,0.80,88,176,1,1,,0.005681818181818182,0.011363636363636364,0.0,0.0,"[0.0, 0.7934506856227626]",1,1,1.0,"[0.20654931437723745, 1.0]",0.011363636363636364,"[0.0020087853177044694, 0.061594938922985634]",0.4980113636363636,0.49886363636363634,0.0008522727272727274,"[0.0, 0.0025568181818181822]",0.15000000000000002,0.3465909090909091,0.3465909090909091,0.9375,0.9318181818181818,-0.011363636363636364,1,0,1.0,0.9943181818181818,0,False
track1_5ch,recordingSessionGroup,M36_LOGISTIC_VIEW_GUARDED,SAFE-99,INCONGRUENT_CONTEXT,0.85,88,176,1,1,,0.005681818181818182,0.011363636363636364,0.0,0.0,"[0.0, 0.7934506856227626]",1,1,1.0,"[0.20654931437723745, 1.0]",0.011363636363636364,"[0.0020087853177044694, 0.061594938922985634]",0.4980113636363636,0.49886363636363634,0.0008522727272727274,"[0.0, 0.0025568181818181822]",0.15000000000000002,0.3465909090909091,0.3465909090909091,0.9375,0.9318181818181818,-0.011363636363636364,1,0,1.0,0.9943181818181818,0,False
track1_5ch,recordingSessionGroup,M36_LOGISTIC_VIEW_GUARDED,SAFE-99,INCONGRUENT_CONTEXT,0.90,88,176,1,1,,0.005681818181818182,0.011363636363636364,0.0,0.0,"[0.0, 0.7934506856227626]",1,1,1.0,"[0.20654931437723745, 1.0]",0.011363636363636364,"[0.0020087853177044694, 0.061594938922985634]",0.4980113636363636,0.49886363636363634,0.0008522727272727274,"[0.0, 0.0025568181818181822]",0.15000000000000002,0.3465909090909091,0.3465909090909091,0.9375,0.9318181818181818,-0.011363636363636364,1,0,1.0,0.9943181818181818,0,False
track1_5ch,recordingSessionGroup,M36_LOGISTIC_VIEW_GUARDED,SAFE-99,INCONGRUENT_CONTEXT,0.95,88,176,1,1,,0.005681818181818182,0.011363636363636364,0.0,0.0,"[0.0, 0.7934506856227626]",1,1,1.0,"[0.20654931437723745, 1.0]",0.011363636363636364,"[0.0020087853177044694, 0.061594938922985634]",0.4980113636363636,0.49886363636363634,0.0008522727272727274,"[0.0, 0.0025568181818181822]",0.15000000000000002,0.3465909090909091,0.3465909090909091,0.9375,0.9318181818181818,-0.011363636363636364,1,0,1.0,0.9943181818181818,0,False
track1_5ch,recordingSessionGroup,M36_LOGISTIC_VIEW_GUARDED,SAFE-STRICT,INCONGRUENT_CONTEXT,0.45,88,176,1,1,,0.005681818181818182,0.011363636363636364,0.0,0.0,"[0.0, 0.7934506856227626]",1,1,1.0,"[0.20654931437723745, 1.0]",0.011363636363636364,"[0.0020087853177044694, 0.061594938922985634]",0.4980113636363636,0.49886363636363634,0.0008522727272727274,"[0.0, 0.0025568181818181822]",0.15000000000000002,0.3465909090909091,0.3465909090909091,0.9375,0.9318181818181818,-0.011363636363636364,1,0,1.0,0.9943181818181818,0,False
track1_5ch,recordingSessionGroup,M36_LOGISTIC_VIEW_GUARDED,SAFE-STRICT,INCONGRUENT_CONTEXT,0.50,88,176,1,1,,0.005681818181818182,0.011363636363636364,0.0,0.0,"[0.0, 0.7934506856227626]",1,1,1.0,"[0.20654931437723745, 1.0]",0.011363636363636364,"[0.0020087853177044694, 0.061594938922985634]",0.4980113636363636,0.49886363636363634,0.0008522727272727274,"[0.0, 0.0025568181818181822]",0.15000000000000002,0.3465909090909091,0.3465909090909091,0.9375,0.9318181818181818,-0.011363636363636364,1,0,1.0,0.9943181818181818,0,False
track1_5ch,recordingSessionGroup,M36_LOGISTIC_VIEW_GUARDED,SAFE-STRICT,INCONGRUENT_CONTEXT,0.55,88,176,1,1,,0.005681818181818182,0.011363636363636364,0.0,0.0,"[0.0, 0.7934506856227626]",1,1,1.0,"[0.20654931437723745, 1.0]",0.011363636363636364,"[0.0020087853177044694, 0.061594938922985634]",0.4980113636363636,0.49886363636363634,0.0008522727272727274,"[0.0, 0.0025568181818181822]",0.15000000000000002,0.3465909090909091,0.3465909090909091,0.9375,0.9318181818181818,-0.011363636363636364,1,0,1.0,0.9943181818181818,0,False
track1_5ch,recordingSessionGroup,M36_LOGISTIC_VIEW_GUARDED,SAFE-STRICT,INCONGRUENT_CONTEXT,0.60,88,176,1,1,,0.005681818181818182,0.011363636363636364,0.0,0.0,"[0.0, 0.7934506856227626]",1,1,1.0,"[0.20654931437723745, 1.0]",0.011363636363636364,"[0.0020087853177044694, 0.061594938922985634]",0.4980113636363636,0.49886363636363634,0.0008522727272727274,"[0.0, 0.0025568181818181822]",0.15000000000000002,0.3465909090909091,0.3465909090909091,0.9375,0.9318181818181818,-0.011363636363636364,1,0,1.0,0.9943181818181818,0,False
track1_5ch,recordingSessionGroup,M36_LOGISTIC_VIEW_GUARDED,SAFE-STRICT,INCONGRUENT_CONTEXT,0.65,88,176,1,1,,0.005681818181818182,0.011363636363636364,0.0,0.0,"[0.0, 0.7934506856227626]",1,1,1.0,"[0.20654931437723745, 1.0]",0.011363636363636364,"[0.0020087853177044694, 0.061594938922985634]",0.4980113636363636,0.49886363636363634,0.0008522727272727274,"[0.0, 0.0025568181818181822]",0.15000000000000002,0.3465909090909091,0.3465909090909091,0.9375,0.9318181818181818,-0.011363636363636364,1,0,1.0,0.9943181818181818,0,False
track1_5ch,recordingSessionGroup,M36_LOGISTIC_VIEW_GUARDED,SAFE-STRICT,INCONGRUENT_CONTEXT,0.70,88,176,1,1,,0.005681818181818182,0.011363636363636364,0.0,0.0,"[0.0, 0.7934506856227626]",1,1,1.0,"[0.20654931437723745, 1.0]",0.011363636363636364,"[0.0020087853177044694, 0.061594938922985634]",0.4980113636363636,0.49886363636363634,0.0008522727272727274,"[0.0, 0.0025568181818181822]",0.15000000000000002,0.3465909090909091,0.3465909090909091,0.9375,0.9318181818181818,-0.011363636363636364,1,0,1.0,0.9943181818181818,0,False
track1_5ch,recordingSessionGroup,M36_LOGISTIC_VIEW_GUARDED,SAFE-STRICT,INCONGRUENT_CONTEXT,0.75,88,176,1,1,,0.005681818181818182,0.011363636363636364,0.0,0.0,"[0.0, 0.7934506856227626]",1,1,1.0,"[0.20654931437723745, 1.0]",0.011363636363636364,"[0.0020087853177044694, 0.061594938922985634]",0.4980113636363636,0.49886363636363634,0.0008522727272727274,"[0.0, 0.0025568181818181822]",0.15000000000000002,0.3465909090909091,0.3465909090909091,0.9375,0.9318181818181818,-0.011363636363636364,1,0,1.0,0.9943181818181818,0,False
track1_5ch,recordingSessionGroup,M36_LOGISTIC_VIEW_GUARDED,SAFE-STRICT,INCONGRUENT_CONTEXT,0.80,88,176,1,1,,0.005681818181818182,0.011363636363636364,0.0,0.0,"[0.0, 0.7934506856227626]",1,1,1.0,"[0.20654931437723745, 1.0]",0.011363636363636364,"[0.0020087853177044694, 0.061594938922985634]",0.4980113636363636,0.49886363636363634,0.0008522727272727274,"[0.0, 0.0025568181818181822]",0.15000000000000002,0.3465909090909091,0.3465909090909091,0.9375,0.9318181818181818,-0.011363636363636364,1,0,1.0,0.9943181818181818,0,False
track1_5ch,recordingSessionGroup,M36_LOGISTIC_VIEW_GUARDED,SAFE-STRICT,INCONGRUENT_CONTEXT,0.85,88,176,1,1,,0.005681818181818182,0.011363636363636364,0.0,0.0,"[0.0, 0.7934506856227626]",1,1,1.0,"[0.20654931437723745, 1.0]",0.011363636363636364,"[0.0020087853177044694, 0.061594938922985634]",0.4980113636363636,0.49886363636363634,0.0008522727272727274,"[0.0, 0.0025568181818181822]",0.15000000000000002,0.3465909090909091,0.3465909090909091,0.9375,0.9318181818181818,-0.011363636363636364,1,0,1.0,0.9943181818181818,0,False
track1_5ch,recordingSessionGroup,M36_LOGISTIC_VIEW_GUARDED,SAFE-STRICT,INCONGRUENT_CONTEXT,0.90,88,176,1,1,,0.005681818181818182,0.011363636363636364,0.0,0.0,"[0.0, 0.7934506856227626]",1,1,1.0,"[0.20654931437723745, 1.0]",0.011363636363636364,"[0.0020087853177044694, 0.061594938922985634]",0.4980113636363636,0.49886363636363634,0.0008522727272727274,"[0.0, 0.0025568181818181822]",0.15000000000000002,0.3465909090909091,0.3465909090909091,0.9375,0.9318181818181818,-0.011363636363636364,1,0,1.0,0.9943181818181818,0,False
track1_5ch,recordingSessionGroup,M36_LOGISTIC_VIEW_GUARDED,SAFE-STRICT,INCONGRUENT_CONTEXT,0.95,88,176,1,1,,0.005681818181818182,0.011363636363636364,0.0,0.0,"[0.0, 0.7934506856227626]",1,1,1.0,"[0.20654931437723745, 1.0]",0.011363636363636364,"[0.0020087853177044694, 0.061594938922985634]",0.4980113636363636,0.49886363636363634,0.0008522727272727274,"[0.0, 0.0025568181818181822]",0.15000000000000002,0.3465909090909091,0.3465909090909091,0.9375,0.9318181818181818,-0.011363636363636364,1,0,1.0,0.9943181818181818,0,False
track1_5ch,recordingSessionGroup,M36_MULTI_VIEW_RULE,SAFE-95,INCONGRUENT_CONTEXT,0.45,88,176,0,0,,0.0,0.0,,,"[null, null]",0,0,0.0,"[null, null]",0.0,"[0.0, 0.0418270666648922]",0.49886363636363634,0.49886363636363634,0.0,"[0.0, 0.0]",,0.3409090909090909,0.3409090909090909,0.9431818181818182,0.9431818181818182,0.0,0,0,1.0,1.0,0,False
track1_5ch,recordingSessionGroup,M36_MULTI_VIEW_RULE,SAFE-95,INCONGRUENT_CONTEXT,0.50,88,176,0,0,,0.0,0.0,,,"[null, null]",0,0,0.0,"[null, null]",0.0,"[0.0, 0.0418270666648922]",0.49886363636363634,0.49886363636363634,0.0,"[0.0, 0.0]",,0.3409090909090909,0.3409090909090909,0.9431818181818182,0.9431818181818182,0.0,0,0,1.0,1.0,0,False
track1_5ch,recordingSessionGroup,M36_MULTI_VIEW_RULE,SAFE-95,INCONGRUENT_CONTEXT,0.55,88,176,0,0,,0.0,0.0,,,"[null, null]",0,0,0.0,"[null, null]",0.0,"[0.0, 0.0418270666648922]",0.49886363636363634,0.49886363636363634,0.0,"[0.0, 0.0]",,0.3409090909090909,0.3409090909090909,0.9431818181818182,0.9431818181818182,0.0,0,0,1.0,1.0,0,False
track1_5ch,recordingSessionGroup,M36_MULTI_VIEW_RULE,SAFE-95,INCONGRUENT_CONTEXT,0.60,88,176,0,0,,0.0,0.0,,,"[null, null]",0,0,0.0,"[null, null]",0.0,"[0.0, 0.0418270666648922]",0.49886363636363634,0.49886363636363634,0.0,"[0.0, 0.0]",,0.3409090909090909,0.3409090909090909,0.9431818181818182,0.9431818181818182,0.0,0,0,1.0,1.0,0,False
track1_5ch,recordingSessionGroup,M36_MULTI_VIEW_RULE,SAFE-95,INCONGRUENT_CONTEXT,0.65,88,176,0,0,,0.0,0.0,,,"[null, null]",0,0,0.0,"[null, null]",0.0,"[0.0, 0.0418270666648922]",0.49886363636363634,0.49886363636363634,0.0,"[0.0, 0.0]",,0.3409090909090909,0.3409090909090909,0.9431818181818182,0.9431818181818182,0.0,0,0,1.0,1.0,0,False
track1_5ch,recordingSessionGroup,M36_MULTI_VIEW_RULE,SAFE-95,INCONGRUENT_CONTEXT,0.70,88,176,0,0,,0.0,0.0,,,"[null, null]",0,0,0.0,"[null, null]",0.0,"[0.0, 0.0418270666648922]",0.49886363636363634,0.49886363636363634,0.0,"[0.0, 0.0]",,0.3409090909090909,0.3409090909090909,0.9431818181818182,0.9431818181818182,0.0,0,0,1.0,1.0,0,False
track1_5ch,recordingSessionGroup,M36_MULTI_VIEW_RULE,SAFE-95,INCONGRUENT_CONTEXT,0.75,88,176,0,0,,0.0,0.0,,,"[null, null]",0,0,0.0,"[null, null]",0.0,"[0.0, 0.0418270666648922]",0.49886363636363634,0.49886363636363634,0.0,"[0.0, 0.0]",,0.3409090909090909,0.3409090909090909,0.9431818181818182,0.9431818181818182,0.0,0,0,1.0,1.0,0,False
track1_5ch,recordingSessionGroup,M36_MULTI_VIEW_RULE,SAFE-95,INCONGRUENT_CONTEXT,0.80,88,176,1,1,,0.005681818181818182,0.011363636363636364,0.0,0.0,"[0.0, 0.7934506856227626]",1,1,1.0,"[0.20654931437723745, 1.0]",0.011363636363636364,"[0.0020087853177044694, 0.061594938922985634]",0.4948863636363635,0.49886363636363634,0.003977272727272727,"[0.0, 0.01193181818181818]",0.7,0.3465909090909091,0.3465909090909091,0.9375,0.9318181818181818,-0.011363636363636364,1,0,1.0,0.9943181818181818,0,False
track1_5ch,recordingSessionGroup,M36_MULTI_VIEW_RULE,SAFE-95,INCONGRUENT_CONTEXT,0.85,88,176,1,1,,0.005681818181818182,0.011363636363636364,0.0,0.0,"[0.0, 0.7934506856227626]",1,1,1.0,"[0.20654931437723745, 1.0]",0.011363636363636364,"[0.0020087853177044694, 0.061594938922985634]",0.4948863636363635,0.49886363636363634,0.003977272727272727,"[0.0, 0.01193181818181818]",0.7,0.3465909090909091,0.3465909090909091,0.9375,0.9318181818181818,-0.011363636363636364,1,0,1.0,0.9943181818181818,0,False
track1_5ch,recordingSessionGroup,M36_MULTI_VIEW_RULE,SAFE-95,INCONGRUENT_CONTEXT,0.90,88,176,1,1,,0.005681818181818182,0.011363636363636364,0.0,0.0,"[0.0, 0.7934506856227626]",1,1,1.0,"[0.20654931437723745, 1.0]",0.011363636363636364,"[0.0020087853177044694, 0.061594938922985634]",0.4948863636363635,0.49886363636363634,0.003977272727272727,"[0.0, 0.01193181818181818]",0.7,0.3465909090909091,0.3465909090909091,0.9375,0.9318181818181818,-0.011363636363636364,1,0,1.0,0.9943181818181818,0,False
track1_5ch,recordingSessionGroup,M36_MULTI_VIEW_RULE,SAFE-95,INCONGRUENT_CONTEXT,0.95,88,176,1,1,,0.005681818181818182,0.011363636363636364,0.0,0.0,"[0.0, 0.7934506856227626]",1,1,1.0,"[0.20654931437723745, 1.0]",0.011363636363636364,"[0.0020087853177044694, 0.061594938922985634]",0.4948863636363635,0.49886363636363634,0.003977272727272727,"[0.0, 0.01193181818181818]",0.7,0.3465909090909091,0.3465909090909091,0.9375,0.9318181818181818,-0.011363636363636364,1,0,1.0,0.9943181818181818,0,False
track1_5ch,recordingSessionGroup,M36_MULTI_VIEW_RULE,SAFE-99,INCONGRUENT_CONTEXT,0.45,88,176,0,0,,0.0,0.0,,,"[null, null]",0,0,0.0,"[null, null]",0.0,"[0.0, 0.0418270666648922]",0.49886363636363634,0.49886363636363634,0.0,"[0.0, 0.0]",,0.3409090909090909,0.3409090909090909,0.9431818181818182,0.9431818181818182,0.0,0,0,1.0,1.0,0,False
track1_5ch,recordingSessionGroup,M36_MULTI_VIEW_RULE,SAFE-99,INCONGRUENT_CONTEXT,0.50,88,176,0,0,,0.0,0.0,,,"[null, null]",0,0,0.0,"[null, null]",0.0,"[0.0, 0.0418270666648922]",0.49886363636363634,0.49886363636363634,0.0,"[0.0, 0.0]",,0.3409090909090909,0.3409090909090909,0.9431818181818182,0.9431818181818182,0.0,0,0,1.0,1.0,0,False
track1_5ch,recordingSessionGroup,M36_MULTI_VIEW_RULE,SAFE-99,INCONGRUENT_CONTEXT,0.55,88,176,0,0,,0.0,0.0,,,"[null, null]",0,0,0.0,"[null, null]",0.0,"[0.0, 0.0418270666648922]",0.49886363636363634,0.49886363636363634,0.0,"[0.0, 0.0]",,0.3409090909090909,0.3409090909090909,0.9431818181818182,0.9431818181818182,0.0,0,0,1.0,1.0,0,False
track1_5ch,recordingSessionGroup,M36_MULTI_VIEW_RULE,SAFE-99,INCONGRUENT_CONTEXT,0.60,88,176,0,0,,0.0,0.0,,,"[null, null]",0,0,0.0,"[null, null]",0.0,"[0.0, 0.0418270666648922]",0.49886363636363634,0.49886363636363634,0.0,"[0.0, 0.0]",,0.3409090909090909,0.3409090909090909,0.9431818181818182,0.9431818181818182,0.0,0,0,1.0,1.0,0,False
track1_5ch,recordingSessionGroup,M36_MULTI_VIEW_RULE,SAFE-99,INCONGRUENT_CONTEXT,0.65,88,176,0,0,,0.0,0.0,,,"[null, null]",0,0,0.0,"[null, null]",0.0,"[0.0, 0.0418270666648922]",0.49886363636363634,0.49886363636363634,0.0,"[0.0, 0.0]",,0.3409090909090909,0.3409090909090909,0.9431818181818182,0.9431818181818182,0.0,0,0,1.0,1.0,0,False
track1_5ch,recordingSessionGroup,M36_MULTI_VIEW_RULE,SAFE-99,INCONGRUENT_CONTEXT,0.70,88,176,0,0,,0.0,0.0,,,"[null, null]",0,0,0.0,"[null, null]",0.0,"[0.0, 0.0418270666648922]",0.49886363636363634,0.49886363636363634,0.0,"[0.0, 0.0]",,0.3409090909090909,0.3409090909090909,0.9431818181818182,0.9431818181818182,0.0,0,0,1.0,1.0,0,False
track1_5ch,recordingSessionGroup,M36_MULTI_VIEW_RULE,SAFE-99,INCONGRUENT_CONTEXT,0.75,88,176,0,0,,0.0,0.0,,,"[null, null]",0,0,0.0,"[null, null]",0.0,"[0.0, 0.0418270666648922]",0.49886363636363634,0.49886363636363634,0.0,"[0.0, 0.0]",,0.3409090909090909,0.3409090909090909,0.9431818181818182,0.9431818181818182,0.0,0,0,1.0,1.0,0,False
track1_5ch,recordingSessionGroup,M36_MULTI_VIEW_RULE,SAFE-99,INCONGRUENT_CONTEXT,0.80,88,176,1,1,,0.005681818181818182,0.011363636363636364,0.0,0.0,"[0.0, 0.7934506856227626]",1,1,1.0,"[0.20654931437723745, 1.0]",0.011363636363636364,"[0.0020087853177044694, 0.061594938922985634]",0.4948863636363635,0.49886363636363634,0.003977272727272727,"[0.0, 0.01193181818181818]",0.7,0.3465909090909091,0.3465909090909091,0.9375,0.9318181818181818,-0.011363636363636364,1,0,1.0,0.9943181818181818,0,False
track1_5ch,recordingSessionGroup,M36_MULTI_VIEW_RULE,SAFE-99,INCONGRUENT_CONTEXT,0.85,88,176,1,1,,0.005681818181818182,0.011363636363636364,0.0,0.0,"[0.0, 0.7934506856227626]",1,1,1.0,"[0.20654931437723745, 1.0]",0.011363636363636364,"[0.0020087853177044694, 0.061594938922985634]",0.4948863636363635,0.49886363636363634,0.003977272727272727,"[0.0, 0.01193181818181818]",0.7,0.3465909090909091,0.3465909090909091,0.9375,0.9318181818181818,-0.011363636363636364,1,0,1.0,0.9943181818181818,0,False
track1_5ch,recordingSessionGroup,M36_MULTI_VIEW_RULE,SAFE-99,INCONGRUENT_CONTEXT,0.90,88,176,1,1,,0.005681818181818182,0.011363636363636364,0.0,0.0,"[0.0, 0.7934506856227626]",1,1,1.0,"[0.20654931437723745, 1.0]",0.011363636363636364,"[0.0020087853177044694, 0.061594938922985634]",0.4948863636363635,0.49886363636363634,0.003977272727272727,"[0.0, 0.01193181818181818]",0.7,0.3465909090909091,0.3465909090909091,0.9375,0.9318181818181818,-0.011363636363636364,1,0,1.0,0.9943181818181818,0,False
track1_5ch,recordingSessionGroup,M36_MULTI_VIEW_RULE,SAFE-99,INCONGRUENT_CONTEXT,0.95,88,176,1,1,,0.005681818181818182,0.011363636363636364,0.0,0.0,"[0.0, 0.7934506856227626]",1,1,1.0,"[0.20654931437723745, 1.0]",0.011363636363636364,"[0.0020087853177044694, 0.061594938922985634]",0.4948863636363635,0.49886363636363634,0.003977272727272727,"[0.0, 0.01193181818181818]",0.7,0.3465909090909091,0.3465909090909091,0.9375,0.9318181818181818,-0.011363636363636364,1,0,1.0,0.9943181818181818,0,False
track1_5ch,recordingSessionGroup,M36_MULTI_VIEW_RULE,SAFE-STRICT,INCONGRUENT_CONTEXT,0.45,88,176,0,0,,0.0,0.0,,,"[null, null]",0,0,0.0,"[null, null]",0.0,"[0.0, 0.0418270666648922]",0.49886363636363634,0.49886363636363634,0.0,"[0.0, 0.0]",,0.3409090909090909,0.3409090909090909,0.9431818181818182,0.9431818181818182,0.0,0,0,1.0,1.0,0,False
track1_5ch,recordingSessionGroup,M36_MULTI_VIEW_RULE,SAFE-STRICT,INCONGRUENT_CONTEXT,0.50,88,176,0,0,,0.0,0.0,,,"[null, null]",0,0,0.0,"[null, null]",0.0,"[0.0, 0.0418270666648922]",0.49886363636363634,0.49886363636363634,0.0,"[0.0, 0.0]",,0.3409090909090909,0.3409090909090909,0.9431818181818182,0.9431818181818182,0.0,0,0,1.0,1.0,0,False
track1_5ch,recordingSessionGroup,M36_MULTI_VIEW_RULE,SAFE-STRICT,INCONGRUENT_CONTEXT,0.55,88,176,0,0,,0.0,0.0,,,"[null, null]",0,0,0.0,"[null, null]",0.0,"[0.0, 0.0418270666648922]",0.49886363636363634,0.49886363636363634,0.0,"[0.0, 0.0]",,0.3409090909090909,0.3409090909090909,0.9431818181818182,0.9431818181818182,0.0,0,0,1.0,1.0,0,False
track1_5ch,recordingSessionGroup,M36_MULTI_VIEW_RULE,SAFE-STRICT,INCONGRUENT_CONTEXT,0.60,88,176,0,0,,0.0,0.0,,,"[null, null]",0,0,0.0,"[null, null]",0.0,"[0.0, 0.0418270666648922]",0.49886363636363634,0.49886363636363634,0.0,"[0.0, 0.0]",,0.3409090909090909,0.3409090909090909,0.9431818181818182,0.9431818181818182,0.0,0,0,1.0,1.0,0,False
track1_5ch,recordingSessionGroup,M36_MULTI_VIEW_RULE,SAFE-STRICT,INCONGRUENT_CONTEXT,0.65,88,176,0,0,,0.0,0.0,,,"[null, null]",0,0,0.0,"[null, null]",0.0,"[0.0, 0.0418270666648922]",0.49886363636363634,0.49886363636363634,0.0,"[0.0, 0.0]",,0.3409090909090909,0.3409090909090909,0.9431818181818182,0.9431818181818182,0.0,0,0,1.0,1.0,0,False
track1_5ch,recordingSessionGroup,M36_MULTI_VIEW_RULE,SAFE-STRICT,INCONGRUENT_CONTEXT,0.70,88,176,0,0,,0.0,0.0,,,"[null, null]",0,0,0.0,"[null, null]",0.0,"[0.0, 0.0418270666648922]",0.49886363636363634,0.49886363636363634,0.0,"[0.0, 0.0]",,0.3409090909090909,0.3409090909090909,0.9431818181818182,0.9431818181818182,0.0,0,0,1.0,1.0,0,False
track1_5ch,recordingSessionGroup,M36_MULTI_VIEW_RULE,SAFE-STRICT,INCONGRUENT_CONTEXT,0.75,88,176,0,0,,0.0,0.0,,,"[null, null]",0,0,0.0,"[null, null]",0.0,"[0.0, 0.0418270666648922]",0.49886363636363634,0.49886363636363634,0.0,"[0.0, 0.0]",,0.3409090909090909,0.3409090909090909,0.9431818181818182,0.9431818181818182,0.0,0,0,1.0,1.0,0,False
track1_5ch,recordingSessionGroup,M36_MULTI_VIEW_RULE,SAFE-STRICT,INCONGRUENT_CONTEXT,0.80,88,176,1,1,,0.005681818181818182,0.011363636363636364,0.0,0.0,"[0.0, 0.7934506856227626]",1,1,1.0,"[0.20654931437723745, 1.0]",0.011363636363636364,"[0.0020087853177044694, 0.061594938922985634]",0.4948863636363635,0.49886363636363634,0.003977272727272727,"[0.0, 0.01193181818181818]",0.7,0.3465909090909091,0.3465909090909091,0.9375,0.9318181818181818,-0.011363636363636364,1,0,1.0,0.9943181818181818,0,False
track1_5ch,recordingSessionGroup,M36_MULTI_VIEW_RULE,SAFE-STRICT,INCONGRUENT_CONTEXT,0.85,88,176,1,1,,0.005681818181818182,0.011363636363636364,0.0,0.0,"[0.0, 0.7934506856227626]",1,1,1.0,"[0.20654931437723745, 1.0]",0.011363636363636364,"[0.0020087853177044694, 0.061594938922985634]",0.4948863636363635,0.49886363636363634,0.003977272727272727,"[0.0, 0.01193181818181818]",0.7,0.3465909090909091,0.3465909090909091,0.9375,0.9318181818181818,-0.011363636363636364,1,0,1.0,0.9943181818181818,0,False
track1_5ch,recordingSessionGroup,M36_MULTI_VIEW_RULE,SAFE-STRICT,INCONGRUENT_CONTEXT,0.90,88,176,1,1,,0.005681818181818182,0.011363636363636364,0.0,0.0,"[0.0, 0.7934506856227626]",1,1,1.0,"[0.20654931437723745, 1.0]",0.011363636363636364,"[0.0020087853177044694, 0.061594938922985634]",0.4948863636363635,0.49886363636363634,0.003977272727272727,"[0.0, 0.01193181818181818]",0.7,0.3465909090909091,0.3465909090909091,0.9375,0.9318181818181818,-0.011363636363636364,1,0,1.0,0.9943181818181818,0,False
track1_5ch,recordingSessionGroup,M36_MULTI_VIEW_RULE,SAFE-STRICT,INCONGRUENT_CONTEXT,0.95,88,176,1,1,,0.005681818181818182,0.011363636363636364,0.0,0.0,"[0.0, 0.7934506856227626]",1,1,1.0,"[0.20654931437723745, 1.0]",0.011363636363636364,"[0.0020087853177044694, 0.061594938922985634]",0.4948863636363635,0.49886363636363634,0.003977272727272727,"[0.0, 0.01193181818181818]",0.7,0.3465909090909091,0.3465909090909091,0.9375,0.9318181818181818,-0.011363636363636364,1,0,1.0,0.9943181818181818,0,False
track2_common3,acquisitionCampaignGroup,M35_CONSERVATIVE,FIXED,INCONGRUENT_CONTEXT,0.45,118,236,0,0,,0.0,0.0,,,"[null, null]",0,0,0.0,"[null, null]",0.0,"[0.0, 0.03152833902249433]",0.41694915254237286,0.41694915254237286,0.0,"[0.0, 0.0]",,0.5423728813559322,0.5423728813559322,0.864406779661017,0.864406779661017,0.0,0,0,1.0,1.0,0,
track2_common3,acquisitionCampaignGroup,M35_CONSERVATIVE,FIXED,INCONGRUENT_CONTEXT,0.50,118,236,0,0,,0.0,0.0,,,"[null, null]",0,0,0.0,"[null, null]",0.0,"[0.0, 0.03152833902249433]",0.41694915254237286,0.41694915254237286,0.0,"[0.0, 0.0]",,0.5423728813559322,0.5423728813559322,0.864406779661017,0.864406779661017,0.0,0,0,1.0,1.0,0,
track2_common3,acquisitionCampaignGroup,M35_CONSERVATIVE,FIXED,INCONGRUENT_CONTEXT,0.55,118,236,0,0,,0.0,0.0,,,"[null, null]",0,0,0.0,"[null, null]",0.0,"[0.0, 0.03152833902249433]",0.41694915254237286,0.41694915254237286,0.0,"[0.0, 0.0]",,0.5423728813559322,0.5423728813559322,0.864406779661017,0.864406779661017,0.0,0,0,1.0,1.0,0,
track2_common3,acquisitionCampaignGroup,M35_CONSERVATIVE,FIXED,INCONGRUENT_CONTEXT,0.60,118,236,1,1,,0.00423728813559322,0.00847457627118644,0.0,0.0,"[0.0, 0.7934506856227626]",1,1,1.0,"[0.20654931437723745, 1.0]",0.00847457627118644,"[0.0014975405219652578, 0.04644557241540204]",0.41419491525423724,0.41694915254237286,0.002754237288135593,"[0.0, 0.008262711864406781]",0.65,0.5423728813559322,0.5423728813559322,0.8601694915254238,0.8559322033898306,-0.00847457627118644,1,0,1.0,0.9957627118644068,0,
track2_common3,acquisitionCampaignGroup,M35_CONSERVATIVE,FIXED,INCONGRUENT_CONTEXT,0.65,118,236,2,2,,0.00847457627118644,0.01694915254237288,0.0,0.0,"[0.0, 0.6576197724933469]",2,2,1.0,"[0.34238022750665303, 1.0]",0.01694915254237288,"[0.004660442504200446, 0.059697444348039835]",0.4114406779661016,0.41694915254237286,0.005508474576271186,"[0.0, 0.013771186440677966]",0.65,0.5423728813559322,0.5423728813559322,0.8559322033898306,0.847457627118644,-0.01694915254237288,2,0,0.5,0.9915254237288136,0,
track2_common3,acquisitionCampaignGroup,M35_CONSERVATIVE,FIXED,INCONGRUENT_CONTEXT,0.70,118,236,2,2,,0.00847457627118644,0.01694915254237288,0.0,0.0,"[0.0, 0.6576197724933469]",2,2,1.0,"[0.34238022750665303, 1.0]",0.01694915254237288,"[0.004660442504200446, 0.059697444348039835]",0.4114406779661016,0.41694915254237286,0.005508474576271186,"[0.0, 0.013771186440677966]",0.65,0.5423728813559322,0.5423728813559322,0.8559322033898306,0.847457627118644,-0.01694915254237288,2,0,0.5,0.9915254237288136,0,
track2_common3,acquisitionCampaignGroup,M35_CONSERVATIVE,FIXED,INCONGRUENT_CONTEXT,0.75,118,236,2,2,,0.00847457627118644,0.01694915254237288,0.0,0.0,"[0.0, 0.6576197724933469]",2,2,1.0,"[0.34238022750665303, 1.0]",0.01694915254237288,"[0.004660442504200446, 0.059697444348039835]",0.4114406779661016,0.41694915254237286,0.005508474576271186,"[0.0, 0.013771186440677966]",0.65,0.5423728813559322,0.5423728813559322,0.8559322033898306,0.847457627118644,-0.01694915254237288,2,0,0.5,0.9915254237288136,0,
track2_common3,acquisitionCampaignGroup,M35_CONSERVATIVE,FIXED,INCONGRUENT_CONTEXT,0.80,118,236,2,2,,0.00847457627118644,0.01694915254237288,0.0,0.0,"[0.0, 0.6576197724933469]",2,2,1.0,"[0.34238022750665303, 1.0]",0.01694915254237288,"[0.004660442504200446, 0.059697444348039835]",0.4114406779661016,0.41694915254237286,0.005508474576271186,"[0.0, 0.013771186440677966]",0.65,0.5423728813559322,0.5423728813559322,0.8559322033898306,0.847457627118644,-0.01694915254237288,2,0,0.5,0.9915254237288136,0,
track2_common3,acquisitionCampaignGroup,M35_CONSERVATIVE,FIXED,INCONGRUENT_CONTEXT,0.85,118,236,2,2,,0.00847457627118644,0.01694915254237288,0.0,0.0,"[0.0, 0.6576197724933469]",2,2,1.0,"[0.34238022750665303, 1.0]",0.01694915254237288,"[0.004660442504200446, 0.059697444348039835]",0.4114406779661016,0.41694915254237286,0.005508474576271186,"[0.0, 0.013771186440677966]",0.65,0.5423728813559322,0.5423728813559322,0.8559322033898306,0.847457627118644,-0.01694915254237288,2,0,0.5,0.9915254237288136,0,
track2_common3,acquisitionCampaignGroup,M35_CONSERVATIVE,FIXED,INCONGRUENT_CONTEXT,0.90,118,236,2,2,,0.00847457627118644,0.01694915254237288,0.0,0.0,"[0.0, 0.6576197724933469]",2,2,1.0,"[0.34238022750665303, 1.0]",0.01694915254237288,"[0.004660442504200446, 0.059697444348039835]",0.4114406779661016,0.41694915254237286,0.005508474576271186,"[0.0, 0.013771186440677966]",0.65,0.5423728813559322,0.5423728813559322,0.8559322033898306,0.847457627118644,-0.01694915254237288,2,0,0.5,0.9915254237288136,0,
track2_common3,acquisitionCampaignGroup,M35_CONSERVATIVE,FIXED,INCONGRUENT_CONTEXT,0.95,118,236,2,2,,0.00847457627118644,0.01694915254237288,0.0,0.0,"[0.0, 0.6576197724933469]",2,2,1.0,"[0.34238022750665303, 1.0]",0.01694915254237288,"[0.004660442504200446, 0.059697444348039835]",0.4114406779661016,0.41694915254237286,0.005508474576271186,"[0.0, 0.013771186440677966]",0.65,0.5423728813559322,0.5423728813559322,0.8559322033898306,0.847457627118644,-0.01694915254237288,2,0,0.5,0.9915254237288136,0,
track2_common3,acquisitionCampaignGroup,M36_LOGISTIC_SAFE_GATE,SAFE-95,INCONGRUENT_CONTEXT,0.45,118,236,2,2,,0.00847457627118644,0.01694915254237288,0.0,0.5,"[0.09453120573423074, 0.9054687942657693]",1,1,0.5,"[0.09453120573423074, 0.9054687942657693]",0.00847457627118644,"[0.0014975405219652578, 0.04644557241540204]",0.41355932203389834,0.41694915254237286,0.0033898305084745766,"[0.0, 0.010169491525423728]",0.4,0.5466101694915254,0.5466101694915254,0.8601694915254238,0.8559322033898306,-0.00847457627118644,1,0,1.0,0.9957627118644068,0,False
track2_common3,acquisitionCampaignGroup,M36_LOGISTIC_SAFE_GATE,SAFE-95,INCONGRUENT_CONTEXT,0.50,118,236,2,2,,0.00847457627118644,0.01694915254237288,0.0,0.5,"[0.09453120573423074, 0.9054687942657693]",1,1,0.5,"[0.09453120573423074, 0.9054687942657693]",0.00847457627118644,"[0.0014975405219652578, 0.04644557241540204]",0.41355932203389834,0.41694915254237286,0.0033898305084745766,"[0.0, 0.009957627118644069]",0.4,0.5466101694915254,0.5466101694915254,0.8601694915254238,0.8559322033898306,-0.00847457627118644,1,0,1.0,0.9957627118644068,0,False
track2_common3,acquisitionCampaignGroup,M36_LOGISTIC_SAFE_GATE,SAFE-95,INCONGRUENT_CONTEXT,0.55,118,236,2,2,,0.00847457627118644,0.01694915254237288,0.0,0.5,"[0.09453120573423074, 0.9054687942657693]",1,1,0.5,"[0.09453120573423074, 0.9054687942657693]",0.00847457627118644,"[0.0014975405219652578, 0.04644557241540204]",0.41355932203389834,0.41694915254237286,0.0033898305084745766,"[0.0, 0.009957627118644069]",0.4,0.5466101694915254,0.5466101694915254,0.8601694915254238,0.8559322033898306,-0.00847457627118644,1,0,1.0,0.9957627118644068,0,False
track2_common3,acquisitionCampaignGroup,M36_LOGISTIC_SAFE_GATE,SAFE-95,INCONGRUENT_CONTEXT,0.60,118,236,2,2,,0.00847457627118644,0.01694915254237288,0.0,0.5,"[0.09453120573423074, 0.9054687942657693]",1,1,0.5,"[0.09453120573423074, 0.9054687942657693]",0.00847457627118644,"[0.0014975405219652578, 0.04644557241540204]",0.41355932203389834,0.41694915254237286,0.0033898305084745766,"[0.0, 0.009957627118644069]",0.4,0.5466101694915254,0.5466101694915254,0.8601694915254238,0.8559322033898306,-0.00847457627118644,1,0,1.0,0.9957627118644068,0,False
track2_common3,acquisitionCampaignGroup,M36_LOGISTIC_SAFE_GATE,SAFE-95,INCONGRUENT_CONTEXT,0.65,118,236,2,2,,0.00847457627118644,0.01694915254237288,0.0,0.5,"[0.09453120573423074, 0.9054687942657693]",1,1,0.5,"[0.09453120573423074, 0.9054687942657693]",0.00847457627118644,"[0.0014975405219652578, 0.04644557241540204]",0.41355932203389834,0.41694915254237286,0.0033898305084745766,"[0.0, 0.009957627118644067]",0.4,0.5466101694915254,0.5466101694915254,0.8601694915254238,0.8559322033898306,-0.00847457627118644,1,0,1.0,0.9957627118644068,0,False
track2_common3,acquisitionCampaignGroup,M36_LOGISTIC_SAFE_GATE,SAFE-95,INCONGRUENT_CONTEXT,0.70,118,236,2,2,,0.00847457627118644,0.01694915254237288,0.0,0.5,"[0.09453120573423074, 0.9054687942657693]",1,1,0.5,"[0.09453120573423074, 0.9054687942657693]",0.00847457627118644,"[0.0014975405219652578, 0.04644557241540204]",0.41355932203389834,0.41694915254237286,0.0033898305084745766,"[0.0, 0.009957627118644069]",0.4,0.5466101694915254,0.5466101694915254,0.8601694915254238,0.8559322033898306,-0.00847457627118644,1,0,1.0,0.9957627118644068,0,False
track2_common3,acquisitionCampaignGroup,M36_LOGISTIC_SAFE_GATE,SAFE-95,INCONGRUENT_CONTEXT,0.75,118,236,2,2,,0.00847457627118644,0.01694915254237288,0.0,0.5,"[0.09453120573423074, 0.9054687942657693]",1,1,0.5,"[0.09453120573423074, 0.9054687942657693]",0.00847457627118644,"[0.0014975405219652578, 0.04644557241540204]",0.41355932203389834,0.41694915254237286,0.0033898305084745766,"[0.0, 0.009957627118644069]",0.4,0.5466101694915254,0.5466101694915254,0.8601694915254238,0.8559322033898306,-0.00847457627118644,1,0,1.0,0.9957627118644068,0,False
track2_common3,acquisitionCampaignGroup,M36_LOGISTIC_SAFE_GATE,SAFE-95,INCONGRUENT_CONTEXT,0.80,118,236,2,2,,0.00847457627118644,0.01694915254237288,0.0,0.5,"[0.09453120573423074, 0.9054687942657693]",1,1,0.5,"[0.09453120573423074, 0.9054687942657693]",0.00847457627118644,"[0.0014975405219652578, 0.04644557241540204]",0.41355932203389834,0.41694915254237286,0.0033898305084745766,"[0.0, 0.009957627118644069]",0.4,0.5466101694915254,0.5466101694915254,0.8601694915254238,0.8559322033898306,-0.00847457627118644,1,0,1.0,0.9957627118644068,0,False
track2_common3,acquisitionCampaignGroup,M36_LOGISTIC_SAFE_GATE,SAFE-95,INCONGRUENT_CONTEXT,0.85,118,236,2,2,,0.00847457627118644,0.01694915254237288,0.0,0.5,"[0.09453120573423074, 0.9054687942657693]",1,1,0.5,"[0.09453120573423074, 0.9054687942657693]",0.00847457627118644,"[0.0014975405219652578, 0.04644557241540204]",0.41355932203389834,0.41694915254237286,0.0033898305084745766,"[0.0, 0.009957627118644069]",0.4,0.5466101694915254,0.5466101694915254,0.8601694915254238,0.8559322033898306,-0.00847457627118644,1,0,1.0,0.9957627118644068,0,False
track2_common3,acquisitionCampaignGroup,M36_LOGISTIC_SAFE_GATE,SAFE-95,INCONGRUENT_CONTEXT,0.90,118,236,2,2,,0.00847457627118644,0.01694915254237288,0.0,0.5,"[0.09453120573423074, 0.9054687942657693]",1,1,0.5,"[0.09453120573423074, 0.9054687942657693]",0.00847457627118644,"[0.0014975405219652578, 0.04644557241540204]",0.41355932203389834,0.41694915254237286,0.0033898305084745766,"[0.0, 0.010169491525423728]",0.4,0.5466101694915254,0.5466101694915254,0.8601694915254238,0.8559322033898306,-0.00847457627118644,1,0,1.0,0.9957627118644068,0,False
track2_common3,acquisitionCampaignGroup,M36_LOGISTIC_SAFE_GATE,SAFE-95,INCONGRUENT_CONTEXT,0.95,118,236,2,2,,0.00847457627118644,0.01694915254237288,0.0,0.5,"[0.09453120573423074, 0.9054687942657693]",1,1,0.5,"[0.09453120573423074, 0.9054687942657693]",0.00847457627118644,"[0.0014975405219652578, 0.04644557241540204]",0.41355932203389834,0.41694915254237286,0.0033898305084745766,"[0.0, 0.009957627118644069]",0.4,0.5466101694915254,0.5466101694915254,0.8601694915254238,0.8559322033898306,-0.00847457627118644,1,0,1.0,0.9957627118644068,0,False
track2_common3,acquisitionCampaignGroup,M36_LOGISTIC_SAFE_GATE,SAFE-99,INCONGRUENT_CONTEXT,0.45,118,236,2,2,,0.00847457627118644,0.01694915254237288,0.0,0.5,"[0.09453120573423074, 0.9054687942657693]",1,1,0.5,"[0.09453120573423074, 0.9054687942657693]",0.00847457627118644,"[0.0014975405219652578, 0.04644557241540204]",0.41355932203389834,0.41694915254237286,0.0033898305084745766,"[0.0, 0.01016949152542373]",0.4,0.5466101694915254,0.5466101694915254,0.8601694915254238,0.8559322033898306,-0.00847457627118644,1,0,1.0,0.9957627118644068,0,False
track2_common3,acquisitionCampaignGroup,M36_LOGISTIC_SAFE_GATE,SAFE-99,INCONGRUENT_CONTEXT,0.50,118,236,2,2,,0.00847457627118644,0.01694915254237288,0.0,0.5,"[0.09453120573423074, 0.9054687942657693]",1,1,0.5,"[0.09453120573423074, 0.9054687942657693]",0.00847457627118644,"[0.0014975405219652578, 0.04644557241540204]",0.41355932203389834,0.41694915254237286,0.0033898305084745766,"[0.0, 0.009957627118644069]",0.4,0.5466101694915254,0.5466101694915254,0.8601694915254238,0.8559322033898306,-0.00847457627118644,1,0,1.0,0.9957627118644068,0,False
track2_common3,acquisitionCampaignGroup,M36_LOGISTIC_SAFE_GATE,SAFE-99,INCONGRUENT_CONTEXT,0.55,118,236,2,2,,0.00847457627118644,0.01694915254237288,0.0,0.5,"[0.09453120573423074, 0.9054687942657693]",1,1,0.5,"[0.09453120573423074, 0.9054687942657693]",0.00847457627118644,"[0.0014975405219652578, 0.04644557241540204]",0.41355932203389834,0.41694915254237286,0.0033898305084745766,"[0.0, 0.010169491525423728]",0.4,0.5466101694915254,0.5466101694915254,0.8601694915254238,0.8559322033898306,-0.00847457627118644,1,0,1.0,0.9957627118644068,0,False
track2_common3,acquisitionCampaignGroup,M36_LOGISTIC_SAFE_GATE,SAFE-99,INCONGRUENT_CONTEXT,0.60,118,236,2,2,,0.00847457627118644,0.01694915254237288,0.0,0.5,"[0.09453120573423074, 0.9054687942657693]",1,1,0.5,"[0.09453120573423074, 0.9054687942657693]",0.00847457627118644,"[0.0014975405219652578, 0.04644557241540204]",0.41355932203389834,0.41694915254237286,0.0033898305084745766,"[0.0, 0.010169491525423726]",0.4,0.5466101694915254,0.5466101694915254,0.8601694915254238,0.8559322033898306,-0.00847457627118644,1,0,1.0,0.9957627118644068,0,False
track2_common3,acquisitionCampaignGroup,M36_LOGISTIC_SAFE_GATE,SAFE-99,INCONGRUENT_CONTEXT,0.65,118,236,2,2,,0.00847457627118644,0.01694915254237288,0.0,0.5,"[0.09453120573423074, 0.9054687942657693]",1,1,0.5,"[0.09453120573423074, 0.9054687942657693]",0.00847457627118644,"[0.0014975405219652578, 0.04644557241540204]",0.41355932203389834,0.41694915254237286,0.0033898305084745766,"[0.0, 0.009957627118644069]",0.4,0.5466101694915254,0.5466101694915254,0.8601694915254238,0.8559322033898306,-0.00847457627118644,1,0,1.0,0.9957627118644068,0,False
track2_common3,acquisitionCampaignGroup,M36_LOGISTIC_SAFE_GATE,SAFE-99,INCONGRUENT_CONTEXT,0.70,118,236,2,2,,0.00847457627118644,0.01694915254237288,0.0,0.5,"[0.09453120573423074, 0.9054687942657693]",1,1,0.5,"[0.09453120573423074, 0.9054687942657693]",0.00847457627118644,"[0.0014975405219652578, 0.04644557241540204]",0.41355932203389834,0.41694915254237286,0.0033898305084745766,"[0.0, 0.009957627118644069]",0.4,0.5466101694915254,0.5466101694915254,0.8601694915254238,0.8559322033898306,-0.00847457627118644,1,0,1.0,0.9957627118644068,0,False
track2_common3,acquisitionCampaignGroup,M36_LOGISTIC_SAFE_GATE,SAFE-99,INCONGRUENT_CONTEXT,0.75,118,236,2,2,,0.00847457627118644,0.01694915254237288,0.0,0.5,"[0.09453120573423074, 0.9054687942657693]",1,1,0.5,"[0.09453120573423074, 0.9054687942657693]",0.00847457627118644,"[0.0014975405219652578, 0.04644557241540204]",0.41355932203389834,0.41694915254237286,0.0033898305084745766,"[0.0, 0.010169491525423728]",0.4,0.5466101694915254,0.5466101694915254,0.8601694915254238,0.8559322033898306,-0.00847457627118644,1,0,1.0,0.9957627118644068,0,False
track2_common3,acquisitionCampaignGroup,M36_LOGISTIC_SAFE_GATE,SAFE-99,INCONGRUENT_CONTEXT,0.80,118,236,2,2,,0.00847457627118644,0.01694915254237288,0.0,0.5,"[0.09453120573423074, 0.9054687942657693]",1,1,0.5,"[0.09453120573423074, 0.9054687942657693]",0.00847457627118644,"[0.0014975405219652578, 0.04644557241540204]",0.41355932203389834,0.41694915254237286,0.0033898305084745766,"[0.0, 0.00996292372881353]",0.4,0.5466101694915254,0.5466101694915254,0.8601694915254238,0.8559322033898306,-0.00847457627118644,1,0,1.0,0.9957627118644068,0,False
track2_common3,acquisitionCampaignGroup,M36_LOGISTIC_SAFE_GATE,SAFE-99,INCONGRUENT_CONTEXT,0.85,118,236,2,2,,0.00847457627118644,0.01694915254237288,0.0,0.5,"[0.09453120573423074, 0.9054687942657693]",1,1,0.5,"[0.09453120573423074, 0.9054687942657693]",0.00847457627118644,"[0.0014975405219652578, 0.04644557241540204]",0.41355932203389834,0.41694915254237286,0.0033898305084745766,"[0.0, 0.009751059322033868]",0.4,0.5466101694915254,0.5466101694915254,0.8601694915254238,0.8559322033898306,-0.00847457627118644,1,0,1.0,0.9957627118644068,0,False
track2_common3,acquisitionCampaignGroup,M36_LOGISTIC_SAFE_GATE,SAFE-99,INCONGRUENT_CONTEXT,0.90,118,236,2,2,,0.00847457627118644,0.01694915254237288,0.0,0.5,"[0.09453120573423074, 0.9054687942657693]",1,1,0.5,"[0.09453120573423074, 0.9054687942657693]",0.00847457627118644,"[0.0014975405219652578, 0.04644557241540204]",0.41355932203389834,0.41694915254237286,0.0033898305084745766,"[0.0, 0.009957627118644069]",0.4,0.5466101694915254,0.5466101694915254,0.8601694915254238,0.8559322033898306,-0.00847457627118644,1,0,1.0,0.9957627118644068,0,False
track2_common3,acquisitionCampaignGroup,M36_LOGISTIC_SAFE_GATE,SAFE-99,INCONGRUENT_CONTEXT,0.95,118,236,2,2,,0.00847457627118644,0.01694915254237288,0.0,0.5,"[0.09453120573423074, 0.9054687942657693]",1,1,0.5,"[0.09453120573423074, 0.9054687942657693]",0.00847457627118644,"[0.0014975405219652578, 0.04644557241540204]",0.41355932203389834,0.41694915254237286,0.0033898305084745766,"[0.0, 0.009957627118644069]",0.4,0.5466101694915254,0.5466101694915254,0.8601694915254238,0.8559322033898306,-0.00847457627118644,1,0,1.0,0.9957627118644068,0,False
track2_common3,acquisitionCampaignGroup,M36_LOGISTIC_SAFE_GATE,SAFE-STRICT,INCONGRUENT_CONTEXT,0.45,118,236,2,2,,0.00847457627118644,0.01694915254237288,0.0,0.5,"[0.09453120573423074, 0.9054687942657693]",1,1,0.5,"[0.09453120573423074, 0.9054687942657693]",0.00847457627118644,"[0.0014975405219652578, 0.04644557241540204]",0.41355932203389834,0.41694915254237286,0.0033898305084745766,"[0.0, 0.009957627118644069]",0.4,0.5466101694915254,0.5466101694915254,0.8601694915254238,0.8559322033898306,-0.00847457627118644,1,0,1.0,0.9957627118644068,0,False
track2_common3,acquisitionCampaignGroup,M36_LOGISTIC_SAFE_GATE,SAFE-STRICT,INCONGRUENT_CONTEXT,0.50,118,236,2,2,,0.00847457627118644,0.01694915254237288,0.0,0.5,"[0.09453120573423074, 0.9054687942657693]",1,1,0.5,"[0.09453120573423074, 0.9054687942657693]",0.00847457627118644,"[0.0014975405219652578, 0.04644557241540204]",0.41355932203389834,0.41694915254237286,0.0033898305084745766,"[0.0, 0.009957627118644069]",0.4,0.5466101694915254,0.5466101694915254,0.8601694915254238,0.8559322033898306,-0.00847457627118644,1,0,1.0,0.9957627118644068,0,False
track2_common3,acquisitionCampaignGroup,M36_LOGISTIC_SAFE_GATE,SAFE-STRICT,INCONGRUENT_CONTEXT,0.55,118,236,2,2,,0.00847457627118644,0.01694915254237288,0.0,0.5,"[0.09453120573423074, 0.9054687942657693]",1,1,0.5,"[0.09453120573423074, 0.9054687942657693]",0.00847457627118644,"[0.0014975405219652578, 0.04644557241540204]",0.41355932203389834,0.41694915254237286,0.0033898305084745766,"[0.0, 0.01016949152542373]",0.4,0.5466101694915254,0.5466101694915254,0.8601694915254238,0.8559322033898306,-0.00847457627118644,1,0,1.0,0.9957627118644068,0,False
track2_common3,acquisitionCampaignGroup,M36_LOGISTIC_SAFE_GATE,SAFE-STRICT,INCONGRUENT_CONTEXT,0.60,118,236,2,2,,0.00847457627118644,0.01694915254237288,0.0,0.5,"[0.09453120573423074, 0.9054687942657693]",1,1,0.5,"[0.09453120573423074, 0.9054687942657693]",0.00847457627118644,"[0.0014975405219652578, 0.04644557241540204]",0.41355932203389834,0.41694915254237286,0.0033898305084745766,"[0.0, 0.010169491525423728]",0.4,0.5466101694915254,0.5466101694915254,0.8601694915254238,0.8559322033898306,-0.00847457627118644,1,0,1.0,0.9957627118644068,0,False
track2_common3,acquisitionCampaignGroup,M36_LOGISTIC_SAFE_GATE,SAFE-STRICT,INCONGRUENT_CONTEXT,0.65,118,236,2,2,,0.00847457627118644,0.01694915254237288,0.0,0.5,"[0.09453120573423074, 0.9054687942657693]",1,1,0.5,"[0.09453120573423074, 0.9054687942657693]",0.00847457627118644,"[0.0014975405219652578, 0.04644557241540204]",0.41355932203389834,0.41694915254237286,0.0033898305084745766,"[0.0, 0.009957627118644069]",0.4,0.5466101694915254,0.5466101694915254,0.8601694915254238,0.8559322033898306,-0.00847457627118644,1,0,1.0,0.9957627118644068,0,False
track2_common3,acquisitionCampaignGroup,M36_LOGISTIC_SAFE_GATE,SAFE-STRICT,INCONGRUENT_CONTEXT,0.70,118,236,2,2,,0.00847457627118644,0.01694915254237288,0.0,0.5,"[0.09453120573423074, 0.9054687942657693]",1,1,0.5,"[0.09453120573423074, 0.9054687942657693]",0.00847457627118644,"[0.0014975405219652578, 0.04644557241540204]",0.41355932203389834,0.41694915254237286,0.0033898305084745766,"[0.0, 0.010381355932203391]",0.4,0.5466101694915254,0.5466101694915254,0.8601694915254238,0.8559322033898306,-0.00847457627118644,1,0,1.0,0.9957627118644068,0,False
track2_common3,acquisitionCampaignGroup,M36_LOGISTIC_SAFE_GATE,SAFE-STRICT,INCONGRUENT_CONTEXT,0.75,118,236,2,2,,0.00847457627118644,0.01694915254237288,0.0,0.5,"[0.09453120573423074, 0.9054687942657693]",1,1,0.5,"[0.09453120573423074, 0.9054687942657693]",0.00847457627118644,"[0.0014975405219652578, 0.04644557241540204]",0.41355932203389834,0.41694915254237286,0.0033898305084745766,"[0.0, 0.010169491525423728]",0.4,0.5466101694915254,0.5466101694915254,0.8601694915254238,0.8559322033898306,-0.00847457627118644,1,0,1.0,0.9957627118644068,0,False
track2_common3,acquisitionCampaignGroup,M36_LOGISTIC_SAFE_GATE,SAFE-STRICT,INCONGRUENT_CONTEXT,0.80,118,236,2,2,,0.00847457627118644,0.01694915254237288,0.0,0.5,"[0.09453120573423074, 0.9054687942657693]",1,1,0.5,"[0.09453120573423074, 0.9054687942657693]",0.00847457627118644,"[0.0014975405219652578, 0.04644557241540204]",0.41355932203389834,0.41694915254237286,0.0033898305084745766,"[0.0, 0.009957627118644069]",0.4,0.5466101694915254,0.5466101694915254,0.8601694915254238,0.8559322033898306,-0.00847457627118644,1,0,1.0,0.9957627118644068,0,False
track2_common3,acquisitionCampaignGroup,M36_LOGISTIC_SAFE_GATE,SAFE-STRICT,INCONGRUENT_CONTEXT,0.85,118,236,2,2,,0.00847457627118644,0.01694915254237288,0.0,0.5,"[0.09453120573423074, 0.9054687942657693]",1,1,0.5,"[0.09453120573423074, 0.9054687942657693]",0.00847457627118644,"[0.0014975405219652578, 0.04644557241540204]",0.41355932203389834,0.41694915254237286,0.0033898305084745766,"[0.0, 0.009957627118644069]",0.4,0.5466101694915254,0.5466101694915254,0.8601694915254238,0.8559322033898306,-0.00847457627118644,1,0,1.0,0.9957627118644068,0,False
track2_common3,acquisitionCampaignGroup,M36_LOGISTIC_SAFE_GATE,SAFE-STRICT,INCONGRUENT_CONTEXT,0.90,118,236,2,2,,0.00847457627118644,0.01694915254237288,0.0,0.5,"[0.09453120573423074, 0.9054687942657693]",1,1,0.5,"[0.09453120573423074, 0.9054687942657693]",0.00847457627118644,"[0.0014975405219652578, 0.04644557241540204]",0.41355932203389834,0.41694915254237286,0.0033898305084745766,"[0.0, 0.010169491525423728]",0.4,0.5466101694915254,0.5466101694915254,0.8601694915254238,0.8559322033898306,-0.00847457627118644,1,0,1.0,0.9957627118644068,0,False
track2_common3,acquisitionCampaignGroup,M36_LOGISTIC_SAFE_GATE,SAFE-STRICT,INCONGRUENT_CONTEXT,0.95,118,236,2,2,,0.00847457627118644,0.01694915254237288,0.0,0.5,"[0.09453120573423074, 0.9054687942657693]",1,1,0.5,"[0.09453120573423074, 0.9054687942657693]",0.00847457627118644,"[0.0014975405219652578, 0.04644557241540204]",0.41355932203389834,0.41694915254237286,0.0033898305084745766,"[0.0, 0.009957627118644069]",0.4,0.5466101694915254,0.5466101694915254,0.8601694915254238,0.8559322033898306,-0.00847457627118644,1,0,1.0,0.9957627118644068,0,False
track2_common3,acquisitionCampaignGroup,M36_LOGISTIC_VIEW_GUARDED,SAFE-95,INCONGRUENT_CONTEXT,0.45,118,236,2,2,,0.00847457627118644,0.01694915254237288,0.0,0.5,"[0.09453120573423074, 0.9054687942657693]",1,1,0.5,"[0.09453120573423074, 0.9054687942657693]",0.00847457627118644,"[0.0014975405219652578, 0.04644557241540204]",0.41355932203389834,0.41694915254237286,0.0033898305084745766,"[0.0, 0.010169491525423728]",0.4,0.5466101694915254,0.5466101694915254,0.8601694915254238,0.8559322033898306,-0.00847457627118644,1,0,1.0,0.9957627118644068,0,False
track2_common3,acquisitionCampaignGroup,M36_LOGISTIC_VIEW_GUARDED,SAFE-95,INCONGRUENT_CONTEXT,0.50,118,236,2,2,,0.00847457627118644,0.01694915254237288,0.0,0.5,"[0.09453120573423074, 0.9054687942657693]",1,1,0.5,"[0.09453120573423074, 0.9054687942657693]",0.00847457627118644,"[0.0014975405219652578, 0.04644557241540204]",0.41355932203389834,0.41694915254237286,0.0033898305084745766,"[0.0, 0.010169491525423728]",0.4,0.5466101694915254,0.5466101694915254,0.8601694915254238,0.8559322033898306,-0.00847457627118644,1,0,1.0,0.9957627118644068,0,False
track2_common3,acquisitionCampaignGroup,M36_LOGISTIC_VIEW_GUARDED,SAFE-95,INCONGRUENT_CONTEXT,0.55,118,236,2,2,,0.00847457627118644,0.01694915254237288,0.0,0.5,"[0.09453120573423074, 0.9054687942657693]",1,1,0.5,"[0.09453120573423074, 0.9054687942657693]",0.00847457627118644,"[0.0014975405219652578, 0.04644557241540204]",0.41355932203389834,0.41694915254237286,0.0033898305084745766,"[0.0, 0.010169491525423728]",0.4,0.5466101694915254,0.5466101694915254,0.8601694915254238,0.8559322033898306,-0.00847457627118644,1,0,1.0,0.9957627118644068,0,False
track2_common3,acquisitionCampaignGroup,M36_LOGISTIC_VIEW_GUARDED,SAFE-95,INCONGRUENT_CONTEXT,0.60,118,236,2,2,,0.00847457627118644,0.01694915254237288,0.0,0.5,"[0.09453120573423074, 0.9054687942657693]",1,1,0.5,"[0.09453120573423074, 0.9054687942657693]",0.00847457627118644,"[0.0014975405219652578, 0.04644557241540204]",0.41355932203389834,0.41694915254237286,0.0033898305084745766,"[0.0, 0.010233050847457282]",0.4,0.5466101694915254,0.5466101694915254,0.8601694915254238,0.8559322033898306,-0.00847457627118644,1,0,1.0,0.9957627118644068,0,False
track2_common3,acquisitionCampaignGroup,M36_LOGISTIC_VIEW_GUARDED,SAFE-95,INCONGRUENT_CONTEXT,0.65,118,236,2,2,,0.00847457627118644,0.01694915254237288,0.0,0.5,"[0.09453120573423074, 0.9054687942657693]",1,1,0.5,"[0.09453120573423074, 0.9054687942657693]",0.00847457627118644,"[0.0014975405219652578, 0.04644557241540204]",0.41355932203389834,0.41694915254237286,0.0033898305084745766,"[0.0, 0.009957627118644069]",0.4,0.5466101694915254,0.5466101694915254,0.8601694915254238,0.8559322033898306,-0.00847457627118644,1,0,1.0,0.9957627118644068,0,False
track2_common3,acquisitionCampaignGroup,M36_LOGISTIC_VIEW_GUARDED,SAFE-95,INCONGRUENT_CONTEXT,0.70,118,236,2,2,,0.00847457627118644,0.01694915254237288,0.0,0.5,"[0.09453120573423074, 0.9054687942657693]",1,1,0.5,"[0.09453120573423074, 0.9054687942657693]",0.00847457627118644,"[0.0014975405219652578, 0.04644557241540204]",0.41355932203389834,0.41694915254237286,0.0033898305084745766,"[0.0, 0.010169491525423728]",0.4,0.5466101694915254,0.5466101694915254,0.8601694915254238,0.8559322033898306,-0.00847457627118644,1,0,1.0,0.9957627118644068,0,False
track2_common3,acquisitionCampaignGroup,M36_LOGISTIC_VIEW_GUARDED,SAFE-95,INCONGRUENT_CONTEXT,0.75,118,236,2,2,,0.00847457627118644,0.01694915254237288,0.0,0.5,"[0.09453120573423074, 0.9054687942657693]",1,1,0.5,"[0.09453120573423074, 0.9054687942657693]",0.00847457627118644,"[0.0014975405219652578, 0.04644557241540204]",0.41355932203389834,0.41694915254237286,0.0033898305084745766,"[0.0, 0.009957627118644069]",0.4,0.5466101694915254,0.5466101694915254,0.8601694915254238,0.8559322033898306,-0.00847457627118644,1,0,1.0,0.9957627118644068,0,False
track2_common3,acquisitionCampaignGroup,M36_LOGISTIC_VIEW_GUARDED,SAFE-95,INCONGRUENT_CONTEXT,0.80,118,236,2,2,,0.00847457627118644,0.01694915254237288,0.0,0.5,"[0.09453120573423074, 0.9054687942657693]",1,1,0.5,"[0.09453120573423074, 0.9054687942657693]",0.00847457627118644,"[0.0014975405219652578, 0.04644557241540204]",0.41355932203389834,0.41694915254237286,0.0033898305084745766,"[0.0, 0.009957627118644069]",0.4,0.5466101694915254,0.5466101694915254,0.8601694915254238,0.8559322033898306,-0.00847457627118644,1,0,1.0,0.9957627118644068,0,False
track2_common3,acquisitionCampaignGroup,M36_LOGISTIC_VIEW_GUARDED,SAFE-95,INCONGRUENT_CONTEXT,0.85,118,236,2,2,,0.00847457627118644,0.01694915254237288,0.0,0.5,"[0.09453120573423074, 0.9054687942657693]",1,1,0.5,"[0.09453120573423074, 0.9054687942657693]",0.00847457627118644,"[0.0014975405219652578, 0.04644557241540204]",0.41355932203389834,0.41694915254237286,0.0033898305084745766,"[0.0, 0.00996292372881353]",0.4,0.5466101694915254,0.5466101694915254,0.8601694915254238,0.8559322033898306,-0.00847457627118644,1,0,1.0,0.9957627118644068,0,False
track2_common3,acquisitionCampaignGroup,M36_LOGISTIC_VIEW_GUARDED,SAFE-95,INCONGRUENT_CONTEXT,0.90,118,236,2,2,,0.00847457627118644,0.01694915254237288,0.0,0.5,"[0.09453120573423074, 0.9054687942657693]",1,1,0.5,"[0.09453120573423074, 0.9054687942657693]",0.00847457627118644,"[0.0014975405219652578, 0.04644557241540204]",0.41355932203389834,0.41694915254237286,0.0033898305084745766,"[0.0, 0.009957627118644069]",0.4,0.5466101694915254,0.5466101694915254,0.8601694915254238,0.8559322033898306,-0.00847457627118644,1,0,1.0,0.9957627118644068,0,False
track2_common3,acquisitionCampaignGroup,M36_LOGISTIC_VIEW_GUARDED,SAFE-95,INCONGRUENT_CONTEXT,0.95,118,236,2,2,,0.00847457627118644,0.01694915254237288,0.0,0.5,"[0.09453120573423074, 0.9054687942657693]",1,1,0.5,"[0.09453120573423074, 0.9054687942657693]",0.00847457627118644,"[0.0014975405219652578, 0.04644557241540204]",0.41355932203389834,0.41694915254237286,0.0033898305084745766,"[0.0, 0.009957627118644069]",0.4,0.5466101694915254,0.5466101694915254,0.8601694915254238,0.8559322033898306,-0.00847457627118644,1,0,1.0,0.9957627118644068,0,False
track2_common3,acquisitionCampaignGroup,M36_LOGISTIC_VIEW_GUARDED,SAFE-99,INCONGRUENT_CONTEXT,0.45,118,236,2,2,,0.00847457627118644,0.01694915254237288,0.0,0.5,"[0.09453120573423074, 0.9054687942657693]",1,1,0.5,"[0.09453120573423074, 0.9054687942657693]",0.00847457627118644,"[0.0014975405219652578, 0.04644557241540204]",0.41355932203389834,0.41694915254237286,0.0033898305084745766,"[0.0, 0.009957627118644069]",0.4,0.5466101694915254,0.5466101694915254,0.8601694915254238,0.8559322033898306,-0.00847457627118644,1,0,1.0,0.9957627118644068,0,False
track2_common3,acquisitionCampaignGroup,M36_LOGISTIC_VIEW_GUARDED,SAFE-99,INCONGRUENT_CONTEXT,0.50,118,236,2,2,,0.00847457627118644,0.01694915254237288,0.0,0.5,"[0.09453120573423074, 0.9054687942657693]",1,1,0.5,"[0.09453120573423074, 0.9054687942657693]",0.00847457627118644,"[0.0014975405219652578, 0.04644557241540204]",0.41355932203389834,0.41694915254237286,0.0033898305084745766,"[0.0, 0.012711864406779662]",0.4,0.5466101694915254,0.5466101694915254,0.8601694915254238,0.8559322033898306,-0.00847457627118644,1,0,1.0,0.9957627118644068,0,False
track2_common3,acquisitionCampaignGroup,M36_LOGISTIC_VIEW_GUARDED,SAFE-99,INCONGRUENT_CONTEXT,0.55,118,236,2,2,,0.00847457627118644,0.01694915254237288,0.0,0.5,"[0.09453120573423074, 0.9054687942657693]",1,1,0.5,"[0.09453120573423074, 0.9054687942657693]",0.00847457627118644,"[0.0014975405219652578, 0.04644557241540204]",0.41355932203389834,0.41694915254237286,0.0033898305084745766,"[0.0, 0.010169491525423728]",0.4,0.5466101694915254,0.5466101694915254,0.8601694915254238,0.8559322033898306,-0.00847457627118644,1,0,1.0,0.9957627118644068,0,False
track2_common3,acquisitionCampaignGroup,M36_LOGISTIC_VIEW_GUARDED,SAFE-99,INCONGRUENT_CONTEXT,0.60,118,236,2,2,,0.00847457627118644,0.01694915254237288,0.0,0.5,"[0.09453120573423074, 0.9054687942657693]",1,1,0.5,"[0.09453120573423074, 0.9054687942657693]",0.00847457627118644,"[0.0014975405219652578, 0.04644557241540204]",0.41355932203389834,0.41694915254237286,0.0033898305084745766,"[0.0, 0.01016949152542373]",0.4,0.5466101694915254,0.5466101694915254,0.8601694915254238,0.8559322033898306,-0.00847457627118644,1,0,1.0,0.9957627118644068,0,False
track2_common3,acquisitionCampaignGroup,M36_LOGISTIC_VIEW_GUARDED,SAFE-99,INCONGRUENT_CONTEXT,0.65,118,236,2,2,,0.00847457627118644,0.01694915254237288,0.0,0.5,"[0.09453120573423074, 0.9054687942657693]",1,1,0.5,"[0.09453120573423074, 0.9054687942657693]",0.00847457627118644,"[0.0014975405219652578, 0.04644557241540204]",0.41355932203389834,0.41694915254237286,0.0033898305084745766,"[0.0, 0.00996292372881353]",0.4,0.5466101694915254,0.5466101694915254,0.8601694915254238,0.8559322033898306,-0.00847457627118644,1,0,1.0,0.9957627118644068,0,False
track2_common3,acquisitionCampaignGroup,M36_LOGISTIC_VIEW_GUARDED,SAFE-99,INCONGRUENT_CONTEXT,0.70,118,236,2,2,,0.00847457627118644,0.01694915254237288,0.0,0.5,"[0.09453120573423074, 0.9054687942657693]",1,1,0.5,"[0.09453120573423074, 0.9054687942657693]",0.00847457627118644,"[0.0014975405219652578, 0.04644557241540204]",0.41355932203389834,0.41694915254237286,0.0033898305084745766,"[0.0, 0.009957627118644069]",0.4,0.5466101694915254,0.5466101694915254,0.8601694915254238,0.8559322033898306,-0.00847457627118644,1,0,1.0,0.9957627118644068,0,False
track2_common3,acquisitionCampaignGroup,M36_LOGISTIC_VIEW_GUARDED,SAFE-99,INCONGRUENT_CONTEXT,0.75,118,236,2,2,,0.00847457627118644,0.01694915254237288,0.0,0.5,"[0.09453120573423074, 0.9054687942657693]",1,1,0.5,"[0.09453120573423074, 0.9054687942657693]",0.00847457627118644,"[0.0014975405219652578, 0.04644557241540204]",0.41355932203389834,0.41694915254237286,0.0033898305084745766,"[0.0, 0.009957627118644069]",0.4,0.5466101694915254,0.5466101694915254,0.8601694915254238,0.8559322033898306,-0.00847457627118644,1,0,1.0,0.9957627118644068,0,False
track2_common3,acquisitionCampaignGroup,M36_LOGISTIC_VIEW_GUARDED,SAFE-99,INCONGRUENT_CONTEXT,0.80,118,236,2,2,,0.00847457627118644,0.01694915254237288,0.0,0.5,"[0.09453120573423074, 0.9054687942657693]",1,1,0.5,"[0.09453120573423074, 0.9054687942657693]",0.00847457627118644,"[0.0014975405219652578, 0.04644557241540204]",0.41355932203389834,0.41694915254237286,0.0033898305084745766,"[0.0, 0.009957627118644069]",0.4,0.5466101694915254,0.5466101694915254,0.8601694915254238,0.8559322033898306,-0.00847457627118644,1,0,1.0,0.9957627118644068,0,False
track2_common3,acquisitionCampaignGroup,M36_LOGISTIC_VIEW_GUARDED,SAFE-99,INCONGRUENT_CONTEXT,0.85,118,236,2,2,,0.00847457627118644,0.01694915254237288,0.0,0.5,"[0.09453120573423074, 0.9054687942657693]",1,1,0.5,"[0.09453120573423074, 0.9054687942657693]",0.00847457627118644,"[0.0014975405219652578, 0.04644557241540204]",0.41355932203389834,0.41694915254237286,0.0033898305084745766,"[0.0, 0.01016949152542373]",0.4,0.5466101694915254,0.5466101694915254,0.8601694915254238,0.8559322033898306,-0.00847457627118644,1,0,1.0,0.9957627118644068,0,False
track2_common3,acquisitionCampaignGroup,M36_LOGISTIC_VIEW_GUARDED,SAFE-99,INCONGRUENT_CONTEXT,0.90,118,236,2,2,,0.00847457627118644,0.01694915254237288,0.0,0.5,"[0.09453120573423074, 0.9054687942657693]",1,1,0.5,"[0.09453120573423074, 0.9054687942657693]",0.00847457627118644,"[0.0014975405219652578, 0.04644557241540204]",0.41355932203389834,0.41694915254237286,0.0033898305084745766,"[0.0, 0.00996292372881353]",0.4,0.5466101694915254,0.5466101694915254,0.8601694915254238,0.8559322033898306,-0.00847457627118644,1,0,1.0,0.9957627118644068,0,False
track2_common3,acquisitionCampaignGroup,M36_LOGISTIC_VIEW_GUARDED,SAFE-99,INCONGRUENT_CONTEXT,0.95,118,236,2,2,,0.00847457627118644,0.01694915254237288,0.0,0.5,"[0.09453120573423074, 0.9054687942657693]",1,1,0.5,"[0.09453120573423074, 0.9054687942657693]",0.00847457627118644,"[0.0014975405219652578, 0.04644557241540204]",0.41355932203389834,0.41694915254237286,0.0033898305084745766,"[0.0, 0.009957627118644069]",0.4,0.5466101694915254,0.5466101694915254,0.8601694915254238,0.8559322033898306,-0.00847457627118644,1,0,1.0,0.9957627118644068,0,False
track2_common3,acquisitionCampaignGroup,M36_LOGISTIC_VIEW_GUARDED,SAFE-STRICT,INCONGRUENT_CONTEXT,0.45,118,236,2,2,,0.00847457627118644,0.01694915254237288,0.0,0.5,"[0.09453120573423074, 0.9054687942657693]",1,1,0.5,"[0.09453120573423074, 0.9054687942657693]",0.00847457627118644,"[0.0014975405219652578, 0.04644557241540204]",0.41355932203389834,0.41694915254237286,0.0033898305084745766,"[0.0, 0.01016949152542373]",0.4,0.5466101694915254,0.5466101694915254,0.8601694915254238,0.8559322033898306,-0.00847457627118644,1,0,1.0,0.9957627118644068,0,False
track2_common3,acquisitionCampaignGroup,M36_LOGISTIC_VIEW_GUARDED,SAFE-STRICT,INCONGRUENT_CONTEXT,0.50,118,236,2,2,,0.00847457627118644,0.01694915254237288,0.0,0.5,"[0.09453120573423074, 0.9054687942657693]",1,1,0.5,"[0.09453120573423074, 0.9054687942657693]",0.00847457627118644,"[0.0014975405219652578, 0.04644557241540204]",0.41355932203389834,0.41694915254237286,0.0033898305084745766,"[0.0, 0.01016949152542373]",0.4,0.5466101694915254,0.5466101694915254,0.8601694915254238,0.8559322033898306,-0.00847457627118644,1,0,1.0,0.9957627118644068,0,False
track2_common3,acquisitionCampaignGroup,M36_LOGISTIC_VIEW_GUARDED,SAFE-STRICT,INCONGRUENT_CONTEXT,0.55,118,236,2,2,,0.00847457627118644,0.01694915254237288,0.0,0.5,"[0.09453120573423074, 0.9054687942657693]",1,1,0.5,"[0.09453120573423074, 0.9054687942657693]",0.00847457627118644,"[0.0014975405219652578, 0.04644557241540204]",0.41355932203389834,0.41694915254237286,0.0033898305084745766,"[0.0, 0.009957627118644069]",0.4,0.5466101694915254,0.5466101694915254,0.8601694915254238,0.8559322033898306,-0.00847457627118644,1,0,1.0,0.9957627118644068,0,False
track2_common3,acquisitionCampaignGroup,M36_LOGISTIC_VIEW_GUARDED,SAFE-STRICT,INCONGRUENT_CONTEXT,0.60,118,236,2,2,,0.00847457627118644,0.01694915254237288,0.0,0.5,"[0.09453120573423074, 0.9054687942657693]",1,1,0.5,"[0.09453120573423074, 0.9054687942657693]",0.00847457627118644,"[0.0014975405219652578, 0.04644557241540204]",0.41355932203389834,0.41694915254237286,0.0033898305084745766,"[0.0, 0.009957627118644069]",0.4,0.5466101694915254,0.5466101694915254,0.8601694915254238,0.8559322033898306,-0.00847457627118644,1,0,1.0,0.9957627118644068,0,False
track2_common3,acquisitionCampaignGroup,M36_LOGISTIC_VIEW_GUARDED,SAFE-STRICT,INCONGRUENT_CONTEXT,0.65,118,236,2,2,,0.00847457627118644,0.01694915254237288,0.0,0.5,"[0.09453120573423074, 0.9054687942657693]",1,1,0.5,"[0.09453120573423074, 0.9054687942657693]",0.00847457627118644,"[0.0014975405219652578, 0.04644557241540204]",0.41355932203389834,0.41694915254237286,0.0033898305084745766,"[0.0, 0.009957627118644069]",0.4,0.5466101694915254,0.5466101694915254,0.8601694915254238,0.8559322033898306,-0.00847457627118644,1,0,1.0,0.9957627118644068,0,False
track2_common3,acquisitionCampaignGroup,M36_LOGISTIC_VIEW_GUARDED,SAFE-STRICT,INCONGRUENT_CONTEXT,0.70,118,236,2,2,,0.00847457627118644,0.01694915254237288,0.0,0.5,"[0.09453120573423074, 0.9054687942657693]",1,1,0.5,"[0.09453120573423074, 0.9054687942657693]",0.00847457627118644,"[0.0014975405219652578, 0.04644557241540204]",0.41355932203389834,0.41694915254237286,0.0033898305084745766,"[0.0, 0.009957627118644069]",0.4,0.5466101694915254,0.5466101694915254,0.8601694915254238,0.8559322033898306,-0.00847457627118644,1,0,1.0,0.9957627118644068,0,False
track2_common3,acquisitionCampaignGroup,M36_LOGISTIC_VIEW_GUARDED,SAFE-STRICT,INCONGRUENT_CONTEXT,0.75,118,236,2,2,,0.00847457627118644,0.01694915254237288,0.0,0.5,"[0.09453120573423074, 0.9054687942657693]",1,1,0.5,"[0.09453120573423074, 0.9054687942657693]",0.00847457627118644,"[0.0014975405219652578, 0.04644557241540204]",0.41355932203389834,0.41694915254237286,0.0033898305084745766,"[0.0, 0.009957627118644069]",0.4,0.5466101694915254,0.5466101694915254,0.8601694915254238,0.8559322033898306,-0.00847457627118644,1,0,1.0,0.9957627118644068,0,False
track2_common3,acquisitionCampaignGroup,M36_LOGISTIC_VIEW_GUARDED,SAFE-STRICT,INCONGRUENT_CONTEXT,0.80,118,236,2,2,,0.00847457627118644,0.01694915254237288,0.0,0.5,"[0.09453120573423074, 0.9054687942657693]",1,1,0.5,"[0.09453120573423074, 0.9054687942657693]",0.00847457627118644,"[0.0014975405219652578, 0.04644557241540204]",0.41355932203389834,0.41694915254237286,0.0033898305084745766,"[0.0, 0.009957627118644069]",0.4,0.5466101694915254,0.5466101694915254,0.8601694915254238,0.8559322033898306,-0.00847457627118644,1,0,1.0,0.9957627118644068,0,False
track2_common3,acquisitionCampaignGroup,M36_LOGISTIC_VIEW_GUARDED,SAFE-STRICT,INCONGRUENT_CONTEXT,0.85,118,236,2,2,,0.00847457627118644,0.01694915254237288,0.0,0.5,"[0.09453120573423074, 0.9054687942657693]",1,1,0.5,"[0.09453120573423074, 0.9054687942657693]",0.00847457627118644,"[0.0014975405219652578, 0.04644557241540204]",0.41355932203389834,0.41694915254237286,0.0033898305084745766,"[0.0, 0.009957627118644069]",0.4,0.5466101694915254,0.5466101694915254,0.8601694915254238,0.8559322033898306,-0.00847457627118644,1,0,1.0,0.9957627118644068,0,False
track2_common3,acquisitionCampaignGroup,M36_LOGISTIC_VIEW_GUARDED,SAFE-STRICT,INCONGRUENT_CONTEXT,0.90,118,236,2,2,,0.00847457627118644,0.01694915254237288,0.0,0.5,"[0.09453120573423074, 0.9054687942657693]",1,1,0.5,"[0.09453120573423074, 0.9054687942657693]",0.00847457627118644,"[0.0014975405219652578, 0.04644557241540204]",0.41355932203389834,0.41694915254237286,0.0033898305084745766,"[0.0, 0.01016949152542373]",0.4,0.5466101694915254,0.5466101694915254,0.8601694915254238,0.8559322033898306,-0.00847457627118644,1,0,1.0,0.9957627118644068,0,False
track2_common3,acquisitionCampaignGroup,M36_LOGISTIC_VIEW_GUARDED,SAFE-STRICT,INCONGRUENT_CONTEXT,0.95,118,236,2,2,,0.00847457627118644,0.01694915254237288,0.0,0.5,"[0.09453120573423074, 0.9054687942657693]",1,1,0.5,"[0.09453120573423074, 0.9054687942657693]",0.00847457627118644,"[0.0014975405219652578, 0.04644557241540204]",0.41355932203389834,0.41694915254237286,0.0033898305084745766,"[0.0, 0.01016949152542373]",0.4,0.5466101694915254,0.5466101694915254,0.8601694915254238,0.8559322033898306,-0.00847457627118644,1,0,1.0,0.9957627118644068,0,False
track2_common3,acquisitionCampaignGroup,M36_MULTI_VIEW_RULE,SAFE-95,INCONGRUENT_CONTEXT,0.45,118,236,0,0,,0.0,0.0,,,"[null, null]",0,0,0.0,"[null, null]",0.0,"[0.0, 0.03152833902249433]",0.41694915254237286,0.41694915254237286,0.0,"[0.0, 0.0]",,0.5423728813559322,0.5423728813559322,0.864406779661017,0.864406779661017,0.0,0,0,1.0,1.0,0,False
track2_common3,acquisitionCampaignGroup,M36_MULTI_VIEW_RULE,SAFE-95,INCONGRUENT_CONTEXT,0.50,118,236,0,0,,0.0,0.0,,,"[null, null]",0,0,0.0,"[null, null]",0.0,"[0.0, 0.03152833902249433]",0.41694915254237286,0.41694915254237286,0.0,"[0.0, 0.0]",,0.5423728813559322,0.5423728813559322,0.864406779661017,0.864406779661017,0.0,0,0,1.0,1.0,0,False
track2_common3,acquisitionCampaignGroup,M36_MULTI_VIEW_RULE,SAFE-95,INCONGRUENT_CONTEXT,0.55,118,236,0,0,,0.0,0.0,,,"[null, null]",0,0,0.0,"[null, null]",0.0,"[0.0, 0.03152833902249433]",0.41694915254237286,0.41694915254237286,0.0,"[0.0, 0.0]",,0.5423728813559322,0.5423728813559322,0.864406779661017,0.864406779661017,0.0,0,0,1.0,1.0,0,False
track2_common3,acquisitionCampaignGroup,M36_MULTI_VIEW_RULE,SAFE-95,INCONGRUENT_CONTEXT,0.60,118,236,1,1,,0.00423728813559322,0.00847457627118644,0.0,0.0,"[0.0, 0.7934506856227626]",1,1,1.0,"[0.20654931437723745, 1.0]",0.00847457627118644,"[0.0014975405219652578, 0.04644557241540204]",0.41419491525423724,0.41694915254237286,0.002754237288135593,"[0.0, 0.008262711864406781]",0.65,0.5423728813559322,0.5423728813559322,0.8601694915254238,0.8559322033898306,-0.00847457627118644,1,0,1.0,0.9957627118644068,0,False
track2_common3,acquisitionCampaignGroup,M36_MULTI_VIEW_RULE,SAFE-95,INCONGRUENT_CONTEXT,0.65,118,236,1,1,,0.00423728813559322,0.00847457627118644,0.0,0.0,"[0.0, 0.7934506856227626]",1,1,1.0,"[0.20654931437723745, 1.0]",0.00847457627118644,"[0.0014975405219652578, 0.04644557241540204]",0.41419491525423724,0.41694915254237286,0.002754237288135593,"[0.0, 0.008262711864406781]",0.65,0.5423728813559322,0.5423728813559322,0.8601694915254238,0.8559322033898306,-0.00847457627118644,1,0,1.0,0.9957627118644068,0,False
track2_common3,acquisitionCampaignGroup,M36_MULTI_VIEW_RULE,SAFE-95,INCONGRUENT_CONTEXT,0.70,118,236,1,1,,0.00423728813559322,0.00847457627118644,0.0,0.0,"[0.0, 0.7934506856227626]",1,1,1.0,"[0.20654931437723745, 1.0]",0.00847457627118644,"[0.0014975405219652578, 0.04644557241540204]",0.41419491525423724,0.41694915254237286,0.002754237288135593,"[0.0, 0.008262711864406781]",0.65,0.5423728813559322,0.5423728813559322,0.8601694915254238,0.8559322033898306,-0.00847457627118644,1,0,1.0,0.9957627118644068,0,False
track2_common3,acquisitionCampaignGroup,M36_MULTI_VIEW_RULE,SAFE-95,INCONGRUENT_CONTEXT,0.75,118,236,2,2,,0.00847457627118644,0.01694915254237288,0.0,0.0,"[0.0, 0.6576197724933469]",2,2,1.0,"[0.34238022750665303, 1.0]",0.01694915254237288,"[0.004660442504200446, 0.059697444348039835]",0.41101694915254233,0.41694915254237286,0.005932203389830508,"[0.0, 0.015042372881355931]",0.7,0.5466101694915254,0.5466101694915254,0.8559322033898306,0.847457627118644,-0.01694915254237288,2,0,0.5,0.9915254237288136,0,False
track2_common3,acquisitionCampaignGroup,M36_MULTI_VIEW_RULE,SAFE-95,INCONGRUENT_CONTEXT,0.80,118,236,2,2,,0.00847457627118644,0.01694915254237288,0.0,0.0,"[0.0, 0.6576197724933469]",2,2,1.0,"[0.34238022750665303, 1.0]",0.01694915254237288,"[0.004660442504200446, 0.059697444348039835]",0.41101694915254233,0.41694915254237286,0.005932203389830508,"[0.0, 0.015466101694915253]",0.7,0.5466101694915254,0.5466101694915254,0.8559322033898306,0.847457627118644,-0.01694915254237288,2,0,0.5,0.9915254237288136,0,False
track2_common3,acquisitionCampaignGroup,M36_MULTI_VIEW_RULE,SAFE-95,INCONGRUENT_CONTEXT,0.85,118,236,2,2,,0.00847457627118644,0.01694915254237288,0.0,0.0,"[0.0, 0.6576197724933469]",2,2,1.0,"[0.34238022750665303, 1.0]",0.01694915254237288,"[0.004660442504200446, 0.059697444348039835]",0.41101694915254233,0.41694915254237286,0.005932203389830508,"[0.0, 0.015042372881355931]",0.7,0.5466101694915254,0.5466101694915254,0.8559322033898306,0.847457627118644,-0.01694915254237288,2,0,0.5,0.9915254237288136,0,False
track2_common3,acquisitionCampaignGroup,M36_MULTI_VIEW_RULE,SAFE-95,INCONGRUENT_CONTEXT,0.90,118,236,3,3,,0.012711864406779662,0.025423728813559324,0.0,0.0,"[5.551115123125783e-17, 0.5614970317550454]",3,3,1.0,"[0.4385029682449546, 1.0]",0.025423728813559324,"[0.008683514404083097, 0.07208914636303015]",0.40974576271186436,0.41694915254237286,0.007203389830508475,"[0.0, 0.01631885593220336]",0.5666666666666667,0.5508474576271186,0.5508474576271186,0.8516949152542372,0.8389830508474576,-0.025423728813559324,3,0,0.25,0.9872881355932204,0,False
track2_common3,acquisitionCampaignGroup,M36_MULTI_VIEW_RULE,SAFE-95,INCONGRUENT_CONTEXT,0.95,118,236,3,3,,0.012711864406779662,0.025423728813559324,0.0,0.0,"[5.551115123125783e-17, 0.5614970317550454]",3,3,1.0,"[0.4385029682449546, 1.0]",0.025423728813559324,"[0.008683514404083097, 0.07208914636303015]",0.40974576271186436,0.41694915254237286,0.007203389830508475,"[0.0, 0.01673728813559322]",0.5666666666666667,0.5508474576271186,0.5508474576271186,0.8516949152542372,0.8389830508474576,-0.025423728813559324,3,0,0.25,0.9872881355932204,0,False
track2_common3,acquisitionCampaignGroup,M36_MULTI_VIEW_RULE,SAFE-99,INCONGRUENT_CONTEXT,0.45,118,236,0,0,,0.0,0.0,,,"[null, null]",0,0,0.0,"[null, null]",0.0,"[0.0, 0.03152833902249433]",0.41694915254237286,0.41694915254237286,0.0,"[0.0, 0.0]",,0.5423728813559322,0.5423728813559322,0.864406779661017,0.864406779661017,0.0,0,0,1.0,1.0,0,False
track2_common3,acquisitionCampaignGroup,M36_MULTI_VIEW_RULE,SAFE-99,INCONGRUENT_CONTEXT,0.50,118,236,0,0,,0.0,0.0,,,"[null, null]",0,0,0.0,"[null, null]",0.0,"[0.0, 0.03152833902249433]",0.41694915254237286,0.41694915254237286,0.0,"[0.0, 0.0]",,0.5423728813559322,0.5423728813559322,0.864406779661017,0.864406779661017,0.0,0,0,1.0,1.0,0,False
track2_common3,acquisitionCampaignGroup,M36_MULTI_VIEW_RULE,SAFE-99,INCONGRUENT_CONTEXT,0.55,118,236,0,0,,0.0,0.0,,,"[null, null]",0,0,0.0,"[null, null]",0.0,"[0.0, 0.03152833902249433]",0.41694915254237286,0.41694915254237286,0.0,"[0.0, 0.0]",,0.5423728813559322,0.5423728813559322,0.864406779661017,0.864406779661017,0.0,0,0,1.0,1.0,0,False
track2_common3,acquisitionCampaignGroup,M36_MULTI_VIEW_RULE,SAFE-99,INCONGRUENT_CONTEXT,0.60,118,236,1,1,,0.00423728813559322,0.00847457627118644,0.0,0.0,"[0.0, 0.7934506856227626]",1,1,1.0,"[0.20654931437723745, 1.0]",0.00847457627118644,"[0.0014975405219652578, 0.04644557241540204]",0.41419491525423724,0.41694915254237286,0.002754237288135593,"[0.0, 0.008262711864406781]",0.65,0.5423728813559322,0.5423728813559322,0.8601694915254238,0.8559322033898306,-0.00847457627118644,1,0,1.0,0.9957627118644068,0,False
track2_common3,acquisitionCampaignGroup,M36_MULTI_VIEW_RULE,SAFE-99,INCONGRUENT_CONTEXT,0.65,118,236,1,1,,0.00423728813559322,0.00847457627118644,0.0,0.0,"[0.0, 0.7934506856227626]",1,1,1.0,"[0.20654931437723745, 1.0]",0.00847457627118644,"[0.0014975405219652578, 0.04644557241540204]",0.41419491525423724,0.41694915254237286,0.002754237288135593,"[0.0, 0.008262711864406781]",0.65,0.5423728813559322,0.5423728813559322,0.8601694915254238,0.8559322033898306,-0.00847457627118644,1,0,1.0,0.9957627118644068,0,False
track2_common3,acquisitionCampaignGroup,M36_MULTI_VIEW_RULE,SAFE-99,INCONGRUENT_CONTEXT,0.70,118,236,1,1,,0.00423728813559322,0.00847457627118644,0.0,0.0,"[0.0, 0.7934506856227626]",1,1,1.0,"[0.20654931437723745, 1.0]",0.00847457627118644,"[0.0014975405219652578, 0.04644557241540204]",0.41419491525423724,0.41694915254237286,0.002754237288135593,"[0.0, 0.008262711864406781]",0.65,0.5423728813559322,0.5423728813559322,0.8601694915254238,0.8559322033898306,-0.00847457627118644,1,0,1.0,0.9957627118644068,0,False
track2_common3,acquisitionCampaignGroup,M36_MULTI_VIEW_RULE,SAFE-99,INCONGRUENT_CONTEXT,0.75,118,236,2,2,,0.00847457627118644,0.01694915254237288,0.0,0.0,"[0.0, 0.6576197724933469]",2,2,1.0,"[0.34238022750665303, 1.0]",0.01694915254237288,"[0.004660442504200446, 0.059697444348039835]",0.41101694915254233,0.41694915254237286,0.005932203389830508,"[0.0, 0.015042372881355931]",0.7,0.5466101694915254,0.5466101694915254,0.8559322033898306,0.847457627118644,-0.01694915254237288,2,0,0.5,0.9915254237288136,0,False
track2_common3,acquisitionCampaignGroup,M36_MULTI_VIEW_RULE,SAFE-99,INCONGRUENT_CONTEXT,0.80,118,236,2,2,,0.00847457627118644,0.01694915254237288,0.0,0.0,"[0.0, 0.6576197724933469]",2,2,1.0,"[0.34238022750665303, 1.0]",0.01694915254237288,"[0.004660442504200446, 0.059697444348039835]",0.41101694915254233,0.41694915254237286,0.005932203389830508,"[0.0, 0.015042372881355931]",0.7,0.5466101694915254,0.5466101694915254,0.8559322033898306,0.847457627118644,-0.01694915254237288,2,0,0.5,0.9915254237288136,0,False
track2_common3,acquisitionCampaignGroup,M36_MULTI_VIEW_RULE,SAFE-99,INCONGRUENT_CONTEXT,0.85,118,236,2,2,,0.00847457627118644,0.01694915254237288,0.0,0.0,"[0.0, 0.6576197724933469]",2,2,1.0,"[0.34238022750665303, 1.0]",0.01694915254237288,"[0.004660442504200446, 0.059697444348039835]",0.41101694915254233,0.41694915254237286,0.005932203389830508,"[0.0, 0.015042372881355931]",0.7,0.5466101694915254,0.5466101694915254,0.8559322033898306,0.847457627118644,-0.01694915254237288,2,0,0.5,0.9915254237288136,0,False
track2_common3,acquisitionCampaignGroup,M36_MULTI_VIEW_RULE,SAFE-99,INCONGRUENT_CONTEXT,0.90,118,236,3,3,,0.012711864406779662,0.025423728813559324,0.0,0.0,"[5.551115123125783e-17, 0.5614970317550454]",3,3,1.0,"[0.4385029682449546, 1.0]",0.025423728813559324,"[0.008683514404083097, 0.07208914636303015]",0.40974576271186436,0.41694915254237286,0.007203389830508475,"[0.0, 0.016313559322033898]",0.5666666666666667,0.5508474576271186,0.5508474576271186,0.8516949152542372,0.8389830508474576,-0.025423728813559324,3,0,0.25,0.9872881355932204,0,False
track2_common3,acquisitionCampaignGroup,M36_MULTI_VIEW_RULE,SAFE-99,INCONGRUENT_CONTEXT,0.95,118,236,3,3,,0.012711864406779662,0.025423728813559324,0.0,0.0,"[5.551115123125783e-17, 0.5614970317550454]",3,3,1.0,"[0.4385029682449546, 1.0]",0.025423728813559324,"[0.008683514404083097, 0.07208914636303015]",0.40974576271186436,0.41694915254237286,0.007203389830508475,"[0.0, 0.016313559322033898]",0.5666666666666667,0.5508474576271186,0.5508474576271186,0.8516949152542372,0.8389830508474576,-0.025423728813559324,3,0,0.25,0.9872881355932204,0,False
track2_common3,acquisitionCampaignGroup,M36_MULTI_VIEW_RULE,SAFE-STRICT,INCONGRUENT_CONTEXT,0.45,118,236,0,0,,0.0,0.0,,,"[null, null]",0,0,0.0,"[null, null]",0.0,"[0.0, 0.03152833902249433]",0.41694915254237286,0.41694915254237286,0.0,"[0.0, 0.0]",,0.5423728813559322,0.5423728813559322,0.864406779661017,0.864406779661017,0.0,0,0,1.0,1.0,0,False
track2_common3,acquisitionCampaignGroup,M36_MULTI_VIEW_RULE,SAFE-STRICT,INCONGRUENT_CONTEXT,0.50,118,236,0,0,,0.0,0.0,,,"[null, null]",0,0,0.0,"[null, null]",0.0,"[0.0, 0.03152833902249433]",0.41694915254237286,0.41694915254237286,0.0,"[0.0, 0.0]",,0.5423728813559322,0.5423728813559322,0.864406779661017,0.864406779661017,0.0,0,0,1.0,1.0,0,False
track2_common3,acquisitionCampaignGroup,M36_MULTI_VIEW_RULE,SAFE-STRICT,INCONGRUENT_CONTEXT,0.55,118,236,0,0,,0.0,0.0,,,"[null, null]",0,0,0.0,"[null, null]",0.0,"[0.0, 0.03152833902249433]",0.41694915254237286,0.41694915254237286,0.0,"[0.0, 0.0]",,0.5423728813559322,0.5423728813559322,0.864406779661017,0.864406779661017,0.0,0,0,1.0,1.0,0,False
track2_common3,acquisitionCampaignGroup,M36_MULTI_VIEW_RULE,SAFE-STRICT,INCONGRUENT_CONTEXT,0.60,118,236,1,1,,0.00423728813559322,0.00847457627118644,0.0,0.0,"[0.0, 0.7934506856227626]",1,1,1.0,"[0.20654931437723745, 1.0]",0.00847457627118644,"[0.0014975405219652578, 0.04644557241540204]",0.41419491525423724,0.41694915254237286,0.002754237288135593,"[0.0, 0.008262711864406781]",0.65,0.5423728813559322,0.5423728813559322,0.8601694915254238,0.8559322033898306,-0.00847457627118644,1,0,1.0,0.9957627118644068,0,False
track2_common3,acquisitionCampaignGroup,M36_MULTI_VIEW_RULE,SAFE-STRICT,INCONGRUENT_CONTEXT,0.65,118,236,1,1,,0.00423728813559322,0.00847457627118644,0.0,0.0,"[0.0, 0.7934506856227626]",1,1,1.0,"[0.20654931437723745, 1.0]",0.00847457627118644,"[0.0014975405219652578, 0.04644557241540204]",0.41419491525423724,0.41694915254237286,0.002754237288135593,"[0.0, 0.008262711864406781]",0.65,0.5423728813559322,0.5423728813559322,0.8601694915254238,0.8559322033898306,-0.00847457627118644,1,0,1.0,0.9957627118644068,0,False
track2_common3,acquisitionCampaignGroup,M36_MULTI_VIEW_RULE,SAFE-STRICT,INCONGRUENT_CONTEXT,0.70,118,236,1,1,,0.00423728813559322,0.00847457627118644,0.0,0.0,"[0.0, 0.7934506856227626]",1,1,1.0,"[0.20654931437723745, 1.0]",0.00847457627118644,"[0.0014975405219652578, 0.04644557241540204]",0.41419491525423724,0.41694915254237286,0.002754237288135593,"[0.0, 0.008262711864406781]",0.65,0.5423728813559322,0.5423728813559322,0.8601694915254238,0.8559322033898306,-0.00847457627118644,1,0,1.0,0.9957627118644068,0,False
track2_common3,acquisitionCampaignGroup,M36_MULTI_VIEW_RULE,SAFE-STRICT,INCONGRUENT_CONTEXT,0.75,118,236,2,2,,0.00847457627118644,0.01694915254237288,0.0,0.0,"[0.0, 0.6576197724933469]",2,2,1.0,"[0.34238022750665303, 1.0]",0.01694915254237288,"[0.004660442504200446, 0.059697444348039835]",0.41101694915254233,0.41694915254237286,0.005932203389830508,"[0.0, 0.015052966101694857]",0.7,0.5466101694915254,0.5466101694915254,0.8559322033898306,0.847457627118644,-0.01694915254237288,2,0,0.5,0.9915254237288136,0,False
track2_common3,acquisitionCampaignGroup,M36_MULTI_VIEW_RULE,SAFE-STRICT,INCONGRUENT_CONTEXT,0.80,118,236,2,2,,0.00847457627118644,0.01694915254237288,0.0,0.0,"[0.0, 0.6576197724933469]",2,2,1.0,"[0.34238022750665303, 1.0]",0.01694915254237288,"[0.004660442504200446, 0.059697444348039835]",0.41101694915254233,0.41694915254237286,0.005932203389830508,"[0.0, 0.015042372881355931]",0.7,0.5466101694915254,0.5466101694915254,0.8559322033898306,0.847457627118644,-0.01694915254237288,2,0,0.5,0.9915254237288136,0,False
track2_common3,acquisitionCampaignGroup,M36_MULTI_VIEW_RULE,SAFE-STRICT,INCONGRUENT_CONTEXT,0.85,118,236,2,2,,0.00847457627118644,0.01694915254237288,0.0,0.0,"[0.0, 0.6576197724933469]",2,2,1.0,"[0.34238022750665303, 1.0]",0.01694915254237288,"[0.004660442504200446, 0.059697444348039835]",0.41101694915254233,0.41694915254237286,0.005932203389830508,"[0.0, 0.015466101694915253]",0.7,0.5466101694915254,0.5466101694915254,0.8559322033898306,0.847457627118644,-0.01694915254237288,2,0,0.5,0.9915254237288136,0,False
track2_common3,acquisitionCampaignGroup,M36_MULTI_VIEW_RULE,SAFE-STRICT,INCONGRUENT_CONTEXT,0.90,118,236,3,3,,0.012711864406779662,0.025423728813559324,0.0,0.0,"[5.551115123125783e-17, 0.5614970317550454]",3,3,1.0,"[0.4385029682449546, 1.0]",0.025423728813559324,"[0.008683514404083097, 0.07208914636303015]",0.40974576271186436,0.41694915254237286,0.007203389830508475,"[0.0, 0.017372881355932204]",0.5666666666666667,0.5508474576271186,0.5508474576271186,0.8516949152542372,0.8389830508474576,-0.025423728813559324,3,0,0.25,0.9872881355932204,0,False
track2_common3,acquisitionCampaignGroup,M36_MULTI_VIEW_RULE,SAFE-STRICT,INCONGRUENT_CONTEXT,0.95,118,236,3,3,,0.012711864406779662,0.025423728813559324,0.0,0.0,"[5.551115123125783e-17, 0.5614970317550454]",3,3,1.0,"[0.4385029682449546, 1.0]",0.025423728813559324,"[0.008683514404083097, 0.07208914636303015]",0.40974576271186436,0.41694915254237286,0.007203389830508475,"[0.0, 0.01673728813559322]",0.5666666666666667,0.5508474576271186,0.5508474576271186,0.8516949152542372,0.8389830508474576,-0.025423728813559324,3,0,0.25,0.9872881355932204,0,False
track2_common3,recordingSessionGroup,M35_CONSERVATIVE,FIXED,INCONGRUENT_CONTEXT,0.45,118,236,0,0,,0.0,0.0,,,"[null, null]",0,0,0.0,"[null, null]",0.0,"[0.0, 0.03152833902249433]",0.41694915254237286,0.41694915254237286,0.0,"[0.0, 0.0]",,0.5423728813559322,0.5423728813559322,0.864406779661017,0.864406779661017,0.0,0,0,1.0,1.0,0,
track2_common3,recordingSessionGroup,M35_CONSERVATIVE,FIXED,INCONGRUENT_CONTEXT,0.50,118,236,0,0,,0.0,0.0,,,"[null, null]",0,0,0.0,"[null, null]",0.0,"[0.0, 0.03152833902249433]",0.41694915254237286,0.41694915254237286,0.0,"[0.0, 0.0]",,0.5423728813559322,0.5423728813559322,0.864406779661017,0.864406779661017,0.0,0,0,1.0,1.0,0,
track2_common3,recordingSessionGroup,M35_CONSERVATIVE,FIXED,INCONGRUENT_CONTEXT,0.55,118,236,0,0,,0.0,0.0,,,"[null, null]",0,0,0.0,"[null, null]",0.0,"[0.0, 0.03152833902249433]",0.41694915254237286,0.41694915254237286,0.0,"[0.0, 0.0]",,0.5423728813559322,0.5423728813559322,0.864406779661017,0.864406779661017,0.0,0,0,1.0,1.0,0,
track2_common3,recordingSessionGroup,M35_CONSERVATIVE,FIXED,INCONGRUENT_CONTEXT,0.60,118,236,1,1,,0.00423728813559322,0.00847457627118644,0.0,0.0,"[0.0, 0.7934506856227626]",1,1,1.0,"[0.20654931437723745, 1.0]",0.00847457627118644,"[0.0014975405219652578, 0.04644557241540204]",0.41419491525423724,0.41694915254237286,0.002754237288135593,"[0.0, 0.008262711864406781]",0.65,0.5423728813559322,0.5423728813559322,0.8601694915254238,0.8559322033898306,-0.00847457627118644,1,0,1.0,0.9957627118644068,0,
track2_common3,recordingSessionGroup,M35_CONSERVATIVE,FIXED,INCONGRUENT_CONTEXT,0.65,118,236,2,2,,0.00847457627118644,0.01694915254237288,0.0,0.0,"[0.0, 0.6576197724933469]",2,2,1.0,"[0.34238022750665303, 1.0]",0.01694915254237288,"[0.004660442504200446, 0.059697444348039835]",0.4114406779661016,0.41694915254237286,0.005508474576271186,"[0.0, 0.013771186440677966]",0.65,0.5423728813559322,0.5423728813559322,0.8559322033898306,0.847457627118644,-0.01694915254237288,2,0,0.5,0.9915254237288136,0,
track2_common3,recordingSessionGroup,M35_CONSERVATIVE,FIXED,INCONGRUENT_CONTEXT,0.70,118,236,2,2,,0.00847457627118644,0.01694915254237288,0.0,0.0,"[0.0, 0.6576197724933469]",2,2,1.0,"[0.34238022750665303, 1.0]",0.01694915254237288,"[0.004660442504200446, 0.059697444348039835]",0.4114406779661016,0.41694915254237286,0.005508474576271186,"[0.0, 0.013771186440677966]",0.65,0.5423728813559322,0.5423728813559322,0.8559322033898306,0.847457627118644,-0.01694915254237288,2,0,0.5,0.9915254237288136,0,
track2_common3,recordingSessionGroup,M35_CONSERVATIVE,FIXED,INCONGRUENT_CONTEXT,0.75,118,236,2,2,,0.00847457627118644,0.01694915254237288,0.0,0.0,"[0.0, 0.6576197724933469]",2,2,1.0,"[0.34238022750665303, 1.0]",0.01694915254237288,"[0.004660442504200446, 0.059697444348039835]",0.4114406779661016,0.41694915254237286,0.005508474576271186,"[0.0, 0.013771186440677966]",0.65,0.5423728813559322,0.5423728813559322,0.8559322033898306,0.847457627118644,-0.01694915254237288,2,0,0.5,0.9915254237288136,0,
track2_common3,recordingSessionGroup,M35_CONSERVATIVE,FIXED,INCONGRUENT_CONTEXT,0.80,118,236,2,2,,0.00847457627118644,0.01694915254237288,0.0,0.0,"[0.0, 0.6576197724933469]",2,2,1.0,"[0.34238022750665303, 1.0]",0.01694915254237288,"[0.004660442504200446, 0.059697444348039835]",0.4114406779661016,0.41694915254237286,0.005508474576271186,"[0.0, 0.013771186440677966]",0.65,0.5423728813559322,0.5423728813559322,0.8559322033898306,0.847457627118644,-0.01694915254237288,2,0,0.5,0.9915254237288136,0,
track2_common3,recordingSessionGroup,M35_CONSERVATIVE,FIXED,INCONGRUENT_CONTEXT,0.85,118,236,2,2,,0.00847457627118644,0.01694915254237288,0.0,0.0,"[0.0, 0.6576197724933469]",2,2,1.0,"[0.34238022750665303, 1.0]",0.01694915254237288,"[0.004660442504200446, 0.059697444348039835]",0.4114406779661016,0.41694915254237286,0.005508474576271186,"[0.0, 0.013771186440677966]",0.65,0.5423728813559322,0.5423728813559322,0.8559322033898306,0.847457627118644,-0.01694915254237288,2,0,0.5,0.9915254237288136,0,
track2_common3,recordingSessionGroup,M35_CONSERVATIVE,FIXED,INCONGRUENT_CONTEXT,0.90,118,236,2,2,,0.00847457627118644,0.01694915254237288,0.0,0.0,"[0.0, 0.6576197724933469]",2,2,1.0,"[0.34238022750665303, 1.0]",0.01694915254237288,"[0.004660442504200446, 0.059697444348039835]",0.4114406779661016,0.41694915254237286,0.005508474576271186,"[0.0, 0.013771186440677966]",0.65,0.5423728813559322,0.5423728813559322,0.8559322033898306,0.847457627118644,-0.01694915254237288,2,0,0.5,0.9915254237288136,0,
track2_common3,recordingSessionGroup,M35_CONSERVATIVE,FIXED,INCONGRUENT_CONTEXT,0.95,118,236,2,2,,0.00847457627118644,0.01694915254237288,0.0,0.0,"[0.0, 0.6576197724933469]",2,2,1.0,"[0.34238022750665303, 1.0]",0.01694915254237288,"[0.004660442504200446, 0.059697444348039835]",0.4114406779661016,0.41694915254237286,0.005508474576271186,"[0.0, 0.013771186440677966]",0.65,0.5423728813559322,0.5423728813559322,0.8559322033898306,0.847457627118644,-0.01694915254237288,2,0,0.5,0.9915254237288136,0,
track2_common3,recordingSessionGroup,M36_LOGISTIC_SAFE_GATE,SAFE-95,INCONGRUENT_CONTEXT,0.45,118,236,2,2,,0.00847457627118644,0.01694915254237288,0.0,0.5,"[0.09453120573423074, 0.9054687942657693]",1,1,0.5,"[0.09453120573423074, 0.9054687942657693]",0.00847457627118644,"[0.0014975405219652578, 0.04644557241540204]",0.41355932203389834,0.41694915254237286,0.0033898305084745766,"[0.0, 0.009745762711864406]",0.4,0.5466101694915254,0.5466101694915254,0.8601694915254238,0.8559322033898306,-0.00847457627118644,1,0,1.0,0.9957627118644068,0,False
track2_common3,recordingSessionGroup,M36_LOGISTIC_SAFE_GATE,SAFE-95,INCONGRUENT_CONTEXT,0.50,118,236,2,2,,0.00847457627118644,0.01694915254237288,0.0,0.5,"[0.09453120573423074, 0.9054687942657693]",1,1,0.5,"[0.09453120573423074, 0.9054687942657693]",0.00847457627118644,"[0.0014975405219652578, 0.04644557241540204]",0.41355932203389834,0.41694915254237286,0.0033898305084745766,"[0.0, 0.009957627118644069]",0.4,0.5466101694915254,0.5466101694915254,0.8601694915254238,0.8559322033898306,-0.00847457627118644,1,0,1.0,0.9957627118644068,0,False
track2_common3,recordingSessionGroup,M36_LOGISTIC_SAFE_GATE,SAFE-95,INCONGRUENT_CONTEXT,0.55,118,236,2,2,,0.00847457627118644,0.01694915254237288,0.0,0.5,"[0.09453120573423074, 0.9054687942657693]",1,1,0.5,"[0.09453120573423074, 0.9054687942657693]",0.00847457627118644,"[0.0014975405219652578, 0.04644557241540204]",0.41355932203389834,0.41694915254237286,0.0033898305084745766,"[0.0, 0.009957627118644069]",0.4,0.5466101694915254,0.5466101694915254,0.8601694915254238,0.8559322033898306,-0.00847457627118644,1,0,1.0,0.9957627118644068,0,False
track2_common3,recordingSessionGroup,M36_LOGISTIC_SAFE_GATE,SAFE-95,INCONGRUENT_CONTEXT,0.60,118,236,2,2,,0.00847457627118644,0.01694915254237288,0.0,0.5,"[0.09453120573423074, 0.9054687942657693]",1,1,0.5,"[0.09453120573423074, 0.9054687942657693]",0.00847457627118644,"[0.0014975405219652578, 0.04644557241540204]",0.41355932203389834,0.41694915254237286,0.0033898305084745766,"[0.0, 0.009957627118644069]",0.4,0.5466101694915254,0.5466101694915254,0.8601694915254238,0.8559322033898306,-0.00847457627118644,1,0,1.0,0.9957627118644068,0,False
track2_common3,recordingSessionGroup,M36_LOGISTIC_SAFE_GATE,SAFE-95,INCONGRUENT_CONTEXT,0.65,118,236,2,2,,0.00847457627118644,0.01694915254237288,0.0,0.5,"[0.09453120573423074, 0.9054687942657693]",1,1,0.5,"[0.09453120573423074, 0.9054687942657693]",0.00847457627118644,"[0.0014975405219652578, 0.04644557241540204]",0.41355932203389834,0.41694915254237286,0.0033898305084745766,"[0.0, 0.009745762711864406]",0.4,0.5466101694915254,0.5466101694915254,0.8601694915254238,0.8559322033898306,-0.00847457627118644,1,0,1.0,0.9957627118644068,0,False
track2_common3,recordingSessionGroup,M36_LOGISTIC_SAFE_GATE,SAFE-95,INCONGRUENT_CONTEXT,0.70,118,236,2,2,,0.00847457627118644,0.01694915254237288,0.0,0.5,"[0.09453120573423074, 0.9054687942657693]",1,1,0.5,"[0.09453120573423074, 0.9054687942657693]",0.00847457627118644,"[0.0014975405219652578, 0.04644557241540204]",0.41355932203389834,0.41694915254237286,0.0033898305084745766,"[0.0, 0.01016949152542373]",0.4,0.5466101694915254,0.5466101694915254,0.8601694915254238,0.8559322033898306,-0.00847457627118644,1,0,1.0,0.9957627118644068,0,False
track2_common3,recordingSessionGroup,M36_LOGISTIC_SAFE_GATE,SAFE-95,INCONGRUENT_CONTEXT,0.75,118,236,2,2,,0.00847457627118644,0.01694915254237288,0.0,0.5,"[0.09453120573423074, 0.9054687942657693]",1,1,0.5,"[0.09453120573423074, 0.9054687942657693]",0.00847457627118644,"[0.0014975405219652578, 0.04644557241540204]",0.41355932203389834,0.41694915254237286,0.0033898305084745766,"[0.0, 0.009957627118644069]",0.4,0.5466101694915254,0.5466101694915254,0.8601694915254238,0.8559322033898306,-0.00847457627118644,1,0,1.0,0.9957627118644068,0,False
track2_common3,recordingSessionGroup,M36_LOGISTIC_SAFE_GATE,SAFE-95,INCONGRUENT_CONTEXT,0.80,118,236,2,2,,0.00847457627118644,0.01694915254237288,0.0,0.5,"[0.09453120573423074, 0.9054687942657693]",1,1,0.5,"[0.09453120573423074, 0.9054687942657693]",0.00847457627118644,"[0.0014975405219652578, 0.04644557241540204]",0.41355932203389834,0.41694915254237286,0.0033898305084745766,"[0.0, 0.009957627118644069]",0.4,0.5466101694915254,0.5466101694915254,0.8601694915254238,0.8559322033898306,-0.00847457627118644,1,0,1.0,0.9957627118644068,0,False
track2_common3,recordingSessionGroup,M36_LOGISTIC_SAFE_GATE,SAFE-95,INCONGRUENT_CONTEXT,0.85,118,236,2,2,,0.00847457627118644,0.01694915254237288,0.0,0.5,"[0.09453120573423074, 0.9054687942657693]",1,1,0.5,"[0.09453120573423074, 0.9054687942657693]",0.00847457627118644,"[0.0014975405219652578, 0.04644557241540204]",0.41355932203389834,0.41694915254237286,0.0033898305084745766,"[0.0, 0.009957627118644069]",0.4,0.5466101694915254,0.5466101694915254,0.8601694915254238,0.8559322033898306,-0.00847457627118644,1,0,1.0,0.9957627118644068,0,False
track2_common3,recordingSessionGroup,M36_LOGISTIC_SAFE_GATE,SAFE-95,INCONGRUENT_CONTEXT,0.90,118,236,2,2,,0.00847457627118644,0.01694915254237288,0.0,0.5,"[0.09453120573423074, 0.9054687942657693]",1,1,0.5,"[0.09453120573423074, 0.9054687942657693]",0.00847457627118644,"[0.0014975405219652578, 0.04644557241540204]",0.41355932203389834,0.41694915254237286,0.0033898305084745766,"[0.0, 0.009957627118644069]",0.4,0.5466101694915254,0.5466101694915254,0.8601694915254238,0.8559322033898306,-0.00847457627118644,1,0,1.0,0.9957627118644068,0,False
track2_common3,recordingSessionGroup,M36_LOGISTIC_SAFE_GATE,SAFE-95,INCONGRUENT_CONTEXT,0.95,118,236,2,2,,0.00847457627118644,0.01694915254237288,0.0,0.5,"[0.09453120573423074, 0.9054687942657693]",1,1,0.5,"[0.09453120573423074, 0.9054687942657693]",0.00847457627118644,"[0.0014975405219652578, 0.04644557241540204]",0.41355932203389834,0.41694915254237286,0.0033898305084745766,"[0.0, 0.01016949152542373]",0.4,0.5466101694915254,0.5466101694915254,0.8601694915254238,0.8559322033898306,-0.00847457627118644,1,0,1.0,0.9957627118644068,0,False
track2_common3,recordingSessionGroup,M36_LOGISTIC_SAFE_GATE,SAFE-99,INCONGRUENT_CONTEXT,0.45,118,236,2,2,,0.00847457627118644,0.01694915254237288,0.0,0.5,"[0.09453120573423074, 0.9054687942657693]",1,1,0.5,"[0.09453120573423074, 0.9054687942657693]",0.00847457627118644,"[0.0014975405219652578, 0.04644557241540204]",0.41355932203389834,0.41694915254237286,0.0033898305084745766,"[0.0, 0.009957627118644069]",0.4,0.5466101694915254,0.5466101694915254,0.8601694915254238,0.8559322033898306,-0.00847457627118644,1,0,1.0,0.9957627118644068,0,False
track2_common3,recordingSessionGroup,M36_LOGISTIC_SAFE_GATE,SAFE-99,INCONGRUENT_CONTEXT,0.50,118,236,2,2,,0.00847457627118644,0.01694915254237288,0.0,0.5,"[0.09453120573423074, 0.9054687942657693]",1,1,0.5,"[0.09453120573423074, 0.9054687942657693]",0.00847457627118644,"[0.0014975405219652578, 0.04644557241540204]",0.41355932203389834,0.41694915254237286,0.0033898305084745766,"[0.0, 0.009957627118644069]",0.4,0.5466101694915254,0.5466101694915254,0.8601694915254238,0.8559322033898306,-0.00847457627118644,1,0,1.0,0.9957627118644068,0,False
track2_common3,recordingSessionGroup,M36_LOGISTIC_SAFE_GATE,SAFE-99,INCONGRUENT_CONTEXT,0.55,118,236,2,2,,0.00847457627118644,0.01694915254237288,0.0,0.5,"[0.09453120573423074, 0.9054687942657693]",1,1,0.5,"[0.09453120573423074, 0.9054687942657693]",0.00847457627118644,"[0.0014975405219652578, 0.04644557241540204]",0.41355932203389834,0.41694915254237286,0.0033898305084745766,"[0.0, 0.009957627118644069]",0.4,0.5466101694915254,0.5466101694915254,0.8601694915254238,0.8559322033898306,-0.00847457627118644,1,0,1.0,0.9957627118644068,0,False
track2_common3,recordingSessionGroup,M36_LOGISTIC_SAFE_GATE,SAFE-99,INCONGRUENT_CONTEXT,0.60,118,236,2,2,,0.00847457627118644,0.01694915254237288,0.0,0.5,"[0.09453120573423074, 0.9054687942657693]",1,1,0.5,"[0.09453120573423074, 0.9054687942657693]",0.00847457627118644,"[0.0014975405219652578, 0.04644557241540204]",0.41355932203389834,0.41694915254237286,0.0033898305084745766,"[0.0, 0.009957627118644069]",0.4,0.5466101694915254,0.5466101694915254,0.8601694915254238,0.8559322033898306,-0.00847457627118644,1,0,1.0,0.9957627118644068,0,False
track2_common3,recordingSessionGroup,M36_LOGISTIC_SAFE_GATE,SAFE-99,INCONGRUENT_CONTEXT,0.65,118,236,2,2,,0.00847457627118644,0.01694915254237288,0.0,0.5,"[0.09453120573423074, 0.9054687942657693]",1,1,0.5,"[0.09453120573423074, 0.9054687942657693]",0.00847457627118644,"[0.0014975405219652578, 0.04644557241540204]",0.41355932203389834,0.41694915254237286,0.0033898305084745766,"[0.0, 0.010169491525423726]",0.4,0.5466101694915254,0.5466101694915254,0.8601694915254238,0.8559322033898306,-0.00847457627118644,1,0,1.0,0.9957627118644068,0,False
track2_common3,recordingSessionGroup,M36_LOGISTIC_SAFE_GATE,SAFE-99,INCONGRUENT_CONTEXT,0.70,118,236,2,2,,0.00847457627118644,0.01694915254237288,0.0,0.5,"[0.09453120573423074, 0.9054687942657693]",1,1,0.5,"[0.09453120573423074, 0.9054687942657693]",0.00847457627118644,"[0.0014975405219652578, 0.04644557241540204]",0.41355932203389834,0.41694915254237286,0.0033898305084745766,"[0.0, 0.010169491525423728]",0.4,0.5466101694915254,0.5466101694915254,0.8601694915254238,0.8559322033898306,-0.00847457627118644,1,0,1.0,0.9957627118644068,0,False
track2_common3,recordingSessionGroup,M36_LOGISTIC_SAFE_GATE,SAFE-99,INCONGRUENT_CONTEXT,0.75,118,236,2,2,,0.00847457627118644,0.01694915254237288,0.0,0.5,"[0.09453120573423074, 0.9054687942657693]",1,1,0.5,"[0.09453120573423074, 0.9054687942657693]",0.00847457627118644,"[0.0014975405219652578, 0.04644557241540204]",0.41355932203389834,0.41694915254237286,0.0033898305084745766,"[0.0, 0.009957627118644069]",0.4,0.5466101694915254,0.5466101694915254,0.8601694915254238,0.8559322033898306,-0.00847457627118644,1,0,1.0,0.9957627118644068,0,False
track2_common3,recordingSessionGroup,M36_LOGISTIC_SAFE_GATE,SAFE-99,INCONGRUENT_CONTEXT,0.80,118,236,2,2,,0.00847457627118644,0.01694915254237288,0.0,0.5,"[0.09453120573423074, 0.9054687942657693]",1,1,0.5,"[0.09453120573423074, 0.9054687942657693]",0.00847457627118644,"[0.0014975405219652578, 0.04644557241540204]",0.41355932203389834,0.41694915254237286,0.0033898305084745766,"[0.0, 0.009957627118644069]",0.4,0.5466101694915254,0.5466101694915254,0.8601694915254238,0.8559322033898306,-0.00847457627118644,1,0,1.0,0.9957627118644068,0,False
track2_common3,recordingSessionGroup,M36_LOGISTIC_SAFE_GATE,SAFE-99,INCONGRUENT_CONTEXT,0.85,118,236,2,2,,0.00847457627118644,0.01694915254237288,0.0,0.5,"[0.09453120573423074, 0.9054687942657693]",1,1,0.5,"[0.09453120573423074, 0.9054687942657693]",0.00847457627118644,"[0.0014975405219652578, 0.04644557241540204]",0.41355932203389834,0.41694915254237286,0.0033898305084745766,"[0.0, 0.009957627118644069]",0.4,0.5466101694915254,0.5466101694915254,0.8601694915254238,0.8559322033898306,-0.00847457627118644,1,0,1.0,0.9957627118644068,0,False
track2_common3,recordingSessionGroup,M36_LOGISTIC_SAFE_GATE,SAFE-99,INCONGRUENT_CONTEXT,0.90,118,236,2,2,,0.00847457627118644,0.01694915254237288,0.0,0.5,"[0.09453120573423074, 0.9054687942657693]",1,1,0.5,"[0.09453120573423074, 0.9054687942657693]",0.00847457627118644,"[0.0014975405219652578, 0.04644557241540204]",0.41355932203389834,0.41694915254237286,0.0033898305084745766,"[0.0, 0.01016949152542373]",0.4,0.5466101694915254,0.5466101694915254,0.8601694915254238,0.8559322033898306,-0.00847457627118644,1,0,1.0,0.9957627118644068,0,False
track2_common3,recordingSessionGroup,M36_LOGISTIC_SAFE_GATE,SAFE-99,INCONGRUENT_CONTEXT,0.95,118,236,2,2,,0.00847457627118644,0.01694915254237288,0.0,0.5,"[0.09453120573423074, 0.9054687942657693]",1,1,0.5,"[0.09453120573423074, 0.9054687942657693]",0.00847457627118644,"[0.0014975405219652578, 0.04644557241540204]",0.41355932203389834,0.41694915254237286,0.0033898305084745766,"[0.0, 0.009957627118644069]",0.4,0.5466101694915254,0.5466101694915254,0.8601694915254238,0.8559322033898306,-0.00847457627118644,1,0,1.0,0.9957627118644068,0,False
track2_common3,recordingSessionGroup,M36_LOGISTIC_SAFE_GATE,SAFE-STRICT,INCONGRUENT_CONTEXT,0.45,118,236,2,2,,0.00847457627118644,0.01694915254237288,0.0,0.5,"[0.09453120573423074, 0.9054687942657693]",1,1,0.5,"[0.09453120573423074, 0.9054687942657693]",0.00847457627118644,"[0.0014975405219652578, 0.04644557241540204]",0.41355932203389834,0.41694915254237286,0.0033898305084745766,"[0.0, 0.009957627118644069]",0.4,0.5466101694915254,0.5466101694915254,0.8601694915254238,0.8559322033898306,-0.00847457627118644,1,0,1.0,0.9957627118644068,0,False
track2_common3,recordingSessionGroup,M36_LOGISTIC_SAFE_GATE,SAFE-STRICT,INCONGRUENT_CONTEXT,0.50,118,236,2,2,,0.00847457627118644,0.01694915254237288,0.0,0.5,"[0.09453120573423074, 0.9054687942657693]",1,1,0.5,"[0.09453120573423074, 0.9054687942657693]",0.00847457627118644,"[0.0014975405219652578, 0.04644557241540204]",0.41355932203389834,0.41694915254237286,0.0033898305084745766,"[0.0, 0.009957627118644069]",0.4,0.5466101694915254,0.5466101694915254,0.8601694915254238,0.8559322033898306,-0.00847457627118644,1,0,1.0,0.9957627118644068,0,False
track2_common3,recordingSessionGroup,M36_LOGISTIC_SAFE_GATE,SAFE-STRICT,INCONGRUENT_CONTEXT,0.55,118,236,2,2,,0.00847457627118644,0.01694915254237288,0.0,0.5,"[0.09453120573423074, 0.9054687942657693]",1,1,0.5,"[0.09453120573423074, 0.9054687942657693]",0.00847457627118644,"[0.0014975405219652578, 0.04644557241540204]",0.41355932203389834,0.41694915254237286,0.0033898305084745766,"[0.0, 0.009957627118644069]",0.4,0.5466101694915254,0.5466101694915254,0.8601694915254238,0.8559322033898306,-0.00847457627118644,1,0,1.0,0.9957627118644068,0,False
track2_common3,recordingSessionGroup,M36_LOGISTIC_SAFE_GATE,SAFE-STRICT,INCONGRUENT_CONTEXT,0.60,118,236,2,2,,0.00847457627118644,0.01694915254237288,0.0,0.5,"[0.09453120573423074, 0.9054687942657693]",1,1,0.5,"[0.09453120573423074, 0.9054687942657693]",0.00847457627118644,"[0.0014975405219652578, 0.04644557241540204]",0.41355932203389834,0.41694915254237286,0.0033898305084745766,"[0.0, 0.010169491525423728]",0.4,0.5466101694915254,0.5466101694915254,0.8601694915254238,0.8559322033898306,-0.00847457627118644,1,0,1.0,0.9957627118644068,0,False
track2_common3,recordingSessionGroup,M36_LOGISTIC_SAFE_GATE,SAFE-STRICT,INCONGRUENT_CONTEXT,0.65,118,236,2,2,,0.00847457627118644,0.01694915254237288,0.0,0.5,"[0.09453120573423074, 0.9054687942657693]",1,1,0.5,"[0.09453120573423074, 0.9054687942657693]",0.00847457627118644,"[0.0014975405219652578, 0.04644557241540204]",0.41355932203389834,0.41694915254237286,0.0033898305084745766,"[0.0, 0.009957627118644069]",0.4,0.5466101694915254,0.5466101694915254,0.8601694915254238,0.8559322033898306,-0.00847457627118644,1,0,1.0,0.9957627118644068,0,False
track2_common3,recordingSessionGroup,M36_LOGISTIC_SAFE_GATE,SAFE-STRICT,INCONGRUENT_CONTEXT,0.70,118,236,2,2,,0.00847457627118644,0.01694915254237288,0.0,0.5,"[0.09453120573423074, 0.9054687942657693]",1,1,0.5,"[0.09453120573423074, 0.9054687942657693]",0.00847457627118644,"[0.0014975405219652578, 0.04644557241540204]",0.41355932203389834,0.41694915254237286,0.0033898305084745766,"[0.0, 0.009957627118644069]",0.4,0.5466101694915254,0.5466101694915254,0.8601694915254238,0.8559322033898306,-0.00847457627118644,1,0,1.0,0.9957627118644068,0,False
track2_common3,recordingSessionGroup,M36_LOGISTIC_SAFE_GATE,SAFE-STRICT,INCONGRUENT_CONTEXT,0.75,118,236,2,2,,0.00847457627118644,0.01694915254237288,0.0,0.5,"[0.09453120573423074, 0.9054687942657693]",1,1,0.5,"[0.09453120573423074, 0.9054687942657693]",0.00847457627118644,"[0.0014975405219652578, 0.04644557241540204]",0.41355932203389834,0.41694915254237286,0.0033898305084745766,"[0.0, 0.009957627118644069]",0.4,0.5466101694915254,0.5466101694915254,0.8601694915254238,0.8559322033898306,-0.00847457627118644,1,0,1.0,0.9957627118644068,0,False
track2_common3,recordingSessionGroup,M36_LOGISTIC_SAFE_GATE,SAFE-STRICT,INCONGRUENT_CONTEXT,0.80,118,236,2,2,,0.00847457627118644,0.01694915254237288,0.0,0.5,"[0.09453120573423074, 0.9054687942657693]",1,1,0.5,"[0.09453120573423074, 0.9054687942657693]",0.00847457627118644,"[0.0014975405219652578, 0.04644557241540204]",0.41355932203389834,0.41694915254237286,0.0033898305084745766,"[0.0, 0.009957627118644069]",0.4,0.5466101694915254,0.5466101694915254,0.8601694915254238,0.8559322033898306,-0.00847457627118644,1,0,1.0,0.9957627118644068,0,False
track2_common3,recordingSessionGroup,M36_LOGISTIC_SAFE_GATE,SAFE-STRICT,INCONGRUENT_CONTEXT,0.85,118,236,2,2,,0.00847457627118644,0.01694915254237288,0.0,0.5,"[0.09453120573423074, 0.9054687942657693]",1,1,0.5,"[0.09453120573423074, 0.9054687942657693]",0.00847457627118644,"[0.0014975405219652578, 0.04644557241540204]",0.41355932203389834,0.41694915254237286,0.0033898305084745766,"[0.0, 0.009957627118644069]",0.4,0.5466101694915254,0.5466101694915254,0.8601694915254238,0.8559322033898306,-0.00847457627118644,1,0,1.0,0.9957627118644068,0,False
track2_common3,recordingSessionGroup,M36_LOGISTIC_SAFE_GATE,SAFE-STRICT,INCONGRUENT_CONTEXT,0.90,118,236,2,2,,0.00847457627118644,0.01694915254237288,0.0,0.5,"[0.09453120573423074, 0.9054687942657693]",1,1,0.5,"[0.09453120573423074, 0.9054687942657693]",0.00847457627118644,"[0.0014975405219652578, 0.04644557241540204]",0.41355932203389834,0.41694915254237286,0.0033898305084745766,"[0.0, 0.010169491525423728]",0.4,0.5466101694915254,0.5466101694915254,0.8601694915254238,0.8559322033898306,-0.00847457627118644,1,0,1.0,0.9957627118644068,0,False
track2_common3,recordingSessionGroup,M36_LOGISTIC_SAFE_GATE,SAFE-STRICT,INCONGRUENT_CONTEXT,0.95,118,236,2,2,,0.00847457627118644,0.01694915254237288,0.0,0.5,"[0.09453120573423074, 0.9054687942657693]",1,1,0.5,"[0.09453120573423074, 0.9054687942657693]",0.00847457627118644,"[0.0014975405219652578, 0.04644557241540204]",0.41355932203389834,0.41694915254237286,0.0033898305084745766,"[0.0, 0.009957627118644069]",0.4,0.5466101694915254,0.5466101694915254,0.8601694915254238,0.8559322033898306,-0.00847457627118644,1,0,1.0,0.9957627118644068,0,False
track2_common3,recordingSessionGroup,M36_LOGISTIC_VIEW_GUARDED,SAFE-95,INCONGRUENT_CONTEXT,0.45,118,236,2,2,,0.00847457627118644,0.01694915254237288,0.0,1.0,"[0.34238022750665303, 1.0]",0,0,0.0,"[0.0, 0.6576197724933469]",0.0,"[0.0, 0.03152833902249433]",0.41652542372881357,0.41694915254237286,0.0004237288135593219,"[0.0, 0.0010593220338983049]",0.04999999999999999,0.5423728813559322,0.5423728813559322,0.864406779661017,0.864406779661017,0.0,0,0,1.0,1.0,0,True
track2_common3,recordingSessionGroup,M36_LOGISTIC_VIEW_GUARDED,SAFE-95,INCONGRUENT_CONTEXT,0.50,118,236,2,2,,0.00847457627118644,0.01694915254237288,0.0,1.0,"[0.34238022750665303, 1.0]",0,0,0.0,"[0.0, 0.6576197724933469]",0.0,"[0.0, 0.03152833902249433]",0.41652542372881357,0.41694915254237286,0.0004237288135593219,"[0.0, 0.0010593220338983049]",0.04999999999999999,0.5423728813559322,0.5423728813559322,0.864406779661017,0.864406779661017,0.0,0,0,1.0,1.0,0,True
track2_common3,recordingSessionGroup,M36_LOGISTIC_VIEW_GUARDED,SAFE-95,INCONGRUENT_CONTEXT,0.55,118,236,2,2,,0.00847457627118644,0.01694915254237288,0.0,1.0,"[0.34238022750665303, 1.0]",0,0,0.0,"[0.0, 0.6576197724933469]",0.0,"[0.0, 0.03152833902249433]",0.41652542372881357,0.41694915254237286,0.0004237288135593219,"[0.0, 0.0010593220338983049]",0.04999999999999999,0.5423728813559322,0.5423728813559322,0.864406779661017,0.864406779661017,0.0,0,0,1.0,1.0,0,True
track2_common3,recordingSessionGroup,M36_LOGISTIC_VIEW_GUARDED,SAFE-95,INCONGRUENT_CONTEXT,0.60,118,236,2,2,,0.00847457627118644,0.01694915254237288,0.0,1.0,"[0.34238022750665303, 1.0]",0,0,0.0,"[0.0, 0.6576197724933469]",0.0,"[0.0, 0.03152833902249433]",0.41652542372881357,0.41694915254237286,0.0004237288135593219,"[0.0, 0.0010593220338983049]",0.04999999999999999,0.5423728813559322,0.5423728813559322,0.864406779661017,0.864406779661017,0.0,0,0,1.0,1.0,0,True
track2_common3,recordingSessionGroup,M36_LOGISTIC_VIEW_GUARDED,SAFE-95,INCONGRUENT_CONTEXT,0.65,118,236,2,2,,0.00847457627118644,0.01694915254237288,0.0,1.0,"[0.34238022750665303, 1.0]",0,0,0.0,"[0.0, 0.6576197724933469]",0.0,"[0.0, 0.03152833902249433]",0.41652542372881357,0.41694915254237286,0.0004237288135593219,"[0.0, 0.0010593220338983049]",0.04999999999999999,0.5423728813559322,0.5423728813559322,0.864406779661017,0.864406779661017,0.0,0,0,1.0,1.0,0,True
track2_common3,recordingSessionGroup,M36_LOGISTIC_VIEW_GUARDED,SAFE-95,INCONGRUENT_CONTEXT,0.70,118,236,2,2,,0.00847457627118644,0.01694915254237288,0.0,1.0,"[0.34238022750665303, 1.0]",0,0,0.0,"[0.0, 0.6576197724933469]",0.0,"[0.0, 0.03152833902249433]",0.41652542372881357,0.41694915254237286,0.0004237288135593219,"[0.0, 0.0010593220338983049]",0.04999999999999999,0.5423728813559322,0.5423728813559322,0.864406779661017,0.864406779661017,0.0,0,0,1.0,1.0,0,True
track2_common3,recordingSessionGroup,M36_LOGISTIC_VIEW_GUARDED,SAFE-95,INCONGRUENT_CONTEXT,0.75,118,236,2,2,,0.00847457627118644,0.01694915254237288,0.0,1.0,"[0.34238022750665303, 1.0]",0,0,0.0,"[0.0, 0.6576197724933469]",0.0,"[0.0, 0.03152833902249433]",0.41652542372881357,0.41694915254237286,0.0004237288135593219,"[0.0, 0.0010593220338983049]",0.04999999999999999,0.5423728813559322,0.5423728813559322,0.864406779661017,0.864406779661017,0.0,0,0,1.0,1.0,0,True
track2_common3,recordingSessionGroup,M36_LOGISTIC_VIEW_GUARDED,SAFE-95,INCONGRUENT_CONTEXT,0.80,118,236,2,2,,0.00847457627118644,0.01694915254237288,0.0,1.0,"[0.34238022750665303, 1.0]",0,0,0.0,"[0.0, 0.6576197724933469]",0.0,"[0.0, 0.03152833902249433]",0.41652542372881357,0.41694915254237286,0.0004237288135593219,"[0.0, 0.0010593220338983049]",0.04999999999999999,0.5423728813559322,0.5423728813559322,0.864406779661017,0.864406779661017,0.0,0,0,1.0,1.0,0,True
track2_common3,recordingSessionGroup,M36_LOGISTIC_VIEW_GUARDED,SAFE-95,INCONGRUENT_CONTEXT,0.85,118,236,2,2,,0.00847457627118644,0.01694915254237288,0.0,1.0,"[0.34238022750665303, 1.0]",0,0,0.0,"[0.0, 0.6576197724933469]",0.0,"[0.0, 0.03152833902249433]",0.41652542372881357,0.41694915254237286,0.0004237288135593219,"[0.0, 0.0010593220338983049]",0.04999999999999999,0.5423728813559322,0.5423728813559322,0.864406779661017,0.864406779661017,0.0,0,0,1.0,1.0,0,True
track2_common3,recordingSessionGroup,M36_LOGISTIC_VIEW_GUARDED,SAFE-95,INCONGRUENT_CONTEXT,0.90,118,236,2,2,,0.00847457627118644,0.01694915254237288,0.0,1.0,"[0.34238022750665303, 1.0]",0,0,0.0,"[0.0, 0.6576197724933469]",0.0,"[0.0, 0.03152833902249433]",0.41652542372881357,0.41694915254237286,0.0004237288135593219,"[0.0, 0.0010593220338983049]",0.04999999999999999,0.5423728813559322,0.5423728813559322,0.864406779661017,0.864406779661017,0.0,0,0,1.0,1.0,0,True
track2_common3,recordingSessionGroup,M36_LOGISTIC_VIEW_GUARDED,SAFE-95,INCONGRUENT_CONTEXT,0.95,118,236,2,2,,0.00847457627118644,0.01694915254237288,0.0,1.0,"[0.34238022750665303, 1.0]",0,0,0.0,"[0.0, 0.6576197724933469]",0.0,"[0.0, 0.03152833902249433]",0.41652542372881357,0.41694915254237286,0.0004237288135593219,"[0.0, 0.0010593220338983049]",0.04999999999999999,0.5423728813559322,0.5423728813559322,0.864406779661017,0.864406779661017,0.0,0,0,1.0,1.0,0,True
track2_common3,recordingSessionGroup,M36_LOGISTIC_VIEW_GUARDED,SAFE-99,INCONGRUENT_CONTEXT,0.45,118,236,2,2,,0.00847457627118644,0.01694915254237288,0.0,1.0,"[0.34238022750665303, 1.0]",0,0,0.0,"[0.0, 0.6576197724933469]",0.0,"[0.0, 0.03152833902249433]",0.41652542372881357,0.41694915254237286,0.0004237288135593219,"[0.0, 0.0010593220338983049]",0.04999999999999999,0.5423728813559322,0.5423728813559322,0.864406779661017,0.864406779661017,0.0,0,0,1.0,1.0,0,True
track2_common3,recordingSessionGroup,M36_LOGISTIC_VIEW_GUARDED,SAFE-99,INCONGRUENT_CONTEXT,0.50,118,236,2,2,,0.00847457627118644,0.01694915254237288,0.0,1.0,"[0.34238022750665303, 1.0]",0,0,0.0,"[0.0, 0.6576197724933469]",0.0,"[0.0, 0.03152833902249433]",0.41652542372881357,0.41694915254237286,0.0004237288135593219,"[0.0, 0.0010593220338983049]",0.04999999999999999,0.5423728813559322,0.5423728813559322,0.864406779661017,0.864406779661017,0.0,0,0,1.0,1.0,0,True
track2_common3,recordingSessionGroup,M36_LOGISTIC_VIEW_GUARDED,SAFE-99,INCONGRUENT_CONTEXT,0.55,118,236,2,2,,0.00847457627118644,0.01694915254237288,0.0,1.0,"[0.34238022750665303, 1.0]",0,0,0.0,"[0.0, 0.6576197724933469]",0.0,"[0.0, 0.03152833902249433]",0.41652542372881357,0.41694915254237286,0.0004237288135593219,"[0.0, 0.0010593220338983049]",0.04999999999999999,0.5423728813559322,0.5423728813559322,0.864406779661017,0.864406779661017,0.0,0,0,1.0,1.0,0,True
track2_common3,recordingSessionGroup,M36_LOGISTIC_VIEW_GUARDED,SAFE-99,INCONGRUENT_CONTEXT,0.60,118,236,2,2,,0.00847457627118644,0.01694915254237288,0.0,1.0,"[0.34238022750665303, 1.0]",0,0,0.0,"[0.0, 0.6576197724933469]",0.0,"[0.0, 0.03152833902249433]",0.41652542372881357,0.41694915254237286,0.0004237288135593219,"[0.0, 0.0010593220338983049]",0.04999999999999999,0.5423728813559322,0.5423728813559322,0.864406779661017,0.864406779661017,0.0,0,0,1.0,1.0,0,True
track2_common3,recordingSessionGroup,M36_LOGISTIC_VIEW_GUARDED,SAFE-99,INCONGRUENT_CONTEXT,0.65,118,236,2,2,,0.00847457627118644,0.01694915254237288,0.0,1.0,"[0.34238022750665303, 1.0]",0,0,0.0,"[0.0, 0.6576197724933469]",0.0,"[0.0, 0.03152833902249433]",0.41652542372881357,0.41694915254237286,0.0004237288135593219,"[0.0, 0.0010593220338983049]",0.04999999999999999,0.5423728813559322,0.5423728813559322,0.864406779661017,0.864406779661017,0.0,0,0,1.0,1.0,0,True
track2_common3,recordingSessionGroup,M36_LOGISTIC_VIEW_GUARDED,SAFE-99,INCONGRUENT_CONTEXT,0.70,118,236,2,2,,0.00847457627118644,0.01694915254237288,0.0,1.0,"[0.34238022750665303, 1.0]",0,0,0.0,"[0.0, 0.6576197724933469]",0.0,"[0.0, 0.03152833902249433]",0.41652542372881357,0.41694915254237286,0.0004237288135593219,"[0.0, 0.0010593220338983049]",0.04999999999999999,0.5423728813559322,0.5423728813559322,0.864406779661017,0.864406779661017,0.0,0,0,1.0,1.0,0,True
track2_common3,recordingSessionGroup,M36_LOGISTIC_VIEW_GUARDED,SAFE-99,INCONGRUENT_CONTEXT,0.75,118,236,2,2,,0.00847457627118644,0.01694915254237288,0.0,1.0,"[0.34238022750665303, 1.0]",0,0,0.0,"[0.0, 0.6576197724933469]",0.0,"[0.0, 0.03152833902249433]",0.41652542372881357,0.41694915254237286,0.0004237288135593219,"[0.0, 0.0010593220338983049]",0.04999999999999999,0.5423728813559322,0.5423728813559322,0.864406779661017,0.864406779661017,0.0,0,0,1.0,1.0,0,True
track2_common3,recordingSessionGroup,M36_LOGISTIC_VIEW_GUARDED,SAFE-99,INCONGRUENT_CONTEXT,0.80,118,236,2,2,,0.00847457627118644,0.01694915254237288,0.0,1.0,"[0.34238022750665303, 1.0]",0,0,0.0,"[0.0, 0.6576197724933469]",0.0,"[0.0, 0.03152833902249433]",0.41652542372881357,0.41694915254237286,0.0004237288135593219,"[0.0, 0.0010593220338983049]",0.04999999999999999,0.5423728813559322,0.5423728813559322,0.864406779661017,0.864406779661017,0.0,0,0,1.0,1.0,0,True
track2_common3,recordingSessionGroup,M36_LOGISTIC_VIEW_GUARDED,SAFE-99,INCONGRUENT_CONTEXT,0.85,118,236,2,2,,0.00847457627118644,0.01694915254237288,0.0,1.0,"[0.34238022750665303, 1.0]",0,0,0.0,"[0.0, 0.6576197724933469]",0.0,"[0.0, 0.03152833902249433]",0.41652542372881357,0.41694915254237286,0.0004237288135593219,"[0.0, 0.0010593220338983049]",0.04999999999999999,0.5423728813559322,0.5423728813559322,0.864406779661017,0.864406779661017,0.0,0,0,1.0,1.0,0,True
track2_common3,recordingSessionGroup,M36_LOGISTIC_VIEW_GUARDED,SAFE-99,INCONGRUENT_CONTEXT,0.90,118,236,2,2,,0.00847457627118644,0.01694915254237288,0.0,1.0,"[0.34238022750665303, 1.0]",0,0,0.0,"[0.0, 0.6576197724933469]",0.0,"[0.0, 0.03152833902249433]",0.41652542372881357,0.41694915254237286,0.0004237288135593219,"[0.0, 0.0010593220338983049]",0.04999999999999999,0.5423728813559322,0.5423728813559322,0.864406779661017,0.864406779661017,0.0,0,0,1.0,1.0,0,True
track2_common3,recordingSessionGroup,M36_LOGISTIC_VIEW_GUARDED,SAFE-99,INCONGRUENT_CONTEXT,0.95,118,236,2,2,,0.00847457627118644,0.01694915254237288,0.0,1.0,"[0.34238022750665303, 1.0]",0,0,0.0,"[0.0, 0.6576197724933469]",0.0,"[0.0, 0.03152833902249433]",0.41652542372881357,0.41694915254237286,0.0004237288135593219,"[0.0, 0.0010593220338983049]",0.04999999999999999,0.5423728813559322,0.5423728813559322,0.864406779661017,0.864406779661017,0.0,0,0,1.0,1.0,0,True
track2_common3,recordingSessionGroup,M36_LOGISTIC_VIEW_GUARDED,SAFE-STRICT,INCONGRUENT_CONTEXT,0.45,118,236,2,2,,0.00847457627118644,0.01694915254237288,0.0,1.0,"[0.34238022750665303, 1.0]",0,0,0.0,"[0.0, 0.6576197724933469]",0.0,"[0.0, 0.03152833902249433]",0.41652542372881357,0.41694915254237286,0.0004237288135593219,"[0.0, 0.0010593220338983049]",0.04999999999999999,0.5423728813559322,0.5423728813559322,0.864406779661017,0.864406779661017,0.0,0,0,1.0,1.0,0,True
track2_common3,recordingSessionGroup,M36_LOGISTIC_VIEW_GUARDED,SAFE-STRICT,INCONGRUENT_CONTEXT,0.50,118,236,2,2,,0.00847457627118644,0.01694915254237288,0.0,1.0,"[0.34238022750665303, 1.0]",0,0,0.0,"[0.0, 0.6576197724933469]",0.0,"[0.0, 0.03152833902249433]",0.41652542372881357,0.41694915254237286,0.0004237288135593219,"[0.0, 0.0010593220338983049]",0.04999999999999999,0.5423728813559322,0.5423728813559322,0.864406779661017,0.864406779661017,0.0,0,0,1.0,1.0,0,True
track2_common3,recordingSessionGroup,M36_LOGISTIC_VIEW_GUARDED,SAFE-STRICT,INCONGRUENT_CONTEXT,0.55,118,236,2,2,,0.00847457627118644,0.01694915254237288,0.0,1.0,"[0.34238022750665303, 1.0]",0,0,0.0,"[0.0, 0.6576197724933469]",0.0,"[0.0, 0.03152833902249433]",0.41652542372881357,0.41694915254237286,0.0004237288135593219,"[0.0, 0.0010593220338983049]",0.04999999999999999,0.5423728813559322,0.5423728813559322,0.864406779661017,0.864406779661017,0.0,0,0,1.0,1.0,0,True
track2_common3,recordingSessionGroup,M36_LOGISTIC_VIEW_GUARDED,SAFE-STRICT,INCONGRUENT_CONTEXT,0.60,118,236,2,2,,0.00847457627118644,0.01694915254237288,0.0,1.0,"[0.34238022750665303, 1.0]",0,0,0.0,"[0.0, 0.6576197724933469]",0.0,"[0.0, 0.03152833902249433]",0.41652542372881357,0.41694915254237286,0.0004237288135593219,"[0.0, 0.0010593220338983049]",0.04999999999999999,0.5423728813559322,0.5423728813559322,0.864406779661017,0.864406779661017,0.0,0,0,1.0,1.0,0,True
track2_common3,recordingSessionGroup,M36_LOGISTIC_VIEW_GUARDED,SAFE-STRICT,INCONGRUENT_CONTEXT,0.65,118,236,2,2,,0.00847457627118644,0.01694915254237288,0.0,1.0,"[0.34238022750665303, 1.0]",0,0,0.0,"[0.0, 0.6576197724933469]",0.0,"[0.0, 0.03152833902249433]",0.41652542372881357,0.41694915254237286,0.0004237288135593219,"[0.0, 0.0010593220338983049]",0.04999999999999999,0.5423728813559322,0.5423728813559322,0.864406779661017,0.864406779661017,0.0,0,0,1.0,1.0,0,True
track2_common3,recordingSessionGroup,M36_LOGISTIC_VIEW_GUARDED,SAFE-STRICT,INCONGRUENT_CONTEXT,0.70,118,236,2,2,,0.00847457627118644,0.01694915254237288,0.0,1.0,"[0.34238022750665303, 1.0]",0,0,0.0,"[0.0, 0.6576197724933469]",0.0,"[0.0, 0.03152833902249433]",0.41652542372881357,0.41694915254237286,0.0004237288135593219,"[0.0, 0.0010593220338983049]",0.04999999999999999,0.5423728813559322,0.5423728813559322,0.864406779661017,0.864406779661017,0.0,0,0,1.0,1.0,0,True
track2_common3,recordingSessionGroup,M36_LOGISTIC_VIEW_GUARDED,SAFE-STRICT,INCONGRUENT_CONTEXT,0.75,118,236,2,2,,0.00847457627118644,0.01694915254237288,0.0,1.0,"[0.34238022750665303, 1.0]",0,0,0.0,"[0.0, 0.6576197724933469]",0.0,"[0.0, 0.03152833902249433]",0.41652542372881357,0.41694915254237286,0.0004237288135593219,"[0.0, 0.0010593220338983049]",0.04999999999999999,0.5423728813559322,0.5423728813559322,0.864406779661017,0.864406779661017,0.0,0,0,1.0,1.0,0,True
track2_common3,recordingSessionGroup,M36_LOGISTIC_VIEW_GUARDED,SAFE-STRICT,INCONGRUENT_CONTEXT,0.80,118,236,2,2,,0.00847457627118644,0.01694915254237288,0.0,1.0,"[0.34238022750665303, 1.0]",0,0,0.0,"[0.0, 0.6576197724933469]",0.0,"[0.0, 0.03152833902249433]",0.41652542372881357,0.41694915254237286,0.0004237288135593219,"[0.0, 0.0010593220338983049]",0.04999999999999999,0.5423728813559322,0.5423728813559322,0.864406779661017,0.864406779661017,0.0,0,0,1.0,1.0,0,True
track2_common3,recordingSessionGroup,M36_LOGISTIC_VIEW_GUARDED,SAFE-STRICT,INCONGRUENT_CONTEXT,0.85,118,236,2,2,,0.00847457627118644,0.01694915254237288,0.0,1.0,"[0.34238022750665303, 1.0]",0,0,0.0,"[0.0, 0.6576197724933469]",0.0,"[0.0, 0.03152833902249433]",0.41652542372881357,0.41694915254237286,0.0004237288135593219,"[0.0, 0.0010593220338983049]",0.04999999999999999,0.5423728813559322,0.5423728813559322,0.864406779661017,0.864406779661017,0.0,0,0,1.0,1.0,0,True
track2_common3,recordingSessionGroup,M36_LOGISTIC_VIEW_GUARDED,SAFE-STRICT,INCONGRUENT_CONTEXT,0.90,118,236,2,2,,0.00847457627118644,0.01694915254237288,0.0,1.0,"[0.34238022750665303, 1.0]",0,0,0.0,"[0.0, 0.6576197724933469]",0.0,"[0.0, 0.03152833902249433]",0.41652542372881357,0.41694915254237286,0.0004237288135593219,"[0.0, 0.0010593220338983049]",0.04999999999999999,0.5423728813559322,0.5423728813559322,0.864406779661017,0.864406779661017,0.0,0,0,1.0,1.0,0,True
track2_common3,recordingSessionGroup,M36_LOGISTIC_VIEW_GUARDED,SAFE-STRICT,INCONGRUENT_CONTEXT,0.95,118,236,2,2,,0.00847457627118644,0.01694915254237288,0.0,1.0,"[0.34238022750665303, 1.0]",0,0,0.0,"[0.0, 0.6576197724933469]",0.0,"[0.0, 0.03152833902249433]",0.41652542372881357,0.41694915254237286,0.0004237288135593219,"[0.0, 0.0010593220338983049]",0.04999999999999999,0.5423728813559322,0.5423728813559322,0.864406779661017,0.864406779661017,0.0,0,0,1.0,1.0,0,True
track2_common3,recordingSessionGroup,M36_MULTI_VIEW_RULE,SAFE-95,INCONGRUENT_CONTEXT,0.45,118,236,0,0,,0.0,0.0,,,"[null, null]",0,0,0.0,"[null, null]",0.0,"[0.0, 0.03152833902249433]",0.41694915254237286,0.41694915254237286,0.0,"[0.0, 0.0]",,0.5423728813559322,0.5423728813559322,0.864406779661017,0.864406779661017,0.0,0,0,1.0,1.0,0,False
track2_common3,recordingSessionGroup,M36_MULTI_VIEW_RULE,SAFE-95,INCONGRUENT_CONTEXT,0.50,118,236,0,0,,0.0,0.0,,,"[null, null]",0,0,0.0,"[null, null]",0.0,"[0.0, 0.03152833902249433]",0.41694915254237286,0.41694915254237286,0.0,"[0.0, 0.0]",,0.5423728813559322,0.5423728813559322,0.864406779661017,0.864406779661017,0.0,0,0,1.0,1.0,0,False
track2_common3,recordingSessionGroup,M36_MULTI_VIEW_RULE,SAFE-95,INCONGRUENT_CONTEXT,0.55,118,236,0,0,,0.0,0.0,,,"[null, null]",0,0,0.0,"[null, null]",0.0,"[0.0, 0.03152833902249433]",0.41694915254237286,0.41694915254237286,0.0,"[0.0, 0.0]",,0.5423728813559322,0.5423728813559322,0.864406779661017,0.864406779661017,0.0,0,0,1.0,1.0,0,False
track2_common3,recordingSessionGroup,M36_MULTI_VIEW_RULE,SAFE-95,INCONGRUENT_CONTEXT,0.60,118,236,1,1,,0.00423728813559322,0.00847457627118644,0.0,0.0,"[0.0, 0.7934506856227626]",1,1,1.0,"[0.20654931437723745, 1.0]",0.00847457627118644,"[0.0014975405219652578, 0.04644557241540204]",0.41419491525423724,0.41694915254237286,0.002754237288135593,"[0.0, 0.008262711864406781]",0.65,0.5423728813559322,0.5423728813559322,0.8601694915254238,0.8559322033898306,-0.00847457627118644,1,0,1.0,0.9957627118644068,0,False
track2_common3,recordingSessionGroup,M36_MULTI_VIEW_RULE,SAFE-95,INCONGRUENT_CONTEXT,0.65,118,236,1,1,,0.00423728813559322,0.00847457627118644,0.0,0.0,"[0.0, 0.7934506856227626]",1,1,1.0,"[0.20654931437723745, 1.0]",0.00847457627118644,"[0.0014975405219652578, 0.04644557241540204]",0.41419491525423724,0.41694915254237286,0.002754237288135593,"[0.0, 0.008262711864406781]",0.65,0.5423728813559322,0.5423728813559322,0.8601694915254238,0.8559322033898306,-0.00847457627118644,1,0,1.0,0.9957627118644068,0,False
track2_common3,recordingSessionGroup,M36_MULTI_VIEW_RULE,SAFE-95,INCONGRUENT_CONTEXT,0.70,118,236,1,1,,0.00423728813559322,0.00847457627118644,0.0,0.0,"[0.0, 0.7934506856227626]",1,1,1.0,"[0.20654931437723745, 1.0]",0.00847457627118644,"[0.0014975405219652578, 0.04644557241540204]",0.41419491525423724,0.41694915254237286,0.002754237288135593,"[0.0, 0.008262711864406781]",0.65,0.5423728813559322,0.5423728813559322,0.8601694915254238,0.8559322033898306,-0.00847457627118644,1,0,1.0,0.9957627118644068,0,False
track2_common3,recordingSessionGroup,M36_MULTI_VIEW_RULE,SAFE-95,INCONGRUENT_CONTEXT,0.75,118,236,2,2,,0.00847457627118644,0.01694915254237288,0.0,0.0,"[0.0, 0.6576197724933469]",2,2,1.0,"[0.34238022750665303, 1.0]",0.01694915254237288,"[0.004660442504200446, 0.059697444348039835]",0.41101694915254233,0.41694915254237286,0.005932203389830508,"[0.0, 0.015042372881355931]",0.7,0.5466101694915254,0.5466101694915254,0.8559322033898306,0.847457627118644,-0.01694915254237288,2,0,0.5,0.9915254237288136,0,False
track2_common3,recordingSessionGroup,M36_MULTI_VIEW_RULE,SAFE-95,INCONGRUENT_CONTEXT,0.80,118,236,2,2,,0.00847457627118644,0.01694915254237288,0.0,0.0,"[0.0, 0.6576197724933469]",2,2,1.0,"[0.34238022750665303, 1.0]",0.01694915254237288,"[0.004660442504200446, 0.059697444348039835]",0.41101694915254233,0.41694915254237286,0.005932203389830508,"[0.0, 0.015042372881355931]",0.7,0.5466101694915254,0.5466101694915254,0.8559322033898306,0.847457627118644,-0.01694915254237288,2,0,0.5,0.9915254237288136,0,False
track2_common3,recordingSessionGroup,M36_MULTI_VIEW_RULE,SAFE-95,INCONGRUENT_CONTEXT,0.85,118,236,2,2,,0.00847457627118644,0.01694915254237288,0.0,0.0,"[0.0, 0.6576197724933469]",2,2,1.0,"[0.34238022750665303, 1.0]",0.01694915254237288,"[0.004660442504200446, 0.059697444348039835]",0.41101694915254233,0.41694915254237286,0.005932203389830508,"[0.0, 0.015042372881355931]",0.7,0.5466101694915254,0.5466101694915254,0.8559322033898306,0.847457627118644,-0.01694915254237288,2,0,0.5,0.9915254237288136,0,False
track2_common3,recordingSessionGroup,M36_MULTI_VIEW_RULE,SAFE-95,INCONGRUENT_CONTEXT,0.90,118,236,3,3,,0.012711864406779662,0.025423728813559324,0.0,0.0,"[5.551115123125783e-17, 0.5614970317550454]",3,3,1.0,"[0.4385029682449546, 1.0]",0.025423728813559324,"[0.008683514404083097, 0.07208914636303015]",0.40974576271186436,0.41694915254237286,0.007203389830508475,"[0.0, 0.016313559322033898]",0.5666666666666667,0.5508474576271186,0.5508474576271186,0.8516949152542372,0.8389830508474576,-0.025423728813559324,3,0,0.25,0.9872881355932204,0,False
track2_common3,recordingSessionGroup,M36_MULTI_VIEW_RULE,SAFE-95,INCONGRUENT_CONTEXT,0.95,118,236,3,3,,0.012711864406779662,0.025423728813559324,0.0,0.0,"[5.551115123125783e-17, 0.5614970317550454]",3,3,1.0,"[0.4385029682449546, 1.0]",0.025423728813559324,"[0.008683514404083097, 0.07208914636303015]",0.40974576271186436,0.41694915254237286,0.007203389830508475,"[0.0, 0.017166313559322008]",0.5666666666666667,0.5508474576271186,0.5508474576271186,0.8516949152542372,0.8389830508474576,-0.025423728813559324,3,0,0.25,0.9872881355932204,0,False
track2_common3,recordingSessionGroup,M36_MULTI_VIEW_RULE,SAFE-99,INCONGRUENT_CONTEXT,0.45,118,236,0,0,,0.0,0.0,,,"[null, null]",0,0,0.0,"[null, null]",0.0,"[0.0, 0.03152833902249433]",0.41694915254237286,0.41694915254237286,0.0,"[0.0, 0.0]",,0.5423728813559322,0.5423728813559322,0.864406779661017,0.864406779661017,0.0,0,0,1.0,1.0,0,False
track2_common3,recordingSessionGroup,M36_MULTI_VIEW_RULE,SAFE-99,INCONGRUENT_CONTEXT,0.50,118,236,0,0,,0.0,0.0,,,"[null, null]",0,0,0.0,"[null, null]",0.0,"[0.0, 0.03152833902249433]",0.41694915254237286,0.41694915254237286,0.0,"[0.0, 0.0]",,0.5423728813559322,0.5423728813559322,0.864406779661017,0.864406779661017,0.0,0,0,1.0,1.0,0,False
track2_common3,recordingSessionGroup,M36_MULTI_VIEW_RULE,SAFE-99,INCONGRUENT_CONTEXT,0.55,118,236,0,0,,0.0,0.0,,,"[null, null]",0,0,0.0,"[null, null]",0.0,"[0.0, 0.03152833902249433]",0.41694915254237286,0.41694915254237286,0.0,"[0.0, 0.0]",,0.5423728813559322,0.5423728813559322,0.864406779661017,0.864406779661017,0.0,0,0,1.0,1.0,0,False
track2_common3,recordingSessionGroup,M36_MULTI_VIEW_RULE,SAFE-99,INCONGRUENT_CONTEXT,0.60,118,236,1,1,,0.00423728813559322,0.00847457627118644,0.0,0.0,"[0.0, 0.7934506856227626]",1,1,1.0,"[0.20654931437723745, 1.0]",0.00847457627118644,"[0.0014975405219652578, 0.04644557241540204]",0.41419491525423724,0.41694915254237286,0.002754237288135593,"[0.0, 0.008262711864406781]",0.65,0.5423728813559322,0.5423728813559322,0.8601694915254238,0.8559322033898306,-0.00847457627118644,1,0,1.0,0.9957627118644068,0,False
track2_common3,recordingSessionGroup,M36_MULTI_VIEW_RULE,SAFE-99,INCONGRUENT_CONTEXT,0.65,118,236,1,1,,0.00423728813559322,0.00847457627118644,0.0,0.0,"[0.0, 0.7934506856227626]",1,1,1.0,"[0.20654931437723745, 1.0]",0.00847457627118644,"[0.0014975405219652578, 0.04644557241540204]",0.41419491525423724,0.41694915254237286,0.002754237288135593,"[0.0, 0.008262711864406781]",0.65,0.5423728813559322,0.5423728813559322,0.8601694915254238,0.8559322033898306,-0.00847457627118644,1,0,1.0,0.9957627118644068,0,False
track2_common3,recordingSessionGroup,M36_MULTI_VIEW_RULE,SAFE-99,INCONGRUENT_CONTEXT,0.70,118,236,1,1,,0.00423728813559322,0.00847457627118644,0.0,0.0,"[0.0, 0.7934506856227626]",1,1,1.0,"[0.20654931437723745, 1.0]",0.00847457627118644,"[0.0014975405219652578, 0.04644557241540204]",0.41419491525423724,0.41694915254237286,0.002754237288135593,"[0.0, 0.008262711864406781]",0.65,0.5423728813559322,0.5423728813559322,0.8601694915254238,0.8559322033898306,-0.00847457627118644,1,0,1.0,0.9957627118644068,0,False
track2_common3,recordingSessionGroup,M36_MULTI_VIEW_RULE,SAFE-99,INCONGRUENT_CONTEXT,0.75,118,236,2,2,,0.00847457627118644,0.01694915254237288,0.0,0.0,"[0.0, 0.6576197724933469]",2,2,1.0,"[0.34238022750665303, 1.0]",0.01694915254237288,"[0.004660442504200446, 0.059697444348039835]",0.41101694915254233,0.41694915254237286,0.005932203389830508,"[0.0, 0.015042372881355931]",0.7,0.5466101694915254,0.5466101694915254,0.8559322033898306,0.847457627118644,-0.01694915254237288,2,0,0.5,0.9915254237288136,0,False
track2_common3,recordingSessionGroup,M36_MULTI_VIEW_RULE,SAFE-99,INCONGRUENT_CONTEXT,0.80,118,236,2,2,,0.00847457627118644,0.01694915254237288,0.0,0.0,"[0.0, 0.6576197724933469]",2,2,1.0,"[0.34238022750665303, 1.0]",0.01694915254237288,"[0.004660442504200446, 0.059697444348039835]",0.41101694915254233,0.41694915254237286,0.005932203389830508,"[0.0, 0.015052966101694857]",0.7,0.5466101694915254,0.5466101694915254,0.8559322033898306,0.847457627118644,-0.01694915254237288,2,0,0.5,0.9915254237288136,0,False
track2_common3,recordingSessionGroup,M36_MULTI_VIEW_RULE,SAFE-99,INCONGRUENT_CONTEXT,0.85,118,236,2,2,,0.00847457627118644,0.01694915254237288,0.0,0.0,"[0.0, 0.6576197724933469]",2,2,1.0,"[0.34238022750665303, 1.0]",0.01694915254237288,"[0.004660442504200446, 0.059697444348039835]",0.41101694915254233,0.41694915254237286,0.005932203389830508,"[0.0, 0.015466101694915253]",0.7,0.5466101694915254,0.5466101694915254,0.8559322033898306,0.847457627118644,-0.01694915254237288,2,0,0.5,0.9915254237288136,0,False
track2_common3,recordingSessionGroup,M36_MULTI_VIEW_RULE,SAFE-99,INCONGRUENT_CONTEXT,0.90,118,236,3,3,,0.012711864406779662,0.025423728813559324,0.0,0.0,"[5.551115123125783e-17, 0.5614970317550454]",3,3,1.0,"[0.4385029682449546, 1.0]",0.025423728813559324,"[0.008683514404083097, 0.07208914636303015]",0.40974576271186436,0.41694915254237286,0.007203389830508475,"[0.0, 0.01673728813559322]",0.5666666666666667,0.5508474576271186,0.5508474576271186,0.8516949152542372,0.8389830508474576,-0.025423728813559324,3,0,0.25,0.9872881355932204,0,False
track2_common3,recordingSessionGroup,M36_MULTI_VIEW_RULE,SAFE-99,INCONGRUENT_CONTEXT,0.95,118,236,3,3,,0.012711864406779662,0.025423728813559324,0.0,0.0,"[5.551115123125783e-17, 0.5614970317550454]",3,3,1.0,"[0.4385029682449546, 1.0]",0.025423728813559324,"[0.008683514404083097, 0.07208914636303015]",0.40974576271186436,0.41694915254237286,0.007203389830508475,"[0.0, 0.016742584745762682]",0.5666666666666667,0.5508474576271186,0.5508474576271186,0.8516949152542372,0.8389830508474576,-0.025423728813559324,3,0,0.25,0.9872881355932204,0,False
track2_common3,recordingSessionGroup,M36_MULTI_VIEW_RULE,SAFE-STRICT,INCONGRUENT_CONTEXT,0.45,118,236,0,0,,0.0,0.0,,,"[null, null]",0,0,0.0,"[null, null]",0.0,"[0.0, 0.03152833902249433]",0.41694915254237286,0.41694915254237286,0.0,"[0.0, 0.0]",,0.5423728813559322,0.5423728813559322,0.864406779661017,0.864406779661017,0.0,0,0,1.0,1.0,0,False
track2_common3,recordingSessionGroup,M36_MULTI_VIEW_RULE,SAFE-STRICT,INCONGRUENT_CONTEXT,0.50,118,236,0,0,,0.0,0.0,,,"[null, null]",0,0,0.0,"[null, null]",0.0,"[0.0, 0.03152833902249433]",0.41694915254237286,0.41694915254237286,0.0,"[0.0, 0.0]",,0.5423728813559322,0.5423728813559322,0.864406779661017,0.864406779661017,0.0,0,0,1.0,1.0,0,False
track2_common3,recordingSessionGroup,M36_MULTI_VIEW_RULE,SAFE-STRICT,INCONGRUENT_CONTEXT,0.55,118,236,0,0,,0.0,0.0,,,"[null, null]",0,0,0.0,"[null, null]",0.0,"[0.0, 0.03152833902249433]",0.41694915254237286,0.41694915254237286,0.0,"[0.0, 0.0]",,0.5423728813559322,0.5423728813559322,0.864406779661017,0.864406779661017,0.0,0,0,1.0,1.0,0,False
track2_common3,recordingSessionGroup,M36_MULTI_VIEW_RULE,SAFE-STRICT,INCONGRUENT_CONTEXT,0.60,118,236,1,1,,0.00423728813559322,0.00847457627118644,0.0,0.0,"[0.0, 0.7934506856227626]",1,1,1.0,"[0.20654931437723745, 1.0]",0.00847457627118644,"[0.0014975405219652578, 0.04644557241540204]",0.41419491525423724,0.41694915254237286,0.002754237288135593,"[0.0, 0.008262711864406781]",0.65,0.5423728813559322,0.5423728813559322,0.8601694915254238,0.8559322033898306,-0.00847457627118644,1,0,1.0,0.9957627118644068,0,False
track2_common3,recordingSessionGroup,M36_MULTI_VIEW_RULE,SAFE-STRICT,INCONGRUENT_CONTEXT,0.65,118,236,1,1,,0.00423728813559322,0.00847457627118644,0.0,0.0,"[0.0, 0.7934506856227626]",1,1,1.0,"[0.20654931437723745, 1.0]",0.00847457627118644,"[0.0014975405219652578, 0.04644557241540204]",0.41419491525423724,0.41694915254237286,0.002754237288135593,"[0.0, 0.008262711864406781]",0.65,0.5423728813559322,0.5423728813559322,0.8601694915254238,0.8559322033898306,-0.00847457627118644,1,0,1.0,0.9957627118644068,0,False
track2_common3,recordingSessionGroup,M36_MULTI_VIEW_RULE,SAFE-STRICT,INCONGRUENT_CONTEXT,0.70,118,236,1,1,,0.00423728813559322,0.00847457627118644,0.0,0.0,"[0.0, 0.7934506856227626]",1,1,1.0,"[0.20654931437723745, 1.0]",0.00847457627118644,"[0.0014975405219652578, 0.04644557241540204]",0.41419491525423724,0.41694915254237286,0.002754237288135593,"[0.0, 0.008262711864406781]",0.65,0.5423728813559322,0.5423728813559322,0.8601694915254238,0.8559322033898306,-0.00847457627118644,1,0,1.0,0.9957627118644068,0,False
track2_common3,recordingSessionGroup,M36_MULTI_VIEW_RULE,SAFE-STRICT,INCONGRUENT_CONTEXT,0.75,118,236,2,2,,0.00847457627118644,0.01694915254237288,0.0,0.0,"[0.0, 0.6576197724933469]",2,2,1.0,"[0.34238022750665303, 1.0]",0.01694915254237288,"[0.004660442504200446, 0.059697444348039835]",0.41101694915254233,0.41694915254237286,0.005932203389830508,"[0.0, 0.015466101694915253]",0.7,0.5466101694915254,0.5466101694915254,0.8559322033898306,0.847457627118644,-0.01694915254237288,2,0,0.5,0.9915254237288136,0,False
track2_common3,recordingSessionGroup,M36_MULTI_VIEW_RULE,SAFE-STRICT,INCONGRUENT_CONTEXT,0.80,118,236,2,2,,0.00847457627118644,0.01694915254237288,0.0,0.0,"[0.0, 0.6576197724933469]",2,2,1.0,"[0.34238022750665303, 1.0]",0.01694915254237288,"[0.004660442504200446, 0.059697444348039835]",0.41101694915254233,0.41694915254237286,0.005932203389830508,"[0.0, 0.015042372881355931]",0.7,0.5466101694915254,0.5466101694915254,0.8559322033898306,0.847457627118644,-0.01694915254237288,2,0,0.5,0.9915254237288136,0,False
track2_common3,recordingSessionGroup,M36_MULTI_VIEW_RULE,SAFE-STRICT,INCONGRUENT_CONTEXT,0.85,118,236,2,2,,0.00847457627118644,0.01694915254237288,0.0,0.0,"[0.0, 0.6576197724933469]",2,2,1.0,"[0.34238022750665303, 1.0]",0.01694915254237288,"[0.004660442504200446, 0.059697444348039835]",0.41101694915254233,0.41694915254237286,0.005932203389830508,"[0.0, 0.015042372881355931]",0.7,0.5466101694915254,0.5466101694915254,0.8559322033898306,0.847457627118644,-0.01694915254237288,2,0,0.5,0.9915254237288136,0,False
track2_common3,recordingSessionGroup,M36_MULTI_VIEW_RULE,SAFE-STRICT,INCONGRUENT_CONTEXT,0.90,118,236,3,3,,0.012711864406779662,0.025423728813559324,0.0,0.0,"[5.551115123125783e-17, 0.5614970317550454]",3,3,1.0,"[0.4385029682449546, 1.0]",0.025423728813559324,"[0.008683514404083097, 0.07208914636303015]",0.40974576271186436,0.41694915254237286,0.007203389830508475,"[0.0, 0.017372881355932204]",0.5666666666666667,0.5508474576271186,0.5508474576271186,0.8516949152542372,0.8389830508474576,-0.025423728813559324,3,0,0.25,0.9872881355932204,0,False
track2_common3,recordingSessionGroup,M36_MULTI_VIEW_RULE,SAFE-STRICT,INCONGRUENT_CONTEXT,0.95,118,236,3,3,,0.012711864406779662,0.025423728813559324,0.0,0.0,"[5.551115123125783e-17, 0.5614970317550454]",3,3,1.0,"[0.4385029682449546, 1.0]",0.025423728813559324,"[0.008683514404083097, 0.07208914636303015]",0.40974576271186436,0.41694915254237286,0.007203389830508475,"[0.0, 0.016313559322033898]",0.5666666666666667,0.5508474576271186,0.5508474576271186,0.8516949152542372,0.8389830508474576,-0.025423728813559324,3,0,0.25,0.9872881355932204,0,False
