track,groupingScheme,outerFoldId,outerTestGroup,sessionKey,sessionId,trialKey,trialId,oracleCondition,trueSlotIndex,eegOnlyPrediction,eegOnlyEvidenceSeconds,oraclePrediction,oracleEvidenceSeconds,oracleApplication,oracleCorrect,pairedGainSeconds
track1_5ch,acquisitionCampaignGroup,track1_5ch|campaign|outer-01,A_campaign,A,m6_1b-dataset-20260819T090215Z-d70eaa0d,A::m6_1b-trial-001,m6_1b-trial-001,oracle_unconstrained_correct_top,2,2,0.25,2,0.2,1,1,0.04999999999999999
track1_5ch,acquisitionCampaignGroup,track1_5ch|campaign|outer-01,A_campaign,A,m6_1b-dataset-20260819T090215Z-d70eaa0d,A::m6_1b-trial-001,m6_1b-trial-001,oracle_stable_two,2,2,0.25,2,0.25,0,1,0.0
track1_5ch,acquisitionCampaignGroup,track1_5ch|campaign|outer-01,A_campaign,A,m6_1b-dataset-20260819T090215Z-d70eaa0d,A::m6_1b-trial-001,m6_1b-trial-001,oracle_stable_two_margin005,2,2,0.25,2,0.25,0,1,0.0
track1_5ch,acquisitionCampaignGroup,track1_5ch|campaign|outer-01,A_campaign,A,m6_1b-dataset-20260819T090215Z-d70eaa0d,A::m6_1b-trial-001,m6_1b-trial-001,oracle_stable_two_baseline_margin,2,2,0.25,2,0.25,0,1,0.0
track1_5ch,acquisitionCampaignGroup,track1_5ch|campaign|outer-01,A_campaign,A,m6_1b-dataset-20260819T090215Z-d70eaa0d,A::m6_1b-trial-001,m6_1b-trial-001,oracle_multiview_band_harmonic,2,2,0.25,2,0.25,0,1,0.0
track1_5ch,acquisitionCampaignGroup,track1_5ch|campaign|outer-01,A_campaign,A,m6_1b-dataset-20260819T090215Z-d70eaa0d,A::m6_1b-trial-002,m6_1b-trial-002,oracle_unconstrained_correct_top,1,1,0.35,1,0.25,1,1,0.09999999999999998
track1_5ch,acquisitionCampaignGroup,track1_5ch|campaign|outer-01,A_campaign,A,m6_1b-dataset-20260819T090215Z-d70eaa0d,A::m6_1b-trial-002,m6_1b-trial-002,oracle_stable_two,1,1,0.35,1,0.3,1,1,0.04999999999999999
track1_5ch,acquisitionCampaignGroup,track1_5ch|campaign|outer-01,A_campaign,A,m6_1b-dataset-20260819T090215Z-d70eaa0d,A::m6_1b-trial-002,m6_1b-trial-002,oracle_stable_two_margin005,1,1,0.35,1,0.3,1,1,0.04999999999999999
track1_5ch,acquisitionCampaignGroup,track1_5ch|campaign|outer-01,A_campaign,A,m6_1b-dataset-20260819T090215Z-d70eaa0d,A::m6_1b-trial-002,m6_1b-trial-002,oracle_stable_two_baseline_margin,1,1,0.35,1,0.35,0,1,0.0
track1_5ch,acquisitionCampaignGroup,track1_5ch|campaign|outer-01,A_campaign,A,m6_1b-dataset-20260819T090215Z-d70eaa0d,A::m6_1b-trial-002,m6_1b-trial-002,oracle_multiview_band_harmonic,1,1,0.35,1,0.3,1,1,0.04999999999999999
track1_5ch,acquisitionCampaignGroup,track1_5ch|campaign|outer-01,A_campaign,A,m6_1b-dataset-20260819T090215Z-d70eaa0d,A::m6_1b-trial-003,m6_1b-trial-003,oracle_unconstrained_correct_top,2,2,1.0,2,0.2,1,1,0.8
track1_5ch,acquisitionCampaignGroup,track1_5ch|campaign|outer-01,A_campaign,A,m6_1b-dataset-20260819T090215Z-d70eaa0d,A::m6_1b-trial-003,m6_1b-trial-003,oracle_stable_two,2,2,1.0,2,0.25,1,1,0.75
track1_5ch,acquisitionCampaignGroup,track1_5ch|campaign|outer-01,A_campaign,A,m6_1b-dataset-20260819T090215Z-d70eaa0d,A::m6_1b-trial-003,m6_1b-trial-003,oracle_stable_two_margin005,2,2,1.0,2,0.25,1,1,0.75
track1_5ch,acquisitionCampaignGroup,track1_5ch|campaign|outer-01,A_campaign,A,m6_1b-dataset-20260819T090215Z-d70eaa0d,A::m6_1b-trial-003,m6_1b-trial-003,oracle_stable_two_baseline_margin,2,2,1.0,2,1.0,0,1,0.0
track1_5ch,acquisitionCampaignGroup,track1_5ch|campaign|outer-01,A_campaign,A,m6_1b-dataset-20260819T090215Z-d70eaa0d,A::m6_1b-trial-003,m6_1b-trial-003,oracle_multiview_band_harmonic,2,2,1.0,2,0.25,1,1,0.75
track1_5ch,acquisitionCampaignGroup,track1_5ch|campaign|outer-01,A_campaign,A,m6_1b-dataset-20260819T090215Z-d70eaa0d,A::m6_1b-trial-004,m6_1b-trial-004,oracle_unconstrained_correct_top,0,0,0.4,0,0.25,1,1,0.15000000000000002
track1_5ch,acquisitionCampaignGroup,track1_5ch|campaign|outer-01,A_campaign,A,m6_1b-dataset-20260819T090215Z-d70eaa0d,A::m6_1b-trial-004,m6_1b-trial-004,oracle_stable_two,0,0,0.4,0,0.3,1,1,0.10000000000000003
track1_5ch,acquisitionCampaignGroup,track1_5ch|campaign|outer-01,A_campaign,A,m6_1b-dataset-20260819T090215Z-d70eaa0d,A::m6_1b-trial-004,m6_1b-trial-004,oracle_stable_two_margin005,0,0,0.4,0,0.3,1,1,0.10000000000000003
track1_5ch,acquisitionCampaignGroup,track1_5ch|campaign|outer-01,A_campaign,A,m6_1b-dataset-20260819T090215Z-d70eaa0d,A::m6_1b-trial-004,m6_1b-trial-004,oracle_stable_two_baseline_margin,0,0,0.4,0,0.4,0,1,0.0
track1_5ch,acquisitionCampaignGroup,track1_5ch|campaign|outer-01,A_campaign,A,m6_1b-dataset-20260819T090215Z-d70eaa0d,A::m6_1b-trial-004,m6_1b-trial-004,oracle_multiview_band_harmonic,0,0,0.4,0,0.3,1,1,0.10000000000000003
track1_5ch,acquisitionCampaignGroup,track1_5ch|campaign|outer-01,A_campaign,A,m6_1b-dataset-20260819T090215Z-d70eaa0d,A::m6_1b-trial-005,m6_1b-trial-005,oracle_unconstrained_correct_top,1,1,0.8,1,0.2,1,1,0.6000000000000001
track1_5ch,acquisitionCampaignGroup,track1_5ch|campaign|outer-01,A_campaign,A,m6_1b-dataset-20260819T090215Z-d70eaa0d,A::m6_1b-trial-005,m6_1b-trial-005,oracle_stable_two,1,1,0.8,1,0.25,1,1,0.55
track1_5ch,acquisitionCampaignGroup,track1_5ch|campaign|outer-01,A_campaign,A,m6_1b-dataset-20260819T090215Z-d70eaa0d,A::m6_1b-trial-005,m6_1b-trial-005,oracle_stable_two_margin005,1,1,0.8,1,0.25,1,1,0.55
track1_5ch,acquisitionCampaignGroup,track1_5ch|campaign|outer-01,A_campaign,A,m6_1b-dataset-20260819T090215Z-d70eaa0d,A::m6_1b-trial-005,m6_1b-trial-005,oracle_stable_two_baseline_margin,1,1,0.8,1,0.8,0,1,0.0
track1_5ch,acquisitionCampaignGroup,track1_5ch|campaign|outer-01,A_campaign,A,m6_1b-dataset-20260819T090215Z-d70eaa0d,A::m6_1b-trial-005,m6_1b-trial-005,oracle_multiview_band_harmonic,1,1,0.8,1,0.25,1,1,0.55
track1_5ch,acquisitionCampaignGroup,track1_5ch|campaign|outer-01,A_campaign,A,m6_1b-dataset-20260819T090215Z-d70eaa0d,A::m6_1b-trial-006,m6_1b-trial-006,oracle_unconstrained_correct_top,2,2,1.0,2,0.2,1,1,0.8
track1_5ch,acquisitionCampaignGroup,track1_5ch|campaign|outer-01,A_campaign,A,m6_1b-dataset-20260819T090215Z-d70eaa0d,A::m6_1b-trial-006,m6_1b-trial-006,oracle_stable_two,2,2,1.0,2,0.25,1,1,0.75
track1_5ch,acquisitionCampaignGroup,track1_5ch|campaign|outer-01,A_campaign,A,m6_1b-dataset-20260819T090215Z-d70eaa0d,A::m6_1b-trial-006,m6_1b-trial-006,oracle_stable_two_margin005,2,2,1.0,2,0.25,1,1,0.75
track1_5ch,acquisitionCampaignGroup,track1_5ch|campaign|outer-01,A_campaign,A,m6_1b-dataset-20260819T090215Z-d70eaa0d,A::m6_1b-trial-006,m6_1b-trial-006,oracle_stable_two_baseline_margin,2,2,1.0,2,1.0,0,1,0.0
track1_5ch,acquisitionCampaignGroup,track1_5ch|campaign|outer-01,A_campaign,A,m6_1b-dataset-20260819T090215Z-d70eaa0d,A::m6_1b-trial-006,m6_1b-trial-006,oracle_multiview_band_harmonic,2,2,1.0,2,0.8,1,1,0.19999999999999996
track1_5ch,acquisitionCampaignGroup,track1_5ch|campaign|outer-01,A_campaign,A,m6_1b-dataset-20260819T090215Z-d70eaa0d,A::m6_1b-trial-007,m6_1b-trial-007,oracle_unconstrained_correct_top,1,1,0.8,1,0.2,1,1,0.6000000000000001
track1_5ch,acquisitionCampaignGroup,track1_5ch|campaign|outer-01,A_campaign,A,m6_1b-dataset-20260819T090215Z-d70eaa0d,A::m6_1b-trial-007,m6_1b-trial-007,oracle_stable_two,1,1,0.8,1,0.25,1,1,0.55
track1_5ch,acquisitionCampaignGroup,track1_5ch|campaign|outer-01,A_campaign,A,m6_1b-dataset-20260819T090215Z-d70eaa0d,A::m6_1b-trial-007,m6_1b-trial-007,oracle_stable_two_margin005,1,1,0.8,1,0.25,1,1,0.55
track1_5ch,acquisitionCampaignGroup,track1_5ch|campaign|outer-01,A_campaign,A,m6_1b-dataset-20260819T090215Z-d70eaa0d,A::m6_1b-trial-007,m6_1b-trial-007,oracle_stable_two_baseline_margin,1,1,0.8,1,0.8,0,1,0.0
track1_5ch,acquisitionCampaignGroup,track1_5ch|campaign|outer-01,A_campaign,A,m6_1b-dataset-20260819T090215Z-d70eaa0d,A::m6_1b-trial-007,m6_1b-trial-007,oracle_multiview_band_harmonic,1,1,0.8,1,0.25,1,1,0.55
track1_5ch,acquisitionCampaignGroup,track1_5ch|campaign|outer-01,A_campaign,A,m6_1b-dataset-20260819T090215Z-d70eaa0d,A::m6_1b-trial-008,m6_1b-trial-008,oracle_unconstrained_correct_top,2,2,1.0,2,0.5,1,1,0.5
track1_5ch,acquisitionCampaignGroup,track1_5ch|campaign|outer-01,A_campaign,A,m6_1b-dataset-20260819T090215Z-d70eaa0d,A::m6_1b-trial-008,m6_1b-trial-008,oracle_stable_two,2,2,1.0,2,0.6,1,1,0.4
track1_5ch,acquisitionCampaignGroup,track1_5ch|campaign|outer-01,A_campaign,A,m6_1b-dataset-20260819T090215Z-d70eaa0d,A::m6_1b-trial-008,m6_1b-trial-008,oracle_stable_two_margin005,2,2,1.0,2,0.8,1,1,0.19999999999999996
track1_5ch,acquisitionCampaignGroup,track1_5ch|campaign|outer-01,A_campaign,A,m6_1b-dataset-20260819T090215Z-d70eaa0d,A::m6_1b-trial-008,m6_1b-trial-008,oracle_stable_two_baseline_margin,2,2,1.0,2,1.0,0,1,0.0
track1_5ch,acquisitionCampaignGroup,track1_5ch|campaign|outer-01,A_campaign,A,m6_1b-dataset-20260819T090215Z-d70eaa0d,A::m6_1b-trial-008,m6_1b-trial-008,oracle_multiview_band_harmonic,2,2,1.0,2,0.8,1,1,0.19999999999999996
track1_5ch,acquisitionCampaignGroup,track1_5ch|campaign|outer-01,A_campaign,A,m6_1b-dataset-20260819T090215Z-d70eaa0d,A::m6_1b-trial-009,m6_1b-trial-009,oracle_unconstrained_correct_top,0,0,0.3,0,0.2,1,1,0.09999999999999998
track1_5ch,acquisitionCampaignGroup,track1_5ch|campaign|outer-01,A_campaign,A,m6_1b-dataset-20260819T090215Z-d70eaa0d,A::m6_1b-trial-009,m6_1b-trial-009,oracle_stable_two,0,0,0.3,0,0.25,1,1,0.04999999999999999
track1_5ch,acquisitionCampaignGroup,track1_5ch|campaign|outer-01,A_campaign,A,m6_1b-dataset-20260819T090215Z-d70eaa0d,A::m6_1b-trial-009,m6_1b-trial-009,oracle_stable_two_margin005,0,0,0.3,0,0.25,1,1,0.04999999999999999
track1_5ch,acquisitionCampaignGroup,track1_5ch|campaign|outer-01,A_campaign,A,m6_1b-dataset-20260819T090215Z-d70eaa0d,A::m6_1b-trial-009,m6_1b-trial-009,oracle_stable_two_baseline_margin,0,0,0.3,0,0.3,0,1,0.0
track1_5ch,acquisitionCampaignGroup,track1_5ch|campaign|outer-01,A_campaign,A,m6_1b-dataset-20260819T090215Z-d70eaa0d,A::m6_1b-trial-009,m6_1b-trial-009,oracle_multiview_band_harmonic,0,0,0.3,0,0.3,0,1,0.0
track1_5ch,acquisitionCampaignGroup,track1_5ch|campaign|outer-01,A_campaign,A,m6_1b-dataset-20260819T090215Z-d70eaa0d,A::m6_1b-trial-010,m6_1b-trial-010,oracle_unconstrained_correct_top,2,2,0.8,2,0.3,1,1,0.5
track1_5ch,acquisitionCampaignGroup,track1_5ch|campaign|outer-01,A_campaign,A,m6_1b-dataset-20260819T090215Z-d70eaa0d,A::m6_1b-trial-010,m6_1b-trial-010,oracle_stable_two,2,2,0.8,2,0.35,1,1,0.45000000000000007
track1_5ch,acquisitionCampaignGroup,track1_5ch|campaign|outer-01,A_campaign,A,m6_1b-dataset-20260819T090215Z-d70eaa0d,A::m6_1b-trial-010,m6_1b-trial-010,oracle_stable_two_margin005,2,2,0.8,2,0.35,1,1,0.45000000000000007
track1_5ch,acquisitionCampaignGroup,track1_5ch|campaign|outer-01,A_campaign,A,m6_1b-dataset-20260819T090215Z-d70eaa0d,A::m6_1b-trial-010,m6_1b-trial-010,oracle_stable_two_baseline_margin,2,2,0.8,2,0.8,0,1,0.0
track1_5ch,acquisitionCampaignGroup,track1_5ch|campaign|outer-01,A_campaign,A,m6_1b-dataset-20260819T090215Z-d70eaa0d,A::m6_1b-trial-010,m6_1b-trial-010,oracle_multiview_band_harmonic,2,2,0.8,2,0.35,1,1,0.45000000000000007
track1_5ch,acquisitionCampaignGroup,track1_5ch|campaign|outer-01,A_campaign,A,m6_1b-dataset-20260819T090215Z-d70eaa0d,A::m6_1b-trial-011,m6_1b-trial-011,oracle_unconstrained_correct_top,1,0,0.4,0,0.4,0,0,0.0
track1_5ch,acquisitionCampaignGroup,track1_5ch|campaign|outer-01,A_campaign,A,m6_1b-dataset-20260819T090215Z-d70eaa0d,A::m6_1b-trial-011,m6_1b-trial-011,oracle_stable_two,1,0,0.4,0,0.4,0,0,0.0
track1_5ch,acquisitionCampaignGroup,track1_5ch|campaign|outer-01,A_campaign,A,m6_1b-dataset-20260819T090215Z-d70eaa0d,A::m6_1b-trial-011,m6_1b-trial-011,oracle_stable_two_margin005,1,0,0.4,0,0.4,0,0,0.0
track1_5ch,acquisitionCampaignGroup,track1_5ch|campaign|outer-01,A_campaign,A,m6_1b-dataset-20260819T090215Z-d70eaa0d,A::m6_1b-trial-011,m6_1b-trial-011,oracle_stable_two_baseline_margin,1,0,0.4,0,0.4,0,0,0.0
track1_5ch,acquisitionCampaignGroup,track1_5ch|campaign|outer-01,A_campaign,A,m6_1b-dataset-20260819T090215Z-d70eaa0d,A::m6_1b-trial-011,m6_1b-trial-011,oracle_multiview_band_harmonic,1,0,0.4,0,0.4,0,0,0.0
track1_5ch,acquisitionCampaignGroup,track1_5ch|campaign|outer-01,A_campaign,A,m6_1b-dataset-20260819T090215Z-d70eaa0d,A::m6_1b-trial-012,m6_1b-trial-012,oracle_unconstrained_correct_top,1,1,0.8,1,0.5,1,1,0.30000000000000004
track1_5ch,acquisitionCampaignGroup,track1_5ch|campaign|outer-01,A_campaign,A,m6_1b-dataset-20260819T090215Z-d70eaa0d,A::m6_1b-trial-012,m6_1b-trial-012,oracle_stable_two,1,1,0.8,1,0.6,1,1,0.20000000000000007
track1_5ch,acquisitionCampaignGroup,track1_5ch|campaign|outer-01,A_campaign,A,m6_1b-dataset-20260819T090215Z-d70eaa0d,A::m6_1b-trial-012,m6_1b-trial-012,oracle_stable_two_margin005,1,1,0.8,1,0.6,1,1,0.20000000000000007
track1_5ch,acquisitionCampaignGroup,track1_5ch|campaign|outer-01,A_campaign,A,m6_1b-dataset-20260819T090215Z-d70eaa0d,A::m6_1b-trial-012,m6_1b-trial-012,oracle_stable_two_baseline_margin,1,1,0.8,1,0.8,0,1,0.0
track1_5ch,acquisitionCampaignGroup,track1_5ch|campaign|outer-01,A_campaign,A,m6_1b-dataset-20260819T090215Z-d70eaa0d,A::m6_1b-trial-012,m6_1b-trial-012,oracle_multiview_band_harmonic,1,1,0.8,1,0.6,1,1,0.20000000000000007
track1_5ch,acquisitionCampaignGroup,track1_5ch|campaign|outer-01,A_campaign,A,m6_1b-dataset-20260819T090215Z-d70eaa0d,A::m6_1b-trial-013,m6_1b-trial-013,oracle_unconstrained_correct_top,0,0,0.25,0,0.2,1,1,0.04999999999999999
track1_5ch,acquisitionCampaignGroup,track1_5ch|campaign|outer-01,A_campaign,A,m6_1b-dataset-20260819T090215Z-d70eaa0d,A::m6_1b-trial-013,m6_1b-trial-013,oracle_stable_two,0,0,0.25,0,0.25,0,1,0.0
track1_5ch,acquisitionCampaignGroup,track1_5ch|campaign|outer-01,A_campaign,A,m6_1b-dataset-20260819T090215Z-d70eaa0d,A::m6_1b-trial-013,m6_1b-trial-013,oracle_stable_two_margin005,0,0,0.25,0,0.25,0,1,0.0
track1_5ch,acquisitionCampaignGroup,track1_5ch|campaign|outer-01,A_campaign,A,m6_1b-dataset-20260819T090215Z-d70eaa0d,A::m6_1b-trial-013,m6_1b-trial-013,oracle_stable_two_baseline_margin,0,0,0.25,0,0.25,0,1,0.0
track1_5ch,acquisitionCampaignGroup,track1_5ch|campaign|outer-01,A_campaign,A,m6_1b-dataset-20260819T090215Z-d70eaa0d,A::m6_1b-trial-013,m6_1b-trial-013,oracle_multiview_band_harmonic,0,0,0.25,0,0.25,0,1,0.0
track1_5ch,acquisitionCampaignGroup,track1_5ch|campaign|outer-01,A_campaign,A,m6_1b-dataset-20260819T090215Z-d70eaa0d,A::m6_1b-trial-014,m6_1b-trial-014,oracle_unconstrained_correct_top,1,1,0.4,1,0.2,1,1,0.2
track1_5ch,acquisitionCampaignGroup,track1_5ch|campaign|outer-01,A_campaign,A,m6_1b-dataset-20260819T090215Z-d70eaa0d,A::m6_1b-trial-014,m6_1b-trial-014,oracle_stable_two,1,1,0.4,1,0.25,1,1,0.15000000000000002
track1_5ch,acquisitionCampaignGroup,track1_5ch|campaign|outer-01,A_campaign,A,m6_1b-dataset-20260819T090215Z-d70eaa0d,A::m6_1b-trial-014,m6_1b-trial-014,oracle_stable_two_margin005,1,1,0.4,1,0.25,1,1,0.15000000000000002
track1_5ch,acquisitionCampaignGroup,track1_5ch|campaign|outer-01,A_campaign,A,m6_1b-dataset-20260819T090215Z-d70eaa0d,A::m6_1b-trial-014,m6_1b-trial-014,oracle_stable_two_baseline_margin,1,1,0.4,1,0.4,0,1,0.0
track1_5ch,acquisitionCampaignGroup,track1_5ch|campaign|outer-01,A_campaign,A,m6_1b-dataset-20260819T090215Z-d70eaa0d,A::m6_1b-trial-014,m6_1b-trial-014,oracle_multiview_band_harmonic,1,1,0.4,1,0.3,1,1,0.10000000000000003
track1_5ch,acquisitionCampaignGroup,track1_5ch|campaign|outer-01,A_campaign,A,m6_1b-dataset-20260819T090215Z-d70eaa0d,A::m6_1b-trial-015,m6_1b-trial-015,oracle_unconstrained_correct_top,0,0,1.0,0,0.8,1,1,0.19999999999999996
track1_5ch,acquisitionCampaignGroup,track1_5ch|campaign|outer-01,A_campaign,A,m6_1b-dataset-20260819T090215Z-d70eaa0d,A::m6_1b-trial-015,m6_1b-trial-015,oracle_stable_two,0,0,1.0,0,1.0,0,1,0.0
track1_5ch,acquisitionCampaignGroup,track1_5ch|campaign|outer-01,A_campaign,A,m6_1b-dataset-20260819T090215Z-d70eaa0d,A::m6_1b-trial-015,m6_1b-trial-015,oracle_stable_two_margin005,0,0,1.0,0,1.0,0,1,0.0
track1_5ch,acquisitionCampaignGroup,track1_5ch|campaign|outer-01,A_campaign,A,m6_1b-dataset-20260819T090215Z-d70eaa0d,A::m6_1b-trial-015,m6_1b-trial-015,oracle_stable_two_baseline_margin,0,0,1.0,0,1.0,0,1,0.0
track1_5ch,acquisitionCampaignGroup,track1_5ch|campaign|outer-01,A_campaign,A,m6_1b-dataset-20260819T090215Z-d70eaa0d,A::m6_1b-trial-015,m6_1b-trial-015,oracle_multiview_band_harmonic,0,0,1.0,0,1.0,0,1,0.0
track1_5ch,acquisitionCampaignGroup,track1_5ch|campaign|outer-01,A_campaign,A,m6_1b-dataset-20260819T090215Z-d70eaa0d,A::m6_1b-trial-016,m6_1b-trial-016,oracle_unconstrained_correct_top,0,0,1.0,0,0.5,1,1,0.5
track1_5ch,acquisitionCampaignGroup,track1_5ch|campaign|outer-01,A_campaign,A,m6_1b-dataset-20260819T090215Z-d70eaa0d,A::m6_1b-trial-016,m6_1b-trial-016,oracle_stable_two,0,0,1.0,0,1.0,0,1,0.0
track1_5ch,acquisitionCampaignGroup,track1_5ch|campaign|outer-01,A_campaign,A,m6_1b-dataset-20260819T090215Z-d70eaa0d,A::m6_1b-trial-016,m6_1b-trial-016,oracle_stable_two_margin005,0,0,1.0,0,1.0,0,1,0.0
track1_5ch,acquisitionCampaignGroup,track1_5ch|campaign|outer-01,A_campaign,A,m6_1b-dataset-20260819T090215Z-d70eaa0d,A::m6_1b-trial-016,m6_1b-trial-016,oracle_stable_two_baseline_margin,0,0,1.0,0,1.0,0,1,0.0
track1_5ch,acquisitionCampaignGroup,track1_5ch|campaign|outer-01,A_campaign,A,m6_1b-dataset-20260819T090215Z-d70eaa0d,A::m6_1b-trial-016,m6_1b-trial-016,oracle_multiview_band_harmonic,0,0,1.0,0,1.0,0,1,0.0
track1_5ch,acquisitionCampaignGroup,track1_5ch|campaign|outer-01,A_campaign,A,m6_1b-dataset-20260819T090215Z-d70eaa0d,A::m6_1b-trial-017,m6_1b-trial-017,oracle_unconstrained_correct_top,1,1,0.35,1,0.3,1,1,0.04999999999999999
track1_5ch,acquisitionCampaignGroup,track1_5ch|campaign|outer-01,A_campaign,A,m6_1b-dataset-20260819T090215Z-d70eaa0d,A::m6_1b-trial-017,m6_1b-trial-017,oracle_stable_two,1,1,0.35,1,0.35,0,1,0.0
track1_5ch,acquisitionCampaignGroup,track1_5ch|campaign|outer-01,A_campaign,A,m6_1b-dataset-20260819T090215Z-d70eaa0d,A::m6_1b-trial-017,m6_1b-trial-017,oracle_stable_two_margin005,1,1,0.35,1,0.35,0,1,0.0
track1_5ch,acquisitionCampaignGroup,track1_5ch|campaign|outer-01,A_campaign,A,m6_1b-dataset-20260819T090215Z-d70eaa0d,A::m6_1b-trial-017,m6_1b-trial-017,oracle_stable_two_baseline_margin,1,1,0.35,1,0.35,0,1,0.0
track1_5ch,acquisitionCampaignGroup,track1_5ch|campaign|outer-01,A_campaign,A,m6_1b-dataset-20260819T090215Z-d70eaa0d,A::m6_1b-trial-017,m6_1b-trial-017,oracle_multiview_band_harmonic,1,1,0.35,1,0.35,0,1,0.0
track1_5ch,acquisitionCampaignGroup,track1_5ch|campaign|outer-01,A_campaign,A,m6_1b-dataset-20260819T090215Z-d70eaa0d,A::m6_1b-trial-018,m6_1b-trial-018,oracle_unconstrained_correct_top,0,0,0.8,0,0.2,1,1,0.6000000000000001
track1_5ch,acquisitionCampaignGroup,track1_5ch|campaign|outer-01,A_campaign,A,m6_1b-dataset-20260819T090215Z-d70eaa0d,A::m6_1b-trial-018,m6_1b-trial-018,oracle_stable_two,0,0,0.8,0,0.25,1,1,0.55
track1_5ch,acquisitionCampaignGroup,track1_5ch|campaign|outer-01,A_campaign,A,m6_1b-dataset-20260819T090215Z-d70eaa0d,A::m6_1b-trial-018,m6_1b-trial-018,oracle_stable_two_margin005,0,0,0.8,0,0.25,1,1,0.55
track1_5ch,acquisitionCampaignGroup,track1_5ch|campaign|outer-01,A_campaign,A,m6_1b-dataset-20260819T090215Z-d70eaa0d,A::m6_1b-trial-018,m6_1b-trial-018,oracle_stable_two_baseline_margin,0,0,0.8,0,0.8,0,1,0.0
track1_5ch,acquisitionCampaignGroup,track1_5ch|campaign|outer-01,A_campaign,A,m6_1b-dataset-20260819T090215Z-d70eaa0d,A::m6_1b-trial-018,m6_1b-trial-018,oracle_multiview_band_harmonic,0,0,0.8,0,0.8,0,1,0.0
track1_5ch,acquisitionCampaignGroup,track1_5ch|campaign|outer-01,A_campaign,A,m6_1b-dataset-20260819T090215Z-d70eaa0d,A::m6_1b-trial-019,m6_1b-trial-019,oracle_unconstrained_correct_top,2,2,0.35,2,0.3,1,1,0.04999999999999999
track1_5ch,acquisitionCampaignGroup,track1_5ch|campaign|outer-01,A_campaign,A,m6_1b-dataset-20260819T090215Z-d70eaa0d,A::m6_1b-trial-019,m6_1b-trial-019,oracle_stable_two,2,2,0.35,2,0.35,0,1,0.0
track1_5ch,acquisitionCampaignGroup,track1_5ch|campaign|outer-01,A_campaign,A,m6_1b-dataset-20260819T090215Z-d70eaa0d,A::m6_1b-trial-019,m6_1b-trial-019,oracle_stable_two_margin005,2,2,0.35,2,0.35,0,1,0.0
track1_5ch,acquisitionCampaignGroup,track1_5ch|campaign|outer-01,A_campaign,A,m6_1b-dataset-20260819T090215Z-d70eaa0d,A::m6_1b-trial-019,m6_1b-trial-019,oracle_stable_two_baseline_margin,2,2,0.35,2,0.35,0,1,0.0
track1_5ch,acquisitionCampaignGroup,track1_5ch|campaign|outer-01,A_campaign,A,m6_1b-dataset-20260819T090215Z-d70eaa0d,A::m6_1b-trial-019,m6_1b-trial-019,oracle_multiview_band_harmonic,2,2,0.35,2,0.35,0,1,0.0
track1_5ch,acquisitionCampaignGroup,track1_5ch|campaign|outer-01,A_campaign,A,m6_1b-dataset-20260819T090215Z-d70eaa0d,A::m6_1b-trial-020,m6_1b-trial-020,oracle_unconstrained_correct_top,2,2,0.3,2,0.2,1,1,0.09999999999999998
track1_5ch,acquisitionCampaignGroup,track1_5ch|campaign|outer-01,A_campaign,A,m6_1b-dataset-20260819T090215Z-d70eaa0d,A::m6_1b-trial-020,m6_1b-trial-020,oracle_stable_two,2,2,0.3,2,0.25,1,1,0.04999999999999999
track1_5ch,acquisitionCampaignGroup,track1_5ch|campaign|outer-01,A_campaign,A,m6_1b-dataset-20260819T090215Z-d70eaa0d,A::m6_1b-trial-020,m6_1b-trial-020,oracle_stable_two_margin005,2,2,0.3,2,0.25,1,1,0.04999999999999999
track1_5ch,acquisitionCampaignGroup,track1_5ch|campaign|outer-01,A_campaign,A,m6_1b-dataset-20260819T090215Z-d70eaa0d,A::m6_1b-trial-020,m6_1b-trial-020,oracle_stable_two_baseline_margin,2,2,0.3,2,0.3,0,1,0.0
track1_5ch,acquisitionCampaignGroup,track1_5ch|campaign|outer-01,A_campaign,A,m6_1b-dataset-20260819T090215Z-d70eaa0d,A::m6_1b-trial-020,m6_1b-trial-020,oracle_multiview_band_harmonic,2,2,0.3,2,0.25,1,1,0.04999999999999999
track1_5ch,acquisitionCampaignGroup,track1_5ch|campaign|outer-01,A_campaign,A,m6_1b-dataset-20260819T090215Z-d70eaa0d,A::m6_1b-trial-021,m6_1b-trial-021,oracle_unconstrained_correct_top,0,0,0.25,0,0.2,1,1,0.04999999999999999
track1_5ch,acquisitionCampaignGroup,track1_5ch|campaign|outer-01,A_campaign,A,m6_1b-dataset-20260819T090215Z-d70eaa0d,A::m6_1b-trial-021,m6_1b-trial-021,oracle_stable_two,0,0,0.25,0,0.25,0,1,0.0
track1_5ch,acquisitionCampaignGroup,track1_5ch|campaign|outer-01,A_campaign,A,m6_1b-dataset-20260819T090215Z-d70eaa0d,A::m6_1b-trial-021,m6_1b-trial-021,oracle_stable_two_margin005,0,0,0.25,0,0.25,0,1,0.0
track1_5ch,acquisitionCampaignGroup,track1_5ch|campaign|outer-01,A_campaign,A,m6_1b-dataset-20260819T090215Z-d70eaa0d,A::m6_1b-trial-021,m6_1b-trial-021,oracle_stable_two_baseline_margin,0,0,0.25,0,0.25,0,1,0.0
track1_5ch,acquisitionCampaignGroup,track1_5ch|campaign|outer-01,A_campaign,A,m6_1b-dataset-20260819T090215Z-d70eaa0d,A::m6_1b-trial-021,m6_1b-trial-021,oracle_multiview_band_harmonic,0,0,0.25,0,0.25,0,1,0.0
track1_5ch,acquisitionCampaignGroup,track1_5ch|campaign|outer-01,A_campaign,A,m6_1b-dataset-20260819T090215Z-d70eaa0d,A::m6_1b-trial-022,m6_1b-trial-022,oracle_unconstrained_correct_top,1,1,0.25,1,0.2,1,1,0.04999999999999999
track1_5ch,acquisitionCampaignGroup,track1_5ch|campaign|outer-01,A_campaign,A,m6_1b-dataset-20260819T090215Z-d70eaa0d,A::m6_1b-trial-022,m6_1b-trial-022,oracle_stable_two,1,1,0.25,1,0.25,0,1,0.0
track1_5ch,acquisitionCampaignGroup,track1_5ch|campaign|outer-01,A_campaign,A,m6_1b-dataset-20260819T090215Z-d70eaa0d,A::m6_1b-trial-022,m6_1b-trial-022,oracle_stable_two_margin005,1,1,0.25,1,0.25,0,1,0.0
track1_5ch,acquisitionCampaignGroup,track1_5ch|campaign|outer-01,A_campaign,A,m6_1b-dataset-20260819T090215Z-d70eaa0d,A::m6_1b-trial-022,m6_1b-trial-022,oracle_stable_two_baseline_margin,1,1,0.25,1,0.25,0,1,0.0
track1_5ch,acquisitionCampaignGroup,track1_5ch|campaign|outer-01,A_campaign,A,m6_1b-dataset-20260819T090215Z-d70eaa0d,A::m6_1b-trial-022,m6_1b-trial-022,oracle_multiview_band_harmonic,1,1,0.25,1,0.25,0,1,0.0
track1_5ch,acquisitionCampaignGroup,track1_5ch|campaign|outer-01,A_campaign,A,m6_1b-dataset-20260819T090215Z-d70eaa0d,A::m6_1b-trial-023,m6_1b-trial-023,oracle_unconstrained_correct_top,2,2,0.35,2,0.2,1,1,0.14999999999999997
track1_5ch,acquisitionCampaignGroup,track1_5ch|campaign|outer-01,A_campaign,A,m6_1b-dataset-20260819T090215Z-d70eaa0d,A::m6_1b-trial-023,m6_1b-trial-023,oracle_stable_two,2,2,0.35,2,0.25,1,1,0.09999999999999998
track1_5ch,acquisitionCampaignGroup,track1_5ch|campaign|outer-01,A_campaign,A,m6_1b-dataset-20260819T090215Z-d70eaa0d,A::m6_1b-trial-023,m6_1b-trial-023,oracle_stable_two_margin005,2,2,0.35,2,0.25,1,1,0.09999999999999998
track1_5ch,acquisitionCampaignGroup,track1_5ch|campaign|outer-01,A_campaign,A,m6_1b-dataset-20260819T090215Z-d70eaa0d,A::m6_1b-trial-023,m6_1b-trial-023,oracle_stable_two_baseline_margin,2,2,0.35,2,0.35,0,1,0.0
track1_5ch,acquisitionCampaignGroup,track1_5ch|campaign|outer-01,A_campaign,A,m6_1b-dataset-20260819T090215Z-d70eaa0d,A::m6_1b-trial-023,m6_1b-trial-023,oracle_multiview_band_harmonic,2,2,0.35,2,0.25,1,1,0.09999999999999998
track1_5ch,acquisitionCampaignGroup,track1_5ch|campaign|outer-01,A_campaign,A,m6_1b-dataset-20260819T090215Z-d70eaa0d,A::m6_1b-trial-024,m6_1b-trial-024,oracle_unconstrained_correct_top,2,2,0.8,2,0.2,1,1,0.6000000000000001
track1_5ch,acquisitionCampaignGroup,track1_5ch|campaign|outer-01,A_campaign,A,m6_1b-dataset-20260819T090215Z-d70eaa0d,A::m6_1b-trial-024,m6_1b-trial-024,oracle_stable_two,2,2,0.8,2,0.4,1,1,0.4
track1_5ch,acquisitionCampaignGroup,track1_5ch|campaign|outer-01,A_campaign,A,m6_1b-dataset-20260819T090215Z-d70eaa0d,A::m6_1b-trial-024,m6_1b-trial-024,oracle_stable_two_margin005,2,2,0.8,2,0.4,1,1,0.4
track1_5ch,acquisitionCampaignGroup,track1_5ch|campaign|outer-01,A_campaign,A,m6_1b-dataset-20260819T090215Z-d70eaa0d,A::m6_1b-trial-024,m6_1b-trial-024,oracle_stable_two_baseline_margin,2,2,0.8,2,0.8,0,1,0.0
track1_5ch,acquisitionCampaignGroup,track1_5ch|campaign|outer-01,A_campaign,A,m6_1b-dataset-20260819T090215Z-d70eaa0d,A::m6_1b-trial-024,m6_1b-trial-024,oracle_multiview_band_harmonic,2,2,0.8,2,0.4,1,1,0.4
track1_5ch,acquisitionCampaignGroup,track1_5ch|campaign|outer-01,A_campaign,A,m6_1b-dataset-20260819T090215Z-d70eaa0d,A::m6_1b-trial-025,m6_1b-trial-025,oracle_unconstrained_correct_top,0,0,0.25,0,0.2,1,1,0.04999999999999999
track1_5ch,acquisitionCampaignGroup,track1_5ch|campaign|outer-01,A_campaign,A,m6_1b-dataset-20260819T090215Z-d70eaa0d,A::m6_1b-trial-025,m6_1b-trial-025,oracle_stable_two,0,0,0.25,0,0.25,0,1,0.0
track1_5ch,acquisitionCampaignGroup,track1_5ch|campaign|outer-01,A_campaign,A,m6_1b-dataset-20260819T090215Z-d70eaa0d,A::m6_1b-trial-025,m6_1b-trial-025,oracle_stable_two_margin005,0,0,0.25,0,0.25,0,1,0.0
track1_5ch,acquisitionCampaignGroup,track1_5ch|campaign|outer-01,A_campaign,A,m6_1b-dataset-20260819T090215Z-d70eaa0d,A::m6_1b-trial-025,m6_1b-trial-025,oracle_stable_two_baseline_margin,0,0,0.25,0,0.25,0,1,0.0
track1_5ch,acquisitionCampaignGroup,track1_5ch|campaign|outer-01,A_campaign,A,m6_1b-dataset-20260819T090215Z-d70eaa0d,A::m6_1b-trial-025,m6_1b-trial-025,oracle_multiview_band_harmonic,0,0,0.25,0,0.25,0,1,0.0
track1_5ch,acquisitionCampaignGroup,track1_5ch|campaign|outer-01,A_campaign,A,m6_1b-dataset-20260819T090215Z-d70eaa0d,A::m6_1b-trial-026,m6_1b-trial-026,oracle_unconstrained_correct_top,0,0,0.4,0,0.35,1,1,0.050000000000000044
track1_5ch,acquisitionCampaignGroup,track1_5ch|campaign|outer-01,A_campaign,A,m6_1b-dataset-20260819T090215Z-d70eaa0d,A::m6_1b-trial-026,m6_1b-trial-026,oracle_stable_two,0,0,0.4,0,0.4,0,1,0.0
track1_5ch,acquisitionCampaignGroup,track1_5ch|campaign|outer-01,A_campaign,A,m6_1b-dataset-20260819T090215Z-d70eaa0d,A::m6_1b-trial-026,m6_1b-trial-026,oracle_stable_two_margin005,0,0,0.4,0,0.4,0,1,0.0
track1_5ch,acquisitionCampaignGroup,track1_5ch|campaign|outer-01,A_campaign,A,m6_1b-dataset-20260819T090215Z-d70eaa0d,A::m6_1b-trial-026,m6_1b-trial-026,oracle_stable_two_baseline_margin,0,0,0.4,0,0.4,0,1,0.0
track1_5ch,acquisitionCampaignGroup,track1_5ch|campaign|outer-01,A_campaign,A,m6_1b-dataset-20260819T090215Z-d70eaa0d,A::m6_1b-trial-026,m6_1b-trial-026,oracle_multiview_band_harmonic,0,0,0.4,0,0.4,0,1,0.0
track1_5ch,acquisitionCampaignGroup,track1_5ch|campaign|outer-01,A_campaign,A,m6_1b-dataset-20260819T090215Z-d70eaa0d,A::m6_1b-trial-027,m6_1b-trial-027,oracle_unconstrained_correct_top,1,1,1.0,1,0.3,1,1,0.7
track1_5ch,acquisitionCampaignGroup,track1_5ch|campaign|outer-01,A_campaign,A,m6_1b-dataset-20260819T090215Z-d70eaa0d,A::m6_1b-trial-027,m6_1b-trial-027,oracle_stable_two,1,1,1.0,1,0.35,1,1,0.65
track1_5ch,acquisitionCampaignGroup,track1_5ch|campaign|outer-01,A_campaign,A,m6_1b-dataset-20260819T090215Z-d70eaa0d,A::m6_1b-trial-027,m6_1b-trial-027,oracle_stable_two_margin005,1,1,1.0,1,0.35,1,1,0.65
track1_5ch,acquisitionCampaignGroup,track1_5ch|campaign|outer-01,A_campaign,A,m6_1b-dataset-20260819T090215Z-d70eaa0d,A::m6_1b-trial-027,m6_1b-trial-027,oracle_stable_two_baseline_margin,1,1,1.0,1,1.0,0,1,0.0
track1_5ch,acquisitionCampaignGroup,track1_5ch|campaign|outer-01,A_campaign,A,m6_1b-dataset-20260819T090215Z-d70eaa0d,A::m6_1b-trial-027,m6_1b-trial-027,oracle_multiview_band_harmonic,1,1,1.0,1,0.4,1,1,0.6
track1_5ch,acquisitionCampaignGroup,track1_5ch|campaign|outer-01,A_campaign,A,m6_1b-dataset-20260819T090215Z-d70eaa0d,A::m6_1b-trial-028,m6_1b-trial-028,oracle_unconstrained_correct_top,2,2,0.6,2,0.5,1,1,0.09999999999999998
track1_5ch,acquisitionCampaignGroup,track1_5ch|campaign|outer-01,A_campaign,A,m6_1b-dataset-20260819T090215Z-d70eaa0d,A::m6_1b-trial-028,m6_1b-trial-028,oracle_stable_two,2,2,0.6,2,0.6,0,1,0.0
track1_5ch,acquisitionCampaignGroup,track1_5ch|campaign|outer-01,A_campaign,A,m6_1b-dataset-20260819T090215Z-d70eaa0d,A::m6_1b-trial-028,m6_1b-trial-028,oracle_stable_two_margin005,2,2,0.6,2,0.6,0,1,0.0
track1_5ch,acquisitionCampaignGroup,track1_5ch|campaign|outer-01,A_campaign,A,m6_1b-dataset-20260819T090215Z-d70eaa0d,A::m6_1b-trial-028,m6_1b-trial-028,oracle_stable_two_baseline_margin,2,2,0.6,2,0.6,0,1,0.0
track1_5ch,acquisitionCampaignGroup,track1_5ch|campaign|outer-01,A_campaign,A,m6_1b-dataset-20260819T090215Z-d70eaa0d,A::m6_1b-trial-028,m6_1b-trial-028,oracle_multiview_band_harmonic,2,2,0.6,2,0.6,0,1,0.0
track1_5ch,acquisitionCampaignGroup,track1_5ch|campaign|outer-01,A_campaign,A,m6_1b-dataset-20260819T090215Z-d70eaa0d,A::m6_1b-trial-029,m6_1b-trial-029,oracle_unconstrained_correct_top,0,0,0.8,0,0.6,1,1,0.20000000000000007
track1_5ch,acquisitionCampaignGroup,track1_5ch|campaign|outer-01,A_campaign,A,m6_1b-dataset-20260819T090215Z-d70eaa0d,A::m6_1b-trial-029,m6_1b-trial-029,oracle_stable_two,0,0,0.8,0,0.8,0,1,0.0
track1_5ch,acquisitionCampaignGroup,track1_5ch|campaign|outer-01,A_campaign,A,m6_1b-dataset-20260819T090215Z-d70eaa0d,A::m6_1b-trial-029,m6_1b-trial-029,oracle_stable_two_margin005,0,0,0.8,0,0.8,0,1,0.0
track1_5ch,acquisitionCampaignGroup,track1_5ch|campaign|outer-01,A_campaign,A,m6_1b-dataset-20260819T090215Z-d70eaa0d,A::m6_1b-trial-029,m6_1b-trial-029,oracle_stable_two_baseline_margin,0,0,0.8,0,0.8,0,1,0.0
track1_5ch,acquisitionCampaignGroup,track1_5ch|campaign|outer-01,A_campaign,A,m6_1b-dataset-20260819T090215Z-d70eaa0d,A::m6_1b-trial-029,m6_1b-trial-029,oracle_multiview_band_harmonic,0,0,0.8,0,0.8,0,1,0.0
track1_5ch,acquisitionCampaignGroup,track1_5ch|campaign|outer-01,A_campaign,A,m6_1b-dataset-20260819T090215Z-d70eaa0d,A::m6_1b-trial-030,m6_1b-trial-030,oracle_unconstrained_correct_top,1,1,0.8,1,0.2,1,1,0.6000000000000001
track1_5ch,acquisitionCampaignGroup,track1_5ch|campaign|outer-01,A_campaign,A,m6_1b-dataset-20260819T090215Z-d70eaa0d,A::m6_1b-trial-030,m6_1b-trial-030,oracle_stable_two,1,1,0.8,1,0.35,1,1,0.45000000000000007
track1_5ch,acquisitionCampaignGroup,track1_5ch|campaign|outer-01,A_campaign,A,m6_1b-dataset-20260819T090215Z-d70eaa0d,A::m6_1b-trial-030,m6_1b-trial-030,oracle_stable_two_margin005,1,1,0.8,1,0.35,1,1,0.45000000000000007
track1_5ch,acquisitionCampaignGroup,track1_5ch|campaign|outer-01,A_campaign,A,m6_1b-dataset-20260819T090215Z-d70eaa0d,A::m6_1b-trial-030,m6_1b-trial-030,oracle_stable_two_baseline_margin,1,1,0.8,1,0.8,0,1,0.0
track1_5ch,acquisitionCampaignGroup,track1_5ch|campaign|outer-01,A_campaign,A,m6_1b-dataset-20260819T090215Z-d70eaa0d,A::m6_1b-trial-030,m6_1b-trial-030,oracle_multiview_band_harmonic,1,1,0.8,1,0.35,1,1,0.45000000000000007
track1_5ch,acquisitionCampaignGroup,track1_5ch|campaign|outer-02,M6_4_campaign,B1,m6_4-dataset-20260819T155147Z-386f95dd,B1::m6_4-trial-001,m6_4-trial-001,oracle_unconstrained_correct_top,0,0,0.4,0,0.25,1,1,0.15000000000000002
track1_5ch,acquisitionCampaignGroup,track1_5ch|campaign|outer-02,M6_4_campaign,B1,m6_4-dataset-20260819T155147Z-386f95dd,B1::m6_4-trial-001,m6_4-trial-001,oracle_stable_two,0,0,0.4,0,0.3,1,1,0.10000000000000003
track1_5ch,acquisitionCampaignGroup,track1_5ch|campaign|outer-02,M6_4_campaign,B1,m6_4-dataset-20260819T155147Z-386f95dd,B1::m6_4-trial-001,m6_4-trial-001,oracle_stable_two_margin005,0,0,0.4,0,0.3,1,1,0.10000000000000003
track1_5ch,acquisitionCampaignGroup,track1_5ch|campaign|outer-02,M6_4_campaign,B1,m6_4-dataset-20260819T155147Z-386f95dd,B1::m6_4-trial-001,m6_4-trial-001,oracle_stable_two_baseline_margin,0,0,0.4,0,0.4,0,1,0.0
track1_5ch,acquisitionCampaignGroup,track1_5ch|campaign|outer-02,M6_4_campaign,B1,m6_4-dataset-20260819T155147Z-386f95dd,B1::m6_4-trial-001,m6_4-trial-001,oracle_multiview_band_harmonic,0,0,0.4,0,0.4,0,1,0.0
track1_5ch,acquisitionCampaignGroup,track1_5ch|campaign|outer-02,M6_4_campaign,B1,m6_4-dataset-20260819T155147Z-386f95dd,B1::m6_4-trial-002,m6_4-trial-002,oracle_unconstrained_correct_top,2,2,0.25,2,0.2,1,1,0.04999999999999999
track1_5ch,acquisitionCampaignGroup,track1_5ch|campaign|outer-02,M6_4_campaign,B1,m6_4-dataset-20260819T155147Z-386f95dd,B1::m6_4-trial-002,m6_4-trial-002,oracle_stable_two,2,2,0.25,2,0.25,0,1,0.0
track1_5ch,acquisitionCampaignGroup,track1_5ch|campaign|outer-02,M6_4_campaign,B1,m6_4-dataset-20260819T155147Z-386f95dd,B1::m6_4-trial-002,m6_4-trial-002,oracle_stable_two_margin005,2,2,0.25,2,0.25,0,1,0.0
track1_5ch,acquisitionCampaignGroup,track1_5ch|campaign|outer-02,M6_4_campaign,B1,m6_4-dataset-20260819T155147Z-386f95dd,B1::m6_4-trial-002,m6_4-trial-002,oracle_stable_two_baseline_margin,2,2,0.25,2,0.25,0,1,0.0
track1_5ch,acquisitionCampaignGroup,track1_5ch|campaign|outer-02,M6_4_campaign,B1,m6_4-dataset-20260819T155147Z-386f95dd,B1::m6_4-trial-002,m6_4-trial-002,oracle_multiview_band_harmonic,2,2,0.25,2,0.25,0,1,0.0
track1_5ch,acquisitionCampaignGroup,track1_5ch|campaign|outer-02,M6_4_campaign,B1,m6_4-dataset-20260819T155147Z-386f95dd,B1::m6_4-trial-003,m6_4-trial-003,oracle_unconstrained_correct_top,2,2,0.3,2,0.25,1,1,0.04999999999999999
track1_5ch,acquisitionCampaignGroup,track1_5ch|campaign|outer-02,M6_4_campaign,B1,m6_4-dataset-20260819T155147Z-386f95dd,B1::m6_4-trial-003,m6_4-trial-003,oracle_stable_two,2,2,0.3,2,0.3,0,1,0.0
track1_5ch,acquisitionCampaignGroup,track1_5ch|campaign|outer-02,M6_4_campaign,B1,m6_4-dataset-20260819T155147Z-386f95dd,B1::m6_4-trial-003,m6_4-trial-003,oracle_stable_two_margin005,2,2,0.3,2,0.3,0,1,0.0
track1_5ch,acquisitionCampaignGroup,track1_5ch|campaign|outer-02,M6_4_campaign,B1,m6_4-dataset-20260819T155147Z-386f95dd,B1::m6_4-trial-003,m6_4-trial-003,oracle_stable_two_baseline_margin,2,2,0.3,2,0.3,0,1,0.0
track1_5ch,acquisitionCampaignGroup,track1_5ch|campaign|outer-02,M6_4_campaign,B1,m6_4-dataset-20260819T155147Z-386f95dd,B1::m6_4-trial-003,m6_4-trial-003,oracle_multiview_band_harmonic,2,2,0.3,2,0.3,0,1,0.0
track1_5ch,acquisitionCampaignGroup,track1_5ch|campaign|outer-02,M6_4_campaign,B1,m6_4-dataset-20260819T155147Z-386f95dd,B1::m6_4-trial-004,m6_4-trial-004,oracle_unconstrained_correct_top,0,0,0.6,0,0.2,1,1,0.39999999999999997
track1_5ch,acquisitionCampaignGroup,track1_5ch|campaign|outer-02,M6_4_campaign,B1,m6_4-dataset-20260819T155147Z-386f95dd,B1::m6_4-trial-004,m6_4-trial-004,oracle_stable_two,0,0,0.6,0,0.25,1,1,0.35
track1_5ch,acquisitionCampaignGroup,track1_5ch|campaign|outer-02,M6_4_campaign,B1,m6_4-dataset-20260819T155147Z-386f95dd,B1::m6_4-trial-004,m6_4-trial-004,oracle_stable_two_margin005,0,0,0.6,0,0.25,1,1,0.35
track1_5ch,acquisitionCampaignGroup,track1_5ch|campaign|outer-02,M6_4_campaign,B1,m6_4-dataset-20260819T155147Z-386f95dd,B1::m6_4-trial-004,m6_4-trial-004,oracle_stable_two_baseline_margin,0,0,0.6,0,0.6,0,1,0.0
track1_5ch,acquisitionCampaignGroup,track1_5ch|campaign|outer-02,M6_4_campaign,B1,m6_4-dataset-20260819T155147Z-386f95dd,B1::m6_4-trial-004,m6_4-trial-004,oracle_multiview_band_harmonic,0,0,0.6,0,0.25,1,1,0.35
track1_5ch,acquisitionCampaignGroup,track1_5ch|campaign|outer-02,M6_4_campaign,B1,m6_4-dataset-20260819T155147Z-386f95dd,B1::m6_4-trial-005,m6_4-trial-005,oracle_unconstrained_correct_top,1,1,0.4,1,0.2,1,1,0.2
track1_5ch,acquisitionCampaignGroup,track1_5ch|campaign|outer-02,M6_4_campaign,B1,m6_4-dataset-20260819T155147Z-386f95dd,B1::m6_4-trial-005,m6_4-trial-005,oracle_stable_two,1,1,0.4,1,0.25,1,1,0.15000000000000002
track1_5ch,acquisitionCampaignGroup,track1_5ch|campaign|outer-02,M6_4_campaign,B1,m6_4-dataset-20260819T155147Z-386f95dd,B1::m6_4-trial-005,m6_4-trial-005,oracle_stable_two_margin005,1,1,0.4,1,0.3,1,1,0.10000000000000003
track1_5ch,acquisitionCampaignGroup,track1_5ch|campaign|outer-02,M6_4_campaign,B1,m6_4-dataset-20260819T155147Z-386f95dd,B1::m6_4-trial-005,m6_4-trial-005,oracle_stable_two_baseline_margin,1,1,0.4,1,0.4,0,1,0.0
track1_5ch,acquisitionCampaignGroup,track1_5ch|campaign|outer-02,M6_4_campaign,B1,m6_4-dataset-20260819T155147Z-386f95dd,B1::m6_4-trial-005,m6_4-trial-005,oracle_multiview_band_harmonic,1,1,0.4,1,0.3,1,1,0.10000000000000003
track1_5ch,acquisitionCampaignGroup,track1_5ch|campaign|outer-02,M6_4_campaign,B1,m6_4-dataset-20260819T155147Z-386f95dd,B1::m6_4-trial-006,m6_4-trial-006,oracle_unconstrained_correct_top,1,1,0.5,1,0.2,1,1,0.3
track1_5ch,acquisitionCampaignGroup,track1_5ch|campaign|outer-02,M6_4_campaign,B1,m6_4-dataset-20260819T155147Z-386f95dd,B1::m6_4-trial-006,m6_4-trial-006,oracle_stable_two,1,1,0.5,1,0.25,1,1,0.25
track1_5ch,acquisitionCampaignGroup,track1_5ch|campaign|outer-02,M6_4_campaign,B1,m6_4-dataset-20260819T155147Z-386f95dd,B1::m6_4-trial-006,m6_4-trial-006,oracle_stable_two_margin005,1,1,0.5,1,0.25,1,1,0.25
track1_5ch,acquisitionCampaignGroup,track1_5ch|campaign|outer-02,M6_4_campaign,B1,m6_4-dataset-20260819T155147Z-386f95dd,B1::m6_4-trial-006,m6_4-trial-006,oracle_stable_two_baseline_margin,1,1,0.5,1,0.5,0,1,0.0
track1_5ch,acquisitionCampaignGroup,track1_5ch|campaign|outer-02,M6_4_campaign,B1,m6_4-dataset-20260819T155147Z-386f95dd,B1::m6_4-trial-006,m6_4-trial-006,oracle_multiview_band_harmonic,1,1,0.5,1,0.4,1,1,0.09999999999999998
track1_5ch,acquisitionCampaignGroup,track1_5ch|campaign|outer-02,M6_4_campaign,B1,m6_4-dataset-20260819T155147Z-386f95dd,B1::m6_4-trial-007,m6_4-trial-007,oracle_unconstrained_correct_top,2,2,0.6,2,0.2,1,1,0.39999999999999997
track1_5ch,acquisitionCampaignGroup,track1_5ch|campaign|outer-02,M6_4_campaign,B1,m6_4-dataset-20260819T155147Z-386f95dd,B1::m6_4-trial-007,m6_4-trial-007,oracle_stable_two,2,2,0.6,2,0.25,1,1,0.35
track1_5ch,acquisitionCampaignGroup,track1_5ch|campaign|outer-02,M6_4_campaign,B1,m6_4-dataset-20260819T155147Z-386f95dd,B1::m6_4-trial-007,m6_4-trial-007,oracle_stable_two_margin005,2,2,0.6,2,0.25,1,1,0.35
track1_5ch,acquisitionCampaignGroup,track1_5ch|campaign|outer-02,M6_4_campaign,B1,m6_4-dataset-20260819T155147Z-386f95dd,B1::m6_4-trial-007,m6_4-trial-007,oracle_stable_two_baseline_margin,2,2,0.6,2,0.6,0,1,0.0
track1_5ch,acquisitionCampaignGroup,track1_5ch|campaign|outer-02,M6_4_campaign,B1,m6_4-dataset-20260819T155147Z-386f95dd,B1::m6_4-trial-007,m6_4-trial-007,oracle_multiview_band_harmonic,2,2,0.6,2,0.25,1,1,0.35
track1_5ch,acquisitionCampaignGroup,track1_5ch|campaign|outer-02,M6_4_campaign,B1,m6_4-dataset-20260819T155147Z-386f95dd,B1::m6_4-trial-008,m6_4-trial-008,oracle_unconstrained_correct_top,2,2,0.6,2,0.3,1,1,0.3
track1_5ch,acquisitionCampaignGroup,track1_5ch|campaign|outer-02,M6_4_campaign,B1,m6_4-dataset-20260819T155147Z-386f95dd,B1::m6_4-trial-008,m6_4-trial-008,oracle_stable_two,2,2,0.6,2,0.35,1,1,0.25
track1_5ch,acquisitionCampaignGroup,track1_5ch|campaign|outer-02,M6_4_campaign,B1,m6_4-dataset-20260819T155147Z-386f95dd,B1::m6_4-trial-008,m6_4-trial-008,oracle_stable_two_margin005,2,2,0.6,2,0.35,1,1,0.25
track1_5ch,acquisitionCampaignGroup,track1_5ch|campaign|outer-02,M6_4_campaign,B1,m6_4-dataset-20260819T155147Z-386f95dd,B1::m6_4-trial-008,m6_4-trial-008,oracle_stable_two_baseline_margin,2,2,0.6,2,0.6,0,1,0.0
track1_5ch,acquisitionCampaignGroup,track1_5ch|campaign|outer-02,M6_4_campaign,B1,m6_4-dataset-20260819T155147Z-386f95dd,B1::m6_4-trial-008,m6_4-trial-008,oracle_multiview_band_harmonic,2,2,0.6,2,0.35,1,1,0.25
track1_5ch,acquisitionCampaignGroup,track1_5ch|campaign|outer-02,M6_4_campaign,B1,m6_4-dataset-20260819T155147Z-386f95dd,B1::m6_4-trial-009,m6_4-trial-009,oracle_unconstrained_correct_top,0,0,0.3,0,0.2,1,1,0.09999999999999998
track1_5ch,acquisitionCampaignGroup,track1_5ch|campaign|outer-02,M6_4_campaign,B1,m6_4-dataset-20260819T155147Z-386f95dd,B1::m6_4-trial-009,m6_4-trial-009,oracle_stable_two,0,0,0.3,0,0.25,1,1,0.04999999999999999
track1_5ch,acquisitionCampaignGroup,track1_5ch|campaign|outer-02,M6_4_campaign,B1,m6_4-dataset-20260819T155147Z-386f95dd,B1::m6_4-trial-009,m6_4-trial-009,oracle_stable_two_margin005,0,0,0.3,0,0.25,1,1,0.04999999999999999
track1_5ch,acquisitionCampaignGroup,track1_5ch|campaign|outer-02,M6_4_campaign,B1,m6_4-dataset-20260819T155147Z-386f95dd,B1::m6_4-trial-009,m6_4-trial-009,oracle_stable_two_baseline_margin,0,0,0.3,0,0.3,0,1,0.0
track1_5ch,acquisitionCampaignGroup,track1_5ch|campaign|outer-02,M6_4_campaign,B1,m6_4-dataset-20260819T155147Z-386f95dd,B1::m6_4-trial-009,m6_4-trial-009,oracle_multiview_band_harmonic,0,0,0.3,0,0.25,1,1,0.04999999999999999
track1_5ch,acquisitionCampaignGroup,track1_5ch|campaign|outer-02,M6_4_campaign,B1,m6_4-dataset-20260819T155147Z-386f95dd,B1::m6_4-trial-010,m6_4-trial-010,oracle_unconstrained_correct_top,2,2,0.6,2,0.3,1,1,0.3
track1_5ch,acquisitionCampaignGroup,track1_5ch|campaign|outer-02,M6_4_campaign,B1,m6_4-dataset-20260819T155147Z-386f95dd,B1::m6_4-trial-010,m6_4-trial-010,oracle_stable_two,2,2,0.6,2,0.35,1,1,0.25
track1_5ch,acquisitionCampaignGroup,track1_5ch|campaign|outer-02,M6_4_campaign,B1,m6_4-dataset-20260819T155147Z-386f95dd,B1::m6_4-trial-010,m6_4-trial-010,oracle_stable_two_margin005,2,2,0.6,2,0.4,1,1,0.19999999999999996
track1_5ch,acquisitionCampaignGroup,track1_5ch|campaign|outer-02,M6_4_campaign,B1,m6_4-dataset-20260819T155147Z-386f95dd,B1::m6_4-trial-010,m6_4-trial-010,oracle_stable_two_baseline_margin,2,2,0.6,2,0.6,0,1,0.0
track1_5ch,acquisitionCampaignGroup,track1_5ch|campaign|outer-02,M6_4_campaign,B1,m6_4-dataset-20260819T155147Z-386f95dd,B1::m6_4-trial-010,m6_4-trial-010,oracle_multiview_band_harmonic,2,2,0.6,2,0.4,1,1,0.19999999999999996
track1_5ch,acquisitionCampaignGroup,track1_5ch|campaign|outer-02,M6_4_campaign,B1,m6_4-dataset-20260819T155147Z-386f95dd,B1::m6_4-trial-012,m6_4-trial-012,oracle_unconstrained_correct_top,0,0,0.25,0,0.2,1,1,0.04999999999999999
track1_5ch,acquisitionCampaignGroup,track1_5ch|campaign|outer-02,M6_4_campaign,B1,m6_4-dataset-20260819T155147Z-386f95dd,B1::m6_4-trial-012,m6_4-trial-012,oracle_stable_two,0,0,0.25,0,0.25,0,1,0.0
track1_5ch,acquisitionCampaignGroup,track1_5ch|campaign|outer-02,M6_4_campaign,B1,m6_4-dataset-20260819T155147Z-386f95dd,B1::m6_4-trial-012,m6_4-trial-012,oracle_stable_two_margin005,0,0,0.25,0,0.25,0,1,0.0
track1_5ch,acquisitionCampaignGroup,track1_5ch|campaign|outer-02,M6_4_campaign,B1,m6_4-dataset-20260819T155147Z-386f95dd,B1::m6_4-trial-012,m6_4-trial-012,oracle_stable_two_baseline_margin,0,0,0.25,0,0.25,0,1,0.0
track1_5ch,acquisitionCampaignGroup,track1_5ch|campaign|outer-02,M6_4_campaign,B1,m6_4-dataset-20260819T155147Z-386f95dd,B1::m6_4-trial-012,m6_4-trial-012,oracle_multiview_band_harmonic,0,0,0.25,0,0.25,0,1,0.0
track1_5ch,acquisitionCampaignGroup,track1_5ch|campaign|outer-02,M6_4_campaign,B1,m6_4-dataset-20260819T155147Z-386f95dd,B1::m6_4-trial-013,m6_4-trial-013,oracle_unconstrained_correct_top,0,0,0.25,0,0.2,1,1,0.04999999999999999
track1_5ch,acquisitionCampaignGroup,track1_5ch|campaign|outer-02,M6_4_campaign,B1,m6_4-dataset-20260819T155147Z-386f95dd,B1::m6_4-trial-013,m6_4-trial-013,oracle_stable_two,0,0,0.25,0,0.25,0,1,0.0
track1_5ch,acquisitionCampaignGroup,track1_5ch|campaign|outer-02,M6_4_campaign,B1,m6_4-dataset-20260819T155147Z-386f95dd,B1::m6_4-trial-013,m6_4-trial-013,oracle_stable_two_margin005,0,0,0.25,0,0.25,0,1,0.0
track1_5ch,acquisitionCampaignGroup,track1_5ch|campaign|outer-02,M6_4_campaign,B1,m6_4-dataset-20260819T155147Z-386f95dd,B1::m6_4-trial-013,m6_4-trial-013,oracle_stable_two_baseline_margin,0,0,0.25,0,0.25,0,1,0.0
track1_5ch,acquisitionCampaignGroup,track1_5ch|campaign|outer-02,M6_4_campaign,B1,m6_4-dataset-20260819T155147Z-386f95dd,B1::m6_4-trial-013,m6_4-trial-013,oracle_multiview_band_harmonic,0,0,0.25,0,0.25,0,1,0.0
track1_5ch,acquisitionCampaignGroup,track1_5ch|campaign|outer-02,M6_4_campaign,B1,m6_4-dataset-20260819T155147Z-386f95dd,B1::m6_4-trial-014,m6_4-trial-014,oracle_unconstrained_correct_top,1,2,1.0,1,0.25,1,1,0.75
track1_5ch,acquisitionCampaignGroup,track1_5ch|campaign|outer-02,M6_4_campaign,B1,m6_4-dataset-20260819T155147Z-386f95dd,B1::m6_4-trial-014,m6_4-trial-014,oracle_stable_two,1,2,1.0,1,0.3,1,1,0.7
track1_5ch,acquisitionCampaignGroup,track1_5ch|campaign|outer-02,M6_4_campaign,B1,m6_4-dataset-20260819T155147Z-386f95dd,B1::m6_4-trial-014,m6_4-trial-014,oracle_stable_two_margin005,1,2,1.0,1,0.4,1,1,0.6
track1_5ch,acquisitionCampaignGroup,track1_5ch|campaign|outer-02,M6_4_campaign,B1,m6_4-dataset-20260819T155147Z-386f95dd,B1::m6_4-trial-014,m6_4-trial-014,oracle_stable_two_baseline_margin,1,2,1.0,2,1.0,0,0,0.0
track1_5ch,acquisitionCampaignGroup,track1_5ch|campaign|outer-02,M6_4_campaign,B1,m6_4-dataset-20260819T155147Z-386f95dd,B1::m6_4-trial-014,m6_4-trial-014,oracle_multiview_band_harmonic,1,2,1.0,2,1.0,0,0,0.0
track1_5ch,acquisitionCampaignGroup,track1_5ch|campaign|outer-02,M6_4_campaign,B1,m6_4-dataset-20260819T155147Z-386f95dd,B1::m6_4-trial-015,m6_4-trial-015,oracle_unconstrained_correct_top,2,2,0.6,2,0.25,1,1,0.35
track1_5ch,acquisitionCampaignGroup,track1_5ch|campaign|outer-02,M6_4_campaign,B1,m6_4-dataset-20260819T155147Z-386f95dd,B1::m6_4-trial-015,m6_4-trial-015,oracle_stable_two,2,2,0.6,2,0.3,1,1,0.3
track1_5ch,acquisitionCampaignGroup,track1_5ch|campaign|outer-02,M6_4_campaign,B1,m6_4-dataset-20260819T155147Z-386f95dd,B1::m6_4-trial-015,m6_4-trial-015,oracle_stable_two_margin005,2,2,0.6,2,0.3,1,1,0.3
track1_5ch,acquisitionCampaignGroup,track1_5ch|campaign|outer-02,M6_4_campaign,B1,m6_4-dataset-20260819T155147Z-386f95dd,B1::m6_4-trial-015,m6_4-trial-015,oracle_stable_two_baseline_margin,2,2,0.6,2,0.6,0,1,0.0
track1_5ch,acquisitionCampaignGroup,track1_5ch|campaign|outer-02,M6_4_campaign,B1,m6_4-dataset-20260819T155147Z-386f95dd,B1::m6_4-trial-015,m6_4-trial-015,oracle_multiview_band_harmonic,2,2,0.6,2,0.3,1,1,0.3
track1_5ch,acquisitionCampaignGroup,track1_5ch|campaign|outer-02,M6_4_campaign,B1,m6_4-dataset-20260819T155147Z-386f95dd,B1::m6_4-trial-016,m6_4-trial-016,oracle_unconstrained_correct_top,1,1,1.0,1,0.6,1,1,0.4
track1_5ch,acquisitionCampaignGroup,track1_5ch|campaign|outer-02,M6_4_campaign,B1,m6_4-dataset-20260819T155147Z-386f95dd,B1::m6_4-trial-016,m6_4-trial-016,oracle_stable_two,1,1,1.0,1,0.8,1,1,0.19999999999999996
track1_5ch,acquisitionCampaignGroup,track1_5ch|campaign|outer-02,M6_4_campaign,B1,m6_4-dataset-20260819T155147Z-386f95dd,B1::m6_4-trial-016,m6_4-trial-016,oracle_stable_two_margin005,1,1,1.0,1,0.8,1,1,0.19999999999999996
track1_5ch,acquisitionCampaignGroup,track1_5ch|campaign|outer-02,M6_4_campaign,B1,m6_4-dataset-20260819T155147Z-386f95dd,B1::m6_4-trial-016,m6_4-trial-016,oracle_stable_two_baseline_margin,1,1,1.0,1,1.0,0,1,0.0
track1_5ch,acquisitionCampaignGroup,track1_5ch|campaign|outer-02,M6_4_campaign,B1,m6_4-dataset-20260819T155147Z-386f95dd,B1::m6_4-trial-016,m6_4-trial-016,oracle_multiview_band_harmonic,1,1,1.0,1,0.8,1,1,0.19999999999999996
track1_5ch,acquisitionCampaignGroup,track1_5ch|campaign|outer-02,M6_4_campaign,B1,m6_4-dataset-20260819T155147Z-386f95dd,B1::m6_4-trial-017,m6_4-trial-017,oracle_unconstrained_correct_top,2,2,0.25,2,0.2,1,1,0.04999999999999999
track1_5ch,acquisitionCampaignGroup,track1_5ch|campaign|outer-02,M6_4_campaign,B1,m6_4-dataset-20260819T155147Z-386f95dd,B1::m6_4-trial-017,m6_4-trial-017,oracle_stable_two,2,2,0.25,2,0.25,0,1,0.0
track1_5ch,acquisitionCampaignGroup,track1_5ch|campaign|outer-02,M6_4_campaign,B1,m6_4-dataset-20260819T155147Z-386f95dd,B1::m6_4-trial-017,m6_4-trial-017,oracle_stable_two_margin005,2,2,0.25,2,0.25,0,1,0.0
track1_5ch,acquisitionCampaignGroup,track1_5ch|campaign|outer-02,M6_4_campaign,B1,m6_4-dataset-20260819T155147Z-386f95dd,B1::m6_4-trial-017,m6_4-trial-017,oracle_stable_two_baseline_margin,2,2,0.25,2,0.25,0,1,0.0
track1_5ch,acquisitionCampaignGroup,track1_5ch|campaign|outer-02,M6_4_campaign,B1,m6_4-dataset-20260819T155147Z-386f95dd,B1::m6_4-trial-017,m6_4-trial-017,oracle_multiview_band_harmonic,2,2,0.25,2,0.25,0,1,0.0
track1_5ch,acquisitionCampaignGroup,track1_5ch|campaign|outer-02,M6_4_campaign,B1,m6_4-dataset-20260819T155147Z-386f95dd,B1::m6_4-trial-018,m6_4-trial-018,oracle_unconstrained_correct_top,0,0,0.35,0,0.2,1,1,0.14999999999999997
track1_5ch,acquisitionCampaignGroup,track1_5ch|campaign|outer-02,M6_4_campaign,B1,m6_4-dataset-20260819T155147Z-386f95dd,B1::m6_4-trial-018,m6_4-trial-018,oracle_stable_two,0,0,0.35,0,0.25,1,1,0.09999999999999998
track1_5ch,acquisitionCampaignGroup,track1_5ch|campaign|outer-02,M6_4_campaign,B1,m6_4-dataset-20260819T155147Z-386f95dd,B1::m6_4-trial-018,m6_4-trial-018,oracle_stable_two_margin005,0,0,0.35,0,0.3,1,1,0.04999999999999999
track1_5ch,acquisitionCampaignGroup,track1_5ch|campaign|outer-02,M6_4_campaign,B1,m6_4-dataset-20260819T155147Z-386f95dd,B1::m6_4-trial-018,m6_4-trial-018,oracle_stable_two_baseline_margin,0,0,0.35,0,0.35,0,1,0.0
track1_5ch,acquisitionCampaignGroup,track1_5ch|campaign|outer-02,M6_4_campaign,B1,m6_4-dataset-20260819T155147Z-386f95dd,B1::m6_4-trial-018,m6_4-trial-018,oracle_multiview_band_harmonic,0,0,0.35,0,0.35,0,1,0.0
track1_5ch,acquisitionCampaignGroup,track1_5ch|campaign|outer-02,M6_4_campaign,B1,m6_4-dataset-20260819T155147Z-386f95dd,B1::m6_4-trial-019,m6_4-trial-019,oracle_unconstrained_correct_top,2,2,0.3,2,0.2,1,1,0.09999999999999998
track1_5ch,acquisitionCampaignGroup,track1_5ch|campaign|outer-02,M6_4_campaign,B1,m6_4-dataset-20260819T155147Z-386f95dd,B1::m6_4-trial-019,m6_4-trial-019,oracle_stable_two,2,2,0.3,2,0.25,1,1,0.04999999999999999
track1_5ch,acquisitionCampaignGroup,track1_5ch|campaign|outer-02,M6_4_campaign,B1,m6_4-dataset-20260819T155147Z-386f95dd,B1::m6_4-trial-019,m6_4-trial-019,oracle_stable_two_margin005,2,2,0.3,2,0.25,1,1,0.04999999999999999
track1_5ch,acquisitionCampaignGroup,track1_5ch|campaign|outer-02,M6_4_campaign,B1,m6_4-dataset-20260819T155147Z-386f95dd,B1::m6_4-trial-019,m6_4-trial-019,oracle_stable_two_baseline_margin,2,2,0.3,2,0.3,0,1,0.0
track1_5ch,acquisitionCampaignGroup,track1_5ch|campaign|outer-02,M6_4_campaign,B1,m6_4-dataset-20260819T155147Z-386f95dd,B1::m6_4-trial-019,m6_4-trial-019,oracle_multiview_band_harmonic,2,2,0.3,2,0.25,1,1,0.04999999999999999
track1_5ch,acquisitionCampaignGroup,track1_5ch|campaign|outer-02,M6_4_campaign,B1,m6_4-dataset-20260819T155147Z-386f95dd,B1::m6_4-trial-020,m6_4-trial-020,oracle_unconstrained_correct_top,1,1,0.35,1,0.2,1,1,0.14999999999999997
track1_5ch,acquisitionCampaignGroup,track1_5ch|campaign|outer-02,M6_4_campaign,B1,m6_4-dataset-20260819T155147Z-386f95dd,B1::m6_4-trial-020,m6_4-trial-020,oracle_stable_two,1,1,0.35,1,0.25,1,1,0.09999999999999998
track1_5ch,acquisitionCampaignGroup,track1_5ch|campaign|outer-02,M6_4_campaign,B1,m6_4-dataset-20260819T155147Z-386f95dd,B1::m6_4-trial-020,m6_4-trial-020,oracle_stable_two_margin005,1,1,0.35,1,0.25,1,1,0.09999999999999998
track1_5ch,acquisitionCampaignGroup,track1_5ch|campaign|outer-02,M6_4_campaign,B1,m6_4-dataset-20260819T155147Z-386f95dd,B1::m6_4-trial-020,m6_4-trial-020,oracle_stable_two_baseline_margin,1,1,0.35,1,0.35,0,1,0.0
track1_5ch,acquisitionCampaignGroup,track1_5ch|campaign|outer-02,M6_4_campaign,B1,m6_4-dataset-20260819T155147Z-386f95dd,B1::m6_4-trial-020,m6_4-trial-020,oracle_multiview_band_harmonic,1,1,0.35,1,0.25,1,1,0.09999999999999998
track1_5ch,acquisitionCampaignGroup,track1_5ch|campaign|outer-02,M6_4_campaign,B1,m6_4-dataset-20260819T155147Z-386f95dd,B1::m6_4-trial-021,m6_4-trial-021,oracle_unconstrained_correct_top,1,1,0.3,1,0.25,1,1,0.04999999999999999
track1_5ch,acquisitionCampaignGroup,track1_5ch|campaign|outer-02,M6_4_campaign,B1,m6_4-dataset-20260819T155147Z-386f95dd,B1::m6_4-trial-021,m6_4-trial-021,oracle_stable_two,1,1,0.3,1,0.3,0,1,0.0
track1_5ch,acquisitionCampaignGroup,track1_5ch|campaign|outer-02,M6_4_campaign,B1,m6_4-dataset-20260819T155147Z-386f95dd,B1::m6_4-trial-021,m6_4-trial-021,oracle_stable_two_margin005,1,1,0.3,1,0.3,0,1,0.0
track1_5ch,acquisitionCampaignGroup,track1_5ch|campaign|outer-02,M6_4_campaign,B1,m6_4-dataset-20260819T155147Z-386f95dd,B1::m6_4-trial-021,m6_4-trial-021,oracle_stable_two_baseline_margin,1,1,0.3,1,0.3,0,1,0.0
track1_5ch,acquisitionCampaignGroup,track1_5ch|campaign|outer-02,M6_4_campaign,B1,m6_4-dataset-20260819T155147Z-386f95dd,B1::m6_4-trial-021,m6_4-trial-021,oracle_multiview_band_harmonic,1,1,0.3,1,0.3,0,1,0.0
track1_5ch,acquisitionCampaignGroup,track1_5ch|campaign|outer-02,M6_4_campaign,B1,m6_4-dataset-20260819T155147Z-386f95dd,B1::m6_4-trial-022,m6_4-trial-022,oracle_unconstrained_correct_top,0,0,1.0,0,0.2,1,1,0.8
track1_5ch,acquisitionCampaignGroup,track1_5ch|campaign|outer-02,M6_4_campaign,B1,m6_4-dataset-20260819T155147Z-386f95dd,B1::m6_4-trial-022,m6_4-trial-022,oracle_stable_two,0,0,1.0,0,0.6,1,1,0.4
track1_5ch,acquisitionCampaignGroup,track1_5ch|campaign|outer-02,M6_4_campaign,B1,m6_4-dataset-20260819T155147Z-386f95dd,B1::m6_4-trial-022,m6_4-trial-022,oracle_stable_two_margin005,0,0,1.0,0,0.8,1,1,0.19999999999999996
track1_5ch,acquisitionCampaignGroup,track1_5ch|campaign|outer-02,M6_4_campaign,B1,m6_4-dataset-20260819T155147Z-386f95dd,B1::m6_4-trial-022,m6_4-trial-022,oracle_stable_two_baseline_margin,0,0,1.0,0,1.0,0,1,0.0
track1_5ch,acquisitionCampaignGroup,track1_5ch|campaign|outer-02,M6_4_campaign,B1,m6_4-dataset-20260819T155147Z-386f95dd,B1::m6_4-trial-022,m6_4-trial-022,oracle_multiview_band_harmonic,0,0,1.0,0,0.8,1,1,0.19999999999999996
track1_5ch,acquisitionCampaignGroup,track1_5ch|campaign|outer-02,M6_4_campaign,B1,m6_4-dataset-20260819T155147Z-386f95dd,B1::m6_4-trial-023,m6_4-trial-023,oracle_unconstrained_correct_top,1,1,0.6,1,0.2,1,1,0.39999999999999997
track1_5ch,acquisitionCampaignGroup,track1_5ch|campaign|outer-02,M6_4_campaign,B1,m6_4-dataset-20260819T155147Z-386f95dd,B1::m6_4-trial-023,m6_4-trial-023,oracle_stable_two,1,1,0.6,1,0.35,1,1,0.25
track1_5ch,acquisitionCampaignGroup,track1_5ch|campaign|outer-02,M6_4_campaign,B1,m6_4-dataset-20260819T155147Z-386f95dd,B1::m6_4-trial-023,m6_4-trial-023,oracle_stable_two_margin005,1,1,0.6,1,0.35,1,1,0.25
track1_5ch,acquisitionCampaignGroup,track1_5ch|campaign|outer-02,M6_4_campaign,B1,m6_4-dataset-20260819T155147Z-386f95dd,B1::m6_4-trial-023,m6_4-trial-023,oracle_stable_two_baseline_margin,1,1,0.6,1,0.6,0,1,0.0
track1_5ch,acquisitionCampaignGroup,track1_5ch|campaign|outer-02,M6_4_campaign,B1,m6_4-dataset-20260819T155147Z-386f95dd,B1::m6_4-trial-023,m6_4-trial-023,oracle_multiview_band_harmonic,1,1,0.6,1,0.35,1,1,0.25
track1_5ch,acquisitionCampaignGroup,track1_5ch|campaign|outer-02,M6_4_campaign,B1,m6_4-dataset-20260819T155147Z-386f95dd,B1::m6_4-trial-024,m6_4-trial-024,oracle_unconstrained_correct_top,2,2,0.3,2,0.2,1,1,0.09999999999999998
track1_5ch,acquisitionCampaignGroup,track1_5ch|campaign|outer-02,M6_4_campaign,B1,m6_4-dataset-20260819T155147Z-386f95dd,B1::m6_4-trial-024,m6_4-trial-024,oracle_stable_two,2,2,0.3,2,0.25,1,1,0.04999999999999999
track1_5ch,acquisitionCampaignGroup,track1_5ch|campaign|outer-02,M6_4_campaign,B1,m6_4-dataset-20260819T155147Z-386f95dd,B1::m6_4-trial-024,m6_4-trial-024,oracle_stable_two_margin005,2,2,0.3,2,0.25,1,1,0.04999999999999999
track1_5ch,acquisitionCampaignGroup,track1_5ch|campaign|outer-02,M6_4_campaign,B1,m6_4-dataset-20260819T155147Z-386f95dd,B1::m6_4-trial-024,m6_4-trial-024,oracle_stable_two_baseline_margin,2,2,0.3,2,0.3,0,1,0.0
track1_5ch,acquisitionCampaignGroup,track1_5ch|campaign|outer-02,M6_4_campaign,B1,m6_4-dataset-20260819T155147Z-386f95dd,B1::m6_4-trial-024,m6_4-trial-024,oracle_multiview_band_harmonic,2,2,0.3,2,0.25,1,1,0.04999999999999999
track1_5ch,acquisitionCampaignGroup,track1_5ch|campaign|outer-02,M6_4_campaign,B1,m6_4-dataset-20260819T155147Z-386f95dd,B1::m6_4-trial-025,m6_4-trial-025,oracle_unconstrained_correct_top,0,0,0.35,0,0.25,1,1,0.09999999999999998
track1_5ch,acquisitionCampaignGroup,track1_5ch|campaign|outer-02,M6_4_campaign,B1,m6_4-dataset-20260819T155147Z-386f95dd,B1::m6_4-trial-025,m6_4-trial-025,oracle_stable_two,0,0,0.35,0,0.3,1,1,0.04999999999999999
track1_5ch,acquisitionCampaignGroup,track1_5ch|campaign|outer-02,M6_4_campaign,B1,m6_4-dataset-20260819T155147Z-386f95dd,B1::m6_4-trial-025,m6_4-trial-025,oracle_stable_two_margin005,0,0,0.35,0,0.3,1,1,0.04999999999999999
track1_5ch,acquisitionCampaignGroup,track1_5ch|campaign|outer-02,M6_4_campaign,B1,m6_4-dataset-20260819T155147Z-386f95dd,B1::m6_4-trial-025,m6_4-trial-025,oracle_stable_two_baseline_margin,0,0,0.35,0,0.35,0,1,0.0
track1_5ch,acquisitionCampaignGroup,track1_5ch|campaign|outer-02,M6_4_campaign,B1,m6_4-dataset-20260819T155147Z-386f95dd,B1::m6_4-trial-025,m6_4-trial-025,oracle_multiview_band_harmonic,0,0,0.35,0,0.3,1,1,0.04999999999999999
track1_5ch,acquisitionCampaignGroup,track1_5ch|campaign|outer-02,M6_4_campaign,B1,m6_4-dataset-20260819T155147Z-386f95dd,B1::m6_4-trial-026,m6_4-trial-026,oracle_unconstrained_correct_top,0,0,0.4,0,0.35,1,1,0.050000000000000044
track1_5ch,acquisitionCampaignGroup,track1_5ch|campaign|outer-02,M6_4_campaign,B1,m6_4-dataset-20260819T155147Z-386f95dd,B1::m6_4-trial-026,m6_4-trial-026,oracle_stable_two,0,0,0.4,0,0.4,0,1,0.0
track1_5ch,acquisitionCampaignGroup,track1_5ch|campaign|outer-02,M6_4_campaign,B1,m6_4-dataset-20260819T155147Z-386f95dd,B1::m6_4-trial-026,m6_4-trial-026,oracle_stable_two_margin005,0,0,0.4,0,0.4,0,1,0.0
track1_5ch,acquisitionCampaignGroup,track1_5ch|campaign|outer-02,M6_4_campaign,B1,m6_4-dataset-20260819T155147Z-386f95dd,B1::m6_4-trial-026,m6_4-trial-026,oracle_stable_two_baseline_margin,0,0,0.4,0,0.4,0,1,0.0
track1_5ch,acquisitionCampaignGroup,track1_5ch|campaign|outer-02,M6_4_campaign,B1,m6_4-dataset-20260819T155147Z-386f95dd,B1::m6_4-trial-026,m6_4-trial-026,oracle_multiview_band_harmonic,0,0,0.4,0,0.4,0,1,0.0
track1_5ch,acquisitionCampaignGroup,track1_5ch|campaign|outer-02,M6_4_campaign,B1,m6_4-dataset-20260819T155147Z-386f95dd,B1::m6_4-trial-027,m6_4-trial-027,oracle_unconstrained_correct_top,1,1,0.25,1,0.2,1,1,0.04999999999999999
track1_5ch,acquisitionCampaignGroup,track1_5ch|campaign|outer-02,M6_4_campaign,B1,m6_4-dataset-20260819T155147Z-386f95dd,B1::m6_4-trial-027,m6_4-trial-027,oracle_stable_two,1,1,0.25,1,0.25,0,1,0.0
track1_5ch,acquisitionCampaignGroup,track1_5ch|campaign|outer-02,M6_4_campaign,B1,m6_4-dataset-20260819T155147Z-386f95dd,B1::m6_4-trial-027,m6_4-trial-027,oracle_stable_two_margin005,1,1,0.25,1,0.25,0,1,0.0
track1_5ch,acquisitionCampaignGroup,track1_5ch|campaign|outer-02,M6_4_campaign,B1,m6_4-dataset-20260819T155147Z-386f95dd,B1::m6_4-trial-027,m6_4-trial-027,oracle_stable_two_baseline_margin,1,1,0.25,1,0.25,0,1,0.0
track1_5ch,acquisitionCampaignGroup,track1_5ch|campaign|outer-02,M6_4_campaign,B1,m6_4-dataset-20260819T155147Z-386f95dd,B1::m6_4-trial-027,m6_4-trial-027,oracle_multiview_band_harmonic,1,1,0.25,1,0.25,0,1,0.0
track1_5ch,acquisitionCampaignGroup,track1_5ch|campaign|outer-02,M6_4_campaign,B1,m6_4-dataset-20260819T155147Z-386f95dd,B1::m6_4-trial-028,m6_4-trial-028,oracle_unconstrained_correct_top,1,1,0.8,1,0.25,1,1,0.55
track1_5ch,acquisitionCampaignGroup,track1_5ch|campaign|outer-02,M6_4_campaign,B1,m6_4-dataset-20260819T155147Z-386f95dd,B1::m6_4-trial-028,m6_4-trial-028,oracle_stable_two,1,1,0.8,1,0.8,0,1,0.0
track1_5ch,acquisitionCampaignGroup,track1_5ch|campaign|outer-02,M6_4_campaign,B1,m6_4-dataset-20260819T155147Z-386f95dd,B1::m6_4-trial-028,m6_4-trial-028,oracle_stable_two_margin005,1,1,0.8,1,0.8,0,1,0.0
track1_5ch,acquisitionCampaignGroup,track1_5ch|campaign|outer-02,M6_4_campaign,B1,m6_4-dataset-20260819T155147Z-386f95dd,B1::m6_4-trial-028,m6_4-trial-028,oracle_stable_two_baseline_margin,1,1,0.8,1,0.8,0,1,0.0
track1_5ch,acquisitionCampaignGroup,track1_5ch|campaign|outer-02,M6_4_campaign,B1,m6_4-dataset-20260819T155147Z-386f95dd,B1::m6_4-trial-028,m6_4-trial-028,oracle_multiview_band_harmonic,1,1,0.8,1,0.8,0,1,0.0
track1_5ch,acquisitionCampaignGroup,track1_5ch|campaign|outer-02,M6_4_campaign,B1,m6_4-dataset-20260819T155147Z-386f95dd,B1::m6_4-trial-029,m6_4-trial-029,oracle_unconstrained_correct_top,0,0,0.8,0,0.25,1,1,0.55
track1_5ch,acquisitionCampaignGroup,track1_5ch|campaign|outer-02,M6_4_campaign,B1,m6_4-dataset-20260819T155147Z-386f95dd,B1::m6_4-trial-029,m6_4-trial-029,oracle_stable_two,0,0,0.8,0,0.4,1,1,0.4
track1_5ch,acquisitionCampaignGroup,track1_5ch|campaign|outer-02,M6_4_campaign,B1,m6_4-dataset-20260819T155147Z-386f95dd,B1::m6_4-trial-029,m6_4-trial-029,oracle_stable_two_margin005,0,0,0.8,0,0.4,1,1,0.4
track1_5ch,acquisitionCampaignGroup,track1_5ch|campaign|outer-02,M6_4_campaign,B1,m6_4-dataset-20260819T155147Z-386f95dd,B1::m6_4-trial-029,m6_4-trial-029,oracle_stable_two_baseline_margin,0,0,0.8,0,0.8,0,1,0.0
track1_5ch,acquisitionCampaignGroup,track1_5ch|campaign|outer-02,M6_4_campaign,B1,m6_4-dataset-20260819T155147Z-386f95dd,B1::m6_4-trial-029,m6_4-trial-029,oracle_multiview_band_harmonic,0,0,0.8,0,0.8,0,1,0.0
track1_5ch,acquisitionCampaignGroup,track1_5ch|campaign|outer-02,M6_4_campaign,B1,m6_4-dataset-20260819T155147Z-386f95dd,B1::m6_4-trial-030,m6_4-trial-030,oracle_unconstrained_correct_top,2,2,0.4,2,0.35,1,1,0.050000000000000044
track1_5ch,acquisitionCampaignGroup,track1_5ch|campaign|outer-02,M6_4_campaign,B1,m6_4-dataset-20260819T155147Z-386f95dd,B1::m6_4-trial-030,m6_4-trial-030,oracle_stable_two,2,2,0.4,2,0.4,0,1,0.0
track1_5ch,acquisitionCampaignGroup,track1_5ch|campaign|outer-02,M6_4_campaign,B1,m6_4-dataset-20260819T155147Z-386f95dd,B1::m6_4-trial-030,m6_4-trial-030,oracle_stable_two_margin005,2,2,0.4,2,0.4,0,1,0.0
track1_5ch,acquisitionCampaignGroup,track1_5ch|campaign|outer-02,M6_4_campaign,B1,m6_4-dataset-20260819T155147Z-386f95dd,B1::m6_4-trial-030,m6_4-trial-030,oracle_stable_two_baseline_margin,2,2,0.4,2,0.4,0,1,0.0
track1_5ch,acquisitionCampaignGroup,track1_5ch|campaign|outer-02,M6_4_campaign,B1,m6_4-dataset-20260819T155147Z-386f95dd,B1::m6_4-trial-030,m6_4-trial-030,oracle_multiview_band_harmonic,2,2,0.4,2,0.4,0,1,0.0
track1_5ch,acquisitionCampaignGroup,track1_5ch|campaign|outer-02,M6_4_campaign,B2,m6_4-dataset-20260819T161943Z-afaac607,B2::m6_4-trial-001,m6_4-trial-001,oracle_unconstrained_correct_top,2,2,0.25,2,0.2,1,1,0.04999999999999999
track1_5ch,acquisitionCampaignGroup,track1_5ch|campaign|outer-02,M6_4_campaign,B2,m6_4-dataset-20260819T161943Z-afaac607,B2::m6_4-trial-001,m6_4-trial-001,oracle_stable_two,2,2,0.25,2,0.25,0,1,0.0
track1_5ch,acquisitionCampaignGroup,track1_5ch|campaign|outer-02,M6_4_campaign,B2,m6_4-dataset-20260819T161943Z-afaac607,B2::m6_4-trial-001,m6_4-trial-001,oracle_stable_two_margin005,2,2,0.25,2,0.25,0,1,0.0
track1_5ch,acquisitionCampaignGroup,track1_5ch|campaign|outer-02,M6_4_campaign,B2,m6_4-dataset-20260819T161943Z-afaac607,B2::m6_4-trial-001,m6_4-trial-001,oracle_stable_two_baseline_margin,2,2,0.25,2,0.25,0,1,0.0
track1_5ch,acquisitionCampaignGroup,track1_5ch|campaign|outer-02,M6_4_campaign,B2,m6_4-dataset-20260819T161943Z-afaac607,B2::m6_4-trial-001,m6_4-trial-001,oracle_multiview_band_harmonic,2,2,0.25,2,0.25,0,1,0.0
track1_5ch,acquisitionCampaignGroup,track1_5ch|campaign|outer-02,M6_4_campaign,B2,m6_4-dataset-20260819T161943Z-afaac607,B2::m6_4-trial-002,m6_4-trial-002,oracle_unconstrained_correct_top,0,0,0.25,0,0.2,1,1,0.04999999999999999
track1_5ch,acquisitionCampaignGroup,track1_5ch|campaign|outer-02,M6_4_campaign,B2,m6_4-dataset-20260819T161943Z-afaac607,B2::m6_4-trial-002,m6_4-trial-002,oracle_stable_two,0,0,0.25,0,0.25,0,1,0.0
track1_5ch,acquisitionCampaignGroup,track1_5ch|campaign|outer-02,M6_4_campaign,B2,m6_4-dataset-20260819T161943Z-afaac607,B2::m6_4-trial-002,m6_4-trial-002,oracle_stable_two_margin005,0,0,0.25,0,0.25,0,1,0.0
track1_5ch,acquisitionCampaignGroup,track1_5ch|campaign|outer-02,M6_4_campaign,B2,m6_4-dataset-20260819T161943Z-afaac607,B2::m6_4-trial-002,m6_4-trial-002,oracle_stable_two_baseline_margin,0,0,0.25,0,0.25,0,1,0.0
track1_5ch,acquisitionCampaignGroup,track1_5ch|campaign|outer-02,M6_4_campaign,B2,m6_4-dataset-20260819T161943Z-afaac607,B2::m6_4-trial-002,m6_4-trial-002,oracle_multiview_band_harmonic,0,0,0.25,0,0.25,0,1,0.0
track1_5ch,acquisitionCampaignGroup,track1_5ch|campaign|outer-02,M6_4_campaign,B2,m6_4-dataset-20260819T161943Z-afaac607,B2::m6_4-trial-003,m6_4-trial-003,oracle_unconstrained_correct_top,1,1,0.3,1,0.2,1,1,0.09999999999999998
track1_5ch,acquisitionCampaignGroup,track1_5ch|campaign|outer-02,M6_4_campaign,B2,m6_4-dataset-20260819T161943Z-afaac607,B2::m6_4-trial-003,m6_4-trial-003,oracle_stable_two,1,1,0.3,1,0.25,1,1,0.04999999999999999
track1_5ch,acquisitionCampaignGroup,track1_5ch|campaign|outer-02,M6_4_campaign,B2,m6_4-dataset-20260819T161943Z-afaac607,B2::m6_4-trial-003,m6_4-trial-003,oracle_stable_two_margin005,1,1,0.3,1,0.25,1,1,0.04999999999999999
track1_5ch,acquisitionCampaignGroup,track1_5ch|campaign|outer-02,M6_4_campaign,B2,m6_4-dataset-20260819T161943Z-afaac607,B2::m6_4-trial-003,m6_4-trial-003,oracle_stable_two_baseline_margin,1,1,0.3,1,0.3,0,1,0.0
track1_5ch,acquisitionCampaignGroup,track1_5ch|campaign|outer-02,M6_4_campaign,B2,m6_4-dataset-20260819T161943Z-afaac607,B2::m6_4-trial-003,m6_4-trial-003,oracle_multiview_band_harmonic,1,1,0.3,1,0.25,1,1,0.04999999999999999
track1_5ch,acquisitionCampaignGroup,track1_5ch|campaign|outer-02,M6_4_campaign,B2,m6_4-dataset-20260819T161943Z-afaac607,B2::m6_4-trial-004,m6_4-trial-004,oracle_unconstrained_correct_top,2,2,0.25,2,0.2,1,1,0.04999999999999999
track1_5ch,acquisitionCampaignGroup,track1_5ch|campaign|outer-02,M6_4_campaign,B2,m6_4-dataset-20260819T161943Z-afaac607,B2::m6_4-trial-004,m6_4-trial-004,oracle_stable_two,2,2,0.25,2,0.25,0,1,0.0
track1_5ch,acquisitionCampaignGroup,track1_5ch|campaign|outer-02,M6_4_campaign,B2,m6_4-dataset-20260819T161943Z-afaac607,B2::m6_4-trial-004,m6_4-trial-004,oracle_stable_two_margin005,2,2,0.25,2,0.25,0,1,0.0
track1_5ch,acquisitionCampaignGroup,track1_5ch|campaign|outer-02,M6_4_campaign,B2,m6_4-dataset-20260819T161943Z-afaac607,B2::m6_4-trial-004,m6_4-trial-004,oracle_stable_two_baseline_margin,2,2,0.25,2,0.25,0,1,0.0
track1_5ch,acquisitionCampaignGroup,track1_5ch|campaign|outer-02,M6_4_campaign,B2,m6_4-dataset-20260819T161943Z-afaac607,B2::m6_4-trial-004,m6_4-trial-004,oracle_multiview_band_harmonic,2,2,0.25,2,0.25,0,1,0.0
track1_5ch,acquisitionCampaignGroup,track1_5ch|campaign|outer-02,M6_4_campaign,B2,m6_4-dataset-20260819T161943Z-afaac607,B2::m6_4-trial-005,m6_4-trial-005,oracle_unconstrained_correct_top,1,1,0.25,1,0.2,1,1,0.04999999999999999
track1_5ch,acquisitionCampaignGroup,track1_5ch|campaign|outer-02,M6_4_campaign,B2,m6_4-dataset-20260819T161943Z-afaac607,B2::m6_4-trial-005,m6_4-trial-005,oracle_stable_two,1,1,0.25,1,0.25,0,1,0.0
track1_5ch,acquisitionCampaignGroup,track1_5ch|campaign|outer-02,M6_4_campaign,B2,m6_4-dataset-20260819T161943Z-afaac607,B2::m6_4-trial-005,m6_4-trial-005,oracle_stable_two_margin005,1,1,0.25,1,0.25,0,1,0.0
track1_5ch,acquisitionCampaignGroup,track1_5ch|campaign|outer-02,M6_4_campaign,B2,m6_4-dataset-20260819T161943Z-afaac607,B2::m6_4-trial-005,m6_4-trial-005,oracle_stable_two_baseline_margin,1,1,0.25,1,0.25,0,1,0.0
track1_5ch,acquisitionCampaignGroup,track1_5ch|campaign|outer-02,M6_4_campaign,B2,m6_4-dataset-20260819T161943Z-afaac607,B2::m6_4-trial-005,m6_4-trial-005,oracle_multiview_band_harmonic,1,1,0.25,1,0.25,0,1,0.0
track1_5ch,acquisitionCampaignGroup,track1_5ch|campaign|outer-02,M6_4_campaign,B2,m6_4-dataset-20260819T161943Z-afaac607,B2::m6_4-trial-006,m6_4-trial-006,oracle_unconstrained_correct_top,0,0,0.5,0,0.3,1,1,0.2
track1_5ch,acquisitionCampaignGroup,track1_5ch|campaign|outer-02,M6_4_campaign,B2,m6_4-dataset-20260819T161943Z-afaac607,B2::m6_4-trial-006,m6_4-trial-006,oracle_stable_two,0,0,0.5,0,0.35,1,1,0.15000000000000002
track1_5ch,acquisitionCampaignGroup,track1_5ch|campaign|outer-02,M6_4_campaign,B2,m6_4-dataset-20260819T161943Z-afaac607,B2::m6_4-trial-006,m6_4-trial-006,oracle_stable_two_margin005,0,0,0.5,0,0.35,1,1,0.15000000000000002
track1_5ch,acquisitionCampaignGroup,track1_5ch|campaign|outer-02,M6_4_campaign,B2,m6_4-dataset-20260819T161943Z-afaac607,B2::m6_4-trial-006,m6_4-trial-006,oracle_stable_two_baseline_margin,0,0,0.5,0,0.5,0,1,0.0
track1_5ch,acquisitionCampaignGroup,track1_5ch|campaign|outer-02,M6_4_campaign,B2,m6_4-dataset-20260819T161943Z-afaac607,B2::m6_4-trial-006,m6_4-trial-006,oracle_multiview_band_harmonic,0,0,0.5,0,0.35,1,1,0.15000000000000002
track1_5ch,acquisitionCampaignGroup,track1_5ch|campaign|outer-02,M6_4_campaign,B2,m6_4-dataset-20260819T161943Z-afaac607,B2::m6_4-trial-007,m6_4-trial-007,oracle_unconstrained_correct_top,1,1,0.35,1,0.25,1,1,0.09999999999999998
track1_5ch,acquisitionCampaignGroup,track1_5ch|campaign|outer-02,M6_4_campaign,B2,m6_4-dataset-20260819T161943Z-afaac607,B2::m6_4-trial-007,m6_4-trial-007,oracle_stable_two,1,1,0.35,1,0.3,1,1,0.04999999999999999
track1_5ch,acquisitionCampaignGroup,track1_5ch|campaign|outer-02,M6_4_campaign,B2,m6_4-dataset-20260819T161943Z-afaac607,B2::m6_4-trial-007,m6_4-trial-007,oracle_stable_two_margin005,1,1,0.35,1,0.3,1,1,0.04999999999999999
track1_5ch,acquisitionCampaignGroup,track1_5ch|campaign|outer-02,M6_4_campaign,B2,m6_4-dataset-20260819T161943Z-afaac607,B2::m6_4-trial-007,m6_4-trial-007,oracle_stable_two_baseline_margin,1,1,0.35,1,0.35,0,1,0.0
track1_5ch,acquisitionCampaignGroup,track1_5ch|campaign|outer-02,M6_4_campaign,B2,m6_4-dataset-20260819T161943Z-afaac607,B2::m6_4-trial-007,m6_4-trial-007,oracle_multiview_band_harmonic,1,1,0.35,1,0.3,1,1,0.04999999999999999
track1_5ch,acquisitionCampaignGroup,track1_5ch|campaign|outer-02,M6_4_campaign,B2,m6_4-dataset-20260819T161943Z-afaac607,B2::m6_4-trial-008,m6_4-trial-008,oracle_unconstrained_correct_top,2,2,0.4,2,0.3,1,1,0.10000000000000003
track1_5ch,acquisitionCampaignGroup,track1_5ch|campaign|outer-02,M6_4_campaign,B2,m6_4-dataset-20260819T161943Z-afaac607,B2::m6_4-trial-008,m6_4-trial-008,oracle_stable_two,2,2,0.4,2,0.35,1,1,0.050000000000000044
track1_5ch,acquisitionCampaignGroup,track1_5ch|campaign|outer-02,M6_4_campaign,B2,m6_4-dataset-20260819T161943Z-afaac607,B2::m6_4-trial-008,m6_4-trial-008,oracle_stable_two_margin005,2,2,0.4,2,0.35,1,1,0.050000000000000044
track1_5ch,acquisitionCampaignGroup,track1_5ch|campaign|outer-02,M6_4_campaign,B2,m6_4-dataset-20260819T161943Z-afaac607,B2::m6_4-trial-008,m6_4-trial-008,oracle_stable_two_baseline_margin,2,2,0.4,2,0.4,0,1,0.0
track1_5ch,acquisitionCampaignGroup,track1_5ch|campaign|outer-02,M6_4_campaign,B2,m6_4-dataset-20260819T161943Z-afaac607,B2::m6_4-trial-008,m6_4-trial-008,oracle_multiview_band_harmonic,2,2,0.4,2,0.35,1,1,0.050000000000000044
track1_5ch,acquisitionCampaignGroup,track1_5ch|campaign|outer-02,M6_4_campaign,B2,m6_4-dataset-20260819T161943Z-afaac607,B2::m6_4-trial-009,m6_4-trial-009,oracle_unconstrained_correct_top,2,2,0.35,2,0.3,1,1,0.04999999999999999
track1_5ch,acquisitionCampaignGroup,track1_5ch|campaign|outer-02,M6_4_campaign,B2,m6_4-dataset-20260819T161943Z-afaac607,B2::m6_4-trial-009,m6_4-trial-009,oracle_stable_two,2,2,0.35,2,0.35,0,1,0.0
track1_5ch,acquisitionCampaignGroup,track1_5ch|campaign|outer-02,M6_4_campaign,B2,m6_4-dataset-20260819T161943Z-afaac607,B2::m6_4-trial-009,m6_4-trial-009,oracle_stable_two_margin005,2,2,0.35,2,0.35,0,1,0.0
track1_5ch,acquisitionCampaignGroup,track1_5ch|campaign|outer-02,M6_4_campaign,B2,m6_4-dataset-20260819T161943Z-afaac607,B2::m6_4-trial-009,m6_4-trial-009,oracle_stable_two_baseline_margin,2,2,0.35,2,0.35,0,1,0.0
track1_5ch,acquisitionCampaignGroup,track1_5ch|campaign|outer-02,M6_4_campaign,B2,m6_4-dataset-20260819T161943Z-afaac607,B2::m6_4-trial-009,m6_4-trial-009,oracle_multiview_band_harmonic,2,2,0.35,2,0.35,0,1,0.0
track1_5ch,acquisitionCampaignGroup,track1_5ch|campaign|outer-02,M6_4_campaign,B2,m6_4-dataset-20260819T161943Z-afaac607,B2::m6_4-trial-010,m6_4-trial-010,oracle_unconstrained_correct_top,1,1,0.5,1,0.2,1,1,0.3
track1_5ch,acquisitionCampaignGroup,track1_5ch|campaign|outer-02,M6_4_campaign,B2,m6_4-dataset-20260819T161943Z-afaac607,B2::m6_4-trial-010,m6_4-trial-010,oracle_stable_two,1,1,0.5,1,0.5,0,1,0.0
track1_5ch,acquisitionCampaignGroup,track1_5ch|campaign|outer-02,M6_4_campaign,B2,m6_4-dataset-20260819T161943Z-afaac607,B2::m6_4-trial-010,m6_4-trial-010,oracle_stable_two_margin005,1,1,0.5,1,0.5,0,1,0.0
track1_5ch,acquisitionCampaignGroup,track1_5ch|campaign|outer-02,M6_4_campaign,B2,m6_4-dataset-20260819T161943Z-afaac607,B2::m6_4-trial-010,m6_4-trial-010,oracle_stable_two_baseline_margin,1,1,0.5,1,0.5,0,1,0.0
track1_5ch,acquisitionCampaignGroup,track1_5ch|campaign|outer-02,M6_4_campaign,B2,m6_4-dataset-20260819T161943Z-afaac607,B2::m6_4-trial-010,m6_4-trial-010,oracle_multiview_band_harmonic,1,1,0.5,1,0.5,0,1,0.0
track1_5ch,acquisitionCampaignGroup,track1_5ch|campaign|outer-02,M6_4_campaign,B2,m6_4-dataset-20260819T161943Z-afaac607,B2::m6_4-trial-011,m6_4-trial-011,oracle_unconstrained_correct_top,0,2,0.35,0,0.2,1,1,0.14999999999999997
track1_5ch,acquisitionCampaignGroup,track1_5ch|campaign|outer-02,M6_4_campaign,B2,m6_4-dataset-20260819T161943Z-afaac607,B2::m6_4-trial-011,m6_4-trial-011,oracle_stable_two,0,2,0.35,2,0.35,0,0,0.0
track1_5ch,acquisitionCampaignGroup,track1_5ch|campaign|outer-02,M6_4_campaign,B2,m6_4-dataset-20260819T161943Z-afaac607,B2::m6_4-trial-011,m6_4-trial-011,oracle_stable_two_margin005,0,2,0.35,2,0.35,0,0,0.0
track1_5ch,acquisitionCampaignGroup,track1_5ch|campaign|outer-02,M6_4_campaign,B2,m6_4-dataset-20260819T161943Z-afaac607,B2::m6_4-trial-011,m6_4-trial-011,oracle_stable_two_baseline_margin,0,2,0.35,2,0.35,0,0,0.0
track1_5ch,acquisitionCampaignGroup,track1_5ch|campaign|outer-02,M6_4_campaign,B2,m6_4-dataset-20260819T161943Z-afaac607,B2::m6_4-trial-011,m6_4-trial-011,oracle_multiview_band_harmonic,0,2,0.35,2,0.35,0,0,0.0
track1_5ch,acquisitionCampaignGroup,track1_5ch|campaign|outer-02,M6_4_campaign,B2,m6_4-dataset-20260819T161943Z-afaac607,B2::m6_4-trial-012,m6_4-trial-012,oracle_unconstrained_correct_top,0,0,0.35,0,0.2,1,1,0.14999999999999997
track1_5ch,acquisitionCampaignGroup,track1_5ch|campaign|outer-02,M6_4_campaign,B2,m6_4-dataset-20260819T161943Z-afaac607,B2::m6_4-trial-012,m6_4-trial-012,oracle_stable_two,0,0,0.35,0,0.25,1,1,0.09999999999999998
track1_5ch,acquisitionCampaignGroup,track1_5ch|campaign|outer-02,M6_4_campaign,B2,m6_4-dataset-20260819T161943Z-afaac607,B2::m6_4-trial-012,m6_4-trial-012,oracle_stable_two_margin005,0,0,0.35,0,0.25,1,1,0.09999999999999998
track1_5ch,acquisitionCampaignGroup,track1_5ch|campaign|outer-02,M6_4_campaign,B2,m6_4-dataset-20260819T161943Z-afaac607,B2::m6_4-trial-012,m6_4-trial-012,oracle_stable_two_baseline_margin,0,0,0.35,0,0.35,0,1,0.0
track1_5ch,acquisitionCampaignGroup,track1_5ch|campaign|outer-02,M6_4_campaign,B2,m6_4-dataset-20260819T161943Z-afaac607,B2::m6_4-trial-012,m6_4-trial-012,oracle_multiview_band_harmonic,0,0,0.35,0,0.35,0,1,0.0
track1_5ch,acquisitionCampaignGroup,track1_5ch|campaign|outer-02,M6_4_campaign,B2,m6_4-dataset-20260819T161943Z-afaac607,B2::m6_4-trial-013,m6_4-trial-013,oracle_unconstrained_correct_top,1,1,0.35,1,0.25,1,1,0.09999999999999998
track1_5ch,acquisitionCampaignGroup,track1_5ch|campaign|outer-02,M6_4_campaign,B2,m6_4-dataset-20260819T161943Z-afaac607,B2::m6_4-trial-013,m6_4-trial-013,oracle_stable_two,1,1,0.35,1,0.3,1,1,0.04999999999999999
track1_5ch,acquisitionCampaignGroup,track1_5ch|campaign|outer-02,M6_4_campaign,B2,m6_4-dataset-20260819T161943Z-afaac607,B2::m6_4-trial-013,m6_4-trial-013,oracle_stable_two_margin005,1,1,0.35,1,0.3,1,1,0.04999999999999999
track1_5ch,acquisitionCampaignGroup,track1_5ch|campaign|outer-02,M6_4_campaign,B2,m6_4-dataset-20260819T161943Z-afaac607,B2::m6_4-trial-013,m6_4-trial-013,oracle_stable_two_baseline_margin,1,1,0.35,1,0.35,0,1,0.0
track1_5ch,acquisitionCampaignGroup,track1_5ch|campaign|outer-02,M6_4_campaign,B2,m6_4-dataset-20260819T161943Z-afaac607,B2::m6_4-trial-013,m6_4-trial-013,oracle_multiview_band_harmonic,1,1,0.35,1,0.35,0,1,0.0
track1_5ch,acquisitionCampaignGroup,track1_5ch|campaign|outer-02,M6_4_campaign,B2,m6_4-dataset-20260819T161943Z-afaac607,B2::m6_4-trial-014,m6_4-trial-014,oracle_unconstrained_correct_top,0,0,0.4,0,0.2,1,1,0.2
track1_5ch,acquisitionCampaignGroup,track1_5ch|campaign|outer-02,M6_4_campaign,B2,m6_4-dataset-20260819T161943Z-afaac607,B2::m6_4-trial-014,m6_4-trial-014,oracle_stable_two,0,0,0.4,0,0.25,1,1,0.15000000000000002
track1_5ch,acquisitionCampaignGroup,track1_5ch|campaign|outer-02,M6_4_campaign,B2,m6_4-dataset-20260819T161943Z-afaac607,B2::m6_4-trial-014,m6_4-trial-014,oracle_stable_two_margin005,0,0,0.4,0,0.25,1,1,0.15000000000000002
track1_5ch,acquisitionCampaignGroup,track1_5ch|campaign|outer-02,M6_4_campaign,B2,m6_4-dataset-20260819T161943Z-afaac607,B2::m6_4-trial-014,m6_4-trial-014,oracle_stable_two_baseline_margin,0,0,0.4,0,0.4,0,1,0.0
track1_5ch,acquisitionCampaignGroup,track1_5ch|campaign|outer-02,M6_4_campaign,B2,m6_4-dataset-20260819T161943Z-afaac607,B2::m6_4-trial-014,m6_4-trial-014,oracle_multiview_band_harmonic,0,0,0.4,0,0.25,1,1,0.15000000000000002
track1_5ch,acquisitionCampaignGroup,track1_5ch|campaign|outer-02,M6_4_campaign,B2,m6_4-dataset-20260819T161943Z-afaac607,B2::m6_4-trial-015,m6_4-trial-015,oracle_unconstrained_correct_top,1,1,0.3,1,0.2,1,1,0.09999999999999998
track1_5ch,acquisitionCampaignGroup,track1_5ch|campaign|outer-02,M6_4_campaign,B2,m6_4-dataset-20260819T161943Z-afaac607,B2::m6_4-trial-015,m6_4-trial-015,oracle_stable_two,1,1,0.3,1,0.25,1,1,0.04999999999999999
track1_5ch,acquisitionCampaignGroup,track1_5ch|campaign|outer-02,M6_4_campaign,B2,m6_4-dataset-20260819T161943Z-afaac607,B2::m6_4-trial-015,m6_4-trial-015,oracle_stable_two_margin005,1,1,0.3,1,0.25,1,1,0.04999999999999999
track1_5ch,acquisitionCampaignGroup,track1_5ch|campaign|outer-02,M6_4_campaign,B2,m6_4-dataset-20260819T161943Z-afaac607,B2::m6_4-trial-015,m6_4-trial-015,oracle_stable_two_baseline_margin,1,1,0.3,1,0.3,0,1,0.0
track1_5ch,acquisitionCampaignGroup,track1_5ch|campaign|outer-02,M6_4_campaign,B2,m6_4-dataset-20260819T161943Z-afaac607,B2::m6_4-trial-015,m6_4-trial-015,oracle_multiview_band_harmonic,1,1,0.3,1,0.25,1,1,0.04999999999999999
track1_5ch,acquisitionCampaignGroup,track1_5ch|campaign|outer-02,M6_4_campaign,B2,m6_4-dataset-20260819T161943Z-afaac607,B2::m6_4-trial-016,m6_4-trial-016,oracle_unconstrained_correct_top,0,0,0.3,0,0.2,1,1,0.09999999999999998
track1_5ch,acquisitionCampaignGroup,track1_5ch|campaign|outer-02,M6_4_campaign,B2,m6_4-dataset-20260819T161943Z-afaac607,B2::m6_4-trial-016,m6_4-trial-016,oracle_stable_two,0,0,0.3,0,0.25,1,1,0.04999999999999999
track1_5ch,acquisitionCampaignGroup,track1_5ch|campaign|outer-02,M6_4_campaign,B2,m6_4-dataset-20260819T161943Z-afaac607,B2::m6_4-trial-016,m6_4-trial-016,oracle_stable_two_margin005,0,0,0.3,0,0.25,1,1,0.04999999999999999
track1_5ch,acquisitionCampaignGroup,track1_5ch|campaign|outer-02,M6_4_campaign,B2,m6_4-dataset-20260819T161943Z-afaac607,B2::m6_4-trial-016,m6_4-trial-016,oracle_stable_two_baseline_margin,0,0,0.3,0,0.3,0,1,0.0
track1_5ch,acquisitionCampaignGroup,track1_5ch|campaign|outer-02,M6_4_campaign,B2,m6_4-dataset-20260819T161943Z-afaac607,B2::m6_4-trial-016,m6_4-trial-016,oracle_multiview_band_harmonic,0,0,0.3,0,0.3,0,1,0.0
track1_5ch,acquisitionCampaignGroup,track1_5ch|campaign|outer-02,M6_4_campaign,B2,m6_4-dataset-20260819T161943Z-afaac607,B2::m6_4-trial-017,m6_4-trial-017,oracle_unconstrained_correct_top,2,2,0.25,2,0.2,1,1,0.04999999999999999
track1_5ch,acquisitionCampaignGroup,track1_5ch|campaign|outer-02,M6_4_campaign,B2,m6_4-dataset-20260819T161943Z-afaac607,B2::m6_4-trial-017,m6_4-trial-017,oracle_stable_two,2,2,0.25,2,0.25,0,1,0.0
track1_5ch,acquisitionCampaignGroup,track1_5ch|campaign|outer-02,M6_4_campaign,B2,m6_4-dataset-20260819T161943Z-afaac607,B2::m6_4-trial-017,m6_4-trial-017,oracle_stable_two_margin005,2,2,0.25,2,0.25,0,1,0.0
track1_5ch,acquisitionCampaignGroup,track1_5ch|campaign|outer-02,M6_4_campaign,B2,m6_4-dataset-20260819T161943Z-afaac607,B2::m6_4-trial-017,m6_4-trial-017,oracle_stable_two_baseline_margin,2,2,0.25,2,0.25,0,1,0.0
track1_5ch,acquisitionCampaignGroup,track1_5ch|campaign|outer-02,M6_4_campaign,B2,m6_4-dataset-20260819T161943Z-afaac607,B2::m6_4-trial-017,m6_4-trial-017,oracle_multiview_band_harmonic,2,2,0.25,2,0.25,0,1,0.0
track1_5ch,acquisitionCampaignGroup,track1_5ch|campaign|outer-02,M6_4_campaign,B2,m6_4-dataset-20260819T161943Z-afaac607,B2::m6_4-trial-018,m6_4-trial-018,oracle_unconstrained_correct_top,1,1,0.5,1,0.2,1,1,0.3
track1_5ch,acquisitionCampaignGroup,track1_5ch|campaign|outer-02,M6_4_campaign,B2,m6_4-dataset-20260819T161943Z-afaac607,B2::m6_4-trial-018,m6_4-trial-018,oracle_stable_two,1,1,0.5,1,0.25,1,1,0.25
track1_5ch,acquisitionCampaignGroup,track1_5ch|campaign|outer-02,M6_4_campaign,B2,m6_4-dataset-20260819T161943Z-afaac607,B2::m6_4-trial-018,m6_4-trial-018,oracle_stable_two_margin005,1,1,0.5,1,0.25,1,1,0.25
track1_5ch,acquisitionCampaignGroup,track1_5ch|campaign|outer-02,M6_4_campaign,B2,m6_4-dataset-20260819T161943Z-afaac607,B2::m6_4-trial-018,m6_4-trial-018,oracle_stable_two_baseline_margin,1,1,0.5,1,0.5,0,1,0.0
track1_5ch,acquisitionCampaignGroup,track1_5ch|campaign|outer-02,M6_4_campaign,B2,m6_4-dataset-20260819T161943Z-afaac607,B2::m6_4-trial-018,m6_4-trial-018,oracle_multiview_band_harmonic,1,1,0.5,1,0.25,1,1,0.25
track1_5ch,acquisitionCampaignGroup,track1_5ch|campaign|outer-02,M6_4_campaign,B2,m6_4-dataset-20260819T161943Z-afaac607,B2::m6_4-trial-019,m6_4-trial-019,oracle_unconstrained_correct_top,1,2,1.0,1,0.35,1,1,0.65
track1_5ch,acquisitionCampaignGroup,track1_5ch|campaign|outer-02,M6_4_campaign,B2,m6_4-dataset-20260819T161943Z-afaac607,B2::m6_4-trial-019,m6_4-trial-019,oracle_stable_two,1,2,1.0,1,0.4,1,1,0.6
track1_5ch,acquisitionCampaignGroup,track1_5ch|campaign|outer-02,M6_4_campaign,B2,m6_4-dataset-20260819T161943Z-afaac607,B2::m6_4-trial-019,m6_4-trial-019,oracle_stable_two_margin005,1,2,1.0,1,0.5,1,1,0.5
track1_5ch,acquisitionCampaignGroup,track1_5ch|campaign|outer-02,M6_4_campaign,B2,m6_4-dataset-20260819T161943Z-afaac607,B2::m6_4-trial-019,m6_4-trial-019,oracle_stable_two_baseline_margin,1,2,1.0,2,1.0,0,0,0.0
track1_5ch,acquisitionCampaignGroup,track1_5ch|campaign|outer-02,M6_4_campaign,B2,m6_4-dataset-20260819T161943Z-afaac607,B2::m6_4-trial-019,m6_4-trial-019,oracle_multiview_band_harmonic,1,2,1.0,1,0.6,1,1,0.4
track1_5ch,acquisitionCampaignGroup,track1_5ch|campaign|outer-02,M6_4_campaign,B2,m6_4-dataset-20260819T161943Z-afaac607,B2::m6_4-trial-020,m6_4-trial-020,oracle_unconstrained_correct_top,2,2,0.3,2,0.2,1,1,0.09999999999999998
track1_5ch,acquisitionCampaignGroup,track1_5ch|campaign|outer-02,M6_4_campaign,B2,m6_4-dataset-20260819T161943Z-afaac607,B2::m6_4-trial-020,m6_4-trial-020,oracle_stable_two,2,2,0.3,2,0.25,1,1,0.04999999999999999
track1_5ch,acquisitionCampaignGroup,track1_5ch|campaign|outer-02,M6_4_campaign,B2,m6_4-dataset-20260819T161943Z-afaac607,B2::m6_4-trial-020,m6_4-trial-020,oracle_stable_two_margin005,2,2,0.3,2,0.25,1,1,0.04999999999999999
track1_5ch,acquisitionCampaignGroup,track1_5ch|campaign|outer-02,M6_4_campaign,B2,m6_4-dataset-20260819T161943Z-afaac607,B2::m6_4-trial-020,m6_4-trial-020,oracle_stable_two_baseline_margin,2,2,0.3,2,0.3,0,1,0.0
track1_5ch,acquisitionCampaignGroup,track1_5ch|campaign|outer-02,M6_4_campaign,B2,m6_4-dataset-20260819T161943Z-afaac607,B2::m6_4-trial-020,m6_4-trial-020,oracle_multiview_band_harmonic,2,2,0.3,2,0.25,1,1,0.04999999999999999
track1_5ch,acquisitionCampaignGroup,track1_5ch|campaign|outer-02,M6_4_campaign,B2,m6_4-dataset-20260819T161943Z-afaac607,B2::m6_4-trial-021,m6_4-trial-021,oracle_unconstrained_correct_top,0,2,0.4,0,0.2,1,1,0.2
track1_5ch,acquisitionCampaignGroup,track1_5ch|campaign|outer-02,M6_4_campaign,B2,m6_4-dataset-20260819T161943Z-afaac607,B2::m6_4-trial-021,m6_4-trial-021,oracle_stable_two,0,2,0.4,0,0.25,1,1,0.15000000000000002
track1_5ch,acquisitionCampaignGroup,track1_5ch|campaign|outer-02,M6_4_campaign,B2,m6_4-dataset-20260819T161943Z-afaac607,B2::m6_4-trial-021,m6_4-trial-021,oracle_stable_two_margin005,0,2,0.4,2,0.4,0,0,0.0
track1_5ch,acquisitionCampaignGroup,track1_5ch|campaign|outer-02,M6_4_campaign,B2,m6_4-dataset-20260819T161943Z-afaac607,B2::m6_4-trial-021,m6_4-trial-021,oracle_stable_two_baseline_margin,0,2,0.4,2,0.4,0,0,0.0
track1_5ch,acquisitionCampaignGroup,track1_5ch|campaign|outer-02,M6_4_campaign,B2,m6_4-dataset-20260819T161943Z-afaac607,B2::m6_4-trial-021,m6_4-trial-021,oracle_multiview_band_harmonic,0,2,0.4,2,0.4,0,0,0.0
track1_5ch,acquisitionCampaignGroup,track1_5ch|campaign|outer-02,M6_4_campaign,B2,m6_4-dataset-20260819T161943Z-afaac607,B2::m6_4-trial-022,m6_4-trial-022,oracle_unconstrained_correct_top,2,2,0.25,2,0.2,1,1,0.04999999999999999
track1_5ch,acquisitionCampaignGroup,track1_5ch|campaign|outer-02,M6_4_campaign,B2,m6_4-dataset-20260819T161943Z-afaac607,B2::m6_4-trial-022,m6_4-trial-022,oracle_stable_two,2,2,0.25,2,0.25,0,1,0.0
track1_5ch,acquisitionCampaignGroup,track1_5ch|campaign|outer-02,M6_4_campaign,B2,m6_4-dataset-20260819T161943Z-afaac607,B2::m6_4-trial-022,m6_4-trial-022,oracle_stable_two_margin005,2,2,0.25,2,0.25,0,1,0.0
track1_5ch,acquisitionCampaignGroup,track1_5ch|campaign|outer-02,M6_4_campaign,B2,m6_4-dataset-20260819T161943Z-afaac607,B2::m6_4-trial-022,m6_4-trial-022,oracle_stable_two_baseline_margin,2,2,0.25,2,0.25,0,1,0.0
track1_5ch,acquisitionCampaignGroup,track1_5ch|campaign|outer-02,M6_4_campaign,B2,m6_4-dataset-20260819T161943Z-afaac607,B2::m6_4-trial-022,m6_4-trial-022,oracle_multiview_band_harmonic,2,2,0.25,2,0.25,0,1,0.0
track1_5ch,acquisitionCampaignGroup,track1_5ch|campaign|outer-02,M6_4_campaign,B2,m6_4-dataset-20260819T161943Z-afaac607,B2::m6_4-trial-024,m6_4-trial-024,oracle_unconstrained_correct_top,0,0,0.5,0,0.2,1,1,0.3
track1_5ch,acquisitionCampaignGroup,track1_5ch|campaign|outer-02,M6_4_campaign,B2,m6_4-dataset-20260819T161943Z-afaac607,B2::m6_4-trial-024,m6_4-trial-024,oracle_stable_two,0,0,0.5,0,0.25,1,1,0.25
track1_5ch,acquisitionCampaignGroup,track1_5ch|campaign|outer-02,M6_4_campaign,B2,m6_4-dataset-20260819T161943Z-afaac607,B2::m6_4-trial-024,m6_4-trial-024,oracle_stable_two_margin005,0,0,0.5,0,0.3,1,1,0.2
track1_5ch,acquisitionCampaignGroup,track1_5ch|campaign|outer-02,M6_4_campaign,B2,m6_4-dataset-20260819T161943Z-afaac607,B2::m6_4-trial-024,m6_4-trial-024,oracle_stable_two_baseline_margin,0,0,0.5,0,0.5,0,1,0.0
track1_5ch,acquisitionCampaignGroup,track1_5ch|campaign|outer-02,M6_4_campaign,B2,m6_4-dataset-20260819T161943Z-afaac607,B2::m6_4-trial-024,m6_4-trial-024,oracle_multiview_band_harmonic,0,0,0.5,0,0.3,1,1,0.2
track1_5ch,acquisitionCampaignGroup,track1_5ch|campaign|outer-02,M6_4_campaign,B2,m6_4-dataset-20260819T161943Z-afaac607,B2::m6_4-trial-025,m6_4-trial-025,oracle_unconstrained_correct_top,1,1,0.3,1,0.2,1,1,0.09999999999999998
track1_5ch,acquisitionCampaignGroup,track1_5ch|campaign|outer-02,M6_4_campaign,B2,m6_4-dataset-20260819T161943Z-afaac607,B2::m6_4-trial-025,m6_4-trial-025,oracle_stable_two,1,1,0.3,1,0.25,1,1,0.04999999999999999
track1_5ch,acquisitionCampaignGroup,track1_5ch|campaign|outer-02,M6_4_campaign,B2,m6_4-dataset-20260819T161943Z-afaac607,B2::m6_4-trial-025,m6_4-trial-025,oracle_stable_two_margin005,1,1,0.3,1,0.25,1,1,0.04999999999999999
track1_5ch,acquisitionCampaignGroup,track1_5ch|campaign|outer-02,M6_4_campaign,B2,m6_4-dataset-20260819T161943Z-afaac607,B2::m6_4-trial-025,m6_4-trial-025,oracle_stable_two_baseline_margin,1,1,0.3,1,0.3,0,1,0.0
track1_5ch,acquisitionCampaignGroup,track1_5ch|campaign|outer-02,M6_4_campaign,B2,m6_4-dataset-20260819T161943Z-afaac607,B2::m6_4-trial-025,m6_4-trial-025,oracle_multiview_band_harmonic,1,1,0.3,1,0.25,1,1,0.04999999999999999
track1_5ch,acquisitionCampaignGroup,track1_5ch|campaign|outer-02,M6_4_campaign,B2,m6_4-dataset-20260819T161943Z-afaac607,B2::m6_4-trial-026,m6_4-trial-026,oracle_unconstrained_correct_top,2,2,0.3,2,0.2,1,1,0.09999999999999998
track1_5ch,acquisitionCampaignGroup,track1_5ch|campaign|outer-02,M6_4_campaign,B2,m6_4-dataset-20260819T161943Z-afaac607,B2::m6_4-trial-026,m6_4-trial-026,oracle_stable_two,2,2,0.3,2,0.25,1,1,0.04999999999999999
track1_5ch,acquisitionCampaignGroup,track1_5ch|campaign|outer-02,M6_4_campaign,B2,m6_4-dataset-20260819T161943Z-afaac607,B2::m6_4-trial-026,m6_4-trial-026,oracle_stable_two_margin005,2,2,0.3,2,0.25,1,1,0.04999999999999999
track1_5ch,acquisitionCampaignGroup,track1_5ch|campaign|outer-02,M6_4_campaign,B2,m6_4-dataset-20260819T161943Z-afaac607,B2::m6_4-trial-026,m6_4-trial-026,oracle_stable_two_baseline_margin,2,2,0.3,2,0.3,0,1,0.0
track1_5ch,acquisitionCampaignGroup,track1_5ch|campaign|outer-02,M6_4_campaign,B2,m6_4-dataset-20260819T161943Z-afaac607,B2::m6_4-trial-026,m6_4-trial-026,oracle_multiview_band_harmonic,2,2,0.3,2,0.25,1,1,0.04999999999999999
track1_5ch,acquisitionCampaignGroup,track1_5ch|campaign|outer-02,M6_4_campaign,B2,m6_4-dataset-20260819T161943Z-afaac607,B2::m6_4-trial-027,m6_4-trial-027,oracle_unconstrained_correct_top,0,0,1.0,0,0.3,1,1,0.7
track1_5ch,acquisitionCampaignGroup,track1_5ch|campaign|outer-02,M6_4_campaign,B2,m6_4-dataset-20260819T161943Z-afaac607,B2::m6_4-trial-027,m6_4-trial-027,oracle_stable_two,0,0,1.0,0,0.35,1,1,0.65
track1_5ch,acquisitionCampaignGroup,track1_5ch|campaign|outer-02,M6_4_campaign,B2,m6_4-dataset-20260819T161943Z-afaac607,B2::m6_4-trial-027,m6_4-trial-027,oracle_stable_two_margin005,0,0,1.0,0,0.8,1,1,0.19999999999999996
track1_5ch,acquisitionCampaignGroup,track1_5ch|campaign|outer-02,M6_4_campaign,B2,m6_4-dataset-20260819T161943Z-afaac607,B2::m6_4-trial-027,m6_4-trial-027,oracle_stable_two_baseline_margin,0,0,1.0,0,1.0,0,1,0.0
track1_5ch,acquisitionCampaignGroup,track1_5ch|campaign|outer-02,M6_4_campaign,B2,m6_4-dataset-20260819T161943Z-afaac607,B2::m6_4-trial-027,m6_4-trial-027,oracle_multiview_band_harmonic,0,0,1.0,0,1.0,0,1,0.0
track1_5ch,acquisitionCampaignGroup,track1_5ch|campaign|outer-02,M6_4_campaign,B2,m6_4-dataset-20260819T161943Z-afaac607,B2::m6_4-trial-028,m6_4-trial-028,oracle_unconstrained_correct_top,1,1,0.3,1,0.2,1,1,0.09999999999999998
track1_5ch,acquisitionCampaignGroup,track1_5ch|campaign|outer-02,M6_4_campaign,B2,m6_4-dataset-20260819T161943Z-afaac607,B2::m6_4-trial-028,m6_4-trial-028,oracle_stable_two,1,1,0.3,1,0.25,1,1,0.04999999999999999
track1_5ch,acquisitionCampaignGroup,track1_5ch|campaign|outer-02,M6_4_campaign,B2,m6_4-dataset-20260819T161943Z-afaac607,B2::m6_4-trial-028,m6_4-trial-028,oracle_stable_two_margin005,1,1,0.3,1,0.25,1,1,0.04999999999999999
track1_5ch,acquisitionCampaignGroup,track1_5ch|campaign|outer-02,M6_4_campaign,B2,m6_4-dataset-20260819T161943Z-afaac607,B2::m6_4-trial-028,m6_4-trial-028,oracle_stable_two_baseline_margin,1,1,0.3,1,0.3,0,1,0.0
track1_5ch,acquisitionCampaignGroup,track1_5ch|campaign|outer-02,M6_4_campaign,B2,m6_4-dataset-20260819T161943Z-afaac607,B2::m6_4-trial-028,m6_4-trial-028,oracle_multiview_band_harmonic,1,1,0.3,1,0.3,0,1,0.0
track1_5ch,acquisitionCampaignGroup,track1_5ch|campaign|outer-02,M6_4_campaign,B2,m6_4-dataset-20260819T161943Z-afaac607,B2::m6_4-trial-029,m6_4-trial-029,oracle_unconstrained_correct_top,0,0,1.0,0,0.2,1,1,0.8
track1_5ch,acquisitionCampaignGroup,track1_5ch|campaign|outer-02,M6_4_campaign,B2,m6_4-dataset-20260819T161943Z-afaac607,B2::m6_4-trial-029,m6_4-trial-029,oracle_stable_two,0,0,1.0,0,0.25,1,1,0.75
track1_5ch,acquisitionCampaignGroup,track1_5ch|campaign|outer-02,M6_4_campaign,B2,m6_4-dataset-20260819T161943Z-afaac607,B2::m6_4-trial-029,m6_4-trial-029,oracle_stable_two_margin005,0,0,1.0,0,0.25,1,1,0.75
track1_5ch,acquisitionCampaignGroup,track1_5ch|campaign|outer-02,M6_4_campaign,B2,m6_4-dataset-20260819T161943Z-afaac607,B2::m6_4-trial-029,m6_4-trial-029,oracle_stable_two_baseline_margin,0,0,1.0,0,1.0,0,1,0.0
track1_5ch,acquisitionCampaignGroup,track1_5ch|campaign|outer-02,M6_4_campaign,B2,m6_4-dataset-20260819T161943Z-afaac607,B2::m6_4-trial-029,m6_4-trial-029,oracle_multiview_band_harmonic,0,0,1.0,0,0.25,1,1,0.75
track1_5ch,acquisitionCampaignGroup,track1_5ch|campaign|outer-02,M6_4_campaign,B2,m6_4-dataset-20260819T161943Z-afaac607,B2::m6_4-trial-030,m6_4-trial-030,oracle_unconstrained_correct_top,2,2,0.4,2,0.2,1,1,0.2
track1_5ch,acquisitionCampaignGroup,track1_5ch|campaign|outer-02,M6_4_campaign,B2,m6_4-dataset-20260819T161943Z-afaac607,B2::m6_4-trial-030,m6_4-trial-030,oracle_stable_two,2,2,0.4,2,0.25,1,1,0.15000000000000002
track1_5ch,acquisitionCampaignGroup,track1_5ch|campaign|outer-02,M6_4_campaign,B2,m6_4-dataset-20260819T161943Z-afaac607,B2::m6_4-trial-030,m6_4-trial-030,oracle_stable_two_margin005,2,2,0.4,2,0.25,1,1,0.15000000000000002
track1_5ch,acquisitionCampaignGroup,track1_5ch|campaign|outer-02,M6_4_campaign,B2,m6_4-dataset-20260819T161943Z-afaac607,B2::m6_4-trial-030,m6_4-trial-030,oracle_stable_two_baseline_margin,2,2,0.4,2,0.4,0,1,0.0
track1_5ch,acquisitionCampaignGroup,track1_5ch|campaign|outer-02,M6_4_campaign,B2,m6_4-dataset-20260819T161943Z-afaac607,B2::m6_4-trial-030,m6_4-trial-030,oracle_multiview_band_harmonic,2,2,0.4,2,0.25,1,1,0.15000000000000002
track1_5ch,recordingSessionGroup,track1_5ch|session|outer-01,m6_1b-dataset-20260819T090215Z-d70eaa0d,A,m6_1b-dataset-20260819T090215Z-d70eaa0d,A::m6_1b-trial-001,m6_1b-trial-001,oracle_unconstrained_correct_top,2,2,0.25,2,0.2,1,1,0.04999999999999999
track1_5ch,recordingSessionGroup,track1_5ch|session|outer-01,m6_1b-dataset-20260819T090215Z-d70eaa0d,A,m6_1b-dataset-20260819T090215Z-d70eaa0d,A::m6_1b-trial-001,m6_1b-trial-001,oracle_stable_two,2,2,0.25,2,0.25,0,1,0.0
track1_5ch,recordingSessionGroup,track1_5ch|session|outer-01,m6_1b-dataset-20260819T090215Z-d70eaa0d,A,m6_1b-dataset-20260819T090215Z-d70eaa0d,A::m6_1b-trial-001,m6_1b-trial-001,oracle_stable_two_margin005,2,2,0.25,2,0.25,0,1,0.0
track1_5ch,recordingSessionGroup,track1_5ch|session|outer-01,m6_1b-dataset-20260819T090215Z-d70eaa0d,A,m6_1b-dataset-20260819T090215Z-d70eaa0d,A::m6_1b-trial-001,m6_1b-trial-001,oracle_stable_two_baseline_margin,2,2,0.25,2,0.25,0,1,0.0
track1_5ch,recordingSessionGroup,track1_5ch|session|outer-01,m6_1b-dataset-20260819T090215Z-d70eaa0d,A,m6_1b-dataset-20260819T090215Z-d70eaa0d,A::m6_1b-trial-001,m6_1b-trial-001,oracle_multiview_band_harmonic,2,2,0.25,2,0.25,0,1,0.0
track1_5ch,recordingSessionGroup,track1_5ch|session|outer-01,m6_1b-dataset-20260819T090215Z-d70eaa0d,A,m6_1b-dataset-20260819T090215Z-d70eaa0d,A::m6_1b-trial-002,m6_1b-trial-002,oracle_unconstrained_correct_top,1,1,0.35,1,0.25,1,1,0.09999999999999998
track1_5ch,recordingSessionGroup,track1_5ch|session|outer-01,m6_1b-dataset-20260819T090215Z-d70eaa0d,A,m6_1b-dataset-20260819T090215Z-d70eaa0d,A::m6_1b-trial-002,m6_1b-trial-002,oracle_stable_two,1,1,0.35,1,0.3,1,1,0.04999999999999999
track1_5ch,recordingSessionGroup,track1_5ch|session|outer-01,m6_1b-dataset-20260819T090215Z-d70eaa0d,A,m6_1b-dataset-20260819T090215Z-d70eaa0d,A::m6_1b-trial-002,m6_1b-trial-002,oracle_stable_two_margin005,1,1,0.35,1,0.3,1,1,0.04999999999999999
track1_5ch,recordingSessionGroup,track1_5ch|session|outer-01,m6_1b-dataset-20260819T090215Z-d70eaa0d,A,m6_1b-dataset-20260819T090215Z-d70eaa0d,A::m6_1b-trial-002,m6_1b-trial-002,oracle_stable_two_baseline_margin,1,1,0.35,1,0.35,0,1,0.0
track1_5ch,recordingSessionGroup,track1_5ch|session|outer-01,m6_1b-dataset-20260819T090215Z-d70eaa0d,A,m6_1b-dataset-20260819T090215Z-d70eaa0d,A::m6_1b-trial-002,m6_1b-trial-002,oracle_multiview_band_harmonic,1,1,0.35,1,0.3,1,1,0.04999999999999999
track1_5ch,recordingSessionGroup,track1_5ch|session|outer-01,m6_1b-dataset-20260819T090215Z-d70eaa0d,A,m6_1b-dataset-20260819T090215Z-d70eaa0d,A::m6_1b-trial-003,m6_1b-trial-003,oracle_unconstrained_correct_top,2,2,1.0,2,0.2,1,1,0.8
track1_5ch,recordingSessionGroup,track1_5ch|session|outer-01,m6_1b-dataset-20260819T090215Z-d70eaa0d,A,m6_1b-dataset-20260819T090215Z-d70eaa0d,A::m6_1b-trial-003,m6_1b-trial-003,oracle_stable_two,2,2,1.0,2,0.25,1,1,0.75
track1_5ch,recordingSessionGroup,track1_5ch|session|outer-01,m6_1b-dataset-20260819T090215Z-d70eaa0d,A,m6_1b-dataset-20260819T090215Z-d70eaa0d,A::m6_1b-trial-003,m6_1b-trial-003,oracle_stable_two_margin005,2,2,1.0,2,0.25,1,1,0.75
track1_5ch,recordingSessionGroup,track1_5ch|session|outer-01,m6_1b-dataset-20260819T090215Z-d70eaa0d,A,m6_1b-dataset-20260819T090215Z-d70eaa0d,A::m6_1b-trial-003,m6_1b-trial-003,oracle_stable_two_baseline_margin,2,2,1.0,2,1.0,0,1,0.0
track1_5ch,recordingSessionGroup,track1_5ch|session|outer-01,m6_1b-dataset-20260819T090215Z-d70eaa0d,A,m6_1b-dataset-20260819T090215Z-d70eaa0d,A::m6_1b-trial-003,m6_1b-trial-003,oracle_multiview_band_harmonic,2,2,1.0,2,0.25,1,1,0.75
track1_5ch,recordingSessionGroup,track1_5ch|session|outer-01,m6_1b-dataset-20260819T090215Z-d70eaa0d,A,m6_1b-dataset-20260819T090215Z-d70eaa0d,A::m6_1b-trial-004,m6_1b-trial-004,oracle_unconstrained_correct_top,0,0,0.4,0,0.25,1,1,0.15000000000000002
track1_5ch,recordingSessionGroup,track1_5ch|session|outer-01,m6_1b-dataset-20260819T090215Z-d70eaa0d,A,m6_1b-dataset-20260819T090215Z-d70eaa0d,A::m6_1b-trial-004,m6_1b-trial-004,oracle_stable_two,0,0,0.4,0,0.3,1,1,0.10000000000000003
track1_5ch,recordingSessionGroup,track1_5ch|session|outer-01,m6_1b-dataset-20260819T090215Z-d70eaa0d,A,m6_1b-dataset-20260819T090215Z-d70eaa0d,A::m6_1b-trial-004,m6_1b-trial-004,oracle_stable_two_margin005,0,0,0.4,0,0.3,1,1,0.10000000000000003
track1_5ch,recordingSessionGroup,track1_5ch|session|outer-01,m6_1b-dataset-20260819T090215Z-d70eaa0d,A,m6_1b-dataset-20260819T090215Z-d70eaa0d,A::m6_1b-trial-004,m6_1b-trial-004,oracle_stable_two_baseline_margin,0,0,0.4,0,0.4,0,1,0.0
track1_5ch,recordingSessionGroup,track1_5ch|session|outer-01,m6_1b-dataset-20260819T090215Z-d70eaa0d,A,m6_1b-dataset-20260819T090215Z-d70eaa0d,A::m6_1b-trial-004,m6_1b-trial-004,oracle_multiview_band_harmonic,0,0,0.4,0,0.3,1,1,0.10000000000000003
track1_5ch,recordingSessionGroup,track1_5ch|session|outer-01,m6_1b-dataset-20260819T090215Z-d70eaa0d,A,m6_1b-dataset-20260819T090215Z-d70eaa0d,A::m6_1b-trial-005,m6_1b-trial-005,oracle_unconstrained_correct_top,1,1,0.8,1,0.2,1,1,0.6000000000000001
track1_5ch,recordingSessionGroup,track1_5ch|session|outer-01,m6_1b-dataset-20260819T090215Z-d70eaa0d,A,m6_1b-dataset-20260819T090215Z-d70eaa0d,A::m6_1b-trial-005,m6_1b-trial-005,oracle_stable_two,1,1,0.8,1,0.25,1,1,0.55
track1_5ch,recordingSessionGroup,track1_5ch|session|outer-01,m6_1b-dataset-20260819T090215Z-d70eaa0d,A,m6_1b-dataset-20260819T090215Z-d70eaa0d,A::m6_1b-trial-005,m6_1b-trial-005,oracle_stable_two_margin005,1,1,0.8,1,0.25,1,1,0.55
track1_5ch,recordingSessionGroup,track1_5ch|session|outer-01,m6_1b-dataset-20260819T090215Z-d70eaa0d,A,m6_1b-dataset-20260819T090215Z-d70eaa0d,A::m6_1b-trial-005,m6_1b-trial-005,oracle_stable_two_baseline_margin,1,1,0.8,1,0.8,0,1,0.0
track1_5ch,recordingSessionGroup,track1_5ch|session|outer-01,m6_1b-dataset-20260819T090215Z-d70eaa0d,A,m6_1b-dataset-20260819T090215Z-d70eaa0d,A::m6_1b-trial-005,m6_1b-trial-005,oracle_multiview_band_harmonic,1,1,0.8,1,0.25,1,1,0.55
track1_5ch,recordingSessionGroup,track1_5ch|session|outer-01,m6_1b-dataset-20260819T090215Z-d70eaa0d,A,m6_1b-dataset-20260819T090215Z-d70eaa0d,A::m6_1b-trial-006,m6_1b-trial-006,oracle_unconstrained_correct_top,2,2,1.0,2,0.2,1,1,0.8
track1_5ch,recordingSessionGroup,track1_5ch|session|outer-01,m6_1b-dataset-20260819T090215Z-d70eaa0d,A,m6_1b-dataset-20260819T090215Z-d70eaa0d,A::m6_1b-trial-006,m6_1b-trial-006,oracle_stable_two,2,2,1.0,2,0.25,1,1,0.75
track1_5ch,recordingSessionGroup,track1_5ch|session|outer-01,m6_1b-dataset-20260819T090215Z-d70eaa0d,A,m6_1b-dataset-20260819T090215Z-d70eaa0d,A::m6_1b-trial-006,m6_1b-trial-006,oracle_stable_two_margin005,2,2,1.0,2,0.25,1,1,0.75
track1_5ch,recordingSessionGroup,track1_5ch|session|outer-01,m6_1b-dataset-20260819T090215Z-d70eaa0d,A,m6_1b-dataset-20260819T090215Z-d70eaa0d,A::m6_1b-trial-006,m6_1b-trial-006,oracle_stable_two_baseline_margin,2,2,1.0,2,1.0,0,1,0.0
track1_5ch,recordingSessionGroup,track1_5ch|session|outer-01,m6_1b-dataset-20260819T090215Z-d70eaa0d,A,m6_1b-dataset-20260819T090215Z-d70eaa0d,A::m6_1b-trial-006,m6_1b-trial-006,oracle_multiview_band_harmonic,2,2,1.0,2,0.8,1,1,0.19999999999999996
track1_5ch,recordingSessionGroup,track1_5ch|session|outer-01,m6_1b-dataset-20260819T090215Z-d70eaa0d,A,m6_1b-dataset-20260819T090215Z-d70eaa0d,A::m6_1b-trial-007,m6_1b-trial-007,oracle_unconstrained_correct_top,1,1,0.8,1,0.2,1,1,0.6000000000000001
track1_5ch,recordingSessionGroup,track1_5ch|session|outer-01,m6_1b-dataset-20260819T090215Z-d70eaa0d,A,m6_1b-dataset-20260819T090215Z-d70eaa0d,A::m6_1b-trial-007,m6_1b-trial-007,oracle_stable_two,1,1,0.8,1,0.25,1,1,0.55
track1_5ch,recordingSessionGroup,track1_5ch|session|outer-01,m6_1b-dataset-20260819T090215Z-d70eaa0d,A,m6_1b-dataset-20260819T090215Z-d70eaa0d,A::m6_1b-trial-007,m6_1b-trial-007,oracle_stable_two_margin005,1,1,0.8,1,0.25,1,1,0.55
track1_5ch,recordingSessionGroup,track1_5ch|session|outer-01,m6_1b-dataset-20260819T090215Z-d70eaa0d,A,m6_1b-dataset-20260819T090215Z-d70eaa0d,A::m6_1b-trial-007,m6_1b-trial-007,oracle_stable_two_baseline_margin,1,1,0.8,1,0.8,0,1,0.0
track1_5ch,recordingSessionGroup,track1_5ch|session|outer-01,m6_1b-dataset-20260819T090215Z-d70eaa0d,A,m6_1b-dataset-20260819T090215Z-d70eaa0d,A::m6_1b-trial-007,m6_1b-trial-007,oracle_multiview_band_harmonic,1,1,0.8,1,0.25,1,1,0.55
track1_5ch,recordingSessionGroup,track1_5ch|session|outer-01,m6_1b-dataset-20260819T090215Z-d70eaa0d,A,m6_1b-dataset-20260819T090215Z-d70eaa0d,A::m6_1b-trial-008,m6_1b-trial-008,oracle_unconstrained_correct_top,2,2,1.0,2,0.5,1,1,0.5
track1_5ch,recordingSessionGroup,track1_5ch|session|outer-01,m6_1b-dataset-20260819T090215Z-d70eaa0d,A,m6_1b-dataset-20260819T090215Z-d70eaa0d,A::m6_1b-trial-008,m6_1b-trial-008,oracle_stable_two,2,2,1.0,2,0.6,1,1,0.4
track1_5ch,recordingSessionGroup,track1_5ch|session|outer-01,m6_1b-dataset-20260819T090215Z-d70eaa0d,A,m6_1b-dataset-20260819T090215Z-d70eaa0d,A::m6_1b-trial-008,m6_1b-trial-008,oracle_stable_two_margin005,2,2,1.0,2,0.8,1,1,0.19999999999999996
track1_5ch,recordingSessionGroup,track1_5ch|session|outer-01,m6_1b-dataset-20260819T090215Z-d70eaa0d,A,m6_1b-dataset-20260819T090215Z-d70eaa0d,A::m6_1b-trial-008,m6_1b-trial-008,oracle_stable_two_baseline_margin,2,2,1.0,2,1.0,0,1,0.0
track1_5ch,recordingSessionGroup,track1_5ch|session|outer-01,m6_1b-dataset-20260819T090215Z-d70eaa0d,A,m6_1b-dataset-20260819T090215Z-d70eaa0d,A::m6_1b-trial-008,m6_1b-trial-008,oracle_multiview_band_harmonic,2,2,1.0,2,0.8,1,1,0.19999999999999996
track1_5ch,recordingSessionGroup,track1_5ch|session|outer-01,m6_1b-dataset-20260819T090215Z-d70eaa0d,A,m6_1b-dataset-20260819T090215Z-d70eaa0d,A::m6_1b-trial-009,m6_1b-trial-009,oracle_unconstrained_correct_top,0,0,0.3,0,0.2,1,1,0.09999999999999998
track1_5ch,recordingSessionGroup,track1_5ch|session|outer-01,m6_1b-dataset-20260819T090215Z-d70eaa0d,A,m6_1b-dataset-20260819T090215Z-d70eaa0d,A::m6_1b-trial-009,m6_1b-trial-009,oracle_stable_two,0,0,0.3,0,0.25,1,1,0.04999999999999999
track1_5ch,recordingSessionGroup,track1_5ch|session|outer-01,m6_1b-dataset-20260819T090215Z-d70eaa0d,A,m6_1b-dataset-20260819T090215Z-d70eaa0d,A::m6_1b-trial-009,m6_1b-trial-009,oracle_stable_two_margin005,0,0,0.3,0,0.25,1,1,0.04999999999999999
track1_5ch,recordingSessionGroup,track1_5ch|session|outer-01,m6_1b-dataset-20260819T090215Z-d70eaa0d,A,m6_1b-dataset-20260819T090215Z-d70eaa0d,A::m6_1b-trial-009,m6_1b-trial-009,oracle_stable_two_baseline_margin,0,0,0.3,0,0.3,0,1,0.0
track1_5ch,recordingSessionGroup,track1_5ch|session|outer-01,m6_1b-dataset-20260819T090215Z-d70eaa0d,A,m6_1b-dataset-20260819T090215Z-d70eaa0d,A::m6_1b-trial-009,m6_1b-trial-009,oracle_multiview_band_harmonic,0,0,0.3,0,0.3,0,1,0.0
track1_5ch,recordingSessionGroup,track1_5ch|session|outer-01,m6_1b-dataset-20260819T090215Z-d70eaa0d,A,m6_1b-dataset-20260819T090215Z-d70eaa0d,A::m6_1b-trial-010,m6_1b-trial-010,oracle_unconstrained_correct_top,2,2,0.8,2,0.3,1,1,0.5
track1_5ch,recordingSessionGroup,track1_5ch|session|outer-01,m6_1b-dataset-20260819T090215Z-d70eaa0d,A,m6_1b-dataset-20260819T090215Z-d70eaa0d,A::m6_1b-trial-010,m6_1b-trial-010,oracle_stable_two,2,2,0.8,2,0.35,1,1,0.45000000000000007
track1_5ch,recordingSessionGroup,track1_5ch|session|outer-01,m6_1b-dataset-20260819T090215Z-d70eaa0d,A,m6_1b-dataset-20260819T090215Z-d70eaa0d,A::m6_1b-trial-010,m6_1b-trial-010,oracle_stable_two_margin005,2,2,0.8,2,0.35,1,1,0.45000000000000007
track1_5ch,recordingSessionGroup,track1_5ch|session|outer-01,m6_1b-dataset-20260819T090215Z-d70eaa0d,A,m6_1b-dataset-20260819T090215Z-d70eaa0d,A::m6_1b-trial-010,m6_1b-trial-010,oracle_stable_two_baseline_margin,2,2,0.8,2,0.8,0,1,0.0
track1_5ch,recordingSessionGroup,track1_5ch|session|outer-01,m6_1b-dataset-20260819T090215Z-d70eaa0d,A,m6_1b-dataset-20260819T090215Z-d70eaa0d,A::m6_1b-trial-010,m6_1b-trial-010,oracle_multiview_band_harmonic,2,2,0.8,2,0.35,1,1,0.45000000000000007
track1_5ch,recordingSessionGroup,track1_5ch|session|outer-01,m6_1b-dataset-20260819T090215Z-d70eaa0d,A,m6_1b-dataset-20260819T090215Z-d70eaa0d,A::m6_1b-trial-011,m6_1b-trial-011,oracle_unconstrained_correct_top,1,0,0.4,0,0.4,0,0,0.0
track1_5ch,recordingSessionGroup,track1_5ch|session|outer-01,m6_1b-dataset-20260819T090215Z-d70eaa0d,A,m6_1b-dataset-20260819T090215Z-d70eaa0d,A::m6_1b-trial-011,m6_1b-trial-011,oracle_stable_two,1,0,0.4,0,0.4,0,0,0.0
track1_5ch,recordingSessionGroup,track1_5ch|session|outer-01,m6_1b-dataset-20260819T090215Z-d70eaa0d,A,m6_1b-dataset-20260819T090215Z-d70eaa0d,A::m6_1b-trial-011,m6_1b-trial-011,oracle_stable_two_margin005,1,0,0.4,0,0.4,0,0,0.0
track1_5ch,recordingSessionGroup,track1_5ch|session|outer-01,m6_1b-dataset-20260819T090215Z-d70eaa0d,A,m6_1b-dataset-20260819T090215Z-d70eaa0d,A::m6_1b-trial-011,m6_1b-trial-011,oracle_stable_two_baseline_margin,1,0,0.4,0,0.4,0,0,0.0
track1_5ch,recordingSessionGroup,track1_5ch|session|outer-01,m6_1b-dataset-20260819T090215Z-d70eaa0d,A,m6_1b-dataset-20260819T090215Z-d70eaa0d,A::m6_1b-trial-011,m6_1b-trial-011,oracle_multiview_band_harmonic,1,0,0.4,0,0.4,0,0,0.0
track1_5ch,recordingSessionGroup,track1_5ch|session|outer-01,m6_1b-dataset-20260819T090215Z-d70eaa0d,A,m6_1b-dataset-20260819T090215Z-d70eaa0d,A::m6_1b-trial-012,m6_1b-trial-012,oracle_unconstrained_correct_top,1,1,0.8,1,0.5,1,1,0.30000000000000004
track1_5ch,recordingSessionGroup,track1_5ch|session|outer-01,m6_1b-dataset-20260819T090215Z-d70eaa0d,A,m6_1b-dataset-20260819T090215Z-d70eaa0d,A::m6_1b-trial-012,m6_1b-trial-012,oracle_stable_two,1,1,0.8,1,0.6,1,1,0.20000000000000007
track1_5ch,recordingSessionGroup,track1_5ch|session|outer-01,m6_1b-dataset-20260819T090215Z-d70eaa0d,A,m6_1b-dataset-20260819T090215Z-d70eaa0d,A::m6_1b-trial-012,m6_1b-trial-012,oracle_stable_two_margin005,1,1,0.8,1,0.6,1,1,0.20000000000000007
track1_5ch,recordingSessionGroup,track1_5ch|session|outer-01,m6_1b-dataset-20260819T090215Z-d70eaa0d,A,m6_1b-dataset-20260819T090215Z-d70eaa0d,A::m6_1b-trial-012,m6_1b-trial-012,oracle_stable_two_baseline_margin,1,1,0.8,1,0.8,0,1,0.0
track1_5ch,recordingSessionGroup,track1_5ch|session|outer-01,m6_1b-dataset-20260819T090215Z-d70eaa0d,A,m6_1b-dataset-20260819T090215Z-d70eaa0d,A::m6_1b-trial-012,m6_1b-trial-012,oracle_multiview_band_harmonic,1,1,0.8,1,0.6,1,1,0.20000000000000007
track1_5ch,recordingSessionGroup,track1_5ch|session|outer-01,m6_1b-dataset-20260819T090215Z-d70eaa0d,A,m6_1b-dataset-20260819T090215Z-d70eaa0d,A::m6_1b-trial-013,m6_1b-trial-013,oracle_unconstrained_correct_top,0,0,0.25,0,0.2,1,1,0.04999999999999999
track1_5ch,recordingSessionGroup,track1_5ch|session|outer-01,m6_1b-dataset-20260819T090215Z-d70eaa0d,A,m6_1b-dataset-20260819T090215Z-d70eaa0d,A::m6_1b-trial-013,m6_1b-trial-013,oracle_stable_two,0,0,0.25,0,0.25,0,1,0.0
track1_5ch,recordingSessionGroup,track1_5ch|session|outer-01,m6_1b-dataset-20260819T090215Z-d70eaa0d,A,m6_1b-dataset-20260819T090215Z-d70eaa0d,A::m6_1b-trial-013,m6_1b-trial-013,oracle_stable_two_margin005,0,0,0.25,0,0.25,0,1,0.0
track1_5ch,recordingSessionGroup,track1_5ch|session|outer-01,m6_1b-dataset-20260819T090215Z-d70eaa0d,A,m6_1b-dataset-20260819T090215Z-d70eaa0d,A::m6_1b-trial-013,m6_1b-trial-013,oracle_stable_two_baseline_margin,0,0,0.25,0,0.25,0,1,0.0
track1_5ch,recordingSessionGroup,track1_5ch|session|outer-01,m6_1b-dataset-20260819T090215Z-d70eaa0d,A,m6_1b-dataset-20260819T090215Z-d70eaa0d,A::m6_1b-trial-013,m6_1b-trial-013,oracle_multiview_band_harmonic,0,0,0.25,0,0.25,0,1,0.0
track1_5ch,recordingSessionGroup,track1_5ch|session|outer-01,m6_1b-dataset-20260819T090215Z-d70eaa0d,A,m6_1b-dataset-20260819T090215Z-d70eaa0d,A::m6_1b-trial-014,m6_1b-trial-014,oracle_unconstrained_correct_top,1,1,0.4,1,0.2,1,1,0.2
track1_5ch,recordingSessionGroup,track1_5ch|session|outer-01,m6_1b-dataset-20260819T090215Z-d70eaa0d,A,m6_1b-dataset-20260819T090215Z-d70eaa0d,A::m6_1b-trial-014,m6_1b-trial-014,oracle_stable_two,1,1,0.4,1,0.25,1,1,0.15000000000000002
track1_5ch,recordingSessionGroup,track1_5ch|session|outer-01,m6_1b-dataset-20260819T090215Z-d70eaa0d,A,m6_1b-dataset-20260819T090215Z-d70eaa0d,A::m6_1b-trial-014,m6_1b-trial-014,oracle_stable_two_margin005,1,1,0.4,1,0.25,1,1,0.15000000000000002
track1_5ch,recordingSessionGroup,track1_5ch|session|outer-01,m6_1b-dataset-20260819T090215Z-d70eaa0d,A,m6_1b-dataset-20260819T090215Z-d70eaa0d,A::m6_1b-trial-014,m6_1b-trial-014,oracle_stable_two_baseline_margin,1,1,0.4,1,0.4,0,1,0.0
track1_5ch,recordingSessionGroup,track1_5ch|session|outer-01,m6_1b-dataset-20260819T090215Z-d70eaa0d,A,m6_1b-dataset-20260819T090215Z-d70eaa0d,A::m6_1b-trial-014,m6_1b-trial-014,oracle_multiview_band_harmonic,1,1,0.4,1,0.3,1,1,0.10000000000000003
track1_5ch,recordingSessionGroup,track1_5ch|session|outer-01,m6_1b-dataset-20260819T090215Z-d70eaa0d,A,m6_1b-dataset-20260819T090215Z-d70eaa0d,A::m6_1b-trial-015,m6_1b-trial-015,oracle_unconstrained_correct_top,0,0,1.0,0,0.8,1,1,0.19999999999999996
track1_5ch,recordingSessionGroup,track1_5ch|session|outer-01,m6_1b-dataset-20260819T090215Z-d70eaa0d,A,m6_1b-dataset-20260819T090215Z-d70eaa0d,A::m6_1b-trial-015,m6_1b-trial-015,oracle_stable_two,0,0,1.0,0,1.0,0,1,0.0
track1_5ch,recordingSessionGroup,track1_5ch|session|outer-01,m6_1b-dataset-20260819T090215Z-d70eaa0d,A,m6_1b-dataset-20260819T090215Z-d70eaa0d,A::m6_1b-trial-015,m6_1b-trial-015,oracle_stable_two_margin005,0,0,1.0,0,1.0,0,1,0.0
track1_5ch,recordingSessionGroup,track1_5ch|session|outer-01,m6_1b-dataset-20260819T090215Z-d70eaa0d,A,m6_1b-dataset-20260819T090215Z-d70eaa0d,A::m6_1b-trial-015,m6_1b-trial-015,oracle_stable_two_baseline_margin,0,0,1.0,0,1.0,0,1,0.0
track1_5ch,recordingSessionGroup,track1_5ch|session|outer-01,m6_1b-dataset-20260819T090215Z-d70eaa0d,A,m6_1b-dataset-20260819T090215Z-d70eaa0d,A::m6_1b-trial-015,m6_1b-trial-015,oracle_multiview_band_harmonic,0,0,1.0,0,1.0,0,1,0.0
track1_5ch,recordingSessionGroup,track1_5ch|session|outer-01,m6_1b-dataset-20260819T090215Z-d70eaa0d,A,m6_1b-dataset-20260819T090215Z-d70eaa0d,A::m6_1b-trial-016,m6_1b-trial-016,oracle_unconstrained_correct_top,0,0,1.0,0,0.5,1,1,0.5
track1_5ch,recordingSessionGroup,track1_5ch|session|outer-01,m6_1b-dataset-20260819T090215Z-d70eaa0d,A,m6_1b-dataset-20260819T090215Z-d70eaa0d,A::m6_1b-trial-016,m6_1b-trial-016,oracle_stable_two,0,0,1.0,0,1.0,0,1,0.0
track1_5ch,recordingSessionGroup,track1_5ch|session|outer-01,m6_1b-dataset-20260819T090215Z-d70eaa0d,A,m6_1b-dataset-20260819T090215Z-d70eaa0d,A::m6_1b-trial-016,m6_1b-trial-016,oracle_stable_two_margin005,0,0,1.0,0,1.0,0,1,0.0
track1_5ch,recordingSessionGroup,track1_5ch|session|outer-01,m6_1b-dataset-20260819T090215Z-d70eaa0d,A,m6_1b-dataset-20260819T090215Z-d70eaa0d,A::m6_1b-trial-016,m6_1b-trial-016,oracle_stable_two_baseline_margin,0,0,1.0,0,1.0,0,1,0.0
track1_5ch,recordingSessionGroup,track1_5ch|session|outer-01,m6_1b-dataset-20260819T090215Z-d70eaa0d,A,m6_1b-dataset-20260819T090215Z-d70eaa0d,A::m6_1b-trial-016,m6_1b-trial-016,oracle_multiview_band_harmonic,0,0,1.0,0,1.0,0,1,0.0
track1_5ch,recordingSessionGroup,track1_5ch|session|outer-01,m6_1b-dataset-20260819T090215Z-d70eaa0d,A,m6_1b-dataset-20260819T090215Z-d70eaa0d,A::m6_1b-trial-017,m6_1b-trial-017,oracle_unconstrained_correct_top,1,1,0.35,1,0.3,1,1,0.04999999999999999
track1_5ch,recordingSessionGroup,track1_5ch|session|outer-01,m6_1b-dataset-20260819T090215Z-d70eaa0d,A,m6_1b-dataset-20260819T090215Z-d70eaa0d,A::m6_1b-trial-017,m6_1b-trial-017,oracle_stable_two,1,1,0.35,1,0.35,0,1,0.0
track1_5ch,recordingSessionGroup,track1_5ch|session|outer-01,m6_1b-dataset-20260819T090215Z-d70eaa0d,A,m6_1b-dataset-20260819T090215Z-d70eaa0d,A::m6_1b-trial-017,m6_1b-trial-017,oracle_stable_two_margin005,1,1,0.35,1,0.35,0,1,0.0
track1_5ch,recordingSessionGroup,track1_5ch|session|outer-01,m6_1b-dataset-20260819T090215Z-d70eaa0d,A,m6_1b-dataset-20260819T090215Z-d70eaa0d,A::m6_1b-trial-017,m6_1b-trial-017,oracle_stable_two_baseline_margin,1,1,0.35,1,0.35,0,1,0.0
track1_5ch,recordingSessionGroup,track1_5ch|session|outer-01,m6_1b-dataset-20260819T090215Z-d70eaa0d,A,m6_1b-dataset-20260819T090215Z-d70eaa0d,A::m6_1b-trial-017,m6_1b-trial-017,oracle_multiview_band_harmonic,1,1,0.35,1,0.35,0,1,0.0
track1_5ch,recordingSessionGroup,track1_5ch|session|outer-01,m6_1b-dataset-20260819T090215Z-d70eaa0d,A,m6_1b-dataset-20260819T090215Z-d70eaa0d,A::m6_1b-trial-018,m6_1b-trial-018,oracle_unconstrained_correct_top,0,0,0.8,0,0.2,1,1,0.6000000000000001
track1_5ch,recordingSessionGroup,track1_5ch|session|outer-01,m6_1b-dataset-20260819T090215Z-d70eaa0d,A,m6_1b-dataset-20260819T090215Z-d70eaa0d,A::m6_1b-trial-018,m6_1b-trial-018,oracle_stable_two,0,0,0.8,0,0.25,1,1,0.55
track1_5ch,recordingSessionGroup,track1_5ch|session|outer-01,m6_1b-dataset-20260819T090215Z-d70eaa0d,A,m6_1b-dataset-20260819T090215Z-d70eaa0d,A::m6_1b-trial-018,m6_1b-trial-018,oracle_stable_two_margin005,0,0,0.8,0,0.25,1,1,0.55
track1_5ch,recordingSessionGroup,track1_5ch|session|outer-01,m6_1b-dataset-20260819T090215Z-d70eaa0d,A,m6_1b-dataset-20260819T090215Z-d70eaa0d,A::m6_1b-trial-018,m6_1b-trial-018,oracle_stable_two_baseline_margin,0,0,0.8,0,0.8,0,1,0.0
track1_5ch,recordingSessionGroup,track1_5ch|session|outer-01,m6_1b-dataset-20260819T090215Z-d70eaa0d,A,m6_1b-dataset-20260819T090215Z-d70eaa0d,A::m6_1b-trial-018,m6_1b-trial-018,oracle_multiview_band_harmonic,0,0,0.8,0,0.8,0,1,0.0
track1_5ch,recordingSessionGroup,track1_5ch|session|outer-01,m6_1b-dataset-20260819T090215Z-d70eaa0d,A,m6_1b-dataset-20260819T090215Z-d70eaa0d,A::m6_1b-trial-019,m6_1b-trial-019,oracle_unconstrained_correct_top,2,2,0.35,2,0.3,1,1,0.04999999999999999
track1_5ch,recordingSessionGroup,track1_5ch|session|outer-01,m6_1b-dataset-20260819T090215Z-d70eaa0d,A,m6_1b-dataset-20260819T090215Z-d70eaa0d,A::m6_1b-trial-019,m6_1b-trial-019,oracle_stable_two,2,2,0.35,2,0.35,0,1,0.0
track1_5ch,recordingSessionGroup,track1_5ch|session|outer-01,m6_1b-dataset-20260819T090215Z-d70eaa0d,A,m6_1b-dataset-20260819T090215Z-d70eaa0d,A::m6_1b-trial-019,m6_1b-trial-019,oracle_stable_two_margin005,2,2,0.35,2,0.35,0,1,0.0
track1_5ch,recordingSessionGroup,track1_5ch|session|outer-01,m6_1b-dataset-20260819T090215Z-d70eaa0d,A,m6_1b-dataset-20260819T090215Z-d70eaa0d,A::m6_1b-trial-019,m6_1b-trial-019,oracle_stable_two_baseline_margin,2,2,0.35,2,0.35,0,1,0.0
track1_5ch,recordingSessionGroup,track1_5ch|session|outer-01,m6_1b-dataset-20260819T090215Z-d70eaa0d,A,m6_1b-dataset-20260819T090215Z-d70eaa0d,A::m6_1b-trial-019,m6_1b-trial-019,oracle_multiview_band_harmonic,2,2,0.35,2,0.35,0,1,0.0
track1_5ch,recordingSessionGroup,track1_5ch|session|outer-01,m6_1b-dataset-20260819T090215Z-d70eaa0d,A,m6_1b-dataset-20260819T090215Z-d70eaa0d,A::m6_1b-trial-020,m6_1b-trial-020,oracle_unconstrained_correct_top,2,2,0.3,2,0.2,1,1,0.09999999999999998
track1_5ch,recordingSessionGroup,track1_5ch|session|outer-01,m6_1b-dataset-20260819T090215Z-d70eaa0d,A,m6_1b-dataset-20260819T090215Z-d70eaa0d,A::m6_1b-trial-020,m6_1b-trial-020,oracle_stable_two,2,2,0.3,2,0.25,1,1,0.04999999999999999
track1_5ch,recordingSessionGroup,track1_5ch|session|outer-01,m6_1b-dataset-20260819T090215Z-d70eaa0d,A,m6_1b-dataset-20260819T090215Z-d70eaa0d,A::m6_1b-trial-020,m6_1b-trial-020,oracle_stable_two_margin005,2,2,0.3,2,0.25,1,1,0.04999999999999999
track1_5ch,recordingSessionGroup,track1_5ch|session|outer-01,m6_1b-dataset-20260819T090215Z-d70eaa0d,A,m6_1b-dataset-20260819T090215Z-d70eaa0d,A::m6_1b-trial-020,m6_1b-trial-020,oracle_stable_two_baseline_margin,2,2,0.3,2,0.3,0,1,0.0
track1_5ch,recordingSessionGroup,track1_5ch|session|outer-01,m6_1b-dataset-20260819T090215Z-d70eaa0d,A,m6_1b-dataset-20260819T090215Z-d70eaa0d,A::m6_1b-trial-020,m6_1b-trial-020,oracle_multiview_band_harmonic,2,2,0.3,2,0.25,1,1,0.04999999999999999
track1_5ch,recordingSessionGroup,track1_5ch|session|outer-01,m6_1b-dataset-20260819T090215Z-d70eaa0d,A,m6_1b-dataset-20260819T090215Z-d70eaa0d,A::m6_1b-trial-021,m6_1b-trial-021,oracle_unconstrained_correct_top,0,0,0.25,0,0.2,1,1,0.04999999999999999
track1_5ch,recordingSessionGroup,track1_5ch|session|outer-01,m6_1b-dataset-20260819T090215Z-d70eaa0d,A,m6_1b-dataset-20260819T090215Z-d70eaa0d,A::m6_1b-trial-021,m6_1b-trial-021,oracle_stable_two,0,0,0.25,0,0.25,0,1,0.0
track1_5ch,recordingSessionGroup,track1_5ch|session|outer-01,m6_1b-dataset-20260819T090215Z-d70eaa0d,A,m6_1b-dataset-20260819T090215Z-d70eaa0d,A::m6_1b-trial-021,m6_1b-trial-021,oracle_stable_two_margin005,0,0,0.25,0,0.25,0,1,0.0
track1_5ch,recordingSessionGroup,track1_5ch|session|outer-01,m6_1b-dataset-20260819T090215Z-d70eaa0d,A,m6_1b-dataset-20260819T090215Z-d70eaa0d,A::m6_1b-trial-021,m6_1b-trial-021,oracle_stable_two_baseline_margin,0,0,0.25,0,0.25,0,1,0.0
track1_5ch,recordingSessionGroup,track1_5ch|session|outer-01,m6_1b-dataset-20260819T090215Z-d70eaa0d,A,m6_1b-dataset-20260819T090215Z-d70eaa0d,A::m6_1b-trial-021,m6_1b-trial-021,oracle_multiview_band_harmonic,0,0,0.25,0,0.25,0,1,0.0
track1_5ch,recordingSessionGroup,track1_5ch|session|outer-01,m6_1b-dataset-20260819T090215Z-d70eaa0d,A,m6_1b-dataset-20260819T090215Z-d70eaa0d,A::m6_1b-trial-022,m6_1b-trial-022,oracle_unconstrained_correct_top,1,1,0.25,1,0.2,1,1,0.04999999999999999
track1_5ch,recordingSessionGroup,track1_5ch|session|outer-01,m6_1b-dataset-20260819T090215Z-d70eaa0d,A,m6_1b-dataset-20260819T090215Z-d70eaa0d,A::m6_1b-trial-022,m6_1b-trial-022,oracle_stable_two,1,1,0.25,1,0.25,0,1,0.0
track1_5ch,recordingSessionGroup,track1_5ch|session|outer-01,m6_1b-dataset-20260819T090215Z-d70eaa0d,A,m6_1b-dataset-20260819T090215Z-d70eaa0d,A::m6_1b-trial-022,m6_1b-trial-022,oracle_stable_two_margin005,1,1,0.25,1,0.25,0,1,0.0
track1_5ch,recordingSessionGroup,track1_5ch|session|outer-01,m6_1b-dataset-20260819T090215Z-d70eaa0d,A,m6_1b-dataset-20260819T090215Z-d70eaa0d,A::m6_1b-trial-022,m6_1b-trial-022,oracle_stable_two_baseline_margin,1,1,0.25,1,0.25,0,1,0.0
track1_5ch,recordingSessionGroup,track1_5ch|session|outer-01,m6_1b-dataset-20260819T090215Z-d70eaa0d,A,m6_1b-dataset-20260819T090215Z-d70eaa0d,A::m6_1b-trial-022,m6_1b-trial-022,oracle_multiview_band_harmonic,1,1,0.25,1,0.25,0,1,0.0
track1_5ch,recordingSessionGroup,track1_5ch|session|outer-01,m6_1b-dataset-20260819T090215Z-d70eaa0d,A,m6_1b-dataset-20260819T090215Z-d70eaa0d,A::m6_1b-trial-023,m6_1b-trial-023,oracle_unconstrained_correct_top,2,2,0.35,2,0.2,1,1,0.14999999999999997
track1_5ch,recordingSessionGroup,track1_5ch|session|outer-01,m6_1b-dataset-20260819T090215Z-d70eaa0d,A,m6_1b-dataset-20260819T090215Z-d70eaa0d,A::m6_1b-trial-023,m6_1b-trial-023,oracle_stable_two,2,2,0.35,2,0.25,1,1,0.09999999999999998
track1_5ch,recordingSessionGroup,track1_5ch|session|outer-01,m6_1b-dataset-20260819T090215Z-d70eaa0d,A,m6_1b-dataset-20260819T090215Z-d70eaa0d,A::m6_1b-trial-023,m6_1b-trial-023,oracle_stable_two_margin005,2,2,0.35,2,0.25,1,1,0.09999999999999998
track1_5ch,recordingSessionGroup,track1_5ch|session|outer-01,m6_1b-dataset-20260819T090215Z-d70eaa0d,A,m6_1b-dataset-20260819T090215Z-d70eaa0d,A::m6_1b-trial-023,m6_1b-trial-023,oracle_stable_two_baseline_margin,2,2,0.35,2,0.35,0,1,0.0
track1_5ch,recordingSessionGroup,track1_5ch|session|outer-01,m6_1b-dataset-20260819T090215Z-d70eaa0d,A,m6_1b-dataset-20260819T090215Z-d70eaa0d,A::m6_1b-trial-023,m6_1b-trial-023,oracle_multiview_band_harmonic,2,2,0.35,2,0.25,1,1,0.09999999999999998
track1_5ch,recordingSessionGroup,track1_5ch|session|outer-01,m6_1b-dataset-20260819T090215Z-d70eaa0d,A,m6_1b-dataset-20260819T090215Z-d70eaa0d,A::m6_1b-trial-024,m6_1b-trial-024,oracle_unconstrained_correct_top,2,2,0.8,2,0.2,1,1,0.6000000000000001
track1_5ch,recordingSessionGroup,track1_5ch|session|outer-01,m6_1b-dataset-20260819T090215Z-d70eaa0d,A,m6_1b-dataset-20260819T090215Z-d70eaa0d,A::m6_1b-trial-024,m6_1b-trial-024,oracle_stable_two,2,2,0.8,2,0.4,1,1,0.4
track1_5ch,recordingSessionGroup,track1_5ch|session|outer-01,m6_1b-dataset-20260819T090215Z-d70eaa0d,A,m6_1b-dataset-20260819T090215Z-d70eaa0d,A::m6_1b-trial-024,m6_1b-trial-024,oracle_stable_two_margin005,2,2,0.8,2,0.4,1,1,0.4
track1_5ch,recordingSessionGroup,track1_5ch|session|outer-01,m6_1b-dataset-20260819T090215Z-d70eaa0d,A,m6_1b-dataset-20260819T090215Z-d70eaa0d,A::m6_1b-trial-024,m6_1b-trial-024,oracle_stable_two_baseline_margin,2,2,0.8,2,0.8,0,1,0.0
track1_5ch,recordingSessionGroup,track1_5ch|session|outer-01,m6_1b-dataset-20260819T090215Z-d70eaa0d,A,m6_1b-dataset-20260819T090215Z-d70eaa0d,A::m6_1b-trial-024,m6_1b-trial-024,oracle_multiview_band_harmonic,2,2,0.8,2,0.4,1,1,0.4
track1_5ch,recordingSessionGroup,track1_5ch|session|outer-01,m6_1b-dataset-20260819T090215Z-d70eaa0d,A,m6_1b-dataset-20260819T090215Z-d70eaa0d,A::m6_1b-trial-025,m6_1b-trial-025,oracle_unconstrained_correct_top,0,0,0.25,0,0.2,1,1,0.04999999999999999
track1_5ch,recordingSessionGroup,track1_5ch|session|outer-01,m6_1b-dataset-20260819T090215Z-d70eaa0d,A,m6_1b-dataset-20260819T090215Z-d70eaa0d,A::m6_1b-trial-025,m6_1b-trial-025,oracle_stable_two,0,0,0.25,0,0.25,0,1,0.0
track1_5ch,recordingSessionGroup,track1_5ch|session|outer-01,m6_1b-dataset-20260819T090215Z-d70eaa0d,A,m6_1b-dataset-20260819T090215Z-d70eaa0d,A::m6_1b-trial-025,m6_1b-trial-025,oracle_stable_two_margin005,0,0,0.25,0,0.25,0,1,0.0
track1_5ch,recordingSessionGroup,track1_5ch|session|outer-01,m6_1b-dataset-20260819T090215Z-d70eaa0d,A,m6_1b-dataset-20260819T090215Z-d70eaa0d,A::m6_1b-trial-025,m6_1b-trial-025,oracle_stable_two_baseline_margin,0,0,0.25,0,0.25,0,1,0.0
track1_5ch,recordingSessionGroup,track1_5ch|session|outer-01,m6_1b-dataset-20260819T090215Z-d70eaa0d,A,m6_1b-dataset-20260819T090215Z-d70eaa0d,A::m6_1b-trial-025,m6_1b-trial-025,oracle_multiview_band_harmonic,0,0,0.25,0,0.25,0,1,0.0
track1_5ch,recordingSessionGroup,track1_5ch|session|outer-01,m6_1b-dataset-20260819T090215Z-d70eaa0d,A,m6_1b-dataset-20260819T090215Z-d70eaa0d,A::m6_1b-trial-026,m6_1b-trial-026,oracle_unconstrained_correct_top,0,0,0.4,0,0.35,1,1,0.050000000000000044
track1_5ch,recordingSessionGroup,track1_5ch|session|outer-01,m6_1b-dataset-20260819T090215Z-d70eaa0d,A,m6_1b-dataset-20260819T090215Z-d70eaa0d,A::m6_1b-trial-026,m6_1b-trial-026,oracle_stable_two,0,0,0.4,0,0.4,0,1,0.0
track1_5ch,recordingSessionGroup,track1_5ch|session|outer-01,m6_1b-dataset-20260819T090215Z-d70eaa0d,A,m6_1b-dataset-20260819T090215Z-d70eaa0d,A::m6_1b-trial-026,m6_1b-trial-026,oracle_stable_two_margin005,0,0,0.4,0,0.4,0,1,0.0
track1_5ch,recordingSessionGroup,track1_5ch|session|outer-01,m6_1b-dataset-20260819T090215Z-d70eaa0d,A,m6_1b-dataset-20260819T090215Z-d70eaa0d,A::m6_1b-trial-026,m6_1b-trial-026,oracle_stable_two_baseline_margin,0,0,0.4,0,0.4,0,1,0.0
track1_5ch,recordingSessionGroup,track1_5ch|session|outer-01,m6_1b-dataset-20260819T090215Z-d70eaa0d,A,m6_1b-dataset-20260819T090215Z-d70eaa0d,A::m6_1b-trial-026,m6_1b-trial-026,oracle_multiview_band_harmonic,0,0,0.4,0,0.4,0,1,0.0
track1_5ch,recordingSessionGroup,track1_5ch|session|outer-01,m6_1b-dataset-20260819T090215Z-d70eaa0d,A,m6_1b-dataset-20260819T090215Z-d70eaa0d,A::m6_1b-trial-027,m6_1b-trial-027,oracle_unconstrained_correct_top,1,1,1.0,1,0.3,1,1,0.7
track1_5ch,recordingSessionGroup,track1_5ch|session|outer-01,m6_1b-dataset-20260819T090215Z-d70eaa0d,A,m6_1b-dataset-20260819T090215Z-d70eaa0d,A::m6_1b-trial-027,m6_1b-trial-027,oracle_stable_two,1,1,1.0,1,0.35,1,1,0.65
track1_5ch,recordingSessionGroup,track1_5ch|session|outer-01,m6_1b-dataset-20260819T090215Z-d70eaa0d,A,m6_1b-dataset-20260819T090215Z-d70eaa0d,A::m6_1b-trial-027,m6_1b-trial-027,oracle_stable_two_margin005,1,1,1.0,1,0.35,1,1,0.65
track1_5ch,recordingSessionGroup,track1_5ch|session|outer-01,m6_1b-dataset-20260819T090215Z-d70eaa0d,A,m6_1b-dataset-20260819T090215Z-d70eaa0d,A::m6_1b-trial-027,m6_1b-trial-027,oracle_stable_two_baseline_margin,1,1,1.0,1,1.0,0,1,0.0
track1_5ch,recordingSessionGroup,track1_5ch|session|outer-01,m6_1b-dataset-20260819T090215Z-d70eaa0d,A,m6_1b-dataset-20260819T090215Z-d70eaa0d,A::m6_1b-trial-027,m6_1b-trial-027,oracle_multiview_band_harmonic,1,1,1.0,1,0.4,1,1,0.6
track1_5ch,recordingSessionGroup,track1_5ch|session|outer-01,m6_1b-dataset-20260819T090215Z-d70eaa0d,A,m6_1b-dataset-20260819T090215Z-d70eaa0d,A::m6_1b-trial-028,m6_1b-trial-028,oracle_unconstrained_correct_top,2,2,0.6,2,0.5,1,1,0.09999999999999998
track1_5ch,recordingSessionGroup,track1_5ch|session|outer-01,m6_1b-dataset-20260819T090215Z-d70eaa0d,A,m6_1b-dataset-20260819T090215Z-d70eaa0d,A::m6_1b-trial-028,m6_1b-trial-028,oracle_stable_two,2,2,0.6,2,0.6,0,1,0.0
track1_5ch,recordingSessionGroup,track1_5ch|session|outer-01,m6_1b-dataset-20260819T090215Z-d70eaa0d,A,m6_1b-dataset-20260819T090215Z-d70eaa0d,A::m6_1b-trial-028,m6_1b-trial-028,oracle_stable_two_margin005,2,2,0.6,2,0.6,0,1,0.0
track1_5ch,recordingSessionGroup,track1_5ch|session|outer-01,m6_1b-dataset-20260819T090215Z-d70eaa0d,A,m6_1b-dataset-20260819T090215Z-d70eaa0d,A::m6_1b-trial-028,m6_1b-trial-028,oracle_stable_two_baseline_margin,2,2,0.6,2,0.6,0,1,0.0
track1_5ch,recordingSessionGroup,track1_5ch|session|outer-01,m6_1b-dataset-20260819T090215Z-d70eaa0d,A,m6_1b-dataset-20260819T090215Z-d70eaa0d,A::m6_1b-trial-028,m6_1b-trial-028,oracle_multiview_band_harmonic,2,2,0.6,2,0.6,0,1,0.0
track1_5ch,recordingSessionGroup,track1_5ch|session|outer-01,m6_1b-dataset-20260819T090215Z-d70eaa0d,A,m6_1b-dataset-20260819T090215Z-d70eaa0d,A::m6_1b-trial-029,m6_1b-trial-029,oracle_unconstrained_correct_top,0,0,0.8,0,0.6,1,1,0.20000000000000007
track1_5ch,recordingSessionGroup,track1_5ch|session|outer-01,m6_1b-dataset-20260819T090215Z-d70eaa0d,A,m6_1b-dataset-20260819T090215Z-d70eaa0d,A::m6_1b-trial-029,m6_1b-trial-029,oracle_stable_two,0,0,0.8,0,0.8,0,1,0.0
track1_5ch,recordingSessionGroup,track1_5ch|session|outer-01,m6_1b-dataset-20260819T090215Z-d70eaa0d,A,m6_1b-dataset-20260819T090215Z-d70eaa0d,A::m6_1b-trial-029,m6_1b-trial-029,oracle_stable_two_margin005,0,0,0.8,0,0.8,0,1,0.0
track1_5ch,recordingSessionGroup,track1_5ch|session|outer-01,m6_1b-dataset-20260819T090215Z-d70eaa0d,A,m6_1b-dataset-20260819T090215Z-d70eaa0d,A::m6_1b-trial-029,m6_1b-trial-029,oracle_stable_two_baseline_margin,0,0,0.8,0,0.8,0,1,0.0
track1_5ch,recordingSessionGroup,track1_5ch|session|outer-01,m6_1b-dataset-20260819T090215Z-d70eaa0d,A,m6_1b-dataset-20260819T090215Z-d70eaa0d,A::m6_1b-trial-029,m6_1b-trial-029,oracle_multiview_band_harmonic,0,0,0.8,0,0.8,0,1,0.0
track1_5ch,recordingSessionGroup,track1_5ch|session|outer-01,m6_1b-dataset-20260819T090215Z-d70eaa0d,A,m6_1b-dataset-20260819T090215Z-d70eaa0d,A::m6_1b-trial-030,m6_1b-trial-030,oracle_unconstrained_correct_top,1,1,0.8,1,0.2,1,1,0.6000000000000001
track1_5ch,recordingSessionGroup,track1_5ch|session|outer-01,m6_1b-dataset-20260819T090215Z-d70eaa0d,A,m6_1b-dataset-20260819T090215Z-d70eaa0d,A::m6_1b-trial-030,m6_1b-trial-030,oracle_stable_two,1,1,0.8,1,0.35,1,1,0.45000000000000007
track1_5ch,recordingSessionGroup,track1_5ch|session|outer-01,m6_1b-dataset-20260819T090215Z-d70eaa0d,A,m6_1b-dataset-20260819T090215Z-d70eaa0d,A::m6_1b-trial-030,m6_1b-trial-030,oracle_stable_two_margin005,1,1,0.8,1,0.35,1,1,0.45000000000000007
track1_5ch,recordingSessionGroup,track1_5ch|session|outer-01,m6_1b-dataset-20260819T090215Z-d70eaa0d,A,m6_1b-dataset-20260819T090215Z-d70eaa0d,A::m6_1b-trial-030,m6_1b-trial-030,oracle_stable_two_baseline_margin,1,1,0.8,1,0.8,0,1,0.0
track1_5ch,recordingSessionGroup,track1_5ch|session|outer-01,m6_1b-dataset-20260819T090215Z-d70eaa0d,A,m6_1b-dataset-20260819T090215Z-d70eaa0d,A::m6_1b-trial-030,m6_1b-trial-030,oracle_multiview_band_harmonic,1,1,0.8,1,0.35,1,1,0.45000000000000007
track1_5ch,recordingSessionGroup,track1_5ch|session|outer-02,m6_4-dataset-20260819T155147Z-386f95dd,B1,m6_4-dataset-20260819T155147Z-386f95dd,B1::m6_4-trial-001,m6_4-trial-001,oracle_unconstrained_correct_top,0,0,0.4,0,0.25,1,1,0.15000000000000002
track1_5ch,recordingSessionGroup,track1_5ch|session|outer-02,m6_4-dataset-20260819T155147Z-386f95dd,B1,m6_4-dataset-20260819T155147Z-386f95dd,B1::m6_4-trial-001,m6_4-trial-001,oracle_stable_two,0,0,0.4,0,0.3,1,1,0.10000000000000003
track1_5ch,recordingSessionGroup,track1_5ch|session|outer-02,m6_4-dataset-20260819T155147Z-386f95dd,B1,m6_4-dataset-20260819T155147Z-386f95dd,B1::m6_4-trial-001,m6_4-trial-001,oracle_stable_two_margin005,0,0,0.4,0,0.3,1,1,0.10000000000000003
track1_5ch,recordingSessionGroup,track1_5ch|session|outer-02,m6_4-dataset-20260819T155147Z-386f95dd,B1,m6_4-dataset-20260819T155147Z-386f95dd,B1::m6_4-trial-001,m6_4-trial-001,oracle_stable_two_baseline_margin,0,0,0.4,0,0.4,0,1,0.0
track1_5ch,recordingSessionGroup,track1_5ch|session|outer-02,m6_4-dataset-20260819T155147Z-386f95dd,B1,m6_4-dataset-20260819T155147Z-386f95dd,B1::m6_4-trial-001,m6_4-trial-001,oracle_multiview_band_harmonic,0,0,0.4,0,0.4,0,1,0.0
track1_5ch,recordingSessionGroup,track1_5ch|session|outer-02,m6_4-dataset-20260819T155147Z-386f95dd,B1,m6_4-dataset-20260819T155147Z-386f95dd,B1::m6_4-trial-002,m6_4-trial-002,oracle_unconstrained_correct_top,2,2,0.25,2,0.2,1,1,0.04999999999999999
track1_5ch,recordingSessionGroup,track1_5ch|session|outer-02,m6_4-dataset-20260819T155147Z-386f95dd,B1,m6_4-dataset-20260819T155147Z-386f95dd,B1::m6_4-trial-002,m6_4-trial-002,oracle_stable_two,2,2,0.25,2,0.25,0,1,0.0
track1_5ch,recordingSessionGroup,track1_5ch|session|outer-02,m6_4-dataset-20260819T155147Z-386f95dd,B1,m6_4-dataset-20260819T155147Z-386f95dd,B1::m6_4-trial-002,m6_4-trial-002,oracle_stable_two_margin005,2,2,0.25,2,0.25,0,1,0.0
track1_5ch,recordingSessionGroup,track1_5ch|session|outer-02,m6_4-dataset-20260819T155147Z-386f95dd,B1,m6_4-dataset-20260819T155147Z-386f95dd,B1::m6_4-trial-002,m6_4-trial-002,oracle_stable_two_baseline_margin,2,2,0.25,2,0.25,0,1,0.0
track1_5ch,recordingSessionGroup,track1_5ch|session|outer-02,m6_4-dataset-20260819T155147Z-386f95dd,B1,m6_4-dataset-20260819T155147Z-386f95dd,B1::m6_4-trial-002,m6_4-trial-002,oracle_multiview_band_harmonic,2,2,0.25,2,0.25,0,1,0.0
track1_5ch,recordingSessionGroup,track1_5ch|session|outer-02,m6_4-dataset-20260819T155147Z-386f95dd,B1,m6_4-dataset-20260819T155147Z-386f95dd,B1::m6_4-trial-003,m6_4-trial-003,oracle_unconstrained_correct_top,2,2,0.3,2,0.25,1,1,0.04999999999999999
track1_5ch,recordingSessionGroup,track1_5ch|session|outer-02,m6_4-dataset-20260819T155147Z-386f95dd,B1,m6_4-dataset-20260819T155147Z-386f95dd,B1::m6_4-trial-003,m6_4-trial-003,oracle_stable_two,2,2,0.3,2,0.3,0,1,0.0
track1_5ch,recordingSessionGroup,track1_5ch|session|outer-02,m6_4-dataset-20260819T155147Z-386f95dd,B1,m6_4-dataset-20260819T155147Z-386f95dd,B1::m6_4-trial-003,m6_4-trial-003,oracle_stable_two_margin005,2,2,0.3,2,0.3,0,1,0.0
track1_5ch,recordingSessionGroup,track1_5ch|session|outer-02,m6_4-dataset-20260819T155147Z-386f95dd,B1,m6_4-dataset-20260819T155147Z-386f95dd,B1::m6_4-trial-003,m6_4-trial-003,oracle_stable_two_baseline_margin,2,2,0.3,2,0.3,0,1,0.0
track1_5ch,recordingSessionGroup,track1_5ch|session|outer-02,m6_4-dataset-20260819T155147Z-386f95dd,B1,m6_4-dataset-20260819T155147Z-386f95dd,B1::m6_4-trial-003,m6_4-trial-003,oracle_multiview_band_harmonic,2,2,0.3,2,0.3,0,1,0.0
track1_5ch,recordingSessionGroup,track1_5ch|session|outer-02,m6_4-dataset-20260819T155147Z-386f95dd,B1,m6_4-dataset-20260819T155147Z-386f95dd,B1::m6_4-trial-004,m6_4-trial-004,oracle_unconstrained_correct_top,0,0,0.6,0,0.2,1,1,0.39999999999999997
track1_5ch,recordingSessionGroup,track1_5ch|session|outer-02,m6_4-dataset-20260819T155147Z-386f95dd,B1,m6_4-dataset-20260819T155147Z-386f95dd,B1::m6_4-trial-004,m6_4-trial-004,oracle_stable_two,0,0,0.6,0,0.25,1,1,0.35
track1_5ch,recordingSessionGroup,track1_5ch|session|outer-02,m6_4-dataset-20260819T155147Z-386f95dd,B1,m6_4-dataset-20260819T155147Z-386f95dd,B1::m6_4-trial-004,m6_4-trial-004,oracle_stable_two_margin005,0,0,0.6,0,0.25,1,1,0.35
track1_5ch,recordingSessionGroup,track1_5ch|session|outer-02,m6_4-dataset-20260819T155147Z-386f95dd,B1,m6_4-dataset-20260819T155147Z-386f95dd,B1::m6_4-trial-004,m6_4-trial-004,oracle_stable_two_baseline_margin,0,0,0.6,0,0.6,0,1,0.0
track1_5ch,recordingSessionGroup,track1_5ch|session|outer-02,m6_4-dataset-20260819T155147Z-386f95dd,B1,m6_4-dataset-20260819T155147Z-386f95dd,B1::m6_4-trial-004,m6_4-trial-004,oracle_multiview_band_harmonic,0,0,0.6,0,0.25,1,1,0.35
track1_5ch,recordingSessionGroup,track1_5ch|session|outer-02,m6_4-dataset-20260819T155147Z-386f95dd,B1,m6_4-dataset-20260819T155147Z-386f95dd,B1::m6_4-trial-005,m6_4-trial-005,oracle_unconstrained_correct_top,1,1,0.4,1,0.2,1,1,0.2
track1_5ch,recordingSessionGroup,track1_5ch|session|outer-02,m6_4-dataset-20260819T155147Z-386f95dd,B1,m6_4-dataset-20260819T155147Z-386f95dd,B1::m6_4-trial-005,m6_4-trial-005,oracle_stable_two,1,1,0.4,1,0.25,1,1,0.15000000000000002
track1_5ch,recordingSessionGroup,track1_5ch|session|outer-02,m6_4-dataset-20260819T155147Z-386f95dd,B1,m6_4-dataset-20260819T155147Z-386f95dd,B1::m6_4-trial-005,m6_4-trial-005,oracle_stable_two_margin005,1,1,0.4,1,0.3,1,1,0.10000000000000003
track1_5ch,recordingSessionGroup,track1_5ch|session|outer-02,m6_4-dataset-20260819T155147Z-386f95dd,B1,m6_4-dataset-20260819T155147Z-386f95dd,B1::m6_4-trial-005,m6_4-trial-005,oracle_stable_two_baseline_margin,1,1,0.4,1,0.4,0,1,0.0
track1_5ch,recordingSessionGroup,track1_5ch|session|outer-02,m6_4-dataset-20260819T155147Z-386f95dd,B1,m6_4-dataset-20260819T155147Z-386f95dd,B1::m6_4-trial-005,m6_4-trial-005,oracle_multiview_band_harmonic,1,1,0.4,1,0.3,1,1,0.10000000000000003
track1_5ch,recordingSessionGroup,track1_5ch|session|outer-02,m6_4-dataset-20260819T155147Z-386f95dd,B1,m6_4-dataset-20260819T155147Z-386f95dd,B1::m6_4-trial-006,m6_4-trial-006,oracle_unconstrained_correct_top,1,1,0.5,1,0.2,1,1,0.3
track1_5ch,recordingSessionGroup,track1_5ch|session|outer-02,m6_4-dataset-20260819T155147Z-386f95dd,B1,m6_4-dataset-20260819T155147Z-386f95dd,B1::m6_4-trial-006,m6_4-trial-006,oracle_stable_two,1,1,0.5,1,0.25,1,1,0.25
track1_5ch,recordingSessionGroup,track1_5ch|session|outer-02,m6_4-dataset-20260819T155147Z-386f95dd,B1,m6_4-dataset-20260819T155147Z-386f95dd,B1::m6_4-trial-006,m6_4-trial-006,oracle_stable_two_margin005,1,1,0.5,1,0.25,1,1,0.25
track1_5ch,recordingSessionGroup,track1_5ch|session|outer-02,m6_4-dataset-20260819T155147Z-386f95dd,B1,m6_4-dataset-20260819T155147Z-386f95dd,B1::m6_4-trial-006,m6_4-trial-006,oracle_stable_two_baseline_margin,1,1,0.5,1,0.5,0,1,0.0
track1_5ch,recordingSessionGroup,track1_5ch|session|outer-02,m6_4-dataset-20260819T155147Z-386f95dd,B1,m6_4-dataset-20260819T155147Z-386f95dd,B1::m6_4-trial-006,m6_4-trial-006,oracle_multiview_band_harmonic,1,1,0.5,1,0.4,1,1,0.09999999999999998
track1_5ch,recordingSessionGroup,track1_5ch|session|outer-02,m6_4-dataset-20260819T155147Z-386f95dd,B1,m6_4-dataset-20260819T155147Z-386f95dd,B1::m6_4-trial-007,m6_4-trial-007,oracle_unconstrained_correct_top,2,2,0.6,2,0.2,1,1,0.39999999999999997
track1_5ch,recordingSessionGroup,track1_5ch|session|outer-02,m6_4-dataset-20260819T155147Z-386f95dd,B1,m6_4-dataset-20260819T155147Z-386f95dd,B1::m6_4-trial-007,m6_4-trial-007,oracle_stable_two,2,2,0.6,2,0.25,1,1,0.35
track1_5ch,recordingSessionGroup,track1_5ch|session|outer-02,m6_4-dataset-20260819T155147Z-386f95dd,B1,m6_4-dataset-20260819T155147Z-386f95dd,B1::m6_4-trial-007,m6_4-trial-007,oracle_stable_two_margin005,2,2,0.6,2,0.25,1,1,0.35
track1_5ch,recordingSessionGroup,track1_5ch|session|outer-02,m6_4-dataset-20260819T155147Z-386f95dd,B1,m6_4-dataset-20260819T155147Z-386f95dd,B1::m6_4-trial-007,m6_4-trial-007,oracle_stable_two_baseline_margin,2,2,0.6,2,0.6,0,1,0.0
track1_5ch,recordingSessionGroup,track1_5ch|session|outer-02,m6_4-dataset-20260819T155147Z-386f95dd,B1,m6_4-dataset-20260819T155147Z-386f95dd,B1::m6_4-trial-007,m6_4-trial-007,oracle_multiview_band_harmonic,2,2,0.6,2,0.25,1,1,0.35
track1_5ch,recordingSessionGroup,track1_5ch|session|outer-02,m6_4-dataset-20260819T155147Z-386f95dd,B1,m6_4-dataset-20260819T155147Z-386f95dd,B1::m6_4-trial-008,m6_4-trial-008,oracle_unconstrained_correct_top,2,2,0.6,2,0.3,1,1,0.3
track1_5ch,recordingSessionGroup,track1_5ch|session|outer-02,m6_4-dataset-20260819T155147Z-386f95dd,B1,m6_4-dataset-20260819T155147Z-386f95dd,B1::m6_4-trial-008,m6_4-trial-008,oracle_stable_two,2,2,0.6,2,0.35,1,1,0.25
track1_5ch,recordingSessionGroup,track1_5ch|session|outer-02,m6_4-dataset-20260819T155147Z-386f95dd,B1,m6_4-dataset-20260819T155147Z-386f95dd,B1::m6_4-trial-008,m6_4-trial-008,oracle_stable_two_margin005,2,2,0.6,2,0.35,1,1,0.25
track1_5ch,recordingSessionGroup,track1_5ch|session|outer-02,m6_4-dataset-20260819T155147Z-386f95dd,B1,m6_4-dataset-20260819T155147Z-386f95dd,B1::m6_4-trial-008,m6_4-trial-008,oracle_stable_two_baseline_margin,2,2,0.6,2,0.6,0,1,0.0
track1_5ch,recordingSessionGroup,track1_5ch|session|outer-02,m6_4-dataset-20260819T155147Z-386f95dd,B1,m6_4-dataset-20260819T155147Z-386f95dd,B1::m6_4-trial-008,m6_4-trial-008,oracle_multiview_band_harmonic,2,2,0.6,2,0.35,1,1,0.25
track1_5ch,recordingSessionGroup,track1_5ch|session|outer-02,m6_4-dataset-20260819T155147Z-386f95dd,B1,m6_4-dataset-20260819T155147Z-386f95dd,B1::m6_4-trial-009,m6_4-trial-009,oracle_unconstrained_correct_top,0,0,0.3,0,0.2,1,1,0.09999999999999998
track1_5ch,recordingSessionGroup,track1_5ch|session|outer-02,m6_4-dataset-20260819T155147Z-386f95dd,B1,m6_4-dataset-20260819T155147Z-386f95dd,B1::m6_4-trial-009,m6_4-trial-009,oracle_stable_two,0,0,0.3,0,0.25,1,1,0.04999999999999999
track1_5ch,recordingSessionGroup,track1_5ch|session|outer-02,m6_4-dataset-20260819T155147Z-386f95dd,B1,m6_4-dataset-20260819T155147Z-386f95dd,B1::m6_4-trial-009,m6_4-trial-009,oracle_stable_two_margin005,0,0,0.3,0,0.25,1,1,0.04999999999999999
track1_5ch,recordingSessionGroup,track1_5ch|session|outer-02,m6_4-dataset-20260819T155147Z-386f95dd,B1,m6_4-dataset-20260819T155147Z-386f95dd,B1::m6_4-trial-009,m6_4-trial-009,oracle_stable_two_baseline_margin,0,0,0.3,0,0.3,0,1,0.0
track1_5ch,recordingSessionGroup,track1_5ch|session|outer-02,m6_4-dataset-20260819T155147Z-386f95dd,B1,m6_4-dataset-20260819T155147Z-386f95dd,B1::m6_4-trial-009,m6_4-trial-009,oracle_multiview_band_harmonic,0,0,0.3,0,0.25,1,1,0.04999999999999999
track1_5ch,recordingSessionGroup,track1_5ch|session|outer-02,m6_4-dataset-20260819T155147Z-386f95dd,B1,m6_4-dataset-20260819T155147Z-386f95dd,B1::m6_4-trial-010,m6_4-trial-010,oracle_unconstrained_correct_top,2,2,0.6,2,0.3,1,1,0.3
track1_5ch,recordingSessionGroup,track1_5ch|session|outer-02,m6_4-dataset-20260819T155147Z-386f95dd,B1,m6_4-dataset-20260819T155147Z-386f95dd,B1::m6_4-trial-010,m6_4-trial-010,oracle_stable_two,2,2,0.6,2,0.35,1,1,0.25
track1_5ch,recordingSessionGroup,track1_5ch|session|outer-02,m6_4-dataset-20260819T155147Z-386f95dd,B1,m6_4-dataset-20260819T155147Z-386f95dd,B1::m6_4-trial-010,m6_4-trial-010,oracle_stable_two_margin005,2,2,0.6,2,0.4,1,1,0.19999999999999996
track1_5ch,recordingSessionGroup,track1_5ch|session|outer-02,m6_4-dataset-20260819T155147Z-386f95dd,B1,m6_4-dataset-20260819T155147Z-386f95dd,B1::m6_4-trial-010,m6_4-trial-010,oracle_stable_two_baseline_margin,2,2,0.6,2,0.6,0,1,0.0
track1_5ch,recordingSessionGroup,track1_5ch|session|outer-02,m6_4-dataset-20260819T155147Z-386f95dd,B1,m6_4-dataset-20260819T155147Z-386f95dd,B1::m6_4-trial-010,m6_4-trial-010,oracle_multiview_band_harmonic,2,2,0.6,2,0.4,1,1,0.19999999999999996
track1_5ch,recordingSessionGroup,track1_5ch|session|outer-02,m6_4-dataset-20260819T155147Z-386f95dd,B1,m6_4-dataset-20260819T155147Z-386f95dd,B1::m6_4-trial-012,m6_4-trial-012,oracle_unconstrained_correct_top,0,0,0.25,0,0.2,1,1,0.04999999999999999
track1_5ch,recordingSessionGroup,track1_5ch|session|outer-02,m6_4-dataset-20260819T155147Z-386f95dd,B1,m6_4-dataset-20260819T155147Z-386f95dd,B1::m6_4-trial-012,m6_4-trial-012,oracle_stable_two,0,0,0.25,0,0.25,0,1,0.0
track1_5ch,recordingSessionGroup,track1_5ch|session|outer-02,m6_4-dataset-20260819T155147Z-386f95dd,B1,m6_4-dataset-20260819T155147Z-386f95dd,B1::m6_4-trial-012,m6_4-trial-012,oracle_stable_two_margin005,0,0,0.25,0,0.25,0,1,0.0
track1_5ch,recordingSessionGroup,track1_5ch|session|outer-02,m6_4-dataset-20260819T155147Z-386f95dd,B1,m6_4-dataset-20260819T155147Z-386f95dd,B1::m6_4-trial-012,m6_4-trial-012,oracle_stable_two_baseline_margin,0,0,0.25,0,0.25,0,1,0.0
track1_5ch,recordingSessionGroup,track1_5ch|session|outer-02,m6_4-dataset-20260819T155147Z-386f95dd,B1,m6_4-dataset-20260819T155147Z-386f95dd,B1::m6_4-trial-012,m6_4-trial-012,oracle_multiview_band_harmonic,0,0,0.25,0,0.25,0,1,0.0
track1_5ch,recordingSessionGroup,track1_5ch|session|outer-02,m6_4-dataset-20260819T155147Z-386f95dd,B1,m6_4-dataset-20260819T155147Z-386f95dd,B1::m6_4-trial-013,m6_4-trial-013,oracle_unconstrained_correct_top,0,0,0.25,0,0.2,1,1,0.04999999999999999
track1_5ch,recordingSessionGroup,track1_5ch|session|outer-02,m6_4-dataset-20260819T155147Z-386f95dd,B1,m6_4-dataset-20260819T155147Z-386f95dd,B1::m6_4-trial-013,m6_4-trial-013,oracle_stable_two,0,0,0.25,0,0.25,0,1,0.0
track1_5ch,recordingSessionGroup,track1_5ch|session|outer-02,m6_4-dataset-20260819T155147Z-386f95dd,B1,m6_4-dataset-20260819T155147Z-386f95dd,B1::m6_4-trial-013,m6_4-trial-013,oracle_stable_two_margin005,0,0,0.25,0,0.25,0,1,0.0
track1_5ch,recordingSessionGroup,track1_5ch|session|outer-02,m6_4-dataset-20260819T155147Z-386f95dd,B1,m6_4-dataset-20260819T155147Z-386f95dd,B1::m6_4-trial-013,m6_4-trial-013,oracle_stable_two_baseline_margin,0,0,0.25,0,0.25,0,1,0.0
track1_5ch,recordingSessionGroup,track1_5ch|session|outer-02,m6_4-dataset-20260819T155147Z-386f95dd,B1,m6_4-dataset-20260819T155147Z-386f95dd,B1::m6_4-trial-013,m6_4-trial-013,oracle_multiview_band_harmonic,0,0,0.25,0,0.25,0,1,0.0
track1_5ch,recordingSessionGroup,track1_5ch|session|outer-02,m6_4-dataset-20260819T155147Z-386f95dd,B1,m6_4-dataset-20260819T155147Z-386f95dd,B1::m6_4-trial-014,m6_4-trial-014,oracle_unconstrained_correct_top,1,2,1.0,1,0.25,1,1,0.75
track1_5ch,recordingSessionGroup,track1_5ch|session|outer-02,m6_4-dataset-20260819T155147Z-386f95dd,B1,m6_4-dataset-20260819T155147Z-386f95dd,B1::m6_4-trial-014,m6_4-trial-014,oracle_stable_two,1,2,1.0,1,0.3,1,1,0.7
track1_5ch,recordingSessionGroup,track1_5ch|session|outer-02,m6_4-dataset-20260819T155147Z-386f95dd,B1,m6_4-dataset-20260819T155147Z-386f95dd,B1::m6_4-trial-014,m6_4-trial-014,oracle_stable_two_margin005,1,2,1.0,1,0.4,1,1,0.6
track1_5ch,recordingSessionGroup,track1_5ch|session|outer-02,m6_4-dataset-20260819T155147Z-386f95dd,B1,m6_4-dataset-20260819T155147Z-386f95dd,B1::m6_4-trial-014,m6_4-trial-014,oracle_stable_two_baseline_margin,1,2,1.0,2,1.0,0,0,0.0
track1_5ch,recordingSessionGroup,track1_5ch|session|outer-02,m6_4-dataset-20260819T155147Z-386f95dd,B1,m6_4-dataset-20260819T155147Z-386f95dd,B1::m6_4-trial-014,m6_4-trial-014,oracle_multiview_band_harmonic,1,2,1.0,2,1.0,0,0,0.0
track1_5ch,recordingSessionGroup,track1_5ch|session|outer-02,m6_4-dataset-20260819T155147Z-386f95dd,B1,m6_4-dataset-20260819T155147Z-386f95dd,B1::m6_4-trial-015,m6_4-trial-015,oracle_unconstrained_correct_top,2,2,0.6,2,0.25,1,1,0.35
track1_5ch,recordingSessionGroup,track1_5ch|session|outer-02,m6_4-dataset-20260819T155147Z-386f95dd,B1,m6_4-dataset-20260819T155147Z-386f95dd,B1::m6_4-trial-015,m6_4-trial-015,oracle_stable_two,2,2,0.6,2,0.3,1,1,0.3
track1_5ch,recordingSessionGroup,track1_5ch|session|outer-02,m6_4-dataset-20260819T155147Z-386f95dd,B1,m6_4-dataset-20260819T155147Z-386f95dd,B1::m6_4-trial-015,m6_4-trial-015,oracle_stable_two_margin005,2,2,0.6,2,0.3,1,1,0.3
track1_5ch,recordingSessionGroup,track1_5ch|session|outer-02,m6_4-dataset-20260819T155147Z-386f95dd,B1,m6_4-dataset-20260819T155147Z-386f95dd,B1::m6_4-trial-015,m6_4-trial-015,oracle_stable_two_baseline_margin,2,2,0.6,2,0.6,0,1,0.0
track1_5ch,recordingSessionGroup,track1_5ch|session|outer-02,m6_4-dataset-20260819T155147Z-386f95dd,B1,m6_4-dataset-20260819T155147Z-386f95dd,B1::m6_4-trial-015,m6_4-trial-015,oracle_multiview_band_harmonic,2,2,0.6,2,0.3,1,1,0.3
track1_5ch,recordingSessionGroup,track1_5ch|session|outer-02,m6_4-dataset-20260819T155147Z-386f95dd,B1,m6_4-dataset-20260819T155147Z-386f95dd,B1::m6_4-trial-016,m6_4-trial-016,oracle_unconstrained_correct_top,1,1,1.0,1,0.6,1,1,0.4
track1_5ch,recordingSessionGroup,track1_5ch|session|outer-02,m6_4-dataset-20260819T155147Z-386f95dd,B1,m6_4-dataset-20260819T155147Z-386f95dd,B1::m6_4-trial-016,m6_4-trial-016,oracle_stable_two,1,1,1.0,1,0.8,1,1,0.19999999999999996
track1_5ch,recordingSessionGroup,track1_5ch|session|outer-02,m6_4-dataset-20260819T155147Z-386f95dd,B1,m6_4-dataset-20260819T155147Z-386f95dd,B1::m6_4-trial-016,m6_4-trial-016,oracle_stable_two_margin005,1,1,1.0,1,0.8,1,1,0.19999999999999996
track1_5ch,recordingSessionGroup,track1_5ch|session|outer-02,m6_4-dataset-20260819T155147Z-386f95dd,B1,m6_4-dataset-20260819T155147Z-386f95dd,B1::m6_4-trial-016,m6_4-trial-016,oracle_stable_two_baseline_margin,1,1,1.0,1,1.0,0,1,0.0
track1_5ch,recordingSessionGroup,track1_5ch|session|outer-02,m6_4-dataset-20260819T155147Z-386f95dd,B1,m6_4-dataset-20260819T155147Z-386f95dd,B1::m6_4-trial-016,m6_4-trial-016,oracle_multiview_band_harmonic,1,1,1.0,1,0.8,1,1,0.19999999999999996
track1_5ch,recordingSessionGroup,track1_5ch|session|outer-02,m6_4-dataset-20260819T155147Z-386f95dd,B1,m6_4-dataset-20260819T155147Z-386f95dd,B1::m6_4-trial-017,m6_4-trial-017,oracle_unconstrained_correct_top,2,2,0.25,2,0.2,1,1,0.04999999999999999
track1_5ch,recordingSessionGroup,track1_5ch|session|outer-02,m6_4-dataset-20260819T155147Z-386f95dd,B1,m6_4-dataset-20260819T155147Z-386f95dd,B1::m6_4-trial-017,m6_4-trial-017,oracle_stable_two,2,2,0.25,2,0.25,0,1,0.0
track1_5ch,recordingSessionGroup,track1_5ch|session|outer-02,m6_4-dataset-20260819T155147Z-386f95dd,B1,m6_4-dataset-20260819T155147Z-386f95dd,B1::m6_4-trial-017,m6_4-trial-017,oracle_stable_two_margin005,2,2,0.25,2,0.25,0,1,0.0
track1_5ch,recordingSessionGroup,track1_5ch|session|outer-02,m6_4-dataset-20260819T155147Z-386f95dd,B1,m6_4-dataset-20260819T155147Z-386f95dd,B1::m6_4-trial-017,m6_4-trial-017,oracle_stable_two_baseline_margin,2,2,0.25,2,0.25,0,1,0.0
track1_5ch,recordingSessionGroup,track1_5ch|session|outer-02,m6_4-dataset-20260819T155147Z-386f95dd,B1,m6_4-dataset-20260819T155147Z-386f95dd,B1::m6_4-trial-017,m6_4-trial-017,oracle_multiview_band_harmonic,2,2,0.25,2,0.25,0,1,0.0
track1_5ch,recordingSessionGroup,track1_5ch|session|outer-02,m6_4-dataset-20260819T155147Z-386f95dd,B1,m6_4-dataset-20260819T155147Z-386f95dd,B1::m6_4-trial-018,m6_4-trial-018,oracle_unconstrained_correct_top,0,0,0.35,0,0.2,1,1,0.14999999999999997
track1_5ch,recordingSessionGroup,track1_5ch|session|outer-02,m6_4-dataset-20260819T155147Z-386f95dd,B1,m6_4-dataset-20260819T155147Z-386f95dd,B1::m6_4-trial-018,m6_4-trial-018,oracle_stable_two,0,0,0.35,0,0.25,1,1,0.09999999999999998
track1_5ch,recordingSessionGroup,track1_5ch|session|outer-02,m6_4-dataset-20260819T155147Z-386f95dd,B1,m6_4-dataset-20260819T155147Z-386f95dd,B1::m6_4-trial-018,m6_4-trial-018,oracle_stable_two_margin005,0,0,0.35,0,0.3,1,1,0.04999999999999999
track1_5ch,recordingSessionGroup,track1_5ch|session|outer-02,m6_4-dataset-20260819T155147Z-386f95dd,B1,m6_4-dataset-20260819T155147Z-386f95dd,B1::m6_4-trial-018,m6_4-trial-018,oracle_stable_two_baseline_margin,0,0,0.35,0,0.35,0,1,0.0
track1_5ch,recordingSessionGroup,track1_5ch|session|outer-02,m6_4-dataset-20260819T155147Z-386f95dd,B1,m6_4-dataset-20260819T155147Z-386f95dd,B1::m6_4-trial-018,m6_4-trial-018,oracle_multiview_band_harmonic,0,0,0.35,0,0.35,0,1,0.0
track1_5ch,recordingSessionGroup,track1_5ch|session|outer-02,m6_4-dataset-20260819T155147Z-386f95dd,B1,m6_4-dataset-20260819T155147Z-386f95dd,B1::m6_4-trial-019,m6_4-trial-019,oracle_unconstrained_correct_top,2,2,0.3,2,0.2,1,1,0.09999999999999998
track1_5ch,recordingSessionGroup,track1_5ch|session|outer-02,m6_4-dataset-20260819T155147Z-386f95dd,B1,m6_4-dataset-20260819T155147Z-386f95dd,B1::m6_4-trial-019,m6_4-trial-019,oracle_stable_two,2,2,0.3,2,0.25,1,1,0.04999999999999999
track1_5ch,recordingSessionGroup,track1_5ch|session|outer-02,m6_4-dataset-20260819T155147Z-386f95dd,B1,m6_4-dataset-20260819T155147Z-386f95dd,B1::m6_4-trial-019,m6_4-trial-019,oracle_stable_two_margin005,2,2,0.3,2,0.25,1,1,0.04999999999999999
track1_5ch,recordingSessionGroup,track1_5ch|session|outer-02,m6_4-dataset-20260819T155147Z-386f95dd,B1,m6_4-dataset-20260819T155147Z-386f95dd,B1::m6_4-trial-019,m6_4-trial-019,oracle_stable_two_baseline_margin,2,2,0.3,2,0.3,0,1,0.0
track1_5ch,recordingSessionGroup,track1_5ch|session|outer-02,m6_4-dataset-20260819T155147Z-386f95dd,B1,m6_4-dataset-20260819T155147Z-386f95dd,B1::m6_4-trial-019,m6_4-trial-019,oracle_multiview_band_harmonic,2,2,0.3,2,0.25,1,1,0.04999999999999999
track1_5ch,recordingSessionGroup,track1_5ch|session|outer-02,m6_4-dataset-20260819T155147Z-386f95dd,B1,m6_4-dataset-20260819T155147Z-386f95dd,B1::m6_4-trial-020,m6_4-trial-020,oracle_unconstrained_correct_top,1,1,0.35,1,0.2,1,1,0.14999999999999997
track1_5ch,recordingSessionGroup,track1_5ch|session|outer-02,m6_4-dataset-20260819T155147Z-386f95dd,B1,m6_4-dataset-20260819T155147Z-386f95dd,B1::m6_4-trial-020,m6_4-trial-020,oracle_stable_two,1,1,0.35,1,0.25,1,1,0.09999999999999998
track1_5ch,recordingSessionGroup,track1_5ch|session|outer-02,m6_4-dataset-20260819T155147Z-386f95dd,B1,m6_4-dataset-20260819T155147Z-386f95dd,B1::m6_4-trial-020,m6_4-trial-020,oracle_stable_two_margin005,1,1,0.35,1,0.25,1,1,0.09999999999999998
track1_5ch,recordingSessionGroup,track1_5ch|session|outer-02,m6_4-dataset-20260819T155147Z-386f95dd,B1,m6_4-dataset-20260819T155147Z-386f95dd,B1::m6_4-trial-020,m6_4-trial-020,oracle_stable_two_baseline_margin,1,1,0.35,1,0.35,0,1,0.0
track1_5ch,recordingSessionGroup,track1_5ch|session|outer-02,m6_4-dataset-20260819T155147Z-386f95dd,B1,m6_4-dataset-20260819T155147Z-386f95dd,B1::m6_4-trial-020,m6_4-trial-020,oracle_multiview_band_harmonic,1,1,0.35,1,0.25,1,1,0.09999999999999998
track1_5ch,recordingSessionGroup,track1_5ch|session|outer-02,m6_4-dataset-20260819T155147Z-386f95dd,B1,m6_4-dataset-20260819T155147Z-386f95dd,B1::m6_4-trial-021,m6_4-trial-021,oracle_unconstrained_correct_top,1,1,0.3,1,0.25,1,1,0.04999999999999999
track1_5ch,recordingSessionGroup,track1_5ch|session|outer-02,m6_4-dataset-20260819T155147Z-386f95dd,B1,m6_4-dataset-20260819T155147Z-386f95dd,B1::m6_4-trial-021,m6_4-trial-021,oracle_stable_two,1,1,0.3,1,0.3,0,1,0.0
track1_5ch,recordingSessionGroup,track1_5ch|session|outer-02,m6_4-dataset-20260819T155147Z-386f95dd,B1,m6_4-dataset-20260819T155147Z-386f95dd,B1::m6_4-trial-021,m6_4-trial-021,oracle_stable_two_margin005,1,1,0.3,1,0.3,0,1,0.0
track1_5ch,recordingSessionGroup,track1_5ch|session|outer-02,m6_4-dataset-20260819T155147Z-386f95dd,B1,m6_4-dataset-20260819T155147Z-386f95dd,B1::m6_4-trial-021,m6_4-trial-021,oracle_stable_two_baseline_margin,1,1,0.3,1,0.3,0,1,0.0
track1_5ch,recordingSessionGroup,track1_5ch|session|outer-02,m6_4-dataset-20260819T155147Z-386f95dd,B1,m6_4-dataset-20260819T155147Z-386f95dd,B1::m6_4-trial-021,m6_4-trial-021,oracle_multiview_band_harmonic,1,1,0.3,1,0.3,0,1,0.0
track1_5ch,recordingSessionGroup,track1_5ch|session|outer-02,m6_4-dataset-20260819T155147Z-386f95dd,B1,m6_4-dataset-20260819T155147Z-386f95dd,B1::m6_4-trial-022,m6_4-trial-022,oracle_unconstrained_correct_top,0,0,1.0,0,0.2,1,1,0.8
track1_5ch,recordingSessionGroup,track1_5ch|session|outer-02,m6_4-dataset-20260819T155147Z-386f95dd,B1,m6_4-dataset-20260819T155147Z-386f95dd,B1::m6_4-trial-022,m6_4-trial-022,oracle_stable_two,0,0,1.0,0,0.6,1,1,0.4
track1_5ch,recordingSessionGroup,track1_5ch|session|outer-02,m6_4-dataset-20260819T155147Z-386f95dd,B1,m6_4-dataset-20260819T155147Z-386f95dd,B1::m6_4-trial-022,m6_4-trial-022,oracle_stable_two_margin005,0,0,1.0,0,0.8,1,1,0.19999999999999996
track1_5ch,recordingSessionGroup,track1_5ch|session|outer-02,m6_4-dataset-20260819T155147Z-386f95dd,B1,m6_4-dataset-20260819T155147Z-386f95dd,B1::m6_4-trial-022,m6_4-trial-022,oracle_stable_two_baseline_margin,0,0,1.0,0,1.0,0,1,0.0
track1_5ch,recordingSessionGroup,track1_5ch|session|outer-02,m6_4-dataset-20260819T155147Z-386f95dd,B1,m6_4-dataset-20260819T155147Z-386f95dd,B1::m6_4-trial-022,m6_4-trial-022,oracle_multiview_band_harmonic,0,0,1.0,0,0.8,1,1,0.19999999999999996
track1_5ch,recordingSessionGroup,track1_5ch|session|outer-02,m6_4-dataset-20260819T155147Z-386f95dd,B1,m6_4-dataset-20260819T155147Z-386f95dd,B1::m6_4-trial-023,m6_4-trial-023,oracle_unconstrained_correct_top,1,1,0.6,1,0.2,1,1,0.39999999999999997
track1_5ch,recordingSessionGroup,track1_5ch|session|outer-02,m6_4-dataset-20260819T155147Z-386f95dd,B1,m6_4-dataset-20260819T155147Z-386f95dd,B1::m6_4-trial-023,m6_4-trial-023,oracle_stable_two,1,1,0.6,1,0.35,1,1,0.25
track1_5ch,recordingSessionGroup,track1_5ch|session|outer-02,m6_4-dataset-20260819T155147Z-386f95dd,B1,m6_4-dataset-20260819T155147Z-386f95dd,B1::m6_4-trial-023,m6_4-trial-023,oracle_stable_two_margin005,1,1,0.6,1,0.35,1,1,0.25
track1_5ch,recordingSessionGroup,track1_5ch|session|outer-02,m6_4-dataset-20260819T155147Z-386f95dd,B1,m6_4-dataset-20260819T155147Z-386f95dd,B1::m6_4-trial-023,m6_4-trial-023,oracle_stable_two_baseline_margin,1,1,0.6,1,0.6,0,1,0.0
track1_5ch,recordingSessionGroup,track1_5ch|session|outer-02,m6_4-dataset-20260819T155147Z-386f95dd,B1,m6_4-dataset-20260819T155147Z-386f95dd,B1::m6_4-trial-023,m6_4-trial-023,oracle_multiview_band_harmonic,1,1,0.6,1,0.35,1,1,0.25
track1_5ch,recordingSessionGroup,track1_5ch|session|outer-02,m6_4-dataset-20260819T155147Z-386f95dd,B1,m6_4-dataset-20260819T155147Z-386f95dd,B1::m6_4-trial-024,m6_4-trial-024,oracle_unconstrained_correct_top,2,2,0.3,2,0.2,1,1,0.09999999999999998
track1_5ch,recordingSessionGroup,track1_5ch|session|outer-02,m6_4-dataset-20260819T155147Z-386f95dd,B1,m6_4-dataset-20260819T155147Z-386f95dd,B1::m6_4-trial-024,m6_4-trial-024,oracle_stable_two,2,2,0.3,2,0.25,1,1,0.04999999999999999
track1_5ch,recordingSessionGroup,track1_5ch|session|outer-02,m6_4-dataset-20260819T155147Z-386f95dd,B1,m6_4-dataset-20260819T155147Z-386f95dd,B1::m6_4-trial-024,m6_4-trial-024,oracle_stable_two_margin005,2,2,0.3,2,0.25,1,1,0.04999999999999999
track1_5ch,recordingSessionGroup,track1_5ch|session|outer-02,m6_4-dataset-20260819T155147Z-386f95dd,B1,m6_4-dataset-20260819T155147Z-386f95dd,B1::m6_4-trial-024,m6_4-trial-024,oracle_stable_two_baseline_margin,2,2,0.3,2,0.3,0,1,0.0
track1_5ch,recordingSessionGroup,track1_5ch|session|outer-02,m6_4-dataset-20260819T155147Z-386f95dd,B1,m6_4-dataset-20260819T155147Z-386f95dd,B1::m6_4-trial-024,m6_4-trial-024,oracle_multiview_band_harmonic,2,2,0.3,2,0.25,1,1,0.04999999999999999
track1_5ch,recordingSessionGroup,track1_5ch|session|outer-02,m6_4-dataset-20260819T155147Z-386f95dd,B1,m6_4-dataset-20260819T155147Z-386f95dd,B1::m6_4-trial-025,m6_4-trial-025,oracle_unconstrained_correct_top,0,0,0.35,0,0.25,1,1,0.09999999999999998
track1_5ch,recordingSessionGroup,track1_5ch|session|outer-02,m6_4-dataset-20260819T155147Z-386f95dd,B1,m6_4-dataset-20260819T155147Z-386f95dd,B1::m6_4-trial-025,m6_4-trial-025,oracle_stable_two,0,0,0.35,0,0.3,1,1,0.04999999999999999
track1_5ch,recordingSessionGroup,track1_5ch|session|outer-02,m6_4-dataset-20260819T155147Z-386f95dd,B1,m6_4-dataset-20260819T155147Z-386f95dd,B1::m6_4-trial-025,m6_4-trial-025,oracle_stable_two_margin005,0,0,0.35,0,0.3,1,1,0.04999999999999999
track1_5ch,recordingSessionGroup,track1_5ch|session|outer-02,m6_4-dataset-20260819T155147Z-386f95dd,B1,m6_4-dataset-20260819T155147Z-386f95dd,B1::m6_4-trial-025,m6_4-trial-025,oracle_stable_two_baseline_margin,0,0,0.35,0,0.35,0,1,0.0
track1_5ch,recordingSessionGroup,track1_5ch|session|outer-02,m6_4-dataset-20260819T155147Z-386f95dd,B1,m6_4-dataset-20260819T155147Z-386f95dd,B1::m6_4-trial-025,m6_4-trial-025,oracle_multiview_band_harmonic,0,0,0.35,0,0.3,1,1,0.04999999999999999
track1_5ch,recordingSessionGroup,track1_5ch|session|outer-02,m6_4-dataset-20260819T155147Z-386f95dd,B1,m6_4-dataset-20260819T155147Z-386f95dd,B1::m6_4-trial-026,m6_4-trial-026,oracle_unconstrained_correct_top,0,0,0.4,0,0.35,1,1,0.050000000000000044
track1_5ch,recordingSessionGroup,track1_5ch|session|outer-02,m6_4-dataset-20260819T155147Z-386f95dd,B1,m6_4-dataset-20260819T155147Z-386f95dd,B1::m6_4-trial-026,m6_4-trial-026,oracle_stable_two,0,0,0.4,0,0.4,0,1,0.0
track1_5ch,recordingSessionGroup,track1_5ch|session|outer-02,m6_4-dataset-20260819T155147Z-386f95dd,B1,m6_4-dataset-20260819T155147Z-386f95dd,B1::m6_4-trial-026,m6_4-trial-026,oracle_stable_two_margin005,0,0,0.4,0,0.4,0,1,0.0
track1_5ch,recordingSessionGroup,track1_5ch|session|outer-02,m6_4-dataset-20260819T155147Z-386f95dd,B1,m6_4-dataset-20260819T155147Z-386f95dd,B1::m6_4-trial-026,m6_4-trial-026,oracle_stable_two_baseline_margin,0,0,0.4,0,0.4,0,1,0.0
track1_5ch,recordingSessionGroup,track1_5ch|session|outer-02,m6_4-dataset-20260819T155147Z-386f95dd,B1,m6_4-dataset-20260819T155147Z-386f95dd,B1::m6_4-trial-026,m6_4-trial-026,oracle_multiview_band_harmonic,0,0,0.4,0,0.4,0,1,0.0
track1_5ch,recordingSessionGroup,track1_5ch|session|outer-02,m6_4-dataset-20260819T155147Z-386f95dd,B1,m6_4-dataset-20260819T155147Z-386f95dd,B1::m6_4-trial-027,m6_4-trial-027,oracle_unconstrained_correct_top,1,1,0.25,1,0.2,1,1,0.04999999999999999
track1_5ch,recordingSessionGroup,track1_5ch|session|outer-02,m6_4-dataset-20260819T155147Z-386f95dd,B1,m6_4-dataset-20260819T155147Z-386f95dd,B1::m6_4-trial-027,m6_4-trial-027,oracle_stable_two,1,1,0.25,1,0.25,0,1,0.0
track1_5ch,recordingSessionGroup,track1_5ch|session|outer-02,m6_4-dataset-20260819T155147Z-386f95dd,B1,m6_4-dataset-20260819T155147Z-386f95dd,B1::m6_4-trial-027,m6_4-trial-027,oracle_stable_two_margin005,1,1,0.25,1,0.25,0,1,0.0
track1_5ch,recordingSessionGroup,track1_5ch|session|outer-02,m6_4-dataset-20260819T155147Z-386f95dd,B1,m6_4-dataset-20260819T155147Z-386f95dd,B1::m6_4-trial-027,m6_4-trial-027,oracle_stable_two_baseline_margin,1,1,0.25,1,0.25,0,1,0.0
track1_5ch,recordingSessionGroup,track1_5ch|session|outer-02,m6_4-dataset-20260819T155147Z-386f95dd,B1,m6_4-dataset-20260819T155147Z-386f95dd,B1::m6_4-trial-027,m6_4-trial-027,oracle_multiview_band_harmonic,1,1,0.25,1,0.25,0,1,0.0
track1_5ch,recordingSessionGroup,track1_5ch|session|outer-02,m6_4-dataset-20260819T155147Z-386f95dd,B1,m6_4-dataset-20260819T155147Z-386f95dd,B1::m6_4-trial-028,m6_4-trial-028,oracle_unconstrained_correct_top,1,1,0.8,1,0.25,1,1,0.55
track1_5ch,recordingSessionGroup,track1_5ch|session|outer-02,m6_4-dataset-20260819T155147Z-386f95dd,B1,m6_4-dataset-20260819T155147Z-386f95dd,B1::m6_4-trial-028,m6_4-trial-028,oracle_stable_two,1,1,0.8,1,0.8,0,1,0.0
track1_5ch,recordingSessionGroup,track1_5ch|session|outer-02,m6_4-dataset-20260819T155147Z-386f95dd,B1,m6_4-dataset-20260819T155147Z-386f95dd,B1::m6_4-trial-028,m6_4-trial-028,oracle_stable_two_margin005,1,1,0.8,1,0.8,0,1,0.0
track1_5ch,recordingSessionGroup,track1_5ch|session|outer-02,m6_4-dataset-20260819T155147Z-386f95dd,B1,m6_4-dataset-20260819T155147Z-386f95dd,B1::m6_4-trial-028,m6_4-trial-028,oracle_stable_two_baseline_margin,1,1,0.8,1,0.8,0,1,0.0
track1_5ch,recordingSessionGroup,track1_5ch|session|outer-02,m6_4-dataset-20260819T155147Z-386f95dd,B1,m6_4-dataset-20260819T155147Z-386f95dd,B1::m6_4-trial-028,m6_4-trial-028,oracle_multiview_band_harmonic,1,1,0.8,1,0.8,0,1,0.0
track1_5ch,recordingSessionGroup,track1_5ch|session|outer-02,m6_4-dataset-20260819T155147Z-386f95dd,B1,m6_4-dataset-20260819T155147Z-386f95dd,B1::m6_4-trial-029,m6_4-trial-029,oracle_unconstrained_correct_top,0,0,0.8,0,0.25,1,1,0.55
track1_5ch,recordingSessionGroup,track1_5ch|session|outer-02,m6_4-dataset-20260819T155147Z-386f95dd,B1,m6_4-dataset-20260819T155147Z-386f95dd,B1::m6_4-trial-029,m6_4-trial-029,oracle_stable_two,0,0,0.8,0,0.4,1,1,0.4
track1_5ch,recordingSessionGroup,track1_5ch|session|outer-02,m6_4-dataset-20260819T155147Z-386f95dd,B1,m6_4-dataset-20260819T155147Z-386f95dd,B1::m6_4-trial-029,m6_4-trial-029,oracle_stable_two_margin005,0,0,0.8,0,0.4,1,1,0.4
track1_5ch,recordingSessionGroup,track1_5ch|session|outer-02,m6_4-dataset-20260819T155147Z-386f95dd,B1,m6_4-dataset-20260819T155147Z-386f95dd,B1::m6_4-trial-029,m6_4-trial-029,oracle_stable_two_baseline_margin,0,0,0.8,0,0.8,0,1,0.0
track1_5ch,recordingSessionGroup,track1_5ch|session|outer-02,m6_4-dataset-20260819T155147Z-386f95dd,B1,m6_4-dataset-20260819T155147Z-386f95dd,B1::m6_4-trial-029,m6_4-trial-029,oracle_multiview_band_harmonic,0,0,0.8,0,0.8,0,1,0.0
track1_5ch,recordingSessionGroup,track1_5ch|session|outer-02,m6_4-dataset-20260819T155147Z-386f95dd,B1,m6_4-dataset-20260819T155147Z-386f95dd,B1::m6_4-trial-030,m6_4-trial-030,oracle_unconstrained_correct_top,2,2,0.4,2,0.35,1,1,0.050000000000000044
track1_5ch,recordingSessionGroup,track1_5ch|session|outer-02,m6_4-dataset-20260819T155147Z-386f95dd,B1,m6_4-dataset-20260819T155147Z-386f95dd,B1::m6_4-trial-030,m6_4-trial-030,oracle_stable_two,2,2,0.4,2,0.4,0,1,0.0
track1_5ch,recordingSessionGroup,track1_5ch|session|outer-02,m6_4-dataset-20260819T155147Z-386f95dd,B1,m6_4-dataset-20260819T155147Z-386f95dd,B1::m6_4-trial-030,m6_4-trial-030,oracle_stable_two_margin005,2,2,0.4,2,0.4,0,1,0.0
track1_5ch,recordingSessionGroup,track1_5ch|session|outer-02,m6_4-dataset-20260819T155147Z-386f95dd,B1,m6_4-dataset-20260819T155147Z-386f95dd,B1::m6_4-trial-030,m6_4-trial-030,oracle_stable_two_baseline_margin,2,2,0.4,2,0.4,0,1,0.0
track1_5ch,recordingSessionGroup,track1_5ch|session|outer-02,m6_4-dataset-20260819T155147Z-386f95dd,B1,m6_4-dataset-20260819T155147Z-386f95dd,B1::m6_4-trial-030,m6_4-trial-030,oracle_multiview_band_harmonic,2,2,0.4,2,0.4,0,1,0.0
track1_5ch,recordingSessionGroup,track1_5ch|session|outer-03,m6_4-dataset-20260819T161943Z-afaac607,B2,m6_4-dataset-20260819T161943Z-afaac607,B2::m6_4-trial-001,m6_4-trial-001,oracle_unconstrained_correct_top,2,2,0.25,2,0.2,1,1,0.04999999999999999
track1_5ch,recordingSessionGroup,track1_5ch|session|outer-03,m6_4-dataset-20260819T161943Z-afaac607,B2,m6_4-dataset-20260819T161943Z-afaac607,B2::m6_4-trial-001,m6_4-trial-001,oracle_stable_two,2,2,0.25,2,0.25,0,1,0.0
track1_5ch,recordingSessionGroup,track1_5ch|session|outer-03,m6_4-dataset-20260819T161943Z-afaac607,B2,m6_4-dataset-20260819T161943Z-afaac607,B2::m6_4-trial-001,m6_4-trial-001,oracle_stable_two_margin005,2,2,0.25,2,0.25,0,1,0.0
track1_5ch,recordingSessionGroup,track1_5ch|session|outer-03,m6_4-dataset-20260819T161943Z-afaac607,B2,m6_4-dataset-20260819T161943Z-afaac607,B2::m6_4-trial-001,m6_4-trial-001,oracle_stable_two_baseline_margin,2,2,0.25,2,0.25,0,1,0.0
track1_5ch,recordingSessionGroup,track1_5ch|session|outer-03,m6_4-dataset-20260819T161943Z-afaac607,B2,m6_4-dataset-20260819T161943Z-afaac607,B2::m6_4-trial-001,m6_4-trial-001,oracle_multiview_band_harmonic,2,2,0.25,2,0.25,0,1,0.0
track1_5ch,recordingSessionGroup,track1_5ch|session|outer-03,m6_4-dataset-20260819T161943Z-afaac607,B2,m6_4-dataset-20260819T161943Z-afaac607,B2::m6_4-trial-002,m6_4-trial-002,oracle_unconstrained_correct_top,0,0,0.25,0,0.2,1,1,0.04999999999999999
track1_5ch,recordingSessionGroup,track1_5ch|session|outer-03,m6_4-dataset-20260819T161943Z-afaac607,B2,m6_4-dataset-20260819T161943Z-afaac607,B2::m6_4-trial-002,m6_4-trial-002,oracle_stable_two,0,0,0.25,0,0.25,0,1,0.0
track1_5ch,recordingSessionGroup,track1_5ch|session|outer-03,m6_4-dataset-20260819T161943Z-afaac607,B2,m6_4-dataset-20260819T161943Z-afaac607,B2::m6_4-trial-002,m6_4-trial-002,oracle_stable_two_margin005,0,0,0.25,0,0.25,0,1,0.0
track1_5ch,recordingSessionGroup,track1_5ch|session|outer-03,m6_4-dataset-20260819T161943Z-afaac607,B2,m6_4-dataset-20260819T161943Z-afaac607,B2::m6_4-trial-002,m6_4-trial-002,oracle_stable_two_baseline_margin,0,0,0.25,0,0.25,0,1,0.0
track1_5ch,recordingSessionGroup,track1_5ch|session|outer-03,m6_4-dataset-20260819T161943Z-afaac607,B2,m6_4-dataset-20260819T161943Z-afaac607,B2::m6_4-trial-002,m6_4-trial-002,oracle_multiview_band_harmonic,0,0,0.25,0,0.25,0,1,0.0
track1_5ch,recordingSessionGroup,track1_5ch|session|outer-03,m6_4-dataset-20260819T161943Z-afaac607,B2,m6_4-dataset-20260819T161943Z-afaac607,B2::m6_4-trial-003,m6_4-trial-003,oracle_unconstrained_correct_top,1,1,0.3,1,0.2,1,1,0.09999999999999998
track1_5ch,recordingSessionGroup,track1_5ch|session|outer-03,m6_4-dataset-20260819T161943Z-afaac607,B2,m6_4-dataset-20260819T161943Z-afaac607,B2::m6_4-trial-003,m6_4-trial-003,oracle_stable_two,1,1,0.3,1,0.25,1,1,0.04999999999999999
track1_5ch,recordingSessionGroup,track1_5ch|session|outer-03,m6_4-dataset-20260819T161943Z-afaac607,B2,m6_4-dataset-20260819T161943Z-afaac607,B2::m6_4-trial-003,m6_4-trial-003,oracle_stable_two_margin005,1,1,0.3,1,0.25,1,1,0.04999999999999999
track1_5ch,recordingSessionGroup,track1_5ch|session|outer-03,m6_4-dataset-20260819T161943Z-afaac607,B2,m6_4-dataset-20260819T161943Z-afaac607,B2::m6_4-trial-003,m6_4-trial-003,oracle_stable_two_baseline_margin,1,1,0.3,1,0.3,0,1,0.0
track1_5ch,recordingSessionGroup,track1_5ch|session|outer-03,m6_4-dataset-20260819T161943Z-afaac607,B2,m6_4-dataset-20260819T161943Z-afaac607,B2::m6_4-trial-003,m6_4-trial-003,oracle_multiview_band_harmonic,1,1,0.3,1,0.25,1,1,0.04999999999999999
track1_5ch,recordingSessionGroup,track1_5ch|session|outer-03,m6_4-dataset-20260819T161943Z-afaac607,B2,m6_4-dataset-20260819T161943Z-afaac607,B2::m6_4-trial-004,m6_4-trial-004,oracle_unconstrained_correct_top,2,2,0.25,2,0.2,1,1,0.04999999999999999
track1_5ch,recordingSessionGroup,track1_5ch|session|outer-03,m6_4-dataset-20260819T161943Z-afaac607,B2,m6_4-dataset-20260819T161943Z-afaac607,B2::m6_4-trial-004,m6_4-trial-004,oracle_stable_two,2,2,0.25,2,0.25,0,1,0.0
track1_5ch,recordingSessionGroup,track1_5ch|session|outer-03,m6_4-dataset-20260819T161943Z-afaac607,B2,m6_4-dataset-20260819T161943Z-afaac607,B2::m6_4-trial-004,m6_4-trial-004,oracle_stable_two_margin005,2,2,0.25,2,0.25,0,1,0.0
track1_5ch,recordingSessionGroup,track1_5ch|session|outer-03,m6_4-dataset-20260819T161943Z-afaac607,B2,m6_4-dataset-20260819T161943Z-afaac607,B2::m6_4-trial-004,m6_4-trial-004,oracle_stable_two_baseline_margin,2,2,0.25,2,0.25,0,1,0.0
track1_5ch,recordingSessionGroup,track1_5ch|session|outer-03,m6_4-dataset-20260819T161943Z-afaac607,B2,m6_4-dataset-20260819T161943Z-afaac607,B2::m6_4-trial-004,m6_4-trial-004,oracle_multiview_band_harmonic,2,2,0.25,2,0.25,0,1,0.0
track1_5ch,recordingSessionGroup,track1_5ch|session|outer-03,m6_4-dataset-20260819T161943Z-afaac607,B2,m6_4-dataset-20260819T161943Z-afaac607,B2::m6_4-trial-005,m6_4-trial-005,oracle_unconstrained_correct_top,1,1,0.25,1,0.2,1,1,0.04999999999999999
track1_5ch,recordingSessionGroup,track1_5ch|session|outer-03,m6_4-dataset-20260819T161943Z-afaac607,B2,m6_4-dataset-20260819T161943Z-afaac607,B2::m6_4-trial-005,m6_4-trial-005,oracle_stable_two,1,1,0.25,1,0.25,0,1,0.0
track1_5ch,recordingSessionGroup,track1_5ch|session|outer-03,m6_4-dataset-20260819T161943Z-afaac607,B2,m6_4-dataset-20260819T161943Z-afaac607,B2::m6_4-trial-005,m6_4-trial-005,oracle_stable_two_margin005,1,1,0.25,1,0.25,0,1,0.0
track1_5ch,recordingSessionGroup,track1_5ch|session|outer-03,m6_4-dataset-20260819T161943Z-afaac607,B2,m6_4-dataset-20260819T161943Z-afaac607,B2::m6_4-trial-005,m6_4-trial-005,oracle_stable_two_baseline_margin,1,1,0.25,1,0.25,0,1,0.0
track1_5ch,recordingSessionGroup,track1_5ch|session|outer-03,m6_4-dataset-20260819T161943Z-afaac607,B2,m6_4-dataset-20260819T161943Z-afaac607,B2::m6_4-trial-005,m6_4-trial-005,oracle_multiview_band_harmonic,1,1,0.25,1,0.25,0,1,0.0
track1_5ch,recordingSessionGroup,track1_5ch|session|outer-03,m6_4-dataset-20260819T161943Z-afaac607,B2,m6_4-dataset-20260819T161943Z-afaac607,B2::m6_4-trial-006,m6_4-trial-006,oracle_unconstrained_correct_top,0,0,0.5,0,0.3,1,1,0.2
track1_5ch,recordingSessionGroup,track1_5ch|session|outer-03,m6_4-dataset-20260819T161943Z-afaac607,B2,m6_4-dataset-20260819T161943Z-afaac607,B2::m6_4-trial-006,m6_4-trial-006,oracle_stable_two,0,0,0.5,0,0.35,1,1,0.15000000000000002
track1_5ch,recordingSessionGroup,track1_5ch|session|outer-03,m6_4-dataset-20260819T161943Z-afaac607,B2,m6_4-dataset-20260819T161943Z-afaac607,B2::m6_4-trial-006,m6_4-trial-006,oracle_stable_two_margin005,0,0,0.5,0,0.35,1,1,0.15000000000000002
track1_5ch,recordingSessionGroup,track1_5ch|session|outer-03,m6_4-dataset-20260819T161943Z-afaac607,B2,m6_4-dataset-20260819T161943Z-afaac607,B2::m6_4-trial-006,m6_4-trial-006,oracle_stable_two_baseline_margin,0,0,0.5,0,0.5,0,1,0.0
track1_5ch,recordingSessionGroup,track1_5ch|session|outer-03,m6_4-dataset-20260819T161943Z-afaac607,B2,m6_4-dataset-20260819T161943Z-afaac607,B2::m6_4-trial-006,m6_4-trial-006,oracle_multiview_band_harmonic,0,0,0.5,0,0.35,1,1,0.15000000000000002
track1_5ch,recordingSessionGroup,track1_5ch|session|outer-03,m6_4-dataset-20260819T161943Z-afaac607,B2,m6_4-dataset-20260819T161943Z-afaac607,B2::m6_4-trial-007,m6_4-trial-007,oracle_unconstrained_correct_top,1,1,0.35,1,0.25,1,1,0.09999999999999998
track1_5ch,recordingSessionGroup,track1_5ch|session|outer-03,m6_4-dataset-20260819T161943Z-afaac607,B2,m6_4-dataset-20260819T161943Z-afaac607,B2::m6_4-trial-007,m6_4-trial-007,oracle_stable_two,1,1,0.35,1,0.3,1,1,0.04999999999999999
track1_5ch,recordingSessionGroup,track1_5ch|session|outer-03,m6_4-dataset-20260819T161943Z-afaac607,B2,m6_4-dataset-20260819T161943Z-afaac607,B2::m6_4-trial-007,m6_4-trial-007,oracle_stable_two_margin005,1,1,0.35,1,0.3,1,1,0.04999999999999999
track1_5ch,recordingSessionGroup,track1_5ch|session|outer-03,m6_4-dataset-20260819T161943Z-afaac607,B2,m6_4-dataset-20260819T161943Z-afaac607,B2::m6_4-trial-007,m6_4-trial-007,oracle_stable_two_baseline_margin,1,1,0.35,1,0.35,0,1,0.0
track1_5ch,recordingSessionGroup,track1_5ch|session|outer-03,m6_4-dataset-20260819T161943Z-afaac607,B2,m6_4-dataset-20260819T161943Z-afaac607,B2::m6_4-trial-007,m6_4-trial-007,oracle_multiview_band_harmonic,1,1,0.35,1,0.3,1,1,0.04999999999999999
track1_5ch,recordingSessionGroup,track1_5ch|session|outer-03,m6_4-dataset-20260819T161943Z-afaac607,B2,m6_4-dataset-20260819T161943Z-afaac607,B2::m6_4-trial-008,m6_4-trial-008,oracle_unconstrained_correct_top,2,2,0.4,2,0.3,1,1,0.10000000000000003
track1_5ch,recordingSessionGroup,track1_5ch|session|outer-03,m6_4-dataset-20260819T161943Z-afaac607,B2,m6_4-dataset-20260819T161943Z-afaac607,B2::m6_4-trial-008,m6_4-trial-008,oracle_stable_two,2,2,0.4,2,0.35,1,1,0.050000000000000044
track1_5ch,recordingSessionGroup,track1_5ch|session|outer-03,m6_4-dataset-20260819T161943Z-afaac607,B2,m6_4-dataset-20260819T161943Z-afaac607,B2::m6_4-trial-008,m6_4-trial-008,oracle_stable_two_margin005,2,2,0.4,2,0.35,1,1,0.050000000000000044
track1_5ch,recordingSessionGroup,track1_5ch|session|outer-03,m6_4-dataset-20260819T161943Z-afaac607,B2,m6_4-dataset-20260819T161943Z-afaac607,B2::m6_4-trial-008,m6_4-trial-008,oracle_stable_two_baseline_margin,2,2,0.4,2,0.4,0,1,0.0
track1_5ch,recordingSessionGroup,track1_5ch|session|outer-03,m6_4-dataset-20260819T161943Z-afaac607,B2,m6_4-dataset-20260819T161943Z-afaac607,B2::m6_4-trial-008,m6_4-trial-008,oracle_multiview_band_harmonic,2,2,0.4,2,0.35,1,1,0.050000000000000044
track1_5ch,recordingSessionGroup,track1_5ch|session|outer-03,m6_4-dataset-20260819T161943Z-afaac607,B2,m6_4-dataset-20260819T161943Z-afaac607,B2::m6_4-trial-009,m6_4-trial-009,oracle_unconstrained_correct_top,2,2,0.35,2,0.3,1,1,0.04999999999999999
track1_5ch,recordingSessionGroup,track1_5ch|session|outer-03,m6_4-dataset-20260819T161943Z-afaac607,B2,m6_4-dataset-20260819T161943Z-afaac607,B2::m6_4-trial-009,m6_4-trial-009,oracle_stable_two,2,2,0.35,2,0.35,0,1,0.0
track1_5ch,recordingSessionGroup,track1_5ch|session|outer-03,m6_4-dataset-20260819T161943Z-afaac607,B2,m6_4-dataset-20260819T161943Z-afaac607,B2::m6_4-trial-009,m6_4-trial-009,oracle_stable_two_margin005,2,2,0.35,2,0.35,0,1,0.0
track1_5ch,recordingSessionGroup,track1_5ch|session|outer-03,m6_4-dataset-20260819T161943Z-afaac607,B2,m6_4-dataset-20260819T161943Z-afaac607,B2::m6_4-trial-009,m6_4-trial-009,oracle_stable_two_baseline_margin,2,2,0.35,2,0.35,0,1,0.0
track1_5ch,recordingSessionGroup,track1_5ch|session|outer-03,m6_4-dataset-20260819T161943Z-afaac607,B2,m6_4-dataset-20260819T161943Z-afaac607,B2::m6_4-trial-009,m6_4-trial-009,oracle_multiview_band_harmonic,2,2,0.35,2,0.35,0,1,0.0
track1_5ch,recordingSessionGroup,track1_5ch|session|outer-03,m6_4-dataset-20260819T161943Z-afaac607,B2,m6_4-dataset-20260819T161943Z-afaac607,B2::m6_4-trial-010,m6_4-trial-010,oracle_unconstrained_correct_top,1,1,0.5,1,0.2,1,1,0.3
track1_5ch,recordingSessionGroup,track1_5ch|session|outer-03,m6_4-dataset-20260819T161943Z-afaac607,B2,m6_4-dataset-20260819T161943Z-afaac607,B2::m6_4-trial-010,m6_4-trial-010,oracle_stable_two,1,1,0.5,1,0.5,0,1,0.0
track1_5ch,recordingSessionGroup,track1_5ch|session|outer-03,m6_4-dataset-20260819T161943Z-afaac607,B2,m6_4-dataset-20260819T161943Z-afaac607,B2::m6_4-trial-010,m6_4-trial-010,oracle_stable_two_margin005,1,1,0.5,1,0.5,0,1,0.0
track1_5ch,recordingSessionGroup,track1_5ch|session|outer-03,m6_4-dataset-20260819T161943Z-afaac607,B2,m6_4-dataset-20260819T161943Z-afaac607,B2::m6_4-trial-010,m6_4-trial-010,oracle_stable_two_baseline_margin,1,1,0.5,1,0.5,0,1,0.0
track1_5ch,recordingSessionGroup,track1_5ch|session|outer-03,m6_4-dataset-20260819T161943Z-afaac607,B2,m6_4-dataset-20260819T161943Z-afaac607,B2::m6_4-trial-010,m6_4-trial-010,oracle_multiview_band_harmonic,1,1,0.5,1,0.5,0,1,0.0
track1_5ch,recordingSessionGroup,track1_5ch|session|outer-03,m6_4-dataset-20260819T161943Z-afaac607,B2,m6_4-dataset-20260819T161943Z-afaac607,B2::m6_4-trial-011,m6_4-trial-011,oracle_unconstrained_correct_top,0,2,0.35,0,0.2,1,1,0.14999999999999997
track1_5ch,recordingSessionGroup,track1_5ch|session|outer-03,m6_4-dataset-20260819T161943Z-afaac607,B2,m6_4-dataset-20260819T161943Z-afaac607,B2::m6_4-trial-011,m6_4-trial-011,oracle_stable_two,0,2,0.35,2,0.35,0,0,0.0
track1_5ch,recordingSessionGroup,track1_5ch|session|outer-03,m6_4-dataset-20260819T161943Z-afaac607,B2,m6_4-dataset-20260819T161943Z-afaac607,B2::m6_4-trial-011,m6_4-trial-011,oracle_stable_two_margin005,0,2,0.35,2,0.35,0,0,0.0
track1_5ch,recordingSessionGroup,track1_5ch|session|outer-03,m6_4-dataset-20260819T161943Z-afaac607,B2,m6_4-dataset-20260819T161943Z-afaac607,B2::m6_4-trial-011,m6_4-trial-011,oracle_stable_two_baseline_margin,0,2,0.35,2,0.35,0,0,0.0
track1_5ch,recordingSessionGroup,track1_5ch|session|outer-03,m6_4-dataset-20260819T161943Z-afaac607,B2,m6_4-dataset-20260819T161943Z-afaac607,B2::m6_4-trial-011,m6_4-trial-011,oracle_multiview_band_harmonic,0,2,0.35,2,0.35,0,0,0.0
track1_5ch,recordingSessionGroup,track1_5ch|session|outer-03,m6_4-dataset-20260819T161943Z-afaac607,B2,m6_4-dataset-20260819T161943Z-afaac607,B2::m6_4-trial-012,m6_4-trial-012,oracle_unconstrained_correct_top,0,0,0.35,0,0.2,1,1,0.14999999999999997
track1_5ch,recordingSessionGroup,track1_5ch|session|outer-03,m6_4-dataset-20260819T161943Z-afaac607,B2,m6_4-dataset-20260819T161943Z-afaac607,B2::m6_4-trial-012,m6_4-trial-012,oracle_stable_two,0,0,0.35,0,0.25,1,1,0.09999999999999998
track1_5ch,recordingSessionGroup,track1_5ch|session|outer-03,m6_4-dataset-20260819T161943Z-afaac607,B2,m6_4-dataset-20260819T161943Z-afaac607,B2::m6_4-trial-012,m6_4-trial-012,oracle_stable_two_margin005,0,0,0.35,0,0.25,1,1,0.09999999999999998
track1_5ch,recordingSessionGroup,track1_5ch|session|outer-03,m6_4-dataset-20260819T161943Z-afaac607,B2,m6_4-dataset-20260819T161943Z-afaac607,B2::m6_4-trial-012,m6_4-trial-012,oracle_stable_two_baseline_margin,0,0,0.35,0,0.35,0,1,0.0
track1_5ch,recordingSessionGroup,track1_5ch|session|outer-03,m6_4-dataset-20260819T161943Z-afaac607,B2,m6_4-dataset-20260819T161943Z-afaac607,B2::m6_4-trial-012,m6_4-trial-012,oracle_multiview_band_harmonic,0,0,0.35,0,0.35,0,1,0.0
track1_5ch,recordingSessionGroup,track1_5ch|session|outer-03,m6_4-dataset-20260819T161943Z-afaac607,B2,m6_4-dataset-20260819T161943Z-afaac607,B2::m6_4-trial-013,m6_4-trial-013,oracle_unconstrained_correct_top,1,1,0.35,1,0.25,1,1,0.09999999999999998
track1_5ch,recordingSessionGroup,track1_5ch|session|outer-03,m6_4-dataset-20260819T161943Z-afaac607,B2,m6_4-dataset-20260819T161943Z-afaac607,B2::m6_4-trial-013,m6_4-trial-013,oracle_stable_two,1,1,0.35,1,0.3,1,1,0.04999999999999999
track1_5ch,recordingSessionGroup,track1_5ch|session|outer-03,m6_4-dataset-20260819T161943Z-afaac607,B2,m6_4-dataset-20260819T161943Z-afaac607,B2::m6_4-trial-013,m6_4-trial-013,oracle_stable_two_margin005,1,1,0.35,1,0.3,1,1,0.04999999999999999
track1_5ch,recordingSessionGroup,track1_5ch|session|outer-03,m6_4-dataset-20260819T161943Z-afaac607,B2,m6_4-dataset-20260819T161943Z-afaac607,B2::m6_4-trial-013,m6_4-trial-013,oracle_stable_two_baseline_margin,1,1,0.35,1,0.35,0,1,0.0
track1_5ch,recordingSessionGroup,track1_5ch|session|outer-03,m6_4-dataset-20260819T161943Z-afaac607,B2,m6_4-dataset-20260819T161943Z-afaac607,B2::m6_4-trial-013,m6_4-trial-013,oracle_multiview_band_harmonic,1,1,0.35,1,0.35,0,1,0.0
track1_5ch,recordingSessionGroup,track1_5ch|session|outer-03,m6_4-dataset-20260819T161943Z-afaac607,B2,m6_4-dataset-20260819T161943Z-afaac607,B2::m6_4-trial-014,m6_4-trial-014,oracle_unconstrained_correct_top,0,0,0.4,0,0.2,1,1,0.2
track1_5ch,recordingSessionGroup,track1_5ch|session|outer-03,m6_4-dataset-20260819T161943Z-afaac607,B2,m6_4-dataset-20260819T161943Z-afaac607,B2::m6_4-trial-014,m6_4-trial-014,oracle_stable_two,0,0,0.4,0,0.25,1,1,0.15000000000000002
track1_5ch,recordingSessionGroup,track1_5ch|session|outer-03,m6_4-dataset-20260819T161943Z-afaac607,B2,m6_4-dataset-20260819T161943Z-afaac607,B2::m6_4-trial-014,m6_4-trial-014,oracle_stable_two_margin005,0,0,0.4,0,0.25,1,1,0.15000000000000002
track1_5ch,recordingSessionGroup,track1_5ch|session|outer-03,m6_4-dataset-20260819T161943Z-afaac607,B2,m6_4-dataset-20260819T161943Z-afaac607,B2::m6_4-trial-014,m6_4-trial-014,oracle_stable_two_baseline_margin,0,0,0.4,0,0.4,0,1,0.0
track1_5ch,recordingSessionGroup,track1_5ch|session|outer-03,m6_4-dataset-20260819T161943Z-afaac607,B2,m6_4-dataset-20260819T161943Z-afaac607,B2::m6_4-trial-014,m6_4-trial-014,oracle_multiview_band_harmonic,0,0,0.4,0,0.25,1,1,0.15000000000000002
track1_5ch,recordingSessionGroup,track1_5ch|session|outer-03,m6_4-dataset-20260819T161943Z-afaac607,B2,m6_4-dataset-20260819T161943Z-afaac607,B2::m6_4-trial-015,m6_4-trial-015,oracle_unconstrained_correct_top,1,1,0.3,1,0.2,1,1,0.09999999999999998
track1_5ch,recordingSessionGroup,track1_5ch|session|outer-03,m6_4-dataset-20260819T161943Z-afaac607,B2,m6_4-dataset-20260819T161943Z-afaac607,B2::m6_4-trial-015,m6_4-trial-015,oracle_stable_two,1,1,0.3,1,0.25,1,1,0.04999999999999999
track1_5ch,recordingSessionGroup,track1_5ch|session|outer-03,m6_4-dataset-20260819T161943Z-afaac607,B2,m6_4-dataset-20260819T161943Z-afaac607,B2::m6_4-trial-015,m6_4-trial-015,oracle_stable_two_margin005,1,1,0.3,1,0.25,1,1,0.04999999999999999
track1_5ch,recordingSessionGroup,track1_5ch|session|outer-03,m6_4-dataset-20260819T161943Z-afaac607,B2,m6_4-dataset-20260819T161943Z-afaac607,B2::m6_4-trial-015,m6_4-trial-015,oracle_stable_two_baseline_margin,1,1,0.3,1,0.3,0,1,0.0
track1_5ch,recordingSessionGroup,track1_5ch|session|outer-03,m6_4-dataset-20260819T161943Z-afaac607,B2,m6_4-dataset-20260819T161943Z-afaac607,B2::m6_4-trial-015,m6_4-trial-015,oracle_multiview_band_harmonic,1,1,0.3,1,0.25,1,1,0.04999999999999999
track1_5ch,recordingSessionGroup,track1_5ch|session|outer-03,m6_4-dataset-20260819T161943Z-afaac607,B2,m6_4-dataset-20260819T161943Z-afaac607,B2::m6_4-trial-016,m6_4-trial-016,oracle_unconstrained_correct_top,0,0,0.3,0,0.2,1,1,0.09999999999999998
track1_5ch,recordingSessionGroup,track1_5ch|session|outer-03,m6_4-dataset-20260819T161943Z-afaac607,B2,m6_4-dataset-20260819T161943Z-afaac607,B2::m6_4-trial-016,m6_4-trial-016,oracle_stable_two,0,0,0.3,0,0.25,1,1,0.04999999999999999
track1_5ch,recordingSessionGroup,track1_5ch|session|outer-03,m6_4-dataset-20260819T161943Z-afaac607,B2,m6_4-dataset-20260819T161943Z-afaac607,B2::m6_4-trial-016,m6_4-trial-016,oracle_stable_two_margin005,0,0,0.3,0,0.25,1,1,0.04999999999999999
track1_5ch,recordingSessionGroup,track1_5ch|session|outer-03,m6_4-dataset-20260819T161943Z-afaac607,B2,m6_4-dataset-20260819T161943Z-afaac607,B2::m6_4-trial-016,m6_4-trial-016,oracle_stable_two_baseline_margin,0,0,0.3,0,0.3,0,1,0.0
track1_5ch,recordingSessionGroup,track1_5ch|session|outer-03,m6_4-dataset-20260819T161943Z-afaac607,B2,m6_4-dataset-20260819T161943Z-afaac607,B2::m6_4-trial-016,m6_4-trial-016,oracle_multiview_band_harmonic,0,0,0.3,0,0.3,0,1,0.0
track1_5ch,recordingSessionGroup,track1_5ch|session|outer-03,m6_4-dataset-20260819T161943Z-afaac607,B2,m6_4-dataset-20260819T161943Z-afaac607,B2::m6_4-trial-017,m6_4-trial-017,oracle_unconstrained_correct_top,2,2,0.25,2,0.2,1,1,0.04999999999999999
track1_5ch,recordingSessionGroup,track1_5ch|session|outer-03,m6_4-dataset-20260819T161943Z-afaac607,B2,m6_4-dataset-20260819T161943Z-afaac607,B2::m6_4-trial-017,m6_4-trial-017,oracle_stable_two,2,2,0.25,2,0.25,0,1,0.0
track1_5ch,recordingSessionGroup,track1_5ch|session|outer-03,m6_4-dataset-20260819T161943Z-afaac607,B2,m6_4-dataset-20260819T161943Z-afaac607,B2::m6_4-trial-017,m6_4-trial-017,oracle_stable_two_margin005,2,2,0.25,2,0.25,0,1,0.0
track1_5ch,recordingSessionGroup,track1_5ch|session|outer-03,m6_4-dataset-20260819T161943Z-afaac607,B2,m6_4-dataset-20260819T161943Z-afaac607,B2::m6_4-trial-017,m6_4-trial-017,oracle_stable_two_baseline_margin,2,2,0.25,2,0.25,0,1,0.0
track1_5ch,recordingSessionGroup,track1_5ch|session|outer-03,m6_4-dataset-20260819T161943Z-afaac607,B2,m6_4-dataset-20260819T161943Z-afaac607,B2::m6_4-trial-017,m6_4-trial-017,oracle_multiview_band_harmonic,2,2,0.25,2,0.25,0,1,0.0
track1_5ch,recordingSessionGroup,track1_5ch|session|outer-03,m6_4-dataset-20260819T161943Z-afaac607,B2,m6_4-dataset-20260819T161943Z-afaac607,B2::m6_4-trial-018,m6_4-trial-018,oracle_unconstrained_correct_top,1,1,0.5,1,0.2,1,1,0.3
track1_5ch,recordingSessionGroup,track1_5ch|session|outer-03,m6_4-dataset-20260819T161943Z-afaac607,B2,m6_4-dataset-20260819T161943Z-afaac607,B2::m6_4-trial-018,m6_4-trial-018,oracle_stable_two,1,1,0.5,1,0.25,1,1,0.25
track1_5ch,recordingSessionGroup,track1_5ch|session|outer-03,m6_4-dataset-20260819T161943Z-afaac607,B2,m6_4-dataset-20260819T161943Z-afaac607,B2::m6_4-trial-018,m6_4-trial-018,oracle_stable_two_margin005,1,1,0.5,1,0.25,1,1,0.25
track1_5ch,recordingSessionGroup,track1_5ch|session|outer-03,m6_4-dataset-20260819T161943Z-afaac607,B2,m6_4-dataset-20260819T161943Z-afaac607,B2::m6_4-trial-018,m6_4-trial-018,oracle_stable_two_baseline_margin,1,1,0.5,1,0.5,0,1,0.0
track1_5ch,recordingSessionGroup,track1_5ch|session|outer-03,m6_4-dataset-20260819T161943Z-afaac607,B2,m6_4-dataset-20260819T161943Z-afaac607,B2::m6_4-trial-018,m6_4-trial-018,oracle_multiview_band_harmonic,1,1,0.5,1,0.25,1,1,0.25
track1_5ch,recordingSessionGroup,track1_5ch|session|outer-03,m6_4-dataset-20260819T161943Z-afaac607,B2,m6_4-dataset-20260819T161943Z-afaac607,B2::m6_4-trial-019,m6_4-trial-019,oracle_unconstrained_correct_top,1,2,1.0,1,0.35,1,1,0.65
track1_5ch,recordingSessionGroup,track1_5ch|session|outer-03,m6_4-dataset-20260819T161943Z-afaac607,B2,m6_4-dataset-20260819T161943Z-afaac607,B2::m6_4-trial-019,m6_4-trial-019,oracle_stable_two,1,2,1.0,1,0.4,1,1,0.6
track1_5ch,recordingSessionGroup,track1_5ch|session|outer-03,m6_4-dataset-20260819T161943Z-afaac607,B2,m6_4-dataset-20260819T161943Z-afaac607,B2::m6_4-trial-019,m6_4-trial-019,oracle_stable_two_margin005,1,2,1.0,1,0.5,1,1,0.5
track1_5ch,recordingSessionGroup,track1_5ch|session|outer-03,m6_4-dataset-20260819T161943Z-afaac607,B2,m6_4-dataset-20260819T161943Z-afaac607,B2::m6_4-trial-019,m6_4-trial-019,oracle_stable_two_baseline_margin,1,2,1.0,2,1.0,0,0,0.0
track1_5ch,recordingSessionGroup,track1_5ch|session|outer-03,m6_4-dataset-20260819T161943Z-afaac607,B2,m6_4-dataset-20260819T161943Z-afaac607,B2::m6_4-trial-019,m6_4-trial-019,oracle_multiview_band_harmonic,1,2,1.0,1,0.6,1,1,0.4
track1_5ch,recordingSessionGroup,track1_5ch|session|outer-03,m6_4-dataset-20260819T161943Z-afaac607,B2,m6_4-dataset-20260819T161943Z-afaac607,B2::m6_4-trial-020,m6_4-trial-020,oracle_unconstrained_correct_top,2,2,0.3,2,0.2,1,1,0.09999999999999998
track1_5ch,recordingSessionGroup,track1_5ch|session|outer-03,m6_4-dataset-20260819T161943Z-afaac607,B2,m6_4-dataset-20260819T161943Z-afaac607,B2::m6_4-trial-020,m6_4-trial-020,oracle_stable_two,2,2,0.3,2,0.25,1,1,0.04999999999999999
track1_5ch,recordingSessionGroup,track1_5ch|session|outer-03,m6_4-dataset-20260819T161943Z-afaac607,B2,m6_4-dataset-20260819T161943Z-afaac607,B2::m6_4-trial-020,m6_4-trial-020,oracle_stable_two_margin005,2,2,0.3,2,0.25,1,1,0.04999999999999999
track1_5ch,recordingSessionGroup,track1_5ch|session|outer-03,m6_4-dataset-20260819T161943Z-afaac607,B2,m6_4-dataset-20260819T161943Z-afaac607,B2::m6_4-trial-020,m6_4-trial-020,oracle_stable_two_baseline_margin,2,2,0.3,2,0.3,0,1,0.0
track1_5ch,recordingSessionGroup,track1_5ch|session|outer-03,m6_4-dataset-20260819T161943Z-afaac607,B2,m6_4-dataset-20260819T161943Z-afaac607,B2::m6_4-trial-020,m6_4-trial-020,oracle_multiview_band_harmonic,2,2,0.3,2,0.25,1,1,0.04999999999999999
track1_5ch,recordingSessionGroup,track1_5ch|session|outer-03,m6_4-dataset-20260819T161943Z-afaac607,B2,m6_4-dataset-20260819T161943Z-afaac607,B2::m6_4-trial-021,m6_4-trial-021,oracle_unconstrained_correct_top,0,2,0.4,0,0.2,1,1,0.2
track1_5ch,recordingSessionGroup,track1_5ch|session|outer-03,m6_4-dataset-20260819T161943Z-afaac607,B2,m6_4-dataset-20260819T161943Z-afaac607,B2::m6_4-trial-021,m6_4-trial-021,oracle_stable_two,0,2,0.4,0,0.25,1,1,0.15000000000000002
track1_5ch,recordingSessionGroup,track1_5ch|session|outer-03,m6_4-dataset-20260819T161943Z-afaac607,B2,m6_4-dataset-20260819T161943Z-afaac607,B2::m6_4-trial-021,m6_4-trial-021,oracle_stable_two_margin005,0,2,0.4,2,0.4,0,0,0.0
track1_5ch,recordingSessionGroup,track1_5ch|session|outer-03,m6_4-dataset-20260819T161943Z-afaac607,B2,m6_4-dataset-20260819T161943Z-afaac607,B2::m6_4-trial-021,m6_4-trial-021,oracle_stable_two_baseline_margin,0,2,0.4,2,0.4,0,0,0.0
track1_5ch,recordingSessionGroup,track1_5ch|session|outer-03,m6_4-dataset-20260819T161943Z-afaac607,B2,m6_4-dataset-20260819T161943Z-afaac607,B2::m6_4-trial-021,m6_4-trial-021,oracle_multiview_band_harmonic,0,2,0.4,2,0.4,0,0,0.0
track1_5ch,recordingSessionGroup,track1_5ch|session|outer-03,m6_4-dataset-20260819T161943Z-afaac607,B2,m6_4-dataset-20260819T161943Z-afaac607,B2::m6_4-trial-022,m6_4-trial-022,oracle_unconstrained_correct_top,2,2,0.25,2,0.2,1,1,0.04999999999999999
track1_5ch,recordingSessionGroup,track1_5ch|session|outer-03,m6_4-dataset-20260819T161943Z-afaac607,B2,m6_4-dataset-20260819T161943Z-afaac607,B2::m6_4-trial-022,m6_4-trial-022,oracle_stable_two,2,2,0.25,2,0.25,0,1,0.0
track1_5ch,recordingSessionGroup,track1_5ch|session|outer-03,m6_4-dataset-20260819T161943Z-afaac607,B2,m6_4-dataset-20260819T161943Z-afaac607,B2::m6_4-trial-022,m6_4-trial-022,oracle_stable_two_margin005,2,2,0.25,2,0.25,0,1,0.0
track1_5ch,recordingSessionGroup,track1_5ch|session|outer-03,m6_4-dataset-20260819T161943Z-afaac607,B2,m6_4-dataset-20260819T161943Z-afaac607,B2::m6_4-trial-022,m6_4-trial-022,oracle_stable_two_baseline_margin,2,2,0.25,2,0.25,0,1,0.0
track1_5ch,recordingSessionGroup,track1_5ch|session|outer-03,m6_4-dataset-20260819T161943Z-afaac607,B2,m6_4-dataset-20260819T161943Z-afaac607,B2::m6_4-trial-022,m6_4-trial-022,oracle_multiview_band_harmonic,2,2,0.25,2,0.25,0,1,0.0
track1_5ch,recordingSessionGroup,track1_5ch|session|outer-03,m6_4-dataset-20260819T161943Z-afaac607,B2,m6_4-dataset-20260819T161943Z-afaac607,B2::m6_4-trial-024,m6_4-trial-024,oracle_unconstrained_correct_top,0,0,0.5,0,0.2,1,1,0.3
track1_5ch,recordingSessionGroup,track1_5ch|session|outer-03,m6_4-dataset-20260819T161943Z-afaac607,B2,m6_4-dataset-20260819T161943Z-afaac607,B2::m6_4-trial-024,m6_4-trial-024,oracle_stable_two,0,0,0.5,0,0.25,1,1,0.25
track1_5ch,recordingSessionGroup,track1_5ch|session|outer-03,m6_4-dataset-20260819T161943Z-afaac607,B2,m6_4-dataset-20260819T161943Z-afaac607,B2::m6_4-trial-024,m6_4-trial-024,oracle_stable_two_margin005,0,0,0.5,0,0.3,1,1,0.2
track1_5ch,recordingSessionGroup,track1_5ch|session|outer-03,m6_4-dataset-20260819T161943Z-afaac607,B2,m6_4-dataset-20260819T161943Z-afaac607,B2::m6_4-trial-024,m6_4-trial-024,oracle_stable_two_baseline_margin,0,0,0.5,0,0.5,0,1,0.0
track1_5ch,recordingSessionGroup,track1_5ch|session|outer-03,m6_4-dataset-20260819T161943Z-afaac607,B2,m6_4-dataset-20260819T161943Z-afaac607,B2::m6_4-trial-024,m6_4-trial-024,oracle_multiview_band_harmonic,0,0,0.5,0,0.3,1,1,0.2
track1_5ch,recordingSessionGroup,track1_5ch|session|outer-03,m6_4-dataset-20260819T161943Z-afaac607,B2,m6_4-dataset-20260819T161943Z-afaac607,B2::m6_4-trial-025,m6_4-trial-025,oracle_unconstrained_correct_top,1,1,0.3,1,0.2,1,1,0.09999999999999998
track1_5ch,recordingSessionGroup,track1_5ch|session|outer-03,m6_4-dataset-20260819T161943Z-afaac607,B2,m6_4-dataset-20260819T161943Z-afaac607,B2::m6_4-trial-025,m6_4-trial-025,oracle_stable_two,1,1,0.3,1,0.25,1,1,0.04999999999999999
track1_5ch,recordingSessionGroup,track1_5ch|session|outer-03,m6_4-dataset-20260819T161943Z-afaac607,B2,m6_4-dataset-20260819T161943Z-afaac607,B2::m6_4-trial-025,m6_4-trial-025,oracle_stable_two_margin005,1,1,0.3,1,0.25,1,1,0.04999999999999999
track1_5ch,recordingSessionGroup,track1_5ch|session|outer-03,m6_4-dataset-20260819T161943Z-afaac607,B2,m6_4-dataset-20260819T161943Z-afaac607,B2::m6_4-trial-025,m6_4-trial-025,oracle_stable_two_baseline_margin,1,1,0.3,1,0.3,0,1,0.0
track1_5ch,recordingSessionGroup,track1_5ch|session|outer-03,m6_4-dataset-20260819T161943Z-afaac607,B2,m6_4-dataset-20260819T161943Z-afaac607,B2::m6_4-trial-025,m6_4-trial-025,oracle_multiview_band_harmonic,1,1,0.3,1,0.25,1,1,0.04999999999999999
track1_5ch,recordingSessionGroup,track1_5ch|session|outer-03,m6_4-dataset-20260819T161943Z-afaac607,B2,m6_4-dataset-20260819T161943Z-afaac607,B2::m6_4-trial-026,m6_4-trial-026,oracle_unconstrained_correct_top,2,2,0.3,2,0.2,1,1,0.09999999999999998
track1_5ch,recordingSessionGroup,track1_5ch|session|outer-03,m6_4-dataset-20260819T161943Z-afaac607,B2,m6_4-dataset-20260819T161943Z-afaac607,B2::m6_4-trial-026,m6_4-trial-026,oracle_stable_two,2,2,0.3,2,0.25,1,1,0.04999999999999999
track1_5ch,recordingSessionGroup,track1_5ch|session|outer-03,m6_4-dataset-20260819T161943Z-afaac607,B2,m6_4-dataset-20260819T161943Z-afaac607,B2::m6_4-trial-026,m6_4-trial-026,oracle_stable_two_margin005,2,2,0.3,2,0.25,1,1,0.04999999999999999
track1_5ch,recordingSessionGroup,track1_5ch|session|outer-03,m6_4-dataset-20260819T161943Z-afaac607,B2,m6_4-dataset-20260819T161943Z-afaac607,B2::m6_4-trial-026,m6_4-trial-026,oracle_stable_two_baseline_margin,2,2,0.3,2,0.3,0,1,0.0
track1_5ch,recordingSessionGroup,track1_5ch|session|outer-03,m6_4-dataset-20260819T161943Z-afaac607,B2,m6_4-dataset-20260819T161943Z-afaac607,B2::m6_4-trial-026,m6_4-trial-026,oracle_multiview_band_harmonic,2,2,0.3,2,0.25,1,1,0.04999999999999999
track1_5ch,recordingSessionGroup,track1_5ch|session|outer-03,m6_4-dataset-20260819T161943Z-afaac607,B2,m6_4-dataset-20260819T161943Z-afaac607,B2::m6_4-trial-027,m6_4-trial-027,oracle_unconstrained_correct_top,0,0,1.0,0,0.3,1,1,0.7
track1_5ch,recordingSessionGroup,track1_5ch|session|outer-03,m6_4-dataset-20260819T161943Z-afaac607,B2,m6_4-dataset-20260819T161943Z-afaac607,B2::m6_4-trial-027,m6_4-trial-027,oracle_stable_two,0,0,1.0,0,0.35,1,1,0.65
track1_5ch,recordingSessionGroup,track1_5ch|session|outer-03,m6_4-dataset-20260819T161943Z-afaac607,B2,m6_4-dataset-20260819T161943Z-afaac607,B2::m6_4-trial-027,m6_4-trial-027,oracle_stable_two_margin005,0,0,1.0,0,0.8,1,1,0.19999999999999996
track1_5ch,recordingSessionGroup,track1_5ch|session|outer-03,m6_4-dataset-20260819T161943Z-afaac607,B2,m6_4-dataset-20260819T161943Z-afaac607,B2::m6_4-trial-027,m6_4-trial-027,oracle_stable_two_baseline_margin,0,0,1.0,0,1.0,0,1,0.0
track1_5ch,recordingSessionGroup,track1_5ch|session|outer-03,m6_4-dataset-20260819T161943Z-afaac607,B2,m6_4-dataset-20260819T161943Z-afaac607,B2::m6_4-trial-027,m6_4-trial-027,oracle_multiview_band_harmonic,0,0,1.0,0,1.0,0,1,0.0
track1_5ch,recordingSessionGroup,track1_5ch|session|outer-03,m6_4-dataset-20260819T161943Z-afaac607,B2,m6_4-dataset-20260819T161943Z-afaac607,B2::m6_4-trial-028,m6_4-trial-028,oracle_unconstrained_correct_top,1,1,0.3,1,0.2,1,1,0.09999999999999998
track1_5ch,recordingSessionGroup,track1_5ch|session|outer-03,m6_4-dataset-20260819T161943Z-afaac607,B2,m6_4-dataset-20260819T161943Z-afaac607,B2::m6_4-trial-028,m6_4-trial-028,oracle_stable_two,1,1,0.3,1,0.25,1,1,0.04999999999999999
track1_5ch,recordingSessionGroup,track1_5ch|session|outer-03,m6_4-dataset-20260819T161943Z-afaac607,B2,m6_4-dataset-20260819T161943Z-afaac607,B2::m6_4-trial-028,m6_4-trial-028,oracle_stable_two_margin005,1,1,0.3,1,0.25,1,1,0.04999999999999999
track1_5ch,recordingSessionGroup,track1_5ch|session|outer-03,m6_4-dataset-20260819T161943Z-afaac607,B2,m6_4-dataset-20260819T161943Z-afaac607,B2::m6_4-trial-028,m6_4-trial-028,oracle_stable_two_baseline_margin,1,1,0.3,1,0.3,0,1,0.0
track1_5ch,recordingSessionGroup,track1_5ch|session|outer-03,m6_4-dataset-20260819T161943Z-afaac607,B2,m6_4-dataset-20260819T161943Z-afaac607,B2::m6_4-trial-028,m6_4-trial-028,oracle_multiview_band_harmonic,1,1,0.3,1,0.3,0,1,0.0
track1_5ch,recordingSessionGroup,track1_5ch|session|outer-03,m6_4-dataset-20260819T161943Z-afaac607,B2,m6_4-dataset-20260819T161943Z-afaac607,B2::m6_4-trial-029,m6_4-trial-029,oracle_unconstrained_correct_top,0,0,1.0,0,0.2,1,1,0.8
track1_5ch,recordingSessionGroup,track1_5ch|session|outer-03,m6_4-dataset-20260819T161943Z-afaac607,B2,m6_4-dataset-20260819T161943Z-afaac607,B2::m6_4-trial-029,m6_4-trial-029,oracle_stable_two,0,0,1.0,0,0.25,1,1,0.75
track1_5ch,recordingSessionGroup,track1_5ch|session|outer-03,m6_4-dataset-20260819T161943Z-afaac607,B2,m6_4-dataset-20260819T161943Z-afaac607,B2::m6_4-trial-029,m6_4-trial-029,oracle_stable_two_margin005,0,0,1.0,0,0.25,1,1,0.75
track1_5ch,recordingSessionGroup,track1_5ch|session|outer-03,m6_4-dataset-20260819T161943Z-afaac607,B2,m6_4-dataset-20260819T161943Z-afaac607,B2::m6_4-trial-029,m6_4-trial-029,oracle_stable_two_baseline_margin,0,0,1.0,0,1.0,0,1,0.0
track1_5ch,recordingSessionGroup,track1_5ch|session|outer-03,m6_4-dataset-20260819T161943Z-afaac607,B2,m6_4-dataset-20260819T161943Z-afaac607,B2::m6_4-trial-029,m6_4-trial-029,oracle_multiview_band_harmonic,0,0,1.0,0,0.25,1,1,0.75
track1_5ch,recordingSessionGroup,track1_5ch|session|outer-03,m6_4-dataset-20260819T161943Z-afaac607,B2,m6_4-dataset-20260819T161943Z-afaac607,B2::m6_4-trial-030,m6_4-trial-030,oracle_unconstrained_correct_top,2,2,0.4,2,0.2,1,1,0.2
track1_5ch,recordingSessionGroup,track1_5ch|session|outer-03,m6_4-dataset-20260819T161943Z-afaac607,B2,m6_4-dataset-20260819T161943Z-afaac607,B2::m6_4-trial-030,m6_4-trial-030,oracle_stable_two,2,2,0.4,2,0.25,1,1,0.15000000000000002
track1_5ch,recordingSessionGroup,track1_5ch|session|outer-03,m6_4-dataset-20260819T161943Z-afaac607,B2,m6_4-dataset-20260819T161943Z-afaac607,B2::m6_4-trial-030,m6_4-trial-030,oracle_stable_two_margin005,2,2,0.4,2,0.25,1,1,0.15000000000000002
track1_5ch,recordingSessionGroup,track1_5ch|session|outer-03,m6_4-dataset-20260819T161943Z-afaac607,B2,m6_4-dataset-20260819T161943Z-afaac607,B2::m6_4-trial-030,m6_4-trial-030,oracle_stable_two_baseline_margin,2,2,0.4,2,0.4,0,1,0.0
track1_5ch,recordingSessionGroup,track1_5ch|session|outer-03,m6_4-dataset-20260819T161943Z-afaac607,B2,m6_4-dataset-20260819T161943Z-afaac607,B2::m6_4-trial-030,m6_4-trial-030,oracle_multiview_band_harmonic,2,2,0.4,2,0.25,1,1,0.15000000000000002
track2_common3,acquisitionCampaignGroup,track2_common3|campaign|outer-01,A_campaign,A,m6_1b-dataset-20260819T090215Z-d70eaa0d,A::m6_1b-trial-001,m6_1b-trial-001,oracle_unconstrained_correct_top,2,2,0.3,2,0.2,1,1,0.09999999999999998
track2_common3,acquisitionCampaignGroup,track2_common3|campaign|outer-01,A_campaign,A,m6_1b-dataset-20260819T090215Z-d70eaa0d,A::m6_1b-trial-001,m6_1b-trial-001,oracle_stable_two,2,2,0.3,2,0.25,1,1,0.04999999999999999
track2_common3,acquisitionCampaignGroup,track2_common3|campaign|outer-01,A_campaign,A,m6_1b-dataset-20260819T090215Z-d70eaa0d,A::m6_1b-trial-001,m6_1b-trial-001,oracle_stable_two_margin005,2,2,0.3,2,0.25,1,1,0.04999999999999999
track2_common3,acquisitionCampaignGroup,track2_common3|campaign|outer-01,A_campaign,A,m6_1b-dataset-20260819T090215Z-d70eaa0d,A::m6_1b-trial-001,m6_1b-trial-001,oracle_stable_two_baseline_margin,2,2,0.3,2,0.3,0,1,0.0
track2_common3,acquisitionCampaignGroup,track2_common3|campaign|outer-01,A_campaign,A,m6_1b-dataset-20260819T090215Z-d70eaa0d,A::m6_1b-trial-001,m6_1b-trial-001,oracle_multiview_band_harmonic,2,2,0.3,2,0.25,1,1,0.04999999999999999
track2_common3,acquisitionCampaignGroup,track2_common3|campaign|outer-01,A_campaign,A,m6_1b-dataset-20260819T090215Z-d70eaa0d,A::m6_1b-trial-002,m6_1b-trial-002,oracle_unconstrained_correct_top,1,1,0.3,1,0.25,1,1,0.04999999999999999
track2_common3,acquisitionCampaignGroup,track2_common3|campaign|outer-01,A_campaign,A,m6_1b-dataset-20260819T090215Z-d70eaa0d,A::m6_1b-trial-002,m6_1b-trial-002,oracle_stable_two,1,1,0.3,1,0.3,0,1,0.0
track2_common3,acquisitionCampaignGroup,track2_common3|campaign|outer-01,A_campaign,A,m6_1b-dataset-20260819T090215Z-d70eaa0d,A::m6_1b-trial-002,m6_1b-trial-002,oracle_stable_two_margin005,1,1,0.3,1,0.3,0,1,0.0
track2_common3,acquisitionCampaignGroup,track2_common3|campaign|outer-01,A_campaign,A,m6_1b-dataset-20260819T090215Z-d70eaa0d,A::m6_1b-trial-002,m6_1b-trial-002,oracle_stable_two_baseline_margin,1,1,0.3,1,0.3,0,1,0.0
track2_common3,acquisitionCampaignGroup,track2_common3|campaign|outer-01,A_campaign,A,m6_1b-dataset-20260819T090215Z-d70eaa0d,A::m6_1b-trial-002,m6_1b-trial-002,oracle_multiview_band_harmonic,1,1,0.3,1,0.3,0,1,0.0
track2_common3,acquisitionCampaignGroup,track2_common3|campaign|outer-01,A_campaign,A,m6_1b-dataset-20260819T090215Z-d70eaa0d,A::m6_1b-trial-003,m6_1b-trial-003,oracle_unconstrained_correct_top,2,2,0.25,2,0.2,1,1,0.04999999999999999
track2_common3,acquisitionCampaignGroup,track2_common3|campaign|outer-01,A_campaign,A,m6_1b-dataset-20260819T090215Z-d70eaa0d,A::m6_1b-trial-003,m6_1b-trial-003,oracle_stable_two,2,2,0.25,2,0.25,0,1,0.0
track2_common3,acquisitionCampaignGroup,track2_common3|campaign|outer-01,A_campaign,A,m6_1b-dataset-20260819T090215Z-d70eaa0d,A::m6_1b-trial-003,m6_1b-trial-003,oracle_stable_two_margin005,2,2,0.25,2,0.25,0,1,0.0
track2_common3,acquisitionCampaignGroup,track2_common3|campaign|outer-01,A_campaign,A,m6_1b-dataset-20260819T090215Z-d70eaa0d,A::m6_1b-trial-003,m6_1b-trial-003,oracle_stable_two_baseline_margin,2,2,0.25,2,0.25,0,1,0.0
track2_common3,acquisitionCampaignGroup,track2_common3|campaign|outer-01,A_campaign,A,m6_1b-dataset-20260819T090215Z-d70eaa0d,A::m6_1b-trial-003,m6_1b-trial-003,oracle_multiview_band_harmonic,2,2,0.25,2,0.25,0,1,0.0
track2_common3,acquisitionCampaignGroup,track2_common3|campaign|outer-01,A_campaign,A,m6_1b-dataset-20260819T090215Z-d70eaa0d,A::m6_1b-trial-004,m6_1b-trial-004,oracle_unconstrained_correct_top,0,0,0.8,0,0.4,1,1,0.4
track2_common3,acquisitionCampaignGroup,track2_common3|campaign|outer-01,A_campaign,A,m6_1b-dataset-20260819T090215Z-d70eaa0d,A::m6_1b-trial-004,m6_1b-trial-004,oracle_stable_two,0,0,0.8,0,0.5,1,1,0.30000000000000004
track2_common3,acquisitionCampaignGroup,track2_common3|campaign|outer-01,A_campaign,A,m6_1b-dataset-20260819T090215Z-d70eaa0d,A::m6_1b-trial-004,m6_1b-trial-004,oracle_stable_two_margin005,0,0,0.8,0,0.5,1,1,0.30000000000000004
track2_common3,acquisitionCampaignGroup,track2_common3|campaign|outer-01,A_campaign,A,m6_1b-dataset-20260819T090215Z-d70eaa0d,A::m6_1b-trial-004,m6_1b-trial-004,oracle_stable_two_baseline_margin,0,0,0.8,0,0.8,0,1,0.0
track2_common3,acquisitionCampaignGroup,track2_common3|campaign|outer-01,A_campaign,A,m6_1b-dataset-20260819T090215Z-d70eaa0d,A::m6_1b-trial-004,m6_1b-trial-004,oracle_multiview_band_harmonic,0,0,0.8,0,0.8,0,1,0.0
track2_common3,acquisitionCampaignGroup,track2_common3|campaign|outer-01,A_campaign,A,m6_1b-dataset-20260819T090215Z-d70eaa0d,A::m6_1b-trial-005,m6_1b-trial-005,oracle_unconstrained_correct_top,1,1,0.8,1,0.3,1,1,0.5
track2_common3,acquisitionCampaignGroup,track2_common3|campaign|outer-01,A_campaign,A,m6_1b-dataset-20260819T090215Z-d70eaa0d,A::m6_1b-trial-005,m6_1b-trial-005,oracle_stable_two,1,1,0.8,1,0.35,1,1,0.45000000000000007
track2_common3,acquisitionCampaignGroup,track2_common3|campaign|outer-01,A_campaign,A,m6_1b-dataset-20260819T090215Z-d70eaa0d,A::m6_1b-trial-005,m6_1b-trial-005,oracle_stable_two_margin005,1,1,0.8,1,0.35,1,1,0.45000000000000007
track2_common3,acquisitionCampaignGroup,track2_common3|campaign|outer-01,A_campaign,A,m6_1b-dataset-20260819T090215Z-d70eaa0d,A::m6_1b-trial-005,m6_1b-trial-005,oracle_stable_two_baseline_margin,1,1,0.8,1,0.8,0,1,0.0
track2_common3,acquisitionCampaignGroup,track2_common3|campaign|outer-01,A_campaign,A,m6_1b-dataset-20260819T090215Z-d70eaa0d,A::m6_1b-trial-005,m6_1b-trial-005,oracle_multiview_band_harmonic,1,1,0.8,1,0.35,1,1,0.45000000000000007
track2_common3,acquisitionCampaignGroup,track2_common3|campaign|outer-01,A_campaign,A,m6_1b-dataset-20260819T090215Z-d70eaa0d,A::m6_1b-trial-006,m6_1b-trial-006,oracle_unconstrained_correct_top,2,2,0.6,2,0.2,1,1,0.39999999999999997
track2_common3,acquisitionCampaignGroup,track2_common3|campaign|outer-01,A_campaign,A,m6_1b-dataset-20260819T090215Z-d70eaa0d,A::m6_1b-trial-006,m6_1b-trial-006,oracle_stable_two,2,2,0.6,2,0.25,1,1,0.35
track2_common3,acquisitionCampaignGroup,track2_common3|campaign|outer-01,A_campaign,A,m6_1b-dataset-20260819T090215Z-d70eaa0d,A::m6_1b-trial-006,m6_1b-trial-006,oracle_stable_two_margin005,2,2,0.6,2,0.25,1,1,0.35
track2_common3,acquisitionCampaignGroup,track2_common3|campaign|outer-01,A_campaign,A,m6_1b-dataset-20260819T090215Z-d70eaa0d,A::m6_1b-trial-006,m6_1b-trial-006,oracle_stable_two_baseline_margin,2,2,0.6,2,0.6,0,1,0.0
track2_common3,acquisitionCampaignGroup,track2_common3|campaign|outer-01,A_campaign,A,m6_1b-dataset-20260819T090215Z-d70eaa0d,A::m6_1b-trial-006,m6_1b-trial-006,oracle_multiview_band_harmonic,2,2,0.6,2,0.25,1,1,0.35
track2_common3,acquisitionCampaignGroup,track2_common3|campaign|outer-01,A_campaign,A,m6_1b-dataset-20260819T090215Z-d70eaa0d,A::m6_1b-trial-007,m6_1b-trial-007,oracle_unconstrained_correct_top,1,1,0.25,1,0.2,1,1,0.04999999999999999
track2_common3,acquisitionCampaignGroup,track2_common3|campaign|outer-01,A_campaign,A,m6_1b-dataset-20260819T090215Z-d70eaa0d,A::m6_1b-trial-007,m6_1b-trial-007,oracle_stable_two,1,1,0.25,1,0.25,0,1,0.0
track2_common3,acquisitionCampaignGroup,track2_common3|campaign|outer-01,A_campaign,A,m6_1b-dataset-20260819T090215Z-d70eaa0d,A::m6_1b-trial-007,m6_1b-trial-007,oracle_stable_two_margin005,1,1,0.25,1,0.25,0,1,0.0
track2_common3,acquisitionCampaignGroup,track2_common3|campaign|outer-01,A_campaign,A,m6_1b-dataset-20260819T090215Z-d70eaa0d,A::m6_1b-trial-007,m6_1b-trial-007,oracle_stable_two_baseline_margin,1,1,0.25,1,0.25,0,1,0.0
track2_common3,acquisitionCampaignGroup,track2_common3|campaign|outer-01,A_campaign,A,m6_1b-dataset-20260819T090215Z-d70eaa0d,A::m6_1b-trial-007,m6_1b-trial-007,oracle_multiview_band_harmonic,1,1,0.25,1,0.25,0,1,0.0
track2_common3,acquisitionCampaignGroup,track2_common3|campaign|outer-01,A_campaign,A,m6_1b-dataset-20260819T090215Z-d70eaa0d,A::m6_1b-trial-008,m6_1b-trial-008,oracle_unconstrained_correct_top,2,2,0.5,2,0.35,1,1,0.15000000000000002
track2_common3,acquisitionCampaignGroup,track2_common3|campaign|outer-01,A_campaign,A,m6_1b-dataset-20260819T090215Z-d70eaa0d,A::m6_1b-trial-008,m6_1b-trial-008,oracle_stable_two,2,2,0.5,2,0.4,1,1,0.09999999999999998
track2_common3,acquisitionCampaignGroup,track2_common3|campaign|outer-01,A_campaign,A,m6_1b-dataset-20260819T090215Z-d70eaa0d,A::m6_1b-trial-008,m6_1b-trial-008,oracle_stable_two_margin005,2,2,0.5,2,0.4,1,1,0.09999999999999998
track2_common3,acquisitionCampaignGroup,track2_common3|campaign|outer-01,A_campaign,A,m6_1b-dataset-20260819T090215Z-d70eaa0d,A::m6_1b-trial-008,m6_1b-trial-008,oracle_stable_two_baseline_margin,2,2,0.5,2,0.5,0,1,0.0
track2_common3,acquisitionCampaignGroup,track2_common3|campaign|outer-01,A_campaign,A,m6_1b-dataset-20260819T090215Z-d70eaa0d,A::m6_1b-trial-008,m6_1b-trial-008,oracle_multiview_band_harmonic,2,2,0.5,2,0.4,1,1,0.09999999999999998
track2_common3,acquisitionCampaignGroup,track2_common3|campaign|outer-01,A_campaign,A,m6_1b-dataset-20260819T090215Z-d70eaa0d,A::m6_1b-trial-009,m6_1b-trial-009,oracle_unconstrained_correct_top,0,0,0.8,0,0.3,1,1,0.5
track2_common3,acquisitionCampaignGroup,track2_common3|campaign|outer-01,A_campaign,A,m6_1b-dataset-20260819T090215Z-d70eaa0d,A::m6_1b-trial-009,m6_1b-trial-009,oracle_stable_two,0,0,0.8,0,0.35,1,1,0.45000000000000007
track2_common3,acquisitionCampaignGroup,track2_common3|campaign|outer-01,A_campaign,A,m6_1b-dataset-20260819T090215Z-d70eaa0d,A::m6_1b-trial-009,m6_1b-trial-009,oracle_stable_two_margin005,0,0,0.8,0,0.35,1,1,0.45000000000000007
track2_common3,acquisitionCampaignGroup,track2_common3|campaign|outer-01,A_campaign,A,m6_1b-dataset-20260819T090215Z-d70eaa0d,A::m6_1b-trial-009,m6_1b-trial-009,oracle_stable_two_baseline_margin,0,0,0.8,0,0.8,0,1,0.0
track2_common3,acquisitionCampaignGroup,track2_common3|campaign|outer-01,A_campaign,A,m6_1b-dataset-20260819T090215Z-d70eaa0d,A::m6_1b-trial-009,m6_1b-trial-009,oracle_multiview_band_harmonic,0,0,0.8,0,0.8,0,1,0.0
track2_common3,acquisitionCampaignGroup,track2_common3|campaign|outer-01,A_campaign,A,m6_1b-dataset-20260819T090215Z-d70eaa0d,A::m6_1b-trial-010,m6_1b-trial-010,oracle_unconstrained_correct_top,2,2,1.0,2,0.4,1,1,0.6
track2_common3,acquisitionCampaignGroup,track2_common3|campaign|outer-01,A_campaign,A,m6_1b-dataset-20260819T090215Z-d70eaa0d,A::m6_1b-trial-010,m6_1b-trial-010,oracle_stable_two,2,2,1.0,2,0.5,1,1,0.5
track2_common3,acquisitionCampaignGroup,track2_common3|campaign|outer-01,A_campaign,A,m6_1b-dataset-20260819T090215Z-d70eaa0d,A::m6_1b-trial-010,m6_1b-trial-010,oracle_stable_two_margin005,2,2,1.0,2,0.5,1,1,0.5
track2_common3,acquisitionCampaignGroup,track2_common3|campaign|outer-01,A_campaign,A,m6_1b-dataset-20260819T090215Z-d70eaa0d,A::m6_1b-trial-010,m6_1b-trial-010,oracle_stable_two_baseline_margin,2,2,1.0,2,1.0,0,1,0.0
track2_common3,acquisitionCampaignGroup,track2_common3|campaign|outer-01,A_campaign,A,m6_1b-dataset-20260819T090215Z-d70eaa0d,A::m6_1b-trial-010,m6_1b-trial-010,oracle_multiview_band_harmonic,2,2,1.0,2,0.5,1,1,0.5
track2_common3,acquisitionCampaignGroup,track2_common3|campaign|outer-01,A_campaign,A,m6_1b-dataset-20260819T090215Z-d70eaa0d,A::m6_1b-trial-011,m6_1b-trial-011,oracle_unconstrained_correct_top,1,0,0.35,1,0.2,1,1,0.14999999999999997
track2_common3,acquisitionCampaignGroup,track2_common3|campaign|outer-01,A_campaign,A,m6_1b-dataset-20260819T090215Z-d70eaa0d,A::m6_1b-trial-011,m6_1b-trial-011,oracle_stable_two,1,0,0.35,0,0.35,0,0,0.0
track2_common3,acquisitionCampaignGroup,track2_common3|campaign|outer-01,A_campaign,A,m6_1b-dataset-20260819T090215Z-d70eaa0d,A::m6_1b-trial-011,m6_1b-trial-011,oracle_stable_two_margin005,1,0,0.35,0,0.35,0,0,0.0
track2_common3,acquisitionCampaignGroup,track2_common3|campaign|outer-01,A_campaign,A,m6_1b-dataset-20260819T090215Z-d70eaa0d,A::m6_1b-trial-011,m6_1b-trial-011,oracle_stable_two_baseline_margin,1,0,0.35,0,0.35,0,0,0.0
track2_common3,acquisitionCampaignGroup,track2_common3|campaign|outer-01,A_campaign,A,m6_1b-dataset-20260819T090215Z-d70eaa0d,A::m6_1b-trial-011,m6_1b-trial-011,oracle_multiview_band_harmonic,1,0,0.35,0,0.35,0,0,0.0
track2_common3,acquisitionCampaignGroup,track2_common3|campaign|outer-01,A_campaign,A,m6_1b-dataset-20260819T090215Z-d70eaa0d,A::m6_1b-trial-012,m6_1b-trial-012,oracle_unconstrained_correct_top,1,1,0.8,1,0.2,1,1,0.6000000000000001
track2_common3,acquisitionCampaignGroup,track2_common3|campaign|outer-01,A_campaign,A,m6_1b-dataset-20260819T090215Z-d70eaa0d,A::m6_1b-trial-012,m6_1b-trial-012,oracle_stable_two,1,1,0.8,1,0.35,1,1,0.45000000000000007
track2_common3,acquisitionCampaignGroup,track2_common3|campaign|outer-01,A_campaign,A,m6_1b-dataset-20260819T090215Z-d70eaa0d,A::m6_1b-trial-012,m6_1b-trial-012,oracle_stable_two_margin005,1,1,0.8,1,0.35,1,1,0.45000000000000007
track2_common3,acquisitionCampaignGroup,track2_common3|campaign|outer-01,A_campaign,A,m6_1b-dataset-20260819T090215Z-d70eaa0d,A::m6_1b-trial-012,m6_1b-trial-012,oracle_stable_two_baseline_margin,1,1,0.8,1,0.8,0,1,0.0
track2_common3,acquisitionCampaignGroup,track2_common3|campaign|outer-01,A_campaign,A,m6_1b-dataset-20260819T090215Z-d70eaa0d,A::m6_1b-trial-012,m6_1b-trial-012,oracle_multiview_band_harmonic,1,1,0.8,1,0.35,1,1,0.45000000000000007
track2_common3,acquisitionCampaignGroup,track2_common3|campaign|outer-01,A_campaign,A,m6_1b-dataset-20260819T090215Z-d70eaa0d,A::m6_1b-trial-013,m6_1b-trial-013,oracle_unconstrained_correct_top,0,0,0.6,0,0.25,1,1,0.35
track2_common3,acquisitionCampaignGroup,track2_common3|campaign|outer-01,A_campaign,A,m6_1b-dataset-20260819T090215Z-d70eaa0d,A::m6_1b-trial-013,m6_1b-trial-013,oracle_stable_two,0,0,0.6,0,0.3,1,1,0.3
track2_common3,acquisitionCampaignGroup,track2_common3|campaign|outer-01,A_campaign,A,m6_1b-dataset-20260819T090215Z-d70eaa0d,A::m6_1b-trial-013,m6_1b-trial-013,oracle_stable_two_margin005,0,0,0.6,0,0.3,1,1,0.3
track2_common3,acquisitionCampaignGroup,track2_common3|campaign|outer-01,A_campaign,A,m6_1b-dataset-20260819T090215Z-d70eaa0d,A::m6_1b-trial-013,m6_1b-trial-013,oracle_stable_two_baseline_margin,0,0,0.6,0,0.6,0,1,0.0
track2_common3,acquisitionCampaignGroup,track2_common3|campaign|outer-01,A_campaign,A,m6_1b-dataset-20260819T090215Z-d70eaa0d,A::m6_1b-trial-013,m6_1b-trial-013,oracle_multiview_band_harmonic,0,0,0.6,0,0.3,1,1,0.3
track2_common3,acquisitionCampaignGroup,track2_common3|campaign|outer-01,A_campaign,A,m6_1b-dataset-20260819T090215Z-d70eaa0d,A::m6_1b-trial-014,m6_1b-trial-014,oracle_unconstrained_correct_top,1,1,0.4,1,0.2,1,1,0.2
track2_common3,acquisitionCampaignGroup,track2_common3|campaign|outer-01,A_campaign,A,m6_1b-dataset-20260819T090215Z-d70eaa0d,A::m6_1b-trial-014,m6_1b-trial-014,oracle_stable_two,1,1,0.4,1,0.4,0,1,0.0
track2_common3,acquisitionCampaignGroup,track2_common3|campaign|outer-01,A_campaign,A,m6_1b-dataset-20260819T090215Z-d70eaa0d,A::m6_1b-trial-014,m6_1b-trial-014,oracle_stable_two_margin005,1,1,0.4,1,0.4,0,1,0.0
track2_common3,acquisitionCampaignGroup,track2_common3|campaign|outer-01,A_campaign,A,m6_1b-dataset-20260819T090215Z-d70eaa0d,A::m6_1b-trial-014,m6_1b-trial-014,oracle_stable_two_baseline_margin,1,1,0.4,1,0.4,0,1,0.0
track2_common3,acquisitionCampaignGroup,track2_common3|campaign|outer-01,A_campaign,A,m6_1b-dataset-20260819T090215Z-d70eaa0d,A::m6_1b-trial-014,m6_1b-trial-014,oracle_multiview_band_harmonic,1,1,0.4,1,0.4,0,1,0.0
track2_common3,acquisitionCampaignGroup,track2_common3|campaign|outer-01,A_campaign,A,m6_1b-dataset-20260819T090215Z-d70eaa0d,A::m6_1b-trial-015,m6_1b-trial-015,oracle_unconstrained_correct_top,0,0,0.5,0,0.4,1,1,0.09999999999999998
track2_common3,acquisitionCampaignGroup,track2_common3|campaign|outer-01,A_campaign,A,m6_1b-dataset-20260819T090215Z-d70eaa0d,A::m6_1b-trial-015,m6_1b-trial-015,oracle_stable_two,0,0,0.5,0,0.5,0,1,0.0
track2_common3,acquisitionCampaignGroup,track2_common3|campaign|outer-01,A_campaign,A,m6_1b-dataset-20260819T090215Z-d70eaa0d,A::m6_1b-trial-015,m6_1b-trial-015,oracle_stable_two_margin005,0,0,0.5,0,0.5,0,1,0.0
track2_common3,acquisitionCampaignGroup,track2_common3|campaign|outer-01,A_campaign,A,m6_1b-dataset-20260819T090215Z-d70eaa0d,A::m6_1b-trial-015,m6_1b-trial-015,oracle_stable_two_baseline_margin,0,0,0.5,0,0.5,0,1,0.0
track2_common3,acquisitionCampaignGroup,track2_common3|campaign|outer-01,A_campaign,A,m6_1b-dataset-20260819T090215Z-d70eaa0d,A::m6_1b-trial-015,m6_1b-trial-015,oracle_multiview_band_harmonic,0,0,0.5,0,0.5,0,1,0.0
track2_common3,acquisitionCampaignGroup,track2_common3|campaign|outer-01,A_campaign,A,m6_1b-dataset-20260819T090215Z-d70eaa0d,A::m6_1b-trial-016,m6_1b-trial-016,oracle_unconstrained_correct_top,0,2,0.4,2,0.4,0,0,0.0
track2_common3,acquisitionCampaignGroup,track2_common3|campaign|outer-01,A_campaign,A,m6_1b-dataset-20260819T090215Z-d70eaa0d,A::m6_1b-trial-016,m6_1b-trial-016,oracle_stable_two,0,2,0.4,2,0.4,0,0,0.0
track2_common3,acquisitionCampaignGroup,track2_common3|campaign|outer-01,A_campaign,A,m6_1b-dataset-20260819T090215Z-d70eaa0d,A::m6_1b-trial-016,m6_1b-trial-016,oracle_stable_two_margin005,0,2,0.4,2,0.4,0,0,0.0
track2_common3,acquisitionCampaignGroup,track2_common3|campaign|outer-01,A_campaign,A,m6_1b-dataset-20260819T090215Z-d70eaa0d,A::m6_1b-trial-016,m6_1b-trial-016,oracle_stable_two_baseline_margin,0,2,0.4,2,0.4,0,0,0.0
track2_common3,acquisitionCampaignGroup,track2_common3|campaign|outer-01,A_campaign,A,m6_1b-dataset-20260819T090215Z-d70eaa0d,A::m6_1b-trial-016,m6_1b-trial-016,oracle_multiview_band_harmonic,0,2,0.4,2,0.4,0,0,0.0
track2_common3,acquisitionCampaignGroup,track2_common3|campaign|outer-01,A_campaign,A,m6_1b-dataset-20260819T090215Z-d70eaa0d,A::m6_1b-trial-017,m6_1b-trial-017,oracle_unconstrained_correct_top,1,1,0.35,1,0.2,1,1,0.14999999999999997
track2_common3,acquisitionCampaignGroup,track2_common3|campaign|outer-01,A_campaign,A,m6_1b-dataset-20260819T090215Z-d70eaa0d,A::m6_1b-trial-017,m6_1b-trial-017,oracle_stable_two,1,1,0.35,1,0.25,1,1,0.09999999999999998
track2_common3,acquisitionCampaignGroup,track2_common3|campaign|outer-01,A_campaign,A,m6_1b-dataset-20260819T090215Z-d70eaa0d,A::m6_1b-trial-017,m6_1b-trial-017,oracle_stable_two_margin005,1,1,0.35,1,0.25,1,1,0.09999999999999998
track2_common3,acquisitionCampaignGroup,track2_common3|campaign|outer-01,A_campaign,A,m6_1b-dataset-20260819T090215Z-d70eaa0d,A::m6_1b-trial-017,m6_1b-trial-017,oracle_stable_two_baseline_margin,1,1,0.35,1,0.35,0,1,0.0
track2_common3,acquisitionCampaignGroup,track2_common3|campaign|outer-01,A_campaign,A,m6_1b-dataset-20260819T090215Z-d70eaa0d,A::m6_1b-trial-017,m6_1b-trial-017,oracle_multiview_band_harmonic,1,1,0.35,1,0.35,0,1,0.0
track2_common3,acquisitionCampaignGroup,track2_common3|campaign|outer-01,A_campaign,A,m6_1b-dataset-20260819T090215Z-d70eaa0d,A::m6_1b-trial-018,m6_1b-trial-018,oracle_unconstrained_correct_top,0,0,0.25,0,0.2,1,1,0.04999999999999999
track2_common3,acquisitionCampaignGroup,track2_common3|campaign|outer-01,A_campaign,A,m6_1b-dataset-20260819T090215Z-d70eaa0d,A::m6_1b-trial-018,m6_1b-trial-018,oracle_stable_two,0,0,0.25,0,0.25,0,1,0.0
track2_common3,acquisitionCampaignGroup,track2_common3|campaign|outer-01,A_campaign,A,m6_1b-dataset-20260819T090215Z-d70eaa0d,A::m6_1b-trial-018,m6_1b-trial-018,oracle_stable_two_margin005,0,0,0.25,0,0.25,0,1,0.0
track2_common3,acquisitionCampaignGroup,track2_common3|campaign|outer-01,A_campaign,A,m6_1b-dataset-20260819T090215Z-d70eaa0d,A::m6_1b-trial-018,m6_1b-trial-018,oracle_stable_two_baseline_margin,0,0,0.25,0,0.25,0,1,0.0
track2_common3,acquisitionCampaignGroup,track2_common3|campaign|outer-01,A_campaign,A,m6_1b-dataset-20260819T090215Z-d70eaa0d,A::m6_1b-trial-018,m6_1b-trial-018,oracle_multiview_band_harmonic,0,0,0.25,0,0.25,0,1,0.0
track2_common3,acquisitionCampaignGroup,track2_common3|campaign|outer-01,A_campaign,A,m6_1b-dataset-20260819T090215Z-d70eaa0d,A::m6_1b-trial-019,m6_1b-trial-019,oracle_unconstrained_correct_top,2,2,0.25,2,0.2,1,1,0.04999999999999999
track2_common3,acquisitionCampaignGroup,track2_common3|campaign|outer-01,A_campaign,A,m6_1b-dataset-20260819T090215Z-d70eaa0d,A::m6_1b-trial-019,m6_1b-trial-019,oracle_stable_two,2,2,0.25,2,0.25,0,1,0.0
track2_common3,acquisitionCampaignGroup,track2_common3|campaign|outer-01,A_campaign,A,m6_1b-dataset-20260819T090215Z-d70eaa0d,A::m6_1b-trial-019,m6_1b-trial-019,oracle_stable_two_margin005,2,2,0.25,2,0.25,0,1,0.0
track2_common3,acquisitionCampaignGroup,track2_common3|campaign|outer-01,A_campaign,A,m6_1b-dataset-20260819T090215Z-d70eaa0d,A::m6_1b-trial-019,m6_1b-trial-019,oracle_stable_two_baseline_margin,2,2,0.25,2,0.25,0,1,0.0
track2_common3,acquisitionCampaignGroup,track2_common3|campaign|outer-01,A_campaign,A,m6_1b-dataset-20260819T090215Z-d70eaa0d,A::m6_1b-trial-019,m6_1b-trial-019,oracle_multiview_band_harmonic,2,2,0.25,2,0.25,0,1,0.0
track2_common3,acquisitionCampaignGroup,track2_common3|campaign|outer-01,A_campaign,A,m6_1b-dataset-20260819T090215Z-d70eaa0d,A::m6_1b-trial-020,m6_1b-trial-020,oracle_unconstrained_correct_top,2,0,0.25,0,0.25,0,0,0.0
track2_common3,acquisitionCampaignGroup,track2_common3|campaign|outer-01,A_campaign,A,m6_1b-dataset-20260819T090215Z-d70eaa0d,A::m6_1b-trial-020,m6_1b-trial-020,oracle_stable_two,2,0,0.25,0,0.25,0,0,0.0
track2_common3,acquisitionCampaignGroup,track2_common3|campaign|outer-01,A_campaign,A,m6_1b-dataset-20260819T090215Z-d70eaa0d,A::m6_1b-trial-020,m6_1b-trial-020,oracle_stable_two_margin005,2,0,0.25,0,0.25,0,0,0.0
track2_common3,acquisitionCampaignGroup,track2_common3|campaign|outer-01,A_campaign,A,m6_1b-dataset-20260819T090215Z-d70eaa0d,A::m6_1b-trial-020,m6_1b-trial-020,oracle_stable_two_baseline_margin,2,0,0.25,0,0.25,0,0,0.0
track2_common3,acquisitionCampaignGroup,track2_common3|campaign|outer-01,A_campaign,A,m6_1b-dataset-20260819T090215Z-d70eaa0d,A::m6_1b-trial-020,m6_1b-trial-020,oracle_multiview_band_harmonic,2,0,0.25,0,0.25,0,0,0.0
track2_common3,acquisitionCampaignGroup,track2_common3|campaign|outer-01,A_campaign,A,m6_1b-dataset-20260819T090215Z-d70eaa0d,A::m6_1b-trial-021,m6_1b-trial-021,oracle_unconstrained_correct_top,0,0,0.8,0,0.25,1,1,0.55
track2_common3,acquisitionCampaignGroup,track2_common3|campaign|outer-01,A_campaign,A,m6_1b-dataset-20260819T090215Z-d70eaa0d,A::m6_1b-trial-021,m6_1b-trial-021,oracle_stable_two,0,0,0.8,0,0.3,1,1,0.5
track2_common3,acquisitionCampaignGroup,track2_common3|campaign|outer-01,A_campaign,A,m6_1b-dataset-20260819T090215Z-d70eaa0d,A::m6_1b-trial-021,m6_1b-trial-021,oracle_stable_two_margin005,0,0,0.8,0,0.3,1,1,0.5
track2_common3,acquisitionCampaignGroup,track2_common3|campaign|outer-01,A_campaign,A,m6_1b-dataset-20260819T090215Z-d70eaa0d,A::m6_1b-trial-021,m6_1b-trial-021,oracle_stable_two_baseline_margin,0,0,0.8,0,0.8,0,1,0.0
track2_common3,acquisitionCampaignGroup,track2_common3|campaign|outer-01,A_campaign,A,m6_1b-dataset-20260819T090215Z-d70eaa0d,A::m6_1b-trial-021,m6_1b-trial-021,oracle_multiview_band_harmonic,0,0,0.8,0,0.3,1,1,0.5
track2_common3,acquisitionCampaignGroup,track2_common3|campaign|outer-01,A_campaign,A,m6_1b-dataset-20260819T090215Z-d70eaa0d,A::m6_1b-trial-022,m6_1b-trial-022,oracle_unconstrained_correct_top,1,1,0.25,1,0.2,1,1,0.04999999999999999
track2_common3,acquisitionCampaignGroup,track2_common3|campaign|outer-01,A_campaign,A,m6_1b-dataset-20260819T090215Z-d70eaa0d,A::m6_1b-trial-022,m6_1b-trial-022,oracle_stable_two,1,1,0.25,1,0.25,0,1,0.0
track2_common3,acquisitionCampaignGroup,track2_common3|campaign|outer-01,A_campaign,A,m6_1b-dataset-20260819T090215Z-d70eaa0d,A::m6_1b-trial-022,m6_1b-trial-022,oracle_stable_two_margin005,1,1,0.25,1,0.25,0,1,0.0
track2_common3,acquisitionCampaignGroup,track2_common3|campaign|outer-01,A_campaign,A,m6_1b-dataset-20260819T090215Z-d70eaa0d,A::m6_1b-trial-022,m6_1b-trial-022,oracle_stable_two_baseline_margin,1,1,0.25,1,0.25,0,1,0.0
track2_common3,acquisitionCampaignGroup,track2_common3|campaign|outer-01,A_campaign,A,m6_1b-dataset-20260819T090215Z-d70eaa0d,A::m6_1b-trial-022,m6_1b-trial-022,oracle_multiview_band_harmonic,1,1,0.25,1,0.25,0,1,0.0
track2_common3,acquisitionCampaignGroup,track2_common3|campaign|outer-01,A_campaign,A,m6_1b-dataset-20260819T090215Z-d70eaa0d,A::m6_1b-trial-023,m6_1b-trial-023,oracle_unconstrained_correct_top,2,2,0.3,2,0.2,1,1,0.09999999999999998
track2_common3,acquisitionCampaignGroup,track2_common3|campaign|outer-01,A_campaign,A,m6_1b-dataset-20260819T090215Z-d70eaa0d,A::m6_1b-trial-023,m6_1b-trial-023,oracle_stable_two,2,2,0.3,2,0.25,1,1,0.04999999999999999
track2_common3,acquisitionCampaignGroup,track2_common3|campaign|outer-01,A_campaign,A,m6_1b-dataset-20260819T090215Z-d70eaa0d,A::m6_1b-trial-023,m6_1b-trial-023,oracle_stable_two_margin005,2,2,0.3,2,0.25,1,1,0.04999999999999999
track2_common3,acquisitionCampaignGroup,track2_common3|campaign|outer-01,A_campaign,A,m6_1b-dataset-20260819T090215Z-d70eaa0d,A::m6_1b-trial-023,m6_1b-trial-023,oracle_stable_two_baseline_margin,2,2,0.3,2,0.3,0,1,0.0
track2_common3,acquisitionCampaignGroup,track2_common3|campaign|outer-01,A_campaign,A,m6_1b-dataset-20260819T090215Z-d70eaa0d,A::m6_1b-trial-023,m6_1b-trial-023,oracle_multiview_band_harmonic,2,2,0.3,2,0.25,1,1,0.04999999999999999
track2_common3,acquisitionCampaignGroup,track2_common3|campaign|outer-01,A_campaign,A,m6_1b-dataset-20260819T090215Z-d70eaa0d,A::m6_1b-trial-024,m6_1b-trial-024,oracle_unconstrained_correct_top,2,2,0.5,2,0.3,1,1,0.2
track2_common3,acquisitionCampaignGroup,track2_common3|campaign|outer-01,A_campaign,A,m6_1b-dataset-20260819T090215Z-d70eaa0d,A::m6_1b-trial-024,m6_1b-trial-024,oracle_stable_two,2,2,0.5,2,0.35,1,1,0.15000000000000002
track2_common3,acquisitionCampaignGroup,track2_common3|campaign|outer-01,A_campaign,A,m6_1b-dataset-20260819T090215Z-d70eaa0d,A::m6_1b-trial-024,m6_1b-trial-024,oracle_stable_two_margin005,2,2,0.5,2,0.35,1,1,0.15000000000000002
track2_common3,acquisitionCampaignGroup,track2_common3|campaign|outer-01,A_campaign,A,m6_1b-dataset-20260819T090215Z-d70eaa0d,A::m6_1b-trial-024,m6_1b-trial-024,oracle_stable_two_baseline_margin,2,2,0.5,2,0.5,0,1,0.0
track2_common3,acquisitionCampaignGroup,track2_common3|campaign|outer-01,A_campaign,A,m6_1b-dataset-20260819T090215Z-d70eaa0d,A::m6_1b-trial-024,m6_1b-trial-024,oracle_multiview_band_harmonic,2,2,0.5,2,0.35,1,1,0.15000000000000002
track2_common3,acquisitionCampaignGroup,track2_common3|campaign|outer-01,A_campaign,A,m6_1b-dataset-20260819T090215Z-d70eaa0d,A::m6_1b-trial-025,m6_1b-trial-025,oracle_unconstrained_correct_top,0,0,0.4,0,0.3,1,1,0.10000000000000003
track2_common3,acquisitionCampaignGroup,track2_common3|campaign|outer-01,A_campaign,A,m6_1b-dataset-20260819T090215Z-d70eaa0d,A::m6_1b-trial-025,m6_1b-trial-025,oracle_stable_two,0,0,0.4,0,0.35,1,1,0.050000000000000044
track2_common3,acquisitionCampaignGroup,track2_common3|campaign|outer-01,A_campaign,A,m6_1b-dataset-20260819T090215Z-d70eaa0d,A::m6_1b-trial-025,m6_1b-trial-025,oracle_stable_two_margin005,0,0,0.4,0,0.35,1,1,0.050000000000000044
track2_common3,acquisitionCampaignGroup,track2_common3|campaign|outer-01,A_campaign,A,m6_1b-dataset-20260819T090215Z-d70eaa0d,A::m6_1b-trial-025,m6_1b-trial-025,oracle_stable_two_baseline_margin,0,0,0.4,0,0.4,0,1,0.0
track2_common3,acquisitionCampaignGroup,track2_common3|campaign|outer-01,A_campaign,A,m6_1b-dataset-20260819T090215Z-d70eaa0d,A::m6_1b-trial-025,m6_1b-trial-025,oracle_multiview_band_harmonic,0,0,0.4,0,0.4,0,1,0.0
track2_common3,acquisitionCampaignGroup,track2_common3|campaign|outer-01,A_campaign,A,m6_1b-dataset-20260819T090215Z-d70eaa0d,A::m6_1b-trial-026,m6_1b-trial-026,oracle_unconstrained_correct_top,0,2,0.25,2,0.25,0,0,0.0
track2_common3,acquisitionCampaignGroup,track2_common3|campaign|outer-01,A_campaign,A,m6_1b-dataset-20260819T090215Z-d70eaa0d,A::m6_1b-trial-026,m6_1b-trial-026,oracle_stable_two,0,2,0.25,2,0.25,0,0,0.0
track2_common3,acquisitionCampaignGroup,track2_common3|campaign|outer-01,A_campaign,A,m6_1b-dataset-20260819T090215Z-d70eaa0d,A::m6_1b-trial-026,m6_1b-trial-026,oracle_stable_two_margin005,0,2,0.25,2,0.25,0,0,0.0
track2_common3,acquisitionCampaignGroup,track2_common3|campaign|outer-01,A_campaign,A,m6_1b-dataset-20260819T090215Z-d70eaa0d,A::m6_1b-trial-026,m6_1b-trial-026,oracle_stable_two_baseline_margin,0,2,0.25,2,0.25,0,0,0.0
track2_common3,acquisitionCampaignGroup,track2_common3|campaign|outer-01,A_campaign,A,m6_1b-dataset-20260819T090215Z-d70eaa0d,A::m6_1b-trial-026,m6_1b-trial-026,oracle_multiview_band_harmonic,0,2,0.25,2,0.25,0,0,0.0
track2_common3,acquisitionCampaignGroup,track2_common3|campaign|outer-01,A_campaign,A,m6_1b-dataset-20260819T090215Z-d70eaa0d,A::m6_1b-trial-027,m6_1b-trial-027,oracle_unconstrained_correct_top,1,1,0.3,1,0.2,1,1,0.09999999999999998
track2_common3,acquisitionCampaignGroup,track2_common3|campaign|outer-01,A_campaign,A,m6_1b-dataset-20260819T090215Z-d70eaa0d,A::m6_1b-trial-027,m6_1b-trial-027,oracle_stable_two,1,1,0.3,1,0.25,1,1,0.04999999999999999
track2_common3,acquisitionCampaignGroup,track2_common3|campaign|outer-01,A_campaign,A,m6_1b-dataset-20260819T090215Z-d70eaa0d,A::m6_1b-trial-027,m6_1b-trial-027,oracle_stable_two_margin005,1,1,0.3,1,0.25,1,1,0.04999999999999999
track2_common3,acquisitionCampaignGroup,track2_common3|campaign|outer-01,A_campaign,A,m6_1b-dataset-20260819T090215Z-d70eaa0d,A::m6_1b-trial-027,m6_1b-trial-027,oracle_stable_two_baseline_margin,1,1,0.3,1,0.3,0,1,0.0
track2_common3,acquisitionCampaignGroup,track2_common3|campaign|outer-01,A_campaign,A,m6_1b-dataset-20260819T090215Z-d70eaa0d,A::m6_1b-trial-027,m6_1b-trial-027,oracle_multiview_band_harmonic,1,1,0.3,1,0.3,0,1,0.0
track2_common3,acquisitionCampaignGroup,track2_common3|campaign|outer-01,A_campaign,A,m6_1b-dataset-20260819T090215Z-d70eaa0d,A::m6_1b-trial-028,m6_1b-trial-028,oracle_unconstrained_correct_top,2,1,0.25,1,0.25,0,0,0.0
track2_common3,acquisitionCampaignGroup,track2_common3|campaign|outer-01,A_campaign,A,m6_1b-dataset-20260819T090215Z-d70eaa0d,A::m6_1b-trial-028,m6_1b-trial-028,oracle_stable_two,2,1,0.25,1,0.25,0,0,0.0
track2_common3,acquisitionCampaignGroup,track2_common3|campaign|outer-01,A_campaign,A,m6_1b-dataset-20260819T090215Z-d70eaa0d,A::m6_1b-trial-028,m6_1b-trial-028,oracle_stable_two_margin005,2,1,0.25,1,0.25,0,0,0.0
track2_common3,acquisitionCampaignGroup,track2_common3|campaign|outer-01,A_campaign,A,m6_1b-dataset-20260819T090215Z-d70eaa0d,A::m6_1b-trial-028,m6_1b-trial-028,oracle_stable_two_baseline_margin,2,1,0.25,1,0.25,0,0,0.0
track2_common3,acquisitionCampaignGroup,track2_common3|campaign|outer-01,A_campaign,A,m6_1b-dataset-20260819T090215Z-d70eaa0d,A::m6_1b-trial-028,m6_1b-trial-028,oracle_multiview_band_harmonic,2,1,0.25,1,0.25,0,0,0.0
track2_common3,acquisitionCampaignGroup,track2_common3|campaign|outer-01,A_campaign,A,m6_1b-dataset-20260819T090215Z-d70eaa0d,A::m6_1b-trial-029,m6_1b-trial-029,oracle_unconstrained_correct_top,0,1,0.25,1,0.25,0,0,0.0
track2_common3,acquisitionCampaignGroup,track2_common3|campaign|outer-01,A_campaign,A,m6_1b-dataset-20260819T090215Z-d70eaa0d,A::m6_1b-trial-029,m6_1b-trial-029,oracle_stable_two,0,1,0.25,1,0.25,0,0,0.0
track2_common3,acquisitionCampaignGroup,track2_common3|campaign|outer-01,A_campaign,A,m6_1b-dataset-20260819T090215Z-d70eaa0d,A::m6_1b-trial-029,m6_1b-trial-029,oracle_stable_two_margin005,0,1,0.25,1,0.25,0,0,0.0
track2_common3,acquisitionCampaignGroup,track2_common3|campaign|outer-01,A_campaign,A,m6_1b-dataset-20260819T090215Z-d70eaa0d,A::m6_1b-trial-029,m6_1b-trial-029,oracle_stable_two_baseline_margin,0,1,0.25,1,0.25,0,0,0.0
track2_common3,acquisitionCampaignGroup,track2_common3|campaign|outer-01,A_campaign,A,m6_1b-dataset-20260819T090215Z-d70eaa0d,A::m6_1b-trial-029,m6_1b-trial-029,oracle_multiview_band_harmonic,0,1,0.25,1,0.25,0,0,0.0
track2_common3,acquisitionCampaignGroup,track2_common3|campaign|outer-01,A_campaign,A,m6_1b-dataset-20260819T090215Z-d70eaa0d,A::m6_1b-trial-030,m6_1b-trial-030,oracle_unconstrained_correct_top,1,1,0.25,1,0.2,1,1,0.04999999999999999
track2_common3,acquisitionCampaignGroup,track2_common3|campaign|outer-01,A_campaign,A,m6_1b-dataset-20260819T090215Z-d70eaa0d,A::m6_1b-trial-030,m6_1b-trial-030,oracle_stable_two,1,1,0.25,1,0.25,0,1,0.0
track2_common3,acquisitionCampaignGroup,track2_common3|campaign|outer-01,A_campaign,A,m6_1b-dataset-20260819T090215Z-d70eaa0d,A::m6_1b-trial-030,m6_1b-trial-030,oracle_stable_two_margin005,1,1,0.25,1,0.25,0,1,0.0
track2_common3,acquisitionCampaignGroup,track2_common3|campaign|outer-01,A_campaign,A,m6_1b-dataset-20260819T090215Z-d70eaa0d,A::m6_1b-trial-030,m6_1b-trial-030,oracle_stable_two_baseline_margin,1,1,0.25,1,0.25,0,1,0.0
track2_common3,acquisitionCampaignGroup,track2_common3|campaign|outer-01,A_campaign,A,m6_1b-dataset-20260819T090215Z-d70eaa0d,A::m6_1b-trial-030,m6_1b-trial-030,oracle_multiview_band_harmonic,1,1,0.25,1,0.25,0,1,0.0
track2_common3,acquisitionCampaignGroup,track2_common3|campaign|outer-02,M6_4_campaign,B1,m6_4-dataset-20260819T155147Z-386f95dd,B1::m6_4-trial-001,m6_4-trial-001,oracle_unconstrained_correct_top,0,0,0.4,0,0.2,1,1,0.2
track2_common3,acquisitionCampaignGroup,track2_common3|campaign|outer-02,M6_4_campaign,B1,m6_4-dataset-20260819T155147Z-386f95dd,B1::m6_4-trial-001,m6_4-trial-001,oracle_stable_two,0,0,0.4,0,0.25,1,1,0.15000000000000002
track2_common3,acquisitionCampaignGroup,track2_common3|campaign|outer-02,M6_4_campaign,B1,m6_4-dataset-20260819T155147Z-386f95dd,B1::m6_4-trial-001,m6_4-trial-001,oracle_stable_two_margin005,0,0,0.4,0,0.25,1,1,0.15000000000000002
track2_common3,acquisitionCampaignGroup,track2_common3|campaign|outer-02,M6_4_campaign,B1,m6_4-dataset-20260819T155147Z-386f95dd,B1::m6_4-trial-001,m6_4-trial-001,oracle_stable_two_baseline_margin,0,0,0.4,0,0.4,0,1,0.0
track2_common3,acquisitionCampaignGroup,track2_common3|campaign|outer-02,M6_4_campaign,B1,m6_4-dataset-20260819T155147Z-386f95dd,B1::m6_4-trial-001,m6_4-trial-001,oracle_multiview_band_harmonic,0,0,0.4,0,0.4,0,1,0.0
track2_common3,acquisitionCampaignGroup,track2_common3|campaign|outer-02,M6_4_campaign,B1,m6_4-dataset-20260819T155147Z-386f95dd,B1::m6_4-trial-002,m6_4-trial-002,oracle_unconstrained_correct_top,2,2,0.25,2,0.2,1,1,0.04999999999999999
track2_common3,acquisitionCampaignGroup,track2_common3|campaign|outer-02,M6_4_campaign,B1,m6_4-dataset-20260819T155147Z-386f95dd,B1::m6_4-trial-002,m6_4-trial-002,oracle_stable_two,2,2,0.25,2,0.25,0,1,0.0
track2_common3,acquisitionCampaignGroup,track2_common3|campaign|outer-02,M6_4_campaign,B1,m6_4-dataset-20260819T155147Z-386f95dd,B1::m6_4-trial-002,m6_4-trial-002,oracle_stable_two_margin005,2,2,0.25,2,0.25,0,1,0.0
track2_common3,acquisitionCampaignGroup,track2_common3|campaign|outer-02,M6_4_campaign,B1,m6_4-dataset-20260819T155147Z-386f95dd,B1::m6_4-trial-002,m6_4-trial-002,oracle_stable_two_baseline_margin,2,2,0.25,2,0.25,0,1,0.0
track2_common3,acquisitionCampaignGroup,track2_common3|campaign|outer-02,M6_4_campaign,B1,m6_4-dataset-20260819T155147Z-386f95dd,B1::m6_4-trial-002,m6_4-trial-002,oracle_multiview_band_harmonic,2,2,0.25,2,0.25,0,1,0.0
track2_common3,acquisitionCampaignGroup,track2_common3|campaign|outer-02,M6_4_campaign,B1,m6_4-dataset-20260819T155147Z-386f95dd,B1::m6_4-trial-003,m6_4-trial-003,oracle_unconstrained_correct_top,2,2,0.25,2,0.2,1,1,0.04999999999999999
track2_common3,acquisitionCampaignGroup,track2_common3|campaign|outer-02,M6_4_campaign,B1,m6_4-dataset-20260819T155147Z-386f95dd,B1::m6_4-trial-003,m6_4-trial-003,oracle_stable_two,2,2,0.25,2,0.25,0,1,0.0
track2_common3,acquisitionCampaignGroup,track2_common3|campaign|outer-02,M6_4_campaign,B1,m6_4-dataset-20260819T155147Z-386f95dd,B1::m6_4-trial-003,m6_4-trial-003,oracle_stable_two_margin005,2,2,0.25,2,0.25,0,1,0.0
track2_common3,acquisitionCampaignGroup,track2_common3|campaign|outer-02,M6_4_campaign,B1,m6_4-dataset-20260819T155147Z-386f95dd,B1::m6_4-trial-003,m6_4-trial-003,oracle_stable_two_baseline_margin,2,2,0.25,2,0.25,0,1,0.0
track2_common3,acquisitionCampaignGroup,track2_common3|campaign|outer-02,M6_4_campaign,B1,m6_4-dataset-20260819T155147Z-386f95dd,B1::m6_4-trial-003,m6_4-trial-003,oracle_multiview_band_harmonic,2,2,0.25,2,0.25,0,1,0.0
track2_common3,acquisitionCampaignGroup,track2_common3|campaign|outer-02,M6_4_campaign,B1,m6_4-dataset-20260819T155147Z-386f95dd,B1::m6_4-trial-004,m6_4-trial-004,oracle_unconstrained_correct_top,0,0,0.6,0,0.25,1,1,0.35
track2_common3,acquisitionCampaignGroup,track2_common3|campaign|outer-02,M6_4_campaign,B1,m6_4-dataset-20260819T155147Z-386f95dd,B1::m6_4-trial-004,m6_4-trial-004,oracle_stable_two,0,0,0.6,0,0.3,1,1,0.3
track2_common3,acquisitionCampaignGroup,track2_common3|campaign|outer-02,M6_4_campaign,B1,m6_4-dataset-20260819T155147Z-386f95dd,B1::m6_4-trial-004,m6_4-trial-004,oracle_stable_two_margin005,0,0,0.6,0,0.4,1,1,0.19999999999999996
track2_common3,acquisitionCampaignGroup,track2_common3|campaign|outer-02,M6_4_campaign,B1,m6_4-dataset-20260819T155147Z-386f95dd,B1::m6_4-trial-004,m6_4-trial-004,oracle_stable_two_baseline_margin,0,0,0.6,0,0.6,0,1,0.0
track2_common3,acquisitionCampaignGroup,track2_common3|campaign|outer-02,M6_4_campaign,B1,m6_4-dataset-20260819T155147Z-386f95dd,B1::m6_4-trial-004,m6_4-trial-004,oracle_multiview_band_harmonic,0,0,0.6,0,0.4,1,1,0.19999999999999996
track2_common3,acquisitionCampaignGroup,track2_common3|campaign|outer-02,M6_4_campaign,B1,m6_4-dataset-20260819T155147Z-386f95dd,B1::m6_4-trial-005,m6_4-trial-005,oracle_unconstrained_correct_top,1,1,0.25,1,0.2,1,1,0.04999999999999999
track2_common3,acquisitionCampaignGroup,track2_common3|campaign|outer-02,M6_4_campaign,B1,m6_4-dataset-20260819T155147Z-386f95dd,B1::m6_4-trial-005,m6_4-trial-005,oracle_stable_two,1,1,0.25,1,0.25,0,1,0.0
track2_common3,acquisitionCampaignGroup,track2_common3|campaign|outer-02,M6_4_campaign,B1,m6_4-dataset-20260819T155147Z-386f95dd,B1::m6_4-trial-005,m6_4-trial-005,oracle_stable_two_margin005,1,1,0.25,1,0.25,0,1,0.0
track2_common3,acquisitionCampaignGroup,track2_common3|campaign|outer-02,M6_4_campaign,B1,m6_4-dataset-20260819T155147Z-386f95dd,B1::m6_4-trial-005,m6_4-trial-005,oracle_stable_two_baseline_margin,1,1,0.25,1,0.25,0,1,0.0
track2_common3,acquisitionCampaignGroup,track2_common3|campaign|outer-02,M6_4_campaign,B1,m6_4-dataset-20260819T155147Z-386f95dd,B1::m6_4-trial-005,m6_4-trial-005,oracle_multiview_band_harmonic,1,1,0.25,1,0.25,0,1,0.0
track2_common3,acquisitionCampaignGroup,track2_common3|campaign|outer-02,M6_4_campaign,B1,m6_4-dataset-20260819T155147Z-386f95dd,B1::m6_4-trial-006,m6_4-trial-006,oracle_unconstrained_correct_top,1,1,0.5,1,0.2,1,1,0.3
track2_common3,acquisitionCampaignGroup,track2_common3|campaign|outer-02,M6_4_campaign,B1,m6_4-dataset-20260819T155147Z-386f95dd,B1::m6_4-trial-006,m6_4-trial-006,oracle_stable_two,1,1,0.5,1,0.25,1,1,0.25
track2_common3,acquisitionCampaignGroup,track2_common3|campaign|outer-02,M6_4_campaign,B1,m6_4-dataset-20260819T155147Z-386f95dd,B1::m6_4-trial-006,m6_4-trial-006,oracle_stable_two_margin005,1,1,0.5,1,0.35,1,1,0.15000000000000002
track2_common3,acquisitionCampaignGroup,track2_common3|campaign|outer-02,M6_4_campaign,B1,m6_4-dataset-20260819T155147Z-386f95dd,B1::m6_4-trial-006,m6_4-trial-006,oracle_stable_two_baseline_margin,1,1,0.5,1,0.5,0,1,0.0
track2_common3,acquisitionCampaignGroup,track2_common3|campaign|outer-02,M6_4_campaign,B1,m6_4-dataset-20260819T155147Z-386f95dd,B1::m6_4-trial-006,m6_4-trial-006,oracle_multiview_band_harmonic,1,1,0.5,1,0.35,1,1,0.15000000000000002
track2_common3,acquisitionCampaignGroup,track2_common3|campaign|outer-02,M6_4_campaign,B1,m6_4-dataset-20260819T155147Z-386f95dd,B1::m6_4-trial-007,m6_4-trial-007,oracle_unconstrained_correct_top,2,2,0.3,2,0.25,1,1,0.04999999999999999
track2_common3,acquisitionCampaignGroup,track2_common3|campaign|outer-02,M6_4_campaign,B1,m6_4-dataset-20260819T155147Z-386f95dd,B1::m6_4-trial-007,m6_4-trial-007,oracle_stable_two,2,2,0.3,2,0.3,0,1,0.0
track2_common3,acquisitionCampaignGroup,track2_common3|campaign|outer-02,M6_4_campaign,B1,m6_4-dataset-20260819T155147Z-386f95dd,B1::m6_4-trial-007,m6_4-trial-007,oracle_stable_two_margin005,2,2,0.3,2,0.3,0,1,0.0
track2_common3,acquisitionCampaignGroup,track2_common3|campaign|outer-02,M6_4_campaign,B1,m6_4-dataset-20260819T155147Z-386f95dd,B1::m6_4-trial-007,m6_4-trial-007,oracle_stable_two_baseline_margin,2,2,0.3,2,0.3,0,1,0.0
track2_common3,acquisitionCampaignGroup,track2_common3|campaign|outer-02,M6_4_campaign,B1,m6_4-dataset-20260819T155147Z-386f95dd,B1::m6_4-trial-007,m6_4-trial-007,oracle_multiview_band_harmonic,2,2,0.3,2,0.3,0,1,0.0
track2_common3,acquisitionCampaignGroup,track2_common3|campaign|outer-02,M6_4_campaign,B1,m6_4-dataset-20260819T155147Z-386f95dd,B1::m6_4-trial-008,m6_4-trial-008,oracle_unconstrained_correct_top,2,2,0.3,2,0.2,1,1,0.09999999999999998
track2_common3,acquisitionCampaignGroup,track2_common3|campaign|outer-02,M6_4_campaign,B1,m6_4-dataset-20260819T155147Z-386f95dd,B1::m6_4-trial-008,m6_4-trial-008,oracle_stable_two,2,2,0.3,2,0.25,1,1,0.04999999999999999
track2_common3,acquisitionCampaignGroup,track2_common3|campaign|outer-02,M6_4_campaign,B1,m6_4-dataset-20260819T155147Z-386f95dd,B1::m6_4-trial-008,m6_4-trial-008,oracle_stable_two_margin005,2,2,0.3,2,0.25,1,1,0.04999999999999999
track2_common3,acquisitionCampaignGroup,track2_common3|campaign|outer-02,M6_4_campaign,B1,m6_4-dataset-20260819T155147Z-386f95dd,B1::m6_4-trial-008,m6_4-trial-008,oracle_stable_two_baseline_margin,2,2,0.3,2,0.3,0,1,0.0
track2_common3,acquisitionCampaignGroup,track2_common3|campaign|outer-02,M6_4_campaign,B1,m6_4-dataset-20260819T155147Z-386f95dd,B1::m6_4-trial-008,m6_4-trial-008,oracle_multiview_band_harmonic,2,2,0.3,2,0.25,1,1,0.04999999999999999
track2_common3,acquisitionCampaignGroup,track2_common3|campaign|outer-02,M6_4_campaign,B1,m6_4-dataset-20260819T155147Z-386f95dd,B1::m6_4-trial-009,m6_4-trial-009,oracle_unconstrained_correct_top,0,0,0.3,0,0.2,1,1,0.09999999999999998
track2_common3,acquisitionCampaignGroup,track2_common3|campaign|outer-02,M6_4_campaign,B1,m6_4-dataset-20260819T155147Z-386f95dd,B1::m6_4-trial-009,m6_4-trial-009,oracle_stable_two,0,0,0.3,0,0.25,1,1,0.04999999999999999
track2_common3,acquisitionCampaignGroup,track2_common3|campaign|outer-02,M6_4_campaign,B1,m6_4-dataset-20260819T155147Z-386f95dd,B1::m6_4-trial-009,m6_4-trial-009,oracle_stable_two_margin005,0,0,0.3,0,0.25,1,1,0.04999999999999999
track2_common3,acquisitionCampaignGroup,track2_common3|campaign|outer-02,M6_4_campaign,B1,m6_4-dataset-20260819T155147Z-386f95dd,B1::m6_4-trial-009,m6_4-trial-009,oracle_stable_two_baseline_margin,0,0,0.3,0,0.3,0,1,0.0
track2_common3,acquisitionCampaignGroup,track2_common3|campaign|outer-02,M6_4_campaign,B1,m6_4-dataset-20260819T155147Z-386f95dd,B1::m6_4-trial-009,m6_4-trial-009,oracle_multiview_band_harmonic,0,0,0.3,0,0.25,1,1,0.04999999999999999
track2_common3,acquisitionCampaignGroup,track2_common3|campaign|outer-02,M6_4_campaign,B1,m6_4-dataset-20260819T155147Z-386f95dd,B1::m6_4-trial-010,m6_4-trial-010,oracle_unconstrained_correct_top,2,2,0.4,2,0.3,1,1,0.10000000000000003
track2_common3,acquisitionCampaignGroup,track2_common3|campaign|outer-02,M6_4_campaign,B1,m6_4-dataset-20260819T155147Z-386f95dd,B1::m6_4-trial-010,m6_4-trial-010,oracle_stable_two,2,2,0.4,2,0.35,1,1,0.050000000000000044
track2_common3,acquisitionCampaignGroup,track2_common3|campaign|outer-02,M6_4_campaign,B1,m6_4-dataset-20260819T155147Z-386f95dd,B1::m6_4-trial-010,m6_4-trial-010,oracle_stable_two_margin005,2,2,0.4,2,0.4,0,1,0.0
track2_common3,acquisitionCampaignGroup,track2_common3|campaign|outer-02,M6_4_campaign,B1,m6_4-dataset-20260819T155147Z-386f95dd,B1::m6_4-trial-010,m6_4-trial-010,oracle_stable_two_baseline_margin,2,2,0.4,2,0.4,0,1,0.0
track2_common3,acquisitionCampaignGroup,track2_common3|campaign|outer-02,M6_4_campaign,B1,m6_4-dataset-20260819T155147Z-386f95dd,B1::m6_4-trial-010,m6_4-trial-010,oracle_multiview_band_harmonic,2,2,0.4,2,0.4,0,1,0.0
track2_common3,acquisitionCampaignGroup,track2_common3|campaign|outer-02,M6_4_campaign,B1,m6_4-dataset-20260819T155147Z-386f95dd,B1::m6_4-trial-012,m6_4-trial-012,oracle_unconstrained_correct_top,0,0,0.25,0,0.2,1,1,0.04999999999999999
track2_common3,acquisitionCampaignGroup,track2_common3|campaign|outer-02,M6_4_campaign,B1,m6_4-dataset-20260819T155147Z-386f95dd,B1::m6_4-trial-012,m6_4-trial-012,oracle_stable_two,0,0,0.25,0,0.25,0,1,0.0
track2_common3,acquisitionCampaignGroup,track2_common3|campaign|outer-02,M6_4_campaign,B1,m6_4-dataset-20260819T155147Z-386f95dd,B1::m6_4-trial-012,m6_4-trial-012,oracle_stable_two_margin005,0,0,0.25,0,0.25,0,1,0.0
track2_common3,acquisitionCampaignGroup,track2_common3|campaign|outer-02,M6_4_campaign,B1,m6_4-dataset-20260819T155147Z-386f95dd,B1::m6_4-trial-012,m6_4-trial-012,oracle_stable_two_baseline_margin,0,0,0.25,0,0.25,0,1,0.0
track2_common3,acquisitionCampaignGroup,track2_common3|campaign|outer-02,M6_4_campaign,B1,m6_4-dataset-20260819T155147Z-386f95dd,B1::m6_4-trial-012,m6_4-trial-012,oracle_multiview_band_harmonic,0,0,0.25,0,0.25,0,1,0.0
track2_common3,acquisitionCampaignGroup,track2_common3|campaign|outer-02,M6_4_campaign,B1,m6_4-dataset-20260819T155147Z-386f95dd,B1::m6_4-trial-013,m6_4-trial-013,oracle_unconstrained_correct_top,0,0,0.25,0,0.2,1,1,0.04999999999999999
track2_common3,acquisitionCampaignGroup,track2_common3|campaign|outer-02,M6_4_campaign,B1,m6_4-dataset-20260819T155147Z-386f95dd,B1::m6_4-trial-013,m6_4-trial-013,oracle_stable_two,0,0,0.25,0,0.25,0,1,0.0
track2_common3,acquisitionCampaignGroup,track2_common3|campaign|outer-02,M6_4_campaign,B1,m6_4-dataset-20260819T155147Z-386f95dd,B1::m6_4-trial-013,m6_4-trial-013,oracle_stable_two_margin005,0,0,0.25,0,0.25,0,1,0.0
track2_common3,acquisitionCampaignGroup,track2_common3|campaign|outer-02,M6_4_campaign,B1,m6_4-dataset-20260819T155147Z-386f95dd,B1::m6_4-trial-013,m6_4-trial-013,oracle_stable_two_baseline_margin,0,0,0.25,0,0.25,0,1,0.0
track2_common3,acquisitionCampaignGroup,track2_common3|campaign|outer-02,M6_4_campaign,B1,m6_4-dataset-20260819T155147Z-386f95dd,B1::m6_4-trial-013,m6_4-trial-013,oracle_multiview_band_harmonic,0,0,0.25,0,0.25,0,1,0.0
track2_common3,acquisitionCampaignGroup,track2_common3|campaign|outer-02,M6_4_campaign,B1,m6_4-dataset-20260819T155147Z-386f95dd,B1::m6_4-trial-014,m6_4-trial-014,oracle_unconstrained_correct_top,1,2,1.0,1,0.6,1,1,0.4
track2_common3,acquisitionCampaignGroup,track2_common3|campaign|outer-02,M6_4_campaign,B1,m6_4-dataset-20260819T155147Z-386f95dd,B1::m6_4-trial-014,m6_4-trial-014,oracle_stable_two,1,2,1.0,2,1.0,0,0,0.0
track2_common3,acquisitionCampaignGroup,track2_common3|campaign|outer-02,M6_4_campaign,B1,m6_4-dataset-20260819T155147Z-386f95dd,B1::m6_4-trial-014,m6_4-trial-014,oracle_stable_two_margin005,1,2,1.0,2,1.0,0,0,0.0
track2_common3,acquisitionCampaignGroup,track2_common3|campaign|outer-02,M6_4_campaign,B1,m6_4-dataset-20260819T155147Z-386f95dd,B1::m6_4-trial-014,m6_4-trial-014,oracle_stable_two_baseline_margin,1,2,1.0,2,1.0,0,0,0.0
track2_common3,acquisitionCampaignGroup,track2_common3|campaign|outer-02,M6_4_campaign,B1,m6_4-dataset-20260819T155147Z-386f95dd,B1::m6_4-trial-014,m6_4-trial-014,oracle_multiview_band_harmonic,1,2,1.0,2,1.0,0,0,0.0
track2_common3,acquisitionCampaignGroup,track2_common3|campaign|outer-02,M6_4_campaign,B1,m6_4-dataset-20260819T155147Z-386f95dd,B1::m6_4-trial-015,m6_4-trial-015,oracle_unconstrained_correct_top,2,2,0.35,2,0.25,1,1,0.09999999999999998
track2_common3,acquisitionCampaignGroup,track2_common3|campaign|outer-02,M6_4_campaign,B1,m6_4-dataset-20260819T155147Z-386f95dd,B1::m6_4-trial-015,m6_4-trial-015,oracle_stable_two,2,2,0.35,2,0.3,1,1,0.04999999999999999
track2_common3,acquisitionCampaignGroup,track2_common3|campaign|outer-02,M6_4_campaign,B1,m6_4-dataset-20260819T155147Z-386f95dd,B1::m6_4-trial-015,m6_4-trial-015,oracle_stable_two_margin005,2,2,0.35,2,0.3,1,1,0.04999999999999999
track2_common3,acquisitionCampaignGroup,track2_common3|campaign|outer-02,M6_4_campaign,B1,m6_4-dataset-20260819T155147Z-386f95dd,B1::m6_4-trial-015,m6_4-trial-015,oracle_stable_two_baseline_margin,2,2,0.35,2,0.35,0,1,0.0
track2_common3,acquisitionCampaignGroup,track2_common3|campaign|outer-02,M6_4_campaign,B1,m6_4-dataset-20260819T155147Z-386f95dd,B1::m6_4-trial-015,m6_4-trial-015,oracle_multiview_band_harmonic,2,2,0.35,2,0.3,1,1,0.04999999999999999
track2_common3,acquisitionCampaignGroup,track2_common3|campaign|outer-02,M6_4_campaign,B1,m6_4-dataset-20260819T155147Z-386f95dd,B1::m6_4-trial-016,m6_4-trial-016,oracle_unconstrained_correct_top,1,0,0.35,0,0.35,0,0,0.0
track2_common3,acquisitionCampaignGroup,track2_common3|campaign|outer-02,M6_4_campaign,B1,m6_4-dataset-20260819T155147Z-386f95dd,B1::m6_4-trial-016,m6_4-trial-016,oracle_stable_two,1,0,0.35,0,0.35,0,0,0.0
track2_common3,acquisitionCampaignGroup,track2_common3|campaign|outer-02,M6_4_campaign,B1,m6_4-dataset-20260819T155147Z-386f95dd,B1::m6_4-trial-016,m6_4-trial-016,oracle_stable_two_margin005,1,0,0.35,0,0.35,0,0,0.0
track2_common3,acquisitionCampaignGroup,track2_common3|campaign|outer-02,M6_4_campaign,B1,m6_4-dataset-20260819T155147Z-386f95dd,B1::m6_4-trial-016,m6_4-trial-016,oracle_stable_two_baseline_margin,1,0,0.35,0,0.35,0,0,0.0
track2_common3,acquisitionCampaignGroup,track2_common3|campaign|outer-02,M6_4_campaign,B1,m6_4-dataset-20260819T155147Z-386f95dd,B1::m6_4-trial-016,m6_4-trial-016,oracle_multiview_band_harmonic,1,0,0.35,0,0.35,0,0,0.0
track2_common3,acquisitionCampaignGroup,track2_common3|campaign|outer-02,M6_4_campaign,B1,m6_4-dataset-20260819T155147Z-386f95dd,B1::m6_4-trial-017,m6_4-trial-017,oracle_unconstrained_correct_top,2,2,0.25,2,0.2,1,1,0.04999999999999999
track2_common3,acquisitionCampaignGroup,track2_common3|campaign|outer-02,M6_4_campaign,B1,m6_4-dataset-20260819T155147Z-386f95dd,B1::m6_4-trial-017,m6_4-trial-017,oracle_stable_two,2,2,0.25,2,0.25,0,1,0.0
track2_common3,acquisitionCampaignGroup,track2_common3|campaign|outer-02,M6_4_campaign,B1,m6_4-dataset-20260819T155147Z-386f95dd,B1::m6_4-trial-017,m6_4-trial-017,oracle_stable_two_margin005,2,2,0.25,2,0.25,0,1,0.0
track2_common3,acquisitionCampaignGroup,track2_common3|campaign|outer-02,M6_4_campaign,B1,m6_4-dataset-20260819T155147Z-386f95dd,B1::m6_4-trial-017,m6_4-trial-017,oracle_stable_two_baseline_margin,2,2,0.25,2,0.25,0,1,0.0
track2_common3,acquisitionCampaignGroup,track2_common3|campaign|outer-02,M6_4_campaign,B1,m6_4-dataset-20260819T155147Z-386f95dd,B1::m6_4-trial-017,m6_4-trial-017,oracle_multiview_band_harmonic,2,2,0.25,2,0.25,0,1,0.0
track2_common3,acquisitionCampaignGroup,track2_common3|campaign|outer-02,M6_4_campaign,B1,m6_4-dataset-20260819T155147Z-386f95dd,B1::m6_4-trial-018,m6_4-trial-018,oracle_unconstrained_correct_top,0,0,0.35,0,0.2,1,1,0.14999999999999997
track2_common3,acquisitionCampaignGroup,track2_common3|campaign|outer-02,M6_4_campaign,B1,m6_4-dataset-20260819T155147Z-386f95dd,B1::m6_4-trial-018,m6_4-trial-018,oracle_stable_two,0,0,0.35,0,0.25,1,1,0.09999999999999998
track2_common3,acquisitionCampaignGroup,track2_common3|campaign|outer-02,M6_4_campaign,B1,m6_4-dataset-20260819T155147Z-386f95dd,B1::m6_4-trial-018,m6_4-trial-018,oracle_stable_two_margin005,0,0,0.35,0,0.25,1,1,0.09999999999999998
track2_common3,acquisitionCampaignGroup,track2_common3|campaign|outer-02,M6_4_campaign,B1,m6_4-dataset-20260819T155147Z-386f95dd,B1::m6_4-trial-018,m6_4-trial-018,oracle_stable_two_baseline_margin,0,0,0.35,0,0.35,0,1,0.0
track2_common3,acquisitionCampaignGroup,track2_common3|campaign|outer-02,M6_4_campaign,B1,m6_4-dataset-20260819T155147Z-386f95dd,B1::m6_4-trial-018,m6_4-trial-018,oracle_multiview_band_harmonic,0,0,0.35,0,0.25,1,1,0.09999999999999998
track2_common3,acquisitionCampaignGroup,track2_common3|campaign|outer-02,M6_4_campaign,B1,m6_4-dataset-20260819T155147Z-386f95dd,B1::m6_4-trial-019,m6_4-trial-019,oracle_unconstrained_correct_top,2,2,0.3,2,0.2,1,1,0.09999999999999998
track2_common3,acquisitionCampaignGroup,track2_common3|campaign|outer-02,M6_4_campaign,B1,m6_4-dataset-20260819T155147Z-386f95dd,B1::m6_4-trial-019,m6_4-trial-019,oracle_stable_two,2,2,0.3,2,0.25,1,1,0.04999999999999999
track2_common3,acquisitionCampaignGroup,track2_common3|campaign|outer-02,M6_4_campaign,B1,m6_4-dataset-20260819T155147Z-386f95dd,B1::m6_4-trial-019,m6_4-trial-019,oracle_stable_two_margin005,2,2,0.3,2,0.25,1,1,0.04999999999999999
track2_common3,acquisitionCampaignGroup,track2_common3|campaign|outer-02,M6_4_campaign,B1,m6_4-dataset-20260819T155147Z-386f95dd,B1::m6_4-trial-019,m6_4-trial-019,oracle_stable_two_baseline_margin,2,2,0.3,2,0.3,0,1,0.0
track2_common3,acquisitionCampaignGroup,track2_common3|campaign|outer-02,M6_4_campaign,B1,m6_4-dataset-20260819T155147Z-386f95dd,B1::m6_4-trial-019,m6_4-trial-019,oracle_multiview_band_harmonic,2,2,0.3,2,0.25,1,1,0.04999999999999999
track2_common3,acquisitionCampaignGroup,track2_common3|campaign|outer-02,M6_4_campaign,B1,m6_4-dataset-20260819T155147Z-386f95dd,B1::m6_4-trial-020,m6_4-trial-020,oracle_unconstrained_correct_top,1,1,0.35,1,0.2,1,1,0.14999999999999997
track2_common3,acquisitionCampaignGroup,track2_common3|campaign|outer-02,M6_4_campaign,B1,m6_4-dataset-20260819T155147Z-386f95dd,B1::m6_4-trial-020,m6_4-trial-020,oracle_stable_two,1,1,0.35,1,0.25,1,1,0.09999999999999998
track2_common3,acquisitionCampaignGroup,track2_common3|campaign|outer-02,M6_4_campaign,B1,m6_4-dataset-20260819T155147Z-386f95dd,B1::m6_4-trial-020,m6_4-trial-020,oracle_stable_two_margin005,1,1,0.35,1,0.3,1,1,0.04999999999999999
track2_common3,acquisitionCampaignGroup,track2_common3|campaign|outer-02,M6_4_campaign,B1,m6_4-dataset-20260819T155147Z-386f95dd,B1::m6_4-trial-020,m6_4-trial-020,oracle_stable_two_baseline_margin,1,1,0.35,1,0.35,0,1,0.0
track2_common3,acquisitionCampaignGroup,track2_common3|campaign|outer-02,M6_4_campaign,B1,m6_4-dataset-20260819T155147Z-386f95dd,B1::m6_4-trial-020,m6_4-trial-020,oracle_multiview_band_harmonic,1,1,0.35,1,0.3,1,1,0.04999999999999999
track2_common3,acquisitionCampaignGroup,track2_common3|campaign|outer-02,M6_4_campaign,B1,m6_4-dataset-20260819T155147Z-386f95dd,B1::m6_4-trial-021,m6_4-trial-021,oracle_unconstrained_correct_top,1,1,0.3,1,0.25,1,1,0.04999999999999999
track2_common3,acquisitionCampaignGroup,track2_common3|campaign|outer-02,M6_4_campaign,B1,m6_4-dataset-20260819T155147Z-386f95dd,B1::m6_4-trial-021,m6_4-trial-021,oracle_stable_two,1,1,0.3,1,0.3,0,1,0.0
track2_common3,acquisitionCampaignGroup,track2_common3|campaign|outer-02,M6_4_campaign,B1,m6_4-dataset-20260819T155147Z-386f95dd,B1::m6_4-trial-021,m6_4-trial-021,oracle_stable_two_margin005,1,1,0.3,1,0.3,0,1,0.0
track2_common3,acquisitionCampaignGroup,track2_common3|campaign|outer-02,M6_4_campaign,B1,m6_4-dataset-20260819T155147Z-386f95dd,B1::m6_4-trial-021,m6_4-trial-021,oracle_stable_two_baseline_margin,1,1,0.3,1,0.3,0,1,0.0
track2_common3,acquisitionCampaignGroup,track2_common3|campaign|outer-02,M6_4_campaign,B1,m6_4-dataset-20260819T155147Z-386f95dd,B1::m6_4-trial-021,m6_4-trial-021,oracle_multiview_band_harmonic,1,1,0.3,1,0.3,0,1,0.0
track2_common3,acquisitionCampaignGroup,track2_common3|campaign|outer-02,M6_4_campaign,B1,m6_4-dataset-20260819T155147Z-386f95dd,B1::m6_4-trial-022,m6_4-trial-022,oracle_unconstrained_correct_top,0,0,1.0,0,0.2,1,1,0.8
track2_common3,acquisitionCampaignGroup,track2_common3|campaign|outer-02,M6_4_campaign,B1,m6_4-dataset-20260819T155147Z-386f95dd,B1::m6_4-trial-022,m6_4-trial-022,oracle_stable_two,0,0,1.0,0,1.0,0,1,0.0
track2_common3,acquisitionCampaignGroup,track2_common3|campaign|outer-02,M6_4_campaign,B1,m6_4-dataset-20260819T155147Z-386f95dd,B1::m6_4-trial-022,m6_4-trial-022,oracle_stable_two_margin005,0,0,1.0,0,1.0,0,1,0.0
track2_common3,acquisitionCampaignGroup,track2_common3|campaign|outer-02,M6_4_campaign,B1,m6_4-dataset-20260819T155147Z-386f95dd,B1::m6_4-trial-022,m6_4-trial-022,oracle_stable_two_baseline_margin,0,0,1.0,0,1.0,0,1,0.0
track2_common3,acquisitionCampaignGroup,track2_common3|campaign|outer-02,M6_4_campaign,B1,m6_4-dataset-20260819T155147Z-386f95dd,B1::m6_4-trial-022,m6_4-trial-022,oracle_multiview_band_harmonic,0,0,1.0,0,1.0,0,1,0.0
track2_common3,acquisitionCampaignGroup,track2_common3|campaign|outer-02,M6_4_campaign,B1,m6_4-dataset-20260819T155147Z-386f95dd,B1::m6_4-trial-023,m6_4-trial-023,oracle_unconstrained_correct_top,1,1,0.5,1,0.2,1,1,0.3
track2_common3,acquisitionCampaignGroup,track2_common3|campaign|outer-02,M6_4_campaign,B1,m6_4-dataset-20260819T155147Z-386f95dd,B1::m6_4-trial-023,m6_4-trial-023,oracle_stable_two,1,1,0.5,1,0.35,1,1,0.15000000000000002
track2_common3,acquisitionCampaignGroup,track2_common3|campaign|outer-02,M6_4_campaign,B1,m6_4-dataset-20260819T155147Z-386f95dd,B1::m6_4-trial-023,m6_4-trial-023,oracle_stable_two_margin005,1,1,0.5,1,0.35,1,1,0.15000000000000002
track2_common3,acquisitionCampaignGroup,track2_common3|campaign|outer-02,M6_4_campaign,B1,m6_4-dataset-20260819T155147Z-386f95dd,B1::m6_4-trial-023,m6_4-trial-023,oracle_stable_two_baseline_margin,1,1,0.5,1,0.5,0,1,0.0
track2_common3,acquisitionCampaignGroup,track2_common3|campaign|outer-02,M6_4_campaign,B1,m6_4-dataset-20260819T155147Z-386f95dd,B1::m6_4-trial-023,m6_4-trial-023,oracle_multiview_band_harmonic,1,1,0.5,1,0.35,1,1,0.15000000000000002
track2_common3,acquisitionCampaignGroup,track2_common3|campaign|outer-02,M6_4_campaign,B1,m6_4-dataset-20260819T155147Z-386f95dd,B1::m6_4-trial-024,m6_4-trial-024,oracle_unconstrained_correct_top,2,2,0.25,2,0.2,1,1,0.04999999999999999
track2_common3,acquisitionCampaignGroup,track2_common3|campaign|outer-02,M6_4_campaign,B1,m6_4-dataset-20260819T155147Z-386f95dd,B1::m6_4-trial-024,m6_4-trial-024,oracle_stable_two,2,2,0.25,2,0.25,0,1,0.0
track2_common3,acquisitionCampaignGroup,track2_common3|campaign|outer-02,M6_4_campaign,B1,m6_4-dataset-20260819T155147Z-386f95dd,B1::m6_4-trial-024,m6_4-trial-024,oracle_stable_two_margin005,2,2,0.25,2,0.25,0,1,0.0
track2_common3,acquisitionCampaignGroup,track2_common3|campaign|outer-02,M6_4_campaign,B1,m6_4-dataset-20260819T155147Z-386f95dd,B1::m6_4-trial-024,m6_4-trial-024,oracle_stable_two_baseline_margin,2,2,0.25,2,0.25,0,1,0.0
track2_common3,acquisitionCampaignGroup,track2_common3|campaign|outer-02,M6_4_campaign,B1,m6_4-dataset-20260819T155147Z-386f95dd,B1::m6_4-trial-024,m6_4-trial-024,oracle_multiview_band_harmonic,2,2,0.25,2,0.25,0,1,0.0
track2_common3,acquisitionCampaignGroup,track2_common3|campaign|outer-02,M6_4_campaign,B1,m6_4-dataset-20260819T155147Z-386f95dd,B1::m6_4-trial-025,m6_4-trial-025,oracle_unconstrained_correct_top,0,0,0.3,0,0.25,1,1,0.04999999999999999
track2_common3,acquisitionCampaignGroup,track2_common3|campaign|outer-02,M6_4_campaign,B1,m6_4-dataset-20260819T155147Z-386f95dd,B1::m6_4-trial-025,m6_4-trial-025,oracle_stable_two,0,0,0.3,0,0.3,0,1,0.0
track2_common3,acquisitionCampaignGroup,track2_common3|campaign|outer-02,M6_4_campaign,B1,m6_4-dataset-20260819T155147Z-386f95dd,B1::m6_4-trial-025,m6_4-trial-025,oracle_stable_two_margin005,0,0,0.3,0,0.3,0,1,0.0
track2_common3,acquisitionCampaignGroup,track2_common3|campaign|outer-02,M6_4_campaign,B1,m6_4-dataset-20260819T155147Z-386f95dd,B1::m6_4-trial-025,m6_4-trial-025,oracle_stable_two_baseline_margin,0,0,0.3,0,0.3,0,1,0.0
track2_common3,acquisitionCampaignGroup,track2_common3|campaign|outer-02,M6_4_campaign,B1,m6_4-dataset-20260819T155147Z-386f95dd,B1::m6_4-trial-025,m6_4-trial-025,oracle_multiview_band_harmonic,0,0,0.3,0,0.3,0,1,0.0
track2_common3,acquisitionCampaignGroup,track2_common3|campaign|outer-02,M6_4_campaign,B1,m6_4-dataset-20260819T155147Z-386f95dd,B1::m6_4-trial-026,m6_4-trial-026,oracle_unconstrained_correct_top,0,0,0.4,0,0.35,1,1,0.050000000000000044
track2_common3,acquisitionCampaignGroup,track2_common3|campaign|outer-02,M6_4_campaign,B1,m6_4-dataset-20260819T155147Z-386f95dd,B1::m6_4-trial-026,m6_4-trial-026,oracle_stable_two,0,0,0.4,0,0.4,0,1,0.0
track2_common3,acquisitionCampaignGroup,track2_common3|campaign|outer-02,M6_4_campaign,B1,m6_4-dataset-20260819T155147Z-386f95dd,B1::m6_4-trial-026,m6_4-trial-026,oracle_stable_two_margin005,0,0,0.4,0,0.4,0,1,0.0
track2_common3,acquisitionCampaignGroup,track2_common3|campaign|outer-02,M6_4_campaign,B1,m6_4-dataset-20260819T155147Z-386f95dd,B1::m6_4-trial-026,m6_4-trial-026,oracle_stable_two_baseline_margin,0,0,0.4,0,0.4,0,1,0.0
track2_common3,acquisitionCampaignGroup,track2_common3|campaign|outer-02,M6_4_campaign,B1,m6_4-dataset-20260819T155147Z-386f95dd,B1::m6_4-trial-026,m6_4-trial-026,oracle_multiview_band_harmonic,0,0,0.4,0,0.4,0,1,0.0
track2_common3,acquisitionCampaignGroup,track2_common3|campaign|outer-02,M6_4_campaign,B1,m6_4-dataset-20260819T155147Z-386f95dd,B1::m6_4-trial-027,m6_4-trial-027,oracle_unconstrained_correct_top,1,1,0.25,1,0.2,1,1,0.04999999999999999
track2_common3,acquisitionCampaignGroup,track2_common3|campaign|outer-02,M6_4_campaign,B1,m6_4-dataset-20260819T155147Z-386f95dd,B1::m6_4-trial-027,m6_4-trial-027,oracle_stable_two,1,1,0.25,1,0.25,0,1,0.0
track2_common3,acquisitionCampaignGroup,track2_common3|campaign|outer-02,M6_4_campaign,B1,m6_4-dataset-20260819T155147Z-386f95dd,B1::m6_4-trial-027,m6_4-trial-027,oracle_stable_two_margin005,1,1,0.25,1,0.25,0,1,0.0
track2_common3,acquisitionCampaignGroup,track2_common3|campaign|outer-02,M6_4_campaign,B1,m6_4-dataset-20260819T155147Z-386f95dd,B1::m6_4-trial-027,m6_4-trial-027,oracle_stable_two_baseline_margin,1,1,0.25,1,0.25,0,1,0.0
track2_common3,acquisitionCampaignGroup,track2_common3|campaign|outer-02,M6_4_campaign,B1,m6_4-dataset-20260819T155147Z-386f95dd,B1::m6_4-trial-027,m6_4-trial-027,oracle_multiview_band_harmonic,1,1,0.25,1,0.25,0,1,0.0
track2_common3,acquisitionCampaignGroup,track2_common3|campaign|outer-02,M6_4_campaign,B1,m6_4-dataset-20260819T155147Z-386f95dd,B1::m6_4-trial-028,m6_4-trial-028,oracle_unconstrained_correct_top,1,0,0.35,1,0.25,1,1,0.09999999999999998
track2_common3,acquisitionCampaignGroup,track2_common3|campaign|outer-02,M6_4_campaign,B1,m6_4-dataset-20260819T155147Z-386f95dd,B1::m6_4-trial-028,m6_4-trial-028,oracle_stable_two,1,0,0.35,0,0.35,0,0,0.0
track2_common3,acquisitionCampaignGroup,track2_common3|campaign|outer-02,M6_4_campaign,B1,m6_4-dataset-20260819T155147Z-386f95dd,B1::m6_4-trial-028,m6_4-trial-028,oracle_stable_two_margin005,1,0,0.35,0,0.35,0,0,0.0
track2_common3,acquisitionCampaignGroup,track2_common3|campaign|outer-02,M6_4_campaign,B1,m6_4-dataset-20260819T155147Z-386f95dd,B1::m6_4-trial-028,m6_4-trial-028,oracle_stable_two_baseline_margin,1,0,0.35,0,0.35,0,0,0.0
track2_common3,acquisitionCampaignGroup,track2_common3|campaign|outer-02,M6_4_campaign,B1,m6_4-dataset-20260819T155147Z-386f95dd,B1::m6_4-trial-028,m6_4-trial-028,oracle_multiview_band_harmonic,1,0,0.35,0,0.35,0,0,0.0
track2_common3,acquisitionCampaignGroup,track2_common3|campaign|outer-02,M6_4_campaign,B1,m6_4-dataset-20260819T155147Z-386f95dd,B1::m6_4-trial-029,m6_4-trial-029,oracle_unconstrained_correct_top,0,0,0.35,0,0.25,1,1,0.09999999999999998
track2_common3,acquisitionCampaignGroup,track2_common3|campaign|outer-02,M6_4_campaign,B1,m6_4-dataset-20260819T155147Z-386f95dd,B1::m6_4-trial-029,m6_4-trial-029,oracle_stable_two,0,0,0.35,0,0.3,1,1,0.04999999999999999
track2_common3,acquisitionCampaignGroup,track2_common3|campaign|outer-02,M6_4_campaign,B1,m6_4-dataset-20260819T155147Z-386f95dd,B1::m6_4-trial-029,m6_4-trial-029,oracle_stable_two_margin005,0,0,0.35,0,0.3,1,1,0.04999999999999999
track2_common3,acquisitionCampaignGroup,track2_common3|campaign|outer-02,M6_4_campaign,B1,m6_4-dataset-20260819T155147Z-386f95dd,B1::m6_4-trial-029,m6_4-trial-029,oracle_stable_two_baseline_margin,0,0,0.35,0,0.35,0,1,0.0
track2_common3,acquisitionCampaignGroup,track2_common3|campaign|outer-02,M6_4_campaign,B1,m6_4-dataset-20260819T155147Z-386f95dd,B1::m6_4-trial-029,m6_4-trial-029,oracle_multiview_band_harmonic,0,0,0.35,0,0.35,0,1,0.0
track2_common3,acquisitionCampaignGroup,track2_common3|campaign|outer-02,M6_4_campaign,B1,m6_4-dataset-20260819T155147Z-386f95dd,B1::m6_4-trial-030,m6_4-trial-030,oracle_unconstrained_correct_top,2,2,0.25,2,0.2,1,1,0.04999999999999999
track2_common3,acquisitionCampaignGroup,track2_common3|campaign|outer-02,M6_4_campaign,B1,m6_4-dataset-20260819T155147Z-386f95dd,B1::m6_4-trial-030,m6_4-trial-030,oracle_stable_two,2,2,0.25,2,0.25,0,1,0.0
track2_common3,acquisitionCampaignGroup,track2_common3|campaign|outer-02,M6_4_campaign,B1,m6_4-dataset-20260819T155147Z-386f95dd,B1::m6_4-trial-030,m6_4-trial-030,oracle_stable_two_margin005,2,2,0.25,2,0.25,0,1,0.0
track2_common3,acquisitionCampaignGroup,track2_common3|campaign|outer-02,M6_4_campaign,B1,m6_4-dataset-20260819T155147Z-386f95dd,B1::m6_4-trial-030,m6_4-trial-030,oracle_stable_two_baseline_margin,2,2,0.25,2,0.25,0,1,0.0
track2_common3,acquisitionCampaignGroup,track2_common3|campaign|outer-02,M6_4_campaign,B1,m6_4-dataset-20260819T155147Z-386f95dd,B1::m6_4-trial-030,m6_4-trial-030,oracle_multiview_band_harmonic,2,2,0.25,2,0.25,0,1,0.0
track2_common3,acquisitionCampaignGroup,track2_common3|campaign|outer-02,M6_4_campaign,B2,m6_4-dataset-20260819T161943Z-afaac607,B2::m6_4-trial-001,m6_4-trial-001,oracle_unconstrained_correct_top,2,2,0.25,2,0.2,1,1,0.04999999999999999
track2_common3,acquisitionCampaignGroup,track2_common3|campaign|outer-02,M6_4_campaign,B2,m6_4-dataset-20260819T161943Z-afaac607,B2::m6_4-trial-001,m6_4-trial-001,oracle_stable_two,2,2,0.25,2,0.25,0,1,0.0
track2_common3,acquisitionCampaignGroup,track2_common3|campaign|outer-02,M6_4_campaign,B2,m6_4-dataset-20260819T161943Z-afaac607,B2::m6_4-trial-001,m6_4-trial-001,oracle_stable_two_margin005,2,2,0.25,2,0.25,0,1,0.0
track2_common3,acquisitionCampaignGroup,track2_common3|campaign|outer-02,M6_4_campaign,B2,m6_4-dataset-20260819T161943Z-afaac607,B2::m6_4-trial-001,m6_4-trial-001,oracle_stable_two_baseline_margin,2,2,0.25,2,0.25,0,1,0.0
track2_common3,acquisitionCampaignGroup,track2_common3|campaign|outer-02,M6_4_campaign,B2,m6_4-dataset-20260819T161943Z-afaac607,B2::m6_4-trial-001,m6_4-trial-001,oracle_multiview_band_harmonic,2,2,0.25,2,0.25,0,1,0.0
track2_common3,acquisitionCampaignGroup,track2_common3|campaign|outer-02,M6_4_campaign,B2,m6_4-dataset-20260819T161943Z-afaac607,B2::m6_4-trial-002,m6_4-trial-002,oracle_unconstrained_correct_top,0,0,0.35,0,0.2,1,1,0.14999999999999997
track2_common3,acquisitionCampaignGroup,track2_common3|campaign|outer-02,M6_4_campaign,B2,m6_4-dataset-20260819T161943Z-afaac607,B2::m6_4-trial-002,m6_4-trial-002,oracle_stable_two,0,0,0.35,0,0.25,1,1,0.09999999999999998
track2_common3,acquisitionCampaignGroup,track2_common3|campaign|outer-02,M6_4_campaign,B2,m6_4-dataset-20260819T161943Z-afaac607,B2::m6_4-trial-002,m6_4-trial-002,oracle_stable_two_margin005,0,0,0.35,0,0.25,1,1,0.09999999999999998
track2_common3,acquisitionCampaignGroup,track2_common3|campaign|outer-02,M6_4_campaign,B2,m6_4-dataset-20260819T161943Z-afaac607,B2::m6_4-trial-002,m6_4-trial-002,oracle_stable_two_baseline_margin,0,0,0.35,0,0.35,0,1,0.0
track2_common3,acquisitionCampaignGroup,track2_common3|campaign|outer-02,M6_4_campaign,B2,m6_4-dataset-20260819T161943Z-afaac607,B2::m6_4-trial-002,m6_4-trial-002,oracle_multiview_band_harmonic,0,0,0.35,0,0.25,1,1,0.09999999999999998
track2_common3,acquisitionCampaignGroup,track2_common3|campaign|outer-02,M6_4_campaign,B2,m6_4-dataset-20260819T161943Z-afaac607,B2::m6_4-trial-003,m6_4-trial-003,oracle_unconstrained_correct_top,1,1,0.3,1,0.2,1,1,0.09999999999999998
track2_common3,acquisitionCampaignGroup,track2_common3|campaign|outer-02,M6_4_campaign,B2,m6_4-dataset-20260819T161943Z-afaac607,B2::m6_4-trial-003,m6_4-trial-003,oracle_stable_two,1,1,0.3,1,0.25,1,1,0.04999999999999999
track2_common3,acquisitionCampaignGroup,track2_common3|campaign|outer-02,M6_4_campaign,B2,m6_4-dataset-20260819T161943Z-afaac607,B2::m6_4-trial-003,m6_4-trial-003,oracle_stable_two_margin005,1,1,0.3,1,0.25,1,1,0.04999999999999999
track2_common3,acquisitionCampaignGroup,track2_common3|campaign|outer-02,M6_4_campaign,B2,m6_4-dataset-20260819T161943Z-afaac607,B2::m6_4-trial-003,m6_4-trial-003,oracle_stable_two_baseline_margin,1,1,0.3,1,0.3,0,1,0.0
track2_common3,acquisitionCampaignGroup,track2_common3|campaign|outer-02,M6_4_campaign,B2,m6_4-dataset-20260819T161943Z-afaac607,B2::m6_4-trial-003,m6_4-trial-003,oracle_multiview_band_harmonic,1,1,0.3,1,0.25,1,1,0.04999999999999999
track2_common3,acquisitionCampaignGroup,track2_common3|campaign|outer-02,M6_4_campaign,B2,m6_4-dataset-20260819T161943Z-afaac607,B2::m6_4-trial-004,m6_4-trial-004,oracle_unconstrained_correct_top,2,2,0.25,2,0.2,1,1,0.04999999999999999
track2_common3,acquisitionCampaignGroup,track2_common3|campaign|outer-02,M6_4_campaign,B2,m6_4-dataset-20260819T161943Z-afaac607,B2::m6_4-trial-004,m6_4-trial-004,oracle_stable_two,2,2,0.25,2,0.25,0,1,0.0
track2_common3,acquisitionCampaignGroup,track2_common3|campaign|outer-02,M6_4_campaign,B2,m6_4-dataset-20260819T161943Z-afaac607,B2::m6_4-trial-004,m6_4-trial-004,oracle_stable_two_margin005,2,2,0.25,2,0.25,0,1,0.0
track2_common3,acquisitionCampaignGroup,track2_common3|campaign|outer-02,M6_4_campaign,B2,m6_4-dataset-20260819T161943Z-afaac607,B2::m6_4-trial-004,m6_4-trial-004,oracle_stable_two_baseline_margin,2,2,0.25,2,0.25,0,1,0.0
track2_common3,acquisitionCampaignGroup,track2_common3|campaign|outer-02,M6_4_campaign,B2,m6_4-dataset-20260819T161943Z-afaac607,B2::m6_4-trial-004,m6_4-trial-004,oracle_multiview_band_harmonic,2,2,0.25,2,0.25,0,1,0.0
track2_common3,acquisitionCampaignGroup,track2_common3|campaign|outer-02,M6_4_campaign,B2,m6_4-dataset-20260819T161943Z-afaac607,B2::m6_4-trial-005,m6_4-trial-005,oracle_unconstrained_correct_top,1,1,0.25,1,0.2,1,1,0.04999999999999999
track2_common3,acquisitionCampaignGroup,track2_common3|campaign|outer-02,M6_4_campaign,B2,m6_4-dataset-20260819T161943Z-afaac607,B2::m6_4-trial-005,m6_4-trial-005,oracle_stable_two,1,1,0.25,1,0.25,0,1,0.0
track2_common3,acquisitionCampaignGroup,track2_common3|campaign|outer-02,M6_4_campaign,B2,m6_4-dataset-20260819T161943Z-afaac607,B2::m6_4-trial-005,m6_4-trial-005,oracle_stable_two_margin005,1,1,0.25,1,0.25,0,1,0.0
track2_common3,acquisitionCampaignGroup,track2_common3|campaign|outer-02,M6_4_campaign,B2,m6_4-dataset-20260819T161943Z-afaac607,B2::m6_4-trial-005,m6_4-trial-005,oracle_stable_two_baseline_margin,1,1,0.25,1,0.25,0,1,0.0
track2_common3,acquisitionCampaignGroup,track2_common3|campaign|outer-02,M6_4_campaign,B2,m6_4-dataset-20260819T161943Z-afaac607,B2::m6_4-trial-005,m6_4-trial-005,oracle_multiview_band_harmonic,1,1,0.25,1,0.25,0,1,0.0
track2_common3,acquisitionCampaignGroup,track2_common3|campaign|outer-02,M6_4_campaign,B2,m6_4-dataset-20260819T161943Z-afaac607,B2::m6_4-trial-006,m6_4-trial-006,oracle_unconstrained_correct_top,0,0,0.5,0,0.2,1,1,0.3
track2_common3,acquisitionCampaignGroup,track2_common3|campaign|outer-02,M6_4_campaign,B2,m6_4-dataset-20260819T161943Z-afaac607,B2::m6_4-trial-006,m6_4-trial-006,oracle_stable_two,0,0,0.5,0,0.35,1,1,0.15000000000000002
track2_common3,acquisitionCampaignGroup,track2_common3|campaign|outer-02,M6_4_campaign,B2,m6_4-dataset-20260819T161943Z-afaac607,B2::m6_4-trial-006,m6_4-trial-006,oracle_stable_two_margin005,0,0,0.5,0,0.35,1,1,0.15000000000000002
track2_common3,acquisitionCampaignGroup,track2_common3|campaign|outer-02,M6_4_campaign,B2,m6_4-dataset-20260819T161943Z-afaac607,B2::m6_4-trial-006,m6_4-trial-006,oracle_stable_two_baseline_margin,0,0,0.5,0,0.5,0,1,0.0
track2_common3,acquisitionCampaignGroup,track2_common3|campaign|outer-02,M6_4_campaign,B2,m6_4-dataset-20260819T161943Z-afaac607,B2::m6_4-trial-006,m6_4-trial-006,oracle_multiview_band_harmonic,0,0,0.5,0,0.35,1,1,0.15000000000000002
track2_common3,acquisitionCampaignGroup,track2_common3|campaign|outer-02,M6_4_campaign,B2,m6_4-dataset-20260819T161943Z-afaac607,B2::m6_4-trial-007,m6_4-trial-007,oracle_unconstrained_correct_top,1,1,0.25,1,0.2,1,1,0.04999999999999999
track2_common3,acquisitionCampaignGroup,track2_common3|campaign|outer-02,M6_4_campaign,B2,m6_4-dataset-20260819T161943Z-afaac607,B2::m6_4-trial-007,m6_4-trial-007,oracle_stable_two,1,1,0.25,1,0.25,0,1,0.0
track2_common3,acquisitionCampaignGroup,track2_common3|campaign|outer-02,M6_4_campaign,B2,m6_4-dataset-20260819T161943Z-afaac607,B2::m6_4-trial-007,m6_4-trial-007,oracle_stable_two_margin005,1,1,0.25,1,0.25,0,1,0.0
track2_common3,acquisitionCampaignGroup,track2_common3|campaign|outer-02,M6_4_campaign,B2,m6_4-dataset-20260819T161943Z-afaac607,B2::m6_4-trial-007,m6_4-trial-007,oracle_stable_two_baseline_margin,1,1,0.25,1,0.25,0,1,0.0
track2_common3,acquisitionCampaignGroup,track2_common3|campaign|outer-02,M6_4_campaign,B2,m6_4-dataset-20260819T161943Z-afaac607,B2::m6_4-trial-007,m6_4-trial-007,oracle_multiview_band_harmonic,1,1,0.25,1,0.25,0,1,0.0
track2_common3,acquisitionCampaignGroup,track2_common3|campaign|outer-02,M6_4_campaign,B2,m6_4-dataset-20260819T161943Z-afaac607,B2::m6_4-trial-008,m6_4-trial-008,oracle_unconstrained_correct_top,2,1,0.25,1,0.25,0,0,0.0
track2_common3,acquisitionCampaignGroup,track2_common3|campaign|outer-02,M6_4_campaign,B2,m6_4-dataset-20260819T161943Z-afaac607,B2::m6_4-trial-008,m6_4-trial-008,oracle_stable_two,2,1,0.25,1,0.25,0,0,0.0
track2_common3,acquisitionCampaignGroup,track2_common3|campaign|outer-02,M6_4_campaign,B2,m6_4-dataset-20260819T161943Z-afaac607,B2::m6_4-trial-008,m6_4-trial-008,oracle_stable_two_margin005,2,1,0.25,1,0.25,0,0,0.0
track2_common3,acquisitionCampaignGroup,track2_common3|campaign|outer-02,M6_4_campaign,B2,m6_4-dataset-20260819T161943Z-afaac607,B2::m6_4-trial-008,m6_4-trial-008,oracle_stable_two_baseline_margin,2,1,0.25,1,0.25,0,0,0.0
track2_common3,acquisitionCampaignGroup,track2_common3|campaign|outer-02,M6_4_campaign,B2,m6_4-dataset-20260819T161943Z-afaac607,B2::m6_4-trial-008,m6_4-trial-008,oracle_multiview_band_harmonic,2,1,0.25,1,0.25,0,0,0.0
track2_common3,acquisitionCampaignGroup,track2_common3|campaign|outer-02,M6_4_campaign,B2,m6_4-dataset-20260819T161943Z-afaac607,B2::m6_4-trial-009,m6_4-trial-009,oracle_unconstrained_correct_top,2,2,0.3,2,0.2,1,1,0.09999999999999998
track2_common3,acquisitionCampaignGroup,track2_common3|campaign|outer-02,M6_4_campaign,B2,m6_4-dataset-20260819T161943Z-afaac607,B2::m6_4-trial-009,m6_4-trial-009,oracle_stable_two,2,2,0.3,2,0.25,1,1,0.04999999999999999
track2_common3,acquisitionCampaignGroup,track2_common3|campaign|outer-02,M6_4_campaign,B2,m6_4-dataset-20260819T161943Z-afaac607,B2::m6_4-trial-009,m6_4-trial-009,oracle_stable_two_margin005,2,2,0.3,2,0.3,0,1,0.0
track2_common3,acquisitionCampaignGroup,track2_common3|campaign|outer-02,M6_4_campaign,B2,m6_4-dataset-20260819T161943Z-afaac607,B2::m6_4-trial-009,m6_4-trial-009,oracle_stable_two_baseline_margin,2,2,0.3,2,0.3,0,1,0.0
track2_common3,acquisitionCampaignGroup,track2_common3|campaign|outer-02,M6_4_campaign,B2,m6_4-dataset-20260819T161943Z-afaac607,B2::m6_4-trial-009,m6_4-trial-009,oracle_multiview_band_harmonic,2,2,0.3,2,0.3,0,1,0.0
track2_common3,acquisitionCampaignGroup,track2_common3|campaign|outer-02,M6_4_campaign,B2,m6_4-dataset-20260819T161943Z-afaac607,B2::m6_4-trial-010,m6_4-trial-010,oracle_unconstrained_correct_top,1,2,0.25,2,0.25,0,0,0.0
track2_common3,acquisitionCampaignGroup,track2_common3|campaign|outer-02,M6_4_campaign,B2,m6_4-dataset-20260819T161943Z-afaac607,B2::m6_4-trial-010,m6_4-trial-010,oracle_stable_two,1,2,0.25,2,0.25,0,0,0.0
track2_common3,acquisitionCampaignGroup,track2_common3|campaign|outer-02,M6_4_campaign,B2,m6_4-dataset-20260819T161943Z-afaac607,B2::m6_4-trial-010,m6_4-trial-010,oracle_stable_two_margin005,1,2,0.25,2,0.25,0,0,0.0
track2_common3,acquisitionCampaignGroup,track2_common3|campaign|outer-02,M6_4_campaign,B2,m6_4-dataset-20260819T161943Z-afaac607,B2::m6_4-trial-010,m6_4-trial-010,oracle_stable_two_baseline_margin,1,2,0.25,2,0.25,0,0,0.0
track2_common3,acquisitionCampaignGroup,track2_common3|campaign|outer-02,M6_4_campaign,B2,m6_4-dataset-20260819T161943Z-afaac607,B2::m6_4-trial-010,m6_4-trial-010,oracle_multiview_band_harmonic,1,2,0.25,2,0.25,0,0,0.0
track2_common3,acquisitionCampaignGroup,track2_common3|campaign|outer-02,M6_4_campaign,B2,m6_4-dataset-20260819T161943Z-afaac607,B2::m6_4-trial-011,m6_4-trial-011,oracle_unconstrained_correct_top,0,2,0.35,2,0.35,0,0,0.0
track2_common3,acquisitionCampaignGroup,track2_common3|campaign|outer-02,M6_4_campaign,B2,m6_4-dataset-20260819T161943Z-afaac607,B2::m6_4-trial-011,m6_4-trial-011,oracle_stable_two,0,2,0.35,2,0.35,0,0,0.0
track2_common3,acquisitionCampaignGroup,track2_common3|campaign|outer-02,M6_4_campaign,B2,m6_4-dataset-20260819T161943Z-afaac607,B2::m6_4-trial-011,m6_4-trial-011,oracle_stable_two_margin005,0,2,0.35,2,0.35,0,0,0.0
track2_common3,acquisitionCampaignGroup,track2_common3|campaign|outer-02,M6_4_campaign,B2,m6_4-dataset-20260819T161943Z-afaac607,B2::m6_4-trial-011,m6_4-trial-011,oracle_stable_two_baseline_margin,0,2,0.35,2,0.35,0,0,0.0
track2_common3,acquisitionCampaignGroup,track2_common3|campaign|outer-02,M6_4_campaign,B2,m6_4-dataset-20260819T161943Z-afaac607,B2::m6_4-trial-011,m6_4-trial-011,oracle_multiview_band_harmonic,0,2,0.35,2,0.35,0,0,0.0
track2_common3,acquisitionCampaignGroup,track2_common3|campaign|outer-02,M6_4_campaign,B2,m6_4-dataset-20260819T161943Z-afaac607,B2::m6_4-trial-012,m6_4-trial-012,oracle_unconstrained_correct_top,0,0,0.3,0,0.2,1,1,0.09999999999999998
track2_common3,acquisitionCampaignGroup,track2_common3|campaign|outer-02,M6_4_campaign,B2,m6_4-dataset-20260819T161943Z-afaac607,B2::m6_4-trial-012,m6_4-trial-012,oracle_stable_two,0,0,0.3,0,0.25,1,1,0.04999999999999999
track2_common3,acquisitionCampaignGroup,track2_common3|campaign|outer-02,M6_4_campaign,B2,m6_4-dataset-20260819T161943Z-afaac607,B2::m6_4-trial-012,m6_4-trial-012,oracle_stable_two_margin005,0,0,0.3,0,0.3,0,1,0.0
track2_common3,acquisitionCampaignGroup,track2_common3|campaign|outer-02,M6_4_campaign,B2,m6_4-dataset-20260819T161943Z-afaac607,B2::m6_4-trial-012,m6_4-trial-012,oracle_stable_two_baseline_margin,0,0,0.3,0,0.3,0,1,0.0
track2_common3,acquisitionCampaignGroup,track2_common3|campaign|outer-02,M6_4_campaign,B2,m6_4-dataset-20260819T161943Z-afaac607,B2::m6_4-trial-012,m6_4-trial-012,oracle_multiview_band_harmonic,0,0,0.3,0,0.3,0,1,0.0
track2_common3,acquisitionCampaignGroup,track2_common3|campaign|outer-02,M6_4_campaign,B2,m6_4-dataset-20260819T161943Z-afaac607,B2::m6_4-trial-013,m6_4-trial-013,oracle_unconstrained_correct_top,1,1,0.35,1,0.25,1,1,0.09999999999999998
track2_common3,acquisitionCampaignGroup,track2_common3|campaign|outer-02,M6_4_campaign,B2,m6_4-dataset-20260819T161943Z-afaac607,B2::m6_4-trial-013,m6_4-trial-013,oracle_stable_two,1,1,0.35,1,0.3,1,1,0.04999999999999999
track2_common3,acquisitionCampaignGroup,track2_common3|campaign|outer-02,M6_4_campaign,B2,m6_4-dataset-20260819T161943Z-afaac607,B2::m6_4-trial-013,m6_4-trial-013,oracle_stable_two_margin005,1,1,0.35,1,0.35,0,1,0.0
track2_common3,acquisitionCampaignGroup,track2_common3|campaign|outer-02,M6_4_campaign,B2,m6_4-dataset-20260819T161943Z-afaac607,B2::m6_4-trial-013,m6_4-trial-013,oracle_stable_two_baseline_margin,1,1,0.35,1,0.35,0,1,0.0
track2_common3,acquisitionCampaignGroup,track2_common3|campaign|outer-02,M6_4_campaign,B2,m6_4-dataset-20260819T161943Z-afaac607,B2::m6_4-trial-013,m6_4-trial-013,oracle_multiview_band_harmonic,1,1,0.35,1,0.35,0,1,0.0
track2_common3,acquisitionCampaignGroup,track2_common3|campaign|outer-02,M6_4_campaign,B2,m6_4-dataset-20260819T161943Z-afaac607,B2::m6_4-trial-014,m6_4-trial-014,oracle_unconstrained_correct_top,0,0,0.25,0,0.2,1,1,0.04999999999999999
track2_common3,acquisitionCampaignGroup,track2_common3|campaign|outer-02,M6_4_campaign,B2,m6_4-dataset-20260819T161943Z-afaac607,B2::m6_4-trial-014,m6_4-trial-014,oracle_stable_two,0,0,0.25,0,0.25,0,1,0.0
track2_common3,acquisitionCampaignGroup,track2_common3|campaign|outer-02,M6_4_campaign,B2,m6_4-dataset-20260819T161943Z-afaac607,B2::m6_4-trial-014,m6_4-trial-014,oracle_stable_two_margin005,0,0,0.25,0,0.25,0,1,0.0
track2_common3,acquisitionCampaignGroup,track2_common3|campaign|outer-02,M6_4_campaign,B2,m6_4-dataset-20260819T161943Z-afaac607,B2::m6_4-trial-014,m6_4-trial-014,oracle_stable_two_baseline_margin,0,0,0.25,0,0.25,0,1,0.0
track2_common3,acquisitionCampaignGroup,track2_common3|campaign|outer-02,M6_4_campaign,B2,m6_4-dataset-20260819T161943Z-afaac607,B2::m6_4-trial-014,m6_4-trial-014,oracle_multiview_band_harmonic,0,0,0.25,0,0.25,0,1,0.0
track2_common3,acquisitionCampaignGroup,track2_common3|campaign|outer-02,M6_4_campaign,B2,m6_4-dataset-20260819T161943Z-afaac607,B2::m6_4-trial-015,m6_4-trial-015,oracle_unconstrained_correct_top,1,1,0.3,1,0.2,1,1,0.09999999999999998
track2_common3,acquisitionCampaignGroup,track2_common3|campaign|outer-02,M6_4_campaign,B2,m6_4-dataset-20260819T161943Z-afaac607,B2::m6_4-trial-015,m6_4-trial-015,oracle_stable_two,1,1,0.3,1,0.25,1,1,0.04999999999999999
track2_common3,acquisitionCampaignGroup,track2_common3|campaign|outer-02,M6_4_campaign,B2,m6_4-dataset-20260819T161943Z-afaac607,B2::m6_4-trial-015,m6_4-trial-015,oracle_stable_two_margin005,1,1,0.3,1,0.25,1,1,0.04999999999999999
track2_common3,acquisitionCampaignGroup,track2_common3|campaign|outer-02,M6_4_campaign,B2,m6_4-dataset-20260819T161943Z-afaac607,B2::m6_4-trial-015,m6_4-trial-015,oracle_stable_two_baseline_margin,1,1,0.3,1,0.3,0,1,0.0
track2_common3,acquisitionCampaignGroup,track2_common3|campaign|outer-02,M6_4_campaign,B2,m6_4-dataset-20260819T161943Z-afaac607,B2::m6_4-trial-015,m6_4-trial-015,oracle_multiview_band_harmonic,1,1,0.3,1,0.25,1,1,0.04999999999999999
track2_common3,acquisitionCampaignGroup,track2_common3|campaign|outer-02,M6_4_campaign,B2,m6_4-dataset-20260819T161943Z-afaac607,B2::m6_4-trial-016,m6_4-trial-016,oracle_unconstrained_correct_top,0,0,0.3,0,0.2,1,1,0.09999999999999998
track2_common3,acquisitionCampaignGroup,track2_common3|campaign|outer-02,M6_4_campaign,B2,m6_4-dataset-20260819T161943Z-afaac607,B2::m6_4-trial-016,m6_4-trial-016,oracle_stable_two,0,0,0.3,0,0.25,1,1,0.04999999999999999
track2_common3,acquisitionCampaignGroup,track2_common3|campaign|outer-02,M6_4_campaign,B2,m6_4-dataset-20260819T161943Z-afaac607,B2::m6_4-trial-016,m6_4-trial-016,oracle_stable_two_margin005,0,0,0.3,0,0.25,1,1,0.04999999999999999
track2_common3,acquisitionCampaignGroup,track2_common3|campaign|outer-02,M6_4_campaign,B2,m6_4-dataset-20260819T161943Z-afaac607,B2::m6_4-trial-016,m6_4-trial-016,oracle_stable_two_baseline_margin,0,0,0.3,0,0.3,0,1,0.0
track2_common3,acquisitionCampaignGroup,track2_common3|campaign|outer-02,M6_4_campaign,B2,m6_4-dataset-20260819T161943Z-afaac607,B2::m6_4-trial-016,m6_4-trial-016,oracle_multiview_band_harmonic,0,0,0.3,0,0.3,0,1,0.0
track2_common3,acquisitionCampaignGroup,track2_common3|campaign|outer-02,M6_4_campaign,B2,m6_4-dataset-20260819T161943Z-afaac607,B2::m6_4-trial-017,m6_4-trial-017,oracle_unconstrained_correct_top,2,2,0.25,2,0.2,1,1,0.04999999999999999
track2_common3,acquisitionCampaignGroup,track2_common3|campaign|outer-02,M6_4_campaign,B2,m6_4-dataset-20260819T161943Z-afaac607,B2::m6_4-trial-017,m6_4-trial-017,oracle_stable_two,2,2,0.25,2,0.25,0,1,0.0
track2_common3,acquisitionCampaignGroup,track2_common3|campaign|outer-02,M6_4_campaign,B2,m6_4-dataset-20260819T161943Z-afaac607,B2::m6_4-trial-017,m6_4-trial-017,oracle_stable_two_margin005,2,2,0.25,2,0.25,0,1,0.0
track2_common3,acquisitionCampaignGroup,track2_common3|campaign|outer-02,M6_4_campaign,B2,m6_4-dataset-20260819T161943Z-afaac607,B2::m6_4-trial-017,m6_4-trial-017,oracle_stable_two_baseline_margin,2,2,0.25,2,0.25,0,1,0.0
track2_common3,acquisitionCampaignGroup,track2_common3|campaign|outer-02,M6_4_campaign,B2,m6_4-dataset-20260819T161943Z-afaac607,B2::m6_4-trial-017,m6_4-trial-017,oracle_multiview_band_harmonic,2,2,0.25,2,0.25,0,1,0.0
track2_common3,acquisitionCampaignGroup,track2_common3|campaign|outer-02,M6_4_campaign,B2,m6_4-dataset-20260819T161943Z-afaac607,B2::m6_4-trial-018,m6_4-trial-018,oracle_unconstrained_correct_top,1,1,0.3,1,0.2,1,1,0.09999999999999998
track2_common3,acquisitionCampaignGroup,track2_common3|campaign|outer-02,M6_4_campaign,B2,m6_4-dataset-20260819T161943Z-afaac607,B2::m6_4-trial-018,m6_4-trial-018,oracle_stable_two,1,1,0.3,1,0.25,1,1,0.04999999999999999
track2_common3,acquisitionCampaignGroup,track2_common3|campaign|outer-02,M6_4_campaign,B2,m6_4-dataset-20260819T161943Z-afaac607,B2::m6_4-trial-018,m6_4-trial-018,oracle_stable_two_margin005,1,1,0.3,1,0.25,1,1,0.04999999999999999
track2_common3,acquisitionCampaignGroup,track2_common3|campaign|outer-02,M6_4_campaign,B2,m6_4-dataset-20260819T161943Z-afaac607,B2::m6_4-trial-018,m6_4-trial-018,oracle_stable_two_baseline_margin,1,1,0.3,1,0.3,0,1,0.0
track2_common3,acquisitionCampaignGroup,track2_common3|campaign|outer-02,M6_4_campaign,B2,m6_4-dataset-20260819T161943Z-afaac607,B2::m6_4-trial-018,m6_4-trial-018,oracle_multiview_band_harmonic,1,1,0.3,1,0.25,1,1,0.04999999999999999
track2_common3,acquisitionCampaignGroup,track2_common3|campaign|outer-02,M6_4_campaign,B2,m6_4-dataset-20260819T161943Z-afaac607,B2::m6_4-trial-019,m6_4-trial-019,oracle_unconstrained_correct_top,1,2,1.0,1,0.2,1,1,0.8
track2_common3,acquisitionCampaignGroup,track2_common3|campaign|outer-02,M6_4_campaign,B2,m6_4-dataset-20260819T161943Z-afaac607,B2::m6_4-trial-019,m6_4-trial-019,oracle_stable_two,1,2,1.0,1,0.25,1,1,0.75
track2_common3,acquisitionCampaignGroup,track2_common3|campaign|outer-02,M6_4_campaign,B2,m6_4-dataset-20260819T161943Z-afaac607,B2::m6_4-trial-019,m6_4-trial-019,oracle_stable_two_margin005,1,2,1.0,1,0.25,1,1,0.75
track2_common3,acquisitionCampaignGroup,track2_common3|campaign|outer-02,M6_4_campaign,B2,m6_4-dataset-20260819T161943Z-afaac607,B2::m6_4-trial-019,m6_4-trial-019,oracle_stable_two_baseline_margin,1,2,1.0,2,1.0,0,0,0.0
track2_common3,acquisitionCampaignGroup,track2_common3|campaign|outer-02,M6_4_campaign,B2,m6_4-dataset-20260819T161943Z-afaac607,B2::m6_4-trial-019,m6_4-trial-019,oracle_multiview_band_harmonic,1,2,1.0,1,0.25,1,1,0.75
track2_common3,acquisitionCampaignGroup,track2_common3|campaign|outer-02,M6_4_campaign,B2,m6_4-dataset-20260819T161943Z-afaac607,B2::m6_4-trial-020,m6_4-trial-020,oracle_unconstrained_correct_top,2,2,0.25,2,0.2,1,1,0.04999999999999999
track2_common3,acquisitionCampaignGroup,track2_common3|campaign|outer-02,M6_4_campaign,B2,m6_4-dataset-20260819T161943Z-afaac607,B2::m6_4-trial-020,m6_4-trial-020,oracle_stable_two,2,2,0.25,2,0.25,0,1,0.0
track2_common3,acquisitionCampaignGroup,track2_common3|campaign|outer-02,M6_4_campaign,B2,m6_4-dataset-20260819T161943Z-afaac607,B2::m6_4-trial-020,m6_4-trial-020,oracle_stable_two_margin005,2,2,0.25,2,0.25,0,1,0.0
track2_common3,acquisitionCampaignGroup,track2_common3|campaign|outer-02,M6_4_campaign,B2,m6_4-dataset-20260819T161943Z-afaac607,B2::m6_4-trial-020,m6_4-trial-020,oracle_stable_two_baseline_margin,2,2,0.25,2,0.25,0,1,0.0
track2_common3,acquisitionCampaignGroup,track2_common3|campaign|outer-02,M6_4_campaign,B2,m6_4-dataset-20260819T161943Z-afaac607,B2::m6_4-trial-020,m6_4-trial-020,oracle_multiview_band_harmonic,2,2,0.25,2,0.25,0,1,0.0
track2_common3,acquisitionCampaignGroup,track2_common3|campaign|outer-02,M6_4_campaign,B2,m6_4-dataset-20260819T161943Z-afaac607,B2::m6_4-trial-021,m6_4-trial-021,oracle_unconstrained_correct_top,0,2,0.35,0,0.2,1,1,0.14999999999999997
track2_common3,acquisitionCampaignGroup,track2_common3|campaign|outer-02,M6_4_campaign,B2,m6_4-dataset-20260819T161943Z-afaac607,B2::m6_4-trial-021,m6_4-trial-021,oracle_stable_two,0,2,0.35,0,0.25,1,1,0.09999999999999998
track2_common3,acquisitionCampaignGroup,track2_common3|campaign|outer-02,M6_4_campaign,B2,m6_4-dataset-20260819T161943Z-afaac607,B2::m6_4-trial-021,m6_4-trial-021,oracle_stable_two_margin005,0,2,0.35,0,0.25,1,1,0.09999999999999998
track2_common3,acquisitionCampaignGroup,track2_common3|campaign|outer-02,M6_4_campaign,B2,m6_4-dataset-20260819T161943Z-afaac607,B2::m6_4-trial-021,m6_4-trial-021,oracle_stable_two_baseline_margin,0,2,0.35,2,0.35,0,0,0.0
track2_common3,acquisitionCampaignGroup,track2_common3|campaign|outer-02,M6_4_campaign,B2,m6_4-dataset-20260819T161943Z-afaac607,B2::m6_4-trial-021,m6_4-trial-021,oracle_multiview_band_harmonic,0,2,0.35,2,0.35,0,0,0.0
track2_common3,acquisitionCampaignGroup,track2_common3|campaign|outer-02,M6_4_campaign,B2,m6_4-dataset-20260819T161943Z-afaac607,B2::m6_4-trial-022,m6_4-trial-022,oracle_unconstrained_correct_top,2,2,0.25,2,0.2,1,1,0.04999999999999999
track2_common3,acquisitionCampaignGroup,track2_common3|campaign|outer-02,M6_4_campaign,B2,m6_4-dataset-20260819T161943Z-afaac607,B2::m6_4-trial-022,m6_4-trial-022,oracle_stable_two,2,2,0.25,2,0.25,0,1,0.0
track2_common3,acquisitionCampaignGroup,track2_common3|campaign|outer-02,M6_4_campaign,B2,m6_4-dataset-20260819T161943Z-afaac607,B2::m6_4-trial-022,m6_4-trial-022,oracle_stable_two_margin005,2,2,0.25,2,0.25,0,1,0.0
track2_common3,acquisitionCampaignGroup,track2_common3|campaign|outer-02,M6_4_campaign,B2,m6_4-dataset-20260819T161943Z-afaac607,B2::m6_4-trial-022,m6_4-trial-022,oracle_stable_two_baseline_margin,2,2,0.25,2,0.25,0,1,0.0
track2_common3,acquisitionCampaignGroup,track2_common3|campaign|outer-02,M6_4_campaign,B2,m6_4-dataset-20260819T161943Z-afaac607,B2::m6_4-trial-022,m6_4-trial-022,oracle_multiview_band_harmonic,2,2,0.25,2,0.25,0,1,0.0
track2_common3,acquisitionCampaignGroup,track2_common3|campaign|outer-02,M6_4_campaign,B2,m6_4-dataset-20260819T161943Z-afaac607,B2::m6_4-trial-024,m6_4-trial-024,oracle_unconstrained_correct_top,0,0,0.5,0,0.3,1,1,0.2
track2_common3,acquisitionCampaignGroup,track2_common3|campaign|outer-02,M6_4_campaign,B2,m6_4-dataset-20260819T161943Z-afaac607,B2::m6_4-trial-024,m6_4-trial-024,oracle_stable_two,0,0,0.5,0,0.35,1,1,0.15000000000000002
track2_common3,acquisitionCampaignGroup,track2_common3|campaign|outer-02,M6_4_campaign,B2,m6_4-dataset-20260819T161943Z-afaac607,B2::m6_4-trial-024,m6_4-trial-024,oracle_stable_two_margin005,0,0,0.5,0,0.35,1,1,0.15000000000000002
track2_common3,acquisitionCampaignGroup,track2_common3|campaign|outer-02,M6_4_campaign,B2,m6_4-dataset-20260819T161943Z-afaac607,B2::m6_4-trial-024,m6_4-trial-024,oracle_stable_two_baseline_margin,0,0,0.5,0,0.5,0,1,0.0
track2_common3,acquisitionCampaignGroup,track2_common3|campaign|outer-02,M6_4_campaign,B2,m6_4-dataset-20260819T161943Z-afaac607,B2::m6_4-trial-024,m6_4-trial-024,oracle_multiview_band_harmonic,0,0,0.5,0,0.5,0,1,0.0
track2_common3,acquisitionCampaignGroup,track2_common3|campaign|outer-02,M6_4_campaign,B2,m6_4-dataset-20260819T161943Z-afaac607,B2::m6_4-trial-025,m6_4-trial-025,oracle_unconstrained_correct_top,1,1,0.25,1,0.2,1,1,0.04999999999999999
track2_common3,acquisitionCampaignGroup,track2_common3|campaign|outer-02,M6_4_campaign,B2,m6_4-dataset-20260819T161943Z-afaac607,B2::m6_4-trial-025,m6_4-trial-025,oracle_stable_two,1,1,0.25,1,0.25,0,1,0.0
track2_common3,acquisitionCampaignGroup,track2_common3|campaign|outer-02,M6_4_campaign,B2,m6_4-dataset-20260819T161943Z-afaac607,B2::m6_4-trial-025,m6_4-trial-025,oracle_stable_two_margin005,1,1,0.25,1,0.25,0,1,0.0
track2_common3,acquisitionCampaignGroup,track2_common3|campaign|outer-02,M6_4_campaign,B2,m6_4-dataset-20260819T161943Z-afaac607,B2::m6_4-trial-025,m6_4-trial-025,oracle_stable_two_baseline_margin,1,1,0.25,1,0.25,0,1,0.0
track2_common3,acquisitionCampaignGroup,track2_common3|campaign|outer-02,M6_4_campaign,B2,m6_4-dataset-20260819T161943Z-afaac607,B2::m6_4-trial-025,m6_4-trial-025,oracle_multiview_band_harmonic,1,1,0.25,1,0.25,0,1,0.0
track2_common3,acquisitionCampaignGroup,track2_common3|campaign|outer-02,M6_4_campaign,B2,m6_4-dataset-20260819T161943Z-afaac607,B2::m6_4-trial-026,m6_4-trial-026,oracle_unconstrained_correct_top,2,2,0.3,2,0.2,1,1,0.09999999999999998
track2_common3,acquisitionCampaignGroup,track2_common3|campaign|outer-02,M6_4_campaign,B2,m6_4-dataset-20260819T161943Z-afaac607,B2::m6_4-trial-026,m6_4-trial-026,oracle_stable_two,2,2,0.3,2,0.25,1,1,0.04999999999999999
track2_common3,acquisitionCampaignGroup,track2_common3|campaign|outer-02,M6_4_campaign,B2,m6_4-dataset-20260819T161943Z-afaac607,B2::m6_4-trial-026,m6_4-trial-026,oracle_stable_two_margin005,2,2,0.3,2,0.25,1,1,0.04999999999999999
track2_common3,acquisitionCampaignGroup,track2_common3|campaign|outer-02,M6_4_campaign,B2,m6_4-dataset-20260819T161943Z-afaac607,B2::m6_4-trial-026,m6_4-trial-026,oracle_stable_two_baseline_margin,2,2,0.3,2,0.3,0,1,0.0
track2_common3,acquisitionCampaignGroup,track2_common3|campaign|outer-02,M6_4_campaign,B2,m6_4-dataset-20260819T161943Z-afaac607,B2::m6_4-trial-026,m6_4-trial-026,oracle_multiview_band_harmonic,2,2,0.3,2,0.25,1,1,0.04999999999999999
track2_common3,acquisitionCampaignGroup,track2_common3|campaign|outer-02,M6_4_campaign,B2,m6_4-dataset-20260819T161943Z-afaac607,B2::m6_4-trial-027,m6_4-trial-027,oracle_unconstrained_correct_top,0,0,1.0,0,0.25,1,1,0.75
track2_common3,acquisitionCampaignGroup,track2_common3|campaign|outer-02,M6_4_campaign,B2,m6_4-dataset-20260819T161943Z-afaac607,B2::m6_4-trial-027,m6_4-trial-027,oracle_stable_two,0,0,1.0,0,0.3,1,1,0.7
track2_common3,acquisitionCampaignGroup,track2_common3|campaign|outer-02,M6_4_campaign,B2,m6_4-dataset-20260819T161943Z-afaac607,B2::m6_4-trial-027,m6_4-trial-027,oracle_stable_two_margin005,0,0,1.0,0,0.3,1,1,0.7
track2_common3,acquisitionCampaignGroup,track2_common3|campaign|outer-02,M6_4_campaign,B2,m6_4-dataset-20260819T161943Z-afaac607,B2::m6_4-trial-027,m6_4-trial-027,oracle_stable_two_baseline_margin,0,0,1.0,0,1.0,0,1,0.0
track2_common3,acquisitionCampaignGroup,track2_common3|campaign|outer-02,M6_4_campaign,B2,m6_4-dataset-20260819T161943Z-afaac607,B2::m6_4-trial-027,m6_4-trial-027,oracle_multiview_band_harmonic,0,0,1.0,0,1.0,0,1,0.0
track2_common3,acquisitionCampaignGroup,track2_common3|campaign|outer-02,M6_4_campaign,B2,m6_4-dataset-20260819T161943Z-afaac607,B2::m6_4-trial-028,m6_4-trial-028,oracle_unconstrained_correct_top,1,1,0.3,1,0.2,1,1,0.09999999999999998
track2_common3,acquisitionCampaignGroup,track2_common3|campaign|outer-02,M6_4_campaign,B2,m6_4-dataset-20260819T161943Z-afaac607,B2::m6_4-trial-028,m6_4-trial-028,oracle_stable_two,1,1,0.3,1,0.25,1,1,0.04999999999999999
track2_common3,acquisitionCampaignGroup,track2_common3|campaign|outer-02,M6_4_campaign,B2,m6_4-dataset-20260819T161943Z-afaac607,B2::m6_4-trial-028,m6_4-trial-028,oracle_stable_two_margin005,1,1,0.3,1,0.3,0,1,0.0
track2_common3,acquisitionCampaignGroup,track2_common3|campaign|outer-02,M6_4_campaign,B2,m6_4-dataset-20260819T161943Z-afaac607,B2::m6_4-trial-028,m6_4-trial-028,oracle_stable_two_baseline_margin,1,1,0.3,1,0.3,0,1,0.0
track2_common3,acquisitionCampaignGroup,track2_common3|campaign|outer-02,M6_4_campaign,B2,m6_4-dataset-20260819T161943Z-afaac607,B2::m6_4-trial-028,m6_4-trial-028,oracle_multiview_band_harmonic,1,1,0.3,1,0.3,0,1,0.0
track2_common3,acquisitionCampaignGroup,track2_common3|campaign|outer-02,M6_4_campaign,B2,m6_4-dataset-20260819T161943Z-afaac607,B2::m6_4-trial-029,m6_4-trial-029,oracle_unconstrained_correct_top,0,0,0.25,0,0.2,1,1,0.04999999999999999
track2_common3,acquisitionCampaignGroup,track2_common3|campaign|outer-02,M6_4_campaign,B2,m6_4-dataset-20260819T161943Z-afaac607,B2::m6_4-trial-029,m6_4-trial-029,oracle_stable_two,0,0,0.25,0,0.25,0,1,0.0
track2_common3,acquisitionCampaignGroup,track2_common3|campaign|outer-02,M6_4_campaign,B2,m6_4-dataset-20260819T161943Z-afaac607,B2::m6_4-trial-029,m6_4-trial-029,oracle_stable_two_margin005,0,0,0.25,0,0.25,0,1,0.0
track2_common3,acquisitionCampaignGroup,track2_common3|campaign|outer-02,M6_4_campaign,B2,m6_4-dataset-20260819T161943Z-afaac607,B2::m6_4-trial-029,m6_4-trial-029,oracle_stable_two_baseline_margin,0,0,0.25,0,0.25,0,1,0.0
track2_common3,acquisitionCampaignGroup,track2_common3|campaign|outer-02,M6_4_campaign,B2,m6_4-dataset-20260819T161943Z-afaac607,B2::m6_4-trial-029,m6_4-trial-029,oracle_multiview_band_harmonic,0,0,0.25,0,0.25,0,1,0.0
track2_common3,acquisitionCampaignGroup,track2_common3|campaign|outer-02,M6_4_campaign,B2,m6_4-dataset-20260819T161943Z-afaac607,B2::m6_4-trial-030,m6_4-trial-030,oracle_unconstrained_correct_top,2,2,0.25,2,0.2,1,1,0.04999999999999999
track2_common3,acquisitionCampaignGroup,track2_common3|campaign|outer-02,M6_4_campaign,B2,m6_4-dataset-20260819T161943Z-afaac607,B2::m6_4-trial-030,m6_4-trial-030,oracle_stable_two,2,2,0.25,2,0.25,0,1,0.0
track2_common3,acquisitionCampaignGroup,track2_common3|campaign|outer-02,M6_4_campaign,B2,m6_4-dataset-20260819T161943Z-afaac607,B2::m6_4-trial-030,m6_4-trial-030,oracle_stable_two_margin005,2,2,0.25,2,0.25,0,1,0.0
track2_common3,acquisitionCampaignGroup,track2_common3|campaign|outer-02,M6_4_campaign,B2,m6_4-dataset-20260819T161943Z-afaac607,B2::m6_4-trial-030,m6_4-trial-030,oracle_stable_two_baseline_margin,2,2,0.25,2,0.25,0,1,0.0
track2_common3,acquisitionCampaignGroup,track2_common3|campaign|outer-02,M6_4_campaign,B2,m6_4-dataset-20260819T161943Z-afaac607,B2::m6_4-trial-030,m6_4-trial-030,oracle_multiview_band_harmonic,2,2,0.25,2,0.25,0,1,0.0
track2_common3,acquisitionCampaignGroup,track2_common3|campaign|outer-03,S7_stress_campaign,S7,m6_7-formal-20260820T160940Z-0ef360f6,S7::stress_online-trial-001,stress_online-trial-001,oracle_unconstrained_correct_top,1,1,0.25,1,0.2,1,1,0.04999999999999999
track2_common3,acquisitionCampaignGroup,track2_common3|campaign|outer-03,S7_stress_campaign,S7,m6_7-formal-20260820T160940Z-0ef360f6,S7::stress_online-trial-001,stress_online-trial-001,oracle_stable_two,1,1,0.25,1,0.25,0,1,0.0
track2_common3,acquisitionCampaignGroup,track2_common3|campaign|outer-03,S7_stress_campaign,S7,m6_7-formal-20260820T160940Z-0ef360f6,S7::stress_online-trial-001,stress_online-trial-001,oracle_stable_two_margin005,1,1,0.25,1,0.25,0,1,0.0
track2_common3,acquisitionCampaignGroup,track2_common3|campaign|outer-03,S7_stress_campaign,S7,m6_7-formal-20260820T160940Z-0ef360f6,S7::stress_online-trial-001,stress_online-trial-001,oracle_stable_two_baseline_margin,1,1,0.25,1,0.25,0,1,0.0
track2_common3,acquisitionCampaignGroup,track2_common3|campaign|outer-03,S7_stress_campaign,S7,m6_7-formal-20260820T160940Z-0ef360f6,S7::stress_online-trial-001,stress_online-trial-001,oracle_multiview_band_harmonic,1,1,0.25,1,0.25,0,1,0.0
track2_common3,acquisitionCampaignGroup,track2_common3|campaign|outer-03,S7_stress_campaign,S7,m6_7-formal-20260820T160940Z-0ef360f6,S7::stress_online-trial-002,stress_online-trial-002,oracle_unconstrained_correct_top,2,2,0.35,2,0.2,1,1,0.14999999999999997
track2_common3,acquisitionCampaignGroup,track2_common3|campaign|outer-03,S7_stress_campaign,S7,m6_7-formal-20260820T160940Z-0ef360f6,S7::stress_online-trial-002,stress_online-trial-002,oracle_stable_two,2,2,0.35,2,0.25,1,1,0.09999999999999998
track2_common3,acquisitionCampaignGroup,track2_common3|campaign|outer-03,S7_stress_campaign,S7,m6_7-formal-20260820T160940Z-0ef360f6,S7::stress_online-trial-002,stress_online-trial-002,oracle_stable_two_margin005,2,2,0.35,2,0.25,1,1,0.09999999999999998
track2_common3,acquisitionCampaignGroup,track2_common3|campaign|outer-03,S7_stress_campaign,S7,m6_7-formal-20260820T160940Z-0ef360f6,S7::stress_online-trial-002,stress_online-trial-002,oracle_stable_two_baseline_margin,2,2,0.35,2,0.35,0,1,0.0
track2_common3,acquisitionCampaignGroup,track2_common3|campaign|outer-03,S7_stress_campaign,S7,m6_7-formal-20260820T160940Z-0ef360f6,S7::stress_online-trial-002,stress_online-trial-002,oracle_multiview_band_harmonic,2,2,0.35,2,0.25,1,1,0.09999999999999998
track2_common3,acquisitionCampaignGroup,track2_common3|campaign|outer-03,S7_stress_campaign,S7,m6_7-formal-20260820T160940Z-0ef360f6,S7::stress_online-trial-003,stress_online-trial-003,oracle_unconstrained_correct_top,2,2,0.6,2,0.35,1,1,0.25
track2_common3,acquisitionCampaignGroup,track2_common3|campaign|outer-03,S7_stress_campaign,S7,m6_7-formal-20260820T160940Z-0ef360f6,S7::stress_online-trial-003,stress_online-trial-003,oracle_stable_two,2,2,0.6,2,0.4,1,1,0.19999999999999996
track2_common3,acquisitionCampaignGroup,track2_common3|campaign|outer-03,S7_stress_campaign,S7,m6_7-formal-20260820T160940Z-0ef360f6,S7::stress_online-trial-003,stress_online-trial-003,oracle_stable_two_margin005,2,2,0.6,2,0.4,1,1,0.19999999999999996
track2_common3,acquisitionCampaignGroup,track2_common3|campaign|outer-03,S7_stress_campaign,S7,m6_7-formal-20260820T160940Z-0ef360f6,S7::stress_online-trial-003,stress_online-trial-003,oracle_stable_two_baseline_margin,2,2,0.6,2,0.6,0,1,0.0
track2_common3,acquisitionCampaignGroup,track2_common3|campaign|outer-03,S7_stress_campaign,S7,m6_7-formal-20260820T160940Z-0ef360f6,S7::stress_online-trial-003,stress_online-trial-003,oracle_multiview_band_harmonic,2,2,0.6,2,0.4,1,1,0.19999999999999996
track2_common3,acquisitionCampaignGroup,track2_common3|campaign|outer-03,S7_stress_campaign,S7,m6_7-formal-20260820T160940Z-0ef360f6,S7::stress_online-trial-004,stress_online-trial-004,oracle_unconstrained_correct_top,0,0,0.6,0,0.35,1,1,0.25
track2_common3,acquisitionCampaignGroup,track2_common3|campaign|outer-03,S7_stress_campaign,S7,m6_7-formal-20260820T160940Z-0ef360f6,S7::stress_online-trial-004,stress_online-trial-004,oracle_stable_two,0,0,0.6,0,0.4,1,1,0.19999999999999996
track2_common3,acquisitionCampaignGroup,track2_common3|campaign|outer-03,S7_stress_campaign,S7,m6_7-formal-20260820T160940Z-0ef360f6,S7::stress_online-trial-004,stress_online-trial-004,oracle_stable_two_margin005,0,0,0.6,0,0.5,1,1,0.09999999999999998
track2_common3,acquisitionCampaignGroup,track2_common3|campaign|outer-03,S7_stress_campaign,S7,m6_7-formal-20260820T160940Z-0ef360f6,S7::stress_online-trial-004,stress_online-trial-004,oracle_stable_two_baseline_margin,0,0,0.6,0,0.6,0,1,0.0
track2_common3,acquisitionCampaignGroup,track2_common3|campaign|outer-03,S7_stress_campaign,S7,m6_7-formal-20260820T160940Z-0ef360f6,S7::stress_online-trial-004,stress_online-trial-004,oracle_multiview_band_harmonic,0,0,0.6,0,0.6,0,1,0.0
track2_common3,acquisitionCampaignGroup,track2_common3|campaign|outer-03,S7_stress_campaign,S7,m6_7-formal-20260820T160940Z-0ef360f6,S7::stress_online-trial-005,stress_online-trial-005,oracle_unconstrained_correct_top,1,1,1.0,1,0.8,1,1,0.19999999999999996
track2_common3,acquisitionCampaignGroup,track2_common3|campaign|outer-03,S7_stress_campaign,S7,m6_7-formal-20260820T160940Z-0ef360f6,S7::stress_online-trial-005,stress_online-trial-005,oracle_stable_two,1,1,1.0,1,1.0,0,1,0.0
track2_common3,acquisitionCampaignGroup,track2_common3|campaign|outer-03,S7_stress_campaign,S7,m6_7-formal-20260820T160940Z-0ef360f6,S7::stress_online-trial-005,stress_online-trial-005,oracle_stable_two_margin005,1,1,1.0,1,1.0,0,1,0.0
track2_common3,acquisitionCampaignGroup,track2_common3|campaign|outer-03,S7_stress_campaign,S7,m6_7-formal-20260820T160940Z-0ef360f6,S7::stress_online-trial-005,stress_online-trial-005,oracle_stable_two_baseline_margin,1,1,1.0,1,1.0,0,1,0.0
track2_common3,acquisitionCampaignGroup,track2_common3|campaign|outer-03,S7_stress_campaign,S7,m6_7-formal-20260820T160940Z-0ef360f6,S7::stress_online-trial-005,stress_online-trial-005,oracle_multiview_band_harmonic,1,1,1.0,1,1.0,0,1,0.0
track2_common3,acquisitionCampaignGroup,track2_common3|campaign|outer-03,S7_stress_campaign,S7,m6_7-formal-20260820T160940Z-0ef360f6,S7::stress_online-trial-006,stress_online-trial-006,oracle_unconstrained_correct_top,1,1,0.3,1,0.2,1,1,0.09999999999999998
track2_common3,acquisitionCampaignGroup,track2_common3|campaign|outer-03,S7_stress_campaign,S7,m6_7-formal-20260820T160940Z-0ef360f6,S7::stress_online-trial-006,stress_online-trial-006,oracle_stable_two,1,1,0.3,1,0.25,1,1,0.04999999999999999
track2_common3,acquisitionCampaignGroup,track2_common3|campaign|outer-03,S7_stress_campaign,S7,m6_7-formal-20260820T160940Z-0ef360f6,S7::stress_online-trial-006,stress_online-trial-006,oracle_stable_two_margin005,1,1,0.3,1,0.25,1,1,0.04999999999999999
track2_common3,acquisitionCampaignGroup,track2_common3|campaign|outer-03,S7_stress_campaign,S7,m6_7-formal-20260820T160940Z-0ef360f6,S7::stress_online-trial-006,stress_online-trial-006,oracle_stable_two_baseline_margin,1,1,0.3,1,0.3,0,1,0.0
track2_common3,acquisitionCampaignGroup,track2_common3|campaign|outer-03,S7_stress_campaign,S7,m6_7-formal-20260820T160940Z-0ef360f6,S7::stress_online-trial-006,stress_online-trial-006,oracle_multiview_band_harmonic,1,1,0.3,1,0.3,0,1,0.0
track2_common3,acquisitionCampaignGroup,track2_common3|campaign|outer-03,S7_stress_campaign,S7,m6_7-formal-20260820T160940Z-0ef360f6,S7::stress_online-trial-007,stress_online-trial-007,oracle_unconstrained_correct_top,0,0,0.5,0,0.25,1,1,0.25
track2_common3,acquisitionCampaignGroup,track2_common3|campaign|outer-03,S7_stress_campaign,S7,m6_7-formal-20260820T160940Z-0ef360f6,S7::stress_online-trial-007,stress_online-trial-007,oracle_stable_two,0,0,0.5,0,0.5,0,1,0.0
track2_common3,acquisitionCampaignGroup,track2_common3|campaign|outer-03,S7_stress_campaign,S7,m6_7-formal-20260820T160940Z-0ef360f6,S7::stress_online-trial-007,stress_online-trial-007,oracle_stable_two_margin005,0,0,0.5,0,0.5,0,1,0.0
track2_common3,acquisitionCampaignGroup,track2_common3|campaign|outer-03,S7_stress_campaign,S7,m6_7-formal-20260820T160940Z-0ef360f6,S7::stress_online-trial-007,stress_online-trial-007,oracle_stable_two_baseline_margin,0,0,0.5,0,0.5,0,1,0.0
track2_common3,acquisitionCampaignGroup,track2_common3|campaign|outer-03,S7_stress_campaign,S7,m6_7-formal-20260820T160940Z-0ef360f6,S7::stress_online-trial-007,stress_online-trial-007,oracle_multiview_band_harmonic,0,0,0.5,0,0.5,0,1,0.0
track2_common3,acquisitionCampaignGroup,track2_common3|campaign|outer-03,S7_stress_campaign,S7,m6_7-formal-20260820T160940Z-0ef360f6,S7::stress_online-trial-008,stress_online-trial-008,oracle_unconstrained_correct_top,2,2,0.4,2,0.3,1,1,0.10000000000000003
track2_common3,acquisitionCampaignGroup,track2_common3|campaign|outer-03,S7_stress_campaign,S7,m6_7-formal-20260820T160940Z-0ef360f6,S7::stress_online-trial-008,stress_online-trial-008,oracle_stable_two,2,2,0.4,2,0.35,1,1,0.050000000000000044
track2_common3,acquisitionCampaignGroup,track2_common3|campaign|outer-03,S7_stress_campaign,S7,m6_7-formal-20260820T160940Z-0ef360f6,S7::stress_online-trial-008,stress_online-trial-008,oracle_stable_two_margin005,2,2,0.4,2,0.35,1,1,0.050000000000000044
track2_common3,acquisitionCampaignGroup,track2_common3|campaign|outer-03,S7_stress_campaign,S7,m6_7-formal-20260820T160940Z-0ef360f6,S7::stress_online-trial-008,stress_online-trial-008,oracle_stable_two_baseline_margin,2,2,0.4,2,0.4,0,1,0.0
track2_common3,acquisitionCampaignGroup,track2_common3|campaign|outer-03,S7_stress_campaign,S7,m6_7-formal-20260820T160940Z-0ef360f6,S7::stress_online-trial-008,stress_online-trial-008,oracle_multiview_band_harmonic,2,2,0.4,2,0.35,1,1,0.050000000000000044
track2_common3,acquisitionCampaignGroup,track2_common3|campaign|outer-03,S7_stress_campaign,S7,m6_7-formal-20260820T160940Z-0ef360f6,S7::stress_online-trial-009,stress_online-trial-009,oracle_unconstrained_correct_top,1,1,0.25,1,0.2,1,1,0.04999999999999999
track2_common3,acquisitionCampaignGroup,track2_common3|campaign|outer-03,S7_stress_campaign,S7,m6_7-formal-20260820T160940Z-0ef360f6,S7::stress_online-trial-009,stress_online-trial-009,oracle_stable_two,1,1,0.25,1,0.25,0,1,0.0
track2_common3,acquisitionCampaignGroup,track2_common3|campaign|outer-03,S7_stress_campaign,S7,m6_7-formal-20260820T160940Z-0ef360f6,S7::stress_online-trial-009,stress_online-trial-009,oracle_stable_two_margin005,1,1,0.25,1,0.25,0,1,0.0
track2_common3,acquisitionCampaignGroup,track2_common3|campaign|outer-03,S7_stress_campaign,S7,m6_7-formal-20260820T160940Z-0ef360f6,S7::stress_online-trial-009,stress_online-trial-009,oracle_stable_two_baseline_margin,1,1,0.25,1,0.25,0,1,0.0
track2_common3,acquisitionCampaignGroup,track2_common3|campaign|outer-03,S7_stress_campaign,S7,m6_7-formal-20260820T160940Z-0ef360f6,S7::stress_online-trial-009,stress_online-trial-009,oracle_multiview_band_harmonic,1,1,0.25,1,0.25,0,1,0.0
track2_common3,acquisitionCampaignGroup,track2_common3|campaign|outer-03,S7_stress_campaign,S7,m6_7-formal-20260820T160940Z-0ef360f6,S7::stress_online-trial-010,stress_online-trial-010,oracle_unconstrained_correct_top,2,2,0.3,2,0.25,1,1,0.04999999999999999
track2_common3,acquisitionCampaignGroup,track2_common3|campaign|outer-03,S7_stress_campaign,S7,m6_7-formal-20260820T160940Z-0ef360f6,S7::stress_online-trial-010,stress_online-trial-010,oracle_stable_two,2,2,0.3,2,0.3,0,1,0.0
track2_common3,acquisitionCampaignGroup,track2_common3|campaign|outer-03,S7_stress_campaign,S7,m6_7-formal-20260820T160940Z-0ef360f6,S7::stress_online-trial-010,stress_online-trial-010,oracle_stable_two_margin005,2,2,0.3,2,0.3,0,1,0.0
track2_common3,acquisitionCampaignGroup,track2_common3|campaign|outer-03,S7_stress_campaign,S7,m6_7-formal-20260820T160940Z-0ef360f6,S7::stress_online-trial-010,stress_online-trial-010,oracle_stable_two_baseline_margin,2,2,0.3,2,0.3,0,1,0.0
track2_common3,acquisitionCampaignGroup,track2_common3|campaign|outer-03,S7_stress_campaign,S7,m6_7-formal-20260820T160940Z-0ef360f6,S7::stress_online-trial-010,stress_online-trial-010,oracle_multiview_band_harmonic,2,2,0.3,2,0.3,0,1,0.0
track2_common3,acquisitionCampaignGroup,track2_common3|campaign|outer-03,S7_stress_campaign,S7,m6_7-formal-20260820T160940Z-0ef360f6,S7::stress_online-trial-011,stress_online-trial-011,oracle_unconstrained_correct_top,0,0,0.5,0,0.25,1,1,0.25
track2_common3,acquisitionCampaignGroup,track2_common3|campaign|outer-03,S7_stress_campaign,S7,m6_7-formal-20260820T160940Z-0ef360f6,S7::stress_online-trial-011,stress_online-trial-011,oracle_stable_two,0,0,0.5,0,0.3,1,1,0.2
track2_common3,acquisitionCampaignGroup,track2_common3|campaign|outer-03,S7_stress_campaign,S7,m6_7-formal-20260820T160940Z-0ef360f6,S7::stress_online-trial-011,stress_online-trial-011,oracle_stable_two_margin005,0,0,0.5,0,0.4,1,1,0.09999999999999998
track2_common3,acquisitionCampaignGroup,track2_common3|campaign|outer-03,S7_stress_campaign,S7,m6_7-formal-20260820T160940Z-0ef360f6,S7::stress_online-trial-011,stress_online-trial-011,oracle_stable_two_baseline_margin,0,0,0.5,0,0.5,0,1,0.0
track2_common3,acquisitionCampaignGroup,track2_common3|campaign|outer-03,S7_stress_campaign,S7,m6_7-formal-20260820T160940Z-0ef360f6,S7::stress_online-trial-011,stress_online-trial-011,oracle_multiview_band_harmonic,0,0,0.5,0,0.5,0,1,0.0
track2_common3,acquisitionCampaignGroup,track2_common3|campaign|outer-03,S7_stress_campaign,S7,m6_7-formal-20260820T160940Z-0ef360f6,S7::stress_online-trial-012,stress_online-trial-012,oracle_unconstrained_correct_top,1,1,0.8,1,0.3,1,1,0.5
track2_common3,acquisitionCampaignGroup,track2_common3|campaign|outer-03,S7_stress_campaign,S7,m6_7-formal-20260820T160940Z-0ef360f6,S7::stress_online-trial-012,stress_online-trial-012,oracle_stable_two,1,1,0.8,1,0.5,1,1,0.30000000000000004
track2_common3,acquisitionCampaignGroup,track2_common3|campaign|outer-03,S7_stress_campaign,S7,m6_7-formal-20260820T160940Z-0ef360f6,S7::stress_online-trial-012,stress_online-trial-012,oracle_stable_two_margin005,1,1,0.8,1,0.6,1,1,0.20000000000000007
track2_common3,acquisitionCampaignGroup,track2_common3|campaign|outer-03,S7_stress_campaign,S7,m6_7-formal-20260820T160940Z-0ef360f6,S7::stress_online-trial-012,stress_online-trial-012,oracle_stable_two_baseline_margin,1,1,0.8,1,0.8,0,1,0.0
track2_common3,acquisitionCampaignGroup,track2_common3|campaign|outer-03,S7_stress_campaign,S7,m6_7-formal-20260820T160940Z-0ef360f6,S7::stress_online-trial-012,stress_online-trial-012,oracle_multiview_band_harmonic,1,1,0.8,1,0.6,1,1,0.20000000000000007
track2_common3,acquisitionCampaignGroup,track2_common3|campaign|outer-03,S7_stress_campaign,S7,m6_7-formal-20260820T160940Z-0ef360f6,S7::stress_online-trial-013,stress_online-trial-013,oracle_unconstrained_correct_top,2,0,1.0,2,0.4,1,1,0.6
track2_common3,acquisitionCampaignGroup,track2_common3|campaign|outer-03,S7_stress_campaign,S7,m6_7-formal-20260820T160940Z-0ef360f6,S7::stress_online-trial-013,stress_online-trial-013,oracle_stable_two,2,0,1.0,2,0.5,1,1,0.5
track2_common3,acquisitionCampaignGroup,track2_common3|campaign|outer-03,S7_stress_campaign,S7,m6_7-formal-20260820T160940Z-0ef360f6,S7::stress_online-trial-013,stress_online-trial-013,oracle_stable_two_margin005,2,0,1.0,2,0.5,1,1,0.5
track2_common3,acquisitionCampaignGroup,track2_common3|campaign|outer-03,S7_stress_campaign,S7,m6_7-formal-20260820T160940Z-0ef360f6,S7::stress_online-trial-013,stress_online-trial-013,oracle_stable_two_baseline_margin,2,0,1.0,0,1.0,0,0,0.0
track2_common3,acquisitionCampaignGroup,track2_common3|campaign|outer-03,S7_stress_campaign,S7,m6_7-formal-20260820T160940Z-0ef360f6,S7::stress_online-trial-013,stress_online-trial-013,oracle_multiview_band_harmonic,2,0,1.0,2,0.5,1,1,0.5
track2_common3,acquisitionCampaignGroup,track2_common3|campaign|outer-03,S7_stress_campaign,S7,m6_7-formal-20260820T160940Z-0ef360f6,S7::stress_online-trial-014,stress_online-trial-014,oracle_unconstrained_correct_top,0,0,1.0,0,0.2,1,1,0.8
track2_common3,acquisitionCampaignGroup,track2_common3|campaign|outer-03,S7_stress_campaign,S7,m6_7-formal-20260820T160940Z-0ef360f6,S7::stress_online-trial-014,stress_online-trial-014,oracle_stable_two,0,0,1.0,0,0.25,1,1,0.75
track2_common3,acquisitionCampaignGroup,track2_common3|campaign|outer-03,S7_stress_campaign,S7,m6_7-formal-20260820T160940Z-0ef360f6,S7::stress_online-trial-014,stress_online-trial-014,oracle_stable_two_margin005,0,0,1.0,0,0.25,1,1,0.75
track2_common3,acquisitionCampaignGroup,track2_common3|campaign|outer-03,S7_stress_campaign,S7,m6_7-formal-20260820T160940Z-0ef360f6,S7::stress_online-trial-014,stress_online-trial-014,oracle_stable_two_baseline_margin,0,0,1.0,0,1.0,0,1,0.0
track2_common3,acquisitionCampaignGroup,track2_common3|campaign|outer-03,S7_stress_campaign,S7,m6_7-formal-20260820T160940Z-0ef360f6,S7::stress_online-trial-014,stress_online-trial-014,oracle_multiview_band_harmonic,0,0,1.0,0,0.4,1,1,0.6
track2_common3,acquisitionCampaignGroup,track2_common3|campaign|outer-03,S7_stress_campaign,S7,m6_7-formal-20260820T160940Z-0ef360f6,S7::stress_online-trial-015,stress_online-trial-015,oracle_unconstrained_correct_top,2,1,0.25,1,0.25,0,0,0.0
track2_common3,acquisitionCampaignGroup,track2_common3|campaign|outer-03,S7_stress_campaign,S7,m6_7-formal-20260820T160940Z-0ef360f6,S7::stress_online-trial-015,stress_online-trial-015,oracle_stable_two,2,1,0.25,1,0.25,0,0,0.0
track2_common3,acquisitionCampaignGroup,track2_common3|campaign|outer-03,S7_stress_campaign,S7,m6_7-formal-20260820T160940Z-0ef360f6,S7::stress_online-trial-015,stress_online-trial-015,oracle_stable_two_margin005,2,1,0.25,1,0.25,0,0,0.0
track2_common3,acquisitionCampaignGroup,track2_common3|campaign|outer-03,S7_stress_campaign,S7,m6_7-formal-20260820T160940Z-0ef360f6,S7::stress_online-trial-015,stress_online-trial-015,oracle_stable_two_baseline_margin,2,1,0.25,1,0.25,0,0,0.0
track2_common3,acquisitionCampaignGroup,track2_common3|campaign|outer-03,S7_stress_campaign,S7,m6_7-formal-20260820T160940Z-0ef360f6,S7::stress_online-trial-015,stress_online-trial-015,oracle_multiview_band_harmonic,2,1,0.25,1,0.25,0,0,0.0
track2_common3,acquisitionCampaignGroup,track2_common3|campaign|outer-03,S7_stress_campaign,S7,m6_7-formal-20260820T160940Z-0ef360f6,S7::stress_online-trial-016,stress_online-trial-016,oracle_unconstrained_correct_top,2,2,0.3,2,0.2,1,1,0.09999999999999998
track2_common3,acquisitionCampaignGroup,track2_common3|campaign|outer-03,S7_stress_campaign,S7,m6_7-formal-20260820T160940Z-0ef360f6,S7::stress_online-trial-016,stress_online-trial-016,oracle_stable_two,2,2,0.3,2,0.25,1,1,0.04999999999999999
track2_common3,acquisitionCampaignGroup,track2_common3|campaign|outer-03,S7_stress_campaign,S7,m6_7-formal-20260820T160940Z-0ef360f6,S7::stress_online-trial-016,stress_online-trial-016,oracle_stable_two_margin005,2,2,0.3,2,0.25,1,1,0.04999999999999999
track2_common3,acquisitionCampaignGroup,track2_common3|campaign|outer-03,S7_stress_campaign,S7,m6_7-formal-20260820T160940Z-0ef360f6,S7::stress_online-trial-016,stress_online-trial-016,oracle_stable_two_baseline_margin,2,2,0.3,2,0.3,0,1,0.0
track2_common3,acquisitionCampaignGroup,track2_common3|campaign|outer-03,S7_stress_campaign,S7,m6_7-formal-20260820T160940Z-0ef360f6,S7::stress_online-trial-016,stress_online-trial-016,oracle_multiview_band_harmonic,2,2,0.3,2,0.25,1,1,0.04999999999999999
track2_common3,acquisitionCampaignGroup,track2_common3|campaign|outer-03,S7_stress_campaign,S7,m6_7-formal-20260820T160940Z-0ef360f6,S7::stress_online-trial-017,stress_online-trial-017,oracle_unconstrained_correct_top,1,1,0.3,1,0.2,1,1,0.09999999999999998
track2_common3,acquisitionCampaignGroup,track2_common3|campaign|outer-03,S7_stress_campaign,S7,m6_7-formal-20260820T160940Z-0ef360f6,S7::stress_online-trial-017,stress_online-trial-017,oracle_stable_two,1,1,0.3,1,0.25,1,1,0.04999999999999999
track2_common3,acquisitionCampaignGroup,track2_common3|campaign|outer-03,S7_stress_campaign,S7,m6_7-formal-20260820T160940Z-0ef360f6,S7::stress_online-trial-017,stress_online-trial-017,oracle_stable_two_margin005,1,1,0.3,1,0.25,1,1,0.04999999999999999
track2_common3,acquisitionCampaignGroup,track2_common3|campaign|outer-03,S7_stress_campaign,S7,m6_7-formal-20260820T160940Z-0ef360f6,S7::stress_online-trial-017,stress_online-trial-017,oracle_stable_two_baseline_margin,1,1,0.3,1,0.3,0,1,0.0
track2_common3,acquisitionCampaignGroup,track2_common3|campaign|outer-03,S7_stress_campaign,S7,m6_7-formal-20260820T160940Z-0ef360f6,S7::stress_online-trial-017,stress_online-trial-017,oracle_multiview_band_harmonic,1,1,0.3,1,0.25,1,1,0.04999999999999999
track2_common3,acquisitionCampaignGroup,track2_common3|campaign|outer-03,S7_stress_campaign,S7,m6_7-formal-20260820T160940Z-0ef360f6,S7::stress_online-trial-018,stress_online-trial-018,oracle_unconstrained_correct_top,0,0,1.0,0,0.4,1,1,0.6
track2_common3,acquisitionCampaignGroup,track2_common3|campaign|outer-03,S7_stress_campaign,S7,m6_7-formal-20260820T160940Z-0ef360f6,S7::stress_online-trial-018,stress_online-trial-018,oracle_stable_two,0,0,1.0,0,0.5,1,1,0.5
track2_common3,acquisitionCampaignGroup,track2_common3|campaign|outer-03,S7_stress_campaign,S7,m6_7-formal-20260820T160940Z-0ef360f6,S7::stress_online-trial-018,stress_online-trial-018,oracle_stable_two_margin005,0,0,1.0,0,1.0,0,1,0.0
track2_common3,acquisitionCampaignGroup,track2_common3|campaign|outer-03,S7_stress_campaign,S7,m6_7-formal-20260820T160940Z-0ef360f6,S7::stress_online-trial-018,stress_online-trial-018,oracle_stable_two_baseline_margin,0,0,1.0,0,1.0,0,1,0.0
track2_common3,acquisitionCampaignGroup,track2_common3|campaign|outer-03,S7_stress_campaign,S7,m6_7-formal-20260820T160940Z-0ef360f6,S7::stress_online-trial-018,stress_online-trial-018,oracle_multiview_band_harmonic,0,0,1.0,0,1.0,0,1,0.0
track2_common3,acquisitionCampaignGroup,track2_common3|campaign|outer-03,S7_stress_campaign,S7,m6_7-formal-20260820T160940Z-0ef360f6,S7::stress_online-trial-019,stress_online-trial-019,oracle_unconstrained_correct_top,2,2,1.0,2,0.3,1,1,0.7
track2_common3,acquisitionCampaignGroup,track2_common3|campaign|outer-03,S7_stress_campaign,S7,m6_7-formal-20260820T160940Z-0ef360f6,S7::stress_online-trial-019,stress_online-trial-019,oracle_stable_two,2,2,1.0,2,0.35,1,1,0.65
track2_common3,acquisitionCampaignGroup,track2_common3|campaign|outer-03,S7_stress_campaign,S7,m6_7-formal-20260820T160940Z-0ef360f6,S7::stress_online-trial-019,stress_online-trial-019,oracle_stable_two_margin005,2,2,1.0,2,0.35,1,1,0.65
track2_common3,acquisitionCampaignGroup,track2_common3|campaign|outer-03,S7_stress_campaign,S7,m6_7-formal-20260820T160940Z-0ef360f6,S7::stress_online-trial-019,stress_online-trial-019,oracle_stable_two_baseline_margin,2,2,1.0,2,1.0,0,1,0.0
track2_common3,acquisitionCampaignGroup,track2_common3|campaign|outer-03,S7_stress_campaign,S7,m6_7-formal-20260820T160940Z-0ef360f6,S7::stress_online-trial-019,stress_online-trial-019,oracle_multiview_band_harmonic,2,2,1.0,2,0.35,1,1,0.65
track2_common3,acquisitionCampaignGroup,track2_common3|campaign|outer-03,S7_stress_campaign,S7,m6_7-formal-20260820T160940Z-0ef360f6,S7::stress_online-trial-020,stress_online-trial-020,oracle_unconstrained_correct_top,2,2,1.0,2,0.8,1,1,0.19999999999999996
track2_common3,acquisitionCampaignGroup,track2_common3|campaign|outer-03,S7_stress_campaign,S7,m6_7-formal-20260820T160940Z-0ef360f6,S7::stress_online-trial-020,stress_online-trial-020,oracle_stable_two,2,2,1.0,2,1.0,0,1,0.0
track2_common3,acquisitionCampaignGroup,track2_common3|campaign|outer-03,S7_stress_campaign,S7,m6_7-formal-20260820T160940Z-0ef360f6,S7::stress_online-trial-020,stress_online-trial-020,oracle_stable_two_margin005,2,2,1.0,2,1.0,0,1,0.0
track2_common3,acquisitionCampaignGroup,track2_common3|campaign|outer-03,S7_stress_campaign,S7,m6_7-formal-20260820T160940Z-0ef360f6,S7::stress_online-trial-020,stress_online-trial-020,oracle_stable_two_baseline_margin,2,2,1.0,2,1.0,0,1,0.0
track2_common3,acquisitionCampaignGroup,track2_common3|campaign|outer-03,S7_stress_campaign,S7,m6_7-formal-20260820T160940Z-0ef360f6,S7::stress_online-trial-020,stress_online-trial-020,oracle_multiview_band_harmonic,2,2,1.0,2,1.0,0,1,0.0
track2_common3,acquisitionCampaignGroup,track2_common3|campaign|outer-03,S7_stress_campaign,S7,m6_7-formal-20260820T160940Z-0ef360f6,S7::stress_online-trial-021,stress_online-trial-021,oracle_unconstrained_correct_top,0,0,0.25,0,0.2,1,1,0.04999999999999999
track2_common3,acquisitionCampaignGroup,track2_common3|campaign|outer-03,S7_stress_campaign,S7,m6_7-formal-20260820T160940Z-0ef360f6,S7::stress_online-trial-021,stress_online-trial-021,oracle_stable_two,0,0,0.25,0,0.25,0,1,0.0
track2_common3,acquisitionCampaignGroup,track2_common3|campaign|outer-03,S7_stress_campaign,S7,m6_7-formal-20260820T160940Z-0ef360f6,S7::stress_online-trial-021,stress_online-trial-021,oracle_stable_two_margin005,0,0,0.25,0,0.25,0,1,0.0
track2_common3,acquisitionCampaignGroup,track2_common3|campaign|outer-03,S7_stress_campaign,S7,m6_7-formal-20260820T160940Z-0ef360f6,S7::stress_online-trial-021,stress_online-trial-021,oracle_stable_two_baseline_margin,0,0,0.25,0,0.25,0,1,0.0
track2_common3,acquisitionCampaignGroup,track2_common3|campaign|outer-03,S7_stress_campaign,S7,m6_7-formal-20260820T160940Z-0ef360f6,S7::stress_online-trial-021,stress_online-trial-021,oracle_multiview_band_harmonic,0,0,0.25,0,0.25,0,1,0.0
track2_common3,acquisitionCampaignGroup,track2_common3|campaign|outer-03,S7_stress_campaign,S7,m6_7-formal-20260820T160940Z-0ef360f6,S7::stress_online-trial-022,stress_online-trial-022,oracle_unconstrained_correct_top,1,1,0.25,1,0.2,1,1,0.04999999999999999
track2_common3,acquisitionCampaignGroup,track2_common3|campaign|outer-03,S7_stress_campaign,S7,m6_7-formal-20260820T160940Z-0ef360f6,S7::stress_online-trial-022,stress_online-trial-022,oracle_stable_two,1,1,0.25,1,0.25,0,1,0.0
track2_common3,acquisitionCampaignGroup,track2_common3|campaign|outer-03,S7_stress_campaign,S7,m6_7-formal-20260820T160940Z-0ef360f6,S7::stress_online-trial-022,stress_online-trial-022,oracle_stable_two_margin005,1,1,0.25,1,0.25,0,1,0.0
track2_common3,acquisitionCampaignGroup,track2_common3|campaign|outer-03,S7_stress_campaign,S7,m6_7-formal-20260820T160940Z-0ef360f6,S7::stress_online-trial-022,stress_online-trial-022,oracle_stable_two_baseline_margin,1,1,0.25,1,0.25,0,1,0.0
track2_common3,acquisitionCampaignGroup,track2_common3|campaign|outer-03,S7_stress_campaign,S7,m6_7-formal-20260820T160940Z-0ef360f6,S7::stress_online-trial-022,stress_online-trial-022,oracle_multiview_band_harmonic,1,1,0.25,1,0.25,0,1,0.0
track2_common3,acquisitionCampaignGroup,track2_common3|campaign|outer-03,S7_stress_campaign,S7,m6_7-formal-20260820T160940Z-0ef360f6,S7::stress_online-trial-023,stress_online-trial-023,oracle_unconstrained_correct_top,0,0,0.25,0,0.2,1,1,0.04999999999999999
track2_common3,acquisitionCampaignGroup,track2_common3|campaign|outer-03,S7_stress_campaign,S7,m6_7-formal-20260820T160940Z-0ef360f6,S7::stress_online-trial-023,stress_online-trial-023,oracle_stable_two,0,0,0.25,0,0.25,0,1,0.0
track2_common3,acquisitionCampaignGroup,track2_common3|campaign|outer-03,S7_stress_campaign,S7,m6_7-formal-20260820T160940Z-0ef360f6,S7::stress_online-trial-023,stress_online-trial-023,oracle_stable_two_margin005,0,0,0.25,0,0.25,0,1,0.0
track2_common3,acquisitionCampaignGroup,track2_common3|campaign|outer-03,S7_stress_campaign,S7,m6_7-formal-20260820T160940Z-0ef360f6,S7::stress_online-trial-023,stress_online-trial-023,oracle_stable_two_baseline_margin,0,0,0.25,0,0.25,0,1,0.0
track2_common3,acquisitionCampaignGroup,track2_common3|campaign|outer-03,S7_stress_campaign,S7,m6_7-formal-20260820T160940Z-0ef360f6,S7::stress_online-trial-023,stress_online-trial-023,oracle_multiview_band_harmonic,0,0,0.25,0,0.25,0,1,0.0
track2_common3,acquisitionCampaignGroup,track2_common3|campaign|outer-03,S7_stress_campaign,S7,m6_7-formal-20260820T160940Z-0ef360f6,S7::stress_online-trial-024,stress_online-trial-024,oracle_unconstrained_correct_top,0,0,0.25,0,0.2,1,1,0.04999999999999999
track2_common3,acquisitionCampaignGroup,track2_common3|campaign|outer-03,S7_stress_campaign,S7,m6_7-formal-20260820T160940Z-0ef360f6,S7::stress_online-trial-024,stress_online-trial-024,oracle_stable_two,0,0,0.25,0,0.25,0,1,0.0
track2_common3,acquisitionCampaignGroup,track2_common3|campaign|outer-03,S7_stress_campaign,S7,m6_7-formal-20260820T160940Z-0ef360f6,S7::stress_online-trial-024,stress_online-trial-024,oracle_stable_two_margin005,0,0,0.25,0,0.25,0,1,0.0
track2_common3,acquisitionCampaignGroup,track2_common3|campaign|outer-03,S7_stress_campaign,S7,m6_7-formal-20260820T160940Z-0ef360f6,S7::stress_online-trial-024,stress_online-trial-024,oracle_stable_two_baseline_margin,0,0,0.25,0,0.25,0,1,0.0
track2_common3,acquisitionCampaignGroup,track2_common3|campaign|outer-03,S7_stress_campaign,S7,m6_7-formal-20260820T160940Z-0ef360f6,S7::stress_online-trial-024,stress_online-trial-024,oracle_multiview_band_harmonic,0,0,0.25,0,0.25,0,1,0.0
track2_common3,acquisitionCampaignGroup,track2_common3|campaign|outer-03,S7_stress_campaign,S7,m6_7-formal-20260820T160940Z-0ef360f6,S7::stress_online-trial-025,stress_online-trial-025,oracle_unconstrained_correct_top,1,1,0.4,1,0.35,1,1,0.050000000000000044
track2_common3,acquisitionCampaignGroup,track2_common3|campaign|outer-03,S7_stress_campaign,S7,m6_7-formal-20260820T160940Z-0ef360f6,S7::stress_online-trial-025,stress_online-trial-025,oracle_stable_two,1,1,0.4,1,0.4,0,1,0.0
track2_common3,acquisitionCampaignGroup,track2_common3|campaign|outer-03,S7_stress_campaign,S7,m6_7-formal-20260820T160940Z-0ef360f6,S7::stress_online-trial-025,stress_online-trial-025,oracle_stable_two_margin005,1,1,0.4,1,0.4,0,1,0.0
track2_common3,acquisitionCampaignGroup,track2_common3|campaign|outer-03,S7_stress_campaign,S7,m6_7-formal-20260820T160940Z-0ef360f6,S7::stress_online-trial-025,stress_online-trial-025,oracle_stable_two_baseline_margin,1,1,0.4,1,0.4,0,1,0.0
track2_common3,acquisitionCampaignGroup,track2_common3|campaign|outer-03,S7_stress_campaign,S7,m6_7-formal-20260820T160940Z-0ef360f6,S7::stress_online-trial-025,stress_online-trial-025,oracle_multiview_band_harmonic,1,1,0.4,1,0.4,0,1,0.0
track2_common3,acquisitionCampaignGroup,track2_common3|campaign|outer-03,S7_stress_campaign,S7,m6_7-formal-20260820T160940Z-0ef360f6,S7::stress_online-trial-026,stress_online-trial-026,oracle_unconstrained_correct_top,0,0,0.25,0,0.2,1,1,0.04999999999999999
track2_common3,acquisitionCampaignGroup,track2_common3|campaign|outer-03,S7_stress_campaign,S7,m6_7-formal-20260820T160940Z-0ef360f6,S7::stress_online-trial-026,stress_online-trial-026,oracle_stable_two,0,0,0.25,0,0.25,0,1,0.0
track2_common3,acquisitionCampaignGroup,track2_common3|campaign|outer-03,S7_stress_campaign,S7,m6_7-formal-20260820T160940Z-0ef360f6,S7::stress_online-trial-026,stress_online-trial-026,oracle_stable_two_margin005,0,0,0.25,0,0.25,0,1,0.0
track2_common3,acquisitionCampaignGroup,track2_common3|campaign|outer-03,S7_stress_campaign,S7,m6_7-formal-20260820T160940Z-0ef360f6,S7::stress_online-trial-026,stress_online-trial-026,oracle_stable_two_baseline_margin,0,0,0.25,0,0.25,0,1,0.0
track2_common3,acquisitionCampaignGroup,track2_common3|campaign|outer-03,S7_stress_campaign,S7,m6_7-formal-20260820T160940Z-0ef360f6,S7::stress_online-trial-026,stress_online-trial-026,oracle_multiview_band_harmonic,0,0,0.25,0,0.25,0,1,0.0
track2_common3,acquisitionCampaignGroup,track2_common3|campaign|outer-03,S7_stress_campaign,S7,m6_7-formal-20260820T160940Z-0ef360f6,S7::stress_online-trial-027,stress_online-trial-027,oracle_unconstrained_correct_top,1,1,0.25,1,0.2,1,1,0.04999999999999999
track2_common3,acquisitionCampaignGroup,track2_common3|campaign|outer-03,S7_stress_campaign,S7,m6_7-formal-20260820T160940Z-0ef360f6,S7::stress_online-trial-027,stress_online-trial-027,oracle_stable_two,1,1,0.25,1,0.25,0,1,0.0
track2_common3,acquisitionCampaignGroup,track2_common3|campaign|outer-03,S7_stress_campaign,S7,m6_7-formal-20260820T160940Z-0ef360f6,S7::stress_online-trial-027,stress_online-trial-027,oracle_stable_two_margin005,1,1,0.25,1,0.25,0,1,0.0
track2_common3,acquisitionCampaignGroup,track2_common3|campaign|outer-03,S7_stress_campaign,S7,m6_7-formal-20260820T160940Z-0ef360f6,S7::stress_online-trial-027,stress_online-trial-027,oracle_stable_two_baseline_margin,1,1,0.25,1,0.25,0,1,0.0
track2_common3,acquisitionCampaignGroup,track2_common3|campaign|outer-03,S7_stress_campaign,S7,m6_7-formal-20260820T160940Z-0ef360f6,S7::stress_online-trial-027,stress_online-trial-027,oracle_multiview_band_harmonic,1,1,0.25,1,0.25,0,1,0.0
track2_common3,acquisitionCampaignGroup,track2_common3|campaign|outer-03,S7_stress_campaign,S7,m6_7-formal-20260820T160940Z-0ef360f6,S7::stress_online-trial-028,stress_online-trial-028,oracle_unconstrained_correct_top,2,2,0.6,2,0.2,1,1,0.39999999999999997
track2_common3,acquisitionCampaignGroup,track2_common3|campaign|outer-03,S7_stress_campaign,S7,m6_7-formal-20260820T160940Z-0ef360f6,S7::stress_online-trial-028,stress_online-trial-028,oracle_stable_two,2,2,0.6,2,0.6,0,1,0.0
track2_common3,acquisitionCampaignGroup,track2_common3|campaign|outer-03,S7_stress_campaign,S7,m6_7-formal-20260820T160940Z-0ef360f6,S7::stress_online-trial-028,stress_online-trial-028,oracle_stable_two_margin005,2,2,0.6,2,0.6,0,1,0.0
track2_common3,acquisitionCampaignGroup,track2_common3|campaign|outer-03,S7_stress_campaign,S7,m6_7-formal-20260820T160940Z-0ef360f6,S7::stress_online-trial-028,stress_online-trial-028,oracle_stable_two_baseline_margin,2,2,0.6,2,0.6,0,1,0.0
track2_common3,acquisitionCampaignGroup,track2_common3|campaign|outer-03,S7_stress_campaign,S7,m6_7-formal-20260820T160940Z-0ef360f6,S7::stress_online-trial-028,stress_online-trial-028,oracle_multiview_band_harmonic,2,2,0.6,2,0.6,0,1,0.0
track2_common3,acquisitionCampaignGroup,track2_common3|campaign|outer-03,S7_stress_campaign,S7,m6_7-formal-20260820T160940Z-0ef360f6,S7::stress_online-trial-029,stress_online-trial-029,oracle_unconstrained_correct_top,1,1,0.3,1,0.2,1,1,0.09999999999999998
track2_common3,acquisitionCampaignGroup,track2_common3|campaign|outer-03,S7_stress_campaign,S7,m6_7-formal-20260820T160940Z-0ef360f6,S7::stress_online-trial-029,stress_online-trial-029,oracle_stable_two,1,1,0.3,1,0.25,1,1,0.04999999999999999
track2_common3,acquisitionCampaignGroup,track2_common3|campaign|outer-03,S7_stress_campaign,S7,m6_7-formal-20260820T160940Z-0ef360f6,S7::stress_online-trial-029,stress_online-trial-029,oracle_stable_two_margin005,1,1,0.3,1,0.25,1,1,0.04999999999999999
track2_common3,acquisitionCampaignGroup,track2_common3|campaign|outer-03,S7_stress_campaign,S7,m6_7-formal-20260820T160940Z-0ef360f6,S7::stress_online-trial-029,stress_online-trial-029,oracle_stable_two_baseline_margin,1,1,0.3,1,0.3,0,1,0.0
track2_common3,acquisitionCampaignGroup,track2_common3|campaign|outer-03,S7_stress_campaign,S7,m6_7-formal-20260820T160940Z-0ef360f6,S7::stress_online-trial-029,stress_online-trial-029,oracle_multiview_band_harmonic,1,1,0.3,1,0.25,1,1,0.04999999999999999
track2_common3,acquisitionCampaignGroup,track2_common3|campaign|outer-03,S7_stress_campaign,S7,m6_7-formal-20260820T160940Z-0ef360f6,S7::stress_online-trial-030,stress_online-trial-030,oracle_unconstrained_correct_top,0,0,0.4,0,0.2,1,1,0.2
track2_common3,acquisitionCampaignGroup,track2_common3|campaign|outer-03,S7_stress_campaign,S7,m6_7-formal-20260820T160940Z-0ef360f6,S7::stress_online-trial-030,stress_online-trial-030,oracle_stable_two,0,0,0.4,0,0.25,1,1,0.15000000000000002
track2_common3,acquisitionCampaignGroup,track2_common3|campaign|outer-03,S7_stress_campaign,S7,m6_7-formal-20260820T160940Z-0ef360f6,S7::stress_online-trial-030,stress_online-trial-030,oracle_stable_two_margin005,0,0,0.4,0,0.4,0,1,0.0
track2_common3,acquisitionCampaignGroup,track2_common3|campaign|outer-03,S7_stress_campaign,S7,m6_7-formal-20260820T160940Z-0ef360f6,S7::stress_online-trial-030,stress_online-trial-030,oracle_stable_two_baseline_margin,0,0,0.4,0,0.4,0,1,0.0
track2_common3,acquisitionCampaignGroup,track2_common3|campaign|outer-03,S7_stress_campaign,S7,m6_7-formal-20260820T160940Z-0ef360f6,S7::stress_online-trial-030,stress_online-trial-030,oracle_multiview_band_harmonic,0,0,0.4,0,0.4,0,1,0.0
track2_common3,recordingSessionGroup,track2_common3|session|outer-01,m6_1b-dataset-20260819T090215Z-d70eaa0d,A,m6_1b-dataset-20260819T090215Z-d70eaa0d,A::m6_1b-trial-001,m6_1b-trial-001,oracle_unconstrained_correct_top,2,2,0.3,2,0.2,1,1,0.09999999999999998
track2_common3,recordingSessionGroup,track2_common3|session|outer-01,m6_1b-dataset-20260819T090215Z-d70eaa0d,A,m6_1b-dataset-20260819T090215Z-d70eaa0d,A::m6_1b-trial-001,m6_1b-trial-001,oracle_stable_two,2,2,0.3,2,0.25,1,1,0.04999999999999999
track2_common3,recordingSessionGroup,track2_common3|session|outer-01,m6_1b-dataset-20260819T090215Z-d70eaa0d,A,m6_1b-dataset-20260819T090215Z-d70eaa0d,A::m6_1b-trial-001,m6_1b-trial-001,oracle_stable_two_margin005,2,2,0.3,2,0.25,1,1,0.04999999999999999
track2_common3,recordingSessionGroup,track2_common3|session|outer-01,m6_1b-dataset-20260819T090215Z-d70eaa0d,A,m6_1b-dataset-20260819T090215Z-d70eaa0d,A::m6_1b-trial-001,m6_1b-trial-001,oracle_stable_two_baseline_margin,2,2,0.3,2,0.3,0,1,0.0
track2_common3,recordingSessionGroup,track2_common3|session|outer-01,m6_1b-dataset-20260819T090215Z-d70eaa0d,A,m6_1b-dataset-20260819T090215Z-d70eaa0d,A::m6_1b-trial-001,m6_1b-trial-001,oracle_multiview_band_harmonic,2,2,0.3,2,0.25,1,1,0.04999999999999999
track2_common3,recordingSessionGroup,track2_common3|session|outer-01,m6_1b-dataset-20260819T090215Z-d70eaa0d,A,m6_1b-dataset-20260819T090215Z-d70eaa0d,A::m6_1b-trial-002,m6_1b-trial-002,oracle_unconstrained_correct_top,1,1,0.3,1,0.25,1,1,0.04999999999999999
track2_common3,recordingSessionGroup,track2_common3|session|outer-01,m6_1b-dataset-20260819T090215Z-d70eaa0d,A,m6_1b-dataset-20260819T090215Z-d70eaa0d,A::m6_1b-trial-002,m6_1b-trial-002,oracle_stable_two,1,1,0.3,1,0.3,0,1,0.0
track2_common3,recordingSessionGroup,track2_common3|session|outer-01,m6_1b-dataset-20260819T090215Z-d70eaa0d,A,m6_1b-dataset-20260819T090215Z-d70eaa0d,A::m6_1b-trial-002,m6_1b-trial-002,oracle_stable_two_margin005,1,1,0.3,1,0.3,0,1,0.0
track2_common3,recordingSessionGroup,track2_common3|session|outer-01,m6_1b-dataset-20260819T090215Z-d70eaa0d,A,m6_1b-dataset-20260819T090215Z-d70eaa0d,A::m6_1b-trial-002,m6_1b-trial-002,oracle_stable_two_baseline_margin,1,1,0.3,1,0.3,0,1,0.0
track2_common3,recordingSessionGroup,track2_common3|session|outer-01,m6_1b-dataset-20260819T090215Z-d70eaa0d,A,m6_1b-dataset-20260819T090215Z-d70eaa0d,A::m6_1b-trial-002,m6_1b-trial-002,oracle_multiview_band_harmonic,1,1,0.3,1,0.3,0,1,0.0
track2_common3,recordingSessionGroup,track2_common3|session|outer-01,m6_1b-dataset-20260819T090215Z-d70eaa0d,A,m6_1b-dataset-20260819T090215Z-d70eaa0d,A::m6_1b-trial-003,m6_1b-trial-003,oracle_unconstrained_correct_top,2,2,0.25,2,0.2,1,1,0.04999999999999999
track2_common3,recordingSessionGroup,track2_common3|session|outer-01,m6_1b-dataset-20260819T090215Z-d70eaa0d,A,m6_1b-dataset-20260819T090215Z-d70eaa0d,A::m6_1b-trial-003,m6_1b-trial-003,oracle_stable_two,2,2,0.25,2,0.25,0,1,0.0
track2_common3,recordingSessionGroup,track2_common3|session|outer-01,m6_1b-dataset-20260819T090215Z-d70eaa0d,A,m6_1b-dataset-20260819T090215Z-d70eaa0d,A::m6_1b-trial-003,m6_1b-trial-003,oracle_stable_two_margin005,2,2,0.25,2,0.25,0,1,0.0
track2_common3,recordingSessionGroup,track2_common3|session|outer-01,m6_1b-dataset-20260819T090215Z-d70eaa0d,A,m6_1b-dataset-20260819T090215Z-d70eaa0d,A::m6_1b-trial-003,m6_1b-trial-003,oracle_stable_two_baseline_margin,2,2,0.25,2,0.25,0,1,0.0
track2_common3,recordingSessionGroup,track2_common3|session|outer-01,m6_1b-dataset-20260819T090215Z-d70eaa0d,A,m6_1b-dataset-20260819T090215Z-d70eaa0d,A::m6_1b-trial-003,m6_1b-trial-003,oracle_multiview_band_harmonic,2,2,0.25,2,0.25,0,1,0.0
track2_common3,recordingSessionGroup,track2_common3|session|outer-01,m6_1b-dataset-20260819T090215Z-d70eaa0d,A,m6_1b-dataset-20260819T090215Z-d70eaa0d,A::m6_1b-trial-004,m6_1b-trial-004,oracle_unconstrained_correct_top,0,0,0.8,0,0.4,1,1,0.4
track2_common3,recordingSessionGroup,track2_common3|session|outer-01,m6_1b-dataset-20260819T090215Z-d70eaa0d,A,m6_1b-dataset-20260819T090215Z-d70eaa0d,A::m6_1b-trial-004,m6_1b-trial-004,oracle_stable_two,0,0,0.8,0,0.5,1,1,0.30000000000000004
track2_common3,recordingSessionGroup,track2_common3|session|outer-01,m6_1b-dataset-20260819T090215Z-d70eaa0d,A,m6_1b-dataset-20260819T090215Z-d70eaa0d,A::m6_1b-trial-004,m6_1b-trial-004,oracle_stable_two_margin005,0,0,0.8,0,0.5,1,1,0.30000000000000004
track2_common3,recordingSessionGroup,track2_common3|session|outer-01,m6_1b-dataset-20260819T090215Z-d70eaa0d,A,m6_1b-dataset-20260819T090215Z-d70eaa0d,A::m6_1b-trial-004,m6_1b-trial-004,oracle_stable_two_baseline_margin,0,0,0.8,0,0.8,0,1,0.0
track2_common3,recordingSessionGroup,track2_common3|session|outer-01,m6_1b-dataset-20260819T090215Z-d70eaa0d,A,m6_1b-dataset-20260819T090215Z-d70eaa0d,A::m6_1b-trial-004,m6_1b-trial-004,oracle_multiview_band_harmonic,0,0,0.8,0,0.8,0,1,0.0
track2_common3,recordingSessionGroup,track2_common3|session|outer-01,m6_1b-dataset-20260819T090215Z-d70eaa0d,A,m6_1b-dataset-20260819T090215Z-d70eaa0d,A::m6_1b-trial-005,m6_1b-trial-005,oracle_unconstrained_correct_top,1,1,0.8,1,0.3,1,1,0.5
track2_common3,recordingSessionGroup,track2_common3|session|outer-01,m6_1b-dataset-20260819T090215Z-d70eaa0d,A,m6_1b-dataset-20260819T090215Z-d70eaa0d,A::m6_1b-trial-005,m6_1b-trial-005,oracle_stable_two,1,1,0.8,1,0.35,1,1,0.45000000000000007
track2_common3,recordingSessionGroup,track2_common3|session|outer-01,m6_1b-dataset-20260819T090215Z-d70eaa0d,A,m6_1b-dataset-20260819T090215Z-d70eaa0d,A::m6_1b-trial-005,m6_1b-trial-005,oracle_stable_two_margin005,1,1,0.8,1,0.35,1,1,0.45000000000000007
track2_common3,recordingSessionGroup,track2_common3|session|outer-01,m6_1b-dataset-20260819T090215Z-d70eaa0d,A,m6_1b-dataset-20260819T090215Z-d70eaa0d,A::m6_1b-trial-005,m6_1b-trial-005,oracle_stable_two_baseline_margin,1,1,0.8,1,0.8,0,1,0.0
track2_common3,recordingSessionGroup,track2_common3|session|outer-01,m6_1b-dataset-20260819T090215Z-d70eaa0d,A,m6_1b-dataset-20260819T090215Z-d70eaa0d,A::m6_1b-trial-005,m6_1b-trial-005,oracle_multiview_band_harmonic,1,1,0.8,1,0.35,1,1,0.45000000000000007
track2_common3,recordingSessionGroup,track2_common3|session|outer-01,m6_1b-dataset-20260819T090215Z-d70eaa0d,A,m6_1b-dataset-20260819T090215Z-d70eaa0d,A::m6_1b-trial-006,m6_1b-trial-006,oracle_unconstrained_correct_top,2,2,0.6,2,0.2,1,1,0.39999999999999997
track2_common3,recordingSessionGroup,track2_common3|session|outer-01,m6_1b-dataset-20260819T090215Z-d70eaa0d,A,m6_1b-dataset-20260819T090215Z-d70eaa0d,A::m6_1b-trial-006,m6_1b-trial-006,oracle_stable_two,2,2,0.6,2,0.25,1,1,0.35
track2_common3,recordingSessionGroup,track2_common3|session|outer-01,m6_1b-dataset-20260819T090215Z-d70eaa0d,A,m6_1b-dataset-20260819T090215Z-d70eaa0d,A::m6_1b-trial-006,m6_1b-trial-006,oracle_stable_two_margin005,2,2,0.6,2,0.25,1,1,0.35
track2_common3,recordingSessionGroup,track2_common3|session|outer-01,m6_1b-dataset-20260819T090215Z-d70eaa0d,A,m6_1b-dataset-20260819T090215Z-d70eaa0d,A::m6_1b-trial-006,m6_1b-trial-006,oracle_stable_two_baseline_margin,2,2,0.6,2,0.6,0,1,0.0
track2_common3,recordingSessionGroup,track2_common3|session|outer-01,m6_1b-dataset-20260819T090215Z-d70eaa0d,A,m6_1b-dataset-20260819T090215Z-d70eaa0d,A::m6_1b-trial-006,m6_1b-trial-006,oracle_multiview_band_harmonic,2,2,0.6,2,0.25,1,1,0.35
track2_common3,recordingSessionGroup,track2_common3|session|outer-01,m6_1b-dataset-20260819T090215Z-d70eaa0d,A,m6_1b-dataset-20260819T090215Z-d70eaa0d,A::m6_1b-trial-007,m6_1b-trial-007,oracle_unconstrained_correct_top,1,1,0.25,1,0.2,1,1,0.04999999999999999
track2_common3,recordingSessionGroup,track2_common3|session|outer-01,m6_1b-dataset-20260819T090215Z-d70eaa0d,A,m6_1b-dataset-20260819T090215Z-d70eaa0d,A::m6_1b-trial-007,m6_1b-trial-007,oracle_stable_two,1,1,0.25,1,0.25,0,1,0.0
track2_common3,recordingSessionGroup,track2_common3|session|outer-01,m6_1b-dataset-20260819T090215Z-d70eaa0d,A,m6_1b-dataset-20260819T090215Z-d70eaa0d,A::m6_1b-trial-007,m6_1b-trial-007,oracle_stable_two_margin005,1,1,0.25,1,0.25,0,1,0.0
track2_common3,recordingSessionGroup,track2_common3|session|outer-01,m6_1b-dataset-20260819T090215Z-d70eaa0d,A,m6_1b-dataset-20260819T090215Z-d70eaa0d,A::m6_1b-trial-007,m6_1b-trial-007,oracle_stable_two_baseline_margin,1,1,0.25,1,0.25,0,1,0.0
track2_common3,recordingSessionGroup,track2_common3|session|outer-01,m6_1b-dataset-20260819T090215Z-d70eaa0d,A,m6_1b-dataset-20260819T090215Z-d70eaa0d,A::m6_1b-trial-007,m6_1b-trial-007,oracle_multiview_band_harmonic,1,1,0.25,1,0.25,0,1,0.0
track2_common3,recordingSessionGroup,track2_common3|session|outer-01,m6_1b-dataset-20260819T090215Z-d70eaa0d,A,m6_1b-dataset-20260819T090215Z-d70eaa0d,A::m6_1b-trial-008,m6_1b-trial-008,oracle_unconstrained_correct_top,2,2,0.5,2,0.35,1,1,0.15000000000000002
track2_common3,recordingSessionGroup,track2_common3|session|outer-01,m6_1b-dataset-20260819T090215Z-d70eaa0d,A,m6_1b-dataset-20260819T090215Z-d70eaa0d,A::m6_1b-trial-008,m6_1b-trial-008,oracle_stable_two,2,2,0.5,2,0.4,1,1,0.09999999999999998
track2_common3,recordingSessionGroup,track2_common3|session|outer-01,m6_1b-dataset-20260819T090215Z-d70eaa0d,A,m6_1b-dataset-20260819T090215Z-d70eaa0d,A::m6_1b-trial-008,m6_1b-trial-008,oracle_stable_two_margin005,2,2,0.5,2,0.4,1,1,0.09999999999999998
track2_common3,recordingSessionGroup,track2_common3|session|outer-01,m6_1b-dataset-20260819T090215Z-d70eaa0d,A,m6_1b-dataset-20260819T090215Z-d70eaa0d,A::m6_1b-trial-008,m6_1b-trial-008,oracle_stable_two_baseline_margin,2,2,0.5,2,0.5,0,1,0.0
track2_common3,recordingSessionGroup,track2_common3|session|outer-01,m6_1b-dataset-20260819T090215Z-d70eaa0d,A,m6_1b-dataset-20260819T090215Z-d70eaa0d,A::m6_1b-trial-008,m6_1b-trial-008,oracle_multiview_band_harmonic,2,2,0.5,2,0.4,1,1,0.09999999999999998
track2_common3,recordingSessionGroup,track2_common3|session|outer-01,m6_1b-dataset-20260819T090215Z-d70eaa0d,A,m6_1b-dataset-20260819T090215Z-d70eaa0d,A::m6_1b-trial-009,m6_1b-trial-009,oracle_unconstrained_correct_top,0,0,0.8,0,0.3,1,1,0.5
track2_common3,recordingSessionGroup,track2_common3|session|outer-01,m6_1b-dataset-20260819T090215Z-d70eaa0d,A,m6_1b-dataset-20260819T090215Z-d70eaa0d,A::m6_1b-trial-009,m6_1b-trial-009,oracle_stable_two,0,0,0.8,0,0.35,1,1,0.45000000000000007
track2_common3,recordingSessionGroup,track2_common3|session|outer-01,m6_1b-dataset-20260819T090215Z-d70eaa0d,A,m6_1b-dataset-20260819T090215Z-d70eaa0d,A::m6_1b-trial-009,m6_1b-trial-009,oracle_stable_two_margin005,0,0,0.8,0,0.35,1,1,0.45000000000000007
track2_common3,recordingSessionGroup,track2_common3|session|outer-01,m6_1b-dataset-20260819T090215Z-d70eaa0d,A,m6_1b-dataset-20260819T090215Z-d70eaa0d,A::m6_1b-trial-009,m6_1b-trial-009,oracle_stable_two_baseline_margin,0,0,0.8,0,0.8,0,1,0.0
track2_common3,recordingSessionGroup,track2_common3|session|outer-01,m6_1b-dataset-20260819T090215Z-d70eaa0d,A,m6_1b-dataset-20260819T090215Z-d70eaa0d,A::m6_1b-trial-009,m6_1b-trial-009,oracle_multiview_band_harmonic,0,0,0.8,0,0.8,0,1,0.0
track2_common3,recordingSessionGroup,track2_common3|session|outer-01,m6_1b-dataset-20260819T090215Z-d70eaa0d,A,m6_1b-dataset-20260819T090215Z-d70eaa0d,A::m6_1b-trial-010,m6_1b-trial-010,oracle_unconstrained_correct_top,2,2,1.0,2,0.4,1,1,0.6
track2_common3,recordingSessionGroup,track2_common3|session|outer-01,m6_1b-dataset-20260819T090215Z-d70eaa0d,A,m6_1b-dataset-20260819T090215Z-d70eaa0d,A::m6_1b-trial-010,m6_1b-trial-010,oracle_stable_two,2,2,1.0,2,0.5,1,1,0.5
track2_common3,recordingSessionGroup,track2_common3|session|outer-01,m6_1b-dataset-20260819T090215Z-d70eaa0d,A,m6_1b-dataset-20260819T090215Z-d70eaa0d,A::m6_1b-trial-010,m6_1b-trial-010,oracle_stable_two_margin005,2,2,1.0,2,0.5,1,1,0.5
track2_common3,recordingSessionGroup,track2_common3|session|outer-01,m6_1b-dataset-20260819T090215Z-d70eaa0d,A,m6_1b-dataset-20260819T090215Z-d70eaa0d,A::m6_1b-trial-010,m6_1b-trial-010,oracle_stable_two_baseline_margin,2,2,1.0,2,1.0,0,1,0.0
track2_common3,recordingSessionGroup,track2_common3|session|outer-01,m6_1b-dataset-20260819T090215Z-d70eaa0d,A,m6_1b-dataset-20260819T090215Z-d70eaa0d,A::m6_1b-trial-010,m6_1b-trial-010,oracle_multiview_band_harmonic,2,2,1.0,2,0.5,1,1,0.5
track2_common3,recordingSessionGroup,track2_common3|session|outer-01,m6_1b-dataset-20260819T090215Z-d70eaa0d,A,m6_1b-dataset-20260819T090215Z-d70eaa0d,A::m6_1b-trial-011,m6_1b-trial-011,oracle_unconstrained_correct_top,1,0,0.35,1,0.2,1,1,0.14999999999999997
track2_common3,recordingSessionGroup,track2_common3|session|outer-01,m6_1b-dataset-20260819T090215Z-d70eaa0d,A,m6_1b-dataset-20260819T090215Z-d70eaa0d,A::m6_1b-trial-011,m6_1b-trial-011,oracle_stable_two,1,0,0.35,0,0.35,0,0,0.0
track2_common3,recordingSessionGroup,track2_common3|session|outer-01,m6_1b-dataset-20260819T090215Z-d70eaa0d,A,m6_1b-dataset-20260819T090215Z-d70eaa0d,A::m6_1b-trial-011,m6_1b-trial-011,oracle_stable_two_margin005,1,0,0.35,0,0.35,0,0,0.0
track2_common3,recordingSessionGroup,track2_common3|session|outer-01,m6_1b-dataset-20260819T090215Z-d70eaa0d,A,m6_1b-dataset-20260819T090215Z-d70eaa0d,A::m6_1b-trial-011,m6_1b-trial-011,oracle_stable_two_baseline_margin,1,0,0.35,0,0.35,0,0,0.0
track2_common3,recordingSessionGroup,track2_common3|session|outer-01,m6_1b-dataset-20260819T090215Z-d70eaa0d,A,m6_1b-dataset-20260819T090215Z-d70eaa0d,A::m6_1b-trial-011,m6_1b-trial-011,oracle_multiview_band_harmonic,1,0,0.35,0,0.35,0,0,0.0
track2_common3,recordingSessionGroup,track2_common3|session|outer-01,m6_1b-dataset-20260819T090215Z-d70eaa0d,A,m6_1b-dataset-20260819T090215Z-d70eaa0d,A::m6_1b-trial-012,m6_1b-trial-012,oracle_unconstrained_correct_top,1,1,0.8,1,0.2,1,1,0.6000000000000001
track2_common3,recordingSessionGroup,track2_common3|session|outer-01,m6_1b-dataset-20260819T090215Z-d70eaa0d,A,m6_1b-dataset-20260819T090215Z-d70eaa0d,A::m6_1b-trial-012,m6_1b-trial-012,oracle_stable_two,1,1,0.8,1,0.35,1,1,0.45000000000000007
track2_common3,recordingSessionGroup,track2_common3|session|outer-01,m6_1b-dataset-20260819T090215Z-d70eaa0d,A,m6_1b-dataset-20260819T090215Z-d70eaa0d,A::m6_1b-trial-012,m6_1b-trial-012,oracle_stable_two_margin005,1,1,0.8,1,0.35,1,1,0.45000000000000007
track2_common3,recordingSessionGroup,track2_common3|session|outer-01,m6_1b-dataset-20260819T090215Z-d70eaa0d,A,m6_1b-dataset-20260819T090215Z-d70eaa0d,A::m6_1b-trial-012,m6_1b-trial-012,oracle_stable_two_baseline_margin,1,1,0.8,1,0.8,0,1,0.0
track2_common3,recordingSessionGroup,track2_common3|session|outer-01,m6_1b-dataset-20260819T090215Z-d70eaa0d,A,m6_1b-dataset-20260819T090215Z-d70eaa0d,A::m6_1b-trial-012,m6_1b-trial-012,oracle_multiview_band_harmonic,1,1,0.8,1,0.35,1,1,0.45000000000000007
track2_common3,recordingSessionGroup,track2_common3|session|outer-01,m6_1b-dataset-20260819T090215Z-d70eaa0d,A,m6_1b-dataset-20260819T090215Z-d70eaa0d,A::m6_1b-trial-013,m6_1b-trial-013,oracle_unconstrained_correct_top,0,0,0.6,0,0.25,1,1,0.35
track2_common3,recordingSessionGroup,track2_common3|session|outer-01,m6_1b-dataset-20260819T090215Z-d70eaa0d,A,m6_1b-dataset-20260819T090215Z-d70eaa0d,A::m6_1b-trial-013,m6_1b-trial-013,oracle_stable_two,0,0,0.6,0,0.3,1,1,0.3
track2_common3,recordingSessionGroup,track2_common3|session|outer-01,m6_1b-dataset-20260819T090215Z-d70eaa0d,A,m6_1b-dataset-20260819T090215Z-d70eaa0d,A::m6_1b-trial-013,m6_1b-trial-013,oracle_stable_two_margin005,0,0,0.6,0,0.3,1,1,0.3
track2_common3,recordingSessionGroup,track2_common3|session|outer-01,m6_1b-dataset-20260819T090215Z-d70eaa0d,A,m6_1b-dataset-20260819T090215Z-d70eaa0d,A::m6_1b-trial-013,m6_1b-trial-013,oracle_stable_two_baseline_margin,0,0,0.6,0,0.6,0,1,0.0
track2_common3,recordingSessionGroup,track2_common3|session|outer-01,m6_1b-dataset-20260819T090215Z-d70eaa0d,A,m6_1b-dataset-20260819T090215Z-d70eaa0d,A::m6_1b-trial-013,m6_1b-trial-013,oracle_multiview_band_harmonic,0,0,0.6,0,0.3,1,1,0.3
track2_common3,recordingSessionGroup,track2_common3|session|outer-01,m6_1b-dataset-20260819T090215Z-d70eaa0d,A,m6_1b-dataset-20260819T090215Z-d70eaa0d,A::m6_1b-trial-014,m6_1b-trial-014,oracle_unconstrained_correct_top,1,1,0.4,1,0.2,1,1,0.2
track2_common3,recordingSessionGroup,track2_common3|session|outer-01,m6_1b-dataset-20260819T090215Z-d70eaa0d,A,m6_1b-dataset-20260819T090215Z-d70eaa0d,A::m6_1b-trial-014,m6_1b-trial-014,oracle_stable_two,1,1,0.4,1,0.4,0,1,0.0
track2_common3,recordingSessionGroup,track2_common3|session|outer-01,m6_1b-dataset-20260819T090215Z-d70eaa0d,A,m6_1b-dataset-20260819T090215Z-d70eaa0d,A::m6_1b-trial-014,m6_1b-trial-014,oracle_stable_two_margin005,1,1,0.4,1,0.4,0,1,0.0
track2_common3,recordingSessionGroup,track2_common3|session|outer-01,m6_1b-dataset-20260819T090215Z-d70eaa0d,A,m6_1b-dataset-20260819T090215Z-d70eaa0d,A::m6_1b-trial-014,m6_1b-trial-014,oracle_stable_two_baseline_margin,1,1,0.4,1,0.4,0,1,0.0
track2_common3,recordingSessionGroup,track2_common3|session|outer-01,m6_1b-dataset-20260819T090215Z-d70eaa0d,A,m6_1b-dataset-20260819T090215Z-d70eaa0d,A::m6_1b-trial-014,m6_1b-trial-014,oracle_multiview_band_harmonic,1,1,0.4,1,0.4,0,1,0.0
track2_common3,recordingSessionGroup,track2_common3|session|outer-01,m6_1b-dataset-20260819T090215Z-d70eaa0d,A,m6_1b-dataset-20260819T090215Z-d70eaa0d,A::m6_1b-trial-015,m6_1b-trial-015,oracle_unconstrained_correct_top,0,0,0.5,0,0.4,1,1,0.09999999999999998
track2_common3,recordingSessionGroup,track2_common3|session|outer-01,m6_1b-dataset-20260819T090215Z-d70eaa0d,A,m6_1b-dataset-20260819T090215Z-d70eaa0d,A::m6_1b-trial-015,m6_1b-trial-015,oracle_stable_two,0,0,0.5,0,0.5,0,1,0.0
track2_common3,recordingSessionGroup,track2_common3|session|outer-01,m6_1b-dataset-20260819T090215Z-d70eaa0d,A,m6_1b-dataset-20260819T090215Z-d70eaa0d,A::m6_1b-trial-015,m6_1b-trial-015,oracle_stable_two_margin005,0,0,0.5,0,0.5,0,1,0.0
track2_common3,recordingSessionGroup,track2_common3|session|outer-01,m6_1b-dataset-20260819T090215Z-d70eaa0d,A,m6_1b-dataset-20260819T090215Z-d70eaa0d,A::m6_1b-trial-015,m6_1b-trial-015,oracle_stable_two_baseline_margin,0,0,0.5,0,0.5,0,1,0.0
track2_common3,recordingSessionGroup,track2_common3|session|outer-01,m6_1b-dataset-20260819T090215Z-d70eaa0d,A,m6_1b-dataset-20260819T090215Z-d70eaa0d,A::m6_1b-trial-015,m6_1b-trial-015,oracle_multiview_band_harmonic,0,0,0.5,0,0.5,0,1,0.0
track2_common3,recordingSessionGroup,track2_common3|session|outer-01,m6_1b-dataset-20260819T090215Z-d70eaa0d,A,m6_1b-dataset-20260819T090215Z-d70eaa0d,A::m6_1b-trial-016,m6_1b-trial-016,oracle_unconstrained_correct_top,0,2,0.4,2,0.4,0,0,0.0
track2_common3,recordingSessionGroup,track2_common3|session|outer-01,m6_1b-dataset-20260819T090215Z-d70eaa0d,A,m6_1b-dataset-20260819T090215Z-d70eaa0d,A::m6_1b-trial-016,m6_1b-trial-016,oracle_stable_two,0,2,0.4,2,0.4,0,0,0.0
track2_common3,recordingSessionGroup,track2_common3|session|outer-01,m6_1b-dataset-20260819T090215Z-d70eaa0d,A,m6_1b-dataset-20260819T090215Z-d70eaa0d,A::m6_1b-trial-016,m6_1b-trial-016,oracle_stable_two_margin005,0,2,0.4,2,0.4,0,0,0.0
track2_common3,recordingSessionGroup,track2_common3|session|outer-01,m6_1b-dataset-20260819T090215Z-d70eaa0d,A,m6_1b-dataset-20260819T090215Z-d70eaa0d,A::m6_1b-trial-016,m6_1b-trial-016,oracle_stable_two_baseline_margin,0,2,0.4,2,0.4,0,0,0.0
track2_common3,recordingSessionGroup,track2_common3|session|outer-01,m6_1b-dataset-20260819T090215Z-d70eaa0d,A,m6_1b-dataset-20260819T090215Z-d70eaa0d,A::m6_1b-trial-016,m6_1b-trial-016,oracle_multiview_band_harmonic,0,2,0.4,2,0.4,0,0,0.0
track2_common3,recordingSessionGroup,track2_common3|session|outer-01,m6_1b-dataset-20260819T090215Z-d70eaa0d,A,m6_1b-dataset-20260819T090215Z-d70eaa0d,A::m6_1b-trial-017,m6_1b-trial-017,oracle_unconstrained_correct_top,1,1,0.35,1,0.2,1,1,0.14999999999999997
track2_common3,recordingSessionGroup,track2_common3|session|outer-01,m6_1b-dataset-20260819T090215Z-d70eaa0d,A,m6_1b-dataset-20260819T090215Z-d70eaa0d,A::m6_1b-trial-017,m6_1b-trial-017,oracle_stable_two,1,1,0.35,1,0.25,1,1,0.09999999999999998
track2_common3,recordingSessionGroup,track2_common3|session|outer-01,m6_1b-dataset-20260819T090215Z-d70eaa0d,A,m6_1b-dataset-20260819T090215Z-d70eaa0d,A::m6_1b-trial-017,m6_1b-trial-017,oracle_stable_two_margin005,1,1,0.35,1,0.25,1,1,0.09999999999999998
track2_common3,recordingSessionGroup,track2_common3|session|outer-01,m6_1b-dataset-20260819T090215Z-d70eaa0d,A,m6_1b-dataset-20260819T090215Z-d70eaa0d,A::m6_1b-trial-017,m6_1b-trial-017,oracle_stable_two_baseline_margin,1,1,0.35,1,0.35,0,1,0.0
track2_common3,recordingSessionGroup,track2_common3|session|outer-01,m6_1b-dataset-20260819T090215Z-d70eaa0d,A,m6_1b-dataset-20260819T090215Z-d70eaa0d,A::m6_1b-trial-017,m6_1b-trial-017,oracle_multiview_band_harmonic,1,1,0.35,1,0.35,0,1,0.0
track2_common3,recordingSessionGroup,track2_common3|session|outer-01,m6_1b-dataset-20260819T090215Z-d70eaa0d,A,m6_1b-dataset-20260819T090215Z-d70eaa0d,A::m6_1b-trial-018,m6_1b-trial-018,oracle_unconstrained_correct_top,0,0,0.25,0,0.2,1,1,0.04999999999999999
track2_common3,recordingSessionGroup,track2_common3|session|outer-01,m6_1b-dataset-20260819T090215Z-d70eaa0d,A,m6_1b-dataset-20260819T090215Z-d70eaa0d,A::m6_1b-trial-018,m6_1b-trial-018,oracle_stable_two,0,0,0.25,0,0.25,0,1,0.0
track2_common3,recordingSessionGroup,track2_common3|session|outer-01,m6_1b-dataset-20260819T090215Z-d70eaa0d,A,m6_1b-dataset-20260819T090215Z-d70eaa0d,A::m6_1b-trial-018,m6_1b-trial-018,oracle_stable_two_margin005,0,0,0.25,0,0.25,0,1,0.0
track2_common3,recordingSessionGroup,track2_common3|session|outer-01,m6_1b-dataset-20260819T090215Z-d70eaa0d,A,m6_1b-dataset-20260819T090215Z-d70eaa0d,A::m6_1b-trial-018,m6_1b-trial-018,oracle_stable_two_baseline_margin,0,0,0.25,0,0.25,0,1,0.0
track2_common3,recordingSessionGroup,track2_common3|session|outer-01,m6_1b-dataset-20260819T090215Z-d70eaa0d,A,m6_1b-dataset-20260819T090215Z-d70eaa0d,A::m6_1b-trial-018,m6_1b-trial-018,oracle_multiview_band_harmonic,0,0,0.25,0,0.25,0,1,0.0
track2_common3,recordingSessionGroup,track2_common3|session|outer-01,m6_1b-dataset-20260819T090215Z-d70eaa0d,A,m6_1b-dataset-20260819T090215Z-d70eaa0d,A::m6_1b-trial-019,m6_1b-trial-019,oracle_unconstrained_correct_top,2,2,0.25,2,0.2,1,1,0.04999999999999999
track2_common3,recordingSessionGroup,track2_common3|session|outer-01,m6_1b-dataset-20260819T090215Z-d70eaa0d,A,m6_1b-dataset-20260819T090215Z-d70eaa0d,A::m6_1b-trial-019,m6_1b-trial-019,oracle_stable_two,2,2,0.25,2,0.25,0,1,0.0
track2_common3,recordingSessionGroup,track2_common3|session|outer-01,m6_1b-dataset-20260819T090215Z-d70eaa0d,A,m6_1b-dataset-20260819T090215Z-d70eaa0d,A::m6_1b-trial-019,m6_1b-trial-019,oracle_stable_two_margin005,2,2,0.25,2,0.25,0,1,0.0
track2_common3,recordingSessionGroup,track2_common3|session|outer-01,m6_1b-dataset-20260819T090215Z-d70eaa0d,A,m6_1b-dataset-20260819T090215Z-d70eaa0d,A::m6_1b-trial-019,m6_1b-trial-019,oracle_stable_two_baseline_margin,2,2,0.25,2,0.25,0,1,0.0
track2_common3,recordingSessionGroup,track2_common3|session|outer-01,m6_1b-dataset-20260819T090215Z-d70eaa0d,A,m6_1b-dataset-20260819T090215Z-d70eaa0d,A::m6_1b-trial-019,m6_1b-trial-019,oracle_multiview_band_harmonic,2,2,0.25,2,0.25,0,1,0.0
track2_common3,recordingSessionGroup,track2_common3|session|outer-01,m6_1b-dataset-20260819T090215Z-d70eaa0d,A,m6_1b-dataset-20260819T090215Z-d70eaa0d,A::m6_1b-trial-020,m6_1b-trial-020,oracle_unconstrained_correct_top,2,0,0.25,0,0.25,0,0,0.0
track2_common3,recordingSessionGroup,track2_common3|session|outer-01,m6_1b-dataset-20260819T090215Z-d70eaa0d,A,m6_1b-dataset-20260819T090215Z-d70eaa0d,A::m6_1b-trial-020,m6_1b-trial-020,oracle_stable_two,2,0,0.25,0,0.25,0,0,0.0
track2_common3,recordingSessionGroup,track2_common3|session|outer-01,m6_1b-dataset-20260819T090215Z-d70eaa0d,A,m6_1b-dataset-20260819T090215Z-d70eaa0d,A::m6_1b-trial-020,m6_1b-trial-020,oracle_stable_two_margin005,2,0,0.25,0,0.25,0,0,0.0
track2_common3,recordingSessionGroup,track2_common3|session|outer-01,m6_1b-dataset-20260819T090215Z-d70eaa0d,A,m6_1b-dataset-20260819T090215Z-d70eaa0d,A::m6_1b-trial-020,m6_1b-trial-020,oracle_stable_two_baseline_margin,2,0,0.25,0,0.25,0,0,0.0
track2_common3,recordingSessionGroup,track2_common3|session|outer-01,m6_1b-dataset-20260819T090215Z-d70eaa0d,A,m6_1b-dataset-20260819T090215Z-d70eaa0d,A::m6_1b-trial-020,m6_1b-trial-020,oracle_multiview_band_harmonic,2,0,0.25,0,0.25,0,0,0.0
track2_common3,recordingSessionGroup,track2_common3|session|outer-01,m6_1b-dataset-20260819T090215Z-d70eaa0d,A,m6_1b-dataset-20260819T090215Z-d70eaa0d,A::m6_1b-trial-021,m6_1b-trial-021,oracle_unconstrained_correct_top,0,0,0.8,0,0.25,1,1,0.55
track2_common3,recordingSessionGroup,track2_common3|session|outer-01,m6_1b-dataset-20260819T090215Z-d70eaa0d,A,m6_1b-dataset-20260819T090215Z-d70eaa0d,A::m6_1b-trial-021,m6_1b-trial-021,oracle_stable_two,0,0,0.8,0,0.3,1,1,0.5
track2_common3,recordingSessionGroup,track2_common3|session|outer-01,m6_1b-dataset-20260819T090215Z-d70eaa0d,A,m6_1b-dataset-20260819T090215Z-d70eaa0d,A::m6_1b-trial-021,m6_1b-trial-021,oracle_stable_two_margin005,0,0,0.8,0,0.3,1,1,0.5
track2_common3,recordingSessionGroup,track2_common3|session|outer-01,m6_1b-dataset-20260819T090215Z-d70eaa0d,A,m6_1b-dataset-20260819T090215Z-d70eaa0d,A::m6_1b-trial-021,m6_1b-trial-021,oracle_stable_two_baseline_margin,0,0,0.8,0,0.8,0,1,0.0
track2_common3,recordingSessionGroup,track2_common3|session|outer-01,m6_1b-dataset-20260819T090215Z-d70eaa0d,A,m6_1b-dataset-20260819T090215Z-d70eaa0d,A::m6_1b-trial-021,m6_1b-trial-021,oracle_multiview_band_harmonic,0,0,0.8,0,0.3,1,1,0.5
track2_common3,recordingSessionGroup,track2_common3|session|outer-01,m6_1b-dataset-20260819T090215Z-d70eaa0d,A,m6_1b-dataset-20260819T090215Z-d70eaa0d,A::m6_1b-trial-022,m6_1b-trial-022,oracle_unconstrained_correct_top,1,1,0.25,1,0.2,1,1,0.04999999999999999
track2_common3,recordingSessionGroup,track2_common3|session|outer-01,m6_1b-dataset-20260819T090215Z-d70eaa0d,A,m6_1b-dataset-20260819T090215Z-d70eaa0d,A::m6_1b-trial-022,m6_1b-trial-022,oracle_stable_two,1,1,0.25,1,0.25,0,1,0.0
track2_common3,recordingSessionGroup,track2_common3|session|outer-01,m6_1b-dataset-20260819T090215Z-d70eaa0d,A,m6_1b-dataset-20260819T090215Z-d70eaa0d,A::m6_1b-trial-022,m6_1b-trial-022,oracle_stable_two_margin005,1,1,0.25,1,0.25,0,1,0.0
track2_common3,recordingSessionGroup,track2_common3|session|outer-01,m6_1b-dataset-20260819T090215Z-d70eaa0d,A,m6_1b-dataset-20260819T090215Z-d70eaa0d,A::m6_1b-trial-022,m6_1b-trial-022,oracle_stable_two_baseline_margin,1,1,0.25,1,0.25,0,1,0.0
track2_common3,recordingSessionGroup,track2_common3|session|outer-01,m6_1b-dataset-20260819T090215Z-d70eaa0d,A,m6_1b-dataset-20260819T090215Z-d70eaa0d,A::m6_1b-trial-022,m6_1b-trial-022,oracle_multiview_band_harmonic,1,1,0.25,1,0.25,0,1,0.0
track2_common3,recordingSessionGroup,track2_common3|session|outer-01,m6_1b-dataset-20260819T090215Z-d70eaa0d,A,m6_1b-dataset-20260819T090215Z-d70eaa0d,A::m6_1b-trial-023,m6_1b-trial-023,oracle_unconstrained_correct_top,2,2,0.3,2,0.2,1,1,0.09999999999999998
track2_common3,recordingSessionGroup,track2_common3|session|outer-01,m6_1b-dataset-20260819T090215Z-d70eaa0d,A,m6_1b-dataset-20260819T090215Z-d70eaa0d,A::m6_1b-trial-023,m6_1b-trial-023,oracle_stable_two,2,2,0.3,2,0.25,1,1,0.04999999999999999
track2_common3,recordingSessionGroup,track2_common3|session|outer-01,m6_1b-dataset-20260819T090215Z-d70eaa0d,A,m6_1b-dataset-20260819T090215Z-d70eaa0d,A::m6_1b-trial-023,m6_1b-trial-023,oracle_stable_two_margin005,2,2,0.3,2,0.25,1,1,0.04999999999999999
track2_common3,recordingSessionGroup,track2_common3|session|outer-01,m6_1b-dataset-20260819T090215Z-d70eaa0d,A,m6_1b-dataset-20260819T090215Z-d70eaa0d,A::m6_1b-trial-023,m6_1b-trial-023,oracle_stable_two_baseline_margin,2,2,0.3,2,0.3,0,1,0.0
track2_common3,recordingSessionGroup,track2_common3|session|outer-01,m6_1b-dataset-20260819T090215Z-d70eaa0d,A,m6_1b-dataset-20260819T090215Z-d70eaa0d,A::m6_1b-trial-023,m6_1b-trial-023,oracle_multiview_band_harmonic,2,2,0.3,2,0.25,1,1,0.04999999999999999
track2_common3,recordingSessionGroup,track2_common3|session|outer-01,m6_1b-dataset-20260819T090215Z-d70eaa0d,A,m6_1b-dataset-20260819T090215Z-d70eaa0d,A::m6_1b-trial-024,m6_1b-trial-024,oracle_unconstrained_correct_top,2,2,0.5,2,0.3,1,1,0.2
track2_common3,recordingSessionGroup,track2_common3|session|outer-01,m6_1b-dataset-20260819T090215Z-d70eaa0d,A,m6_1b-dataset-20260819T090215Z-d70eaa0d,A::m6_1b-trial-024,m6_1b-trial-024,oracle_stable_two,2,2,0.5,2,0.35,1,1,0.15000000000000002
track2_common3,recordingSessionGroup,track2_common3|session|outer-01,m6_1b-dataset-20260819T090215Z-d70eaa0d,A,m6_1b-dataset-20260819T090215Z-d70eaa0d,A::m6_1b-trial-024,m6_1b-trial-024,oracle_stable_two_margin005,2,2,0.5,2,0.35,1,1,0.15000000000000002
track2_common3,recordingSessionGroup,track2_common3|session|outer-01,m6_1b-dataset-20260819T090215Z-d70eaa0d,A,m6_1b-dataset-20260819T090215Z-d70eaa0d,A::m6_1b-trial-024,m6_1b-trial-024,oracle_stable_two_baseline_margin,2,2,0.5,2,0.5,0,1,0.0
track2_common3,recordingSessionGroup,track2_common3|session|outer-01,m6_1b-dataset-20260819T090215Z-d70eaa0d,A,m6_1b-dataset-20260819T090215Z-d70eaa0d,A::m6_1b-trial-024,m6_1b-trial-024,oracle_multiview_band_harmonic,2,2,0.5,2,0.35,1,1,0.15000000000000002
track2_common3,recordingSessionGroup,track2_common3|session|outer-01,m6_1b-dataset-20260819T090215Z-d70eaa0d,A,m6_1b-dataset-20260819T090215Z-d70eaa0d,A::m6_1b-trial-025,m6_1b-trial-025,oracle_unconstrained_correct_top,0,0,0.4,0,0.3,1,1,0.10000000000000003
track2_common3,recordingSessionGroup,track2_common3|session|outer-01,m6_1b-dataset-20260819T090215Z-d70eaa0d,A,m6_1b-dataset-20260819T090215Z-d70eaa0d,A::m6_1b-trial-025,m6_1b-trial-025,oracle_stable_two,0,0,0.4,0,0.35,1,1,0.050000000000000044
track2_common3,recordingSessionGroup,track2_common3|session|outer-01,m6_1b-dataset-20260819T090215Z-d70eaa0d,A,m6_1b-dataset-20260819T090215Z-d70eaa0d,A::m6_1b-trial-025,m6_1b-trial-025,oracle_stable_two_margin005,0,0,0.4,0,0.35,1,1,0.050000000000000044
track2_common3,recordingSessionGroup,track2_common3|session|outer-01,m6_1b-dataset-20260819T090215Z-d70eaa0d,A,m6_1b-dataset-20260819T090215Z-d70eaa0d,A::m6_1b-trial-025,m6_1b-trial-025,oracle_stable_two_baseline_margin,0,0,0.4,0,0.4,0,1,0.0
track2_common3,recordingSessionGroup,track2_common3|session|outer-01,m6_1b-dataset-20260819T090215Z-d70eaa0d,A,m6_1b-dataset-20260819T090215Z-d70eaa0d,A::m6_1b-trial-025,m6_1b-trial-025,oracle_multiview_band_harmonic,0,0,0.4,0,0.4,0,1,0.0
track2_common3,recordingSessionGroup,track2_common3|session|outer-01,m6_1b-dataset-20260819T090215Z-d70eaa0d,A,m6_1b-dataset-20260819T090215Z-d70eaa0d,A::m6_1b-trial-026,m6_1b-trial-026,oracle_unconstrained_correct_top,0,2,0.25,2,0.25,0,0,0.0
track2_common3,recordingSessionGroup,track2_common3|session|outer-01,m6_1b-dataset-20260819T090215Z-d70eaa0d,A,m6_1b-dataset-20260819T090215Z-d70eaa0d,A::m6_1b-trial-026,m6_1b-trial-026,oracle_stable_two,0,2,0.25,2,0.25,0,0,0.0
track2_common3,recordingSessionGroup,track2_common3|session|outer-01,m6_1b-dataset-20260819T090215Z-d70eaa0d,A,m6_1b-dataset-20260819T090215Z-d70eaa0d,A::m6_1b-trial-026,m6_1b-trial-026,oracle_stable_two_margin005,0,2,0.25,2,0.25,0,0,0.0
track2_common3,recordingSessionGroup,track2_common3|session|outer-01,m6_1b-dataset-20260819T090215Z-d70eaa0d,A,m6_1b-dataset-20260819T090215Z-d70eaa0d,A::m6_1b-trial-026,m6_1b-trial-026,oracle_stable_two_baseline_margin,0,2,0.25,2,0.25,0,0,0.0
track2_common3,recordingSessionGroup,track2_common3|session|outer-01,m6_1b-dataset-20260819T090215Z-d70eaa0d,A,m6_1b-dataset-20260819T090215Z-d70eaa0d,A::m6_1b-trial-026,m6_1b-trial-026,oracle_multiview_band_harmonic,0,2,0.25,2,0.25,0,0,0.0
track2_common3,recordingSessionGroup,track2_common3|session|outer-01,m6_1b-dataset-20260819T090215Z-d70eaa0d,A,m6_1b-dataset-20260819T090215Z-d70eaa0d,A::m6_1b-trial-027,m6_1b-trial-027,oracle_unconstrained_correct_top,1,1,0.3,1,0.2,1,1,0.09999999999999998
track2_common3,recordingSessionGroup,track2_common3|session|outer-01,m6_1b-dataset-20260819T090215Z-d70eaa0d,A,m6_1b-dataset-20260819T090215Z-d70eaa0d,A::m6_1b-trial-027,m6_1b-trial-027,oracle_stable_two,1,1,0.3,1,0.25,1,1,0.04999999999999999
track2_common3,recordingSessionGroup,track2_common3|session|outer-01,m6_1b-dataset-20260819T090215Z-d70eaa0d,A,m6_1b-dataset-20260819T090215Z-d70eaa0d,A::m6_1b-trial-027,m6_1b-trial-027,oracle_stable_two_margin005,1,1,0.3,1,0.25,1,1,0.04999999999999999
track2_common3,recordingSessionGroup,track2_common3|session|outer-01,m6_1b-dataset-20260819T090215Z-d70eaa0d,A,m6_1b-dataset-20260819T090215Z-d70eaa0d,A::m6_1b-trial-027,m6_1b-trial-027,oracle_stable_two_baseline_margin,1,1,0.3,1,0.3,0,1,0.0
track2_common3,recordingSessionGroup,track2_common3|session|outer-01,m6_1b-dataset-20260819T090215Z-d70eaa0d,A,m6_1b-dataset-20260819T090215Z-d70eaa0d,A::m6_1b-trial-027,m6_1b-trial-027,oracle_multiview_band_harmonic,1,1,0.3,1,0.3,0,1,0.0
track2_common3,recordingSessionGroup,track2_common3|session|outer-01,m6_1b-dataset-20260819T090215Z-d70eaa0d,A,m6_1b-dataset-20260819T090215Z-d70eaa0d,A::m6_1b-trial-028,m6_1b-trial-028,oracle_unconstrained_correct_top,2,1,0.25,1,0.25,0,0,0.0
track2_common3,recordingSessionGroup,track2_common3|session|outer-01,m6_1b-dataset-20260819T090215Z-d70eaa0d,A,m6_1b-dataset-20260819T090215Z-d70eaa0d,A::m6_1b-trial-028,m6_1b-trial-028,oracle_stable_two,2,1,0.25,1,0.25,0,0,0.0
track2_common3,recordingSessionGroup,track2_common3|session|outer-01,m6_1b-dataset-20260819T090215Z-d70eaa0d,A,m6_1b-dataset-20260819T090215Z-d70eaa0d,A::m6_1b-trial-028,m6_1b-trial-028,oracle_stable_two_margin005,2,1,0.25,1,0.25,0,0,0.0
track2_common3,recordingSessionGroup,track2_common3|session|outer-01,m6_1b-dataset-20260819T090215Z-d70eaa0d,A,m6_1b-dataset-20260819T090215Z-d70eaa0d,A::m6_1b-trial-028,m6_1b-trial-028,oracle_stable_two_baseline_margin,2,1,0.25,1,0.25,0,0,0.0
track2_common3,recordingSessionGroup,track2_common3|session|outer-01,m6_1b-dataset-20260819T090215Z-d70eaa0d,A,m6_1b-dataset-20260819T090215Z-d70eaa0d,A::m6_1b-trial-028,m6_1b-trial-028,oracle_multiview_band_harmonic,2,1,0.25,1,0.25,0,0,0.0
track2_common3,recordingSessionGroup,track2_common3|session|outer-01,m6_1b-dataset-20260819T090215Z-d70eaa0d,A,m6_1b-dataset-20260819T090215Z-d70eaa0d,A::m6_1b-trial-029,m6_1b-trial-029,oracle_unconstrained_correct_top,0,1,0.25,1,0.25,0,0,0.0
track2_common3,recordingSessionGroup,track2_common3|session|outer-01,m6_1b-dataset-20260819T090215Z-d70eaa0d,A,m6_1b-dataset-20260819T090215Z-d70eaa0d,A::m6_1b-trial-029,m6_1b-trial-029,oracle_stable_two,0,1,0.25,1,0.25,0,0,0.0
track2_common3,recordingSessionGroup,track2_common3|session|outer-01,m6_1b-dataset-20260819T090215Z-d70eaa0d,A,m6_1b-dataset-20260819T090215Z-d70eaa0d,A::m6_1b-trial-029,m6_1b-trial-029,oracle_stable_two_margin005,0,1,0.25,1,0.25,0,0,0.0
track2_common3,recordingSessionGroup,track2_common3|session|outer-01,m6_1b-dataset-20260819T090215Z-d70eaa0d,A,m6_1b-dataset-20260819T090215Z-d70eaa0d,A::m6_1b-trial-029,m6_1b-trial-029,oracle_stable_two_baseline_margin,0,1,0.25,1,0.25,0,0,0.0
track2_common3,recordingSessionGroup,track2_common3|session|outer-01,m6_1b-dataset-20260819T090215Z-d70eaa0d,A,m6_1b-dataset-20260819T090215Z-d70eaa0d,A::m6_1b-trial-029,m6_1b-trial-029,oracle_multiview_band_harmonic,0,1,0.25,1,0.25,0,0,0.0
track2_common3,recordingSessionGroup,track2_common3|session|outer-01,m6_1b-dataset-20260819T090215Z-d70eaa0d,A,m6_1b-dataset-20260819T090215Z-d70eaa0d,A::m6_1b-trial-030,m6_1b-trial-030,oracle_unconstrained_correct_top,1,1,0.25,1,0.2,1,1,0.04999999999999999
track2_common3,recordingSessionGroup,track2_common3|session|outer-01,m6_1b-dataset-20260819T090215Z-d70eaa0d,A,m6_1b-dataset-20260819T090215Z-d70eaa0d,A::m6_1b-trial-030,m6_1b-trial-030,oracle_stable_two,1,1,0.25,1,0.25,0,1,0.0
track2_common3,recordingSessionGroup,track2_common3|session|outer-01,m6_1b-dataset-20260819T090215Z-d70eaa0d,A,m6_1b-dataset-20260819T090215Z-d70eaa0d,A::m6_1b-trial-030,m6_1b-trial-030,oracle_stable_two_margin005,1,1,0.25,1,0.25,0,1,0.0
track2_common3,recordingSessionGroup,track2_common3|session|outer-01,m6_1b-dataset-20260819T090215Z-d70eaa0d,A,m6_1b-dataset-20260819T090215Z-d70eaa0d,A::m6_1b-trial-030,m6_1b-trial-030,oracle_stable_two_baseline_margin,1,1,0.25,1,0.25,0,1,0.0
track2_common3,recordingSessionGroup,track2_common3|session|outer-01,m6_1b-dataset-20260819T090215Z-d70eaa0d,A,m6_1b-dataset-20260819T090215Z-d70eaa0d,A::m6_1b-trial-030,m6_1b-trial-030,oracle_multiview_band_harmonic,1,1,0.25,1,0.25,0,1,0.0
track2_common3,recordingSessionGroup,track2_common3|session|outer-02,m6_4-dataset-20260819T155147Z-386f95dd,B1,m6_4-dataset-20260819T155147Z-386f95dd,B1::m6_4-trial-001,m6_4-trial-001,oracle_unconstrained_correct_top,0,0,0.4,0,0.2,1,1,0.2
track2_common3,recordingSessionGroup,track2_common3|session|outer-02,m6_4-dataset-20260819T155147Z-386f95dd,B1,m6_4-dataset-20260819T155147Z-386f95dd,B1::m6_4-trial-001,m6_4-trial-001,oracle_stable_two,0,0,0.4,0,0.25,1,1,0.15000000000000002
track2_common3,recordingSessionGroup,track2_common3|session|outer-02,m6_4-dataset-20260819T155147Z-386f95dd,B1,m6_4-dataset-20260819T155147Z-386f95dd,B1::m6_4-trial-001,m6_4-trial-001,oracle_stable_two_margin005,0,0,0.4,0,0.25,1,1,0.15000000000000002
track2_common3,recordingSessionGroup,track2_common3|session|outer-02,m6_4-dataset-20260819T155147Z-386f95dd,B1,m6_4-dataset-20260819T155147Z-386f95dd,B1::m6_4-trial-001,m6_4-trial-001,oracle_stable_two_baseline_margin,0,0,0.4,0,0.4,0,1,0.0
track2_common3,recordingSessionGroup,track2_common3|session|outer-02,m6_4-dataset-20260819T155147Z-386f95dd,B1,m6_4-dataset-20260819T155147Z-386f95dd,B1::m6_4-trial-001,m6_4-trial-001,oracle_multiview_band_harmonic,0,0,0.4,0,0.4,0,1,0.0
track2_common3,recordingSessionGroup,track2_common3|session|outer-02,m6_4-dataset-20260819T155147Z-386f95dd,B1,m6_4-dataset-20260819T155147Z-386f95dd,B1::m6_4-trial-002,m6_4-trial-002,oracle_unconstrained_correct_top,2,2,0.25,2,0.2,1,1,0.04999999999999999
track2_common3,recordingSessionGroup,track2_common3|session|outer-02,m6_4-dataset-20260819T155147Z-386f95dd,B1,m6_4-dataset-20260819T155147Z-386f95dd,B1::m6_4-trial-002,m6_4-trial-002,oracle_stable_two,2,2,0.25,2,0.25,0,1,0.0
track2_common3,recordingSessionGroup,track2_common3|session|outer-02,m6_4-dataset-20260819T155147Z-386f95dd,B1,m6_4-dataset-20260819T155147Z-386f95dd,B1::m6_4-trial-002,m6_4-trial-002,oracle_stable_two_margin005,2,2,0.25,2,0.25,0,1,0.0
track2_common3,recordingSessionGroup,track2_common3|session|outer-02,m6_4-dataset-20260819T155147Z-386f95dd,B1,m6_4-dataset-20260819T155147Z-386f95dd,B1::m6_4-trial-002,m6_4-trial-002,oracle_stable_two_baseline_margin,2,2,0.25,2,0.25,0,1,0.0
track2_common3,recordingSessionGroup,track2_common3|session|outer-02,m6_4-dataset-20260819T155147Z-386f95dd,B1,m6_4-dataset-20260819T155147Z-386f95dd,B1::m6_4-trial-002,m6_4-trial-002,oracle_multiview_band_harmonic,2,2,0.25,2,0.25,0,1,0.0
track2_common3,recordingSessionGroup,track2_common3|session|outer-02,m6_4-dataset-20260819T155147Z-386f95dd,B1,m6_4-dataset-20260819T155147Z-386f95dd,B1::m6_4-trial-003,m6_4-trial-003,oracle_unconstrained_correct_top,2,2,0.25,2,0.2,1,1,0.04999999999999999
track2_common3,recordingSessionGroup,track2_common3|session|outer-02,m6_4-dataset-20260819T155147Z-386f95dd,B1,m6_4-dataset-20260819T155147Z-386f95dd,B1::m6_4-trial-003,m6_4-trial-003,oracle_stable_two,2,2,0.25,2,0.25,0,1,0.0
track2_common3,recordingSessionGroup,track2_common3|session|outer-02,m6_4-dataset-20260819T155147Z-386f95dd,B1,m6_4-dataset-20260819T155147Z-386f95dd,B1::m6_4-trial-003,m6_4-trial-003,oracle_stable_two_margin005,2,2,0.25,2,0.25,0,1,0.0
track2_common3,recordingSessionGroup,track2_common3|session|outer-02,m6_4-dataset-20260819T155147Z-386f95dd,B1,m6_4-dataset-20260819T155147Z-386f95dd,B1::m6_4-trial-003,m6_4-trial-003,oracle_stable_two_baseline_margin,2,2,0.25,2,0.25,0,1,0.0
track2_common3,recordingSessionGroup,track2_common3|session|outer-02,m6_4-dataset-20260819T155147Z-386f95dd,B1,m6_4-dataset-20260819T155147Z-386f95dd,B1::m6_4-trial-003,m6_4-trial-003,oracle_multiview_band_harmonic,2,2,0.25,2,0.25,0,1,0.0
track2_common3,recordingSessionGroup,track2_common3|session|outer-02,m6_4-dataset-20260819T155147Z-386f95dd,B1,m6_4-dataset-20260819T155147Z-386f95dd,B1::m6_4-trial-004,m6_4-trial-004,oracle_unconstrained_correct_top,0,0,0.6,0,0.25,1,1,0.35
track2_common3,recordingSessionGroup,track2_common3|session|outer-02,m6_4-dataset-20260819T155147Z-386f95dd,B1,m6_4-dataset-20260819T155147Z-386f95dd,B1::m6_4-trial-004,m6_4-trial-004,oracle_stable_two,0,0,0.6,0,0.3,1,1,0.3
track2_common3,recordingSessionGroup,track2_common3|session|outer-02,m6_4-dataset-20260819T155147Z-386f95dd,B1,m6_4-dataset-20260819T155147Z-386f95dd,B1::m6_4-trial-004,m6_4-trial-004,oracle_stable_two_margin005,0,0,0.6,0,0.4,1,1,0.19999999999999996
track2_common3,recordingSessionGroup,track2_common3|session|outer-02,m6_4-dataset-20260819T155147Z-386f95dd,B1,m6_4-dataset-20260819T155147Z-386f95dd,B1::m6_4-trial-004,m6_4-trial-004,oracle_stable_two_baseline_margin,0,0,0.6,0,0.6,0,1,0.0
track2_common3,recordingSessionGroup,track2_common3|session|outer-02,m6_4-dataset-20260819T155147Z-386f95dd,B1,m6_4-dataset-20260819T155147Z-386f95dd,B1::m6_4-trial-004,m6_4-trial-004,oracle_multiview_band_harmonic,0,0,0.6,0,0.4,1,1,0.19999999999999996
track2_common3,recordingSessionGroup,track2_common3|session|outer-02,m6_4-dataset-20260819T155147Z-386f95dd,B1,m6_4-dataset-20260819T155147Z-386f95dd,B1::m6_4-trial-005,m6_4-trial-005,oracle_unconstrained_correct_top,1,1,0.25,1,0.2,1,1,0.04999999999999999
track2_common3,recordingSessionGroup,track2_common3|session|outer-02,m6_4-dataset-20260819T155147Z-386f95dd,B1,m6_4-dataset-20260819T155147Z-386f95dd,B1::m6_4-trial-005,m6_4-trial-005,oracle_stable_two,1,1,0.25,1,0.25,0,1,0.0
track2_common3,recordingSessionGroup,track2_common3|session|outer-02,m6_4-dataset-20260819T155147Z-386f95dd,B1,m6_4-dataset-20260819T155147Z-386f95dd,B1::m6_4-trial-005,m6_4-trial-005,oracle_stable_two_margin005,1,1,0.25,1,0.25,0,1,0.0
track2_common3,recordingSessionGroup,track2_common3|session|outer-02,m6_4-dataset-20260819T155147Z-386f95dd,B1,m6_4-dataset-20260819T155147Z-386f95dd,B1::m6_4-trial-005,m6_4-trial-005,oracle_stable_two_baseline_margin,1,1,0.25,1,0.25,0,1,0.0
track2_common3,recordingSessionGroup,track2_common3|session|outer-02,m6_4-dataset-20260819T155147Z-386f95dd,B1,m6_4-dataset-20260819T155147Z-386f95dd,B1::m6_4-trial-005,m6_4-trial-005,oracle_multiview_band_harmonic,1,1,0.25,1,0.25,0,1,0.0
track2_common3,recordingSessionGroup,track2_common3|session|outer-02,m6_4-dataset-20260819T155147Z-386f95dd,B1,m6_4-dataset-20260819T155147Z-386f95dd,B1::m6_4-trial-006,m6_4-trial-006,oracle_unconstrained_correct_top,1,1,0.5,1,0.2,1,1,0.3
track2_common3,recordingSessionGroup,track2_common3|session|outer-02,m6_4-dataset-20260819T155147Z-386f95dd,B1,m6_4-dataset-20260819T155147Z-386f95dd,B1::m6_4-trial-006,m6_4-trial-006,oracle_stable_two,1,1,0.5,1,0.25,1,1,0.25
track2_common3,recordingSessionGroup,track2_common3|session|outer-02,m6_4-dataset-20260819T155147Z-386f95dd,B1,m6_4-dataset-20260819T155147Z-386f95dd,B1::m6_4-trial-006,m6_4-trial-006,oracle_stable_two_margin005,1,1,0.5,1,0.35,1,1,0.15000000000000002
track2_common3,recordingSessionGroup,track2_common3|session|outer-02,m6_4-dataset-20260819T155147Z-386f95dd,B1,m6_4-dataset-20260819T155147Z-386f95dd,B1::m6_4-trial-006,m6_4-trial-006,oracle_stable_two_baseline_margin,1,1,0.5,1,0.5,0,1,0.0
track2_common3,recordingSessionGroup,track2_common3|session|outer-02,m6_4-dataset-20260819T155147Z-386f95dd,B1,m6_4-dataset-20260819T155147Z-386f95dd,B1::m6_4-trial-006,m6_4-trial-006,oracle_multiview_band_harmonic,1,1,0.5,1,0.35,1,1,0.15000000000000002
track2_common3,recordingSessionGroup,track2_common3|session|outer-02,m6_4-dataset-20260819T155147Z-386f95dd,B1,m6_4-dataset-20260819T155147Z-386f95dd,B1::m6_4-trial-007,m6_4-trial-007,oracle_unconstrained_correct_top,2,2,0.3,2,0.25,1,1,0.04999999999999999
track2_common3,recordingSessionGroup,track2_common3|session|outer-02,m6_4-dataset-20260819T155147Z-386f95dd,B1,m6_4-dataset-20260819T155147Z-386f95dd,B1::m6_4-trial-007,m6_4-trial-007,oracle_stable_two,2,2,0.3,2,0.3,0,1,0.0
track2_common3,recordingSessionGroup,track2_common3|session|outer-02,m6_4-dataset-20260819T155147Z-386f95dd,B1,m6_4-dataset-20260819T155147Z-386f95dd,B1::m6_4-trial-007,m6_4-trial-007,oracle_stable_two_margin005,2,2,0.3,2,0.3,0,1,0.0
track2_common3,recordingSessionGroup,track2_common3|session|outer-02,m6_4-dataset-20260819T155147Z-386f95dd,B1,m6_4-dataset-20260819T155147Z-386f95dd,B1::m6_4-trial-007,m6_4-trial-007,oracle_stable_two_baseline_margin,2,2,0.3,2,0.3,0,1,0.0
track2_common3,recordingSessionGroup,track2_common3|session|outer-02,m6_4-dataset-20260819T155147Z-386f95dd,B1,m6_4-dataset-20260819T155147Z-386f95dd,B1::m6_4-trial-007,m6_4-trial-007,oracle_multiview_band_harmonic,2,2,0.3,2,0.3,0,1,0.0
track2_common3,recordingSessionGroup,track2_common3|session|outer-02,m6_4-dataset-20260819T155147Z-386f95dd,B1,m6_4-dataset-20260819T155147Z-386f95dd,B1::m6_4-trial-008,m6_4-trial-008,oracle_unconstrained_correct_top,2,2,0.3,2,0.2,1,1,0.09999999999999998
track2_common3,recordingSessionGroup,track2_common3|session|outer-02,m6_4-dataset-20260819T155147Z-386f95dd,B1,m6_4-dataset-20260819T155147Z-386f95dd,B1::m6_4-trial-008,m6_4-trial-008,oracle_stable_two,2,2,0.3,2,0.25,1,1,0.04999999999999999
track2_common3,recordingSessionGroup,track2_common3|session|outer-02,m6_4-dataset-20260819T155147Z-386f95dd,B1,m6_4-dataset-20260819T155147Z-386f95dd,B1::m6_4-trial-008,m6_4-trial-008,oracle_stable_two_margin005,2,2,0.3,2,0.25,1,1,0.04999999999999999
track2_common3,recordingSessionGroup,track2_common3|session|outer-02,m6_4-dataset-20260819T155147Z-386f95dd,B1,m6_4-dataset-20260819T155147Z-386f95dd,B1::m6_4-trial-008,m6_4-trial-008,oracle_stable_two_baseline_margin,2,2,0.3,2,0.3,0,1,0.0
track2_common3,recordingSessionGroup,track2_common3|session|outer-02,m6_4-dataset-20260819T155147Z-386f95dd,B1,m6_4-dataset-20260819T155147Z-386f95dd,B1::m6_4-trial-008,m6_4-trial-008,oracle_multiview_band_harmonic,2,2,0.3,2,0.25,1,1,0.04999999999999999
track2_common3,recordingSessionGroup,track2_common3|session|outer-02,m6_4-dataset-20260819T155147Z-386f95dd,B1,m6_4-dataset-20260819T155147Z-386f95dd,B1::m6_4-trial-009,m6_4-trial-009,oracle_unconstrained_correct_top,0,0,0.3,0,0.2,1,1,0.09999999999999998
track2_common3,recordingSessionGroup,track2_common3|session|outer-02,m6_4-dataset-20260819T155147Z-386f95dd,B1,m6_4-dataset-20260819T155147Z-386f95dd,B1::m6_4-trial-009,m6_4-trial-009,oracle_stable_two,0,0,0.3,0,0.25,1,1,0.04999999999999999
track2_common3,recordingSessionGroup,track2_common3|session|outer-02,m6_4-dataset-20260819T155147Z-386f95dd,B1,m6_4-dataset-20260819T155147Z-386f95dd,B1::m6_4-trial-009,m6_4-trial-009,oracle_stable_two_margin005,0,0,0.3,0,0.25,1,1,0.04999999999999999
track2_common3,recordingSessionGroup,track2_common3|session|outer-02,m6_4-dataset-20260819T155147Z-386f95dd,B1,m6_4-dataset-20260819T155147Z-386f95dd,B1::m6_4-trial-009,m6_4-trial-009,oracle_stable_two_baseline_margin,0,0,0.3,0,0.3,0,1,0.0
track2_common3,recordingSessionGroup,track2_common3|session|outer-02,m6_4-dataset-20260819T155147Z-386f95dd,B1,m6_4-dataset-20260819T155147Z-386f95dd,B1::m6_4-trial-009,m6_4-trial-009,oracle_multiview_band_harmonic,0,0,0.3,0,0.25,1,1,0.04999999999999999
track2_common3,recordingSessionGroup,track2_common3|session|outer-02,m6_4-dataset-20260819T155147Z-386f95dd,B1,m6_4-dataset-20260819T155147Z-386f95dd,B1::m6_4-trial-010,m6_4-trial-010,oracle_unconstrained_correct_top,2,2,0.4,2,0.3,1,1,0.10000000000000003
track2_common3,recordingSessionGroup,track2_common3|session|outer-02,m6_4-dataset-20260819T155147Z-386f95dd,B1,m6_4-dataset-20260819T155147Z-386f95dd,B1::m6_4-trial-010,m6_4-trial-010,oracle_stable_two,2,2,0.4,2,0.35,1,1,0.050000000000000044
track2_common3,recordingSessionGroup,track2_common3|session|outer-02,m6_4-dataset-20260819T155147Z-386f95dd,B1,m6_4-dataset-20260819T155147Z-386f95dd,B1::m6_4-trial-010,m6_4-trial-010,oracle_stable_two_margin005,2,2,0.4,2,0.4,0,1,0.0
track2_common3,recordingSessionGroup,track2_common3|session|outer-02,m6_4-dataset-20260819T155147Z-386f95dd,B1,m6_4-dataset-20260819T155147Z-386f95dd,B1::m6_4-trial-010,m6_4-trial-010,oracle_stable_two_baseline_margin,2,2,0.4,2,0.4,0,1,0.0
track2_common3,recordingSessionGroup,track2_common3|session|outer-02,m6_4-dataset-20260819T155147Z-386f95dd,B1,m6_4-dataset-20260819T155147Z-386f95dd,B1::m6_4-trial-010,m6_4-trial-010,oracle_multiview_band_harmonic,2,2,0.4,2,0.4,0,1,0.0
track2_common3,recordingSessionGroup,track2_common3|session|outer-02,m6_4-dataset-20260819T155147Z-386f95dd,B1,m6_4-dataset-20260819T155147Z-386f95dd,B1::m6_4-trial-012,m6_4-trial-012,oracle_unconstrained_correct_top,0,0,0.25,0,0.2,1,1,0.04999999999999999
track2_common3,recordingSessionGroup,track2_common3|session|outer-02,m6_4-dataset-20260819T155147Z-386f95dd,B1,m6_4-dataset-20260819T155147Z-386f95dd,B1::m6_4-trial-012,m6_4-trial-012,oracle_stable_two,0,0,0.25,0,0.25,0,1,0.0
track2_common3,recordingSessionGroup,track2_common3|session|outer-02,m6_4-dataset-20260819T155147Z-386f95dd,B1,m6_4-dataset-20260819T155147Z-386f95dd,B1::m6_4-trial-012,m6_4-trial-012,oracle_stable_two_margin005,0,0,0.25,0,0.25,0,1,0.0
track2_common3,recordingSessionGroup,track2_common3|session|outer-02,m6_4-dataset-20260819T155147Z-386f95dd,B1,m6_4-dataset-20260819T155147Z-386f95dd,B1::m6_4-trial-012,m6_4-trial-012,oracle_stable_two_baseline_margin,0,0,0.25,0,0.25,0,1,0.0
track2_common3,recordingSessionGroup,track2_common3|session|outer-02,m6_4-dataset-20260819T155147Z-386f95dd,B1,m6_4-dataset-20260819T155147Z-386f95dd,B1::m6_4-trial-012,m6_4-trial-012,oracle_multiview_band_harmonic,0,0,0.25,0,0.25,0,1,0.0
track2_common3,recordingSessionGroup,track2_common3|session|outer-02,m6_4-dataset-20260819T155147Z-386f95dd,B1,m6_4-dataset-20260819T155147Z-386f95dd,B1::m6_4-trial-013,m6_4-trial-013,oracle_unconstrained_correct_top,0,0,0.25,0,0.2,1,1,0.04999999999999999
track2_common3,recordingSessionGroup,track2_common3|session|outer-02,m6_4-dataset-20260819T155147Z-386f95dd,B1,m6_4-dataset-20260819T155147Z-386f95dd,B1::m6_4-trial-013,m6_4-trial-013,oracle_stable_two,0,0,0.25,0,0.25,0,1,0.0
track2_common3,recordingSessionGroup,track2_common3|session|outer-02,m6_4-dataset-20260819T155147Z-386f95dd,B1,m6_4-dataset-20260819T155147Z-386f95dd,B1::m6_4-trial-013,m6_4-trial-013,oracle_stable_two_margin005,0,0,0.25,0,0.25,0,1,0.0
track2_common3,recordingSessionGroup,track2_common3|session|outer-02,m6_4-dataset-20260819T155147Z-386f95dd,B1,m6_4-dataset-20260819T155147Z-386f95dd,B1::m6_4-trial-013,m6_4-trial-013,oracle_stable_two_baseline_margin,0,0,0.25,0,0.25,0,1,0.0
track2_common3,recordingSessionGroup,track2_common3|session|outer-02,m6_4-dataset-20260819T155147Z-386f95dd,B1,m6_4-dataset-20260819T155147Z-386f95dd,B1::m6_4-trial-013,m6_4-trial-013,oracle_multiview_band_harmonic,0,0,0.25,0,0.25,0,1,0.0
track2_common3,recordingSessionGroup,track2_common3|session|outer-02,m6_4-dataset-20260819T155147Z-386f95dd,B1,m6_4-dataset-20260819T155147Z-386f95dd,B1::m6_4-trial-014,m6_4-trial-014,oracle_unconstrained_correct_top,1,2,1.0,1,0.6,1,1,0.4
track2_common3,recordingSessionGroup,track2_common3|session|outer-02,m6_4-dataset-20260819T155147Z-386f95dd,B1,m6_4-dataset-20260819T155147Z-386f95dd,B1::m6_4-trial-014,m6_4-trial-014,oracle_stable_two,1,2,1.0,2,1.0,0,0,0.0
track2_common3,recordingSessionGroup,track2_common3|session|outer-02,m6_4-dataset-20260819T155147Z-386f95dd,B1,m6_4-dataset-20260819T155147Z-386f95dd,B1::m6_4-trial-014,m6_4-trial-014,oracle_stable_two_margin005,1,2,1.0,2,1.0,0,0,0.0
track2_common3,recordingSessionGroup,track2_common3|session|outer-02,m6_4-dataset-20260819T155147Z-386f95dd,B1,m6_4-dataset-20260819T155147Z-386f95dd,B1::m6_4-trial-014,m6_4-trial-014,oracle_stable_two_baseline_margin,1,2,1.0,2,1.0,0,0,0.0
track2_common3,recordingSessionGroup,track2_common3|session|outer-02,m6_4-dataset-20260819T155147Z-386f95dd,B1,m6_4-dataset-20260819T155147Z-386f95dd,B1::m6_4-trial-014,m6_4-trial-014,oracle_multiview_band_harmonic,1,2,1.0,2,1.0,0,0,0.0
track2_common3,recordingSessionGroup,track2_common3|session|outer-02,m6_4-dataset-20260819T155147Z-386f95dd,B1,m6_4-dataset-20260819T155147Z-386f95dd,B1::m6_4-trial-015,m6_4-trial-015,oracle_unconstrained_correct_top,2,2,0.35,2,0.25,1,1,0.09999999999999998
track2_common3,recordingSessionGroup,track2_common3|session|outer-02,m6_4-dataset-20260819T155147Z-386f95dd,B1,m6_4-dataset-20260819T155147Z-386f95dd,B1::m6_4-trial-015,m6_4-trial-015,oracle_stable_two,2,2,0.35,2,0.3,1,1,0.04999999999999999
track2_common3,recordingSessionGroup,track2_common3|session|outer-02,m6_4-dataset-20260819T155147Z-386f95dd,B1,m6_4-dataset-20260819T155147Z-386f95dd,B1::m6_4-trial-015,m6_4-trial-015,oracle_stable_two_margin005,2,2,0.35,2,0.3,1,1,0.04999999999999999
track2_common3,recordingSessionGroup,track2_common3|session|outer-02,m6_4-dataset-20260819T155147Z-386f95dd,B1,m6_4-dataset-20260819T155147Z-386f95dd,B1::m6_4-trial-015,m6_4-trial-015,oracle_stable_two_baseline_margin,2,2,0.35,2,0.35,0,1,0.0
track2_common3,recordingSessionGroup,track2_common3|session|outer-02,m6_4-dataset-20260819T155147Z-386f95dd,B1,m6_4-dataset-20260819T155147Z-386f95dd,B1::m6_4-trial-015,m6_4-trial-015,oracle_multiview_band_harmonic,2,2,0.35,2,0.3,1,1,0.04999999999999999
track2_common3,recordingSessionGroup,track2_common3|session|outer-02,m6_4-dataset-20260819T155147Z-386f95dd,B1,m6_4-dataset-20260819T155147Z-386f95dd,B1::m6_4-trial-016,m6_4-trial-016,oracle_unconstrained_correct_top,1,0,0.35,0,0.35,0,0,0.0
track2_common3,recordingSessionGroup,track2_common3|session|outer-02,m6_4-dataset-20260819T155147Z-386f95dd,B1,m6_4-dataset-20260819T155147Z-386f95dd,B1::m6_4-trial-016,m6_4-trial-016,oracle_stable_two,1,0,0.35,0,0.35,0,0,0.0
track2_common3,recordingSessionGroup,track2_common3|session|outer-02,m6_4-dataset-20260819T155147Z-386f95dd,B1,m6_4-dataset-20260819T155147Z-386f95dd,B1::m6_4-trial-016,m6_4-trial-016,oracle_stable_two_margin005,1,0,0.35,0,0.35,0,0,0.0
track2_common3,recordingSessionGroup,track2_common3|session|outer-02,m6_4-dataset-20260819T155147Z-386f95dd,B1,m6_4-dataset-20260819T155147Z-386f95dd,B1::m6_4-trial-016,m6_4-trial-016,oracle_stable_two_baseline_margin,1,0,0.35,0,0.35,0,0,0.0
track2_common3,recordingSessionGroup,track2_common3|session|outer-02,m6_4-dataset-20260819T155147Z-386f95dd,B1,m6_4-dataset-20260819T155147Z-386f95dd,B1::m6_4-trial-016,m6_4-trial-016,oracle_multiview_band_harmonic,1,0,0.35,0,0.35,0,0,0.0
track2_common3,recordingSessionGroup,track2_common3|session|outer-02,m6_4-dataset-20260819T155147Z-386f95dd,B1,m6_4-dataset-20260819T155147Z-386f95dd,B1::m6_4-trial-017,m6_4-trial-017,oracle_unconstrained_correct_top,2,2,0.25,2,0.2,1,1,0.04999999999999999
track2_common3,recordingSessionGroup,track2_common3|session|outer-02,m6_4-dataset-20260819T155147Z-386f95dd,B1,m6_4-dataset-20260819T155147Z-386f95dd,B1::m6_4-trial-017,m6_4-trial-017,oracle_stable_two,2,2,0.25,2,0.25,0,1,0.0
track2_common3,recordingSessionGroup,track2_common3|session|outer-02,m6_4-dataset-20260819T155147Z-386f95dd,B1,m6_4-dataset-20260819T155147Z-386f95dd,B1::m6_4-trial-017,m6_4-trial-017,oracle_stable_two_margin005,2,2,0.25,2,0.25,0,1,0.0
track2_common3,recordingSessionGroup,track2_common3|session|outer-02,m6_4-dataset-20260819T155147Z-386f95dd,B1,m6_4-dataset-20260819T155147Z-386f95dd,B1::m6_4-trial-017,m6_4-trial-017,oracle_stable_two_baseline_margin,2,2,0.25,2,0.25,0,1,0.0
track2_common3,recordingSessionGroup,track2_common3|session|outer-02,m6_4-dataset-20260819T155147Z-386f95dd,B1,m6_4-dataset-20260819T155147Z-386f95dd,B1::m6_4-trial-017,m6_4-trial-017,oracle_multiview_band_harmonic,2,2,0.25,2,0.25,0,1,0.0
track2_common3,recordingSessionGroup,track2_common3|session|outer-02,m6_4-dataset-20260819T155147Z-386f95dd,B1,m6_4-dataset-20260819T155147Z-386f95dd,B1::m6_4-trial-018,m6_4-trial-018,oracle_unconstrained_correct_top,0,0,0.35,0,0.2,1,1,0.14999999999999997
track2_common3,recordingSessionGroup,track2_common3|session|outer-02,m6_4-dataset-20260819T155147Z-386f95dd,B1,m6_4-dataset-20260819T155147Z-386f95dd,B1::m6_4-trial-018,m6_4-trial-018,oracle_stable_two,0,0,0.35,0,0.25,1,1,0.09999999999999998
track2_common3,recordingSessionGroup,track2_common3|session|outer-02,m6_4-dataset-20260819T155147Z-386f95dd,B1,m6_4-dataset-20260819T155147Z-386f95dd,B1::m6_4-trial-018,m6_4-trial-018,oracle_stable_two_margin005,0,0,0.35,0,0.25,1,1,0.09999999999999998
track2_common3,recordingSessionGroup,track2_common3|session|outer-02,m6_4-dataset-20260819T155147Z-386f95dd,B1,m6_4-dataset-20260819T155147Z-386f95dd,B1::m6_4-trial-018,m6_4-trial-018,oracle_stable_two_baseline_margin,0,0,0.35,0,0.35,0,1,0.0
track2_common3,recordingSessionGroup,track2_common3|session|outer-02,m6_4-dataset-20260819T155147Z-386f95dd,B1,m6_4-dataset-20260819T155147Z-386f95dd,B1::m6_4-trial-018,m6_4-trial-018,oracle_multiview_band_harmonic,0,0,0.35,0,0.25,1,1,0.09999999999999998
track2_common3,recordingSessionGroup,track2_common3|session|outer-02,m6_4-dataset-20260819T155147Z-386f95dd,B1,m6_4-dataset-20260819T155147Z-386f95dd,B1::m6_4-trial-019,m6_4-trial-019,oracle_unconstrained_correct_top,2,2,0.3,2,0.2,1,1,0.09999999999999998
track2_common3,recordingSessionGroup,track2_common3|session|outer-02,m6_4-dataset-20260819T155147Z-386f95dd,B1,m6_4-dataset-20260819T155147Z-386f95dd,B1::m6_4-trial-019,m6_4-trial-019,oracle_stable_two,2,2,0.3,2,0.25,1,1,0.04999999999999999
track2_common3,recordingSessionGroup,track2_common3|session|outer-02,m6_4-dataset-20260819T155147Z-386f95dd,B1,m6_4-dataset-20260819T155147Z-386f95dd,B1::m6_4-trial-019,m6_4-trial-019,oracle_stable_two_margin005,2,2,0.3,2,0.25,1,1,0.04999999999999999
track2_common3,recordingSessionGroup,track2_common3|session|outer-02,m6_4-dataset-20260819T155147Z-386f95dd,B1,m6_4-dataset-20260819T155147Z-386f95dd,B1::m6_4-trial-019,m6_4-trial-019,oracle_stable_two_baseline_margin,2,2,0.3,2,0.3,0,1,0.0
track2_common3,recordingSessionGroup,track2_common3|session|outer-02,m6_4-dataset-20260819T155147Z-386f95dd,B1,m6_4-dataset-20260819T155147Z-386f95dd,B1::m6_4-trial-019,m6_4-trial-019,oracle_multiview_band_harmonic,2,2,0.3,2,0.25,1,1,0.04999999999999999
track2_common3,recordingSessionGroup,track2_common3|session|outer-02,m6_4-dataset-20260819T155147Z-386f95dd,B1,m6_4-dataset-20260819T155147Z-386f95dd,B1::m6_4-trial-020,m6_4-trial-020,oracle_unconstrained_correct_top,1,1,0.35,1,0.2,1,1,0.14999999999999997
track2_common3,recordingSessionGroup,track2_common3|session|outer-02,m6_4-dataset-20260819T155147Z-386f95dd,B1,m6_4-dataset-20260819T155147Z-386f95dd,B1::m6_4-trial-020,m6_4-trial-020,oracle_stable_two,1,1,0.35,1,0.25,1,1,0.09999999999999998
track2_common3,recordingSessionGroup,track2_common3|session|outer-02,m6_4-dataset-20260819T155147Z-386f95dd,B1,m6_4-dataset-20260819T155147Z-386f95dd,B1::m6_4-trial-020,m6_4-trial-020,oracle_stable_two_margin005,1,1,0.35,1,0.3,1,1,0.04999999999999999
track2_common3,recordingSessionGroup,track2_common3|session|outer-02,m6_4-dataset-20260819T155147Z-386f95dd,B1,m6_4-dataset-20260819T155147Z-386f95dd,B1::m6_4-trial-020,m6_4-trial-020,oracle_stable_two_baseline_margin,1,1,0.35,1,0.35,0,1,0.0
track2_common3,recordingSessionGroup,track2_common3|session|outer-02,m6_4-dataset-20260819T155147Z-386f95dd,B1,m6_4-dataset-20260819T155147Z-386f95dd,B1::m6_4-trial-020,m6_4-trial-020,oracle_multiview_band_harmonic,1,1,0.35,1,0.3,1,1,0.04999999999999999
track2_common3,recordingSessionGroup,track2_common3|session|outer-02,m6_4-dataset-20260819T155147Z-386f95dd,B1,m6_4-dataset-20260819T155147Z-386f95dd,B1::m6_4-trial-021,m6_4-trial-021,oracle_unconstrained_correct_top,1,1,0.3,1,0.25,1,1,0.04999999999999999
track2_common3,recordingSessionGroup,track2_common3|session|outer-02,m6_4-dataset-20260819T155147Z-386f95dd,B1,m6_4-dataset-20260819T155147Z-386f95dd,B1::m6_4-trial-021,m6_4-trial-021,oracle_stable_two,1,1,0.3,1,0.3,0,1,0.0
track2_common3,recordingSessionGroup,track2_common3|session|outer-02,m6_4-dataset-20260819T155147Z-386f95dd,B1,m6_4-dataset-20260819T155147Z-386f95dd,B1::m6_4-trial-021,m6_4-trial-021,oracle_stable_two_margin005,1,1,0.3,1,0.3,0,1,0.0
track2_common3,recordingSessionGroup,track2_common3|session|outer-02,m6_4-dataset-20260819T155147Z-386f95dd,B1,m6_4-dataset-20260819T155147Z-386f95dd,B1::m6_4-trial-021,m6_4-trial-021,oracle_stable_two_baseline_margin,1,1,0.3,1,0.3,0,1,0.0
track2_common3,recordingSessionGroup,track2_common3|session|outer-02,m6_4-dataset-20260819T155147Z-386f95dd,B1,m6_4-dataset-20260819T155147Z-386f95dd,B1::m6_4-trial-021,m6_4-trial-021,oracle_multiview_band_harmonic,1,1,0.3,1,0.3,0,1,0.0
track2_common3,recordingSessionGroup,track2_common3|session|outer-02,m6_4-dataset-20260819T155147Z-386f95dd,B1,m6_4-dataset-20260819T155147Z-386f95dd,B1::m6_4-trial-022,m6_4-trial-022,oracle_unconstrained_correct_top,0,0,1.0,0,0.2,1,1,0.8
track2_common3,recordingSessionGroup,track2_common3|session|outer-02,m6_4-dataset-20260819T155147Z-386f95dd,B1,m6_4-dataset-20260819T155147Z-386f95dd,B1::m6_4-trial-022,m6_4-trial-022,oracle_stable_two,0,0,1.0,0,1.0,0,1,0.0
track2_common3,recordingSessionGroup,track2_common3|session|outer-02,m6_4-dataset-20260819T155147Z-386f95dd,B1,m6_4-dataset-20260819T155147Z-386f95dd,B1::m6_4-trial-022,m6_4-trial-022,oracle_stable_two_margin005,0,0,1.0,0,1.0,0,1,0.0
track2_common3,recordingSessionGroup,track2_common3|session|outer-02,m6_4-dataset-20260819T155147Z-386f95dd,B1,m6_4-dataset-20260819T155147Z-386f95dd,B1::m6_4-trial-022,m6_4-trial-022,oracle_stable_two_baseline_margin,0,0,1.0,0,1.0,0,1,0.0
track2_common3,recordingSessionGroup,track2_common3|session|outer-02,m6_4-dataset-20260819T155147Z-386f95dd,B1,m6_4-dataset-20260819T155147Z-386f95dd,B1::m6_4-trial-022,m6_4-trial-022,oracle_multiview_band_harmonic,0,0,1.0,0,1.0,0,1,0.0
track2_common3,recordingSessionGroup,track2_common3|session|outer-02,m6_4-dataset-20260819T155147Z-386f95dd,B1,m6_4-dataset-20260819T155147Z-386f95dd,B1::m6_4-trial-023,m6_4-trial-023,oracle_unconstrained_correct_top,1,1,0.5,1,0.2,1,1,0.3
track2_common3,recordingSessionGroup,track2_common3|session|outer-02,m6_4-dataset-20260819T155147Z-386f95dd,B1,m6_4-dataset-20260819T155147Z-386f95dd,B1::m6_4-trial-023,m6_4-trial-023,oracle_stable_two,1,1,0.5,1,0.35,1,1,0.15000000000000002
track2_common3,recordingSessionGroup,track2_common3|session|outer-02,m6_4-dataset-20260819T155147Z-386f95dd,B1,m6_4-dataset-20260819T155147Z-386f95dd,B1::m6_4-trial-023,m6_4-trial-023,oracle_stable_two_margin005,1,1,0.5,1,0.35,1,1,0.15000000000000002
track2_common3,recordingSessionGroup,track2_common3|session|outer-02,m6_4-dataset-20260819T155147Z-386f95dd,B1,m6_4-dataset-20260819T155147Z-386f95dd,B1::m6_4-trial-023,m6_4-trial-023,oracle_stable_two_baseline_margin,1,1,0.5,1,0.5,0,1,0.0
track2_common3,recordingSessionGroup,track2_common3|session|outer-02,m6_4-dataset-20260819T155147Z-386f95dd,B1,m6_4-dataset-20260819T155147Z-386f95dd,B1::m6_4-trial-023,m6_4-trial-023,oracle_multiview_band_harmonic,1,1,0.5,1,0.35,1,1,0.15000000000000002
track2_common3,recordingSessionGroup,track2_common3|session|outer-02,m6_4-dataset-20260819T155147Z-386f95dd,B1,m6_4-dataset-20260819T155147Z-386f95dd,B1::m6_4-trial-024,m6_4-trial-024,oracle_unconstrained_correct_top,2,2,0.25,2,0.2,1,1,0.04999999999999999
track2_common3,recordingSessionGroup,track2_common3|session|outer-02,m6_4-dataset-20260819T155147Z-386f95dd,B1,m6_4-dataset-20260819T155147Z-386f95dd,B1::m6_4-trial-024,m6_4-trial-024,oracle_stable_two,2,2,0.25,2,0.25,0,1,0.0
track2_common3,recordingSessionGroup,track2_common3|session|outer-02,m6_4-dataset-20260819T155147Z-386f95dd,B1,m6_4-dataset-20260819T155147Z-386f95dd,B1::m6_4-trial-024,m6_4-trial-024,oracle_stable_two_margin005,2,2,0.25,2,0.25,0,1,0.0
track2_common3,recordingSessionGroup,track2_common3|session|outer-02,m6_4-dataset-20260819T155147Z-386f95dd,B1,m6_4-dataset-20260819T155147Z-386f95dd,B1::m6_4-trial-024,m6_4-trial-024,oracle_stable_two_baseline_margin,2,2,0.25,2,0.25,0,1,0.0
track2_common3,recordingSessionGroup,track2_common3|session|outer-02,m6_4-dataset-20260819T155147Z-386f95dd,B1,m6_4-dataset-20260819T155147Z-386f95dd,B1::m6_4-trial-024,m6_4-trial-024,oracle_multiview_band_harmonic,2,2,0.25,2,0.25,0,1,0.0
track2_common3,recordingSessionGroup,track2_common3|session|outer-02,m6_4-dataset-20260819T155147Z-386f95dd,B1,m6_4-dataset-20260819T155147Z-386f95dd,B1::m6_4-trial-025,m6_4-trial-025,oracle_unconstrained_correct_top,0,0,0.3,0,0.25,1,1,0.04999999999999999
track2_common3,recordingSessionGroup,track2_common3|session|outer-02,m6_4-dataset-20260819T155147Z-386f95dd,B1,m6_4-dataset-20260819T155147Z-386f95dd,B1::m6_4-trial-025,m6_4-trial-025,oracle_stable_two,0,0,0.3,0,0.3,0,1,0.0
track2_common3,recordingSessionGroup,track2_common3|session|outer-02,m6_4-dataset-20260819T155147Z-386f95dd,B1,m6_4-dataset-20260819T155147Z-386f95dd,B1::m6_4-trial-025,m6_4-trial-025,oracle_stable_two_margin005,0,0,0.3,0,0.3,0,1,0.0
track2_common3,recordingSessionGroup,track2_common3|session|outer-02,m6_4-dataset-20260819T155147Z-386f95dd,B1,m6_4-dataset-20260819T155147Z-386f95dd,B1::m6_4-trial-025,m6_4-trial-025,oracle_stable_two_baseline_margin,0,0,0.3,0,0.3,0,1,0.0
track2_common3,recordingSessionGroup,track2_common3|session|outer-02,m6_4-dataset-20260819T155147Z-386f95dd,B1,m6_4-dataset-20260819T155147Z-386f95dd,B1::m6_4-trial-025,m6_4-trial-025,oracle_multiview_band_harmonic,0,0,0.3,0,0.3,0,1,0.0
track2_common3,recordingSessionGroup,track2_common3|session|outer-02,m6_4-dataset-20260819T155147Z-386f95dd,B1,m6_4-dataset-20260819T155147Z-386f95dd,B1::m6_4-trial-026,m6_4-trial-026,oracle_unconstrained_correct_top,0,0,0.4,0,0.35,1,1,0.050000000000000044
track2_common3,recordingSessionGroup,track2_common3|session|outer-02,m6_4-dataset-20260819T155147Z-386f95dd,B1,m6_4-dataset-20260819T155147Z-386f95dd,B1::m6_4-trial-026,m6_4-trial-026,oracle_stable_two,0,0,0.4,0,0.4,0,1,0.0
track2_common3,recordingSessionGroup,track2_common3|session|outer-02,m6_4-dataset-20260819T155147Z-386f95dd,B1,m6_4-dataset-20260819T155147Z-386f95dd,B1::m6_4-trial-026,m6_4-trial-026,oracle_stable_two_margin005,0,0,0.4,0,0.4,0,1,0.0
track2_common3,recordingSessionGroup,track2_common3|session|outer-02,m6_4-dataset-20260819T155147Z-386f95dd,B1,m6_4-dataset-20260819T155147Z-386f95dd,B1::m6_4-trial-026,m6_4-trial-026,oracle_stable_two_baseline_margin,0,0,0.4,0,0.4,0,1,0.0
track2_common3,recordingSessionGroup,track2_common3|session|outer-02,m6_4-dataset-20260819T155147Z-386f95dd,B1,m6_4-dataset-20260819T155147Z-386f95dd,B1::m6_4-trial-026,m6_4-trial-026,oracle_multiview_band_harmonic,0,0,0.4,0,0.4,0,1,0.0
track2_common3,recordingSessionGroup,track2_common3|session|outer-02,m6_4-dataset-20260819T155147Z-386f95dd,B1,m6_4-dataset-20260819T155147Z-386f95dd,B1::m6_4-trial-027,m6_4-trial-027,oracle_unconstrained_correct_top,1,1,0.25,1,0.2,1,1,0.04999999999999999
track2_common3,recordingSessionGroup,track2_common3|session|outer-02,m6_4-dataset-20260819T155147Z-386f95dd,B1,m6_4-dataset-20260819T155147Z-386f95dd,B1::m6_4-trial-027,m6_4-trial-027,oracle_stable_two,1,1,0.25,1,0.25,0,1,0.0
track2_common3,recordingSessionGroup,track2_common3|session|outer-02,m6_4-dataset-20260819T155147Z-386f95dd,B1,m6_4-dataset-20260819T155147Z-386f95dd,B1::m6_4-trial-027,m6_4-trial-027,oracle_stable_two_margin005,1,1,0.25,1,0.25,0,1,0.0
track2_common3,recordingSessionGroup,track2_common3|session|outer-02,m6_4-dataset-20260819T155147Z-386f95dd,B1,m6_4-dataset-20260819T155147Z-386f95dd,B1::m6_4-trial-027,m6_4-trial-027,oracle_stable_two_baseline_margin,1,1,0.25,1,0.25,0,1,0.0
track2_common3,recordingSessionGroup,track2_common3|session|outer-02,m6_4-dataset-20260819T155147Z-386f95dd,B1,m6_4-dataset-20260819T155147Z-386f95dd,B1::m6_4-trial-027,m6_4-trial-027,oracle_multiview_band_harmonic,1,1,0.25,1,0.25,0,1,0.0
track2_common3,recordingSessionGroup,track2_common3|session|outer-02,m6_4-dataset-20260819T155147Z-386f95dd,B1,m6_4-dataset-20260819T155147Z-386f95dd,B1::m6_4-trial-028,m6_4-trial-028,oracle_unconstrained_correct_top,1,0,0.35,1,0.25,1,1,0.09999999999999998
track2_common3,recordingSessionGroup,track2_common3|session|outer-02,m6_4-dataset-20260819T155147Z-386f95dd,B1,m6_4-dataset-20260819T155147Z-386f95dd,B1::m6_4-trial-028,m6_4-trial-028,oracle_stable_two,1,0,0.35,0,0.35,0,0,0.0
track2_common3,recordingSessionGroup,track2_common3|session|outer-02,m6_4-dataset-20260819T155147Z-386f95dd,B1,m6_4-dataset-20260819T155147Z-386f95dd,B1::m6_4-trial-028,m6_4-trial-028,oracle_stable_two_margin005,1,0,0.35,0,0.35,0,0,0.0
track2_common3,recordingSessionGroup,track2_common3|session|outer-02,m6_4-dataset-20260819T155147Z-386f95dd,B1,m6_4-dataset-20260819T155147Z-386f95dd,B1::m6_4-trial-028,m6_4-trial-028,oracle_stable_two_baseline_margin,1,0,0.35,0,0.35,0,0,0.0
track2_common3,recordingSessionGroup,track2_common3|session|outer-02,m6_4-dataset-20260819T155147Z-386f95dd,B1,m6_4-dataset-20260819T155147Z-386f95dd,B1::m6_4-trial-028,m6_4-trial-028,oracle_multiview_band_harmonic,1,0,0.35,0,0.35,0,0,0.0
track2_common3,recordingSessionGroup,track2_common3|session|outer-02,m6_4-dataset-20260819T155147Z-386f95dd,B1,m6_4-dataset-20260819T155147Z-386f95dd,B1::m6_4-trial-029,m6_4-trial-029,oracle_unconstrained_correct_top,0,0,0.35,0,0.25,1,1,0.09999999999999998
track2_common3,recordingSessionGroup,track2_common3|session|outer-02,m6_4-dataset-20260819T155147Z-386f95dd,B1,m6_4-dataset-20260819T155147Z-386f95dd,B1::m6_4-trial-029,m6_4-trial-029,oracle_stable_two,0,0,0.35,0,0.3,1,1,0.04999999999999999
track2_common3,recordingSessionGroup,track2_common3|session|outer-02,m6_4-dataset-20260819T155147Z-386f95dd,B1,m6_4-dataset-20260819T155147Z-386f95dd,B1::m6_4-trial-029,m6_4-trial-029,oracle_stable_two_margin005,0,0,0.35,0,0.3,1,1,0.04999999999999999
track2_common3,recordingSessionGroup,track2_common3|session|outer-02,m6_4-dataset-20260819T155147Z-386f95dd,B1,m6_4-dataset-20260819T155147Z-386f95dd,B1::m6_4-trial-029,m6_4-trial-029,oracle_stable_two_baseline_margin,0,0,0.35,0,0.35,0,1,0.0
track2_common3,recordingSessionGroup,track2_common3|session|outer-02,m6_4-dataset-20260819T155147Z-386f95dd,B1,m6_4-dataset-20260819T155147Z-386f95dd,B1::m6_4-trial-029,m6_4-trial-029,oracle_multiview_band_harmonic,0,0,0.35,0,0.35,0,1,0.0
track2_common3,recordingSessionGroup,track2_common3|session|outer-02,m6_4-dataset-20260819T155147Z-386f95dd,B1,m6_4-dataset-20260819T155147Z-386f95dd,B1::m6_4-trial-030,m6_4-trial-030,oracle_unconstrained_correct_top,2,2,0.25,2,0.2,1,1,0.04999999999999999
track2_common3,recordingSessionGroup,track2_common3|session|outer-02,m6_4-dataset-20260819T155147Z-386f95dd,B1,m6_4-dataset-20260819T155147Z-386f95dd,B1::m6_4-trial-030,m6_4-trial-030,oracle_stable_two,2,2,0.25,2,0.25,0,1,0.0
track2_common3,recordingSessionGroup,track2_common3|session|outer-02,m6_4-dataset-20260819T155147Z-386f95dd,B1,m6_4-dataset-20260819T155147Z-386f95dd,B1::m6_4-trial-030,m6_4-trial-030,oracle_stable_two_margin005,2,2,0.25,2,0.25,0,1,0.0
track2_common3,recordingSessionGroup,track2_common3|session|outer-02,m6_4-dataset-20260819T155147Z-386f95dd,B1,m6_4-dataset-20260819T155147Z-386f95dd,B1::m6_4-trial-030,m6_4-trial-030,oracle_stable_two_baseline_margin,2,2,0.25,2,0.25,0,1,0.0
track2_common3,recordingSessionGroup,track2_common3|session|outer-02,m6_4-dataset-20260819T155147Z-386f95dd,B1,m6_4-dataset-20260819T155147Z-386f95dd,B1::m6_4-trial-030,m6_4-trial-030,oracle_multiview_band_harmonic,2,2,0.25,2,0.25,0,1,0.0
track2_common3,recordingSessionGroup,track2_common3|session|outer-03,m6_4-dataset-20260819T161943Z-afaac607,B2,m6_4-dataset-20260819T161943Z-afaac607,B2::m6_4-trial-001,m6_4-trial-001,oracle_unconstrained_correct_top,2,2,0.25,2,0.2,1,1,0.04999999999999999
track2_common3,recordingSessionGroup,track2_common3|session|outer-03,m6_4-dataset-20260819T161943Z-afaac607,B2,m6_4-dataset-20260819T161943Z-afaac607,B2::m6_4-trial-001,m6_4-trial-001,oracle_stable_two,2,2,0.25,2,0.25,0,1,0.0
track2_common3,recordingSessionGroup,track2_common3|session|outer-03,m6_4-dataset-20260819T161943Z-afaac607,B2,m6_4-dataset-20260819T161943Z-afaac607,B2::m6_4-trial-001,m6_4-trial-001,oracle_stable_two_margin005,2,2,0.25,2,0.25,0,1,0.0
track2_common3,recordingSessionGroup,track2_common3|session|outer-03,m6_4-dataset-20260819T161943Z-afaac607,B2,m6_4-dataset-20260819T161943Z-afaac607,B2::m6_4-trial-001,m6_4-trial-001,oracle_stable_two_baseline_margin,2,2,0.25,2,0.25,0,1,0.0
track2_common3,recordingSessionGroup,track2_common3|session|outer-03,m6_4-dataset-20260819T161943Z-afaac607,B2,m6_4-dataset-20260819T161943Z-afaac607,B2::m6_4-trial-001,m6_4-trial-001,oracle_multiview_band_harmonic,2,2,0.25,2,0.25,0,1,0.0
track2_common3,recordingSessionGroup,track2_common3|session|outer-03,m6_4-dataset-20260819T161943Z-afaac607,B2,m6_4-dataset-20260819T161943Z-afaac607,B2::m6_4-trial-002,m6_4-trial-002,oracle_unconstrained_correct_top,0,0,0.35,0,0.2,1,1,0.14999999999999997
track2_common3,recordingSessionGroup,track2_common3|session|outer-03,m6_4-dataset-20260819T161943Z-afaac607,B2,m6_4-dataset-20260819T161943Z-afaac607,B2::m6_4-trial-002,m6_4-trial-002,oracle_stable_two,0,0,0.35,0,0.25,1,1,0.09999999999999998
track2_common3,recordingSessionGroup,track2_common3|session|outer-03,m6_4-dataset-20260819T161943Z-afaac607,B2,m6_4-dataset-20260819T161943Z-afaac607,B2::m6_4-trial-002,m6_4-trial-002,oracle_stable_two_margin005,0,0,0.35,0,0.25,1,1,0.09999999999999998
track2_common3,recordingSessionGroup,track2_common3|session|outer-03,m6_4-dataset-20260819T161943Z-afaac607,B2,m6_4-dataset-20260819T161943Z-afaac607,B2::m6_4-trial-002,m6_4-trial-002,oracle_stable_two_baseline_margin,0,0,0.35,0,0.35,0,1,0.0
track2_common3,recordingSessionGroup,track2_common3|session|outer-03,m6_4-dataset-20260819T161943Z-afaac607,B2,m6_4-dataset-20260819T161943Z-afaac607,B2::m6_4-trial-002,m6_4-trial-002,oracle_multiview_band_harmonic,0,0,0.35,0,0.25,1,1,0.09999999999999998
track2_common3,recordingSessionGroup,track2_common3|session|outer-03,m6_4-dataset-20260819T161943Z-afaac607,B2,m6_4-dataset-20260819T161943Z-afaac607,B2::m6_4-trial-003,m6_4-trial-003,oracle_unconstrained_correct_top,1,1,0.3,1,0.2,1,1,0.09999999999999998
track2_common3,recordingSessionGroup,track2_common3|session|outer-03,m6_4-dataset-20260819T161943Z-afaac607,B2,m6_4-dataset-20260819T161943Z-afaac607,B2::m6_4-trial-003,m6_4-trial-003,oracle_stable_two,1,1,0.3,1,0.25,1,1,0.04999999999999999
track2_common3,recordingSessionGroup,track2_common3|session|outer-03,m6_4-dataset-20260819T161943Z-afaac607,B2,m6_4-dataset-20260819T161943Z-afaac607,B2::m6_4-trial-003,m6_4-trial-003,oracle_stable_two_margin005,1,1,0.3,1,0.25,1,1,0.04999999999999999
track2_common3,recordingSessionGroup,track2_common3|session|outer-03,m6_4-dataset-20260819T161943Z-afaac607,B2,m6_4-dataset-20260819T161943Z-afaac607,B2::m6_4-trial-003,m6_4-trial-003,oracle_stable_two_baseline_margin,1,1,0.3,1,0.3,0,1,0.0
track2_common3,recordingSessionGroup,track2_common3|session|outer-03,m6_4-dataset-20260819T161943Z-afaac607,B2,m6_4-dataset-20260819T161943Z-afaac607,B2::m6_4-trial-003,m6_4-trial-003,oracle_multiview_band_harmonic,1,1,0.3,1,0.25,1,1,0.04999999999999999
track2_common3,recordingSessionGroup,track2_common3|session|outer-03,m6_4-dataset-20260819T161943Z-afaac607,B2,m6_4-dataset-20260819T161943Z-afaac607,B2::m6_4-trial-004,m6_4-trial-004,oracle_unconstrained_correct_top,2,2,0.25,2,0.2,1,1,0.04999999999999999
track2_common3,recordingSessionGroup,track2_common3|session|outer-03,m6_4-dataset-20260819T161943Z-afaac607,B2,m6_4-dataset-20260819T161943Z-afaac607,B2::m6_4-trial-004,m6_4-trial-004,oracle_stable_two,2,2,0.25,2,0.25,0,1,0.0
track2_common3,recordingSessionGroup,track2_common3|session|outer-03,m6_4-dataset-20260819T161943Z-afaac607,B2,m6_4-dataset-20260819T161943Z-afaac607,B2::m6_4-trial-004,m6_4-trial-004,oracle_stable_two_margin005,2,2,0.25,2,0.25,0,1,0.0
track2_common3,recordingSessionGroup,track2_common3|session|outer-03,m6_4-dataset-20260819T161943Z-afaac607,B2,m6_4-dataset-20260819T161943Z-afaac607,B2::m6_4-trial-004,m6_4-trial-004,oracle_stable_two_baseline_margin,2,2,0.25,2,0.25,0,1,0.0
track2_common3,recordingSessionGroup,track2_common3|session|outer-03,m6_4-dataset-20260819T161943Z-afaac607,B2,m6_4-dataset-20260819T161943Z-afaac607,B2::m6_4-trial-004,m6_4-trial-004,oracle_multiview_band_harmonic,2,2,0.25,2,0.25,0,1,0.0
track2_common3,recordingSessionGroup,track2_common3|session|outer-03,m6_4-dataset-20260819T161943Z-afaac607,B2,m6_4-dataset-20260819T161943Z-afaac607,B2::m6_4-trial-005,m6_4-trial-005,oracle_unconstrained_correct_top,1,1,0.25,1,0.2,1,1,0.04999999999999999
track2_common3,recordingSessionGroup,track2_common3|session|outer-03,m6_4-dataset-20260819T161943Z-afaac607,B2,m6_4-dataset-20260819T161943Z-afaac607,B2::m6_4-trial-005,m6_4-trial-005,oracle_stable_two,1,1,0.25,1,0.25,0,1,0.0
track2_common3,recordingSessionGroup,track2_common3|session|outer-03,m6_4-dataset-20260819T161943Z-afaac607,B2,m6_4-dataset-20260819T161943Z-afaac607,B2::m6_4-trial-005,m6_4-trial-005,oracle_stable_two_margin005,1,1,0.25,1,0.25,0,1,0.0
track2_common3,recordingSessionGroup,track2_common3|session|outer-03,m6_4-dataset-20260819T161943Z-afaac607,B2,m6_4-dataset-20260819T161943Z-afaac607,B2::m6_4-trial-005,m6_4-trial-005,oracle_stable_two_baseline_margin,1,1,0.25,1,0.25,0,1,0.0
track2_common3,recordingSessionGroup,track2_common3|session|outer-03,m6_4-dataset-20260819T161943Z-afaac607,B2,m6_4-dataset-20260819T161943Z-afaac607,B2::m6_4-trial-005,m6_4-trial-005,oracle_multiview_band_harmonic,1,1,0.25,1,0.25,0,1,0.0
track2_common3,recordingSessionGroup,track2_common3|session|outer-03,m6_4-dataset-20260819T161943Z-afaac607,B2,m6_4-dataset-20260819T161943Z-afaac607,B2::m6_4-trial-006,m6_4-trial-006,oracle_unconstrained_correct_top,0,0,0.5,0,0.2,1,1,0.3
track2_common3,recordingSessionGroup,track2_common3|session|outer-03,m6_4-dataset-20260819T161943Z-afaac607,B2,m6_4-dataset-20260819T161943Z-afaac607,B2::m6_4-trial-006,m6_4-trial-006,oracle_stable_two,0,0,0.5,0,0.35,1,1,0.15000000000000002
track2_common3,recordingSessionGroup,track2_common3|session|outer-03,m6_4-dataset-20260819T161943Z-afaac607,B2,m6_4-dataset-20260819T161943Z-afaac607,B2::m6_4-trial-006,m6_4-trial-006,oracle_stable_two_margin005,0,0,0.5,0,0.35,1,1,0.15000000000000002
track2_common3,recordingSessionGroup,track2_common3|session|outer-03,m6_4-dataset-20260819T161943Z-afaac607,B2,m6_4-dataset-20260819T161943Z-afaac607,B2::m6_4-trial-006,m6_4-trial-006,oracle_stable_two_baseline_margin,0,0,0.5,0,0.5,0,1,0.0
track2_common3,recordingSessionGroup,track2_common3|session|outer-03,m6_4-dataset-20260819T161943Z-afaac607,B2,m6_4-dataset-20260819T161943Z-afaac607,B2::m6_4-trial-006,m6_4-trial-006,oracle_multiview_band_harmonic,0,0,0.5,0,0.35,1,1,0.15000000000000002
track2_common3,recordingSessionGroup,track2_common3|session|outer-03,m6_4-dataset-20260819T161943Z-afaac607,B2,m6_4-dataset-20260819T161943Z-afaac607,B2::m6_4-trial-007,m6_4-trial-007,oracle_unconstrained_correct_top,1,1,0.25,1,0.2,1,1,0.04999999999999999
track2_common3,recordingSessionGroup,track2_common3|session|outer-03,m6_4-dataset-20260819T161943Z-afaac607,B2,m6_4-dataset-20260819T161943Z-afaac607,B2::m6_4-trial-007,m6_4-trial-007,oracle_stable_two,1,1,0.25,1,0.25,0,1,0.0
track2_common3,recordingSessionGroup,track2_common3|session|outer-03,m6_4-dataset-20260819T161943Z-afaac607,B2,m6_4-dataset-20260819T161943Z-afaac607,B2::m6_4-trial-007,m6_4-trial-007,oracle_stable_two_margin005,1,1,0.25,1,0.25,0,1,0.0
track2_common3,recordingSessionGroup,track2_common3|session|outer-03,m6_4-dataset-20260819T161943Z-afaac607,B2,m6_4-dataset-20260819T161943Z-afaac607,B2::m6_4-trial-007,m6_4-trial-007,oracle_stable_two_baseline_margin,1,1,0.25,1,0.25,0,1,0.0
track2_common3,recordingSessionGroup,track2_common3|session|outer-03,m6_4-dataset-20260819T161943Z-afaac607,B2,m6_4-dataset-20260819T161943Z-afaac607,B2::m6_4-trial-007,m6_4-trial-007,oracle_multiview_band_harmonic,1,1,0.25,1,0.25,0,1,0.0
track2_common3,recordingSessionGroup,track2_common3|session|outer-03,m6_4-dataset-20260819T161943Z-afaac607,B2,m6_4-dataset-20260819T161943Z-afaac607,B2::m6_4-trial-008,m6_4-trial-008,oracle_unconstrained_correct_top,2,1,0.25,1,0.25,0,0,0.0
track2_common3,recordingSessionGroup,track2_common3|session|outer-03,m6_4-dataset-20260819T161943Z-afaac607,B2,m6_4-dataset-20260819T161943Z-afaac607,B2::m6_4-trial-008,m6_4-trial-008,oracle_stable_two,2,1,0.25,1,0.25,0,0,0.0
track2_common3,recordingSessionGroup,track2_common3|session|outer-03,m6_4-dataset-20260819T161943Z-afaac607,B2,m6_4-dataset-20260819T161943Z-afaac607,B2::m6_4-trial-008,m6_4-trial-008,oracle_stable_two_margin005,2,1,0.25,1,0.25,0,0,0.0
track2_common3,recordingSessionGroup,track2_common3|session|outer-03,m6_4-dataset-20260819T161943Z-afaac607,B2,m6_4-dataset-20260819T161943Z-afaac607,B2::m6_4-trial-008,m6_4-trial-008,oracle_stable_two_baseline_margin,2,1,0.25,1,0.25,0,0,0.0
track2_common3,recordingSessionGroup,track2_common3|session|outer-03,m6_4-dataset-20260819T161943Z-afaac607,B2,m6_4-dataset-20260819T161943Z-afaac607,B2::m6_4-trial-008,m6_4-trial-008,oracle_multiview_band_harmonic,2,1,0.25,1,0.25,0,0,0.0
track2_common3,recordingSessionGroup,track2_common3|session|outer-03,m6_4-dataset-20260819T161943Z-afaac607,B2,m6_4-dataset-20260819T161943Z-afaac607,B2::m6_4-trial-009,m6_4-trial-009,oracle_unconstrained_correct_top,2,2,0.3,2,0.2,1,1,0.09999999999999998
track2_common3,recordingSessionGroup,track2_common3|session|outer-03,m6_4-dataset-20260819T161943Z-afaac607,B2,m6_4-dataset-20260819T161943Z-afaac607,B2::m6_4-trial-009,m6_4-trial-009,oracle_stable_two,2,2,0.3,2,0.25,1,1,0.04999999999999999
track2_common3,recordingSessionGroup,track2_common3|session|outer-03,m6_4-dataset-20260819T161943Z-afaac607,B2,m6_4-dataset-20260819T161943Z-afaac607,B2::m6_4-trial-009,m6_4-trial-009,oracle_stable_two_margin005,2,2,0.3,2,0.3,0,1,0.0
track2_common3,recordingSessionGroup,track2_common3|session|outer-03,m6_4-dataset-20260819T161943Z-afaac607,B2,m6_4-dataset-20260819T161943Z-afaac607,B2::m6_4-trial-009,m6_4-trial-009,oracle_stable_two_baseline_margin,2,2,0.3,2,0.3,0,1,0.0
track2_common3,recordingSessionGroup,track2_common3|session|outer-03,m6_4-dataset-20260819T161943Z-afaac607,B2,m6_4-dataset-20260819T161943Z-afaac607,B2::m6_4-trial-009,m6_4-trial-009,oracle_multiview_band_harmonic,2,2,0.3,2,0.3,0,1,0.0
track2_common3,recordingSessionGroup,track2_common3|session|outer-03,m6_4-dataset-20260819T161943Z-afaac607,B2,m6_4-dataset-20260819T161943Z-afaac607,B2::m6_4-trial-010,m6_4-trial-010,oracle_unconstrained_correct_top,1,2,0.25,2,0.25,0,0,0.0
track2_common3,recordingSessionGroup,track2_common3|session|outer-03,m6_4-dataset-20260819T161943Z-afaac607,B2,m6_4-dataset-20260819T161943Z-afaac607,B2::m6_4-trial-010,m6_4-trial-010,oracle_stable_two,1,2,0.25,2,0.25,0,0,0.0
track2_common3,recordingSessionGroup,track2_common3|session|outer-03,m6_4-dataset-20260819T161943Z-afaac607,B2,m6_4-dataset-20260819T161943Z-afaac607,B2::m6_4-trial-010,m6_4-trial-010,oracle_stable_two_margin005,1,2,0.25,2,0.25,0,0,0.0
track2_common3,recordingSessionGroup,track2_common3|session|outer-03,m6_4-dataset-20260819T161943Z-afaac607,B2,m6_4-dataset-20260819T161943Z-afaac607,B2::m6_4-trial-010,m6_4-trial-010,oracle_stable_two_baseline_margin,1,2,0.25,2,0.25,0,0,0.0
track2_common3,recordingSessionGroup,track2_common3|session|outer-03,m6_4-dataset-20260819T161943Z-afaac607,B2,m6_4-dataset-20260819T161943Z-afaac607,B2::m6_4-trial-010,m6_4-trial-010,oracle_multiview_band_harmonic,1,2,0.25,2,0.25,0,0,0.0
track2_common3,recordingSessionGroup,track2_common3|session|outer-03,m6_4-dataset-20260819T161943Z-afaac607,B2,m6_4-dataset-20260819T161943Z-afaac607,B2::m6_4-trial-011,m6_4-trial-011,oracle_unconstrained_correct_top,0,2,0.35,2,0.35,0,0,0.0
track2_common3,recordingSessionGroup,track2_common3|session|outer-03,m6_4-dataset-20260819T161943Z-afaac607,B2,m6_4-dataset-20260819T161943Z-afaac607,B2::m6_4-trial-011,m6_4-trial-011,oracle_stable_two,0,2,0.35,2,0.35,0,0,0.0
track2_common3,recordingSessionGroup,track2_common3|session|outer-03,m6_4-dataset-20260819T161943Z-afaac607,B2,m6_4-dataset-20260819T161943Z-afaac607,B2::m6_4-trial-011,m6_4-trial-011,oracle_stable_two_margin005,0,2,0.35,2,0.35,0,0,0.0
track2_common3,recordingSessionGroup,track2_common3|session|outer-03,m6_4-dataset-20260819T161943Z-afaac607,B2,m6_4-dataset-20260819T161943Z-afaac607,B2::m6_4-trial-011,m6_4-trial-011,oracle_stable_two_baseline_margin,0,2,0.35,2,0.35,0,0,0.0
track2_common3,recordingSessionGroup,track2_common3|session|outer-03,m6_4-dataset-20260819T161943Z-afaac607,B2,m6_4-dataset-20260819T161943Z-afaac607,B2::m6_4-trial-011,m6_4-trial-011,oracle_multiview_band_harmonic,0,2,0.35,2,0.35,0,0,0.0
track2_common3,recordingSessionGroup,track2_common3|session|outer-03,m6_4-dataset-20260819T161943Z-afaac607,B2,m6_4-dataset-20260819T161943Z-afaac607,B2::m6_4-trial-012,m6_4-trial-012,oracle_unconstrained_correct_top,0,0,0.3,0,0.2,1,1,0.09999999999999998
track2_common3,recordingSessionGroup,track2_common3|session|outer-03,m6_4-dataset-20260819T161943Z-afaac607,B2,m6_4-dataset-20260819T161943Z-afaac607,B2::m6_4-trial-012,m6_4-trial-012,oracle_stable_two,0,0,0.3,0,0.25,1,1,0.04999999999999999
track2_common3,recordingSessionGroup,track2_common3|session|outer-03,m6_4-dataset-20260819T161943Z-afaac607,B2,m6_4-dataset-20260819T161943Z-afaac607,B2::m6_4-trial-012,m6_4-trial-012,oracle_stable_two_margin005,0,0,0.3,0,0.3,0,1,0.0
track2_common3,recordingSessionGroup,track2_common3|session|outer-03,m6_4-dataset-20260819T161943Z-afaac607,B2,m6_4-dataset-20260819T161943Z-afaac607,B2::m6_4-trial-012,m6_4-trial-012,oracle_stable_two_baseline_margin,0,0,0.3,0,0.3,0,1,0.0
track2_common3,recordingSessionGroup,track2_common3|session|outer-03,m6_4-dataset-20260819T161943Z-afaac607,B2,m6_4-dataset-20260819T161943Z-afaac607,B2::m6_4-trial-012,m6_4-trial-012,oracle_multiview_band_harmonic,0,0,0.3,0,0.3,0,1,0.0
track2_common3,recordingSessionGroup,track2_common3|session|outer-03,m6_4-dataset-20260819T161943Z-afaac607,B2,m6_4-dataset-20260819T161943Z-afaac607,B2::m6_4-trial-013,m6_4-trial-013,oracle_unconstrained_correct_top,1,1,0.35,1,0.25,1,1,0.09999999999999998
track2_common3,recordingSessionGroup,track2_common3|session|outer-03,m6_4-dataset-20260819T161943Z-afaac607,B2,m6_4-dataset-20260819T161943Z-afaac607,B2::m6_4-trial-013,m6_4-trial-013,oracle_stable_two,1,1,0.35,1,0.3,1,1,0.04999999999999999
track2_common3,recordingSessionGroup,track2_common3|session|outer-03,m6_4-dataset-20260819T161943Z-afaac607,B2,m6_4-dataset-20260819T161943Z-afaac607,B2::m6_4-trial-013,m6_4-trial-013,oracle_stable_two_margin005,1,1,0.35,1,0.35,0,1,0.0
track2_common3,recordingSessionGroup,track2_common3|session|outer-03,m6_4-dataset-20260819T161943Z-afaac607,B2,m6_4-dataset-20260819T161943Z-afaac607,B2::m6_4-trial-013,m6_4-trial-013,oracle_stable_two_baseline_margin,1,1,0.35,1,0.35,0,1,0.0
track2_common3,recordingSessionGroup,track2_common3|session|outer-03,m6_4-dataset-20260819T161943Z-afaac607,B2,m6_4-dataset-20260819T161943Z-afaac607,B2::m6_4-trial-013,m6_4-trial-013,oracle_multiview_band_harmonic,1,1,0.35,1,0.35,0,1,0.0
track2_common3,recordingSessionGroup,track2_common3|session|outer-03,m6_4-dataset-20260819T161943Z-afaac607,B2,m6_4-dataset-20260819T161943Z-afaac607,B2::m6_4-trial-014,m6_4-trial-014,oracle_unconstrained_correct_top,0,0,0.25,0,0.2,1,1,0.04999999999999999
track2_common3,recordingSessionGroup,track2_common3|session|outer-03,m6_4-dataset-20260819T161943Z-afaac607,B2,m6_4-dataset-20260819T161943Z-afaac607,B2::m6_4-trial-014,m6_4-trial-014,oracle_stable_two,0,0,0.25,0,0.25,0,1,0.0
track2_common3,recordingSessionGroup,track2_common3|session|outer-03,m6_4-dataset-20260819T161943Z-afaac607,B2,m6_4-dataset-20260819T161943Z-afaac607,B2::m6_4-trial-014,m6_4-trial-014,oracle_stable_two_margin005,0,0,0.25,0,0.25,0,1,0.0
track2_common3,recordingSessionGroup,track2_common3|session|outer-03,m6_4-dataset-20260819T161943Z-afaac607,B2,m6_4-dataset-20260819T161943Z-afaac607,B2::m6_4-trial-014,m6_4-trial-014,oracle_stable_two_baseline_margin,0,0,0.25,0,0.25,0,1,0.0
track2_common3,recordingSessionGroup,track2_common3|session|outer-03,m6_4-dataset-20260819T161943Z-afaac607,B2,m6_4-dataset-20260819T161943Z-afaac607,B2::m6_4-trial-014,m6_4-trial-014,oracle_multiview_band_harmonic,0,0,0.25,0,0.25,0,1,0.0
track2_common3,recordingSessionGroup,track2_common3|session|outer-03,m6_4-dataset-20260819T161943Z-afaac607,B2,m6_4-dataset-20260819T161943Z-afaac607,B2::m6_4-trial-015,m6_4-trial-015,oracle_unconstrained_correct_top,1,1,0.3,1,0.2,1,1,0.09999999999999998
track2_common3,recordingSessionGroup,track2_common3|session|outer-03,m6_4-dataset-20260819T161943Z-afaac607,B2,m6_4-dataset-20260819T161943Z-afaac607,B2::m6_4-trial-015,m6_4-trial-015,oracle_stable_two,1,1,0.3,1,0.25,1,1,0.04999999999999999
track2_common3,recordingSessionGroup,track2_common3|session|outer-03,m6_4-dataset-20260819T161943Z-afaac607,B2,m6_4-dataset-20260819T161943Z-afaac607,B2::m6_4-trial-015,m6_4-trial-015,oracle_stable_two_margin005,1,1,0.3,1,0.25,1,1,0.04999999999999999
track2_common3,recordingSessionGroup,track2_common3|session|outer-03,m6_4-dataset-20260819T161943Z-afaac607,B2,m6_4-dataset-20260819T161943Z-afaac607,B2::m6_4-trial-015,m6_4-trial-015,oracle_stable_two_baseline_margin,1,1,0.3,1,0.3,0,1,0.0
track2_common3,recordingSessionGroup,track2_common3|session|outer-03,m6_4-dataset-20260819T161943Z-afaac607,B2,m6_4-dataset-20260819T161943Z-afaac607,B2::m6_4-trial-015,m6_4-trial-015,oracle_multiview_band_harmonic,1,1,0.3,1,0.25,1,1,0.04999999999999999
track2_common3,recordingSessionGroup,track2_common3|session|outer-03,m6_4-dataset-20260819T161943Z-afaac607,B2,m6_4-dataset-20260819T161943Z-afaac607,B2::m6_4-trial-016,m6_4-trial-016,oracle_unconstrained_correct_top,0,0,0.3,0,0.2,1,1,0.09999999999999998
track2_common3,recordingSessionGroup,track2_common3|session|outer-03,m6_4-dataset-20260819T161943Z-afaac607,B2,m6_4-dataset-20260819T161943Z-afaac607,B2::m6_4-trial-016,m6_4-trial-016,oracle_stable_two,0,0,0.3,0,0.25,1,1,0.04999999999999999
track2_common3,recordingSessionGroup,track2_common3|session|outer-03,m6_4-dataset-20260819T161943Z-afaac607,B2,m6_4-dataset-20260819T161943Z-afaac607,B2::m6_4-trial-016,m6_4-trial-016,oracle_stable_two_margin005,0,0,0.3,0,0.25,1,1,0.04999999999999999
track2_common3,recordingSessionGroup,track2_common3|session|outer-03,m6_4-dataset-20260819T161943Z-afaac607,B2,m6_4-dataset-20260819T161943Z-afaac607,B2::m6_4-trial-016,m6_4-trial-016,oracle_stable_two_baseline_margin,0,0,0.3,0,0.3,0,1,0.0
track2_common3,recordingSessionGroup,track2_common3|session|outer-03,m6_4-dataset-20260819T161943Z-afaac607,B2,m6_4-dataset-20260819T161943Z-afaac607,B2::m6_4-trial-016,m6_4-trial-016,oracle_multiview_band_harmonic,0,0,0.3,0,0.3,0,1,0.0
track2_common3,recordingSessionGroup,track2_common3|session|outer-03,m6_4-dataset-20260819T161943Z-afaac607,B2,m6_4-dataset-20260819T161943Z-afaac607,B2::m6_4-trial-017,m6_4-trial-017,oracle_unconstrained_correct_top,2,2,0.25,2,0.2,1,1,0.04999999999999999
track2_common3,recordingSessionGroup,track2_common3|session|outer-03,m6_4-dataset-20260819T161943Z-afaac607,B2,m6_4-dataset-20260819T161943Z-afaac607,B2::m6_4-trial-017,m6_4-trial-017,oracle_stable_two,2,2,0.25,2,0.25,0,1,0.0
track2_common3,recordingSessionGroup,track2_common3|session|outer-03,m6_4-dataset-20260819T161943Z-afaac607,B2,m6_4-dataset-20260819T161943Z-afaac607,B2::m6_4-trial-017,m6_4-trial-017,oracle_stable_two_margin005,2,2,0.25,2,0.25,0,1,0.0
track2_common3,recordingSessionGroup,track2_common3|session|outer-03,m6_4-dataset-20260819T161943Z-afaac607,B2,m6_4-dataset-20260819T161943Z-afaac607,B2::m6_4-trial-017,m6_4-trial-017,oracle_stable_two_baseline_margin,2,2,0.25,2,0.25,0,1,0.0
track2_common3,recordingSessionGroup,track2_common3|session|outer-03,m6_4-dataset-20260819T161943Z-afaac607,B2,m6_4-dataset-20260819T161943Z-afaac607,B2::m6_4-trial-017,m6_4-trial-017,oracle_multiview_band_harmonic,2,2,0.25,2,0.25,0,1,0.0
track2_common3,recordingSessionGroup,track2_common3|session|outer-03,m6_4-dataset-20260819T161943Z-afaac607,B2,m6_4-dataset-20260819T161943Z-afaac607,B2::m6_4-trial-018,m6_4-trial-018,oracle_unconstrained_correct_top,1,1,0.3,1,0.2,1,1,0.09999999999999998
track2_common3,recordingSessionGroup,track2_common3|session|outer-03,m6_4-dataset-20260819T161943Z-afaac607,B2,m6_4-dataset-20260819T161943Z-afaac607,B2::m6_4-trial-018,m6_4-trial-018,oracle_stable_two,1,1,0.3,1,0.25,1,1,0.04999999999999999
track2_common3,recordingSessionGroup,track2_common3|session|outer-03,m6_4-dataset-20260819T161943Z-afaac607,B2,m6_4-dataset-20260819T161943Z-afaac607,B2::m6_4-trial-018,m6_4-trial-018,oracle_stable_two_margin005,1,1,0.3,1,0.25,1,1,0.04999999999999999
track2_common3,recordingSessionGroup,track2_common3|session|outer-03,m6_4-dataset-20260819T161943Z-afaac607,B2,m6_4-dataset-20260819T161943Z-afaac607,B2::m6_4-trial-018,m6_4-trial-018,oracle_stable_two_baseline_margin,1,1,0.3,1,0.3,0,1,0.0
track2_common3,recordingSessionGroup,track2_common3|session|outer-03,m6_4-dataset-20260819T161943Z-afaac607,B2,m6_4-dataset-20260819T161943Z-afaac607,B2::m6_4-trial-018,m6_4-trial-018,oracle_multiview_band_harmonic,1,1,0.3,1,0.25,1,1,0.04999999999999999
track2_common3,recordingSessionGroup,track2_common3|session|outer-03,m6_4-dataset-20260819T161943Z-afaac607,B2,m6_4-dataset-20260819T161943Z-afaac607,B2::m6_4-trial-019,m6_4-trial-019,oracle_unconstrained_correct_top,1,2,1.0,1,0.2,1,1,0.8
track2_common3,recordingSessionGroup,track2_common3|session|outer-03,m6_4-dataset-20260819T161943Z-afaac607,B2,m6_4-dataset-20260819T161943Z-afaac607,B2::m6_4-trial-019,m6_4-trial-019,oracle_stable_two,1,2,1.0,1,0.25,1,1,0.75
track2_common3,recordingSessionGroup,track2_common3|session|outer-03,m6_4-dataset-20260819T161943Z-afaac607,B2,m6_4-dataset-20260819T161943Z-afaac607,B2::m6_4-trial-019,m6_4-trial-019,oracle_stable_two_margin005,1,2,1.0,1,0.25,1,1,0.75
track2_common3,recordingSessionGroup,track2_common3|session|outer-03,m6_4-dataset-20260819T161943Z-afaac607,B2,m6_4-dataset-20260819T161943Z-afaac607,B2::m6_4-trial-019,m6_4-trial-019,oracle_stable_two_baseline_margin,1,2,1.0,2,1.0,0,0,0.0
track2_common3,recordingSessionGroup,track2_common3|session|outer-03,m6_4-dataset-20260819T161943Z-afaac607,B2,m6_4-dataset-20260819T161943Z-afaac607,B2::m6_4-trial-019,m6_4-trial-019,oracle_multiview_band_harmonic,1,2,1.0,1,0.25,1,1,0.75
track2_common3,recordingSessionGroup,track2_common3|session|outer-03,m6_4-dataset-20260819T161943Z-afaac607,B2,m6_4-dataset-20260819T161943Z-afaac607,B2::m6_4-trial-020,m6_4-trial-020,oracle_unconstrained_correct_top,2,2,0.25,2,0.2,1,1,0.04999999999999999
track2_common3,recordingSessionGroup,track2_common3|session|outer-03,m6_4-dataset-20260819T161943Z-afaac607,B2,m6_4-dataset-20260819T161943Z-afaac607,B2::m6_4-trial-020,m6_4-trial-020,oracle_stable_two,2,2,0.25,2,0.25,0,1,0.0
track2_common3,recordingSessionGroup,track2_common3|session|outer-03,m6_4-dataset-20260819T161943Z-afaac607,B2,m6_4-dataset-20260819T161943Z-afaac607,B2::m6_4-trial-020,m6_4-trial-020,oracle_stable_two_margin005,2,2,0.25,2,0.25,0,1,0.0
track2_common3,recordingSessionGroup,track2_common3|session|outer-03,m6_4-dataset-20260819T161943Z-afaac607,B2,m6_4-dataset-20260819T161943Z-afaac607,B2::m6_4-trial-020,m6_4-trial-020,oracle_stable_two_baseline_margin,2,2,0.25,2,0.25,0,1,0.0
track2_common3,recordingSessionGroup,track2_common3|session|outer-03,m6_4-dataset-20260819T161943Z-afaac607,B2,m6_4-dataset-20260819T161943Z-afaac607,B2::m6_4-trial-020,m6_4-trial-020,oracle_multiview_band_harmonic,2,2,0.25,2,0.25,0,1,0.0
track2_common3,recordingSessionGroup,track2_common3|session|outer-03,m6_4-dataset-20260819T161943Z-afaac607,B2,m6_4-dataset-20260819T161943Z-afaac607,B2::m6_4-trial-021,m6_4-trial-021,oracle_unconstrained_correct_top,0,2,0.35,0,0.2,1,1,0.14999999999999997
track2_common3,recordingSessionGroup,track2_common3|session|outer-03,m6_4-dataset-20260819T161943Z-afaac607,B2,m6_4-dataset-20260819T161943Z-afaac607,B2::m6_4-trial-021,m6_4-trial-021,oracle_stable_two,0,2,0.35,0,0.25,1,1,0.09999999999999998
track2_common3,recordingSessionGroup,track2_common3|session|outer-03,m6_4-dataset-20260819T161943Z-afaac607,B2,m6_4-dataset-20260819T161943Z-afaac607,B2::m6_4-trial-021,m6_4-trial-021,oracle_stable_two_margin005,0,2,0.35,0,0.25,1,1,0.09999999999999998
track2_common3,recordingSessionGroup,track2_common3|session|outer-03,m6_4-dataset-20260819T161943Z-afaac607,B2,m6_4-dataset-20260819T161943Z-afaac607,B2::m6_4-trial-021,m6_4-trial-021,oracle_stable_two_baseline_margin,0,2,0.35,2,0.35,0,0,0.0
track2_common3,recordingSessionGroup,track2_common3|session|outer-03,m6_4-dataset-20260819T161943Z-afaac607,B2,m6_4-dataset-20260819T161943Z-afaac607,B2::m6_4-trial-021,m6_4-trial-021,oracle_multiview_band_harmonic,0,2,0.35,2,0.35,0,0,0.0
track2_common3,recordingSessionGroup,track2_common3|session|outer-03,m6_4-dataset-20260819T161943Z-afaac607,B2,m6_4-dataset-20260819T161943Z-afaac607,B2::m6_4-trial-022,m6_4-trial-022,oracle_unconstrained_correct_top,2,2,0.25,2,0.2,1,1,0.04999999999999999
track2_common3,recordingSessionGroup,track2_common3|session|outer-03,m6_4-dataset-20260819T161943Z-afaac607,B2,m6_4-dataset-20260819T161943Z-afaac607,B2::m6_4-trial-022,m6_4-trial-022,oracle_stable_two,2,2,0.25,2,0.25,0,1,0.0
track2_common3,recordingSessionGroup,track2_common3|session|outer-03,m6_4-dataset-20260819T161943Z-afaac607,B2,m6_4-dataset-20260819T161943Z-afaac607,B2::m6_4-trial-022,m6_4-trial-022,oracle_stable_two_margin005,2,2,0.25,2,0.25,0,1,0.0
track2_common3,recordingSessionGroup,track2_common3|session|outer-03,m6_4-dataset-20260819T161943Z-afaac607,B2,m6_4-dataset-20260819T161943Z-afaac607,B2::m6_4-trial-022,m6_4-trial-022,oracle_stable_two_baseline_margin,2,2,0.25,2,0.25,0,1,0.0
track2_common3,recordingSessionGroup,track2_common3|session|outer-03,m6_4-dataset-20260819T161943Z-afaac607,B2,m6_4-dataset-20260819T161943Z-afaac607,B2::m6_4-trial-022,m6_4-trial-022,oracle_multiview_band_harmonic,2,2,0.25,2,0.25,0,1,0.0
track2_common3,recordingSessionGroup,track2_common3|session|outer-03,m6_4-dataset-20260819T161943Z-afaac607,B2,m6_4-dataset-20260819T161943Z-afaac607,B2::m6_4-trial-024,m6_4-trial-024,oracle_unconstrained_correct_top,0,0,0.5,0,0.3,1,1,0.2
track2_common3,recordingSessionGroup,track2_common3|session|outer-03,m6_4-dataset-20260819T161943Z-afaac607,B2,m6_4-dataset-20260819T161943Z-afaac607,B2::m6_4-trial-024,m6_4-trial-024,oracle_stable_two,0,0,0.5,0,0.35,1,1,0.15000000000000002
track2_common3,recordingSessionGroup,track2_common3|session|outer-03,m6_4-dataset-20260819T161943Z-afaac607,B2,m6_4-dataset-20260819T161943Z-afaac607,B2::m6_4-trial-024,m6_4-trial-024,oracle_stable_two_margin005,0,0,0.5,0,0.35,1,1,0.15000000000000002
track2_common3,recordingSessionGroup,track2_common3|session|outer-03,m6_4-dataset-20260819T161943Z-afaac607,B2,m6_4-dataset-20260819T161943Z-afaac607,B2::m6_4-trial-024,m6_4-trial-024,oracle_stable_two_baseline_margin,0,0,0.5,0,0.5,0,1,0.0
track2_common3,recordingSessionGroup,track2_common3|session|outer-03,m6_4-dataset-20260819T161943Z-afaac607,B2,m6_4-dataset-20260819T161943Z-afaac607,B2::m6_4-trial-024,m6_4-trial-024,oracle_multiview_band_harmonic,0,0,0.5,0,0.5,0,1,0.0
track2_common3,recordingSessionGroup,track2_common3|session|outer-03,m6_4-dataset-20260819T161943Z-afaac607,B2,m6_4-dataset-20260819T161943Z-afaac607,B2::m6_4-trial-025,m6_4-trial-025,oracle_unconstrained_correct_top,1,1,0.25,1,0.2,1,1,0.04999999999999999
track2_common3,recordingSessionGroup,track2_common3|session|outer-03,m6_4-dataset-20260819T161943Z-afaac607,B2,m6_4-dataset-20260819T161943Z-afaac607,B2::m6_4-trial-025,m6_4-trial-025,oracle_stable_two,1,1,0.25,1,0.25,0,1,0.0
track2_common3,recordingSessionGroup,track2_common3|session|outer-03,m6_4-dataset-20260819T161943Z-afaac607,B2,m6_4-dataset-20260819T161943Z-afaac607,B2::m6_4-trial-025,m6_4-trial-025,oracle_stable_two_margin005,1,1,0.25,1,0.25,0,1,0.0
track2_common3,recordingSessionGroup,track2_common3|session|outer-03,m6_4-dataset-20260819T161943Z-afaac607,B2,m6_4-dataset-20260819T161943Z-afaac607,B2::m6_4-trial-025,m6_4-trial-025,oracle_stable_two_baseline_margin,1,1,0.25,1,0.25,0,1,0.0
track2_common3,recordingSessionGroup,track2_common3|session|outer-03,m6_4-dataset-20260819T161943Z-afaac607,B2,m6_4-dataset-20260819T161943Z-afaac607,B2::m6_4-trial-025,m6_4-trial-025,oracle_multiview_band_harmonic,1,1,0.25,1,0.25,0,1,0.0
track2_common3,recordingSessionGroup,track2_common3|session|outer-03,m6_4-dataset-20260819T161943Z-afaac607,B2,m6_4-dataset-20260819T161943Z-afaac607,B2::m6_4-trial-026,m6_4-trial-026,oracle_unconstrained_correct_top,2,2,0.3,2,0.2,1,1,0.09999999999999998
track2_common3,recordingSessionGroup,track2_common3|session|outer-03,m6_4-dataset-20260819T161943Z-afaac607,B2,m6_4-dataset-20260819T161943Z-afaac607,B2::m6_4-trial-026,m6_4-trial-026,oracle_stable_two,2,2,0.3,2,0.25,1,1,0.04999999999999999
track2_common3,recordingSessionGroup,track2_common3|session|outer-03,m6_4-dataset-20260819T161943Z-afaac607,B2,m6_4-dataset-20260819T161943Z-afaac607,B2::m6_4-trial-026,m6_4-trial-026,oracle_stable_two_margin005,2,2,0.3,2,0.25,1,1,0.04999999999999999
track2_common3,recordingSessionGroup,track2_common3|session|outer-03,m6_4-dataset-20260819T161943Z-afaac607,B2,m6_4-dataset-20260819T161943Z-afaac607,B2::m6_4-trial-026,m6_4-trial-026,oracle_stable_two_baseline_margin,2,2,0.3,2,0.3,0,1,0.0
track2_common3,recordingSessionGroup,track2_common3|session|outer-03,m6_4-dataset-20260819T161943Z-afaac607,B2,m6_4-dataset-20260819T161943Z-afaac607,B2::m6_4-trial-026,m6_4-trial-026,oracle_multiview_band_harmonic,2,2,0.3,2,0.25,1,1,0.04999999999999999
track2_common3,recordingSessionGroup,track2_common3|session|outer-03,m6_4-dataset-20260819T161943Z-afaac607,B2,m6_4-dataset-20260819T161943Z-afaac607,B2::m6_4-trial-027,m6_4-trial-027,oracle_unconstrained_correct_top,0,0,1.0,0,0.25,1,1,0.75
track2_common3,recordingSessionGroup,track2_common3|session|outer-03,m6_4-dataset-20260819T161943Z-afaac607,B2,m6_4-dataset-20260819T161943Z-afaac607,B2::m6_4-trial-027,m6_4-trial-027,oracle_stable_two,0,0,1.0,0,0.3,1,1,0.7
track2_common3,recordingSessionGroup,track2_common3|session|outer-03,m6_4-dataset-20260819T161943Z-afaac607,B2,m6_4-dataset-20260819T161943Z-afaac607,B2::m6_4-trial-027,m6_4-trial-027,oracle_stable_two_margin005,0,0,1.0,0,0.3,1,1,0.7
track2_common3,recordingSessionGroup,track2_common3|session|outer-03,m6_4-dataset-20260819T161943Z-afaac607,B2,m6_4-dataset-20260819T161943Z-afaac607,B2::m6_4-trial-027,m6_4-trial-027,oracle_stable_two_baseline_margin,0,0,1.0,0,1.0,0,1,0.0
track2_common3,recordingSessionGroup,track2_common3|session|outer-03,m6_4-dataset-20260819T161943Z-afaac607,B2,m6_4-dataset-20260819T161943Z-afaac607,B2::m6_4-trial-027,m6_4-trial-027,oracle_multiview_band_harmonic,0,0,1.0,0,1.0,0,1,0.0
track2_common3,recordingSessionGroup,track2_common3|session|outer-03,m6_4-dataset-20260819T161943Z-afaac607,B2,m6_4-dataset-20260819T161943Z-afaac607,B2::m6_4-trial-028,m6_4-trial-028,oracle_unconstrained_correct_top,1,1,0.3,1,0.2,1,1,0.09999999999999998
track2_common3,recordingSessionGroup,track2_common3|session|outer-03,m6_4-dataset-20260819T161943Z-afaac607,B2,m6_4-dataset-20260819T161943Z-afaac607,B2::m6_4-trial-028,m6_4-trial-028,oracle_stable_two,1,1,0.3,1,0.25,1,1,0.04999999999999999
track2_common3,recordingSessionGroup,track2_common3|session|outer-03,m6_4-dataset-20260819T161943Z-afaac607,B2,m6_4-dataset-20260819T161943Z-afaac607,B2::m6_4-trial-028,m6_4-trial-028,oracle_stable_two_margin005,1,1,0.3,1,0.3,0,1,0.0
track2_common3,recordingSessionGroup,track2_common3|session|outer-03,m6_4-dataset-20260819T161943Z-afaac607,B2,m6_4-dataset-20260819T161943Z-afaac607,B2::m6_4-trial-028,m6_4-trial-028,oracle_stable_two_baseline_margin,1,1,0.3,1,0.3,0,1,0.0
track2_common3,recordingSessionGroup,track2_common3|session|outer-03,m6_4-dataset-20260819T161943Z-afaac607,B2,m6_4-dataset-20260819T161943Z-afaac607,B2::m6_4-trial-028,m6_4-trial-028,oracle_multiview_band_harmonic,1,1,0.3,1,0.3,0,1,0.0
track2_common3,recordingSessionGroup,track2_common3|session|outer-03,m6_4-dataset-20260819T161943Z-afaac607,B2,m6_4-dataset-20260819T161943Z-afaac607,B2::m6_4-trial-029,m6_4-trial-029,oracle_unconstrained_correct_top,0,0,0.25,0,0.2,1,1,0.04999999999999999
track2_common3,recordingSessionGroup,track2_common3|session|outer-03,m6_4-dataset-20260819T161943Z-afaac607,B2,m6_4-dataset-20260819T161943Z-afaac607,B2::m6_4-trial-029,m6_4-trial-029,oracle_stable_two,0,0,0.25,0,0.25,0,1,0.0
track2_common3,recordingSessionGroup,track2_common3|session|outer-03,m6_4-dataset-20260819T161943Z-afaac607,B2,m6_4-dataset-20260819T161943Z-afaac607,B2::m6_4-trial-029,m6_4-trial-029,oracle_stable_two_margin005,0,0,0.25,0,0.25,0,1,0.0
track2_common3,recordingSessionGroup,track2_common3|session|outer-03,m6_4-dataset-20260819T161943Z-afaac607,B2,m6_4-dataset-20260819T161943Z-afaac607,B2::m6_4-trial-029,m6_4-trial-029,oracle_stable_two_baseline_margin,0,0,0.25,0,0.25,0,1,0.0
track2_common3,recordingSessionGroup,track2_common3|session|outer-03,m6_4-dataset-20260819T161943Z-afaac607,B2,m6_4-dataset-20260819T161943Z-afaac607,B2::m6_4-trial-029,m6_4-trial-029,oracle_multiview_band_harmonic,0,0,0.25,0,0.25,0,1,0.0
track2_common3,recordingSessionGroup,track2_common3|session|outer-03,m6_4-dataset-20260819T161943Z-afaac607,B2,m6_4-dataset-20260819T161943Z-afaac607,B2::m6_4-trial-030,m6_4-trial-030,oracle_unconstrained_correct_top,2,2,0.25,2,0.2,1,1,0.04999999999999999
track2_common3,recordingSessionGroup,track2_common3|session|outer-03,m6_4-dataset-20260819T161943Z-afaac607,B2,m6_4-dataset-20260819T161943Z-afaac607,B2::m6_4-trial-030,m6_4-trial-030,oracle_stable_two,2,2,0.25,2,0.25,0,1,0.0
track2_common3,recordingSessionGroup,track2_common3|session|outer-03,m6_4-dataset-20260819T161943Z-afaac607,B2,m6_4-dataset-20260819T161943Z-afaac607,B2::m6_4-trial-030,m6_4-trial-030,oracle_stable_two_margin005,2,2,0.25,2,0.25,0,1,0.0
track2_common3,recordingSessionGroup,track2_common3|session|outer-03,m6_4-dataset-20260819T161943Z-afaac607,B2,m6_4-dataset-20260819T161943Z-afaac607,B2::m6_4-trial-030,m6_4-trial-030,oracle_stable_two_baseline_margin,2,2,0.25,2,0.25,0,1,0.0
track2_common3,recordingSessionGroup,track2_common3|session|outer-03,m6_4-dataset-20260819T161943Z-afaac607,B2,m6_4-dataset-20260819T161943Z-afaac607,B2::m6_4-trial-030,m6_4-trial-030,oracle_multiview_band_harmonic,2,2,0.25,2,0.25,0,1,0.0
track2_common3,recordingSessionGroup,track2_common3|session|outer-04,m6_7-formal-20260820T160940Z-0ef360f6,S7,m6_7-formal-20260820T160940Z-0ef360f6,S7::stress_online-trial-001,stress_online-trial-001,oracle_unconstrained_correct_top,1,1,0.25,1,0.2,1,1,0.04999999999999999
track2_common3,recordingSessionGroup,track2_common3|session|outer-04,m6_7-formal-20260820T160940Z-0ef360f6,S7,m6_7-formal-20260820T160940Z-0ef360f6,S7::stress_online-trial-001,stress_online-trial-001,oracle_stable_two,1,1,0.25,1,0.25,0,1,0.0
track2_common3,recordingSessionGroup,track2_common3|session|outer-04,m6_7-formal-20260820T160940Z-0ef360f6,S7,m6_7-formal-20260820T160940Z-0ef360f6,S7::stress_online-trial-001,stress_online-trial-001,oracle_stable_two_margin005,1,1,0.25,1,0.25,0,1,0.0
track2_common3,recordingSessionGroup,track2_common3|session|outer-04,m6_7-formal-20260820T160940Z-0ef360f6,S7,m6_7-formal-20260820T160940Z-0ef360f6,S7::stress_online-trial-001,stress_online-trial-001,oracle_stable_two_baseline_margin,1,1,0.25,1,0.25,0,1,0.0
track2_common3,recordingSessionGroup,track2_common3|session|outer-04,m6_7-formal-20260820T160940Z-0ef360f6,S7,m6_7-formal-20260820T160940Z-0ef360f6,S7::stress_online-trial-001,stress_online-trial-001,oracle_multiview_band_harmonic,1,1,0.25,1,0.25,0,1,0.0
track2_common3,recordingSessionGroup,track2_common3|session|outer-04,m6_7-formal-20260820T160940Z-0ef360f6,S7,m6_7-formal-20260820T160940Z-0ef360f6,S7::stress_online-trial-002,stress_online-trial-002,oracle_unconstrained_correct_top,2,2,0.35,2,0.2,1,1,0.14999999999999997
track2_common3,recordingSessionGroup,track2_common3|session|outer-04,m6_7-formal-20260820T160940Z-0ef360f6,S7,m6_7-formal-20260820T160940Z-0ef360f6,S7::stress_online-trial-002,stress_online-trial-002,oracle_stable_two,2,2,0.35,2,0.25,1,1,0.09999999999999998
track2_common3,recordingSessionGroup,track2_common3|session|outer-04,m6_7-formal-20260820T160940Z-0ef360f6,S7,m6_7-formal-20260820T160940Z-0ef360f6,S7::stress_online-trial-002,stress_online-trial-002,oracle_stable_two_margin005,2,2,0.35,2,0.25,1,1,0.09999999999999998
track2_common3,recordingSessionGroup,track2_common3|session|outer-04,m6_7-formal-20260820T160940Z-0ef360f6,S7,m6_7-formal-20260820T160940Z-0ef360f6,S7::stress_online-trial-002,stress_online-trial-002,oracle_stable_two_baseline_margin,2,2,0.35,2,0.35,0,1,0.0
track2_common3,recordingSessionGroup,track2_common3|session|outer-04,m6_7-formal-20260820T160940Z-0ef360f6,S7,m6_7-formal-20260820T160940Z-0ef360f6,S7::stress_online-trial-002,stress_online-trial-002,oracle_multiview_band_harmonic,2,2,0.35,2,0.25,1,1,0.09999999999999998
track2_common3,recordingSessionGroup,track2_common3|session|outer-04,m6_7-formal-20260820T160940Z-0ef360f6,S7,m6_7-formal-20260820T160940Z-0ef360f6,S7::stress_online-trial-003,stress_online-trial-003,oracle_unconstrained_correct_top,2,2,0.6,2,0.35,1,1,0.25
track2_common3,recordingSessionGroup,track2_common3|session|outer-04,m6_7-formal-20260820T160940Z-0ef360f6,S7,m6_7-formal-20260820T160940Z-0ef360f6,S7::stress_online-trial-003,stress_online-trial-003,oracle_stable_two,2,2,0.6,2,0.4,1,1,0.19999999999999996
track2_common3,recordingSessionGroup,track2_common3|session|outer-04,m6_7-formal-20260820T160940Z-0ef360f6,S7,m6_7-formal-20260820T160940Z-0ef360f6,S7::stress_online-trial-003,stress_online-trial-003,oracle_stable_two_margin005,2,2,0.6,2,0.4,1,1,0.19999999999999996
track2_common3,recordingSessionGroup,track2_common3|session|outer-04,m6_7-formal-20260820T160940Z-0ef360f6,S7,m6_7-formal-20260820T160940Z-0ef360f6,S7::stress_online-trial-003,stress_online-trial-003,oracle_stable_two_baseline_margin,2,2,0.6,2,0.6,0,1,0.0
track2_common3,recordingSessionGroup,track2_common3|session|outer-04,m6_7-formal-20260820T160940Z-0ef360f6,S7,m6_7-formal-20260820T160940Z-0ef360f6,S7::stress_online-trial-003,stress_online-trial-003,oracle_multiview_band_harmonic,2,2,0.6,2,0.4,1,1,0.19999999999999996
track2_common3,recordingSessionGroup,track2_common3|session|outer-04,m6_7-formal-20260820T160940Z-0ef360f6,S7,m6_7-formal-20260820T160940Z-0ef360f6,S7::stress_online-trial-004,stress_online-trial-004,oracle_unconstrained_correct_top,0,0,0.6,0,0.35,1,1,0.25
track2_common3,recordingSessionGroup,track2_common3|session|outer-04,m6_7-formal-20260820T160940Z-0ef360f6,S7,m6_7-formal-20260820T160940Z-0ef360f6,S7::stress_online-trial-004,stress_online-trial-004,oracle_stable_two,0,0,0.6,0,0.4,1,1,0.19999999999999996
track2_common3,recordingSessionGroup,track2_common3|session|outer-04,m6_7-formal-20260820T160940Z-0ef360f6,S7,m6_7-formal-20260820T160940Z-0ef360f6,S7::stress_online-trial-004,stress_online-trial-004,oracle_stable_two_margin005,0,0,0.6,0,0.5,1,1,0.09999999999999998
track2_common3,recordingSessionGroup,track2_common3|session|outer-04,m6_7-formal-20260820T160940Z-0ef360f6,S7,m6_7-formal-20260820T160940Z-0ef360f6,S7::stress_online-trial-004,stress_online-trial-004,oracle_stable_two_baseline_margin,0,0,0.6,0,0.6,0,1,0.0
track2_common3,recordingSessionGroup,track2_common3|session|outer-04,m6_7-formal-20260820T160940Z-0ef360f6,S7,m6_7-formal-20260820T160940Z-0ef360f6,S7::stress_online-trial-004,stress_online-trial-004,oracle_multiview_band_harmonic,0,0,0.6,0,0.6,0,1,0.0
track2_common3,recordingSessionGroup,track2_common3|session|outer-04,m6_7-formal-20260820T160940Z-0ef360f6,S7,m6_7-formal-20260820T160940Z-0ef360f6,S7::stress_online-trial-005,stress_online-trial-005,oracle_unconstrained_correct_top,1,1,1.0,1,0.8,1,1,0.19999999999999996
track2_common3,recordingSessionGroup,track2_common3|session|outer-04,m6_7-formal-20260820T160940Z-0ef360f6,S7,m6_7-formal-20260820T160940Z-0ef360f6,S7::stress_online-trial-005,stress_online-trial-005,oracle_stable_two,1,1,1.0,1,1.0,0,1,0.0
track2_common3,recordingSessionGroup,track2_common3|session|outer-04,m6_7-formal-20260820T160940Z-0ef360f6,S7,m6_7-formal-20260820T160940Z-0ef360f6,S7::stress_online-trial-005,stress_online-trial-005,oracle_stable_two_margin005,1,1,1.0,1,1.0,0,1,0.0
track2_common3,recordingSessionGroup,track2_common3|session|outer-04,m6_7-formal-20260820T160940Z-0ef360f6,S7,m6_7-formal-20260820T160940Z-0ef360f6,S7::stress_online-trial-005,stress_online-trial-005,oracle_stable_two_baseline_margin,1,1,1.0,1,1.0,0,1,0.0
track2_common3,recordingSessionGroup,track2_common3|session|outer-04,m6_7-formal-20260820T160940Z-0ef360f6,S7,m6_7-formal-20260820T160940Z-0ef360f6,S7::stress_online-trial-005,stress_online-trial-005,oracle_multiview_band_harmonic,1,1,1.0,1,1.0,0,1,0.0
track2_common3,recordingSessionGroup,track2_common3|session|outer-04,m6_7-formal-20260820T160940Z-0ef360f6,S7,m6_7-formal-20260820T160940Z-0ef360f6,S7::stress_online-trial-006,stress_online-trial-006,oracle_unconstrained_correct_top,1,1,0.3,1,0.2,1,1,0.09999999999999998
track2_common3,recordingSessionGroup,track2_common3|session|outer-04,m6_7-formal-20260820T160940Z-0ef360f6,S7,m6_7-formal-20260820T160940Z-0ef360f6,S7::stress_online-trial-006,stress_online-trial-006,oracle_stable_two,1,1,0.3,1,0.25,1,1,0.04999999999999999
track2_common3,recordingSessionGroup,track2_common3|session|outer-04,m6_7-formal-20260820T160940Z-0ef360f6,S7,m6_7-formal-20260820T160940Z-0ef360f6,S7::stress_online-trial-006,stress_online-trial-006,oracle_stable_two_margin005,1,1,0.3,1,0.25,1,1,0.04999999999999999
track2_common3,recordingSessionGroup,track2_common3|session|outer-04,m6_7-formal-20260820T160940Z-0ef360f6,S7,m6_7-formal-20260820T160940Z-0ef360f6,S7::stress_online-trial-006,stress_online-trial-006,oracle_stable_two_baseline_margin,1,1,0.3,1,0.3,0,1,0.0
track2_common3,recordingSessionGroup,track2_common3|session|outer-04,m6_7-formal-20260820T160940Z-0ef360f6,S7,m6_7-formal-20260820T160940Z-0ef360f6,S7::stress_online-trial-006,stress_online-trial-006,oracle_multiview_band_harmonic,1,1,0.3,1,0.3,0,1,0.0
track2_common3,recordingSessionGroup,track2_common3|session|outer-04,m6_7-formal-20260820T160940Z-0ef360f6,S7,m6_7-formal-20260820T160940Z-0ef360f6,S7::stress_online-trial-007,stress_online-trial-007,oracle_unconstrained_correct_top,0,0,0.5,0,0.25,1,1,0.25
track2_common3,recordingSessionGroup,track2_common3|session|outer-04,m6_7-formal-20260820T160940Z-0ef360f6,S7,m6_7-formal-20260820T160940Z-0ef360f6,S7::stress_online-trial-007,stress_online-trial-007,oracle_stable_two,0,0,0.5,0,0.5,0,1,0.0
track2_common3,recordingSessionGroup,track2_common3|session|outer-04,m6_7-formal-20260820T160940Z-0ef360f6,S7,m6_7-formal-20260820T160940Z-0ef360f6,S7::stress_online-trial-007,stress_online-trial-007,oracle_stable_two_margin005,0,0,0.5,0,0.5,0,1,0.0
track2_common3,recordingSessionGroup,track2_common3|session|outer-04,m6_7-formal-20260820T160940Z-0ef360f6,S7,m6_7-formal-20260820T160940Z-0ef360f6,S7::stress_online-trial-007,stress_online-trial-007,oracle_stable_two_baseline_margin,0,0,0.5,0,0.5,0,1,0.0
track2_common3,recordingSessionGroup,track2_common3|session|outer-04,m6_7-formal-20260820T160940Z-0ef360f6,S7,m6_7-formal-20260820T160940Z-0ef360f6,S7::stress_online-trial-007,stress_online-trial-007,oracle_multiview_band_harmonic,0,0,0.5,0,0.5,0,1,0.0
track2_common3,recordingSessionGroup,track2_common3|session|outer-04,m6_7-formal-20260820T160940Z-0ef360f6,S7,m6_7-formal-20260820T160940Z-0ef360f6,S7::stress_online-trial-008,stress_online-trial-008,oracle_unconstrained_correct_top,2,2,0.4,2,0.3,1,1,0.10000000000000003
track2_common3,recordingSessionGroup,track2_common3|session|outer-04,m6_7-formal-20260820T160940Z-0ef360f6,S7,m6_7-formal-20260820T160940Z-0ef360f6,S7::stress_online-trial-008,stress_online-trial-008,oracle_stable_two,2,2,0.4,2,0.35,1,1,0.050000000000000044
track2_common3,recordingSessionGroup,track2_common3|session|outer-04,m6_7-formal-20260820T160940Z-0ef360f6,S7,m6_7-formal-20260820T160940Z-0ef360f6,S7::stress_online-trial-008,stress_online-trial-008,oracle_stable_two_margin005,2,2,0.4,2,0.35,1,1,0.050000000000000044
track2_common3,recordingSessionGroup,track2_common3|session|outer-04,m6_7-formal-20260820T160940Z-0ef360f6,S7,m6_7-formal-20260820T160940Z-0ef360f6,S7::stress_online-trial-008,stress_online-trial-008,oracle_stable_two_baseline_margin,2,2,0.4,2,0.4,0,1,0.0
track2_common3,recordingSessionGroup,track2_common3|session|outer-04,m6_7-formal-20260820T160940Z-0ef360f6,S7,m6_7-formal-20260820T160940Z-0ef360f6,S7::stress_online-trial-008,stress_online-trial-008,oracle_multiview_band_harmonic,2,2,0.4,2,0.35,1,1,0.050000000000000044
track2_common3,recordingSessionGroup,track2_common3|session|outer-04,m6_7-formal-20260820T160940Z-0ef360f6,S7,m6_7-formal-20260820T160940Z-0ef360f6,S7::stress_online-trial-009,stress_online-trial-009,oracle_unconstrained_correct_top,1,1,0.25,1,0.2,1,1,0.04999999999999999
track2_common3,recordingSessionGroup,track2_common3|session|outer-04,m6_7-formal-20260820T160940Z-0ef360f6,S7,m6_7-formal-20260820T160940Z-0ef360f6,S7::stress_online-trial-009,stress_online-trial-009,oracle_stable_two,1,1,0.25,1,0.25,0,1,0.0
track2_common3,recordingSessionGroup,track2_common3|session|outer-04,m6_7-formal-20260820T160940Z-0ef360f6,S7,m6_7-formal-20260820T160940Z-0ef360f6,S7::stress_online-trial-009,stress_online-trial-009,oracle_stable_two_margin005,1,1,0.25,1,0.25,0,1,0.0
track2_common3,recordingSessionGroup,track2_common3|session|outer-04,m6_7-formal-20260820T160940Z-0ef360f6,S7,m6_7-formal-20260820T160940Z-0ef360f6,S7::stress_online-trial-009,stress_online-trial-009,oracle_stable_two_baseline_margin,1,1,0.25,1,0.25,0,1,0.0
track2_common3,recordingSessionGroup,track2_common3|session|outer-04,m6_7-formal-20260820T160940Z-0ef360f6,S7,m6_7-formal-20260820T160940Z-0ef360f6,S7::stress_online-trial-009,stress_online-trial-009,oracle_multiview_band_harmonic,1,1,0.25,1,0.25,0,1,0.0
track2_common3,recordingSessionGroup,track2_common3|session|outer-04,m6_7-formal-20260820T160940Z-0ef360f6,S7,m6_7-formal-20260820T160940Z-0ef360f6,S7::stress_online-trial-010,stress_online-trial-010,oracle_unconstrained_correct_top,2,2,0.3,2,0.25,1,1,0.04999999999999999
track2_common3,recordingSessionGroup,track2_common3|session|outer-04,m6_7-formal-20260820T160940Z-0ef360f6,S7,m6_7-formal-20260820T160940Z-0ef360f6,S7::stress_online-trial-010,stress_online-trial-010,oracle_stable_two,2,2,0.3,2,0.3,0,1,0.0
track2_common3,recordingSessionGroup,track2_common3|session|outer-04,m6_7-formal-20260820T160940Z-0ef360f6,S7,m6_7-formal-20260820T160940Z-0ef360f6,S7::stress_online-trial-010,stress_online-trial-010,oracle_stable_two_margin005,2,2,0.3,2,0.3,0,1,0.0
track2_common3,recordingSessionGroup,track2_common3|session|outer-04,m6_7-formal-20260820T160940Z-0ef360f6,S7,m6_7-formal-20260820T160940Z-0ef360f6,S7::stress_online-trial-010,stress_online-trial-010,oracle_stable_two_baseline_margin,2,2,0.3,2,0.3,0,1,0.0
track2_common3,recordingSessionGroup,track2_common3|session|outer-04,m6_7-formal-20260820T160940Z-0ef360f6,S7,m6_7-formal-20260820T160940Z-0ef360f6,S7::stress_online-trial-010,stress_online-trial-010,oracle_multiview_band_harmonic,2,2,0.3,2,0.3,0,1,0.0
track2_common3,recordingSessionGroup,track2_common3|session|outer-04,m6_7-formal-20260820T160940Z-0ef360f6,S7,m6_7-formal-20260820T160940Z-0ef360f6,S7::stress_online-trial-011,stress_online-trial-011,oracle_unconstrained_correct_top,0,0,0.5,0,0.25,1,1,0.25
track2_common3,recordingSessionGroup,track2_common3|session|outer-04,m6_7-formal-20260820T160940Z-0ef360f6,S7,m6_7-formal-20260820T160940Z-0ef360f6,S7::stress_online-trial-011,stress_online-trial-011,oracle_stable_two,0,0,0.5,0,0.3,1,1,0.2
track2_common3,recordingSessionGroup,track2_common3|session|outer-04,m6_7-formal-20260820T160940Z-0ef360f6,S7,m6_7-formal-20260820T160940Z-0ef360f6,S7::stress_online-trial-011,stress_online-trial-011,oracle_stable_two_margin005,0,0,0.5,0,0.4,1,1,0.09999999999999998
track2_common3,recordingSessionGroup,track2_common3|session|outer-04,m6_7-formal-20260820T160940Z-0ef360f6,S7,m6_7-formal-20260820T160940Z-0ef360f6,S7::stress_online-trial-011,stress_online-trial-011,oracle_stable_two_baseline_margin,0,0,0.5,0,0.5,0,1,0.0
track2_common3,recordingSessionGroup,track2_common3|session|outer-04,m6_7-formal-20260820T160940Z-0ef360f6,S7,m6_7-formal-20260820T160940Z-0ef360f6,S7::stress_online-trial-011,stress_online-trial-011,oracle_multiview_band_harmonic,0,0,0.5,0,0.5,0,1,0.0
track2_common3,recordingSessionGroup,track2_common3|session|outer-04,m6_7-formal-20260820T160940Z-0ef360f6,S7,m6_7-formal-20260820T160940Z-0ef360f6,S7::stress_online-trial-012,stress_online-trial-012,oracle_unconstrained_correct_top,1,1,0.8,1,0.3,1,1,0.5
track2_common3,recordingSessionGroup,track2_common3|session|outer-04,m6_7-formal-20260820T160940Z-0ef360f6,S7,m6_7-formal-20260820T160940Z-0ef360f6,S7::stress_online-trial-012,stress_online-trial-012,oracle_stable_two,1,1,0.8,1,0.5,1,1,0.30000000000000004
track2_common3,recordingSessionGroup,track2_common3|session|outer-04,m6_7-formal-20260820T160940Z-0ef360f6,S7,m6_7-formal-20260820T160940Z-0ef360f6,S7::stress_online-trial-012,stress_online-trial-012,oracle_stable_two_margin005,1,1,0.8,1,0.6,1,1,0.20000000000000007
track2_common3,recordingSessionGroup,track2_common3|session|outer-04,m6_7-formal-20260820T160940Z-0ef360f6,S7,m6_7-formal-20260820T160940Z-0ef360f6,S7::stress_online-trial-012,stress_online-trial-012,oracle_stable_two_baseline_margin,1,1,0.8,1,0.8,0,1,0.0
track2_common3,recordingSessionGroup,track2_common3|session|outer-04,m6_7-formal-20260820T160940Z-0ef360f6,S7,m6_7-formal-20260820T160940Z-0ef360f6,S7::stress_online-trial-012,stress_online-trial-012,oracle_multiview_band_harmonic,1,1,0.8,1,0.6,1,1,0.20000000000000007
track2_common3,recordingSessionGroup,track2_common3|session|outer-04,m6_7-formal-20260820T160940Z-0ef360f6,S7,m6_7-formal-20260820T160940Z-0ef360f6,S7::stress_online-trial-013,stress_online-trial-013,oracle_unconstrained_correct_top,2,0,1.0,2,0.4,1,1,0.6
track2_common3,recordingSessionGroup,track2_common3|session|outer-04,m6_7-formal-20260820T160940Z-0ef360f6,S7,m6_7-formal-20260820T160940Z-0ef360f6,S7::stress_online-trial-013,stress_online-trial-013,oracle_stable_two,2,0,1.0,2,0.5,1,1,0.5
track2_common3,recordingSessionGroup,track2_common3|session|outer-04,m6_7-formal-20260820T160940Z-0ef360f6,S7,m6_7-formal-20260820T160940Z-0ef360f6,S7::stress_online-trial-013,stress_online-trial-013,oracle_stable_two_margin005,2,0,1.0,2,0.5,1,1,0.5
track2_common3,recordingSessionGroup,track2_common3|session|outer-04,m6_7-formal-20260820T160940Z-0ef360f6,S7,m6_7-formal-20260820T160940Z-0ef360f6,S7::stress_online-trial-013,stress_online-trial-013,oracle_stable_two_baseline_margin,2,0,1.0,0,1.0,0,0,0.0
track2_common3,recordingSessionGroup,track2_common3|session|outer-04,m6_7-formal-20260820T160940Z-0ef360f6,S7,m6_7-formal-20260820T160940Z-0ef360f6,S7::stress_online-trial-013,stress_online-trial-013,oracle_multiview_band_harmonic,2,0,1.0,2,0.5,1,1,0.5
track2_common3,recordingSessionGroup,track2_common3|session|outer-04,m6_7-formal-20260820T160940Z-0ef360f6,S7,m6_7-formal-20260820T160940Z-0ef360f6,S7::stress_online-trial-014,stress_online-trial-014,oracle_unconstrained_correct_top,0,0,1.0,0,0.2,1,1,0.8
track2_common3,recordingSessionGroup,track2_common3|session|outer-04,m6_7-formal-20260820T160940Z-0ef360f6,S7,m6_7-formal-20260820T160940Z-0ef360f6,S7::stress_online-trial-014,stress_online-trial-014,oracle_stable_two,0,0,1.0,0,0.25,1,1,0.75
track2_common3,recordingSessionGroup,track2_common3|session|outer-04,m6_7-formal-20260820T160940Z-0ef360f6,S7,m6_7-formal-20260820T160940Z-0ef360f6,S7::stress_online-trial-014,stress_online-trial-014,oracle_stable_two_margin005,0,0,1.0,0,0.25,1,1,0.75
track2_common3,recordingSessionGroup,track2_common3|session|outer-04,m6_7-formal-20260820T160940Z-0ef360f6,S7,m6_7-formal-20260820T160940Z-0ef360f6,S7::stress_online-trial-014,stress_online-trial-014,oracle_stable_two_baseline_margin,0,0,1.0,0,1.0,0,1,0.0
track2_common3,recordingSessionGroup,track2_common3|session|outer-04,m6_7-formal-20260820T160940Z-0ef360f6,S7,m6_7-formal-20260820T160940Z-0ef360f6,S7::stress_online-trial-014,stress_online-trial-014,oracle_multiview_band_harmonic,0,0,1.0,0,0.4,1,1,0.6
track2_common3,recordingSessionGroup,track2_common3|session|outer-04,m6_7-formal-20260820T160940Z-0ef360f6,S7,m6_7-formal-20260820T160940Z-0ef360f6,S7::stress_online-trial-015,stress_online-trial-015,oracle_unconstrained_correct_top,2,1,0.25,1,0.25,0,0,0.0
track2_common3,recordingSessionGroup,track2_common3|session|outer-04,m6_7-formal-20260820T160940Z-0ef360f6,S7,m6_7-formal-20260820T160940Z-0ef360f6,S7::stress_online-trial-015,stress_online-trial-015,oracle_stable_two,2,1,0.25,1,0.25,0,0,0.0
track2_common3,recordingSessionGroup,track2_common3|session|outer-04,m6_7-formal-20260820T160940Z-0ef360f6,S7,m6_7-formal-20260820T160940Z-0ef360f6,S7::stress_online-trial-015,stress_online-trial-015,oracle_stable_two_margin005,2,1,0.25,1,0.25,0,0,0.0
track2_common3,recordingSessionGroup,track2_common3|session|outer-04,m6_7-formal-20260820T160940Z-0ef360f6,S7,m6_7-formal-20260820T160940Z-0ef360f6,S7::stress_online-trial-015,stress_online-trial-015,oracle_stable_two_baseline_margin,2,1,0.25,1,0.25,0,0,0.0
track2_common3,recordingSessionGroup,track2_common3|session|outer-04,m6_7-formal-20260820T160940Z-0ef360f6,S7,m6_7-formal-20260820T160940Z-0ef360f6,S7::stress_online-trial-015,stress_online-trial-015,oracle_multiview_band_harmonic,2,1,0.25,1,0.25,0,0,0.0
track2_common3,recordingSessionGroup,track2_common3|session|outer-04,m6_7-formal-20260820T160940Z-0ef360f6,S7,m6_7-formal-20260820T160940Z-0ef360f6,S7::stress_online-trial-016,stress_online-trial-016,oracle_unconstrained_correct_top,2,2,0.3,2,0.2,1,1,0.09999999999999998
track2_common3,recordingSessionGroup,track2_common3|session|outer-04,m6_7-formal-20260820T160940Z-0ef360f6,S7,m6_7-formal-20260820T160940Z-0ef360f6,S7::stress_online-trial-016,stress_online-trial-016,oracle_stable_two,2,2,0.3,2,0.25,1,1,0.04999999999999999
track2_common3,recordingSessionGroup,track2_common3|session|outer-04,m6_7-formal-20260820T160940Z-0ef360f6,S7,m6_7-formal-20260820T160940Z-0ef360f6,S7::stress_online-trial-016,stress_online-trial-016,oracle_stable_two_margin005,2,2,0.3,2,0.25,1,1,0.04999999999999999
track2_common3,recordingSessionGroup,track2_common3|session|outer-04,m6_7-formal-20260820T160940Z-0ef360f6,S7,m6_7-formal-20260820T160940Z-0ef360f6,S7::stress_online-trial-016,stress_online-trial-016,oracle_stable_two_baseline_margin,2,2,0.3,2,0.3,0,1,0.0
track2_common3,recordingSessionGroup,track2_common3|session|outer-04,m6_7-formal-20260820T160940Z-0ef360f6,S7,m6_7-formal-20260820T160940Z-0ef360f6,S7::stress_online-trial-016,stress_online-trial-016,oracle_multiview_band_harmonic,2,2,0.3,2,0.25,1,1,0.04999999999999999
track2_common3,recordingSessionGroup,track2_common3|session|outer-04,m6_7-formal-20260820T160940Z-0ef360f6,S7,m6_7-formal-20260820T160940Z-0ef360f6,S7::stress_online-trial-017,stress_online-trial-017,oracle_unconstrained_correct_top,1,1,0.3,1,0.2,1,1,0.09999999999999998
track2_common3,recordingSessionGroup,track2_common3|session|outer-04,m6_7-formal-20260820T160940Z-0ef360f6,S7,m6_7-formal-20260820T160940Z-0ef360f6,S7::stress_online-trial-017,stress_online-trial-017,oracle_stable_two,1,1,0.3,1,0.25,1,1,0.04999999999999999
track2_common3,recordingSessionGroup,track2_common3|session|outer-04,m6_7-formal-20260820T160940Z-0ef360f6,S7,m6_7-formal-20260820T160940Z-0ef360f6,S7::stress_online-trial-017,stress_online-trial-017,oracle_stable_two_margin005,1,1,0.3,1,0.25,1,1,0.04999999999999999
track2_common3,recordingSessionGroup,track2_common3|session|outer-04,m6_7-formal-20260820T160940Z-0ef360f6,S7,m6_7-formal-20260820T160940Z-0ef360f6,S7::stress_online-trial-017,stress_online-trial-017,oracle_stable_two_baseline_margin,1,1,0.3,1,0.3,0,1,0.0
track2_common3,recordingSessionGroup,track2_common3|session|outer-04,m6_7-formal-20260820T160940Z-0ef360f6,S7,m6_7-formal-20260820T160940Z-0ef360f6,S7::stress_online-trial-017,stress_online-trial-017,oracle_multiview_band_harmonic,1,1,0.3,1,0.25,1,1,0.04999999999999999
track2_common3,recordingSessionGroup,track2_common3|session|outer-04,m6_7-formal-20260820T160940Z-0ef360f6,S7,m6_7-formal-20260820T160940Z-0ef360f6,S7::stress_online-trial-018,stress_online-trial-018,oracle_unconstrained_correct_top,0,0,1.0,0,0.4,1,1,0.6
track2_common3,recordingSessionGroup,track2_common3|session|outer-04,m6_7-formal-20260820T160940Z-0ef360f6,S7,m6_7-formal-20260820T160940Z-0ef360f6,S7::stress_online-trial-018,stress_online-trial-018,oracle_stable_two,0,0,1.0,0,0.5,1,1,0.5
track2_common3,recordingSessionGroup,track2_common3|session|outer-04,m6_7-formal-20260820T160940Z-0ef360f6,S7,m6_7-formal-20260820T160940Z-0ef360f6,S7::stress_online-trial-018,stress_online-trial-018,oracle_stable_two_margin005,0,0,1.0,0,1.0,0,1,0.0
track2_common3,recordingSessionGroup,track2_common3|session|outer-04,m6_7-formal-20260820T160940Z-0ef360f6,S7,m6_7-formal-20260820T160940Z-0ef360f6,S7::stress_online-trial-018,stress_online-trial-018,oracle_stable_two_baseline_margin,0,0,1.0,0,1.0,0,1,0.0
track2_common3,recordingSessionGroup,track2_common3|session|outer-04,m6_7-formal-20260820T160940Z-0ef360f6,S7,m6_7-formal-20260820T160940Z-0ef360f6,S7::stress_online-trial-018,stress_online-trial-018,oracle_multiview_band_harmonic,0,0,1.0,0,1.0,0,1,0.0
track2_common3,recordingSessionGroup,track2_common3|session|outer-04,m6_7-formal-20260820T160940Z-0ef360f6,S7,m6_7-formal-20260820T160940Z-0ef360f6,S7::stress_online-trial-019,stress_online-trial-019,oracle_unconstrained_correct_top,2,2,1.0,2,0.3,1,1,0.7
track2_common3,recordingSessionGroup,track2_common3|session|outer-04,m6_7-formal-20260820T160940Z-0ef360f6,S7,m6_7-formal-20260820T160940Z-0ef360f6,S7::stress_online-trial-019,stress_online-trial-019,oracle_stable_two,2,2,1.0,2,0.35,1,1,0.65
track2_common3,recordingSessionGroup,track2_common3|session|outer-04,m6_7-formal-20260820T160940Z-0ef360f6,S7,m6_7-formal-20260820T160940Z-0ef360f6,S7::stress_online-trial-019,stress_online-trial-019,oracle_stable_two_margin005,2,2,1.0,2,0.35,1,1,0.65
track2_common3,recordingSessionGroup,track2_common3|session|outer-04,m6_7-formal-20260820T160940Z-0ef360f6,S7,m6_7-formal-20260820T160940Z-0ef360f6,S7::stress_online-trial-019,stress_online-trial-019,oracle_stable_two_baseline_margin,2,2,1.0,2,1.0,0,1,0.0
track2_common3,recordingSessionGroup,track2_common3|session|outer-04,m6_7-formal-20260820T160940Z-0ef360f6,S7,m6_7-formal-20260820T160940Z-0ef360f6,S7::stress_online-trial-019,stress_online-trial-019,oracle_multiview_band_harmonic,2,2,1.0,2,0.35,1,1,0.65
track2_common3,recordingSessionGroup,track2_common3|session|outer-04,m6_7-formal-20260820T160940Z-0ef360f6,S7,m6_7-formal-20260820T160940Z-0ef360f6,S7::stress_online-trial-020,stress_online-trial-020,oracle_unconstrained_correct_top,2,2,1.0,2,0.8,1,1,0.19999999999999996
track2_common3,recordingSessionGroup,track2_common3|session|outer-04,m6_7-formal-20260820T160940Z-0ef360f6,S7,m6_7-formal-20260820T160940Z-0ef360f6,S7::stress_online-trial-020,stress_online-trial-020,oracle_stable_two,2,2,1.0,2,1.0,0,1,0.0
track2_common3,recordingSessionGroup,track2_common3|session|outer-04,m6_7-formal-20260820T160940Z-0ef360f6,S7,m6_7-formal-20260820T160940Z-0ef360f6,S7::stress_online-trial-020,stress_online-trial-020,oracle_stable_two_margin005,2,2,1.0,2,1.0,0,1,0.0
track2_common3,recordingSessionGroup,track2_common3|session|outer-04,m6_7-formal-20260820T160940Z-0ef360f6,S7,m6_7-formal-20260820T160940Z-0ef360f6,S7::stress_online-trial-020,stress_online-trial-020,oracle_stable_two_baseline_margin,2,2,1.0,2,1.0,0,1,0.0
track2_common3,recordingSessionGroup,track2_common3|session|outer-04,m6_7-formal-20260820T160940Z-0ef360f6,S7,m6_7-formal-20260820T160940Z-0ef360f6,S7::stress_online-trial-020,stress_online-trial-020,oracle_multiview_band_harmonic,2,2,1.0,2,1.0,0,1,0.0
track2_common3,recordingSessionGroup,track2_common3|session|outer-04,m6_7-formal-20260820T160940Z-0ef360f6,S7,m6_7-formal-20260820T160940Z-0ef360f6,S7::stress_online-trial-021,stress_online-trial-021,oracle_unconstrained_correct_top,0,0,0.25,0,0.2,1,1,0.04999999999999999
track2_common3,recordingSessionGroup,track2_common3|session|outer-04,m6_7-formal-20260820T160940Z-0ef360f6,S7,m6_7-formal-20260820T160940Z-0ef360f6,S7::stress_online-trial-021,stress_online-trial-021,oracle_stable_two,0,0,0.25,0,0.25,0,1,0.0
track2_common3,recordingSessionGroup,track2_common3|session|outer-04,m6_7-formal-20260820T160940Z-0ef360f6,S7,m6_7-formal-20260820T160940Z-0ef360f6,S7::stress_online-trial-021,stress_online-trial-021,oracle_stable_two_margin005,0,0,0.25,0,0.25,0,1,0.0
track2_common3,recordingSessionGroup,track2_common3|session|outer-04,m6_7-formal-20260820T160940Z-0ef360f6,S7,m6_7-formal-20260820T160940Z-0ef360f6,S7::stress_online-trial-021,stress_online-trial-021,oracle_stable_two_baseline_margin,0,0,0.25,0,0.25,0,1,0.0
track2_common3,recordingSessionGroup,track2_common3|session|outer-04,m6_7-formal-20260820T160940Z-0ef360f6,S7,m6_7-formal-20260820T160940Z-0ef360f6,S7::stress_online-trial-021,stress_online-trial-021,oracle_multiview_band_harmonic,0,0,0.25,0,0.25,0,1,0.0
track2_common3,recordingSessionGroup,track2_common3|session|outer-04,m6_7-formal-20260820T160940Z-0ef360f6,S7,m6_7-formal-20260820T160940Z-0ef360f6,S7::stress_online-trial-022,stress_online-trial-022,oracle_unconstrained_correct_top,1,1,0.25,1,0.2,1,1,0.04999999999999999
track2_common3,recordingSessionGroup,track2_common3|session|outer-04,m6_7-formal-20260820T160940Z-0ef360f6,S7,m6_7-formal-20260820T160940Z-0ef360f6,S7::stress_online-trial-022,stress_online-trial-022,oracle_stable_two,1,1,0.25,1,0.25,0,1,0.0
track2_common3,recordingSessionGroup,track2_common3|session|outer-04,m6_7-formal-20260820T160940Z-0ef360f6,S7,m6_7-formal-20260820T160940Z-0ef360f6,S7::stress_online-trial-022,stress_online-trial-022,oracle_stable_two_margin005,1,1,0.25,1,0.25,0,1,0.0
track2_common3,recordingSessionGroup,track2_common3|session|outer-04,m6_7-formal-20260820T160940Z-0ef360f6,S7,m6_7-formal-20260820T160940Z-0ef360f6,S7::stress_online-trial-022,stress_online-trial-022,oracle_stable_two_baseline_margin,1,1,0.25,1,0.25,0,1,0.0
track2_common3,recordingSessionGroup,track2_common3|session|outer-04,m6_7-formal-20260820T160940Z-0ef360f6,S7,m6_7-formal-20260820T160940Z-0ef360f6,S7::stress_online-trial-022,stress_online-trial-022,oracle_multiview_band_harmonic,1,1,0.25,1,0.25,0,1,0.0
track2_common3,recordingSessionGroup,track2_common3|session|outer-04,m6_7-formal-20260820T160940Z-0ef360f6,S7,m6_7-formal-20260820T160940Z-0ef360f6,S7::stress_online-trial-023,stress_online-trial-023,oracle_unconstrained_correct_top,0,0,0.25,0,0.2,1,1,0.04999999999999999
track2_common3,recordingSessionGroup,track2_common3|session|outer-04,m6_7-formal-20260820T160940Z-0ef360f6,S7,m6_7-formal-20260820T160940Z-0ef360f6,S7::stress_online-trial-023,stress_online-trial-023,oracle_stable_two,0,0,0.25,0,0.25,0,1,0.0
track2_common3,recordingSessionGroup,track2_common3|session|outer-04,m6_7-formal-20260820T160940Z-0ef360f6,S7,m6_7-formal-20260820T160940Z-0ef360f6,S7::stress_online-trial-023,stress_online-trial-023,oracle_stable_two_margin005,0,0,0.25,0,0.25,0,1,0.0
track2_common3,recordingSessionGroup,track2_common3|session|outer-04,m6_7-formal-20260820T160940Z-0ef360f6,S7,m6_7-formal-20260820T160940Z-0ef360f6,S7::stress_online-trial-023,stress_online-trial-023,oracle_stable_two_baseline_margin,0,0,0.25,0,0.25,0,1,0.0
track2_common3,recordingSessionGroup,track2_common3|session|outer-04,m6_7-formal-20260820T160940Z-0ef360f6,S7,m6_7-formal-20260820T160940Z-0ef360f6,S7::stress_online-trial-023,stress_online-trial-023,oracle_multiview_band_harmonic,0,0,0.25,0,0.25,0,1,0.0
track2_common3,recordingSessionGroup,track2_common3|session|outer-04,m6_7-formal-20260820T160940Z-0ef360f6,S7,m6_7-formal-20260820T160940Z-0ef360f6,S7::stress_online-trial-024,stress_online-trial-024,oracle_unconstrained_correct_top,0,0,0.25,0,0.2,1,1,0.04999999999999999
track2_common3,recordingSessionGroup,track2_common3|session|outer-04,m6_7-formal-20260820T160940Z-0ef360f6,S7,m6_7-formal-20260820T160940Z-0ef360f6,S7::stress_online-trial-024,stress_online-trial-024,oracle_stable_two,0,0,0.25,0,0.25,0,1,0.0
track2_common3,recordingSessionGroup,track2_common3|session|outer-04,m6_7-formal-20260820T160940Z-0ef360f6,S7,m6_7-formal-20260820T160940Z-0ef360f6,S7::stress_online-trial-024,stress_online-trial-024,oracle_stable_two_margin005,0,0,0.25,0,0.25,0,1,0.0
track2_common3,recordingSessionGroup,track2_common3|session|outer-04,m6_7-formal-20260820T160940Z-0ef360f6,S7,m6_7-formal-20260820T160940Z-0ef360f6,S7::stress_online-trial-024,stress_online-trial-024,oracle_stable_two_baseline_margin,0,0,0.25,0,0.25,0,1,0.0
track2_common3,recordingSessionGroup,track2_common3|session|outer-04,m6_7-formal-20260820T160940Z-0ef360f6,S7,m6_7-formal-20260820T160940Z-0ef360f6,S7::stress_online-trial-024,stress_online-trial-024,oracle_multiview_band_harmonic,0,0,0.25,0,0.25,0,1,0.0
track2_common3,recordingSessionGroup,track2_common3|session|outer-04,m6_7-formal-20260820T160940Z-0ef360f6,S7,m6_7-formal-20260820T160940Z-0ef360f6,S7::stress_online-trial-025,stress_online-trial-025,oracle_unconstrained_correct_top,1,1,0.4,1,0.35,1,1,0.050000000000000044
track2_common3,recordingSessionGroup,track2_common3|session|outer-04,m6_7-formal-20260820T160940Z-0ef360f6,S7,m6_7-formal-20260820T160940Z-0ef360f6,S7::stress_online-trial-025,stress_online-trial-025,oracle_stable_two,1,1,0.4,1,0.4,0,1,0.0
track2_common3,recordingSessionGroup,track2_common3|session|outer-04,m6_7-formal-20260820T160940Z-0ef360f6,S7,m6_7-formal-20260820T160940Z-0ef360f6,S7::stress_online-trial-025,stress_online-trial-025,oracle_stable_two_margin005,1,1,0.4,1,0.4,0,1,0.0
track2_common3,recordingSessionGroup,track2_common3|session|outer-04,m6_7-formal-20260820T160940Z-0ef360f6,S7,m6_7-formal-20260820T160940Z-0ef360f6,S7::stress_online-trial-025,stress_online-trial-025,oracle_stable_two_baseline_margin,1,1,0.4,1,0.4,0,1,0.0
track2_common3,recordingSessionGroup,track2_common3|session|outer-04,m6_7-formal-20260820T160940Z-0ef360f6,S7,m6_7-formal-20260820T160940Z-0ef360f6,S7::stress_online-trial-025,stress_online-trial-025,oracle_multiview_band_harmonic,1,1,0.4,1,0.4,0,1,0.0
track2_common3,recordingSessionGroup,track2_common3|session|outer-04,m6_7-formal-20260820T160940Z-0ef360f6,S7,m6_7-formal-20260820T160940Z-0ef360f6,S7::stress_online-trial-026,stress_online-trial-026,oracle_unconstrained_correct_top,0,0,0.25,0,0.2,1,1,0.04999999999999999
track2_common3,recordingSessionGroup,track2_common3|session|outer-04,m6_7-formal-20260820T160940Z-0ef360f6,S7,m6_7-formal-20260820T160940Z-0ef360f6,S7::stress_online-trial-026,stress_online-trial-026,oracle_stable_two,0,0,0.25,0,0.25,0,1,0.0
track2_common3,recordingSessionGroup,track2_common3|session|outer-04,m6_7-formal-20260820T160940Z-0ef360f6,S7,m6_7-formal-20260820T160940Z-0ef360f6,S7::stress_online-trial-026,stress_online-trial-026,oracle_stable_two_margin005,0,0,0.25,0,0.25,0,1,0.0
track2_common3,recordingSessionGroup,track2_common3|session|outer-04,m6_7-formal-20260820T160940Z-0ef360f6,S7,m6_7-formal-20260820T160940Z-0ef360f6,S7::stress_online-trial-026,stress_online-trial-026,oracle_stable_two_baseline_margin,0,0,0.25,0,0.25,0,1,0.0
track2_common3,recordingSessionGroup,track2_common3|session|outer-04,m6_7-formal-20260820T160940Z-0ef360f6,S7,m6_7-formal-20260820T160940Z-0ef360f6,S7::stress_online-trial-026,stress_online-trial-026,oracle_multiview_band_harmonic,0,0,0.25,0,0.25,0,1,0.0
track2_common3,recordingSessionGroup,track2_common3|session|outer-04,m6_7-formal-20260820T160940Z-0ef360f6,S7,m6_7-formal-20260820T160940Z-0ef360f6,S7::stress_online-trial-027,stress_online-trial-027,oracle_unconstrained_correct_top,1,1,0.25,1,0.2,1,1,0.04999999999999999
track2_common3,recordingSessionGroup,track2_common3|session|outer-04,m6_7-formal-20260820T160940Z-0ef360f6,S7,m6_7-formal-20260820T160940Z-0ef360f6,S7::stress_online-trial-027,stress_online-trial-027,oracle_stable_two,1,1,0.25,1,0.25,0,1,0.0
track2_common3,recordingSessionGroup,track2_common3|session|outer-04,m6_7-formal-20260820T160940Z-0ef360f6,S7,m6_7-formal-20260820T160940Z-0ef360f6,S7::stress_online-trial-027,stress_online-trial-027,oracle_stable_two_margin005,1,1,0.25,1,0.25,0,1,0.0
track2_common3,recordingSessionGroup,track2_common3|session|outer-04,m6_7-formal-20260820T160940Z-0ef360f6,S7,m6_7-formal-20260820T160940Z-0ef360f6,S7::stress_online-trial-027,stress_online-trial-027,oracle_stable_two_baseline_margin,1,1,0.25,1,0.25,0,1,0.0
track2_common3,recordingSessionGroup,track2_common3|session|outer-04,m6_7-formal-20260820T160940Z-0ef360f6,S7,m6_7-formal-20260820T160940Z-0ef360f6,S7::stress_online-trial-027,stress_online-trial-027,oracle_multiview_band_harmonic,1,1,0.25,1,0.25,0,1,0.0
track2_common3,recordingSessionGroup,track2_common3|session|outer-04,m6_7-formal-20260820T160940Z-0ef360f6,S7,m6_7-formal-20260820T160940Z-0ef360f6,S7::stress_online-trial-028,stress_online-trial-028,oracle_unconstrained_correct_top,2,2,0.6,2,0.2,1,1,0.39999999999999997
track2_common3,recordingSessionGroup,track2_common3|session|outer-04,m6_7-formal-20260820T160940Z-0ef360f6,S7,m6_7-formal-20260820T160940Z-0ef360f6,S7::stress_online-trial-028,stress_online-trial-028,oracle_stable_two,2,2,0.6,2,0.6,0,1,0.0
track2_common3,recordingSessionGroup,track2_common3|session|outer-04,m6_7-formal-20260820T160940Z-0ef360f6,S7,m6_7-formal-20260820T160940Z-0ef360f6,S7::stress_online-trial-028,stress_online-trial-028,oracle_stable_two_margin005,2,2,0.6,2,0.6,0,1,0.0
track2_common3,recordingSessionGroup,track2_common3|session|outer-04,m6_7-formal-20260820T160940Z-0ef360f6,S7,m6_7-formal-20260820T160940Z-0ef360f6,S7::stress_online-trial-028,stress_online-trial-028,oracle_stable_two_baseline_margin,2,2,0.6,2,0.6,0,1,0.0
track2_common3,recordingSessionGroup,track2_common3|session|outer-04,m6_7-formal-20260820T160940Z-0ef360f6,S7,m6_7-formal-20260820T160940Z-0ef360f6,S7::stress_online-trial-028,stress_online-trial-028,oracle_multiview_band_harmonic,2,2,0.6,2,0.6,0,1,0.0
track2_common3,recordingSessionGroup,track2_common3|session|outer-04,m6_7-formal-20260820T160940Z-0ef360f6,S7,m6_7-formal-20260820T160940Z-0ef360f6,S7::stress_online-trial-029,stress_online-trial-029,oracle_unconstrained_correct_top,1,1,0.3,1,0.2,1,1,0.09999999999999998
track2_common3,recordingSessionGroup,track2_common3|session|outer-04,m6_7-formal-20260820T160940Z-0ef360f6,S7,m6_7-formal-20260820T160940Z-0ef360f6,S7::stress_online-trial-029,stress_online-trial-029,oracle_stable_two,1,1,0.3,1,0.25,1,1,0.04999999999999999
track2_common3,recordingSessionGroup,track2_common3|session|outer-04,m6_7-formal-20260820T160940Z-0ef360f6,S7,m6_7-formal-20260820T160940Z-0ef360f6,S7::stress_online-trial-029,stress_online-trial-029,oracle_stable_two_margin005,1,1,0.3,1,0.25,1,1,0.04999999999999999
track2_common3,recordingSessionGroup,track2_common3|session|outer-04,m6_7-formal-20260820T160940Z-0ef360f6,S7,m6_7-formal-20260820T160940Z-0ef360f6,S7::stress_online-trial-029,stress_online-trial-029,oracle_stable_two_baseline_margin,1,1,0.3,1,0.3,0,1,0.0
track2_common3,recordingSessionGroup,track2_common3|session|outer-04,m6_7-formal-20260820T160940Z-0ef360f6,S7,m6_7-formal-20260820T160940Z-0ef360f6,S7::stress_online-trial-029,stress_online-trial-029,oracle_multiview_band_harmonic,1,1,0.3,1,0.25,1,1,0.04999999999999999
track2_common3,recordingSessionGroup,track2_common3|session|outer-04,m6_7-formal-20260820T160940Z-0ef360f6,S7,m6_7-formal-20260820T160940Z-0ef360f6,S7::stress_online-trial-030,stress_online-trial-030,oracle_unconstrained_correct_top,0,0,0.4,0,0.2,1,1,0.2
track2_common3,recordingSessionGroup,track2_common3|session|outer-04,m6_7-formal-20260820T160940Z-0ef360f6,S7,m6_7-formal-20260820T160940Z-0ef360f6,S7::stress_online-trial-030,stress_online-trial-030,oracle_stable_two,0,0,0.4,0,0.25,1,1,0.15000000000000002
track2_common3,recordingSessionGroup,track2_common3|session|outer-04,m6_7-formal-20260820T160940Z-0ef360f6,S7,m6_7-formal-20260820T160940Z-0ef360f6,S7::stress_online-trial-030,stress_online-trial-030,oracle_stable_two_margin005,0,0,0.4,0,0.4,0,1,0.0
track2_common3,recordingSessionGroup,track2_common3|session|outer-04,m6_7-formal-20260820T160940Z-0ef360f6,S7,m6_7-formal-20260820T160940Z-0ef360f6,S7::stress_online-trial-030,stress_online-trial-030,oracle_stable_two_baseline_margin,0,0,0.4,0,0.4,0,1,0.0
track2_common3,recordingSessionGroup,track2_common3|session|outer-04,m6_7-formal-20260820T160940Z-0ef360f6,S7,m6_7-formal-20260820T160940Z-0ef360f6,S7::stress_online-trial-030,stress_online-trial-030,oracle_multiview_band_harmonic,0,0,0.4,0,0.4,0,1,0.0
