track,sessionKey,sessionId,recordingSessionGroup,acquisitionCampaignGroup,trialId,trialIndex,evidenceSeconds,windowIndex,trueSlotIndex,safeTrue,frozenEegOnlyFinalClass,safeFinal,eegOnlyDecisionClass,eegOnlyDecisionEvidenceSeconds,eegOnlyDecisionCorrect,futureLabelOnly
track1_5ch,A,m6_1b-dataset-20260819T090215Z-d70eaa0d,m6_1b-dataset-20260819T090215Z-d70eaa0d,A_campaign,m6_1b-trial-001,1,0.2,0,2,1,2,1,2,0.25,1,1
track1_5ch,A,m6_1b-dataset-20260819T090215Z-d70eaa0d,m6_1b-dataset-20260819T090215Z-d70eaa0d,A_campaign,m6_1b-trial-001,1,0.25,1,2,1,2,1,2,0.25,1,1
track1_5ch,A,m6_1b-dataset-20260819T090215Z-d70eaa0d,m6_1b-dataset-20260819T090215Z-d70eaa0d,A_campaign,m6_1b-trial-001,1,0.3,2,2,1,2,1,2,0.25,1,1
track1_5ch,A,m6_1b-dataset-20260819T090215Z-d70eaa0d,m6_1b-dataset-20260819T090215Z-d70eaa0d,A_campaign,m6_1b-trial-001,1,0.35,3,2,1,2,1,2,0.25,1,1
track1_5ch,A,m6_1b-dataset-20260819T090215Z-d70eaa0d,m6_1b-dataset-20260819T090215Z-d70eaa0d,A_campaign,m6_1b-trial-001,1,0.4,4,2,1,2,1,2,0.25,1,1
track1_5ch,A,m6_1b-dataset-20260819T090215Z-d70eaa0d,m6_1b-dataset-20260819T090215Z-d70eaa0d,A_campaign,m6_1b-trial-001,1,0.5,5,2,1,2,1,2,0.25,1,1
track1_5ch,A,m6_1b-dataset-20260819T090215Z-d70eaa0d,m6_1b-dataset-20260819T090215Z-d70eaa0d,A_campaign,m6_1b-trial-001,1,0.6,6,2,1,2,1,2,0.25,1,1
track1_5ch,A,m6_1b-dataset-20260819T090215Z-d70eaa0d,m6_1b-dataset-20260819T090215Z-d70eaa0d,A_campaign,m6_1b-trial-001,1,0.8,7,2,1,2,1,2,0.25,1,1
track1_5ch,A,m6_1b-dataset-20260819T090215Z-d70eaa0d,m6_1b-dataset-20260819T090215Z-d70eaa0d,A_campaign,m6_1b-trial-001,1,1.0,8,2,1,2,1,2,0.25,1,1
track2_common3,A,m6_1b-dataset-20260819T090215Z-d70eaa0d,m6_1b-dataset-20260819T090215Z-d70eaa0d,A_campaign,m6_1b-trial-001,1,0.2,0,2,1,2,1,2,0.3,1,1
track2_common3,A,m6_1b-dataset-20260819T090215Z-d70eaa0d,m6_1b-dataset-20260819T090215Z-d70eaa0d,A_campaign,m6_1b-trial-001,1,0.25,1,2,1,2,1,2,0.3,1,1
track2_common3,A,m6_1b-dataset-20260819T090215Z-d70eaa0d,m6_1b-dataset-20260819T090215Z-d70eaa0d,A_campaign,m6_1b-trial-001,1,0.3,2,2,1,2,1,2,0.3,1,1
track2_common3,A,m6_1b-dataset-20260819T090215Z-d70eaa0d,m6_1b-dataset-20260819T090215Z-d70eaa0d,A_campaign,m6_1b-trial-001,1,0.35,3,2,1,2,1,2,0.3,1,1
track2_common3,A,m6_1b-dataset-20260819T090215Z-d70eaa0d,m6_1b-dataset-20260819T090215Z-d70eaa0d,A_campaign,m6_1b-trial-001,1,0.4,4,2,1,2,1,2,0.3,1,1
track2_common3,A,m6_1b-dataset-20260819T090215Z-d70eaa0d,m6_1b-dataset-20260819T090215Z-d70eaa0d,A_campaign,m6_1b-trial-001,1,0.5,5,2,1,2,1,2,0.3,1,1
track2_common3,A,m6_1b-dataset-20260819T090215Z-d70eaa0d,m6_1b-dataset-20260819T090215Z-d70eaa0d,A_campaign,m6_1b-trial-001,1,0.6,6,2,1,2,1,2,0.3,1,1
track2_common3,A,m6_1b-dataset-20260819T090215Z-d70eaa0d,m6_1b-dataset-20260819T090215Z-d70eaa0d,A_campaign,m6_1b-trial-001,1,0.8,7,2,1,2,1,2,0.3,1,1
track2_common3,A,m6_1b-dataset-20260819T090215Z-d70eaa0d,m6_1b-dataset-20260819T090215Z-d70eaa0d,A_campaign,m6_1b-trial-001,1,1.0,8,2,1,2,1,2,0.3,1,1
track1_5ch,A,m6_1b-dataset-20260819T090215Z-d70eaa0d,m6_1b-dataset-20260819T090215Z-d70eaa0d,A_campaign,m6_1b-trial-002,2,0.2,0,1,0,1,0,1,0.35,1,1
track1_5ch,A,m6_1b-dataset-20260819T090215Z-d70eaa0d,m6_1b-dataset-20260819T090215Z-d70eaa0d,A_campaign,m6_1b-trial-002,2,0.25,1,1,1,1,1,1,0.35,1,1
track1_5ch,A,m6_1b-dataset-20260819T090215Z-d70eaa0d,m6_1b-dataset-20260819T090215Z-d70eaa0d,A_campaign,m6_1b-trial-002,2,0.3,2,1,1,1,1,1,0.35,1,1
track1_5ch,A,m6_1b-dataset-20260819T090215Z-d70eaa0d,m6_1b-dataset-20260819T090215Z-d70eaa0d,A_campaign,m6_1b-trial-002,2,0.35,3,1,1,1,1,1,0.35,1,1
track1_5ch,A,m6_1b-dataset-20260819T090215Z-d70eaa0d,m6_1b-dataset-20260819T090215Z-d70eaa0d,A_campaign,m6_1b-trial-002,2,0.4,4,1,1,1,1,1,0.35,1,1
track1_5ch,A,m6_1b-dataset-20260819T090215Z-d70eaa0d,m6_1b-dataset-20260819T090215Z-d70eaa0d,A_campaign,m6_1b-trial-002,2,0.5,5,1,1,1,1,1,0.35,1,1
track1_5ch,A,m6_1b-dataset-20260819T090215Z-d70eaa0d,m6_1b-dataset-20260819T090215Z-d70eaa0d,A_campaign,m6_1b-trial-002,2,0.6,6,1,1,1,1,1,0.35,1,1
track1_5ch,A,m6_1b-dataset-20260819T090215Z-d70eaa0d,m6_1b-dataset-20260819T090215Z-d70eaa0d,A_campaign,m6_1b-trial-002,2,0.8,7,1,1,1,1,1,0.35,1,1
track1_5ch,A,m6_1b-dataset-20260819T090215Z-d70eaa0d,m6_1b-dataset-20260819T090215Z-d70eaa0d,A_campaign,m6_1b-trial-002,2,1.0,8,1,1,1,1,1,0.35,1,1
track2_common3,A,m6_1b-dataset-20260819T090215Z-d70eaa0d,m6_1b-dataset-20260819T090215Z-d70eaa0d,A_campaign,m6_1b-trial-002,2,0.2,0,1,0,1,0,1,0.3,1,1
track2_common3,A,m6_1b-dataset-20260819T090215Z-d70eaa0d,m6_1b-dataset-20260819T090215Z-d70eaa0d,A_campaign,m6_1b-trial-002,2,0.25,1,1,1,1,1,1,0.3,1,1
track2_common3,A,m6_1b-dataset-20260819T090215Z-d70eaa0d,m6_1b-dataset-20260819T090215Z-d70eaa0d,A_campaign,m6_1b-trial-002,2,0.3,2,1,1,1,1,1,0.3,1,1
track2_common3,A,m6_1b-dataset-20260819T090215Z-d70eaa0d,m6_1b-dataset-20260819T090215Z-d70eaa0d,A_campaign,m6_1b-trial-002,2,0.35,3,1,1,1,1,1,0.3,1,1
track2_common3,A,m6_1b-dataset-20260819T090215Z-d70eaa0d,m6_1b-dataset-20260819T090215Z-d70eaa0d,A_campaign,m6_1b-trial-002,2,0.4,4,1,1,1,1,1,0.3,1,1
track2_common3,A,m6_1b-dataset-20260819T090215Z-d70eaa0d,m6_1b-dataset-20260819T090215Z-d70eaa0d,A_campaign,m6_1b-trial-002,2,0.5,5,1,1,1,1,1,0.3,1,1
track2_common3,A,m6_1b-dataset-20260819T090215Z-d70eaa0d,m6_1b-dataset-20260819T090215Z-d70eaa0d,A_campaign,m6_1b-trial-002,2,0.6,6,1,1,1,1,1,0.3,1,1
track2_common3,A,m6_1b-dataset-20260819T090215Z-d70eaa0d,m6_1b-dataset-20260819T090215Z-d70eaa0d,A_campaign,m6_1b-trial-002,2,0.8,7,1,1,1,1,1,0.3,1,1
track2_common3,A,m6_1b-dataset-20260819T090215Z-d70eaa0d,m6_1b-dataset-20260819T090215Z-d70eaa0d,A_campaign,m6_1b-trial-002,2,1.0,8,1,1,1,1,1,0.3,1,1
track1_5ch,A,m6_1b-dataset-20260819T090215Z-d70eaa0d,m6_1b-dataset-20260819T090215Z-d70eaa0d,A_campaign,m6_1b-trial-003,3,0.2,0,2,1,2,1,2,1.0,1,1
track1_5ch,A,m6_1b-dataset-20260819T090215Z-d70eaa0d,m6_1b-dataset-20260819T090215Z-d70eaa0d,A_campaign,m6_1b-trial-003,3,0.25,1,2,1,2,1,2,1.0,1,1
track1_5ch,A,m6_1b-dataset-20260819T090215Z-d70eaa0d,m6_1b-dataset-20260819T090215Z-d70eaa0d,A_campaign,m6_1b-trial-003,3,0.3,2,2,1,2,1,2,1.0,1,1
track1_5ch,A,m6_1b-dataset-20260819T090215Z-d70eaa0d,m6_1b-dataset-20260819T090215Z-d70eaa0d,A_campaign,m6_1b-trial-003,3,0.35,3,2,0,2,0,2,1.0,1,1
track1_5ch,A,m6_1b-dataset-20260819T090215Z-d70eaa0d,m6_1b-dataset-20260819T090215Z-d70eaa0d,A_campaign,m6_1b-trial-003,3,0.4,4,2,0,2,0,2,1.0,1,1
track1_5ch,A,m6_1b-dataset-20260819T090215Z-d70eaa0d,m6_1b-dataset-20260819T090215Z-d70eaa0d,A_campaign,m6_1b-trial-003,3,0.5,5,2,0,2,0,2,1.0,1,1
track1_5ch,A,m6_1b-dataset-20260819T090215Z-d70eaa0d,m6_1b-dataset-20260819T090215Z-d70eaa0d,A_campaign,m6_1b-trial-003,3,0.6,6,2,1,2,1,2,1.0,1,1
track1_5ch,A,m6_1b-dataset-20260819T090215Z-d70eaa0d,m6_1b-dataset-20260819T090215Z-d70eaa0d,A_campaign,m6_1b-trial-003,3,0.8,7,2,1,2,1,2,1.0,1,1
track1_5ch,A,m6_1b-dataset-20260819T090215Z-d70eaa0d,m6_1b-dataset-20260819T090215Z-d70eaa0d,A_campaign,m6_1b-trial-003,3,1.0,8,2,1,2,1,2,1.0,1,1
track2_common3,A,m6_1b-dataset-20260819T090215Z-d70eaa0d,m6_1b-dataset-20260819T090215Z-d70eaa0d,A_campaign,m6_1b-trial-003,3,0.2,0,2,1,2,1,2,0.25,1,1
track2_common3,A,m6_1b-dataset-20260819T090215Z-d70eaa0d,m6_1b-dataset-20260819T090215Z-d70eaa0d,A_campaign,m6_1b-trial-003,3,0.25,1,2,1,2,1,2,0.25,1,1
track2_common3,A,m6_1b-dataset-20260819T090215Z-d70eaa0d,m6_1b-dataset-20260819T090215Z-d70eaa0d,A_campaign,m6_1b-trial-003,3,0.3,2,2,1,2,1,2,0.25,1,1
track2_common3,A,m6_1b-dataset-20260819T090215Z-d70eaa0d,m6_1b-dataset-20260819T090215Z-d70eaa0d,A_campaign,m6_1b-trial-003,3,0.35,3,2,1,2,1,2,0.25,1,1
track2_common3,A,m6_1b-dataset-20260819T090215Z-d70eaa0d,m6_1b-dataset-20260819T090215Z-d70eaa0d,A_campaign,m6_1b-trial-003,3,0.4,4,2,1,2,1,2,0.25,1,1
track2_common3,A,m6_1b-dataset-20260819T090215Z-d70eaa0d,m6_1b-dataset-20260819T090215Z-d70eaa0d,A_campaign,m6_1b-trial-003,3,0.5,5,2,1,2,1,2,0.25,1,1
track2_common3,A,m6_1b-dataset-20260819T090215Z-d70eaa0d,m6_1b-dataset-20260819T090215Z-d70eaa0d,A_campaign,m6_1b-trial-003,3,0.6,6,2,1,2,1,2,0.25,1,1
track2_common3,A,m6_1b-dataset-20260819T090215Z-d70eaa0d,m6_1b-dataset-20260819T090215Z-d70eaa0d,A_campaign,m6_1b-trial-003,3,0.8,7,2,1,2,1,2,0.25,1,1
track2_common3,A,m6_1b-dataset-20260819T090215Z-d70eaa0d,m6_1b-dataset-20260819T090215Z-d70eaa0d,A_campaign,m6_1b-trial-003,3,1.0,8,2,1,2,1,2,0.25,1,1
track1_5ch,A,m6_1b-dataset-20260819T090215Z-d70eaa0d,m6_1b-dataset-20260819T090215Z-d70eaa0d,A_campaign,m6_1b-trial-004,4,0.2,0,0,0,0,0,0,0.4,1,1
track1_5ch,A,m6_1b-dataset-20260819T090215Z-d70eaa0d,m6_1b-dataset-20260819T090215Z-d70eaa0d,A_campaign,m6_1b-trial-004,4,0.25,1,0,1,0,1,0,0.4,1,1
track1_5ch,A,m6_1b-dataset-20260819T090215Z-d70eaa0d,m6_1b-dataset-20260819T090215Z-d70eaa0d,A_campaign,m6_1b-trial-004,4,0.3,2,0,1,0,1,0,0.4,1,1
track1_5ch,A,m6_1b-dataset-20260819T090215Z-d70eaa0d,m6_1b-dataset-20260819T090215Z-d70eaa0d,A_campaign,m6_1b-trial-004,4,0.35,3,0,1,0,1,0,0.4,1,1
track1_5ch,A,m6_1b-dataset-20260819T090215Z-d70eaa0d,m6_1b-dataset-20260819T090215Z-d70eaa0d,A_campaign,m6_1b-trial-004,4,0.4,4,0,1,0,1,0,0.4,1,1
track1_5ch,A,m6_1b-dataset-20260819T090215Z-d70eaa0d,m6_1b-dataset-20260819T090215Z-d70eaa0d,A_campaign,m6_1b-trial-004,4,0.5,5,0,1,0,1,0,0.4,1,1
track1_5ch,A,m6_1b-dataset-20260819T090215Z-d70eaa0d,m6_1b-dataset-20260819T090215Z-d70eaa0d,A_campaign,m6_1b-trial-004,4,0.6,6,0,1,0,1,0,0.4,1,1
track1_5ch,A,m6_1b-dataset-20260819T090215Z-d70eaa0d,m6_1b-dataset-20260819T090215Z-d70eaa0d,A_campaign,m6_1b-trial-004,4,0.8,7,0,1,0,1,0,0.4,1,1
track1_5ch,A,m6_1b-dataset-20260819T090215Z-d70eaa0d,m6_1b-dataset-20260819T090215Z-d70eaa0d,A_campaign,m6_1b-trial-004,4,1.0,8,0,1,0,1,0,0.4,1,1
track2_common3,A,m6_1b-dataset-20260819T090215Z-d70eaa0d,m6_1b-dataset-20260819T090215Z-d70eaa0d,A_campaign,m6_1b-trial-004,4,0.2,0,0,0,0,0,0,0.8,1,1
track2_common3,A,m6_1b-dataset-20260819T090215Z-d70eaa0d,m6_1b-dataset-20260819T090215Z-d70eaa0d,A_campaign,m6_1b-trial-004,4,0.25,1,0,0,0,0,0,0.8,1,1
track2_common3,A,m6_1b-dataset-20260819T090215Z-d70eaa0d,m6_1b-dataset-20260819T090215Z-d70eaa0d,A_campaign,m6_1b-trial-004,4,0.3,2,0,0,0,0,0,0.8,1,1
track2_common3,A,m6_1b-dataset-20260819T090215Z-d70eaa0d,m6_1b-dataset-20260819T090215Z-d70eaa0d,A_campaign,m6_1b-trial-004,4,0.35,3,0,0,0,0,0,0.8,1,1
track2_common3,A,m6_1b-dataset-20260819T090215Z-d70eaa0d,m6_1b-dataset-20260819T090215Z-d70eaa0d,A_campaign,m6_1b-trial-004,4,0.4,4,0,1,0,1,0,0.8,1,1
track2_common3,A,m6_1b-dataset-20260819T090215Z-d70eaa0d,m6_1b-dataset-20260819T090215Z-d70eaa0d,A_campaign,m6_1b-trial-004,4,0.5,5,0,1,0,1,0,0.8,1,1
track2_common3,A,m6_1b-dataset-20260819T090215Z-d70eaa0d,m6_1b-dataset-20260819T090215Z-d70eaa0d,A_campaign,m6_1b-trial-004,4,0.6,6,0,1,0,1,0,0.8,1,1
track2_common3,A,m6_1b-dataset-20260819T090215Z-d70eaa0d,m6_1b-dataset-20260819T090215Z-d70eaa0d,A_campaign,m6_1b-trial-004,4,0.8,7,0,1,0,1,0,0.8,1,1
track2_common3,A,m6_1b-dataset-20260819T090215Z-d70eaa0d,m6_1b-dataset-20260819T090215Z-d70eaa0d,A_campaign,m6_1b-trial-004,4,1.0,8,0,1,0,1,0,0.8,1,1
track1_5ch,A,m6_1b-dataset-20260819T090215Z-d70eaa0d,m6_1b-dataset-20260819T090215Z-d70eaa0d,A_campaign,m6_1b-trial-005,5,0.2,0,1,1,1,1,1,0.8,1,1
track1_5ch,A,m6_1b-dataset-20260819T090215Z-d70eaa0d,m6_1b-dataset-20260819T090215Z-d70eaa0d,A_campaign,m6_1b-trial-005,5,0.25,1,1,1,1,1,1,0.8,1,1
track1_5ch,A,m6_1b-dataset-20260819T090215Z-d70eaa0d,m6_1b-dataset-20260819T090215Z-d70eaa0d,A_campaign,m6_1b-trial-005,5,0.3,2,1,1,1,1,1,0.8,1,1
track1_5ch,A,m6_1b-dataset-20260819T090215Z-d70eaa0d,m6_1b-dataset-20260819T090215Z-d70eaa0d,A_campaign,m6_1b-trial-005,5,0.35,3,1,0,1,0,1,0.8,1,1
track1_5ch,A,m6_1b-dataset-20260819T090215Z-d70eaa0d,m6_1b-dataset-20260819T090215Z-d70eaa0d,A_campaign,m6_1b-trial-005,5,0.4,4,1,0,1,0,1,0.8,1,1
track1_5ch,A,m6_1b-dataset-20260819T090215Z-d70eaa0d,m6_1b-dataset-20260819T090215Z-d70eaa0d,A_campaign,m6_1b-trial-005,5,0.5,5,1,1,1,1,1,0.8,1,1
track1_5ch,A,m6_1b-dataset-20260819T090215Z-d70eaa0d,m6_1b-dataset-20260819T090215Z-d70eaa0d,A_campaign,m6_1b-trial-005,5,0.6,6,1,1,1,1,1,0.8,1,1
track1_5ch,A,m6_1b-dataset-20260819T090215Z-d70eaa0d,m6_1b-dataset-20260819T090215Z-d70eaa0d,A_campaign,m6_1b-trial-005,5,0.8,7,1,1,1,1,1,0.8,1,1
track1_5ch,A,m6_1b-dataset-20260819T090215Z-d70eaa0d,m6_1b-dataset-20260819T090215Z-d70eaa0d,A_campaign,m6_1b-trial-005,5,1.0,8,1,1,1,1,1,0.8,1,1
track2_common3,A,m6_1b-dataset-20260819T090215Z-d70eaa0d,m6_1b-dataset-20260819T090215Z-d70eaa0d,A_campaign,m6_1b-trial-005,5,0.2,0,1,0,1,0,1,0.8,1,1
track2_common3,A,m6_1b-dataset-20260819T090215Z-d70eaa0d,m6_1b-dataset-20260819T090215Z-d70eaa0d,A_campaign,m6_1b-trial-005,5,0.25,1,1,0,1,0,1,0.8,1,1
track2_common3,A,m6_1b-dataset-20260819T090215Z-d70eaa0d,m6_1b-dataset-20260819T090215Z-d70eaa0d,A_campaign,m6_1b-trial-005,5,0.3,2,1,1,1,1,1,0.8,1,1
track2_common3,A,m6_1b-dataset-20260819T090215Z-d70eaa0d,m6_1b-dataset-20260819T090215Z-d70eaa0d,A_campaign,m6_1b-trial-005,5,0.35,3,1,1,1,1,1,0.8,1,1
track2_common3,A,m6_1b-dataset-20260819T090215Z-d70eaa0d,m6_1b-dataset-20260819T090215Z-d70eaa0d,A_campaign,m6_1b-trial-005,5,0.4,4,1,1,1,1,1,0.8,1,1
track2_common3,A,m6_1b-dataset-20260819T090215Z-d70eaa0d,m6_1b-dataset-20260819T090215Z-d70eaa0d,A_campaign,m6_1b-trial-005,5,0.5,5,1,0,1,0,1,0.8,1,1
track2_common3,A,m6_1b-dataset-20260819T090215Z-d70eaa0d,m6_1b-dataset-20260819T090215Z-d70eaa0d,A_campaign,m6_1b-trial-005,5,0.6,6,1,1,1,1,1,0.8,1,1
track2_common3,A,m6_1b-dataset-20260819T090215Z-d70eaa0d,m6_1b-dataset-20260819T090215Z-d70eaa0d,A_campaign,m6_1b-trial-005,5,0.8,7,1,1,1,1,1,0.8,1,1
track2_common3,A,m6_1b-dataset-20260819T090215Z-d70eaa0d,m6_1b-dataset-20260819T090215Z-d70eaa0d,A_campaign,m6_1b-trial-005,5,1.0,8,1,1,1,1,1,0.8,1,1
track1_5ch,A,m6_1b-dataset-20260819T090215Z-d70eaa0d,m6_1b-dataset-20260819T090215Z-d70eaa0d,A_campaign,m6_1b-trial-006,6,0.2,0,2,1,2,1,2,1.0,1,1
track1_5ch,A,m6_1b-dataset-20260819T090215Z-d70eaa0d,m6_1b-dataset-20260819T090215Z-d70eaa0d,A_campaign,m6_1b-trial-006,6,0.25,1,2,1,2,1,2,1.0,1,1
track1_5ch,A,m6_1b-dataset-20260819T090215Z-d70eaa0d,m6_1b-dataset-20260819T090215Z-d70eaa0d,A_campaign,m6_1b-trial-006,6,0.3,2,2,0,2,0,2,1.0,1,1
track1_5ch,A,m6_1b-dataset-20260819T090215Z-d70eaa0d,m6_1b-dataset-20260819T090215Z-d70eaa0d,A_campaign,m6_1b-trial-006,6,0.35,3,2,0,2,0,2,1.0,1,1
track1_5ch,A,m6_1b-dataset-20260819T090215Z-d70eaa0d,m6_1b-dataset-20260819T090215Z-d70eaa0d,A_campaign,m6_1b-trial-006,6,0.4,4,2,0,2,0,2,1.0,1,1
track1_5ch,A,m6_1b-dataset-20260819T090215Z-d70eaa0d,m6_1b-dataset-20260819T090215Z-d70eaa0d,A_campaign,m6_1b-trial-006,6,0.5,5,2,0,2,0,2,1.0,1,1
track1_5ch,A,m6_1b-dataset-20260819T090215Z-d70eaa0d,m6_1b-dataset-20260819T090215Z-d70eaa0d,A_campaign,m6_1b-trial-006,6,0.6,6,2,1,2,1,2,1.0,1,1
track1_5ch,A,m6_1b-dataset-20260819T090215Z-d70eaa0d,m6_1b-dataset-20260819T090215Z-d70eaa0d,A_campaign,m6_1b-trial-006,6,0.8,7,2,1,2,1,2,1.0,1,1
track1_5ch,A,m6_1b-dataset-20260819T090215Z-d70eaa0d,m6_1b-dataset-20260819T090215Z-d70eaa0d,A_campaign,m6_1b-trial-006,6,1.0,8,2,1,2,1,2,1.0,1,1
track2_common3,A,m6_1b-dataset-20260819T090215Z-d70eaa0d,m6_1b-dataset-20260819T090215Z-d70eaa0d,A_campaign,m6_1b-trial-006,6,0.2,0,2,1,2,1,2,0.6,1,1
track2_common3,A,m6_1b-dataset-20260819T090215Z-d70eaa0d,m6_1b-dataset-20260819T090215Z-d70eaa0d,A_campaign,m6_1b-trial-006,6,0.25,1,2,1,2,1,2,0.6,1,1
track2_common3,A,m6_1b-dataset-20260819T090215Z-d70eaa0d,m6_1b-dataset-20260819T090215Z-d70eaa0d,A_campaign,m6_1b-trial-006,6,0.3,2,2,0,2,0,2,0.6,1,1
track2_common3,A,m6_1b-dataset-20260819T090215Z-d70eaa0d,m6_1b-dataset-20260819T090215Z-d70eaa0d,A_campaign,m6_1b-trial-006,6,0.35,3,2,0,2,0,2,0.6,1,1
track2_common3,A,m6_1b-dataset-20260819T090215Z-d70eaa0d,m6_1b-dataset-20260819T090215Z-d70eaa0d,A_campaign,m6_1b-trial-006,6,0.4,4,2,0,2,0,2,0.6,1,1
track2_common3,A,m6_1b-dataset-20260819T090215Z-d70eaa0d,m6_1b-dataset-20260819T090215Z-d70eaa0d,A_campaign,m6_1b-trial-006,6,0.5,5,2,1,2,1,2,0.6,1,1
track2_common3,A,m6_1b-dataset-20260819T090215Z-d70eaa0d,m6_1b-dataset-20260819T090215Z-d70eaa0d,A_campaign,m6_1b-trial-006,6,0.6,6,2,1,2,1,2,0.6,1,1
track2_common3,A,m6_1b-dataset-20260819T090215Z-d70eaa0d,m6_1b-dataset-20260819T090215Z-d70eaa0d,A_campaign,m6_1b-trial-006,6,0.8,7,2,1,2,1,2,0.6,1,1
track2_common3,A,m6_1b-dataset-20260819T090215Z-d70eaa0d,m6_1b-dataset-20260819T090215Z-d70eaa0d,A_campaign,m6_1b-trial-006,6,1.0,8,2,1,2,1,2,0.6,1,1
track1_5ch,A,m6_1b-dataset-20260819T090215Z-d70eaa0d,m6_1b-dataset-20260819T090215Z-d70eaa0d,A_campaign,m6_1b-trial-007,7,0.2,0,1,1,1,1,1,0.8,1,1
track1_5ch,A,m6_1b-dataset-20260819T090215Z-d70eaa0d,m6_1b-dataset-20260819T090215Z-d70eaa0d,A_campaign,m6_1b-trial-007,7,0.25,1,1,1,1,1,1,0.8,1,1
track1_5ch,A,m6_1b-dataset-20260819T090215Z-d70eaa0d,m6_1b-dataset-20260819T090215Z-d70eaa0d,A_campaign,m6_1b-trial-007,7,0.3,2,1,1,1,1,1,0.8,1,1
track1_5ch,A,m6_1b-dataset-20260819T090215Z-d70eaa0d,m6_1b-dataset-20260819T090215Z-d70eaa0d,A_campaign,m6_1b-trial-007,7,0.35,3,1,1,1,1,1,0.8,1,1
track1_5ch,A,m6_1b-dataset-20260819T090215Z-d70eaa0d,m6_1b-dataset-20260819T090215Z-d70eaa0d,A_campaign,m6_1b-trial-007,7,0.4,4,1,1,1,1,1,0.8,1,1
track1_5ch,A,m6_1b-dataset-20260819T090215Z-d70eaa0d,m6_1b-dataset-20260819T090215Z-d70eaa0d,A_campaign,m6_1b-trial-007,7,0.5,5,1,1,1,1,1,0.8,1,1
track1_5ch,A,m6_1b-dataset-20260819T090215Z-d70eaa0d,m6_1b-dataset-20260819T090215Z-d70eaa0d,A_campaign,m6_1b-trial-007,7,0.6,6,1,1,1,1,1,0.8,1,1
track1_5ch,A,m6_1b-dataset-20260819T090215Z-d70eaa0d,m6_1b-dataset-20260819T090215Z-d70eaa0d,A_campaign,m6_1b-trial-007,7,0.8,7,1,1,1,1,1,0.8,1,1
track1_5ch,A,m6_1b-dataset-20260819T090215Z-d70eaa0d,m6_1b-dataset-20260819T090215Z-d70eaa0d,A_campaign,m6_1b-trial-007,7,1.0,8,1,1,1,1,1,0.8,1,1
track2_common3,A,m6_1b-dataset-20260819T090215Z-d70eaa0d,m6_1b-dataset-20260819T090215Z-d70eaa0d,A_campaign,m6_1b-trial-007,7,0.2,0,1,1,1,1,1,0.25,1,1
track2_common3,A,m6_1b-dataset-20260819T090215Z-d70eaa0d,m6_1b-dataset-20260819T090215Z-d70eaa0d,A_campaign,m6_1b-trial-007,7,0.25,1,1,1,1,1,1,0.25,1,1
track2_common3,A,m6_1b-dataset-20260819T090215Z-d70eaa0d,m6_1b-dataset-20260819T090215Z-d70eaa0d,A_campaign,m6_1b-trial-007,7,0.3,2,1,1,1,1,1,0.25,1,1
track2_common3,A,m6_1b-dataset-20260819T090215Z-d70eaa0d,m6_1b-dataset-20260819T090215Z-d70eaa0d,A_campaign,m6_1b-trial-007,7,0.35,3,1,1,1,1,1,0.25,1,1
track2_common3,A,m6_1b-dataset-20260819T090215Z-d70eaa0d,m6_1b-dataset-20260819T090215Z-d70eaa0d,A_campaign,m6_1b-trial-007,7,0.4,4,1,1,1,1,1,0.25,1,1
track2_common3,A,m6_1b-dataset-20260819T090215Z-d70eaa0d,m6_1b-dataset-20260819T090215Z-d70eaa0d,A_campaign,m6_1b-trial-007,7,0.5,5,1,1,1,1,1,0.25,1,1
track2_common3,A,m6_1b-dataset-20260819T090215Z-d70eaa0d,m6_1b-dataset-20260819T090215Z-d70eaa0d,A_campaign,m6_1b-trial-007,7,0.6,6,1,1,1,1,1,0.25,1,1
track2_common3,A,m6_1b-dataset-20260819T090215Z-d70eaa0d,m6_1b-dataset-20260819T090215Z-d70eaa0d,A_campaign,m6_1b-trial-007,7,0.8,7,1,1,1,1,1,0.25,1,1
track2_common3,A,m6_1b-dataset-20260819T090215Z-d70eaa0d,m6_1b-dataset-20260819T090215Z-d70eaa0d,A_campaign,m6_1b-trial-007,7,1.0,8,1,1,1,1,1,0.25,1,1
track1_5ch,A,m6_1b-dataset-20260819T090215Z-d70eaa0d,m6_1b-dataset-20260819T090215Z-d70eaa0d,A_campaign,m6_1b-trial-008,8,0.2,0,2,0,2,0,2,1.0,1,1
track1_5ch,A,m6_1b-dataset-20260819T090215Z-d70eaa0d,m6_1b-dataset-20260819T090215Z-d70eaa0d,A_campaign,m6_1b-trial-008,8,0.25,1,2,0,2,0,2,1.0,1,1
track1_5ch,A,m6_1b-dataset-20260819T090215Z-d70eaa0d,m6_1b-dataset-20260819T090215Z-d70eaa0d,A_campaign,m6_1b-trial-008,8,0.3,2,2,0,2,0,2,1.0,1,1
track1_5ch,A,m6_1b-dataset-20260819T090215Z-d70eaa0d,m6_1b-dataset-20260819T090215Z-d70eaa0d,A_campaign,m6_1b-trial-008,8,0.35,3,2,0,2,0,2,1.0,1,1
track1_5ch,A,m6_1b-dataset-20260819T090215Z-d70eaa0d,m6_1b-dataset-20260819T090215Z-d70eaa0d,A_campaign,m6_1b-trial-008,8,0.4,4,2,0,2,0,2,1.0,1,1
track1_5ch,A,m6_1b-dataset-20260819T090215Z-d70eaa0d,m6_1b-dataset-20260819T090215Z-d70eaa0d,A_campaign,m6_1b-trial-008,8,0.5,5,2,1,2,1,2,1.0,1,1
track1_5ch,A,m6_1b-dataset-20260819T090215Z-d70eaa0d,m6_1b-dataset-20260819T090215Z-d70eaa0d,A_campaign,m6_1b-trial-008,8,0.6,6,2,1,2,1,2,1.0,1,1
track1_5ch,A,m6_1b-dataset-20260819T090215Z-d70eaa0d,m6_1b-dataset-20260819T090215Z-d70eaa0d,A_campaign,m6_1b-trial-008,8,0.8,7,2,1,2,1,2,1.0,1,1
track1_5ch,A,m6_1b-dataset-20260819T090215Z-d70eaa0d,m6_1b-dataset-20260819T090215Z-d70eaa0d,A_campaign,m6_1b-trial-008,8,1.0,8,2,1,2,1,2,1.0,1,1
track2_common3,A,m6_1b-dataset-20260819T090215Z-d70eaa0d,m6_1b-dataset-20260819T090215Z-d70eaa0d,A_campaign,m6_1b-trial-008,8,0.2,0,2,0,2,0,2,0.5,1,1
track2_common3,A,m6_1b-dataset-20260819T090215Z-d70eaa0d,m6_1b-dataset-20260819T090215Z-d70eaa0d,A_campaign,m6_1b-trial-008,8,0.25,1,2,0,2,0,2,0.5,1,1
track2_common3,A,m6_1b-dataset-20260819T090215Z-d70eaa0d,m6_1b-dataset-20260819T090215Z-d70eaa0d,A_campaign,m6_1b-trial-008,8,0.3,2,2,0,2,0,2,0.5,1,1
track2_common3,A,m6_1b-dataset-20260819T090215Z-d70eaa0d,m6_1b-dataset-20260819T090215Z-d70eaa0d,A_campaign,m6_1b-trial-008,8,0.35,3,2,1,2,1,2,0.5,1,1
track2_common3,A,m6_1b-dataset-20260819T090215Z-d70eaa0d,m6_1b-dataset-20260819T090215Z-d70eaa0d,A_campaign,m6_1b-trial-008,8,0.4,4,2,1,2,1,2,0.5,1,1
track2_common3,A,m6_1b-dataset-20260819T090215Z-d70eaa0d,m6_1b-dataset-20260819T090215Z-d70eaa0d,A_campaign,m6_1b-trial-008,8,0.5,5,2,1,2,1,2,0.5,1,1
track2_common3,A,m6_1b-dataset-20260819T090215Z-d70eaa0d,m6_1b-dataset-20260819T090215Z-d70eaa0d,A_campaign,m6_1b-trial-008,8,0.6,6,2,1,2,1,2,0.5,1,1
track2_common3,A,m6_1b-dataset-20260819T090215Z-d70eaa0d,m6_1b-dataset-20260819T090215Z-d70eaa0d,A_campaign,m6_1b-trial-008,8,0.8,7,2,1,2,1,2,0.5,1,1
track2_common3,A,m6_1b-dataset-20260819T090215Z-d70eaa0d,m6_1b-dataset-20260819T090215Z-d70eaa0d,A_campaign,m6_1b-trial-008,8,1.0,8,2,1,2,1,2,0.5,1,1
track1_5ch,A,m6_1b-dataset-20260819T090215Z-d70eaa0d,m6_1b-dataset-20260819T090215Z-d70eaa0d,A_campaign,m6_1b-trial-009,9,0.2,0,0,1,0,1,0,0.3,1,1
track1_5ch,A,m6_1b-dataset-20260819T090215Z-d70eaa0d,m6_1b-dataset-20260819T090215Z-d70eaa0d,A_campaign,m6_1b-trial-009,9,0.25,1,0,1,0,1,0,0.3,1,1
track1_5ch,A,m6_1b-dataset-20260819T090215Z-d70eaa0d,m6_1b-dataset-20260819T090215Z-d70eaa0d,A_campaign,m6_1b-trial-009,9,0.3,2,0,1,0,1,0,0.3,1,1
track1_5ch,A,m6_1b-dataset-20260819T090215Z-d70eaa0d,m6_1b-dataset-20260819T090215Z-d70eaa0d,A_campaign,m6_1b-trial-009,9,0.35,3,0,1,0,1,0,0.3,1,1
track1_5ch,A,m6_1b-dataset-20260819T090215Z-d70eaa0d,m6_1b-dataset-20260819T090215Z-d70eaa0d,A_campaign,m6_1b-trial-009,9,0.4,4,0,1,0,1,0,0.3,1,1
track1_5ch,A,m6_1b-dataset-20260819T090215Z-d70eaa0d,m6_1b-dataset-20260819T090215Z-d70eaa0d,A_campaign,m6_1b-trial-009,9,0.5,5,0,0,0,0,0,0.3,1,1
track1_5ch,A,m6_1b-dataset-20260819T090215Z-d70eaa0d,m6_1b-dataset-20260819T090215Z-d70eaa0d,A_campaign,m6_1b-trial-009,9,0.6,6,0,0,0,0,0,0.3,1,1
track1_5ch,A,m6_1b-dataset-20260819T090215Z-d70eaa0d,m6_1b-dataset-20260819T090215Z-d70eaa0d,A_campaign,m6_1b-trial-009,9,0.8,7,0,1,0,1,0,0.3,1,1
track1_5ch,A,m6_1b-dataset-20260819T090215Z-d70eaa0d,m6_1b-dataset-20260819T090215Z-d70eaa0d,A_campaign,m6_1b-trial-009,9,1.0,8,0,1,0,1,0,0.3,1,1
track2_common3,A,m6_1b-dataset-20260819T090215Z-d70eaa0d,m6_1b-dataset-20260819T090215Z-d70eaa0d,A_campaign,m6_1b-trial-009,9,0.2,0,0,0,0,0,0,0.8,1,1
track2_common3,A,m6_1b-dataset-20260819T090215Z-d70eaa0d,m6_1b-dataset-20260819T090215Z-d70eaa0d,A_campaign,m6_1b-trial-009,9,0.25,1,0,0,0,0,0,0.8,1,1
track2_common3,A,m6_1b-dataset-20260819T090215Z-d70eaa0d,m6_1b-dataset-20260819T090215Z-d70eaa0d,A_campaign,m6_1b-trial-009,9,0.3,2,0,1,0,1,0,0.8,1,1
track2_common3,A,m6_1b-dataset-20260819T090215Z-d70eaa0d,m6_1b-dataset-20260819T090215Z-d70eaa0d,A_campaign,m6_1b-trial-009,9,0.35,3,0,1,0,1,0,0.8,1,1
track2_common3,A,m6_1b-dataset-20260819T090215Z-d70eaa0d,m6_1b-dataset-20260819T090215Z-d70eaa0d,A_campaign,m6_1b-trial-009,9,0.4,4,0,1,0,1,0,0.8,1,1
track2_common3,A,m6_1b-dataset-20260819T090215Z-d70eaa0d,m6_1b-dataset-20260819T090215Z-d70eaa0d,A_campaign,m6_1b-trial-009,9,0.5,5,0,1,0,1,0,0.8,1,1
track2_common3,A,m6_1b-dataset-20260819T090215Z-d70eaa0d,m6_1b-dataset-20260819T090215Z-d70eaa0d,A_campaign,m6_1b-trial-009,9,0.6,6,0,1,0,1,0,0.8,1,1
track2_common3,A,m6_1b-dataset-20260819T090215Z-d70eaa0d,m6_1b-dataset-20260819T090215Z-d70eaa0d,A_campaign,m6_1b-trial-009,9,0.8,7,0,1,0,1,0,0.8,1,1
track2_common3,A,m6_1b-dataset-20260819T090215Z-d70eaa0d,m6_1b-dataset-20260819T090215Z-d70eaa0d,A_campaign,m6_1b-trial-009,9,1.0,8,0,1,0,1,0,0.8,1,1
track1_5ch,A,m6_1b-dataset-20260819T090215Z-d70eaa0d,m6_1b-dataset-20260819T090215Z-d70eaa0d,A_campaign,m6_1b-trial-010,10,0.2,0,2,0,2,0,2,0.8,1,1
track1_5ch,A,m6_1b-dataset-20260819T090215Z-d70eaa0d,m6_1b-dataset-20260819T090215Z-d70eaa0d,A_campaign,m6_1b-trial-010,10,0.25,1,2,0,2,0,2,0.8,1,1
track1_5ch,A,m6_1b-dataset-20260819T090215Z-d70eaa0d,m6_1b-dataset-20260819T090215Z-d70eaa0d,A_campaign,m6_1b-trial-010,10,0.3,2,2,1,2,1,2,0.8,1,1
track1_5ch,A,m6_1b-dataset-20260819T090215Z-d70eaa0d,m6_1b-dataset-20260819T090215Z-d70eaa0d,A_campaign,m6_1b-trial-010,10,0.35,3,2,1,2,1,2,0.8,1,1
track1_5ch,A,m6_1b-dataset-20260819T090215Z-d70eaa0d,m6_1b-dataset-20260819T090215Z-d70eaa0d,A_campaign,m6_1b-trial-010,10,0.4,4,2,1,2,1,2,0.8,1,1
track1_5ch,A,m6_1b-dataset-20260819T090215Z-d70eaa0d,m6_1b-dataset-20260819T090215Z-d70eaa0d,A_campaign,m6_1b-trial-010,10,0.5,5,2,1,2,1,2,0.8,1,1
track1_5ch,A,m6_1b-dataset-20260819T090215Z-d70eaa0d,m6_1b-dataset-20260819T090215Z-d70eaa0d,A_campaign,m6_1b-trial-010,10,0.6,6,2,1,2,1,2,0.8,1,1
track1_5ch,A,m6_1b-dataset-20260819T090215Z-d70eaa0d,m6_1b-dataset-20260819T090215Z-d70eaa0d,A_campaign,m6_1b-trial-010,10,0.8,7,2,1,2,1,2,0.8,1,1
track1_5ch,A,m6_1b-dataset-20260819T090215Z-d70eaa0d,m6_1b-dataset-20260819T090215Z-d70eaa0d,A_campaign,m6_1b-trial-010,10,1.0,8,2,1,2,1,2,0.8,1,1
track2_common3,A,m6_1b-dataset-20260819T090215Z-d70eaa0d,m6_1b-dataset-20260819T090215Z-d70eaa0d,A_campaign,m6_1b-trial-010,10,0.2,0,2,0,2,0,2,1.0,1,1
track2_common3,A,m6_1b-dataset-20260819T090215Z-d70eaa0d,m6_1b-dataset-20260819T090215Z-d70eaa0d,A_campaign,m6_1b-trial-010,10,0.25,1,2,0,2,0,2,1.0,1,1
track2_common3,A,m6_1b-dataset-20260819T090215Z-d70eaa0d,m6_1b-dataset-20260819T090215Z-d70eaa0d,A_campaign,m6_1b-trial-010,10,0.3,2,2,0,2,0,2,1.0,1,1
track2_common3,A,m6_1b-dataset-20260819T090215Z-d70eaa0d,m6_1b-dataset-20260819T090215Z-d70eaa0d,A_campaign,m6_1b-trial-010,10,0.35,3,2,0,2,0,2,1.0,1,1
track2_common3,A,m6_1b-dataset-20260819T090215Z-d70eaa0d,m6_1b-dataset-20260819T090215Z-d70eaa0d,A_campaign,m6_1b-trial-010,10,0.4,4,2,1,2,1,2,1.0,1,1
track2_common3,A,m6_1b-dataset-20260819T090215Z-d70eaa0d,m6_1b-dataset-20260819T090215Z-d70eaa0d,A_campaign,m6_1b-trial-010,10,0.5,5,2,1,2,1,2,1.0,1,1
track2_common3,A,m6_1b-dataset-20260819T090215Z-d70eaa0d,m6_1b-dataset-20260819T090215Z-d70eaa0d,A_campaign,m6_1b-trial-010,10,0.6,6,2,1,2,1,2,1.0,1,1
track2_common3,A,m6_1b-dataset-20260819T090215Z-d70eaa0d,m6_1b-dataset-20260819T090215Z-d70eaa0d,A_campaign,m6_1b-trial-010,10,0.8,7,2,1,2,1,2,1.0,1,1
track2_common3,A,m6_1b-dataset-20260819T090215Z-d70eaa0d,m6_1b-dataset-20260819T090215Z-d70eaa0d,A_campaign,m6_1b-trial-010,10,1.0,8,2,1,2,1,2,1.0,1,1
track1_5ch,A,m6_1b-dataset-20260819T090215Z-d70eaa0d,m6_1b-dataset-20260819T090215Z-d70eaa0d,A_campaign,m6_1b-trial-011,11,0.2,0,1,0,0,0,0,0.4,0,1
track1_5ch,A,m6_1b-dataset-20260819T090215Z-d70eaa0d,m6_1b-dataset-20260819T090215Z-d70eaa0d,A_campaign,m6_1b-trial-011,11,0.25,1,1,0,0,1,0,0.4,0,1
track1_5ch,A,m6_1b-dataset-20260819T090215Z-d70eaa0d,m6_1b-dataset-20260819T090215Z-d70eaa0d,A_campaign,m6_1b-trial-011,11,0.3,2,1,0,0,1,0,0.4,0,1
track1_5ch,A,m6_1b-dataset-20260819T090215Z-d70eaa0d,m6_1b-dataset-20260819T090215Z-d70eaa0d,A_campaign,m6_1b-trial-011,11,0.35,3,1,0,0,1,0,0.4,0,1
track1_5ch,A,m6_1b-dataset-20260819T090215Z-d70eaa0d,m6_1b-dataset-20260819T090215Z-d70eaa0d,A_campaign,m6_1b-trial-011,11,0.4,4,1,0,0,1,0,0.4,0,1
track1_5ch,A,m6_1b-dataset-20260819T090215Z-d70eaa0d,m6_1b-dataset-20260819T090215Z-d70eaa0d,A_campaign,m6_1b-trial-011,11,0.5,5,1,0,0,1,0,0.4,0,1
track1_5ch,A,m6_1b-dataset-20260819T090215Z-d70eaa0d,m6_1b-dataset-20260819T090215Z-d70eaa0d,A_campaign,m6_1b-trial-011,11,0.6,6,1,0,0,1,0,0.4,0,1
track1_5ch,A,m6_1b-dataset-20260819T090215Z-d70eaa0d,m6_1b-dataset-20260819T090215Z-d70eaa0d,A_campaign,m6_1b-trial-011,11,0.8,7,1,0,0,1,0,0.4,0,1
track1_5ch,A,m6_1b-dataset-20260819T090215Z-d70eaa0d,m6_1b-dataset-20260819T090215Z-d70eaa0d,A_campaign,m6_1b-trial-011,11,1.0,8,1,1,0,0,0,0.4,0,1
track2_common3,A,m6_1b-dataset-20260819T090215Z-d70eaa0d,m6_1b-dataset-20260819T090215Z-d70eaa0d,A_campaign,m6_1b-trial-011,11,0.2,0,1,1,0,0,0,0.35,0,1
track2_common3,A,m6_1b-dataset-20260819T090215Z-d70eaa0d,m6_1b-dataset-20260819T090215Z-d70eaa0d,A_campaign,m6_1b-trial-011,11,0.25,1,1,0,0,1,0,0.35,0,1
track2_common3,A,m6_1b-dataset-20260819T090215Z-d70eaa0d,m6_1b-dataset-20260819T090215Z-d70eaa0d,A_campaign,m6_1b-trial-011,11,0.3,2,1,0,0,1,0,0.35,0,1
track2_common3,A,m6_1b-dataset-20260819T090215Z-d70eaa0d,m6_1b-dataset-20260819T090215Z-d70eaa0d,A_campaign,m6_1b-trial-011,11,0.35,3,1,0,0,1,0,0.35,0,1
track2_common3,A,m6_1b-dataset-20260819T090215Z-d70eaa0d,m6_1b-dataset-20260819T090215Z-d70eaa0d,A_campaign,m6_1b-trial-011,11,0.4,4,1,0,0,1,0,0.35,0,1
track2_common3,A,m6_1b-dataset-20260819T090215Z-d70eaa0d,m6_1b-dataset-20260819T090215Z-d70eaa0d,A_campaign,m6_1b-trial-011,11,0.5,5,1,1,0,0,0,0.35,0,1
track2_common3,A,m6_1b-dataset-20260819T090215Z-d70eaa0d,m6_1b-dataset-20260819T090215Z-d70eaa0d,A_campaign,m6_1b-trial-011,11,0.6,6,1,1,0,0,0,0.35,0,1
track2_common3,A,m6_1b-dataset-20260819T090215Z-d70eaa0d,m6_1b-dataset-20260819T090215Z-d70eaa0d,A_campaign,m6_1b-trial-011,11,0.8,7,1,1,0,0,0,0.35,0,1
track2_common3,A,m6_1b-dataset-20260819T090215Z-d70eaa0d,m6_1b-dataset-20260819T090215Z-d70eaa0d,A_campaign,m6_1b-trial-011,11,1.0,8,1,1,0,0,0,0.35,0,1
track1_5ch,A,m6_1b-dataset-20260819T090215Z-d70eaa0d,m6_1b-dataset-20260819T090215Z-d70eaa0d,A_campaign,m6_1b-trial-012,12,0.2,0,1,0,1,0,1,0.8,1,1
track1_5ch,A,m6_1b-dataset-20260819T090215Z-d70eaa0d,m6_1b-dataset-20260819T090215Z-d70eaa0d,A_campaign,m6_1b-trial-012,12,0.25,1,1,0,1,0,1,0.8,1,1
track1_5ch,A,m6_1b-dataset-20260819T090215Z-d70eaa0d,m6_1b-dataset-20260819T090215Z-d70eaa0d,A_campaign,m6_1b-trial-012,12,0.3,2,1,0,1,0,1,0.8,1,1
track1_5ch,A,m6_1b-dataset-20260819T090215Z-d70eaa0d,m6_1b-dataset-20260819T090215Z-d70eaa0d,A_campaign,m6_1b-trial-012,12,0.35,3,1,0,1,0,1,0.8,1,1
track1_5ch,A,m6_1b-dataset-20260819T090215Z-d70eaa0d,m6_1b-dataset-20260819T090215Z-d70eaa0d,A_campaign,m6_1b-trial-012,12,0.4,4,1,0,1,0,1,0.8,1,1
track1_5ch,A,m6_1b-dataset-20260819T090215Z-d70eaa0d,m6_1b-dataset-20260819T090215Z-d70eaa0d,A_campaign,m6_1b-trial-012,12,0.5,5,1,1,1,1,1,0.8,1,1
track1_5ch,A,m6_1b-dataset-20260819T090215Z-d70eaa0d,m6_1b-dataset-20260819T090215Z-d70eaa0d,A_campaign,m6_1b-trial-012,12,0.6,6,1,1,1,1,1,0.8,1,1
track1_5ch,A,m6_1b-dataset-20260819T090215Z-d70eaa0d,m6_1b-dataset-20260819T090215Z-d70eaa0d,A_campaign,m6_1b-trial-012,12,0.8,7,1,1,1,1,1,0.8,1,1
track1_5ch,A,m6_1b-dataset-20260819T090215Z-d70eaa0d,m6_1b-dataset-20260819T090215Z-d70eaa0d,A_campaign,m6_1b-trial-012,12,1.0,8,1,1,1,1,1,0.8,1,1
track2_common3,A,m6_1b-dataset-20260819T090215Z-d70eaa0d,m6_1b-dataset-20260819T090215Z-d70eaa0d,A_campaign,m6_1b-trial-012,12,0.2,0,1,1,1,1,1,0.8,1,1
track2_common3,A,m6_1b-dataset-20260819T090215Z-d70eaa0d,m6_1b-dataset-20260819T090215Z-d70eaa0d,A_campaign,m6_1b-trial-012,12,0.25,1,1,0,1,0,1,0.8,1,1
track2_common3,A,m6_1b-dataset-20260819T090215Z-d70eaa0d,m6_1b-dataset-20260819T090215Z-d70eaa0d,A_campaign,m6_1b-trial-012,12,0.3,2,1,1,1,1,1,0.8,1,1
track2_common3,A,m6_1b-dataset-20260819T090215Z-d70eaa0d,m6_1b-dataset-20260819T090215Z-d70eaa0d,A_campaign,m6_1b-trial-012,12,0.35,3,1,1,1,1,1,0.8,1,1
track2_common3,A,m6_1b-dataset-20260819T090215Z-d70eaa0d,m6_1b-dataset-20260819T090215Z-d70eaa0d,A_campaign,m6_1b-trial-012,12,0.4,4,1,1,1,1,1,0.8,1,1
track2_common3,A,m6_1b-dataset-20260819T090215Z-d70eaa0d,m6_1b-dataset-20260819T090215Z-d70eaa0d,A_campaign,m6_1b-trial-012,12,0.5,5,1,1,1,1,1,0.8,1,1
track2_common3,A,m6_1b-dataset-20260819T090215Z-d70eaa0d,m6_1b-dataset-20260819T090215Z-d70eaa0d,A_campaign,m6_1b-trial-012,12,0.6,6,1,1,1,1,1,0.8,1,1
track2_common3,A,m6_1b-dataset-20260819T090215Z-d70eaa0d,m6_1b-dataset-20260819T090215Z-d70eaa0d,A_campaign,m6_1b-trial-012,12,0.8,7,1,1,1,1,1,0.8,1,1
track2_common3,A,m6_1b-dataset-20260819T090215Z-d70eaa0d,m6_1b-dataset-20260819T090215Z-d70eaa0d,A_campaign,m6_1b-trial-012,12,1.0,8,1,1,1,1,1,0.8,1,1
track1_5ch,A,m6_1b-dataset-20260819T090215Z-d70eaa0d,m6_1b-dataset-20260819T090215Z-d70eaa0d,A_campaign,m6_1b-trial-013,13,0.2,0,0,1,0,1,0,0.25,1,1
track1_5ch,A,m6_1b-dataset-20260819T090215Z-d70eaa0d,m6_1b-dataset-20260819T090215Z-d70eaa0d,A_campaign,m6_1b-trial-013,13,0.25,1,0,1,0,1,0,0.25,1,1
track1_5ch,A,m6_1b-dataset-20260819T090215Z-d70eaa0d,m6_1b-dataset-20260819T090215Z-d70eaa0d,A_campaign,m6_1b-trial-013,13,0.3,2,0,1,0,1,0,0.25,1,1
track1_5ch,A,m6_1b-dataset-20260819T090215Z-d70eaa0d,m6_1b-dataset-20260819T090215Z-d70eaa0d,A_campaign,m6_1b-trial-013,13,0.35,3,0,1,0,1,0,0.25,1,1
track1_5ch,A,m6_1b-dataset-20260819T090215Z-d70eaa0d,m6_1b-dataset-20260819T090215Z-d70eaa0d,A_campaign,m6_1b-trial-013,13,0.4,4,0,1,0,1,0,0.25,1,1
track1_5ch,A,m6_1b-dataset-20260819T090215Z-d70eaa0d,m6_1b-dataset-20260819T090215Z-d70eaa0d,A_campaign,m6_1b-trial-013,13,0.5,5,0,1,0,1,0,0.25,1,1
track1_5ch,A,m6_1b-dataset-20260819T090215Z-d70eaa0d,m6_1b-dataset-20260819T090215Z-d70eaa0d,A_campaign,m6_1b-trial-013,13,0.6,6,0,1,0,1,0,0.25,1,1
track1_5ch,A,m6_1b-dataset-20260819T090215Z-d70eaa0d,m6_1b-dataset-20260819T090215Z-d70eaa0d,A_campaign,m6_1b-trial-013,13,0.8,7,0,1,0,1,0,0.25,1,1
track1_5ch,A,m6_1b-dataset-20260819T090215Z-d70eaa0d,m6_1b-dataset-20260819T090215Z-d70eaa0d,A_campaign,m6_1b-trial-013,13,1.0,8,0,1,0,1,0,0.25,1,1
track2_common3,A,m6_1b-dataset-20260819T090215Z-d70eaa0d,m6_1b-dataset-20260819T090215Z-d70eaa0d,A_campaign,m6_1b-trial-013,13,0.2,0,0,0,0,0,0,0.6,1,1
track2_common3,A,m6_1b-dataset-20260819T090215Z-d70eaa0d,m6_1b-dataset-20260819T090215Z-d70eaa0d,A_campaign,m6_1b-trial-013,13,0.25,1,0,1,0,1,0,0.6,1,1
track2_common3,A,m6_1b-dataset-20260819T090215Z-d70eaa0d,m6_1b-dataset-20260819T090215Z-d70eaa0d,A_campaign,m6_1b-trial-013,13,0.3,2,0,1,0,1,0,0.6,1,1
track2_common3,A,m6_1b-dataset-20260819T090215Z-d70eaa0d,m6_1b-dataset-20260819T090215Z-d70eaa0d,A_campaign,m6_1b-trial-013,13,0.35,3,0,1,0,1,0,0.6,1,1
track2_common3,A,m6_1b-dataset-20260819T090215Z-d70eaa0d,m6_1b-dataset-20260819T090215Z-d70eaa0d,A_campaign,m6_1b-trial-013,13,0.4,4,0,1,0,1,0,0.6,1,1
track2_common3,A,m6_1b-dataset-20260819T090215Z-d70eaa0d,m6_1b-dataset-20260819T090215Z-d70eaa0d,A_campaign,m6_1b-trial-013,13,0.5,5,0,1,0,1,0,0.6,1,1
track2_common3,A,m6_1b-dataset-20260819T090215Z-d70eaa0d,m6_1b-dataset-20260819T090215Z-d70eaa0d,A_campaign,m6_1b-trial-013,13,0.6,6,0,1,0,1,0,0.6,1,1
track2_common3,A,m6_1b-dataset-20260819T090215Z-d70eaa0d,m6_1b-dataset-20260819T090215Z-d70eaa0d,A_campaign,m6_1b-trial-013,13,0.8,7,0,1,0,1,0,0.6,1,1
track2_common3,A,m6_1b-dataset-20260819T090215Z-d70eaa0d,m6_1b-dataset-20260819T090215Z-d70eaa0d,A_campaign,m6_1b-trial-013,13,1.0,8,0,1,0,1,0,0.6,1,1
track1_5ch,A,m6_1b-dataset-20260819T090215Z-d70eaa0d,m6_1b-dataset-20260819T090215Z-d70eaa0d,A_campaign,m6_1b-trial-014,14,0.2,0,1,1,1,1,1,0.4,1,1
track1_5ch,A,m6_1b-dataset-20260819T090215Z-d70eaa0d,m6_1b-dataset-20260819T090215Z-d70eaa0d,A_campaign,m6_1b-trial-014,14,0.25,1,1,1,1,1,1,0.4,1,1
track1_5ch,A,m6_1b-dataset-20260819T090215Z-d70eaa0d,m6_1b-dataset-20260819T090215Z-d70eaa0d,A_campaign,m6_1b-trial-014,14,0.3,2,1,1,1,1,1,0.4,1,1
track1_5ch,A,m6_1b-dataset-20260819T090215Z-d70eaa0d,m6_1b-dataset-20260819T090215Z-d70eaa0d,A_campaign,m6_1b-trial-014,14,0.35,3,1,1,1,1,1,0.4,1,1
track1_5ch,A,m6_1b-dataset-20260819T090215Z-d70eaa0d,m6_1b-dataset-20260819T090215Z-d70eaa0d,A_campaign,m6_1b-trial-014,14,0.4,4,1,1,1,1,1,0.4,1,1
track1_5ch,A,m6_1b-dataset-20260819T090215Z-d70eaa0d,m6_1b-dataset-20260819T090215Z-d70eaa0d,A_campaign,m6_1b-trial-014,14,0.5,5,1,1,1,1,1,0.4,1,1
track1_5ch,A,m6_1b-dataset-20260819T090215Z-d70eaa0d,m6_1b-dataset-20260819T090215Z-d70eaa0d,A_campaign,m6_1b-trial-014,14,0.6,6,1,1,1,1,1,0.4,1,1
track1_5ch,A,m6_1b-dataset-20260819T090215Z-d70eaa0d,m6_1b-dataset-20260819T090215Z-d70eaa0d,A_campaign,m6_1b-trial-014,14,0.8,7,1,1,1,1,1,0.4,1,1
track1_5ch,A,m6_1b-dataset-20260819T090215Z-d70eaa0d,m6_1b-dataset-20260819T090215Z-d70eaa0d,A_campaign,m6_1b-trial-014,14,1.0,8,1,1,1,1,1,0.4,1,1
track2_common3,A,m6_1b-dataset-20260819T090215Z-d70eaa0d,m6_1b-dataset-20260819T090215Z-d70eaa0d,A_campaign,m6_1b-trial-014,14,0.2,0,1,1,1,1,1,0.4,1,1
track2_common3,A,m6_1b-dataset-20260819T090215Z-d70eaa0d,m6_1b-dataset-20260819T090215Z-d70eaa0d,A_campaign,m6_1b-trial-014,14,0.25,1,1,0,1,0,1,0.4,1,1
track2_common3,A,m6_1b-dataset-20260819T090215Z-d70eaa0d,m6_1b-dataset-20260819T090215Z-d70eaa0d,A_campaign,m6_1b-trial-014,14,0.3,2,1,0,1,0,1,0.4,1,1
track2_common3,A,m6_1b-dataset-20260819T090215Z-d70eaa0d,m6_1b-dataset-20260819T090215Z-d70eaa0d,A_campaign,m6_1b-trial-014,14,0.35,3,1,1,1,1,1,0.4,1,1
track2_common3,A,m6_1b-dataset-20260819T090215Z-d70eaa0d,m6_1b-dataset-20260819T090215Z-d70eaa0d,A_campaign,m6_1b-trial-014,14,0.4,4,1,1,1,1,1,0.4,1,1
track2_common3,A,m6_1b-dataset-20260819T090215Z-d70eaa0d,m6_1b-dataset-20260819T090215Z-d70eaa0d,A_campaign,m6_1b-trial-014,14,0.5,5,1,1,1,1,1,0.4,1,1
track2_common3,A,m6_1b-dataset-20260819T090215Z-d70eaa0d,m6_1b-dataset-20260819T090215Z-d70eaa0d,A_campaign,m6_1b-trial-014,14,0.6,6,1,1,1,1,1,0.4,1,1
track2_common3,A,m6_1b-dataset-20260819T090215Z-d70eaa0d,m6_1b-dataset-20260819T090215Z-d70eaa0d,A_campaign,m6_1b-trial-014,14,0.8,7,1,1,1,1,1,0.4,1,1
track2_common3,A,m6_1b-dataset-20260819T090215Z-d70eaa0d,m6_1b-dataset-20260819T090215Z-d70eaa0d,A_campaign,m6_1b-trial-014,14,1.0,8,1,1,1,1,1,0.4,1,1
track1_5ch,A,m6_1b-dataset-20260819T090215Z-d70eaa0d,m6_1b-dataset-20260819T090215Z-d70eaa0d,A_campaign,m6_1b-trial-015,15,0.2,0,0,0,0,0,0,1.0,1,1
track1_5ch,A,m6_1b-dataset-20260819T090215Z-d70eaa0d,m6_1b-dataset-20260819T090215Z-d70eaa0d,A_campaign,m6_1b-trial-015,15,0.25,1,0,0,0,0,0,1.0,1,1
track1_5ch,A,m6_1b-dataset-20260819T090215Z-d70eaa0d,m6_1b-dataset-20260819T090215Z-d70eaa0d,A_campaign,m6_1b-trial-015,15,0.3,2,0,0,0,0,0,1.0,1,1
track1_5ch,A,m6_1b-dataset-20260819T090215Z-d70eaa0d,m6_1b-dataset-20260819T090215Z-d70eaa0d,A_campaign,m6_1b-trial-015,15,0.35,3,0,0,0,0,0,1.0,1,1
track1_5ch,A,m6_1b-dataset-20260819T090215Z-d70eaa0d,m6_1b-dataset-20260819T090215Z-d70eaa0d,A_campaign,m6_1b-trial-015,15,0.4,4,0,0,0,0,0,1.0,1,1
track1_5ch,A,m6_1b-dataset-20260819T090215Z-d70eaa0d,m6_1b-dataset-20260819T090215Z-d70eaa0d,A_campaign,m6_1b-trial-015,15,0.5,5,0,0,0,0,0,1.0,1,1
track1_5ch,A,m6_1b-dataset-20260819T090215Z-d70eaa0d,m6_1b-dataset-20260819T090215Z-d70eaa0d,A_campaign,m6_1b-trial-015,15,0.6,6,0,0,0,0,0,1.0,1,1
track1_5ch,A,m6_1b-dataset-20260819T090215Z-d70eaa0d,m6_1b-dataset-20260819T090215Z-d70eaa0d,A_campaign,m6_1b-trial-015,15,0.8,7,0,1,0,1,0,1.0,1,1
track1_5ch,A,m6_1b-dataset-20260819T090215Z-d70eaa0d,m6_1b-dataset-20260819T090215Z-d70eaa0d,A_campaign,m6_1b-trial-015,15,1.0,8,0,1,0,1,0,1.0,1,1
track2_common3,A,m6_1b-dataset-20260819T090215Z-d70eaa0d,m6_1b-dataset-20260819T090215Z-d70eaa0d,A_campaign,m6_1b-trial-015,15,0.2,0,0,0,0,0,0,0.5,1,1
track2_common3,A,m6_1b-dataset-20260819T090215Z-d70eaa0d,m6_1b-dataset-20260819T090215Z-d70eaa0d,A_campaign,m6_1b-trial-015,15,0.25,1,0,0,0,0,0,0.5,1,1
track2_common3,A,m6_1b-dataset-20260819T090215Z-d70eaa0d,m6_1b-dataset-20260819T090215Z-d70eaa0d,A_campaign,m6_1b-trial-015,15,0.3,2,0,0,0,0,0,0.5,1,1
track2_common3,A,m6_1b-dataset-20260819T090215Z-d70eaa0d,m6_1b-dataset-20260819T090215Z-d70eaa0d,A_campaign,m6_1b-trial-015,15,0.35,3,0,0,0,0,0,0.5,1,1
track2_common3,A,m6_1b-dataset-20260819T090215Z-d70eaa0d,m6_1b-dataset-20260819T090215Z-d70eaa0d,A_campaign,m6_1b-trial-015,15,0.4,4,0,1,0,1,0,0.5,1,1
track2_common3,A,m6_1b-dataset-20260819T090215Z-d70eaa0d,m6_1b-dataset-20260819T090215Z-d70eaa0d,A_campaign,m6_1b-trial-015,15,0.5,5,0,1,0,1,0,0.5,1,1
track2_common3,A,m6_1b-dataset-20260819T090215Z-d70eaa0d,m6_1b-dataset-20260819T090215Z-d70eaa0d,A_campaign,m6_1b-trial-015,15,0.6,6,0,1,0,1,0,0.5,1,1
track2_common3,A,m6_1b-dataset-20260819T090215Z-d70eaa0d,m6_1b-dataset-20260819T090215Z-d70eaa0d,A_campaign,m6_1b-trial-015,15,0.8,7,0,1,0,1,0,0.5,1,1
track2_common3,A,m6_1b-dataset-20260819T090215Z-d70eaa0d,m6_1b-dataset-20260819T090215Z-d70eaa0d,A_campaign,m6_1b-trial-015,15,1.0,8,0,1,0,1,0,0.5,1,1
track1_5ch,A,m6_1b-dataset-20260819T090215Z-d70eaa0d,m6_1b-dataset-20260819T090215Z-d70eaa0d,A_campaign,m6_1b-trial-016,16,0.2,0,0,0,0,0,0,1.0,1,1
track1_5ch,A,m6_1b-dataset-20260819T090215Z-d70eaa0d,m6_1b-dataset-20260819T090215Z-d70eaa0d,A_campaign,m6_1b-trial-016,16,0.25,1,0,0,0,0,0,1.0,1,1
track1_5ch,A,m6_1b-dataset-20260819T090215Z-d70eaa0d,m6_1b-dataset-20260819T090215Z-d70eaa0d,A_campaign,m6_1b-trial-016,16,0.3,2,0,0,0,0,0,1.0,1,1
track1_5ch,A,m6_1b-dataset-20260819T090215Z-d70eaa0d,m6_1b-dataset-20260819T090215Z-d70eaa0d,A_campaign,m6_1b-trial-016,16,0.35,3,0,0,0,0,0,1.0,1,1
track1_5ch,A,m6_1b-dataset-20260819T090215Z-d70eaa0d,m6_1b-dataset-20260819T090215Z-d70eaa0d,A_campaign,m6_1b-trial-016,16,0.4,4,0,0,0,0,0,1.0,1,1
track1_5ch,A,m6_1b-dataset-20260819T090215Z-d70eaa0d,m6_1b-dataset-20260819T090215Z-d70eaa0d,A_campaign,m6_1b-trial-016,16,0.5,5,0,1,0,1,0,1.0,1,1
track1_5ch,A,m6_1b-dataset-20260819T090215Z-d70eaa0d,m6_1b-dataset-20260819T090215Z-d70eaa0d,A_campaign,m6_1b-trial-016,16,0.6,6,0,0,0,0,0,1.0,1,1
track1_5ch,A,m6_1b-dataset-20260819T090215Z-d70eaa0d,m6_1b-dataset-20260819T090215Z-d70eaa0d,A_campaign,m6_1b-trial-016,16,0.8,7,0,0,0,0,0,1.0,1,1
track1_5ch,A,m6_1b-dataset-20260819T090215Z-d70eaa0d,m6_1b-dataset-20260819T090215Z-d70eaa0d,A_campaign,m6_1b-trial-016,16,1.0,8,0,1,0,1,0,1.0,1,1
track2_common3,A,m6_1b-dataset-20260819T090215Z-d70eaa0d,m6_1b-dataset-20260819T090215Z-d70eaa0d,A_campaign,m6_1b-trial-016,16,0.2,0,0,0,2,1,2,0.4,0,1
track2_common3,A,m6_1b-dataset-20260819T090215Z-d70eaa0d,m6_1b-dataset-20260819T090215Z-d70eaa0d,A_campaign,m6_1b-trial-016,16,0.25,1,0,0,2,1,2,0.4,0,1
track2_common3,A,m6_1b-dataset-20260819T090215Z-d70eaa0d,m6_1b-dataset-20260819T090215Z-d70eaa0d,A_campaign,m6_1b-trial-016,16,0.3,2,0,0,2,0,2,0.4,0,1
track2_common3,A,m6_1b-dataset-20260819T090215Z-d70eaa0d,m6_1b-dataset-20260819T090215Z-d70eaa0d,A_campaign,m6_1b-trial-016,16,0.35,3,0,0,2,1,2,0.4,0,1
track2_common3,A,m6_1b-dataset-20260819T090215Z-d70eaa0d,m6_1b-dataset-20260819T090215Z-d70eaa0d,A_campaign,m6_1b-trial-016,16,0.4,4,0,0,2,1,2,0.4,0,1
track2_common3,A,m6_1b-dataset-20260819T090215Z-d70eaa0d,m6_1b-dataset-20260819T090215Z-d70eaa0d,A_campaign,m6_1b-trial-016,16,0.5,5,0,0,2,1,2,0.4,0,1
track2_common3,A,m6_1b-dataset-20260819T090215Z-d70eaa0d,m6_1b-dataset-20260819T090215Z-d70eaa0d,A_campaign,m6_1b-trial-016,16,0.6,6,0,0,2,1,2,0.4,0,1
track2_common3,A,m6_1b-dataset-20260819T090215Z-d70eaa0d,m6_1b-dataset-20260819T090215Z-d70eaa0d,A_campaign,m6_1b-trial-016,16,0.8,7,0,0,2,1,2,0.4,0,1
track2_common3,A,m6_1b-dataset-20260819T090215Z-d70eaa0d,m6_1b-dataset-20260819T090215Z-d70eaa0d,A_campaign,m6_1b-trial-016,16,1.0,8,0,1,2,0,2,0.4,0,1
track1_5ch,A,m6_1b-dataset-20260819T090215Z-d70eaa0d,m6_1b-dataset-20260819T090215Z-d70eaa0d,A_campaign,m6_1b-trial-017,17,0.2,0,1,0,1,0,1,0.35,1,1
track1_5ch,A,m6_1b-dataset-20260819T090215Z-d70eaa0d,m6_1b-dataset-20260819T090215Z-d70eaa0d,A_campaign,m6_1b-trial-017,17,0.25,1,1,0,1,0,1,0.35,1,1
track1_5ch,A,m6_1b-dataset-20260819T090215Z-d70eaa0d,m6_1b-dataset-20260819T090215Z-d70eaa0d,A_campaign,m6_1b-trial-017,17,0.3,2,1,1,1,1,1,0.35,1,1
track1_5ch,A,m6_1b-dataset-20260819T090215Z-d70eaa0d,m6_1b-dataset-20260819T090215Z-d70eaa0d,A_campaign,m6_1b-trial-017,17,0.35,3,1,1,1,1,1,0.35,1,1
track1_5ch,A,m6_1b-dataset-20260819T090215Z-d70eaa0d,m6_1b-dataset-20260819T090215Z-d70eaa0d,A_campaign,m6_1b-trial-017,17,0.4,4,1,1,1,1,1,0.35,1,1
track1_5ch,A,m6_1b-dataset-20260819T090215Z-d70eaa0d,m6_1b-dataset-20260819T090215Z-d70eaa0d,A_campaign,m6_1b-trial-017,17,0.5,5,1,1,1,1,1,0.35,1,1
track1_5ch,A,m6_1b-dataset-20260819T090215Z-d70eaa0d,m6_1b-dataset-20260819T090215Z-d70eaa0d,A_campaign,m6_1b-trial-017,17,0.6,6,1,1,1,1,1,0.35,1,1
track1_5ch,A,m6_1b-dataset-20260819T090215Z-d70eaa0d,m6_1b-dataset-20260819T090215Z-d70eaa0d,A_campaign,m6_1b-trial-017,17,0.8,7,1,1,1,1,1,0.35,1,1
track1_5ch,A,m6_1b-dataset-20260819T090215Z-d70eaa0d,m6_1b-dataset-20260819T090215Z-d70eaa0d,A_campaign,m6_1b-trial-017,17,1.0,8,1,1,1,1,1,0.35,1,1
track2_common3,A,m6_1b-dataset-20260819T090215Z-d70eaa0d,m6_1b-dataset-20260819T090215Z-d70eaa0d,A_campaign,m6_1b-trial-017,17,0.2,0,1,1,1,1,1,0.35,1,1
track2_common3,A,m6_1b-dataset-20260819T090215Z-d70eaa0d,m6_1b-dataset-20260819T090215Z-d70eaa0d,A_campaign,m6_1b-trial-017,17,0.25,1,1,1,1,1,1,0.35,1,1
track2_common3,A,m6_1b-dataset-20260819T090215Z-d70eaa0d,m6_1b-dataset-20260819T090215Z-d70eaa0d,A_campaign,m6_1b-trial-017,17,0.3,2,1,1,1,1,1,0.35,1,1
track2_common3,A,m6_1b-dataset-20260819T090215Z-d70eaa0d,m6_1b-dataset-20260819T090215Z-d70eaa0d,A_campaign,m6_1b-trial-017,17,0.35,3,1,1,1,1,1,0.35,1,1
track2_common3,A,m6_1b-dataset-20260819T090215Z-d70eaa0d,m6_1b-dataset-20260819T090215Z-d70eaa0d,A_campaign,m6_1b-trial-017,17,0.4,4,1,1,1,1,1,0.35,1,1
track2_common3,A,m6_1b-dataset-20260819T090215Z-d70eaa0d,m6_1b-dataset-20260819T090215Z-d70eaa0d,A_campaign,m6_1b-trial-017,17,0.5,5,1,1,1,1,1,0.35,1,1
track2_common3,A,m6_1b-dataset-20260819T090215Z-d70eaa0d,m6_1b-dataset-20260819T090215Z-d70eaa0d,A_campaign,m6_1b-trial-017,17,0.6,6,1,1,1,1,1,0.35,1,1
track2_common3,A,m6_1b-dataset-20260819T090215Z-d70eaa0d,m6_1b-dataset-20260819T090215Z-d70eaa0d,A_campaign,m6_1b-trial-017,17,0.8,7,1,1,1,1,1,0.35,1,1
track2_common3,A,m6_1b-dataset-20260819T090215Z-d70eaa0d,m6_1b-dataset-20260819T090215Z-d70eaa0d,A_campaign,m6_1b-trial-017,17,1.0,8,1,1,1,1,1,0.35,1,1
track1_5ch,A,m6_1b-dataset-20260819T090215Z-d70eaa0d,m6_1b-dataset-20260819T090215Z-d70eaa0d,A_campaign,m6_1b-trial-018,18,0.2,0,0,1,0,1,0,0.8,1,1
track1_5ch,A,m6_1b-dataset-20260819T090215Z-d70eaa0d,m6_1b-dataset-20260819T090215Z-d70eaa0d,A_campaign,m6_1b-trial-018,18,0.25,1,0,1,0,1,0,0.8,1,1
track1_5ch,A,m6_1b-dataset-20260819T090215Z-d70eaa0d,m6_1b-dataset-20260819T090215Z-d70eaa0d,A_campaign,m6_1b-trial-018,18,0.3,2,0,1,0,1,0,0.8,1,1
track1_5ch,A,m6_1b-dataset-20260819T090215Z-d70eaa0d,m6_1b-dataset-20260819T090215Z-d70eaa0d,A_campaign,m6_1b-trial-018,18,0.35,3,0,1,0,1,0,0.8,1,1
track1_5ch,A,m6_1b-dataset-20260819T090215Z-d70eaa0d,m6_1b-dataset-20260819T090215Z-d70eaa0d,A_campaign,m6_1b-trial-018,18,0.4,4,0,1,0,1,0,0.8,1,1
track1_5ch,A,m6_1b-dataset-20260819T090215Z-d70eaa0d,m6_1b-dataset-20260819T090215Z-d70eaa0d,A_campaign,m6_1b-trial-018,18,0.5,5,0,1,0,1,0,0.8,1,1
track1_5ch,A,m6_1b-dataset-20260819T090215Z-d70eaa0d,m6_1b-dataset-20260819T090215Z-d70eaa0d,A_campaign,m6_1b-trial-018,18,0.6,6,0,1,0,1,0,0.8,1,1
track1_5ch,A,m6_1b-dataset-20260819T090215Z-d70eaa0d,m6_1b-dataset-20260819T090215Z-d70eaa0d,A_campaign,m6_1b-trial-018,18,0.8,7,0,1,0,1,0,0.8,1,1
track1_5ch,A,m6_1b-dataset-20260819T090215Z-d70eaa0d,m6_1b-dataset-20260819T090215Z-d70eaa0d,A_campaign,m6_1b-trial-018,18,1.0,8,0,1,0,1,0,0.8,1,1
track2_common3,A,m6_1b-dataset-20260819T090215Z-d70eaa0d,m6_1b-dataset-20260819T090215Z-d70eaa0d,A_campaign,m6_1b-trial-018,18,0.2,0,0,1,0,1,0,0.25,1,1
track2_common3,A,m6_1b-dataset-20260819T090215Z-d70eaa0d,m6_1b-dataset-20260819T090215Z-d70eaa0d,A_campaign,m6_1b-trial-018,18,0.25,1,0,1,0,1,0,0.25,1,1
track2_common3,A,m6_1b-dataset-20260819T090215Z-d70eaa0d,m6_1b-dataset-20260819T090215Z-d70eaa0d,A_campaign,m6_1b-trial-018,18,0.3,2,0,1,0,1,0,0.25,1,1
track2_common3,A,m6_1b-dataset-20260819T090215Z-d70eaa0d,m6_1b-dataset-20260819T090215Z-d70eaa0d,A_campaign,m6_1b-trial-018,18,0.35,3,0,1,0,1,0,0.25,1,1
track2_common3,A,m6_1b-dataset-20260819T090215Z-d70eaa0d,m6_1b-dataset-20260819T090215Z-d70eaa0d,A_campaign,m6_1b-trial-018,18,0.4,4,0,1,0,1,0,0.25,1,1
track2_common3,A,m6_1b-dataset-20260819T090215Z-d70eaa0d,m6_1b-dataset-20260819T090215Z-d70eaa0d,A_campaign,m6_1b-trial-018,18,0.5,5,0,1,0,1,0,0.25,1,1
track2_common3,A,m6_1b-dataset-20260819T090215Z-d70eaa0d,m6_1b-dataset-20260819T090215Z-d70eaa0d,A_campaign,m6_1b-trial-018,18,0.6,6,0,1,0,1,0,0.25,1,1
track2_common3,A,m6_1b-dataset-20260819T090215Z-d70eaa0d,m6_1b-dataset-20260819T090215Z-d70eaa0d,A_campaign,m6_1b-trial-018,18,0.8,7,0,1,0,1,0,0.25,1,1
track2_common3,A,m6_1b-dataset-20260819T090215Z-d70eaa0d,m6_1b-dataset-20260819T090215Z-d70eaa0d,A_campaign,m6_1b-trial-018,18,1.0,8,0,1,0,1,0,0.25,1,1
track1_5ch,A,m6_1b-dataset-20260819T090215Z-d70eaa0d,m6_1b-dataset-20260819T090215Z-d70eaa0d,A_campaign,m6_1b-trial-019,19,0.2,0,2,0,2,0,2,0.35,1,1
track1_5ch,A,m6_1b-dataset-20260819T090215Z-d70eaa0d,m6_1b-dataset-20260819T090215Z-d70eaa0d,A_campaign,m6_1b-trial-019,19,0.25,1,2,0,2,0,2,0.35,1,1
track1_5ch,A,m6_1b-dataset-20260819T090215Z-d70eaa0d,m6_1b-dataset-20260819T090215Z-d70eaa0d,A_campaign,m6_1b-trial-019,19,0.3,2,2,1,2,1,2,0.35,1,1
track1_5ch,A,m6_1b-dataset-20260819T090215Z-d70eaa0d,m6_1b-dataset-20260819T090215Z-d70eaa0d,A_campaign,m6_1b-trial-019,19,0.35,3,2,1,2,1,2,0.35,1,1
track1_5ch,A,m6_1b-dataset-20260819T090215Z-d70eaa0d,m6_1b-dataset-20260819T090215Z-d70eaa0d,A_campaign,m6_1b-trial-019,19,0.4,4,2,1,2,1,2,0.35,1,1
track1_5ch,A,m6_1b-dataset-20260819T090215Z-d70eaa0d,m6_1b-dataset-20260819T090215Z-d70eaa0d,A_campaign,m6_1b-trial-019,19,0.5,5,2,1,2,1,2,0.35,1,1
track1_5ch,A,m6_1b-dataset-20260819T090215Z-d70eaa0d,m6_1b-dataset-20260819T090215Z-d70eaa0d,A_campaign,m6_1b-trial-019,19,0.6,6,2,1,2,1,2,0.35,1,1
track1_5ch,A,m6_1b-dataset-20260819T090215Z-d70eaa0d,m6_1b-dataset-20260819T090215Z-d70eaa0d,A_campaign,m6_1b-trial-019,19,0.8,7,2,1,2,1,2,0.35,1,1
track1_5ch,A,m6_1b-dataset-20260819T090215Z-d70eaa0d,m6_1b-dataset-20260819T090215Z-d70eaa0d,A_campaign,m6_1b-trial-019,19,1.0,8,2,1,2,1,2,0.35,1,1
track2_common3,A,m6_1b-dataset-20260819T090215Z-d70eaa0d,m6_1b-dataset-20260819T090215Z-d70eaa0d,A_campaign,m6_1b-trial-019,19,0.2,0,2,1,2,1,2,0.25,1,1
track2_common3,A,m6_1b-dataset-20260819T090215Z-d70eaa0d,m6_1b-dataset-20260819T090215Z-d70eaa0d,A_campaign,m6_1b-trial-019,19,0.25,1,2,1,2,1,2,0.25,1,1
track2_common3,A,m6_1b-dataset-20260819T090215Z-d70eaa0d,m6_1b-dataset-20260819T090215Z-d70eaa0d,A_campaign,m6_1b-trial-019,19,0.3,2,2,1,2,1,2,0.25,1,1
track2_common3,A,m6_1b-dataset-20260819T090215Z-d70eaa0d,m6_1b-dataset-20260819T090215Z-d70eaa0d,A_campaign,m6_1b-trial-019,19,0.35,3,2,1,2,1,2,0.25,1,1
track2_common3,A,m6_1b-dataset-20260819T090215Z-d70eaa0d,m6_1b-dataset-20260819T090215Z-d70eaa0d,A_campaign,m6_1b-trial-019,19,0.4,4,2,1,2,1,2,0.25,1,1
track2_common3,A,m6_1b-dataset-20260819T090215Z-d70eaa0d,m6_1b-dataset-20260819T090215Z-d70eaa0d,A_campaign,m6_1b-trial-019,19,0.5,5,2,0,2,0,2,0.25,1,1
track2_common3,A,m6_1b-dataset-20260819T090215Z-d70eaa0d,m6_1b-dataset-20260819T090215Z-d70eaa0d,A_campaign,m6_1b-trial-019,19,0.6,6,2,1,2,1,2,0.25,1,1
track2_common3,A,m6_1b-dataset-20260819T090215Z-d70eaa0d,m6_1b-dataset-20260819T090215Z-d70eaa0d,A_campaign,m6_1b-trial-019,19,0.8,7,2,0,2,0,2,0.25,1,1
track2_common3,A,m6_1b-dataset-20260819T090215Z-d70eaa0d,m6_1b-dataset-20260819T090215Z-d70eaa0d,A_campaign,m6_1b-trial-019,19,1.0,8,2,1,2,1,2,0.25,1,1
track1_5ch,A,m6_1b-dataset-20260819T090215Z-d70eaa0d,m6_1b-dataset-20260819T090215Z-d70eaa0d,A_campaign,m6_1b-trial-020,20,0.2,0,2,1,2,1,2,0.3,1,1
track1_5ch,A,m6_1b-dataset-20260819T090215Z-d70eaa0d,m6_1b-dataset-20260819T090215Z-d70eaa0d,A_campaign,m6_1b-trial-020,20,0.25,1,2,1,2,1,2,0.3,1,1
track1_5ch,A,m6_1b-dataset-20260819T090215Z-d70eaa0d,m6_1b-dataset-20260819T090215Z-d70eaa0d,A_campaign,m6_1b-trial-020,20,0.3,2,2,1,2,1,2,0.3,1,1
track1_5ch,A,m6_1b-dataset-20260819T090215Z-d70eaa0d,m6_1b-dataset-20260819T090215Z-d70eaa0d,A_campaign,m6_1b-trial-020,20,0.35,3,2,1,2,1,2,0.3,1,1
track1_5ch,A,m6_1b-dataset-20260819T090215Z-d70eaa0d,m6_1b-dataset-20260819T090215Z-d70eaa0d,A_campaign,m6_1b-trial-020,20,0.4,4,2,1,2,1,2,0.3,1,1
track1_5ch,A,m6_1b-dataset-20260819T090215Z-d70eaa0d,m6_1b-dataset-20260819T090215Z-d70eaa0d,A_campaign,m6_1b-trial-020,20,0.5,5,2,1,2,1,2,0.3,1,1
track1_5ch,A,m6_1b-dataset-20260819T090215Z-d70eaa0d,m6_1b-dataset-20260819T090215Z-d70eaa0d,A_campaign,m6_1b-trial-020,20,0.6,6,2,1,2,1,2,0.3,1,1
track1_5ch,A,m6_1b-dataset-20260819T090215Z-d70eaa0d,m6_1b-dataset-20260819T090215Z-d70eaa0d,A_campaign,m6_1b-trial-020,20,0.8,7,2,1,2,1,2,0.3,1,1
track1_5ch,A,m6_1b-dataset-20260819T090215Z-d70eaa0d,m6_1b-dataset-20260819T090215Z-d70eaa0d,A_campaign,m6_1b-trial-020,20,1.0,8,2,1,2,1,2,0.3,1,1
track2_common3,A,m6_1b-dataset-20260819T090215Z-d70eaa0d,m6_1b-dataset-20260819T090215Z-d70eaa0d,A_campaign,m6_1b-trial-020,20,0.2,0,2,0,0,1,0,0.25,0,1
track2_common3,A,m6_1b-dataset-20260819T090215Z-d70eaa0d,m6_1b-dataset-20260819T090215Z-d70eaa0d,A_campaign,m6_1b-trial-020,20,0.25,1,2,0,0,1,0,0.25,0,1
track2_common3,A,m6_1b-dataset-20260819T090215Z-d70eaa0d,m6_1b-dataset-20260819T090215Z-d70eaa0d,A_campaign,m6_1b-trial-020,20,0.3,2,2,0,0,1,0,0.25,0,1
track2_common3,A,m6_1b-dataset-20260819T090215Z-d70eaa0d,m6_1b-dataset-20260819T090215Z-d70eaa0d,A_campaign,m6_1b-trial-020,20,0.35,3,2,0,0,1,0,0.25,0,1
track2_common3,A,m6_1b-dataset-20260819T090215Z-d70eaa0d,m6_1b-dataset-20260819T090215Z-d70eaa0d,A_campaign,m6_1b-trial-020,20,0.4,4,2,1,0,0,0,0.25,0,1
track2_common3,A,m6_1b-dataset-20260819T090215Z-d70eaa0d,m6_1b-dataset-20260819T090215Z-d70eaa0d,A_campaign,m6_1b-trial-020,20,0.5,5,2,1,0,0,0,0.25,0,1
track2_common3,A,m6_1b-dataset-20260819T090215Z-d70eaa0d,m6_1b-dataset-20260819T090215Z-d70eaa0d,A_campaign,m6_1b-trial-020,20,0.6,6,2,1,0,0,0,0.25,0,1
track2_common3,A,m6_1b-dataset-20260819T090215Z-d70eaa0d,m6_1b-dataset-20260819T090215Z-d70eaa0d,A_campaign,m6_1b-trial-020,20,0.8,7,2,1,0,0,0,0.25,0,1
track2_common3,A,m6_1b-dataset-20260819T090215Z-d70eaa0d,m6_1b-dataset-20260819T090215Z-d70eaa0d,A_campaign,m6_1b-trial-020,20,1.0,8,2,1,0,0,0,0.25,0,1
track1_5ch,A,m6_1b-dataset-20260819T090215Z-d70eaa0d,m6_1b-dataset-20260819T090215Z-d70eaa0d,A_campaign,m6_1b-trial-021,21,0.2,0,0,1,0,1,0,0.25,1,1
track1_5ch,A,m6_1b-dataset-20260819T090215Z-d70eaa0d,m6_1b-dataset-20260819T090215Z-d70eaa0d,A_campaign,m6_1b-trial-021,21,0.25,1,0,1,0,1,0,0.25,1,1
track1_5ch,A,m6_1b-dataset-20260819T090215Z-d70eaa0d,m6_1b-dataset-20260819T090215Z-d70eaa0d,A_campaign,m6_1b-trial-021,21,0.3,2,0,1,0,1,0,0.25,1,1
track1_5ch,A,m6_1b-dataset-20260819T090215Z-d70eaa0d,m6_1b-dataset-20260819T090215Z-d70eaa0d,A_campaign,m6_1b-trial-021,21,0.35,3,0,1,0,1,0,0.25,1,1
track1_5ch,A,m6_1b-dataset-20260819T090215Z-d70eaa0d,m6_1b-dataset-20260819T090215Z-d70eaa0d,A_campaign,m6_1b-trial-021,21,0.4,4,0,1,0,1,0,0.25,1,1
track1_5ch,A,m6_1b-dataset-20260819T090215Z-d70eaa0d,m6_1b-dataset-20260819T090215Z-d70eaa0d,A_campaign,m6_1b-trial-021,21,0.5,5,0,1,0,1,0,0.25,1,1
track1_5ch,A,m6_1b-dataset-20260819T090215Z-d70eaa0d,m6_1b-dataset-20260819T090215Z-d70eaa0d,A_campaign,m6_1b-trial-021,21,0.6,6,0,1,0,1,0,0.25,1,1
track1_5ch,A,m6_1b-dataset-20260819T090215Z-d70eaa0d,m6_1b-dataset-20260819T090215Z-d70eaa0d,A_campaign,m6_1b-trial-021,21,0.8,7,0,1,0,1,0,0.25,1,1
track1_5ch,A,m6_1b-dataset-20260819T090215Z-d70eaa0d,m6_1b-dataset-20260819T090215Z-d70eaa0d,A_campaign,m6_1b-trial-021,21,1.0,8,0,1,0,1,0,0.25,1,1
track2_common3,A,m6_1b-dataset-20260819T090215Z-d70eaa0d,m6_1b-dataset-20260819T090215Z-d70eaa0d,A_campaign,m6_1b-trial-021,21,0.2,0,0,0,0,0,0,0.8,1,1
track2_common3,A,m6_1b-dataset-20260819T090215Z-d70eaa0d,m6_1b-dataset-20260819T090215Z-d70eaa0d,A_campaign,m6_1b-trial-021,21,0.25,1,0,1,0,1,0,0.8,1,1
track2_common3,A,m6_1b-dataset-20260819T090215Z-d70eaa0d,m6_1b-dataset-20260819T090215Z-d70eaa0d,A_campaign,m6_1b-trial-021,21,0.3,2,0,1,0,1,0,0.8,1,1
track2_common3,A,m6_1b-dataset-20260819T090215Z-d70eaa0d,m6_1b-dataset-20260819T090215Z-d70eaa0d,A_campaign,m6_1b-trial-021,21,0.35,3,0,0,0,0,0,0.8,1,1
track2_common3,A,m6_1b-dataset-20260819T090215Z-d70eaa0d,m6_1b-dataset-20260819T090215Z-d70eaa0d,A_campaign,m6_1b-trial-021,21,0.4,4,0,0,0,0,0,0.8,1,1
track2_common3,A,m6_1b-dataset-20260819T090215Z-d70eaa0d,m6_1b-dataset-20260819T090215Z-d70eaa0d,A_campaign,m6_1b-trial-021,21,0.5,5,0,1,0,1,0,0.8,1,1
track2_common3,A,m6_1b-dataset-20260819T090215Z-d70eaa0d,m6_1b-dataset-20260819T090215Z-d70eaa0d,A_campaign,m6_1b-trial-021,21,0.6,6,0,1,0,1,0,0.8,1,1
track2_common3,A,m6_1b-dataset-20260819T090215Z-d70eaa0d,m6_1b-dataset-20260819T090215Z-d70eaa0d,A_campaign,m6_1b-trial-021,21,0.8,7,0,1,0,1,0,0.8,1,1
track2_common3,A,m6_1b-dataset-20260819T090215Z-d70eaa0d,m6_1b-dataset-20260819T090215Z-d70eaa0d,A_campaign,m6_1b-trial-021,21,1.0,8,0,1,0,1,0,0.8,1,1
track1_5ch,A,m6_1b-dataset-20260819T090215Z-d70eaa0d,m6_1b-dataset-20260819T090215Z-d70eaa0d,A_campaign,m6_1b-trial-022,22,0.2,0,1,1,1,1,1,0.25,1,1
track1_5ch,A,m6_1b-dataset-20260819T090215Z-d70eaa0d,m6_1b-dataset-20260819T090215Z-d70eaa0d,A_campaign,m6_1b-trial-022,22,0.25,1,1,1,1,1,1,0.25,1,1
track1_5ch,A,m6_1b-dataset-20260819T090215Z-d70eaa0d,m6_1b-dataset-20260819T090215Z-d70eaa0d,A_campaign,m6_1b-trial-022,22,0.3,2,1,1,1,1,1,0.25,1,1
track1_5ch,A,m6_1b-dataset-20260819T090215Z-d70eaa0d,m6_1b-dataset-20260819T090215Z-d70eaa0d,A_campaign,m6_1b-trial-022,22,0.35,3,1,1,1,1,1,0.25,1,1
track1_5ch,A,m6_1b-dataset-20260819T090215Z-d70eaa0d,m6_1b-dataset-20260819T090215Z-d70eaa0d,A_campaign,m6_1b-trial-022,22,0.4,4,1,1,1,1,1,0.25,1,1
track1_5ch,A,m6_1b-dataset-20260819T090215Z-d70eaa0d,m6_1b-dataset-20260819T090215Z-d70eaa0d,A_campaign,m6_1b-trial-022,22,0.5,5,1,1,1,1,1,0.25,1,1
track1_5ch,A,m6_1b-dataset-20260819T090215Z-d70eaa0d,m6_1b-dataset-20260819T090215Z-d70eaa0d,A_campaign,m6_1b-trial-022,22,0.6,6,1,1,1,1,1,0.25,1,1
track1_5ch,A,m6_1b-dataset-20260819T090215Z-d70eaa0d,m6_1b-dataset-20260819T090215Z-d70eaa0d,A_campaign,m6_1b-trial-022,22,0.8,7,1,1,1,1,1,0.25,1,1
track1_5ch,A,m6_1b-dataset-20260819T090215Z-d70eaa0d,m6_1b-dataset-20260819T090215Z-d70eaa0d,A_campaign,m6_1b-trial-022,22,1.0,8,1,1,1,1,1,0.25,1,1
track2_common3,A,m6_1b-dataset-20260819T090215Z-d70eaa0d,m6_1b-dataset-20260819T090215Z-d70eaa0d,A_campaign,m6_1b-trial-022,22,0.2,0,1,1,1,1,1,0.25,1,1
track2_common3,A,m6_1b-dataset-20260819T090215Z-d70eaa0d,m6_1b-dataset-20260819T090215Z-d70eaa0d,A_campaign,m6_1b-trial-022,22,0.25,1,1,1,1,1,1,0.25,1,1
track2_common3,A,m6_1b-dataset-20260819T090215Z-d70eaa0d,m6_1b-dataset-20260819T090215Z-d70eaa0d,A_campaign,m6_1b-trial-022,22,0.3,2,1,1,1,1,1,0.25,1,1
track2_common3,A,m6_1b-dataset-20260819T090215Z-d70eaa0d,m6_1b-dataset-20260819T090215Z-d70eaa0d,A_campaign,m6_1b-trial-022,22,0.35,3,1,1,1,1,1,0.25,1,1
track2_common3,A,m6_1b-dataset-20260819T090215Z-d70eaa0d,m6_1b-dataset-20260819T090215Z-d70eaa0d,A_campaign,m6_1b-trial-022,22,0.4,4,1,1,1,1,1,0.25,1,1
track2_common3,A,m6_1b-dataset-20260819T090215Z-d70eaa0d,m6_1b-dataset-20260819T090215Z-d70eaa0d,A_campaign,m6_1b-trial-022,22,0.5,5,1,1,1,1,1,0.25,1,1
track2_common3,A,m6_1b-dataset-20260819T090215Z-d70eaa0d,m6_1b-dataset-20260819T090215Z-d70eaa0d,A_campaign,m6_1b-trial-022,22,0.6,6,1,1,1,1,1,0.25,1,1
track2_common3,A,m6_1b-dataset-20260819T090215Z-d70eaa0d,m6_1b-dataset-20260819T090215Z-d70eaa0d,A_campaign,m6_1b-trial-022,22,0.8,7,1,1,1,1,1,0.25,1,1
track2_common3,A,m6_1b-dataset-20260819T090215Z-d70eaa0d,m6_1b-dataset-20260819T090215Z-d70eaa0d,A_campaign,m6_1b-trial-022,22,1.0,8,1,1,1,1,1,0.25,1,1
track1_5ch,A,m6_1b-dataset-20260819T090215Z-d70eaa0d,m6_1b-dataset-20260819T090215Z-d70eaa0d,A_campaign,m6_1b-trial-023,23,0.2,0,2,1,2,1,2,0.35,1,1
track1_5ch,A,m6_1b-dataset-20260819T090215Z-d70eaa0d,m6_1b-dataset-20260819T090215Z-d70eaa0d,A_campaign,m6_1b-trial-023,23,0.25,1,2,1,2,1,2,0.35,1,1
track1_5ch,A,m6_1b-dataset-20260819T090215Z-d70eaa0d,m6_1b-dataset-20260819T090215Z-d70eaa0d,A_campaign,m6_1b-trial-023,23,0.3,2,2,1,2,1,2,0.35,1,1
track1_5ch,A,m6_1b-dataset-20260819T090215Z-d70eaa0d,m6_1b-dataset-20260819T090215Z-d70eaa0d,A_campaign,m6_1b-trial-023,23,0.35,3,2,1,2,1,2,0.35,1,1
track1_5ch,A,m6_1b-dataset-20260819T090215Z-d70eaa0d,m6_1b-dataset-20260819T090215Z-d70eaa0d,A_campaign,m6_1b-trial-023,23,0.4,4,2,1,2,1,2,0.35,1,1
track1_5ch,A,m6_1b-dataset-20260819T090215Z-d70eaa0d,m6_1b-dataset-20260819T090215Z-d70eaa0d,A_campaign,m6_1b-trial-023,23,0.5,5,2,1,2,1,2,0.35,1,1
track1_5ch,A,m6_1b-dataset-20260819T090215Z-d70eaa0d,m6_1b-dataset-20260819T090215Z-d70eaa0d,A_campaign,m6_1b-trial-023,23,0.6,6,2,1,2,1,2,0.35,1,1
track1_5ch,A,m6_1b-dataset-20260819T090215Z-d70eaa0d,m6_1b-dataset-20260819T090215Z-d70eaa0d,A_campaign,m6_1b-trial-023,23,0.8,7,2,1,2,1,2,0.35,1,1
track1_5ch,A,m6_1b-dataset-20260819T090215Z-d70eaa0d,m6_1b-dataset-20260819T090215Z-d70eaa0d,A_campaign,m6_1b-trial-023,23,1.0,8,2,1,2,1,2,0.35,1,1
track2_common3,A,m6_1b-dataset-20260819T090215Z-d70eaa0d,m6_1b-dataset-20260819T090215Z-d70eaa0d,A_campaign,m6_1b-trial-023,23,0.2,0,2,1,2,1,2,0.3,1,1
track2_common3,A,m6_1b-dataset-20260819T090215Z-d70eaa0d,m6_1b-dataset-20260819T090215Z-d70eaa0d,A_campaign,m6_1b-trial-023,23,0.25,1,2,1,2,1,2,0.3,1,1
track2_common3,A,m6_1b-dataset-20260819T090215Z-d70eaa0d,m6_1b-dataset-20260819T090215Z-d70eaa0d,A_campaign,m6_1b-trial-023,23,0.3,2,2,1,2,1,2,0.3,1,1
track2_common3,A,m6_1b-dataset-20260819T090215Z-d70eaa0d,m6_1b-dataset-20260819T090215Z-d70eaa0d,A_campaign,m6_1b-trial-023,23,0.35,3,2,1,2,1,2,0.3,1,1
track2_common3,A,m6_1b-dataset-20260819T090215Z-d70eaa0d,m6_1b-dataset-20260819T090215Z-d70eaa0d,A_campaign,m6_1b-trial-023,23,0.4,4,2,1,2,1,2,0.3,1,1
track2_common3,A,m6_1b-dataset-20260819T090215Z-d70eaa0d,m6_1b-dataset-20260819T090215Z-d70eaa0d,A_campaign,m6_1b-trial-023,23,0.5,5,2,1,2,1,2,0.3,1,1
track2_common3,A,m6_1b-dataset-20260819T090215Z-d70eaa0d,m6_1b-dataset-20260819T090215Z-d70eaa0d,A_campaign,m6_1b-trial-023,23,0.6,6,2,1,2,1,2,0.3,1,1
track2_common3,A,m6_1b-dataset-20260819T090215Z-d70eaa0d,m6_1b-dataset-20260819T090215Z-d70eaa0d,A_campaign,m6_1b-trial-023,23,0.8,7,2,1,2,1,2,0.3,1,1
track2_common3,A,m6_1b-dataset-20260819T090215Z-d70eaa0d,m6_1b-dataset-20260819T090215Z-d70eaa0d,A_campaign,m6_1b-trial-023,23,1.0,8,2,1,2,1,2,0.3,1,1
track1_5ch,A,m6_1b-dataset-20260819T090215Z-d70eaa0d,m6_1b-dataset-20260819T090215Z-d70eaa0d,A_campaign,m6_1b-trial-024,24,0.2,0,2,1,2,1,2,0.8,1,1
track1_5ch,A,m6_1b-dataset-20260819T090215Z-d70eaa0d,m6_1b-dataset-20260819T090215Z-d70eaa0d,A_campaign,m6_1b-trial-024,24,0.25,1,2,0,2,0,2,0.8,1,1
track1_5ch,A,m6_1b-dataset-20260819T090215Z-d70eaa0d,m6_1b-dataset-20260819T090215Z-d70eaa0d,A_campaign,m6_1b-trial-024,24,0.3,2,2,0,2,0,2,0.8,1,1
track1_5ch,A,m6_1b-dataset-20260819T090215Z-d70eaa0d,m6_1b-dataset-20260819T090215Z-d70eaa0d,A_campaign,m6_1b-trial-024,24,0.35,3,2,1,2,1,2,0.8,1,1
track1_5ch,A,m6_1b-dataset-20260819T090215Z-d70eaa0d,m6_1b-dataset-20260819T090215Z-d70eaa0d,A_campaign,m6_1b-trial-024,24,0.4,4,2,1,2,1,2,0.8,1,1
track1_5ch,A,m6_1b-dataset-20260819T090215Z-d70eaa0d,m6_1b-dataset-20260819T090215Z-d70eaa0d,A_campaign,m6_1b-trial-024,24,0.5,5,2,1,2,1,2,0.8,1,1
track1_5ch,A,m6_1b-dataset-20260819T090215Z-d70eaa0d,m6_1b-dataset-20260819T090215Z-d70eaa0d,A_campaign,m6_1b-trial-024,24,0.6,6,2,1,2,1,2,0.8,1,1
track1_5ch,A,m6_1b-dataset-20260819T090215Z-d70eaa0d,m6_1b-dataset-20260819T090215Z-d70eaa0d,A_campaign,m6_1b-trial-024,24,0.8,7,2,1,2,1,2,0.8,1,1
track1_5ch,A,m6_1b-dataset-20260819T090215Z-d70eaa0d,m6_1b-dataset-20260819T090215Z-d70eaa0d,A_campaign,m6_1b-trial-024,24,1.0,8,2,1,2,1,2,0.8,1,1
track2_common3,A,m6_1b-dataset-20260819T090215Z-d70eaa0d,m6_1b-dataset-20260819T090215Z-d70eaa0d,A_campaign,m6_1b-trial-024,24,0.2,0,2,0,2,0,2,0.5,1,1
track2_common3,A,m6_1b-dataset-20260819T090215Z-d70eaa0d,m6_1b-dataset-20260819T090215Z-d70eaa0d,A_campaign,m6_1b-trial-024,24,0.25,1,2,0,2,0,2,0.5,1,1
track2_common3,A,m6_1b-dataset-20260819T090215Z-d70eaa0d,m6_1b-dataset-20260819T090215Z-d70eaa0d,A_campaign,m6_1b-trial-024,24,0.3,2,2,1,2,1,2,0.5,1,1
track2_common3,A,m6_1b-dataset-20260819T090215Z-d70eaa0d,m6_1b-dataset-20260819T090215Z-d70eaa0d,A_campaign,m6_1b-trial-024,24,0.35,3,2,1,2,1,2,0.5,1,1
track2_common3,A,m6_1b-dataset-20260819T090215Z-d70eaa0d,m6_1b-dataset-20260819T090215Z-d70eaa0d,A_campaign,m6_1b-trial-024,24,0.4,4,2,1,2,1,2,0.5,1,1
track2_common3,A,m6_1b-dataset-20260819T090215Z-d70eaa0d,m6_1b-dataset-20260819T090215Z-d70eaa0d,A_campaign,m6_1b-trial-024,24,0.5,5,2,1,2,1,2,0.5,1,1
track2_common3,A,m6_1b-dataset-20260819T090215Z-d70eaa0d,m6_1b-dataset-20260819T090215Z-d70eaa0d,A_campaign,m6_1b-trial-024,24,0.6,6,2,1,2,1,2,0.5,1,1
track2_common3,A,m6_1b-dataset-20260819T090215Z-d70eaa0d,m6_1b-dataset-20260819T090215Z-d70eaa0d,A_campaign,m6_1b-trial-024,24,0.8,7,2,1,2,1,2,0.5,1,1
track2_common3,A,m6_1b-dataset-20260819T090215Z-d70eaa0d,m6_1b-dataset-20260819T090215Z-d70eaa0d,A_campaign,m6_1b-trial-024,24,1.0,8,2,1,2,1,2,0.5,1,1
track1_5ch,A,m6_1b-dataset-20260819T090215Z-d70eaa0d,m6_1b-dataset-20260819T090215Z-d70eaa0d,A_campaign,m6_1b-trial-025,25,0.2,0,0,1,0,1,0,0.25,1,1
track1_5ch,A,m6_1b-dataset-20260819T090215Z-d70eaa0d,m6_1b-dataset-20260819T090215Z-d70eaa0d,A_campaign,m6_1b-trial-025,25,0.25,1,0,1,0,1,0,0.25,1,1
track1_5ch,A,m6_1b-dataset-20260819T090215Z-d70eaa0d,m6_1b-dataset-20260819T090215Z-d70eaa0d,A_campaign,m6_1b-trial-025,25,0.3,2,0,1,0,1,0,0.25,1,1
track1_5ch,A,m6_1b-dataset-20260819T090215Z-d70eaa0d,m6_1b-dataset-20260819T090215Z-d70eaa0d,A_campaign,m6_1b-trial-025,25,0.35,3,0,1,0,1,0,0.25,1,1
track1_5ch,A,m6_1b-dataset-20260819T090215Z-d70eaa0d,m6_1b-dataset-20260819T090215Z-d70eaa0d,A_campaign,m6_1b-trial-025,25,0.4,4,0,1,0,1,0,0.25,1,1
track1_5ch,A,m6_1b-dataset-20260819T090215Z-d70eaa0d,m6_1b-dataset-20260819T090215Z-d70eaa0d,A_campaign,m6_1b-trial-025,25,0.5,5,0,1,0,1,0,0.25,1,1
track1_5ch,A,m6_1b-dataset-20260819T090215Z-d70eaa0d,m6_1b-dataset-20260819T090215Z-d70eaa0d,A_campaign,m6_1b-trial-025,25,0.6,6,0,1,0,1,0,0.25,1,1
track1_5ch,A,m6_1b-dataset-20260819T090215Z-d70eaa0d,m6_1b-dataset-20260819T090215Z-d70eaa0d,A_campaign,m6_1b-trial-025,25,0.8,7,0,1,0,1,0,0.25,1,1
track1_5ch,A,m6_1b-dataset-20260819T090215Z-d70eaa0d,m6_1b-dataset-20260819T090215Z-d70eaa0d,A_campaign,m6_1b-trial-025,25,1.0,8,0,1,0,1,0,0.25,1,1
track2_common3,A,m6_1b-dataset-20260819T090215Z-d70eaa0d,m6_1b-dataset-20260819T090215Z-d70eaa0d,A_campaign,m6_1b-trial-025,25,0.2,0,0,0,0,0,0,0.4,1,1
track2_common3,A,m6_1b-dataset-20260819T090215Z-d70eaa0d,m6_1b-dataset-20260819T090215Z-d70eaa0d,A_campaign,m6_1b-trial-025,25,0.25,1,0,0,0,0,0,0.4,1,1
track2_common3,A,m6_1b-dataset-20260819T090215Z-d70eaa0d,m6_1b-dataset-20260819T090215Z-d70eaa0d,A_campaign,m6_1b-trial-025,25,0.3,2,0,1,0,1,0,0.4,1,1
track2_common3,A,m6_1b-dataset-20260819T090215Z-d70eaa0d,m6_1b-dataset-20260819T090215Z-d70eaa0d,A_campaign,m6_1b-trial-025,25,0.35,3,0,1,0,1,0,0.4,1,1
track2_common3,A,m6_1b-dataset-20260819T090215Z-d70eaa0d,m6_1b-dataset-20260819T090215Z-d70eaa0d,A_campaign,m6_1b-trial-025,25,0.4,4,0,1,0,1,0,0.4,1,1
track2_common3,A,m6_1b-dataset-20260819T090215Z-d70eaa0d,m6_1b-dataset-20260819T090215Z-d70eaa0d,A_campaign,m6_1b-trial-025,25,0.5,5,0,1,0,1,0,0.4,1,1
track2_common3,A,m6_1b-dataset-20260819T090215Z-d70eaa0d,m6_1b-dataset-20260819T090215Z-d70eaa0d,A_campaign,m6_1b-trial-025,25,0.6,6,0,1,0,1,0,0.4,1,1
track2_common3,A,m6_1b-dataset-20260819T090215Z-d70eaa0d,m6_1b-dataset-20260819T090215Z-d70eaa0d,A_campaign,m6_1b-trial-025,25,0.8,7,0,1,0,1,0,0.4,1,1
track2_common3,A,m6_1b-dataset-20260819T090215Z-d70eaa0d,m6_1b-dataset-20260819T090215Z-d70eaa0d,A_campaign,m6_1b-trial-025,25,1.0,8,0,1,0,1,0,0.4,1,1
track1_5ch,A,m6_1b-dataset-20260819T090215Z-d70eaa0d,m6_1b-dataset-20260819T090215Z-d70eaa0d,A_campaign,m6_1b-trial-026,26,0.2,0,0,0,0,0,0,0.4,1,1
track1_5ch,A,m6_1b-dataset-20260819T090215Z-d70eaa0d,m6_1b-dataset-20260819T090215Z-d70eaa0d,A_campaign,m6_1b-trial-026,26,0.25,1,0,0,0,0,0,0.4,1,1
track1_5ch,A,m6_1b-dataset-20260819T090215Z-d70eaa0d,m6_1b-dataset-20260819T090215Z-d70eaa0d,A_campaign,m6_1b-trial-026,26,0.3,2,0,0,0,0,0,0.4,1,1
track1_5ch,A,m6_1b-dataset-20260819T090215Z-d70eaa0d,m6_1b-dataset-20260819T090215Z-d70eaa0d,A_campaign,m6_1b-trial-026,26,0.35,3,0,1,0,1,0,0.4,1,1
track1_5ch,A,m6_1b-dataset-20260819T090215Z-d70eaa0d,m6_1b-dataset-20260819T090215Z-d70eaa0d,A_campaign,m6_1b-trial-026,26,0.4,4,0,1,0,1,0,0.4,1,1
track1_5ch,A,m6_1b-dataset-20260819T090215Z-d70eaa0d,m6_1b-dataset-20260819T090215Z-d70eaa0d,A_campaign,m6_1b-trial-026,26,0.5,5,0,1,0,1,0,0.4,1,1
track1_5ch,A,m6_1b-dataset-20260819T090215Z-d70eaa0d,m6_1b-dataset-20260819T090215Z-d70eaa0d,A_campaign,m6_1b-trial-026,26,0.6,6,0,1,0,1,0,0.4,1,1
track1_5ch,A,m6_1b-dataset-20260819T090215Z-d70eaa0d,m6_1b-dataset-20260819T090215Z-d70eaa0d,A_campaign,m6_1b-trial-026,26,0.8,7,0,1,0,1,0,0.4,1,1
track1_5ch,A,m6_1b-dataset-20260819T090215Z-d70eaa0d,m6_1b-dataset-20260819T090215Z-d70eaa0d,A_campaign,m6_1b-trial-026,26,1.0,8,0,1,0,1,0,0.4,1,1
track2_common3,A,m6_1b-dataset-20260819T090215Z-d70eaa0d,m6_1b-dataset-20260819T090215Z-d70eaa0d,A_campaign,m6_1b-trial-026,26,0.2,0,0,0,2,1,2,0.25,0,1
track2_common3,A,m6_1b-dataset-20260819T090215Z-d70eaa0d,m6_1b-dataset-20260819T090215Z-d70eaa0d,A_campaign,m6_1b-trial-026,26,0.25,1,0,0,2,1,2,0.25,0,1
track2_common3,A,m6_1b-dataset-20260819T090215Z-d70eaa0d,m6_1b-dataset-20260819T090215Z-d70eaa0d,A_campaign,m6_1b-trial-026,26,0.3,2,0,0,2,1,2,0.25,0,1
track2_common3,A,m6_1b-dataset-20260819T090215Z-d70eaa0d,m6_1b-dataset-20260819T090215Z-d70eaa0d,A_campaign,m6_1b-trial-026,26,0.35,3,0,1,2,0,2,0.25,0,1
track2_common3,A,m6_1b-dataset-20260819T090215Z-d70eaa0d,m6_1b-dataset-20260819T090215Z-d70eaa0d,A_campaign,m6_1b-trial-026,26,0.4,4,0,1,2,0,2,0.25,0,1
track2_common3,A,m6_1b-dataset-20260819T090215Z-d70eaa0d,m6_1b-dataset-20260819T090215Z-d70eaa0d,A_campaign,m6_1b-trial-026,26,0.5,5,0,1,2,0,2,0.25,0,1
track2_common3,A,m6_1b-dataset-20260819T090215Z-d70eaa0d,m6_1b-dataset-20260819T090215Z-d70eaa0d,A_campaign,m6_1b-trial-026,26,0.6,6,0,1,2,0,2,0.25,0,1
track2_common3,A,m6_1b-dataset-20260819T090215Z-d70eaa0d,m6_1b-dataset-20260819T090215Z-d70eaa0d,A_campaign,m6_1b-trial-026,26,0.8,7,0,1,2,0,2,0.25,0,1
track2_common3,A,m6_1b-dataset-20260819T090215Z-d70eaa0d,m6_1b-dataset-20260819T090215Z-d70eaa0d,A_campaign,m6_1b-trial-026,26,1.0,8,0,1,2,0,2,0.25,0,1
track1_5ch,A,m6_1b-dataset-20260819T090215Z-d70eaa0d,m6_1b-dataset-20260819T090215Z-d70eaa0d,A_campaign,m6_1b-trial-027,27,0.2,0,1,0,1,0,1,1.0,1,1
track1_5ch,A,m6_1b-dataset-20260819T090215Z-d70eaa0d,m6_1b-dataset-20260819T090215Z-d70eaa0d,A_campaign,m6_1b-trial-027,27,0.25,1,1,0,1,0,1,1.0,1,1
track1_5ch,A,m6_1b-dataset-20260819T090215Z-d70eaa0d,m6_1b-dataset-20260819T090215Z-d70eaa0d,A_campaign,m6_1b-trial-027,27,0.3,2,1,1,1,1,1,1.0,1,1
track1_5ch,A,m6_1b-dataset-20260819T090215Z-d70eaa0d,m6_1b-dataset-20260819T090215Z-d70eaa0d,A_campaign,m6_1b-trial-027,27,0.35,3,1,1,1,1,1,1.0,1,1
track1_5ch,A,m6_1b-dataset-20260819T090215Z-d70eaa0d,m6_1b-dataset-20260819T090215Z-d70eaa0d,A_campaign,m6_1b-trial-027,27,0.4,4,1,1,1,1,1,1.0,1,1
track1_5ch,A,m6_1b-dataset-20260819T090215Z-d70eaa0d,m6_1b-dataset-20260819T090215Z-d70eaa0d,A_campaign,m6_1b-trial-027,27,0.5,5,1,0,1,0,1,1.0,1,1
track1_5ch,A,m6_1b-dataset-20260819T090215Z-d70eaa0d,m6_1b-dataset-20260819T090215Z-d70eaa0d,A_campaign,m6_1b-trial-027,27,0.6,6,1,0,1,0,1,1.0,1,1
track1_5ch,A,m6_1b-dataset-20260819T090215Z-d70eaa0d,m6_1b-dataset-20260819T090215Z-d70eaa0d,A_campaign,m6_1b-trial-027,27,0.8,7,1,0,1,0,1,1.0,1,1
track1_5ch,A,m6_1b-dataset-20260819T090215Z-d70eaa0d,m6_1b-dataset-20260819T090215Z-d70eaa0d,A_campaign,m6_1b-trial-027,27,1.0,8,1,1,1,1,1,1.0,1,1
track2_common3,A,m6_1b-dataset-20260819T090215Z-d70eaa0d,m6_1b-dataset-20260819T090215Z-d70eaa0d,A_campaign,m6_1b-trial-027,27,0.2,0,1,1,1,1,1,0.3,1,1
track2_common3,A,m6_1b-dataset-20260819T090215Z-d70eaa0d,m6_1b-dataset-20260819T090215Z-d70eaa0d,A_campaign,m6_1b-trial-027,27,0.25,1,1,1,1,1,1,0.3,1,1
track2_common3,A,m6_1b-dataset-20260819T090215Z-d70eaa0d,m6_1b-dataset-20260819T090215Z-d70eaa0d,A_campaign,m6_1b-trial-027,27,0.3,2,1,1,1,1,1,0.3,1,1
track2_common3,A,m6_1b-dataset-20260819T090215Z-d70eaa0d,m6_1b-dataset-20260819T090215Z-d70eaa0d,A_campaign,m6_1b-trial-027,27,0.35,3,1,1,1,1,1,0.3,1,1
track2_common3,A,m6_1b-dataset-20260819T090215Z-d70eaa0d,m6_1b-dataset-20260819T090215Z-d70eaa0d,A_campaign,m6_1b-trial-027,27,0.4,4,1,1,1,1,1,0.3,1,1
track2_common3,A,m6_1b-dataset-20260819T090215Z-d70eaa0d,m6_1b-dataset-20260819T090215Z-d70eaa0d,A_campaign,m6_1b-trial-027,27,0.5,5,1,1,1,1,1,0.3,1,1
track2_common3,A,m6_1b-dataset-20260819T090215Z-d70eaa0d,m6_1b-dataset-20260819T090215Z-d70eaa0d,A_campaign,m6_1b-trial-027,27,0.6,6,1,1,1,1,1,0.3,1,1
track2_common3,A,m6_1b-dataset-20260819T090215Z-d70eaa0d,m6_1b-dataset-20260819T090215Z-d70eaa0d,A_campaign,m6_1b-trial-027,27,0.8,7,1,1,1,1,1,0.3,1,1
track2_common3,A,m6_1b-dataset-20260819T090215Z-d70eaa0d,m6_1b-dataset-20260819T090215Z-d70eaa0d,A_campaign,m6_1b-trial-027,27,1.0,8,1,1,1,1,1,0.3,1,1
track1_5ch,A,m6_1b-dataset-20260819T090215Z-d70eaa0d,m6_1b-dataset-20260819T090215Z-d70eaa0d,A_campaign,m6_1b-trial-028,28,0.2,0,2,0,2,0,2,0.6,1,1
track1_5ch,A,m6_1b-dataset-20260819T090215Z-d70eaa0d,m6_1b-dataset-20260819T090215Z-d70eaa0d,A_campaign,m6_1b-trial-028,28,0.25,1,2,0,2,0,2,0.6,1,1
track1_5ch,A,m6_1b-dataset-20260819T090215Z-d70eaa0d,m6_1b-dataset-20260819T090215Z-d70eaa0d,A_campaign,m6_1b-trial-028,28,0.3,2,2,0,2,0,2,0.6,1,1
track1_5ch,A,m6_1b-dataset-20260819T090215Z-d70eaa0d,m6_1b-dataset-20260819T090215Z-d70eaa0d,A_campaign,m6_1b-trial-028,28,0.35,3,2,0,2,0,2,0.6,1,1
track1_5ch,A,m6_1b-dataset-20260819T090215Z-d70eaa0d,m6_1b-dataset-20260819T090215Z-d70eaa0d,A_campaign,m6_1b-trial-028,28,0.4,4,2,0,2,0,2,0.6,1,1
track1_5ch,A,m6_1b-dataset-20260819T090215Z-d70eaa0d,m6_1b-dataset-20260819T090215Z-d70eaa0d,A_campaign,m6_1b-trial-028,28,0.5,5,2,1,2,1,2,0.6,1,1
track1_5ch,A,m6_1b-dataset-20260819T090215Z-d70eaa0d,m6_1b-dataset-20260819T090215Z-d70eaa0d,A_campaign,m6_1b-trial-028,28,0.6,6,2,1,2,1,2,0.6,1,1
track1_5ch,A,m6_1b-dataset-20260819T090215Z-d70eaa0d,m6_1b-dataset-20260819T090215Z-d70eaa0d,A_campaign,m6_1b-trial-028,28,0.8,7,2,1,2,1,2,0.6,1,1
track1_5ch,A,m6_1b-dataset-20260819T090215Z-d70eaa0d,m6_1b-dataset-20260819T090215Z-d70eaa0d,A_campaign,m6_1b-trial-028,28,1.0,8,2,1,2,1,2,0.6,1,1
track2_common3,A,m6_1b-dataset-20260819T090215Z-d70eaa0d,m6_1b-dataset-20260819T090215Z-d70eaa0d,A_campaign,m6_1b-trial-028,28,0.2,0,2,0,1,1,1,0.25,0,1
track2_common3,A,m6_1b-dataset-20260819T090215Z-d70eaa0d,m6_1b-dataset-20260819T090215Z-d70eaa0d,A_campaign,m6_1b-trial-028,28,0.25,1,2,0,1,1,1,0.25,0,1
track2_common3,A,m6_1b-dataset-20260819T090215Z-d70eaa0d,m6_1b-dataset-20260819T090215Z-d70eaa0d,A_campaign,m6_1b-trial-028,28,0.3,2,2,0,1,1,1,0.25,0,1
track2_common3,A,m6_1b-dataset-20260819T090215Z-d70eaa0d,m6_1b-dataset-20260819T090215Z-d70eaa0d,A_campaign,m6_1b-trial-028,28,0.35,3,2,0,1,1,1,0.25,0,1
track2_common3,A,m6_1b-dataset-20260819T090215Z-d70eaa0d,m6_1b-dataset-20260819T090215Z-d70eaa0d,A_campaign,m6_1b-trial-028,28,0.4,4,2,0,1,1,1,0.25,0,1
track2_common3,A,m6_1b-dataset-20260819T090215Z-d70eaa0d,m6_1b-dataset-20260819T090215Z-d70eaa0d,A_campaign,m6_1b-trial-028,28,0.5,5,2,0,1,1,1,0.25,0,1
track2_common3,A,m6_1b-dataset-20260819T090215Z-d70eaa0d,m6_1b-dataset-20260819T090215Z-d70eaa0d,A_campaign,m6_1b-trial-028,28,0.6,6,2,0,1,1,1,0.25,0,1
track2_common3,A,m6_1b-dataset-20260819T090215Z-d70eaa0d,m6_1b-dataset-20260819T090215Z-d70eaa0d,A_campaign,m6_1b-trial-028,28,0.8,7,2,1,1,0,1,0.25,0,1
track2_common3,A,m6_1b-dataset-20260819T090215Z-d70eaa0d,m6_1b-dataset-20260819T090215Z-d70eaa0d,A_campaign,m6_1b-trial-028,28,1.0,8,2,1,1,0,1,0.25,0,1
track1_5ch,A,m6_1b-dataset-20260819T090215Z-d70eaa0d,m6_1b-dataset-20260819T090215Z-d70eaa0d,A_campaign,m6_1b-trial-029,29,0.2,0,0,0,0,0,0,0.8,1,1
track1_5ch,A,m6_1b-dataset-20260819T090215Z-d70eaa0d,m6_1b-dataset-20260819T090215Z-d70eaa0d,A_campaign,m6_1b-trial-029,29,0.25,1,0,0,0,0,0,0.8,1,1
track1_5ch,A,m6_1b-dataset-20260819T090215Z-d70eaa0d,m6_1b-dataset-20260819T090215Z-d70eaa0d,A_campaign,m6_1b-trial-029,29,0.3,2,0,0,0,0,0,0.8,1,1
track1_5ch,A,m6_1b-dataset-20260819T090215Z-d70eaa0d,m6_1b-dataset-20260819T090215Z-d70eaa0d,A_campaign,m6_1b-trial-029,29,0.35,3,0,0,0,0,0,0.8,1,1
track1_5ch,A,m6_1b-dataset-20260819T090215Z-d70eaa0d,m6_1b-dataset-20260819T090215Z-d70eaa0d,A_campaign,m6_1b-trial-029,29,0.4,4,0,0,0,0,0,0.8,1,1
track1_5ch,A,m6_1b-dataset-20260819T090215Z-d70eaa0d,m6_1b-dataset-20260819T090215Z-d70eaa0d,A_campaign,m6_1b-trial-029,29,0.5,5,0,0,0,0,0,0.8,1,1
track1_5ch,A,m6_1b-dataset-20260819T090215Z-d70eaa0d,m6_1b-dataset-20260819T090215Z-d70eaa0d,A_campaign,m6_1b-trial-029,29,0.6,6,0,1,0,1,0,0.8,1,1
track1_5ch,A,m6_1b-dataset-20260819T090215Z-d70eaa0d,m6_1b-dataset-20260819T090215Z-d70eaa0d,A_campaign,m6_1b-trial-029,29,0.8,7,0,1,0,1,0,0.8,1,1
track1_5ch,A,m6_1b-dataset-20260819T090215Z-d70eaa0d,m6_1b-dataset-20260819T090215Z-d70eaa0d,A_campaign,m6_1b-trial-029,29,1.0,8,0,1,0,1,0,0.8,1,1
track2_common3,A,m6_1b-dataset-20260819T090215Z-d70eaa0d,m6_1b-dataset-20260819T090215Z-d70eaa0d,A_campaign,m6_1b-trial-029,29,0.2,0,0,0,1,1,1,0.25,0,1
track2_common3,A,m6_1b-dataset-20260819T090215Z-d70eaa0d,m6_1b-dataset-20260819T090215Z-d70eaa0d,A_campaign,m6_1b-trial-029,29,0.25,1,0,0,1,1,1,0.25,0,1
track2_common3,A,m6_1b-dataset-20260819T090215Z-d70eaa0d,m6_1b-dataset-20260819T090215Z-d70eaa0d,A_campaign,m6_1b-trial-029,29,0.3,2,0,0,1,1,1,0.25,0,1
track2_common3,A,m6_1b-dataset-20260819T090215Z-d70eaa0d,m6_1b-dataset-20260819T090215Z-d70eaa0d,A_campaign,m6_1b-trial-029,29,0.35,3,0,0,1,1,1,0.25,0,1
track2_common3,A,m6_1b-dataset-20260819T090215Z-d70eaa0d,m6_1b-dataset-20260819T090215Z-d70eaa0d,A_campaign,m6_1b-trial-029,29,0.4,4,0,0,1,0,1,0.25,0,1
track2_common3,A,m6_1b-dataset-20260819T090215Z-d70eaa0d,m6_1b-dataset-20260819T090215Z-d70eaa0d,A_campaign,m6_1b-trial-029,29,0.5,5,0,0,1,0,1,0.25,0,1
track2_common3,A,m6_1b-dataset-20260819T090215Z-d70eaa0d,m6_1b-dataset-20260819T090215Z-d70eaa0d,A_campaign,m6_1b-trial-029,29,0.6,6,0,0,1,0,1,0.25,0,1
track2_common3,A,m6_1b-dataset-20260819T090215Z-d70eaa0d,m6_1b-dataset-20260819T090215Z-d70eaa0d,A_campaign,m6_1b-trial-029,29,0.8,7,0,1,1,0,1,0.25,0,1
track2_common3,A,m6_1b-dataset-20260819T090215Z-d70eaa0d,m6_1b-dataset-20260819T090215Z-d70eaa0d,A_campaign,m6_1b-trial-029,29,1.0,8,0,1,1,0,1,0.25,0,1
track1_5ch,A,m6_1b-dataset-20260819T090215Z-d70eaa0d,m6_1b-dataset-20260819T090215Z-d70eaa0d,A_campaign,m6_1b-trial-030,30,0.2,0,1,1,1,1,1,0.8,1,1
track1_5ch,A,m6_1b-dataset-20260819T090215Z-d70eaa0d,m6_1b-dataset-20260819T090215Z-d70eaa0d,A_campaign,m6_1b-trial-030,30,0.25,1,1,0,1,0,1,0.8,1,1
track1_5ch,A,m6_1b-dataset-20260819T090215Z-d70eaa0d,m6_1b-dataset-20260819T090215Z-d70eaa0d,A_campaign,m6_1b-trial-030,30,0.3,2,1,1,1,1,1,0.8,1,1
track1_5ch,A,m6_1b-dataset-20260819T090215Z-d70eaa0d,m6_1b-dataset-20260819T090215Z-d70eaa0d,A_campaign,m6_1b-trial-030,30,0.35,3,1,1,1,1,1,0.8,1,1
track1_5ch,A,m6_1b-dataset-20260819T090215Z-d70eaa0d,m6_1b-dataset-20260819T090215Z-d70eaa0d,A_campaign,m6_1b-trial-030,30,0.4,4,1,1,1,1,1,0.8,1,1
track1_5ch,A,m6_1b-dataset-20260819T090215Z-d70eaa0d,m6_1b-dataset-20260819T090215Z-d70eaa0d,A_campaign,m6_1b-trial-030,30,0.5,5,1,1,1,1,1,0.8,1,1
track1_5ch,A,m6_1b-dataset-20260819T090215Z-d70eaa0d,m6_1b-dataset-20260819T090215Z-d70eaa0d,A_campaign,m6_1b-trial-030,30,0.6,6,1,1,1,1,1,0.8,1,1
track1_5ch,A,m6_1b-dataset-20260819T090215Z-d70eaa0d,m6_1b-dataset-20260819T090215Z-d70eaa0d,A_campaign,m6_1b-trial-030,30,0.8,7,1,1,1,1,1,0.8,1,1
track1_5ch,A,m6_1b-dataset-20260819T090215Z-d70eaa0d,m6_1b-dataset-20260819T090215Z-d70eaa0d,A_campaign,m6_1b-trial-030,30,1.0,8,1,1,1,1,1,0.8,1,1
track2_common3,A,m6_1b-dataset-20260819T090215Z-d70eaa0d,m6_1b-dataset-20260819T090215Z-d70eaa0d,A_campaign,m6_1b-trial-030,30,0.2,0,1,1,1,1,1,0.25,1,1
track2_common3,A,m6_1b-dataset-20260819T090215Z-d70eaa0d,m6_1b-dataset-20260819T090215Z-d70eaa0d,A_campaign,m6_1b-trial-030,30,0.25,1,1,1,1,1,1,0.25,1,1
track2_common3,A,m6_1b-dataset-20260819T090215Z-d70eaa0d,m6_1b-dataset-20260819T090215Z-d70eaa0d,A_campaign,m6_1b-trial-030,30,0.3,2,1,1,1,1,1,0.25,1,1
track2_common3,A,m6_1b-dataset-20260819T090215Z-d70eaa0d,m6_1b-dataset-20260819T090215Z-d70eaa0d,A_campaign,m6_1b-trial-030,30,0.35,3,1,1,1,1,1,0.25,1,1
track2_common3,A,m6_1b-dataset-20260819T090215Z-d70eaa0d,m6_1b-dataset-20260819T090215Z-d70eaa0d,A_campaign,m6_1b-trial-030,30,0.4,4,1,1,1,1,1,0.25,1,1
track2_common3,A,m6_1b-dataset-20260819T090215Z-d70eaa0d,m6_1b-dataset-20260819T090215Z-d70eaa0d,A_campaign,m6_1b-trial-030,30,0.5,5,1,1,1,1,1,0.25,1,1
track2_common3,A,m6_1b-dataset-20260819T090215Z-d70eaa0d,m6_1b-dataset-20260819T090215Z-d70eaa0d,A_campaign,m6_1b-trial-030,30,0.6,6,1,1,1,1,1,0.25,1,1
track2_common3,A,m6_1b-dataset-20260819T090215Z-d70eaa0d,m6_1b-dataset-20260819T090215Z-d70eaa0d,A_campaign,m6_1b-trial-030,30,0.8,7,1,1,1,1,1,0.25,1,1
track2_common3,A,m6_1b-dataset-20260819T090215Z-d70eaa0d,m6_1b-dataset-20260819T090215Z-d70eaa0d,A_campaign,m6_1b-trial-030,30,1.0,8,1,1,1,1,1,0.25,1,1
track1_5ch,B1,m6_4-dataset-20260819T155147Z-386f95dd,m6_4-dataset-20260819T155147Z-386f95dd,M6_4_campaign,m6_4-trial-001,1,0.2,0,0,0,0,0,0,0.4,1,1
track1_5ch,B1,m6_4-dataset-20260819T155147Z-386f95dd,m6_4-dataset-20260819T155147Z-386f95dd,M6_4_campaign,m6_4-trial-001,1,0.25,1,0,1,0,1,0,0.4,1,1
track1_5ch,B1,m6_4-dataset-20260819T155147Z-386f95dd,m6_4-dataset-20260819T155147Z-386f95dd,M6_4_campaign,m6_4-trial-001,1,0.3,2,0,1,0,1,0,0.4,1,1
track1_5ch,B1,m6_4-dataset-20260819T155147Z-386f95dd,m6_4-dataset-20260819T155147Z-386f95dd,M6_4_campaign,m6_4-trial-001,1,0.35,3,0,1,0,1,0,0.4,1,1
track1_5ch,B1,m6_4-dataset-20260819T155147Z-386f95dd,m6_4-dataset-20260819T155147Z-386f95dd,M6_4_campaign,m6_4-trial-001,1,0.4,4,0,1,0,1,0,0.4,1,1
track1_5ch,B1,m6_4-dataset-20260819T155147Z-386f95dd,m6_4-dataset-20260819T155147Z-386f95dd,M6_4_campaign,m6_4-trial-001,1,0.5,5,0,1,0,1,0,0.4,1,1
track1_5ch,B1,m6_4-dataset-20260819T155147Z-386f95dd,m6_4-dataset-20260819T155147Z-386f95dd,M6_4_campaign,m6_4-trial-001,1,0.6,6,0,1,0,1,0,0.4,1,1
track1_5ch,B1,m6_4-dataset-20260819T155147Z-386f95dd,m6_4-dataset-20260819T155147Z-386f95dd,M6_4_campaign,m6_4-trial-001,1,0.8,7,0,0,0,0,0,0.4,1,1
track1_5ch,B1,m6_4-dataset-20260819T155147Z-386f95dd,m6_4-dataset-20260819T155147Z-386f95dd,M6_4_campaign,m6_4-trial-001,1,1.0,8,0,1,0,1,0,0.4,1,1
track2_common3,B1,m6_4-dataset-20260819T155147Z-386f95dd,m6_4-dataset-20260819T155147Z-386f95dd,M6_4_campaign,m6_4-trial-001,1,0.2,0,0,1,0,1,0,0.4,1,1
track2_common3,B1,m6_4-dataset-20260819T155147Z-386f95dd,m6_4-dataset-20260819T155147Z-386f95dd,M6_4_campaign,m6_4-trial-001,1,0.25,1,0,1,0,1,0,0.4,1,1
track2_common3,B1,m6_4-dataset-20260819T155147Z-386f95dd,m6_4-dataset-20260819T155147Z-386f95dd,M6_4_campaign,m6_4-trial-001,1,0.3,2,0,1,0,1,0,0.4,1,1
track2_common3,B1,m6_4-dataset-20260819T155147Z-386f95dd,m6_4-dataset-20260819T155147Z-386f95dd,M6_4_campaign,m6_4-trial-001,1,0.35,3,0,1,0,1,0,0.4,1,1
track2_common3,B1,m6_4-dataset-20260819T155147Z-386f95dd,m6_4-dataset-20260819T155147Z-386f95dd,M6_4_campaign,m6_4-trial-001,1,0.4,4,0,1,0,1,0,0.4,1,1
track2_common3,B1,m6_4-dataset-20260819T155147Z-386f95dd,m6_4-dataset-20260819T155147Z-386f95dd,M6_4_campaign,m6_4-trial-001,1,0.5,5,0,1,0,1,0,0.4,1,1
track2_common3,B1,m6_4-dataset-20260819T155147Z-386f95dd,m6_4-dataset-20260819T155147Z-386f95dd,M6_4_campaign,m6_4-trial-001,1,0.6,6,0,0,0,0,0,0.4,1,1
track2_common3,B1,m6_4-dataset-20260819T155147Z-386f95dd,m6_4-dataset-20260819T155147Z-386f95dd,M6_4_campaign,m6_4-trial-001,1,0.8,7,0,0,0,0,0,0.4,1,1
track2_common3,B1,m6_4-dataset-20260819T155147Z-386f95dd,m6_4-dataset-20260819T155147Z-386f95dd,M6_4_campaign,m6_4-trial-001,1,1.0,8,0,1,0,1,0,0.4,1,1
track1_5ch,B1,m6_4-dataset-20260819T155147Z-386f95dd,m6_4-dataset-20260819T155147Z-386f95dd,M6_4_campaign,m6_4-trial-002,2,0.2,0,2,1,2,1,2,0.25,1,1
track1_5ch,B1,m6_4-dataset-20260819T155147Z-386f95dd,m6_4-dataset-20260819T155147Z-386f95dd,M6_4_campaign,m6_4-trial-002,2,0.25,1,2,1,2,1,2,0.25,1,1
track1_5ch,B1,m6_4-dataset-20260819T155147Z-386f95dd,m6_4-dataset-20260819T155147Z-386f95dd,M6_4_campaign,m6_4-trial-002,2,0.3,2,2,1,2,1,2,0.25,1,1
track1_5ch,B1,m6_4-dataset-20260819T155147Z-386f95dd,m6_4-dataset-20260819T155147Z-386f95dd,M6_4_campaign,m6_4-trial-002,2,0.35,3,2,1,2,1,2,0.25,1,1
track1_5ch,B1,m6_4-dataset-20260819T155147Z-386f95dd,m6_4-dataset-20260819T155147Z-386f95dd,M6_4_campaign,m6_4-trial-002,2,0.4,4,2,1,2,1,2,0.25,1,1
track1_5ch,B1,m6_4-dataset-20260819T155147Z-386f95dd,m6_4-dataset-20260819T155147Z-386f95dd,M6_4_campaign,m6_4-trial-002,2,0.5,5,2,1,2,1,2,0.25,1,1
track1_5ch,B1,m6_4-dataset-20260819T155147Z-386f95dd,m6_4-dataset-20260819T155147Z-386f95dd,M6_4_campaign,m6_4-trial-002,2,0.6,6,2,1,2,1,2,0.25,1,1
track1_5ch,B1,m6_4-dataset-20260819T155147Z-386f95dd,m6_4-dataset-20260819T155147Z-386f95dd,M6_4_campaign,m6_4-trial-002,2,0.8,7,2,1,2,1,2,0.25,1,1
track1_5ch,B1,m6_4-dataset-20260819T155147Z-386f95dd,m6_4-dataset-20260819T155147Z-386f95dd,M6_4_campaign,m6_4-trial-002,2,1.0,8,2,1,2,1,2,0.25,1,1
track2_common3,B1,m6_4-dataset-20260819T155147Z-386f95dd,m6_4-dataset-20260819T155147Z-386f95dd,M6_4_campaign,m6_4-trial-002,2,0.2,0,2,1,2,1,2,0.25,1,1
track2_common3,B1,m6_4-dataset-20260819T155147Z-386f95dd,m6_4-dataset-20260819T155147Z-386f95dd,M6_4_campaign,m6_4-trial-002,2,0.25,1,2,1,2,1,2,0.25,1,1
track2_common3,B1,m6_4-dataset-20260819T155147Z-386f95dd,m6_4-dataset-20260819T155147Z-386f95dd,M6_4_campaign,m6_4-trial-002,2,0.3,2,2,1,2,1,2,0.25,1,1
track2_common3,B1,m6_4-dataset-20260819T155147Z-386f95dd,m6_4-dataset-20260819T155147Z-386f95dd,M6_4_campaign,m6_4-trial-002,2,0.35,3,2,1,2,1,2,0.25,1,1
track2_common3,B1,m6_4-dataset-20260819T155147Z-386f95dd,m6_4-dataset-20260819T155147Z-386f95dd,M6_4_campaign,m6_4-trial-002,2,0.4,4,2,1,2,1,2,0.25,1,1
track2_common3,B1,m6_4-dataset-20260819T155147Z-386f95dd,m6_4-dataset-20260819T155147Z-386f95dd,M6_4_campaign,m6_4-trial-002,2,0.5,5,2,1,2,1,2,0.25,1,1
track2_common3,B1,m6_4-dataset-20260819T155147Z-386f95dd,m6_4-dataset-20260819T155147Z-386f95dd,M6_4_campaign,m6_4-trial-002,2,0.6,6,2,1,2,1,2,0.25,1,1
track2_common3,B1,m6_4-dataset-20260819T155147Z-386f95dd,m6_4-dataset-20260819T155147Z-386f95dd,M6_4_campaign,m6_4-trial-002,2,0.8,7,2,1,2,1,2,0.25,1,1
track2_common3,B1,m6_4-dataset-20260819T155147Z-386f95dd,m6_4-dataset-20260819T155147Z-386f95dd,M6_4_campaign,m6_4-trial-002,2,1.0,8,2,1,2,1,2,0.25,1,1
track1_5ch,B1,m6_4-dataset-20260819T155147Z-386f95dd,m6_4-dataset-20260819T155147Z-386f95dd,M6_4_campaign,m6_4-trial-003,3,0.2,0,2,0,2,0,2,0.3,1,1
track1_5ch,B1,m6_4-dataset-20260819T155147Z-386f95dd,m6_4-dataset-20260819T155147Z-386f95dd,M6_4_campaign,m6_4-trial-003,3,0.25,1,2,1,2,1,2,0.3,1,1
track1_5ch,B1,m6_4-dataset-20260819T155147Z-386f95dd,m6_4-dataset-20260819T155147Z-386f95dd,M6_4_campaign,m6_4-trial-003,3,0.3,2,2,1,2,1,2,0.3,1,1
track1_5ch,B1,m6_4-dataset-20260819T155147Z-386f95dd,m6_4-dataset-20260819T155147Z-386f95dd,M6_4_campaign,m6_4-trial-003,3,0.35,3,2,1,2,1,2,0.3,1,1
track1_5ch,B1,m6_4-dataset-20260819T155147Z-386f95dd,m6_4-dataset-20260819T155147Z-386f95dd,M6_4_campaign,m6_4-trial-003,3,0.4,4,2,1,2,1,2,0.3,1,1
track1_5ch,B1,m6_4-dataset-20260819T155147Z-386f95dd,m6_4-dataset-20260819T155147Z-386f95dd,M6_4_campaign,m6_4-trial-003,3,0.5,5,2,0,2,0,2,0.3,1,1
track1_5ch,B1,m6_4-dataset-20260819T155147Z-386f95dd,m6_4-dataset-20260819T155147Z-386f95dd,M6_4_campaign,m6_4-trial-003,3,0.6,6,2,1,2,1,2,0.3,1,1
track1_5ch,B1,m6_4-dataset-20260819T155147Z-386f95dd,m6_4-dataset-20260819T155147Z-386f95dd,M6_4_campaign,m6_4-trial-003,3,0.8,7,2,1,2,1,2,0.3,1,1
track1_5ch,B1,m6_4-dataset-20260819T155147Z-386f95dd,m6_4-dataset-20260819T155147Z-386f95dd,M6_4_campaign,m6_4-trial-003,3,1.0,8,2,1,2,1,2,0.3,1,1
track2_common3,B1,m6_4-dataset-20260819T155147Z-386f95dd,m6_4-dataset-20260819T155147Z-386f95dd,M6_4_campaign,m6_4-trial-003,3,0.2,0,2,1,2,1,2,0.25,1,1
track2_common3,B1,m6_4-dataset-20260819T155147Z-386f95dd,m6_4-dataset-20260819T155147Z-386f95dd,M6_4_campaign,m6_4-trial-003,3,0.25,1,2,1,2,1,2,0.25,1,1
track2_common3,B1,m6_4-dataset-20260819T155147Z-386f95dd,m6_4-dataset-20260819T155147Z-386f95dd,M6_4_campaign,m6_4-trial-003,3,0.3,2,2,1,2,1,2,0.25,1,1
track2_common3,B1,m6_4-dataset-20260819T155147Z-386f95dd,m6_4-dataset-20260819T155147Z-386f95dd,M6_4_campaign,m6_4-trial-003,3,0.35,3,2,1,2,1,2,0.25,1,1
track2_common3,B1,m6_4-dataset-20260819T155147Z-386f95dd,m6_4-dataset-20260819T155147Z-386f95dd,M6_4_campaign,m6_4-trial-003,3,0.4,4,2,1,2,1,2,0.25,1,1
track2_common3,B1,m6_4-dataset-20260819T155147Z-386f95dd,m6_4-dataset-20260819T155147Z-386f95dd,M6_4_campaign,m6_4-trial-003,3,0.5,5,2,1,2,1,2,0.25,1,1
track2_common3,B1,m6_4-dataset-20260819T155147Z-386f95dd,m6_4-dataset-20260819T155147Z-386f95dd,M6_4_campaign,m6_4-trial-003,3,0.6,6,2,1,2,1,2,0.25,1,1
track2_common3,B1,m6_4-dataset-20260819T155147Z-386f95dd,m6_4-dataset-20260819T155147Z-386f95dd,M6_4_campaign,m6_4-trial-003,3,0.8,7,2,1,2,1,2,0.25,1,1
track2_common3,B1,m6_4-dataset-20260819T155147Z-386f95dd,m6_4-dataset-20260819T155147Z-386f95dd,M6_4_campaign,m6_4-trial-003,3,1.0,8,2,1,2,1,2,0.25,1,1
track1_5ch,B1,m6_4-dataset-20260819T155147Z-386f95dd,m6_4-dataset-20260819T155147Z-386f95dd,M6_4_campaign,m6_4-trial-004,4,0.2,0,0,1,0,1,0,0.6,1,1
track1_5ch,B1,m6_4-dataset-20260819T155147Z-386f95dd,m6_4-dataset-20260819T155147Z-386f95dd,M6_4_campaign,m6_4-trial-004,4,0.25,1,0,1,0,1,0,0.6,1,1
track1_5ch,B1,m6_4-dataset-20260819T155147Z-386f95dd,m6_4-dataset-20260819T155147Z-386f95dd,M6_4_campaign,m6_4-trial-004,4,0.3,2,0,1,0,1,0,0.6,1,1
track1_5ch,B1,m6_4-dataset-20260819T155147Z-386f95dd,m6_4-dataset-20260819T155147Z-386f95dd,M6_4_campaign,m6_4-trial-004,4,0.35,3,0,1,0,1,0,0.6,1,1
track1_5ch,B1,m6_4-dataset-20260819T155147Z-386f95dd,m6_4-dataset-20260819T155147Z-386f95dd,M6_4_campaign,m6_4-trial-004,4,0.4,4,0,1,0,1,0,0.6,1,1
track1_5ch,B1,m6_4-dataset-20260819T155147Z-386f95dd,m6_4-dataset-20260819T155147Z-386f95dd,M6_4_campaign,m6_4-trial-004,4,0.5,5,0,1,0,1,0,0.6,1,1
track1_5ch,B1,m6_4-dataset-20260819T155147Z-386f95dd,m6_4-dataset-20260819T155147Z-386f95dd,M6_4_campaign,m6_4-trial-004,4,0.6,6,0,1,0,1,0,0.6,1,1
track1_5ch,B1,m6_4-dataset-20260819T155147Z-386f95dd,m6_4-dataset-20260819T155147Z-386f95dd,M6_4_campaign,m6_4-trial-004,4,0.8,7,0,1,0,1,0,0.6,1,1
track1_5ch,B1,m6_4-dataset-20260819T155147Z-386f95dd,m6_4-dataset-20260819T155147Z-386f95dd,M6_4_campaign,m6_4-trial-004,4,1.0,8,0,1,0,1,0,0.6,1,1
track2_common3,B1,m6_4-dataset-20260819T155147Z-386f95dd,m6_4-dataset-20260819T155147Z-386f95dd,M6_4_campaign,m6_4-trial-004,4,0.2,0,0,0,0,0,0,0.6,1,1
track2_common3,B1,m6_4-dataset-20260819T155147Z-386f95dd,m6_4-dataset-20260819T155147Z-386f95dd,M6_4_campaign,m6_4-trial-004,4,0.25,1,0,1,0,1,0,0.6,1,1
track2_common3,B1,m6_4-dataset-20260819T155147Z-386f95dd,m6_4-dataset-20260819T155147Z-386f95dd,M6_4_campaign,m6_4-trial-004,4,0.3,2,0,1,0,1,0,0.6,1,1
track2_common3,B1,m6_4-dataset-20260819T155147Z-386f95dd,m6_4-dataset-20260819T155147Z-386f95dd,M6_4_campaign,m6_4-trial-004,4,0.35,3,0,1,0,1,0,0.6,1,1
track2_common3,B1,m6_4-dataset-20260819T155147Z-386f95dd,m6_4-dataset-20260819T155147Z-386f95dd,M6_4_campaign,m6_4-trial-004,4,0.4,4,0,1,0,1,0,0.6,1,1
track2_common3,B1,m6_4-dataset-20260819T155147Z-386f95dd,m6_4-dataset-20260819T155147Z-386f95dd,M6_4_campaign,m6_4-trial-004,4,0.5,5,0,1,0,1,0,0.6,1,1
track2_common3,B1,m6_4-dataset-20260819T155147Z-386f95dd,m6_4-dataset-20260819T155147Z-386f95dd,M6_4_campaign,m6_4-trial-004,4,0.6,6,0,1,0,1,0,0.6,1,1
track2_common3,B1,m6_4-dataset-20260819T155147Z-386f95dd,m6_4-dataset-20260819T155147Z-386f95dd,M6_4_campaign,m6_4-trial-004,4,0.8,7,0,1,0,1,0,0.6,1,1
track2_common3,B1,m6_4-dataset-20260819T155147Z-386f95dd,m6_4-dataset-20260819T155147Z-386f95dd,M6_4_campaign,m6_4-trial-004,4,1.0,8,0,1,0,1,0,0.6,1,1
track1_5ch,B1,m6_4-dataset-20260819T155147Z-386f95dd,m6_4-dataset-20260819T155147Z-386f95dd,M6_4_campaign,m6_4-trial-005,5,0.2,0,1,1,1,1,1,0.4,1,1
track1_5ch,B1,m6_4-dataset-20260819T155147Z-386f95dd,m6_4-dataset-20260819T155147Z-386f95dd,M6_4_campaign,m6_4-trial-005,5,0.25,1,1,1,1,1,1,0.4,1,1
track1_5ch,B1,m6_4-dataset-20260819T155147Z-386f95dd,m6_4-dataset-20260819T155147Z-386f95dd,M6_4_campaign,m6_4-trial-005,5,0.3,2,1,1,1,1,1,0.4,1,1
track1_5ch,B1,m6_4-dataset-20260819T155147Z-386f95dd,m6_4-dataset-20260819T155147Z-386f95dd,M6_4_campaign,m6_4-trial-005,5,0.35,3,1,1,1,1,1,0.4,1,1
track1_5ch,B1,m6_4-dataset-20260819T155147Z-386f95dd,m6_4-dataset-20260819T155147Z-386f95dd,M6_4_campaign,m6_4-trial-005,5,0.4,4,1,1,1,1,1,0.4,1,1
track1_5ch,B1,m6_4-dataset-20260819T155147Z-386f95dd,m6_4-dataset-20260819T155147Z-386f95dd,M6_4_campaign,m6_4-trial-005,5,0.5,5,1,1,1,1,1,0.4,1,1
track1_5ch,B1,m6_4-dataset-20260819T155147Z-386f95dd,m6_4-dataset-20260819T155147Z-386f95dd,M6_4_campaign,m6_4-trial-005,5,0.6,6,1,1,1,1,1,0.4,1,1
track1_5ch,B1,m6_4-dataset-20260819T155147Z-386f95dd,m6_4-dataset-20260819T155147Z-386f95dd,M6_4_campaign,m6_4-trial-005,5,0.8,7,1,1,1,1,1,0.4,1,1
track1_5ch,B1,m6_4-dataset-20260819T155147Z-386f95dd,m6_4-dataset-20260819T155147Z-386f95dd,M6_4_campaign,m6_4-trial-005,5,1.0,8,1,1,1,1,1,0.4,1,1
track2_common3,B1,m6_4-dataset-20260819T155147Z-386f95dd,m6_4-dataset-20260819T155147Z-386f95dd,M6_4_campaign,m6_4-trial-005,5,0.2,0,1,1,1,1,1,0.25,1,1
track2_common3,B1,m6_4-dataset-20260819T155147Z-386f95dd,m6_4-dataset-20260819T155147Z-386f95dd,M6_4_campaign,m6_4-trial-005,5,0.25,1,1,1,1,1,1,0.25,1,1
track2_common3,B1,m6_4-dataset-20260819T155147Z-386f95dd,m6_4-dataset-20260819T155147Z-386f95dd,M6_4_campaign,m6_4-trial-005,5,0.3,2,1,1,1,1,1,0.25,1,1
track2_common3,B1,m6_4-dataset-20260819T155147Z-386f95dd,m6_4-dataset-20260819T155147Z-386f95dd,M6_4_campaign,m6_4-trial-005,5,0.35,3,1,0,1,0,1,0.25,1,1
track2_common3,B1,m6_4-dataset-20260819T155147Z-386f95dd,m6_4-dataset-20260819T155147Z-386f95dd,M6_4_campaign,m6_4-trial-005,5,0.4,4,1,0,1,0,1,0.25,1,1
track2_common3,B1,m6_4-dataset-20260819T155147Z-386f95dd,m6_4-dataset-20260819T155147Z-386f95dd,M6_4_campaign,m6_4-trial-005,5,0.5,5,1,1,1,1,1,0.25,1,1
track2_common3,B1,m6_4-dataset-20260819T155147Z-386f95dd,m6_4-dataset-20260819T155147Z-386f95dd,M6_4_campaign,m6_4-trial-005,5,0.6,6,1,1,1,1,1,0.25,1,1
track2_common3,B1,m6_4-dataset-20260819T155147Z-386f95dd,m6_4-dataset-20260819T155147Z-386f95dd,M6_4_campaign,m6_4-trial-005,5,0.8,7,1,0,1,0,1,0.25,1,1
track2_common3,B1,m6_4-dataset-20260819T155147Z-386f95dd,m6_4-dataset-20260819T155147Z-386f95dd,M6_4_campaign,m6_4-trial-005,5,1.0,8,1,0,1,0,1,0.25,1,1
track1_5ch,B1,m6_4-dataset-20260819T155147Z-386f95dd,m6_4-dataset-20260819T155147Z-386f95dd,M6_4_campaign,m6_4-trial-006,6,0.2,0,1,1,1,1,1,0.5,1,1
track1_5ch,B1,m6_4-dataset-20260819T155147Z-386f95dd,m6_4-dataset-20260819T155147Z-386f95dd,M6_4_campaign,m6_4-trial-006,6,0.25,1,1,1,1,1,1,0.5,1,1
track1_5ch,B1,m6_4-dataset-20260819T155147Z-386f95dd,m6_4-dataset-20260819T155147Z-386f95dd,M6_4_campaign,m6_4-trial-006,6,0.3,2,1,1,1,1,1,0.5,1,1
track1_5ch,B1,m6_4-dataset-20260819T155147Z-386f95dd,m6_4-dataset-20260819T155147Z-386f95dd,M6_4_campaign,m6_4-trial-006,6,0.35,3,1,1,1,1,1,0.5,1,1
track1_5ch,B1,m6_4-dataset-20260819T155147Z-386f95dd,m6_4-dataset-20260819T155147Z-386f95dd,M6_4_campaign,m6_4-trial-006,6,0.4,4,1,1,1,1,1,0.5,1,1
track1_5ch,B1,m6_4-dataset-20260819T155147Z-386f95dd,m6_4-dataset-20260819T155147Z-386f95dd,M6_4_campaign,m6_4-trial-006,6,0.5,5,1,1,1,1,1,0.5,1,1
track1_5ch,B1,m6_4-dataset-20260819T155147Z-386f95dd,m6_4-dataset-20260819T155147Z-386f95dd,M6_4_campaign,m6_4-trial-006,6,0.6,6,1,1,1,1,1,0.5,1,1
track1_5ch,B1,m6_4-dataset-20260819T155147Z-386f95dd,m6_4-dataset-20260819T155147Z-386f95dd,M6_4_campaign,m6_4-trial-006,6,0.8,7,1,1,1,1,1,0.5,1,1
track1_5ch,B1,m6_4-dataset-20260819T155147Z-386f95dd,m6_4-dataset-20260819T155147Z-386f95dd,M6_4_campaign,m6_4-trial-006,6,1.0,8,1,1,1,1,1,0.5,1,1
track2_common3,B1,m6_4-dataset-20260819T155147Z-386f95dd,m6_4-dataset-20260819T155147Z-386f95dd,M6_4_campaign,m6_4-trial-006,6,0.2,0,1,1,1,1,1,0.5,1,1
track2_common3,B1,m6_4-dataset-20260819T155147Z-386f95dd,m6_4-dataset-20260819T155147Z-386f95dd,M6_4_campaign,m6_4-trial-006,6,0.25,1,1,1,1,1,1,0.5,1,1
track2_common3,B1,m6_4-dataset-20260819T155147Z-386f95dd,m6_4-dataset-20260819T155147Z-386f95dd,M6_4_campaign,m6_4-trial-006,6,0.3,2,1,1,1,1,1,0.5,1,1
track2_common3,B1,m6_4-dataset-20260819T155147Z-386f95dd,m6_4-dataset-20260819T155147Z-386f95dd,M6_4_campaign,m6_4-trial-006,6,0.35,3,1,1,1,1,1,0.5,1,1
track2_common3,B1,m6_4-dataset-20260819T155147Z-386f95dd,m6_4-dataset-20260819T155147Z-386f95dd,M6_4_campaign,m6_4-trial-006,6,0.4,4,1,1,1,1,1,0.5,1,1
track2_common3,B1,m6_4-dataset-20260819T155147Z-386f95dd,m6_4-dataset-20260819T155147Z-386f95dd,M6_4_campaign,m6_4-trial-006,6,0.5,5,1,1,1,1,1,0.5,1,1
track2_common3,B1,m6_4-dataset-20260819T155147Z-386f95dd,m6_4-dataset-20260819T155147Z-386f95dd,M6_4_campaign,m6_4-trial-006,6,0.6,6,1,1,1,1,1,0.5,1,1
track2_common3,B1,m6_4-dataset-20260819T155147Z-386f95dd,m6_4-dataset-20260819T155147Z-386f95dd,M6_4_campaign,m6_4-trial-006,6,0.8,7,1,1,1,1,1,0.5,1,1
track2_common3,B1,m6_4-dataset-20260819T155147Z-386f95dd,m6_4-dataset-20260819T155147Z-386f95dd,M6_4_campaign,m6_4-trial-006,6,1.0,8,1,1,1,1,1,0.5,1,1
track1_5ch,B1,m6_4-dataset-20260819T155147Z-386f95dd,m6_4-dataset-20260819T155147Z-386f95dd,M6_4_campaign,m6_4-trial-007,7,0.2,0,2,1,2,1,2,0.6,1,1
track1_5ch,B1,m6_4-dataset-20260819T155147Z-386f95dd,m6_4-dataset-20260819T155147Z-386f95dd,M6_4_campaign,m6_4-trial-007,7,0.25,1,2,1,2,1,2,0.6,1,1
track1_5ch,B1,m6_4-dataset-20260819T155147Z-386f95dd,m6_4-dataset-20260819T155147Z-386f95dd,M6_4_campaign,m6_4-trial-007,7,0.3,2,2,1,2,1,2,0.6,1,1
track1_5ch,B1,m6_4-dataset-20260819T155147Z-386f95dd,m6_4-dataset-20260819T155147Z-386f95dd,M6_4_campaign,m6_4-trial-007,7,0.35,3,2,1,2,1,2,0.6,1,1
track1_5ch,B1,m6_4-dataset-20260819T155147Z-386f95dd,m6_4-dataset-20260819T155147Z-386f95dd,M6_4_campaign,m6_4-trial-007,7,0.4,4,2,1,2,1,2,0.6,1,1
track1_5ch,B1,m6_4-dataset-20260819T155147Z-386f95dd,m6_4-dataset-20260819T155147Z-386f95dd,M6_4_campaign,m6_4-trial-007,7,0.5,5,2,1,2,1,2,0.6,1,1
track1_5ch,B1,m6_4-dataset-20260819T155147Z-386f95dd,m6_4-dataset-20260819T155147Z-386f95dd,M6_4_campaign,m6_4-trial-007,7,0.6,6,2,1,2,1,2,0.6,1,1
track1_5ch,B1,m6_4-dataset-20260819T155147Z-386f95dd,m6_4-dataset-20260819T155147Z-386f95dd,M6_4_campaign,m6_4-trial-007,7,0.8,7,2,1,2,1,2,0.6,1,1
track1_5ch,B1,m6_4-dataset-20260819T155147Z-386f95dd,m6_4-dataset-20260819T155147Z-386f95dd,M6_4_campaign,m6_4-trial-007,7,1.0,8,2,1,2,1,2,0.6,1,1
track2_common3,B1,m6_4-dataset-20260819T155147Z-386f95dd,m6_4-dataset-20260819T155147Z-386f95dd,M6_4_campaign,m6_4-trial-007,7,0.2,0,2,0,2,0,2,0.3,1,1
track2_common3,B1,m6_4-dataset-20260819T155147Z-386f95dd,m6_4-dataset-20260819T155147Z-386f95dd,M6_4_campaign,m6_4-trial-007,7,0.25,1,2,1,2,1,2,0.3,1,1
track2_common3,B1,m6_4-dataset-20260819T155147Z-386f95dd,m6_4-dataset-20260819T155147Z-386f95dd,M6_4_campaign,m6_4-trial-007,7,0.3,2,2,1,2,1,2,0.3,1,1
track2_common3,B1,m6_4-dataset-20260819T155147Z-386f95dd,m6_4-dataset-20260819T155147Z-386f95dd,M6_4_campaign,m6_4-trial-007,7,0.35,3,2,1,2,1,2,0.3,1,1
track2_common3,B1,m6_4-dataset-20260819T155147Z-386f95dd,m6_4-dataset-20260819T155147Z-386f95dd,M6_4_campaign,m6_4-trial-007,7,0.4,4,2,1,2,1,2,0.3,1,1
track2_common3,B1,m6_4-dataset-20260819T155147Z-386f95dd,m6_4-dataset-20260819T155147Z-386f95dd,M6_4_campaign,m6_4-trial-007,7,0.5,5,2,1,2,1,2,0.3,1,1
track2_common3,B1,m6_4-dataset-20260819T155147Z-386f95dd,m6_4-dataset-20260819T155147Z-386f95dd,M6_4_campaign,m6_4-trial-007,7,0.6,6,2,1,2,1,2,0.3,1,1
track2_common3,B1,m6_4-dataset-20260819T155147Z-386f95dd,m6_4-dataset-20260819T155147Z-386f95dd,M6_4_campaign,m6_4-trial-007,7,0.8,7,2,1,2,1,2,0.3,1,1
track2_common3,B1,m6_4-dataset-20260819T155147Z-386f95dd,m6_4-dataset-20260819T155147Z-386f95dd,M6_4_campaign,m6_4-trial-007,7,1.0,8,2,1,2,1,2,0.3,1,1
track1_5ch,B1,m6_4-dataset-20260819T155147Z-386f95dd,m6_4-dataset-20260819T155147Z-386f95dd,M6_4_campaign,m6_4-trial-008,8,0.2,0,2,0,2,0,2,0.6,1,1
track1_5ch,B1,m6_4-dataset-20260819T155147Z-386f95dd,m6_4-dataset-20260819T155147Z-386f95dd,M6_4_campaign,m6_4-trial-008,8,0.25,1,2,0,2,0,2,0.6,1,1
track1_5ch,B1,m6_4-dataset-20260819T155147Z-386f95dd,m6_4-dataset-20260819T155147Z-386f95dd,M6_4_campaign,m6_4-trial-008,8,0.3,2,2,1,2,1,2,0.6,1,1
track1_5ch,B1,m6_4-dataset-20260819T155147Z-386f95dd,m6_4-dataset-20260819T155147Z-386f95dd,M6_4_campaign,m6_4-trial-008,8,0.35,3,2,1,2,1,2,0.6,1,1
track1_5ch,B1,m6_4-dataset-20260819T155147Z-386f95dd,m6_4-dataset-20260819T155147Z-386f95dd,M6_4_campaign,m6_4-trial-008,8,0.4,4,2,1,2,1,2,0.6,1,1
track1_5ch,B1,m6_4-dataset-20260819T155147Z-386f95dd,m6_4-dataset-20260819T155147Z-386f95dd,M6_4_campaign,m6_4-trial-008,8,0.5,5,2,1,2,1,2,0.6,1,1
track1_5ch,B1,m6_4-dataset-20260819T155147Z-386f95dd,m6_4-dataset-20260819T155147Z-386f95dd,M6_4_campaign,m6_4-trial-008,8,0.6,6,2,1,2,1,2,0.6,1,1
track1_5ch,B1,m6_4-dataset-20260819T155147Z-386f95dd,m6_4-dataset-20260819T155147Z-386f95dd,M6_4_campaign,m6_4-trial-008,8,0.8,7,2,1,2,1,2,0.6,1,1
track1_5ch,B1,m6_4-dataset-20260819T155147Z-386f95dd,m6_4-dataset-20260819T155147Z-386f95dd,M6_4_campaign,m6_4-trial-008,8,1.0,8,2,1,2,1,2,0.6,1,1
track2_common3,B1,m6_4-dataset-20260819T155147Z-386f95dd,m6_4-dataset-20260819T155147Z-386f95dd,M6_4_campaign,m6_4-trial-008,8,0.2,0,2,1,2,1,2,0.3,1,1
track2_common3,B1,m6_4-dataset-20260819T155147Z-386f95dd,m6_4-dataset-20260819T155147Z-386f95dd,M6_4_campaign,m6_4-trial-008,8,0.25,1,2,1,2,1,2,0.3,1,1
track2_common3,B1,m6_4-dataset-20260819T155147Z-386f95dd,m6_4-dataset-20260819T155147Z-386f95dd,M6_4_campaign,m6_4-trial-008,8,0.3,2,2,1,2,1,2,0.3,1,1
track2_common3,B1,m6_4-dataset-20260819T155147Z-386f95dd,m6_4-dataset-20260819T155147Z-386f95dd,M6_4_campaign,m6_4-trial-008,8,0.35,3,2,1,2,1,2,0.3,1,1
track2_common3,B1,m6_4-dataset-20260819T155147Z-386f95dd,m6_4-dataset-20260819T155147Z-386f95dd,M6_4_campaign,m6_4-trial-008,8,0.4,4,2,1,2,1,2,0.3,1,1
track2_common3,B1,m6_4-dataset-20260819T155147Z-386f95dd,m6_4-dataset-20260819T155147Z-386f95dd,M6_4_campaign,m6_4-trial-008,8,0.5,5,2,1,2,1,2,0.3,1,1
track2_common3,B1,m6_4-dataset-20260819T155147Z-386f95dd,m6_4-dataset-20260819T155147Z-386f95dd,M6_4_campaign,m6_4-trial-008,8,0.6,6,2,1,2,1,2,0.3,1,1
track2_common3,B1,m6_4-dataset-20260819T155147Z-386f95dd,m6_4-dataset-20260819T155147Z-386f95dd,M6_4_campaign,m6_4-trial-008,8,0.8,7,2,1,2,1,2,0.3,1,1
track2_common3,B1,m6_4-dataset-20260819T155147Z-386f95dd,m6_4-dataset-20260819T155147Z-386f95dd,M6_4_campaign,m6_4-trial-008,8,1.0,8,2,1,2,1,2,0.3,1,1
track1_5ch,B1,m6_4-dataset-20260819T155147Z-386f95dd,m6_4-dataset-20260819T155147Z-386f95dd,M6_4_campaign,m6_4-trial-009,9,0.2,0,0,1,0,1,0,0.3,1,1
track1_5ch,B1,m6_4-dataset-20260819T155147Z-386f95dd,m6_4-dataset-20260819T155147Z-386f95dd,M6_4_campaign,m6_4-trial-009,9,0.25,1,0,1,0,1,0,0.3,1,1
track1_5ch,B1,m6_4-dataset-20260819T155147Z-386f95dd,m6_4-dataset-20260819T155147Z-386f95dd,M6_4_campaign,m6_4-trial-009,9,0.3,2,0,1,0,1,0,0.3,1,1
track1_5ch,B1,m6_4-dataset-20260819T155147Z-386f95dd,m6_4-dataset-20260819T155147Z-386f95dd,M6_4_campaign,m6_4-trial-009,9,0.35,3,0,1,0,1,0,0.3,1,1
track1_5ch,B1,m6_4-dataset-20260819T155147Z-386f95dd,m6_4-dataset-20260819T155147Z-386f95dd,M6_4_campaign,m6_4-trial-009,9,0.4,4,0,1,0,1,0,0.3,1,1
track1_5ch,B1,m6_4-dataset-20260819T155147Z-386f95dd,m6_4-dataset-20260819T155147Z-386f95dd,M6_4_campaign,m6_4-trial-009,9,0.5,5,0,1,0,1,0,0.3,1,1
track1_5ch,B1,m6_4-dataset-20260819T155147Z-386f95dd,m6_4-dataset-20260819T155147Z-386f95dd,M6_4_campaign,m6_4-trial-009,9,0.6,6,0,1,0,1,0,0.3,1,1
track1_5ch,B1,m6_4-dataset-20260819T155147Z-386f95dd,m6_4-dataset-20260819T155147Z-386f95dd,M6_4_campaign,m6_4-trial-009,9,0.8,7,0,1,0,1,0,0.3,1,1
track1_5ch,B1,m6_4-dataset-20260819T155147Z-386f95dd,m6_4-dataset-20260819T155147Z-386f95dd,M6_4_campaign,m6_4-trial-009,9,1.0,8,0,1,0,1,0,0.3,1,1
track2_common3,B1,m6_4-dataset-20260819T155147Z-386f95dd,m6_4-dataset-20260819T155147Z-386f95dd,M6_4_campaign,m6_4-trial-009,9,0.2,0,0,1,0,1,0,0.3,1,1
track2_common3,B1,m6_4-dataset-20260819T155147Z-386f95dd,m6_4-dataset-20260819T155147Z-386f95dd,M6_4_campaign,m6_4-trial-009,9,0.25,1,0,1,0,1,0,0.3,1,1
track2_common3,B1,m6_4-dataset-20260819T155147Z-386f95dd,m6_4-dataset-20260819T155147Z-386f95dd,M6_4_campaign,m6_4-trial-009,9,0.3,2,0,1,0,1,0,0.3,1,1
track2_common3,B1,m6_4-dataset-20260819T155147Z-386f95dd,m6_4-dataset-20260819T155147Z-386f95dd,M6_4_campaign,m6_4-trial-009,9,0.35,3,0,1,0,1,0,0.3,1,1
track2_common3,B1,m6_4-dataset-20260819T155147Z-386f95dd,m6_4-dataset-20260819T155147Z-386f95dd,M6_4_campaign,m6_4-trial-009,9,0.4,4,0,1,0,1,0,0.3,1,1
track2_common3,B1,m6_4-dataset-20260819T155147Z-386f95dd,m6_4-dataset-20260819T155147Z-386f95dd,M6_4_campaign,m6_4-trial-009,9,0.5,5,0,1,0,1,0,0.3,1,1
track2_common3,B1,m6_4-dataset-20260819T155147Z-386f95dd,m6_4-dataset-20260819T155147Z-386f95dd,M6_4_campaign,m6_4-trial-009,9,0.6,6,0,1,0,1,0,0.3,1,1
track2_common3,B1,m6_4-dataset-20260819T155147Z-386f95dd,m6_4-dataset-20260819T155147Z-386f95dd,M6_4_campaign,m6_4-trial-009,9,0.8,7,0,1,0,1,0,0.3,1,1
track2_common3,B1,m6_4-dataset-20260819T155147Z-386f95dd,m6_4-dataset-20260819T155147Z-386f95dd,M6_4_campaign,m6_4-trial-009,9,1.0,8,0,1,0,1,0,0.3,1,1
track1_5ch,B1,m6_4-dataset-20260819T155147Z-386f95dd,m6_4-dataset-20260819T155147Z-386f95dd,M6_4_campaign,m6_4-trial-010,10,0.2,0,2,0,2,0,2,0.6,1,1
track1_5ch,B1,m6_4-dataset-20260819T155147Z-386f95dd,m6_4-dataset-20260819T155147Z-386f95dd,M6_4_campaign,m6_4-trial-010,10,0.25,1,2,0,2,0,2,0.6,1,1
track1_5ch,B1,m6_4-dataset-20260819T155147Z-386f95dd,m6_4-dataset-20260819T155147Z-386f95dd,M6_4_campaign,m6_4-trial-010,10,0.3,2,2,1,2,1,2,0.6,1,1
track1_5ch,B1,m6_4-dataset-20260819T155147Z-386f95dd,m6_4-dataset-20260819T155147Z-386f95dd,M6_4_campaign,m6_4-trial-010,10,0.35,3,2,1,2,1,2,0.6,1,1
track1_5ch,B1,m6_4-dataset-20260819T155147Z-386f95dd,m6_4-dataset-20260819T155147Z-386f95dd,M6_4_campaign,m6_4-trial-010,10,0.4,4,2,1,2,1,2,0.6,1,1
track1_5ch,B1,m6_4-dataset-20260819T155147Z-386f95dd,m6_4-dataset-20260819T155147Z-386f95dd,M6_4_campaign,m6_4-trial-010,10,0.5,5,2,1,2,1,2,0.6,1,1
track1_5ch,B1,m6_4-dataset-20260819T155147Z-386f95dd,m6_4-dataset-20260819T155147Z-386f95dd,M6_4_campaign,m6_4-trial-010,10,0.6,6,2,1,2,1,2,0.6,1,1
track1_5ch,B1,m6_4-dataset-20260819T155147Z-386f95dd,m6_4-dataset-20260819T155147Z-386f95dd,M6_4_campaign,m6_4-trial-010,10,0.8,7,2,1,2,1,2,0.6,1,1
track1_5ch,B1,m6_4-dataset-20260819T155147Z-386f95dd,m6_4-dataset-20260819T155147Z-386f95dd,M6_4_campaign,m6_4-trial-010,10,1.0,8,2,1,2,1,2,0.6,1,1
track2_common3,B1,m6_4-dataset-20260819T155147Z-386f95dd,m6_4-dataset-20260819T155147Z-386f95dd,M6_4_campaign,m6_4-trial-010,10,0.2,0,2,0,2,0,2,0.4,1,1
track2_common3,B1,m6_4-dataset-20260819T155147Z-386f95dd,m6_4-dataset-20260819T155147Z-386f95dd,M6_4_campaign,m6_4-trial-010,10,0.25,1,2,0,2,0,2,0.4,1,1
track2_common3,B1,m6_4-dataset-20260819T155147Z-386f95dd,m6_4-dataset-20260819T155147Z-386f95dd,M6_4_campaign,m6_4-trial-010,10,0.3,2,2,1,2,1,2,0.4,1,1
track2_common3,B1,m6_4-dataset-20260819T155147Z-386f95dd,m6_4-dataset-20260819T155147Z-386f95dd,M6_4_campaign,m6_4-trial-010,10,0.35,3,2,1,2,1,2,0.4,1,1
track2_common3,B1,m6_4-dataset-20260819T155147Z-386f95dd,m6_4-dataset-20260819T155147Z-386f95dd,M6_4_campaign,m6_4-trial-010,10,0.4,4,2,1,2,1,2,0.4,1,1
track2_common3,B1,m6_4-dataset-20260819T155147Z-386f95dd,m6_4-dataset-20260819T155147Z-386f95dd,M6_4_campaign,m6_4-trial-010,10,0.5,5,2,1,2,1,2,0.4,1,1
track2_common3,B1,m6_4-dataset-20260819T155147Z-386f95dd,m6_4-dataset-20260819T155147Z-386f95dd,M6_4_campaign,m6_4-trial-010,10,0.6,6,2,1,2,1,2,0.4,1,1
track2_common3,B1,m6_4-dataset-20260819T155147Z-386f95dd,m6_4-dataset-20260819T155147Z-386f95dd,M6_4_campaign,m6_4-trial-010,10,0.8,7,2,1,2,1,2,0.4,1,1
track2_common3,B1,m6_4-dataset-20260819T155147Z-386f95dd,m6_4-dataset-20260819T155147Z-386f95dd,M6_4_campaign,m6_4-trial-010,10,1.0,8,2,1,2,1,2,0.4,1,1
track1_5ch,B1,m6_4-dataset-20260819T155147Z-386f95dd,m6_4-dataset-20260819T155147Z-386f95dd,M6_4_campaign,m6_4-trial-012,12,0.2,0,0,1,0,1,0,0.25,1,1
track1_5ch,B1,m6_4-dataset-20260819T155147Z-386f95dd,m6_4-dataset-20260819T155147Z-386f95dd,M6_4_campaign,m6_4-trial-012,12,0.25,1,0,1,0,1,0,0.25,1,1
track1_5ch,B1,m6_4-dataset-20260819T155147Z-386f95dd,m6_4-dataset-20260819T155147Z-386f95dd,M6_4_campaign,m6_4-trial-012,12,0.3,2,0,1,0,1,0,0.25,1,1
track1_5ch,B1,m6_4-dataset-20260819T155147Z-386f95dd,m6_4-dataset-20260819T155147Z-386f95dd,M6_4_campaign,m6_4-trial-012,12,0.35,3,0,1,0,1,0,0.25,1,1
track1_5ch,B1,m6_4-dataset-20260819T155147Z-386f95dd,m6_4-dataset-20260819T155147Z-386f95dd,M6_4_campaign,m6_4-trial-012,12,0.4,4,0,1,0,1,0,0.25,1,1
track1_5ch,B1,m6_4-dataset-20260819T155147Z-386f95dd,m6_4-dataset-20260819T155147Z-386f95dd,M6_4_campaign,m6_4-trial-012,12,0.5,5,0,1,0,1,0,0.25,1,1
track1_5ch,B1,m6_4-dataset-20260819T155147Z-386f95dd,m6_4-dataset-20260819T155147Z-386f95dd,M6_4_campaign,m6_4-trial-012,12,0.6,6,0,1,0,1,0,0.25,1,1
track1_5ch,B1,m6_4-dataset-20260819T155147Z-386f95dd,m6_4-dataset-20260819T155147Z-386f95dd,M6_4_campaign,m6_4-trial-012,12,0.8,7,0,1,0,1,0,0.25,1,1
track1_5ch,B1,m6_4-dataset-20260819T155147Z-386f95dd,m6_4-dataset-20260819T155147Z-386f95dd,M6_4_campaign,m6_4-trial-012,12,1.0,8,0,1,0,1,0,0.25,1,1
track2_common3,B1,m6_4-dataset-20260819T155147Z-386f95dd,m6_4-dataset-20260819T155147Z-386f95dd,M6_4_campaign,m6_4-trial-012,12,0.2,0,0,1,0,1,0,0.25,1,1
track2_common3,B1,m6_4-dataset-20260819T155147Z-386f95dd,m6_4-dataset-20260819T155147Z-386f95dd,M6_4_campaign,m6_4-trial-012,12,0.25,1,0,1,0,1,0,0.25,1,1
track2_common3,B1,m6_4-dataset-20260819T155147Z-386f95dd,m6_4-dataset-20260819T155147Z-386f95dd,M6_4_campaign,m6_4-trial-012,12,0.3,2,0,1,0,1,0,0.25,1,1
track2_common3,B1,m6_4-dataset-20260819T155147Z-386f95dd,m6_4-dataset-20260819T155147Z-386f95dd,M6_4_campaign,m6_4-trial-012,12,0.35,3,0,1,0,1,0,0.25,1,1
track2_common3,B1,m6_4-dataset-20260819T155147Z-386f95dd,m6_4-dataset-20260819T155147Z-386f95dd,M6_4_campaign,m6_4-trial-012,12,0.4,4,0,1,0,1,0,0.25,1,1
track2_common3,B1,m6_4-dataset-20260819T155147Z-386f95dd,m6_4-dataset-20260819T155147Z-386f95dd,M6_4_campaign,m6_4-trial-012,12,0.5,5,0,1,0,1,0,0.25,1,1
track2_common3,B1,m6_4-dataset-20260819T155147Z-386f95dd,m6_4-dataset-20260819T155147Z-386f95dd,M6_4_campaign,m6_4-trial-012,12,0.6,6,0,1,0,1,0,0.25,1,1
track2_common3,B1,m6_4-dataset-20260819T155147Z-386f95dd,m6_4-dataset-20260819T155147Z-386f95dd,M6_4_campaign,m6_4-trial-012,12,0.8,7,0,1,0,1,0,0.25,1,1
track2_common3,B1,m6_4-dataset-20260819T155147Z-386f95dd,m6_4-dataset-20260819T155147Z-386f95dd,M6_4_campaign,m6_4-trial-012,12,1.0,8,0,1,0,1,0,0.25,1,1
track1_5ch,B1,m6_4-dataset-20260819T155147Z-386f95dd,m6_4-dataset-20260819T155147Z-386f95dd,M6_4_campaign,m6_4-trial-013,13,0.2,0,0,1,0,1,0,0.25,1,1
track1_5ch,B1,m6_4-dataset-20260819T155147Z-386f95dd,m6_4-dataset-20260819T155147Z-386f95dd,M6_4_campaign,m6_4-trial-013,13,0.25,1,0,1,0,1,0,0.25,1,1
track1_5ch,B1,m6_4-dataset-20260819T155147Z-386f95dd,m6_4-dataset-20260819T155147Z-386f95dd,M6_4_campaign,m6_4-trial-013,13,0.3,2,0,1,0,1,0,0.25,1,1
track1_5ch,B1,m6_4-dataset-20260819T155147Z-386f95dd,m6_4-dataset-20260819T155147Z-386f95dd,M6_4_campaign,m6_4-trial-013,13,0.35,3,0,1,0,1,0,0.25,1,1
track1_5ch,B1,m6_4-dataset-20260819T155147Z-386f95dd,m6_4-dataset-20260819T155147Z-386f95dd,M6_4_campaign,m6_4-trial-013,13,0.4,4,0,1,0,1,0,0.25,1,1
track1_5ch,B1,m6_4-dataset-20260819T155147Z-386f95dd,m6_4-dataset-20260819T155147Z-386f95dd,M6_4_campaign,m6_4-trial-013,13,0.5,5,0,1,0,1,0,0.25,1,1
track1_5ch,B1,m6_4-dataset-20260819T155147Z-386f95dd,m6_4-dataset-20260819T155147Z-386f95dd,M6_4_campaign,m6_4-trial-013,13,0.6,6,0,1,0,1,0,0.25,1,1
track1_5ch,B1,m6_4-dataset-20260819T155147Z-386f95dd,m6_4-dataset-20260819T155147Z-386f95dd,M6_4_campaign,m6_4-trial-013,13,0.8,7,0,1,0,1,0,0.25,1,1
track1_5ch,B1,m6_4-dataset-20260819T155147Z-386f95dd,m6_4-dataset-20260819T155147Z-386f95dd,M6_4_campaign,m6_4-trial-013,13,1.0,8,0,1,0,1,0,0.25,1,1
track2_common3,B1,m6_4-dataset-20260819T155147Z-386f95dd,m6_4-dataset-20260819T155147Z-386f95dd,M6_4_campaign,m6_4-trial-013,13,0.2,0,0,1,0,1,0,0.25,1,1
track2_common3,B1,m6_4-dataset-20260819T155147Z-386f95dd,m6_4-dataset-20260819T155147Z-386f95dd,M6_4_campaign,m6_4-trial-013,13,0.25,1,0,1,0,1,0,0.25,1,1
track2_common3,B1,m6_4-dataset-20260819T155147Z-386f95dd,m6_4-dataset-20260819T155147Z-386f95dd,M6_4_campaign,m6_4-trial-013,13,0.3,2,0,1,0,1,0,0.25,1,1
track2_common3,B1,m6_4-dataset-20260819T155147Z-386f95dd,m6_4-dataset-20260819T155147Z-386f95dd,M6_4_campaign,m6_4-trial-013,13,0.35,3,0,1,0,1,0,0.25,1,1
track2_common3,B1,m6_4-dataset-20260819T155147Z-386f95dd,m6_4-dataset-20260819T155147Z-386f95dd,M6_4_campaign,m6_4-trial-013,13,0.4,4,0,1,0,1,0,0.25,1,1
track2_common3,B1,m6_4-dataset-20260819T155147Z-386f95dd,m6_4-dataset-20260819T155147Z-386f95dd,M6_4_campaign,m6_4-trial-013,13,0.5,5,0,1,0,1,0,0.25,1,1
track2_common3,B1,m6_4-dataset-20260819T155147Z-386f95dd,m6_4-dataset-20260819T155147Z-386f95dd,M6_4_campaign,m6_4-trial-013,13,0.6,6,0,1,0,1,0,0.25,1,1
track2_common3,B1,m6_4-dataset-20260819T155147Z-386f95dd,m6_4-dataset-20260819T155147Z-386f95dd,M6_4_campaign,m6_4-trial-013,13,0.8,7,0,1,0,1,0,0.25,1,1
track2_common3,B1,m6_4-dataset-20260819T155147Z-386f95dd,m6_4-dataset-20260819T155147Z-386f95dd,M6_4_campaign,m6_4-trial-013,13,1.0,8,0,1,0,1,0,0.25,1,1
track1_5ch,B1,m6_4-dataset-20260819T155147Z-386f95dd,m6_4-dataset-20260819T155147Z-386f95dd,M6_4_campaign,m6_4-trial-014,14,0.2,0,1,0,2,1,2,1.0,0,1
track1_5ch,B1,m6_4-dataset-20260819T155147Z-386f95dd,m6_4-dataset-20260819T155147Z-386f95dd,M6_4_campaign,m6_4-trial-014,14,0.25,1,1,1,2,0,2,1.0,0,1
track1_5ch,B1,m6_4-dataset-20260819T155147Z-386f95dd,m6_4-dataset-20260819T155147Z-386f95dd,M6_4_campaign,m6_4-trial-014,14,0.3,2,1,1,2,0,2,1.0,0,1
track1_5ch,B1,m6_4-dataset-20260819T155147Z-386f95dd,m6_4-dataset-20260819T155147Z-386f95dd,M6_4_campaign,m6_4-trial-014,14,0.35,3,1,1,2,0,2,1.0,0,1
track1_5ch,B1,m6_4-dataset-20260819T155147Z-386f95dd,m6_4-dataset-20260819T155147Z-386f95dd,M6_4_campaign,m6_4-trial-014,14,0.4,4,1,1,2,0,2,1.0,0,1
track1_5ch,B1,m6_4-dataset-20260819T155147Z-386f95dd,m6_4-dataset-20260819T155147Z-386f95dd,M6_4_campaign,m6_4-trial-014,14,0.5,5,1,1,2,0,2,1.0,0,1
track1_5ch,B1,m6_4-dataset-20260819T155147Z-386f95dd,m6_4-dataset-20260819T155147Z-386f95dd,M6_4_campaign,m6_4-trial-014,14,0.6,6,1,1,2,0,2,1.0,0,1
track1_5ch,B1,m6_4-dataset-20260819T155147Z-386f95dd,m6_4-dataset-20260819T155147Z-386f95dd,M6_4_campaign,m6_4-trial-014,14,0.8,7,1,0,2,1,2,1.0,0,1
track1_5ch,B1,m6_4-dataset-20260819T155147Z-386f95dd,m6_4-dataset-20260819T155147Z-386f95dd,M6_4_campaign,m6_4-trial-014,14,1.0,8,1,0,2,1,2,1.0,0,1
track2_common3,B1,m6_4-dataset-20260819T155147Z-386f95dd,m6_4-dataset-20260819T155147Z-386f95dd,M6_4_campaign,m6_4-trial-014,14,0.2,0,1,0,2,1,2,1.0,0,1
track2_common3,B1,m6_4-dataset-20260819T155147Z-386f95dd,m6_4-dataset-20260819T155147Z-386f95dd,M6_4_campaign,m6_4-trial-014,14,0.25,1,1,0,2,0,2,1.0,0,1
track2_common3,B1,m6_4-dataset-20260819T155147Z-386f95dd,m6_4-dataset-20260819T155147Z-386f95dd,M6_4_campaign,m6_4-trial-014,14,0.3,2,1,0,2,0,2,1.0,0,1
track2_common3,B1,m6_4-dataset-20260819T155147Z-386f95dd,m6_4-dataset-20260819T155147Z-386f95dd,M6_4_campaign,m6_4-trial-014,14,0.35,3,1,0,2,1,2,1.0,0,1
track2_common3,B1,m6_4-dataset-20260819T155147Z-386f95dd,m6_4-dataset-20260819T155147Z-386f95dd,M6_4_campaign,m6_4-trial-014,14,0.4,4,1,0,2,0,2,1.0,0,1
track2_common3,B1,m6_4-dataset-20260819T155147Z-386f95dd,m6_4-dataset-20260819T155147Z-386f95dd,M6_4_campaign,m6_4-trial-014,14,0.5,5,1,0,2,1,2,1.0,0,1
track2_common3,B1,m6_4-dataset-20260819T155147Z-386f95dd,m6_4-dataset-20260819T155147Z-386f95dd,M6_4_campaign,m6_4-trial-014,14,0.6,6,1,1,2,0,2,1.0,0,1
track2_common3,B1,m6_4-dataset-20260819T155147Z-386f95dd,m6_4-dataset-20260819T155147Z-386f95dd,M6_4_campaign,m6_4-trial-014,14,0.8,7,1,0,2,1,2,1.0,0,1
track2_common3,B1,m6_4-dataset-20260819T155147Z-386f95dd,m6_4-dataset-20260819T155147Z-386f95dd,M6_4_campaign,m6_4-trial-014,14,1.0,8,1,0,2,1,2,1.0,0,1
track1_5ch,B1,m6_4-dataset-20260819T155147Z-386f95dd,m6_4-dataset-20260819T155147Z-386f95dd,M6_4_campaign,m6_4-trial-015,15,0.2,0,2,0,2,0,2,0.6,1,1
track1_5ch,B1,m6_4-dataset-20260819T155147Z-386f95dd,m6_4-dataset-20260819T155147Z-386f95dd,M6_4_campaign,m6_4-trial-015,15,0.25,1,2,1,2,1,2,0.6,1,1
track1_5ch,B1,m6_4-dataset-20260819T155147Z-386f95dd,m6_4-dataset-20260819T155147Z-386f95dd,M6_4_campaign,m6_4-trial-015,15,0.3,2,2,1,2,1,2,0.6,1,1
track1_5ch,B1,m6_4-dataset-20260819T155147Z-386f95dd,m6_4-dataset-20260819T155147Z-386f95dd,M6_4_campaign,m6_4-trial-015,15,0.35,3,2,1,2,1,2,0.6,1,1
track1_5ch,B1,m6_4-dataset-20260819T155147Z-386f95dd,m6_4-dataset-20260819T155147Z-386f95dd,M6_4_campaign,m6_4-trial-015,15,0.4,4,2,1,2,1,2,0.6,1,1
track1_5ch,B1,m6_4-dataset-20260819T155147Z-386f95dd,m6_4-dataset-20260819T155147Z-386f95dd,M6_4_campaign,m6_4-trial-015,15,0.5,5,2,1,2,1,2,0.6,1,1
track1_5ch,B1,m6_4-dataset-20260819T155147Z-386f95dd,m6_4-dataset-20260819T155147Z-386f95dd,M6_4_campaign,m6_4-trial-015,15,0.6,6,2,1,2,1,2,0.6,1,1
track1_5ch,B1,m6_4-dataset-20260819T155147Z-386f95dd,m6_4-dataset-20260819T155147Z-386f95dd,M6_4_campaign,m6_4-trial-015,15,0.8,7,2,1,2,1,2,0.6,1,1
track1_5ch,B1,m6_4-dataset-20260819T155147Z-386f95dd,m6_4-dataset-20260819T155147Z-386f95dd,M6_4_campaign,m6_4-trial-015,15,1.0,8,2,1,2,1,2,0.6,1,1
track2_common3,B1,m6_4-dataset-20260819T155147Z-386f95dd,m6_4-dataset-20260819T155147Z-386f95dd,M6_4_campaign,m6_4-trial-015,15,0.2,0,2,0,2,0,2,0.35,1,1
track2_common3,B1,m6_4-dataset-20260819T155147Z-386f95dd,m6_4-dataset-20260819T155147Z-386f95dd,M6_4_campaign,m6_4-trial-015,15,0.25,1,2,1,2,1,2,0.35,1,1
track2_common3,B1,m6_4-dataset-20260819T155147Z-386f95dd,m6_4-dataset-20260819T155147Z-386f95dd,M6_4_campaign,m6_4-trial-015,15,0.3,2,2,1,2,1,2,0.35,1,1
track2_common3,B1,m6_4-dataset-20260819T155147Z-386f95dd,m6_4-dataset-20260819T155147Z-386f95dd,M6_4_campaign,m6_4-trial-015,15,0.35,3,2,1,2,1,2,0.35,1,1
track2_common3,B1,m6_4-dataset-20260819T155147Z-386f95dd,m6_4-dataset-20260819T155147Z-386f95dd,M6_4_campaign,m6_4-trial-015,15,0.4,4,2,1,2,1,2,0.35,1,1
track2_common3,B1,m6_4-dataset-20260819T155147Z-386f95dd,m6_4-dataset-20260819T155147Z-386f95dd,M6_4_campaign,m6_4-trial-015,15,0.5,5,2,1,2,1,2,0.35,1,1
track2_common3,B1,m6_4-dataset-20260819T155147Z-386f95dd,m6_4-dataset-20260819T155147Z-386f95dd,M6_4_campaign,m6_4-trial-015,15,0.6,6,2,1,2,1,2,0.35,1,1
track2_common3,B1,m6_4-dataset-20260819T155147Z-386f95dd,m6_4-dataset-20260819T155147Z-386f95dd,M6_4_campaign,m6_4-trial-015,15,0.8,7,2,1,2,1,2,0.35,1,1
track2_common3,B1,m6_4-dataset-20260819T155147Z-386f95dd,m6_4-dataset-20260819T155147Z-386f95dd,M6_4_campaign,m6_4-trial-015,15,1.0,8,2,1,2,1,2,0.35,1,1
track1_5ch,B1,m6_4-dataset-20260819T155147Z-386f95dd,m6_4-dataset-20260819T155147Z-386f95dd,M6_4_campaign,m6_4-trial-016,16,0.2,0,1,0,1,0,1,1.0,1,1
track1_5ch,B1,m6_4-dataset-20260819T155147Z-386f95dd,m6_4-dataset-20260819T155147Z-386f95dd,M6_4_campaign,m6_4-trial-016,16,0.25,1,1,0,1,0,1,1.0,1,1
track1_5ch,B1,m6_4-dataset-20260819T155147Z-386f95dd,m6_4-dataset-20260819T155147Z-386f95dd,M6_4_campaign,m6_4-trial-016,16,0.3,2,1,0,1,0,1,1.0,1,1
track1_5ch,B1,m6_4-dataset-20260819T155147Z-386f95dd,m6_4-dataset-20260819T155147Z-386f95dd,M6_4_campaign,m6_4-trial-016,16,0.35,3,1,0,1,0,1,1.0,1,1
track1_5ch,B1,m6_4-dataset-20260819T155147Z-386f95dd,m6_4-dataset-20260819T155147Z-386f95dd,M6_4_campaign,m6_4-trial-016,16,0.4,4,1,0,1,0,1,1.0,1,1
track1_5ch,B1,m6_4-dataset-20260819T155147Z-386f95dd,m6_4-dataset-20260819T155147Z-386f95dd,M6_4_campaign,m6_4-trial-016,16,0.5,5,1,0,1,0,1,1.0,1,1
track1_5ch,B1,m6_4-dataset-20260819T155147Z-386f95dd,m6_4-dataset-20260819T155147Z-386f95dd,M6_4_campaign,m6_4-trial-016,16,0.6,6,1,1,1,1,1,1.0,1,1
track1_5ch,B1,m6_4-dataset-20260819T155147Z-386f95dd,m6_4-dataset-20260819T155147Z-386f95dd,M6_4_campaign,m6_4-trial-016,16,0.8,7,1,1,1,1,1,1.0,1,1
track1_5ch,B1,m6_4-dataset-20260819T155147Z-386f95dd,m6_4-dataset-20260819T155147Z-386f95dd,M6_4_campaign,m6_4-trial-016,16,1.0,8,1,1,1,1,1,1.0,1,1
track2_common3,B1,m6_4-dataset-20260819T155147Z-386f95dd,m6_4-dataset-20260819T155147Z-386f95dd,M6_4_campaign,m6_4-trial-016,16,0.2,0,1,0,0,0,0,0.35,0,1
track2_common3,B1,m6_4-dataset-20260819T155147Z-386f95dd,m6_4-dataset-20260819T155147Z-386f95dd,M6_4_campaign,m6_4-trial-016,16,0.25,1,1,0,0,0,0,0.35,0,1
track2_common3,B1,m6_4-dataset-20260819T155147Z-386f95dd,m6_4-dataset-20260819T155147Z-386f95dd,M6_4_campaign,m6_4-trial-016,16,0.3,2,1,0,0,1,0,0.35,0,1
track2_common3,B1,m6_4-dataset-20260819T155147Z-386f95dd,m6_4-dataset-20260819T155147Z-386f95dd,M6_4_campaign,m6_4-trial-016,16,0.35,3,1,0,0,1,0,0.35,0,1
track2_common3,B1,m6_4-dataset-20260819T155147Z-386f95dd,m6_4-dataset-20260819T155147Z-386f95dd,M6_4_campaign,m6_4-trial-016,16,0.4,4,1,0,0,1,0,0.35,0,1
track2_common3,B1,m6_4-dataset-20260819T155147Z-386f95dd,m6_4-dataset-20260819T155147Z-386f95dd,M6_4_campaign,m6_4-trial-016,16,0.5,5,1,0,0,1,0,0.35,0,1
track2_common3,B1,m6_4-dataset-20260819T155147Z-386f95dd,m6_4-dataset-20260819T155147Z-386f95dd,M6_4_campaign,m6_4-trial-016,16,0.6,6,1,1,0,0,0,0.35,0,1
track2_common3,B1,m6_4-dataset-20260819T155147Z-386f95dd,m6_4-dataset-20260819T155147Z-386f95dd,M6_4_campaign,m6_4-trial-016,16,0.8,7,1,1,0,0,0,0.35,0,1
track2_common3,B1,m6_4-dataset-20260819T155147Z-386f95dd,m6_4-dataset-20260819T155147Z-386f95dd,M6_4_campaign,m6_4-trial-016,16,1.0,8,1,1,0,0,0,0.35,0,1
track1_5ch,B1,m6_4-dataset-20260819T155147Z-386f95dd,m6_4-dataset-20260819T155147Z-386f95dd,M6_4_campaign,m6_4-trial-017,17,0.2,0,2,1,2,1,2,0.25,1,1
track1_5ch,B1,m6_4-dataset-20260819T155147Z-386f95dd,m6_4-dataset-20260819T155147Z-386f95dd,M6_4_campaign,m6_4-trial-017,17,0.25,1,2,1,2,1,2,0.25,1,1
track1_5ch,B1,m6_4-dataset-20260819T155147Z-386f95dd,m6_4-dataset-20260819T155147Z-386f95dd,M6_4_campaign,m6_4-trial-017,17,0.3,2,2,1,2,1,2,0.25,1,1
track1_5ch,B1,m6_4-dataset-20260819T155147Z-386f95dd,m6_4-dataset-20260819T155147Z-386f95dd,M6_4_campaign,m6_4-trial-017,17,0.35,3,2,1,2,1,2,0.25,1,1
track1_5ch,B1,m6_4-dataset-20260819T155147Z-386f95dd,m6_4-dataset-20260819T155147Z-386f95dd,M6_4_campaign,m6_4-trial-017,17,0.4,4,2,1,2,1,2,0.25,1,1
track1_5ch,B1,m6_4-dataset-20260819T155147Z-386f95dd,m6_4-dataset-20260819T155147Z-386f95dd,M6_4_campaign,m6_4-trial-017,17,0.5,5,2,1,2,1,2,0.25,1,1
track1_5ch,B1,m6_4-dataset-20260819T155147Z-386f95dd,m6_4-dataset-20260819T155147Z-386f95dd,M6_4_campaign,m6_4-trial-017,17,0.6,6,2,1,2,1,2,0.25,1,1
track1_5ch,B1,m6_4-dataset-20260819T155147Z-386f95dd,m6_4-dataset-20260819T155147Z-386f95dd,M6_4_campaign,m6_4-trial-017,17,0.8,7,2,1,2,1,2,0.25,1,1
track1_5ch,B1,m6_4-dataset-20260819T155147Z-386f95dd,m6_4-dataset-20260819T155147Z-386f95dd,M6_4_campaign,m6_4-trial-017,17,1.0,8,2,1,2,1,2,0.25,1,1
track2_common3,B1,m6_4-dataset-20260819T155147Z-386f95dd,m6_4-dataset-20260819T155147Z-386f95dd,M6_4_campaign,m6_4-trial-017,17,0.2,0,2,1,2,1,2,0.25,1,1
track2_common3,B1,m6_4-dataset-20260819T155147Z-386f95dd,m6_4-dataset-20260819T155147Z-386f95dd,M6_4_campaign,m6_4-trial-017,17,0.25,1,2,1,2,1,2,0.25,1,1
track2_common3,B1,m6_4-dataset-20260819T155147Z-386f95dd,m6_4-dataset-20260819T155147Z-386f95dd,M6_4_campaign,m6_4-trial-017,17,0.3,2,2,1,2,1,2,0.25,1,1
track2_common3,B1,m6_4-dataset-20260819T155147Z-386f95dd,m6_4-dataset-20260819T155147Z-386f95dd,M6_4_campaign,m6_4-trial-017,17,0.35,3,2,1,2,1,2,0.25,1,1
track2_common3,B1,m6_4-dataset-20260819T155147Z-386f95dd,m6_4-dataset-20260819T155147Z-386f95dd,M6_4_campaign,m6_4-trial-017,17,0.4,4,2,1,2,1,2,0.25,1,1
track2_common3,B1,m6_4-dataset-20260819T155147Z-386f95dd,m6_4-dataset-20260819T155147Z-386f95dd,M6_4_campaign,m6_4-trial-017,17,0.5,5,2,1,2,1,2,0.25,1,1
track2_common3,B1,m6_4-dataset-20260819T155147Z-386f95dd,m6_4-dataset-20260819T155147Z-386f95dd,M6_4_campaign,m6_4-trial-017,17,0.6,6,2,1,2,1,2,0.25,1,1
track2_common3,B1,m6_4-dataset-20260819T155147Z-386f95dd,m6_4-dataset-20260819T155147Z-386f95dd,M6_4_campaign,m6_4-trial-017,17,0.8,7,2,1,2,1,2,0.25,1,1
track2_common3,B1,m6_4-dataset-20260819T155147Z-386f95dd,m6_4-dataset-20260819T155147Z-386f95dd,M6_4_campaign,m6_4-trial-017,17,1.0,8,2,1,2,1,2,0.25,1,1
track1_5ch,B1,m6_4-dataset-20260819T155147Z-386f95dd,m6_4-dataset-20260819T155147Z-386f95dd,M6_4_campaign,m6_4-trial-018,18,0.2,0,0,1,0,1,0,0.35,1,1
track1_5ch,B1,m6_4-dataset-20260819T155147Z-386f95dd,m6_4-dataset-20260819T155147Z-386f95dd,M6_4_campaign,m6_4-trial-018,18,0.25,1,0,1,0,1,0,0.35,1,1
track1_5ch,B1,m6_4-dataset-20260819T155147Z-386f95dd,m6_4-dataset-20260819T155147Z-386f95dd,M6_4_campaign,m6_4-trial-018,18,0.3,2,0,1,0,1,0,0.35,1,1
track1_5ch,B1,m6_4-dataset-20260819T155147Z-386f95dd,m6_4-dataset-20260819T155147Z-386f95dd,M6_4_campaign,m6_4-trial-018,18,0.35,3,0,1,0,1,0,0.35,1,1
track1_5ch,B1,m6_4-dataset-20260819T155147Z-386f95dd,m6_4-dataset-20260819T155147Z-386f95dd,M6_4_campaign,m6_4-trial-018,18,0.4,4,0,1,0,1,0,0.35,1,1
track1_5ch,B1,m6_4-dataset-20260819T155147Z-386f95dd,m6_4-dataset-20260819T155147Z-386f95dd,M6_4_campaign,m6_4-trial-018,18,0.5,5,0,1,0,1,0,0.35,1,1
track1_5ch,B1,m6_4-dataset-20260819T155147Z-386f95dd,m6_4-dataset-20260819T155147Z-386f95dd,M6_4_campaign,m6_4-trial-018,18,0.6,6,0,1,0,1,0,0.35,1,1
track1_5ch,B1,m6_4-dataset-20260819T155147Z-386f95dd,m6_4-dataset-20260819T155147Z-386f95dd,M6_4_campaign,m6_4-trial-018,18,0.8,7,0,1,0,1,0,0.35,1,1
track1_5ch,B1,m6_4-dataset-20260819T155147Z-386f95dd,m6_4-dataset-20260819T155147Z-386f95dd,M6_4_campaign,m6_4-trial-018,18,1.0,8,0,1,0,1,0,0.35,1,1
track2_common3,B1,m6_4-dataset-20260819T155147Z-386f95dd,m6_4-dataset-20260819T155147Z-386f95dd,M6_4_campaign,m6_4-trial-018,18,0.2,0,0,1,0,1,0,0.35,1,1
track2_common3,B1,m6_4-dataset-20260819T155147Z-386f95dd,m6_4-dataset-20260819T155147Z-386f95dd,M6_4_campaign,m6_4-trial-018,18,0.25,1,0,1,0,1,0,0.35,1,1
track2_common3,B1,m6_4-dataset-20260819T155147Z-386f95dd,m6_4-dataset-20260819T155147Z-386f95dd,M6_4_campaign,m6_4-trial-018,18,0.3,2,0,1,0,1,0,0.35,1,1
track2_common3,B1,m6_4-dataset-20260819T155147Z-386f95dd,m6_4-dataset-20260819T155147Z-386f95dd,M6_4_campaign,m6_4-trial-018,18,0.35,3,0,1,0,1,0,0.35,1,1
track2_common3,B1,m6_4-dataset-20260819T155147Z-386f95dd,m6_4-dataset-20260819T155147Z-386f95dd,M6_4_campaign,m6_4-trial-018,18,0.4,4,0,1,0,1,0,0.35,1,1
track2_common3,B1,m6_4-dataset-20260819T155147Z-386f95dd,m6_4-dataset-20260819T155147Z-386f95dd,M6_4_campaign,m6_4-trial-018,18,0.5,5,0,1,0,1,0,0.35,1,1
track2_common3,B1,m6_4-dataset-20260819T155147Z-386f95dd,m6_4-dataset-20260819T155147Z-386f95dd,M6_4_campaign,m6_4-trial-018,18,0.6,6,0,1,0,1,0,0.35,1,1
track2_common3,B1,m6_4-dataset-20260819T155147Z-386f95dd,m6_4-dataset-20260819T155147Z-386f95dd,M6_4_campaign,m6_4-trial-018,18,0.8,7,0,1,0,1,0,0.35,1,1
track2_common3,B1,m6_4-dataset-20260819T155147Z-386f95dd,m6_4-dataset-20260819T155147Z-386f95dd,M6_4_campaign,m6_4-trial-018,18,1.0,8,0,1,0,1,0,0.35,1,1
track1_5ch,B1,m6_4-dataset-20260819T155147Z-386f95dd,m6_4-dataset-20260819T155147Z-386f95dd,M6_4_campaign,m6_4-trial-019,19,0.2,0,2,1,2,1,2,0.3,1,1
track1_5ch,B1,m6_4-dataset-20260819T155147Z-386f95dd,m6_4-dataset-20260819T155147Z-386f95dd,M6_4_campaign,m6_4-trial-019,19,0.25,1,2,1,2,1,2,0.3,1,1
track1_5ch,B1,m6_4-dataset-20260819T155147Z-386f95dd,m6_4-dataset-20260819T155147Z-386f95dd,M6_4_campaign,m6_4-trial-019,19,0.3,2,2,1,2,1,2,0.3,1,1
track1_5ch,B1,m6_4-dataset-20260819T155147Z-386f95dd,m6_4-dataset-20260819T155147Z-386f95dd,M6_4_campaign,m6_4-trial-019,19,0.35,3,2,1,2,1,2,0.3,1,1
track1_5ch,B1,m6_4-dataset-20260819T155147Z-386f95dd,m6_4-dataset-20260819T155147Z-386f95dd,M6_4_campaign,m6_4-trial-019,19,0.4,4,2,1,2,1,2,0.3,1,1
track1_5ch,B1,m6_4-dataset-20260819T155147Z-386f95dd,m6_4-dataset-20260819T155147Z-386f95dd,M6_4_campaign,m6_4-trial-019,19,0.5,5,2,1,2,1,2,0.3,1,1
track1_5ch,B1,m6_4-dataset-20260819T155147Z-386f95dd,m6_4-dataset-20260819T155147Z-386f95dd,M6_4_campaign,m6_4-trial-019,19,0.6,6,2,1,2,1,2,0.3,1,1
track1_5ch,B1,m6_4-dataset-20260819T155147Z-386f95dd,m6_4-dataset-20260819T155147Z-386f95dd,M6_4_campaign,m6_4-trial-019,19,0.8,7,2,1,2,1,2,0.3,1,1
track1_5ch,B1,m6_4-dataset-20260819T155147Z-386f95dd,m6_4-dataset-20260819T155147Z-386f95dd,M6_4_campaign,m6_4-trial-019,19,1.0,8,2,1,2,1,2,0.3,1,1
track2_common3,B1,m6_4-dataset-20260819T155147Z-386f95dd,m6_4-dataset-20260819T155147Z-386f95dd,M6_4_campaign,m6_4-trial-019,19,0.2,0,2,1,2,1,2,0.3,1,1
track2_common3,B1,m6_4-dataset-20260819T155147Z-386f95dd,m6_4-dataset-20260819T155147Z-386f95dd,M6_4_campaign,m6_4-trial-019,19,0.25,1,2,1,2,1,2,0.3,1,1
track2_common3,B1,m6_4-dataset-20260819T155147Z-386f95dd,m6_4-dataset-20260819T155147Z-386f95dd,M6_4_campaign,m6_4-trial-019,19,0.3,2,2,1,2,1,2,0.3,1,1
track2_common3,B1,m6_4-dataset-20260819T155147Z-386f95dd,m6_4-dataset-20260819T155147Z-386f95dd,M6_4_campaign,m6_4-trial-019,19,0.35,3,2,1,2,1,2,0.3,1,1
track2_common3,B1,m6_4-dataset-20260819T155147Z-386f95dd,m6_4-dataset-20260819T155147Z-386f95dd,M6_4_campaign,m6_4-trial-019,19,0.4,4,2,1,2,1,2,0.3,1,1
track2_common3,B1,m6_4-dataset-20260819T155147Z-386f95dd,m6_4-dataset-20260819T155147Z-386f95dd,M6_4_campaign,m6_4-trial-019,19,0.5,5,2,1,2,1,2,0.3,1,1
track2_common3,B1,m6_4-dataset-20260819T155147Z-386f95dd,m6_4-dataset-20260819T155147Z-386f95dd,M6_4_campaign,m6_4-trial-019,19,0.6,6,2,1,2,1,2,0.3,1,1
track2_common3,B1,m6_4-dataset-20260819T155147Z-386f95dd,m6_4-dataset-20260819T155147Z-386f95dd,M6_4_campaign,m6_4-trial-019,19,0.8,7,2,1,2,1,2,0.3,1,1
track2_common3,B1,m6_4-dataset-20260819T155147Z-386f95dd,m6_4-dataset-20260819T155147Z-386f95dd,M6_4_campaign,m6_4-trial-019,19,1.0,8,2,1,2,1,2,0.3,1,1
track1_5ch,B1,m6_4-dataset-20260819T155147Z-386f95dd,m6_4-dataset-20260819T155147Z-386f95dd,M6_4_campaign,m6_4-trial-020,20,0.2,0,1,1,1,1,1,0.35,1,1
track1_5ch,B1,m6_4-dataset-20260819T155147Z-386f95dd,m6_4-dataset-20260819T155147Z-386f95dd,M6_4_campaign,m6_4-trial-020,20,0.25,1,1,1,1,1,1,0.35,1,1
track1_5ch,B1,m6_4-dataset-20260819T155147Z-386f95dd,m6_4-dataset-20260819T155147Z-386f95dd,M6_4_campaign,m6_4-trial-020,20,0.3,2,1,1,1,1,1,0.35,1,1
track1_5ch,B1,m6_4-dataset-20260819T155147Z-386f95dd,m6_4-dataset-20260819T155147Z-386f95dd,M6_4_campaign,m6_4-trial-020,20,0.35,3,1,1,1,1,1,0.35,1,1
track1_5ch,B1,m6_4-dataset-20260819T155147Z-386f95dd,m6_4-dataset-20260819T155147Z-386f95dd,M6_4_campaign,m6_4-trial-020,20,0.4,4,1,1,1,1,1,0.35,1,1
track1_5ch,B1,m6_4-dataset-20260819T155147Z-386f95dd,m6_4-dataset-20260819T155147Z-386f95dd,M6_4_campaign,m6_4-trial-020,20,0.5,5,1,1,1,1,1,0.35,1,1
track1_5ch,B1,m6_4-dataset-20260819T155147Z-386f95dd,m6_4-dataset-20260819T155147Z-386f95dd,M6_4_campaign,m6_4-trial-020,20,0.6,6,1,1,1,1,1,0.35,1,1
track1_5ch,B1,m6_4-dataset-20260819T155147Z-386f95dd,m6_4-dataset-20260819T155147Z-386f95dd,M6_4_campaign,m6_4-trial-020,20,0.8,7,1,1,1,1,1,0.35,1,1
track1_5ch,B1,m6_4-dataset-20260819T155147Z-386f95dd,m6_4-dataset-20260819T155147Z-386f95dd,M6_4_campaign,m6_4-trial-020,20,1.0,8,1,1,1,1,1,0.35,1,1
track2_common3,B1,m6_4-dataset-20260819T155147Z-386f95dd,m6_4-dataset-20260819T155147Z-386f95dd,M6_4_campaign,m6_4-trial-020,20,0.2,0,1,1,1,1,1,0.35,1,1
track2_common3,B1,m6_4-dataset-20260819T155147Z-386f95dd,m6_4-dataset-20260819T155147Z-386f95dd,M6_4_campaign,m6_4-trial-020,20,0.25,1,1,1,1,1,1,0.35,1,1
track2_common3,B1,m6_4-dataset-20260819T155147Z-386f95dd,m6_4-dataset-20260819T155147Z-386f95dd,M6_4_campaign,m6_4-trial-020,20,0.3,2,1,1,1,1,1,0.35,1,1
track2_common3,B1,m6_4-dataset-20260819T155147Z-386f95dd,m6_4-dataset-20260819T155147Z-386f95dd,M6_4_campaign,m6_4-trial-020,20,0.35,3,1,1,1,1,1,0.35,1,1
track2_common3,B1,m6_4-dataset-20260819T155147Z-386f95dd,m6_4-dataset-20260819T155147Z-386f95dd,M6_4_campaign,m6_4-trial-020,20,0.4,4,1,1,1,1,1,0.35,1,1
track2_common3,B1,m6_4-dataset-20260819T155147Z-386f95dd,m6_4-dataset-20260819T155147Z-386f95dd,M6_4_campaign,m6_4-trial-020,20,0.5,5,1,1,1,1,1,0.35,1,1
track2_common3,B1,m6_4-dataset-20260819T155147Z-386f95dd,m6_4-dataset-20260819T155147Z-386f95dd,M6_4_campaign,m6_4-trial-020,20,0.6,6,1,1,1,1,1,0.35,1,1
track2_common3,B1,m6_4-dataset-20260819T155147Z-386f95dd,m6_4-dataset-20260819T155147Z-386f95dd,M6_4_campaign,m6_4-trial-020,20,0.8,7,1,1,1,1,1,0.35,1,1
track2_common3,B1,m6_4-dataset-20260819T155147Z-386f95dd,m6_4-dataset-20260819T155147Z-386f95dd,M6_4_campaign,m6_4-trial-020,20,1.0,8,1,1,1,1,1,0.35,1,1
track1_5ch,B1,m6_4-dataset-20260819T155147Z-386f95dd,m6_4-dataset-20260819T155147Z-386f95dd,M6_4_campaign,m6_4-trial-021,21,0.2,0,1,0,1,0,1,0.3,1,1
track1_5ch,B1,m6_4-dataset-20260819T155147Z-386f95dd,m6_4-dataset-20260819T155147Z-386f95dd,M6_4_campaign,m6_4-trial-021,21,0.25,1,1,1,1,1,1,0.3,1,1
track1_5ch,B1,m6_4-dataset-20260819T155147Z-386f95dd,m6_4-dataset-20260819T155147Z-386f95dd,M6_4_campaign,m6_4-trial-021,21,0.3,2,1,1,1,1,1,0.3,1,1
track1_5ch,B1,m6_4-dataset-20260819T155147Z-386f95dd,m6_4-dataset-20260819T155147Z-386f95dd,M6_4_campaign,m6_4-trial-021,21,0.35,3,1,1,1,1,1,0.3,1,1
track1_5ch,B1,m6_4-dataset-20260819T155147Z-386f95dd,m6_4-dataset-20260819T155147Z-386f95dd,M6_4_campaign,m6_4-trial-021,21,0.4,4,1,1,1,1,1,0.3,1,1
track1_5ch,B1,m6_4-dataset-20260819T155147Z-386f95dd,m6_4-dataset-20260819T155147Z-386f95dd,M6_4_campaign,m6_4-trial-021,21,0.5,5,1,1,1,1,1,0.3,1,1
track1_5ch,B1,m6_4-dataset-20260819T155147Z-386f95dd,m6_4-dataset-20260819T155147Z-386f95dd,M6_4_campaign,m6_4-trial-021,21,0.6,6,1,1,1,1,1,0.3,1,1
track1_5ch,B1,m6_4-dataset-20260819T155147Z-386f95dd,m6_4-dataset-20260819T155147Z-386f95dd,M6_4_campaign,m6_4-trial-021,21,0.8,7,1,1,1,1,1,0.3,1,1
track1_5ch,B1,m6_4-dataset-20260819T155147Z-386f95dd,m6_4-dataset-20260819T155147Z-386f95dd,M6_4_campaign,m6_4-trial-021,21,1.0,8,1,1,1,1,1,0.3,1,1
track2_common3,B1,m6_4-dataset-20260819T155147Z-386f95dd,m6_4-dataset-20260819T155147Z-386f95dd,M6_4_campaign,m6_4-trial-021,21,0.2,0,1,0,1,0,1,0.3,1,1
track2_common3,B1,m6_4-dataset-20260819T155147Z-386f95dd,m6_4-dataset-20260819T155147Z-386f95dd,M6_4_campaign,m6_4-trial-021,21,0.25,1,1,1,1,1,1,0.3,1,1
track2_common3,B1,m6_4-dataset-20260819T155147Z-386f95dd,m6_4-dataset-20260819T155147Z-386f95dd,M6_4_campaign,m6_4-trial-021,21,0.3,2,1,1,1,1,1,0.3,1,1
track2_common3,B1,m6_4-dataset-20260819T155147Z-386f95dd,m6_4-dataset-20260819T155147Z-386f95dd,M6_4_campaign,m6_4-trial-021,21,0.35,3,1,1,1,1,1,0.3,1,1
track2_common3,B1,m6_4-dataset-20260819T155147Z-386f95dd,m6_4-dataset-20260819T155147Z-386f95dd,M6_4_campaign,m6_4-trial-021,21,0.4,4,1,1,1,1,1,0.3,1,1
track2_common3,B1,m6_4-dataset-20260819T155147Z-386f95dd,m6_4-dataset-20260819T155147Z-386f95dd,M6_4_campaign,m6_4-trial-021,21,0.5,5,1,1,1,1,1,0.3,1,1
track2_common3,B1,m6_4-dataset-20260819T155147Z-386f95dd,m6_4-dataset-20260819T155147Z-386f95dd,M6_4_campaign,m6_4-trial-021,21,0.6,6,1,1,1,1,1,0.3,1,1
track2_common3,B1,m6_4-dataset-20260819T155147Z-386f95dd,m6_4-dataset-20260819T155147Z-386f95dd,M6_4_campaign,m6_4-trial-021,21,0.8,7,1,1,1,1,1,0.3,1,1
track2_common3,B1,m6_4-dataset-20260819T155147Z-386f95dd,m6_4-dataset-20260819T155147Z-386f95dd,M6_4_campaign,m6_4-trial-021,21,1.0,8,1,1,1,1,1,0.3,1,1
track1_5ch,B1,m6_4-dataset-20260819T155147Z-386f95dd,m6_4-dataset-20260819T155147Z-386f95dd,M6_4_campaign,m6_4-trial-022,22,0.2,0,0,1,0,1,0,1.0,1,1
track1_5ch,B1,m6_4-dataset-20260819T155147Z-386f95dd,m6_4-dataset-20260819T155147Z-386f95dd,M6_4_campaign,m6_4-trial-022,22,0.25,1,0,0,0,0,0,1.0,1,1
track1_5ch,B1,m6_4-dataset-20260819T155147Z-386f95dd,m6_4-dataset-20260819T155147Z-386f95dd,M6_4_campaign,m6_4-trial-022,22,0.3,2,0,0,0,0,0,1.0,1,1
track1_5ch,B1,m6_4-dataset-20260819T155147Z-386f95dd,m6_4-dataset-20260819T155147Z-386f95dd,M6_4_campaign,m6_4-trial-022,22,0.35,3,0,0,0,0,0,1.0,1,1
track1_5ch,B1,m6_4-dataset-20260819T155147Z-386f95dd,m6_4-dataset-20260819T155147Z-386f95dd,M6_4_campaign,m6_4-trial-022,22,0.4,4,0,0,0,0,0,1.0,1,1
track1_5ch,B1,m6_4-dataset-20260819T155147Z-386f95dd,m6_4-dataset-20260819T155147Z-386f95dd,M6_4_campaign,m6_4-trial-022,22,0.5,5,0,1,0,1,0,1.0,1,1
track1_5ch,B1,m6_4-dataset-20260819T155147Z-386f95dd,m6_4-dataset-20260819T155147Z-386f95dd,M6_4_campaign,m6_4-trial-022,22,0.6,6,0,1,0,1,0,1.0,1,1
track1_5ch,B1,m6_4-dataset-20260819T155147Z-386f95dd,m6_4-dataset-20260819T155147Z-386f95dd,M6_4_campaign,m6_4-trial-022,22,0.8,7,0,1,0,1,0,1.0,1,1
track1_5ch,B1,m6_4-dataset-20260819T155147Z-386f95dd,m6_4-dataset-20260819T155147Z-386f95dd,M6_4_campaign,m6_4-trial-022,22,1.0,8,0,1,0,1,0,1.0,1,1
track2_common3,B1,m6_4-dataset-20260819T155147Z-386f95dd,m6_4-dataset-20260819T155147Z-386f95dd,M6_4_campaign,m6_4-trial-022,22,0.2,0,0,1,0,1,0,1.0,1,1
track2_common3,B1,m6_4-dataset-20260819T155147Z-386f95dd,m6_4-dataset-20260819T155147Z-386f95dd,M6_4_campaign,m6_4-trial-022,22,0.25,1,0,0,0,0,0,1.0,1,1
track2_common3,B1,m6_4-dataset-20260819T155147Z-386f95dd,m6_4-dataset-20260819T155147Z-386f95dd,M6_4_campaign,m6_4-trial-022,22,0.3,2,0,0,0,0,0,1.0,1,1
track2_common3,B1,m6_4-dataset-20260819T155147Z-386f95dd,m6_4-dataset-20260819T155147Z-386f95dd,M6_4_campaign,m6_4-trial-022,22,0.35,3,0,0,0,0,0,1.0,1,1
track2_common3,B1,m6_4-dataset-20260819T155147Z-386f95dd,m6_4-dataset-20260819T155147Z-386f95dd,M6_4_campaign,m6_4-trial-022,22,0.4,4,0,0,0,0,0,1.0,1,1
track2_common3,B1,m6_4-dataset-20260819T155147Z-386f95dd,m6_4-dataset-20260819T155147Z-386f95dd,M6_4_campaign,m6_4-trial-022,22,0.5,5,0,0,0,0,0,1.0,1,1
track2_common3,B1,m6_4-dataset-20260819T155147Z-386f95dd,m6_4-dataset-20260819T155147Z-386f95dd,M6_4_campaign,m6_4-trial-022,22,0.6,6,0,0,0,0,0,1.0,1,1
track2_common3,B1,m6_4-dataset-20260819T155147Z-386f95dd,m6_4-dataset-20260819T155147Z-386f95dd,M6_4_campaign,m6_4-trial-022,22,0.8,7,0,1,0,1,0,1.0,1,1
track2_common3,B1,m6_4-dataset-20260819T155147Z-386f95dd,m6_4-dataset-20260819T155147Z-386f95dd,M6_4_campaign,m6_4-trial-022,22,1.0,8,0,1,0,1,0,1.0,1,1
track1_5ch,B1,m6_4-dataset-20260819T155147Z-386f95dd,m6_4-dataset-20260819T155147Z-386f95dd,M6_4_campaign,m6_4-trial-023,23,0.2,0,1,1,1,1,1,0.6,1,1
track1_5ch,B1,m6_4-dataset-20260819T155147Z-386f95dd,m6_4-dataset-20260819T155147Z-386f95dd,M6_4_campaign,m6_4-trial-023,23,0.25,1,1,0,1,0,1,0.6,1,1
track1_5ch,B1,m6_4-dataset-20260819T155147Z-386f95dd,m6_4-dataset-20260819T155147Z-386f95dd,M6_4_campaign,m6_4-trial-023,23,0.3,2,1,1,1,1,1,0.6,1,1
track1_5ch,B1,m6_4-dataset-20260819T155147Z-386f95dd,m6_4-dataset-20260819T155147Z-386f95dd,M6_4_campaign,m6_4-trial-023,23,0.35,3,1,1,1,1,1,0.6,1,1
track1_5ch,B1,m6_4-dataset-20260819T155147Z-386f95dd,m6_4-dataset-20260819T155147Z-386f95dd,M6_4_campaign,m6_4-trial-023,23,0.4,4,1,1,1,1,1,0.6,1,1
track1_5ch,B1,m6_4-dataset-20260819T155147Z-386f95dd,m6_4-dataset-20260819T155147Z-386f95dd,M6_4_campaign,m6_4-trial-023,23,0.5,5,1,1,1,1,1,0.6,1,1
track1_5ch,B1,m6_4-dataset-20260819T155147Z-386f95dd,m6_4-dataset-20260819T155147Z-386f95dd,M6_4_campaign,m6_4-trial-023,23,0.6,6,1,1,1,1,1,0.6,1,1
track1_5ch,B1,m6_4-dataset-20260819T155147Z-386f95dd,m6_4-dataset-20260819T155147Z-386f95dd,M6_4_campaign,m6_4-trial-023,23,0.8,7,1,1,1,1,1,0.6,1,1
track1_5ch,B1,m6_4-dataset-20260819T155147Z-386f95dd,m6_4-dataset-20260819T155147Z-386f95dd,M6_4_campaign,m6_4-trial-023,23,1.0,8,1,1,1,1,1,0.6,1,1
track2_common3,B1,m6_4-dataset-20260819T155147Z-386f95dd,m6_4-dataset-20260819T155147Z-386f95dd,M6_4_campaign,m6_4-trial-023,23,0.2,0,1,1,1,1,1,0.5,1,1
track2_common3,B1,m6_4-dataset-20260819T155147Z-386f95dd,m6_4-dataset-20260819T155147Z-386f95dd,M6_4_campaign,m6_4-trial-023,23,0.25,1,1,0,1,0,1,0.5,1,1
track2_common3,B1,m6_4-dataset-20260819T155147Z-386f95dd,m6_4-dataset-20260819T155147Z-386f95dd,M6_4_campaign,m6_4-trial-023,23,0.3,2,1,1,1,1,1,0.5,1,1
track2_common3,B1,m6_4-dataset-20260819T155147Z-386f95dd,m6_4-dataset-20260819T155147Z-386f95dd,M6_4_campaign,m6_4-trial-023,23,0.35,3,1,1,1,1,1,0.5,1,1
track2_common3,B1,m6_4-dataset-20260819T155147Z-386f95dd,m6_4-dataset-20260819T155147Z-386f95dd,M6_4_campaign,m6_4-trial-023,23,0.4,4,1,1,1,1,1,0.5,1,1
track2_common3,B1,m6_4-dataset-20260819T155147Z-386f95dd,m6_4-dataset-20260819T155147Z-386f95dd,M6_4_campaign,m6_4-trial-023,23,0.5,5,1,1,1,1,1,0.5,1,1
track2_common3,B1,m6_4-dataset-20260819T155147Z-386f95dd,m6_4-dataset-20260819T155147Z-386f95dd,M6_4_campaign,m6_4-trial-023,23,0.6,6,1,1,1,1,1,0.5,1,1
track2_common3,B1,m6_4-dataset-20260819T155147Z-386f95dd,m6_4-dataset-20260819T155147Z-386f95dd,M6_4_campaign,m6_4-trial-023,23,0.8,7,1,1,1,1,1,0.5,1,1
track2_common3,B1,m6_4-dataset-20260819T155147Z-386f95dd,m6_4-dataset-20260819T155147Z-386f95dd,M6_4_campaign,m6_4-trial-023,23,1.0,8,1,1,1,1,1,0.5,1,1
track1_5ch,B1,m6_4-dataset-20260819T155147Z-386f95dd,m6_4-dataset-20260819T155147Z-386f95dd,M6_4_campaign,m6_4-trial-024,24,0.2,0,2,1,2,1,2,0.3,1,1
track1_5ch,B1,m6_4-dataset-20260819T155147Z-386f95dd,m6_4-dataset-20260819T155147Z-386f95dd,M6_4_campaign,m6_4-trial-024,24,0.25,1,2,1,2,1,2,0.3,1,1
track1_5ch,B1,m6_4-dataset-20260819T155147Z-386f95dd,m6_4-dataset-20260819T155147Z-386f95dd,M6_4_campaign,m6_4-trial-024,24,0.3,2,2,1,2,1,2,0.3,1,1
track1_5ch,B1,m6_4-dataset-20260819T155147Z-386f95dd,m6_4-dataset-20260819T155147Z-386f95dd,M6_4_campaign,m6_4-trial-024,24,0.35,3,2,1,2,1,2,0.3,1,1
track1_5ch,B1,m6_4-dataset-20260819T155147Z-386f95dd,m6_4-dataset-20260819T155147Z-386f95dd,M6_4_campaign,m6_4-trial-024,24,0.4,4,2,1,2,1,2,0.3,1,1
track1_5ch,B1,m6_4-dataset-20260819T155147Z-386f95dd,m6_4-dataset-20260819T155147Z-386f95dd,M6_4_campaign,m6_4-trial-024,24,0.5,5,2,1,2,1,2,0.3,1,1
track1_5ch,B1,m6_4-dataset-20260819T155147Z-386f95dd,m6_4-dataset-20260819T155147Z-386f95dd,M6_4_campaign,m6_4-trial-024,24,0.6,6,2,1,2,1,2,0.3,1,1
track1_5ch,B1,m6_4-dataset-20260819T155147Z-386f95dd,m6_4-dataset-20260819T155147Z-386f95dd,M6_4_campaign,m6_4-trial-024,24,0.8,7,2,1,2,1,2,0.3,1,1
track1_5ch,B1,m6_4-dataset-20260819T155147Z-386f95dd,m6_4-dataset-20260819T155147Z-386f95dd,M6_4_campaign,m6_4-trial-024,24,1.0,8,2,1,2,1,2,0.3,1,1
track2_common3,B1,m6_4-dataset-20260819T155147Z-386f95dd,m6_4-dataset-20260819T155147Z-386f95dd,M6_4_campaign,m6_4-trial-024,24,0.2,0,2,1,2,1,2,0.25,1,1
track2_common3,B1,m6_4-dataset-20260819T155147Z-386f95dd,m6_4-dataset-20260819T155147Z-386f95dd,M6_4_campaign,m6_4-trial-024,24,0.25,1,2,1,2,1,2,0.25,1,1
track2_common3,B1,m6_4-dataset-20260819T155147Z-386f95dd,m6_4-dataset-20260819T155147Z-386f95dd,M6_4_campaign,m6_4-trial-024,24,0.3,2,2,1,2,1,2,0.25,1,1
track2_common3,B1,m6_4-dataset-20260819T155147Z-386f95dd,m6_4-dataset-20260819T155147Z-386f95dd,M6_4_campaign,m6_4-trial-024,24,0.35,3,2,1,2,1,2,0.25,1,1
track2_common3,B1,m6_4-dataset-20260819T155147Z-386f95dd,m6_4-dataset-20260819T155147Z-386f95dd,M6_4_campaign,m6_4-trial-024,24,0.4,4,2,1,2,1,2,0.25,1,1
track2_common3,B1,m6_4-dataset-20260819T155147Z-386f95dd,m6_4-dataset-20260819T155147Z-386f95dd,M6_4_campaign,m6_4-trial-024,24,0.5,5,2,1,2,1,2,0.25,1,1
track2_common3,B1,m6_4-dataset-20260819T155147Z-386f95dd,m6_4-dataset-20260819T155147Z-386f95dd,M6_4_campaign,m6_4-trial-024,24,0.6,6,2,1,2,1,2,0.25,1,1
track2_common3,B1,m6_4-dataset-20260819T155147Z-386f95dd,m6_4-dataset-20260819T155147Z-386f95dd,M6_4_campaign,m6_4-trial-024,24,0.8,7,2,1,2,1,2,0.25,1,1
track2_common3,B1,m6_4-dataset-20260819T155147Z-386f95dd,m6_4-dataset-20260819T155147Z-386f95dd,M6_4_campaign,m6_4-trial-024,24,1.0,8,2,1,2,1,2,0.25,1,1
track1_5ch,B1,m6_4-dataset-20260819T155147Z-386f95dd,m6_4-dataset-20260819T155147Z-386f95dd,M6_4_campaign,m6_4-trial-025,25,0.2,0,0,0,0,0,0,0.35,1,1
track1_5ch,B1,m6_4-dataset-20260819T155147Z-386f95dd,m6_4-dataset-20260819T155147Z-386f95dd,M6_4_campaign,m6_4-trial-025,25,0.25,1,0,1,0,1,0,0.35,1,1
track1_5ch,B1,m6_4-dataset-20260819T155147Z-386f95dd,m6_4-dataset-20260819T155147Z-386f95dd,M6_4_campaign,m6_4-trial-025,25,0.3,2,0,1,0,1,0,0.35,1,1
track1_5ch,B1,m6_4-dataset-20260819T155147Z-386f95dd,m6_4-dataset-20260819T155147Z-386f95dd,M6_4_campaign,m6_4-trial-025,25,0.35,3,0,1,0,1,0,0.35,1,1
track1_5ch,B1,m6_4-dataset-20260819T155147Z-386f95dd,m6_4-dataset-20260819T155147Z-386f95dd,M6_4_campaign,m6_4-trial-025,25,0.4,4,0,1,0,1,0,0.35,1,1
track1_5ch,B1,m6_4-dataset-20260819T155147Z-386f95dd,m6_4-dataset-20260819T155147Z-386f95dd,M6_4_campaign,m6_4-trial-025,25,0.5,5,0,1,0,1,0,0.35,1,1
track1_5ch,B1,m6_4-dataset-20260819T155147Z-386f95dd,m6_4-dataset-20260819T155147Z-386f95dd,M6_4_campaign,m6_4-trial-025,25,0.6,6,0,1,0,1,0,0.35,1,1
track1_5ch,B1,m6_4-dataset-20260819T155147Z-386f95dd,m6_4-dataset-20260819T155147Z-386f95dd,M6_4_campaign,m6_4-trial-025,25,0.8,7,0,1,0,1,0,0.35,1,1
track1_5ch,B1,m6_4-dataset-20260819T155147Z-386f95dd,m6_4-dataset-20260819T155147Z-386f95dd,M6_4_campaign,m6_4-trial-025,25,1.0,8,0,1,0,1,0,0.35,1,1
track2_common3,B1,m6_4-dataset-20260819T155147Z-386f95dd,m6_4-dataset-20260819T155147Z-386f95dd,M6_4_campaign,m6_4-trial-025,25,0.2,0,0,0,0,0,0,0.3,1,1
track2_common3,B1,m6_4-dataset-20260819T155147Z-386f95dd,m6_4-dataset-20260819T155147Z-386f95dd,M6_4_campaign,m6_4-trial-025,25,0.25,1,0,1,0,1,0,0.3,1,1
track2_common3,B1,m6_4-dataset-20260819T155147Z-386f95dd,m6_4-dataset-20260819T155147Z-386f95dd,M6_4_campaign,m6_4-trial-025,25,0.3,2,0,1,0,1,0,0.3,1,1
track2_common3,B1,m6_4-dataset-20260819T155147Z-386f95dd,m6_4-dataset-20260819T155147Z-386f95dd,M6_4_campaign,m6_4-trial-025,25,0.35,3,0,1,0,1,0,0.3,1,1
track2_common3,B1,m6_4-dataset-20260819T155147Z-386f95dd,m6_4-dataset-20260819T155147Z-386f95dd,M6_4_campaign,m6_4-trial-025,25,0.4,4,0,1,0,1,0,0.3,1,1
track2_common3,B1,m6_4-dataset-20260819T155147Z-386f95dd,m6_4-dataset-20260819T155147Z-386f95dd,M6_4_campaign,m6_4-trial-025,25,0.5,5,0,1,0,1,0,0.3,1,1
track2_common3,B1,m6_4-dataset-20260819T155147Z-386f95dd,m6_4-dataset-20260819T155147Z-386f95dd,M6_4_campaign,m6_4-trial-025,25,0.6,6,0,1,0,1,0,0.3,1,1
track2_common3,B1,m6_4-dataset-20260819T155147Z-386f95dd,m6_4-dataset-20260819T155147Z-386f95dd,M6_4_campaign,m6_4-trial-025,25,0.8,7,0,1,0,1,0,0.3,1,1
track2_common3,B1,m6_4-dataset-20260819T155147Z-386f95dd,m6_4-dataset-20260819T155147Z-386f95dd,M6_4_campaign,m6_4-trial-025,25,1.0,8,0,1,0,1,0,0.3,1,1
track1_5ch,B1,m6_4-dataset-20260819T155147Z-386f95dd,m6_4-dataset-20260819T155147Z-386f95dd,M6_4_campaign,m6_4-trial-026,26,0.2,0,0,0,0,0,0,0.4,1,1
track1_5ch,B1,m6_4-dataset-20260819T155147Z-386f95dd,m6_4-dataset-20260819T155147Z-386f95dd,M6_4_campaign,m6_4-trial-026,26,0.25,1,0,0,0,0,0,0.4,1,1
track1_5ch,B1,m6_4-dataset-20260819T155147Z-386f95dd,m6_4-dataset-20260819T155147Z-386f95dd,M6_4_campaign,m6_4-trial-026,26,0.3,2,0,0,0,0,0,0.4,1,1
track1_5ch,B1,m6_4-dataset-20260819T155147Z-386f95dd,m6_4-dataset-20260819T155147Z-386f95dd,M6_4_campaign,m6_4-trial-026,26,0.35,3,0,1,0,1,0,0.4,1,1
track1_5ch,B1,m6_4-dataset-20260819T155147Z-386f95dd,m6_4-dataset-20260819T155147Z-386f95dd,M6_4_campaign,m6_4-trial-026,26,0.4,4,0,1,0,1,0,0.4,1,1
track1_5ch,B1,m6_4-dataset-20260819T155147Z-386f95dd,m6_4-dataset-20260819T155147Z-386f95dd,M6_4_campaign,m6_4-trial-026,26,0.5,5,0,1,0,1,0,0.4,1,1
track1_5ch,B1,m6_4-dataset-20260819T155147Z-386f95dd,m6_4-dataset-20260819T155147Z-386f95dd,M6_4_campaign,m6_4-trial-026,26,0.6,6,0,1,0,1,0,0.4,1,1
track1_5ch,B1,m6_4-dataset-20260819T155147Z-386f95dd,m6_4-dataset-20260819T155147Z-386f95dd,M6_4_campaign,m6_4-trial-026,26,0.8,7,0,1,0,1,0,0.4,1,1
track1_5ch,B1,m6_4-dataset-20260819T155147Z-386f95dd,m6_4-dataset-20260819T155147Z-386f95dd,M6_4_campaign,m6_4-trial-026,26,1.0,8,0,1,0,1,0,0.4,1,1
track2_common3,B1,m6_4-dataset-20260819T155147Z-386f95dd,m6_4-dataset-20260819T155147Z-386f95dd,M6_4_campaign,m6_4-trial-026,26,0.2,0,0,0,0,0,0,0.4,1,1
track2_common3,B1,m6_4-dataset-20260819T155147Z-386f95dd,m6_4-dataset-20260819T155147Z-386f95dd,M6_4_campaign,m6_4-trial-026,26,0.25,1,0,0,0,0,0,0.4,1,1
track2_common3,B1,m6_4-dataset-20260819T155147Z-386f95dd,m6_4-dataset-20260819T155147Z-386f95dd,M6_4_campaign,m6_4-trial-026,26,0.3,2,0,0,0,0,0,0.4,1,1
track2_common3,B1,m6_4-dataset-20260819T155147Z-386f95dd,m6_4-dataset-20260819T155147Z-386f95dd,M6_4_campaign,m6_4-trial-026,26,0.35,3,0,1,0,1,0,0.4,1,1
track2_common3,B1,m6_4-dataset-20260819T155147Z-386f95dd,m6_4-dataset-20260819T155147Z-386f95dd,M6_4_campaign,m6_4-trial-026,26,0.4,4,0,1,0,1,0,0.4,1,1
track2_common3,B1,m6_4-dataset-20260819T155147Z-386f95dd,m6_4-dataset-20260819T155147Z-386f95dd,M6_4_campaign,m6_4-trial-026,26,0.5,5,0,1,0,1,0,0.4,1,1
track2_common3,B1,m6_4-dataset-20260819T155147Z-386f95dd,m6_4-dataset-20260819T155147Z-386f95dd,M6_4_campaign,m6_4-trial-026,26,0.6,6,0,1,0,1,0,0.4,1,1
track2_common3,B1,m6_4-dataset-20260819T155147Z-386f95dd,m6_4-dataset-20260819T155147Z-386f95dd,M6_4_campaign,m6_4-trial-026,26,0.8,7,0,1,0,1,0,0.4,1,1
track2_common3,B1,m6_4-dataset-20260819T155147Z-386f95dd,m6_4-dataset-20260819T155147Z-386f95dd,M6_4_campaign,m6_4-trial-026,26,1.0,8,0,1,0,1,0,0.4,1,1
track1_5ch,B1,m6_4-dataset-20260819T155147Z-386f95dd,m6_4-dataset-20260819T155147Z-386f95dd,M6_4_campaign,m6_4-trial-027,27,0.2,0,1,1,1,1,1,0.25,1,1
track1_5ch,B1,m6_4-dataset-20260819T155147Z-386f95dd,m6_4-dataset-20260819T155147Z-386f95dd,M6_4_campaign,m6_4-trial-027,27,0.25,1,1,1,1,1,1,0.25,1,1
track1_5ch,B1,m6_4-dataset-20260819T155147Z-386f95dd,m6_4-dataset-20260819T155147Z-386f95dd,M6_4_campaign,m6_4-trial-027,27,0.3,2,1,1,1,1,1,0.25,1,1
track1_5ch,B1,m6_4-dataset-20260819T155147Z-386f95dd,m6_4-dataset-20260819T155147Z-386f95dd,M6_4_campaign,m6_4-trial-027,27,0.35,3,1,1,1,1,1,0.25,1,1
track1_5ch,B1,m6_4-dataset-20260819T155147Z-386f95dd,m6_4-dataset-20260819T155147Z-386f95dd,M6_4_campaign,m6_4-trial-027,27,0.4,4,1,1,1,1,1,0.25,1,1
track1_5ch,B1,m6_4-dataset-20260819T155147Z-386f95dd,m6_4-dataset-20260819T155147Z-386f95dd,M6_4_campaign,m6_4-trial-027,27,0.5,5,1,1,1,1,1,0.25,1,1
track1_5ch,B1,m6_4-dataset-20260819T155147Z-386f95dd,m6_4-dataset-20260819T155147Z-386f95dd,M6_4_campaign,m6_4-trial-027,27,0.6,6,1,1,1,1,1,0.25,1,1
track1_5ch,B1,m6_4-dataset-20260819T155147Z-386f95dd,m6_4-dataset-20260819T155147Z-386f95dd,M6_4_campaign,m6_4-trial-027,27,0.8,7,1,1,1,1,1,0.25,1,1
track1_5ch,B1,m6_4-dataset-20260819T155147Z-386f95dd,m6_4-dataset-20260819T155147Z-386f95dd,M6_4_campaign,m6_4-trial-027,27,1.0,8,1,1,1,1,1,0.25,1,1
track2_common3,B1,m6_4-dataset-20260819T155147Z-386f95dd,m6_4-dataset-20260819T155147Z-386f95dd,M6_4_campaign,m6_4-trial-027,27,0.2,0,1,1,1,1,1,0.25,1,1
track2_common3,B1,m6_4-dataset-20260819T155147Z-386f95dd,m6_4-dataset-20260819T155147Z-386f95dd,M6_4_campaign,m6_4-trial-027,27,0.25,1,1,1,1,1,1,0.25,1,1
track2_common3,B1,m6_4-dataset-20260819T155147Z-386f95dd,m6_4-dataset-20260819T155147Z-386f95dd,M6_4_campaign,m6_4-trial-027,27,0.3,2,1,1,1,1,1,0.25,1,1
track2_common3,B1,m6_4-dataset-20260819T155147Z-386f95dd,m6_4-dataset-20260819T155147Z-386f95dd,M6_4_campaign,m6_4-trial-027,27,0.35,3,1,1,1,1,1,0.25,1,1
track2_common3,B1,m6_4-dataset-20260819T155147Z-386f95dd,m6_4-dataset-20260819T155147Z-386f95dd,M6_4_campaign,m6_4-trial-027,27,0.4,4,1,1,1,1,1,0.25,1,1
track2_common3,B1,m6_4-dataset-20260819T155147Z-386f95dd,m6_4-dataset-20260819T155147Z-386f95dd,M6_4_campaign,m6_4-trial-027,27,0.5,5,1,1,1,1,1,0.25,1,1
track2_common3,B1,m6_4-dataset-20260819T155147Z-386f95dd,m6_4-dataset-20260819T155147Z-386f95dd,M6_4_campaign,m6_4-trial-027,27,0.6,6,1,1,1,1,1,0.25,1,1
track2_common3,B1,m6_4-dataset-20260819T155147Z-386f95dd,m6_4-dataset-20260819T155147Z-386f95dd,M6_4_campaign,m6_4-trial-027,27,0.8,7,1,1,1,1,1,0.25,1,1
track2_common3,B1,m6_4-dataset-20260819T155147Z-386f95dd,m6_4-dataset-20260819T155147Z-386f95dd,M6_4_campaign,m6_4-trial-027,27,1.0,8,1,1,1,1,1,0.25,1,1
track1_5ch,B1,m6_4-dataset-20260819T155147Z-386f95dd,m6_4-dataset-20260819T155147Z-386f95dd,M6_4_campaign,m6_4-trial-028,28,0.2,0,1,0,1,0,1,0.8,1,1
track1_5ch,B1,m6_4-dataset-20260819T155147Z-386f95dd,m6_4-dataset-20260819T155147Z-386f95dd,M6_4_campaign,m6_4-trial-028,28,0.25,1,1,1,1,1,1,0.8,1,1
track1_5ch,B1,m6_4-dataset-20260819T155147Z-386f95dd,m6_4-dataset-20260819T155147Z-386f95dd,M6_4_campaign,m6_4-trial-028,28,0.3,2,1,0,1,0,1,0.8,1,1
track1_5ch,B1,m6_4-dataset-20260819T155147Z-386f95dd,m6_4-dataset-20260819T155147Z-386f95dd,M6_4_campaign,m6_4-trial-028,28,0.35,3,1,0,1,0,1,0.8,1,1
track1_5ch,B1,m6_4-dataset-20260819T155147Z-386f95dd,m6_4-dataset-20260819T155147Z-386f95dd,M6_4_campaign,m6_4-trial-028,28,0.4,4,1,0,1,0,1,0.8,1,1
track1_5ch,B1,m6_4-dataset-20260819T155147Z-386f95dd,m6_4-dataset-20260819T155147Z-386f95dd,M6_4_campaign,m6_4-trial-028,28,0.5,5,1,0,1,0,1,0.8,1,1
track1_5ch,B1,m6_4-dataset-20260819T155147Z-386f95dd,m6_4-dataset-20260819T155147Z-386f95dd,M6_4_campaign,m6_4-trial-028,28,0.6,6,1,1,1,1,1,0.8,1,1
track1_5ch,B1,m6_4-dataset-20260819T155147Z-386f95dd,m6_4-dataset-20260819T155147Z-386f95dd,M6_4_campaign,m6_4-trial-028,28,0.8,7,1,1,1,1,1,0.8,1,1
track1_5ch,B1,m6_4-dataset-20260819T155147Z-386f95dd,m6_4-dataset-20260819T155147Z-386f95dd,M6_4_campaign,m6_4-trial-028,28,1.0,8,1,1,1,1,1,0.8,1,1
track2_common3,B1,m6_4-dataset-20260819T155147Z-386f95dd,m6_4-dataset-20260819T155147Z-386f95dd,M6_4_campaign,m6_4-trial-028,28,0.2,0,1,0,0,1,0,0.35,0,1
track2_common3,B1,m6_4-dataset-20260819T155147Z-386f95dd,m6_4-dataset-20260819T155147Z-386f95dd,M6_4_campaign,m6_4-trial-028,28,0.25,1,1,1,0,0,0,0.35,0,1
track2_common3,B1,m6_4-dataset-20260819T155147Z-386f95dd,m6_4-dataset-20260819T155147Z-386f95dd,M6_4_campaign,m6_4-trial-028,28,0.3,2,1,0,0,1,0,0.35,0,1
track2_common3,B1,m6_4-dataset-20260819T155147Z-386f95dd,m6_4-dataset-20260819T155147Z-386f95dd,M6_4_campaign,m6_4-trial-028,28,0.35,3,1,0,0,1,0,0.35,0,1
track2_common3,B1,m6_4-dataset-20260819T155147Z-386f95dd,m6_4-dataset-20260819T155147Z-386f95dd,M6_4_campaign,m6_4-trial-028,28,0.4,4,1,0,0,1,0,0.35,0,1
track2_common3,B1,m6_4-dataset-20260819T155147Z-386f95dd,m6_4-dataset-20260819T155147Z-386f95dd,M6_4_campaign,m6_4-trial-028,28,0.5,5,1,0,0,1,0,0.35,0,1
track2_common3,B1,m6_4-dataset-20260819T155147Z-386f95dd,m6_4-dataset-20260819T155147Z-386f95dd,M6_4_campaign,m6_4-trial-028,28,0.6,6,1,1,0,0,0,0.35,0,1
track2_common3,B1,m6_4-dataset-20260819T155147Z-386f95dd,m6_4-dataset-20260819T155147Z-386f95dd,M6_4_campaign,m6_4-trial-028,28,0.8,7,1,1,0,0,0,0.35,0,1
track2_common3,B1,m6_4-dataset-20260819T155147Z-386f95dd,m6_4-dataset-20260819T155147Z-386f95dd,M6_4_campaign,m6_4-trial-028,28,1.0,8,1,1,0,0,0,0.35,0,1
track1_5ch,B1,m6_4-dataset-20260819T155147Z-386f95dd,m6_4-dataset-20260819T155147Z-386f95dd,M6_4_campaign,m6_4-trial-029,29,0.2,0,0,0,0,0,0,0.8,1,1
track1_5ch,B1,m6_4-dataset-20260819T155147Z-386f95dd,m6_4-dataset-20260819T155147Z-386f95dd,M6_4_campaign,m6_4-trial-029,29,0.25,1,0,1,0,1,0,0.8,1,1
track1_5ch,B1,m6_4-dataset-20260819T155147Z-386f95dd,m6_4-dataset-20260819T155147Z-386f95dd,M6_4_campaign,m6_4-trial-029,29,0.3,2,0,0,0,0,0,0.8,1,1
track1_5ch,B1,m6_4-dataset-20260819T155147Z-386f95dd,m6_4-dataset-20260819T155147Z-386f95dd,M6_4_campaign,m6_4-trial-029,29,0.35,3,0,1,0,1,0,0.8,1,1
track1_5ch,B1,m6_4-dataset-20260819T155147Z-386f95dd,m6_4-dataset-20260819T155147Z-386f95dd,M6_4_campaign,m6_4-trial-029,29,0.4,4,0,1,0,1,0,0.8,1,1
track1_5ch,B1,m6_4-dataset-20260819T155147Z-386f95dd,m6_4-dataset-20260819T155147Z-386f95dd,M6_4_campaign,m6_4-trial-029,29,0.5,5,0,1,0,1,0,0.8,1,1
track1_5ch,B1,m6_4-dataset-20260819T155147Z-386f95dd,m6_4-dataset-20260819T155147Z-386f95dd,M6_4_campaign,m6_4-trial-029,29,0.6,6,0,1,0,1,0,0.8,1,1
track1_5ch,B1,m6_4-dataset-20260819T155147Z-386f95dd,m6_4-dataset-20260819T155147Z-386f95dd,M6_4_campaign,m6_4-trial-029,29,0.8,7,0,1,0,1,0,0.8,1,1
track1_5ch,B1,m6_4-dataset-20260819T155147Z-386f95dd,m6_4-dataset-20260819T155147Z-386f95dd,M6_4_campaign,m6_4-trial-029,29,1.0,8,0,1,0,1,0,0.8,1,1
track2_common3,B1,m6_4-dataset-20260819T155147Z-386f95dd,m6_4-dataset-20260819T155147Z-386f95dd,M6_4_campaign,m6_4-trial-029,29,0.2,0,0,0,0,0,0,0.35,1,1
track2_common3,B1,m6_4-dataset-20260819T155147Z-386f95dd,m6_4-dataset-20260819T155147Z-386f95dd,M6_4_campaign,m6_4-trial-029,29,0.25,1,0,1,0,1,0,0.35,1,1
track2_common3,B1,m6_4-dataset-20260819T155147Z-386f95dd,m6_4-dataset-20260819T155147Z-386f95dd,M6_4_campaign,m6_4-trial-029,29,0.3,2,0,1,0,1,0,0.35,1,1
track2_common3,B1,m6_4-dataset-20260819T155147Z-386f95dd,m6_4-dataset-20260819T155147Z-386f95dd,M6_4_campaign,m6_4-trial-029,29,0.35,3,0,1,0,1,0,0.35,1,1
track2_common3,B1,m6_4-dataset-20260819T155147Z-386f95dd,m6_4-dataset-20260819T155147Z-386f95dd,M6_4_campaign,m6_4-trial-029,29,0.4,4,0,1,0,1,0,0.35,1,1
track2_common3,B1,m6_4-dataset-20260819T155147Z-386f95dd,m6_4-dataset-20260819T155147Z-386f95dd,M6_4_campaign,m6_4-trial-029,29,0.5,5,0,1,0,1,0,0.35,1,1
track2_common3,B1,m6_4-dataset-20260819T155147Z-386f95dd,m6_4-dataset-20260819T155147Z-386f95dd,M6_4_campaign,m6_4-trial-029,29,0.6,6,0,1,0,1,0,0.35,1,1
track2_common3,B1,m6_4-dataset-20260819T155147Z-386f95dd,m6_4-dataset-20260819T155147Z-386f95dd,M6_4_campaign,m6_4-trial-029,29,0.8,7,0,1,0,1,0,0.35,1,1
track2_common3,B1,m6_4-dataset-20260819T155147Z-386f95dd,m6_4-dataset-20260819T155147Z-386f95dd,M6_4_campaign,m6_4-trial-029,29,1.0,8,0,1,0,1,0,0.35,1,1
track1_5ch,B1,m6_4-dataset-20260819T155147Z-386f95dd,m6_4-dataset-20260819T155147Z-386f95dd,M6_4_campaign,m6_4-trial-030,30,0.2,0,2,0,2,0,2,0.4,1,1
track1_5ch,B1,m6_4-dataset-20260819T155147Z-386f95dd,m6_4-dataset-20260819T155147Z-386f95dd,M6_4_campaign,m6_4-trial-030,30,0.25,1,2,0,2,0,2,0.4,1,1
track1_5ch,B1,m6_4-dataset-20260819T155147Z-386f95dd,m6_4-dataset-20260819T155147Z-386f95dd,M6_4_campaign,m6_4-trial-030,30,0.3,2,2,0,2,0,2,0.4,1,1
track1_5ch,B1,m6_4-dataset-20260819T155147Z-386f95dd,m6_4-dataset-20260819T155147Z-386f95dd,M6_4_campaign,m6_4-trial-030,30,0.35,3,2,1,2,1,2,0.4,1,1
track1_5ch,B1,m6_4-dataset-20260819T155147Z-386f95dd,m6_4-dataset-20260819T155147Z-386f95dd,M6_4_campaign,m6_4-trial-030,30,0.4,4,2,1,2,1,2,0.4,1,1
track1_5ch,B1,m6_4-dataset-20260819T155147Z-386f95dd,m6_4-dataset-20260819T155147Z-386f95dd,M6_4_campaign,m6_4-trial-030,30,0.5,5,2,1,2,1,2,0.4,1,1
track1_5ch,B1,m6_4-dataset-20260819T155147Z-386f95dd,m6_4-dataset-20260819T155147Z-386f95dd,M6_4_campaign,m6_4-trial-030,30,0.6,6,2,1,2,1,2,0.4,1,1
track1_5ch,B1,m6_4-dataset-20260819T155147Z-386f95dd,m6_4-dataset-20260819T155147Z-386f95dd,M6_4_campaign,m6_4-trial-030,30,0.8,7,2,1,2,1,2,0.4,1,1
track1_5ch,B1,m6_4-dataset-20260819T155147Z-386f95dd,m6_4-dataset-20260819T155147Z-386f95dd,M6_4_campaign,m6_4-trial-030,30,1.0,8,2,1,2,1,2,0.4,1,1
track2_common3,B1,m6_4-dataset-20260819T155147Z-386f95dd,m6_4-dataset-20260819T155147Z-386f95dd,M6_4_campaign,m6_4-trial-030,30,0.2,0,2,1,2,1,2,0.25,1,1
track2_common3,B1,m6_4-dataset-20260819T155147Z-386f95dd,m6_4-dataset-20260819T155147Z-386f95dd,M6_4_campaign,m6_4-trial-030,30,0.25,1,2,1,2,1,2,0.25,1,1
track2_common3,B1,m6_4-dataset-20260819T155147Z-386f95dd,m6_4-dataset-20260819T155147Z-386f95dd,M6_4_campaign,m6_4-trial-030,30,0.3,2,2,1,2,1,2,0.25,1,1
track2_common3,B1,m6_4-dataset-20260819T155147Z-386f95dd,m6_4-dataset-20260819T155147Z-386f95dd,M6_4_campaign,m6_4-trial-030,30,0.35,3,2,1,2,1,2,0.25,1,1
track2_common3,B1,m6_4-dataset-20260819T155147Z-386f95dd,m6_4-dataset-20260819T155147Z-386f95dd,M6_4_campaign,m6_4-trial-030,30,0.4,4,2,1,2,1,2,0.25,1,1
track2_common3,B1,m6_4-dataset-20260819T155147Z-386f95dd,m6_4-dataset-20260819T155147Z-386f95dd,M6_4_campaign,m6_4-trial-030,30,0.5,5,2,1,2,1,2,0.25,1,1
track2_common3,B1,m6_4-dataset-20260819T155147Z-386f95dd,m6_4-dataset-20260819T155147Z-386f95dd,M6_4_campaign,m6_4-trial-030,30,0.6,6,2,1,2,1,2,0.25,1,1
track2_common3,B1,m6_4-dataset-20260819T155147Z-386f95dd,m6_4-dataset-20260819T155147Z-386f95dd,M6_4_campaign,m6_4-trial-030,30,0.8,7,2,1,2,1,2,0.25,1,1
track2_common3,B1,m6_4-dataset-20260819T155147Z-386f95dd,m6_4-dataset-20260819T155147Z-386f95dd,M6_4_campaign,m6_4-trial-030,30,1.0,8,2,1,2,1,2,0.25,1,1
track1_5ch,B2,m6_4-dataset-20260819T161943Z-afaac607,m6_4-dataset-20260819T161943Z-afaac607,M6_4_campaign,m6_4-trial-001,1,0.2,0,2,1,2,1,2,0.25,1,1
track1_5ch,B2,m6_4-dataset-20260819T161943Z-afaac607,m6_4-dataset-20260819T161943Z-afaac607,M6_4_campaign,m6_4-trial-001,1,0.25,1,2,1,2,1,2,0.25,1,1
track1_5ch,B2,m6_4-dataset-20260819T161943Z-afaac607,m6_4-dataset-20260819T161943Z-afaac607,M6_4_campaign,m6_4-trial-001,1,0.3,2,2,1,2,1,2,0.25,1,1
track1_5ch,B2,m6_4-dataset-20260819T161943Z-afaac607,m6_4-dataset-20260819T161943Z-afaac607,M6_4_campaign,m6_4-trial-001,1,0.35,3,2,1,2,1,2,0.25,1,1
track1_5ch,B2,m6_4-dataset-20260819T161943Z-afaac607,m6_4-dataset-20260819T161943Z-afaac607,M6_4_campaign,m6_4-trial-001,1,0.4,4,2,1,2,1,2,0.25,1,1
track1_5ch,B2,m6_4-dataset-20260819T161943Z-afaac607,m6_4-dataset-20260819T161943Z-afaac607,M6_4_campaign,m6_4-trial-001,1,0.5,5,2,1,2,1,2,0.25,1,1
track1_5ch,B2,m6_4-dataset-20260819T161943Z-afaac607,m6_4-dataset-20260819T161943Z-afaac607,M6_4_campaign,m6_4-trial-001,1,0.6,6,2,1,2,1,2,0.25,1,1
track1_5ch,B2,m6_4-dataset-20260819T161943Z-afaac607,m6_4-dataset-20260819T161943Z-afaac607,M6_4_campaign,m6_4-trial-001,1,0.8,7,2,1,2,1,2,0.25,1,1
track1_5ch,B2,m6_4-dataset-20260819T161943Z-afaac607,m6_4-dataset-20260819T161943Z-afaac607,M6_4_campaign,m6_4-trial-001,1,1.0,8,2,0,2,0,2,0.25,1,1
track2_common3,B2,m6_4-dataset-20260819T161943Z-afaac607,m6_4-dataset-20260819T161943Z-afaac607,M6_4_campaign,m6_4-trial-001,1,0.2,0,2,1,2,1,2,0.25,1,1
track2_common3,B2,m6_4-dataset-20260819T161943Z-afaac607,m6_4-dataset-20260819T161943Z-afaac607,M6_4_campaign,m6_4-trial-001,1,0.25,1,2,1,2,1,2,0.25,1,1
track2_common3,B2,m6_4-dataset-20260819T161943Z-afaac607,m6_4-dataset-20260819T161943Z-afaac607,M6_4_campaign,m6_4-trial-001,1,0.3,2,2,1,2,1,2,0.25,1,1
track2_common3,B2,m6_4-dataset-20260819T161943Z-afaac607,m6_4-dataset-20260819T161943Z-afaac607,M6_4_campaign,m6_4-trial-001,1,0.35,3,2,1,2,1,2,0.25,1,1
track2_common3,B2,m6_4-dataset-20260819T161943Z-afaac607,m6_4-dataset-20260819T161943Z-afaac607,M6_4_campaign,m6_4-trial-001,1,0.4,4,2,1,2,1,2,0.25,1,1
track2_common3,B2,m6_4-dataset-20260819T161943Z-afaac607,m6_4-dataset-20260819T161943Z-afaac607,M6_4_campaign,m6_4-trial-001,1,0.5,5,2,1,2,1,2,0.25,1,1
track2_common3,B2,m6_4-dataset-20260819T161943Z-afaac607,m6_4-dataset-20260819T161943Z-afaac607,M6_4_campaign,m6_4-trial-001,1,0.6,6,2,1,2,1,2,0.25,1,1
track2_common3,B2,m6_4-dataset-20260819T161943Z-afaac607,m6_4-dataset-20260819T161943Z-afaac607,M6_4_campaign,m6_4-trial-001,1,0.8,7,2,1,2,1,2,0.25,1,1
track2_common3,B2,m6_4-dataset-20260819T161943Z-afaac607,m6_4-dataset-20260819T161943Z-afaac607,M6_4_campaign,m6_4-trial-001,1,1.0,8,2,0,2,0,2,0.25,1,1
track1_5ch,B2,m6_4-dataset-20260819T161943Z-afaac607,m6_4-dataset-20260819T161943Z-afaac607,M6_4_campaign,m6_4-trial-002,2,0.2,0,0,1,0,1,0,0.25,1,1
track1_5ch,B2,m6_4-dataset-20260819T161943Z-afaac607,m6_4-dataset-20260819T161943Z-afaac607,M6_4_campaign,m6_4-trial-002,2,0.25,1,0,1,0,1,0,0.25,1,1
track1_5ch,B2,m6_4-dataset-20260819T161943Z-afaac607,m6_4-dataset-20260819T161943Z-afaac607,M6_4_campaign,m6_4-trial-002,2,0.3,2,0,1,0,1,0,0.25,1,1
track1_5ch,B2,m6_4-dataset-20260819T161943Z-afaac607,m6_4-dataset-20260819T161943Z-afaac607,M6_4_campaign,m6_4-trial-002,2,0.35,3,0,1,0,1,0,0.25,1,1
track1_5ch,B2,m6_4-dataset-20260819T161943Z-afaac607,m6_4-dataset-20260819T161943Z-afaac607,M6_4_campaign,m6_4-trial-002,2,0.4,4,0,1,0,1,0,0.25,1,1
track1_5ch,B2,m6_4-dataset-20260819T161943Z-afaac607,m6_4-dataset-20260819T161943Z-afaac607,M6_4_campaign,m6_4-trial-002,2,0.5,5,0,1,0,1,0,0.25,1,1
track1_5ch,B2,m6_4-dataset-20260819T161943Z-afaac607,m6_4-dataset-20260819T161943Z-afaac607,M6_4_campaign,m6_4-trial-002,2,0.6,6,0,1,0,1,0,0.25,1,1
track1_5ch,B2,m6_4-dataset-20260819T161943Z-afaac607,m6_4-dataset-20260819T161943Z-afaac607,M6_4_campaign,m6_4-trial-002,2,0.8,7,0,1,0,1,0,0.25,1,1
track1_5ch,B2,m6_4-dataset-20260819T161943Z-afaac607,m6_4-dataset-20260819T161943Z-afaac607,M6_4_campaign,m6_4-trial-002,2,1.0,8,0,1,0,1,0,0.25,1,1
track2_common3,B2,m6_4-dataset-20260819T161943Z-afaac607,m6_4-dataset-20260819T161943Z-afaac607,M6_4_campaign,m6_4-trial-002,2,0.2,0,0,1,0,1,0,0.35,1,1
track2_common3,B2,m6_4-dataset-20260819T161943Z-afaac607,m6_4-dataset-20260819T161943Z-afaac607,M6_4_campaign,m6_4-trial-002,2,0.25,1,0,1,0,1,0,0.35,1,1
track2_common3,B2,m6_4-dataset-20260819T161943Z-afaac607,m6_4-dataset-20260819T161943Z-afaac607,M6_4_campaign,m6_4-trial-002,2,0.3,2,0,1,0,1,0,0.35,1,1
track2_common3,B2,m6_4-dataset-20260819T161943Z-afaac607,m6_4-dataset-20260819T161943Z-afaac607,M6_4_campaign,m6_4-trial-002,2,0.35,3,0,1,0,1,0,0.35,1,1
track2_common3,B2,m6_4-dataset-20260819T161943Z-afaac607,m6_4-dataset-20260819T161943Z-afaac607,M6_4_campaign,m6_4-trial-002,2,0.4,4,0,1,0,1,0,0.35,1,1
track2_common3,B2,m6_4-dataset-20260819T161943Z-afaac607,m6_4-dataset-20260819T161943Z-afaac607,M6_4_campaign,m6_4-trial-002,2,0.5,5,0,1,0,1,0,0.35,1,1
track2_common3,B2,m6_4-dataset-20260819T161943Z-afaac607,m6_4-dataset-20260819T161943Z-afaac607,M6_4_campaign,m6_4-trial-002,2,0.6,6,0,1,0,1,0,0.35,1,1
track2_common3,B2,m6_4-dataset-20260819T161943Z-afaac607,m6_4-dataset-20260819T161943Z-afaac607,M6_4_campaign,m6_4-trial-002,2,0.8,7,0,1,0,1,0,0.35,1,1
track2_common3,B2,m6_4-dataset-20260819T161943Z-afaac607,m6_4-dataset-20260819T161943Z-afaac607,M6_4_campaign,m6_4-trial-002,2,1.0,8,0,1,0,1,0,0.35,1,1
track1_5ch,B2,m6_4-dataset-20260819T161943Z-afaac607,m6_4-dataset-20260819T161943Z-afaac607,M6_4_campaign,m6_4-trial-003,3,0.2,0,1,1,1,1,1,0.3,1,1
track1_5ch,B2,m6_4-dataset-20260819T161943Z-afaac607,m6_4-dataset-20260819T161943Z-afaac607,M6_4_campaign,m6_4-trial-003,3,0.25,1,1,1,1,1,1,0.3,1,1
track1_5ch,B2,m6_4-dataset-20260819T161943Z-afaac607,m6_4-dataset-20260819T161943Z-afaac607,M6_4_campaign,m6_4-trial-003,3,0.3,2,1,1,1,1,1,0.3,1,1
track1_5ch,B2,m6_4-dataset-20260819T161943Z-afaac607,m6_4-dataset-20260819T161943Z-afaac607,M6_4_campaign,m6_4-trial-003,3,0.35,3,1,1,1,1,1,0.3,1,1
track1_5ch,B2,m6_4-dataset-20260819T161943Z-afaac607,m6_4-dataset-20260819T161943Z-afaac607,M6_4_campaign,m6_4-trial-003,3,0.4,4,1,1,1,1,1,0.3,1,1
track1_5ch,B2,m6_4-dataset-20260819T161943Z-afaac607,m6_4-dataset-20260819T161943Z-afaac607,M6_4_campaign,m6_4-trial-003,3,0.5,5,1,1,1,1,1,0.3,1,1
track1_5ch,B2,m6_4-dataset-20260819T161943Z-afaac607,m6_4-dataset-20260819T161943Z-afaac607,M6_4_campaign,m6_4-trial-003,3,0.6,6,1,1,1,1,1,0.3,1,1
track1_5ch,B2,m6_4-dataset-20260819T161943Z-afaac607,m6_4-dataset-20260819T161943Z-afaac607,M6_4_campaign,m6_4-trial-003,3,0.8,7,1,1,1,1,1,0.3,1,1
track1_5ch,B2,m6_4-dataset-20260819T161943Z-afaac607,m6_4-dataset-20260819T161943Z-afaac607,M6_4_campaign,m6_4-trial-003,3,1.0,8,1,1,1,1,1,0.3,1,1
track2_common3,B2,m6_4-dataset-20260819T161943Z-afaac607,m6_4-dataset-20260819T161943Z-afaac607,M6_4_campaign,m6_4-trial-003,3,0.2,0,1,1,1,1,1,0.3,1,1
track2_common3,B2,m6_4-dataset-20260819T161943Z-afaac607,m6_4-dataset-20260819T161943Z-afaac607,M6_4_campaign,m6_4-trial-003,3,0.25,1,1,1,1,1,1,0.3,1,1
track2_common3,B2,m6_4-dataset-20260819T161943Z-afaac607,m6_4-dataset-20260819T161943Z-afaac607,M6_4_campaign,m6_4-trial-003,3,0.3,2,1,1,1,1,1,0.3,1,1
track2_common3,B2,m6_4-dataset-20260819T161943Z-afaac607,m6_4-dataset-20260819T161943Z-afaac607,M6_4_campaign,m6_4-trial-003,3,0.35,3,1,1,1,1,1,0.3,1,1
track2_common3,B2,m6_4-dataset-20260819T161943Z-afaac607,m6_4-dataset-20260819T161943Z-afaac607,M6_4_campaign,m6_4-trial-003,3,0.4,4,1,1,1,1,1,0.3,1,1
track2_common3,B2,m6_4-dataset-20260819T161943Z-afaac607,m6_4-dataset-20260819T161943Z-afaac607,M6_4_campaign,m6_4-trial-003,3,0.5,5,1,1,1,1,1,0.3,1,1
track2_common3,B2,m6_4-dataset-20260819T161943Z-afaac607,m6_4-dataset-20260819T161943Z-afaac607,M6_4_campaign,m6_4-trial-003,3,0.6,6,1,1,1,1,1,0.3,1,1
track2_common3,B2,m6_4-dataset-20260819T161943Z-afaac607,m6_4-dataset-20260819T161943Z-afaac607,M6_4_campaign,m6_4-trial-003,3,0.8,7,1,1,1,1,1,0.3,1,1
track2_common3,B2,m6_4-dataset-20260819T161943Z-afaac607,m6_4-dataset-20260819T161943Z-afaac607,M6_4_campaign,m6_4-trial-003,3,1.0,8,1,1,1,1,1,0.3,1,1
track1_5ch,B2,m6_4-dataset-20260819T161943Z-afaac607,m6_4-dataset-20260819T161943Z-afaac607,M6_4_campaign,m6_4-trial-004,4,0.2,0,2,1,2,1,2,0.25,1,1
track1_5ch,B2,m6_4-dataset-20260819T161943Z-afaac607,m6_4-dataset-20260819T161943Z-afaac607,M6_4_campaign,m6_4-trial-004,4,0.25,1,2,1,2,1,2,0.25,1,1
track1_5ch,B2,m6_4-dataset-20260819T161943Z-afaac607,m6_4-dataset-20260819T161943Z-afaac607,M6_4_campaign,m6_4-trial-004,4,0.3,2,2,1,2,1,2,0.25,1,1
track1_5ch,B2,m6_4-dataset-20260819T161943Z-afaac607,m6_4-dataset-20260819T161943Z-afaac607,M6_4_campaign,m6_4-trial-004,4,0.35,3,2,1,2,1,2,0.25,1,1
track1_5ch,B2,m6_4-dataset-20260819T161943Z-afaac607,m6_4-dataset-20260819T161943Z-afaac607,M6_4_campaign,m6_4-trial-004,4,0.4,4,2,1,2,1,2,0.25,1,1
track1_5ch,B2,m6_4-dataset-20260819T161943Z-afaac607,m6_4-dataset-20260819T161943Z-afaac607,M6_4_campaign,m6_4-trial-004,4,0.5,5,2,1,2,1,2,0.25,1,1
track1_5ch,B2,m6_4-dataset-20260819T161943Z-afaac607,m6_4-dataset-20260819T161943Z-afaac607,M6_4_campaign,m6_4-trial-004,4,0.6,6,2,1,2,1,2,0.25,1,1
track1_5ch,B2,m6_4-dataset-20260819T161943Z-afaac607,m6_4-dataset-20260819T161943Z-afaac607,M6_4_campaign,m6_4-trial-004,4,0.8,7,2,1,2,1,2,0.25,1,1
track1_5ch,B2,m6_4-dataset-20260819T161943Z-afaac607,m6_4-dataset-20260819T161943Z-afaac607,M6_4_campaign,m6_4-trial-004,4,1.0,8,2,1,2,1,2,0.25,1,1
track2_common3,B2,m6_4-dataset-20260819T161943Z-afaac607,m6_4-dataset-20260819T161943Z-afaac607,M6_4_campaign,m6_4-trial-004,4,0.2,0,2,1,2,1,2,0.25,1,1
track2_common3,B2,m6_4-dataset-20260819T161943Z-afaac607,m6_4-dataset-20260819T161943Z-afaac607,M6_4_campaign,m6_4-trial-004,4,0.25,1,2,1,2,1,2,0.25,1,1
track2_common3,B2,m6_4-dataset-20260819T161943Z-afaac607,m6_4-dataset-20260819T161943Z-afaac607,M6_4_campaign,m6_4-trial-004,4,0.3,2,2,1,2,1,2,0.25,1,1
track2_common3,B2,m6_4-dataset-20260819T161943Z-afaac607,m6_4-dataset-20260819T161943Z-afaac607,M6_4_campaign,m6_4-trial-004,4,0.35,3,2,1,2,1,2,0.25,1,1
track2_common3,B2,m6_4-dataset-20260819T161943Z-afaac607,m6_4-dataset-20260819T161943Z-afaac607,M6_4_campaign,m6_4-trial-004,4,0.4,4,2,1,2,1,2,0.25,1,1
track2_common3,B2,m6_4-dataset-20260819T161943Z-afaac607,m6_4-dataset-20260819T161943Z-afaac607,M6_4_campaign,m6_4-trial-004,4,0.5,5,2,1,2,1,2,0.25,1,1
track2_common3,B2,m6_4-dataset-20260819T161943Z-afaac607,m6_4-dataset-20260819T161943Z-afaac607,M6_4_campaign,m6_4-trial-004,4,0.6,6,2,1,2,1,2,0.25,1,1
track2_common3,B2,m6_4-dataset-20260819T161943Z-afaac607,m6_4-dataset-20260819T161943Z-afaac607,M6_4_campaign,m6_4-trial-004,4,0.8,7,2,1,2,1,2,0.25,1,1
track2_common3,B2,m6_4-dataset-20260819T161943Z-afaac607,m6_4-dataset-20260819T161943Z-afaac607,M6_4_campaign,m6_4-trial-004,4,1.0,8,2,1,2,1,2,0.25,1,1
track1_5ch,B2,m6_4-dataset-20260819T161943Z-afaac607,m6_4-dataset-20260819T161943Z-afaac607,M6_4_campaign,m6_4-trial-005,5,0.2,0,1,1,1,1,1,0.25,1,1
track1_5ch,B2,m6_4-dataset-20260819T161943Z-afaac607,m6_4-dataset-20260819T161943Z-afaac607,M6_4_campaign,m6_4-trial-005,5,0.25,1,1,1,1,1,1,0.25,1,1
track1_5ch,B2,m6_4-dataset-20260819T161943Z-afaac607,m6_4-dataset-20260819T161943Z-afaac607,M6_4_campaign,m6_4-trial-005,5,0.3,2,1,1,1,1,1,0.25,1,1
track1_5ch,B2,m6_4-dataset-20260819T161943Z-afaac607,m6_4-dataset-20260819T161943Z-afaac607,M6_4_campaign,m6_4-trial-005,5,0.35,3,1,1,1,1,1,0.25,1,1
track1_5ch,B2,m6_4-dataset-20260819T161943Z-afaac607,m6_4-dataset-20260819T161943Z-afaac607,M6_4_campaign,m6_4-trial-005,5,0.4,4,1,1,1,1,1,0.25,1,1
track1_5ch,B2,m6_4-dataset-20260819T161943Z-afaac607,m6_4-dataset-20260819T161943Z-afaac607,M6_4_campaign,m6_4-trial-005,5,0.5,5,1,1,1,1,1,0.25,1,1
track1_5ch,B2,m6_4-dataset-20260819T161943Z-afaac607,m6_4-dataset-20260819T161943Z-afaac607,M6_4_campaign,m6_4-trial-005,5,0.6,6,1,1,1,1,1,0.25,1,1
track1_5ch,B2,m6_4-dataset-20260819T161943Z-afaac607,m6_4-dataset-20260819T161943Z-afaac607,M6_4_campaign,m6_4-trial-005,5,0.8,7,1,1,1,1,1,0.25,1,1
track1_5ch,B2,m6_4-dataset-20260819T161943Z-afaac607,m6_4-dataset-20260819T161943Z-afaac607,M6_4_campaign,m6_4-trial-005,5,1.0,8,1,1,1,1,1,0.25,1,1
track2_common3,B2,m6_4-dataset-20260819T161943Z-afaac607,m6_4-dataset-20260819T161943Z-afaac607,M6_4_campaign,m6_4-trial-005,5,0.2,0,1,1,1,1,1,0.25,1,1
track2_common3,B2,m6_4-dataset-20260819T161943Z-afaac607,m6_4-dataset-20260819T161943Z-afaac607,M6_4_campaign,m6_4-trial-005,5,0.25,1,1,1,1,1,1,0.25,1,1
track2_common3,B2,m6_4-dataset-20260819T161943Z-afaac607,m6_4-dataset-20260819T161943Z-afaac607,M6_4_campaign,m6_4-trial-005,5,0.3,2,1,1,1,1,1,0.25,1,1
track2_common3,B2,m6_4-dataset-20260819T161943Z-afaac607,m6_4-dataset-20260819T161943Z-afaac607,M6_4_campaign,m6_4-trial-005,5,0.35,3,1,1,1,1,1,0.25,1,1
track2_common3,B2,m6_4-dataset-20260819T161943Z-afaac607,m6_4-dataset-20260819T161943Z-afaac607,M6_4_campaign,m6_4-trial-005,5,0.4,4,1,1,1,1,1,0.25,1,1
track2_common3,B2,m6_4-dataset-20260819T161943Z-afaac607,m6_4-dataset-20260819T161943Z-afaac607,M6_4_campaign,m6_4-trial-005,5,0.5,5,1,1,1,1,1,0.25,1,1
track2_common3,B2,m6_4-dataset-20260819T161943Z-afaac607,m6_4-dataset-20260819T161943Z-afaac607,M6_4_campaign,m6_4-trial-005,5,0.6,6,1,1,1,1,1,0.25,1,1
track2_common3,B2,m6_4-dataset-20260819T161943Z-afaac607,m6_4-dataset-20260819T161943Z-afaac607,M6_4_campaign,m6_4-trial-005,5,0.8,7,1,1,1,1,1,0.25,1,1
track2_common3,B2,m6_4-dataset-20260819T161943Z-afaac607,m6_4-dataset-20260819T161943Z-afaac607,M6_4_campaign,m6_4-trial-005,5,1.0,8,1,1,1,1,1,0.25,1,1
track1_5ch,B2,m6_4-dataset-20260819T161943Z-afaac607,m6_4-dataset-20260819T161943Z-afaac607,M6_4_campaign,m6_4-trial-006,6,0.2,0,0,0,0,0,0,0.5,1,1
track1_5ch,B2,m6_4-dataset-20260819T161943Z-afaac607,m6_4-dataset-20260819T161943Z-afaac607,M6_4_campaign,m6_4-trial-006,6,0.25,1,0,0,0,0,0,0.5,1,1
track1_5ch,B2,m6_4-dataset-20260819T161943Z-afaac607,m6_4-dataset-20260819T161943Z-afaac607,M6_4_campaign,m6_4-trial-006,6,0.3,2,0,1,0,1,0,0.5,1,1
track1_5ch,B2,m6_4-dataset-20260819T161943Z-afaac607,m6_4-dataset-20260819T161943Z-afaac607,M6_4_campaign,m6_4-trial-006,6,0.35,3,0,1,0,1,0,0.5,1,1
track1_5ch,B2,m6_4-dataset-20260819T161943Z-afaac607,m6_4-dataset-20260819T161943Z-afaac607,M6_4_campaign,m6_4-trial-006,6,0.4,4,0,1,0,1,0,0.5,1,1
track1_5ch,B2,m6_4-dataset-20260819T161943Z-afaac607,m6_4-dataset-20260819T161943Z-afaac607,M6_4_campaign,m6_4-trial-006,6,0.5,5,0,1,0,1,0,0.5,1,1
track1_5ch,B2,m6_4-dataset-20260819T161943Z-afaac607,m6_4-dataset-20260819T161943Z-afaac607,M6_4_campaign,m6_4-trial-006,6,0.6,6,0,1,0,1,0,0.5,1,1
track1_5ch,B2,m6_4-dataset-20260819T161943Z-afaac607,m6_4-dataset-20260819T161943Z-afaac607,M6_4_campaign,m6_4-trial-006,6,0.8,7,0,1,0,1,0,0.5,1,1
track1_5ch,B2,m6_4-dataset-20260819T161943Z-afaac607,m6_4-dataset-20260819T161943Z-afaac607,M6_4_campaign,m6_4-trial-006,6,1.0,8,0,1,0,1,0,0.5,1,1
track2_common3,B2,m6_4-dataset-20260819T161943Z-afaac607,m6_4-dataset-20260819T161943Z-afaac607,M6_4_campaign,m6_4-trial-006,6,0.2,0,0,1,0,1,0,0.5,1,1
track2_common3,B2,m6_4-dataset-20260819T161943Z-afaac607,m6_4-dataset-20260819T161943Z-afaac607,M6_4_campaign,m6_4-trial-006,6,0.25,1,0,0,0,0,0,0.5,1,1
track2_common3,B2,m6_4-dataset-20260819T161943Z-afaac607,m6_4-dataset-20260819T161943Z-afaac607,M6_4_campaign,m6_4-trial-006,6,0.3,2,0,1,0,1,0,0.5,1,1
track2_common3,B2,m6_4-dataset-20260819T161943Z-afaac607,m6_4-dataset-20260819T161943Z-afaac607,M6_4_campaign,m6_4-trial-006,6,0.35,3,0,1,0,1,0,0.5,1,1
track2_common3,B2,m6_4-dataset-20260819T161943Z-afaac607,m6_4-dataset-20260819T161943Z-afaac607,M6_4_campaign,m6_4-trial-006,6,0.4,4,0,1,0,1,0,0.5,1,1
track2_common3,B2,m6_4-dataset-20260819T161943Z-afaac607,m6_4-dataset-20260819T161943Z-afaac607,M6_4_campaign,m6_4-trial-006,6,0.5,5,0,1,0,1,0,0.5,1,1
track2_common3,B2,m6_4-dataset-20260819T161943Z-afaac607,m6_4-dataset-20260819T161943Z-afaac607,M6_4_campaign,m6_4-trial-006,6,0.6,6,0,1,0,1,0,0.5,1,1
track2_common3,B2,m6_4-dataset-20260819T161943Z-afaac607,m6_4-dataset-20260819T161943Z-afaac607,M6_4_campaign,m6_4-trial-006,6,0.8,7,0,1,0,1,0,0.5,1,1
track2_common3,B2,m6_4-dataset-20260819T161943Z-afaac607,m6_4-dataset-20260819T161943Z-afaac607,M6_4_campaign,m6_4-trial-006,6,1.0,8,0,1,0,1,0,0.5,1,1
track1_5ch,B2,m6_4-dataset-20260819T161943Z-afaac607,m6_4-dataset-20260819T161943Z-afaac607,M6_4_campaign,m6_4-trial-007,7,0.2,0,1,0,1,0,1,0.35,1,1
track1_5ch,B2,m6_4-dataset-20260819T161943Z-afaac607,m6_4-dataset-20260819T161943Z-afaac607,M6_4_campaign,m6_4-trial-007,7,0.25,1,1,1,1,1,1,0.35,1,1
track1_5ch,B2,m6_4-dataset-20260819T161943Z-afaac607,m6_4-dataset-20260819T161943Z-afaac607,M6_4_campaign,m6_4-trial-007,7,0.3,2,1,1,1,1,1,0.35,1,1
track1_5ch,B2,m6_4-dataset-20260819T161943Z-afaac607,m6_4-dataset-20260819T161943Z-afaac607,M6_4_campaign,m6_4-trial-007,7,0.35,3,1,1,1,1,1,0.35,1,1
track1_5ch,B2,m6_4-dataset-20260819T161943Z-afaac607,m6_4-dataset-20260819T161943Z-afaac607,M6_4_campaign,m6_4-trial-007,7,0.4,4,1,1,1,1,1,0.35,1,1
track1_5ch,B2,m6_4-dataset-20260819T161943Z-afaac607,m6_4-dataset-20260819T161943Z-afaac607,M6_4_campaign,m6_4-trial-007,7,0.5,5,1,1,1,1,1,0.35,1,1
track1_5ch,B2,m6_4-dataset-20260819T161943Z-afaac607,m6_4-dataset-20260819T161943Z-afaac607,M6_4_campaign,m6_4-trial-007,7,0.6,6,1,1,1,1,1,0.35,1,1
track1_5ch,B2,m6_4-dataset-20260819T161943Z-afaac607,m6_4-dataset-20260819T161943Z-afaac607,M6_4_campaign,m6_4-trial-007,7,0.8,7,1,1,1,1,1,0.35,1,1
track1_5ch,B2,m6_4-dataset-20260819T161943Z-afaac607,m6_4-dataset-20260819T161943Z-afaac607,M6_4_campaign,m6_4-trial-007,7,1.0,8,1,1,1,1,1,0.35,1,1
track2_common3,B2,m6_4-dataset-20260819T161943Z-afaac607,m6_4-dataset-20260819T161943Z-afaac607,M6_4_campaign,m6_4-trial-007,7,0.2,0,1,1,1,1,1,0.25,1,1
track2_common3,B2,m6_4-dataset-20260819T161943Z-afaac607,m6_4-dataset-20260819T161943Z-afaac607,M6_4_campaign,m6_4-trial-007,7,0.25,1,1,1,1,1,1,0.25,1,1
track2_common3,B2,m6_4-dataset-20260819T161943Z-afaac607,m6_4-dataset-20260819T161943Z-afaac607,M6_4_campaign,m6_4-trial-007,7,0.3,2,1,1,1,1,1,0.25,1,1
track2_common3,B2,m6_4-dataset-20260819T161943Z-afaac607,m6_4-dataset-20260819T161943Z-afaac607,M6_4_campaign,m6_4-trial-007,7,0.35,3,1,1,1,1,1,0.25,1,1
track2_common3,B2,m6_4-dataset-20260819T161943Z-afaac607,m6_4-dataset-20260819T161943Z-afaac607,M6_4_campaign,m6_4-trial-007,7,0.4,4,1,1,1,1,1,0.25,1,1
track2_common3,B2,m6_4-dataset-20260819T161943Z-afaac607,m6_4-dataset-20260819T161943Z-afaac607,M6_4_campaign,m6_4-trial-007,7,0.5,5,1,1,1,1,1,0.25,1,1
track2_common3,B2,m6_4-dataset-20260819T161943Z-afaac607,m6_4-dataset-20260819T161943Z-afaac607,M6_4_campaign,m6_4-trial-007,7,0.6,6,1,1,1,1,1,0.25,1,1
track2_common3,B2,m6_4-dataset-20260819T161943Z-afaac607,m6_4-dataset-20260819T161943Z-afaac607,M6_4_campaign,m6_4-trial-007,7,0.8,7,1,1,1,1,1,0.25,1,1
track2_common3,B2,m6_4-dataset-20260819T161943Z-afaac607,m6_4-dataset-20260819T161943Z-afaac607,M6_4_campaign,m6_4-trial-007,7,1.0,8,1,1,1,1,1,0.25,1,1
track1_5ch,B2,m6_4-dataset-20260819T161943Z-afaac607,m6_4-dataset-20260819T161943Z-afaac607,M6_4_campaign,m6_4-trial-008,8,0.2,0,2,0,2,0,2,0.4,1,1
track1_5ch,B2,m6_4-dataset-20260819T161943Z-afaac607,m6_4-dataset-20260819T161943Z-afaac607,M6_4_campaign,m6_4-trial-008,8,0.25,1,2,0,2,0,2,0.4,1,1
track1_5ch,B2,m6_4-dataset-20260819T161943Z-afaac607,m6_4-dataset-20260819T161943Z-afaac607,M6_4_campaign,m6_4-trial-008,8,0.3,2,2,1,2,1,2,0.4,1,1
track1_5ch,B2,m6_4-dataset-20260819T161943Z-afaac607,m6_4-dataset-20260819T161943Z-afaac607,M6_4_campaign,m6_4-trial-008,8,0.35,3,2,1,2,1,2,0.4,1,1
track1_5ch,B2,m6_4-dataset-20260819T161943Z-afaac607,m6_4-dataset-20260819T161943Z-afaac607,M6_4_campaign,m6_4-trial-008,8,0.4,4,2,1,2,1,2,0.4,1,1
track1_5ch,B2,m6_4-dataset-20260819T161943Z-afaac607,m6_4-dataset-20260819T161943Z-afaac607,M6_4_campaign,m6_4-trial-008,8,0.5,5,2,1,2,1,2,0.4,1,1
track1_5ch,B2,m6_4-dataset-20260819T161943Z-afaac607,m6_4-dataset-20260819T161943Z-afaac607,M6_4_campaign,m6_4-trial-008,8,0.6,6,2,1,2,1,2,0.4,1,1
track1_5ch,B2,m6_4-dataset-20260819T161943Z-afaac607,m6_4-dataset-20260819T161943Z-afaac607,M6_4_campaign,m6_4-trial-008,8,0.8,7,2,1,2,1,2,0.4,1,1
track1_5ch,B2,m6_4-dataset-20260819T161943Z-afaac607,m6_4-dataset-20260819T161943Z-afaac607,M6_4_campaign,m6_4-trial-008,8,1.0,8,2,1,2,1,2,0.4,1,1
track2_common3,B2,m6_4-dataset-20260819T161943Z-afaac607,m6_4-dataset-20260819T161943Z-afaac607,M6_4_campaign,m6_4-trial-008,8,0.2,0,2,0,1,1,1,0.25,0,1
track2_common3,B2,m6_4-dataset-20260819T161943Z-afaac607,m6_4-dataset-20260819T161943Z-afaac607,M6_4_campaign,m6_4-trial-008,8,0.25,1,2,0,1,1,1,0.25,0,1
track2_common3,B2,m6_4-dataset-20260819T161943Z-afaac607,m6_4-dataset-20260819T161943Z-afaac607,M6_4_campaign,m6_4-trial-008,8,0.3,2,2,0,1,1,1,0.25,0,1
track2_common3,B2,m6_4-dataset-20260819T161943Z-afaac607,m6_4-dataset-20260819T161943Z-afaac607,M6_4_campaign,m6_4-trial-008,8,0.35,3,2,0,1,1,1,0.25,0,1
track2_common3,B2,m6_4-dataset-20260819T161943Z-afaac607,m6_4-dataset-20260819T161943Z-afaac607,M6_4_campaign,m6_4-trial-008,8,0.4,4,2,0,1,1,1,0.25,0,1
track2_common3,B2,m6_4-dataset-20260819T161943Z-afaac607,m6_4-dataset-20260819T161943Z-afaac607,M6_4_campaign,m6_4-trial-008,8,0.5,5,2,0,1,1,1,0.25,0,1
track2_common3,B2,m6_4-dataset-20260819T161943Z-afaac607,m6_4-dataset-20260819T161943Z-afaac607,M6_4_campaign,m6_4-trial-008,8,0.6,6,2,1,1,0,1,0.25,0,1
track2_common3,B2,m6_4-dataset-20260819T161943Z-afaac607,m6_4-dataset-20260819T161943Z-afaac607,M6_4_campaign,m6_4-trial-008,8,0.8,7,2,1,1,0,1,0.25,0,1
track2_common3,B2,m6_4-dataset-20260819T161943Z-afaac607,m6_4-dataset-20260819T161943Z-afaac607,M6_4_campaign,m6_4-trial-008,8,1.0,8,2,1,1,0,1,0.25,0,1
track1_5ch,B2,m6_4-dataset-20260819T161943Z-afaac607,m6_4-dataset-20260819T161943Z-afaac607,M6_4_campaign,m6_4-trial-009,9,0.2,0,2,0,2,0,2,0.35,1,1
track1_5ch,B2,m6_4-dataset-20260819T161943Z-afaac607,m6_4-dataset-20260819T161943Z-afaac607,M6_4_campaign,m6_4-trial-009,9,0.25,1,2,0,2,0,2,0.35,1,1
track1_5ch,B2,m6_4-dataset-20260819T161943Z-afaac607,m6_4-dataset-20260819T161943Z-afaac607,M6_4_campaign,m6_4-trial-009,9,0.3,2,2,1,2,1,2,0.35,1,1
track1_5ch,B2,m6_4-dataset-20260819T161943Z-afaac607,m6_4-dataset-20260819T161943Z-afaac607,M6_4_campaign,m6_4-trial-009,9,0.35,3,2,1,2,1,2,0.35,1,1
track1_5ch,B2,m6_4-dataset-20260819T161943Z-afaac607,m6_4-dataset-20260819T161943Z-afaac607,M6_4_campaign,m6_4-trial-009,9,0.4,4,2,1,2,1,2,0.35,1,1
track1_5ch,B2,m6_4-dataset-20260819T161943Z-afaac607,m6_4-dataset-20260819T161943Z-afaac607,M6_4_campaign,m6_4-trial-009,9,0.5,5,2,1,2,1,2,0.35,1,1
track1_5ch,B2,m6_4-dataset-20260819T161943Z-afaac607,m6_4-dataset-20260819T161943Z-afaac607,M6_4_campaign,m6_4-trial-009,9,0.6,6,2,1,2,1,2,0.35,1,1
track1_5ch,B2,m6_4-dataset-20260819T161943Z-afaac607,m6_4-dataset-20260819T161943Z-afaac607,M6_4_campaign,m6_4-trial-009,9,0.8,7,2,1,2,1,2,0.35,1,1
track1_5ch,B2,m6_4-dataset-20260819T161943Z-afaac607,m6_4-dataset-20260819T161943Z-afaac607,M6_4_campaign,m6_4-trial-009,9,1.0,8,2,1,2,1,2,0.35,1,1
track2_common3,B2,m6_4-dataset-20260819T161943Z-afaac607,m6_4-dataset-20260819T161943Z-afaac607,M6_4_campaign,m6_4-trial-009,9,0.2,0,2,1,2,1,2,0.3,1,1
track2_common3,B2,m6_4-dataset-20260819T161943Z-afaac607,m6_4-dataset-20260819T161943Z-afaac607,M6_4_campaign,m6_4-trial-009,9,0.25,1,2,1,2,1,2,0.3,1,1
track2_common3,B2,m6_4-dataset-20260819T161943Z-afaac607,m6_4-dataset-20260819T161943Z-afaac607,M6_4_campaign,m6_4-trial-009,9,0.3,2,2,1,2,1,2,0.3,1,1
track2_common3,B2,m6_4-dataset-20260819T161943Z-afaac607,m6_4-dataset-20260819T161943Z-afaac607,M6_4_campaign,m6_4-trial-009,9,0.35,3,2,1,2,1,2,0.3,1,1
track2_common3,B2,m6_4-dataset-20260819T161943Z-afaac607,m6_4-dataset-20260819T161943Z-afaac607,M6_4_campaign,m6_4-trial-009,9,0.4,4,2,1,2,1,2,0.3,1,1
track2_common3,B2,m6_4-dataset-20260819T161943Z-afaac607,m6_4-dataset-20260819T161943Z-afaac607,M6_4_campaign,m6_4-trial-009,9,0.5,5,2,1,2,1,2,0.3,1,1
track2_common3,B2,m6_4-dataset-20260819T161943Z-afaac607,m6_4-dataset-20260819T161943Z-afaac607,M6_4_campaign,m6_4-trial-009,9,0.6,6,2,1,2,1,2,0.3,1,1
track2_common3,B2,m6_4-dataset-20260819T161943Z-afaac607,m6_4-dataset-20260819T161943Z-afaac607,M6_4_campaign,m6_4-trial-009,9,0.8,7,2,1,2,1,2,0.3,1,1
track2_common3,B2,m6_4-dataset-20260819T161943Z-afaac607,m6_4-dataset-20260819T161943Z-afaac607,M6_4_campaign,m6_4-trial-009,9,1.0,8,2,1,2,1,2,0.3,1,1
track1_5ch,B2,m6_4-dataset-20260819T161943Z-afaac607,m6_4-dataset-20260819T161943Z-afaac607,M6_4_campaign,m6_4-trial-010,10,0.2,0,1,1,1,1,1,0.5,1,1
track1_5ch,B2,m6_4-dataset-20260819T161943Z-afaac607,m6_4-dataset-20260819T161943Z-afaac607,M6_4_campaign,m6_4-trial-010,10,0.25,1,1,0,1,0,1,0.5,1,1
track1_5ch,B2,m6_4-dataset-20260819T161943Z-afaac607,m6_4-dataset-20260819T161943Z-afaac607,M6_4_campaign,m6_4-trial-010,10,0.3,2,1,0,1,0,1,0.5,1,1
track1_5ch,B2,m6_4-dataset-20260819T161943Z-afaac607,m6_4-dataset-20260819T161943Z-afaac607,M6_4_campaign,m6_4-trial-010,10,0.35,3,1,0,1,0,1,0.5,1,1
track1_5ch,B2,m6_4-dataset-20260819T161943Z-afaac607,m6_4-dataset-20260819T161943Z-afaac607,M6_4_campaign,m6_4-trial-010,10,0.4,4,1,1,1,1,1,0.5,1,1
track1_5ch,B2,m6_4-dataset-20260819T161943Z-afaac607,m6_4-dataset-20260819T161943Z-afaac607,M6_4_campaign,m6_4-trial-010,10,0.5,5,1,1,1,1,1,0.5,1,1
track1_5ch,B2,m6_4-dataset-20260819T161943Z-afaac607,m6_4-dataset-20260819T161943Z-afaac607,M6_4_campaign,m6_4-trial-010,10,0.6,6,1,1,1,1,1,0.5,1,1
track1_5ch,B2,m6_4-dataset-20260819T161943Z-afaac607,m6_4-dataset-20260819T161943Z-afaac607,M6_4_campaign,m6_4-trial-010,10,0.8,7,1,1,1,1,1,0.5,1,1
track1_5ch,B2,m6_4-dataset-20260819T161943Z-afaac607,m6_4-dataset-20260819T161943Z-afaac607,M6_4_campaign,m6_4-trial-010,10,1.0,8,1,1,1,1,1,0.5,1,1
track2_common3,B2,m6_4-dataset-20260819T161943Z-afaac607,m6_4-dataset-20260819T161943Z-afaac607,M6_4_campaign,m6_4-trial-010,10,0.2,0,1,0,2,1,2,0.25,0,1
track2_common3,B2,m6_4-dataset-20260819T161943Z-afaac607,m6_4-dataset-20260819T161943Z-afaac607,M6_4_campaign,m6_4-trial-010,10,0.25,1,1,0,2,1,2,0.25,0,1
track2_common3,B2,m6_4-dataset-20260819T161943Z-afaac607,m6_4-dataset-20260819T161943Z-afaac607,M6_4_campaign,m6_4-trial-010,10,0.3,2,1,0,2,1,2,0.25,0,1
track2_common3,B2,m6_4-dataset-20260819T161943Z-afaac607,m6_4-dataset-20260819T161943Z-afaac607,M6_4_campaign,m6_4-trial-010,10,0.35,3,1,0,2,1,2,0.25,0,1
track2_common3,B2,m6_4-dataset-20260819T161943Z-afaac607,m6_4-dataset-20260819T161943Z-afaac607,M6_4_campaign,m6_4-trial-010,10,0.4,4,1,1,2,0,2,0.25,0,1
track2_common3,B2,m6_4-dataset-20260819T161943Z-afaac607,m6_4-dataset-20260819T161943Z-afaac607,M6_4_campaign,m6_4-trial-010,10,0.5,5,1,1,2,0,2,0.25,0,1
track2_common3,B2,m6_4-dataset-20260819T161943Z-afaac607,m6_4-dataset-20260819T161943Z-afaac607,M6_4_campaign,m6_4-trial-010,10,0.6,6,1,1,2,0,2,0.25,0,1
track2_common3,B2,m6_4-dataset-20260819T161943Z-afaac607,m6_4-dataset-20260819T161943Z-afaac607,M6_4_campaign,m6_4-trial-010,10,0.8,7,1,1,2,0,2,0.25,0,1
track2_common3,B2,m6_4-dataset-20260819T161943Z-afaac607,m6_4-dataset-20260819T161943Z-afaac607,M6_4_campaign,m6_4-trial-010,10,1.0,8,1,1,2,0,2,0.25,0,1
track1_5ch,B2,m6_4-dataset-20260819T161943Z-afaac607,m6_4-dataset-20260819T161943Z-afaac607,M6_4_campaign,m6_4-trial-011,11,0.2,0,0,1,2,0,2,0.35,0,1
track1_5ch,B2,m6_4-dataset-20260819T161943Z-afaac607,m6_4-dataset-20260819T161943Z-afaac607,M6_4_campaign,m6_4-trial-011,11,0.25,1,0,0,2,1,2,0.35,0,1
track1_5ch,B2,m6_4-dataset-20260819T161943Z-afaac607,m6_4-dataset-20260819T161943Z-afaac607,M6_4_campaign,m6_4-trial-011,11,0.3,2,0,0,2,1,2,0.35,0,1
track1_5ch,B2,m6_4-dataset-20260819T161943Z-afaac607,m6_4-dataset-20260819T161943Z-afaac607,M6_4_campaign,m6_4-trial-011,11,0.35,3,0,0,2,1,2,0.35,0,1
track1_5ch,B2,m6_4-dataset-20260819T161943Z-afaac607,m6_4-dataset-20260819T161943Z-afaac607,M6_4_campaign,m6_4-trial-011,11,0.4,4,0,0,2,1,2,0.35,0,1
track1_5ch,B2,m6_4-dataset-20260819T161943Z-afaac607,m6_4-dataset-20260819T161943Z-afaac607,M6_4_campaign,m6_4-trial-011,11,0.5,5,0,0,2,1,2,0.35,0,1
track1_5ch,B2,m6_4-dataset-20260819T161943Z-afaac607,m6_4-dataset-20260819T161943Z-afaac607,M6_4_campaign,m6_4-trial-011,11,0.6,6,0,0,2,1,2,0.35,0,1
track1_5ch,B2,m6_4-dataset-20260819T161943Z-afaac607,m6_4-dataset-20260819T161943Z-afaac607,M6_4_campaign,m6_4-trial-011,11,0.8,7,0,0,2,1,2,0.35,0,1
track1_5ch,B2,m6_4-dataset-20260819T161943Z-afaac607,m6_4-dataset-20260819T161943Z-afaac607,M6_4_campaign,m6_4-trial-011,11,1.0,8,0,1,2,0,2,0.35,0,1
track2_common3,B2,m6_4-dataset-20260819T161943Z-afaac607,m6_4-dataset-20260819T161943Z-afaac607,M6_4_campaign,m6_4-trial-011,11,0.2,0,0,0,2,1,2,0.35,0,1
track2_common3,B2,m6_4-dataset-20260819T161943Z-afaac607,m6_4-dataset-20260819T161943Z-afaac607,M6_4_campaign,m6_4-trial-011,11,0.25,1,0,0,2,1,2,0.35,0,1
track2_common3,B2,m6_4-dataset-20260819T161943Z-afaac607,m6_4-dataset-20260819T161943Z-afaac607,M6_4_campaign,m6_4-trial-011,11,0.3,2,0,0,2,1,2,0.35,0,1
track2_common3,B2,m6_4-dataset-20260819T161943Z-afaac607,m6_4-dataset-20260819T161943Z-afaac607,M6_4_campaign,m6_4-trial-011,11,0.35,3,0,0,2,1,2,0.35,0,1
track2_common3,B2,m6_4-dataset-20260819T161943Z-afaac607,m6_4-dataset-20260819T161943Z-afaac607,M6_4_campaign,m6_4-trial-011,11,0.4,4,0,0,2,1,2,0.35,0,1
track2_common3,B2,m6_4-dataset-20260819T161943Z-afaac607,m6_4-dataset-20260819T161943Z-afaac607,M6_4_campaign,m6_4-trial-011,11,0.5,5,0,0,2,1,2,0.35,0,1
track2_common3,B2,m6_4-dataset-20260819T161943Z-afaac607,m6_4-dataset-20260819T161943Z-afaac607,M6_4_campaign,m6_4-trial-011,11,0.6,6,0,1,2,0,2,0.35,0,1
track2_common3,B2,m6_4-dataset-20260819T161943Z-afaac607,m6_4-dataset-20260819T161943Z-afaac607,M6_4_campaign,m6_4-trial-011,11,0.8,7,0,0,2,1,2,0.35,0,1
track2_common3,B2,m6_4-dataset-20260819T161943Z-afaac607,m6_4-dataset-20260819T161943Z-afaac607,M6_4_campaign,m6_4-trial-011,11,1.0,8,0,1,2,0,2,0.35,0,1
track1_5ch,B2,m6_4-dataset-20260819T161943Z-afaac607,m6_4-dataset-20260819T161943Z-afaac607,M6_4_campaign,m6_4-trial-012,12,0.2,0,0,1,0,1,0,0.35,1,1
track1_5ch,B2,m6_4-dataset-20260819T161943Z-afaac607,m6_4-dataset-20260819T161943Z-afaac607,M6_4_campaign,m6_4-trial-012,12,0.25,1,0,1,0,1,0,0.35,1,1
track1_5ch,B2,m6_4-dataset-20260819T161943Z-afaac607,m6_4-dataset-20260819T161943Z-afaac607,M6_4_campaign,m6_4-trial-012,12,0.3,2,0,1,0,1,0,0.35,1,1
track1_5ch,B2,m6_4-dataset-20260819T161943Z-afaac607,m6_4-dataset-20260819T161943Z-afaac607,M6_4_campaign,m6_4-trial-012,12,0.35,3,0,1,0,1,0,0.35,1,1
track1_5ch,B2,m6_4-dataset-20260819T161943Z-afaac607,m6_4-dataset-20260819T161943Z-afaac607,M6_4_campaign,m6_4-trial-012,12,0.4,4,0,1,0,1,0,0.35,1,1
track1_5ch,B2,m6_4-dataset-20260819T161943Z-afaac607,m6_4-dataset-20260819T161943Z-afaac607,M6_4_campaign,m6_4-trial-012,12,0.5,5,0,1,0,1,0,0.35,1,1
track1_5ch,B2,m6_4-dataset-20260819T161943Z-afaac607,m6_4-dataset-20260819T161943Z-afaac607,M6_4_campaign,m6_4-trial-012,12,0.6,6,0,1,0,1,0,0.35,1,1
track1_5ch,B2,m6_4-dataset-20260819T161943Z-afaac607,m6_4-dataset-20260819T161943Z-afaac607,M6_4_campaign,m6_4-trial-012,12,0.8,7,0,1,0,1,0,0.35,1,1
track1_5ch,B2,m6_4-dataset-20260819T161943Z-afaac607,m6_4-dataset-20260819T161943Z-afaac607,M6_4_campaign,m6_4-trial-012,12,1.0,8,0,1,0,1,0,0.35,1,1
track2_common3,B2,m6_4-dataset-20260819T161943Z-afaac607,m6_4-dataset-20260819T161943Z-afaac607,M6_4_campaign,m6_4-trial-012,12,0.2,0,0,1,0,1,0,0.3,1,1
track2_common3,B2,m6_4-dataset-20260819T161943Z-afaac607,m6_4-dataset-20260819T161943Z-afaac607,M6_4_campaign,m6_4-trial-012,12,0.25,1,0,1,0,1,0,0.3,1,1
track2_common3,B2,m6_4-dataset-20260819T161943Z-afaac607,m6_4-dataset-20260819T161943Z-afaac607,M6_4_campaign,m6_4-trial-012,12,0.3,2,0,1,0,1,0,0.3,1,1
track2_common3,B2,m6_4-dataset-20260819T161943Z-afaac607,m6_4-dataset-20260819T161943Z-afaac607,M6_4_campaign,m6_4-trial-012,12,0.35,3,0,1,0,1,0,0.3,1,1
track2_common3,B2,m6_4-dataset-20260819T161943Z-afaac607,m6_4-dataset-20260819T161943Z-afaac607,M6_4_campaign,m6_4-trial-012,12,0.4,4,0,1,0,1,0,0.3,1,1
track2_common3,B2,m6_4-dataset-20260819T161943Z-afaac607,m6_4-dataset-20260819T161943Z-afaac607,M6_4_campaign,m6_4-trial-012,12,0.5,5,0,1,0,1,0,0.3,1,1
track2_common3,B2,m6_4-dataset-20260819T161943Z-afaac607,m6_4-dataset-20260819T161943Z-afaac607,M6_4_campaign,m6_4-trial-012,12,0.6,6,0,1,0,1,0,0.3,1,1
track2_common3,B2,m6_4-dataset-20260819T161943Z-afaac607,m6_4-dataset-20260819T161943Z-afaac607,M6_4_campaign,m6_4-trial-012,12,0.8,7,0,1,0,1,0,0.3,1,1
track2_common3,B2,m6_4-dataset-20260819T161943Z-afaac607,m6_4-dataset-20260819T161943Z-afaac607,M6_4_campaign,m6_4-trial-012,12,1.0,8,0,1,0,1,0,0.3,1,1
track1_5ch,B2,m6_4-dataset-20260819T161943Z-afaac607,m6_4-dataset-20260819T161943Z-afaac607,M6_4_campaign,m6_4-trial-013,13,0.2,0,1,0,1,0,1,0.35,1,1
track1_5ch,B2,m6_4-dataset-20260819T161943Z-afaac607,m6_4-dataset-20260819T161943Z-afaac607,M6_4_campaign,m6_4-trial-013,13,0.25,1,1,1,1,1,1,0.35,1,1
track1_5ch,B2,m6_4-dataset-20260819T161943Z-afaac607,m6_4-dataset-20260819T161943Z-afaac607,M6_4_campaign,m6_4-trial-013,13,0.3,2,1,1,1,1,1,0.35,1,1
track1_5ch,B2,m6_4-dataset-20260819T161943Z-afaac607,m6_4-dataset-20260819T161943Z-afaac607,M6_4_campaign,m6_4-trial-013,13,0.35,3,1,1,1,1,1,0.35,1,1
track1_5ch,B2,m6_4-dataset-20260819T161943Z-afaac607,m6_4-dataset-20260819T161943Z-afaac607,M6_4_campaign,m6_4-trial-013,13,0.4,4,1,1,1,1,1,0.35,1,1
track1_5ch,B2,m6_4-dataset-20260819T161943Z-afaac607,m6_4-dataset-20260819T161943Z-afaac607,M6_4_campaign,m6_4-trial-013,13,0.5,5,1,1,1,1,1,0.35,1,1
track1_5ch,B2,m6_4-dataset-20260819T161943Z-afaac607,m6_4-dataset-20260819T161943Z-afaac607,M6_4_campaign,m6_4-trial-013,13,0.6,6,1,1,1,1,1,0.35,1,1
track1_5ch,B2,m6_4-dataset-20260819T161943Z-afaac607,m6_4-dataset-20260819T161943Z-afaac607,M6_4_campaign,m6_4-trial-013,13,0.8,7,1,1,1,1,1,0.35,1,1
track1_5ch,B2,m6_4-dataset-20260819T161943Z-afaac607,m6_4-dataset-20260819T161943Z-afaac607,M6_4_campaign,m6_4-trial-013,13,1.0,8,1,1,1,1,1,0.35,1,1
track2_common3,B2,m6_4-dataset-20260819T161943Z-afaac607,m6_4-dataset-20260819T161943Z-afaac607,M6_4_campaign,m6_4-trial-013,13,0.2,0,1,0,1,0,1,0.35,1,1
track2_common3,B2,m6_4-dataset-20260819T161943Z-afaac607,m6_4-dataset-20260819T161943Z-afaac607,M6_4_campaign,m6_4-trial-013,13,0.25,1,1,1,1,1,1,0.35,1,1
track2_common3,B2,m6_4-dataset-20260819T161943Z-afaac607,m6_4-dataset-20260819T161943Z-afaac607,M6_4_campaign,m6_4-trial-013,13,0.3,2,1,1,1,1,1,0.35,1,1
track2_common3,B2,m6_4-dataset-20260819T161943Z-afaac607,m6_4-dataset-20260819T161943Z-afaac607,M6_4_campaign,m6_4-trial-013,13,0.35,3,1,1,1,1,1,0.35,1,1
track2_common3,B2,m6_4-dataset-20260819T161943Z-afaac607,m6_4-dataset-20260819T161943Z-afaac607,M6_4_campaign,m6_4-trial-013,13,0.4,4,1,1,1,1,1,0.35,1,1
track2_common3,B2,m6_4-dataset-20260819T161943Z-afaac607,m6_4-dataset-20260819T161943Z-afaac607,M6_4_campaign,m6_4-trial-013,13,0.5,5,1,1,1,1,1,0.35,1,1
track2_common3,B2,m6_4-dataset-20260819T161943Z-afaac607,m6_4-dataset-20260819T161943Z-afaac607,M6_4_campaign,m6_4-trial-013,13,0.6,6,1,1,1,1,1,0.35,1,1
track2_common3,B2,m6_4-dataset-20260819T161943Z-afaac607,m6_4-dataset-20260819T161943Z-afaac607,M6_4_campaign,m6_4-trial-013,13,0.8,7,1,1,1,1,1,0.35,1,1
track2_common3,B2,m6_4-dataset-20260819T161943Z-afaac607,m6_4-dataset-20260819T161943Z-afaac607,M6_4_campaign,m6_4-trial-013,13,1.0,8,1,1,1,1,1,0.35,1,1
track1_5ch,B2,m6_4-dataset-20260819T161943Z-afaac607,m6_4-dataset-20260819T161943Z-afaac607,M6_4_campaign,m6_4-trial-014,14,0.2,0,0,1,0,1,0,0.4,1,1
track1_5ch,B2,m6_4-dataset-20260819T161943Z-afaac607,m6_4-dataset-20260819T161943Z-afaac607,M6_4_campaign,m6_4-trial-014,14,0.25,1,0,1,0,1,0,0.4,1,1
track1_5ch,B2,m6_4-dataset-20260819T161943Z-afaac607,m6_4-dataset-20260819T161943Z-afaac607,M6_4_campaign,m6_4-trial-014,14,0.3,2,0,1,0,1,0,0.4,1,1
track1_5ch,B2,m6_4-dataset-20260819T161943Z-afaac607,m6_4-dataset-20260819T161943Z-afaac607,M6_4_campaign,m6_4-trial-014,14,0.35,3,0,1,0,1,0,0.4,1,1
track1_5ch,B2,m6_4-dataset-20260819T161943Z-afaac607,m6_4-dataset-20260819T161943Z-afaac607,M6_4_campaign,m6_4-trial-014,14,0.4,4,0,1,0,1,0,0.4,1,1
track1_5ch,B2,m6_4-dataset-20260819T161943Z-afaac607,m6_4-dataset-20260819T161943Z-afaac607,M6_4_campaign,m6_4-trial-014,14,0.5,5,0,1,0,1,0,0.4,1,1
track1_5ch,B2,m6_4-dataset-20260819T161943Z-afaac607,m6_4-dataset-20260819T161943Z-afaac607,M6_4_campaign,m6_4-trial-014,14,0.6,6,0,1,0,1,0,0.4,1,1
track1_5ch,B2,m6_4-dataset-20260819T161943Z-afaac607,m6_4-dataset-20260819T161943Z-afaac607,M6_4_campaign,m6_4-trial-014,14,0.8,7,0,1,0,1,0,0.4,1,1
track1_5ch,B2,m6_4-dataset-20260819T161943Z-afaac607,m6_4-dataset-20260819T161943Z-afaac607,M6_4_campaign,m6_4-trial-014,14,1.0,8,0,1,0,1,0,0.4,1,1
track2_common3,B2,m6_4-dataset-20260819T161943Z-afaac607,m6_4-dataset-20260819T161943Z-afaac607,M6_4_campaign,m6_4-trial-014,14,0.2,0,0,1,0,1,0,0.25,1,1
track2_common3,B2,m6_4-dataset-20260819T161943Z-afaac607,m6_4-dataset-20260819T161943Z-afaac607,M6_4_campaign,m6_4-trial-014,14,0.25,1,0,1,0,1,0,0.25,1,1
track2_common3,B2,m6_4-dataset-20260819T161943Z-afaac607,m6_4-dataset-20260819T161943Z-afaac607,M6_4_campaign,m6_4-trial-014,14,0.3,2,0,1,0,1,0,0.25,1,1
track2_common3,B2,m6_4-dataset-20260819T161943Z-afaac607,m6_4-dataset-20260819T161943Z-afaac607,M6_4_campaign,m6_4-trial-014,14,0.35,3,0,1,0,1,0,0.25,1,1
track2_common3,B2,m6_4-dataset-20260819T161943Z-afaac607,m6_4-dataset-20260819T161943Z-afaac607,M6_4_campaign,m6_4-trial-014,14,0.4,4,0,1,0,1,0,0.25,1,1
track2_common3,B2,m6_4-dataset-20260819T161943Z-afaac607,m6_4-dataset-20260819T161943Z-afaac607,M6_4_campaign,m6_4-trial-014,14,0.5,5,0,1,0,1,0,0.25,1,1
track2_common3,B2,m6_4-dataset-20260819T161943Z-afaac607,m6_4-dataset-20260819T161943Z-afaac607,M6_4_campaign,m6_4-trial-014,14,0.6,6,0,1,0,1,0,0.25,1,1
track2_common3,B2,m6_4-dataset-20260819T161943Z-afaac607,m6_4-dataset-20260819T161943Z-afaac607,M6_4_campaign,m6_4-trial-014,14,0.8,7,0,1,0,1,0,0.25,1,1
track2_common3,B2,m6_4-dataset-20260819T161943Z-afaac607,m6_4-dataset-20260819T161943Z-afaac607,M6_4_campaign,m6_4-trial-014,14,1.0,8,0,1,0,1,0,0.25,1,1
track1_5ch,B2,m6_4-dataset-20260819T161943Z-afaac607,m6_4-dataset-20260819T161943Z-afaac607,M6_4_campaign,m6_4-trial-015,15,0.2,0,1,1,1,1,1,0.3,1,1
track1_5ch,B2,m6_4-dataset-20260819T161943Z-afaac607,m6_4-dataset-20260819T161943Z-afaac607,M6_4_campaign,m6_4-trial-015,15,0.25,1,1,1,1,1,1,0.3,1,1
track1_5ch,B2,m6_4-dataset-20260819T161943Z-afaac607,m6_4-dataset-20260819T161943Z-afaac607,M6_4_campaign,m6_4-trial-015,15,0.3,2,1,1,1,1,1,0.3,1,1
track1_5ch,B2,m6_4-dataset-20260819T161943Z-afaac607,m6_4-dataset-20260819T161943Z-afaac607,M6_4_campaign,m6_4-trial-015,15,0.35,3,1,1,1,1,1,0.3,1,1
track1_5ch,B2,m6_4-dataset-20260819T161943Z-afaac607,m6_4-dataset-20260819T161943Z-afaac607,M6_4_campaign,m6_4-trial-015,15,0.4,4,1,1,1,1,1,0.3,1,1
track1_5ch,B2,m6_4-dataset-20260819T161943Z-afaac607,m6_4-dataset-20260819T161943Z-afaac607,M6_4_campaign,m6_4-trial-015,15,0.5,5,1,1,1,1,1,0.3,1,1
track1_5ch,B2,m6_4-dataset-20260819T161943Z-afaac607,m6_4-dataset-20260819T161943Z-afaac607,M6_4_campaign,m6_4-trial-015,15,0.6,6,1,1,1,1,1,0.3,1,1
track1_5ch,B2,m6_4-dataset-20260819T161943Z-afaac607,m6_4-dataset-20260819T161943Z-afaac607,M6_4_campaign,m6_4-trial-015,15,0.8,7,1,1,1,1,1,0.3,1,1
track1_5ch,B2,m6_4-dataset-20260819T161943Z-afaac607,m6_4-dataset-20260819T161943Z-afaac607,M6_4_campaign,m6_4-trial-015,15,1.0,8,1,1,1,1,1,0.3,1,1
track2_common3,B2,m6_4-dataset-20260819T161943Z-afaac607,m6_4-dataset-20260819T161943Z-afaac607,M6_4_campaign,m6_4-trial-015,15,0.2,0,1,1,1,1,1,0.3,1,1
track2_common3,B2,m6_4-dataset-20260819T161943Z-afaac607,m6_4-dataset-20260819T161943Z-afaac607,M6_4_campaign,m6_4-trial-015,15,0.25,1,1,1,1,1,1,0.3,1,1
track2_common3,B2,m6_4-dataset-20260819T161943Z-afaac607,m6_4-dataset-20260819T161943Z-afaac607,M6_4_campaign,m6_4-trial-015,15,0.3,2,1,1,1,1,1,0.3,1,1
track2_common3,B2,m6_4-dataset-20260819T161943Z-afaac607,m6_4-dataset-20260819T161943Z-afaac607,M6_4_campaign,m6_4-trial-015,15,0.35,3,1,1,1,1,1,0.3,1,1
track2_common3,B2,m6_4-dataset-20260819T161943Z-afaac607,m6_4-dataset-20260819T161943Z-afaac607,M6_4_campaign,m6_4-trial-015,15,0.4,4,1,1,1,1,1,0.3,1,1
track2_common3,B2,m6_4-dataset-20260819T161943Z-afaac607,m6_4-dataset-20260819T161943Z-afaac607,M6_4_campaign,m6_4-trial-015,15,0.5,5,1,1,1,1,1,0.3,1,1
track2_common3,B2,m6_4-dataset-20260819T161943Z-afaac607,m6_4-dataset-20260819T161943Z-afaac607,M6_4_campaign,m6_4-trial-015,15,0.6,6,1,1,1,1,1,0.3,1,1
track2_common3,B2,m6_4-dataset-20260819T161943Z-afaac607,m6_4-dataset-20260819T161943Z-afaac607,M6_4_campaign,m6_4-trial-015,15,0.8,7,1,1,1,1,1,0.3,1,1
track2_common3,B2,m6_4-dataset-20260819T161943Z-afaac607,m6_4-dataset-20260819T161943Z-afaac607,M6_4_campaign,m6_4-trial-015,15,1.0,8,1,1,1,1,1,0.3,1,1
track1_5ch,B2,m6_4-dataset-20260819T161943Z-afaac607,m6_4-dataset-20260819T161943Z-afaac607,M6_4_campaign,m6_4-trial-016,16,0.2,0,0,1,0,1,0,0.3,1,1
track1_5ch,B2,m6_4-dataset-20260819T161943Z-afaac607,m6_4-dataset-20260819T161943Z-afaac607,M6_4_campaign,m6_4-trial-016,16,0.25,1,0,1,0,1,0,0.3,1,1
track1_5ch,B2,m6_4-dataset-20260819T161943Z-afaac607,m6_4-dataset-20260819T161943Z-afaac607,M6_4_campaign,m6_4-trial-016,16,0.3,2,0,1,0,1,0,0.3,1,1
track1_5ch,B2,m6_4-dataset-20260819T161943Z-afaac607,m6_4-dataset-20260819T161943Z-afaac607,M6_4_campaign,m6_4-trial-016,16,0.35,3,0,1,0,1,0,0.3,1,1
track1_5ch,B2,m6_4-dataset-20260819T161943Z-afaac607,m6_4-dataset-20260819T161943Z-afaac607,M6_4_campaign,m6_4-trial-016,16,0.4,4,0,1,0,1,0,0.3,1,1
track1_5ch,B2,m6_4-dataset-20260819T161943Z-afaac607,m6_4-dataset-20260819T161943Z-afaac607,M6_4_campaign,m6_4-trial-016,16,0.5,5,0,1,0,1,0,0.3,1,1
track1_5ch,B2,m6_4-dataset-20260819T161943Z-afaac607,m6_4-dataset-20260819T161943Z-afaac607,M6_4_campaign,m6_4-trial-016,16,0.6,6,0,1,0,1,0,0.3,1,1
track1_5ch,B2,m6_4-dataset-20260819T161943Z-afaac607,m6_4-dataset-20260819T161943Z-afaac607,M6_4_campaign,m6_4-trial-016,16,0.8,7,0,1,0,1,0,0.3,1,1
track1_5ch,B2,m6_4-dataset-20260819T161943Z-afaac607,m6_4-dataset-20260819T161943Z-afaac607,M6_4_campaign,m6_4-trial-016,16,1.0,8,0,1,0,1,0,0.3,1,1
track2_common3,B2,m6_4-dataset-20260819T161943Z-afaac607,m6_4-dataset-20260819T161943Z-afaac607,M6_4_campaign,m6_4-trial-016,16,0.2,0,0,1,0,1,0,0.3,1,1
track2_common3,B2,m6_4-dataset-20260819T161943Z-afaac607,m6_4-dataset-20260819T161943Z-afaac607,M6_4_campaign,m6_4-trial-016,16,0.25,1,0,1,0,1,0,0.3,1,1
track2_common3,B2,m6_4-dataset-20260819T161943Z-afaac607,m6_4-dataset-20260819T161943Z-afaac607,M6_4_campaign,m6_4-trial-016,16,0.3,2,0,1,0,1,0,0.3,1,1
track2_common3,B2,m6_4-dataset-20260819T161943Z-afaac607,m6_4-dataset-20260819T161943Z-afaac607,M6_4_campaign,m6_4-trial-016,16,0.35,3,0,1,0,1,0,0.3,1,1
track2_common3,B2,m6_4-dataset-20260819T161943Z-afaac607,m6_4-dataset-20260819T161943Z-afaac607,M6_4_campaign,m6_4-trial-016,16,0.4,4,0,1,0,1,0,0.3,1,1
track2_common3,B2,m6_4-dataset-20260819T161943Z-afaac607,m6_4-dataset-20260819T161943Z-afaac607,M6_4_campaign,m6_4-trial-016,16,0.5,5,0,1,0,1,0,0.3,1,1
track2_common3,B2,m6_4-dataset-20260819T161943Z-afaac607,m6_4-dataset-20260819T161943Z-afaac607,M6_4_campaign,m6_4-trial-016,16,0.6,6,0,1,0,1,0,0.3,1,1
track2_common3,B2,m6_4-dataset-20260819T161943Z-afaac607,m6_4-dataset-20260819T161943Z-afaac607,M6_4_campaign,m6_4-trial-016,16,0.8,7,0,1,0,1,0,0.3,1,1
track2_common3,B2,m6_4-dataset-20260819T161943Z-afaac607,m6_4-dataset-20260819T161943Z-afaac607,M6_4_campaign,m6_4-trial-016,16,1.0,8,0,1,0,1,0,0.3,1,1
track1_5ch,B2,m6_4-dataset-20260819T161943Z-afaac607,m6_4-dataset-20260819T161943Z-afaac607,M6_4_campaign,m6_4-trial-017,17,0.2,0,2,1,2,1,2,0.25,1,1
track1_5ch,B2,m6_4-dataset-20260819T161943Z-afaac607,m6_4-dataset-20260819T161943Z-afaac607,M6_4_campaign,m6_4-trial-017,17,0.25,1,2,1,2,1,2,0.25,1,1
track1_5ch,B2,m6_4-dataset-20260819T161943Z-afaac607,m6_4-dataset-20260819T161943Z-afaac607,M6_4_campaign,m6_4-trial-017,17,0.3,2,2,1,2,1,2,0.25,1,1
track1_5ch,B2,m6_4-dataset-20260819T161943Z-afaac607,m6_4-dataset-20260819T161943Z-afaac607,M6_4_campaign,m6_4-trial-017,17,0.35,3,2,1,2,1,2,0.25,1,1
track1_5ch,B2,m6_4-dataset-20260819T161943Z-afaac607,m6_4-dataset-20260819T161943Z-afaac607,M6_4_campaign,m6_4-trial-017,17,0.4,4,2,1,2,1,2,0.25,1,1
track1_5ch,B2,m6_4-dataset-20260819T161943Z-afaac607,m6_4-dataset-20260819T161943Z-afaac607,M6_4_campaign,m6_4-trial-017,17,0.5,5,2,1,2,1,2,0.25,1,1
track1_5ch,B2,m6_4-dataset-20260819T161943Z-afaac607,m6_4-dataset-20260819T161943Z-afaac607,M6_4_campaign,m6_4-trial-017,17,0.6,6,2,1,2,1,2,0.25,1,1
track1_5ch,B2,m6_4-dataset-20260819T161943Z-afaac607,m6_4-dataset-20260819T161943Z-afaac607,M6_4_campaign,m6_4-trial-017,17,0.8,7,2,1,2,1,2,0.25,1,1
track1_5ch,B2,m6_4-dataset-20260819T161943Z-afaac607,m6_4-dataset-20260819T161943Z-afaac607,M6_4_campaign,m6_4-trial-017,17,1.0,8,2,1,2,1,2,0.25,1,1
track2_common3,B2,m6_4-dataset-20260819T161943Z-afaac607,m6_4-dataset-20260819T161943Z-afaac607,M6_4_campaign,m6_4-trial-017,17,0.2,0,2,1,2,1,2,0.25,1,1
track2_common3,B2,m6_4-dataset-20260819T161943Z-afaac607,m6_4-dataset-20260819T161943Z-afaac607,M6_4_campaign,m6_4-trial-017,17,0.25,1,2,1,2,1,2,0.25,1,1
track2_common3,B2,m6_4-dataset-20260819T161943Z-afaac607,m6_4-dataset-20260819T161943Z-afaac607,M6_4_campaign,m6_4-trial-017,17,0.3,2,2,1,2,1,2,0.25,1,1
track2_common3,B2,m6_4-dataset-20260819T161943Z-afaac607,m6_4-dataset-20260819T161943Z-afaac607,M6_4_campaign,m6_4-trial-017,17,0.35,3,2,1,2,1,2,0.25,1,1
track2_common3,B2,m6_4-dataset-20260819T161943Z-afaac607,m6_4-dataset-20260819T161943Z-afaac607,M6_4_campaign,m6_4-trial-017,17,0.4,4,2,1,2,1,2,0.25,1,1
track2_common3,B2,m6_4-dataset-20260819T161943Z-afaac607,m6_4-dataset-20260819T161943Z-afaac607,M6_4_campaign,m6_4-trial-017,17,0.5,5,2,1,2,1,2,0.25,1,1
track2_common3,B2,m6_4-dataset-20260819T161943Z-afaac607,m6_4-dataset-20260819T161943Z-afaac607,M6_4_campaign,m6_4-trial-017,17,0.6,6,2,1,2,1,2,0.25,1,1
track2_common3,B2,m6_4-dataset-20260819T161943Z-afaac607,m6_4-dataset-20260819T161943Z-afaac607,M6_4_campaign,m6_4-trial-017,17,0.8,7,2,1,2,1,2,0.25,1,1
track2_common3,B2,m6_4-dataset-20260819T161943Z-afaac607,m6_4-dataset-20260819T161943Z-afaac607,M6_4_campaign,m6_4-trial-017,17,1.0,8,2,1,2,1,2,0.25,1,1
track1_5ch,B2,m6_4-dataset-20260819T161943Z-afaac607,m6_4-dataset-20260819T161943Z-afaac607,M6_4_campaign,m6_4-trial-018,18,0.2,0,1,1,1,1,1,0.5,1,1
track1_5ch,B2,m6_4-dataset-20260819T161943Z-afaac607,m6_4-dataset-20260819T161943Z-afaac607,M6_4_campaign,m6_4-trial-018,18,0.25,1,1,1,1,1,1,0.5,1,1
track1_5ch,B2,m6_4-dataset-20260819T161943Z-afaac607,m6_4-dataset-20260819T161943Z-afaac607,M6_4_campaign,m6_4-trial-018,18,0.3,2,1,1,1,1,1,0.5,1,1
track1_5ch,B2,m6_4-dataset-20260819T161943Z-afaac607,m6_4-dataset-20260819T161943Z-afaac607,M6_4_campaign,m6_4-trial-018,18,0.35,3,1,1,1,1,1,0.5,1,1
track1_5ch,B2,m6_4-dataset-20260819T161943Z-afaac607,m6_4-dataset-20260819T161943Z-afaac607,M6_4_campaign,m6_4-trial-018,18,0.4,4,1,1,1,1,1,0.5,1,1
track1_5ch,B2,m6_4-dataset-20260819T161943Z-afaac607,m6_4-dataset-20260819T161943Z-afaac607,M6_4_campaign,m6_4-trial-018,18,0.5,5,1,1,1,1,1,0.5,1,1
track1_5ch,B2,m6_4-dataset-20260819T161943Z-afaac607,m6_4-dataset-20260819T161943Z-afaac607,M6_4_campaign,m6_4-trial-018,18,0.6,6,1,1,1,1,1,0.5,1,1
track1_5ch,B2,m6_4-dataset-20260819T161943Z-afaac607,m6_4-dataset-20260819T161943Z-afaac607,M6_4_campaign,m6_4-trial-018,18,0.8,7,1,1,1,1,1,0.5,1,1
track1_5ch,B2,m6_4-dataset-20260819T161943Z-afaac607,m6_4-dataset-20260819T161943Z-afaac607,M6_4_campaign,m6_4-trial-018,18,1.0,8,1,1,1,1,1,0.5,1,1
track2_common3,B2,m6_4-dataset-20260819T161943Z-afaac607,m6_4-dataset-20260819T161943Z-afaac607,M6_4_campaign,m6_4-trial-018,18,0.2,0,1,1,1,1,1,0.3,1,1
track2_common3,B2,m6_4-dataset-20260819T161943Z-afaac607,m6_4-dataset-20260819T161943Z-afaac607,M6_4_campaign,m6_4-trial-018,18,0.25,1,1,1,1,1,1,0.3,1,1
track2_common3,B2,m6_4-dataset-20260819T161943Z-afaac607,m6_4-dataset-20260819T161943Z-afaac607,M6_4_campaign,m6_4-trial-018,18,0.3,2,1,1,1,1,1,0.3,1,1
track2_common3,B2,m6_4-dataset-20260819T161943Z-afaac607,m6_4-dataset-20260819T161943Z-afaac607,M6_4_campaign,m6_4-trial-018,18,0.35,3,1,1,1,1,1,0.3,1,1
track2_common3,B2,m6_4-dataset-20260819T161943Z-afaac607,m6_4-dataset-20260819T161943Z-afaac607,M6_4_campaign,m6_4-trial-018,18,0.4,4,1,1,1,1,1,0.3,1,1
track2_common3,B2,m6_4-dataset-20260819T161943Z-afaac607,m6_4-dataset-20260819T161943Z-afaac607,M6_4_campaign,m6_4-trial-018,18,0.5,5,1,1,1,1,1,0.3,1,1
track2_common3,B2,m6_4-dataset-20260819T161943Z-afaac607,m6_4-dataset-20260819T161943Z-afaac607,M6_4_campaign,m6_4-trial-018,18,0.6,6,1,1,1,1,1,0.3,1,1
track2_common3,B2,m6_4-dataset-20260819T161943Z-afaac607,m6_4-dataset-20260819T161943Z-afaac607,M6_4_campaign,m6_4-trial-018,18,0.8,7,1,1,1,1,1,0.3,1,1
track2_common3,B2,m6_4-dataset-20260819T161943Z-afaac607,m6_4-dataset-20260819T161943Z-afaac607,M6_4_campaign,m6_4-trial-018,18,1.0,8,1,1,1,1,1,0.3,1,1
track1_5ch,B2,m6_4-dataset-20260819T161943Z-afaac607,m6_4-dataset-20260819T161943Z-afaac607,M6_4_campaign,m6_4-trial-019,19,0.2,0,1,0,2,0,2,1.0,0,1
track1_5ch,B2,m6_4-dataset-20260819T161943Z-afaac607,m6_4-dataset-20260819T161943Z-afaac607,M6_4_campaign,m6_4-trial-019,19,0.25,1,1,0,2,0,2,1.0,0,1
track1_5ch,B2,m6_4-dataset-20260819T161943Z-afaac607,m6_4-dataset-20260819T161943Z-afaac607,M6_4_campaign,m6_4-trial-019,19,0.3,2,1,0,2,0,2,1.0,0,1
track1_5ch,B2,m6_4-dataset-20260819T161943Z-afaac607,m6_4-dataset-20260819T161943Z-afaac607,M6_4_campaign,m6_4-trial-019,19,0.35,3,1,1,2,0,2,1.0,0,1
track1_5ch,B2,m6_4-dataset-20260819T161943Z-afaac607,m6_4-dataset-20260819T161943Z-afaac607,M6_4_campaign,m6_4-trial-019,19,0.4,4,1,1,2,0,2,1.0,0,1
track1_5ch,B2,m6_4-dataset-20260819T161943Z-afaac607,m6_4-dataset-20260819T161943Z-afaac607,M6_4_campaign,m6_4-trial-019,19,0.5,5,1,1,2,0,2,1.0,0,1
track1_5ch,B2,m6_4-dataset-20260819T161943Z-afaac607,m6_4-dataset-20260819T161943Z-afaac607,M6_4_campaign,m6_4-trial-019,19,0.6,6,1,1,2,0,2,1.0,0,1
track1_5ch,B2,m6_4-dataset-20260819T161943Z-afaac607,m6_4-dataset-20260819T161943Z-afaac607,M6_4_campaign,m6_4-trial-019,19,0.8,7,1,1,2,0,2,1.0,0,1
track1_5ch,B2,m6_4-dataset-20260819T161943Z-afaac607,m6_4-dataset-20260819T161943Z-afaac607,M6_4_campaign,m6_4-trial-019,19,1.0,8,1,0,2,1,2,1.0,0,1
track2_common3,B2,m6_4-dataset-20260819T161943Z-afaac607,m6_4-dataset-20260819T161943Z-afaac607,M6_4_campaign,m6_4-trial-019,19,0.2,0,1,1,2,0,2,1.0,0,1
track2_common3,B2,m6_4-dataset-20260819T161943Z-afaac607,m6_4-dataset-20260819T161943Z-afaac607,M6_4_campaign,m6_4-trial-019,19,0.25,1,1,1,2,0,2,1.0,0,1
track2_common3,B2,m6_4-dataset-20260819T161943Z-afaac607,m6_4-dataset-20260819T161943Z-afaac607,M6_4_campaign,m6_4-trial-019,19,0.3,2,1,1,2,0,2,1.0,0,1
track2_common3,B2,m6_4-dataset-20260819T161943Z-afaac607,m6_4-dataset-20260819T161943Z-afaac607,M6_4_campaign,m6_4-trial-019,19,0.35,3,1,1,2,0,2,1.0,0,1
track2_common3,B2,m6_4-dataset-20260819T161943Z-afaac607,m6_4-dataset-20260819T161943Z-afaac607,M6_4_campaign,m6_4-trial-019,19,0.4,4,1,1,2,0,2,1.0,0,1
track2_common3,B2,m6_4-dataset-20260819T161943Z-afaac607,m6_4-dataset-20260819T161943Z-afaac607,M6_4_campaign,m6_4-trial-019,19,0.5,5,1,1,2,0,2,1.0,0,1
track2_common3,B2,m6_4-dataset-20260819T161943Z-afaac607,m6_4-dataset-20260819T161943Z-afaac607,M6_4_campaign,m6_4-trial-019,19,0.6,6,1,1,2,0,2,1.0,0,1
track2_common3,B2,m6_4-dataset-20260819T161943Z-afaac607,m6_4-dataset-20260819T161943Z-afaac607,M6_4_campaign,m6_4-trial-019,19,0.8,7,1,0,2,1,2,1.0,0,1
track2_common3,B2,m6_4-dataset-20260819T161943Z-afaac607,m6_4-dataset-20260819T161943Z-afaac607,M6_4_campaign,m6_4-trial-019,19,1.0,8,1,0,2,1,2,1.0,0,1
track1_5ch,B2,m6_4-dataset-20260819T161943Z-afaac607,m6_4-dataset-20260819T161943Z-afaac607,M6_4_campaign,m6_4-trial-020,20,0.2,0,2,1,2,1,2,0.3,1,1
track1_5ch,B2,m6_4-dataset-20260819T161943Z-afaac607,m6_4-dataset-20260819T161943Z-afaac607,M6_4_campaign,m6_4-trial-020,20,0.25,1,2,1,2,1,2,0.3,1,1
track1_5ch,B2,m6_4-dataset-20260819T161943Z-afaac607,m6_4-dataset-20260819T161943Z-afaac607,M6_4_campaign,m6_4-trial-020,20,0.3,2,2,1,2,1,2,0.3,1,1
track1_5ch,B2,m6_4-dataset-20260819T161943Z-afaac607,m6_4-dataset-20260819T161943Z-afaac607,M6_4_campaign,m6_4-trial-020,20,0.35,3,2,1,2,1,2,0.3,1,1
track1_5ch,B2,m6_4-dataset-20260819T161943Z-afaac607,m6_4-dataset-20260819T161943Z-afaac607,M6_4_campaign,m6_4-trial-020,20,0.4,4,2,1,2,1,2,0.3,1,1
track1_5ch,B2,m6_4-dataset-20260819T161943Z-afaac607,m6_4-dataset-20260819T161943Z-afaac607,M6_4_campaign,m6_4-trial-020,20,0.5,5,2,1,2,1,2,0.3,1,1
track1_5ch,B2,m6_4-dataset-20260819T161943Z-afaac607,m6_4-dataset-20260819T161943Z-afaac607,M6_4_campaign,m6_4-trial-020,20,0.6,6,2,1,2,1,2,0.3,1,1
track1_5ch,B2,m6_4-dataset-20260819T161943Z-afaac607,m6_4-dataset-20260819T161943Z-afaac607,M6_4_campaign,m6_4-trial-020,20,0.8,7,2,1,2,1,2,0.3,1,1
track1_5ch,B2,m6_4-dataset-20260819T161943Z-afaac607,m6_4-dataset-20260819T161943Z-afaac607,M6_4_campaign,m6_4-trial-020,20,1.0,8,2,1,2,1,2,0.3,1,1
track2_common3,B2,m6_4-dataset-20260819T161943Z-afaac607,m6_4-dataset-20260819T161943Z-afaac607,M6_4_campaign,m6_4-trial-020,20,0.2,0,2,1,2,1,2,0.25,1,1
track2_common3,B2,m6_4-dataset-20260819T161943Z-afaac607,m6_4-dataset-20260819T161943Z-afaac607,M6_4_campaign,m6_4-trial-020,20,0.25,1,2,1,2,1,2,0.25,1,1
track2_common3,B2,m6_4-dataset-20260819T161943Z-afaac607,m6_4-dataset-20260819T161943Z-afaac607,M6_4_campaign,m6_4-trial-020,20,0.3,2,2,1,2,1,2,0.25,1,1
track2_common3,B2,m6_4-dataset-20260819T161943Z-afaac607,m6_4-dataset-20260819T161943Z-afaac607,M6_4_campaign,m6_4-trial-020,20,0.35,3,2,1,2,1,2,0.25,1,1
track2_common3,B2,m6_4-dataset-20260819T161943Z-afaac607,m6_4-dataset-20260819T161943Z-afaac607,M6_4_campaign,m6_4-trial-020,20,0.4,4,2,1,2,1,2,0.25,1,1
track2_common3,B2,m6_4-dataset-20260819T161943Z-afaac607,m6_4-dataset-20260819T161943Z-afaac607,M6_4_campaign,m6_4-trial-020,20,0.5,5,2,1,2,1,2,0.25,1,1
track2_common3,B2,m6_4-dataset-20260819T161943Z-afaac607,m6_4-dataset-20260819T161943Z-afaac607,M6_4_campaign,m6_4-trial-020,20,0.6,6,2,1,2,1,2,0.25,1,1
track2_common3,B2,m6_4-dataset-20260819T161943Z-afaac607,m6_4-dataset-20260819T161943Z-afaac607,M6_4_campaign,m6_4-trial-020,20,0.8,7,2,1,2,1,2,0.25,1,1
track2_common3,B2,m6_4-dataset-20260819T161943Z-afaac607,m6_4-dataset-20260819T161943Z-afaac607,M6_4_campaign,m6_4-trial-020,20,1.0,8,2,1,2,1,2,0.25,1,1
track1_5ch,B2,m6_4-dataset-20260819T161943Z-afaac607,m6_4-dataset-20260819T161943Z-afaac607,M6_4_campaign,m6_4-trial-021,21,0.2,0,0,1,2,0,2,0.4,0,1
track1_5ch,B2,m6_4-dataset-20260819T161943Z-afaac607,m6_4-dataset-20260819T161943Z-afaac607,M6_4_campaign,m6_4-trial-021,21,0.25,1,0,1,2,0,2,0.4,0,1
track1_5ch,B2,m6_4-dataset-20260819T161943Z-afaac607,m6_4-dataset-20260819T161943Z-afaac607,M6_4_campaign,m6_4-trial-021,21,0.3,2,0,0,2,1,2,0.4,0,1
track1_5ch,B2,m6_4-dataset-20260819T161943Z-afaac607,m6_4-dataset-20260819T161943Z-afaac607,M6_4_campaign,m6_4-trial-021,21,0.35,3,0,0,2,1,2,0.4,0,1
track1_5ch,B2,m6_4-dataset-20260819T161943Z-afaac607,m6_4-dataset-20260819T161943Z-afaac607,M6_4_campaign,m6_4-trial-021,21,0.4,4,0,0,2,1,2,0.4,0,1
track1_5ch,B2,m6_4-dataset-20260819T161943Z-afaac607,m6_4-dataset-20260819T161943Z-afaac607,M6_4_campaign,m6_4-trial-021,21,0.5,5,0,0,2,1,2,0.4,0,1
track1_5ch,B2,m6_4-dataset-20260819T161943Z-afaac607,m6_4-dataset-20260819T161943Z-afaac607,M6_4_campaign,m6_4-trial-021,21,0.6,6,0,0,2,1,2,0.4,0,1
track1_5ch,B2,m6_4-dataset-20260819T161943Z-afaac607,m6_4-dataset-20260819T161943Z-afaac607,M6_4_campaign,m6_4-trial-021,21,0.8,7,0,0,2,1,2,0.4,0,1
track1_5ch,B2,m6_4-dataset-20260819T161943Z-afaac607,m6_4-dataset-20260819T161943Z-afaac607,M6_4_campaign,m6_4-trial-021,21,1.0,8,0,1,2,0,2,0.4,0,1
track2_common3,B2,m6_4-dataset-20260819T161943Z-afaac607,m6_4-dataset-20260819T161943Z-afaac607,M6_4_campaign,m6_4-trial-021,21,0.2,0,0,1,2,0,2,0.35,0,1
track2_common3,B2,m6_4-dataset-20260819T161943Z-afaac607,m6_4-dataset-20260819T161943Z-afaac607,M6_4_campaign,m6_4-trial-021,21,0.25,1,0,1,2,0,2,0.35,0,1
track2_common3,B2,m6_4-dataset-20260819T161943Z-afaac607,m6_4-dataset-20260819T161943Z-afaac607,M6_4_campaign,m6_4-trial-021,21,0.3,2,0,0,2,1,2,0.35,0,1
track2_common3,B2,m6_4-dataset-20260819T161943Z-afaac607,m6_4-dataset-20260819T161943Z-afaac607,M6_4_campaign,m6_4-trial-021,21,0.35,3,0,0,2,1,2,0.35,0,1
track2_common3,B2,m6_4-dataset-20260819T161943Z-afaac607,m6_4-dataset-20260819T161943Z-afaac607,M6_4_campaign,m6_4-trial-021,21,0.4,4,0,0,2,1,2,0.35,0,1
track2_common3,B2,m6_4-dataset-20260819T161943Z-afaac607,m6_4-dataset-20260819T161943Z-afaac607,M6_4_campaign,m6_4-trial-021,21,0.5,5,0,0,2,1,2,0.35,0,1
track2_common3,B2,m6_4-dataset-20260819T161943Z-afaac607,m6_4-dataset-20260819T161943Z-afaac607,M6_4_campaign,m6_4-trial-021,21,0.6,6,0,0,2,1,2,0.35,0,1
track2_common3,B2,m6_4-dataset-20260819T161943Z-afaac607,m6_4-dataset-20260819T161943Z-afaac607,M6_4_campaign,m6_4-trial-021,21,0.8,7,0,0,2,1,2,0.35,0,1
track2_common3,B2,m6_4-dataset-20260819T161943Z-afaac607,m6_4-dataset-20260819T161943Z-afaac607,M6_4_campaign,m6_4-trial-021,21,1.0,8,0,1,2,0,2,0.35,0,1
track1_5ch,B2,m6_4-dataset-20260819T161943Z-afaac607,m6_4-dataset-20260819T161943Z-afaac607,M6_4_campaign,m6_4-trial-022,22,0.2,0,2,1,2,1,2,0.25,1,1
track1_5ch,B2,m6_4-dataset-20260819T161943Z-afaac607,m6_4-dataset-20260819T161943Z-afaac607,M6_4_campaign,m6_4-trial-022,22,0.25,1,2,1,2,1,2,0.25,1,1
track1_5ch,B2,m6_4-dataset-20260819T161943Z-afaac607,m6_4-dataset-20260819T161943Z-afaac607,M6_4_campaign,m6_4-trial-022,22,0.3,2,2,1,2,1,2,0.25,1,1
track1_5ch,B2,m6_4-dataset-20260819T161943Z-afaac607,m6_4-dataset-20260819T161943Z-afaac607,M6_4_campaign,m6_4-trial-022,22,0.35,3,2,1,2,1,2,0.25,1,1
track1_5ch,B2,m6_4-dataset-20260819T161943Z-afaac607,m6_4-dataset-20260819T161943Z-afaac607,M6_4_campaign,m6_4-trial-022,22,0.4,4,2,1,2,1,2,0.25,1,1
track1_5ch,B2,m6_4-dataset-20260819T161943Z-afaac607,m6_4-dataset-20260819T161943Z-afaac607,M6_4_campaign,m6_4-trial-022,22,0.5,5,2,1,2,1,2,0.25,1,1
track1_5ch,B2,m6_4-dataset-20260819T161943Z-afaac607,m6_4-dataset-20260819T161943Z-afaac607,M6_4_campaign,m6_4-trial-022,22,0.6,6,2,1,2,1,2,0.25,1,1
track1_5ch,B2,m6_4-dataset-20260819T161943Z-afaac607,m6_4-dataset-20260819T161943Z-afaac607,M6_4_campaign,m6_4-trial-022,22,0.8,7,2,1,2,1,2,0.25,1,1
track1_5ch,B2,m6_4-dataset-20260819T161943Z-afaac607,m6_4-dataset-20260819T161943Z-afaac607,M6_4_campaign,m6_4-trial-022,22,1.0,8,2,1,2,1,2,0.25,1,1
track2_common3,B2,m6_4-dataset-20260819T161943Z-afaac607,m6_4-dataset-20260819T161943Z-afaac607,M6_4_campaign,m6_4-trial-022,22,0.2,0,2,1,2,1,2,0.25,1,1
track2_common3,B2,m6_4-dataset-20260819T161943Z-afaac607,m6_4-dataset-20260819T161943Z-afaac607,M6_4_campaign,m6_4-trial-022,22,0.25,1,2,1,2,1,2,0.25,1,1
track2_common3,B2,m6_4-dataset-20260819T161943Z-afaac607,m6_4-dataset-20260819T161943Z-afaac607,M6_4_campaign,m6_4-trial-022,22,0.3,2,2,1,2,1,2,0.25,1,1
track2_common3,B2,m6_4-dataset-20260819T161943Z-afaac607,m6_4-dataset-20260819T161943Z-afaac607,M6_4_campaign,m6_4-trial-022,22,0.35,3,2,1,2,1,2,0.25,1,1
track2_common3,B2,m6_4-dataset-20260819T161943Z-afaac607,m6_4-dataset-20260819T161943Z-afaac607,M6_4_campaign,m6_4-trial-022,22,0.4,4,2,1,2,1,2,0.25,1,1
track2_common3,B2,m6_4-dataset-20260819T161943Z-afaac607,m6_4-dataset-20260819T161943Z-afaac607,M6_4_campaign,m6_4-trial-022,22,0.5,5,2,1,2,1,2,0.25,1,1
track2_common3,B2,m6_4-dataset-20260819T161943Z-afaac607,m6_4-dataset-20260819T161943Z-afaac607,M6_4_campaign,m6_4-trial-022,22,0.6,6,2,1,2,1,2,0.25,1,1
track2_common3,B2,m6_4-dataset-20260819T161943Z-afaac607,m6_4-dataset-20260819T161943Z-afaac607,M6_4_campaign,m6_4-trial-022,22,0.8,7,2,1,2,1,2,0.25,1,1
track2_common3,B2,m6_4-dataset-20260819T161943Z-afaac607,m6_4-dataset-20260819T161943Z-afaac607,M6_4_campaign,m6_4-trial-022,22,1.0,8,2,1,2,1,2,0.25,1,1
track1_5ch,B2,m6_4-dataset-20260819T161943Z-afaac607,m6_4-dataset-20260819T161943Z-afaac607,M6_4_campaign,m6_4-trial-024,24,0.2,0,0,1,0,1,0,0.5,1,1
track1_5ch,B2,m6_4-dataset-20260819T161943Z-afaac607,m6_4-dataset-20260819T161943Z-afaac607,M6_4_campaign,m6_4-trial-024,24,0.25,1,0,1,0,1,0,0.5,1,1
track1_5ch,B2,m6_4-dataset-20260819T161943Z-afaac607,m6_4-dataset-20260819T161943Z-afaac607,M6_4_campaign,m6_4-trial-024,24,0.3,2,0,1,0,1,0,0.5,1,1
track1_5ch,B2,m6_4-dataset-20260819T161943Z-afaac607,m6_4-dataset-20260819T161943Z-afaac607,M6_4_campaign,m6_4-trial-024,24,0.35,3,0,1,0,1,0,0.5,1,1
track1_5ch,B2,m6_4-dataset-20260819T161943Z-afaac607,m6_4-dataset-20260819T161943Z-afaac607,M6_4_campaign,m6_4-trial-024,24,0.4,4,0,1,0,1,0,0.5,1,1
track1_5ch,B2,m6_4-dataset-20260819T161943Z-afaac607,m6_4-dataset-20260819T161943Z-afaac607,M6_4_campaign,m6_4-trial-024,24,0.5,5,0,1,0,1,0,0.5,1,1
track1_5ch,B2,m6_4-dataset-20260819T161943Z-afaac607,m6_4-dataset-20260819T161943Z-afaac607,M6_4_campaign,m6_4-trial-024,24,0.6,6,0,1,0,1,0,0.5,1,1
track1_5ch,B2,m6_4-dataset-20260819T161943Z-afaac607,m6_4-dataset-20260819T161943Z-afaac607,M6_4_campaign,m6_4-trial-024,24,0.8,7,0,1,0,1,0,0.5,1,1
track1_5ch,B2,m6_4-dataset-20260819T161943Z-afaac607,m6_4-dataset-20260819T161943Z-afaac607,M6_4_campaign,m6_4-trial-024,24,1.0,8,0,1,0,1,0,0.5,1,1
track2_common3,B2,m6_4-dataset-20260819T161943Z-afaac607,m6_4-dataset-20260819T161943Z-afaac607,M6_4_campaign,m6_4-trial-024,24,0.2,0,0,0,0,0,0,0.5,1,1
track2_common3,B2,m6_4-dataset-20260819T161943Z-afaac607,m6_4-dataset-20260819T161943Z-afaac607,M6_4_campaign,m6_4-trial-024,24,0.25,1,0,0,0,0,0,0.5,1,1
track2_common3,B2,m6_4-dataset-20260819T161943Z-afaac607,m6_4-dataset-20260819T161943Z-afaac607,M6_4_campaign,m6_4-trial-024,24,0.3,2,0,1,0,1,0,0.5,1,1
track2_common3,B2,m6_4-dataset-20260819T161943Z-afaac607,m6_4-dataset-20260819T161943Z-afaac607,M6_4_campaign,m6_4-trial-024,24,0.35,3,0,1,0,1,0,0.5,1,1
track2_common3,B2,m6_4-dataset-20260819T161943Z-afaac607,m6_4-dataset-20260819T161943Z-afaac607,M6_4_campaign,m6_4-trial-024,24,0.4,4,0,1,0,1,0,0.5,1,1
track2_common3,B2,m6_4-dataset-20260819T161943Z-afaac607,m6_4-dataset-20260819T161943Z-afaac607,M6_4_campaign,m6_4-trial-024,24,0.5,5,0,1,0,1,0,0.5,1,1
track2_common3,B2,m6_4-dataset-20260819T161943Z-afaac607,m6_4-dataset-20260819T161943Z-afaac607,M6_4_campaign,m6_4-trial-024,24,0.6,6,0,1,0,1,0,0.5,1,1
track2_common3,B2,m6_4-dataset-20260819T161943Z-afaac607,m6_4-dataset-20260819T161943Z-afaac607,M6_4_campaign,m6_4-trial-024,24,0.8,7,0,1,0,1,0,0.5,1,1
track2_common3,B2,m6_4-dataset-20260819T161943Z-afaac607,m6_4-dataset-20260819T161943Z-afaac607,M6_4_campaign,m6_4-trial-024,24,1.0,8,0,1,0,1,0,0.5,1,1
track1_5ch,B2,m6_4-dataset-20260819T161943Z-afaac607,m6_4-dataset-20260819T161943Z-afaac607,M6_4_campaign,m6_4-trial-025,25,0.2,0,1,1,1,1,1,0.3,1,1
track1_5ch,B2,m6_4-dataset-20260819T161943Z-afaac607,m6_4-dataset-20260819T161943Z-afaac607,M6_4_campaign,m6_4-trial-025,25,0.25,1,1,1,1,1,1,0.3,1,1
track1_5ch,B2,m6_4-dataset-20260819T161943Z-afaac607,m6_4-dataset-20260819T161943Z-afaac607,M6_4_campaign,m6_4-trial-025,25,0.3,2,1,1,1,1,1,0.3,1,1
track1_5ch,B2,m6_4-dataset-20260819T161943Z-afaac607,m6_4-dataset-20260819T161943Z-afaac607,M6_4_campaign,m6_4-trial-025,25,0.35,3,1,1,1,1,1,0.3,1,1
track1_5ch,B2,m6_4-dataset-20260819T161943Z-afaac607,m6_4-dataset-20260819T161943Z-afaac607,M6_4_campaign,m6_4-trial-025,25,0.4,4,1,1,1,1,1,0.3,1,1
track1_5ch,B2,m6_4-dataset-20260819T161943Z-afaac607,m6_4-dataset-20260819T161943Z-afaac607,M6_4_campaign,m6_4-trial-025,25,0.5,5,1,1,1,1,1,0.3,1,1
track1_5ch,B2,m6_4-dataset-20260819T161943Z-afaac607,m6_4-dataset-20260819T161943Z-afaac607,M6_4_campaign,m6_4-trial-025,25,0.6,6,1,1,1,1,1,0.3,1,1
track1_5ch,B2,m6_4-dataset-20260819T161943Z-afaac607,m6_4-dataset-20260819T161943Z-afaac607,M6_4_campaign,m6_4-trial-025,25,0.8,7,1,1,1,1,1,0.3,1,1
track1_5ch,B2,m6_4-dataset-20260819T161943Z-afaac607,m6_4-dataset-20260819T161943Z-afaac607,M6_4_campaign,m6_4-trial-025,25,1.0,8,1,1,1,1,1,0.3,1,1
track2_common3,B2,m6_4-dataset-20260819T161943Z-afaac607,m6_4-dataset-20260819T161943Z-afaac607,M6_4_campaign,m6_4-trial-025,25,0.2,0,1,1,1,1,1,0.25,1,1
track2_common3,B2,m6_4-dataset-20260819T161943Z-afaac607,m6_4-dataset-20260819T161943Z-afaac607,M6_4_campaign,m6_4-trial-025,25,0.25,1,1,1,1,1,1,0.25,1,1
track2_common3,B2,m6_4-dataset-20260819T161943Z-afaac607,m6_4-dataset-20260819T161943Z-afaac607,M6_4_campaign,m6_4-trial-025,25,0.3,2,1,1,1,1,1,0.25,1,1
track2_common3,B2,m6_4-dataset-20260819T161943Z-afaac607,m6_4-dataset-20260819T161943Z-afaac607,M6_4_campaign,m6_4-trial-025,25,0.35,3,1,1,1,1,1,0.25,1,1
track2_common3,B2,m6_4-dataset-20260819T161943Z-afaac607,m6_4-dataset-20260819T161943Z-afaac607,M6_4_campaign,m6_4-trial-025,25,0.4,4,1,1,1,1,1,0.25,1,1
track2_common3,B2,m6_4-dataset-20260819T161943Z-afaac607,m6_4-dataset-20260819T161943Z-afaac607,M6_4_campaign,m6_4-trial-025,25,0.5,5,1,1,1,1,1,0.25,1,1
track2_common3,B2,m6_4-dataset-20260819T161943Z-afaac607,m6_4-dataset-20260819T161943Z-afaac607,M6_4_campaign,m6_4-trial-025,25,0.6,6,1,1,1,1,1,0.25,1,1
track2_common3,B2,m6_4-dataset-20260819T161943Z-afaac607,m6_4-dataset-20260819T161943Z-afaac607,M6_4_campaign,m6_4-trial-025,25,0.8,7,1,1,1,1,1,0.25,1,1
track2_common3,B2,m6_4-dataset-20260819T161943Z-afaac607,m6_4-dataset-20260819T161943Z-afaac607,M6_4_campaign,m6_4-trial-025,25,1.0,8,1,1,1,1,1,0.25,1,1
track1_5ch,B2,m6_4-dataset-20260819T161943Z-afaac607,m6_4-dataset-20260819T161943Z-afaac607,M6_4_campaign,m6_4-trial-026,26,0.2,0,2,1,2,1,2,0.3,1,1
track1_5ch,B2,m6_4-dataset-20260819T161943Z-afaac607,m6_4-dataset-20260819T161943Z-afaac607,M6_4_campaign,m6_4-trial-026,26,0.25,1,2,1,2,1,2,0.3,1,1
track1_5ch,B2,m6_4-dataset-20260819T161943Z-afaac607,m6_4-dataset-20260819T161943Z-afaac607,M6_4_campaign,m6_4-trial-026,26,0.3,2,2,1,2,1,2,0.3,1,1
track1_5ch,B2,m6_4-dataset-20260819T161943Z-afaac607,m6_4-dataset-20260819T161943Z-afaac607,M6_4_campaign,m6_4-trial-026,26,0.35,3,2,1,2,1,2,0.3,1,1
track1_5ch,B2,m6_4-dataset-20260819T161943Z-afaac607,m6_4-dataset-20260819T161943Z-afaac607,M6_4_campaign,m6_4-trial-026,26,0.4,4,2,1,2,1,2,0.3,1,1
track1_5ch,B2,m6_4-dataset-20260819T161943Z-afaac607,m6_4-dataset-20260819T161943Z-afaac607,M6_4_campaign,m6_4-trial-026,26,0.5,5,2,1,2,1,2,0.3,1,1
track1_5ch,B2,m6_4-dataset-20260819T161943Z-afaac607,m6_4-dataset-20260819T161943Z-afaac607,M6_4_campaign,m6_4-trial-026,26,0.6,6,2,1,2,1,2,0.3,1,1
track1_5ch,B2,m6_4-dataset-20260819T161943Z-afaac607,m6_4-dataset-20260819T161943Z-afaac607,M6_4_campaign,m6_4-trial-026,26,0.8,7,2,1,2,1,2,0.3,1,1
track1_5ch,B2,m6_4-dataset-20260819T161943Z-afaac607,m6_4-dataset-20260819T161943Z-afaac607,M6_4_campaign,m6_4-trial-026,26,1.0,8,2,1,2,1,2,0.3,1,1
track2_common3,B2,m6_4-dataset-20260819T161943Z-afaac607,m6_4-dataset-20260819T161943Z-afaac607,M6_4_campaign,m6_4-trial-026,26,0.2,0,2,1,2,1,2,0.3,1,1
track2_common3,B2,m6_4-dataset-20260819T161943Z-afaac607,m6_4-dataset-20260819T161943Z-afaac607,M6_4_campaign,m6_4-trial-026,26,0.25,1,2,1,2,1,2,0.3,1,1
track2_common3,B2,m6_4-dataset-20260819T161943Z-afaac607,m6_4-dataset-20260819T161943Z-afaac607,M6_4_campaign,m6_4-trial-026,26,0.3,2,2,1,2,1,2,0.3,1,1
track2_common3,B2,m6_4-dataset-20260819T161943Z-afaac607,m6_4-dataset-20260819T161943Z-afaac607,M6_4_campaign,m6_4-trial-026,26,0.35,3,2,1,2,1,2,0.3,1,1
track2_common3,B2,m6_4-dataset-20260819T161943Z-afaac607,m6_4-dataset-20260819T161943Z-afaac607,M6_4_campaign,m6_4-trial-026,26,0.4,4,2,1,2,1,2,0.3,1,1
track2_common3,B2,m6_4-dataset-20260819T161943Z-afaac607,m6_4-dataset-20260819T161943Z-afaac607,M6_4_campaign,m6_4-trial-026,26,0.5,5,2,1,2,1,2,0.3,1,1
track2_common3,B2,m6_4-dataset-20260819T161943Z-afaac607,m6_4-dataset-20260819T161943Z-afaac607,M6_4_campaign,m6_4-trial-026,26,0.6,6,2,1,2,1,2,0.3,1,1
track2_common3,B2,m6_4-dataset-20260819T161943Z-afaac607,m6_4-dataset-20260819T161943Z-afaac607,M6_4_campaign,m6_4-trial-026,26,0.8,7,2,1,2,1,2,0.3,1,1
track2_common3,B2,m6_4-dataset-20260819T161943Z-afaac607,m6_4-dataset-20260819T161943Z-afaac607,M6_4_campaign,m6_4-trial-026,26,1.0,8,2,1,2,1,2,0.3,1,1
track1_5ch,B2,m6_4-dataset-20260819T161943Z-afaac607,m6_4-dataset-20260819T161943Z-afaac607,M6_4_campaign,m6_4-trial-027,27,0.2,0,0,0,0,0,0,1.0,1,1
track1_5ch,B2,m6_4-dataset-20260819T161943Z-afaac607,m6_4-dataset-20260819T161943Z-afaac607,M6_4_campaign,m6_4-trial-027,27,0.25,1,0,0,0,0,0,1.0,1,1
track1_5ch,B2,m6_4-dataset-20260819T161943Z-afaac607,m6_4-dataset-20260819T161943Z-afaac607,M6_4_campaign,m6_4-trial-027,27,0.3,2,0,1,0,1,0,1.0,1,1
track1_5ch,B2,m6_4-dataset-20260819T161943Z-afaac607,m6_4-dataset-20260819T161943Z-afaac607,M6_4_campaign,m6_4-trial-027,27,0.35,3,0,1,0,1,0,1.0,1,1
track1_5ch,B2,m6_4-dataset-20260819T161943Z-afaac607,m6_4-dataset-20260819T161943Z-afaac607,M6_4_campaign,m6_4-trial-027,27,0.4,4,0,1,0,1,0,1.0,1,1
track1_5ch,B2,m6_4-dataset-20260819T161943Z-afaac607,m6_4-dataset-20260819T161943Z-afaac607,M6_4_campaign,m6_4-trial-027,27,0.5,5,0,0,0,0,0,1.0,1,1
track1_5ch,B2,m6_4-dataset-20260819T161943Z-afaac607,m6_4-dataset-20260819T161943Z-afaac607,M6_4_campaign,m6_4-trial-027,27,0.6,6,0,1,0,1,0,1.0,1,1
track1_5ch,B2,m6_4-dataset-20260819T161943Z-afaac607,m6_4-dataset-20260819T161943Z-afaac607,M6_4_campaign,m6_4-trial-027,27,0.8,7,0,1,0,1,0,1.0,1,1
track1_5ch,B2,m6_4-dataset-20260819T161943Z-afaac607,m6_4-dataset-20260819T161943Z-afaac607,M6_4_campaign,m6_4-trial-027,27,1.0,8,0,1,0,1,0,1.0,1,1
track2_common3,B2,m6_4-dataset-20260819T161943Z-afaac607,m6_4-dataset-20260819T161943Z-afaac607,M6_4_campaign,m6_4-trial-027,27,0.2,0,0,0,0,0,0,1.0,1,1
track2_common3,B2,m6_4-dataset-20260819T161943Z-afaac607,m6_4-dataset-20260819T161943Z-afaac607,M6_4_campaign,m6_4-trial-027,27,0.25,1,0,1,0,1,0,1.0,1,1
track2_common3,B2,m6_4-dataset-20260819T161943Z-afaac607,m6_4-dataset-20260819T161943Z-afaac607,M6_4_campaign,m6_4-trial-027,27,0.3,2,0,1,0,1,0,1.0,1,1
track2_common3,B2,m6_4-dataset-20260819T161943Z-afaac607,m6_4-dataset-20260819T161943Z-afaac607,M6_4_campaign,m6_4-trial-027,27,0.35,3,0,0,0,0,0,1.0,1,1
track2_common3,B2,m6_4-dataset-20260819T161943Z-afaac607,m6_4-dataset-20260819T161943Z-afaac607,M6_4_campaign,m6_4-trial-027,27,0.4,4,0,1,0,1,0,1.0,1,1
track2_common3,B2,m6_4-dataset-20260819T161943Z-afaac607,m6_4-dataset-20260819T161943Z-afaac607,M6_4_campaign,m6_4-trial-027,27,0.5,5,0,0,0,0,0,1.0,1,1
track2_common3,B2,m6_4-dataset-20260819T161943Z-afaac607,m6_4-dataset-20260819T161943Z-afaac607,M6_4_campaign,m6_4-trial-027,27,0.6,6,0,1,0,1,0,1.0,1,1
track2_common3,B2,m6_4-dataset-20260819T161943Z-afaac607,m6_4-dataset-20260819T161943Z-afaac607,M6_4_campaign,m6_4-trial-027,27,0.8,7,0,1,0,1,0,1.0,1,1
track2_common3,B2,m6_4-dataset-20260819T161943Z-afaac607,m6_4-dataset-20260819T161943Z-afaac607,M6_4_campaign,m6_4-trial-027,27,1.0,8,0,1,0,1,0,1.0,1,1
track1_5ch,B2,m6_4-dataset-20260819T161943Z-afaac607,m6_4-dataset-20260819T161943Z-afaac607,M6_4_campaign,m6_4-trial-028,28,0.2,0,1,1,1,1,1,0.3,1,1
track1_5ch,B2,m6_4-dataset-20260819T161943Z-afaac607,m6_4-dataset-20260819T161943Z-afaac607,M6_4_campaign,m6_4-trial-028,28,0.25,1,1,1,1,1,1,0.3,1,1
track1_5ch,B2,m6_4-dataset-20260819T161943Z-afaac607,m6_4-dataset-20260819T161943Z-afaac607,M6_4_campaign,m6_4-trial-028,28,0.3,2,1,1,1,1,1,0.3,1,1
track1_5ch,B2,m6_4-dataset-20260819T161943Z-afaac607,m6_4-dataset-20260819T161943Z-afaac607,M6_4_campaign,m6_4-trial-028,28,0.35,3,1,1,1,1,1,0.3,1,1
track1_5ch,B2,m6_4-dataset-20260819T161943Z-afaac607,m6_4-dataset-20260819T161943Z-afaac607,M6_4_campaign,m6_4-trial-028,28,0.4,4,1,1,1,1,1,0.3,1,1
track1_5ch,B2,m6_4-dataset-20260819T161943Z-afaac607,m6_4-dataset-20260819T161943Z-afaac607,M6_4_campaign,m6_4-trial-028,28,0.5,5,1,1,1,1,1,0.3,1,1
track1_5ch,B2,m6_4-dataset-20260819T161943Z-afaac607,m6_4-dataset-20260819T161943Z-afaac607,M6_4_campaign,m6_4-trial-028,28,0.6,6,1,1,1,1,1,0.3,1,1
track1_5ch,B2,m6_4-dataset-20260819T161943Z-afaac607,m6_4-dataset-20260819T161943Z-afaac607,M6_4_campaign,m6_4-trial-028,28,0.8,7,1,1,1,1,1,0.3,1,1
track1_5ch,B2,m6_4-dataset-20260819T161943Z-afaac607,m6_4-dataset-20260819T161943Z-afaac607,M6_4_campaign,m6_4-trial-028,28,1.0,8,1,1,1,1,1,0.3,1,1
track2_common3,B2,m6_4-dataset-20260819T161943Z-afaac607,m6_4-dataset-20260819T161943Z-afaac607,M6_4_campaign,m6_4-trial-028,28,0.2,0,1,1,1,1,1,0.3,1,1
track2_common3,B2,m6_4-dataset-20260819T161943Z-afaac607,m6_4-dataset-20260819T161943Z-afaac607,M6_4_campaign,m6_4-trial-028,28,0.25,1,1,1,1,1,1,0.3,1,1
track2_common3,B2,m6_4-dataset-20260819T161943Z-afaac607,m6_4-dataset-20260819T161943Z-afaac607,M6_4_campaign,m6_4-trial-028,28,0.3,2,1,1,1,1,1,0.3,1,1
track2_common3,B2,m6_4-dataset-20260819T161943Z-afaac607,m6_4-dataset-20260819T161943Z-afaac607,M6_4_campaign,m6_4-trial-028,28,0.35,3,1,1,1,1,1,0.3,1,1
track2_common3,B2,m6_4-dataset-20260819T161943Z-afaac607,m6_4-dataset-20260819T161943Z-afaac607,M6_4_campaign,m6_4-trial-028,28,0.4,4,1,1,1,1,1,0.3,1,1
track2_common3,B2,m6_4-dataset-20260819T161943Z-afaac607,m6_4-dataset-20260819T161943Z-afaac607,M6_4_campaign,m6_4-trial-028,28,0.5,5,1,1,1,1,1,0.3,1,1
track2_common3,B2,m6_4-dataset-20260819T161943Z-afaac607,m6_4-dataset-20260819T161943Z-afaac607,M6_4_campaign,m6_4-trial-028,28,0.6,6,1,1,1,1,1,0.3,1,1
track2_common3,B2,m6_4-dataset-20260819T161943Z-afaac607,m6_4-dataset-20260819T161943Z-afaac607,M6_4_campaign,m6_4-trial-028,28,0.8,7,1,1,1,1,1,0.3,1,1
track2_common3,B2,m6_4-dataset-20260819T161943Z-afaac607,m6_4-dataset-20260819T161943Z-afaac607,M6_4_campaign,m6_4-trial-028,28,1.0,8,1,1,1,1,1,0.3,1,1
track1_5ch,B2,m6_4-dataset-20260819T161943Z-afaac607,m6_4-dataset-20260819T161943Z-afaac607,M6_4_campaign,m6_4-trial-029,29,0.2,0,0,1,0,1,0,1.0,1,1
track1_5ch,B2,m6_4-dataset-20260819T161943Z-afaac607,m6_4-dataset-20260819T161943Z-afaac607,M6_4_campaign,m6_4-trial-029,29,0.25,1,0,1,0,1,0,1.0,1,1
track1_5ch,B2,m6_4-dataset-20260819T161943Z-afaac607,m6_4-dataset-20260819T161943Z-afaac607,M6_4_campaign,m6_4-trial-029,29,0.3,2,0,1,0,1,0,1.0,1,1
track1_5ch,B2,m6_4-dataset-20260819T161943Z-afaac607,m6_4-dataset-20260819T161943Z-afaac607,M6_4_campaign,m6_4-trial-029,29,0.35,3,0,0,0,0,0,1.0,1,1
track1_5ch,B2,m6_4-dataset-20260819T161943Z-afaac607,m6_4-dataset-20260819T161943Z-afaac607,M6_4_campaign,m6_4-trial-029,29,0.4,4,0,0,0,0,0,1.0,1,1
track1_5ch,B2,m6_4-dataset-20260819T161943Z-afaac607,m6_4-dataset-20260819T161943Z-afaac607,M6_4_campaign,m6_4-trial-029,29,0.5,5,0,0,0,0,0,1.0,1,1
track1_5ch,B2,m6_4-dataset-20260819T161943Z-afaac607,m6_4-dataset-20260819T161943Z-afaac607,M6_4_campaign,m6_4-trial-029,29,0.6,6,0,1,0,1,0,1.0,1,1
track1_5ch,B2,m6_4-dataset-20260819T161943Z-afaac607,m6_4-dataset-20260819T161943Z-afaac607,M6_4_campaign,m6_4-trial-029,29,0.8,7,0,1,0,1,0,1.0,1,1
track1_5ch,B2,m6_4-dataset-20260819T161943Z-afaac607,m6_4-dataset-20260819T161943Z-afaac607,M6_4_campaign,m6_4-trial-029,29,1.0,8,0,1,0,1,0,1.0,1,1
track2_common3,B2,m6_4-dataset-20260819T161943Z-afaac607,m6_4-dataset-20260819T161943Z-afaac607,M6_4_campaign,m6_4-trial-029,29,0.2,0,0,1,0,1,0,0.25,1,1
track2_common3,B2,m6_4-dataset-20260819T161943Z-afaac607,m6_4-dataset-20260819T161943Z-afaac607,M6_4_campaign,m6_4-trial-029,29,0.25,1,0,1,0,1,0,0.25,1,1
track2_common3,B2,m6_4-dataset-20260819T161943Z-afaac607,m6_4-dataset-20260819T161943Z-afaac607,M6_4_campaign,m6_4-trial-029,29,0.3,2,0,1,0,1,0,0.25,1,1
track2_common3,B2,m6_4-dataset-20260819T161943Z-afaac607,m6_4-dataset-20260819T161943Z-afaac607,M6_4_campaign,m6_4-trial-029,29,0.35,3,0,0,0,0,0,0.25,1,1
track2_common3,B2,m6_4-dataset-20260819T161943Z-afaac607,m6_4-dataset-20260819T161943Z-afaac607,M6_4_campaign,m6_4-trial-029,29,0.4,4,0,0,0,0,0,0.25,1,1
track2_common3,B2,m6_4-dataset-20260819T161943Z-afaac607,m6_4-dataset-20260819T161943Z-afaac607,M6_4_campaign,m6_4-trial-029,29,0.5,5,0,0,0,0,0,0.25,1,1
track2_common3,B2,m6_4-dataset-20260819T161943Z-afaac607,m6_4-dataset-20260819T161943Z-afaac607,M6_4_campaign,m6_4-trial-029,29,0.6,6,0,1,0,1,0,0.25,1,1
track2_common3,B2,m6_4-dataset-20260819T161943Z-afaac607,m6_4-dataset-20260819T161943Z-afaac607,M6_4_campaign,m6_4-trial-029,29,0.8,7,0,1,0,1,0,0.25,1,1
track2_common3,B2,m6_4-dataset-20260819T161943Z-afaac607,m6_4-dataset-20260819T161943Z-afaac607,M6_4_campaign,m6_4-trial-029,29,1.0,8,0,1,0,1,0,0.25,1,1
track1_5ch,B2,m6_4-dataset-20260819T161943Z-afaac607,m6_4-dataset-20260819T161943Z-afaac607,M6_4_campaign,m6_4-trial-030,30,0.2,0,2,1,2,1,2,0.4,1,1
track1_5ch,B2,m6_4-dataset-20260819T161943Z-afaac607,m6_4-dataset-20260819T161943Z-afaac607,M6_4_campaign,m6_4-trial-030,30,0.25,1,2,1,2,1,2,0.4,1,1
track1_5ch,B2,m6_4-dataset-20260819T161943Z-afaac607,m6_4-dataset-20260819T161943Z-afaac607,M6_4_campaign,m6_4-trial-030,30,0.3,2,2,1,2,1,2,0.4,1,1
track1_5ch,B2,m6_4-dataset-20260819T161943Z-afaac607,m6_4-dataset-20260819T161943Z-afaac607,M6_4_campaign,m6_4-trial-030,30,0.35,3,2,1,2,1,2,0.4,1,1
track1_5ch,B2,m6_4-dataset-20260819T161943Z-afaac607,m6_4-dataset-20260819T161943Z-afaac607,M6_4_campaign,m6_4-trial-030,30,0.4,4,2,1,2,1,2,0.4,1,1
track1_5ch,B2,m6_4-dataset-20260819T161943Z-afaac607,m6_4-dataset-20260819T161943Z-afaac607,M6_4_campaign,m6_4-trial-030,30,0.5,5,2,1,2,1,2,0.4,1,1
track1_5ch,B2,m6_4-dataset-20260819T161943Z-afaac607,m6_4-dataset-20260819T161943Z-afaac607,M6_4_campaign,m6_4-trial-030,30,0.6,6,2,1,2,1,2,0.4,1,1
track1_5ch,B2,m6_4-dataset-20260819T161943Z-afaac607,m6_4-dataset-20260819T161943Z-afaac607,M6_4_campaign,m6_4-trial-030,30,0.8,7,2,1,2,1,2,0.4,1,1
track1_5ch,B2,m6_4-dataset-20260819T161943Z-afaac607,m6_4-dataset-20260819T161943Z-afaac607,M6_4_campaign,m6_4-trial-030,30,1.0,8,2,1,2,1,2,0.4,1,1
track2_common3,B2,m6_4-dataset-20260819T161943Z-afaac607,m6_4-dataset-20260819T161943Z-afaac607,M6_4_campaign,m6_4-trial-030,30,0.2,0,2,1,2,1,2,0.25,1,1
track2_common3,B2,m6_4-dataset-20260819T161943Z-afaac607,m6_4-dataset-20260819T161943Z-afaac607,M6_4_campaign,m6_4-trial-030,30,0.25,1,2,1,2,1,2,0.25,1,1
track2_common3,B2,m6_4-dataset-20260819T161943Z-afaac607,m6_4-dataset-20260819T161943Z-afaac607,M6_4_campaign,m6_4-trial-030,30,0.3,2,2,1,2,1,2,0.25,1,1
track2_common3,B2,m6_4-dataset-20260819T161943Z-afaac607,m6_4-dataset-20260819T161943Z-afaac607,M6_4_campaign,m6_4-trial-030,30,0.35,3,2,1,2,1,2,0.25,1,1
track2_common3,B2,m6_4-dataset-20260819T161943Z-afaac607,m6_4-dataset-20260819T161943Z-afaac607,M6_4_campaign,m6_4-trial-030,30,0.4,4,2,1,2,1,2,0.25,1,1
track2_common3,B2,m6_4-dataset-20260819T161943Z-afaac607,m6_4-dataset-20260819T161943Z-afaac607,M6_4_campaign,m6_4-trial-030,30,0.5,5,2,1,2,1,2,0.25,1,1
track2_common3,B2,m6_4-dataset-20260819T161943Z-afaac607,m6_4-dataset-20260819T161943Z-afaac607,M6_4_campaign,m6_4-trial-030,30,0.6,6,2,1,2,1,2,0.25,1,1
track2_common3,B2,m6_4-dataset-20260819T161943Z-afaac607,m6_4-dataset-20260819T161943Z-afaac607,M6_4_campaign,m6_4-trial-030,30,0.8,7,2,1,2,1,2,0.25,1,1
track2_common3,B2,m6_4-dataset-20260819T161943Z-afaac607,m6_4-dataset-20260819T161943Z-afaac607,M6_4_campaign,m6_4-trial-030,30,1.0,8,2,1,2,1,2,0.25,1,1
track2_common3,S7,m6_7-formal-20260820T160940Z-0ef360f6,m6_7-formal-20260820T160940Z-0ef360f6,S7_stress_campaign,stress_online-trial-001,1,0.2,0,1,1,1,1,1,0.25,1,1
track2_common3,S7,m6_7-formal-20260820T160940Z-0ef360f6,m6_7-formal-20260820T160940Z-0ef360f6,S7_stress_campaign,stress_online-trial-001,1,0.25,1,1,1,1,1,1,0.25,1,1
track2_common3,S7,m6_7-formal-20260820T160940Z-0ef360f6,m6_7-formal-20260820T160940Z-0ef360f6,S7_stress_campaign,stress_online-trial-001,1,0.3,2,1,1,1,1,1,0.25,1,1
track2_common3,S7,m6_7-formal-20260820T160940Z-0ef360f6,m6_7-formal-20260820T160940Z-0ef360f6,S7_stress_campaign,stress_online-trial-001,1,0.35,3,1,1,1,1,1,0.25,1,1
track2_common3,S7,m6_7-formal-20260820T160940Z-0ef360f6,m6_7-formal-20260820T160940Z-0ef360f6,S7_stress_campaign,stress_online-trial-001,1,0.4,4,1,1,1,1,1,0.25,1,1
track2_common3,S7,m6_7-formal-20260820T160940Z-0ef360f6,m6_7-formal-20260820T160940Z-0ef360f6,S7_stress_campaign,stress_online-trial-001,1,0.5,5,1,1,1,1,1,0.25,1,1
track2_common3,S7,m6_7-formal-20260820T160940Z-0ef360f6,m6_7-formal-20260820T160940Z-0ef360f6,S7_stress_campaign,stress_online-trial-001,1,0.6,6,1,1,1,1,1,0.25,1,1
track2_common3,S7,m6_7-formal-20260820T160940Z-0ef360f6,m6_7-formal-20260820T160940Z-0ef360f6,S7_stress_campaign,stress_online-trial-001,1,0.8,7,1,1,1,1,1,0.25,1,1
track2_common3,S7,m6_7-formal-20260820T160940Z-0ef360f6,m6_7-formal-20260820T160940Z-0ef360f6,S7_stress_campaign,stress_online-trial-001,1,1.0,8,1,1,1,1,1,0.25,1,1
track2_common3,S7,m6_7-formal-20260820T160940Z-0ef360f6,m6_7-formal-20260820T160940Z-0ef360f6,S7_stress_campaign,stress_online-trial-002,2,0.2,0,2,1,2,1,2,0.35,1,1
track2_common3,S7,m6_7-formal-20260820T160940Z-0ef360f6,m6_7-formal-20260820T160940Z-0ef360f6,S7_stress_campaign,stress_online-trial-002,2,0.25,1,2,1,2,1,2,0.35,1,1
track2_common3,S7,m6_7-formal-20260820T160940Z-0ef360f6,m6_7-formal-20260820T160940Z-0ef360f6,S7_stress_campaign,stress_online-trial-002,2,0.3,2,2,1,2,1,2,0.35,1,1
track2_common3,S7,m6_7-formal-20260820T160940Z-0ef360f6,m6_7-formal-20260820T160940Z-0ef360f6,S7_stress_campaign,stress_online-trial-002,2,0.35,3,2,1,2,1,2,0.35,1,1
track2_common3,S7,m6_7-formal-20260820T160940Z-0ef360f6,m6_7-formal-20260820T160940Z-0ef360f6,S7_stress_campaign,stress_online-trial-002,2,0.4,4,2,1,2,1,2,0.35,1,1
track2_common3,S7,m6_7-formal-20260820T160940Z-0ef360f6,m6_7-formal-20260820T160940Z-0ef360f6,S7_stress_campaign,stress_online-trial-002,2,0.5,5,2,1,2,1,2,0.35,1,1
track2_common3,S7,m6_7-formal-20260820T160940Z-0ef360f6,m6_7-formal-20260820T160940Z-0ef360f6,S7_stress_campaign,stress_online-trial-002,2,0.6,6,2,1,2,1,2,0.35,1,1
track2_common3,S7,m6_7-formal-20260820T160940Z-0ef360f6,m6_7-formal-20260820T160940Z-0ef360f6,S7_stress_campaign,stress_online-trial-002,2,0.8,7,2,1,2,1,2,0.35,1,1
track2_common3,S7,m6_7-formal-20260820T160940Z-0ef360f6,m6_7-formal-20260820T160940Z-0ef360f6,S7_stress_campaign,stress_online-trial-002,2,1.0,8,2,1,2,1,2,0.35,1,1
track2_common3,S7,m6_7-formal-20260820T160940Z-0ef360f6,m6_7-formal-20260820T160940Z-0ef360f6,S7_stress_campaign,stress_online-trial-003,3,0.2,0,2,0,2,0,2,0.6,1,1
track2_common3,S7,m6_7-formal-20260820T160940Z-0ef360f6,m6_7-formal-20260820T160940Z-0ef360f6,S7_stress_campaign,stress_online-trial-003,3,0.25,1,2,0,2,0,2,0.6,1,1
track2_common3,S7,m6_7-formal-20260820T160940Z-0ef360f6,m6_7-formal-20260820T160940Z-0ef360f6,S7_stress_campaign,stress_online-trial-003,3,0.3,2,2,0,2,0,2,0.6,1,1
track2_common3,S7,m6_7-formal-20260820T160940Z-0ef360f6,m6_7-formal-20260820T160940Z-0ef360f6,S7_stress_campaign,stress_online-trial-003,3,0.35,3,2,1,2,1,2,0.6,1,1
track2_common3,S7,m6_7-formal-20260820T160940Z-0ef360f6,m6_7-formal-20260820T160940Z-0ef360f6,S7_stress_campaign,stress_online-trial-003,3,0.4,4,2,1,2,1,2,0.6,1,1
track2_common3,S7,m6_7-formal-20260820T160940Z-0ef360f6,m6_7-formal-20260820T160940Z-0ef360f6,S7_stress_campaign,stress_online-trial-003,3,0.5,5,2,1,2,1,2,0.6,1,1
track2_common3,S7,m6_7-formal-20260820T160940Z-0ef360f6,m6_7-formal-20260820T160940Z-0ef360f6,S7_stress_campaign,stress_online-trial-003,3,0.6,6,2,1,2,1,2,0.6,1,1
track2_common3,S7,m6_7-formal-20260820T160940Z-0ef360f6,m6_7-formal-20260820T160940Z-0ef360f6,S7_stress_campaign,stress_online-trial-003,3,0.8,7,2,1,2,1,2,0.6,1,1
track2_common3,S7,m6_7-formal-20260820T160940Z-0ef360f6,m6_7-formal-20260820T160940Z-0ef360f6,S7_stress_campaign,stress_online-trial-003,3,1.0,8,2,1,2,1,2,0.6,1,1
track2_common3,S7,m6_7-formal-20260820T160940Z-0ef360f6,m6_7-formal-20260820T160940Z-0ef360f6,S7_stress_campaign,stress_online-trial-004,4,0.2,0,0,0,0,0,0,0.6,1,1
track2_common3,S7,m6_7-formal-20260820T160940Z-0ef360f6,m6_7-formal-20260820T160940Z-0ef360f6,S7_stress_campaign,stress_online-trial-004,4,0.25,1,0,0,0,0,0,0.6,1,1
track2_common3,S7,m6_7-formal-20260820T160940Z-0ef360f6,m6_7-formal-20260820T160940Z-0ef360f6,S7_stress_campaign,stress_online-trial-004,4,0.3,2,0,0,0,0,0,0.6,1,1
track2_common3,S7,m6_7-formal-20260820T160940Z-0ef360f6,m6_7-formal-20260820T160940Z-0ef360f6,S7_stress_campaign,stress_online-trial-004,4,0.35,3,0,1,0,1,0,0.6,1,1
track2_common3,S7,m6_7-formal-20260820T160940Z-0ef360f6,m6_7-formal-20260820T160940Z-0ef360f6,S7_stress_campaign,stress_online-trial-004,4,0.4,4,0,1,0,1,0,0.6,1,1
track2_common3,S7,m6_7-formal-20260820T160940Z-0ef360f6,m6_7-formal-20260820T160940Z-0ef360f6,S7_stress_campaign,stress_online-trial-004,4,0.5,5,0,1,0,1,0,0.6,1,1
track2_common3,S7,m6_7-formal-20260820T160940Z-0ef360f6,m6_7-formal-20260820T160940Z-0ef360f6,S7_stress_campaign,stress_online-trial-004,4,0.6,6,0,1,0,1,0,0.6,1,1
track2_common3,S7,m6_7-formal-20260820T160940Z-0ef360f6,m6_7-formal-20260820T160940Z-0ef360f6,S7_stress_campaign,stress_online-trial-004,4,0.8,7,0,1,0,1,0,0.6,1,1
track2_common3,S7,m6_7-formal-20260820T160940Z-0ef360f6,m6_7-formal-20260820T160940Z-0ef360f6,S7_stress_campaign,stress_online-trial-004,4,1.0,8,0,1,0,1,0,0.6,1,1
track2_common3,S7,m6_7-formal-20260820T160940Z-0ef360f6,m6_7-formal-20260820T160940Z-0ef360f6,S7_stress_campaign,stress_online-trial-005,5,0.2,0,1,0,1,0,1,1.0,1,1
track2_common3,S7,m6_7-formal-20260820T160940Z-0ef360f6,m6_7-formal-20260820T160940Z-0ef360f6,S7_stress_campaign,stress_online-trial-005,5,0.25,1,1,0,1,0,1,1.0,1,1
track2_common3,S7,m6_7-formal-20260820T160940Z-0ef360f6,m6_7-formal-20260820T160940Z-0ef360f6,S7_stress_campaign,stress_online-trial-005,5,0.3,2,1,0,1,0,1,1.0,1,1
track2_common3,S7,m6_7-formal-20260820T160940Z-0ef360f6,m6_7-formal-20260820T160940Z-0ef360f6,S7_stress_campaign,stress_online-trial-005,5,0.35,3,1,0,1,0,1,1.0,1,1
track2_common3,S7,m6_7-formal-20260820T160940Z-0ef360f6,m6_7-formal-20260820T160940Z-0ef360f6,S7_stress_campaign,stress_online-trial-005,5,0.4,4,1,0,1,0,1,1.0,1,1
track2_common3,S7,m6_7-formal-20260820T160940Z-0ef360f6,m6_7-formal-20260820T160940Z-0ef360f6,S7_stress_campaign,stress_online-trial-005,5,0.5,5,1,0,1,0,1,1.0,1,1
track2_common3,S7,m6_7-formal-20260820T160940Z-0ef360f6,m6_7-formal-20260820T160940Z-0ef360f6,S7_stress_campaign,stress_online-trial-005,5,0.6,6,1,0,1,0,1,1.0,1,1
track2_common3,S7,m6_7-formal-20260820T160940Z-0ef360f6,m6_7-formal-20260820T160940Z-0ef360f6,S7_stress_campaign,stress_online-trial-005,5,0.8,7,1,1,1,1,1,1.0,1,1
track2_common3,S7,m6_7-formal-20260820T160940Z-0ef360f6,m6_7-formal-20260820T160940Z-0ef360f6,S7_stress_campaign,stress_online-trial-005,5,1.0,8,1,1,1,1,1,1.0,1,1
track2_common3,S7,m6_7-formal-20260820T160940Z-0ef360f6,m6_7-formal-20260820T160940Z-0ef360f6,S7_stress_campaign,stress_online-trial-006,6,0.2,0,1,1,1,1,1,0.3,1,1
track2_common3,S7,m6_7-formal-20260820T160940Z-0ef360f6,m6_7-formal-20260820T160940Z-0ef360f6,S7_stress_campaign,stress_online-trial-006,6,0.25,1,1,1,1,1,1,0.3,1,1
track2_common3,S7,m6_7-formal-20260820T160940Z-0ef360f6,m6_7-formal-20260820T160940Z-0ef360f6,S7_stress_campaign,stress_online-trial-006,6,0.3,2,1,1,1,1,1,0.3,1,1
track2_common3,S7,m6_7-formal-20260820T160940Z-0ef360f6,m6_7-formal-20260820T160940Z-0ef360f6,S7_stress_campaign,stress_online-trial-006,6,0.35,3,1,1,1,1,1,0.3,1,1
track2_common3,S7,m6_7-formal-20260820T160940Z-0ef360f6,m6_7-formal-20260820T160940Z-0ef360f6,S7_stress_campaign,stress_online-trial-006,6,0.4,4,1,1,1,1,1,0.3,1,1
track2_common3,S7,m6_7-formal-20260820T160940Z-0ef360f6,m6_7-formal-20260820T160940Z-0ef360f6,S7_stress_campaign,stress_online-trial-006,6,0.5,5,1,1,1,1,1,0.3,1,1
track2_common3,S7,m6_7-formal-20260820T160940Z-0ef360f6,m6_7-formal-20260820T160940Z-0ef360f6,S7_stress_campaign,stress_online-trial-006,6,0.6,6,1,1,1,1,1,0.3,1,1
track2_common3,S7,m6_7-formal-20260820T160940Z-0ef360f6,m6_7-formal-20260820T160940Z-0ef360f6,S7_stress_campaign,stress_online-trial-006,6,0.8,7,1,1,1,1,1,0.3,1,1
track2_common3,S7,m6_7-formal-20260820T160940Z-0ef360f6,m6_7-formal-20260820T160940Z-0ef360f6,S7_stress_campaign,stress_online-trial-006,6,1.0,8,1,1,1,1,1,0.3,1,1
track2_common3,S7,m6_7-formal-20260820T160940Z-0ef360f6,m6_7-formal-20260820T160940Z-0ef360f6,S7_stress_campaign,stress_online-trial-007,7,0.2,0,0,0,0,0,0,0.5,1,1
track2_common3,S7,m6_7-formal-20260820T160940Z-0ef360f6,m6_7-formal-20260820T160940Z-0ef360f6,S7_stress_campaign,stress_online-trial-007,7,0.25,1,0,1,0,1,0,0.5,1,1
track2_common3,S7,m6_7-formal-20260820T160940Z-0ef360f6,m6_7-formal-20260820T160940Z-0ef360f6,S7_stress_campaign,stress_online-trial-007,7,0.3,2,0,0,0,0,0,0.5,1,1
track2_common3,S7,m6_7-formal-20260820T160940Z-0ef360f6,m6_7-formal-20260820T160940Z-0ef360f6,S7_stress_campaign,stress_online-trial-007,7,0.35,3,0,0,0,0,0,0.5,1,1
track2_common3,S7,m6_7-formal-20260820T160940Z-0ef360f6,m6_7-formal-20260820T160940Z-0ef360f6,S7_stress_campaign,stress_online-trial-007,7,0.4,4,0,1,0,1,0,0.5,1,1
track2_common3,S7,m6_7-formal-20260820T160940Z-0ef360f6,m6_7-formal-20260820T160940Z-0ef360f6,S7_stress_campaign,stress_online-trial-007,7,0.5,5,0,1,0,1,0,0.5,1,1
track2_common3,S7,m6_7-formal-20260820T160940Z-0ef360f6,m6_7-formal-20260820T160940Z-0ef360f6,S7_stress_campaign,stress_online-trial-007,7,0.6,6,0,1,0,1,0,0.5,1,1
track2_common3,S7,m6_7-formal-20260820T160940Z-0ef360f6,m6_7-formal-20260820T160940Z-0ef360f6,S7_stress_campaign,stress_online-trial-007,7,0.8,7,0,1,0,1,0,0.5,1,1
track2_common3,S7,m6_7-formal-20260820T160940Z-0ef360f6,m6_7-formal-20260820T160940Z-0ef360f6,S7_stress_campaign,stress_online-trial-007,7,1.0,8,0,1,0,1,0,0.5,1,1
track2_common3,S7,m6_7-formal-20260820T160940Z-0ef360f6,m6_7-formal-20260820T160940Z-0ef360f6,S7_stress_campaign,stress_online-trial-008,8,0.2,0,2,0,2,0,2,0.4,1,1
track2_common3,S7,m6_7-formal-20260820T160940Z-0ef360f6,m6_7-formal-20260820T160940Z-0ef360f6,S7_stress_campaign,stress_online-trial-008,8,0.25,1,2,0,2,0,2,0.4,1,1
track2_common3,S7,m6_7-formal-20260820T160940Z-0ef360f6,m6_7-formal-20260820T160940Z-0ef360f6,S7_stress_campaign,stress_online-trial-008,8,0.3,2,2,1,2,1,2,0.4,1,1
track2_common3,S7,m6_7-formal-20260820T160940Z-0ef360f6,m6_7-formal-20260820T160940Z-0ef360f6,S7_stress_campaign,stress_online-trial-008,8,0.35,3,2,1,2,1,2,0.4,1,1
track2_common3,S7,m6_7-formal-20260820T160940Z-0ef360f6,m6_7-formal-20260820T160940Z-0ef360f6,S7_stress_campaign,stress_online-trial-008,8,0.4,4,2,1,2,1,2,0.4,1,1
track2_common3,S7,m6_7-formal-20260820T160940Z-0ef360f6,m6_7-formal-20260820T160940Z-0ef360f6,S7_stress_campaign,stress_online-trial-008,8,0.5,5,2,1,2,1,2,0.4,1,1
track2_common3,S7,m6_7-formal-20260820T160940Z-0ef360f6,m6_7-formal-20260820T160940Z-0ef360f6,S7_stress_campaign,stress_online-trial-008,8,0.6,6,2,1,2,1,2,0.4,1,1
track2_common3,S7,m6_7-formal-20260820T160940Z-0ef360f6,m6_7-formal-20260820T160940Z-0ef360f6,S7_stress_campaign,stress_online-trial-008,8,0.8,7,2,1,2,1,2,0.4,1,1
track2_common3,S7,m6_7-formal-20260820T160940Z-0ef360f6,m6_7-formal-20260820T160940Z-0ef360f6,S7_stress_campaign,stress_online-trial-008,8,1.0,8,2,1,2,1,2,0.4,1,1
track2_common3,S7,m6_7-formal-20260820T160940Z-0ef360f6,m6_7-formal-20260820T160940Z-0ef360f6,S7_stress_campaign,stress_online-trial-009,9,0.2,0,1,1,1,1,1,0.25,1,1
track2_common3,S7,m6_7-formal-20260820T160940Z-0ef360f6,m6_7-formal-20260820T160940Z-0ef360f6,S7_stress_campaign,stress_online-trial-009,9,0.25,1,1,1,1,1,1,0.25,1,1
track2_common3,S7,m6_7-formal-20260820T160940Z-0ef360f6,m6_7-formal-20260820T160940Z-0ef360f6,S7_stress_campaign,stress_online-trial-009,9,0.3,2,1,1,1,1,1,0.25,1,1
track2_common3,S7,m6_7-formal-20260820T160940Z-0ef360f6,m6_7-formal-20260820T160940Z-0ef360f6,S7_stress_campaign,stress_online-trial-009,9,0.35,3,1,1,1,1,1,0.25,1,1
track2_common3,S7,m6_7-formal-20260820T160940Z-0ef360f6,m6_7-formal-20260820T160940Z-0ef360f6,S7_stress_campaign,stress_online-trial-009,9,0.4,4,1,1,1,1,1,0.25,1,1
track2_common3,S7,m6_7-formal-20260820T160940Z-0ef360f6,m6_7-formal-20260820T160940Z-0ef360f6,S7_stress_campaign,stress_online-trial-009,9,0.5,5,1,1,1,1,1,0.25,1,1
track2_common3,S7,m6_7-formal-20260820T160940Z-0ef360f6,m6_7-formal-20260820T160940Z-0ef360f6,S7_stress_campaign,stress_online-trial-009,9,0.6,6,1,1,1,1,1,0.25,1,1
track2_common3,S7,m6_7-formal-20260820T160940Z-0ef360f6,m6_7-formal-20260820T160940Z-0ef360f6,S7_stress_campaign,stress_online-trial-009,9,0.8,7,1,1,1,1,1,0.25,1,1
track2_common3,S7,m6_7-formal-20260820T160940Z-0ef360f6,m6_7-formal-20260820T160940Z-0ef360f6,S7_stress_campaign,stress_online-trial-009,9,1.0,8,1,1,1,1,1,0.25,1,1
track2_common3,S7,m6_7-formal-20260820T160940Z-0ef360f6,m6_7-formal-20260820T160940Z-0ef360f6,S7_stress_campaign,stress_online-trial-010,10,0.2,0,2,0,2,0,2,0.3,1,1
track2_common3,S7,m6_7-formal-20260820T160940Z-0ef360f6,m6_7-formal-20260820T160940Z-0ef360f6,S7_stress_campaign,stress_online-trial-010,10,0.25,1,2,1,2,1,2,0.3,1,1
track2_common3,S7,m6_7-formal-20260820T160940Z-0ef360f6,m6_7-formal-20260820T160940Z-0ef360f6,S7_stress_campaign,stress_online-trial-010,10,0.3,2,2,1,2,1,2,0.3,1,1
track2_common3,S7,m6_7-formal-20260820T160940Z-0ef360f6,m6_7-formal-20260820T160940Z-0ef360f6,S7_stress_campaign,stress_online-trial-010,10,0.35,3,2,1,2,1,2,0.3,1,1
track2_common3,S7,m6_7-formal-20260820T160940Z-0ef360f6,m6_7-formal-20260820T160940Z-0ef360f6,S7_stress_campaign,stress_online-trial-010,10,0.4,4,2,1,2,1,2,0.3,1,1
track2_common3,S7,m6_7-formal-20260820T160940Z-0ef360f6,m6_7-formal-20260820T160940Z-0ef360f6,S7_stress_campaign,stress_online-trial-010,10,0.5,5,2,1,2,1,2,0.3,1,1
track2_common3,S7,m6_7-formal-20260820T160940Z-0ef360f6,m6_7-formal-20260820T160940Z-0ef360f6,S7_stress_campaign,stress_online-trial-010,10,0.6,6,2,1,2,1,2,0.3,1,1
track2_common3,S7,m6_7-formal-20260820T160940Z-0ef360f6,m6_7-formal-20260820T160940Z-0ef360f6,S7_stress_campaign,stress_online-trial-010,10,0.8,7,2,1,2,1,2,0.3,1,1
track2_common3,S7,m6_7-formal-20260820T160940Z-0ef360f6,m6_7-formal-20260820T160940Z-0ef360f6,S7_stress_campaign,stress_online-trial-010,10,1.0,8,2,1,2,1,2,0.3,1,1
track2_common3,S7,m6_7-formal-20260820T160940Z-0ef360f6,m6_7-formal-20260820T160940Z-0ef360f6,S7_stress_campaign,stress_online-trial-011,11,0.2,0,0,0,0,0,0,0.5,1,1
track2_common3,S7,m6_7-formal-20260820T160940Z-0ef360f6,m6_7-formal-20260820T160940Z-0ef360f6,S7_stress_campaign,stress_online-trial-011,11,0.25,1,0,1,0,1,0,0.5,1,1
track2_common3,S7,m6_7-formal-20260820T160940Z-0ef360f6,m6_7-formal-20260820T160940Z-0ef360f6,S7_stress_campaign,stress_online-trial-011,11,0.3,2,0,1,0,1,0,0.5,1,1
track2_common3,S7,m6_7-formal-20260820T160940Z-0ef360f6,m6_7-formal-20260820T160940Z-0ef360f6,S7_stress_campaign,stress_online-trial-011,11,0.35,3,0,1,0,1,0,0.5,1,1
track2_common3,S7,m6_7-formal-20260820T160940Z-0ef360f6,m6_7-formal-20260820T160940Z-0ef360f6,S7_stress_campaign,stress_online-trial-011,11,0.4,4,0,1,0,1,0,0.5,1,1
track2_common3,S7,m6_7-formal-20260820T160940Z-0ef360f6,m6_7-formal-20260820T160940Z-0ef360f6,S7_stress_campaign,stress_online-trial-011,11,0.5,5,0,1,0,1,0,0.5,1,1
track2_common3,S7,m6_7-formal-20260820T160940Z-0ef360f6,m6_7-formal-20260820T160940Z-0ef360f6,S7_stress_campaign,stress_online-trial-011,11,0.6,6,0,1,0,1,0,0.5,1,1
track2_common3,S7,m6_7-formal-20260820T160940Z-0ef360f6,m6_7-formal-20260820T160940Z-0ef360f6,S7_stress_campaign,stress_online-trial-011,11,0.8,7,0,1,0,1,0,0.5,1,1
track2_common3,S7,m6_7-formal-20260820T160940Z-0ef360f6,m6_7-formal-20260820T160940Z-0ef360f6,S7_stress_campaign,stress_online-trial-011,11,1.0,8,0,1,0,1,0,0.5,1,1
track2_common3,S7,m6_7-formal-20260820T160940Z-0ef360f6,m6_7-formal-20260820T160940Z-0ef360f6,S7_stress_campaign,stress_online-trial-012,12,0.2,0,1,0,1,0,1,0.8,1,1
track2_common3,S7,m6_7-formal-20260820T160940Z-0ef360f6,m6_7-formal-20260820T160940Z-0ef360f6,S7_stress_campaign,stress_online-trial-012,12,0.25,1,1,0,1,0,1,0.8,1,1
track2_common3,S7,m6_7-formal-20260820T160940Z-0ef360f6,m6_7-formal-20260820T160940Z-0ef360f6,S7_stress_campaign,stress_online-trial-012,12,0.3,2,1,1,1,1,1,0.8,1,1
track2_common3,S7,m6_7-formal-20260820T160940Z-0ef360f6,m6_7-formal-20260820T160940Z-0ef360f6,S7_stress_campaign,stress_online-trial-012,12,0.35,3,1,0,1,0,1,0.8,1,1
track2_common3,S7,m6_7-formal-20260820T160940Z-0ef360f6,m6_7-formal-20260820T160940Z-0ef360f6,S7_stress_campaign,stress_online-trial-012,12,0.4,4,1,1,1,1,1,0.8,1,1
track2_common3,S7,m6_7-formal-20260820T160940Z-0ef360f6,m6_7-formal-20260820T160940Z-0ef360f6,S7_stress_campaign,stress_online-trial-012,12,0.5,5,1,1,1,1,1,0.8,1,1
track2_common3,S7,m6_7-formal-20260820T160940Z-0ef360f6,m6_7-formal-20260820T160940Z-0ef360f6,S7_stress_campaign,stress_online-trial-012,12,0.6,6,1,1,1,1,1,0.8,1,1
track2_common3,S7,m6_7-formal-20260820T160940Z-0ef360f6,m6_7-formal-20260820T160940Z-0ef360f6,S7_stress_campaign,stress_online-trial-012,12,0.8,7,1,1,1,1,1,0.8,1,1
track2_common3,S7,m6_7-formal-20260820T160940Z-0ef360f6,m6_7-formal-20260820T160940Z-0ef360f6,S7_stress_campaign,stress_online-trial-012,12,1.0,8,1,1,1,1,1,0.8,1,1
track2_common3,S7,m6_7-formal-20260820T160940Z-0ef360f6,m6_7-formal-20260820T160940Z-0ef360f6,S7_stress_campaign,stress_online-trial-013,13,0.2,0,2,0,0,0,0,1.0,0,1
track2_common3,S7,m6_7-formal-20260820T160940Z-0ef360f6,m6_7-formal-20260820T160940Z-0ef360f6,S7_stress_campaign,stress_online-trial-013,13,0.25,1,2,0,0,0,0,1.0,0,1
track2_common3,S7,m6_7-formal-20260820T160940Z-0ef360f6,m6_7-formal-20260820T160940Z-0ef360f6,S7_stress_campaign,stress_online-trial-013,13,0.3,2,2,0,0,0,0,1.0,0,1
track2_common3,S7,m6_7-formal-20260820T160940Z-0ef360f6,m6_7-formal-20260820T160940Z-0ef360f6,S7_stress_campaign,stress_online-trial-013,13,0.35,3,2,0,0,1,0,1.0,0,1
track2_common3,S7,m6_7-formal-20260820T160940Z-0ef360f6,m6_7-formal-20260820T160940Z-0ef360f6,S7_stress_campaign,stress_online-trial-013,13,0.4,4,2,1,0,0,0,1.0,0,1
track2_common3,S7,m6_7-formal-20260820T160940Z-0ef360f6,m6_7-formal-20260820T160940Z-0ef360f6,S7_stress_campaign,stress_online-trial-013,13,0.5,5,2,1,0,0,0,1.0,0,1
track2_common3,S7,m6_7-formal-20260820T160940Z-0ef360f6,m6_7-formal-20260820T160940Z-0ef360f6,S7_stress_campaign,stress_online-trial-013,13,0.6,6,2,1,0,0,0,1.0,0,1
track2_common3,S7,m6_7-formal-20260820T160940Z-0ef360f6,m6_7-formal-20260820T160940Z-0ef360f6,S7_stress_campaign,stress_online-trial-013,13,0.8,7,2,0,0,1,0,1.0,0,1
track2_common3,S7,m6_7-formal-20260820T160940Z-0ef360f6,m6_7-formal-20260820T160940Z-0ef360f6,S7_stress_campaign,stress_online-trial-013,13,1.0,8,2,0,0,1,0,1.0,0,1
track2_common3,S7,m6_7-formal-20260820T160940Z-0ef360f6,m6_7-formal-20260820T160940Z-0ef360f6,S7_stress_campaign,stress_online-trial-014,14,0.2,0,0,1,0,1,0,1.0,1,1
track2_common3,S7,m6_7-formal-20260820T160940Z-0ef360f6,m6_7-formal-20260820T160940Z-0ef360f6,S7_stress_campaign,stress_online-trial-014,14,0.25,1,0,1,0,1,0,1.0,1,1
track2_common3,S7,m6_7-formal-20260820T160940Z-0ef360f6,m6_7-formal-20260820T160940Z-0ef360f6,S7_stress_campaign,stress_online-trial-014,14,0.3,2,0,1,0,1,0,1.0,1,1
track2_common3,S7,m6_7-formal-20260820T160940Z-0ef360f6,m6_7-formal-20260820T160940Z-0ef360f6,S7_stress_campaign,stress_online-trial-014,14,0.35,3,0,1,0,1,0,1.0,1,1
track2_common3,S7,m6_7-formal-20260820T160940Z-0ef360f6,m6_7-formal-20260820T160940Z-0ef360f6,S7_stress_campaign,stress_online-trial-014,14,0.4,4,0,1,0,1,0,1.0,1,1
track2_common3,S7,m6_7-formal-20260820T160940Z-0ef360f6,m6_7-formal-20260820T160940Z-0ef360f6,S7_stress_campaign,stress_online-trial-014,14,0.5,5,0,1,0,1,0,1.0,1,1
track2_common3,S7,m6_7-formal-20260820T160940Z-0ef360f6,m6_7-formal-20260820T160940Z-0ef360f6,S7_stress_campaign,stress_online-trial-014,14,0.6,6,0,1,0,1,0,1.0,1,1
track2_common3,S7,m6_7-formal-20260820T160940Z-0ef360f6,m6_7-formal-20260820T160940Z-0ef360f6,S7_stress_campaign,stress_online-trial-014,14,0.8,7,0,1,0,1,0,1.0,1,1
track2_common3,S7,m6_7-formal-20260820T160940Z-0ef360f6,m6_7-formal-20260820T160940Z-0ef360f6,S7_stress_campaign,stress_online-trial-014,14,1.0,8,0,1,0,1,0,1.0,1,1
track2_common3,S7,m6_7-formal-20260820T160940Z-0ef360f6,m6_7-formal-20260820T160940Z-0ef360f6,S7_stress_campaign,stress_online-trial-015,15,0.2,0,2,0,1,1,1,0.25,0,1
track2_common3,S7,m6_7-formal-20260820T160940Z-0ef360f6,m6_7-formal-20260820T160940Z-0ef360f6,S7_stress_campaign,stress_online-trial-015,15,0.25,1,2,0,1,1,1,0.25,0,1
track2_common3,S7,m6_7-formal-20260820T160940Z-0ef360f6,m6_7-formal-20260820T160940Z-0ef360f6,S7_stress_campaign,stress_online-trial-015,15,0.3,2,2,1,1,0,1,0.25,0,1
track2_common3,S7,m6_7-formal-20260820T160940Z-0ef360f6,m6_7-formal-20260820T160940Z-0ef360f6,S7_stress_campaign,stress_online-trial-015,15,0.35,3,2,1,1,0,1,0.25,0,1
track2_common3,S7,m6_7-formal-20260820T160940Z-0ef360f6,m6_7-formal-20260820T160940Z-0ef360f6,S7_stress_campaign,stress_online-trial-015,15,0.4,4,2,1,1,0,1,0.25,0,1
track2_common3,S7,m6_7-formal-20260820T160940Z-0ef360f6,m6_7-formal-20260820T160940Z-0ef360f6,S7_stress_campaign,stress_online-trial-015,15,0.5,5,2,1,1,0,1,0.25,0,1
track2_common3,S7,m6_7-formal-20260820T160940Z-0ef360f6,m6_7-formal-20260820T160940Z-0ef360f6,S7_stress_campaign,stress_online-trial-015,15,0.6,6,2,1,1,0,1,0.25,0,1
track2_common3,S7,m6_7-formal-20260820T160940Z-0ef360f6,m6_7-formal-20260820T160940Z-0ef360f6,S7_stress_campaign,stress_online-trial-015,15,0.8,7,2,1,1,0,1,0.25,0,1
track2_common3,S7,m6_7-formal-20260820T160940Z-0ef360f6,m6_7-formal-20260820T160940Z-0ef360f6,S7_stress_campaign,stress_online-trial-015,15,1.0,8,2,1,1,0,1,0.25,0,1
track2_common3,S7,m6_7-formal-20260820T160940Z-0ef360f6,m6_7-formal-20260820T160940Z-0ef360f6,S7_stress_campaign,stress_online-trial-016,16,0.2,0,2,1,2,1,2,0.3,1,1
track2_common3,S7,m6_7-formal-20260820T160940Z-0ef360f6,m6_7-formal-20260820T160940Z-0ef360f6,S7_stress_campaign,stress_online-trial-016,16,0.25,1,2,1,2,1,2,0.3,1,1
track2_common3,S7,m6_7-formal-20260820T160940Z-0ef360f6,m6_7-formal-20260820T160940Z-0ef360f6,S7_stress_campaign,stress_online-trial-016,16,0.3,2,2,1,2,1,2,0.3,1,1
track2_common3,S7,m6_7-formal-20260820T160940Z-0ef360f6,m6_7-formal-20260820T160940Z-0ef360f6,S7_stress_campaign,stress_online-trial-016,16,0.35,3,2,1,2,1,2,0.3,1,1
track2_common3,S7,m6_7-formal-20260820T160940Z-0ef360f6,m6_7-formal-20260820T160940Z-0ef360f6,S7_stress_campaign,stress_online-trial-016,16,0.4,4,2,1,2,1,2,0.3,1,1
track2_common3,S7,m6_7-formal-20260820T160940Z-0ef360f6,m6_7-formal-20260820T160940Z-0ef360f6,S7_stress_campaign,stress_online-trial-016,16,0.5,5,2,1,2,1,2,0.3,1,1
track2_common3,S7,m6_7-formal-20260820T160940Z-0ef360f6,m6_7-formal-20260820T160940Z-0ef360f6,S7_stress_campaign,stress_online-trial-016,16,0.6,6,2,1,2,1,2,0.3,1,1
track2_common3,S7,m6_7-formal-20260820T160940Z-0ef360f6,m6_7-formal-20260820T160940Z-0ef360f6,S7_stress_campaign,stress_online-trial-016,16,0.8,7,2,1,2,1,2,0.3,1,1
track2_common3,S7,m6_7-formal-20260820T160940Z-0ef360f6,m6_7-formal-20260820T160940Z-0ef360f6,S7_stress_campaign,stress_online-trial-016,16,1.0,8,2,1,2,1,2,0.3,1,1
track2_common3,S7,m6_7-formal-20260820T160940Z-0ef360f6,m6_7-formal-20260820T160940Z-0ef360f6,S7_stress_campaign,stress_online-trial-017,17,0.2,0,1,1,1,1,1,0.3,1,1
track2_common3,S7,m6_7-formal-20260820T160940Z-0ef360f6,m6_7-formal-20260820T160940Z-0ef360f6,S7_stress_campaign,stress_online-trial-017,17,0.25,1,1,1,1,1,1,0.3,1,1
track2_common3,S7,m6_7-formal-20260820T160940Z-0ef360f6,m6_7-formal-20260820T160940Z-0ef360f6,S7_stress_campaign,stress_online-trial-017,17,0.3,2,1,1,1,1,1,0.3,1,1
track2_common3,S7,m6_7-formal-20260820T160940Z-0ef360f6,m6_7-formal-20260820T160940Z-0ef360f6,S7_stress_campaign,stress_online-trial-017,17,0.35,3,1,1,1,1,1,0.3,1,1
track2_common3,S7,m6_7-formal-20260820T160940Z-0ef360f6,m6_7-formal-20260820T160940Z-0ef360f6,S7_stress_campaign,stress_online-trial-017,17,0.4,4,1,1,1,1,1,0.3,1,1
track2_common3,S7,m6_7-formal-20260820T160940Z-0ef360f6,m6_7-formal-20260820T160940Z-0ef360f6,S7_stress_campaign,stress_online-trial-017,17,0.5,5,1,1,1,1,1,0.3,1,1
track2_common3,S7,m6_7-formal-20260820T160940Z-0ef360f6,m6_7-formal-20260820T160940Z-0ef360f6,S7_stress_campaign,stress_online-trial-017,17,0.6,6,1,1,1,1,1,0.3,1,1
track2_common3,S7,m6_7-formal-20260820T160940Z-0ef360f6,m6_7-formal-20260820T160940Z-0ef360f6,S7_stress_campaign,stress_online-trial-017,17,0.8,7,1,1,1,1,1,0.3,1,1
track2_common3,S7,m6_7-formal-20260820T160940Z-0ef360f6,m6_7-formal-20260820T160940Z-0ef360f6,S7_stress_campaign,stress_online-trial-017,17,1.0,8,1,1,1,1,1,0.3,1,1
track2_common3,S7,m6_7-formal-20260820T160940Z-0ef360f6,m6_7-formal-20260820T160940Z-0ef360f6,S7_stress_campaign,stress_online-trial-018,18,0.2,0,0,0,0,0,0,1.0,1,1
track2_common3,S7,m6_7-formal-20260820T160940Z-0ef360f6,m6_7-formal-20260820T160940Z-0ef360f6,S7_stress_campaign,stress_online-trial-018,18,0.25,1,0,0,0,0,0,1.0,1,1
track2_common3,S7,m6_7-formal-20260820T160940Z-0ef360f6,m6_7-formal-20260820T160940Z-0ef360f6,S7_stress_campaign,stress_online-trial-018,18,0.3,2,0,0,0,0,0,1.0,1,1
track2_common3,S7,m6_7-formal-20260820T160940Z-0ef360f6,m6_7-formal-20260820T160940Z-0ef360f6,S7_stress_campaign,stress_online-trial-018,18,0.35,3,0,0,0,0,0,1.0,1,1
track2_common3,S7,m6_7-formal-20260820T160940Z-0ef360f6,m6_7-formal-20260820T160940Z-0ef360f6,S7_stress_campaign,stress_online-trial-018,18,0.4,4,0,1,0,1,0,1.0,1,1
track2_common3,S7,m6_7-formal-20260820T160940Z-0ef360f6,m6_7-formal-20260820T160940Z-0ef360f6,S7_stress_campaign,stress_online-trial-018,18,0.5,5,0,1,0,1,0,1.0,1,1
track2_common3,S7,m6_7-formal-20260820T160940Z-0ef360f6,m6_7-formal-20260820T160940Z-0ef360f6,S7_stress_campaign,stress_online-trial-018,18,0.6,6,0,0,0,0,0,1.0,1,1
track2_common3,S7,m6_7-formal-20260820T160940Z-0ef360f6,m6_7-formal-20260820T160940Z-0ef360f6,S7_stress_campaign,stress_online-trial-018,18,0.8,7,0,1,0,1,0,1.0,1,1
track2_common3,S7,m6_7-formal-20260820T160940Z-0ef360f6,m6_7-formal-20260820T160940Z-0ef360f6,S7_stress_campaign,stress_online-trial-018,18,1.0,8,0,1,0,1,0,1.0,1,1
track2_common3,S7,m6_7-formal-20260820T160940Z-0ef360f6,m6_7-formal-20260820T160940Z-0ef360f6,S7_stress_campaign,stress_online-trial-019,19,0.2,0,2,0,2,0,2,1.0,1,1
track2_common3,S7,m6_7-formal-20260820T160940Z-0ef360f6,m6_7-formal-20260820T160940Z-0ef360f6,S7_stress_campaign,stress_online-trial-019,19,0.25,1,2,0,2,0,2,1.0,1,1
track2_common3,S7,m6_7-formal-20260820T160940Z-0ef360f6,m6_7-formal-20260820T160940Z-0ef360f6,S7_stress_campaign,stress_online-trial-019,19,0.3,2,2,1,2,1,2,1.0,1,1
track2_common3,S7,m6_7-formal-20260820T160940Z-0ef360f6,m6_7-formal-20260820T160940Z-0ef360f6,S7_stress_campaign,stress_online-trial-019,19,0.35,3,2,1,2,1,2,1.0,1,1
track2_common3,S7,m6_7-formal-20260820T160940Z-0ef360f6,m6_7-formal-20260820T160940Z-0ef360f6,S7_stress_campaign,stress_online-trial-019,19,0.4,4,2,1,2,1,2,1.0,1,1
track2_common3,S7,m6_7-formal-20260820T160940Z-0ef360f6,m6_7-formal-20260820T160940Z-0ef360f6,S7_stress_campaign,stress_online-trial-019,19,0.5,5,2,1,2,1,2,1.0,1,1
track2_common3,S7,m6_7-formal-20260820T160940Z-0ef360f6,m6_7-formal-20260820T160940Z-0ef360f6,S7_stress_campaign,stress_online-trial-019,19,0.6,6,2,0,2,0,2,1.0,1,1
track2_common3,S7,m6_7-formal-20260820T160940Z-0ef360f6,m6_7-formal-20260820T160940Z-0ef360f6,S7_stress_campaign,stress_online-trial-019,19,0.8,7,2,1,2,1,2,1.0,1,1
track2_common3,S7,m6_7-formal-20260820T160940Z-0ef360f6,m6_7-formal-20260820T160940Z-0ef360f6,S7_stress_campaign,stress_online-trial-019,19,1.0,8,2,1,2,1,2,1.0,1,1
track2_common3,S7,m6_7-formal-20260820T160940Z-0ef360f6,m6_7-formal-20260820T160940Z-0ef360f6,S7_stress_campaign,stress_online-trial-020,20,0.2,0,2,0,2,0,2,1.0,1,1
track2_common3,S7,m6_7-formal-20260820T160940Z-0ef360f6,m6_7-formal-20260820T160940Z-0ef360f6,S7_stress_campaign,stress_online-trial-020,20,0.25,1,2,0,2,0,2,1.0,1,1
track2_common3,S7,m6_7-formal-20260820T160940Z-0ef360f6,m6_7-formal-20260820T160940Z-0ef360f6,S7_stress_campaign,stress_online-trial-020,20,0.3,2,2,0,2,0,2,1.0,1,1
track2_common3,S7,m6_7-formal-20260820T160940Z-0ef360f6,m6_7-formal-20260820T160940Z-0ef360f6,S7_stress_campaign,stress_online-trial-020,20,0.35,3,2,0,2,0,2,1.0,1,1
track2_common3,S7,m6_7-formal-20260820T160940Z-0ef360f6,m6_7-formal-20260820T160940Z-0ef360f6,S7_stress_campaign,stress_online-trial-020,20,0.4,4,2,0,2,0,2,1.0,1,1
track2_common3,S7,m6_7-formal-20260820T160940Z-0ef360f6,m6_7-formal-20260820T160940Z-0ef360f6,S7_stress_campaign,stress_online-trial-020,20,0.5,5,2,0,2,0,2,1.0,1,1
track2_common3,S7,m6_7-formal-20260820T160940Z-0ef360f6,m6_7-formal-20260820T160940Z-0ef360f6,S7_stress_campaign,stress_online-trial-020,20,0.6,6,2,0,2,0,2,1.0,1,1
track2_common3,S7,m6_7-formal-20260820T160940Z-0ef360f6,m6_7-formal-20260820T160940Z-0ef360f6,S7_stress_campaign,stress_online-trial-020,20,0.8,7,2,1,2,1,2,1.0,1,1
track2_common3,S7,m6_7-formal-20260820T160940Z-0ef360f6,m6_7-formal-20260820T160940Z-0ef360f6,S7_stress_campaign,stress_online-trial-020,20,1.0,8,2,1,2,1,2,1.0,1,1
track2_common3,S7,m6_7-formal-20260820T160940Z-0ef360f6,m6_7-formal-20260820T160940Z-0ef360f6,S7_stress_campaign,stress_online-trial-021,21,0.2,0,0,1,0,1,0,0.25,1,1
track2_common3,S7,m6_7-formal-20260820T160940Z-0ef360f6,m6_7-formal-20260820T160940Z-0ef360f6,S7_stress_campaign,stress_online-trial-021,21,0.25,1,0,1,0,1,0,0.25,1,1
track2_common3,S7,m6_7-formal-20260820T160940Z-0ef360f6,m6_7-formal-20260820T160940Z-0ef360f6,S7_stress_campaign,stress_online-trial-021,21,0.3,2,0,1,0,1,0,0.25,1,1
track2_common3,S7,m6_7-formal-20260820T160940Z-0ef360f6,m6_7-formal-20260820T160940Z-0ef360f6,S7_stress_campaign,stress_online-trial-021,21,0.35,3,0,1,0,1,0,0.25,1,1
track2_common3,S7,m6_7-formal-20260820T160940Z-0ef360f6,m6_7-formal-20260820T160940Z-0ef360f6,S7_stress_campaign,stress_online-trial-021,21,0.4,4,0,1,0,1,0,0.25,1,1
track2_common3,S7,m6_7-formal-20260820T160940Z-0ef360f6,m6_7-formal-20260820T160940Z-0ef360f6,S7_stress_campaign,stress_online-trial-021,21,0.5,5,0,1,0,1,0,0.25,1,1
track2_common3,S7,m6_7-formal-20260820T160940Z-0ef360f6,m6_7-formal-20260820T160940Z-0ef360f6,S7_stress_campaign,stress_online-trial-021,21,0.6,6,0,1,0,1,0,0.25,1,1
track2_common3,S7,m6_7-formal-20260820T160940Z-0ef360f6,m6_7-formal-20260820T160940Z-0ef360f6,S7_stress_campaign,stress_online-trial-021,21,0.8,7,0,1,0,1,0,0.25,1,1
track2_common3,S7,m6_7-formal-20260820T160940Z-0ef360f6,m6_7-formal-20260820T160940Z-0ef360f6,S7_stress_campaign,stress_online-trial-021,21,1.0,8,0,1,0,1,0,0.25,1,1
track2_common3,S7,m6_7-formal-20260820T160940Z-0ef360f6,m6_7-formal-20260820T160940Z-0ef360f6,S7_stress_campaign,stress_online-trial-022,22,0.2,0,1,1,1,1,1,0.25,1,1
track2_common3,S7,m6_7-formal-20260820T160940Z-0ef360f6,m6_7-formal-20260820T160940Z-0ef360f6,S7_stress_campaign,stress_online-trial-022,22,0.25,1,1,1,1,1,1,0.25,1,1
track2_common3,S7,m6_7-formal-20260820T160940Z-0ef360f6,m6_7-formal-20260820T160940Z-0ef360f6,S7_stress_campaign,stress_online-trial-022,22,0.3,2,1,1,1,1,1,0.25,1,1
track2_common3,S7,m6_7-formal-20260820T160940Z-0ef360f6,m6_7-formal-20260820T160940Z-0ef360f6,S7_stress_campaign,stress_online-trial-022,22,0.35,3,1,1,1,1,1,0.25,1,1
track2_common3,S7,m6_7-formal-20260820T160940Z-0ef360f6,m6_7-formal-20260820T160940Z-0ef360f6,S7_stress_campaign,stress_online-trial-022,22,0.4,4,1,1,1,1,1,0.25,1,1
track2_common3,S7,m6_7-formal-20260820T160940Z-0ef360f6,m6_7-formal-20260820T160940Z-0ef360f6,S7_stress_campaign,stress_online-trial-022,22,0.5,5,1,1,1,1,1,0.25,1,1
track2_common3,S7,m6_7-formal-20260820T160940Z-0ef360f6,m6_7-formal-20260820T160940Z-0ef360f6,S7_stress_campaign,stress_online-trial-022,22,0.6,6,1,1,1,1,1,0.25,1,1
track2_common3,S7,m6_7-formal-20260820T160940Z-0ef360f6,m6_7-formal-20260820T160940Z-0ef360f6,S7_stress_campaign,stress_online-trial-022,22,0.8,7,1,1,1,1,1,0.25,1,1
track2_common3,S7,m6_7-formal-20260820T160940Z-0ef360f6,m6_7-formal-20260820T160940Z-0ef360f6,S7_stress_campaign,stress_online-trial-022,22,1.0,8,1,1,1,1,1,0.25,1,1
track2_common3,S7,m6_7-formal-20260820T160940Z-0ef360f6,m6_7-formal-20260820T160940Z-0ef360f6,S7_stress_campaign,stress_online-trial-023,23,0.2,0,0,1,0,1,0,0.25,1,1
track2_common3,S7,m6_7-formal-20260820T160940Z-0ef360f6,m6_7-formal-20260820T160940Z-0ef360f6,S7_stress_campaign,stress_online-trial-023,23,0.25,1,0,1,0,1,0,0.25,1,1
track2_common3,S7,m6_7-formal-20260820T160940Z-0ef360f6,m6_7-formal-20260820T160940Z-0ef360f6,S7_stress_campaign,stress_online-trial-023,23,0.3,2,0,1,0,1,0,0.25,1,1
track2_common3,S7,m6_7-formal-20260820T160940Z-0ef360f6,m6_7-formal-20260820T160940Z-0ef360f6,S7_stress_campaign,stress_online-trial-023,23,0.35,3,0,1,0,1,0,0.25,1,1
track2_common3,S7,m6_7-formal-20260820T160940Z-0ef360f6,m6_7-formal-20260820T160940Z-0ef360f6,S7_stress_campaign,stress_online-trial-023,23,0.4,4,0,1,0,1,0,0.25,1,1
track2_common3,S7,m6_7-formal-20260820T160940Z-0ef360f6,m6_7-formal-20260820T160940Z-0ef360f6,S7_stress_campaign,stress_online-trial-023,23,0.5,5,0,0,0,0,0,0.25,1,1
track2_common3,S7,m6_7-formal-20260820T160940Z-0ef360f6,m6_7-formal-20260820T160940Z-0ef360f6,S7_stress_campaign,stress_online-trial-023,23,0.6,6,0,0,0,0,0,0.25,1,1
track2_common3,S7,m6_7-formal-20260820T160940Z-0ef360f6,m6_7-formal-20260820T160940Z-0ef360f6,S7_stress_campaign,stress_online-trial-023,23,0.8,7,0,0,0,0,0,0.25,1,1
track2_common3,S7,m6_7-formal-20260820T160940Z-0ef360f6,m6_7-formal-20260820T160940Z-0ef360f6,S7_stress_campaign,stress_online-trial-023,23,1.0,8,0,0,0,0,0,0.25,1,1
track2_common3,S7,m6_7-formal-20260820T160940Z-0ef360f6,m6_7-formal-20260820T160940Z-0ef360f6,S7_stress_campaign,stress_online-trial-024,24,0.2,0,0,1,0,1,0,0.25,1,1
track2_common3,S7,m6_7-formal-20260820T160940Z-0ef360f6,m6_7-formal-20260820T160940Z-0ef360f6,S7_stress_campaign,stress_online-trial-024,24,0.25,1,0,1,0,1,0,0.25,1,1
track2_common3,S7,m6_7-formal-20260820T160940Z-0ef360f6,m6_7-formal-20260820T160940Z-0ef360f6,S7_stress_campaign,stress_online-trial-024,24,0.3,2,0,1,0,1,0,0.25,1,1
track2_common3,S7,m6_7-formal-20260820T160940Z-0ef360f6,m6_7-formal-20260820T160940Z-0ef360f6,S7_stress_campaign,stress_online-trial-024,24,0.35,3,0,1,0,1,0,0.25,1,1
track2_common3,S7,m6_7-formal-20260820T160940Z-0ef360f6,m6_7-formal-20260820T160940Z-0ef360f6,S7_stress_campaign,stress_online-trial-024,24,0.4,4,0,1,0,1,0,0.25,1,1
track2_common3,S7,m6_7-formal-20260820T160940Z-0ef360f6,m6_7-formal-20260820T160940Z-0ef360f6,S7_stress_campaign,stress_online-trial-024,24,0.5,5,0,1,0,1,0,0.25,1,1
track2_common3,S7,m6_7-formal-20260820T160940Z-0ef360f6,m6_7-formal-20260820T160940Z-0ef360f6,S7_stress_campaign,stress_online-trial-024,24,0.6,6,0,1,0,1,0,0.25,1,1
track2_common3,S7,m6_7-formal-20260820T160940Z-0ef360f6,m6_7-formal-20260820T160940Z-0ef360f6,S7_stress_campaign,stress_online-trial-024,24,0.8,7,0,1,0,1,0,0.25,1,1
track2_common3,S7,m6_7-formal-20260820T160940Z-0ef360f6,m6_7-formal-20260820T160940Z-0ef360f6,S7_stress_campaign,stress_online-trial-024,24,1.0,8,0,1,0,1,0,0.25,1,1
track2_common3,S7,m6_7-formal-20260820T160940Z-0ef360f6,m6_7-formal-20260820T160940Z-0ef360f6,S7_stress_campaign,stress_online-trial-025,25,0.2,0,1,0,1,0,1,0.4,1,1
track2_common3,S7,m6_7-formal-20260820T160940Z-0ef360f6,m6_7-formal-20260820T160940Z-0ef360f6,S7_stress_campaign,stress_online-trial-025,25,0.25,1,1,0,1,0,1,0.4,1,1
track2_common3,S7,m6_7-formal-20260820T160940Z-0ef360f6,m6_7-formal-20260820T160940Z-0ef360f6,S7_stress_campaign,stress_online-trial-025,25,0.3,2,1,0,1,0,1,0.4,1,1
track2_common3,S7,m6_7-formal-20260820T160940Z-0ef360f6,m6_7-formal-20260820T160940Z-0ef360f6,S7_stress_campaign,stress_online-trial-025,25,0.35,3,1,1,1,1,1,0.4,1,1
track2_common3,S7,m6_7-formal-20260820T160940Z-0ef360f6,m6_7-formal-20260820T160940Z-0ef360f6,S7_stress_campaign,stress_online-trial-025,25,0.4,4,1,1,1,1,1,0.4,1,1
track2_common3,S7,m6_7-formal-20260820T160940Z-0ef360f6,m6_7-formal-20260820T160940Z-0ef360f6,S7_stress_campaign,stress_online-trial-025,25,0.5,5,1,1,1,1,1,0.4,1,1
track2_common3,S7,m6_7-formal-20260820T160940Z-0ef360f6,m6_7-formal-20260820T160940Z-0ef360f6,S7_stress_campaign,stress_online-trial-025,25,0.6,6,1,1,1,1,1,0.4,1,1
track2_common3,S7,m6_7-formal-20260820T160940Z-0ef360f6,m6_7-formal-20260820T160940Z-0ef360f6,S7_stress_campaign,stress_online-trial-025,25,0.8,7,1,1,1,1,1,0.4,1,1
track2_common3,S7,m6_7-formal-20260820T160940Z-0ef360f6,m6_7-formal-20260820T160940Z-0ef360f6,S7_stress_campaign,stress_online-trial-025,25,1.0,8,1,1,1,1,1,0.4,1,1
track2_common3,S7,m6_7-formal-20260820T160940Z-0ef360f6,m6_7-formal-20260820T160940Z-0ef360f6,S7_stress_campaign,stress_online-trial-026,26,0.2,0,0,1,0,1,0,0.25,1,1
track2_common3,S7,m6_7-formal-20260820T160940Z-0ef360f6,m6_7-formal-20260820T160940Z-0ef360f6,S7_stress_campaign,stress_online-trial-026,26,0.25,1,0,1,0,1,0,0.25,1,1
track2_common3,S7,m6_7-formal-20260820T160940Z-0ef360f6,m6_7-formal-20260820T160940Z-0ef360f6,S7_stress_campaign,stress_online-trial-026,26,0.3,2,0,1,0,1,0,0.25,1,1
track2_common3,S7,m6_7-formal-20260820T160940Z-0ef360f6,m6_7-formal-20260820T160940Z-0ef360f6,S7_stress_campaign,stress_online-trial-026,26,0.35,3,0,1,0,1,0,0.25,1,1
track2_common3,S7,m6_7-formal-20260820T160940Z-0ef360f6,m6_7-formal-20260820T160940Z-0ef360f6,S7_stress_campaign,stress_online-trial-026,26,0.4,4,0,1,0,1,0,0.25,1,1
track2_common3,S7,m6_7-formal-20260820T160940Z-0ef360f6,m6_7-formal-20260820T160940Z-0ef360f6,S7_stress_campaign,stress_online-trial-026,26,0.5,5,0,1,0,1,0,0.25,1,1
track2_common3,S7,m6_7-formal-20260820T160940Z-0ef360f6,m6_7-formal-20260820T160940Z-0ef360f6,S7_stress_campaign,stress_online-trial-026,26,0.6,6,0,1,0,1,0,0.25,1,1
track2_common3,S7,m6_7-formal-20260820T160940Z-0ef360f6,m6_7-formal-20260820T160940Z-0ef360f6,S7_stress_campaign,stress_online-trial-026,26,0.8,7,0,1,0,1,0,0.25,1,1
track2_common3,S7,m6_7-formal-20260820T160940Z-0ef360f6,m6_7-formal-20260820T160940Z-0ef360f6,S7_stress_campaign,stress_online-trial-026,26,1.0,8,0,1,0,1,0,0.25,1,1
track2_common3,S7,m6_7-formal-20260820T160940Z-0ef360f6,m6_7-formal-20260820T160940Z-0ef360f6,S7_stress_campaign,stress_online-trial-027,27,0.2,0,1,1,1,1,1,0.25,1,1
track2_common3,S7,m6_7-formal-20260820T160940Z-0ef360f6,m6_7-formal-20260820T160940Z-0ef360f6,S7_stress_campaign,stress_online-trial-027,27,0.25,1,1,1,1,1,1,0.25,1,1
track2_common3,S7,m6_7-formal-20260820T160940Z-0ef360f6,m6_7-formal-20260820T160940Z-0ef360f6,S7_stress_campaign,stress_online-trial-027,27,0.3,2,1,1,1,1,1,0.25,1,1
track2_common3,S7,m6_7-formal-20260820T160940Z-0ef360f6,m6_7-formal-20260820T160940Z-0ef360f6,S7_stress_campaign,stress_online-trial-027,27,0.35,3,1,1,1,1,1,0.25,1,1
track2_common3,S7,m6_7-formal-20260820T160940Z-0ef360f6,m6_7-formal-20260820T160940Z-0ef360f6,S7_stress_campaign,stress_online-trial-027,27,0.4,4,1,1,1,1,1,0.25,1,1
track2_common3,S7,m6_7-formal-20260820T160940Z-0ef360f6,m6_7-formal-20260820T160940Z-0ef360f6,S7_stress_campaign,stress_online-trial-027,27,0.5,5,1,1,1,1,1,0.25,1,1
track2_common3,S7,m6_7-formal-20260820T160940Z-0ef360f6,m6_7-formal-20260820T160940Z-0ef360f6,S7_stress_campaign,stress_online-trial-027,27,0.6,6,1,1,1,1,1,0.25,1,1
track2_common3,S7,m6_7-formal-20260820T160940Z-0ef360f6,m6_7-formal-20260820T160940Z-0ef360f6,S7_stress_campaign,stress_online-trial-027,27,0.8,7,1,1,1,1,1,0.25,1,1
track2_common3,S7,m6_7-formal-20260820T160940Z-0ef360f6,m6_7-formal-20260820T160940Z-0ef360f6,S7_stress_campaign,stress_online-trial-027,27,1.0,8,1,1,1,1,1,0.25,1,1
track2_common3,S7,m6_7-formal-20260820T160940Z-0ef360f6,m6_7-formal-20260820T160940Z-0ef360f6,S7_stress_campaign,stress_online-trial-028,28,0.2,0,2,1,2,1,2,0.6,1,1
track2_common3,S7,m6_7-formal-20260820T160940Z-0ef360f6,m6_7-formal-20260820T160940Z-0ef360f6,S7_stress_campaign,stress_online-trial-028,28,0.25,1,2,0,2,0,2,0.6,1,1
track2_common3,S7,m6_7-formal-20260820T160940Z-0ef360f6,m6_7-formal-20260820T160940Z-0ef360f6,S7_stress_campaign,stress_online-trial-028,28,0.3,2,2,0,2,0,2,0.6,1,1
track2_common3,S7,m6_7-formal-20260820T160940Z-0ef360f6,m6_7-formal-20260820T160940Z-0ef360f6,S7_stress_campaign,stress_online-trial-028,28,0.35,3,2,1,2,1,2,0.6,1,1
track2_common3,S7,m6_7-formal-20260820T160940Z-0ef360f6,m6_7-formal-20260820T160940Z-0ef360f6,S7_stress_campaign,stress_online-trial-028,28,0.4,4,2,0,2,0,2,0.6,1,1
track2_common3,S7,m6_7-formal-20260820T160940Z-0ef360f6,m6_7-formal-20260820T160940Z-0ef360f6,S7_stress_campaign,stress_online-trial-028,28,0.5,5,2,1,2,1,2,0.6,1,1
track2_common3,S7,m6_7-formal-20260820T160940Z-0ef360f6,m6_7-formal-20260820T160940Z-0ef360f6,S7_stress_campaign,stress_online-trial-028,28,0.6,6,2,1,2,1,2,0.6,1,1
track2_common3,S7,m6_7-formal-20260820T160940Z-0ef360f6,m6_7-formal-20260820T160940Z-0ef360f6,S7_stress_campaign,stress_online-trial-028,28,0.8,7,2,1,2,1,2,0.6,1,1
track2_common3,S7,m6_7-formal-20260820T160940Z-0ef360f6,m6_7-formal-20260820T160940Z-0ef360f6,S7_stress_campaign,stress_online-trial-028,28,1.0,8,2,1,2,1,2,0.6,1,1
track2_common3,S7,m6_7-formal-20260820T160940Z-0ef360f6,m6_7-formal-20260820T160940Z-0ef360f6,S7_stress_campaign,stress_online-trial-029,29,0.2,0,1,1,1,1,1,0.3,1,1
track2_common3,S7,m6_7-formal-20260820T160940Z-0ef360f6,m6_7-formal-20260820T160940Z-0ef360f6,S7_stress_campaign,stress_online-trial-029,29,0.25,1,1,1,1,1,1,0.3,1,1
track2_common3,S7,m6_7-formal-20260820T160940Z-0ef360f6,m6_7-formal-20260820T160940Z-0ef360f6,S7_stress_campaign,stress_online-trial-029,29,0.3,2,1,1,1,1,1,0.3,1,1
track2_common3,S7,m6_7-formal-20260820T160940Z-0ef360f6,m6_7-formal-20260820T160940Z-0ef360f6,S7_stress_campaign,stress_online-trial-029,29,0.35,3,1,1,1,1,1,0.3,1,1
track2_common3,S7,m6_7-formal-20260820T160940Z-0ef360f6,m6_7-formal-20260820T160940Z-0ef360f6,S7_stress_campaign,stress_online-trial-029,29,0.4,4,1,1,1,1,1,0.3,1,1
track2_common3,S7,m6_7-formal-20260820T160940Z-0ef360f6,m6_7-formal-20260820T160940Z-0ef360f6,S7_stress_campaign,stress_online-trial-029,29,0.5,5,1,1,1,1,1,0.3,1,1
track2_common3,S7,m6_7-formal-20260820T160940Z-0ef360f6,m6_7-formal-20260820T160940Z-0ef360f6,S7_stress_campaign,stress_online-trial-029,29,0.6,6,1,1,1,1,1,0.3,1,1
track2_common3,S7,m6_7-formal-20260820T160940Z-0ef360f6,m6_7-formal-20260820T160940Z-0ef360f6,S7_stress_campaign,stress_online-trial-029,29,0.8,7,1,1,1,1,1,0.3,1,1
track2_common3,S7,m6_7-formal-20260820T160940Z-0ef360f6,m6_7-formal-20260820T160940Z-0ef360f6,S7_stress_campaign,stress_online-trial-029,29,1.0,8,1,1,1,1,1,0.3,1,1
track2_common3,S7,m6_7-formal-20260820T160940Z-0ef360f6,m6_7-formal-20260820T160940Z-0ef360f6,S7_stress_campaign,stress_online-trial-030,30,0.2,0,0,1,0,1,0,0.4,1,1
track2_common3,S7,m6_7-formal-20260820T160940Z-0ef360f6,m6_7-formal-20260820T160940Z-0ef360f6,S7_stress_campaign,stress_online-trial-030,30,0.25,1,0,1,0,1,0,0.4,1,1
track2_common3,S7,m6_7-formal-20260820T160940Z-0ef360f6,m6_7-formal-20260820T160940Z-0ef360f6,S7_stress_campaign,stress_online-trial-030,30,0.3,2,0,0,0,0,0,0.4,1,1
track2_common3,S7,m6_7-formal-20260820T160940Z-0ef360f6,m6_7-formal-20260820T160940Z-0ef360f6,S7_stress_campaign,stress_online-trial-030,30,0.35,3,0,1,0,1,0,0.4,1,1
track2_common3,S7,m6_7-formal-20260820T160940Z-0ef360f6,m6_7-formal-20260820T160940Z-0ef360f6,S7_stress_campaign,stress_online-trial-030,30,0.4,4,0,1,0,1,0,0.4,1,1
track2_common3,S7,m6_7-formal-20260820T160940Z-0ef360f6,m6_7-formal-20260820T160940Z-0ef360f6,S7_stress_campaign,stress_online-trial-030,30,0.5,5,0,1,0,1,0,0.4,1,1
track2_common3,S7,m6_7-formal-20260820T160940Z-0ef360f6,m6_7-formal-20260820T160940Z-0ef360f6,S7_stress_campaign,stress_online-trial-030,30,0.6,6,0,1,0,1,0,0.4,1,1
track2_common3,S7,m6_7-formal-20260820T160940Z-0ef360f6,m6_7-formal-20260820T160940Z-0ef360f6,S7_stress_campaign,stress_online-trial-030,30,0.8,7,0,1,0,1,0,0.4,1,1
track2_common3,S7,m6_7-formal-20260820T160940Z-0ef360f6,m6_7-formal-20260820T160940Z-0ef360f6,S7_stress_campaign,stress_online-trial-030,30,1.0,8,0,1,0,1,0,0.4,1,1
