session,trialId,operatingPoint,strength,strengthLabel,pairedBaselineStopSeconds,M23HelperStopSeconds,M23AuthorizedPointCount,M23ContextAppliedAtStop,M24StoredStopSeconds,M24StoredAuthorizedPointCount,M24ExactMatch
A,m6_1b-trial-001,FAST,0.5,0.50,0.9,0.9,0,False,0.9,0,True
A,m6_1b-trial-001,FAST,0.6,0.60,0.9,0.9,0,False,0.9,0,True
A,m6_1b-trial-001,FAST,0.7,0.70,0.9,0.9,5,False,0.9,5,True
A,m6_1b-trial-001,FAST,0.8,0.80,0.9,0.9,5,False,0.9,5,True
A,m6_1b-trial-001,FAST,0.9,0.90,0.9,0.9,5,False,0.9,5,True
A,m6_1b-trial-001,FAST,0.95,0.95,0.9,0.9,5,False,0.9,5,True
A,m6_1b-trial-001,FAST,0.98,0.98,0.9,0.9,5,False,0.9,5,True
A,m6_1b-trial-001,FAST,0.99,0.99,0.9,0.9,5,False,0.9,5,True
A,m6_1b-trial-001,FAST,1.0,1.00,0.9,0.9,5,False,0.9,5,True
A,m6_1b-trial-001,MEDIUM,0.5,0.50,1.1,1.1,0,False,1.1,0,True
A,m6_1b-trial-001,MEDIUM,0.6,0.60,1.1,1.1,0,False,1.1,0,True
A,m6_1b-trial-001,MEDIUM,0.7,0.70,1.1,0.9,5,True,0.9,5,True
A,m6_1b-trial-001,MEDIUM,0.8,0.80,1.1,0.9,5,True,0.9,5,True
A,m6_1b-trial-001,MEDIUM,0.9,0.90,1.1,0.9,5,True,0.9,5,True
A,m6_1b-trial-001,MEDIUM,0.95,0.95,1.1,0.9,5,True,0.9,5,True
A,m6_1b-trial-001,MEDIUM,0.98,0.98,1.1,0.9,5,True,0.9,5,True
A,m6_1b-trial-001,MEDIUM,0.99,0.99,1.1,0.9,5,True,0.9,5,True
A,m6_1b-trial-001,MEDIUM,1.0,1.00,1.1,0.9,5,True,0.9,5,True
A,m6_1b-trial-001,CONSERVATIVE,0.5,0.50,1.3,1.3,0,False,1.3,0,True
A,m6_1b-trial-001,CONSERVATIVE,0.6,0.60,1.3,1.3,0,False,1.3,0,True
A,m6_1b-trial-001,CONSERVATIVE,0.7,0.70,1.3,0.9,5,True,0.9,5,True
A,m6_1b-trial-001,CONSERVATIVE,0.8,0.80,1.3,0.9,5,True,0.9,5,True
A,m6_1b-trial-001,CONSERVATIVE,0.9,0.90,1.3,0.9,5,True,0.9,5,True
A,m6_1b-trial-001,CONSERVATIVE,0.95,0.95,1.3,0.9,5,True,0.9,5,True
A,m6_1b-trial-001,CONSERVATIVE,0.98,0.98,1.3,0.9,5,True,0.9,5,True
A,m6_1b-trial-001,CONSERVATIVE,0.99,0.99,1.3,0.9,5,True,0.9,5,True
A,m6_1b-trial-001,CONSERVATIVE,1.0,1.00,1.3,0.9,5,True,0.9,5,True
A,m6_1b-trial-002,FAST,0.5,0.50,1.2,1.2,0,False,1.2,0,True
A,m6_1b-trial-002,FAST,0.6,0.60,1.2,1.2,0,False,1.2,0,True
A,m6_1b-trial-002,FAST,0.7,0.70,1.2,0.9,5,True,0.9,5,True
A,m6_1b-trial-002,FAST,0.8,0.80,1.2,0.9,5,True,0.9,5,True
A,m6_1b-trial-002,FAST,0.9,0.90,1.2,0.9,5,True,0.9,5,True
A,m6_1b-trial-002,FAST,0.95,0.95,1.2,0.9,5,True,0.9,5,True
A,m6_1b-trial-002,FAST,0.98,0.98,1.2,0.9,5,True,0.9,5,True
A,m6_1b-trial-002,FAST,0.99,0.99,1.2,0.9,5,True,0.9,5,True
A,m6_1b-trial-002,FAST,1.0,1.00,1.2,0.9,5,True,0.9,5,True
A,m6_1b-trial-002,MEDIUM,0.5,0.50,1.2,1.2,0,False,1.2,0,True
A,m6_1b-trial-002,MEDIUM,0.6,0.60,1.2,1.2,0,False,1.2,0,True
A,m6_1b-trial-002,MEDIUM,0.7,0.70,1.2,0.9,5,True,0.9,5,True
A,m6_1b-trial-002,MEDIUM,0.8,0.80,1.2,0.9,5,True,0.9,5,True
A,m6_1b-trial-002,MEDIUM,0.9,0.90,1.2,0.9,5,True,0.9,5,True
A,m6_1b-trial-002,MEDIUM,0.95,0.95,1.2,0.9,5,True,0.9,5,True
A,m6_1b-trial-002,MEDIUM,0.98,0.98,1.2,0.9,5,True,0.9,5,True
A,m6_1b-trial-002,MEDIUM,0.99,0.99,1.2,0.9,5,True,0.9,5,True
A,m6_1b-trial-002,MEDIUM,1.0,1.00,1.2,0.9,5,True,0.9,5,True
A,m6_1b-trial-002,CONSERVATIVE,0.5,0.50,1.6,1.6,0,False,1.6,0,True
A,m6_1b-trial-002,CONSERVATIVE,0.6,0.60,1.6,1.6,0,False,1.6,0,True
A,m6_1b-trial-002,CONSERVATIVE,0.7,0.70,1.6,0.9,5,True,0.9,5,True
A,m6_1b-trial-002,CONSERVATIVE,0.8,0.80,1.6,0.9,5,True,0.9,5,True
A,m6_1b-trial-002,CONSERVATIVE,0.9,0.90,1.6,0.9,5,True,0.9,5,True
A,m6_1b-trial-002,CONSERVATIVE,0.95,0.95,1.6,0.9,5,True,0.9,5,True
A,m6_1b-trial-002,CONSERVATIVE,0.98,0.98,1.6,0.9,5,True,0.9,5,True
A,m6_1b-trial-002,CONSERVATIVE,0.99,0.99,1.6,0.9,5,True,0.9,5,True
A,m6_1b-trial-002,CONSERVATIVE,1.0,1.00,1.6,0.9,5,True,0.9,5,True
A,m6_1b-trial-003,FAST,0.5,0.50,1.4,1.4,0,False,1.4,0,True
A,m6_1b-trial-003,FAST,0.6,0.60,1.4,1.4,0,False,1.4,0,True
A,m6_1b-trial-003,FAST,0.7,0.70,1.4,1.2,6,True,1.2,6,True
A,m6_1b-trial-003,FAST,0.8,0.80,1.4,1.2,6,True,1.2,6,True
A,m6_1b-trial-003,FAST,0.9,0.90,1.4,1.2,6,True,1.2,6,True
A,m6_1b-trial-003,FAST,0.95,0.95,1.4,1.2,6,True,1.2,6,True
A,m6_1b-trial-003,FAST,0.98,0.98,1.4,1.2,6,True,1.2,6,True
A,m6_1b-trial-003,FAST,0.99,0.99,1.4,1.2,6,True,1.2,6,True
A,m6_1b-trial-003,FAST,1.0,1.00,1.4,1.2,6,True,1.2,6,True
A,m6_1b-trial-003,MEDIUM,0.5,0.50,1.6,1.6,0,False,1.6,0,True
A,m6_1b-trial-003,MEDIUM,0.6,0.60,1.6,1.6,0,False,1.6,0,True
A,m6_1b-trial-003,MEDIUM,0.7,0.70,1.6,1.2,6,True,1.2,6,True
A,m6_1b-trial-003,MEDIUM,0.8,0.80,1.6,1.2,6,True,1.2,6,True
A,m6_1b-trial-003,MEDIUM,0.9,0.90,1.6,1.2,6,True,1.2,6,True
A,m6_1b-trial-003,MEDIUM,0.95,0.95,1.6,1.2,6,True,1.2,6,True
A,m6_1b-trial-003,MEDIUM,0.98,0.98,1.6,1.2,6,True,1.2,6,True
A,m6_1b-trial-003,MEDIUM,0.99,0.99,1.6,1.2,6,True,1.2,6,True
A,m6_1b-trial-003,MEDIUM,1.0,1.00,1.6,1.2,6,True,1.2,6,True
A,m6_1b-trial-003,CONSERVATIVE,0.5,0.50,1.9,1.9,0,False,1.9,0,True
A,m6_1b-trial-003,CONSERVATIVE,0.6,0.60,1.9,1.9,0,False,1.9,0,True
A,m6_1b-trial-003,CONSERVATIVE,0.7,0.70,1.9,1.2,6,True,1.2,6,True
A,m6_1b-trial-003,CONSERVATIVE,0.8,0.80,1.9,1.2,6,True,1.2,6,True
A,m6_1b-trial-003,CONSERVATIVE,0.9,0.90,1.9,1.2,6,True,1.2,6,True
A,m6_1b-trial-003,CONSERVATIVE,0.95,0.95,1.9,1.2,6,True,1.2,6,True
A,m6_1b-trial-003,CONSERVATIVE,0.98,0.98,1.9,1.2,6,True,1.2,6,True
A,m6_1b-trial-003,CONSERVATIVE,0.99,0.99,1.9,1.2,6,True,1.2,6,True
A,m6_1b-trial-003,CONSERVATIVE,1.0,1.00,1.9,1.2,6,True,1.2,6,True
A,m6_1b-trial-004,FAST,0.5,0.50,0.9,0.9,0,False,0.9,0,True
A,m6_1b-trial-004,FAST,0.6,0.60,0.9,0.9,0,False,0.9,0,True
A,m6_1b-trial-004,FAST,0.7,0.70,0.9,0.9,5,False,0.9,5,True
A,m6_1b-trial-004,FAST,0.8,0.80,0.9,0.9,5,False,0.9,5,True
A,m6_1b-trial-004,FAST,0.9,0.90,0.9,0.9,5,False,0.9,5,True
A,m6_1b-trial-004,FAST,0.95,0.95,0.9,0.9,5,False,0.9,5,True
A,m6_1b-trial-004,FAST,0.98,0.98,0.9,0.9,5,False,0.9,5,True
A,m6_1b-trial-004,FAST,0.99,0.99,0.9,0.9,5,False,0.9,5,True
A,m6_1b-trial-004,FAST,1.0,1.00,0.9,0.9,5,False,0.9,5,True
A,m6_1b-trial-004,MEDIUM,0.5,0.50,1.1,1.1,0,False,1.1,0,True
A,m6_1b-trial-004,MEDIUM,0.6,0.60,1.1,1.1,0,False,1.1,0,True
A,m6_1b-trial-004,MEDIUM,0.7,0.70,1.1,0.9,5,True,0.9,5,True
A,m6_1b-trial-004,MEDIUM,0.8,0.80,1.1,0.9,5,True,0.9,5,True
A,m6_1b-trial-004,MEDIUM,0.9,0.90,1.1,0.9,5,True,0.9,5,True
A,m6_1b-trial-004,MEDIUM,0.95,0.95,1.1,0.9,5,True,0.9,5,True
A,m6_1b-trial-004,MEDIUM,0.98,0.98,1.1,0.9,5,True,0.9,5,True
A,m6_1b-trial-004,MEDIUM,0.99,0.99,1.1,0.9,5,True,0.9,5,True
A,m6_1b-trial-004,MEDIUM,1.0,1.00,1.1,0.9,5,True,0.9,5,True
A,m6_1b-trial-004,CONSERVATIVE,0.5,0.50,1.9,1.9,0,False,1.9,0,True
A,m6_1b-trial-004,CONSERVATIVE,0.6,0.60,1.9,1.9,0,False,1.9,0,True
A,m6_1b-trial-004,CONSERVATIVE,0.7,0.70,1.9,0.9,5,True,0.9,5,True
A,m6_1b-trial-004,CONSERVATIVE,0.8,0.80,1.9,0.9,5,True,0.9,5,True
A,m6_1b-trial-004,CONSERVATIVE,0.9,0.90,1.9,0.9,5,True,0.9,5,True
A,m6_1b-trial-004,CONSERVATIVE,0.95,0.95,1.9,0.9,5,True,0.9,5,True
A,m6_1b-trial-004,CONSERVATIVE,0.98,0.98,1.9,0.9,5,True,0.9,5,True
A,m6_1b-trial-004,CONSERVATIVE,0.99,0.99,1.9,0.9,5,True,0.9,5,True
A,m6_1b-trial-004,CONSERVATIVE,1.0,1.00,1.9,0.9,5,True,0.9,5,True
A,m6_1b-trial-005,FAST,0.5,0.50,1.0,1.0,0,False,1.0,0,True
A,m6_1b-trial-005,FAST,0.6,0.60,1.0,1.0,0,False,1.0,0,True
A,m6_1b-trial-005,FAST,0.7,0.70,1.0,0.9,5,True,0.9,5,True
A,m6_1b-trial-005,FAST,0.8,0.80,1.0,0.9,5,True,0.9,5,True
A,m6_1b-trial-005,FAST,0.9,0.90,1.0,0.9,5,True,0.9,5,True
A,m6_1b-trial-005,FAST,0.95,0.95,1.0,0.9,5,True,0.9,5,True
A,m6_1b-trial-005,FAST,0.98,0.98,1.0,0.9,5,True,0.9,5,True
A,m6_1b-trial-005,FAST,0.99,0.99,1.0,0.9,5,True,0.9,5,True
A,m6_1b-trial-005,FAST,1.0,1.00,1.0,0.9,5,True,0.9,5,True
A,m6_1b-trial-005,MEDIUM,0.5,0.50,1.2,1.2,0,False,1.2,0,True
A,m6_1b-trial-005,MEDIUM,0.6,0.60,1.2,1.2,0,False,1.2,0,True
A,m6_1b-trial-005,MEDIUM,0.7,0.70,1.2,0.9,5,True,0.9,5,True
A,m6_1b-trial-005,MEDIUM,0.8,0.80,1.2,0.9,5,True,0.9,5,True
A,m6_1b-trial-005,MEDIUM,0.9,0.90,1.2,0.9,5,True,0.9,5,True
A,m6_1b-trial-005,MEDIUM,0.95,0.95,1.2,0.9,5,True,0.9,5,True
A,m6_1b-trial-005,MEDIUM,0.98,0.98,1.2,0.9,5,True,0.9,5,True
A,m6_1b-trial-005,MEDIUM,0.99,0.99,1.2,0.9,5,True,0.9,5,True
A,m6_1b-trial-005,MEDIUM,1.0,1.00,1.2,0.9,5,True,0.9,5,True
A,m6_1b-trial-005,CONSERVATIVE,0.5,0.50,1.4,1.4,0,False,1.4,0,True
A,m6_1b-trial-005,CONSERVATIVE,0.6,0.60,1.4,1.4,0,False,1.4,0,True
A,m6_1b-trial-005,CONSERVATIVE,0.7,0.70,1.4,0.9,5,True,0.9,5,True
A,m6_1b-trial-005,CONSERVATIVE,0.8,0.80,1.4,0.9,5,True,0.9,5,True
A,m6_1b-trial-005,CONSERVATIVE,0.9,0.90,1.4,0.9,5,True,0.9,5,True
A,m6_1b-trial-005,CONSERVATIVE,0.95,0.95,1.4,0.9,5,True,0.9,5,True
A,m6_1b-trial-005,CONSERVATIVE,0.98,0.98,1.4,0.9,5,True,0.9,5,True
A,m6_1b-trial-005,CONSERVATIVE,0.99,0.99,1.4,0.9,5,True,0.9,5,True
A,m6_1b-trial-005,CONSERVATIVE,1.0,1.00,1.4,0.9,5,True,0.9,5,True
A,m6_1b-trial-006,FAST,0.5,0.50,1.3,1.3,0,False,1.3,0,True
A,m6_1b-trial-006,FAST,0.6,0.60,1.3,1.3,0,False,1.3,0,True
A,m6_1b-trial-006,FAST,0.7,0.70,1.3,1.0,5,True,1.0,5,True
A,m6_1b-trial-006,FAST,0.8,0.80,1.3,1.0,5,True,1.0,5,True
A,m6_1b-trial-006,FAST,0.9,0.90,1.3,1.0,5,True,1.0,5,True
A,m6_1b-trial-006,FAST,0.95,0.95,1.3,1.0,5,True,1.0,5,True
A,m6_1b-trial-006,FAST,0.98,0.98,1.3,1.0,5,True,1.0,5,True
A,m6_1b-trial-006,FAST,0.99,0.99,1.3,1.0,5,True,1.0,5,True
A,m6_1b-trial-006,FAST,1.0,1.00,1.3,1.0,5,True,1.0,5,True
A,m6_1b-trial-006,MEDIUM,0.5,0.50,1.9,1.9,0,False,1.9,0,True
A,m6_1b-trial-006,MEDIUM,0.6,0.60,1.9,1.9,0,False,1.9,0,True
A,m6_1b-trial-006,MEDIUM,0.7,0.70,1.9,1.0,5,True,1.0,5,True
A,m6_1b-trial-006,MEDIUM,0.8,0.80,1.9,1.0,5,True,1.0,5,True
A,m6_1b-trial-006,MEDIUM,0.9,0.90,1.9,1.0,5,True,1.0,5,True
A,m6_1b-trial-006,MEDIUM,0.95,0.95,1.9,1.0,5,True,1.0,5,True
A,m6_1b-trial-006,MEDIUM,0.98,0.98,1.9,1.0,5,True,1.0,5,True
A,m6_1b-trial-006,MEDIUM,0.99,0.99,1.9,1.0,5,True,1.0,5,True
A,m6_1b-trial-006,MEDIUM,1.0,1.00,1.9,1.0,5,True,1.0,5,True
A,m6_1b-trial-006,CONSERVATIVE,0.5,0.50,1.9,1.9,0,False,1.9,0,True
A,m6_1b-trial-006,CONSERVATIVE,0.6,0.60,1.9,1.9,0,False,1.9,0,True
A,m6_1b-trial-006,CONSERVATIVE,0.7,0.70,1.9,1.0,5,True,1.0,5,True
A,m6_1b-trial-006,CONSERVATIVE,0.8,0.80,1.9,1.0,5,True,1.0,5,True
A,m6_1b-trial-006,CONSERVATIVE,0.9,0.90,1.9,1.0,5,True,1.0,5,True
A,m6_1b-trial-006,CONSERVATIVE,0.95,0.95,1.9,1.0,5,True,1.0,5,True
A,m6_1b-trial-006,CONSERVATIVE,0.98,0.98,1.9,1.0,5,True,1.0,5,True
A,m6_1b-trial-006,CONSERVATIVE,0.99,0.99,1.9,1.0,5,True,1.0,5,True
A,m6_1b-trial-006,CONSERVATIVE,1.0,1.00,1.9,1.0,5,True,1.0,5,True
A,m6_1b-trial-007,FAST,0.5,0.50,1.2,1.2,0,False,1.2,0,True
A,m6_1b-trial-007,FAST,0.6,0.60,1.2,1.2,0,False,1.2,0,True
A,m6_1b-trial-007,FAST,0.7,0.70,1.2,0.9,5,True,0.9,5,True
A,m6_1b-trial-007,FAST,0.8,0.80,1.2,0.9,5,True,0.9,5,True
A,m6_1b-trial-007,FAST,0.9,0.90,1.2,0.9,5,True,0.9,5,True
A,m6_1b-trial-007,FAST,0.95,0.95,1.2,0.9,5,True,0.9,5,True
A,m6_1b-trial-007,FAST,0.98,0.98,1.2,0.9,5,True,0.9,5,True
A,m6_1b-trial-007,FAST,0.99,0.99,1.2,0.9,5,True,0.9,5,True
A,m6_1b-trial-007,FAST,1.0,1.00,1.2,0.9,5,True,0.9,5,True
A,m6_1b-trial-007,MEDIUM,0.5,0.50,1.3,1.3,0,False,1.3,0,True
A,m6_1b-trial-007,MEDIUM,0.6,0.60,1.3,1.3,0,False,1.3,0,True
A,m6_1b-trial-007,MEDIUM,0.7,0.70,1.3,0.9,5,True,0.9,5,True
A,m6_1b-trial-007,MEDIUM,0.8,0.80,1.3,0.9,5,True,0.9,5,True
A,m6_1b-trial-007,MEDIUM,0.9,0.90,1.3,0.9,5,True,0.9,5,True
A,m6_1b-trial-007,MEDIUM,0.95,0.95,1.3,0.9,5,True,0.9,5,True
A,m6_1b-trial-007,MEDIUM,0.98,0.98,1.3,0.9,5,True,0.9,5,True
A,m6_1b-trial-007,MEDIUM,0.99,0.99,1.3,0.9,5,True,0.9,5,True
A,m6_1b-trial-007,MEDIUM,1.0,1.00,1.3,0.9,5,True,0.9,5,True
A,m6_1b-trial-007,CONSERVATIVE,0.5,0.50,1.9,1.9,0,False,1.9,0,True
A,m6_1b-trial-007,CONSERVATIVE,0.6,0.60,1.9,1.9,0,False,1.9,0,True
A,m6_1b-trial-007,CONSERVATIVE,0.7,0.70,1.9,0.9,5,True,0.9,5,True
A,m6_1b-trial-007,CONSERVATIVE,0.8,0.80,1.9,0.9,5,True,0.9,5,True
A,m6_1b-trial-007,CONSERVATIVE,0.9,0.90,1.9,0.9,5,True,0.9,5,True
A,m6_1b-trial-007,CONSERVATIVE,0.95,0.95,1.9,0.9,5,True,0.9,5,True
A,m6_1b-trial-007,CONSERVATIVE,0.98,0.98,1.9,0.9,5,True,0.9,5,True
A,m6_1b-trial-007,CONSERVATIVE,0.99,0.99,1.9,0.9,5,True,0.9,5,True
A,m6_1b-trial-007,CONSERVATIVE,1.0,1.00,1.9,0.9,5,True,0.9,5,True
A,m6_1b-trial-008,FAST,0.5,0.50,1.9,1.9,0,False,1.9,0,True
A,m6_1b-trial-008,FAST,0.6,0.60,1.9,1.9,0,False,1.9,0,True
A,m6_1b-trial-008,FAST,0.7,0.70,1.9,0.9,5,True,0.9,5,True
A,m6_1b-trial-008,FAST,0.8,0.80,1.9,0.9,5,True,0.9,5,True
A,m6_1b-trial-008,FAST,0.9,0.90,1.9,0.9,5,True,0.9,5,True
A,m6_1b-trial-008,FAST,0.95,0.95,1.9,0.9,5,True,0.9,5,True
A,m6_1b-trial-008,FAST,0.98,0.98,1.9,0.9,5,True,0.9,5,True
A,m6_1b-trial-008,FAST,0.99,0.99,1.9,0.9,5,True,0.9,5,True
A,m6_1b-trial-008,FAST,1.0,1.00,1.9,0.9,5,True,0.9,5,True
A,m6_1b-trial-008,MEDIUM,0.5,0.50,1.9,1.9,0,False,1.9,0,True
A,m6_1b-trial-008,MEDIUM,0.6,0.60,1.9,1.9,0,False,1.9,0,True
A,m6_1b-trial-008,MEDIUM,0.7,0.70,1.9,0.9,5,True,0.9,5,True
A,m6_1b-trial-008,MEDIUM,0.8,0.80,1.9,0.9,5,True,0.9,5,True
A,m6_1b-trial-008,MEDIUM,0.9,0.90,1.9,0.9,5,True,0.9,5,True
A,m6_1b-trial-008,MEDIUM,0.95,0.95,1.9,0.9,5,True,0.9,5,True
A,m6_1b-trial-008,MEDIUM,0.98,0.98,1.9,0.9,5,True,0.9,5,True
A,m6_1b-trial-008,MEDIUM,0.99,0.99,1.9,0.9,5,True,0.9,5,True
A,m6_1b-trial-008,MEDIUM,1.0,1.00,1.9,0.9,5,True,0.9,5,True
A,m6_1b-trial-008,CONSERVATIVE,0.5,0.50,1.9,1.9,0,False,1.9,0,True
A,m6_1b-trial-008,CONSERVATIVE,0.6,0.60,1.9,1.9,0,False,1.9,0,True
A,m6_1b-trial-008,CONSERVATIVE,0.7,0.70,1.9,0.9,5,True,0.9,5,True
A,m6_1b-trial-008,CONSERVATIVE,0.8,0.80,1.9,0.9,5,True,0.9,5,True
A,m6_1b-trial-008,CONSERVATIVE,0.9,0.90,1.9,0.9,5,True,0.9,5,True
A,m6_1b-trial-008,CONSERVATIVE,0.95,0.95,1.9,0.9,5,True,0.9,5,True
A,m6_1b-trial-008,CONSERVATIVE,0.98,0.98,1.9,0.9,5,True,0.9,5,True
A,m6_1b-trial-008,CONSERVATIVE,0.99,0.99,1.9,0.9,5,True,0.9,5,True
A,m6_1b-trial-008,CONSERVATIVE,1.0,1.00,1.9,0.9,5,True,0.9,5,True
A,m6_1b-trial-009,FAST,0.5,0.50,1.2,1.2,0,False,1.2,0,True
A,m6_1b-trial-009,FAST,0.6,0.60,1.2,1.2,0,False,1.2,0,True
A,m6_1b-trial-009,FAST,0.7,0.70,1.2,1.1,5,True,1.1,5,True
A,m6_1b-trial-009,FAST,0.8,0.80,1.2,1.1,5,True,1.1,5,True
A,m6_1b-trial-009,FAST,0.9,0.90,1.2,1.1,5,True,1.1,5,True
A,m6_1b-trial-009,FAST,0.95,0.95,1.2,1.1,5,True,1.1,5,True
A,m6_1b-trial-009,FAST,0.98,0.98,1.2,1.1,5,True,1.1,5,True
A,m6_1b-trial-009,FAST,0.99,0.99,1.2,1.1,5,True,1.1,5,True
A,m6_1b-trial-009,FAST,1.0,1.00,1.2,1.1,5,True,1.1,5,True
A,m6_1b-trial-009,MEDIUM,0.5,0.50,1.2,1.2,0,False,1.2,0,True
A,m6_1b-trial-009,MEDIUM,0.6,0.60,1.2,1.2,0,False,1.2,0,True
A,m6_1b-trial-009,MEDIUM,0.7,0.70,1.2,1.1,5,True,1.1,5,True
A,m6_1b-trial-009,MEDIUM,0.8,0.80,1.2,1.1,5,True,1.1,5,True
A,m6_1b-trial-009,MEDIUM,0.9,0.90,1.2,1.1,5,True,1.1,5,True
A,m6_1b-trial-009,MEDIUM,0.95,0.95,1.2,1.1,5,True,1.1,5,True
A,m6_1b-trial-009,MEDIUM,0.98,0.98,1.2,1.1,5,True,1.1,5,True
A,m6_1b-trial-009,MEDIUM,0.99,0.99,1.2,1.1,5,True,1.1,5,True
A,m6_1b-trial-009,MEDIUM,1.0,1.00,1.2,1.1,5,True,1.1,5,True
A,m6_1b-trial-009,CONSERVATIVE,0.5,0.50,1.3,1.3,0,False,1.3,0,True
A,m6_1b-trial-009,CONSERVATIVE,0.6,0.60,1.3,1.3,0,False,1.3,0,True
A,m6_1b-trial-009,CONSERVATIVE,0.7,0.70,1.3,1.1,5,True,1.1,5,True
A,m6_1b-trial-009,CONSERVATIVE,0.8,0.80,1.3,1.1,5,True,1.1,5,True
A,m6_1b-trial-009,CONSERVATIVE,0.9,0.90,1.3,1.1,5,True,1.1,5,True
A,m6_1b-trial-009,CONSERVATIVE,0.95,0.95,1.3,1.1,5,True,1.1,5,True
A,m6_1b-trial-009,CONSERVATIVE,0.98,0.98,1.3,1.1,5,True,1.1,5,True
A,m6_1b-trial-009,CONSERVATIVE,0.99,0.99,1.3,1.1,5,True,1.1,5,True
A,m6_1b-trial-009,CONSERVATIVE,1.0,1.00,1.3,1.1,5,True,1.1,5,True
A,m6_1b-trial-010,FAST,0.5,0.50,1.1,1.1,0,False,1.1,0,True
A,m6_1b-trial-010,FAST,0.6,0.60,1.1,1.1,0,False,1.1,0,True
A,m6_1b-trial-010,FAST,0.7,0.70,1.1,0.9,5,True,0.9,5,True
A,m6_1b-trial-010,FAST,0.8,0.80,1.1,0.9,5,True,0.9,5,True
A,m6_1b-trial-010,FAST,0.9,0.90,1.1,0.9,5,True,0.9,5,True
A,m6_1b-trial-010,FAST,0.95,0.95,1.1,0.9,5,True,0.9,5,True
A,m6_1b-trial-010,FAST,0.98,0.98,1.1,0.9,5,True,0.9,5,True
A,m6_1b-trial-010,FAST,0.99,0.99,1.1,0.9,5,True,0.9,5,True
A,m6_1b-trial-010,FAST,1.0,1.00,1.1,0.9,5,True,0.9,5,True
A,m6_1b-trial-010,MEDIUM,0.5,0.50,1.1,1.1,0,False,1.1,0,True
A,m6_1b-trial-010,MEDIUM,0.6,0.60,1.1,1.1,0,False,1.1,0,True
A,m6_1b-trial-010,MEDIUM,0.7,0.70,1.1,0.9,5,True,0.9,5,True
A,m6_1b-trial-010,MEDIUM,0.8,0.80,1.1,0.9,5,True,0.9,5,True
A,m6_1b-trial-010,MEDIUM,0.9,0.90,1.1,0.9,5,True,0.9,5,True
A,m6_1b-trial-010,MEDIUM,0.95,0.95,1.1,0.9,5,True,0.9,5,True
A,m6_1b-trial-010,MEDIUM,0.98,0.98,1.1,0.9,5,True,0.9,5,True
A,m6_1b-trial-010,MEDIUM,0.99,0.99,1.1,0.9,5,True,0.9,5,True
A,m6_1b-trial-010,MEDIUM,1.0,1.00,1.1,0.9,5,True,0.9,5,True
A,m6_1b-trial-010,CONSERVATIVE,0.5,0.50,1.5,1.5,0,False,1.5,0,True
A,m6_1b-trial-010,CONSERVATIVE,0.6,0.60,1.5,1.5,0,False,1.5,0,True
A,m6_1b-trial-010,CONSERVATIVE,0.7,0.70,1.5,0.9,5,True,0.9,5,True
A,m6_1b-trial-010,CONSERVATIVE,0.8,0.80,1.5,0.9,5,True,0.9,5,True
A,m6_1b-trial-010,CONSERVATIVE,0.9,0.90,1.5,0.9,5,True,0.9,5,True
A,m6_1b-trial-010,CONSERVATIVE,0.95,0.95,1.5,0.9,5,True,0.9,5,True
A,m6_1b-trial-010,CONSERVATIVE,0.98,0.98,1.5,0.9,5,True,0.9,5,True
A,m6_1b-trial-010,CONSERVATIVE,0.99,0.99,1.5,0.9,5,True,0.9,5,True
A,m6_1b-trial-010,CONSERVATIVE,1.0,1.00,1.5,0.9,5,True,0.9,5,True
A,m6_1b-trial-011,FAST,0.5,0.50,1.9,1.9,0,False,1.9,0,True
A,m6_1b-trial-011,FAST,0.6,0.60,1.9,1.9,0,False,1.9,0,True
A,m6_1b-trial-011,FAST,0.7,0.70,1.9,1.3,5,True,1.3,5,True
A,m6_1b-trial-011,FAST,0.8,0.80,1.9,1.3,5,True,1.3,5,True
A,m6_1b-trial-011,FAST,0.9,0.90,1.9,1.3,5,True,1.3,5,True
A,m6_1b-trial-011,FAST,0.95,0.95,1.9,1.3,5,True,1.3,5,True
A,m6_1b-trial-011,FAST,0.98,0.98,1.9,1.3,5,True,1.3,5,True
A,m6_1b-trial-011,FAST,0.99,0.99,1.9,1.3,5,True,1.3,5,True
A,m6_1b-trial-011,FAST,1.0,1.00,1.9,1.3,5,True,1.3,5,True
A,m6_1b-trial-011,MEDIUM,0.5,0.50,1.9,1.9,0,False,1.9,0,True
A,m6_1b-trial-011,MEDIUM,0.6,0.60,1.9,1.9,0,False,1.9,0,True
A,m6_1b-trial-011,MEDIUM,0.7,0.70,1.9,1.3,5,True,1.3,5,True
A,m6_1b-trial-011,MEDIUM,0.8,0.80,1.9,1.3,5,True,1.3,5,True
A,m6_1b-trial-011,MEDIUM,0.9,0.90,1.9,1.3,5,True,1.3,5,True
A,m6_1b-trial-011,MEDIUM,0.95,0.95,1.9,1.3,5,True,1.3,5,True
A,m6_1b-trial-011,MEDIUM,0.98,0.98,1.9,1.3,5,True,1.3,5,True
A,m6_1b-trial-011,MEDIUM,0.99,0.99,1.9,1.3,5,True,1.3,5,True
A,m6_1b-trial-011,MEDIUM,1.0,1.00,1.9,1.3,5,True,1.3,5,True
A,m6_1b-trial-011,CONSERVATIVE,0.5,0.50,1.9,1.9,0,False,1.9,0,True
A,m6_1b-trial-011,CONSERVATIVE,0.6,0.60,1.9,1.9,0,False,1.9,0,True
A,m6_1b-trial-011,CONSERVATIVE,0.7,0.70,1.9,1.3,5,True,1.3,5,True
A,m6_1b-trial-011,CONSERVATIVE,0.8,0.80,1.9,1.3,5,True,1.3,5,True
A,m6_1b-trial-011,CONSERVATIVE,0.9,0.90,1.9,1.3,5,True,1.3,5,True
A,m6_1b-trial-011,CONSERVATIVE,0.95,0.95,1.9,1.3,5,True,1.3,5,True
A,m6_1b-trial-011,CONSERVATIVE,0.98,0.98,1.9,1.3,5,True,1.3,5,True
A,m6_1b-trial-011,CONSERVATIVE,0.99,0.99,1.9,1.3,5,True,1.3,5,True
A,m6_1b-trial-011,CONSERVATIVE,1.0,1.00,1.9,1.3,5,True,1.3,5,True
A,m6_1b-trial-012,FAST,0.5,0.50,1.2,1.2,0,False,1.2,0,True
A,m6_1b-trial-012,FAST,0.6,0.60,1.2,1.2,0,False,1.2,0,True
A,m6_1b-trial-012,FAST,0.7,0.70,1.2,0.9,5,True,0.9,5,True
A,m6_1b-trial-012,FAST,0.8,0.80,1.2,0.9,5,True,0.9,5,True
A,m6_1b-trial-012,FAST,0.9,0.90,1.2,0.9,5,True,0.9,5,True
A,m6_1b-trial-012,FAST,0.95,0.95,1.2,0.9,5,True,0.9,5,True
A,m6_1b-trial-012,FAST,0.98,0.98,1.2,0.9,5,True,0.9,5,True
A,m6_1b-trial-012,FAST,0.99,0.99,1.2,0.9,5,True,0.9,5,True
A,m6_1b-trial-012,FAST,1.0,1.00,1.2,0.9,5,True,0.9,5,True
A,m6_1b-trial-012,MEDIUM,0.5,0.50,1.4,1.4,0,False,1.4,0,True
A,m6_1b-trial-012,MEDIUM,0.6,0.60,1.4,1.4,0,False,1.4,0,True
A,m6_1b-trial-012,MEDIUM,0.7,0.70,1.4,0.9,5,True,0.9,5,True
A,m6_1b-trial-012,MEDIUM,0.8,0.80,1.4,0.9,5,True,0.9,5,True
A,m6_1b-trial-012,MEDIUM,0.9,0.90,1.4,0.9,5,True,0.9,5,True
A,m6_1b-trial-012,MEDIUM,0.95,0.95,1.4,0.9,5,True,0.9,5,True
A,m6_1b-trial-012,MEDIUM,0.98,0.98,1.4,0.9,5,True,0.9,5,True
A,m6_1b-trial-012,MEDIUM,0.99,0.99,1.4,0.9,5,True,0.9,5,True
A,m6_1b-trial-012,MEDIUM,1.0,1.00,1.4,0.9,5,True,0.9,5,True
A,m6_1b-trial-012,CONSERVATIVE,0.5,0.50,1.7,1.7,0,False,1.7,0,True
A,m6_1b-trial-012,CONSERVATIVE,0.6,0.60,1.7,1.7,0,False,1.7,0,True
A,m6_1b-trial-012,CONSERVATIVE,0.7,0.70,1.7,0.9,5,True,0.9,5,True
A,m6_1b-trial-012,CONSERVATIVE,0.8,0.80,1.7,0.9,5,True,0.9,5,True
A,m6_1b-trial-012,CONSERVATIVE,0.9,0.90,1.7,0.9,5,True,0.9,5,True
A,m6_1b-trial-012,CONSERVATIVE,0.95,0.95,1.7,0.9,5,True,0.9,5,True
A,m6_1b-trial-012,CONSERVATIVE,0.98,0.98,1.7,0.9,5,True,0.9,5,True
A,m6_1b-trial-012,CONSERVATIVE,0.99,0.99,1.7,0.9,5,True,0.9,5,True
A,m6_1b-trial-012,CONSERVATIVE,1.0,1.00,1.7,0.9,5,True,0.9,5,True
A,m6_1b-trial-013,FAST,0.5,0.50,0.9,0.9,0,False,0.9,0,True
A,m6_1b-trial-013,FAST,0.6,0.60,0.9,0.9,0,False,0.9,0,True
A,m6_1b-trial-013,FAST,0.7,0.70,0.9,0.9,5,False,0.9,5,True
A,m6_1b-trial-013,FAST,0.8,0.80,0.9,0.9,5,False,0.9,5,True
A,m6_1b-trial-013,FAST,0.9,0.90,0.9,0.9,5,False,0.9,5,True
A,m6_1b-trial-013,FAST,0.95,0.95,0.9,0.9,5,False,0.9,5,True
A,m6_1b-trial-013,FAST,0.98,0.98,0.9,0.9,5,False,0.9,5,True
A,m6_1b-trial-013,FAST,0.99,0.99,0.9,0.9,5,False,0.9,5,True
A,m6_1b-trial-013,FAST,1.0,1.00,0.9,0.9,5,False,0.9,5,True
A,m6_1b-trial-013,MEDIUM,0.5,0.50,1.0,1.0,0,False,1.0,0,True
A,m6_1b-trial-013,MEDIUM,0.6,0.60,1.0,1.0,0,False,1.0,0,True
A,m6_1b-trial-013,MEDIUM,0.7,0.70,1.0,0.9,5,True,0.9,5,True
A,m6_1b-trial-013,MEDIUM,0.8,0.80,1.0,0.9,5,True,0.9,5,True
A,m6_1b-trial-013,MEDIUM,0.9,0.90,1.0,0.9,5,True,0.9,5,True
A,m6_1b-trial-013,MEDIUM,0.95,0.95,1.0,0.9,5,True,0.9,5,True
A,m6_1b-trial-013,MEDIUM,0.98,0.98,1.0,0.9,5,True,0.9,5,True
A,m6_1b-trial-013,MEDIUM,0.99,0.99,1.0,0.9,5,True,0.9,5,True
A,m6_1b-trial-013,MEDIUM,1.0,1.00,1.0,0.9,5,True,0.9,5,True
A,m6_1b-trial-013,CONSERVATIVE,0.5,0.50,1.3,1.3,0,False,1.3,0,True
A,m6_1b-trial-013,CONSERVATIVE,0.6,0.60,1.3,1.3,0,False,1.3,0,True
A,m6_1b-trial-013,CONSERVATIVE,0.7,0.70,1.3,0.9,5,True,0.9,5,True
A,m6_1b-trial-013,CONSERVATIVE,0.8,0.80,1.3,0.9,5,True,0.9,5,True
A,m6_1b-trial-013,CONSERVATIVE,0.9,0.90,1.3,0.9,5,True,0.9,5,True
A,m6_1b-trial-013,CONSERVATIVE,0.95,0.95,1.3,0.9,5,True,0.9,5,True
A,m6_1b-trial-013,CONSERVATIVE,0.98,0.98,1.3,0.9,5,True,0.9,5,True
A,m6_1b-trial-013,CONSERVATIVE,0.99,0.99,1.3,0.9,5,True,0.9,5,True
A,m6_1b-trial-013,CONSERVATIVE,1.0,1.00,1.3,0.9,5,True,0.9,5,True
A,m6_1b-trial-014,FAST,0.5,0.50,1.6,1.6,0,False,1.6,0,True
A,m6_1b-trial-014,FAST,0.6,0.60,1.6,1.6,0,False,1.6,0,True
A,m6_1b-trial-014,FAST,0.7,0.70,1.6,0.9,5,True,0.9,5,True
A,m6_1b-trial-014,FAST,0.8,0.80,1.6,0.9,5,True,0.9,5,True
A,m6_1b-trial-014,FAST,0.9,0.90,1.6,0.9,5,True,0.9,5,True
A,m6_1b-trial-014,FAST,0.95,0.95,1.6,0.9,5,True,0.9,5,True
A,m6_1b-trial-014,FAST,0.98,0.98,1.6,0.9,5,True,0.9,5,True
A,m6_1b-trial-014,FAST,0.99,0.99,1.6,0.9,5,True,0.9,5,True
A,m6_1b-trial-014,FAST,1.0,1.00,1.6,0.9,5,True,0.9,5,True
A,m6_1b-trial-014,MEDIUM,0.5,0.50,1.9,1.9,0,False,1.9,0,True
A,m6_1b-trial-014,MEDIUM,0.6,0.60,1.9,1.9,0,False,1.9,0,True
A,m6_1b-trial-014,MEDIUM,0.7,0.70,1.9,0.9,5,True,0.9,5,True
A,m6_1b-trial-014,MEDIUM,0.8,0.80,1.9,0.9,5,True,0.9,5,True
A,m6_1b-trial-014,MEDIUM,0.9,0.90,1.9,0.9,5,True,0.9,5,True
A,m6_1b-trial-014,MEDIUM,0.95,0.95,1.9,0.9,5,True,0.9,5,True
A,m6_1b-trial-014,MEDIUM,0.98,0.98,1.9,0.9,5,True,0.9,5,True
A,m6_1b-trial-014,MEDIUM,0.99,0.99,1.9,0.9,5,True,0.9,5,True
A,m6_1b-trial-014,MEDIUM,1.0,1.00,1.9,0.9,5,True,0.9,5,True
A,m6_1b-trial-014,CONSERVATIVE,0.5,0.50,1.9,1.9,0,False,1.9,0,True
A,m6_1b-trial-014,CONSERVATIVE,0.6,0.60,1.9,1.9,0,False,1.9,0,True
A,m6_1b-trial-014,CONSERVATIVE,0.7,0.70,1.9,0.9,5,True,0.9,5,True
A,m6_1b-trial-014,CONSERVATIVE,0.8,0.80,1.9,0.9,5,True,0.9,5,True
A,m6_1b-trial-014,CONSERVATIVE,0.9,0.90,1.9,0.9,5,True,0.9,5,True
A,m6_1b-trial-014,CONSERVATIVE,0.95,0.95,1.9,0.9,5,True,0.9,5,True
A,m6_1b-trial-014,CONSERVATIVE,0.98,0.98,1.9,0.9,5,True,0.9,5,True
A,m6_1b-trial-014,CONSERVATIVE,0.99,0.99,1.9,0.9,5,True,0.9,5,True
A,m6_1b-trial-014,CONSERVATIVE,1.0,1.00,1.9,0.9,5,True,0.9,5,True
A,m6_1b-trial-015,FAST,0.5,0.50,1.7,1.7,0,False,1.7,0,True
A,m6_1b-trial-015,FAST,0.6,0.60,1.7,1.7,0,False,1.7,0,True
A,m6_1b-trial-015,FAST,0.7,0.70,1.7,1.2,5,True,1.2,5,True
A,m6_1b-trial-015,FAST,0.8,0.80,1.7,1.2,5,True,1.2,5,True
A,m6_1b-trial-015,FAST,0.9,0.90,1.7,1.2,5,True,1.2,5,True
A,m6_1b-trial-015,FAST,0.95,0.95,1.7,1.2,5,True,1.2,5,True
A,m6_1b-trial-015,FAST,0.98,0.98,1.7,1.2,5,True,1.2,5,True
A,m6_1b-trial-015,FAST,0.99,0.99,1.7,1.2,5,True,1.2,5,True
A,m6_1b-trial-015,FAST,1.0,1.00,1.7,1.2,5,True,1.2,5,True
A,m6_1b-trial-015,MEDIUM,0.5,0.50,1.9,1.9,0,False,1.9,0,True
A,m6_1b-trial-015,MEDIUM,0.6,0.60,1.9,1.9,0,False,1.9,0,True
A,m6_1b-trial-015,MEDIUM,0.7,0.70,1.9,1.2,5,True,1.2,5,True
A,m6_1b-trial-015,MEDIUM,0.8,0.80,1.9,1.2,5,True,1.2,5,True
A,m6_1b-trial-015,MEDIUM,0.9,0.90,1.9,1.2,5,True,1.2,5,True
A,m6_1b-trial-015,MEDIUM,0.95,0.95,1.9,1.2,5,True,1.2,5,True
A,m6_1b-trial-015,MEDIUM,0.98,0.98,1.9,1.2,5,True,1.2,5,True
A,m6_1b-trial-015,MEDIUM,0.99,0.99,1.9,1.2,5,True,1.2,5,True
A,m6_1b-trial-015,MEDIUM,1.0,1.00,1.9,1.2,5,True,1.2,5,True
A,m6_1b-trial-015,CONSERVATIVE,0.5,0.50,1.9,1.9,0,False,1.9,0,True
A,m6_1b-trial-015,CONSERVATIVE,0.6,0.60,1.9,1.9,0,False,1.9,0,True
A,m6_1b-trial-015,CONSERVATIVE,0.7,0.70,1.9,1.2,5,True,1.2,5,True
A,m6_1b-trial-015,CONSERVATIVE,0.8,0.80,1.9,1.2,5,True,1.2,5,True
A,m6_1b-trial-015,CONSERVATIVE,0.9,0.90,1.9,1.2,5,True,1.2,5,True
A,m6_1b-trial-015,CONSERVATIVE,0.95,0.95,1.9,1.2,5,True,1.2,5,True
A,m6_1b-trial-015,CONSERVATIVE,0.98,0.98,1.9,1.2,5,True,1.2,5,True
A,m6_1b-trial-015,CONSERVATIVE,0.99,0.99,1.9,1.2,5,True,1.2,5,True
A,m6_1b-trial-015,CONSERVATIVE,1.0,1.00,1.9,1.2,5,True,1.2,5,True
A,m6_1b-trial-016,FAST,0.5,0.50,1.7,1.7,0,False,1.7,0,True
A,m6_1b-trial-016,FAST,0.6,0.60,1.7,1.7,0,False,1.7,0,True
A,m6_1b-trial-016,FAST,0.7,0.70,1.7,1.4,7,True,1.4,7,True
A,m6_1b-trial-016,FAST,0.8,0.80,1.7,1.4,7,True,1.4,7,True
A,m6_1b-trial-016,FAST,0.9,0.90,1.7,1.4,7,True,1.4,7,True
A,m6_1b-trial-016,FAST,0.95,0.95,1.7,1.4,7,True,1.4,7,True
A,m6_1b-trial-016,FAST,0.98,0.98,1.7,1.4,7,True,1.4,7,True
A,m6_1b-trial-016,FAST,0.99,0.99,1.7,1.4,7,True,1.4,7,True
A,m6_1b-trial-016,FAST,1.0,1.00,1.7,1.4,7,True,1.4,7,True
A,m6_1b-trial-016,MEDIUM,0.5,0.50,1.9,1.9,0,False,1.9,0,True
A,m6_1b-trial-016,MEDIUM,0.6,0.60,1.9,1.9,0,False,1.9,0,True
A,m6_1b-trial-016,MEDIUM,0.7,0.70,1.9,1.4,7,True,1.4,7,True
A,m6_1b-trial-016,MEDIUM,0.8,0.80,1.9,1.4,7,True,1.4,7,True
A,m6_1b-trial-016,MEDIUM,0.9,0.90,1.9,1.4,7,True,1.4,7,True
A,m6_1b-trial-016,MEDIUM,0.95,0.95,1.9,1.4,7,True,1.4,7,True
A,m6_1b-trial-016,MEDIUM,0.98,0.98,1.9,1.4,7,True,1.4,7,True
A,m6_1b-trial-016,MEDIUM,0.99,0.99,1.9,1.4,7,True,1.4,7,True
A,m6_1b-trial-016,MEDIUM,1.0,1.00,1.9,1.4,7,True,1.4,7,True
A,m6_1b-trial-016,CONSERVATIVE,0.5,0.50,1.9,1.9,0,False,1.9,0,True
A,m6_1b-trial-016,CONSERVATIVE,0.6,0.60,1.9,1.9,0,False,1.9,0,True
A,m6_1b-trial-016,CONSERVATIVE,0.7,0.70,1.9,1.4,7,True,1.4,7,True
A,m6_1b-trial-016,CONSERVATIVE,0.8,0.80,1.9,1.4,7,True,1.4,7,True
A,m6_1b-trial-016,CONSERVATIVE,0.9,0.90,1.9,1.4,7,True,1.4,7,True
A,m6_1b-trial-016,CONSERVATIVE,0.95,0.95,1.9,1.4,7,True,1.4,7,True
A,m6_1b-trial-016,CONSERVATIVE,0.98,0.98,1.9,1.4,7,True,1.4,7,True
A,m6_1b-trial-016,CONSERVATIVE,0.99,0.99,1.9,1.4,7,True,1.4,7,True
A,m6_1b-trial-016,CONSERVATIVE,1.0,1.00,1.9,1.4,7,True,1.4,7,True
A,m6_1b-trial-017,FAST,0.5,0.50,1.0,1.0,0,False,1.0,0,True
A,m6_1b-trial-017,FAST,0.6,0.60,1.0,1.0,0,False,1.0,0,True
A,m6_1b-trial-017,FAST,0.7,0.70,1.0,0.9,5,True,0.9,5,True
A,m6_1b-trial-017,FAST,0.8,0.80,1.0,0.9,5,True,0.9,5,True
A,m6_1b-trial-017,FAST,0.9,0.90,1.0,0.9,5,True,0.9,5,True
A,m6_1b-trial-017,FAST,0.95,0.95,1.0,0.9,5,True,0.9,5,True
A,m6_1b-trial-017,FAST,0.98,0.98,1.0,0.9,5,True,0.9,5,True
A,m6_1b-trial-017,FAST,0.99,0.99,1.0,0.9,5,True,0.9,5,True
A,m6_1b-trial-017,FAST,1.0,1.00,1.0,0.9,5,True,0.9,5,True
A,m6_1b-trial-017,MEDIUM,0.5,0.50,1.0,1.0,0,False,1.0,0,True
A,m6_1b-trial-017,MEDIUM,0.6,0.60,1.0,1.0,0,False,1.0,0,True
A,m6_1b-trial-017,MEDIUM,0.7,0.70,1.0,0.9,5,True,0.9,5,True
A,m6_1b-trial-017,MEDIUM,0.8,0.80,1.0,0.9,5,True,0.9,5,True
A,m6_1b-trial-017,MEDIUM,0.9,0.90,1.0,0.9,5,True,0.9,5,True
A,m6_1b-trial-017,MEDIUM,0.95,0.95,1.0,0.9,5,True,0.9,5,True
A,m6_1b-trial-017,MEDIUM,0.98,0.98,1.0,0.9,5,True,0.9,5,True
A,m6_1b-trial-017,MEDIUM,0.99,0.99,1.0,0.9,5,True,0.9,5,True
A,m6_1b-trial-017,MEDIUM,1.0,1.00,1.0,0.9,5,True,0.9,5,True
A,m6_1b-trial-017,CONSERVATIVE,0.5,0.50,1.7,1.7,0,False,1.7,0,True
A,m6_1b-trial-017,CONSERVATIVE,0.6,0.60,1.7,1.7,0,False,1.7,0,True
A,m6_1b-trial-017,CONSERVATIVE,0.7,0.70,1.7,0.9,5,True,0.9,5,True
A,m6_1b-trial-017,CONSERVATIVE,0.8,0.80,1.7,0.9,5,True,0.9,5,True
A,m6_1b-trial-017,CONSERVATIVE,0.9,0.90,1.7,0.9,5,True,0.9,5,True
A,m6_1b-trial-017,CONSERVATIVE,0.95,0.95,1.7,0.9,5,True,0.9,5,True
A,m6_1b-trial-017,CONSERVATIVE,0.98,0.98,1.7,0.9,5,True,0.9,5,True
A,m6_1b-trial-017,CONSERVATIVE,0.99,0.99,1.7,0.9,5,True,0.9,5,True
A,m6_1b-trial-017,CONSERVATIVE,1.0,1.00,1.7,0.9,5,True,0.9,5,True
A,m6_1b-trial-018,FAST,0.5,0.50,1.1,1.1,0,False,1.1,0,True
A,m6_1b-trial-018,FAST,0.6,0.60,1.1,1.1,0,False,1.1,0,True
A,m6_1b-trial-018,FAST,0.7,0.70,1.1,0.9,5,True,0.9,5,True
A,m6_1b-trial-018,FAST,0.8,0.80,1.1,0.9,5,True,0.9,5,True
A,m6_1b-trial-018,FAST,0.9,0.90,1.1,0.9,5,True,0.9,5,True
A,m6_1b-trial-018,FAST,0.95,0.95,1.1,0.9,5,True,0.9,5,True
A,m6_1b-trial-018,FAST,0.98,0.98,1.1,0.9,5,True,0.9,5,True
A,m6_1b-trial-018,FAST,0.99,0.99,1.1,0.9,5,True,0.9,5,True
A,m6_1b-trial-018,FAST,1.0,1.00,1.1,0.9,5,True,0.9,5,True
A,m6_1b-trial-018,MEDIUM,0.5,0.50,1.9,1.9,0,False,1.9,0,True
A,m6_1b-trial-018,MEDIUM,0.6,0.60,1.9,1.9,0,False,1.9,0,True
A,m6_1b-trial-018,MEDIUM,0.7,0.70,1.9,0.9,5,True,0.9,5,True
A,m6_1b-trial-018,MEDIUM,0.8,0.80,1.9,0.9,5,True,0.9,5,True
A,m6_1b-trial-018,MEDIUM,0.9,0.90,1.9,0.9,5,True,0.9,5,True
A,m6_1b-trial-018,MEDIUM,0.95,0.95,1.9,0.9,5,True,0.9,5,True
A,m6_1b-trial-018,MEDIUM,0.98,0.98,1.9,0.9,5,True,0.9,5,True
A,m6_1b-trial-018,MEDIUM,0.99,0.99,1.9,0.9,5,True,0.9,5,True
A,m6_1b-trial-018,MEDIUM,1.0,1.00,1.9,0.9,5,True,0.9,5,True
A,m6_1b-trial-018,CONSERVATIVE,0.5,0.50,1.9,1.9,0,False,1.9,0,True
A,m6_1b-trial-018,CONSERVATIVE,0.6,0.60,1.9,1.9,0,False,1.9,0,True
A,m6_1b-trial-018,CONSERVATIVE,0.7,0.70,1.9,0.9,5,True,0.9,5,True
A,m6_1b-trial-018,CONSERVATIVE,0.8,0.80,1.9,0.9,5,True,0.9,5,True
A,m6_1b-trial-018,CONSERVATIVE,0.9,0.90,1.9,0.9,5,True,0.9,5,True
A,m6_1b-trial-018,CONSERVATIVE,0.95,0.95,1.9,0.9,5,True,0.9,5,True
A,m6_1b-trial-018,CONSERVATIVE,0.98,0.98,1.9,0.9,5,True,0.9,5,True
A,m6_1b-trial-018,CONSERVATIVE,0.99,0.99,1.9,0.9,5,True,0.9,5,True
A,m6_1b-trial-018,CONSERVATIVE,1.0,1.00,1.9,0.9,5,True,0.9,5,True
A,m6_1b-trial-019,FAST,0.5,0.50,1.1,1.1,0,False,1.1,0,True
A,m6_1b-trial-019,FAST,0.6,0.60,1.1,1.1,0,False,1.1,0,True
A,m6_1b-trial-019,FAST,0.7,0.70,1.1,0.9,5,True,0.9,5,True
A,m6_1b-trial-019,FAST,0.8,0.80,1.1,0.9,5,True,0.9,5,True
A,m6_1b-trial-019,FAST,0.9,0.90,1.1,0.9,5,True,0.9,5,True
A,m6_1b-trial-019,FAST,0.95,0.95,1.1,0.9,5,True,0.9,5,True
A,m6_1b-trial-019,FAST,0.98,0.98,1.1,0.9,5,True,0.9,5,True
A,m6_1b-trial-019,FAST,0.99,0.99,1.1,0.9,5,True,0.9,5,True
A,m6_1b-trial-019,FAST,1.0,1.00,1.1,0.9,5,True,0.9,5,True
A,m6_1b-trial-019,MEDIUM,0.5,0.50,1.1,1.1,0,False,1.1,0,True
A,m6_1b-trial-019,MEDIUM,0.6,0.60,1.1,1.1,0,False,1.1,0,True
A,m6_1b-trial-019,MEDIUM,0.7,0.70,1.1,0.9,5,True,0.9,5,True
A,m6_1b-trial-019,MEDIUM,0.8,0.80,1.1,0.9,5,True,0.9,5,True
A,m6_1b-trial-019,MEDIUM,0.9,0.90,1.1,0.9,5,True,0.9,5,True
A,m6_1b-trial-019,MEDIUM,0.95,0.95,1.1,0.9,5,True,0.9,5,True
A,m6_1b-trial-019,MEDIUM,0.98,0.98,1.1,0.9,5,True,0.9,5,True
A,m6_1b-trial-019,MEDIUM,0.99,0.99,1.1,0.9,5,True,0.9,5,True
A,m6_1b-trial-019,MEDIUM,1.0,1.00,1.1,0.9,5,True,0.9,5,True
A,m6_1b-trial-019,CONSERVATIVE,0.5,0.50,1.4,1.4,0,False,1.4,0,True
A,m6_1b-trial-019,CONSERVATIVE,0.6,0.60,1.4,1.4,0,False,1.4,0,True
A,m6_1b-trial-019,CONSERVATIVE,0.7,0.70,1.4,0.9,5,True,0.9,5,True
A,m6_1b-trial-019,CONSERVATIVE,0.8,0.80,1.4,0.9,5,True,0.9,5,True
A,m6_1b-trial-019,CONSERVATIVE,0.9,0.90,1.4,0.9,5,True,0.9,5,True
A,m6_1b-trial-019,CONSERVATIVE,0.95,0.95,1.4,0.9,5,True,0.9,5,True
A,m6_1b-trial-019,CONSERVATIVE,0.98,0.98,1.4,0.9,5,True,0.9,5,True
A,m6_1b-trial-019,CONSERVATIVE,0.99,0.99,1.4,0.9,5,True,0.9,5,True
A,m6_1b-trial-019,CONSERVATIVE,1.0,1.00,1.4,0.9,5,True,0.9,5,True
A,m6_1b-trial-020,FAST,0.5,0.50,0.9,0.9,0,False,0.9,0,True
A,m6_1b-trial-020,FAST,0.6,0.60,0.9,0.9,0,False,0.9,0,True
A,m6_1b-trial-020,FAST,0.7,0.70,0.9,0.9,5,False,0.9,5,True
A,m6_1b-trial-020,FAST,0.8,0.80,0.9,0.9,5,False,0.9,5,True
A,m6_1b-trial-020,FAST,0.9,0.90,0.9,0.9,5,False,0.9,5,True
A,m6_1b-trial-020,FAST,0.95,0.95,0.9,0.9,5,False,0.9,5,True
A,m6_1b-trial-020,FAST,0.98,0.98,0.9,0.9,5,False,0.9,5,True
A,m6_1b-trial-020,FAST,0.99,0.99,0.9,0.9,5,False,0.9,5,True
A,m6_1b-trial-020,FAST,1.0,1.00,0.9,0.9,5,False,0.9,5,True
A,m6_1b-trial-020,MEDIUM,0.5,0.50,0.9,0.9,0,False,0.9,0,True
A,m6_1b-trial-020,MEDIUM,0.6,0.60,0.9,0.9,0,False,0.9,0,True
A,m6_1b-trial-020,MEDIUM,0.7,0.70,0.9,0.9,5,False,0.9,5,True
A,m6_1b-trial-020,MEDIUM,0.8,0.80,0.9,0.9,5,False,0.9,5,True
A,m6_1b-trial-020,MEDIUM,0.9,0.90,0.9,0.9,5,False,0.9,5,True
A,m6_1b-trial-020,MEDIUM,0.95,0.95,0.9,0.9,5,False,0.9,5,True
A,m6_1b-trial-020,MEDIUM,0.98,0.98,0.9,0.9,5,False,0.9,5,True
A,m6_1b-trial-020,MEDIUM,0.99,0.99,0.9,0.9,5,False,0.9,5,True
A,m6_1b-trial-020,MEDIUM,1.0,1.00,0.9,0.9,5,False,0.9,5,True
A,m6_1b-trial-020,CONSERVATIVE,0.5,0.50,1.0,1.0,0,False,1.0,0,True
A,m6_1b-trial-020,CONSERVATIVE,0.6,0.60,1.0,1.0,0,False,1.0,0,True
A,m6_1b-trial-020,CONSERVATIVE,0.7,0.70,1.0,0.9,5,True,0.9,5,True
A,m6_1b-trial-020,CONSERVATIVE,0.8,0.80,1.0,0.9,5,True,0.9,5,True
A,m6_1b-trial-020,CONSERVATIVE,0.9,0.90,1.0,0.9,5,True,0.9,5,True
A,m6_1b-trial-020,CONSERVATIVE,0.95,0.95,1.0,0.9,5,True,0.9,5,True
A,m6_1b-trial-020,CONSERVATIVE,0.98,0.98,1.0,0.9,5,True,0.9,5,True
A,m6_1b-trial-020,CONSERVATIVE,0.99,0.99,1.0,0.9,5,True,0.9,5,True
A,m6_1b-trial-020,CONSERVATIVE,1.0,1.00,1.0,0.9,5,True,0.9,5,True
A,m6_1b-trial-021,FAST,0.5,0.50,1.3,1.3,0,False,1.3,0,True
A,m6_1b-trial-021,FAST,0.6,0.60,1.3,1.3,0,False,1.3,0,True
A,m6_1b-trial-021,FAST,0.7,0.70,1.3,0.9,5,True,0.9,5,True
A,m6_1b-trial-021,FAST,0.8,0.80,1.3,0.9,5,True,0.9,5,True
A,m6_1b-trial-021,FAST,0.9,0.90,1.3,0.9,5,True,0.9,5,True
A,m6_1b-trial-021,FAST,0.95,0.95,1.3,0.9,5,True,0.9,5,True
A,m6_1b-trial-021,FAST,0.98,0.98,1.3,0.9,5,True,0.9,5,True
A,m6_1b-trial-021,FAST,0.99,0.99,1.3,0.9,5,True,0.9,5,True
A,m6_1b-trial-021,FAST,1.0,1.00,1.3,0.9,5,True,0.9,5,True
A,m6_1b-trial-021,MEDIUM,0.5,0.50,1.6,1.6,0,False,1.6,0,True
A,m6_1b-trial-021,MEDIUM,0.6,0.60,1.6,1.6,0,False,1.6,0,True
A,m6_1b-trial-021,MEDIUM,0.7,0.70,1.6,0.9,5,True,0.9,5,True
A,m6_1b-trial-021,MEDIUM,0.8,0.80,1.6,0.9,5,True,0.9,5,True
A,m6_1b-trial-021,MEDIUM,0.9,0.90,1.6,0.9,5,True,0.9,5,True
A,m6_1b-trial-021,MEDIUM,0.95,0.95,1.6,0.9,5,True,0.9,5,True
A,m6_1b-trial-021,MEDIUM,0.98,0.98,1.6,0.9,5,True,0.9,5,True
A,m6_1b-trial-021,MEDIUM,0.99,0.99,1.6,0.9,5,True,0.9,5,True
A,m6_1b-trial-021,MEDIUM,1.0,1.00,1.6,0.9,5,True,0.9,5,True
A,m6_1b-trial-021,CONSERVATIVE,0.5,0.50,1.9,1.9,0,False,1.9,0,True
A,m6_1b-trial-021,CONSERVATIVE,0.6,0.60,1.9,1.9,0,False,1.9,0,True
A,m6_1b-trial-021,CONSERVATIVE,0.7,0.70,1.9,0.9,5,True,0.9,5,True
A,m6_1b-trial-021,CONSERVATIVE,0.8,0.80,1.9,0.9,5,True,0.9,5,True
A,m6_1b-trial-021,CONSERVATIVE,0.9,0.90,1.9,0.9,5,True,0.9,5,True
A,m6_1b-trial-021,CONSERVATIVE,0.95,0.95,1.9,0.9,5,True,0.9,5,True
A,m6_1b-trial-021,CONSERVATIVE,0.98,0.98,1.9,0.9,5,True,0.9,5,True
A,m6_1b-trial-021,CONSERVATIVE,0.99,0.99,1.9,0.9,5,True,0.9,5,True
A,m6_1b-trial-021,CONSERVATIVE,1.0,1.00,1.9,0.9,5,True,0.9,5,True
A,m6_1b-trial-022,FAST,0.5,0.50,0.9,0.9,0,False,0.9,0,True
A,m6_1b-trial-022,FAST,0.6,0.60,0.9,0.9,0,False,0.9,0,True
A,m6_1b-trial-022,FAST,0.7,0.70,0.9,0.9,5,False,0.9,5,True
A,m6_1b-trial-022,FAST,0.8,0.80,0.9,0.9,5,False,0.9,5,True
A,m6_1b-trial-022,FAST,0.9,0.90,0.9,0.9,5,False,0.9,5,True
A,m6_1b-trial-022,FAST,0.95,0.95,0.9,0.9,5,False,0.9,5,True
A,m6_1b-trial-022,FAST,0.98,0.98,0.9,0.9,5,False,0.9,5,True
A,m6_1b-trial-022,FAST,0.99,0.99,0.9,0.9,5,False,0.9,5,True
A,m6_1b-trial-022,FAST,1.0,1.00,0.9,0.9,5,False,0.9,5,True
A,m6_1b-trial-022,MEDIUM,0.5,0.50,0.9,0.9,0,False,0.9,0,True
A,m6_1b-trial-022,MEDIUM,0.6,0.60,0.9,0.9,0,False,0.9,0,True
A,m6_1b-trial-022,MEDIUM,0.7,0.70,0.9,0.9,5,False,0.9,5,True
A,m6_1b-trial-022,MEDIUM,0.8,0.80,0.9,0.9,5,False,0.9,5,True
A,m6_1b-trial-022,MEDIUM,0.9,0.90,0.9,0.9,5,False,0.9,5,True
A,m6_1b-trial-022,MEDIUM,0.95,0.95,0.9,0.9,5,False,0.9,5,True
A,m6_1b-trial-022,MEDIUM,0.98,0.98,0.9,0.9,5,False,0.9,5,True
A,m6_1b-trial-022,MEDIUM,0.99,0.99,0.9,0.9,5,False,0.9,5,True
A,m6_1b-trial-022,MEDIUM,1.0,1.00,0.9,0.9,5,False,0.9,5,True
A,m6_1b-trial-022,CONSERVATIVE,0.5,0.50,1.5,1.5,0,False,1.5,0,True
A,m6_1b-trial-022,CONSERVATIVE,0.6,0.60,1.5,1.5,0,False,1.5,0,True
A,m6_1b-trial-022,CONSERVATIVE,0.7,0.70,1.5,0.9,5,True,0.9,5,True
A,m6_1b-trial-022,CONSERVATIVE,0.8,0.80,1.5,0.9,5,True,0.9,5,True
A,m6_1b-trial-022,CONSERVATIVE,0.9,0.90,1.5,0.9,5,True,0.9,5,True
A,m6_1b-trial-022,CONSERVATIVE,0.95,0.95,1.5,0.9,5,True,0.9,5,True
A,m6_1b-trial-022,CONSERVATIVE,0.98,0.98,1.5,0.9,5,True,0.9,5,True
A,m6_1b-trial-022,CONSERVATIVE,0.99,0.99,1.5,0.9,5,True,0.9,5,True
A,m6_1b-trial-022,CONSERVATIVE,1.0,1.00,1.5,0.9,5,True,0.9,5,True
A,m6_1b-trial-023,FAST,0.5,0.50,1.1,1.1,0,False,1.1,0,True
A,m6_1b-trial-023,FAST,0.6,0.60,1.1,1.1,0,False,1.1,0,True
A,m6_1b-trial-023,FAST,0.7,0.70,1.1,0.9,5,True,0.9,5,True
A,m6_1b-trial-023,FAST,0.8,0.80,1.1,0.9,5,True,0.9,5,True
A,m6_1b-trial-023,FAST,0.9,0.90,1.1,0.9,5,True,0.9,5,True
A,m6_1b-trial-023,FAST,0.95,0.95,1.1,0.9,5,True,0.9,5,True
A,m6_1b-trial-023,FAST,0.98,0.98,1.1,0.9,5,True,0.9,5,True
A,m6_1b-trial-023,FAST,0.99,0.99,1.1,0.9,5,True,0.9,5,True
A,m6_1b-trial-023,FAST,1.0,1.00,1.1,0.9,5,True,0.9,5,True
A,m6_1b-trial-023,MEDIUM,0.5,0.50,1.4,1.4,0,False,1.4,0,True
A,m6_1b-trial-023,MEDIUM,0.6,0.60,1.4,1.4,0,False,1.4,0,True
A,m6_1b-trial-023,MEDIUM,0.7,0.70,1.4,0.9,5,True,0.9,5,True
A,m6_1b-trial-023,MEDIUM,0.8,0.80,1.4,0.9,5,True,0.9,5,True
A,m6_1b-trial-023,MEDIUM,0.9,0.90,1.4,0.9,5,True,0.9,5,True
A,m6_1b-trial-023,MEDIUM,0.95,0.95,1.4,0.9,5,True,0.9,5,True
A,m6_1b-trial-023,MEDIUM,0.98,0.98,1.4,0.9,5,True,0.9,5,True
A,m6_1b-trial-023,MEDIUM,0.99,0.99,1.4,0.9,5,True,0.9,5,True
A,m6_1b-trial-023,MEDIUM,1.0,1.00,1.4,0.9,5,True,0.9,5,True
A,m6_1b-trial-023,CONSERVATIVE,0.5,0.50,1.9,1.9,0,False,1.9,0,True
A,m6_1b-trial-023,CONSERVATIVE,0.6,0.60,1.9,1.9,0,False,1.9,0,True
A,m6_1b-trial-023,CONSERVATIVE,0.7,0.70,1.9,0.9,5,True,0.9,5,True
A,m6_1b-trial-023,CONSERVATIVE,0.8,0.80,1.9,0.9,5,True,0.9,5,True
A,m6_1b-trial-023,CONSERVATIVE,0.9,0.90,1.9,0.9,5,True,0.9,5,True
A,m6_1b-trial-023,CONSERVATIVE,0.95,0.95,1.9,0.9,5,True,0.9,5,True
A,m6_1b-trial-023,CONSERVATIVE,0.98,0.98,1.9,0.9,5,True,0.9,5,True
A,m6_1b-trial-023,CONSERVATIVE,0.99,0.99,1.9,0.9,5,True,0.9,5,True
A,m6_1b-trial-023,CONSERVATIVE,1.0,1.00,1.9,0.9,5,True,0.9,5,True
A,m6_1b-trial-024,FAST,0.5,0.50,1.3,1.3,0,False,1.3,0,True
A,m6_1b-trial-024,FAST,0.6,0.60,1.3,1.3,0,False,1.3,0,True
A,m6_1b-trial-024,FAST,0.7,0.70,1.3,0.9,5,True,0.9,5,True
A,m6_1b-trial-024,FAST,0.8,0.80,1.3,0.9,5,True,0.9,5,True
A,m6_1b-trial-024,FAST,0.9,0.90,1.3,0.9,5,True,0.9,5,True
A,m6_1b-trial-024,FAST,0.95,0.95,1.3,0.9,5,True,0.9,5,True
A,m6_1b-trial-024,FAST,0.98,0.98,1.3,0.9,5,True,0.9,5,True
A,m6_1b-trial-024,FAST,0.99,0.99,1.3,0.9,5,True,0.9,5,True
A,m6_1b-trial-024,FAST,1.0,1.00,1.3,0.9,5,True,0.9,5,True
A,m6_1b-trial-024,MEDIUM,0.5,0.50,1.3,1.3,0,False,1.3,0,True
A,m6_1b-trial-024,MEDIUM,0.6,0.60,1.3,1.3,0,False,1.3,0,True
A,m6_1b-trial-024,MEDIUM,0.7,0.70,1.3,0.9,5,True,0.9,5,True
A,m6_1b-trial-024,MEDIUM,0.8,0.80,1.3,0.9,5,True,0.9,5,True
A,m6_1b-trial-024,MEDIUM,0.9,0.90,1.3,0.9,5,True,0.9,5,True
A,m6_1b-trial-024,MEDIUM,0.95,0.95,1.3,0.9,5,True,0.9,5,True
A,m6_1b-trial-024,MEDIUM,0.98,0.98,1.3,0.9,5,True,0.9,5,True
A,m6_1b-trial-024,MEDIUM,0.99,0.99,1.3,0.9,5,True,0.9,5,True
A,m6_1b-trial-024,MEDIUM,1.0,1.00,1.3,0.9,5,True,0.9,5,True
A,m6_1b-trial-024,CONSERVATIVE,0.5,0.50,1.6,1.6,0,False,1.6,0,True
A,m6_1b-trial-024,CONSERVATIVE,0.6,0.60,1.6,1.6,0,False,1.6,0,True
A,m6_1b-trial-024,CONSERVATIVE,0.7,0.70,1.6,0.9,5,True,0.9,5,True
A,m6_1b-trial-024,CONSERVATIVE,0.8,0.80,1.6,0.9,5,True,0.9,5,True
A,m6_1b-trial-024,CONSERVATIVE,0.9,0.90,1.6,0.9,5,True,0.9,5,True
A,m6_1b-trial-024,CONSERVATIVE,0.95,0.95,1.6,0.9,5,True,0.9,5,True
A,m6_1b-trial-024,CONSERVATIVE,0.98,0.98,1.6,0.9,5,True,0.9,5,True
A,m6_1b-trial-024,CONSERVATIVE,0.99,0.99,1.6,0.9,5,True,0.9,5,True
A,m6_1b-trial-024,CONSERVATIVE,1.0,1.00,1.6,0.9,5,True,0.9,5,True
A,m6_1b-trial-025,FAST,0.5,0.50,1.1,1.1,0,False,1.1,0,True
A,m6_1b-trial-025,FAST,0.6,0.60,1.1,1.1,0,False,1.1,0,True
A,m6_1b-trial-025,FAST,0.7,0.70,1.1,0.9,5,True,0.9,5,True
A,m6_1b-trial-025,FAST,0.8,0.80,1.1,0.9,5,True,0.9,5,True
A,m6_1b-trial-025,FAST,0.9,0.90,1.1,0.9,5,True,0.9,5,True
A,m6_1b-trial-025,FAST,0.95,0.95,1.1,0.9,5,True,0.9,5,True
A,m6_1b-trial-025,FAST,0.98,0.98,1.1,0.9,5,True,0.9,5,True
A,m6_1b-trial-025,FAST,0.99,0.99,1.1,0.9,5,True,0.9,5,True
A,m6_1b-trial-025,FAST,1.0,1.00,1.1,0.9,5,True,0.9,5,True
A,m6_1b-trial-025,MEDIUM,0.5,0.50,1.3,1.3,0,False,1.3,0,True
A,m6_1b-trial-025,MEDIUM,0.6,0.60,1.3,1.3,0,False,1.3,0,True
A,m6_1b-trial-025,MEDIUM,0.7,0.70,1.3,0.9,5,True,0.9,5,True
A,m6_1b-trial-025,MEDIUM,0.8,0.80,1.3,0.9,5,True,0.9,5,True
A,m6_1b-trial-025,MEDIUM,0.9,0.90,1.3,0.9,5,True,0.9,5,True
A,m6_1b-trial-025,MEDIUM,0.95,0.95,1.3,0.9,5,True,0.9,5,True
A,m6_1b-trial-025,MEDIUM,0.98,0.98,1.3,0.9,5,True,0.9,5,True
A,m6_1b-trial-025,MEDIUM,0.99,0.99,1.3,0.9,5,True,0.9,5,True
A,m6_1b-trial-025,MEDIUM,1.0,1.00,1.3,0.9,5,True,0.9,5,True
A,m6_1b-trial-025,CONSERVATIVE,0.5,0.50,1.5,1.5,0,False,1.5,0,True
A,m6_1b-trial-025,CONSERVATIVE,0.6,0.60,1.5,1.5,0,False,1.5,0,True
A,m6_1b-trial-025,CONSERVATIVE,0.7,0.70,1.5,0.9,5,True,0.9,5,True
A,m6_1b-trial-025,CONSERVATIVE,0.8,0.80,1.5,0.9,5,True,0.9,5,True
A,m6_1b-trial-025,CONSERVATIVE,0.9,0.90,1.5,0.9,5,True,0.9,5,True
A,m6_1b-trial-025,CONSERVATIVE,0.95,0.95,1.5,0.9,5,True,0.9,5,True
A,m6_1b-trial-025,CONSERVATIVE,0.98,0.98,1.5,0.9,5,True,0.9,5,True
A,m6_1b-trial-025,CONSERVATIVE,0.99,0.99,1.5,0.9,5,True,0.9,5,True
A,m6_1b-trial-025,CONSERVATIVE,1.0,1.00,1.5,0.9,5,True,0.9,5,True
A,m6_1b-trial-026,FAST,0.5,0.50,1.2,1.2,0,False,1.2,0,True
A,m6_1b-trial-026,FAST,0.6,0.60,1.2,1.2,0,False,1.2,0,True
A,m6_1b-trial-026,FAST,0.7,0.70,1.2,0.9,5,True,0.9,5,True
A,m6_1b-trial-026,FAST,0.8,0.80,1.2,0.9,5,True,0.9,5,True
A,m6_1b-trial-026,FAST,0.9,0.90,1.2,0.9,5,True,0.9,5,True
A,m6_1b-trial-026,FAST,0.95,0.95,1.2,0.9,5,True,0.9,5,True
A,m6_1b-trial-026,FAST,0.98,0.98,1.2,0.9,5,True,0.9,5,True
A,m6_1b-trial-026,FAST,0.99,0.99,1.2,0.9,5,True,0.9,5,True
A,m6_1b-trial-026,FAST,1.0,1.00,1.2,0.9,5,True,0.9,5,True
A,m6_1b-trial-026,MEDIUM,0.5,0.50,1.9,1.9,0,False,1.9,0,True
A,m6_1b-trial-026,MEDIUM,0.6,0.60,1.9,1.9,0,False,1.9,0,True
A,m6_1b-trial-026,MEDIUM,0.7,0.70,1.9,0.9,5,True,0.9,5,True
A,m6_1b-trial-026,MEDIUM,0.8,0.80,1.9,0.9,5,True,0.9,5,True
A,m6_1b-trial-026,MEDIUM,0.9,0.90,1.9,0.9,5,True,0.9,5,True
A,m6_1b-trial-026,MEDIUM,0.95,0.95,1.9,0.9,5,True,0.9,5,True
A,m6_1b-trial-026,MEDIUM,0.98,0.98,1.9,0.9,5,True,0.9,5,True
A,m6_1b-trial-026,MEDIUM,0.99,0.99,1.9,0.9,5,True,0.9,5,True
A,m6_1b-trial-026,MEDIUM,1.0,1.00,1.9,0.9,5,True,0.9,5,True
A,m6_1b-trial-026,CONSERVATIVE,0.5,0.50,1.9,1.9,0,False,1.9,0,True
A,m6_1b-trial-026,CONSERVATIVE,0.6,0.60,1.9,1.9,0,False,1.9,0,True
A,m6_1b-trial-026,CONSERVATIVE,0.7,0.70,1.9,0.9,5,True,0.9,5,True
A,m6_1b-trial-026,CONSERVATIVE,0.8,0.80,1.9,0.9,5,True,0.9,5,True
A,m6_1b-trial-026,CONSERVATIVE,0.9,0.90,1.9,0.9,5,True,0.9,5,True
A,m6_1b-trial-026,CONSERVATIVE,0.95,0.95,1.9,0.9,5,True,0.9,5,True
A,m6_1b-trial-026,CONSERVATIVE,0.98,0.98,1.9,0.9,5,True,0.9,5,True
A,m6_1b-trial-026,CONSERVATIVE,0.99,0.99,1.9,0.9,5,True,0.9,5,True
A,m6_1b-trial-026,CONSERVATIVE,1.0,1.00,1.9,0.9,5,True,0.9,5,True
A,m6_1b-trial-027,FAST,0.5,0.50,1.3,1.3,0,False,1.3,0,True
A,m6_1b-trial-027,FAST,0.6,0.60,1.3,1.3,0,False,1.3,0,True
A,m6_1b-trial-027,FAST,0.7,0.70,1.3,1.3,5,False,1.3,5,True
A,m6_1b-trial-027,FAST,0.8,0.80,1.3,1.3,5,False,1.3,5,True
A,m6_1b-trial-027,FAST,0.9,0.90,1.3,1.3,5,False,1.3,5,True
A,m6_1b-trial-027,FAST,0.95,0.95,1.3,1.3,5,False,1.3,5,True
A,m6_1b-trial-027,FAST,0.98,0.98,1.3,1.3,5,False,1.3,5,True
A,m6_1b-trial-027,FAST,0.99,0.99,1.3,1.3,5,False,1.3,5,True
A,m6_1b-trial-027,FAST,1.0,1.00,1.3,1.3,5,False,1.3,5,True
A,m6_1b-trial-027,MEDIUM,0.5,0.50,1.5,1.5,0,False,1.5,0,True
A,m6_1b-trial-027,MEDIUM,0.6,0.60,1.5,1.5,0,False,1.5,0,True
A,m6_1b-trial-027,MEDIUM,0.7,0.70,1.5,1.3,5,True,1.3,5,True
A,m6_1b-trial-027,MEDIUM,0.8,0.80,1.5,1.3,5,True,1.3,5,True
A,m6_1b-trial-027,MEDIUM,0.9,0.90,1.5,1.3,5,True,1.3,5,True
A,m6_1b-trial-027,MEDIUM,0.95,0.95,1.5,1.3,5,True,1.3,5,True
A,m6_1b-trial-027,MEDIUM,0.98,0.98,1.5,1.3,5,True,1.3,5,True
A,m6_1b-trial-027,MEDIUM,0.99,0.99,1.5,1.3,5,True,1.3,5,True
A,m6_1b-trial-027,MEDIUM,1.0,1.00,1.5,1.3,5,True,1.3,5,True
A,m6_1b-trial-027,CONSERVATIVE,0.5,0.50,1.8,1.8,0,False,1.8,0,True
A,m6_1b-trial-027,CONSERVATIVE,0.6,0.60,1.8,1.8,0,False,1.8,0,True
A,m6_1b-trial-027,CONSERVATIVE,0.7,0.70,1.8,1.3,5,True,1.3,5,True
A,m6_1b-trial-027,CONSERVATIVE,0.8,0.80,1.8,1.3,5,True,1.3,5,True
A,m6_1b-trial-027,CONSERVATIVE,0.9,0.90,1.8,1.3,5,True,1.3,5,True
A,m6_1b-trial-027,CONSERVATIVE,0.95,0.95,1.8,1.3,5,True,1.3,5,True
A,m6_1b-trial-027,CONSERVATIVE,0.98,0.98,1.8,1.3,5,True,1.3,5,True
A,m6_1b-trial-027,CONSERVATIVE,0.99,0.99,1.8,1.3,5,True,1.3,5,True
A,m6_1b-trial-027,CONSERVATIVE,1.0,1.00,1.8,1.3,5,True,1.3,5,True
A,m6_1b-trial-028,FAST,0.5,0.50,1.1,1.1,0,False,1.1,0,True
A,m6_1b-trial-028,FAST,0.6,0.60,1.1,1.1,0,False,1.1,0,True
A,m6_1b-trial-028,FAST,0.7,0.70,1.1,0.9,5,True,0.9,5,True
A,m6_1b-trial-028,FAST,0.8,0.80,1.1,0.9,5,True,0.9,5,True
A,m6_1b-trial-028,FAST,0.9,0.90,1.1,0.9,5,True,0.9,5,True
A,m6_1b-trial-028,FAST,0.95,0.95,1.1,0.9,5,True,0.9,5,True
A,m6_1b-trial-028,FAST,0.98,0.98,1.1,0.9,5,True,0.9,5,True
A,m6_1b-trial-028,FAST,0.99,0.99,1.1,0.9,5,True,0.9,5,True
A,m6_1b-trial-028,FAST,1.0,1.00,1.1,0.9,5,True,0.9,5,True
A,m6_1b-trial-028,MEDIUM,0.5,0.50,1.2,1.2,0,False,1.2,0,True
A,m6_1b-trial-028,MEDIUM,0.6,0.60,1.2,1.2,0,False,1.2,0,True
A,m6_1b-trial-028,MEDIUM,0.7,0.70,1.2,0.9,5,True,0.9,5,True
A,m6_1b-trial-028,MEDIUM,0.8,0.80,1.2,0.9,5,True,0.9,5,True
A,m6_1b-trial-028,MEDIUM,0.9,0.90,1.2,0.9,5,True,0.9,5,True
A,m6_1b-trial-028,MEDIUM,0.95,0.95,1.2,0.9,5,True,0.9,5,True
A,m6_1b-trial-028,MEDIUM,0.98,0.98,1.2,0.9,5,True,0.9,5,True
A,m6_1b-trial-028,MEDIUM,0.99,0.99,1.2,0.9,5,True,0.9,5,True
A,m6_1b-trial-028,MEDIUM,1.0,1.00,1.2,0.9,5,True,0.9,5,True
A,m6_1b-trial-028,CONSERVATIVE,0.5,0.50,1.2,1.2,0,False,1.2,0,True
A,m6_1b-trial-028,CONSERVATIVE,0.6,0.60,1.2,1.2,0,False,1.2,0,True
A,m6_1b-trial-028,CONSERVATIVE,0.7,0.70,1.2,0.9,5,True,0.9,5,True
A,m6_1b-trial-028,CONSERVATIVE,0.8,0.80,1.2,0.9,5,True,0.9,5,True
A,m6_1b-trial-028,CONSERVATIVE,0.9,0.90,1.2,0.9,5,True,0.9,5,True
A,m6_1b-trial-028,CONSERVATIVE,0.95,0.95,1.2,0.9,5,True,0.9,5,True
A,m6_1b-trial-028,CONSERVATIVE,0.98,0.98,1.2,0.9,5,True,0.9,5,True
A,m6_1b-trial-028,CONSERVATIVE,0.99,0.99,1.2,0.9,5,True,0.9,5,True
A,m6_1b-trial-028,CONSERVATIVE,1.0,1.00,1.2,0.9,5,True,0.9,5,True
A,m6_1b-trial-029,FAST,0.5,0.50,1.7,1.7,0,False,1.7,0,True
A,m6_1b-trial-029,FAST,0.6,0.60,1.7,1.7,0,False,1.7,0,True
A,m6_1b-trial-029,FAST,0.7,0.70,1.7,1.0,5,True,1.0,5,True
A,m6_1b-trial-029,FAST,0.8,0.80,1.7,1.0,5,True,1.0,5,True
A,m6_1b-trial-029,FAST,0.9,0.90,1.7,1.0,5,True,1.0,5,True
A,m6_1b-trial-029,FAST,0.95,0.95,1.7,1.0,5,True,1.0,5,True
A,m6_1b-trial-029,FAST,0.98,0.98,1.7,1.0,5,True,1.0,5,True
A,m6_1b-trial-029,FAST,0.99,0.99,1.7,1.0,5,True,1.0,5,True
A,m6_1b-trial-029,FAST,1.0,1.00,1.7,1.0,5,True,1.0,5,True
A,m6_1b-trial-029,MEDIUM,0.5,0.50,1.9,1.9,0,False,1.9,0,True
A,m6_1b-trial-029,MEDIUM,0.6,0.60,1.9,1.9,0,False,1.9,0,True
A,m6_1b-trial-029,MEDIUM,0.7,0.70,1.9,1.0,5,True,1.0,5,True
A,m6_1b-trial-029,MEDIUM,0.8,0.80,1.9,1.0,5,True,1.0,5,True
A,m6_1b-trial-029,MEDIUM,0.9,0.90,1.9,1.0,5,True,1.0,5,True
A,m6_1b-trial-029,MEDIUM,0.95,0.95,1.9,1.0,5,True,1.0,5,True
A,m6_1b-trial-029,MEDIUM,0.98,0.98,1.9,1.0,5,True,1.0,5,True
A,m6_1b-trial-029,MEDIUM,0.99,0.99,1.9,1.0,5,True,1.0,5,True
A,m6_1b-trial-029,MEDIUM,1.0,1.00,1.9,1.0,5,True,1.0,5,True
A,m6_1b-trial-029,CONSERVATIVE,0.5,0.50,1.9,1.9,0,False,1.9,0,True
A,m6_1b-trial-029,CONSERVATIVE,0.6,0.60,1.9,1.9,0,False,1.9,0,True
A,m6_1b-trial-029,CONSERVATIVE,0.7,0.70,1.9,1.0,5,True,1.0,5,True
A,m6_1b-trial-029,CONSERVATIVE,0.8,0.80,1.9,1.0,5,True,1.0,5,True
A,m6_1b-trial-029,CONSERVATIVE,0.9,0.90,1.9,1.0,5,True,1.0,5,True
A,m6_1b-trial-029,CONSERVATIVE,0.95,0.95,1.9,1.0,5,True,1.0,5,True
A,m6_1b-trial-029,CONSERVATIVE,0.98,0.98,1.9,1.0,5,True,1.0,5,True
A,m6_1b-trial-029,CONSERVATIVE,0.99,0.99,1.9,1.0,5,True,1.0,5,True
A,m6_1b-trial-029,CONSERVATIVE,1.0,1.00,1.9,1.0,5,True,1.0,5,True
A,m6_1b-trial-030,FAST,0.5,0.50,1.1,1.1,0,False,1.1,0,True
A,m6_1b-trial-030,FAST,0.6,0.60,1.1,1.1,0,False,1.1,0,True
A,m6_1b-trial-030,FAST,0.7,0.70,1.1,0.9,5,True,0.9,5,True
A,m6_1b-trial-030,FAST,0.8,0.80,1.1,0.9,5,True,0.9,5,True
A,m6_1b-trial-030,FAST,0.9,0.90,1.1,0.9,5,True,0.9,5,True
A,m6_1b-trial-030,FAST,0.95,0.95,1.1,0.9,5,True,0.9,5,True
A,m6_1b-trial-030,FAST,0.98,0.98,1.1,0.9,5,True,0.9,5,True
A,m6_1b-trial-030,FAST,0.99,0.99,1.1,0.9,5,True,0.9,5,True
A,m6_1b-trial-030,FAST,1.0,1.00,1.1,0.9,5,True,0.9,5,True
A,m6_1b-trial-030,MEDIUM,0.5,0.50,1.1,1.1,0,False,1.1,0,True
A,m6_1b-trial-030,MEDIUM,0.6,0.60,1.1,1.1,0,False,1.1,0,True
A,m6_1b-trial-030,MEDIUM,0.7,0.70,1.1,0.9,5,True,0.9,5,True
A,m6_1b-trial-030,MEDIUM,0.8,0.80,1.1,0.9,5,True,0.9,5,True
A,m6_1b-trial-030,MEDIUM,0.9,0.90,1.1,0.9,5,True,0.9,5,True
A,m6_1b-trial-030,MEDIUM,0.95,0.95,1.1,0.9,5,True,0.9,5,True
A,m6_1b-trial-030,MEDIUM,0.98,0.98,1.1,0.9,5,True,0.9,5,True
A,m6_1b-trial-030,MEDIUM,0.99,0.99,1.1,0.9,5,True,0.9,5,True
A,m6_1b-trial-030,MEDIUM,1.0,1.00,1.1,0.9,5,True,0.9,5,True
A,m6_1b-trial-030,CONSERVATIVE,0.5,0.50,1.2,1.2,0,False,1.2,0,True
A,m6_1b-trial-030,CONSERVATIVE,0.6,0.60,1.2,1.2,0,False,1.2,0,True
A,m6_1b-trial-030,CONSERVATIVE,0.7,0.70,1.2,0.9,5,True,0.9,5,True
A,m6_1b-trial-030,CONSERVATIVE,0.8,0.80,1.2,0.9,5,True,0.9,5,True
A,m6_1b-trial-030,CONSERVATIVE,0.9,0.90,1.2,0.9,5,True,0.9,5,True
A,m6_1b-trial-030,CONSERVATIVE,0.95,0.95,1.2,0.9,5,True,0.9,5,True
A,m6_1b-trial-030,CONSERVATIVE,0.98,0.98,1.2,0.9,5,True,0.9,5,True
A,m6_1b-trial-030,CONSERVATIVE,0.99,0.99,1.2,0.9,5,True,0.9,5,True
A,m6_1b-trial-030,CONSERVATIVE,1.0,1.00,1.2,0.9,5,True,0.9,5,True
B1,m6_4-trial-001,FAST,0.5,0.50,1.9,1.9,0,False,1.9,0,True
B1,m6_4-trial-001,FAST,0.6,0.60,1.9,1.9,0,False,1.9,0,True
B1,m6_4-trial-001,FAST,0.7,0.70,1.9,1.4,7,True,1.4,7,True
B1,m6_4-trial-001,FAST,0.8,0.80,1.9,1.4,7,True,1.4,7,True
B1,m6_4-trial-001,FAST,0.9,0.90,1.9,1.4,7,True,1.4,7,True
B1,m6_4-trial-001,FAST,0.95,0.95,1.9,1.4,7,True,1.4,7,True
B1,m6_4-trial-001,FAST,0.98,0.98,1.9,1.4,7,True,1.4,7,True
B1,m6_4-trial-001,FAST,0.99,0.99,1.9,1.4,7,True,1.4,7,True
B1,m6_4-trial-001,FAST,1.0,1.00,1.9,1.4,7,True,1.4,7,True
B1,m6_4-trial-001,MEDIUM,0.5,0.50,1.9,1.9,0,False,1.9,0,True
B1,m6_4-trial-001,MEDIUM,0.6,0.60,1.9,1.9,0,False,1.9,0,True
B1,m6_4-trial-001,MEDIUM,0.7,0.70,1.9,1.4,7,True,1.4,7,True
B1,m6_4-trial-001,MEDIUM,0.8,0.80,1.9,1.4,7,True,1.4,7,True
B1,m6_4-trial-001,MEDIUM,0.9,0.90,1.9,1.4,7,True,1.4,7,True
B1,m6_4-trial-001,MEDIUM,0.95,0.95,1.9,1.4,7,True,1.4,7,True
B1,m6_4-trial-001,MEDIUM,0.98,0.98,1.9,1.4,7,True,1.4,7,True
B1,m6_4-trial-001,MEDIUM,0.99,0.99,1.9,1.4,7,True,1.4,7,True
B1,m6_4-trial-001,MEDIUM,1.0,1.00,1.9,1.4,7,True,1.4,7,True
B1,m6_4-trial-001,CONSERVATIVE,0.5,0.50,1.9,1.9,0,False,1.9,0,True
B1,m6_4-trial-001,CONSERVATIVE,0.6,0.60,1.9,1.9,0,False,1.9,0,True
B1,m6_4-trial-001,CONSERVATIVE,0.7,0.70,1.9,1.4,7,True,1.4,7,True
B1,m6_4-trial-001,CONSERVATIVE,0.8,0.80,1.9,1.4,7,True,1.4,7,True
B1,m6_4-trial-001,CONSERVATIVE,0.9,0.90,1.9,1.4,7,True,1.4,7,True
B1,m6_4-trial-001,CONSERVATIVE,0.95,0.95,1.9,1.4,7,True,1.4,7,True
B1,m6_4-trial-001,CONSERVATIVE,0.98,0.98,1.9,1.4,7,True,1.4,7,True
B1,m6_4-trial-001,CONSERVATIVE,0.99,0.99,1.9,1.4,7,True,1.4,7,True
B1,m6_4-trial-001,CONSERVATIVE,1.0,1.00,1.9,1.4,7,True,1.4,7,True
B1,m6_4-trial-002,FAST,0.5,0.50,0.9,0.9,0,False,0.9,0,True
B1,m6_4-trial-002,FAST,0.6,0.60,0.9,0.9,0,False,0.9,0,True
B1,m6_4-trial-002,FAST,0.7,0.70,0.9,0.9,5,False,0.9,5,True
B1,m6_4-trial-002,FAST,0.8,0.80,0.9,0.9,5,False,0.9,5,True
B1,m6_4-trial-002,FAST,0.9,0.90,0.9,0.9,5,False,0.9,5,True
B1,m6_4-trial-002,FAST,0.95,0.95,0.9,0.9,5,False,0.9,5,True
B1,m6_4-trial-002,FAST,0.98,0.98,0.9,0.9,5,False,0.9,5,True
B1,m6_4-trial-002,FAST,0.99,0.99,0.9,0.9,5,False,0.9,5,True
B1,m6_4-trial-002,FAST,1.0,1.00,0.9,0.9,5,False,0.9,5,True
B1,m6_4-trial-002,MEDIUM,0.5,0.50,0.9,0.9,0,False,0.9,0,True
B1,m6_4-trial-002,MEDIUM,0.6,0.60,0.9,0.9,0,False,0.9,0,True
B1,m6_4-trial-002,MEDIUM,0.7,0.70,0.9,0.9,5,False,0.9,5,True
B1,m6_4-trial-002,MEDIUM,0.8,0.80,0.9,0.9,5,False,0.9,5,True
B1,m6_4-trial-002,MEDIUM,0.9,0.90,0.9,0.9,5,False,0.9,5,True
B1,m6_4-trial-002,MEDIUM,0.95,0.95,0.9,0.9,5,False,0.9,5,True
B1,m6_4-trial-002,MEDIUM,0.98,0.98,0.9,0.9,5,False,0.9,5,True
B1,m6_4-trial-002,MEDIUM,0.99,0.99,0.9,0.9,5,False,0.9,5,True
B1,m6_4-trial-002,MEDIUM,1.0,1.00,0.9,0.9,5,False,0.9,5,True
B1,m6_4-trial-002,CONSERVATIVE,0.5,0.50,1.0,1.0,0,False,1.0,0,True
B1,m6_4-trial-002,CONSERVATIVE,0.6,0.60,1.0,1.0,0,False,1.0,0,True
B1,m6_4-trial-002,CONSERVATIVE,0.7,0.70,1.0,0.9,5,True,0.9,5,True
B1,m6_4-trial-002,CONSERVATIVE,0.8,0.80,1.0,0.9,5,True,0.9,5,True
B1,m6_4-trial-002,CONSERVATIVE,0.9,0.90,1.0,0.9,5,True,0.9,5,True
B1,m6_4-trial-002,CONSERVATIVE,0.95,0.95,1.0,0.9,5,True,0.9,5,True
B1,m6_4-trial-002,CONSERVATIVE,0.98,0.98,1.0,0.9,5,True,0.9,5,True
B1,m6_4-trial-002,CONSERVATIVE,0.99,0.99,1.0,0.9,5,True,0.9,5,True
B1,m6_4-trial-002,CONSERVATIVE,1.0,1.00,1.0,0.9,5,True,0.9,5,True
B1,m6_4-trial-003,FAST,0.5,0.50,1.0,1.0,0,False,1.0,0,True
B1,m6_4-trial-003,FAST,0.6,0.60,1.0,1.0,0,False,1.0,0,True
B1,m6_4-trial-003,FAST,0.7,0.70,1.0,1.0,5,False,1.0,5,True
B1,m6_4-trial-003,FAST,0.8,0.80,1.0,1.0,5,False,1.0,5,True
B1,m6_4-trial-003,FAST,0.9,0.90,1.0,1.0,5,False,1.0,5,True
B1,m6_4-trial-003,FAST,0.95,0.95,1.0,1.0,5,False,1.0,5,True
B1,m6_4-trial-003,FAST,0.98,0.98,1.0,1.0,5,False,1.0,5,True
B1,m6_4-trial-003,FAST,0.99,0.99,1.0,1.0,5,False,1.0,5,True
B1,m6_4-trial-003,FAST,1.0,1.00,1.0,1.0,5,False,1.0,5,True
B1,m6_4-trial-003,MEDIUM,0.5,0.50,1.2,1.2,0,False,1.2,0,True
B1,m6_4-trial-003,MEDIUM,0.6,0.60,1.2,1.2,0,False,1.2,0,True
B1,m6_4-trial-003,MEDIUM,0.7,0.70,1.2,1.0,5,True,1.0,5,True
B1,m6_4-trial-003,MEDIUM,0.8,0.80,1.2,1.0,5,True,1.0,5,True
B1,m6_4-trial-003,MEDIUM,0.9,0.90,1.2,1.0,5,True,1.0,5,True
B1,m6_4-trial-003,MEDIUM,0.95,0.95,1.2,1.0,5,True,1.0,5,True
B1,m6_4-trial-003,MEDIUM,0.98,0.98,1.2,1.0,5,True,1.0,5,True
B1,m6_4-trial-003,MEDIUM,0.99,0.99,1.2,1.0,5,True,1.0,5,True
B1,m6_4-trial-003,MEDIUM,1.0,1.00,1.2,1.0,5,True,1.0,5,True
B1,m6_4-trial-003,CONSERVATIVE,0.5,0.50,1.2,1.2,0,False,1.2,0,True
B1,m6_4-trial-003,CONSERVATIVE,0.6,0.60,1.2,1.2,0,False,1.2,0,True
B1,m6_4-trial-003,CONSERVATIVE,0.7,0.70,1.2,1.0,5,True,1.0,5,True
B1,m6_4-trial-003,CONSERVATIVE,0.8,0.80,1.2,1.0,5,True,1.0,5,True
B1,m6_4-trial-003,CONSERVATIVE,0.9,0.90,1.2,1.0,5,True,1.0,5,True
B1,m6_4-trial-003,CONSERVATIVE,0.95,0.95,1.2,1.0,5,True,1.0,5,True
B1,m6_4-trial-003,CONSERVATIVE,0.98,0.98,1.2,1.0,5,True,1.0,5,True
B1,m6_4-trial-003,CONSERVATIVE,0.99,0.99,1.2,1.0,5,True,1.0,5,True
B1,m6_4-trial-003,CONSERVATIVE,1.0,1.00,1.2,1.0,5,True,1.0,5,True
B1,m6_4-trial-004,FAST,0.5,0.50,1.0,1.0,0,False,1.0,0,True
B1,m6_4-trial-004,FAST,0.6,0.60,1.0,1.0,0,False,1.0,0,True
B1,m6_4-trial-004,FAST,0.7,0.70,1.0,0.9,5,True,0.9,5,True
B1,m6_4-trial-004,FAST,0.8,0.80,1.0,0.9,5,True,0.9,5,True
B1,m6_4-trial-004,FAST,0.9,0.90,1.0,0.9,5,True,0.9,5,True
B1,m6_4-trial-004,FAST,0.95,0.95,1.0,0.9,5,True,0.9,5,True
B1,m6_4-trial-004,FAST,0.98,0.98,1.0,0.9,5,True,0.9,5,True
B1,m6_4-trial-004,FAST,0.99,0.99,1.0,0.9,5,True,0.9,5,True
B1,m6_4-trial-004,FAST,1.0,1.00,1.0,0.9,5,True,0.9,5,True
B1,m6_4-trial-004,MEDIUM,0.5,0.50,1.0,1.0,0,False,1.0,0,True
B1,m6_4-trial-004,MEDIUM,0.6,0.60,1.0,1.0,0,False,1.0,0,True
B1,m6_4-trial-004,MEDIUM,0.7,0.70,1.0,0.9,5,True,0.9,5,True
B1,m6_4-trial-004,MEDIUM,0.8,0.80,1.0,0.9,5,True,0.9,5,True
B1,m6_4-trial-004,MEDIUM,0.9,0.90,1.0,0.9,5,True,0.9,5,True
B1,m6_4-trial-004,MEDIUM,0.95,0.95,1.0,0.9,5,True,0.9,5,True
B1,m6_4-trial-004,MEDIUM,0.98,0.98,1.0,0.9,5,True,0.9,5,True
B1,m6_4-trial-004,MEDIUM,0.99,0.99,1.0,0.9,5,True,0.9,5,True
B1,m6_4-trial-004,MEDIUM,1.0,1.00,1.0,0.9,5,True,0.9,5,True
B1,m6_4-trial-004,CONSERVATIVE,0.5,0.50,1.3,1.3,0,False,1.3,0,True
B1,m6_4-trial-004,CONSERVATIVE,0.6,0.60,1.3,1.3,0,False,1.3,0,True
B1,m6_4-trial-004,CONSERVATIVE,0.7,0.70,1.3,0.9,5,True,0.9,5,True
B1,m6_4-trial-004,CONSERVATIVE,0.8,0.80,1.3,0.9,5,True,0.9,5,True
B1,m6_4-trial-004,CONSERVATIVE,0.9,0.90,1.3,0.9,5,True,0.9,5,True
B1,m6_4-trial-004,CONSERVATIVE,0.95,0.95,1.3,0.9,5,True,0.9,5,True
B1,m6_4-trial-004,CONSERVATIVE,0.98,0.98,1.3,0.9,5,True,0.9,5,True
B1,m6_4-trial-004,CONSERVATIVE,0.99,0.99,1.3,0.9,5,True,0.9,5,True
B1,m6_4-trial-004,CONSERVATIVE,1.0,1.00,1.3,0.9,5,True,0.9,5,True
B1,m6_4-trial-005,FAST,0.5,0.50,1.9,1.9,0,False,1.9,0,True
B1,m6_4-trial-005,FAST,0.6,0.60,1.9,1.9,0,False,1.9,0,True
B1,m6_4-trial-005,FAST,0.7,0.70,1.9,0.9,5,True,0.9,5,True
B1,m6_4-trial-005,FAST,0.8,0.80,1.9,0.9,5,True,0.9,5,True
B1,m6_4-trial-005,FAST,0.9,0.90,1.9,0.9,5,True,0.9,5,True
B1,m6_4-trial-005,FAST,0.95,0.95,1.9,0.9,5,True,0.9,5,True
B1,m6_4-trial-005,FAST,0.98,0.98,1.9,0.9,5,True,0.9,5,True
B1,m6_4-trial-005,FAST,0.99,0.99,1.9,0.9,5,True,0.9,5,True
B1,m6_4-trial-005,FAST,1.0,1.00,1.9,0.9,5,True,0.9,5,True
B1,m6_4-trial-005,MEDIUM,0.5,0.50,1.9,1.9,0,False,1.9,0,True
B1,m6_4-trial-005,MEDIUM,0.6,0.60,1.9,1.9,0,False,1.9,0,True
B1,m6_4-trial-005,MEDIUM,0.7,0.70,1.9,0.9,5,True,0.9,5,True
B1,m6_4-trial-005,MEDIUM,0.8,0.80,1.9,0.9,5,True,0.9,5,True
B1,m6_4-trial-005,MEDIUM,0.9,0.90,1.9,0.9,5,True,0.9,5,True
B1,m6_4-trial-005,MEDIUM,0.95,0.95,1.9,0.9,5,True,0.9,5,True
B1,m6_4-trial-005,MEDIUM,0.98,0.98,1.9,0.9,5,True,0.9,5,True
B1,m6_4-trial-005,MEDIUM,0.99,0.99,1.9,0.9,5,True,0.9,5,True
B1,m6_4-trial-005,MEDIUM,1.0,1.00,1.9,0.9,5,True,0.9,5,True
B1,m6_4-trial-005,CONSERVATIVE,0.5,0.50,1.9,1.9,0,False,1.9,0,True
B1,m6_4-trial-005,CONSERVATIVE,0.6,0.60,1.9,1.9,0,False,1.9,0,True
B1,m6_4-trial-005,CONSERVATIVE,0.7,0.70,1.9,0.9,5,True,0.9,5,True
B1,m6_4-trial-005,CONSERVATIVE,0.8,0.80,1.9,0.9,5,True,0.9,5,True
B1,m6_4-trial-005,CONSERVATIVE,0.9,0.90,1.9,0.9,5,True,0.9,5,True
B1,m6_4-trial-005,CONSERVATIVE,0.95,0.95,1.9,0.9,5,True,0.9,5,True
B1,m6_4-trial-005,CONSERVATIVE,0.98,0.98,1.9,0.9,5,True,0.9,5,True
B1,m6_4-trial-005,CONSERVATIVE,0.99,0.99,1.9,0.9,5,True,0.9,5,True
B1,m6_4-trial-005,CONSERVATIVE,1.0,1.00,1.9,0.9,5,True,0.9,5,True
B1,m6_4-trial-006,FAST,0.5,0.50,0.9,0.9,0,False,0.9,0,True
B1,m6_4-trial-006,FAST,0.6,0.60,0.9,0.9,0,False,0.9,0,True
B1,m6_4-trial-006,FAST,0.7,0.70,0.9,0.9,5,False,0.9,5,True
B1,m6_4-trial-006,FAST,0.8,0.80,0.9,0.9,5,False,0.9,5,True
B1,m6_4-trial-006,FAST,0.9,0.90,0.9,0.9,5,False,0.9,5,True
B1,m6_4-trial-006,FAST,0.95,0.95,0.9,0.9,5,False,0.9,5,True
B1,m6_4-trial-006,FAST,0.98,0.98,0.9,0.9,5,False,0.9,5,True
B1,m6_4-trial-006,FAST,0.99,0.99,0.9,0.9,5,False,0.9,5,True
B1,m6_4-trial-006,FAST,1.0,1.00,0.9,0.9,5,False,0.9,5,True
B1,m6_4-trial-006,MEDIUM,0.5,0.50,0.9,0.9,0,False,0.9,0,True
B1,m6_4-trial-006,MEDIUM,0.6,0.60,0.9,0.9,0,False,0.9,0,True
B1,m6_4-trial-006,MEDIUM,0.7,0.70,0.9,0.9,5,False,0.9,5,True
B1,m6_4-trial-006,MEDIUM,0.8,0.80,0.9,0.9,5,False,0.9,5,True
B1,m6_4-trial-006,MEDIUM,0.9,0.90,0.9,0.9,5,False,0.9,5,True
B1,m6_4-trial-006,MEDIUM,0.95,0.95,0.9,0.9,5,False,0.9,5,True
B1,m6_4-trial-006,MEDIUM,0.98,0.98,0.9,0.9,5,False,0.9,5,True
B1,m6_4-trial-006,MEDIUM,0.99,0.99,0.9,0.9,5,False,0.9,5,True
B1,m6_4-trial-006,MEDIUM,1.0,1.00,0.9,0.9,5,False,0.9,5,True
B1,m6_4-trial-006,CONSERVATIVE,0.5,0.50,1.2,1.2,0,False,1.2,0,True
B1,m6_4-trial-006,CONSERVATIVE,0.6,0.60,1.2,1.2,0,False,1.2,0,True
B1,m6_4-trial-006,CONSERVATIVE,0.7,0.70,1.2,0.9,5,True,0.9,5,True
B1,m6_4-trial-006,CONSERVATIVE,0.8,0.80,1.2,0.9,5,True,0.9,5,True
B1,m6_4-trial-006,CONSERVATIVE,0.9,0.90,1.2,0.9,5,True,0.9,5,True
B1,m6_4-trial-006,CONSERVATIVE,0.95,0.95,1.2,0.9,5,True,0.9,5,True
B1,m6_4-trial-006,CONSERVATIVE,0.98,0.98,1.2,0.9,5,True,0.9,5,True
B1,m6_4-trial-006,CONSERVATIVE,0.99,0.99,1.2,0.9,5,True,0.9,5,True
B1,m6_4-trial-006,CONSERVATIVE,1.0,1.00,1.2,0.9,5,True,0.9,5,True
B1,m6_4-trial-007,FAST,0.5,0.50,0.9,0.9,0,False,0.9,0,True
B1,m6_4-trial-007,FAST,0.6,0.60,0.9,0.9,0,False,0.9,0,True
B1,m6_4-trial-007,FAST,0.7,0.70,0.9,0.9,5,False,0.9,5,True
B1,m6_4-trial-007,FAST,0.8,0.80,0.9,0.9,5,False,0.9,5,True
B1,m6_4-trial-007,FAST,0.9,0.90,0.9,0.9,5,False,0.9,5,True
B1,m6_4-trial-007,FAST,0.95,0.95,0.9,0.9,5,False,0.9,5,True
B1,m6_4-trial-007,FAST,0.98,0.98,0.9,0.9,5,False,0.9,5,True
B1,m6_4-trial-007,FAST,0.99,0.99,0.9,0.9,5,False,0.9,5,True
B1,m6_4-trial-007,FAST,1.0,1.00,0.9,0.9,5,False,0.9,5,True
B1,m6_4-trial-007,MEDIUM,0.5,0.50,1.1,1.1,0,False,1.1,0,True
B1,m6_4-trial-007,MEDIUM,0.6,0.60,1.1,1.1,0,False,1.1,0,True
B1,m6_4-trial-007,MEDIUM,0.7,0.70,1.1,0.9,5,True,0.9,5,True
B1,m6_4-trial-007,MEDIUM,0.8,0.80,1.1,0.9,5,True,0.9,5,True
B1,m6_4-trial-007,MEDIUM,0.9,0.90,1.1,0.9,5,True,0.9,5,True
B1,m6_4-trial-007,MEDIUM,0.95,0.95,1.1,0.9,5,True,0.9,5,True
B1,m6_4-trial-007,MEDIUM,0.98,0.98,1.1,0.9,5,True,0.9,5,True
B1,m6_4-trial-007,MEDIUM,0.99,0.99,1.1,0.9,5,True,0.9,5,True
B1,m6_4-trial-007,MEDIUM,1.0,1.00,1.1,0.9,5,True,0.9,5,True
B1,m6_4-trial-007,CONSERVATIVE,0.5,0.50,1.1,1.1,0,False,1.1,0,True
B1,m6_4-trial-007,CONSERVATIVE,0.6,0.60,1.1,1.1,0,False,1.1,0,True
B1,m6_4-trial-007,CONSERVATIVE,0.7,0.70,1.1,0.9,5,True,0.9,5,True
B1,m6_4-trial-007,CONSERVATIVE,0.8,0.80,1.1,0.9,5,True,0.9,5,True
B1,m6_4-trial-007,CONSERVATIVE,0.9,0.90,1.1,0.9,5,True,0.9,5,True
B1,m6_4-trial-007,CONSERVATIVE,0.95,0.95,1.1,0.9,5,True,0.9,5,True
B1,m6_4-trial-007,CONSERVATIVE,0.98,0.98,1.1,0.9,5,True,0.9,5,True
B1,m6_4-trial-007,CONSERVATIVE,0.99,0.99,1.1,0.9,5,True,0.9,5,True
B1,m6_4-trial-007,CONSERVATIVE,1.0,1.00,1.1,0.9,5,True,0.9,5,True
B1,m6_4-trial-008,FAST,0.5,0.50,1.2,1.2,0,False,1.2,0,True
B1,m6_4-trial-008,FAST,0.6,0.60,1.2,1.2,0,False,1.2,0,True
B1,m6_4-trial-008,FAST,0.7,0.70,1.2,0.9,5,True,0.9,5,True
B1,m6_4-trial-008,FAST,0.8,0.80,1.2,0.9,5,True,0.9,5,True
B1,m6_4-trial-008,FAST,0.9,0.90,1.2,0.9,5,True,0.9,5,True
B1,m6_4-trial-008,FAST,0.95,0.95,1.2,0.9,5,True,0.9,5,True
B1,m6_4-trial-008,FAST,0.98,0.98,1.2,0.9,5,True,0.9,5,True
B1,m6_4-trial-008,FAST,0.99,0.99,1.2,0.9,5,True,0.9,5,True
B1,m6_4-trial-008,FAST,1.0,1.00,1.2,0.9,5,True,0.9,5,True
B1,m6_4-trial-008,MEDIUM,0.5,0.50,1.2,1.2,0,False,1.2,0,True
B1,m6_4-trial-008,MEDIUM,0.6,0.60,1.2,1.2,0,False,1.2,0,True
B1,m6_4-trial-008,MEDIUM,0.7,0.70,1.2,0.9,5,True,0.9,5,True
B1,m6_4-trial-008,MEDIUM,0.8,0.80,1.2,0.9,5,True,0.9,5,True
B1,m6_4-trial-008,MEDIUM,0.9,0.90,1.2,0.9,5,True,0.9,5,True
B1,m6_4-trial-008,MEDIUM,0.95,0.95,1.2,0.9,5,True,0.9,5,True
B1,m6_4-trial-008,MEDIUM,0.98,0.98,1.2,0.9,5,True,0.9,5,True
B1,m6_4-trial-008,MEDIUM,0.99,0.99,1.2,0.9,5,True,0.9,5,True
B1,m6_4-trial-008,MEDIUM,1.0,1.00,1.2,0.9,5,True,0.9,5,True
B1,m6_4-trial-008,CONSERVATIVE,0.5,0.50,1.4,1.4,0,False,1.4,0,True
B1,m6_4-trial-008,CONSERVATIVE,0.6,0.60,1.4,1.4,0,False,1.4,0,True
B1,m6_4-trial-008,CONSERVATIVE,0.7,0.70,1.4,0.9,5,True,0.9,5,True
B1,m6_4-trial-008,CONSERVATIVE,0.8,0.80,1.4,0.9,5,True,0.9,5,True
B1,m6_4-trial-008,CONSERVATIVE,0.9,0.90,1.4,0.9,5,True,0.9,5,True
B1,m6_4-trial-008,CONSERVATIVE,0.95,0.95,1.4,0.9,5,True,0.9,5,True
B1,m6_4-trial-008,CONSERVATIVE,0.98,0.98,1.4,0.9,5,True,0.9,5,True
B1,m6_4-trial-008,CONSERVATIVE,0.99,0.99,1.4,0.9,5,True,0.9,5,True
B1,m6_4-trial-008,CONSERVATIVE,1.0,1.00,1.4,0.9,5,True,0.9,5,True
B1,m6_4-trial-009,FAST,0.5,0.50,1.0,1.0,0,False,1.0,0,True
B1,m6_4-trial-009,FAST,0.6,0.60,1.0,1.0,0,False,1.0,0,True
B1,m6_4-trial-009,FAST,0.7,0.70,1.0,0.9,5,True,0.9,5,True
B1,m6_4-trial-009,FAST,0.8,0.80,1.0,0.9,5,True,0.9,5,True
B1,m6_4-trial-009,FAST,0.9,0.90,1.0,0.9,5,True,0.9,5,True
B1,m6_4-trial-009,FAST,0.95,0.95,1.0,0.9,5,True,0.9,5,True
B1,m6_4-trial-009,FAST,0.98,0.98,1.0,0.9,5,True,0.9,5,True
B1,m6_4-trial-009,FAST,0.99,0.99,1.0,0.9,5,True,0.9,5,True
B1,m6_4-trial-009,FAST,1.0,1.00,1.0,0.9,5,True,0.9,5,True
B1,m6_4-trial-009,MEDIUM,0.5,0.50,1.1,1.1,0,False,1.1,0,True
B1,m6_4-trial-009,MEDIUM,0.6,0.60,1.1,1.1,0,False,1.1,0,True
B1,m6_4-trial-009,MEDIUM,0.7,0.70,1.1,0.9,5,True,0.9,5,True
B1,m6_4-trial-009,MEDIUM,0.8,0.80,1.1,0.9,5,True,0.9,5,True
B1,m6_4-trial-009,MEDIUM,0.9,0.90,1.1,0.9,5,True,0.9,5,True
B1,m6_4-trial-009,MEDIUM,0.95,0.95,1.1,0.9,5,True,0.9,5,True
B1,m6_4-trial-009,MEDIUM,0.98,0.98,1.1,0.9,5,True,0.9,5,True
B1,m6_4-trial-009,MEDIUM,0.99,0.99,1.1,0.9,5,True,0.9,5,True
B1,m6_4-trial-009,MEDIUM,1.0,1.00,1.1,0.9,5,True,0.9,5,True
B1,m6_4-trial-009,CONSERVATIVE,0.5,0.50,1.6,1.6,0,False,1.6,0,True
B1,m6_4-trial-009,CONSERVATIVE,0.6,0.60,1.6,1.6,0,False,1.6,0,True
B1,m6_4-trial-009,CONSERVATIVE,0.7,0.70,1.6,0.9,5,True,0.9,5,True
B1,m6_4-trial-009,CONSERVATIVE,0.8,0.80,1.6,0.9,5,True,0.9,5,True
B1,m6_4-trial-009,CONSERVATIVE,0.9,0.90,1.6,0.9,5,True,0.9,5,True
B1,m6_4-trial-009,CONSERVATIVE,0.95,0.95,1.6,0.9,5,True,0.9,5,True
B1,m6_4-trial-009,CONSERVATIVE,0.98,0.98,1.6,0.9,5,True,0.9,5,True
B1,m6_4-trial-009,CONSERVATIVE,0.99,0.99,1.6,0.9,5,True,0.9,5,True
B1,m6_4-trial-009,CONSERVATIVE,1.0,1.00,1.6,0.9,5,True,0.9,5,True
B1,m6_4-trial-010,FAST,0.5,0.50,0.9,0.9,0,False,0.9,0,True
B1,m6_4-trial-010,FAST,0.6,0.60,0.9,0.9,0,False,0.9,0,True
B1,m6_4-trial-010,FAST,0.7,0.70,0.9,0.9,5,False,0.9,5,True
B1,m6_4-trial-010,FAST,0.8,0.80,0.9,0.9,5,False,0.9,5,True
B1,m6_4-trial-010,FAST,0.9,0.90,0.9,0.9,5,False,0.9,5,True
B1,m6_4-trial-010,FAST,0.95,0.95,0.9,0.9,5,False,0.9,5,True
B1,m6_4-trial-010,FAST,0.98,0.98,0.9,0.9,5,False,0.9,5,True
B1,m6_4-trial-010,FAST,0.99,0.99,0.9,0.9,5,False,0.9,5,True
B1,m6_4-trial-010,FAST,1.0,1.00,0.9,0.9,5,False,0.9,5,True
B1,m6_4-trial-010,MEDIUM,0.5,0.50,1.0,1.0,0,False,1.0,0,True
B1,m6_4-trial-010,MEDIUM,0.6,0.60,1.0,1.0,0,False,1.0,0,True
B1,m6_4-trial-010,MEDIUM,0.7,0.70,1.0,0.9,5,True,0.9,5,True
B1,m6_4-trial-010,MEDIUM,0.8,0.80,1.0,0.9,5,True,0.9,5,True
B1,m6_4-trial-010,MEDIUM,0.9,0.90,1.0,0.9,5,True,0.9,5,True
B1,m6_4-trial-010,MEDIUM,0.95,0.95,1.0,0.9,5,True,0.9,5,True
B1,m6_4-trial-010,MEDIUM,0.98,0.98,1.0,0.9,5,True,0.9,5,True
B1,m6_4-trial-010,MEDIUM,0.99,0.99,1.0,0.9,5,True,0.9,5,True
B1,m6_4-trial-010,MEDIUM,1.0,1.00,1.0,0.9,5,True,0.9,5,True
B1,m6_4-trial-010,CONSERVATIVE,0.5,0.50,1.1,1.1,0,False,1.1,0,True
B1,m6_4-trial-010,CONSERVATIVE,0.6,0.60,1.1,1.1,0,False,1.1,0,True
B1,m6_4-trial-010,CONSERVATIVE,0.7,0.70,1.1,0.9,5,True,0.9,5,True
B1,m6_4-trial-010,CONSERVATIVE,0.8,0.80,1.1,0.9,5,True,0.9,5,True
B1,m6_4-trial-010,CONSERVATIVE,0.9,0.90,1.1,0.9,5,True,0.9,5,True
B1,m6_4-trial-010,CONSERVATIVE,0.95,0.95,1.1,0.9,5,True,0.9,5,True
B1,m6_4-trial-010,CONSERVATIVE,0.98,0.98,1.1,0.9,5,True,0.9,5,True
B1,m6_4-trial-010,CONSERVATIVE,0.99,0.99,1.1,0.9,5,True,0.9,5,True
B1,m6_4-trial-010,CONSERVATIVE,1.0,1.00,1.1,0.9,5,True,0.9,5,True
B1,m6_4-trial-012,FAST,0.5,0.50,0.9,0.9,0,False,0.9,0,True
B1,m6_4-trial-012,FAST,0.6,0.60,0.9,0.9,0,False,0.9,0,True
B1,m6_4-trial-012,FAST,0.7,0.70,0.9,0.9,5,False,0.9,5,True
B1,m6_4-trial-012,FAST,0.8,0.80,0.9,0.9,5,False,0.9,5,True
B1,m6_4-trial-012,FAST,0.9,0.90,0.9,0.9,5,False,0.9,5,True
B1,m6_4-trial-012,FAST,0.95,0.95,0.9,0.9,5,False,0.9,5,True
B1,m6_4-trial-012,FAST,0.98,0.98,0.9,0.9,5,False,0.9,5,True
B1,m6_4-trial-012,FAST,0.99,0.99,0.9,0.9,5,False,0.9,5,True
B1,m6_4-trial-012,FAST,1.0,1.00,0.9,0.9,5,False,0.9,5,True
B1,m6_4-trial-012,MEDIUM,0.5,0.50,0.9,0.9,0,False,0.9,0,True
B1,m6_4-trial-012,MEDIUM,0.6,0.60,0.9,0.9,0,False,0.9,0,True
B1,m6_4-trial-012,MEDIUM,0.7,0.70,0.9,0.9,5,False,0.9,5,True
B1,m6_4-trial-012,MEDIUM,0.8,0.80,0.9,0.9,5,False,0.9,5,True
B1,m6_4-trial-012,MEDIUM,0.9,0.90,0.9,0.9,5,False,0.9,5,True
B1,m6_4-trial-012,MEDIUM,0.95,0.95,0.9,0.9,5,False,0.9,5,True
B1,m6_4-trial-012,MEDIUM,0.98,0.98,0.9,0.9,5,False,0.9,5,True
B1,m6_4-trial-012,MEDIUM,0.99,0.99,0.9,0.9,5,False,0.9,5,True
B1,m6_4-trial-012,MEDIUM,1.0,1.00,0.9,0.9,5,False,0.9,5,True
B1,m6_4-trial-012,CONSERVATIVE,0.5,0.50,1.2,1.2,0,False,1.2,0,True
B1,m6_4-trial-012,CONSERVATIVE,0.6,0.60,1.2,1.2,0,False,1.2,0,True
B1,m6_4-trial-012,CONSERVATIVE,0.7,0.70,1.2,0.9,5,True,0.9,5,True
B1,m6_4-trial-012,CONSERVATIVE,0.8,0.80,1.2,0.9,5,True,0.9,5,True
B1,m6_4-trial-012,CONSERVATIVE,0.9,0.90,1.2,0.9,5,True,0.9,5,True
B1,m6_4-trial-012,CONSERVATIVE,0.95,0.95,1.2,0.9,5,True,0.9,5,True
B1,m6_4-trial-012,CONSERVATIVE,0.98,0.98,1.2,0.9,5,True,0.9,5,True
B1,m6_4-trial-012,CONSERVATIVE,0.99,0.99,1.2,0.9,5,True,0.9,5,True
B1,m6_4-trial-012,CONSERVATIVE,1.0,1.00,1.2,0.9,5,True,0.9,5,True
B1,m6_4-trial-013,FAST,0.5,0.50,1.9,1.9,0,False,1.9,0,True
B1,m6_4-trial-013,FAST,0.6,0.60,1.9,1.9,0,False,1.9,0,True
B1,m6_4-trial-013,FAST,0.7,0.70,1.9,0.9,5,True,0.9,5,True
B1,m6_4-trial-013,FAST,0.8,0.80,1.9,0.9,5,True,0.9,5,True
B1,m6_4-trial-013,FAST,0.9,0.90,1.9,0.9,5,True,0.9,5,True
B1,m6_4-trial-013,FAST,0.95,0.95,1.9,0.9,5,True,0.9,5,True
B1,m6_4-trial-013,FAST,0.98,0.98,1.9,0.9,5,True,0.9,5,True
B1,m6_4-trial-013,FAST,0.99,0.99,1.9,0.9,5,True,0.9,5,True
B1,m6_4-trial-013,FAST,1.0,1.00,1.9,0.9,5,True,0.9,5,True
B1,m6_4-trial-013,MEDIUM,0.5,0.50,1.9,1.9,0,False,1.9,0,True
B1,m6_4-trial-013,MEDIUM,0.6,0.60,1.9,1.9,0,False,1.9,0,True
B1,m6_4-trial-013,MEDIUM,0.7,0.70,1.9,0.9,5,True,0.9,5,True
B1,m6_4-trial-013,MEDIUM,0.8,0.80,1.9,0.9,5,True,0.9,5,True
B1,m6_4-trial-013,MEDIUM,0.9,0.90,1.9,0.9,5,True,0.9,5,True
B1,m6_4-trial-013,MEDIUM,0.95,0.95,1.9,0.9,5,True,0.9,5,True
B1,m6_4-trial-013,MEDIUM,0.98,0.98,1.9,0.9,5,True,0.9,5,True
B1,m6_4-trial-013,MEDIUM,0.99,0.99,1.9,0.9,5,True,0.9,5,True
B1,m6_4-trial-013,MEDIUM,1.0,1.00,1.9,0.9,5,True,0.9,5,True
B1,m6_4-trial-013,CONSERVATIVE,0.5,0.50,1.9,1.9,0,False,1.9,0,True
B1,m6_4-trial-013,CONSERVATIVE,0.6,0.60,1.9,1.9,0,False,1.9,0,True
B1,m6_4-trial-013,CONSERVATIVE,0.7,0.70,1.9,0.9,5,True,0.9,5,True
B1,m6_4-trial-013,CONSERVATIVE,0.8,0.80,1.9,0.9,5,True,0.9,5,True
B1,m6_4-trial-013,CONSERVATIVE,0.9,0.90,1.9,0.9,5,True,0.9,5,True
B1,m6_4-trial-013,CONSERVATIVE,0.95,0.95,1.9,0.9,5,True,0.9,5,True
B1,m6_4-trial-013,CONSERVATIVE,0.98,0.98,1.9,0.9,5,True,0.9,5,True
B1,m6_4-trial-013,CONSERVATIVE,0.99,0.99,1.9,0.9,5,True,0.9,5,True
B1,m6_4-trial-013,CONSERVATIVE,1.0,1.00,1.9,0.9,5,True,0.9,5,True
B1,m6_4-trial-014,FAST,0.5,0.50,1.7,1.7,0,False,1.7,0,True
B1,m6_4-trial-014,FAST,0.6,0.60,1.7,1.7,0,False,1.7,0,True
B1,m6_4-trial-014,FAST,0.7,0.70,1.7,1.5,8,True,1.5,8,True
B1,m6_4-trial-014,FAST,0.8,0.80,1.7,1.5,8,True,1.5,8,True
B1,m6_4-trial-014,FAST,0.9,0.90,1.7,1.5,8,True,1.5,8,True
B1,m6_4-trial-014,FAST,0.95,0.95,1.7,1.5,8,True,1.5,8,True
B1,m6_4-trial-014,FAST,0.98,0.98,1.7,1.5,8,True,1.5,8,True
B1,m6_4-trial-014,FAST,0.99,0.99,1.7,1.5,8,True,1.5,8,True
B1,m6_4-trial-014,FAST,1.0,1.00,1.7,1.5,8,True,1.5,8,True
B1,m6_4-trial-014,MEDIUM,0.5,0.50,1.9,1.9,0,False,1.9,0,True
B1,m6_4-trial-014,MEDIUM,0.6,0.60,1.9,1.9,0,False,1.9,0,True
B1,m6_4-trial-014,MEDIUM,0.7,0.70,1.9,1.5,8,True,1.5,8,True
B1,m6_4-trial-014,MEDIUM,0.8,0.80,1.9,1.5,8,True,1.5,8,True
B1,m6_4-trial-014,MEDIUM,0.9,0.90,1.9,1.5,8,True,1.5,8,True
B1,m6_4-trial-014,MEDIUM,0.95,0.95,1.9,1.5,8,True,1.5,8,True
B1,m6_4-trial-014,MEDIUM,0.98,0.98,1.9,1.5,8,True,1.5,8,True
B1,m6_4-trial-014,MEDIUM,0.99,0.99,1.9,1.5,8,True,1.5,8,True
B1,m6_4-trial-014,MEDIUM,1.0,1.00,1.9,1.5,8,True,1.5,8,True
B1,m6_4-trial-014,CONSERVATIVE,0.5,0.50,1.9,1.9,0,False,1.9,0,True
B1,m6_4-trial-014,CONSERVATIVE,0.6,0.60,1.9,1.9,0,False,1.9,0,True
B1,m6_4-trial-014,CONSERVATIVE,0.7,0.70,1.9,1.5,8,True,1.5,8,True
B1,m6_4-trial-014,CONSERVATIVE,0.8,0.80,1.9,1.5,8,True,1.5,8,True
B1,m6_4-trial-014,CONSERVATIVE,0.9,0.90,1.9,1.5,8,True,1.5,8,True
B1,m6_4-trial-014,CONSERVATIVE,0.95,0.95,1.9,1.5,8,True,1.5,8,True
B1,m6_4-trial-014,CONSERVATIVE,0.98,0.98,1.9,1.5,8,True,1.5,8,True
B1,m6_4-trial-014,CONSERVATIVE,0.99,0.99,1.9,1.5,8,True,1.5,8,True
B1,m6_4-trial-014,CONSERVATIVE,1.0,1.00,1.9,1.5,8,True,1.5,8,True
B1,m6_4-trial-015,FAST,0.5,0.50,1.0,1.0,0,False,1.0,0,True
B1,m6_4-trial-015,FAST,0.6,0.60,1.0,1.0,0,False,1.0,0,True
B1,m6_4-trial-015,FAST,0.7,0.70,1.0,0.9,5,True,0.9,5,True
B1,m6_4-trial-015,FAST,0.8,0.80,1.0,0.9,5,True,0.9,5,True
B1,m6_4-trial-015,FAST,0.9,0.90,1.0,0.9,5,True,0.9,5,True
B1,m6_4-trial-015,FAST,0.95,0.95,1.0,0.9,5,True,0.9,5,True
B1,m6_4-trial-015,FAST,0.98,0.98,1.0,0.9,5,True,0.9,5,True
B1,m6_4-trial-015,FAST,0.99,0.99,1.0,0.9,5,True,0.9,5,True
B1,m6_4-trial-015,FAST,1.0,1.00,1.0,0.9,5,True,0.9,5,True
B1,m6_4-trial-015,MEDIUM,0.5,0.50,1.4,1.4,0,False,1.4,0,True
B1,m6_4-trial-015,MEDIUM,0.6,0.60,1.4,1.4,0,False,1.4,0,True
B1,m6_4-trial-015,MEDIUM,0.7,0.70,1.4,0.9,5,True,0.9,5,True
B1,m6_4-trial-015,MEDIUM,0.8,0.80,1.4,0.9,5,True,0.9,5,True
B1,m6_4-trial-015,MEDIUM,0.9,0.90,1.4,0.9,5,True,0.9,5,True
B1,m6_4-trial-015,MEDIUM,0.95,0.95,1.4,0.9,5,True,0.9,5,True
B1,m6_4-trial-015,MEDIUM,0.98,0.98,1.4,0.9,5,True,0.9,5,True
B1,m6_4-trial-015,MEDIUM,0.99,0.99,1.4,0.9,5,True,0.9,5,True
B1,m6_4-trial-015,MEDIUM,1.0,1.00,1.4,0.9,5,True,0.9,5,True
B1,m6_4-trial-015,CONSERVATIVE,0.5,0.50,1.5,1.5,0,False,1.5,0,True
B1,m6_4-trial-015,CONSERVATIVE,0.6,0.60,1.5,1.5,0,False,1.5,0,True
B1,m6_4-trial-015,CONSERVATIVE,0.7,0.70,1.5,0.9,5,True,0.9,5,True
B1,m6_4-trial-015,CONSERVATIVE,0.8,0.80,1.5,0.9,5,True,0.9,5,True
B1,m6_4-trial-015,CONSERVATIVE,0.9,0.90,1.5,0.9,5,True,0.9,5,True
B1,m6_4-trial-015,CONSERVATIVE,0.95,0.95,1.5,0.9,5,True,0.9,5,True
B1,m6_4-trial-015,CONSERVATIVE,0.98,0.98,1.5,0.9,5,True,0.9,5,True
B1,m6_4-trial-015,CONSERVATIVE,0.99,0.99,1.5,0.9,5,True,0.9,5,True
B1,m6_4-trial-015,CONSERVATIVE,1.0,1.00,1.5,0.9,5,True,0.9,5,True
B1,m6_4-trial-016,FAST,0.5,0.50,1.2,1.2,0,False,1.2,0,True
B1,m6_4-trial-016,FAST,0.6,0.60,1.2,1.2,0,False,1.2,0,True
B1,m6_4-trial-016,FAST,0.7,0.70,1.2,1.0,5,True,1.0,5,True
B1,m6_4-trial-016,FAST,0.8,0.80,1.2,1.0,5,True,1.0,5,True
B1,m6_4-trial-016,FAST,0.9,0.90,1.2,1.0,5,True,1.0,5,True
B1,m6_4-trial-016,FAST,0.95,0.95,1.2,1.0,5,True,1.0,5,True
B1,m6_4-trial-016,FAST,0.98,0.98,1.2,1.0,5,True,1.0,5,True
B1,m6_4-trial-016,FAST,0.99,0.99,1.2,1.0,5,True,1.0,5,True
B1,m6_4-trial-016,FAST,1.0,1.00,1.2,1.0,5,True,1.0,5,True
B1,m6_4-trial-016,MEDIUM,0.5,0.50,1.3,1.3,0,False,1.3,0,True
B1,m6_4-trial-016,MEDIUM,0.6,0.60,1.3,1.3,0,False,1.3,0,True
B1,m6_4-trial-016,MEDIUM,0.7,0.70,1.3,1.0,5,True,1.0,5,True
B1,m6_4-trial-016,MEDIUM,0.8,0.80,1.3,1.0,5,True,1.0,5,True
B1,m6_4-trial-016,MEDIUM,0.9,0.90,1.3,1.0,5,True,1.0,5,True
B1,m6_4-trial-016,MEDIUM,0.95,0.95,1.3,1.0,5,True,1.0,5,True
B1,m6_4-trial-016,MEDIUM,0.98,0.98,1.3,1.0,5,True,1.0,5,True
B1,m6_4-trial-016,MEDIUM,0.99,0.99,1.3,1.0,5,True,1.0,5,True
B1,m6_4-trial-016,MEDIUM,1.0,1.00,1.3,1.0,5,True,1.0,5,True
B1,m6_4-trial-016,CONSERVATIVE,0.5,0.50,1.9,1.9,0,False,1.9,0,True
B1,m6_4-trial-016,CONSERVATIVE,0.6,0.60,1.9,1.9,0,False,1.9,0,True
B1,m6_4-trial-016,CONSERVATIVE,0.7,0.70,1.9,1.0,5,True,1.0,5,True
B1,m6_4-trial-016,CONSERVATIVE,0.8,0.80,1.9,1.0,5,True,1.0,5,True
B1,m6_4-trial-016,CONSERVATIVE,0.9,0.90,1.9,1.0,5,True,1.0,5,True
B1,m6_4-trial-016,CONSERVATIVE,0.95,0.95,1.9,1.0,5,True,1.0,5,True
B1,m6_4-trial-016,CONSERVATIVE,0.98,0.98,1.9,1.0,5,True,1.0,5,True
B1,m6_4-trial-016,CONSERVATIVE,0.99,0.99,1.9,1.0,5,True,1.0,5,True
B1,m6_4-trial-016,CONSERVATIVE,1.0,1.00,1.9,1.0,5,True,1.0,5,True
B1,m6_4-trial-017,FAST,0.5,0.50,0.9,0.9,0,False,0.9,0,True
B1,m6_4-trial-017,FAST,0.6,0.60,0.9,0.9,0,False,0.9,0,True
B1,m6_4-trial-017,FAST,0.7,0.70,0.9,0.9,5,False,0.9,5,True
B1,m6_4-trial-017,FAST,0.8,0.80,0.9,0.9,5,False,0.9,5,True
B1,m6_4-trial-017,FAST,0.9,0.90,0.9,0.9,5,False,0.9,5,True
B1,m6_4-trial-017,FAST,0.95,0.95,0.9,0.9,5,False,0.9,5,True
B1,m6_4-trial-017,FAST,0.98,0.98,0.9,0.9,5,False,0.9,5,True
B1,m6_4-trial-017,FAST,0.99,0.99,0.9,0.9,5,False,0.9,5,True
B1,m6_4-trial-017,FAST,1.0,1.00,0.9,0.9,5,False,0.9,5,True
B1,m6_4-trial-017,MEDIUM,0.5,0.50,0.9,0.9,0,False,0.9,0,True
B1,m6_4-trial-017,MEDIUM,0.6,0.60,0.9,0.9,0,False,0.9,0,True
B1,m6_4-trial-017,MEDIUM,0.7,0.70,0.9,0.9,5,False,0.9,5,True
B1,m6_4-trial-017,MEDIUM,0.8,0.80,0.9,0.9,5,False,0.9,5,True
B1,m6_4-trial-017,MEDIUM,0.9,0.90,0.9,0.9,5,False,0.9,5,True
B1,m6_4-trial-017,MEDIUM,0.95,0.95,0.9,0.9,5,False,0.9,5,True
B1,m6_4-trial-017,MEDIUM,0.98,0.98,0.9,0.9,5,False,0.9,5,True
B1,m6_4-trial-017,MEDIUM,0.99,0.99,0.9,0.9,5,False,0.9,5,True
B1,m6_4-trial-017,MEDIUM,1.0,1.00,0.9,0.9,5,False,0.9,5,True
B1,m6_4-trial-017,CONSERVATIVE,0.5,0.50,1.0,1.0,0,False,1.0,0,True
B1,m6_4-trial-017,CONSERVATIVE,0.6,0.60,1.0,1.0,0,False,1.0,0,True
B1,m6_4-trial-017,CONSERVATIVE,0.7,0.70,1.0,0.9,5,True,0.9,5,True
B1,m6_4-trial-017,CONSERVATIVE,0.8,0.80,1.0,0.9,5,True,0.9,5,True
B1,m6_4-trial-017,CONSERVATIVE,0.9,0.90,1.0,0.9,5,True,0.9,5,True
B1,m6_4-trial-017,CONSERVATIVE,0.95,0.95,1.0,0.9,5,True,0.9,5,True
B1,m6_4-trial-017,CONSERVATIVE,0.98,0.98,1.0,0.9,5,True,0.9,5,True
B1,m6_4-trial-017,CONSERVATIVE,0.99,0.99,1.0,0.9,5,True,0.9,5,True
B1,m6_4-trial-017,CONSERVATIVE,1.0,1.00,1.0,0.9,5,True,0.9,5,True
B1,m6_4-trial-018,FAST,0.5,0.50,0.9,0.9,0,False,0.9,0,True
B1,m6_4-trial-018,FAST,0.6,0.60,0.9,0.9,0,False,0.9,0,True
B1,m6_4-trial-018,FAST,0.7,0.70,0.9,0.9,5,False,0.9,5,True
B1,m6_4-trial-018,FAST,0.8,0.80,0.9,0.9,5,False,0.9,5,True
B1,m6_4-trial-018,FAST,0.9,0.90,0.9,0.9,5,False,0.9,5,True
B1,m6_4-trial-018,FAST,0.95,0.95,0.9,0.9,5,False,0.9,5,True
B1,m6_4-trial-018,FAST,0.98,0.98,0.9,0.9,5,False,0.9,5,True
B1,m6_4-trial-018,FAST,0.99,0.99,0.9,0.9,5,False,0.9,5,True
B1,m6_4-trial-018,FAST,1.0,1.00,0.9,0.9,5,False,0.9,5,True
B1,m6_4-trial-018,MEDIUM,0.5,0.50,0.9,0.9,0,False,0.9,0,True
B1,m6_4-trial-018,MEDIUM,0.6,0.60,0.9,0.9,0,False,0.9,0,True
B1,m6_4-trial-018,MEDIUM,0.7,0.70,0.9,0.9,5,False,0.9,5,True
B1,m6_4-trial-018,MEDIUM,0.8,0.80,0.9,0.9,5,False,0.9,5,True
B1,m6_4-trial-018,MEDIUM,0.9,0.90,0.9,0.9,5,False,0.9,5,True
B1,m6_4-trial-018,MEDIUM,0.95,0.95,0.9,0.9,5,False,0.9,5,True
B1,m6_4-trial-018,MEDIUM,0.98,0.98,0.9,0.9,5,False,0.9,5,True
B1,m6_4-trial-018,MEDIUM,0.99,0.99,0.9,0.9,5,False,0.9,5,True
B1,m6_4-trial-018,MEDIUM,1.0,1.00,0.9,0.9,5,False,0.9,5,True
B1,m6_4-trial-018,CONSERVATIVE,0.5,0.50,1.3,1.3,0,False,1.3,0,True
B1,m6_4-trial-018,CONSERVATIVE,0.6,0.60,1.3,1.3,0,False,1.3,0,True
B1,m6_4-trial-018,CONSERVATIVE,0.7,0.70,1.3,0.9,5,True,0.9,5,True
B1,m6_4-trial-018,CONSERVATIVE,0.8,0.80,1.3,0.9,5,True,0.9,5,True
B1,m6_4-trial-018,CONSERVATIVE,0.9,0.90,1.3,0.9,5,True,0.9,5,True
B1,m6_4-trial-018,CONSERVATIVE,0.95,0.95,1.3,0.9,5,True,0.9,5,True
B1,m6_4-trial-018,CONSERVATIVE,0.98,0.98,1.3,0.9,5,True,0.9,5,True
B1,m6_4-trial-018,CONSERVATIVE,0.99,0.99,1.3,0.9,5,True,0.9,5,True
B1,m6_4-trial-018,CONSERVATIVE,1.0,1.00,1.3,0.9,5,True,0.9,5,True
B1,m6_4-trial-019,FAST,0.5,0.50,0.9,0.9,0,False,0.9,0,True
B1,m6_4-trial-019,FAST,0.6,0.60,0.9,0.9,0,False,0.9,0,True
B1,m6_4-trial-019,FAST,0.7,0.70,0.9,0.9,5,False,0.9,5,True
B1,m6_4-trial-019,FAST,0.8,0.80,0.9,0.9,5,False,0.9,5,True
B1,m6_4-trial-019,FAST,0.9,0.90,0.9,0.9,5,False,0.9,5,True
B1,m6_4-trial-019,FAST,0.95,0.95,0.9,0.9,5,False,0.9,5,True
B1,m6_4-trial-019,FAST,0.98,0.98,0.9,0.9,5,False,0.9,5,True
B1,m6_4-trial-019,FAST,0.99,0.99,0.9,0.9,5,False,0.9,5,True
B1,m6_4-trial-019,FAST,1.0,1.00,0.9,0.9,5,False,0.9,5,True
B1,m6_4-trial-019,MEDIUM,0.5,0.50,1.0,1.0,0,False,1.0,0,True
B1,m6_4-trial-019,MEDIUM,0.6,0.60,1.0,1.0,0,False,1.0,0,True
B1,m6_4-trial-019,MEDIUM,0.7,0.70,1.0,0.9,5,True,0.9,5,True
B1,m6_4-trial-019,MEDIUM,0.8,0.80,1.0,0.9,5,True,0.9,5,True
B1,m6_4-trial-019,MEDIUM,0.9,0.90,1.0,0.9,5,True,0.9,5,True
B1,m6_4-trial-019,MEDIUM,0.95,0.95,1.0,0.9,5,True,0.9,5,True
B1,m6_4-trial-019,MEDIUM,0.98,0.98,1.0,0.9,5,True,0.9,5,True
B1,m6_4-trial-019,MEDIUM,0.99,0.99,1.0,0.9,5,True,0.9,5,True
B1,m6_4-trial-019,MEDIUM,1.0,1.00,1.0,0.9,5,True,0.9,5,True
B1,m6_4-trial-019,CONSERVATIVE,0.5,0.50,1.0,1.0,0,False,1.0,0,True
B1,m6_4-trial-019,CONSERVATIVE,0.6,0.60,1.0,1.0,0,False,1.0,0,True
B1,m6_4-trial-019,CONSERVATIVE,0.7,0.70,1.0,0.9,5,True,0.9,5,True
B1,m6_4-trial-019,CONSERVATIVE,0.8,0.80,1.0,0.9,5,True,0.9,5,True
B1,m6_4-trial-019,CONSERVATIVE,0.9,0.90,1.0,0.9,5,True,0.9,5,True
B1,m6_4-trial-019,CONSERVATIVE,0.95,0.95,1.0,0.9,5,True,0.9,5,True
B1,m6_4-trial-019,CONSERVATIVE,0.98,0.98,1.0,0.9,5,True,0.9,5,True
B1,m6_4-trial-019,CONSERVATIVE,0.99,0.99,1.0,0.9,5,True,0.9,5,True
B1,m6_4-trial-019,CONSERVATIVE,1.0,1.00,1.0,0.9,5,True,0.9,5,True
B1,m6_4-trial-020,FAST,0.5,0.50,1.6,1.6,0,False,1.6,0,True
B1,m6_4-trial-020,FAST,0.6,0.60,1.6,1.6,0,False,1.6,0,True
B1,m6_4-trial-020,FAST,0.7,0.70,1.6,0.9,5,True,0.9,5,True
B1,m6_4-trial-020,FAST,0.8,0.80,1.6,0.9,5,True,0.9,5,True
B1,m6_4-trial-020,FAST,0.9,0.90,1.6,0.9,5,True,0.9,5,True
B1,m6_4-trial-020,FAST,0.95,0.95,1.6,0.9,5,True,0.9,5,True
B1,m6_4-trial-020,FAST,0.98,0.98,1.6,0.9,5,True,0.9,5,True
B1,m6_4-trial-020,FAST,0.99,0.99,1.6,0.9,5,True,0.9,5,True
B1,m6_4-trial-020,FAST,1.0,1.00,1.6,0.9,5,True,0.9,5,True
B1,m6_4-trial-020,MEDIUM,0.5,0.50,1.6,1.6,0,False,1.6,0,True
B1,m6_4-trial-020,MEDIUM,0.6,0.60,1.6,1.6,0,False,1.6,0,True
B1,m6_4-trial-020,MEDIUM,0.7,0.70,1.6,0.9,5,True,0.9,5,True
B1,m6_4-trial-020,MEDIUM,0.8,0.80,1.6,0.9,5,True,0.9,5,True
B1,m6_4-trial-020,MEDIUM,0.9,0.90,1.6,0.9,5,True,0.9,5,True
B1,m6_4-trial-020,MEDIUM,0.95,0.95,1.6,0.9,5,True,0.9,5,True
B1,m6_4-trial-020,MEDIUM,0.98,0.98,1.6,0.9,5,True,0.9,5,True
B1,m6_4-trial-020,MEDIUM,0.99,0.99,1.6,0.9,5,True,0.9,5,True
B1,m6_4-trial-020,MEDIUM,1.0,1.00,1.6,0.9,5,True,0.9,5,True
B1,m6_4-trial-020,CONSERVATIVE,0.5,0.50,1.8,1.8,0,False,1.8,0,True
B1,m6_4-trial-020,CONSERVATIVE,0.6,0.60,1.8,1.8,0,False,1.8,0,True
B1,m6_4-trial-020,CONSERVATIVE,0.7,0.70,1.8,0.9,5,True,0.9,5,True
B1,m6_4-trial-020,CONSERVATIVE,0.8,0.80,1.8,0.9,5,True,0.9,5,True
B1,m6_4-trial-020,CONSERVATIVE,0.9,0.90,1.8,0.9,5,True,0.9,5,True
B1,m6_4-trial-020,CONSERVATIVE,0.95,0.95,1.8,0.9,5,True,0.9,5,True
B1,m6_4-trial-020,CONSERVATIVE,0.98,0.98,1.8,0.9,5,True,0.9,5,True
B1,m6_4-trial-020,CONSERVATIVE,0.99,0.99,1.8,0.9,5,True,0.9,5,True
B1,m6_4-trial-020,CONSERVATIVE,1.0,1.00,1.8,0.9,5,True,0.9,5,True
B1,m6_4-trial-021,FAST,0.5,0.50,1.3,1.3,0,False,1.3,0,True
B1,m6_4-trial-021,FAST,0.6,0.60,1.3,1.3,0,False,1.3,0,True
B1,m6_4-trial-021,FAST,0.7,0.70,1.3,0.9,5,True,0.9,5,True
B1,m6_4-trial-021,FAST,0.8,0.80,1.3,0.9,5,True,0.9,5,True
B1,m6_4-trial-021,FAST,0.9,0.90,1.3,0.9,5,True,0.9,5,True
B1,m6_4-trial-021,FAST,0.95,0.95,1.3,0.9,5,True,0.9,5,True
B1,m6_4-trial-021,FAST,0.98,0.98,1.3,0.9,5,True,0.9,5,True
B1,m6_4-trial-021,FAST,0.99,0.99,1.3,0.9,5,True,0.9,5,True
B1,m6_4-trial-021,FAST,1.0,1.00,1.3,0.9,5,True,0.9,5,True
B1,m6_4-trial-021,MEDIUM,0.5,0.50,1.3,1.3,0,False,1.3,0,True
B1,m6_4-trial-021,MEDIUM,0.6,0.60,1.3,1.3,0,False,1.3,0,True
B1,m6_4-trial-021,MEDIUM,0.7,0.70,1.3,0.9,5,True,0.9,5,True
B1,m6_4-trial-021,MEDIUM,0.8,0.80,1.3,0.9,5,True,0.9,5,True
B1,m6_4-trial-021,MEDIUM,0.9,0.90,1.3,0.9,5,True,0.9,5,True
B1,m6_4-trial-021,MEDIUM,0.95,0.95,1.3,0.9,5,True,0.9,5,True
B1,m6_4-trial-021,MEDIUM,0.98,0.98,1.3,0.9,5,True,0.9,5,True
B1,m6_4-trial-021,MEDIUM,0.99,0.99,1.3,0.9,5,True,0.9,5,True
B1,m6_4-trial-021,MEDIUM,1.0,1.00,1.3,0.9,5,True,0.9,5,True
B1,m6_4-trial-021,CONSERVATIVE,0.5,0.50,1.7,1.7,0,False,1.7,0,True
B1,m6_4-trial-021,CONSERVATIVE,0.6,0.60,1.7,1.7,0,False,1.7,0,True
B1,m6_4-trial-021,CONSERVATIVE,0.7,0.70,1.7,0.9,5,True,0.9,5,True
B1,m6_4-trial-021,CONSERVATIVE,0.8,0.80,1.7,0.9,5,True,0.9,5,True
B1,m6_4-trial-021,CONSERVATIVE,0.9,0.90,1.7,0.9,5,True,0.9,5,True
B1,m6_4-trial-021,CONSERVATIVE,0.95,0.95,1.7,0.9,5,True,0.9,5,True
B1,m6_4-trial-021,CONSERVATIVE,0.98,0.98,1.7,0.9,5,True,0.9,5,True
B1,m6_4-trial-021,CONSERVATIVE,0.99,0.99,1.7,0.9,5,True,0.9,5,True
B1,m6_4-trial-021,CONSERVATIVE,1.0,1.00,1.7,0.9,5,True,0.9,5,True
B1,m6_4-trial-022,FAST,0.5,0.50,1.9,1.9,0,False,1.9,0,True
B1,m6_4-trial-022,FAST,0.6,0.60,1.9,1.9,0,False,1.9,0,True
B1,m6_4-trial-022,FAST,0.7,0.70,1.9,0.9,5,True,0.9,5,True
B1,m6_4-trial-022,FAST,0.8,0.80,1.9,0.9,5,True,0.9,5,True
B1,m6_4-trial-022,FAST,0.9,0.90,1.9,0.9,5,True,0.9,5,True
B1,m6_4-trial-022,FAST,0.95,0.95,1.9,0.9,5,True,0.9,5,True
B1,m6_4-trial-022,FAST,0.98,0.98,1.9,0.9,5,True,0.9,5,True
B1,m6_4-trial-022,FAST,0.99,0.99,1.9,0.9,5,True,0.9,5,True
B1,m6_4-trial-022,FAST,1.0,1.00,1.9,0.9,5,True,0.9,5,True
B1,m6_4-trial-022,MEDIUM,0.5,0.50,1.9,1.9,0,False,1.9,0,True
B1,m6_4-trial-022,MEDIUM,0.6,0.60,1.9,1.9,0,False,1.9,0,True
B1,m6_4-trial-022,MEDIUM,0.7,0.70,1.9,0.9,5,True,0.9,5,True
B1,m6_4-trial-022,MEDIUM,0.8,0.80,1.9,0.9,5,True,0.9,5,True
B1,m6_4-trial-022,MEDIUM,0.9,0.90,1.9,0.9,5,True,0.9,5,True
B1,m6_4-trial-022,MEDIUM,0.95,0.95,1.9,0.9,5,True,0.9,5,True
B1,m6_4-trial-022,MEDIUM,0.98,0.98,1.9,0.9,5,True,0.9,5,True
B1,m6_4-trial-022,MEDIUM,0.99,0.99,1.9,0.9,5,True,0.9,5,True
B1,m6_4-trial-022,MEDIUM,1.0,1.00,1.9,0.9,5,True,0.9,5,True
B1,m6_4-trial-022,CONSERVATIVE,0.5,0.50,1.9,1.9,0,False,1.9,0,True
B1,m6_4-trial-022,CONSERVATIVE,0.6,0.60,1.9,1.9,0,False,1.9,0,True
B1,m6_4-trial-022,CONSERVATIVE,0.7,0.70,1.9,0.9,5,True,0.9,5,True
B1,m6_4-trial-022,CONSERVATIVE,0.8,0.80,1.9,0.9,5,True,0.9,5,True
B1,m6_4-trial-022,CONSERVATIVE,0.9,0.90,1.9,0.9,5,True,0.9,5,True
B1,m6_4-trial-022,CONSERVATIVE,0.95,0.95,1.9,0.9,5,True,0.9,5,True
B1,m6_4-trial-022,CONSERVATIVE,0.98,0.98,1.9,0.9,5,True,0.9,5,True
B1,m6_4-trial-022,CONSERVATIVE,0.99,0.99,1.9,0.9,5,True,0.9,5,True
B1,m6_4-trial-022,CONSERVATIVE,1.0,1.00,1.9,0.9,5,True,0.9,5,True
B1,m6_4-trial-023,FAST,0.5,0.50,1.0,1.0,0,False,1.0,0,True
B1,m6_4-trial-023,FAST,0.6,0.60,1.0,1.0,0,False,1.0,0,True
B1,m6_4-trial-023,FAST,0.7,0.70,1.0,0.9,5,True,0.9,5,True
B1,m6_4-trial-023,FAST,0.8,0.80,1.0,0.9,5,True,0.9,5,True
B1,m6_4-trial-023,FAST,0.9,0.90,1.0,0.9,5,True,0.9,5,True
B1,m6_4-trial-023,FAST,0.95,0.95,1.0,0.9,5,True,0.9,5,True
B1,m6_4-trial-023,FAST,0.98,0.98,1.0,0.9,5,True,0.9,5,True
B1,m6_4-trial-023,FAST,0.99,0.99,1.0,0.9,5,True,0.9,5,True
B1,m6_4-trial-023,FAST,1.0,1.00,1.0,0.9,5,True,0.9,5,True
B1,m6_4-trial-023,MEDIUM,0.5,0.50,1.2,1.2,0,False,1.2,0,True
B1,m6_4-trial-023,MEDIUM,0.6,0.60,1.2,1.2,0,False,1.2,0,True
B1,m6_4-trial-023,MEDIUM,0.7,0.70,1.2,0.9,5,True,0.9,5,True
B1,m6_4-trial-023,MEDIUM,0.8,0.80,1.2,0.9,5,True,0.9,5,True
B1,m6_4-trial-023,MEDIUM,0.9,0.90,1.2,0.9,5,True,0.9,5,True
B1,m6_4-trial-023,MEDIUM,0.95,0.95,1.2,0.9,5,True,0.9,5,True
B1,m6_4-trial-023,MEDIUM,0.98,0.98,1.2,0.9,5,True,0.9,5,True
B1,m6_4-trial-023,MEDIUM,0.99,0.99,1.2,0.9,5,True,0.9,5,True
B1,m6_4-trial-023,MEDIUM,1.0,1.00,1.2,0.9,5,True,0.9,5,True
B1,m6_4-trial-023,CONSERVATIVE,0.5,0.50,1.6,1.6,0,False,1.6,0,True
B1,m6_4-trial-023,CONSERVATIVE,0.6,0.60,1.6,1.6,0,False,1.6,0,True
B1,m6_4-trial-023,CONSERVATIVE,0.7,0.70,1.6,0.9,5,True,0.9,5,True
B1,m6_4-trial-023,CONSERVATIVE,0.8,0.80,1.6,0.9,5,True,0.9,5,True
B1,m6_4-trial-023,CONSERVATIVE,0.9,0.90,1.6,0.9,5,True,0.9,5,True
B1,m6_4-trial-023,CONSERVATIVE,0.95,0.95,1.6,0.9,5,True,0.9,5,True
B1,m6_4-trial-023,CONSERVATIVE,0.98,0.98,1.6,0.9,5,True,0.9,5,True
B1,m6_4-trial-023,CONSERVATIVE,0.99,0.99,1.6,0.9,5,True,0.9,5,True
B1,m6_4-trial-023,CONSERVATIVE,1.0,1.00,1.6,0.9,5,True,0.9,5,True
B1,m6_4-trial-024,FAST,0.5,0.50,0.9,0.9,0,False,0.9,0,True
B1,m6_4-trial-024,FAST,0.6,0.60,0.9,0.9,0,False,0.9,0,True
B1,m6_4-trial-024,FAST,0.7,0.70,0.9,0.9,5,False,0.9,5,True
B1,m6_4-trial-024,FAST,0.8,0.80,0.9,0.9,5,False,0.9,5,True
B1,m6_4-trial-024,FAST,0.9,0.90,0.9,0.9,5,False,0.9,5,True
B1,m6_4-trial-024,FAST,0.95,0.95,0.9,0.9,5,False,0.9,5,True
B1,m6_4-trial-024,FAST,0.98,0.98,0.9,0.9,5,False,0.9,5,True
B1,m6_4-trial-024,FAST,0.99,0.99,0.9,0.9,5,False,0.9,5,True
B1,m6_4-trial-024,FAST,1.0,1.00,0.9,0.9,5,False,0.9,5,True
B1,m6_4-trial-024,MEDIUM,0.5,0.50,0.9,0.9,0,False,0.9,0,True
B1,m6_4-trial-024,MEDIUM,0.6,0.60,0.9,0.9,0,False,0.9,0,True
B1,m6_4-trial-024,MEDIUM,0.7,0.70,0.9,0.9,5,False,0.9,5,True
B1,m6_4-trial-024,MEDIUM,0.8,0.80,0.9,0.9,5,False,0.9,5,True
B1,m6_4-trial-024,MEDIUM,0.9,0.90,0.9,0.9,5,False,0.9,5,True
B1,m6_4-trial-024,MEDIUM,0.95,0.95,0.9,0.9,5,False,0.9,5,True
B1,m6_4-trial-024,MEDIUM,0.98,0.98,0.9,0.9,5,False,0.9,5,True
B1,m6_4-trial-024,MEDIUM,0.99,0.99,0.9,0.9,5,False,0.9,5,True
B1,m6_4-trial-024,MEDIUM,1.0,1.00,0.9,0.9,5,False,0.9,5,True
B1,m6_4-trial-024,CONSERVATIVE,0.5,0.50,1.0,1.0,0,False,1.0,0,True
B1,m6_4-trial-024,CONSERVATIVE,0.6,0.60,1.0,1.0,0,False,1.0,0,True
B1,m6_4-trial-024,CONSERVATIVE,0.7,0.70,1.0,0.9,5,True,0.9,5,True
B1,m6_4-trial-024,CONSERVATIVE,0.8,0.80,1.0,0.9,5,True,0.9,5,True
B1,m6_4-trial-024,CONSERVATIVE,0.9,0.90,1.0,0.9,5,True,0.9,5,True
B1,m6_4-trial-024,CONSERVATIVE,0.95,0.95,1.0,0.9,5,True,0.9,5,True
B1,m6_4-trial-024,CONSERVATIVE,0.98,0.98,1.0,0.9,5,True,0.9,5,True
B1,m6_4-trial-024,CONSERVATIVE,0.99,0.99,1.0,0.9,5,True,0.9,5,True
B1,m6_4-trial-024,CONSERVATIVE,1.0,1.00,1.0,0.9,5,True,0.9,5,True
B1,m6_4-trial-025,FAST,0.5,0.50,1.1,1.1,0,False,1.1,0,True
B1,m6_4-trial-025,FAST,0.6,0.60,1.1,1.1,0,False,1.1,0,True
B1,m6_4-trial-025,FAST,0.7,0.70,1.1,0.9,5,True,0.9,5,True
B1,m6_4-trial-025,FAST,0.8,0.80,1.1,0.9,5,True,0.9,5,True
B1,m6_4-trial-025,FAST,0.9,0.90,1.1,0.9,5,True,0.9,5,True
B1,m6_4-trial-025,FAST,0.95,0.95,1.1,0.9,5,True,0.9,5,True
B1,m6_4-trial-025,FAST,0.98,0.98,1.1,0.9,5,True,0.9,5,True
B1,m6_4-trial-025,FAST,0.99,0.99,1.1,0.9,5,True,0.9,5,True
B1,m6_4-trial-025,FAST,1.0,1.00,1.1,0.9,5,True,0.9,5,True
B1,m6_4-trial-025,MEDIUM,0.5,0.50,1.1,1.1,0,False,1.1,0,True
B1,m6_4-trial-025,MEDIUM,0.6,0.60,1.1,1.1,0,False,1.1,0,True
B1,m6_4-trial-025,MEDIUM,0.7,0.70,1.1,0.9,5,True,0.9,5,True
B1,m6_4-trial-025,MEDIUM,0.8,0.80,1.1,0.9,5,True,0.9,5,True
B1,m6_4-trial-025,MEDIUM,0.9,0.90,1.1,0.9,5,True,0.9,5,True
B1,m6_4-trial-025,MEDIUM,0.95,0.95,1.1,0.9,5,True,0.9,5,True
B1,m6_4-trial-025,MEDIUM,0.98,0.98,1.1,0.9,5,True,0.9,5,True
B1,m6_4-trial-025,MEDIUM,0.99,0.99,1.1,0.9,5,True,0.9,5,True
B1,m6_4-trial-025,MEDIUM,1.0,1.00,1.1,0.9,5,True,0.9,5,True
B1,m6_4-trial-025,CONSERVATIVE,0.5,0.50,1.3,1.3,0,False,1.3,0,True
B1,m6_4-trial-025,CONSERVATIVE,0.6,0.60,1.3,1.3,0,False,1.3,0,True
B1,m6_4-trial-025,CONSERVATIVE,0.7,0.70,1.3,0.9,5,True,0.9,5,True
B1,m6_4-trial-025,CONSERVATIVE,0.8,0.80,1.3,0.9,5,True,0.9,5,True
B1,m6_4-trial-025,CONSERVATIVE,0.9,0.90,1.3,0.9,5,True,0.9,5,True
B1,m6_4-trial-025,CONSERVATIVE,0.95,0.95,1.3,0.9,5,True,0.9,5,True
B1,m6_4-trial-025,CONSERVATIVE,0.98,0.98,1.3,0.9,5,True,0.9,5,True
B1,m6_4-trial-025,CONSERVATIVE,0.99,0.99,1.3,0.9,5,True,0.9,5,True
B1,m6_4-trial-025,CONSERVATIVE,1.0,1.00,1.3,0.9,5,True,0.9,5,True
B1,m6_4-trial-026,FAST,0.5,0.50,0.9,0.9,0,False,0.9,0,True
B1,m6_4-trial-026,FAST,0.6,0.60,0.9,0.9,0,False,0.9,0,True
B1,m6_4-trial-026,FAST,0.7,0.70,0.9,0.9,5,False,0.9,5,True
B1,m6_4-trial-026,FAST,0.8,0.80,0.9,0.9,5,False,0.9,5,True
B1,m6_4-trial-026,FAST,0.9,0.90,0.9,0.9,5,False,0.9,5,True
B1,m6_4-trial-026,FAST,0.95,0.95,0.9,0.9,5,False,0.9,5,True
B1,m6_4-trial-026,FAST,0.98,0.98,0.9,0.9,5,False,0.9,5,True
B1,m6_4-trial-026,FAST,0.99,0.99,0.9,0.9,5,False,0.9,5,True
B1,m6_4-trial-026,FAST,1.0,1.00,0.9,0.9,5,False,0.9,5,True
B1,m6_4-trial-026,MEDIUM,0.5,0.50,0.9,0.9,0,False,0.9,0,True
B1,m6_4-trial-026,MEDIUM,0.6,0.60,0.9,0.9,0,False,0.9,0,True
B1,m6_4-trial-026,MEDIUM,0.7,0.70,0.9,0.9,5,False,0.9,5,True
B1,m6_4-trial-026,MEDIUM,0.8,0.80,0.9,0.9,5,False,0.9,5,True
B1,m6_4-trial-026,MEDIUM,0.9,0.90,0.9,0.9,5,False,0.9,5,True
B1,m6_4-trial-026,MEDIUM,0.95,0.95,0.9,0.9,5,False,0.9,5,True
B1,m6_4-trial-026,MEDIUM,0.98,0.98,0.9,0.9,5,False,0.9,5,True
B1,m6_4-trial-026,MEDIUM,0.99,0.99,0.9,0.9,5,False,0.9,5,True
B1,m6_4-trial-026,MEDIUM,1.0,1.00,0.9,0.9,5,False,0.9,5,True
B1,m6_4-trial-026,CONSERVATIVE,0.5,0.50,1.1,1.1,0,False,1.1,0,True
B1,m6_4-trial-026,CONSERVATIVE,0.6,0.60,1.1,1.1,0,False,1.1,0,True
B1,m6_4-trial-026,CONSERVATIVE,0.7,0.70,1.1,0.9,5,True,0.9,5,True
B1,m6_4-trial-026,CONSERVATIVE,0.8,0.80,1.1,0.9,5,True,0.9,5,True
B1,m6_4-trial-026,CONSERVATIVE,0.9,0.90,1.1,0.9,5,True,0.9,5,True
B1,m6_4-trial-026,CONSERVATIVE,0.95,0.95,1.1,0.9,5,True,0.9,5,True
B1,m6_4-trial-026,CONSERVATIVE,0.98,0.98,1.1,0.9,5,True,0.9,5,True
B1,m6_4-trial-026,CONSERVATIVE,0.99,0.99,1.1,0.9,5,True,0.9,5,True
B1,m6_4-trial-026,CONSERVATIVE,1.0,1.00,1.1,0.9,5,True,0.9,5,True
B1,m6_4-trial-027,FAST,0.5,0.50,0.9,0.9,0,False,0.9,0,True
B1,m6_4-trial-027,FAST,0.6,0.60,0.9,0.9,0,False,0.9,0,True
B1,m6_4-trial-027,FAST,0.7,0.70,0.9,0.9,5,False,0.9,5,True
B1,m6_4-trial-027,FAST,0.8,0.80,0.9,0.9,5,False,0.9,5,True
B1,m6_4-trial-027,FAST,0.9,0.90,0.9,0.9,5,False,0.9,5,True
B1,m6_4-trial-027,FAST,0.95,0.95,0.9,0.9,5,False,0.9,5,True
B1,m6_4-trial-027,FAST,0.98,0.98,0.9,0.9,5,False,0.9,5,True
B1,m6_4-trial-027,FAST,0.99,0.99,0.9,0.9,5,False,0.9,5,True
B1,m6_4-trial-027,FAST,1.0,1.00,0.9,0.9,5,False,0.9,5,True
B1,m6_4-trial-027,MEDIUM,0.5,0.50,1.1,1.1,0,False,1.1,0,True
B1,m6_4-trial-027,MEDIUM,0.6,0.60,1.1,1.1,0,False,1.1,0,True
B1,m6_4-trial-027,MEDIUM,0.7,0.70,1.1,0.9,5,True,0.9,5,True
B1,m6_4-trial-027,MEDIUM,0.8,0.80,1.1,0.9,5,True,0.9,5,True
B1,m6_4-trial-027,MEDIUM,0.9,0.90,1.1,0.9,5,True,0.9,5,True
B1,m6_4-trial-027,MEDIUM,0.95,0.95,1.1,0.9,5,True,0.9,5,True
B1,m6_4-trial-027,MEDIUM,0.98,0.98,1.1,0.9,5,True,0.9,5,True
B1,m6_4-trial-027,MEDIUM,0.99,0.99,1.1,0.9,5,True,0.9,5,True
B1,m6_4-trial-027,MEDIUM,1.0,1.00,1.1,0.9,5,True,0.9,5,True
B1,m6_4-trial-027,CONSERVATIVE,0.5,0.50,1.6,1.6,0,False,1.6,0,True
B1,m6_4-trial-027,CONSERVATIVE,0.6,0.60,1.6,1.6,0,False,1.6,0,True
B1,m6_4-trial-027,CONSERVATIVE,0.7,0.70,1.6,0.9,5,True,0.9,5,True
B1,m6_4-trial-027,CONSERVATIVE,0.8,0.80,1.6,0.9,5,True,0.9,5,True
B1,m6_4-trial-027,CONSERVATIVE,0.9,0.90,1.6,0.9,5,True,0.9,5,True
B1,m6_4-trial-027,CONSERVATIVE,0.95,0.95,1.6,0.9,5,True,0.9,5,True
B1,m6_4-trial-027,CONSERVATIVE,0.98,0.98,1.6,0.9,5,True,0.9,5,True
B1,m6_4-trial-027,CONSERVATIVE,0.99,0.99,1.6,0.9,5,True,0.9,5,True
B1,m6_4-trial-027,CONSERVATIVE,1.0,1.00,1.6,0.9,5,True,0.9,5,True
B1,m6_4-trial-028,FAST,0.5,0.50,1.0,1.0,0,False,1.0,0,True
B1,m6_4-trial-028,FAST,0.6,0.60,1.0,1.0,0,False,1.0,0,True
B1,m6_4-trial-028,FAST,0.7,0.70,1.0,1.0,5,False,1.0,5,True
B1,m6_4-trial-028,FAST,0.8,0.80,1.0,1.0,5,False,1.0,5,True
B1,m6_4-trial-028,FAST,0.9,0.90,1.0,1.0,5,False,1.0,5,True
B1,m6_4-trial-028,FAST,0.95,0.95,1.0,1.0,5,False,1.0,5,True
B1,m6_4-trial-028,FAST,0.98,0.98,1.0,1.0,5,False,1.0,5,True
B1,m6_4-trial-028,FAST,0.99,0.99,1.0,1.0,5,False,1.0,5,True
B1,m6_4-trial-028,FAST,1.0,1.00,1.0,1.0,5,False,1.0,5,True
B1,m6_4-trial-028,MEDIUM,0.5,0.50,1.1,1.1,0,False,1.1,0,True
B1,m6_4-trial-028,MEDIUM,0.6,0.60,1.1,1.1,0,False,1.1,0,True
B1,m6_4-trial-028,MEDIUM,0.7,0.70,1.1,1.0,5,True,1.0,5,True
B1,m6_4-trial-028,MEDIUM,0.8,0.80,1.1,1.0,5,True,1.0,5,True
B1,m6_4-trial-028,MEDIUM,0.9,0.90,1.1,1.0,5,True,1.0,5,True
B1,m6_4-trial-028,MEDIUM,0.95,0.95,1.1,1.0,5,True,1.0,5,True
B1,m6_4-trial-028,MEDIUM,0.98,0.98,1.1,1.0,5,True,1.0,5,True
B1,m6_4-trial-028,MEDIUM,0.99,0.99,1.1,1.0,5,True,1.0,5,True
B1,m6_4-trial-028,MEDIUM,1.0,1.00,1.1,1.0,5,True,1.0,5,True
B1,m6_4-trial-028,CONSERVATIVE,0.5,0.50,1.9,1.9,0,False,1.9,0,True
B1,m6_4-trial-028,CONSERVATIVE,0.6,0.60,1.9,1.9,0,False,1.9,0,True
B1,m6_4-trial-028,CONSERVATIVE,0.7,0.70,1.9,1.0,5,True,1.0,5,True
B1,m6_4-trial-028,CONSERVATIVE,0.8,0.80,1.9,1.0,5,True,1.0,5,True
B1,m6_4-trial-028,CONSERVATIVE,0.9,0.90,1.9,1.0,5,True,1.0,5,True
B1,m6_4-trial-028,CONSERVATIVE,0.95,0.95,1.9,1.0,5,True,1.0,5,True
B1,m6_4-trial-028,CONSERVATIVE,0.98,0.98,1.9,1.0,5,True,1.0,5,True
B1,m6_4-trial-028,CONSERVATIVE,0.99,0.99,1.9,1.0,5,True,1.0,5,True
B1,m6_4-trial-028,CONSERVATIVE,1.0,1.00,1.9,1.0,5,True,1.0,5,True
B1,m6_4-trial-029,FAST,0.5,0.50,1.8,1.8,0,False,1.8,0,True
B1,m6_4-trial-029,FAST,0.6,0.60,1.8,1.8,0,False,1.8,0,True
B1,m6_4-trial-029,FAST,0.7,0.70,1.8,0.9,5,True,0.9,5,True
B1,m6_4-trial-029,FAST,0.8,0.80,1.8,0.9,5,True,0.9,5,True
B1,m6_4-trial-029,FAST,0.9,0.90,1.8,0.9,5,True,0.9,5,True
B1,m6_4-trial-029,FAST,0.95,0.95,1.8,0.9,5,True,0.9,5,True
B1,m6_4-trial-029,FAST,0.98,0.98,1.8,0.9,5,True,0.9,5,True
B1,m6_4-trial-029,FAST,0.99,0.99,1.8,0.9,5,True,0.9,5,True
B1,m6_4-trial-029,FAST,1.0,1.00,1.8,0.9,5,True,0.9,5,True
B1,m6_4-trial-029,MEDIUM,0.5,0.50,1.9,1.9,0,False,1.9,0,True
B1,m6_4-trial-029,MEDIUM,0.6,0.60,1.9,1.9,0,False,1.9,0,True
B1,m6_4-trial-029,MEDIUM,0.7,0.70,1.9,0.9,5,True,0.9,5,True
B1,m6_4-trial-029,MEDIUM,0.8,0.80,1.9,0.9,5,True,0.9,5,True
B1,m6_4-trial-029,MEDIUM,0.9,0.90,1.9,0.9,5,True,0.9,5,True
B1,m6_4-trial-029,MEDIUM,0.95,0.95,1.9,0.9,5,True,0.9,5,True
B1,m6_4-trial-029,MEDIUM,0.98,0.98,1.9,0.9,5,True,0.9,5,True
B1,m6_4-trial-029,MEDIUM,0.99,0.99,1.9,0.9,5,True,0.9,5,True
B1,m6_4-trial-029,MEDIUM,1.0,1.00,1.9,0.9,5,True,0.9,5,True
B1,m6_4-trial-029,CONSERVATIVE,0.5,0.50,1.9,1.9,0,False,1.9,0,True
B1,m6_4-trial-029,CONSERVATIVE,0.6,0.60,1.9,1.9,0,False,1.9,0,True
B1,m6_4-trial-029,CONSERVATIVE,0.7,0.70,1.9,0.9,5,True,0.9,5,True
B1,m6_4-trial-029,CONSERVATIVE,0.8,0.80,1.9,0.9,5,True,0.9,5,True
B1,m6_4-trial-029,CONSERVATIVE,0.9,0.90,1.9,0.9,5,True,0.9,5,True
B1,m6_4-trial-029,CONSERVATIVE,0.95,0.95,1.9,0.9,5,True,0.9,5,True
B1,m6_4-trial-029,CONSERVATIVE,0.98,0.98,1.9,0.9,5,True,0.9,5,True
B1,m6_4-trial-029,CONSERVATIVE,0.99,0.99,1.9,0.9,5,True,0.9,5,True
B1,m6_4-trial-029,CONSERVATIVE,1.0,1.00,1.9,0.9,5,True,0.9,5,True
B1,m6_4-trial-030,FAST,0.5,0.50,0.9,0.9,0,False,0.9,0,True
B1,m6_4-trial-030,FAST,0.6,0.60,0.9,0.9,0,False,0.9,0,True
B1,m6_4-trial-030,FAST,0.7,0.70,0.9,0.9,5,False,0.9,5,True
B1,m6_4-trial-030,FAST,0.8,0.80,0.9,0.9,5,False,0.9,5,True
B1,m6_4-trial-030,FAST,0.9,0.90,0.9,0.9,5,False,0.9,5,True
B1,m6_4-trial-030,FAST,0.95,0.95,0.9,0.9,5,False,0.9,5,True
B1,m6_4-trial-030,FAST,0.98,0.98,0.9,0.9,5,False,0.9,5,True
B1,m6_4-trial-030,FAST,0.99,0.99,0.9,0.9,5,False,0.9,5,True
B1,m6_4-trial-030,FAST,1.0,1.00,0.9,0.9,5,False,0.9,5,True
B1,m6_4-trial-030,MEDIUM,0.5,0.50,0.9,0.9,0,False,0.9,0,True
B1,m6_4-trial-030,MEDIUM,0.6,0.60,0.9,0.9,0,False,0.9,0,True
B1,m6_4-trial-030,MEDIUM,0.7,0.70,0.9,0.9,5,False,0.9,5,True
B1,m6_4-trial-030,MEDIUM,0.8,0.80,0.9,0.9,5,False,0.9,5,True
B1,m6_4-trial-030,MEDIUM,0.9,0.90,0.9,0.9,5,False,0.9,5,True
B1,m6_4-trial-030,MEDIUM,0.95,0.95,0.9,0.9,5,False,0.9,5,True
B1,m6_4-trial-030,MEDIUM,0.98,0.98,0.9,0.9,5,False,0.9,5,True
B1,m6_4-trial-030,MEDIUM,0.99,0.99,0.9,0.9,5,False,0.9,5,True
B1,m6_4-trial-030,MEDIUM,1.0,1.00,0.9,0.9,5,False,0.9,5,True
B1,m6_4-trial-030,CONSERVATIVE,0.5,0.50,1.0,1.0,0,False,1.0,0,True
B1,m6_4-trial-030,CONSERVATIVE,0.6,0.60,1.0,1.0,0,False,1.0,0,True
B1,m6_4-trial-030,CONSERVATIVE,0.7,0.70,1.0,0.9,5,True,0.9,5,True
B1,m6_4-trial-030,CONSERVATIVE,0.8,0.80,1.0,0.9,5,True,0.9,5,True
B1,m6_4-trial-030,CONSERVATIVE,0.9,0.90,1.0,0.9,5,True,0.9,5,True
B1,m6_4-trial-030,CONSERVATIVE,0.95,0.95,1.0,0.9,5,True,0.9,5,True
B1,m6_4-trial-030,CONSERVATIVE,0.98,0.98,1.0,0.9,5,True,0.9,5,True
B1,m6_4-trial-030,CONSERVATIVE,0.99,0.99,1.0,0.9,5,True,0.9,5,True
B1,m6_4-trial-030,CONSERVATIVE,1.0,1.00,1.0,0.9,5,True,0.9,5,True
B2,m6_4-trial-001,FAST,0.5,0.50,1.9,1.9,0,False,1.9,0,True
B2,m6_4-trial-001,FAST,0.6,0.60,1.9,1.9,0,False,1.9,0,True
B2,m6_4-trial-001,FAST,0.7,0.70,1.9,1.9,7,False,1.9,7,True
B2,m6_4-trial-001,FAST,0.8,0.80,1.9,1.9,7,False,1.9,7,True
B2,m6_4-trial-001,FAST,0.9,0.90,1.9,1.9,7,False,1.9,7,True
B2,m6_4-trial-001,FAST,0.95,0.95,1.9,1.9,7,False,1.9,7,True
B2,m6_4-trial-001,FAST,0.98,0.98,1.9,1.9,7,False,1.9,7,True
B2,m6_4-trial-001,FAST,0.99,0.99,1.9,1.9,7,False,1.9,7,True
B2,m6_4-trial-001,FAST,1.0,1.00,1.9,1.9,7,False,1.9,7,True
B2,m6_4-trial-001,MEDIUM,0.5,0.50,1.9,1.9,0,False,1.9,0,True
B2,m6_4-trial-001,MEDIUM,0.6,0.60,1.9,1.9,0,False,1.9,0,True
B2,m6_4-trial-001,MEDIUM,0.7,0.70,1.9,1.9,7,False,1.9,7,True
B2,m6_4-trial-001,MEDIUM,0.8,0.80,1.9,1.9,7,False,1.9,7,True
B2,m6_4-trial-001,MEDIUM,0.9,0.90,1.9,1.9,7,False,1.9,7,True
B2,m6_4-trial-001,MEDIUM,0.95,0.95,1.9,1.9,7,False,1.9,7,True
B2,m6_4-trial-001,MEDIUM,0.98,0.98,1.9,1.9,7,False,1.9,7,True
B2,m6_4-trial-001,MEDIUM,0.99,0.99,1.9,1.9,7,False,1.9,7,True
B2,m6_4-trial-001,MEDIUM,1.0,1.00,1.9,1.9,7,False,1.9,7,True
B2,m6_4-trial-001,CONSERVATIVE,0.5,0.50,1.9,1.9,0,False,1.9,0,True
B2,m6_4-trial-001,CONSERVATIVE,0.6,0.60,1.9,1.9,0,False,1.9,0,True
B2,m6_4-trial-001,CONSERVATIVE,0.7,0.70,1.9,1.9,7,False,1.9,7,True
B2,m6_4-trial-001,CONSERVATIVE,0.8,0.80,1.9,1.9,7,False,1.9,7,True
B2,m6_4-trial-001,CONSERVATIVE,0.9,0.90,1.9,1.9,7,False,1.9,7,True
B2,m6_4-trial-001,CONSERVATIVE,0.95,0.95,1.9,1.9,7,False,1.9,7,True
B2,m6_4-trial-001,CONSERVATIVE,0.98,0.98,1.9,1.9,7,False,1.9,7,True
B2,m6_4-trial-001,CONSERVATIVE,0.99,0.99,1.9,1.9,7,False,1.9,7,True
B2,m6_4-trial-001,CONSERVATIVE,1.0,1.00,1.9,1.9,7,False,1.9,7,True
B2,m6_4-trial-002,FAST,0.5,0.50,1.2,1.2,0,False,1.2,0,True
B2,m6_4-trial-002,FAST,0.6,0.60,1.2,1.2,0,False,1.2,0,True
B2,m6_4-trial-002,FAST,0.7,0.70,1.2,0.9,5,True,0.9,5,True
B2,m6_4-trial-002,FAST,0.8,0.80,1.2,0.9,5,True,0.9,5,True
B2,m6_4-trial-002,FAST,0.9,0.90,1.2,0.9,5,True,0.9,5,True
B2,m6_4-trial-002,FAST,0.95,0.95,1.2,0.9,5,True,0.9,5,True
B2,m6_4-trial-002,FAST,0.98,0.98,1.2,0.9,5,True,0.9,5,True
B2,m6_4-trial-002,FAST,0.99,0.99,1.2,0.9,5,True,0.9,5,True
B2,m6_4-trial-002,FAST,1.0,1.00,1.2,0.9,5,True,0.9,5,True
B2,m6_4-trial-002,MEDIUM,0.5,0.50,1.4,1.4,0,False,1.4,0,True
B2,m6_4-trial-002,MEDIUM,0.6,0.60,1.4,1.4,0,False,1.4,0,True
B2,m6_4-trial-002,MEDIUM,0.7,0.70,1.4,0.9,5,True,0.9,5,True
B2,m6_4-trial-002,MEDIUM,0.8,0.80,1.4,0.9,5,True,0.9,5,True
B2,m6_4-trial-002,MEDIUM,0.9,0.90,1.4,0.9,5,True,0.9,5,True
B2,m6_4-trial-002,MEDIUM,0.95,0.95,1.4,0.9,5,True,0.9,5,True
B2,m6_4-trial-002,MEDIUM,0.98,0.98,1.4,0.9,5,True,0.9,5,True
B2,m6_4-trial-002,MEDIUM,0.99,0.99,1.4,0.9,5,True,0.9,5,True
B2,m6_4-trial-002,MEDIUM,1.0,1.00,1.4,0.9,5,True,0.9,5,True
B2,m6_4-trial-002,CONSERVATIVE,0.5,0.50,1.9,1.9,0,False,1.9,0,True
B2,m6_4-trial-002,CONSERVATIVE,0.6,0.60,1.9,1.9,0,False,1.9,0,True
B2,m6_4-trial-002,CONSERVATIVE,0.7,0.70,1.9,0.9,5,True,0.9,5,True
B2,m6_4-trial-002,CONSERVATIVE,0.8,0.80,1.9,0.9,5,True,0.9,5,True
B2,m6_4-trial-002,CONSERVATIVE,0.9,0.90,1.9,0.9,5,True,0.9,5,True
B2,m6_4-trial-002,CONSERVATIVE,0.95,0.95,1.9,0.9,5,True,0.9,5,True
B2,m6_4-trial-002,CONSERVATIVE,0.98,0.98,1.9,0.9,5,True,0.9,5,True
B2,m6_4-trial-002,CONSERVATIVE,0.99,0.99,1.9,0.9,5,True,0.9,5,True
B2,m6_4-trial-002,CONSERVATIVE,1.0,1.00,1.9,0.9,5,True,0.9,5,True
B2,m6_4-trial-003,FAST,0.5,0.50,0.9,0.9,0,False,0.9,0,True
B2,m6_4-trial-003,FAST,0.6,0.60,0.9,0.9,0,False,0.9,0,True
B2,m6_4-trial-003,FAST,0.7,0.70,0.9,0.9,5,False,0.9,5,True
B2,m6_4-trial-003,FAST,0.8,0.80,0.9,0.9,5,False,0.9,5,True
B2,m6_4-trial-003,FAST,0.9,0.90,0.9,0.9,5,False,0.9,5,True
B2,m6_4-trial-003,FAST,0.95,0.95,0.9,0.9,5,False,0.9,5,True
B2,m6_4-trial-003,FAST,0.98,0.98,0.9,0.9,5,False,0.9,5,True
B2,m6_4-trial-003,FAST,0.99,0.99,0.9,0.9,5,False,0.9,5,True
B2,m6_4-trial-003,FAST,1.0,1.00,0.9,0.9,5,False,0.9,5,True
B2,m6_4-trial-003,MEDIUM,0.5,0.50,0.9,0.9,0,False,0.9,0,True
B2,m6_4-trial-003,MEDIUM,0.6,0.60,0.9,0.9,0,False,0.9,0,True
B2,m6_4-trial-003,MEDIUM,0.7,0.70,0.9,0.9,5,False,0.9,5,True
B2,m6_4-trial-003,MEDIUM,0.8,0.80,0.9,0.9,5,False,0.9,5,True
B2,m6_4-trial-003,MEDIUM,0.9,0.90,0.9,0.9,5,False,0.9,5,True
B2,m6_4-trial-003,MEDIUM,0.95,0.95,0.9,0.9,5,False,0.9,5,True
B2,m6_4-trial-003,MEDIUM,0.98,0.98,0.9,0.9,5,False,0.9,5,True
B2,m6_4-trial-003,MEDIUM,0.99,0.99,0.9,0.9,5,False,0.9,5,True
B2,m6_4-trial-003,MEDIUM,1.0,1.00,0.9,0.9,5,False,0.9,5,True
B2,m6_4-trial-003,CONSERVATIVE,0.5,0.50,1.2,1.2,0,False,1.2,0,True
B2,m6_4-trial-003,CONSERVATIVE,0.6,0.60,1.2,1.2,0,False,1.2,0,True
B2,m6_4-trial-003,CONSERVATIVE,0.7,0.70,1.2,0.9,5,True,0.9,5,True
B2,m6_4-trial-003,CONSERVATIVE,0.8,0.80,1.2,0.9,5,True,0.9,5,True
B2,m6_4-trial-003,CONSERVATIVE,0.9,0.90,1.2,0.9,5,True,0.9,5,True
B2,m6_4-trial-003,CONSERVATIVE,0.95,0.95,1.2,0.9,5,True,0.9,5,True
B2,m6_4-trial-003,CONSERVATIVE,0.98,0.98,1.2,0.9,5,True,0.9,5,True
B2,m6_4-trial-003,CONSERVATIVE,0.99,0.99,1.2,0.9,5,True,0.9,5,True
B2,m6_4-trial-003,CONSERVATIVE,1.0,1.00,1.2,0.9,5,True,0.9,5,True
B2,m6_4-trial-004,FAST,0.5,0.50,0.9,0.9,0,False,0.9,0,True
B2,m6_4-trial-004,FAST,0.6,0.60,0.9,0.9,0,False,0.9,0,True
B2,m6_4-trial-004,FAST,0.7,0.70,0.9,0.9,5,False,0.9,5,True
B2,m6_4-trial-004,FAST,0.8,0.80,0.9,0.9,5,False,0.9,5,True
B2,m6_4-trial-004,FAST,0.9,0.90,0.9,0.9,5,False,0.9,5,True
B2,m6_4-trial-004,FAST,0.95,0.95,0.9,0.9,5,False,0.9,5,True
B2,m6_4-trial-004,FAST,0.98,0.98,0.9,0.9,5,False,0.9,5,True
B2,m6_4-trial-004,FAST,0.99,0.99,0.9,0.9,5,False,0.9,5,True
B2,m6_4-trial-004,FAST,1.0,1.00,0.9,0.9,5,False,0.9,5,True
B2,m6_4-trial-004,MEDIUM,0.5,0.50,0.9,0.9,0,False,0.9,0,True
B2,m6_4-trial-004,MEDIUM,0.6,0.60,0.9,0.9,0,False,0.9,0,True
B2,m6_4-trial-004,MEDIUM,0.7,0.70,0.9,0.9,5,False,0.9,5,True
B2,m6_4-trial-004,MEDIUM,0.8,0.80,0.9,0.9,5,False,0.9,5,True
B2,m6_4-trial-004,MEDIUM,0.9,0.90,0.9,0.9,5,False,0.9,5,True
B2,m6_4-trial-004,MEDIUM,0.95,0.95,0.9,0.9,5,False,0.9,5,True
B2,m6_4-trial-004,MEDIUM,0.98,0.98,0.9,0.9,5,False,0.9,5,True
B2,m6_4-trial-004,MEDIUM,0.99,0.99,0.9,0.9,5,False,0.9,5,True
B2,m6_4-trial-004,MEDIUM,1.0,1.00,0.9,0.9,5,False,0.9,5,True
B2,m6_4-trial-004,CONSERVATIVE,0.5,0.50,0.9,0.9,0,False,0.9,0,True
B2,m6_4-trial-004,CONSERVATIVE,0.6,0.60,0.9,0.9,0,False,0.9,0,True
B2,m6_4-trial-004,CONSERVATIVE,0.7,0.70,0.9,0.9,5,False,0.9,5,True
B2,m6_4-trial-004,CONSERVATIVE,0.8,0.80,0.9,0.9,5,False,0.9,5,True
B2,m6_4-trial-004,CONSERVATIVE,0.9,0.90,0.9,0.9,5,False,0.9,5,True
B2,m6_4-trial-004,CONSERVATIVE,0.95,0.95,0.9,0.9,5,False,0.9,5,True
B2,m6_4-trial-004,CONSERVATIVE,0.98,0.98,0.9,0.9,5,False,0.9,5,True
B2,m6_4-trial-004,CONSERVATIVE,0.99,0.99,0.9,0.9,5,False,0.9,5,True
B2,m6_4-trial-004,CONSERVATIVE,1.0,1.00,0.9,0.9,5,False,0.9,5,True
B2,m6_4-trial-005,FAST,0.5,0.50,0.9,0.9,0,False,0.9,0,True
B2,m6_4-trial-005,FAST,0.6,0.60,0.9,0.9,0,False,0.9,0,True
B2,m6_4-trial-005,FAST,0.7,0.70,0.9,0.9,5,False,0.9,5,True
B2,m6_4-trial-005,FAST,0.8,0.80,0.9,0.9,5,False,0.9,5,True
B2,m6_4-trial-005,FAST,0.9,0.90,0.9,0.9,5,False,0.9,5,True
B2,m6_4-trial-005,FAST,0.95,0.95,0.9,0.9,5,False,0.9,5,True
B2,m6_4-trial-005,FAST,0.98,0.98,0.9,0.9,5,False,0.9,5,True
B2,m6_4-trial-005,FAST,0.99,0.99,0.9,0.9,5,False,0.9,5,True
B2,m6_4-trial-005,FAST,1.0,1.00,0.9,0.9,5,False,0.9,5,True
B2,m6_4-trial-005,MEDIUM,0.5,0.50,0.9,0.9,0,False,0.9,0,True
B2,m6_4-trial-005,MEDIUM,0.6,0.60,0.9,0.9,0,False,0.9,0,True
B2,m6_4-trial-005,MEDIUM,0.7,0.70,0.9,0.9,5,False,0.9,5,True
B2,m6_4-trial-005,MEDIUM,0.8,0.80,0.9,0.9,5,False,0.9,5,True
B2,m6_4-trial-005,MEDIUM,0.9,0.90,0.9,0.9,5,False,0.9,5,True
B2,m6_4-trial-005,MEDIUM,0.95,0.95,0.9,0.9,5,False,0.9,5,True
B2,m6_4-trial-005,MEDIUM,0.98,0.98,0.9,0.9,5,False,0.9,5,True
B2,m6_4-trial-005,MEDIUM,0.99,0.99,0.9,0.9,5,False,0.9,5,True
B2,m6_4-trial-005,MEDIUM,1.0,1.00,0.9,0.9,5,False,0.9,5,True
B2,m6_4-trial-005,CONSERVATIVE,0.5,0.50,1.1,1.1,0,False,1.1,0,True
B2,m6_4-trial-005,CONSERVATIVE,0.6,0.60,1.1,1.1,0,False,1.1,0,True
B2,m6_4-trial-005,CONSERVATIVE,0.7,0.70,1.1,0.9,5,True,0.9,5,True
B2,m6_4-trial-005,CONSERVATIVE,0.8,0.80,1.1,0.9,5,True,0.9,5,True
B2,m6_4-trial-005,CONSERVATIVE,0.9,0.90,1.1,0.9,5,True,0.9,5,True
B2,m6_4-trial-005,CONSERVATIVE,0.95,0.95,1.1,0.9,5,True,0.9,5,True
B2,m6_4-trial-005,CONSERVATIVE,0.98,0.98,1.1,0.9,5,True,0.9,5,True
B2,m6_4-trial-005,CONSERVATIVE,0.99,0.99,1.1,0.9,5,True,0.9,5,True
B2,m6_4-trial-005,CONSERVATIVE,1.0,1.00,1.1,0.9,5,True,0.9,5,True
B2,m6_4-trial-006,FAST,0.5,0.50,0.9,0.9,0,False,0.9,0,True
B2,m6_4-trial-006,FAST,0.6,0.60,0.9,0.9,0,False,0.9,0,True
B2,m6_4-trial-006,FAST,0.7,0.70,0.9,0.9,5,False,0.9,5,True
B2,m6_4-trial-006,FAST,0.8,0.80,0.9,0.9,5,False,0.9,5,True
B2,m6_4-trial-006,FAST,0.9,0.90,0.9,0.9,5,False,0.9,5,True
B2,m6_4-trial-006,FAST,0.95,0.95,0.9,0.9,5,False,0.9,5,True
B2,m6_4-trial-006,FAST,0.98,0.98,0.9,0.9,5,False,0.9,5,True
B2,m6_4-trial-006,FAST,0.99,0.99,0.9,0.9,5,False,0.9,5,True
B2,m6_4-trial-006,FAST,1.0,1.00,0.9,0.9,5,False,0.9,5,True
B2,m6_4-trial-006,MEDIUM,0.5,0.50,0.9,0.9,0,False,0.9,0,True
B2,m6_4-trial-006,MEDIUM,0.6,0.60,0.9,0.9,0,False,0.9,0,True
B2,m6_4-trial-006,MEDIUM,0.7,0.70,0.9,0.9,5,False,0.9,5,True
B2,m6_4-trial-006,MEDIUM,0.8,0.80,0.9,0.9,5,False,0.9,5,True
B2,m6_4-trial-006,MEDIUM,0.9,0.90,0.9,0.9,5,False,0.9,5,True
B2,m6_4-trial-006,MEDIUM,0.95,0.95,0.9,0.9,5,False,0.9,5,True
B2,m6_4-trial-006,MEDIUM,0.98,0.98,0.9,0.9,5,False,0.9,5,True
B2,m6_4-trial-006,MEDIUM,0.99,0.99,0.9,0.9,5,False,0.9,5,True
B2,m6_4-trial-006,MEDIUM,1.0,1.00,0.9,0.9,5,False,0.9,5,True
B2,m6_4-trial-006,CONSERVATIVE,0.5,0.50,1.3,1.3,0,False,1.3,0,True
B2,m6_4-trial-006,CONSERVATIVE,0.6,0.60,1.3,1.3,0,False,1.3,0,True
B2,m6_4-trial-006,CONSERVATIVE,0.7,0.70,1.3,0.9,5,True,0.9,5,True
B2,m6_4-trial-006,CONSERVATIVE,0.8,0.80,1.3,0.9,5,True,0.9,5,True
B2,m6_4-trial-006,CONSERVATIVE,0.9,0.90,1.3,0.9,5,True,0.9,5,True
B2,m6_4-trial-006,CONSERVATIVE,0.95,0.95,1.3,0.9,5,True,0.9,5,True
B2,m6_4-trial-006,CONSERVATIVE,0.98,0.98,1.3,0.9,5,True,0.9,5,True
B2,m6_4-trial-006,CONSERVATIVE,0.99,0.99,1.3,0.9,5,True,0.9,5,True
B2,m6_4-trial-006,CONSERVATIVE,1.0,1.00,1.3,0.9,5,True,0.9,5,True
B2,m6_4-trial-007,FAST,0.5,0.50,1.0,1.0,0,False,1.0,0,True
B2,m6_4-trial-007,FAST,0.6,0.60,1.0,1.0,0,False,1.0,0,True
B2,m6_4-trial-007,FAST,0.7,0.70,1.0,0.9,5,True,0.9,5,True
B2,m6_4-trial-007,FAST,0.8,0.80,1.0,0.9,5,True,0.9,5,True
B2,m6_4-trial-007,FAST,0.9,0.90,1.0,0.9,5,True,0.9,5,True
B2,m6_4-trial-007,FAST,0.95,0.95,1.0,0.9,5,True,0.9,5,True
B2,m6_4-trial-007,FAST,0.98,0.98,1.0,0.9,5,True,0.9,5,True
B2,m6_4-trial-007,FAST,0.99,0.99,1.0,0.9,5,True,0.9,5,True
B2,m6_4-trial-007,FAST,1.0,1.00,1.0,0.9,5,True,0.9,5,True
B2,m6_4-trial-007,MEDIUM,0.5,0.50,1.1,1.1,0,False,1.1,0,True
B2,m6_4-trial-007,MEDIUM,0.6,0.60,1.1,1.1,0,False,1.1,0,True
B2,m6_4-trial-007,MEDIUM,0.7,0.70,1.1,0.9,5,True,0.9,5,True
B2,m6_4-trial-007,MEDIUM,0.8,0.80,1.1,0.9,5,True,0.9,5,True
B2,m6_4-trial-007,MEDIUM,0.9,0.90,1.1,0.9,5,True,0.9,5,True
B2,m6_4-trial-007,MEDIUM,0.95,0.95,1.1,0.9,5,True,0.9,5,True
B2,m6_4-trial-007,MEDIUM,0.98,0.98,1.1,0.9,5,True,0.9,5,True
B2,m6_4-trial-007,MEDIUM,0.99,0.99,1.1,0.9,5,True,0.9,5,True
B2,m6_4-trial-007,MEDIUM,1.0,1.00,1.1,0.9,5,True,0.9,5,True
B2,m6_4-trial-007,CONSERVATIVE,0.5,0.50,1.4,1.4,0,False,1.4,0,True
B2,m6_4-trial-007,CONSERVATIVE,0.6,0.60,1.4,1.4,0,False,1.4,0,True
B2,m6_4-trial-007,CONSERVATIVE,0.7,0.70,1.4,0.9,5,True,0.9,5,True
B2,m6_4-trial-007,CONSERVATIVE,0.8,0.80,1.4,0.9,5,True,0.9,5,True
B2,m6_4-trial-007,CONSERVATIVE,0.9,0.90,1.4,0.9,5,True,0.9,5,True
B2,m6_4-trial-007,CONSERVATIVE,0.95,0.95,1.4,0.9,5,True,0.9,5,True
B2,m6_4-trial-007,CONSERVATIVE,0.98,0.98,1.4,0.9,5,True,0.9,5,True
B2,m6_4-trial-007,CONSERVATIVE,0.99,0.99,1.4,0.9,5,True,0.9,5,True
B2,m6_4-trial-007,CONSERVATIVE,1.0,1.00,1.4,0.9,5,True,0.9,5,True
B2,m6_4-trial-008,FAST,0.5,0.50,1.0,1.0,0,False,1.0,0,True
B2,m6_4-trial-008,FAST,0.6,0.60,1.0,1.0,0,False,1.0,0,True
B2,m6_4-trial-008,FAST,0.7,0.70,1.0,0.9,5,True,0.9,5,True
B2,m6_4-trial-008,FAST,0.8,0.80,1.0,0.9,5,True,0.9,5,True
B2,m6_4-trial-008,FAST,0.9,0.90,1.0,0.9,5,True,0.9,5,True
B2,m6_4-trial-008,FAST,0.95,0.95,1.0,0.9,5,True,0.9,5,True
B2,m6_4-trial-008,FAST,0.98,0.98,1.0,0.9,5,True,0.9,5,True
B2,m6_4-trial-008,FAST,0.99,0.99,1.0,0.9,5,True,0.9,5,True
B2,m6_4-trial-008,FAST,1.0,1.00,1.0,0.9,5,True,0.9,5,True
B2,m6_4-trial-008,MEDIUM,0.5,0.50,1.0,1.0,0,False,1.0,0,True
B2,m6_4-trial-008,MEDIUM,0.6,0.60,1.0,1.0,0,False,1.0,0,True
B2,m6_4-trial-008,MEDIUM,0.7,0.70,1.0,0.9,5,True,0.9,5,True
B2,m6_4-trial-008,MEDIUM,0.8,0.80,1.0,0.9,5,True,0.9,5,True
B2,m6_4-trial-008,MEDIUM,0.9,0.90,1.0,0.9,5,True,0.9,5,True
B2,m6_4-trial-008,MEDIUM,0.95,0.95,1.0,0.9,5,True,0.9,5,True
B2,m6_4-trial-008,MEDIUM,0.98,0.98,1.0,0.9,5,True,0.9,5,True
B2,m6_4-trial-008,MEDIUM,0.99,0.99,1.0,0.9,5,True,0.9,5,True
B2,m6_4-trial-008,MEDIUM,1.0,1.00,1.0,0.9,5,True,0.9,5,True
B2,m6_4-trial-008,CONSERVATIVE,0.5,0.50,1.0,1.0,0,False,1.0,0,True
B2,m6_4-trial-008,CONSERVATIVE,0.6,0.60,1.0,1.0,0,False,1.0,0,True
B2,m6_4-trial-008,CONSERVATIVE,0.7,0.70,1.0,0.9,5,True,0.9,5,True
B2,m6_4-trial-008,CONSERVATIVE,0.8,0.80,1.0,0.9,5,True,0.9,5,True
B2,m6_4-trial-008,CONSERVATIVE,0.9,0.90,1.0,0.9,5,True,0.9,5,True
B2,m6_4-trial-008,CONSERVATIVE,0.95,0.95,1.0,0.9,5,True,0.9,5,True
B2,m6_4-trial-008,CONSERVATIVE,0.98,0.98,1.0,0.9,5,True,0.9,5,True
B2,m6_4-trial-008,CONSERVATIVE,0.99,0.99,1.0,0.9,5,True,0.9,5,True
B2,m6_4-trial-008,CONSERVATIVE,1.0,1.00,1.0,0.9,5,True,0.9,5,True
B2,m6_4-trial-009,FAST,0.5,0.50,0.9,0.9,0,False,0.9,0,True
B2,m6_4-trial-009,FAST,0.6,0.60,0.9,0.9,0,False,0.9,0,True
B2,m6_4-trial-009,FAST,0.7,0.70,0.9,0.9,5,False,0.9,5,True
B2,m6_4-trial-009,FAST,0.8,0.80,0.9,0.9,5,False,0.9,5,True
B2,m6_4-trial-009,FAST,0.9,0.90,0.9,0.9,5,False,0.9,5,True
B2,m6_4-trial-009,FAST,0.95,0.95,0.9,0.9,5,False,0.9,5,True
B2,m6_4-trial-009,FAST,0.98,0.98,0.9,0.9,5,False,0.9,5,True
B2,m6_4-trial-009,FAST,0.99,0.99,0.9,0.9,5,False,0.9,5,True
B2,m6_4-trial-009,FAST,1.0,1.00,0.9,0.9,5,False,0.9,5,True
B2,m6_4-trial-009,MEDIUM,0.5,0.50,0.9,0.9,0,False,0.9,0,True
B2,m6_4-trial-009,MEDIUM,0.6,0.60,0.9,0.9,0,False,0.9,0,True
B2,m6_4-trial-009,MEDIUM,0.7,0.70,0.9,0.9,5,False,0.9,5,True
B2,m6_4-trial-009,MEDIUM,0.8,0.80,0.9,0.9,5,False,0.9,5,True
B2,m6_4-trial-009,MEDIUM,0.9,0.90,0.9,0.9,5,False,0.9,5,True
B2,m6_4-trial-009,MEDIUM,0.95,0.95,0.9,0.9,5,False,0.9,5,True
B2,m6_4-trial-009,MEDIUM,0.98,0.98,0.9,0.9,5,False,0.9,5,True
B2,m6_4-trial-009,MEDIUM,0.99,0.99,0.9,0.9,5,False,0.9,5,True
B2,m6_4-trial-009,MEDIUM,1.0,1.00,0.9,0.9,5,False,0.9,5,True
B2,m6_4-trial-009,CONSERVATIVE,0.5,0.50,1.0,1.0,0,False,1.0,0,True
B2,m6_4-trial-009,CONSERVATIVE,0.6,0.60,1.0,1.0,0,False,1.0,0,True
B2,m6_4-trial-009,CONSERVATIVE,0.7,0.70,1.0,0.9,5,True,0.9,5,True
B2,m6_4-trial-009,CONSERVATIVE,0.8,0.80,1.0,0.9,5,True,0.9,5,True
B2,m6_4-trial-009,CONSERVATIVE,0.9,0.90,1.0,0.9,5,True,0.9,5,True
B2,m6_4-trial-009,CONSERVATIVE,0.95,0.95,1.0,0.9,5,True,0.9,5,True
B2,m6_4-trial-009,CONSERVATIVE,0.98,0.98,1.0,0.9,5,True,0.9,5,True
B2,m6_4-trial-009,CONSERVATIVE,0.99,0.99,1.0,0.9,5,True,0.9,5,True
B2,m6_4-trial-009,CONSERVATIVE,1.0,1.00,1.0,0.9,5,True,0.9,5,True
B2,m6_4-trial-010,FAST,0.5,0.50,1.2,1.2,0,False,1.2,0,True
B2,m6_4-trial-010,FAST,0.6,0.60,1.2,1.2,0,False,1.2,0,True
B2,m6_4-trial-010,FAST,0.7,0.70,1.2,0.9,5,True,0.9,5,True
B2,m6_4-trial-010,FAST,0.8,0.80,1.2,0.9,5,True,0.9,5,True
B2,m6_4-trial-010,FAST,0.9,0.90,1.2,0.9,5,True,0.9,5,True
B2,m6_4-trial-010,FAST,0.95,0.95,1.2,0.9,5,True,0.9,5,True
B2,m6_4-trial-010,FAST,0.98,0.98,1.2,0.9,5,True,0.9,5,True
B2,m6_4-trial-010,FAST,0.99,0.99,1.2,0.9,5,True,0.9,5,True
B2,m6_4-trial-010,FAST,1.0,1.00,1.2,0.9,5,True,0.9,5,True
B2,m6_4-trial-010,MEDIUM,0.5,0.50,1.2,1.2,0,False,1.2,0,True
B2,m6_4-trial-010,MEDIUM,0.6,0.60,1.2,1.2,0,False,1.2,0,True
B2,m6_4-trial-010,MEDIUM,0.7,0.70,1.2,0.9,5,True,0.9,5,True
B2,m6_4-trial-010,MEDIUM,0.8,0.80,1.2,0.9,5,True,0.9,5,True
B2,m6_4-trial-010,MEDIUM,0.9,0.90,1.2,0.9,5,True,0.9,5,True
B2,m6_4-trial-010,MEDIUM,0.95,0.95,1.2,0.9,5,True,0.9,5,True
B2,m6_4-trial-010,MEDIUM,0.98,0.98,1.2,0.9,5,True,0.9,5,True
B2,m6_4-trial-010,MEDIUM,0.99,0.99,1.2,0.9,5,True,0.9,5,True
B2,m6_4-trial-010,MEDIUM,1.0,1.00,1.2,0.9,5,True,0.9,5,True
B2,m6_4-trial-010,CONSERVATIVE,0.5,0.50,1.9,1.9,0,False,1.9,0,True
B2,m6_4-trial-010,CONSERVATIVE,0.6,0.60,1.9,1.9,0,False,1.9,0,True
B2,m6_4-trial-010,CONSERVATIVE,0.7,0.70,1.9,0.9,5,True,0.9,5,True
B2,m6_4-trial-010,CONSERVATIVE,0.8,0.80,1.9,0.9,5,True,0.9,5,True
B2,m6_4-trial-010,CONSERVATIVE,0.9,0.90,1.9,0.9,5,True,0.9,5,True
B2,m6_4-trial-010,CONSERVATIVE,0.95,0.95,1.9,0.9,5,True,0.9,5,True
B2,m6_4-trial-010,CONSERVATIVE,0.98,0.98,1.9,0.9,5,True,0.9,5,True
B2,m6_4-trial-010,CONSERVATIVE,0.99,0.99,1.9,0.9,5,True,0.9,5,True
B2,m6_4-trial-010,CONSERVATIVE,1.0,1.00,1.9,0.9,5,True,0.9,5,True
B2,m6_4-trial-011,FAST,0.5,0.50,1.4,1.4,0,False,1.4,0,True
B2,m6_4-trial-011,FAST,0.6,0.60,1.4,1.4,0,False,1.4,0,True
B2,m6_4-trial-011,FAST,0.7,0.70,1.4,1.4,5,False,1.4,5,True
B2,m6_4-trial-011,FAST,0.8,0.80,1.4,1.4,5,False,1.4,5,True
B2,m6_4-trial-011,FAST,0.9,0.90,1.4,1.4,5,False,1.4,5,True
B2,m6_4-trial-011,FAST,0.95,0.95,1.4,1.4,5,False,1.4,5,True
B2,m6_4-trial-011,FAST,0.98,0.98,1.4,1.4,5,False,1.4,5,True
B2,m6_4-trial-011,FAST,0.99,0.99,1.4,1.4,5,False,1.4,5,True
B2,m6_4-trial-011,FAST,1.0,1.00,1.4,1.4,5,False,1.4,5,True
B2,m6_4-trial-011,MEDIUM,0.5,0.50,1.6,1.6,0,False,1.6,0,True
B2,m6_4-trial-011,MEDIUM,0.6,0.60,1.6,1.6,0,False,1.6,0,True
B2,m6_4-trial-011,MEDIUM,0.7,0.70,1.6,1.4,5,True,1.4,5,True
B2,m6_4-trial-011,MEDIUM,0.8,0.80,1.6,1.4,5,True,1.4,5,True
B2,m6_4-trial-011,MEDIUM,0.9,0.90,1.6,1.4,5,True,1.4,5,True
B2,m6_4-trial-011,MEDIUM,0.95,0.95,1.6,1.4,5,True,1.4,5,True
B2,m6_4-trial-011,MEDIUM,0.98,0.98,1.6,1.4,5,True,1.4,5,True
B2,m6_4-trial-011,MEDIUM,0.99,0.99,1.6,1.4,5,True,1.4,5,True
B2,m6_4-trial-011,MEDIUM,1.0,1.00,1.6,1.4,5,True,1.4,5,True
B2,m6_4-trial-011,CONSERVATIVE,0.5,0.50,1.8,1.8,0,False,1.8,0,True
B2,m6_4-trial-011,CONSERVATIVE,0.6,0.60,1.8,1.8,0,False,1.8,0,True
B2,m6_4-trial-011,CONSERVATIVE,0.7,0.70,1.8,1.4,5,True,1.4,5,True
B2,m6_4-trial-011,CONSERVATIVE,0.8,0.80,1.8,1.4,5,True,1.4,5,True
B2,m6_4-trial-011,CONSERVATIVE,0.9,0.90,1.8,1.4,5,True,1.4,5,True
B2,m6_4-trial-011,CONSERVATIVE,0.95,0.95,1.8,1.4,5,True,1.4,5,True
B2,m6_4-trial-011,CONSERVATIVE,0.98,0.98,1.8,1.4,5,True,1.4,5,True
B2,m6_4-trial-011,CONSERVATIVE,0.99,0.99,1.8,1.4,5,True,1.4,5,True
B2,m6_4-trial-011,CONSERVATIVE,1.0,1.00,1.8,1.4,5,True,1.4,5,True
B2,m6_4-trial-012,FAST,0.5,0.50,1.2,1.2,0,False,1.2,0,True
B2,m6_4-trial-012,FAST,0.6,0.60,1.2,1.2,0,False,1.2,0,True
B2,m6_4-trial-012,FAST,0.7,0.70,1.2,0.9,5,True,0.9,5,True
B2,m6_4-trial-012,FAST,0.8,0.80,1.2,0.9,5,True,0.9,5,True
B2,m6_4-trial-012,FAST,0.9,0.90,1.2,0.9,5,True,0.9,5,True
B2,m6_4-trial-012,FAST,0.95,0.95,1.2,0.9,5,True,0.9,5,True
B2,m6_4-trial-012,FAST,0.98,0.98,1.2,0.9,5,True,0.9,5,True
B2,m6_4-trial-012,FAST,0.99,0.99,1.2,0.9,5,True,0.9,5,True
B2,m6_4-trial-012,FAST,1.0,1.00,1.2,0.9,5,True,0.9,5,True
B2,m6_4-trial-012,MEDIUM,0.5,0.50,1.3,1.3,0,False,1.3,0,True
B2,m6_4-trial-012,MEDIUM,0.6,0.60,1.3,1.3,0,False,1.3,0,True
B2,m6_4-trial-012,MEDIUM,0.7,0.70,1.3,0.9,5,True,0.9,5,True
B2,m6_4-trial-012,MEDIUM,0.8,0.80,1.3,0.9,5,True,0.9,5,True
B2,m6_4-trial-012,MEDIUM,0.9,0.90,1.3,0.9,5,True,0.9,5,True
B2,m6_4-trial-012,MEDIUM,0.95,0.95,1.3,0.9,5,True,0.9,5,True
B2,m6_4-trial-012,MEDIUM,0.98,0.98,1.3,0.9,5,True,0.9,5,True
B2,m6_4-trial-012,MEDIUM,0.99,0.99,1.3,0.9,5,True,0.9,5,True
B2,m6_4-trial-012,MEDIUM,1.0,1.00,1.3,0.9,5,True,0.9,5,True
B2,m6_4-trial-012,CONSERVATIVE,0.5,0.50,1.4,1.4,0,False,1.4,0,True
B2,m6_4-trial-012,CONSERVATIVE,0.6,0.60,1.4,1.4,0,False,1.4,0,True
B2,m6_4-trial-012,CONSERVATIVE,0.7,0.70,1.4,0.9,5,True,0.9,5,True
B2,m6_4-trial-012,CONSERVATIVE,0.8,0.80,1.4,0.9,5,True,0.9,5,True
B2,m6_4-trial-012,CONSERVATIVE,0.9,0.90,1.4,0.9,5,True,0.9,5,True
B2,m6_4-trial-012,CONSERVATIVE,0.95,0.95,1.4,0.9,5,True,0.9,5,True
B2,m6_4-trial-012,CONSERVATIVE,0.98,0.98,1.4,0.9,5,True,0.9,5,True
B2,m6_4-trial-012,CONSERVATIVE,0.99,0.99,1.4,0.9,5,True,0.9,5,True
B2,m6_4-trial-012,CONSERVATIVE,1.0,1.00,1.4,0.9,5,True,0.9,5,True
B2,m6_4-trial-013,FAST,0.5,0.50,0.9,0.9,0,False,0.9,0,True
B2,m6_4-trial-013,FAST,0.6,0.60,0.9,0.9,0,False,0.9,0,True
B2,m6_4-trial-013,FAST,0.7,0.70,0.9,0.9,5,False,0.9,5,True
B2,m6_4-trial-013,FAST,0.8,0.80,0.9,0.9,5,False,0.9,5,True
B2,m6_4-trial-013,FAST,0.9,0.90,0.9,0.9,5,False,0.9,5,True
B2,m6_4-trial-013,FAST,0.95,0.95,0.9,0.9,5,False,0.9,5,True
B2,m6_4-trial-013,FAST,0.98,0.98,0.9,0.9,5,False,0.9,5,True
B2,m6_4-trial-013,FAST,0.99,0.99,0.9,0.9,5,False,0.9,5,True
B2,m6_4-trial-013,FAST,1.0,1.00,0.9,0.9,5,False,0.9,5,True
B2,m6_4-trial-013,MEDIUM,0.5,0.50,0.9,0.9,0,False,0.9,0,True
B2,m6_4-trial-013,MEDIUM,0.6,0.60,0.9,0.9,0,False,0.9,0,True
B2,m6_4-trial-013,MEDIUM,0.7,0.70,0.9,0.9,5,False,0.9,5,True
B2,m6_4-trial-013,MEDIUM,0.8,0.80,0.9,0.9,5,False,0.9,5,True
B2,m6_4-trial-013,MEDIUM,0.9,0.90,0.9,0.9,5,False,0.9,5,True
B2,m6_4-trial-013,MEDIUM,0.95,0.95,0.9,0.9,5,False,0.9,5,True
B2,m6_4-trial-013,MEDIUM,0.98,0.98,0.9,0.9,5,False,0.9,5,True
B2,m6_4-trial-013,MEDIUM,0.99,0.99,0.9,0.9,5,False,0.9,5,True
B2,m6_4-trial-013,MEDIUM,1.0,1.00,0.9,0.9,5,False,0.9,5,True
B2,m6_4-trial-013,CONSERVATIVE,0.5,0.50,1.8,1.8,0,False,1.8,0,True
B2,m6_4-trial-013,CONSERVATIVE,0.6,0.60,1.8,1.8,0,False,1.8,0,True
B2,m6_4-trial-013,CONSERVATIVE,0.7,0.70,1.8,0.9,5,True,0.9,5,True
B2,m6_4-trial-013,CONSERVATIVE,0.8,0.80,1.8,0.9,5,True,0.9,5,True
B2,m6_4-trial-013,CONSERVATIVE,0.9,0.90,1.8,0.9,5,True,0.9,5,True
B2,m6_4-trial-013,CONSERVATIVE,0.95,0.95,1.8,0.9,5,True,0.9,5,True
B2,m6_4-trial-013,CONSERVATIVE,0.98,0.98,1.8,0.9,5,True,0.9,5,True
B2,m6_4-trial-013,CONSERVATIVE,0.99,0.99,1.8,0.9,5,True,0.9,5,True
B2,m6_4-trial-013,CONSERVATIVE,1.0,1.00,1.8,0.9,5,True,0.9,5,True
B2,m6_4-trial-014,FAST,0.5,0.50,0.9,0.9,0,False,0.9,0,True
B2,m6_4-trial-014,FAST,0.6,0.60,0.9,0.9,0,False,0.9,0,True
B2,m6_4-trial-014,FAST,0.7,0.70,0.9,0.9,5,False,0.9,5,True
B2,m6_4-trial-014,FAST,0.8,0.80,0.9,0.9,5,False,0.9,5,True
B2,m6_4-trial-014,FAST,0.9,0.90,0.9,0.9,5,False,0.9,5,True
B2,m6_4-trial-014,FAST,0.95,0.95,0.9,0.9,5,False,0.9,5,True
B2,m6_4-trial-014,FAST,0.98,0.98,0.9,0.9,5,False,0.9,5,True
B2,m6_4-trial-014,FAST,0.99,0.99,0.9,0.9,5,False,0.9,5,True
B2,m6_4-trial-014,FAST,1.0,1.00,0.9,0.9,5,False,0.9,5,True
B2,m6_4-trial-014,MEDIUM,0.5,0.50,0.9,0.9,0,False,0.9,0,True
B2,m6_4-trial-014,MEDIUM,0.6,0.60,0.9,0.9,0,False,0.9,0,True
B2,m6_4-trial-014,MEDIUM,0.7,0.70,0.9,0.9,5,False,0.9,5,True
B2,m6_4-trial-014,MEDIUM,0.8,0.80,0.9,0.9,5,False,0.9,5,True
B2,m6_4-trial-014,MEDIUM,0.9,0.90,0.9,0.9,5,False,0.9,5,True
B2,m6_4-trial-014,MEDIUM,0.95,0.95,0.9,0.9,5,False,0.9,5,True
B2,m6_4-trial-014,MEDIUM,0.98,0.98,0.9,0.9,5,False,0.9,5,True
B2,m6_4-trial-014,MEDIUM,0.99,0.99,0.9,0.9,5,False,0.9,5,True
B2,m6_4-trial-014,MEDIUM,1.0,1.00,0.9,0.9,5,False,0.9,5,True
B2,m6_4-trial-014,CONSERVATIVE,0.5,0.50,0.9,0.9,0,False,0.9,0,True
B2,m6_4-trial-014,CONSERVATIVE,0.6,0.60,0.9,0.9,0,False,0.9,0,True
B2,m6_4-trial-014,CONSERVATIVE,0.7,0.70,0.9,0.9,5,False,0.9,5,True
B2,m6_4-trial-014,CONSERVATIVE,0.8,0.80,0.9,0.9,5,False,0.9,5,True
B2,m6_4-trial-014,CONSERVATIVE,0.9,0.90,0.9,0.9,5,False,0.9,5,True
B2,m6_4-trial-014,CONSERVATIVE,0.95,0.95,0.9,0.9,5,False,0.9,5,True
B2,m6_4-trial-014,CONSERVATIVE,0.98,0.98,0.9,0.9,5,False,0.9,5,True
B2,m6_4-trial-014,CONSERVATIVE,0.99,0.99,0.9,0.9,5,False,0.9,5,True
B2,m6_4-trial-014,CONSERVATIVE,1.0,1.00,0.9,0.9,5,False,0.9,5,True
B2,m6_4-trial-015,FAST,0.5,0.50,0.9,0.9,0,False,0.9,0,True
B2,m6_4-trial-015,FAST,0.6,0.60,0.9,0.9,0,False,0.9,0,True
B2,m6_4-trial-015,FAST,0.7,0.70,0.9,0.9,5,False,0.9,5,True
B2,m6_4-trial-015,FAST,0.8,0.80,0.9,0.9,5,False,0.9,5,True
B2,m6_4-trial-015,FAST,0.9,0.90,0.9,0.9,5,False,0.9,5,True
B2,m6_4-trial-015,FAST,0.95,0.95,0.9,0.9,5,False,0.9,5,True
B2,m6_4-trial-015,FAST,0.98,0.98,0.9,0.9,5,False,0.9,5,True
B2,m6_4-trial-015,FAST,0.99,0.99,0.9,0.9,5,False,0.9,5,True
B2,m6_4-trial-015,FAST,1.0,1.00,0.9,0.9,5,False,0.9,5,True
B2,m6_4-trial-015,MEDIUM,0.5,0.50,1.1,1.1,0,False,1.1,0,True
B2,m6_4-trial-015,MEDIUM,0.6,0.60,1.1,1.1,0,False,1.1,0,True
B2,m6_4-trial-015,MEDIUM,0.7,0.70,1.1,0.9,5,True,0.9,5,True
B2,m6_4-trial-015,MEDIUM,0.8,0.80,1.1,0.9,5,True,0.9,5,True
B2,m6_4-trial-015,MEDIUM,0.9,0.90,1.1,0.9,5,True,0.9,5,True
B2,m6_4-trial-015,MEDIUM,0.95,0.95,1.1,0.9,5,True,0.9,5,True
B2,m6_4-trial-015,MEDIUM,0.98,0.98,1.1,0.9,5,True,0.9,5,True
B2,m6_4-trial-015,MEDIUM,0.99,0.99,1.1,0.9,5,True,0.9,5,True
B2,m6_4-trial-015,MEDIUM,1.0,1.00,1.1,0.9,5,True,0.9,5,True
B2,m6_4-trial-015,CONSERVATIVE,0.5,0.50,1.1,1.1,0,False,1.1,0,True
B2,m6_4-trial-015,CONSERVATIVE,0.6,0.60,1.1,1.1,0,False,1.1,0,True
B2,m6_4-trial-015,CONSERVATIVE,0.7,0.70,1.1,0.9,5,True,0.9,5,True
B2,m6_4-trial-015,CONSERVATIVE,0.8,0.80,1.1,0.9,5,True,0.9,5,True
B2,m6_4-trial-015,CONSERVATIVE,0.9,0.90,1.1,0.9,5,True,0.9,5,True
B2,m6_4-trial-015,CONSERVATIVE,0.95,0.95,1.1,0.9,5,True,0.9,5,True
B2,m6_4-trial-015,CONSERVATIVE,0.98,0.98,1.1,0.9,5,True,0.9,5,True
B2,m6_4-trial-015,CONSERVATIVE,0.99,0.99,1.1,0.9,5,True,0.9,5,True
B2,m6_4-trial-015,CONSERVATIVE,1.0,1.00,1.1,0.9,5,True,0.9,5,True
B2,m6_4-trial-016,FAST,0.5,0.50,0.9,0.9,0,False,0.9,0,True
B2,m6_4-trial-016,FAST,0.6,0.60,0.9,0.9,0,False,0.9,0,True
B2,m6_4-trial-016,FAST,0.7,0.70,0.9,0.9,5,False,0.9,5,True
B2,m6_4-trial-016,FAST,0.8,0.80,0.9,0.9,5,False,0.9,5,True
B2,m6_4-trial-016,FAST,0.9,0.90,0.9,0.9,5,False,0.9,5,True
B2,m6_4-trial-016,FAST,0.95,0.95,0.9,0.9,5,False,0.9,5,True
B2,m6_4-trial-016,FAST,0.98,0.98,0.9,0.9,5,False,0.9,5,True
B2,m6_4-trial-016,FAST,0.99,0.99,0.9,0.9,5,False,0.9,5,True
B2,m6_4-trial-016,FAST,1.0,1.00,0.9,0.9,5,False,0.9,5,True
B2,m6_4-trial-016,MEDIUM,0.5,0.50,1.5,1.5,0,False,1.5,0,True
B2,m6_4-trial-016,MEDIUM,0.6,0.60,1.5,1.5,0,False,1.5,0,True
B2,m6_4-trial-016,MEDIUM,0.7,0.70,1.5,0.9,5,True,0.9,5,True
B2,m6_4-trial-016,MEDIUM,0.8,0.80,1.5,0.9,5,True,0.9,5,True
B2,m6_4-trial-016,MEDIUM,0.9,0.90,1.5,0.9,5,True,0.9,5,True
B2,m6_4-trial-016,MEDIUM,0.95,0.95,1.5,0.9,5,True,0.9,5,True
B2,m6_4-trial-016,MEDIUM,0.98,0.98,1.5,0.9,5,True,0.9,5,True
B2,m6_4-trial-016,MEDIUM,0.99,0.99,1.5,0.9,5,True,0.9,5,True
B2,m6_4-trial-016,MEDIUM,1.0,1.00,1.5,0.9,5,True,0.9,5,True
B2,m6_4-trial-016,CONSERVATIVE,0.5,0.50,1.5,1.5,0,False,1.5,0,True
B2,m6_4-trial-016,CONSERVATIVE,0.6,0.60,1.5,1.5,0,False,1.5,0,True
B2,m6_4-trial-016,CONSERVATIVE,0.7,0.70,1.5,0.9,5,True,0.9,5,True
B2,m6_4-trial-016,CONSERVATIVE,0.8,0.80,1.5,0.9,5,True,0.9,5,True
B2,m6_4-trial-016,CONSERVATIVE,0.9,0.90,1.5,0.9,5,True,0.9,5,True
B2,m6_4-trial-016,CONSERVATIVE,0.95,0.95,1.5,0.9,5,True,0.9,5,True
B2,m6_4-trial-016,CONSERVATIVE,0.98,0.98,1.5,0.9,5,True,0.9,5,True
B2,m6_4-trial-016,CONSERVATIVE,0.99,0.99,1.5,0.9,5,True,0.9,5,True
B2,m6_4-trial-016,CONSERVATIVE,1.0,1.00,1.5,0.9,5,True,0.9,5,True
B2,m6_4-trial-017,FAST,0.5,0.50,0.9,0.9,0,False,0.9,0,True
B2,m6_4-trial-017,FAST,0.6,0.60,0.9,0.9,0,False,0.9,0,True
B2,m6_4-trial-017,FAST,0.7,0.70,0.9,0.9,5,False,0.9,5,True
B2,m6_4-trial-017,FAST,0.8,0.80,0.9,0.9,5,False,0.9,5,True
B2,m6_4-trial-017,FAST,0.9,0.90,0.9,0.9,5,False,0.9,5,True
B2,m6_4-trial-017,FAST,0.95,0.95,0.9,0.9,5,False,0.9,5,True
B2,m6_4-trial-017,FAST,0.98,0.98,0.9,0.9,5,False,0.9,5,True
B2,m6_4-trial-017,FAST,0.99,0.99,0.9,0.9,5,False,0.9,5,True
B2,m6_4-trial-017,FAST,1.0,1.00,0.9,0.9,5,False,0.9,5,True
B2,m6_4-trial-017,MEDIUM,0.5,0.50,0.9,0.9,0,False,0.9,0,True
B2,m6_4-trial-017,MEDIUM,0.6,0.60,0.9,0.9,0,False,0.9,0,True
B2,m6_4-trial-017,MEDIUM,0.7,0.70,0.9,0.9,5,False,0.9,5,True
B2,m6_4-trial-017,MEDIUM,0.8,0.80,0.9,0.9,5,False,0.9,5,True
B2,m6_4-trial-017,MEDIUM,0.9,0.90,0.9,0.9,5,False,0.9,5,True
B2,m6_4-trial-017,MEDIUM,0.95,0.95,0.9,0.9,5,False,0.9,5,True
B2,m6_4-trial-017,MEDIUM,0.98,0.98,0.9,0.9,5,False,0.9,5,True
B2,m6_4-trial-017,MEDIUM,0.99,0.99,0.9,0.9,5,False,0.9,5,True
B2,m6_4-trial-017,MEDIUM,1.0,1.00,0.9,0.9,5,False,0.9,5,True
B2,m6_4-trial-017,CONSERVATIVE,0.5,0.50,0.9,0.9,0,False,0.9,0,True
B2,m6_4-trial-017,CONSERVATIVE,0.6,0.60,0.9,0.9,0,False,0.9,0,True
B2,m6_4-trial-017,CONSERVATIVE,0.7,0.70,0.9,0.9,5,False,0.9,5,True
B2,m6_4-trial-017,CONSERVATIVE,0.8,0.80,0.9,0.9,5,False,0.9,5,True
B2,m6_4-trial-017,CONSERVATIVE,0.9,0.90,0.9,0.9,5,False,0.9,5,True
B2,m6_4-trial-017,CONSERVATIVE,0.95,0.95,0.9,0.9,5,False,0.9,5,True
B2,m6_4-trial-017,CONSERVATIVE,0.98,0.98,0.9,0.9,5,False,0.9,5,True
B2,m6_4-trial-017,CONSERVATIVE,0.99,0.99,0.9,0.9,5,False,0.9,5,True
B2,m6_4-trial-017,CONSERVATIVE,1.0,1.00,0.9,0.9,5,False,0.9,5,True
B2,m6_4-trial-018,FAST,0.5,0.50,1.3,1.3,0,False,1.3,0,True
B2,m6_4-trial-018,FAST,0.6,0.60,1.3,1.3,0,False,1.3,0,True
B2,m6_4-trial-018,FAST,0.7,0.70,1.3,0.9,5,True,0.9,5,True
B2,m6_4-trial-018,FAST,0.8,0.80,1.3,0.9,5,True,0.9,5,True
B2,m6_4-trial-018,FAST,0.9,0.90,1.3,0.9,5,True,0.9,5,True
B2,m6_4-trial-018,FAST,0.95,0.95,1.3,0.9,5,True,0.9,5,True
B2,m6_4-trial-018,FAST,0.98,0.98,1.3,0.9,5,True,0.9,5,True
B2,m6_4-trial-018,FAST,0.99,0.99,1.3,0.9,5,True,0.9,5,True
B2,m6_4-trial-018,FAST,1.0,1.00,1.3,0.9,5,True,0.9,5,True
B2,m6_4-trial-018,MEDIUM,0.5,0.50,1.7,1.7,0,False,1.7,0,True
B2,m6_4-trial-018,MEDIUM,0.6,0.60,1.7,1.7,0,False,1.7,0,True
B2,m6_4-trial-018,MEDIUM,0.7,0.70,1.7,0.9,5,True,0.9,5,True
B2,m6_4-trial-018,MEDIUM,0.8,0.80,1.7,0.9,5,True,0.9,5,True
B2,m6_4-trial-018,MEDIUM,0.9,0.90,1.7,0.9,5,True,0.9,5,True
B2,m6_4-trial-018,MEDIUM,0.95,0.95,1.7,0.9,5,True,0.9,5,True
B2,m6_4-trial-018,MEDIUM,0.98,0.98,1.7,0.9,5,True,0.9,5,True
B2,m6_4-trial-018,MEDIUM,0.99,0.99,1.7,0.9,5,True,0.9,5,True
B2,m6_4-trial-018,MEDIUM,1.0,1.00,1.7,0.9,5,True,0.9,5,True
B2,m6_4-trial-018,CONSERVATIVE,0.5,0.50,1.9,1.9,0,False,1.9,0,True
B2,m6_4-trial-018,CONSERVATIVE,0.6,0.60,1.9,1.9,0,False,1.9,0,True
B2,m6_4-trial-018,CONSERVATIVE,0.7,0.70,1.9,0.9,5,True,0.9,5,True
B2,m6_4-trial-018,CONSERVATIVE,0.8,0.80,1.9,0.9,5,True,0.9,5,True
B2,m6_4-trial-018,CONSERVATIVE,0.9,0.90,1.9,0.9,5,True,0.9,5,True
B2,m6_4-trial-018,CONSERVATIVE,0.95,0.95,1.9,0.9,5,True,0.9,5,True
B2,m6_4-trial-018,CONSERVATIVE,0.98,0.98,1.9,0.9,5,True,0.9,5,True
B2,m6_4-trial-018,CONSERVATIVE,0.99,0.99,1.9,0.9,5,True,0.9,5,True
B2,m6_4-trial-018,CONSERVATIVE,1.0,1.00,1.9,0.9,5,True,0.9,5,True
B2,m6_4-trial-019,FAST,0.5,0.50,1.9,1.9,0,False,1.9,0,True
B2,m6_4-trial-019,FAST,0.6,0.60,1.9,1.9,0,False,1.9,0,True
B2,m6_4-trial-019,FAST,0.7,0.70,1.9,0.9,5,True,0.9,5,True
B2,m6_4-trial-019,FAST,0.8,0.80,1.9,0.9,5,True,0.9,5,True
B2,m6_4-trial-019,FAST,0.9,0.90,1.9,0.9,5,True,0.9,5,True
B2,m6_4-trial-019,FAST,0.95,0.95,1.9,0.9,5,True,0.9,5,True
B2,m6_4-trial-019,FAST,0.98,0.98,1.9,0.9,5,True,0.9,5,True
B2,m6_4-trial-019,FAST,0.99,0.99,1.9,0.9,5,True,0.9,5,True
B2,m6_4-trial-019,FAST,1.0,1.00,1.9,0.9,5,True,0.9,5,True
B2,m6_4-trial-019,MEDIUM,0.5,0.50,1.9,1.9,0,False,1.9,0,True
B2,m6_4-trial-019,MEDIUM,0.6,0.60,1.9,1.9,0,False,1.9,0,True
B2,m6_4-trial-019,MEDIUM,0.7,0.70,1.9,0.9,5,True,0.9,5,True
B2,m6_4-trial-019,MEDIUM,0.8,0.80,1.9,0.9,5,True,0.9,5,True
B2,m6_4-trial-019,MEDIUM,0.9,0.90,1.9,0.9,5,True,0.9,5,True
B2,m6_4-trial-019,MEDIUM,0.95,0.95,1.9,0.9,5,True,0.9,5,True
B2,m6_4-trial-019,MEDIUM,0.98,0.98,1.9,0.9,5,True,0.9,5,True
B2,m6_4-trial-019,MEDIUM,0.99,0.99,1.9,0.9,5,True,0.9,5,True
B2,m6_4-trial-019,MEDIUM,1.0,1.00,1.9,0.9,5,True,0.9,5,True
B2,m6_4-trial-019,CONSERVATIVE,0.5,0.50,1.9,1.9,0,False,1.9,0,True
B2,m6_4-trial-019,CONSERVATIVE,0.6,0.60,1.9,1.9,0,False,1.9,0,True
B2,m6_4-trial-019,CONSERVATIVE,0.7,0.70,1.9,0.9,5,True,0.9,5,True
B2,m6_4-trial-019,CONSERVATIVE,0.8,0.80,1.9,0.9,5,True,0.9,5,True
B2,m6_4-trial-019,CONSERVATIVE,0.9,0.90,1.9,0.9,5,True,0.9,5,True
B2,m6_4-trial-019,CONSERVATIVE,0.95,0.95,1.9,0.9,5,True,0.9,5,True
B2,m6_4-trial-019,CONSERVATIVE,0.98,0.98,1.9,0.9,5,True,0.9,5,True
B2,m6_4-trial-019,CONSERVATIVE,0.99,0.99,1.9,0.9,5,True,0.9,5,True
B2,m6_4-trial-019,CONSERVATIVE,1.0,1.00,1.9,0.9,5,True,0.9,5,True
B2,m6_4-trial-020,FAST,0.5,0.50,0.9,0.9,0,False,0.9,0,True
B2,m6_4-trial-020,FAST,0.6,0.60,0.9,0.9,0,False,0.9,0,True
B2,m6_4-trial-020,FAST,0.7,0.70,0.9,0.9,5,False,0.9,5,True
B2,m6_4-trial-020,FAST,0.8,0.80,0.9,0.9,5,False,0.9,5,True
B2,m6_4-trial-020,FAST,0.9,0.90,0.9,0.9,5,False,0.9,5,True
B2,m6_4-trial-020,FAST,0.95,0.95,0.9,0.9,5,False,0.9,5,True
B2,m6_4-trial-020,FAST,0.98,0.98,0.9,0.9,5,False,0.9,5,True
B2,m6_4-trial-020,FAST,0.99,0.99,0.9,0.9,5,False,0.9,5,True
B2,m6_4-trial-020,FAST,1.0,1.00,0.9,0.9,5,False,0.9,5,True
B2,m6_4-trial-020,MEDIUM,0.5,0.50,0.9,0.9,0,False,0.9,0,True
B2,m6_4-trial-020,MEDIUM,0.6,0.60,0.9,0.9,0,False,0.9,0,True
B2,m6_4-trial-020,MEDIUM,0.7,0.70,0.9,0.9,5,False,0.9,5,True
B2,m6_4-trial-020,MEDIUM,0.8,0.80,0.9,0.9,5,False,0.9,5,True
B2,m6_4-trial-020,MEDIUM,0.9,0.90,0.9,0.9,5,False,0.9,5,True
B2,m6_4-trial-020,MEDIUM,0.95,0.95,0.9,0.9,5,False,0.9,5,True
B2,m6_4-trial-020,MEDIUM,0.98,0.98,0.9,0.9,5,False,0.9,5,True
B2,m6_4-trial-020,MEDIUM,0.99,0.99,0.9,0.9,5,False,0.9,5,True
B2,m6_4-trial-020,MEDIUM,1.0,1.00,0.9,0.9,5,False,0.9,5,True
B2,m6_4-trial-020,CONSERVATIVE,0.5,0.50,0.9,0.9,0,False,0.9,0,True
B2,m6_4-trial-020,CONSERVATIVE,0.6,0.60,0.9,0.9,0,False,0.9,0,True
B2,m6_4-trial-020,CONSERVATIVE,0.7,0.70,0.9,0.9,5,False,0.9,5,True
B2,m6_4-trial-020,CONSERVATIVE,0.8,0.80,0.9,0.9,5,False,0.9,5,True
B2,m6_4-trial-020,CONSERVATIVE,0.9,0.90,0.9,0.9,5,False,0.9,5,True
B2,m6_4-trial-020,CONSERVATIVE,0.95,0.95,0.9,0.9,5,False,0.9,5,True
B2,m6_4-trial-020,CONSERVATIVE,0.98,0.98,0.9,0.9,5,False,0.9,5,True
B2,m6_4-trial-020,CONSERVATIVE,0.99,0.99,0.9,0.9,5,False,0.9,5,True
B2,m6_4-trial-020,CONSERVATIVE,1.0,1.00,0.9,0.9,5,False,0.9,5,True
B2,m6_4-trial-021,FAST,0.5,0.50,1.4,1.4,0,False,1.4,0,True
B2,m6_4-trial-021,FAST,0.6,0.60,1.4,1.4,0,False,1.4,0,True
B2,m6_4-trial-021,FAST,0.7,0.70,1.4,1.3,5,True,1.3,5,True
B2,m6_4-trial-021,FAST,0.8,0.80,1.4,1.3,5,True,1.3,5,True
B2,m6_4-trial-021,FAST,0.9,0.90,1.4,1.3,5,True,1.3,5,True
B2,m6_4-trial-021,FAST,0.95,0.95,1.4,1.3,5,True,1.3,5,True
B2,m6_4-trial-021,FAST,0.98,0.98,1.4,1.3,5,True,1.3,5,True
B2,m6_4-trial-021,FAST,0.99,0.99,1.4,1.3,5,True,1.3,5,True
B2,m6_4-trial-021,FAST,1.0,1.00,1.4,1.3,5,True,1.3,5,True
B2,m6_4-trial-021,MEDIUM,0.5,0.50,1.5,1.5,0,False,1.5,0,True
B2,m6_4-trial-021,MEDIUM,0.6,0.60,1.5,1.5,0,False,1.5,0,True
B2,m6_4-trial-021,MEDIUM,0.7,0.70,1.5,1.3,5,True,1.3,5,True
B2,m6_4-trial-021,MEDIUM,0.8,0.80,1.5,1.3,5,True,1.3,5,True
B2,m6_4-trial-021,MEDIUM,0.9,0.90,1.5,1.3,5,True,1.3,5,True
B2,m6_4-trial-021,MEDIUM,0.95,0.95,1.5,1.3,5,True,1.3,5,True
B2,m6_4-trial-021,MEDIUM,0.98,0.98,1.5,1.3,5,True,1.3,5,True
B2,m6_4-trial-021,MEDIUM,0.99,0.99,1.5,1.3,5,True,1.3,5,True
B2,m6_4-trial-021,MEDIUM,1.0,1.00,1.5,1.3,5,True,1.3,5,True
B2,m6_4-trial-021,CONSERVATIVE,0.5,0.50,1.8,1.8,0,False,1.8,0,True
B2,m6_4-trial-021,CONSERVATIVE,0.6,0.60,1.8,1.8,0,False,1.8,0,True
B2,m6_4-trial-021,CONSERVATIVE,0.7,0.70,1.8,1.3,5,True,1.3,5,True
B2,m6_4-trial-021,CONSERVATIVE,0.8,0.80,1.8,1.3,5,True,1.3,5,True
B2,m6_4-trial-021,CONSERVATIVE,0.9,0.90,1.8,1.3,5,True,1.3,5,True
B2,m6_4-trial-021,CONSERVATIVE,0.95,0.95,1.8,1.3,5,True,1.3,5,True
B2,m6_4-trial-021,CONSERVATIVE,0.98,0.98,1.8,1.3,5,True,1.3,5,True
B2,m6_4-trial-021,CONSERVATIVE,0.99,0.99,1.8,1.3,5,True,1.3,5,True
B2,m6_4-trial-021,CONSERVATIVE,1.0,1.00,1.8,1.3,5,True,1.3,5,True
B2,m6_4-trial-022,FAST,0.5,0.50,0.9,0.9,0,False,0.9,0,True
B2,m6_4-trial-022,FAST,0.6,0.60,0.9,0.9,0,False,0.9,0,True
B2,m6_4-trial-022,FAST,0.7,0.70,0.9,0.9,5,False,0.9,5,True
B2,m6_4-trial-022,FAST,0.8,0.80,0.9,0.9,5,False,0.9,5,True
B2,m6_4-trial-022,FAST,0.9,0.90,0.9,0.9,5,False,0.9,5,True
B2,m6_4-trial-022,FAST,0.95,0.95,0.9,0.9,5,False,0.9,5,True
B2,m6_4-trial-022,FAST,0.98,0.98,0.9,0.9,5,False,0.9,5,True
B2,m6_4-trial-022,FAST,0.99,0.99,0.9,0.9,5,False,0.9,5,True
B2,m6_4-trial-022,FAST,1.0,1.00,0.9,0.9,5,False,0.9,5,True
B2,m6_4-trial-022,MEDIUM,0.5,0.50,0.9,0.9,0,False,0.9,0,True
B2,m6_4-trial-022,MEDIUM,0.6,0.60,0.9,0.9,0,False,0.9,0,True
B2,m6_4-trial-022,MEDIUM,0.7,0.70,0.9,0.9,5,False,0.9,5,True
B2,m6_4-trial-022,MEDIUM,0.8,0.80,0.9,0.9,5,False,0.9,5,True
B2,m6_4-trial-022,MEDIUM,0.9,0.90,0.9,0.9,5,False,0.9,5,True
B2,m6_4-trial-022,MEDIUM,0.95,0.95,0.9,0.9,5,False,0.9,5,True
B2,m6_4-trial-022,MEDIUM,0.98,0.98,0.9,0.9,5,False,0.9,5,True
B2,m6_4-trial-022,MEDIUM,0.99,0.99,0.9,0.9,5,False,0.9,5,True
B2,m6_4-trial-022,MEDIUM,1.0,1.00,0.9,0.9,5,False,0.9,5,True
B2,m6_4-trial-022,CONSERVATIVE,0.5,0.50,1.2,1.2,0,False,1.2,0,True
B2,m6_4-trial-022,CONSERVATIVE,0.6,0.60,1.2,1.2,0,False,1.2,0,True
B2,m6_4-trial-022,CONSERVATIVE,0.7,0.70,1.2,0.9,5,True,0.9,5,True
B2,m6_4-trial-022,CONSERVATIVE,0.8,0.80,1.2,0.9,5,True,0.9,5,True
B2,m6_4-trial-022,CONSERVATIVE,0.9,0.90,1.2,0.9,5,True,0.9,5,True
B2,m6_4-trial-022,CONSERVATIVE,0.95,0.95,1.2,0.9,5,True,0.9,5,True
B2,m6_4-trial-022,CONSERVATIVE,0.98,0.98,1.2,0.9,5,True,0.9,5,True
B2,m6_4-trial-022,CONSERVATIVE,0.99,0.99,1.2,0.9,5,True,0.9,5,True
B2,m6_4-trial-022,CONSERVATIVE,1.0,1.00,1.2,0.9,5,True,0.9,5,True
B2,m6_4-trial-024,FAST,0.5,0.50,0.9,0.9,0,False,0.9,0,True
B2,m6_4-trial-024,FAST,0.6,0.60,0.9,0.9,0,False,0.9,0,True
B2,m6_4-trial-024,FAST,0.7,0.70,0.9,0.9,5,False,0.9,5,True
B2,m6_4-trial-024,FAST,0.8,0.80,0.9,0.9,5,False,0.9,5,True
B2,m6_4-trial-024,FAST,0.9,0.90,0.9,0.9,5,False,0.9,5,True
B2,m6_4-trial-024,FAST,0.95,0.95,0.9,0.9,5,False,0.9,5,True
B2,m6_4-trial-024,FAST,0.98,0.98,0.9,0.9,5,False,0.9,5,True
B2,m6_4-trial-024,FAST,0.99,0.99,0.9,0.9,5,False,0.9,5,True
B2,m6_4-trial-024,FAST,1.0,1.00,0.9,0.9,5,False,0.9,5,True
B2,m6_4-trial-024,MEDIUM,0.5,0.50,1.1,1.1,0,False,1.1,0,True
B2,m6_4-trial-024,MEDIUM,0.6,0.60,1.1,1.1,0,False,1.1,0,True
B2,m6_4-trial-024,MEDIUM,0.7,0.70,1.1,0.9,5,True,0.9,5,True
B2,m6_4-trial-024,MEDIUM,0.8,0.80,1.1,0.9,5,True,0.9,5,True
B2,m6_4-trial-024,MEDIUM,0.9,0.90,1.1,0.9,5,True,0.9,5,True
B2,m6_4-trial-024,MEDIUM,0.95,0.95,1.1,0.9,5,True,0.9,5,True
B2,m6_4-trial-024,MEDIUM,0.98,0.98,1.1,0.9,5,True,0.9,5,True
B2,m6_4-trial-024,MEDIUM,0.99,0.99,1.1,0.9,5,True,0.9,5,True
B2,m6_4-trial-024,MEDIUM,1.0,1.00,1.1,0.9,5,True,0.9,5,True
B2,m6_4-trial-024,CONSERVATIVE,0.5,0.50,1.4,1.4,0,False,1.4,0,True
B2,m6_4-trial-024,CONSERVATIVE,0.6,0.60,1.4,1.4,0,False,1.4,0,True
B2,m6_4-trial-024,CONSERVATIVE,0.7,0.70,1.4,0.9,5,True,0.9,5,True
B2,m6_4-trial-024,CONSERVATIVE,0.8,0.80,1.4,0.9,5,True,0.9,5,True
B2,m6_4-trial-024,CONSERVATIVE,0.9,0.90,1.4,0.9,5,True,0.9,5,True
B2,m6_4-trial-024,CONSERVATIVE,0.95,0.95,1.4,0.9,5,True,0.9,5,True
B2,m6_4-trial-024,CONSERVATIVE,0.98,0.98,1.4,0.9,5,True,0.9,5,True
B2,m6_4-trial-024,CONSERVATIVE,0.99,0.99,1.4,0.9,5,True,0.9,5,True
B2,m6_4-trial-024,CONSERVATIVE,1.0,1.00,1.4,0.9,5,True,0.9,5,True
B2,m6_4-trial-025,FAST,0.5,0.50,0.9,0.9,0,False,0.9,0,True
B2,m6_4-trial-025,FAST,0.6,0.60,0.9,0.9,0,False,0.9,0,True
B2,m6_4-trial-025,FAST,0.7,0.70,0.9,0.9,5,False,0.9,5,True
B2,m6_4-trial-025,FAST,0.8,0.80,0.9,0.9,5,False,0.9,5,True
B2,m6_4-trial-025,FAST,0.9,0.90,0.9,0.9,5,False,0.9,5,True
B2,m6_4-trial-025,FAST,0.95,0.95,0.9,0.9,5,False,0.9,5,True
B2,m6_4-trial-025,FAST,0.98,0.98,0.9,0.9,5,False,0.9,5,True
B2,m6_4-trial-025,FAST,0.99,0.99,0.9,0.9,5,False,0.9,5,True
B2,m6_4-trial-025,FAST,1.0,1.00,0.9,0.9,5,False,0.9,5,True
B2,m6_4-trial-025,MEDIUM,0.5,0.50,0.9,0.9,0,False,0.9,0,True
B2,m6_4-trial-025,MEDIUM,0.6,0.60,0.9,0.9,0,False,0.9,0,True
B2,m6_4-trial-025,MEDIUM,0.7,0.70,0.9,0.9,5,False,0.9,5,True
B2,m6_4-trial-025,MEDIUM,0.8,0.80,0.9,0.9,5,False,0.9,5,True
B2,m6_4-trial-025,MEDIUM,0.9,0.90,0.9,0.9,5,False,0.9,5,True
B2,m6_4-trial-025,MEDIUM,0.95,0.95,0.9,0.9,5,False,0.9,5,True
B2,m6_4-trial-025,MEDIUM,0.98,0.98,0.9,0.9,5,False,0.9,5,True
B2,m6_4-trial-025,MEDIUM,0.99,0.99,0.9,0.9,5,False,0.9,5,True
B2,m6_4-trial-025,MEDIUM,1.0,1.00,0.9,0.9,5,False,0.9,5,True
B2,m6_4-trial-025,CONSERVATIVE,0.5,0.50,1.3,1.3,0,False,1.3,0,True
B2,m6_4-trial-025,CONSERVATIVE,0.6,0.60,1.3,1.3,0,False,1.3,0,True
B2,m6_4-trial-025,CONSERVATIVE,0.7,0.70,1.3,0.9,5,True,0.9,5,True
B2,m6_4-trial-025,CONSERVATIVE,0.8,0.80,1.3,0.9,5,True,0.9,5,True
B2,m6_4-trial-025,CONSERVATIVE,0.9,0.90,1.3,0.9,5,True,0.9,5,True
B2,m6_4-trial-025,CONSERVATIVE,0.95,0.95,1.3,0.9,5,True,0.9,5,True
B2,m6_4-trial-025,CONSERVATIVE,0.98,0.98,1.3,0.9,5,True,0.9,5,True
B2,m6_4-trial-025,CONSERVATIVE,0.99,0.99,1.3,0.9,5,True,0.9,5,True
B2,m6_4-trial-025,CONSERVATIVE,1.0,1.00,1.3,0.9,5,True,0.9,5,True
B2,m6_4-trial-026,FAST,0.5,0.50,0.9,0.9,0,False,0.9,0,True
B2,m6_4-trial-026,FAST,0.6,0.60,0.9,0.9,0,False,0.9,0,True
B2,m6_4-trial-026,FAST,0.7,0.70,0.9,0.9,5,False,0.9,5,True
B2,m6_4-trial-026,FAST,0.8,0.80,0.9,0.9,5,False,0.9,5,True
B2,m6_4-trial-026,FAST,0.9,0.90,0.9,0.9,5,False,0.9,5,True
B2,m6_4-trial-026,FAST,0.95,0.95,0.9,0.9,5,False,0.9,5,True
B2,m6_4-trial-026,FAST,0.98,0.98,0.9,0.9,5,False,0.9,5,True
B2,m6_4-trial-026,FAST,0.99,0.99,0.9,0.9,5,False,0.9,5,True
B2,m6_4-trial-026,FAST,1.0,1.00,0.9,0.9,5,False,0.9,5,True
B2,m6_4-trial-026,MEDIUM,0.5,0.50,1.0,1.0,0,False,1.0,0,True
B2,m6_4-trial-026,MEDIUM,0.6,0.60,1.0,1.0,0,False,1.0,0,True
B2,m6_4-trial-026,MEDIUM,0.7,0.70,1.0,0.9,5,True,0.9,5,True
B2,m6_4-trial-026,MEDIUM,0.8,0.80,1.0,0.9,5,True,0.9,5,True
B2,m6_4-trial-026,MEDIUM,0.9,0.90,1.0,0.9,5,True,0.9,5,True
B2,m6_4-trial-026,MEDIUM,0.95,0.95,1.0,0.9,5,True,0.9,5,True
B2,m6_4-trial-026,MEDIUM,0.98,0.98,1.0,0.9,5,True,0.9,5,True
B2,m6_4-trial-026,MEDIUM,0.99,0.99,1.0,0.9,5,True,0.9,5,True
B2,m6_4-trial-026,MEDIUM,1.0,1.00,1.0,0.9,5,True,0.9,5,True
B2,m6_4-trial-026,CONSERVATIVE,0.5,0.50,1.2,1.2,0,False,1.2,0,True
B2,m6_4-trial-026,CONSERVATIVE,0.6,0.60,1.2,1.2,0,False,1.2,0,True
B2,m6_4-trial-026,CONSERVATIVE,0.7,0.70,1.2,0.9,5,True,0.9,5,True
B2,m6_4-trial-026,CONSERVATIVE,0.8,0.80,1.2,0.9,5,True,0.9,5,True
B2,m6_4-trial-026,CONSERVATIVE,0.9,0.90,1.2,0.9,5,True,0.9,5,True
B2,m6_4-trial-026,CONSERVATIVE,0.95,0.95,1.2,0.9,5,True,0.9,5,True
B2,m6_4-trial-026,CONSERVATIVE,0.98,0.98,1.2,0.9,5,True,0.9,5,True
B2,m6_4-trial-026,CONSERVATIVE,0.99,0.99,1.2,0.9,5,True,0.9,5,True
B2,m6_4-trial-026,CONSERVATIVE,1.0,1.00,1.2,0.9,5,True,0.9,5,True
B2,m6_4-trial-027,FAST,0.5,0.50,1.7,1.7,0,False,1.7,0,True
B2,m6_4-trial-027,FAST,0.6,0.60,1.7,1.7,0,False,1.7,0,True
B2,m6_4-trial-027,FAST,0.7,0.70,1.7,1.0,5,True,1.0,5,True
B2,m6_4-trial-027,FAST,0.8,0.80,1.7,1.0,5,True,1.0,5,True
B2,m6_4-trial-027,FAST,0.9,0.90,1.7,1.0,5,True,1.0,5,True
B2,m6_4-trial-027,FAST,0.95,0.95,1.7,1.0,5,True,1.0,5,True
B2,m6_4-trial-027,FAST,0.98,0.98,1.7,1.0,5,True,1.0,5,True
B2,m6_4-trial-027,FAST,0.99,0.99,1.7,1.0,5,True,1.0,5,True
B2,m6_4-trial-027,FAST,1.0,1.00,1.7,1.0,5,True,1.0,5,True
B2,m6_4-trial-027,MEDIUM,0.5,0.50,1.7,1.7,0,False,1.7,0,True
B2,m6_4-trial-027,MEDIUM,0.6,0.60,1.7,1.7,0,False,1.7,0,True
B2,m6_4-trial-027,MEDIUM,0.7,0.70,1.7,1.0,5,True,1.0,5,True
B2,m6_4-trial-027,MEDIUM,0.8,0.80,1.7,1.0,5,True,1.0,5,True
B2,m6_4-trial-027,MEDIUM,0.9,0.90,1.7,1.0,5,True,1.0,5,True
B2,m6_4-trial-027,MEDIUM,0.95,0.95,1.7,1.0,5,True,1.0,5,True
B2,m6_4-trial-027,MEDIUM,0.98,0.98,1.7,1.0,5,True,1.0,5,True
B2,m6_4-trial-027,MEDIUM,0.99,0.99,1.7,1.0,5,True,1.0,5,True
B2,m6_4-trial-027,MEDIUM,1.0,1.00,1.7,1.0,5,True,1.0,5,True
B2,m6_4-trial-027,CONSERVATIVE,0.5,0.50,1.9,1.9,0,False,1.9,0,True
B2,m6_4-trial-027,CONSERVATIVE,0.6,0.60,1.9,1.9,0,False,1.9,0,True
B2,m6_4-trial-027,CONSERVATIVE,0.7,0.70,1.9,1.0,5,True,1.0,5,True
B2,m6_4-trial-027,CONSERVATIVE,0.8,0.80,1.9,1.0,5,True,1.0,5,True
B2,m6_4-trial-027,CONSERVATIVE,0.9,0.90,1.9,1.0,5,True,1.0,5,True
B2,m6_4-trial-027,CONSERVATIVE,0.95,0.95,1.9,1.0,5,True,1.0,5,True
B2,m6_4-trial-027,CONSERVATIVE,0.98,0.98,1.9,1.0,5,True,1.0,5,True
B2,m6_4-trial-027,CONSERVATIVE,0.99,0.99,1.9,1.0,5,True,1.0,5,True
B2,m6_4-trial-027,CONSERVATIVE,1.0,1.00,1.9,1.0,5,True,1.0,5,True
B2,m6_4-trial-028,FAST,0.5,0.50,1.4,1.4,0,False,1.4,0,True
B2,m6_4-trial-028,FAST,0.6,0.60,1.4,1.4,0,False,1.4,0,True
B2,m6_4-trial-028,FAST,0.7,0.70,1.4,0.9,5,True,0.9,5,True
B2,m6_4-trial-028,FAST,0.8,0.80,1.4,0.9,5,True,0.9,5,True
B2,m6_4-trial-028,FAST,0.9,0.90,1.4,0.9,5,True,0.9,5,True
B2,m6_4-trial-028,FAST,0.95,0.95,1.4,0.9,5,True,0.9,5,True
B2,m6_4-trial-028,FAST,0.98,0.98,1.4,0.9,5,True,0.9,5,True
B2,m6_4-trial-028,FAST,0.99,0.99,1.4,0.9,5,True,0.9,5,True
B2,m6_4-trial-028,FAST,1.0,1.00,1.4,0.9,5,True,0.9,5,True
B2,m6_4-trial-028,MEDIUM,0.5,0.50,1.7,1.7,0,False,1.7,0,True
B2,m6_4-trial-028,MEDIUM,0.6,0.60,1.7,1.7,0,False,1.7,0,True
B2,m6_4-trial-028,MEDIUM,0.7,0.70,1.7,0.9,5,True,0.9,5,True
B2,m6_4-trial-028,MEDIUM,0.8,0.80,1.7,0.9,5,True,0.9,5,True
B2,m6_4-trial-028,MEDIUM,0.9,0.90,1.7,0.9,5,True,0.9,5,True
B2,m6_4-trial-028,MEDIUM,0.95,0.95,1.7,0.9,5,True,0.9,5,True
B2,m6_4-trial-028,MEDIUM,0.98,0.98,1.7,0.9,5,True,0.9,5,True
B2,m6_4-trial-028,MEDIUM,0.99,0.99,1.7,0.9,5,True,0.9,5,True
B2,m6_4-trial-028,MEDIUM,1.0,1.00,1.7,0.9,5,True,0.9,5,True
B2,m6_4-trial-028,CONSERVATIVE,0.5,0.50,1.9,1.9,0,False,1.9,0,True
B2,m6_4-trial-028,CONSERVATIVE,0.6,0.60,1.9,1.9,0,False,1.9,0,True
B2,m6_4-trial-028,CONSERVATIVE,0.7,0.70,1.9,0.9,5,True,0.9,5,True
B2,m6_4-trial-028,CONSERVATIVE,0.8,0.80,1.9,0.9,5,True,0.9,5,True
B2,m6_4-trial-028,CONSERVATIVE,0.9,0.90,1.9,0.9,5,True,0.9,5,True
B2,m6_4-trial-028,CONSERVATIVE,0.95,0.95,1.9,0.9,5,True,0.9,5,True
B2,m6_4-trial-028,CONSERVATIVE,0.98,0.98,1.9,0.9,5,True,0.9,5,True
B2,m6_4-trial-028,CONSERVATIVE,0.99,0.99,1.9,0.9,5,True,0.9,5,True
B2,m6_4-trial-028,CONSERVATIVE,1.0,1.00,1.9,0.9,5,True,0.9,5,True
B2,m6_4-trial-029,FAST,0.5,0.50,1.4,1.4,0,False,1.4,0,True
B2,m6_4-trial-029,FAST,0.6,0.60,1.4,1.4,0,False,1.4,0,True
B2,m6_4-trial-029,FAST,0.7,0.70,1.4,1.0,5,True,1.0,5,True
B2,m6_4-trial-029,FAST,0.8,0.80,1.4,1.0,5,True,1.0,5,True
B2,m6_4-trial-029,FAST,0.9,0.90,1.4,1.0,5,True,1.0,5,True
B2,m6_4-trial-029,FAST,0.95,0.95,1.4,1.0,5,True,1.0,5,True
B2,m6_4-trial-029,FAST,0.98,0.98,1.4,1.0,5,True,1.0,5,True
B2,m6_4-trial-029,FAST,0.99,0.99,1.4,1.0,5,True,1.0,5,True
B2,m6_4-trial-029,FAST,1.0,1.00,1.4,1.0,5,True,1.0,5,True
B2,m6_4-trial-029,MEDIUM,0.5,0.50,1.5,1.5,0,False,1.5,0,True
B2,m6_4-trial-029,MEDIUM,0.6,0.60,1.5,1.5,0,False,1.5,0,True
B2,m6_4-trial-029,MEDIUM,0.7,0.70,1.5,1.0,5,True,1.0,5,True
B2,m6_4-trial-029,MEDIUM,0.8,0.80,1.5,1.0,5,True,1.0,5,True
B2,m6_4-trial-029,MEDIUM,0.9,0.90,1.5,1.0,5,True,1.0,5,True
B2,m6_4-trial-029,MEDIUM,0.95,0.95,1.5,1.0,5,True,1.0,5,True
B2,m6_4-trial-029,MEDIUM,0.98,0.98,1.5,1.0,5,True,1.0,5,True
B2,m6_4-trial-029,MEDIUM,0.99,0.99,1.5,1.0,5,True,1.0,5,True
B2,m6_4-trial-029,MEDIUM,1.0,1.00,1.5,1.0,5,True,1.0,5,True
B2,m6_4-trial-029,CONSERVATIVE,0.5,0.50,1.5,1.5,0,False,1.5,0,True
B2,m6_4-trial-029,CONSERVATIVE,0.6,0.60,1.5,1.5,0,False,1.5,0,True
B2,m6_4-trial-029,CONSERVATIVE,0.7,0.70,1.5,1.0,5,True,1.0,5,True
B2,m6_4-trial-029,CONSERVATIVE,0.8,0.80,1.5,1.0,5,True,1.0,5,True
B2,m6_4-trial-029,CONSERVATIVE,0.9,0.90,1.5,1.0,5,True,1.0,5,True
B2,m6_4-trial-029,CONSERVATIVE,0.95,0.95,1.5,1.0,5,True,1.0,5,True
B2,m6_4-trial-029,CONSERVATIVE,0.98,0.98,1.5,1.0,5,True,1.0,5,True
B2,m6_4-trial-029,CONSERVATIVE,0.99,0.99,1.5,1.0,5,True,1.0,5,True
B2,m6_4-trial-029,CONSERVATIVE,1.0,1.00,1.5,1.0,5,True,1.0,5,True
B2,m6_4-trial-030,FAST,0.5,0.50,0.9,0.9,0,False,0.9,0,True
B2,m6_4-trial-030,FAST,0.6,0.60,0.9,0.9,0,False,0.9,0,True
B2,m6_4-trial-030,FAST,0.7,0.70,0.9,0.9,5,False,0.9,5,True
B2,m6_4-trial-030,FAST,0.8,0.80,0.9,0.9,5,False,0.9,5,True
B2,m6_4-trial-030,FAST,0.9,0.90,0.9,0.9,5,False,0.9,5,True
B2,m6_4-trial-030,FAST,0.95,0.95,0.9,0.9,5,False,0.9,5,True
B2,m6_4-trial-030,FAST,0.98,0.98,0.9,0.9,5,False,0.9,5,True
B2,m6_4-trial-030,FAST,0.99,0.99,0.9,0.9,5,False,0.9,5,True
B2,m6_4-trial-030,FAST,1.0,1.00,0.9,0.9,5,False,0.9,5,True
B2,m6_4-trial-030,MEDIUM,0.5,0.50,0.9,0.9,0,False,0.9,0,True
B2,m6_4-trial-030,MEDIUM,0.6,0.60,0.9,0.9,0,False,0.9,0,True
B2,m6_4-trial-030,MEDIUM,0.7,0.70,0.9,0.9,5,False,0.9,5,True
B2,m6_4-trial-030,MEDIUM,0.8,0.80,0.9,0.9,5,False,0.9,5,True
B2,m6_4-trial-030,MEDIUM,0.9,0.90,0.9,0.9,5,False,0.9,5,True
B2,m6_4-trial-030,MEDIUM,0.95,0.95,0.9,0.9,5,False,0.9,5,True
B2,m6_4-trial-030,MEDIUM,0.98,0.98,0.9,0.9,5,False,0.9,5,True
B2,m6_4-trial-030,MEDIUM,0.99,0.99,0.9,0.9,5,False,0.9,5,True
B2,m6_4-trial-030,MEDIUM,1.0,1.00,0.9,0.9,5,False,0.9,5,True
B2,m6_4-trial-030,CONSERVATIVE,0.5,0.50,1.2,1.2,0,False,1.2,0,True
B2,m6_4-trial-030,CONSERVATIVE,0.6,0.60,1.2,1.2,0,False,1.2,0,True
B2,m6_4-trial-030,CONSERVATIVE,0.7,0.70,1.2,0.9,5,True,0.9,5,True
B2,m6_4-trial-030,CONSERVATIVE,0.8,0.80,1.2,0.9,5,True,0.9,5,True
B2,m6_4-trial-030,CONSERVATIVE,0.9,0.90,1.2,0.9,5,True,0.9,5,True
B2,m6_4-trial-030,CONSERVATIVE,0.95,0.95,1.2,0.9,5,True,0.9,5,True
B2,m6_4-trial-030,CONSERVATIVE,0.98,0.98,1.2,0.9,5,True,0.9,5,True
B2,m6_4-trial-030,CONSERVATIVE,0.99,0.99,1.2,0.9,5,True,0.9,5,True
B2,m6_4-trial-030,CONSERVATIVE,1.0,1.00,1.2,0.9,5,True,0.9,5,True
