scope,session,operatingPoint,strength,strengthLabel,effectiveEvidenceTimeSeconds,N,meanFusedTopEvidence,meanFusedMargin,meanFusedNormalizedEntropy,meanFusedTrueClassEvidence,meanDeltaTopVsOFF,meanDeltaMarginVsOFF,meanDeltaEntropyVsOFF,meanDeltaTrueEvidenceVsOFF,meanDeltaTopVs070,meanDeltaMarginVs070,meanDeltaEntropyVs070,meanDeltaTrueEvidenceVs070,meanFractionOfOneHotVectorChange,counterfactualBelow070N
OVERALL,,,0.3333333333333333,0.333333,0.5,88,0.4001546700921171,0.07278907346950513,0.9855882727285755,0.3949257475066594,-4.100255488672453e-17,-4.6049023180475245e-17,1.5139404881252134e-17,-5.172630001094479e-17,-0.35112349498845075,-0.5418323105804039,0.321825320028759,-0.35635241757390845,6.863920323464516e-17,88
OVERALL,,,0.3333333333333333,0.333333,0.6,88,0.41142839483666244,0.09027689821034272,0.9817653105943169,0.40849647872528405,-4.3525789033599885e-17,-5.866519391485203e-17,1.2616170734376778e-17,-4.9833874400788275e-17,-0.35002207756912085,-0.5405457914815641,0.33499955275890086,-0.3529539936804991,7.619425331620317e-17,88
OVERALL,,,0.3333333333333333,0.333333,0.7,88,0.4219841854663633,0.10571560378548703,0.9776398205942158,0.41844701315409033,-5.0464682937507114e-17,-6.434247074532158e-17,1.2616170734376778e-17,-5.614195976797667e-17,-0.34641040817238145,-0.5356281498466147,0.3433574905585846,-0.34994758048465446,8.145596832005988e-17,88
OVERALL,,,0.3333333333333333,0.333333,0.8,88,0.43067002131485643,0.11773663281012983,0.974594354372183,0.4284524490358548,-5.172630001094479e-17,-6.181923659844621e-17,1.8924256101565167e-17,-5.803438537813318e-17,-0.3452295373213088,-0.5345740370830487,0.3529451332792531,-0.3474471096003104,7.927106080985531e-17,88
OVERALL,,,0.3333333333333333,0.333333,0.9,88,0.4395401020149498,0.13068275365095913,0.9696385528751938,0.43896106092080556,-4.731064025391292e-17,-6.623489635547809e-17,1.3877787807814457e-17,-4.920306586406944e-17,-0.3433809670542965,-0.532566990072384,0.3608569092273633,-0.34396000814844074,8.130924347969551e-17,88
OVERALL,,,0.3333333333333333,0.333333,1.0,88,0.4481752239636128,0.14570398964454734,0.9662086040677511,0.44793618247801253,-5.488034269453899e-17,-7.12813646492288e-17,2.0185873175002847e-17,-5.614195976797667e-17,-0.340756588940607,-0.5275471728063111,0.3681957150835359,-0.3409956304262073,8.35877377836936e-17,88
OVERALL,,,0.3333333333333333,0.333333,1.1,88,0.4554317659576485,0.15852016709664482,0.9632342657753338,0.45496051291291145,-4.920306586406944e-17,-7.254298172266648e-17,2.2709107321878203e-17,-4.9833874400788275e-17,-0.338115226618587,-0.5224311928228317,0.37368579467526003,-0.33858647966332395,8.690952116789843e-17,88
OVERALL,,,0.3333333333333333,0.333333,1.2,88,0.4596752670170513,0.16605153539424217,0.9613361326565252,0.45916657556646,-5.929600245157086e-17,-7.380459879610416e-17,2.5232341468753557e-17,-5.99268109882897e-17,-0.3365987739089728,-0.5194862614014268,0.3768311247326142,-0.3371074653595641,8.543830642293383e-17,88
OVERALL,,,0.3333333333333333,0.333333,1.3,88,0.4669236940003499,0.1766867693426531,0.9571541564788721,0.46659131091878775,-5.488034269453899e-17,-7.506621586954184e-17,3.658689512969266e-17,-5.551115123125783e-17,-0.3338914247706255,-0.5156862661255761,0.38145589089773907,-0.3342238078521877,9.511700433843323e-17,88
OVERALL,,,0.3333333333333333,0.333333,1.4,88,0.4732361385160893,0.18528370898734137,0.9536273487215716,0.47306768853540004,-6.245004513516506e-17,-7.885106708985487e-17,2.1447490248440524e-17,-6.30808536718839e-17,-0.33174387832526975,-0.5130751779723632,0.3858734996242715,-0.33191232830595896,9.348533836223281e-17,88
OVERALL,,,0.3333333333333333,0.333333,1.5,88,0.4773804410993972,0.19081753413310262,0.9511680565817401,0.47712160231824563,-5.67727683046955e-17,-7.632783294297951e-17,1.766263902812749e-17,-5.866519391485203e-17,-0.33010231708066573,-0.5110574017815476,0.38836102372619313,-0.33036115586181725,9.791614699905885e-17,88
OVERALL,,,0.3333333333333333,0.333333,1.6,88,0.4849866656348546,0.2020420095424601,0.946916525593367,0.4848055832279016,-5.929600245157086e-17,-7.254298172266648e-17,2.6493958542191237e-17,-6.118842806172738e-17,-0.32730351383204076,-0.5070774793008914,0.3933357290452427,-0.32748459623899373,9.307343541648894e-17,88
OVERALL,,,0.3333333333333333,0.333333,1.7,88,0.49296228432218475,0.21423702230574085,0.9421366078574671,0.49282933383827315,-5.99268109882897e-17,-7.822025855313603e-17,2.397072439531588e-17,-6.055761952500853e-17,-0.3242213369161957,-0.5023968048744144,0.39819858881177983,-0.32435428740010736,9.761017260615843e-17,88
OVERALL,,,0.3333333333333333,0.333333,1.8,88,0.4939553678405623,0.21496074948115204,0.9415195214441617,0.4939553678405623,-5.929600245157086e-17,-8.011268416329254e-17,2.397072439531588e-17,-5.929600245157086e-17,-0.32406083082309584,-0.5027004510051155,0.399094422156455,-0.32406083082309584,1.00822442366934e-16,88
OVERALL,,,0.3333333333333333,0.333333,1.9,88,0.4989902349284794,0.22217383536680382,0.9387351242083742,0.4989902349284794,-6.371166220860273e-17,-8.074349270001139e-17,2.7755575615628914e-17,-6.371166220860273e-17,-0.3221662175800401,-0.5001453439969069,0.4023497958927857,-0.3221662175800401,1.0432441709844666e-16,88
OVERALL,,,0.5,0.50,0.5,88,0.5652508134113838,0.32633345075579856,0.891760636135016,0.5652508134113838,0.1650961433192667,0.25354437728629337,-0.09382763659355935,0.17032506590472438,-0.186027351669184,-0.28828793329411045,0.22799768343519966,-0.186027351669184,0.2826254067056919,88
OVERALL,,,0.5,0.50,0.6,88,0.578907947202281,0.3482607496146951,0.8793696678516838,0.578907947202281,0.16747955236561854,0.2579838514043523,-0.10239564274263331,0.17041146847699687,-0.18254252520350225,-0.2825619400772117,0.23260391001626754,-0.18254252520350225,0.2894539736011405,88
OVERALL,,,0.5,0.50,0.7,88,0.5886002338395347,0.36285153893480254,0.8693574323939711,0.5886002338395347,0.1666160483731713,0.25713593514931543,-0.10828238820024479,0.1701532206854443,-0.1797943597992101,-0.27849221469729923,0.2350751023583398,-0.1797943597992101,0.2943001169197674,88
OVERALL,,,0.5,0.50,0.8,88,0.5986651335190907,0.37735480367863905,0.8600499859455588,0.5986651335190907,0.16799511220423421,0.2596181708685092,-0.1145443684266243,0.17021268448323584,-0.17723442511707452,-0.27495586621453955,0.23840076485262873,-0.17723442511707452,0.29933256675954534,88
OVERALL,,,0.5,0.50,0.9,88,0.6086471061029722,0.39285011309406315,0.849269811984253,0.6086471061029722,0.16910700408802234,0.26216735944310393,-0.1203687408909409,0.16968604518216665,-0.1742739629662741,-0.27039963062927996,0.24048816833642242,-0.1742739629662741,0.3043235530514861,88
OVERALL,,,0.5,0.50,1.0,88,0.6171948639064486,0.40734123084623536,0.8405464420783004,0.6171948639064486,0.16901963994283567,0.26163724120168796,-0.12566216198945065,0.169258681428436,-0.17173694899777125,-0.2659099316046231,0.2425335530940852,-0.17173694899777125,0.3085974319532243,88
OVERALL,,,0.5,0.50,1.1,88,0.6238310180651065,0.41862989638196396,0.8335080608052643,0.6238310180651065,0.16839925210745801,0.260109729285319,-0.12972620497006965,0.16887050515219498,-0.16971597451112894,-0.26232146353751257,0.24395958970519036,-0.16971597451112894,0.3119155090325533,88
OVERALL,,,0.5,0.50,1.2,88,0.6277731734919452,0.42539338771783475,0.8292410825917375,0.6277731734919452,0.16809790647489375,0.25934185232359247,-0.13209505006478783,0.16860659792548507,-0.16850086743407897,-0.26014440907783426,0.24473607466782638,-0.16850086743407897,0.3138865867459726,88
OVERALL,,,0.5,0.50,1.3,88,0.6345174541061925,0.4354822816833497,0.8212713679086489,0.6345174541061925,0.16759376010584257,0.2587955123406964,-0.1358827885702233,0.16792614318740473,-0.16629766466478293,-0.2568907537848796,0.24557310232751572,-0.16629766466478293,0.31725872705309627,88
OVERALL,,,0.5,0.50,1.4,88,0.6405582826860076,0.44403186122166766,0.8142996607680956,0.6405582826860076,0.1673221441699182,0.2587481522343263,-0.13932768795347608,0.1674905941506075,-0.16442173415535147,-0.25432702573803695,0.24654581167079528,-0.16442173415535147,0.3202791413430038,88
OVERALL,,,0.5,0.50,1.5,88,0.6442687007292985,0.44913019941989485,0.8097788191706243,0.6442687007292985,0.1668882596299013,0.2583126652867922,-0.14138923741111567,0.16714709841105288,-0.16321405745076434,-0.2527447364947552,0.24697178631507744,-0.16321405745076434,0.32213435036464927,88
OVERALL,,,0.5,0.50,1.6,88,0.651326730831093,0.4596978811811685,0.8015515421426177,0.651326730831093,0.1663400651962384,0.25765587163870846,-0.14536498345074914,0.16652114760319137,-0.1609634486358023,-0.24942160766218302,0.24797074559449353,-0.1609634486358023,0.3256633654155465,88
OVERALL,,,0.5,0.50,1.7,88,0.6586193402220266,0.47088754960288026,0.7927147043199168,0.6586193402220266,0.16565705589984187,0.2566505272971394,-0.1494219035375503,0.1657900063837535,-0.15856428101635378,-0.24574627757727505,0.24877668527422958,-0.15856428101635378,0.3293096701110133,88
OVERALL,,,0.5,0.50,1.8,88,0.659746873308657,0.4721354138090406,0.7914805969897365,0.659746873308657,0.16579150546809462,0.2571746643278885,-0.15003892445442532,0.16579150546809462,-0.15826932535500113,-0.24552578667722696,0.24905549770202964,-0.15826932535500113,0.3298734366543285,88
OVERALL,,,0.5,0.50,1.9,88,0.664367586218636,0.47890348392853177,0.7860874466860172,0.664367586218636,0.16537735129015665,0.2567296485617278,-0.152647677522357,0.16537735129015665,-0.15678886628988342,-0.24341569543517902,0.24970211837042866,-0.15678886628988342,0.33218379310931806,88
OVERALL,,,0.6,0.60,0.5,88,0.6605472266849404,0.47402122353065274,0.7925534928606546,0.6605472266849404,0.26039255659282323,0.4012321500611476,-0.19303477986792075,0.2656214791782809,-0.09073093839562746,-0.14060016051925625,0.1287905401608382,-0.09073093839562746,0.4403648177899602,88
OVERALL,,,0.6,0.60,0.6,88,0.6728726561970969,0.49371876772557227,0.7768681536261351,0.6728726561970969,0.26144426136043447,0.40344186951522953,-0.2048971569681818,0.2643761774718128,-0.08857781620868631,-0.1371039219663345,0.13010239579071908,-0.08857781620868631,0.44858177079806455,88
OVERALL,,,0.6,0.60,0.7,88,0.6814519671185617,0.5066823147899623,0.7648740990569265,0.6814519671185617,0.25946778165219825,0.40096671100447523,-0.2127657215372894,0.26300495396447127,-0.08694262652018314,-0.13466143884213955,0.13059176902129516,-0.08694262652018314,0.4543013114123744,88
OVERALL,,,0.6,0.60,0.8,88,0.6905383427420256,0.5198821980662806,0.7531757357866705,0.6905383427420256,0.25986832142716926,0.4021455652561508,-0.22141861858551246,0.26208589370617086,-0.08536121589413947,-0.132428471826898,0.13152651469374058,-0.08536121589413947,0.4603588951613505,88
OVERALL,,,0.6,0.60,0.9,88,0.6992815969492967,0.5334822579292816,0.7405947301766912,0.6992815969492967,0.25974149493434684,0.40279950427832245,-0.22904382269850262,0.2603205360284911,-0.08363947211994958,-0.1297674857940615,0.13181308652886067,-0.08363947211994958,0.46618773129953117,88
OVERALL,,,0.6,0.60,1.0,88,0.7067694905017974,0.5460400091336667,0.7301854404856922,0.7067694905017974,0.25859426653818446,0.4003360194891192,-0.23602316358205877,0.2588333080237848,-0.08216232240242247,-0.12721115331719185,0.1321725515014771,-0.08216232240242247,0.4711796603345316,88
OVERALL,,,0.6,0.60,1.1,88,0.7125518008274517,0.5557659828042556,0.7219103147861872,0.7125518008274517,0.2571200348698031,0.3972458157076107,-0.24132395098914666,0.25759128791454006,-0.0809951917487839,-0.1251853771152209,0.1323618436861133,-0.0809951917487839,0.4750345338849677,88
OVERALL,,,0.6,0.60,1.2,88,0.7159757675991734,0.5615734552270459,0.7169467308172665,0.7159757675991734,0.25630050058212195,0.3955219198328036,-0.2443894018392589,0.2568091920327133,-0.08029827332685076,-0.12396434156862317,0.13244172289335535,-0.08029827332685076,0.47731717839944887,88
OVERALL,,,0.6,0.60,1.3,88,0.721748635787347,0.5702403465302641,0.708034943804908,0.721748635787347,0.25482494178699716,0.39355357718761097,-0.24911921267396434,0.2551573248685593,-0.07906648298362841,-0.12213268893796503,0.13233667822377468,-0.07906648298362841,0.48116575719156474,88
OVERALL,,,0.6,0.60,1.4,88,0.7269853581861407,0.5777183932954709,0.7001087830327059,0.7269853581861407,0.2537492196700514,0.3924346843081294,-0.25351856568886577,0.2539176696507406,-0.07799465865521832,-0.12064049366423375,0.13235493393540562,-0.07799465865521832,0.4846569054574271,88
OVERALL,,,0.6,0.60,1.5,88,0.7301665184066227,0.5821466410229142,0.6950820654652805,0.7301665184066227,0.2527860773072255,0.39132910688981154,-0.2560859911164595,0.25304491608837704,-0.07731623977344015,-0.11972829489173589,0.13227503260973356,-0.07731623977344015,0.48677767893774854,88
OVERALL,,,0.6,0.60,1.6,88,0.7362441777517703,0.5912805156388075,0.6858113603679268,0.7362441777517703,0.25125751211691577,0.3892385060963473,-0.2611051652254402,0.2514385945238687,-0.07604600171512493,-0.11783897320454416,0.13223056381980244,-0.07604600171512493,0.4908294518345136,88
OVERALL,,,0.6,0.60,1.7,88,0.7424779942644562,0.6008501609028468,0.6759985108157568,0.7424779942644562,0.24951570994227124,0.38661313859710583,-0.2661380970417103,0.2496486604261829,-0.07470562697392441,-0.11578366627730854,0.13206049177006957,-0.07470562697392441,0.4949853295096373,88
OVERALL,,,0.6,0.60,1.8,88,0.7434915485224708,0.6020475149071335,0.6745437834899211,0.7434915485224708,0.24953618068190855,0.38708676542598136,-0.2669757379542407,0.24953618068190855,-0.07452465014118718,-0.11561368557913405,0.13211868420221434,-0.07452465014118718,0.4956610323483139,88
OVERALL,,,0.6,0.60,1.9,88,0.7474665583893941,0.6079127511708367,0.6684692228605182,0.7474665583893941,0.2484763234609148,0.38573891580403286,-0.2702659013478559,0.2484763234609148,-0.07368989411912528,-0.114406428192874,0.13208389454492983,-0.07368989411912528,0.4983110389262628,88
OVERALL,,,0.7,0.70,0.5,88,0.7512781650805678,0.614621384049909,0.6637629526998163,0.7512781650805678,0.3511234949884507,0.5418323105804038,-0.321825320028759,0.35635241757390834,0.0,0.0,0.0,0.0,0.5902899868490175,0
OVERALL,,,0.7,0.70,0.6,88,0.7614504724057831,0.6308226896919068,0.646765757835416,0.7614504724057831,0.3500220775691208,0.5405457914815641,-0.33499955275890086,0.35295399368049907,0.0,0.0,0.0,0.0,0.5982825140331154,0
OVERALL,,,0.7,0.70,0.7,88,0.7683945936387448,0.6413437536321017,0.6342823300356314,0.7683945936387448,0.3464104081723814,0.5356281498466147,-0.3433574905585846,0.3499475804846544,0.0,0.0,0.0,0.0,0.6037386092875852,0
OVERALL,,,0.7,0.70,0.8,88,0.7758995586361652,0.6523106698931787,0.62164922109293,0.7758995586361652,0.3452295373213087,0.5345740370830486,-0.3529451332792531,0.34744710960031033,0.0,0.0,0.0,0.0,0.6096353674998439,0
OVERALL,,,0.7,0.70,0.9,88,0.7829210690692462,0.6632497437233431,0.6087816436478305,0.7829210690692462,0.3433809670542964,0.532566990072384,-0.3608569092273633,0.34396000814844074,0.0,0.0,0.0,0.0,0.6151522685544077,0
OVERALL,,,0.7,0.70,1.0,88,0.7889318129042199,0.6732511624508585,0.5980128889842152,0.7889318129042199,0.34075658894060695,0.527547172806311,-0.3681957150835359,0.3409956304262073,0.0,0.0,0.0,0.0,0.6198749958533155,0
OVERALL,,,0.7,0.70,1.1,88,0.7935469925762355,0.6809513599194764,0.5895484711000738,0.7935469925762355,0.338115226618587,0.5224311928228315,-0.37368579467526003,0.33858647966332395,0.0,0.0,0.0,0.0,0.6235012084527565,0
OVERALL,,,0.7,0.70,1.2,88,0.7962740409260239,0.685537796795669,0.5845050079239111,0.7962740409260239,0.33659877390897275,0.5194862614014268,-0.3768311247326142,0.33710746535956404,0.0,0.0,0.0,0.0,0.6256438892990189,0
OVERALL,,,0.7,0.70,1.3,88,0.8008151187709754,0.6923730354682291,0.5756982655811331,0.8008151187709754,0.3338914247706255,0.515686266125576,-0.38145589089773907,0.3342238078521877,0.0,0.0,0.0,0.0,0.6292118790343378,0
OVERALL,,,0.7,0.70,1.4,88,0.804980016841359,0.6983588869597046,0.5677538490973002,0.804980016841359,0.3317438783252697,0.5130751779723632,-0.3858734996242715,0.3319123283059589,0.0,0.0,0.0,0.0,0.6324842989467822,0
OVERALL,,,0.7,0.70,1.5,88,0.8074827581800629,0.7018749359146501,0.562807032855547,0.8074827581800629,0.3301023170806657,0.5110574017815473,-0.38836102372619313,0.3303611558618172,0.0,0.0,0.0,0.0,0.6344507385700494,0
OVERALL,,,0.7,0.70,1.6,88,0.8122901794668954,0.7091194888433516,0.5535807965481243,0.8122901794668954,0.32730351383204065,0.5070774793008914,-0.3933357290452427,0.3274845962389936,0.0,0.0,0.0,0.0,0.6382279981525606,0
OVERALL,,,0.7,0.70,1.7,88,0.8171836212383805,0.7166338271801553,0.5439380190456873,0.8171836212383805,0.3242213369161957,0.5023968048744144,-0.39819858881177983,0.32435428740010724,0.0,0.0,0.0,0.0,0.6420728452587275,0
OVERALL,,,0.7,0.70,1.8,88,0.818016198663658,0.7176612004862675,0.5424250992877067,0.818016198663658,0.32406083082309584,0.5027004510051154,-0.399094422156455,0.32406083082309584,0.0,0.0,0.0,0.0,0.6427270132357313,0
OVERALL,,,0.7,0.70,1.9,88,0.8211564525085197,0.7223191793637107,0.5363853283155884,0.8211564525085197,0.32216621758004005,0.5001453439969068,-0.4023497958927857,0.32216621758004005,0.0,0.0,0.0,0.0,0.6451943555424081,0
OVERALL,,,0.8,0.80,0.5,88,0.8378620431853183,0.7487852221893383,0.5031276384250379,0.8378620431853183,0.4377073730932011,0.6759961487198332,-0.48246063430353736,0.44293629567865883,0.08658387810475049,0.13416383813942928,-0.1606353142747784,0.08658387810475049,0.7331292877871537,0
OVERALL,,,0.8,0.80,0.6,88,0.8451940440851263,0.76043221961866,0.4873072996004721,0.8451940440851263,0.4337656492484639,0.6701553214083174,-0.49445801099384484,0.4366975653598422,0.08374357167934314,0.1296095299267533,-0.15945845823494406,0.08374357167934314,0.7395447885744857,0
OVERALL,,,0.8,0.80,0.7,88,0.8501015718111692,0.7678829495788655,0.4760836438548354,0.8501015718111692,0.4281173863448057,0.6621673457933784,-0.5015561767393806,0.43165455865707875,0.08170697817242428,0.1265391959467637,-0.15819868618079597,0.08170697817242428,0.743838875334773,0
OVERALL,,,0.8,0.80,0.8,88,0.8555179296830489,0.7758335678477405,0.46434320575470944,0.8555179296830489,0.42484790836819253,0.6580969350376106,-0.5102511486174736,0.4270654806471941,0.07961837104688377,0.12352289795456194,-0.15730601533822047,0.07961837104688377,0.7485781884726678,0
OVERALL,,,0.8,0.80,0.9,88,0.8604527422244069,0.7835314945346702,0.45291489953157243,0.8604527422244069,0.4209126402094572,0.6528487408837109,-0.5167236533436214,0.42149168130360143,0.07753167315516073,0.12028175081132698,-0.1558667441162581,0.07753167315516073,0.7528961494463562,0
OVERALL,,,0.8,0.80,1.0,88,0.864674071870937,0.7905133972638567,0.4432871361610211,0.864674071870937,0.41649884790732405,0.6448094076193094,-0.5229214679067299,0.41673788939292433,0.0757422589667171,0.1172622348129984,-0.154725752823194,0.0757422589667171,0.7565898128870697,0
OVERALL,,,0.8,0.80,1.1,88,0.86789573452165,0.7958559378093383,0.43579652291950505,0.86789573452165,0.41246396856400147,0.6373357707126933,-0.5274377428558288,0.41293522160873847,0.07434874194541453,0.11490457788986178,-0.15375194818056878,0.07434874194541453,0.7594087677064439,0
OVERALL,,,0.8,0.80,1.2,88,0.8697971853795601,0.7990329621902639,0.43135225875053435,0.8697971853795601,0.41012191836250866,0.6329814267960215,-0.5299838739059909,0.4106306098130999,0.07352314445353585,0.11349516539459473,-0.15315274917337673,0.07352314445353585,0.7610725372071151,0
OVERALL,,,0.8,0.80,1.3,88,0.8729295663434329,0.8037570486356138,0.42375977761535905,0.8729295663434329,0.40600587234308283,0.6270702792929607,-0.5333943788635132,0.406338255424645,0.07211444757245741,0.11138401316738465,-0.15193848796577414,0.07211444757245741,0.7638133705505038,0
OVERALL,,,0.8,0.80,1.4,88,0.8758305103740063,0.8079466657820841,0.4168244335740356,0.8758305103740063,0.40259437185791697,0.6226629567947426,-0.536802915147536,0.4027628218386062,0.07085049353264727,0.10958777882237936,-0.1509294155232646,0.07085049353264727,0.7663516965772555,0
OVERALL,,,0.8,0.80,1.5,88,0.8775552486606663,0.8103863586821007,0.41257739570223734,0.8775552486606663,0.400174807561269,0.619568824548998,-0.5385906608795028,0.40043364634242046,0.0700724904806033,0.10851142276745059,-0.15022963715330967,0.0700724904806033,0.7678608425780827,0
OVERALL,,,0.8,0.80,1.6,88,0.880888547592043,0.8154199137251564,0.4045701771632618,0.880888547592043,0.39590188195718845,0.6133779041826964,-0.5423463484301052,0.3960829643641413,0.06859836812514776,0.10630042488180497,-0.1490106193848625,0.06859836812514776,0.7707774791430378,0
OVERALL,,,0.8,0.80,1.7,88,0.8842553104267317,0.8205909851071685,0.3963011485331396,0.8842553104267317,0.39129302610454675,0.6063539628014276,-0.5458354593243275,0.3914259765884584,0.06707168918835114,0.10395715792701322,-0.14763687051254773,0.06707168918835114,0.7737233966233902,0
OVERALL,,,0.8,0.80,1.8,88,0.884852205899546,0.8213508025896044,0.3949327698159589,0.884852205899546,0.39089683805898373,0.6063900531084522,-0.5465867516282028,0.39089683805898373,0.06683600723588799,0.10368960210333679,-0.1474923294717478,0.06683600723588799,0.7742456801621028,0
OVERALL,,,0.8,0.80,1.9,88,0.8870262680920274,0.824588442597728,0.38969820933284766,0.8870262680920274,0.388036033163548,0.602414607230924,-0.5490369148755266,0.388036033163548,0.06586981558350796,0.10226926323401728,-0.1466871189827409,0.06586981558350796,0.776147984580524,0
OVERALL,,,0.9,0.90,0.5,88,0.9206629777503721,0.8770793301968783,0.3009909941586984,0.9206629777503721,0.5205083076582548,0.8042902567273734,-0.684597278569877,0.5257372302437125,0.16938481266980418,0.2624579461469695,-0.362771958541118,0.16938481266980418,0.8695150345420182,0
OVERALL,,,0.9,0.90,0.6,88,0.92457514448364,0.8832808814608968,0.28967670741559404,0.92457514448364,0.5131467496469775,0.7930039832505542,-0.6920886031787229,0.5160786657583558,0.16312467207785664,0.2524581917689899,-0.357089050419822,0.16312467207785664,0.8732098586789934,0
OVERALL,,,0.9,0.90,0.7,88,0.9271415982120014,0.8871837156654728,0.2819134157124246,0.9271415982120014,0.505157412745638,0.7814681118799857,-0.6957264048817913,0.5086945850579109,0.1587470045732565,0.245839962033371,-0.35236891432320677,0.1587470045732565,0.875633731644668,0
OVERALL,,,0.9,0.90,0.8,88,0.9300368506988157,0.8914489342721208,0.27351892922766086,0.9300368506988157,0.4993668293839592,0.7737123014619908,-0.7010754251445221,0.5015844016629608,0.15413729206265048,0.2391382643789422,-0.3481302918652691,0.15413729206265048,0.8783681367711036,0
OVERALL,,,0.9,0.90,0.9,88,0.9326086198046223,0.8954649869683429,0.2656813719997737,0.9326086198046223,0.4930685177896723,0.7647822333173836,-0.7039571808754201,0.49364755888381656,0.14968755073537585,0.23221524324499968,-0.34310027164805684,0.14968755073537585,0.8807970298154764,0
OVERALL,,,0.9,0.90,1.0,88,0.9348066408502288,0.89908319272004,0.25904994399869136,0.9348066408502288,0.486631416886616,0.7533792030754927,-0.7071586600690597,0.4868704583722164,0.14587482794600912,0.22583203026918158,-0.3389629449855238,0.14587482794600912,0.8828729385807719,0
OVERALL,,,0.9,0.90,1.1,88,0.9364734847673788,0.9018342918379457,0.25394358876477496,0.9364734847673788,0.48104171880973023,0.7433141247413009,-0.7092906770105588,0.4815129718544672,0.14292649219114326,0.22088293191846933,-0.3356048823352989,0.14292649219114326,0.8844471800580801,0
OVERALL,,,0.9,0.90,1.2,88,0.9374570159082546,0.9034689826017751,0.25092166245450237,0.9374570159082546,0.47778174889120334,0.7374174472075329,-0.7104144702020231,0.47829044034179463,0.14118297498223056,0.21793118580610615,-0.33358334546940877,0.14118297498223056,0.8853760705800181,0
OVERALL,,,0.9,0.90,1.3,88,0.9390619562171697,0.9058931817893914,0.2458559307822128,0.9390619562171697,0.47213826221681965,0.7292064124467381,-0.7112982256966593,0.47247064529838184,0.13824683744619415,0.21352014632116223,-0.3298423347989204,0.13824683744619415,0.8868918475384381,0
OVERALL,,,0.9,0.90,1.4,88,0.9405613267944485,0.9080669014348719,0.24117464972485542,0.9405613267944485,0.46732518827835906,0.7227831924475304,-0.7124526989967161,0.46749363825904827,0.13558130995308934,0.20970801447516726,-0.32657919937244473,0.13558130995308934,0.8883079197503124,0
OVERALL,,,0.9,0.90,1.5,88,0.941443499285042,0.9093213810010327,0.23835477348499753,0.941443499285042,0.4640630581856447,0.7185038468679301,-0.7128132830967426,0.46432189696679615,0.133960741104979,0.20744644508638269,-0.3244522593705495,0.133960741104979,0.8891410826580951,0
OVERALL,,,0.9,0.90,1.6,88,0.9431596819314937,0.9119172111858426,0.23297728994066141,0.9431596819314937,0.4581730162966389,0.7098752016433824,-0.7139392356527057,0.45835409870359195,0.13086950246459828,0.20279772234249097,-0.3206035066074629,0.13086950246459828,0.8907619218241885,0
OVERALL,,,0.9,0.90,1.7,88,0.9448797383932601,0.9145594725487001,0.2274909462619566,0.9448797383932601,0.45191745407107525,0.7003224502429591,-0.7146456615955106,0.45205040455498685,0.12769611715487963,0.1979256453685447,-0.3164470727837307,0.12769611715487963,0.8923864195936346,0
OVERALL,,,0.9,0.90,1.8,88,0.9451963341504895,0.9149719680385925,0.22653523715103835,0.9451963341504895,0.45124096630992727,0.7000112185574404,-0.7149842842931234,0.45124096630992727,0.12718013548683144,0.19731076755232502,-0.3158898621366683,0.12718013548683144,0.8926854266976847,0
OVERALL,,,0.9,0.90,1.9,88,0.9463137602940948,0.9166412392723757,0.22302618821601003,0.9463137602940948,0.4473235253656154,0.6944674039055717,-0.7157089359923641,0.4473235253656154,0.1251573077855754,0.194322059908665,-0.31335914009957844,0.1251573077855754,0.8937407736110896,0
OVERALL,,,0.95,0.95,0.5,88,0.96074608922758,0.9391827440440091,0.17479341877769583,0.96074608922758,0.560591419135463,0.8663936705745038,-0.8107948539508795,0.5658203417209207,0.20946792414701232,0.3245613599941001,-0.4889695339221205,0.20946792414701232,0.9354632974058017,0
OVERALL,,,0.95,0.95,0.6,88,0.9627589319995885,0.9423706330623205,0.16760684030993628,0.9627589319995885,0.551330537162926,0.8520937348519777,-0.8141584702843807,0.5542624532743045,0.20130845959380528,0.31154794337041364,-0.47915891752547973,0.20130845959380528,0.9374231706311782,0
OVERALL,,,0.95,0.95,0.7,88,0.9640659549118434,0.9443596339629049,0.16276395963327833,0.9640659549118434,0.5420817694454798,0.8386440301774178,-0.8148758609609377,0.5456189417577529,0.19567136127309848,0.30301588033080296,-0.4715183704023531,0.19567136127309848,0.938695798203637,0
OVERALL,,,0.95,0.95,0.8,88,0.9655572415892998,0.946559963238316,0.15743057053794776,0.9655572415892998,0.5348872202744434,0.828823330428186,-0.8171637838342353,0.5371047925534449,0.18965768295313465,0.29424929334513744,-0.4642186505549822,0.18965768295313465,0.9401478404948446,0
OVERALL,,,0.95,0.95,0.9,88,0.966865641607166,0.9486041231957972,0.15255713860162176,0.966865641607166,0.5273255395922162,0.817921369544838,-0.8170814142735722,0.5279045806863606,0.1839445725379198,0.285354379472454,-0.4562245050462088,0.1839445725379198,0.9414218089332933,0
OVERALL,,,0.95,0.95,1.0,88,0.9679833894620795,0.9504403471948641,0.14842583301484338,0.9679833894620795,0.5198081654984665,0.8047363575503167,-0.8177827710529076,0.5200472069840668,0.1790515765578596,0.2771891847440056,-0.44958705596937176,0.1790515765578596,0.942510142370972,0
OVERALL,,,0.95,0.95,1.1,88,0.9688282287216711,0.9518319694675718,0.14526297239940128,0.9688282287216711,0.5133964627640224,0.7933118023709269,-0.8179712933759323,0.5138677158087593,0.17528123614543545,0.2708806095480953,-0.4442854987006725,0.17528123614543545,0.9433327490184689,0
OVERALL,,,0.95,0.95,1.2,88,0.9693268215349229,0.9526587793036027,0.1433926638193145,0.9693268215349229,0.5096515545178715,0.7866072439093604,-0.8179434688372108,0.5101602459684628,0.1730527806088987,0.2671209825079336,-0.44111234410459654,0.1730527806088987,0.9438182209682142,0
OVERALL,,,0.95,0.95,1.3,88,0.9701369021988058,0.9538831714432728,0.140286985066094,0.9701369021988058,0.5032132081984557,0.7771964021006198,-0.8168671714127782,0.5035455912800179,0.16932178342783027,0.26151013597504374,-0.4354112805150392,0.16932178342783027,0.9446069837198898,0
OVERALL,,,0.95,0.95,1.4,88,0.9708967698869656,0.9549865805831139,0.1374001258252445,0.9708967698869656,0.4976606313708762,0.7697028715957724,-0.8162272228963271,0.49782908135156545,0.1659167530456065,0.25662769362340926,-0.4303537232720556,0.1659167530456065,0.9453468548899401,0
OVERALL,,,0.95,0.95,1.5,88,0.9713415509989743,0.9556204793146347,0.13567667494866023,0.9713415509989743,0.49396110989957703,0.7648029451815322,-0.8154913816330798,0.4942199486807286,0.16385879281891133,0.2537455433999848,-0.4271303579068867,0.16385879281891133,0.9457799312358433,0
OVERALL,,,0.95,0.95,1.6,88,0.9722097864009297,0.956934655304184,0.13236844639410256,0.9722097864009297,0.487223120766075,0.7548926457617238,-0.8145480791992644,0.48740420317302796,0.15991960693403426,0.24781516646083232,-0.42121235015402175,0.15991960693403426,0.9466253183377472,0
OVERALL,,,0.95,0.95,1.7,88,0.9730766487285151,0.9582663627523819,0.12901573982647388,0.9730766487285151,0.48011436440633015,0.7440293404466409,-0.8131208680309933,0.4802473148902417,0.15589302749013448,0.24163253557222647,-0.4149222792192134,0.15589302749013448,0.9474693684988171,0
OVERALL,,,0.95,0.95,1.8,88,0.9732390226558064,0.9584799517730651,0.12841596172487998,0.9732390226558064,0.4792836548152439,0.7435192022919129,-0.8131035597192817,0.4792836548152439,0.1552228239921482,0.24081875128679756,-0.41400913756282665,0.1552228239921482,0.947627469428022,0
OVERALL,,,0.95,0.95,1.9,88,0.9738038214528134,0.9593247928618073,0.12625964097158812,0.9738038214528134,0.47481358652433414,0.7371509574950033,-0.812475483236786,0.47481358652433414,0.15264736894429404,0.2370056134980966,-0.4101256873440003,0.15264736894429404,0.948177405098792,0
OVERALL,,,0.98,0.98,0.5,88,0.9843957155429609,0.9758239775194523,0.08275426223553958,0.9843957155429609,0.5842410454508437,0.9030349040499472,-0.9028340104930358,0.5894699680363013,0.23311755046239302,0.3612025934695433,-0.5810086904642768,0.23311755046239302,0.9743508613027264,0
OVERALL,,,0.98,0.98,0.6,88,0.9852139163130698,0.9771191764863049,0.0791283223951849,0.9852139163130698,0.5737855214764073,0.8868422782759621,-0.9026369881991321,0.5767174375877855,0.2237634439072865,0.34629648679439806,-0.5676374354402312,0.2237634439072865,0.9751607130853853,0
OVERALL,,,0.98,0.98,0.7,88,0.9857419208749773,0.9779229977522028,0.0767164709608577,0.9857419208749773,0.5637577354086141,0.8722073939667158,-0.9009233496333583,0.5672949077208871,0.21734732723623262,0.33657924412010104,-0.5575658590747737,0.21734732723623262,0.975683329845641,0
OVERALL,,,0.98,0.98,0.8,88,0.9863485599022845,0.9788188399901759,0.07402493283523622,0.9863485599022845,0.5556785385874281,0.8610822071800459,-0.9005694215369467,0.5578961108664298,0.21044900126611935,0.3265081700969972,-0.5476242882576937,0.21044900126611935,0.9762837786787919,0
OVERALL,,,0.98,0.98,0.9,88,0.9868769163051861,0.9796445331957222,0.07160222004653792,0.9868769163051861,0.5473368142902362,0.8489617795447629,-0.8980363328286558,0.5479158553843805,0.20395584723593982,0.3163947894723791,-0.5371794236012927,0.20395584723593982,0.9768067436898271,0
OVERALL,,,0.98,0.98,1.0,88,0.9873281615555949,0.9803850016957262,0.06954553891583867,0.9873281615555949,0.5391529375919819,0.8346810120511786,-0.8966630651519125,0.5393919790775822,0.19839634865137495,0.30713383924486753,-0.5284673500683765,0.19839634865137495,0.9772533843968643,0
OVERALL,,,0.98,0.98,1.1,88,0.987668544713681,0.9809450688259909,0.0679776828618934,0.987668544713681,0.5322367787560325,0.8224249017293462,-0.8952565829134403,0.5327080318007695,0.19412155213744556,0.29999370890651456,-0.5215707882381804,0.19412155213744556,0.9775902942574191,0
OVERALL,,,0.98,0.98,1.2,88,0.9878694670027003,0.981277832629555,0.06705090638107783,0.9878694670027003,0.528194199985649,0.8152262972353128,-0.8942852262754477,0.5287028914362403,0.19159542607667623,0.295740035833886,-0.5174541015428332,0.19159542607667623,0.9777891663189994,0
OVERALL,,,0.98,0.98,1.3,88,0.9881950972563945,0.9817701822840406,0.0655222149190124,0.9881950972563945,0.5212714032560446,0.8050834129413874,-0.8916319415598598,0.5216037863376066,0.18737997848541907,0.2893971468158114,-0.5101760506621208,0.18737997848541907,0.978111473815003,0
OVERALL,,,0.98,0.98,1.4,88,0.9885012606228795,0.9822151631584652,0.06409559440127016,0.9885012606228795,0.5152651221067899,0.7969314541711235,-0.8895317543203014,0.5154335720874792,0.18352124378152024,0.28385627619876047,-0.50365825469603,0.18352124378152024,0.978414513065503,0
OVERALL,,,0.98,0.98,1.5,88,0.9886799219765869,0.9824701007673448,0.06324943125512594,0.9886799219765869,0.5112994808771897,0.7916525666342422,-0.887918625326614,0.5115583196583412,0.18119716379652398,0.28059516485269476,-0.49955760160042095,0.18119716379652398,0.9785913513441727,0
OVERALL,,,0.98,0.98,1.6,88,0.9890294020613598,0.9829992845240562,0.06161709907032658,0.9890294020613598,0.5040427364265052,0.780957274981596,-0.8852994265230404,0.5042238188334582,0.17673922259446453,0.27387979568070464,-0.49196369747779767,0.17673922259446453,0.9789372653056319,0
OVERALL,,,0.98,0.98,1.7,88,0.9893775318065464,0.9835341117294611,0.059970884786364476,0.9893775318065464,0.49641524748436155,0.7692970894237202,-0.8821657230711026,0.49654819796827315,0.1721939105681659,0.2669002845493059,-0.48396713425932275,0.1721939105681659,0.9792818427064796,0
OVERALL,,,0.98,0.98,1.8,88,0.9894434054625162,0.9836212148060497,0.05967093777051416,0.9894434054625162,0.4954880376219538,0.7686604653248975,-0.8818485836736475,0.4954880376219538,0.17142720679885803,0.2659600143197821,-0.4827541615171926,0.17142720679885803,0.9793470441822865,0
OVERALL,,,0.98,0.98,1.9,88,0.9896706175199527,0.9839613329482056,0.058607878705459665,0.9896706175199527,0.49068038259147334,0.7617874975814017,-0.8801272455029145,0.49068038259147334,0.1685141650114332,0.26164215358449483,-0.47777744961012886,0.1685141650114332,0.9795719377493409,0
OVERALL,,,0.99,0.99,0.5,88,0.9922138907841145,0.987936855036321,0.04624643942829698,0.9922138907841145,0.5920592206919972,0.9151477815668159,-0.9393418333002784,0.5972881432774549,0.24093572570354657,0.37331547098641216,-0.6175165132715194,0.24093572570354657,0.987202709517528,0
OVERALL,,,0.99,0.99,0.6,88,0.992625123930577,0.9885877262571209,0.04416090918158089,0.992625123930577,0.5811967290939145,0.8983108280467779,-0.9376044014127359,0.584128645205293,0.23117465152479386,0.35776503656521397,-0.6026048486538351,0.23117465152479386,0.9876118657289074,0
OVERALL,,,0.99,0.99,0.7,88,0.9928899508055796,0.9889909430246778,0.04278165638334283,0.9928899508055796,0.5709057653392162,0.8832753392391908,-0.9348581642108731,0.5744429376514893,0.2244953571668348,0.34764718939257605,-0.5915006736522886,0.2244953571668348,0.9878753550944404,0
OVERALL,,,0.99,0.99,0.8,88,0.9931949298733316,0.9894414399323256,0.0412334796388065,0.9931949298733316,0.5625249085584751,0.8717048071221956,-0.9333608747333764,0.5647424808374767,0.21729537123716636,0.33713077003914693,-0.5804157414541234,0.21729537123716636,0.9881787938638702,0
OVERALL,,,0.99,0.99,0.9,88,0.9934599087330345,0.9898555741002572,0.03984896656464945,0.9934599087330345,0.5539198067180847,0.859172820449298,-0.9297895863105445,0.5544988478122289,0.2105388396637882,0.326605830376914,-0.568932677083181,0.2105388396637882,0.9884424344465039,0
OVERALL,,,0.99,0.99,1.0,88,0.9936861948520757,0.9902267632667379,0.038672790093716825,0.9936861948520757,0.5455109708884627,0.8445227736221905,-0.9275358139740342,0.545750012374063,0.2047543819478557,0.31697560081587955,-0.5593400988904983,0.2047543819478557,0.988667577706358,0
OVERALL,,,0.99,0.99,1.1,88,0.9938567713717618,0.9905073320871159,0.03777788720663307,0.9938567713717618,0.5384250054141131,0.831987164990471,-0.9254563785687008,0.53889625845885,0.2003097787955261,0.30955597216763947,-0.5517705838934407,0.2003097787955261,0.98883729272847,0
OVERALL,,,0.99,0.99,1.2,88,0.9939574680905026,0.99067403594056,0.03724897978624837,0.9939574680905026,0.5342822010734513,0.8246225005463178,-0.924087152870277,0.5347908925240427,0.1976834271644786,0.30513623914489096,-0.5472560281376627,0.1976834271644786,0.9889374808779242,0
OVERALL,,,0.99,0.99,1.3,88,0.9941205318567836,0.9909206152240827,0.03637916238405182,0.9941205318567836,0.5271968378564338,0.8142338458814294,-0.9207749940948204,0.5275292209379959,0.19330541308580826,0.2985475797558535,-0.5393191031970814,0.19330541308580826,0.9890997210898302,0
OVERALL,,,0.99,0.99,1.4,88,0.9942739652089879,0.9911436808968297,0.03556608234123638,0.9942739652089879,0.5210378266928983,0.8058599719094882,-0.9180612663803351,0.5212062766735877,0.1892939483676287,0.29278479393712503,-0.5321877667560638,0.1892939483676287,0.989252379526114,0
OVERALL,,,0.99,0.99,1.5,88,0.9943634100512161,0.991271362361713,0.03508523050605257,0.9943634100512161,0.5169829689518188,0.8004538282286102,-0.9160828260756876,0.5172418077329703,0.1868806518711531,0.28939642644706287,-0.5277218023494944,0.1868806518711531,0.9893413726267148,0
OVERALL,,,0.99,0.99,1.6,88,0.9945384950750639,0.9915365095126283,0.034155477275625165,0.9945384950750639,0.5095518294402092,0.7894944999701682,-0.912761048317742,0.5097329118471622,0.18224831560816857,0.28241702066927665,-0.5194253192724991,0.18224831560816857,0.9895155733827656,0
OVERALL,,,0.99,0.99,1.7,88,0.9947127710446023,0.9918042500713007,0.03321987637851948,0.9947127710446023,0.5017504867224175,0.7775672277655599,-0.9089167314789477,0.5018834372063292,0.1775291498062219,0.2751704228911454,-0.5107181426671678,0.1775291498062219,0.9896889691706398,0
OVERALL,,,0.99,0.99,1.8,88,0.9947458575589249,0.9918480719826881,0.03304806976028403,0.9947458575589249,0.5007904897183625,0.7768873225015359,-0.9084714516838776,0.5007904897183625,0.1767296588952667,0.2741868714964204,-0.5093770295274226,0.1767296588952667,0.9897218885813545,0
OVERALL,,,0.99,0.99,1.9,88,0.9948596659433959,0.9920184738505706,0.032442792169725315,0.9948596659433959,0.4958694310149163,0.7698446384837667,-0.9062923320386489,0.4958694310149163,0.17370321343487627,0.2696992944868599,-0.5039425361458632,0.17370321343487627,0.9898351221760048,0
OVERALL,,,1.0,1.00,0.5,88,1.0,1.0,0.0,1.0,0.5998453299078829,0.9272109265304949,-0.9855882727285755,0.6050742524933406,0.24872183491943217,0.385378615950091,-0.6637629526998163,0.24872183491943217,1.0,0
OVERALL,,,1.0,1.00,0.6,88,1.0,1.0,0.0,1.0,0.5885716051633376,0.9097231017896572,-0.9817653105943169,0.591503521274716,0.23854952759421677,0.3691773103080932,-0.646765757835416,0.23854952759421677,1.0,0
OVERALL,,,1.0,1.00,0.7,88,1.0,1.0,0.0,1.0,0.5780158145336366,0.8942843962145129,-0.9776398205942158,0.5815529868459095,0.23160540636125518,0.35865624636789817,-0.6342823300356314,0.23160540636125518,1.0,0
OVERALL,,,1.0,1.00,0.8,88,1.0,1.0,0.0,1.0,0.5693299786851435,0.8822633671898701,-0.9745943543721829,0.5715475509641451,0.2241004413638348,0.3476893301068214,-0.62164922109293,0.2241004413638348,1.0,0
OVERALL,,,1.0,1.00,0.9,88,1.0,1.0,0.0,1.0,0.5604598979850501,0.8693172463490408,-0.9696385528751938,0.5610389390791944,0.2170789309307537,0.3367502562766569,-0.6087816436478305,0.2170789309307537,1.0,0
OVERALL,,,1.0,1.00,1.0,88,1.0,1.0,0.0,1.0,0.5518247760363871,0.8542960103554527,-0.9662086040677511,0.5520638175219875,0.2110681870957802,0.32674883754914147,-0.5980128889842152,0.2110681870957802,1.0,0
OVERALL,,,1.0,1.00,1.1,88,1.0,1.0,0.0,1.0,0.5445682340423514,0.8414798329033549,-0.9632342657753338,0.5450394870870884,0.2064530074237645,0.3190486400805235,-0.5895484711000738,0.2064530074237645,1.0,0
OVERALL,,,1.0,1.00,1.2,88,1.0,1.0,0.0,1.0,0.5403247329829486,0.8339484646057578,-0.9613361326565252,0.5408334244335399,0.20372595907397584,0.314462203204331,-0.5845050079239111,0.20372595907397584,1.0,0
OVERALL,,,1.0,1.00,1.3,88,1.0,1.0,0.0,1.0,0.5330763059996501,0.8233132306573467,-0.9571541564788721,0.5334086890812122,0.1991848812290245,0.3076269645317708,-0.5756982655811331,0.1991848812290245,1.0,0
OVERALL,,,1.0,1.00,1.4,88,1.0,1.0,0.0,1.0,0.5267638614839106,0.8147162910126585,-0.9536273487215716,0.5269323114646,0.1950199831586409,0.3016411130402954,-0.5677538490973002,0.1950199831586409,1.0,0
OVERALL,,,1.0,1.00,1.5,88,1.0,1.0,0.0,1.0,0.5226195589006027,0.8091824658668972,-0.9511680565817401,0.5228783976817543,0.19251724181993704,0.2981250640853499,-0.562807032855547,0.19251724181993704,1.0,0
OVERALL,,,1.0,1.00,1.6,88,1.0,1.0,0.0,1.0,0.5150133343651452,0.7979579904575398,-0.946916525593367,0.5151944167720983,0.18770982053310464,0.29088051115664837,-0.5535807965481243,0.18770982053310464,1.0,0
OVERALL,,,1.0,1.00,1.7,88,1.0,1.0,0.0,1.0,0.5070377156778152,0.7857629776942591,-0.9421366078574671,0.5071706661617269,0.18281637876161952,0.2833661728198447,-0.5439380190456873,0.18281637876161952,1.0,0
OVERALL,,,1.0,1.00,1.8,88,1.0,1.0,0.0,1.0,0.5060446321594377,0.7850392505188478,-0.9415195214441617,0.5060446321594377,0.18198380133634187,0.2823387995137325,-0.5424250992877067,0.18198380133634187,1.0,0
OVERALL,,,1.0,1.00,1.9,88,1.0,1.0,0.0,1.0,0.5010097650715206,0.777826164633196,-0.9387351242083742,0.5010097650715206,0.1788435474914805,0.2776808206362893,-0.5363853283155884,0.1788435474914805,1.0,0
SESSION,A,,0.3333333333333333,0.333333,0.5,30,0.3880302266177233,0.05414062583462454,0.988703951842271,0.38315189176725445,-3.700743415417188e-17,-3.700743415417188e-17,7.401486830834377e-18,-5.181040781584064e-17,-0.35435033656207293,-0.5468449745691694,0.310107358034375,-0.35922867141254183,6.743593439890931e-17,30
SESSION,A,,0.3333333333333333,0.333333,0.6,30,0.39411815207097667,0.06422798517203358,0.987932135133891,0.38908669467604223,-4.4408920985006264e-17,-5.181040781584064e-17,3.7007434154171884e-18,-5.736152293896643e-17,-0.3528742566791798,-0.5440174320916948,0.3166184012804436,-0.3579057140741142,7.87020135343481e-17,30
SESSION,A,,0.3333333333333333,0.333333,0.7,30,0.40560312984711133,0.07732442781325173,0.9834476981643924,0.40270946781495687,-4.4408920985006264e-17,-6.106226635438361e-17,1.4802973661668754e-17,-5.181040781584064e-17,-0.3521296557525569,-0.5460690948314358,0.33009950698734863,-0.3550233177847114,8.239359085503215e-17,30
SESSION,A,,0.3333333333333333,0.333333,0.8,30,0.41872011123047764,0.09868106017135192,0.9795461707464453,0.4157096587659217,-4.810966440042345e-17,-5.921189464667501e-17,1.4802973661668754e-17,-5.551115123125783e-17,-0.34872392774668065,-0.5401046689283586,0.3426408276072046,-0.35173438021123654,7.567503017681589e-17,30
SESSION,A,,0.3333333333333333,0.333333,0.9,30,0.42338231642178253,0.10459023585494216,0.9776019050251392,0.42317990465021194,-4.070817756958907e-17,-5.921189464667501e-17,2.960594732333751e-17,-4.255854927729767e-17,-0.34955891388916605,-0.5428529740979982,0.3498667047668026,-0.34976132566073664,7.494620386460036e-17,30
SESSION,A,,0.3333333333333333,0.333333,1.0,30,0.43327310171826994,0.12255240296960311,0.9741034785407433,0.43327310171826994,-4.810966440042345e-17,-7.586524001605237e-17,2.2204460492503132e-17,-4.810966440042345e-17,-0.34660525915934015,-0.5367262986689081,0.3585906756093969,-0.34660525915934015,9.000039887945522e-17,30
SESSION,A,,0.3333333333333333,0.333333,1.1,30,0.4419767284735486,0.14073583484845945,0.9713155599946927,0.4419767284735486,-4.4408920985006264e-17,-6.846375318521799e-17,2.960594732333751e-17,-4.4408920985006264e-17,-0.3437850587933777,-0.5293586278627883,0.3661574516121746,-0.3437850587933777,8.212052913842709e-17,30
SESSION,A,,0.3333333333333333,0.333333,1.2,30,0.4455026983735433,0.1465905588586516,0.970105687872761,0.4455026983735433,-5.3660779523549233e-17,-7.031412489292658e-17,2.2204460492503132e-17,-5.3660779523549233e-17,-0.3427977478762815,-0.5276068204080535,0.36933408839626664,-0.3427977478762815,7.943099684812542e-17,30
SESSION,A,,0.3333333333333333,0.333333,1.3,30,0.45069420533277216,0.15477371544279794,0.9682870977840389,0.45069420533277216,-6.29126380620922e-17,-7.956598343146955e-17,2.590520390792032e-17,-6.29126380620922e-17,-0.34108987367363053,-0.5248158209465266,0.3737187913180838,-0.34108987367363053,9.50369665871031e-17,30
SESSION,A,,0.3333333333333333,0.333333,1.4,30,0.45616756071451703,0.16290563002168124,0.9651773828157186,0.45616756071451703,-5.3660779523549233e-17,-7.956598343146955e-17,2.2204460492503132e-17,-5.3660779523549233e-17,-0.3391744014434717,-0.5220372073917046,0.3774356291054728,-0.3391744014434717,9.498566287186516e-17,30
SESSION,A,,0.3333333333333333,0.333333,1.5,30,0.4590120044874636,0.1685392210347087,0.9637505815481501,0.4590120044874636,-4.9960036108132046e-17,-6.846375318521799e-17,3.7007434154171884e-18,-4.9960036108132046e-17,-0.3378930337600466,-0.5193054932120291,0.3791353566960659,-0.3378930337600466,7.928056330007948e-17,30
SESSION,A,,0.3333333333333333,0.333333,1.6,30,0.46689455706533867,0.18136194511093878,0.9598500885041297,0.46689455706533867,-6.106226635438361e-17,-7.401486830834377e-17,5.181040781584064e-17,-6.106226635438361e-17,-0.3349478068596438,-0.5143957833907207,0.38459094010395056,-0.3349478068596438,8.943925417332468e-17,30
SESSION,A,,0.3333333333333333,0.333333,1.7,30,0.47563299223936384,0.19362950369415438,0.9550787712464239,0.47563299223936384,-5.921189464667501e-17,-7.771561172376095e-17,2.2204460492503132e-17,-5.921189464667501e-17,-0.3317739517050635,-0.5102383157824376,0.39049339159132057,-0.3317739517050635,9.631578947577721e-17,30
SESSION,A,,0.3333333333333333,0.333333,1.8,30,0.4756204667215119,0.19214915522905326,0.9551746759666084,0.4756204667215119,-6.29126380620922e-17,-8.141635513917814e-17,1.850371707708594e-17,-6.29126380620922e-17,-0.33196487279267534,-0.5114993186562303,0.3907805164168396,-0.33196487279267534,9.274501242521908e-17,30
SESSION,A,,0.3333333333333333,0.333333,1.9,30,0.48105883575615427,0.20127354753604862,0.9529928773709394,0.48105883575615427,-5.181040781584064e-17,-7.031412489292658e-17,3.7007434154171884e-18,-5.181040781584064e-17,-0.3300959471453843,-0.5081311976261691,0.3951094280904102,-0.3300959471453843,9.826751151705251e-17,30
SESSION,A,,0.5,0.50,0.5,30,0.5533343967850187,0.30810308672583725,0.9024449045482064,0.5533343967850187,0.1653041701672953,0.25396246089121266,-0.0862590472940647,0.17018250501776422,-0.18904616639477767,-0.2928825136779567,0.22384831074031036,-0.18904616639477767,0.27666719839250936,30
SESSION,A,,0.5,0.50,0.6,30,0.559414453561048,0.3178401186096312,0.8976245524339763,0.559414453561048,0.16529630149007143,0.2536121334375975,-0.09030758269991487,0.1703277588850058,-0.18757795518910833,-0.2904052986540974,0.22631081858052876,-0.18757795518910833,0.27970722678052407,30
SESSION,A,,0.5,0.50,0.7,30,0.5734839088165651,0.33698862884214836,0.8846225031330855,0.5734839088165651,0.1678807789694537,0.25966420102889654,-0.09882519503130685,0.17077444100160827,-0.18424887678310317,-0.2864048938025393,0.23127431195604178,-0.18424887678310317,0.28674195440828254,30
SESSION,A,,0.5,0.50,0.8,30,0.5865638676328833,0.3579104374989471,0.872500410753575,0.5865638676328833,0.16784375640240573,0.25922937732759505,-0.10704575999287048,0.17085420886696168,-0.18088017134427486,-0.28087529160076335,0.23559506761433407,-0.18088017134427486,0.29328193381644163,30
SESSION,A,,0.5,0.50,0.9,30,0.5940250748475027,0.3695731994166717,0.8658126841649392,0.5940250748475027,0.1706427584257201,0.26498296356172946,-0.11178922086020021,0.17084517019729073,-0.17891615546344591,-0.2778700105362687,0.23807748390660233,-0.17891615546344591,0.29701253742375133,30
SESSION,A,,0.5,0.50,1.0,30,0.6037750888468426,0.3866111329604596,0.8561874745674878,0.6037750888468426,0.17050198712857265,0.2640587299908564,-0.11791600397325548,0.17050198712857265,-0.1761032720307674,-0.2726675686780516,0.2406746716361414,-0.1761032720307674,0.3018875444234213,30
SESSION,A,,0.5,0.50,1.1,30,0.6121130766512404,0.4027023697352528,0.8480455659984716,0.6121130766512404,0.17013634817769166,0.2619665348867934,-0.12326999399622078,0.17013634817769166,-0.17364871061568604,-0.26739209297599487,0.2428874576159538,-0.17364871061568604,0.3060565383256202,30
SESSION,A,,0.5,0.50,1.2,30,0.6155900163140219,0.4083794137348616,0.8446860881583265,0.6155900163140219,0.17008731794047863,0.26178885487620984,-0.12541959971443425,0.17008731794047863,-0.17271042993580293,-0.26581796553184367,0.2439144886818324,-0.17271042993580293,0.30779500815701094,30
SESSION,A,,0.5,0.50,1.3,30,0.6205445604736629,0.41610126698751426,0.839728203277441,0.6205445604736629,0.16985035514089086,0.2613275515447164,-0.1285588945065978,0.16985035514089086,-0.1712395185327396,-0.26348826940181014,0.24515989681148595,-0.1712395185327396,0.31027228023683145,30
SESSION,A,,0.5,0.50,1.4,30,0.6256825864538034,0.423795839530198,0.8337239937929453,0.6256825864538034,0.16951502573928626,0.2608902095085167,-0.1314533890227731,0.16951502573928626,-0.16965937570418535,-0.2611469978831878,0.24598224008269984,-0.16965937570418535,0.3128412932269017,30
SESSION,A,,0.5,0.50,1.5,30,0.6281558785318997,0.42848900605016377,0.8307915465905749,0.6281558785318997,0.16914387404443607,0.259949785015455,-0.13295903495757522,0.16914387404443607,-0.16874915971561047,-0.2593557081965741,0.2461763217384906,-0.16874915971561047,0.31407793926594985,30
SESSION,A,,0.5,0.50,1.6,30,0.6354168864645158,0.44018967803886905,0.822610064836521,0.6354168864645158,0.1685223293991768,0.2588277329279302,-0.13724002366760885,0.1685223293991768,-0.16642547746046696,-0.25556805046279046,0.2473509164363418,-0.16642547746046696,0.3177084432322579,30
SESSION,A,,0.5,0.50,1.7,30,0.6435356516677814,0.4518635586201247,0.8131923954535158,0.6435356516677814,0.1679026594284174,0.2582340549259703,-0.1418863757929082,0.1679026594284174,-0.16387129227664607,-0.25200426085646727,0.24860701579841235,-0.16387129227664607,0.3217678258338907,30
SESSION,A,,0.5,0.50,1.8,30,0.6436605288378587,0.4511035094561742,0.8132178745379223,0.6436605288378587,0.16804006211634687,0.2589543542271208,-0.14195680142868639,0.16804006211634687,-0.16392481067632833,-0.25254496442910934,0.24882371498815328,-0.16392481067632833,0.32183026441892937,30
SESSION,A,,0.5,0.50,1.9,30,0.648795359291415,0.4595069077714649,0.807844546816932,0.648795359291415,0.1677365235352606,0.2582333602354162,-0.1451483305540075,0.1677365235352606,-0.16235942361012373,-0.2498978373907528,0.24996109753640278,-0.16235942361012373,0.3243976796457075,30
SESSION,A,,0.6,0.60,0.5,30,0.6497738366689061,0.45752192333989256,0.8061864886469035,0.6497738366689061,0.2617436100511827,0.40338129750526797,-0.18251746319536755,0.26662194490165153,-0.09260672651089026,-0.14346367706390134,0.12758989483900748,-0.09260672651089026,0.43318255777927056,30
SESSION,A,,0.6,0.60,0.6,30,0.6553134771041992,0.46630577804896484,0.7996988660873736,0.6553134771041992,0.26119532503322235,0.4020777928769311,-0.18823326904651752,0.2662267824281567,-0.0916789316459574,-0.14193963921476374,0.12838513223392606,-0.0916789316459574,0.4368756514027993,30
SESSION,A,,0.6,0.60,0.7,30,0.668178058981004,0.4841843715576554,0.7832283470201857,0.668178058981004,0.2625749291338925,0.4068599437444036,-0.200219351144207,0.2654685911660471,-0.08955472661866432,-0.13920915108703227,0.12988015584314166,-0.08955472661866432,0.44545203932066924,30
SESSION,A,,0.6,0.60,0.8,30,0.6799675387360212,0.5029421247400205,0.7679800360839386,0.6799675387360212,0.2612474275055438,0.4042610645686686,-0.2115661346625068,0.26425787997009975,-0.08747650024113679,-0.13584360435968984,0.13107469294469784,-0.08747650024113679,0.45331169249068093,30
SESSION,A,,0.6,0.60,0.9,30,0.6866660273765052,0.513458513659509,0.7594992009755579,0.6866660273765052,0.2632837109547225,0.40886827780456675,-0.2181027040495814,0.2634861227262932,-0.08627520293444348,-0.13398469629343138,0.13176400071722108,-0.08627520293444348,0.4577773515843368,30
SESSION,A,,0.6,0.60,1.0,30,0.6952626785074006,0.5282736044195008,0.7478200976139183,0.6952626785074006,0.26198957678913065,0.40572120144989754,-0.22628338092682496,0.26198957678913065,-0.08461568237020937,-0.13100509721901055,0.13230729468257188,-0.08461568237020937,0.4635084523382671,30
SESSION,A,,0.6,0.60,1.1,30,0.7025823807557913,0.5420094026107793,0.7379164621073622,0.7025823807557913,0.2606056522822428,0.4012735677623198,-0.2333990978873304,0.2606056522822428,-0.08317940651113488,-0.1280850601004683,0.1327583537248442,-0.08317940651113488,0.4683882538371942,30
SESSION,A,,0.6,0.60,1.2,30,0.7056877456269424,0.5470500419173988,0.7337850805549272,0.7056877456269424,0.26018504725339875,0.4004594830587471,-0.23632060731783386,0.26018504725339875,-0.08261270062288276,-0.1271473373493063,0.13301348107843283,-0.08261270062288276,0.47045849708462817,30
SESSION,A,,0.6,0.60,1.3,30,0.7100290043037109,0.5537893422901575,0.727814994175083,0.7100290043037109,0.2593347989709387,0.39901562684735964,-0.240472103608956,0.2593347989709387,-0.08175507470269171,-0.12580019409916685,0.13324668770912773,-0.08175507470269171,0.47335266953580724,30
SESSION,A,,0.6,0.60,1.4,30,0.7144945262906504,0.5604949907342439,0.721001271542661,0.7144945262906504,0.2583269655761332,0.39758936071256257,-0.24417611127305736,0.2583269655761332,-0.08084743586733835,-0.12444784667914191,0.13325951783241557,-0.08084743586733835,0.4763296841937668,30
SESSION,A,,0.6,0.60,1.5,30,0.7165477875311885,0.5643398353988792,0.717761540867735,0.7165477875311885,0.25753578304372493,0.3958006143641704,-0.24598904068041502,0.25753578304372493,-0.08035725071632169,-0.12350487884785863,0.13314631601565083,-0.08035725071632169,0.4776985250207923,30
SESSION,A,,0.6,0.60,1.6,30,0.7227981279980827,0.5743800162942885,0.7084200286121309,0.7227981279980827,0.25590357093274396,0.3930180711833495,-0.2514300598919988,0.25590357093274396,-0.07904423592689977,-0.12137771220737106,0.13316088021195185,-0.07904423592689977,0.48186541866538846,30
SESSION,A,,0.6,0.60,1.7,30,0.7298164535331061,0.5845515563671617,0.6977388199786885,0.7298164535331061,0.2541834612937422,0.3909220526730074,-0.25733995126773557,0.2541834612937422,-0.07759049041132128,-0.11931626310943019,0.13315344032358495,-0.07759049041132128,0.4865443023554041,30
SESSION,A,,0.6,0.60,1.8,30,0.729985820513522,0.5841058586198358,0.6976535454659418,0.729985820513522,0.2543653537920101,0.3919567033907825,-0.2575211305006668,0.2543653537920101,-0.07759951900066521,-0.11954261526544777,0.13325938591617287,-0.07759951900066521,0.4866572136756813,30
SESSION,A,,0.6,0.60,1.9,30,0.7344586739977627,0.5913637587232824,0.6913044742470292,0.7344586739977627,0.25339983824160817,0.39009021118723375,-0.26168840312391045,0.25339983824160817,-0.0766961089037761,-0.11804098643893525,0.1334210249664998,-0.0766961089037761,0.48963911599850835,30
SESSION,A,,0.7,0.70,0.5,30,0.7423805631797964,0.6009856004037939,0.6785965938078959,0.7423805631797964,0.3543503365620729,0.5468449745691694,-0.310107358034375,0.35922867141254183,0.0,0.0,0.0,0.0,0.5832990139269828,0
SESSION,A,,0.7,0.70,0.6,30,0.7469924087501563,0.6082454172637285,0.6713137338534472,0.7469924087501563,0.35287425667917977,0.5440174320916947,-0.3166184012804436,0.3579057140741141,0.0,0.0,0.0,0.0,0.5869226068751228,0
SESSION,A,,0.7,0.70,0.7,30,0.7577327855996683,0.6233935226446878,0.6533481911770437,0.7577327855996683,0.3521296557525568,0.5460690948314358,-0.33009950698734863,0.3550233177847113,0.0,0.0,0.0,0.0,0.5953614743997393,0
SESSION,A,,0.7,0.70,0.8,30,0.7674440389771582,0.6387857290997104,0.6369053431392409,0.7674440389771582,0.34872392774668065,0.5401046689283586,-0.34264082760720455,0.3517343802112365,0.0,0.0,0.0,0.0,0.6029917449106243,0
SESSION,A,,0.7,0.70,0.9,30,0.7729412303109486,0.6474432099529405,0.627735200258337,0.7729412303109486,0.34955891388916605,0.5428529740979982,-0.3498667047668025,0.34976132566073664,0.0,0.0,0.0,0.0,0.6073109666728881,0
SESSION,A,,0.7,0.70,1.0,30,0.77987836087761,0.6592787016385112,0.6155128029313466,0.77987836087761,0.3466052591593401,0.5367262986689081,-0.3585906756093968,0.3466052591593401,0.0,0.0,0.0,0.0,0.6127615692609792,0
SESSION,A,,0.7,0.70,1.1,30,0.7857617872669262,0.6700944627112476,0.6051581083825179,0.7857617872669262,0.34378505879337756,0.5293586278627882,-0.3661574516121746,0.34378505879337756,0.0,0.0,0.0,0.0,0.6173842614240134,0
SESSION,A,,0.7,0.70,1.2,30,0.7883004462498248,0.6741973792667051,0.6007715994764941,0.7883004462498248,0.3427977478762815,0.5276068204080535,-0.36933408839626664,0.3427977478762815,0.0,0.0,0.0,0.0,0.6193789220534338,0
SESSION,A,,0.7,0.70,1.3,30,0.7917840790064026,0.6795895363893245,0.5945683064659552,0.7917840790064026,0.34108987367363053,0.5248158209465266,-0.37371879131808367,0.34108987367363053,0.0,0.0,0.0,0.0,0.6221160620764591,0
SESSION,A,,0.7,0.70,1.4,30,0.7953419621579888,0.6849428374133859,0.5877417537102455,0.7953419621579888,0.3391744014434716,0.5220372073917046,-0.3774356291054728,0.3391744014434716,0.0,0.0,0.0,0.0,0.6249115416955625,0
SESSION,A,,0.7,0.70,1.5,30,0.7969050382475104,0.6878447142467378,0.5846152248520842,0.7969050382475104,0.33789303376004654,0.519305493212029,-0.3791353566960659,0.33789303376004654,0.0,0.0,0.0,0.0,0.626139672908758,0
SESSION,A,,0.7,0.70,1.6,30,0.8018423639249825,0.6957577285016596,0.575259148400179,0.8018423639249825,0.33494780685964376,0.5143957833907207,-0.38459094010395056,0.33494780685964376,0.0,0.0,0.0,0.0,0.6300190002267722,0
SESSION,A,,0.7,0.70,1.7,30,0.8074069439444275,0.703867819476592,0.5645853796551035,0.8074069439444275,0.33177395170506346,0.5102383157824375,-0.39049339159132057,0.33177395170506346,0.0,0.0,0.0,0.0,0.63439117024205,0
SESSION,A,,0.7,0.70,1.8,30,0.8075853395141872,0.7036484738852835,0.5643941595497688,0.8075853395141872,0.3319648727926753,0.5114993186562302,-0.3907805164168396,0.3319648727926753,0.0,0.0,0.0,0.0,0.6345313381897185,0
SESSION,A,,0.7,0.70,1.9,30,0.8111547829015386,0.7094047451622176,0.5578834492805295,0.8111547829015386,0.3300959471453843,0.508131197626169,-0.3951094280904102,0.3300959471453843,0.0,0.0,0.0,0.0,0.6373359008512088,0
SESSION,A,,0.8,0.80,0.5,30,0.8314504189906612,0.7389549908941693,0.5169590016951778,0.8314504189906612,0.4434201923729378,0.6848143650595448,-0.47174495014709306,0.44829852722340663,0.08906985581086482,0.13796939049037552,-0.16163759211271805,0.08906985581086482,0.7275191166168287,0
SESSION,A,,0.8,0.80,0.6,30,0.8348009964819381,0.744200126923769,0.5100111969299236,0.8348009964819381,0.44068284441096134,0.6799721417517351,-0.4779209382039674,0.44571430180589566,0.0878085877317815,0.1359547096600404,-0.1613025369235238,0.0878085877317815,0.7304508719216956,0
SESSION,A,,0.8,0.80,0.7,30,0.8426217550114992,0.7553521025032168,0.4931531600127727,0.8426217550114992,0.43701862516438766,0.6780276746899649,-0.4902945381516197,0.4399122871965421,0.08488896941183072,0.13195857985852918,-0.16019503116427103,0.08488896941183072,0.7372940356350616,0
SESSION,A,,0.8,0.80,0.8,30,0.8496042658292121,0.7663873989884571,0.4779209587792418,0.8496042658292121,0.4308841545987344,0.667706338817105,-0.5016252119672037,0.4338946070632904,0.08216022685205385,0.1276016698887466,-0.158984384359999,0.08216022685205385,0.7434037326005605,0
SESSION,A,,0.8,0.80,0.9,30,0.8535428690003809,0.7726049313887463,0.46942059762797644,0.8535428690003809,0.43016055257859814,0.6680146955338039,-0.5081813073971629,0.4303629643501688,0.08060163868943218,0.12516172143580578,-0.15831460263036043,0.08060163868943218,0.7468500103753333,0
SESSION,A,,0.8,0.80,1.0,30,0.8584353328921678,0.7808886432228738,0.45839798529408365,0.8584353328921678,0.42516223117389795,0.6583362402532708,-0.5157054932466595,0.42516223117389795,0.07855697201455782,0.12160994158436265,-0.15711481763726273,0.07855697201455782,0.7511309162806467,0
SESSION,A,,0.8,0.80,1.1,30,0.8625698403380523,0.7883704086439849,0.4490797719555494,0.8625698403380523,0.4205931118645037,0.6476345737955256,-0.5222357880391432,0.4205931118645037,0.076808053071126,0.1182759459327374,-0.15607833642696856,0.076808053071126,0.7547486102957957,0
SESSION,A,,0.8,0.80,1.2,30,0.8643836179474892,0.7912919440537013,0.4450639394629508,0.8643836179474892,0.4188809195739458,0.6447013851950497,-0.5250417484098101,0.4188809195739458,0.07608317169766436,0.11709456478699612,-0.15570766001354341,0.07608317169766436,0.7563356657040531,0
SESSION,A,,0.8,0.80,1.3,30,0.8668281054015439,0.795067106798548,0.4395067305470655,0.8668281054015439,0.4161339000687719,0.6402933913557499,-0.5287803672369734,0.4161339000687719,0.07504402639514139,0.11547757040922345,-0.15506157591888967,0.07504402639514139,0.7584745922263508,0
SESSION,A,,0.8,0.80,1.4,30,0.8693090081884721,0.798805632460314,0.4335484319949282,0.8693090081884721,0.4131414474739551,0.6359000024386325,-0.5316289508207902,0.4131414474739551,0.0739670460304835,0.11386279504692806,-0.15419332171531727,0.0739670460304835,0.7606453821649131,0
SESSION,A,,0.8,0.80,1.5,30,0.8703507910559108,0.800728899579654,0.43093416696073406,0.8703507910559108,0.41133878656844725,0.632189678544945,-0.5328164145874159,0.41133878656844725,0.07344575280840057,0.11288418533291594,-0.15368105789135006,0.07344575280840057,0.7615569421739219,0
SESSION,A,,0.8,0.80,1.6,30,0.8737669619575681,0.8061945890584626,0.42279131525328034,0.8737669619575681,0.40687240489222914,0.6248326439475238,-0.5370587732508494,0.40687240489222914,0.07192459803258548,0.1104368605568032,-0.15246783314689877,0.07192459803258548,0.7645460917128722,0
SESSION,A,,0.8,0.80,1.7,30,0.8776298139693499,0.8118482338506435,0.4135060556243074,0.8776298139693499,0.40199682172998596,0.6182187301564891,-0.5415727156221166,0.40199682172998596,0.07022287002492256,0.10798041437405163,-0.15107932403079605,0.07022287002492256,0.767926087223181,0
SESSION,A,,0.8,0.80,1.8,30,0.8777815312843961,0.8117732945665824,0.4132534975100765,0.8777815312843961,0.40216106456288425,0.6196241393375291,-0.541921178456532,0.40216106456288425,0.07019619177020898,0.10812482068129889,-0.15114066203969231,0.07019619177020898,0.7680588398738467,0
SESSION,A,,0.8,0.80,1.9,30,0.8802732052536175,0.815772655261879,0.40748263254562017,0.8802732052536175,0.3992143694974629,0.6144991077258304,-0.5455102448253193,0.3992143694974629,0.06911842235207866,0.10636791009966147,-0.15040081673490907,0.06911842235207866,0.7702390545969151,0
SESSION,A,,0.9,0.90,0.5,30,0.9172456632973909,0.8718385122512691,0.31088354572587196,0.9172456632973909,0.5292154366796673,0.8176978864166444,-0.6778204061163989,0.5340937715301362,0.17486510011759435,0.2708529118474752,-0.3677130480820238,0.17486510011759435,0.8662875708919802,0
SESSION,A,,0.9,0.90,0.6,30,0.9190463655271974,0.8746450095724612,0.30581582902468296,0.9190463655271974,0.5249282134562209,0.8104170244004276,-0.682116306109208,0.5299596708511553,0.17205395677704102,0.2663995923087328,-0.36549790482876454,0.17205395677704102,0.8679882341090198,0
SESSION,A,,0.9,0.90,0.7,30,0.9232571580130802,0.8807006074832237,0.2936581937780801,0.9232571580130802,0.5176540281659687,0.8033761796699719,-0.6897895043863121,0.5205476901981234,0.16552437241341203,0.25730708483853587,-0.3596899973989637,0.16552437241341203,0.8719650936790203,0
SESSION,A,,0.9,0.90,0.8,30,0.92697208772207,0.8865585281174866,0.2828203487355978,0.92697208772207,0.5082519764915923,0.7878774679461346,-0.6967258220108475,0.5112624289561482,0.15952804874491164,0.24777279901777613,-0.35408499440364294,0.15952804874491164,0.875473638404177,0
SESSION,A,,0.9,0.90,0.9,30,0.9290604741221898,0.8898613667003428,0.27677332644050134,0.9290604741221898,0.5056781577004074,0.7852711308454005,-0.7008285785846381,0.505880569471978,0.15611924381124132,0.24241815674740239,-0.3509618738178356,0.15611924381124132,0.8774460033376238,0
SESSION,A,,0.9,0.90,1.0,30,0.9316163810797007,0.8941631487450514,0.2691280924583499,0.9316163810797007,0.4983432793614306,0.7716107457754481,-0.7049753860823934,0.4983432793614306,0.1517380202020906,0.23488444710654002,-0.3463847104729965,0.1517380202020906,0.8798599154641618,0
SESSION,A,,0.9,0.90,1.1,30,0.9337693144828323,0.8980107573724282,0.2626821343212066,0.9337693144828323,0.49179258600928377,0.7572749225239686,-0.708633425673486,0.49179258600928377,0.14800752721590602,0.2279162946611805,-0.34247597406131125,0.14800752721590602,0.8818932414560082,0
SESSION,A,,0.9,0.90,1.2,30,0.9347291244895731,0.89955259208818,0.25985255982334327,0.9347291244895731,0.4892264261160296,0.7529620332295285,-0.7102531280494178,0.4892264261160296,0.1464286782397481,0.2253552128214749,-0.3409190396531508,0.1464286782397481,0.8827997286845968,0
SESSION,A,,0.9,0.90,1.3,30,0.9360003549076211,0.9015122706080234,0.2560226642276575,0.9360003549076211,0.4853061495748488,0.7467385551652252,-0.7122644335563812,0.4853061495748488,0.14421627590121847,0.22192273421869893,-0.3385456422382977,0.14421627590121847,0.8840003351905311,0
SESSION,A,,0.9,0.90,1.4,30,0.9372832994387855,0.9034479077351587,0.25200279537467446,0.9372832994387855,0.48111573872426844,0.7405422777134774,-0.713174587441044,0.48111573872426844,0.1419413372807968,0.21850507032177285,-0.335738958335571,0.1419413372807968,0.8852120050255198,0
SESSION,A,,0.9,0.90,1.5,30,0.9377984563286759,0.9043955756653449,0.25032073261160226,0.9377984563286759,0.4787864518412122,0.735856354630636,-0.7134298489365477,0.4787864518412122,0.14089341808116565,0.216550861418607,-0.3342944922404819,0.14089341808116565,0.8856985420881938,0
SESSION,A,,0.9,0.90,1.6,30,0.9395526170681099,0.9071983742929053,0.2448482083897917,0.9395526170681099,0.4726580600027711,0.7258364291819663,-0.715001880114338,0.4726580600027711,0.13771025314312726,0.21144064579124575,-0.3304109400103874,0.13771025314312726,0.8873552494532151,0
SESSION,A,,0.9,0.90,1.7,30,0.9415419886635849,0.9101195434008235,0.23860661457242618,0.9415419886635849,0.46590899642422096,0.716490039706669,-0.7164721566739977,0.46590899642422096,0.13413504471915752,0.20625172392423158,-0.32597876508267737,0.13413504471915752,0.8892341004044969,0
SESSION,A,,0.9,0.90,1.8,30,0.9416332524305849,0.910114934661145,0.2383809181342305,0.9416332524305849,0.4660127857090732,0.7179657794320916,-0.716793757832378,0.4660127857090732,0.13404791291639787,0.2064664607758614,-0.3260132414155384,0.13404791291639787,0.8893202939622191,0
SESSION,A,,0.9,0.90,1.9,30,0.9429226465209724,0.9121768843067924,0.23444176996385394,0.9429226465209724,0.46186381076481814,0.7109033367707437,-0.7185511074070856,0.46186381076481814,0.13176786361943385,0.2027721391445749,-0.32344167931667545,0.13176786361943385,0.8905380550475853,0
SESSION,A,,0.95,0.95,0.5,30,0.958989336638108,0.9364883283147681,0.18107331044869554,0.958989336638108,0.5709591100203847,0.8823477024801434,-0.8076306413935755,0.5758374448708535,0.21660877345831178,0.33550272791097413,-0.4975232833592004,0.21660877345831178,0.9337527751476314,0
SESSION,A,,0.95,0.95,0.6,30,0.9599189143107395,0.9379344028606021,0.17782408565802896,0.9599189143107395,0.5658007622397629,0.8737064176885686,-0.8101080494758619,0.5708322196346973,0.2129265055605832,0.3296889855968738,-0.49348964819541846,0.2129265055605832,0.9346578902499305,0
SESSION,A,,0.95,0.95,0.7,30,0.9620943500347928,0.9410741232048182,0.17006961977670476,0.9620943500347928,0.5564912201876812,0.8637496953915662,-0.8133780783876877,0.5593848822198357,0.20436156443512438,0.31768060056013053,-0.483278571400339,0.20436156443512438,0.9367760776654559,0
SESSION,A,,0.95,0.95,0.8,30,0.9640026845128826,0.9440804329335069,0.16320644417504773,0.9640026845128826,0.5452825732824049,0.8453993727621547,-0.8163397265713976,0.5482930257469609,0.19655864553572436,0.3052947038337964,-0.4736988989641931,0.19655864553572436,0.938634192815175,0
SESSION,A,,0.95,0.95,0.9,30,0.9650737094135337,0.9457756063769165,0.15937729059061445,0.9650737094135337,0.5416913929917511,0.8411853705219742,-0.818224614434525,0.5418938047633216,0.19213247910258496,0.29833239642397597,-0.4683579096677225,0.19213247910258496,0.9396770328500196,0
SESSION,A,,0.95,0.95,1.0,30,0.966375208552295,0.9479605968643792,0.1545991108277608,0.966375208552295,0.5331021068340249,0.8254081938947758,-0.8195043677129823,0.5331021068340249,0.18649684767468486,0.288681895225868,-0.4609136921035857,0.18649684767468486,0.9409442820114451,0
SESSION,A,,0.95,0.95,1.1,30,0.9674698549054251,0.9499065176718247,0.15057632598705525,0.9674698549054251,0.5254931264318764,0.8091706828233654,-0.8207392340076373,0.5254931264318764,0.18170806763849884,0.27981205496057704,-0.4545817823954626,0.18170806763849884,0.942010121881598,0
SESSION,A,,0.95,0.95,1.2,30,0.9679617241158944,0.9506957323664218,0.1487926980422674,0.9679617241158944,0.5224590257423508,0.8041051735077704,-0.8213129898304934,0.5224590257423508,0.1796612778660694,0.2764983530997168,-0.45197890143422664,0.1796612778660694,0.9424890471654759,0
SESSION,A,,0.95,0.95,1.3,30,0.9686076815334747,0.9516907381902512,0.14640698377790867,0.9686076815334747,0.5179134762007026,0.7969170227474532,-0.8218801140061303,0.5179134762007026,0.17682360252707213,0.2721012018009267,-0.4481613226880464,0.17682360252707213,0.9431180057036463,0
SESSION,A,,0.95,0.95,1.4,30,0.9692579087858125,0.9526722741794813,0.14392925759363004,0.9692579087858125,0.5130903480712957,0.7897666441578001,-0.8212481252220886,0.5130903480712957,0.17391594662782403,0.2677294367660955,-0.44381249611661555,0.17391594662782403,0.9437511217125019,0
SESSION,A,,0.95,0.95,1.5,30,0.9695132684077675,0.9531414638011573,0.1429196006261532,0.9695132684077675,0.5105012639203037,0.7846022427664483,-0.8208309809219968,0.5105012639203037,0.17260823016025723,0.26529674955441934,-0.441695624225931,0.17260823016025723,0.9439997613444052,0
SESSION,A,,0.95,0.95,1.6,30,0.9703993849062372,0.9545564970932667,0.1395533534001396,0.9703993849062372,0.5035048278408982,0.773194551982328,-0.8202967351039901,0.5035048278408982,0.1685570209812545,0.25879876859160733,-0.4357057950000395,0.1685570209812545,0.9448625589876519,0
SESSION,A,,0.95,0.95,1.7,30,0.9714056872199277,0.9560361754944153,0.1357136985461625,0.9714056872199277,0.49577269498056376,0.7624066718002608,-0.8193650727002615,0.49577269498056376,0.16399874327550024,0.25216835601782345,-0.42887168110894097,0.16399874327550024,0.9458423796615084,0
SESSION,A,,0.95,0.95,1.8,30,0.9714549645225875,0.9560415671532948,0.13555695854946323,0.9714549645225875,0.49583449780107575,0.7638924119242414,-0.8196177174171453,0.49583449780107575,0.16386962500840047,0.25239309326801124,-0.42883720100030565,0.16386962500840047,0.9458903601930458,0
SESSION,A,,0.95,0.95,1.9,30,0.9721086016810342,0.9570851975893012,0.1331153321091112,0.9721086016810342,0.49104976592487964,0.7558116500532527,-0.8198775452618285,0.49104976592487964,0.16095381877949536,0.24768045242708367,-0.4247681171714181,0.16095381877949536,0.9465267963736385,0
SESSION,A,,0.98,0.98,0.5,30,0.9836820383391234,0.9747293290058875,0.08592078310499597,0.9836820383391234,0.5956518117214,0.9205887031712632,-0.9027831687372749,0.6005301465718689,0.24130147515932707,0.3737437286020937,-0.5926758107029,0.24130147515932707,0.9736444665193366,0
SESSION,A,,0.98,0.98,0.6,30,0.9840606305713493,0.975317661359636,0.08427080406259133,0.9840606305713493,0.5899424785003726,0.9110896761876025,-0.9036613310712996,0.594973935895307,0.23706822182119291,0.3670722440959076,-0.587042929790856,0.23706822182119291,0.9740191955655192,0
SESSION,A,,0.98,0.98,0.7,30,0.984947010276388,0.9765994582354283,0.08034831250040268,0.984947010276388,0.5793438804292766,0.8992750304221763,-0.9030993856639896,0.5822375424614312,0.22721422467671978,0.35320593559074054,-0.5729998786766412,0.22721422467671978,0.9748965305796902,0
SESSION,A,,0.98,0.98,0.8,30,0.9857219607540049,0.9778196411656933,0.07689349462538021,0.9857219607540049,0.5670018495235276,0.8791385809943413,-0.902652676121065,0.5700123019880834,0.21827792177684688,0.3390339120659827,-0.5600118485138605,0.21827792177684688,0.9756635733993725,0
SESSION,A,,0.98,0.98,0.9,30,0.9861564664709643,0.9785076540996187,0.07496547451310397,0.9861564664709643,0.5627741500491815,0.8739174182446763,-0.9026364305120355,0.5629765618207522,0.2132152361600156,0.3310644441466781,-0.5527697257452328,0.2132152361600156,0.9760936453845258,0
SESSION,A,,0.98,0.98,1.0,30,0.9866822733526411,0.9793891608798313,0.0725816893526409,0.9866822733526411,0.5534091716343712,0.8568367579102284,-0.9015217891881022,0.5534091716343712,0.20680391247503113,0.3201104592413202,-0.5429311135787055,0.20680391247503113,0.976614086889859,0
SESSION,A,,0.98,0.98,1.1,30,0.9871241264329562,0.9801723195175345,0.07057669014389381,0.9871241264329562,0.5451473979594077,0.8394364846690751,-0.9007388698507987,0.5451473979594077,0.20136233916602994,0.3100778568062869,-0.534581418238624,0.20136233916602994,0.9770514312652732,0
SESSION,A,,0.98,0.98,1.2,30,0.987323598214245,0.9804921677496833,0.0696815779285361,0.987323598214245,0.5418208998407014,0.833901608891032,-0.9004241099442248,0.5418208998407014,0.19902315196441997,0.3062947884829784,-0.5310900215479581,0.19902315196441997,0.977248867620222,0
SESSION,A,,0.98,0.98,1.3,30,0.9875842471150729,0.9808934859397953,0.06849410451986424,0.9875842471150729,0.5368900417823007,0.8261197704969975,-0.8997929932641746,0.5368900417823007,0.19580016810867026,0.30130394955047074,-0.5260742019460909,0.19580016810867026,0.9775068568383883,0
SESSION,A,,0.98,0.98,1.4,30,0.9878462293141119,0.9812890692034173,0.06727032069923743,0.9878462293141119,0.531678668599595,0.8183834391817358,-0.897907062116481,0.531678668599595,0.19250426715612337,0.2963462317900315,-0.520471433011008,0.19250426715612337,0.9777661657496822,0
SESSION,A,,0.98,0.98,1.5,30,0.9879477597003247,0.9814755126498713,0.06678081204941003,0.9879477597003247,0.528935755212861,0.8129362916151626,-0.8969697694987401,0.528935755212861,0.1910427214528144,0.2936307984031335,-0.5178344128026742,0.1910427214528144,0.9778666601115458,0
SESSION,A,,0.98,0.98,1.6,30,0.9883040996202719,0.9820443708211101,0.06512004671339602,0.9883040996202719,0.5214095425549329,0.800682425710171,-0.8947300417907336,0.5214095425549329,0.18646173569528912,0.2862866423194504,-0.5101391016867831,0.18646173569528912,0.9782193639098609,0
SESSION,A,,0.98,0.98,1.7,30,0.98870908848099,0.9826403231871166,0.06322599408336929,0.98870908848099,0.5130760962416262,0.7890108194929624,-0.8918527771630547,0.5130760962416262,0.18130214453656276,0.27877250371052475,-0.5013593855717342,0.18130214453656276,0.9786202202311841,0
SESSION,A,,0.98,0.98,1.8,30,0.9887296470492177,0.9826442617282621,0.06314256944344926,0.9887296470492177,0.513109180327706,0.790495106499209,-0.8920321065231592,0.513109180327706,0.18114430753503066,0.2789957878429787,-0.5012515901063197,0.18114430753503066,0.9786405690181035,0
SESSION,A,,0.98,0.98,1.9,30,0.9889930280591162,0.9830644238192273,0.061931567367066266,0.9889930280591162,0.5079341923029618,0.7817908762831787,-0.8910613100038735,0.5079341923029618,0.1778382451575774,0.2736596786570097,-0.4959518819134631,0.1778382451575774,0.9789012624666761,0
SESSION,A,,0.99,0.99,0.5,30,0.9918552683106391,0.9873867876588382,0.04806717675126574,0.9918552683106391,0.6038250416929158,0.9332461618242137,-0.9406367750910051,0.6087033765433847,0.2494747051308429,0.38640118725504435,-0.6305294170566301,0.2494747051308429,0.9868458982686662,0
SESSION,A,,0.99,0.99,0.6,30,0.9920456709153407,0.9876825740374925,0.04711544702648658,0.9920456709153407,0.5979275188443641,0.9234545888654591,-0.9408166881074045,0.6029589762392986,0.2450532621651844,0.3794371567737641,-0.6241982868269608,0.2450532621651844,0.9870353392440514,0
SESSION,A,,0.99,0.99,0.7,30,0.9924915130467249,0.9883277139222856,0.04485728100632527,0.9924915130467249,0.5868883831996137,0.9110032861090337,-0.9385904171580671,0.5897820452317681,0.2347587274470567,0.3649341912775979,-0.6084909101707184,0.2347587274470567,0.9874789296474992,0
SESSION,A,,0.99,0.99,0.8,30,0.9928808771398075,0.9889406763401142,0.04287227580491264,0.9928808771398075,0.57416076590933,0.8902596161687621,-0.9366738949415327,0.577171218373886,0.22543683816264945,0.3501549472404037,-0.594033067334328,0.22543683816264945,0.9878663272552632,0
SESSION,A,,0.99,0.99,0.9,30,0.9930991185396341,0.9892862956105604,0.04176418946148783,0.9930991185396341,0.5697168021178516,0.8846960597556179,-0.9358377155636516,0.5699192138894222,0.2201578882286856,0.34184308565761984,-0.585971010796849,0.2201578882286856,0.9880834664257978,0
SESSION,A,,0.99,0.99,1.0,30,0.9933628548272231,0.9897282476463102,0.040399690766874774,0.9933628548272231,0.5600897531089529,0.8671758446767068,-0.9337037877738686,0.5600897531089529,0.21348449394961286,0.33044954600779874,-0.5751131121644716,0.21348449394961286,0.9883458707119338,0
SESSION,A,,0.99,0.99,1.1,30,0.9935844181344848,0.9901205847023019,0.03925243623378337,0.9935844181344848,0.5516076896609363,0.8493847498538426,-0.9320631237609092,0.5516076896609363,0.20782263086755862,0.32002612199105435,-0.5659056721487344,0.20782263086755862,0.9885663150125937,0
SESSION,A,,0.99,0.99,1.2,30,0.9936845963208837,0.9902811843295286,0.038738802264784135,0.9936845963208837,0.5481818979473402,0.8436906254708769,-0.9313668856079768,0.5481818979473402,0.2053841500710587,0.31608380506282335,-0.5620327972117101,0.2053841500710587,0.988665987248556,0
SESSION,A,,0.99,0.99,1.3,30,0.9938152814382729,0.9904823706106616,0.0380597542972479,0.9938152814382729,0.5431210761055011,0.8357086551678636,-0.9302273434867909,0.5431210761055011,0.20203120243187053,0.3108928342213371,-0.5565085521687071,0.20203120243187053,0.9887960123401,0
SESSION,A,,0.99,0.99,1.4,30,0.9939465713422858,0.9906806317667042,0.037362488951487055,0.9939465713422858,0.5377790106277687,0.8277750017450229,-0.9278148938642314,0.5377790106277687,0.19860460918429698,0.3057377943533183,-0.5503792647587584,0.19860460918429698,0.9889266391637894,0
SESSION,A,,0.99,0.99,1.5,30,0.9939972282483235,0.9907736393450617,0.0370857419272863,0.9939972282483235,0.5349852237608598,0.8222344183103528,-0.9266648396208638,0.5349852237608598,0.1970921900008132,0.3029289250983237,-0.5475294829247979,0.1970921900008132,0.9889770402268672,0
SESSION,A,,0.99,0.99,1.6,30,0.9941756923676621,0.9910585093808748,0.036139776231874934,0.9941756923676621,0.5272811353023232,0.809696564269936,-0.9237103122722546,0.5272811353023232,0.19233332844267942,0.29530078087921535,-0.5391193721683041,0.19233332844267942,0.9891546030122699,0
SESSION,A,,0.99,0.99,1.7,30,0.9943785731897677,0.9913571266418663,0.035061140476350096,0.9943785731897677,0.5187455809504038,0.797727622947712,-0.9200176307700738,0.5187455809504038,0.1869716292453404,0.2874893071652745,-0.5295242391787534,0.1869716292453404,0.9893564591837587,0
SESSION,A,,0.99,0.99,1.8,30,0.9943889914602762,0.9913593875347266,0.035012146073534915,0.9943889914602762,0.518768524738764,0.7992102323056732,-0.9201625298930736,0.518768524738764,0.18680365194608878,0.287710913649443,-0.5293820134762339,0.18680365194608878,0.9893668248367393,0
SESSION,A,,0.99,0.99,1.9,30,0.9945209858129801,0.9915698946254253,0.034320744522384344,0.9945209858129801,0.5134621500568257,0.7902963470893767,-0.9186721328485554,0.5134621500568257,0.18336620291144146,0.28216514946320764,-0.5235627047581449,0.18336620291144146,0.9894981525512984,0
SESSION,A,,1.0,1.00,0.5,30,1.0,1.0,0.0,1.0,0.6119697733822768,0.9458593741653752,-0.988703951842271,0.6168481082327456,0.25761943682020366,0.3990143995962061,-0.6785965938078959,0.25761943682020366,1.0,0
SESSION,A,,1.0,1.00,0.6,30,1.0,1.0,0.0,1.0,0.6058818479290233,0.9357720148279665,-0.987932135133891,0.6109133053239577,0.25300759124984357,0.3917545827362715,-0.6713137338534472,0.25300759124984357,1.0,0
SESSION,A,,1.0,1.00,0.7,30,1.0,1.0,0.0,1.0,0.5943968701528884,0.9226755721867482,-0.9834476981643924,0.5972905321850431,0.24226721440033172,0.3766064773553122,-0.6533481911770437,0.24226721440033172,1.0,0
SESSION,A,,1.0,1.00,0.8,30,1.0,1.0,0.0,1.0,0.5812798887695224,0.9013189398286482,-0.9795461707464453,0.5842903412340783,0.23255596102284182,0.36121427090028957,-0.6369053431392409,0.23255596102284182,1.0,0
SESSION,A,,1.0,1.00,0.9,30,1.0,1.0,0.0,1.0,0.5766176835782174,0.8954097641450578,-0.9776019050251392,0.5768200953497881,0.22705876968905134,0.3525567900470596,-0.627735200258337,0.22705876968905134,1.0,0
SESSION,A,,1.0,1.00,1.0,30,1.0,1.0,0.0,1.0,0.5667268982817302,0.8774475970303968,-0.9741034785407433,0.5667268982817302,0.22012163912238997,0.34072129836148873,-0.6155128029313466,0.22012163912238997,1.0,0
SESSION,A,,1.0,1.00,1.1,30,1.0,1.0,0.0,1.0,0.5580232715264513,0.8592641651515404,-0.9713155599946927,0.5580232715264513,0.2142382127330737,0.32990553728875227,-0.6051581083825179,0.2142382127330737,1.0,0
SESSION,A,,1.0,1.00,1.2,30,1.0,1.0,0.0,1.0,0.5544973016264566,0.8534094411413483,-0.970105687872761,0.5544973016264566,0.21169955375017507,0.32580262073329486,-0.6007715994764941,0.21169955375017507,1.0,0
SESSION,A,,1.0,1.00,1.3,30,1.0,1.0,0.0,1.0,0.549305794667228,0.845226284557202,-0.9682870977840389,0.549305794667228,0.2082159209935975,0.32041046361067543,-0.5945683064659552,0.2082159209935975,1.0,0
SESSION,A,,1.0,1.00,1.4,30,1.0,1.0,0.0,1.0,0.5438324392854829,0.8370943699783188,-0.9651773828157186,0.5438324392854829,0.20465803784201128,0.31505716258661415,-0.5877417537102455,0.20465803784201128,1.0,0
SESSION,A,,1.0,1.00,1.5,30,1.0,1.0,0.0,1.0,0.5409879955125363,0.8314607789652911,-0.9637505815481501,0.5409879955125363,0.2030949617524898,0.31215528575326207,-0.5846152248520842,0.2030949617524898,1.0,0
SESSION,A,,1.0,1.00,1.6,30,1.0,1.0,0.0,1.0,0.5331054429346612,0.818638054889061,-0.9598500885041297,0.5331054429346612,0.1981576360750174,0.30424227149834043,-0.575259148400179,0.1981576360750174,1.0,0
SESSION,A,,1.0,1.00,1.7,30,1.0,1.0,0.0,1.0,0.5243670077606362,0.8063704963058456,-0.9550787712464239,0.5243670077606362,0.19259305605557267,0.296132180523408,-0.5645853796551035,0.19259305605557267,1.0,0
SESSION,A,,1.0,1.00,1.8,30,1.0,1.0,0.0,1.0,0.524379533278488,0.8078508447709466,-0.9551746759666084,0.524379533278488,0.19241466048581285,0.29635152611471655,-0.5643941595497688,0.19241466048581285,1.0,0
SESSION,A,,1.0,1.00,1.9,30,1.0,1.0,0.0,1.0,0.5189411642438456,0.7987264524639512,-0.9529928773709396,0.5189411642438456,0.1888452170984613,0.2905952548377823,-0.5578834492805295,0.1888452170984613,1.0,0
SESSION,B1,,0.3333333333333333,0.333333,0.5,29,0.40012928253557944,0.07029808004455526,0.9853710771489808,0.3977516124741759,-4.2111907830609384e-17,-4.785444071660157e-17,1.914177628664063e-17,-4.976861834526564e-17,-0.3536279351811229,-0.54776262751644,0.3252822364882029,-0.35600560524252645,6.480125010010588e-17,29
SESSION,B1,,0.3333333333333333,0.333333,0.6,29,0.4156088199771475,0.09840891592902301,0.9809726140578785,0.4156088199771475,-4.594026308793751e-17,-6.69962170032422e-17,1.5313421029312504e-17,-4.594026308793751e-17,-0.35165115134507713,-0.5427283175815064,0.34317379943899495,-0.35165115134507713,7.343256791134501e-17,29
SESSION,B1,,0.3333333333333333,0.333333,0.7,29,0.43153071764504525,0.12218217773893496,0.9750500974264193,0.42669416426968687,-5.551115123125783e-17,-6.69962170032422e-17,2.2970131543968756e-17,-5.933950648858595e-17,-0.3422950060136633,-0.5285604695728532,0.3505240788848266,-0.3471315593890216,7.434758019470878e-17,29
SESSION,B1,,0.3333333333333333,0.333333,0.8,29,0.4328979815470568,0.12450478054635747,0.9749858207108946,0.43096127684328744,-5.74253288599219e-17,-6.891039463190627e-17,2.6798486801296883e-17,-6.125368411725002e-17,-0.34474392013361066,-0.5319716766345685,0.3559482620796009,-0.34668062483737994,8.125490530242708e-17,29
SESSION,B1,,0.3333333333333333,0.333333,0.9,29,0.4483007967733671,0.14775542261927954,0.9671229983931944,0.44686331679652386,-4.976861834526564e-17,-7.082457226057034e-17,7.656710514656252e-18,-5.16827959739297e-17,-0.33991238108689115,-0.5249809319326905,0.3677502095498421,-0.34134986106373433,8.838744431642301e-17,29
SESSION,B1,,0.3333333333333333,0.333333,1.0,29,0.45627472581667405,0.16172764694748457,0.9632413489758058,0.4561895609110754,-5.16827959739297e-17,-6.69962170032422e-17,7.656710514656252e-18,-5.3596973602593766e-17,-0.33793074551017205,-0.5210691551604459,0.3748096205694179,-0.33801591041577067,8.053341730083719e-17,29
SESSION,B1,,0.3333333333333333,0.333333,1.1,29,0.4593552846688793,0.1682449417141646,0.961750600412081,0.4593552846688793,-4.594026308793751e-17,-7.273874988923439e-17,3.062684205862501e-17,-4.594026308793751e-17,-0.3367923523552992,-0.5182338202100627,0.37701965155552875,-0.3367923523552992,8.691324261339683e-17,29
SESSION,B1,,0.3333333333333333,0.333333,1.2,29,0.4616194300669314,0.1732183584492449,0.9605612975666914,0.4616194300669314,-6.508203937457814e-17,-8.230963803255471e-17,3.828355257328126e-17,-6.508203937457814e-17,-0.3359187914119144,-0.5159829507466704,0.378519094909512,-0.3359187914119144,9.516861567204072e-17,29
SESSION,B1,,0.3333333333333333,0.333333,1.3,29,0.4710242222138605,0.18389308051934797,0.9542358914293809,0.4710242222138605,-5.16827959739297e-17,-7.656710514656253e-17,2.2970131543968756e-17,-5.16827959739297e-17,-0.3321614295446341,-0.5125946904082312,0.38359467135769976,-0.3321614295446341,9.69058195923944e-17,29
SESSION,B1,,0.3333333333333333,0.333333,1.4,29,0.4775414276736586,0.19189697418958734,0.9505595801746533,0.4775414276736586,-6.508203937457814e-17,-8.039546040389065e-17,1.914177628664063e-17,-6.508203937457814e-17,-0.32975730704514344,-0.5100639659561598,0.3878685349164409,-0.32975730704514344,9.057286353862478e-17,29
SESSION,B1,,0.3333333333333333,0.333333,1.5,29,0.4793336126947645,0.1926459383362538,0.9498541263271106,0.4791030247052191,-5.74253288599219e-17,-7.656710514656253e-17,1.914177628664063e-17,-6.125368411725002e-17,-0.32913098853427025,-0.5102874020390384,0.38932425880105426,-0.32936157652381565,9.745631576122136e-17,29
SESSION,B1,,0.3333333333333333,0.333333,1.6,29,0.4882103477145158,0.2037349432435701,0.9446150345626839,0.4880887606800775,-5.933950648858595e-17,-7.273874988923439e-17,1.5313421029312504e-17,-6.316786174591408e-17,-0.3261618886008008,-0.5073339281440984,0.3953306521252975,-0.3262834756352392,1.0191929525543231e-16,29
SESSION,B1,,0.3333333333333333,0.333333,1.7,29,0.49646571305321385,0.21403929258337026,0.9385440445891757,0.49606227710203377,-5.74253288599219e-17,-7.273874988923439e-17,4.2111907830609384e-17,-5.933950648858595e-17,-0.3225079832690809,-0.5031600024315449,0.398971852357046,-0.322911419220261,9.363126772651123e-17,29
SESSION,B1,,0.3333333333333333,0.333333,1.8,29,0.4971422291013483,0.2121138138249288,0.937584281657076,0.4971422291013483,-5.3596973602593766e-17,-7.848128277522658e-17,1.5313421029312504e-17,-5.3596973602593766e-17,-0.3227547316869528,-0.5055099803048906,0.39977478573612335,-0.3227547316869528,9.919939584322415e-17,29
SESSION,B1,,0.3333333333333333,0.333333,1.9,29,0.5022606271335261,0.2198537110252846,0.9345510260723889,0.5022606271335261,-6.316786174591408e-17,-8.230963803255471e-17,5.3596973602593766e-17,-6.316786174591408e-17,-0.32078629558413474,-0.5026057223037167,0.4028656876162803,-0.32078629558413474,1.0294579485508673e-16,29
SESSION,B1,,0.5,0.50,0.5,29,0.5683266930457189,0.3303232330789973,0.8895784241607092,0.5683266930457189,0.16819741051013928,0.2600251530344421,-0.09579265298827146,0.17057508057154278,-0.18543052467098362,-0.2877374744819977,0.22948958349993143,-0.18543052467098362,0.28416334652285946,29
SESSION,B1,,0.5,0.50,0.6,29,0.586390921063943,0.36206914776411414,0.8736718598139306,0.586390921063943,0.17078210108679542,0.2636602318350911,-0.10730075424394765,0.17078210108679542,-0.1808690502582816,-0.2790680857464153,0.23587304519504723,-0.1808690502582816,0.2931954605319715,29
SESSION,B1,,0.5,0.50,0.7,29,0.5964528922832224,0.3766963831670377,0.8616018131005453,0.5964528922832224,0.16492217463817724,0.2545142054281026,-0.11344828432587382,0.16975872801353561,-0.17737283137548607,-0.27404626414475036,0.23707579455895283,-0.17737283137548607,0.2982264461416112,29
SESSION,B1,,0.5,0.50,0.8,29,0.601121982540696,0.38368006940785543,0.8584995632698513,0.601121982540696,0.16822400099363938,0.2591752888614978,-0.11648625744104323,0.17016070569740865,-0.17651991913997117,-0.2727963877730706,0.23946200463855777,-0.17651991913997117,0.3005609912703481,29
SESSION,B1,,0.5,0.50,0.9,29,0.6162154833085649,0.4068205538063844,0.8418251227285325,0.6162154833085649,0.1679146865351978,0.25906513118710467,-0.12529787566466147,0.16935216651204105,-0.1719976945516932,-0.26591580074558574,0.24245233388518067,-0.1719976945516932,0.30810774165428245,29
SESSION,B1,,0.5,0.50,1.0,29,0.6248960741074726,0.42174850525918195,0.8326458722769241,0.6248960741074726,0.1686213482907986,0.2600208583116974,-0.13059547669888175,0.1687065131963973,-0.16930939721937335,-0.2610482968487485,0.2442141438705362,-0.16930939721937335,0.3124480370537363,29
SESSION,B1,,0.5,0.50,1.1,29,0.6277884113218554,0.4274580074805586,0.8293999289574093,0.6277884113218554,0.16843312665297602,0.2592130657663939,-0.13235067145467133,0.16843312665297602,-0.16835922570232312,-0.2590207544436687,0.24466898010085741,-0.16835922570232312,0.3138942056609277,29
SESSION,B1,,0.5,0.50,1.2,29,0.6298609860294446,0.4316955513136674,0.826998724548504,0.6298609860294446,0.16824155596251303,0.25847719286442244,-0.13356257301818736,0.16824155596251303,-0.1676772354494013,-0.257505757882248,0.24495652189132464,-0.1676772354494013,0.31493049301472226,29
SESSION,B1,,0.5,0.50,1.3,29,0.6383259857776515,0.4421330254073426,0.8162305843736856,0.6383259857776515,0.16730176356379117,0.2582399448879946,-0.13800530705569528,0.16730176356379117,-0.16485966598084298,-0.2543547455202366,0.2455893643020044,-0.16485966598084298,0.31916299288882577,29
SESSION,B1,,0.5,0.50,1.4,29,0.6443468676354985,0.4499177531306362,0.8091439016019352,0.6443468676354985,0.16680543996183989,0.2580207789410488,-0.14141567857271822,0.16680543996183989,-0.1629518670833035,-0.25204318701511086,0.24645285634372263,-0.1629518670833035,0.32217343381774927,29
SESSION,B1,,0.5,0.50,1.5,29,0.6459431516406843,0.450893901754158,0.8074289848500994,0.6459431516406843,0.16660953894591976,0.25824796341790407,-0.14242514147701119,0.16684012693546504,-0.1625214495883505,-0.2520394386211342,0.2468991173240431,-0.1625214495883505,0.32297157582034214,29
SESSION,B1,,0.5,0.50,1.6,29,0.6543969223797635,0.4621600602871698,0.7975548409961953,0.6543969223797635,0.1661865746652475,0.2584251170435996,-0.1470601935664888,0.16630816169968585,-0.15997531393555323,-0.24890881110049867,0.24827045855880858,-0.15997531393555323,0.3271984611898818,29
SESSION,B1,,0.5,0.50,1.7,29,0.6614474159302804,0.47127170637291305,0.7879657312357844,0.6614474159302804,0.16498170287706648,0.25723241378954276,-0.15057831335339136,0.16538513882824657,-0.15752628039201444,-0.24592758864200215,0.24839353900365457,-0.15752628039201444,0.33072370796514017,29
SESSION,B1,,0.5,0.50,1.8,29,0.6626246445652201,0.4712161217876959,0.7864801984655652,0.6626246445652201,0.1654824154638717,0.259102307962767,-0.15110408319151059,0.1654824154638717,-0.15727231622308102,-0.24640767234212343,0.24867070254461277,-0.15727231622308102,0.33131232228261004,29
SESSION,B1,,0.5,0.50,1.9,29,0.667282366542151,0.4783255948929915,0.7809049201079772,0.667282366542151,0.16502173940862483,0.25847188386770675,-0.1536461059644119,0.16502173940862483,-0.15576455617550983,-0.24413383843600986,0.24921958165186833,-0.15576455617550983,0.33364118327107556,29
SESSION,B1,,0.6,0.60,0.5,29,0.6634398906893361,0.47792618317801727,0.7894313001224668,0.6634398906893361,0.26331060815375656,0.40762810313346204,-0.1959397770265139,0.2656882782151601,-0.09031732702736633,-0.1401345243829778,0.12934245946168904,-0.09031732702736633,0.4422932604595574,29
SESSION,B1,,0.6,0.60,0.6,29,0.6797767433350236,0.5061775662887729,0.7690190059717692,0.6797767433350236,0.2641679233578759,0.4077686503597497,-0.2119536080861092,0.2641679233578759,-0.08748322798720104,-0.1349596672217566,0.1312201913528857,-0.08748322798720104,0.4531844955566824,29
SESSION,B1,,0.6,0.60,0.7,29,0.6882887734116873,0.5186021747951006,0.75546597848248,0.6882887734116873,0.2567580557666419,0.39641999705616554,-0.21958411894393914,0.2615946091420003,-0.0855369502470214,-0.13214047251668748,0.1309399599408875,-0.0855369502470214,0.45885918227445804,29
SESSION,B1,,0.6,0.60,0.8,29,0.6927059143059006,0.5252254113651919,0.7508884141677382,0.6927059143059006,0.2598079327588438,0.40072063081883436,-0.2240974065431563,0.2617446374626131,-0.08493598737476676,-0.13125104581573402,0.1318508555364447,-0.08493598737476676,0.4618039428706004,29
SESSION,B1,,0.6,0.60,0.9,29,0.7059014361939318,0.5454938228404479,0.7315545302441941,0.7059014361939318,0.2576006394205645,0.39773840022116824,-0.23556846814899987,0.25903811939740773,-0.08231174166632653,-0.12724253171152217,0.13218174140084224,-0.08231174166632653,0.47060095746262104,29
SESSION,B1,,0.6,0.60,1.0,29,0.7134275834223509,0.558259222766313,0.7208205216313658,0.7134275834223509,0.2571528576056769,0.3965315758188284,-0.24242082734444004,0.25723802251127553,-0.08077788790449501,-0.12453757934161751,0.1323887932249779,-0.08077788790449501,0.475618388948234,29
SESSION,B1,,0.6,0.60,1.1,29,0.7159023694941054,0.5630311585522392,0.717112644301534,0.7159023694941054,0.25654708482522587,0.3947862168380744,-0.24463795611054664,0.25654708482522587,-0.08024526753007322,-0.12344760337198821,0.1323816954449821,-0.08024526753007322,0.4772682463294035,29
SESSION,B1,,0.6,0.60,1.2,29,0.7176755969908368,0.5665668968005089,0.7144006201934521,0.7176755969908368,0.2560561669239055,0.39334853835126377,-0.24616067737323916,0.2560561669239055,-0.0798626244880088,-0.12263441239540654,0.13235841753627284,-0.0798626244880088,0.4784503979938913,29
SESSION,B1,,0.6,0.60,1.3,29,0.724886495830796,0.5756973984093599,0.7026631410899523,0.724886495830796,0.2538622736169356,0.39180431789001174,-0.25157275033942866,0.2538622736169356,-0.07829915592769852,-0.12079037251821946,0.13202192101827104,-0.07829915592769852,0.4832576638871974,29
SESSION,B1,,0.6,0.60,1.4,29,0.7300808448215538,0.5825273322226543,0.6946750716291039,0.7300808448215538,0.2525394171478951,0.3906303580330667,-0.2558845085455494,0.2525394171478951,-0.0772178898972483,-0.11943360792309285,0.1319840263708915,-0.0772178898972483,0.48672056321436924,29
SESSION,B1,,0.6,0.60,1.5,29,0.7315123003907179,0.5835918992285902,0.6926042466568588,0.7315123003907179,0.2521786876959534,0.39094596089233635,-0.25724987967025187,0.2524092756854987,-0.07695230083831683,-0.11934144114670191,0.13207437913080244,-0.07695230083831683,0.4876748669271453,29
SESSION,B1,,0.6,0.60,1.6,29,0.7388883842157148,0.5936111108150047,0.681410455726545,0.7388883842157148,0.25067803650119896,0.38987616757143456,-0.26320457883613907,0.25079962353563734,-0.07548385209960178,-0.1174577605726637,0.13212607328915837,-0.07548385209960178,0.49259225614380986,29
SESSION,B1,,0.6,0.60,1.7,29,0.7448286528606791,0.601426794409896,0.6712086476698131,0.7448286528606791,0.24836293980746546,0.38738750182652554,-0.2673353969193626,0.24876637575864555,-0.0741450434616155,-0.1157725006050193,0.13163645543768335,-0.0741450434616155,0.4965524352404528,29
SESSION,B1,,0.6,0.60,1.8,29,0.7459233799595112,0.6017053200020112,0.6695048070257148,0.7459233799595112,0.24878115085816288,0.38959150617708205,-0.268079474631361,0.24878115085816288,-0.07397358082878987,-0.11591847412780842,0.1316953111047623,-0.07397358082878987,0.49728225330634074,29
SESSION,B1,,0.6,0.60,1.9,29,0.7499181153806663,0.6078228476252007,0.6632999063574495,0.7499181153806663,0.24765748824714015,0.38796913659991594,-0.2712511197149395,0.24765748824714015,-0.07312880733699452,-0.11463658570380064,0.13161456790134068,-0.07312880733699452,0.49994541025377753,29
SESSION,B1,,0.7,0.70,0.5,29,0.7537572177167025,0.6180607075609951,0.6600888406607779,0.7537572177167025,0.3536279351811229,0.5477626275164398,-0.3252822364882029,0.35600560524252645,0.0,0.0,0.0,0.0,0.5922378139202662,0
SESSION,B1,,0.7,0.70,0.6,29,0.7672599713222245,0.6411372335105294,0.6377988146188833,0.7672599713222245,0.35165115134507713,0.5427283175815064,-0.34317379943899484,0.35165115134507713,0.0,0.0,0.0,0.0,0.6028471203246051,0
SESSION,B1,,0.7,0.70,0.7,29,0.7738257236587086,0.6507426473117879,0.6245260185415924,0.7738257236587086,0.3422950060136632,0.5285604695728531,-0.3505240788848266,0.3471315593890216,0.0,0.0,0.0,0.0,0.6080059257318424,0
SESSION,B1,,0.7,0.70,0.8,29,0.7776419016806674,0.6564764571809257,0.6190375586312936,0.7776419016806674,0.34474392013361066,0.5319716766345685,-0.3559482620796009,0.34668062483737994,0.0,0.0,0.0,0.0,0.6110043513205243,0
SESSION,B1,,0.7,0.70,0.9,29,0.7882131778602581,0.6727363545519699,0.599372788843352,0.7882131778602581,0.3399123810868911,0.5249809319326905,-0.3677502095498421,0.3413498610637343,0.0,0.0,0.0,0.0,0.6193103540330599,0
SESSION,B1,,0.7,0.70,1.0,29,0.794205471326846,0.6827968021079305,0.5884317284063878,0.794205471326846,0.33793074551017194,0.5210691551604459,-0.3748096205694179,0.3380159104157706,0.0,0.0,0.0,0.0,0.6240185846139504,0
SESSION,B1,,0.7,0.70,1.1,29,0.7961476370241783,0.6864787619242272,0.584730948856552,0.7961476370241783,0.3367923523552992,0.5182338202100627,-0.37701965155552875,0.3367923523552992,0.0,0.0,0.0,0.0,0.625544571947569,0
SESSION,B1,,0.7,0.70,1.2,29,0.7975382214788458,0.6892013091959155,0.5820422026571792,0.7975382214788458,0.3359187914119143,0.5159829507466703,-0.378519094909512,0.3359187914119143,0.0,0.0,0.0,0.0,0.6266371740190931,0
SESSION,B1,,0.7,0.70,1.3,29,0.8031856517584948,0.6964877709275794,0.5706412200716812,0.8031856517584948,0.3321614295446341,0.5125946904082311,-0.3835946713576997,0.3321614295446341,0.0,0.0,0.0,0.0,0.6310744406673886,0
SESSION,B1,,0.7,0.70,1.4,29,0.8072987347188022,0.7019609401457471,0.5626910452582125,0.8072987347188022,0.3297573070451434,0.5100639659561597,-0.3878685349164409,0.3297573070451434,0.0,0.0,0.0,0.0,0.6343061487076302,0
SESSION,B1,,0.7,0.70,1.5,29,0.8084646012290347,0.7029333403752921,0.5605298675260564,0.8084646012290347,0.32913098853427025,0.5102874020390383,-0.38932425880105426,0.3293615765238155,0.0,0.0,0.0,0.0,0.6352221866799559,0
SESSION,B1,,0.7,0.70,1.6,29,0.8143722363153166,0.7110688713876685,0.5492843824373866,0.8143722363153166,0.32616188860080075,0.5073339281440983,-0.3953306521252975,0.32628347563523913,0.0,0.0,0.0,0.0,0.6398638999620345,0
SESSION,B1,,0.7,0.70,1.7,29,0.8189736963222947,0.7171992950149151,0.5395721922321298,0.8189736963222947,0.3225079832690809,0.5031600024315449,-0.39897185235704596,0.322911419220261,0.0,0.0,0.0,0.0,0.6434793328246601,0
SESSION,B1,,0.7,0.70,1.8,29,0.819896960788301,0.7176237941298195,0.5378094959209525,0.819896960788301,0.32275473168695273,0.5055099803048905,-0.3997747857361233,0.32275473168695273,0.0,0.0,0.0,0.0,0.6442047549050937,0
SESSION,B1,,0.7,0.70,1.9,29,0.8230469227176609,0.7224594333290013,0.5316853384561088,0.8230469227176609,0.32078629558413463,0.5026057223037166,-0.4028656876162802,0.32078629558413463,0.0,0.0,0.0,0.0,0.6466797249924479,0
SESSION,B1,,0.8,0.80,0.5,29,0.8397120788430092,0.7514033361996916,0.499477603662418,0.8397120788430092,0.4395827963074297,0.6811052561551361,-0.4858934734865626,0.4419604663688331,0.08595486112630671,0.13334262863869642,-0.16061123699835977,0.08595486112630671,0.734748068987633,0
SESSION,B1,,0.8,0.80,0.6,29,0.8494537003050955,0.7679021377459722,0.478629188496973,0.8494537003050955,0.43384488032794805,0.6694932218169489,-0.5023434255609053,0.43384488032794805,0.082193728982871,0.12676490423544268,-0.15916962612191046,0.082193728982871,0.7432719877669587,0
SESSION,B1,,0.8,0.80,0.7,29,0.8538602119787914,0.7743551915126133,0.46741955566112575,0.8538602119787914,0.42232949433374606,0.6521730137736783,-0.5076305417652934,0.42716604770910444,0.08003448832008284,0.12361254420082532,-0.15710646288046684,0.08003448832008284,0.7471276854814425,0
SESSION,B1,,0.8,0.80,0.8,29,0.8567371800418933,0.7786853884826087,0.461876943292461,0.8567371800418933,0.4238391984948365,0.6541806079362511,-0.5131088774184337,0.4257759031986057,0.07909527836122589,0.12220893130168263,-0.15716061533883274,0.07909527836122589,0.7496450325366567,0
SESSION,B1,,0.8,0.80,0.9,29,0.864146547191262,0.7900940411779591,0.4445043965453469,0.864146547191262,0.4158457504178949,0.6423386185586798,-0.5226186018478473,0.41728323039473814,0.0759333693310039,0.11735768662598921,-0.15486839229800514,0.0759333693310039,0.7561282287923544,0
SESSION,B1,,0.8,0.80,1.0,29,0.8683285654687424,0.7970597264009399,0.43483330516669905,0.8683285654687424,0.41205383965206827,0.6353320794534553,-0.5284080438091067,0.4121390045576669,0.0741230941418964,0.11426292429300937,-0.15359842323968878,0.0741230941418964,0.7597874947851497,0
SESSION,B1,,0.8,0.80,1.1,29,0.8696631824310997,0.7995577983420857,0.4316302412808742,0.8696631824310997,0.4103078977622204,0.631312856627921,-0.5301203591312066,0.4103078977622204,0.07351554540692129,0.11307903641785817,-0.1531007075756778,0.07351554540692129,0.7609552846272124,0
SESSION,B1,,0.8,0.80,1.2,29,0.8706175808283878,0.8014005620346353,0.4293147025745751,0.8706175808283878,0.40899815076145635,0.6281822035853903,-0.5312465949921161,0.40899815076145635,0.07307935934954199,0.11219925283872,-0.1527275000826041,0.07307935934954199,0.7617903832248394,0
SESSION,B1,,0.8,0.80,1.3,29,0.8744974376362374,0.8064772975353884,0.4196154029364234,0.8744974376362374,0.40347321542237685,0.6225842170160405,-0.5346204884929575,0.40347321542237685,0.07131178587774269,0.10998952660780928,-0.1510258171352579,0.07131178587774269,0.765185257931708,0
SESSION,B1,,0.8,0.80,1.4,29,0.8773505717536142,0.8103079416874291,0.4127187485851963,0.8773505717536142,0.3998091440799555,0.6184109674978417,-0.537840831589457,0.3998091440799555,0.07005183703481203,0.10834700154168214,-0.14997229667301618,0.07005183703481203,0.7676817502844123,0
SESSION,B1,,0.8,0.80,1.5,29,0.8781760479358018,0.8110502119781414,0.41077908810813674,0.8781760479358018,0.3988424352410373,0.6184042736418874,-0.539075038218974,0.3990730232305825,0.0697114467067671,0.10811687160284918,-0.14975077941791964,0.0697114467067671,0.7684040419438269,0
SESSION,B1,,0.8,0.80,1.6,29,0.8823209944796255,0.8168181106065522,0.4009130048414208,0.8823209944796255,0.39411064676510965,0.6130831673629821,-0.5437020297212632,0.394232233799548,0.06794875816430898,0.10574923921888371,-0.1483713775959659,0.06794875816430898,0.7720308701696725,0
SESSION,B1,,0.8,0.80,1.7,29,0.8854481865854926,0.821022913690721,0.392800340665175,0.8854481865854926,0.38898247353227877,0.6069836211073504,-0.545743703924001,0.38938590948345886,0.06647449026319784,0.1038236186758055,-0.14677185156695494,0.06647449026319784,0.774767163262306,0
SESSION,B1,,0.8,0.80,1.8,29,0.8861241976939409,0.8214337865392278,0.3912015981275025,0.8861241976939409,0.3889819685925926,0.609319972714299,-0.5463826835295733,0.3889819685925926,0.06622723690563984,0.10380999240940848,-0.14660789779344993,0.06622723690563984,0.7753586729821983,0
SESSION,B1,,0.8,0.80,1.9,29,0.8883029183230017,0.8247848438346378,0.3859186518189481,0.8883029183230017,0.38604229118947536,0.6049311328093531,-0.548632374253441,0.38604229118947536,0.06525599560534069,0.1023254105056365,-0.1457666866371608,0.06525599560534069,0.7772650535326264,0
SESSION,B1,,0.9,0.90,0.5,29,0.9216824432211068,0.8785439286206028,0.2982270824706966,0.9216824432211068,0.5215531606855272,0.8082458485760475,-0.6871439946782839,0.5239308307469307,0.16792522550440428,0.26048322105960764,-0.3618617581900811,0.16792522550440428,0.8704778630421564,0
SESSION,B1,,0.9,0.90,0.6,29,0.9268828014098304,0.8872885088772433,0.2832667238209846,0.9268828014098304,0.5112739814326827,0.7888795929482201,-0.6977058902368938,0.5112739814326827,0.15962283008760572,0.24615127536671386,-0.3545320907978989,0.15962283008760572,0.8753893124426175,0
SESSION,B1,,0.9,0.90,0.7,29,0.9290617827209287,0.8904795878819638,0.2760331921804796,0.9290617827209287,0.49753106507588324,0.7682974101430288,-0.6990169052459395,0.5023676184512417,0.15523605906222002,0.23973694057017575,-0.34849282636111295,0.15523605906222002,0.8774472392364328,0
SESSION,B1,,0.9,0.90,0.8,29,0.9306666544800241,0.8928988316842081,0.27176252487710834,0.9306666544800241,0.4977686729329671,0.7683940511378506,-0.7032232958337861,0.4997053776367364,0.15302475279935648,0.23642237450328224,-0.34727503375418517,0.15302475279935648,0.8789629514533559,0
SESSION,B1,,0.9,0.90,0.9,29,0.9345169554361898,0.8988324621039502,0.25991364931297817,0.9345169554361898,0.4862161586628227,0.7510770394846709,-0.7072093490802162,0.4876536386396659,0.14630377757593155,0.2260961075519803,-0.33945913953037393,0.14630377757593155,0.8825993468008458,0
SESSION,B1,,0.9,0.90,1.0,29,0.9366844888105447,0.9024197883022854,0.2533116532831373,0.9366844888105447,0.48040976299387056,0.7406921413548008,-0.7099296956926685,0.4804949278994693,0.14247901748369865,0.2196229861943549,-0.33512007512325054,0.14247901748369865,0.8846464616544033,0
SESSION,B1,,0.9,0.90,1.1,29,0.9373649981465029,0.9036809705531949,0.2511740256878447,0.9373649981465029,0.4780097134776234,0.7354360288390301,-0.7105765747242361,0.4780097134776234,0.14121736112232436,0.21720220862896752,-0.33355692316870744,0.14121736112232436,0.8852891649161415,0
SESSION,B1,,0.9,0.90,1.2,29,0.9378508318629378,0.9046088364156522,0.2496356816151946,0.9378508318629378,0.4762314017960064,0.7313904779664072,-0.710925615951497,0.4762314017960064,0.14031261038409207,0.21540752721973686,-0.3324065210419848,0.14031261038409207,0.8857480078705524,0
SESSION,B1,,0.9,0.90,1.3,29,0.9398313219335289,0.9072287984742511,0.2432390999976895,0.9398313219335289,0.4688070997196685,0.7233357179549029,-0.7109967914316916,0.4688070997196685,0.13664567017503432,0.2107410275466718,-0.3274021200739917,0.13664567017503432,0.8876184707149997,0
SESSION,B1,,0.9,0.90,1.4,29,0.9413002639782815,0.9092147401167856,0.23861239838709905,0.9413002639782815,0.46375883630462295,0.7173177659271983,-0.7119471817875542,0.46375883630462295,0.13400152925947947,0.2072537999710385,-0.32407864687111343,0.13400152925947947,0.8890058048683771,0
SESSION,B1,,0.9,0.90,1.5,29,0.9417315573208206,0.9096236223009726,0.23727821967628596,0.9417315573208206,0.46239794462605616,0.7169776839647186,-0.7125759066508249,0.4626285326156014,0.133266956091786,0.20669028192568042,-0.32325164784977045,0.133266956091786,0.8894131374696641,0
SESSION,B1,,0.9,0.90,1.6,29,0.9438898669828211,0.9126517986449049,0.23057403944482494,0.9438898669828211,0.4556795192683052,0.7089168554013349,-0.7140409951178591,0.45580110630274356,0.12951763066750446,0.20158292725723628,-0.3187103429925617,0.12951763066750446,0.8914515410393309,0
SESSION,B1,,0.9,0.90,1.7,29,0.9454693470284845,0.9147905402799381,0.2253197632633514,0.9454693470284845,0.4490036339752707,0.7007512476965678,-0.7132242813258245,0.4494070699264508,0.1264956507061898,0.19759124526502286,-0.3142524289687785,0.1264956507061898,0.8929432721935688,0
SESSION,B1,,0.9,0.90,1.8,29,0.945834151104879,0.9150528777446558,0.2241971511357153,0.945834151104879,0.44869192200353075,0.7029390639197269,-0.7133871305213606,0.44869192200353075,0.12593719031657807,0.19742908361483646,-0.3136123447852372,0.12593719031657807,0.8932878093768303,0
SESSION,B1,,0.9,0.90,1.9,29,0.9469537181787797,0.9167775545432411,0.2206661428075989,0.9469537181787797,0.44469309104525356,0.6969238435179566,-0.7138848832647903,0.44469309104525356,0.12390679546111902,0.19431812121423991,-0.31101919564850994,0.12390679546111902,0.894345178279959,0
SESSION,B1,,0.95,0.95,0.5,29,0.9612786889504462,0.9399526807819872,0.17298725111571372,0.9612786889504462,0.5611494064148668,0.8696546007374321,-0.8123838260332669,0.5635270764762703,0.20752147123374384,0.3218919732209921,-0.487101589545064,0.20752147123374384,0.9359818813464872,0
SESSION,B1,,0.95,0.95,0.6,29,0.9639545480057379,0.9444384648652935,0.16347152203247045,0.9639545480057379,0.5483457280285903,0.8460295489362701,-0.8175010920254079,0.5483457280285903,0.1966945766835133,0.30330123135476394,-0.47432729258641304,0.1966945766835133,0.9385873230582185,0
SESSION,B1,,0.95,0.95,0.7,29,0.9650315253003163,0.946015186613211,0.1591405676614216,0.9650315253003163,0.5335008076552711,0.8238330088742761,-0.8159095297649976,0.5383373610306295,0.19120580164160786,0.29527253930142305,-0.465385450880171,0.19120580164160786,0.9396359588450448,0
SESSION,B1,,0.95,0.95,0.8,29,0.9658757518619512,0.9472887039955601,0.1563216724758127,0.9658757518619512,0.5329777703148942,0.8227839234492025,-0.8186641482350819,0.5349144750186634,0.1882338501812836,0.2908122468146342,-0.4627158861554809,0.1882338501812836,0.9404579689182155,0
SESSION,B1,,0.95,0.95,0.9,29,0.9678317614555533,0.9503041944747096,0.1489767852234788,0.9678317614555533,0.5195309646821861,0.80254877185543,-0.8181462131697154,0.5209684446590294,0.17961858359529514,0.2775678399227396,-0.45039600361987325,0.17961858359529514,0.9423625045751439,0
SESSION,B1,,0.95,0.95,1.0,29,0.9689320924994301,0.9521202575080241,0.14487987020254903,0.9689320924994301,0.5126573666827561,0.7903926105605393,-0.8183614787732567,0.5127425315883547,0.17472662117258414,0.2693234554000935,-0.4435518582038388,0.17472662117258414,0.9434338795389189,0
SESSION,B1,,0.95,0.95,1.1,29,0.9692746367300424,0.9527524594527582,0.14357043200588385,0.9692746367300424,0.5099193520611629,0.7845075177385936,-0.8181801684061971,0.5099193520611629,0.17312699970586384,0.266273697528531,-0.4411605168506681,0.17312699970586384,0.9437674094476727,0
SESSION,B1,,0.95,0.95,1.2,29,0.969518952762847,0.9532169128862,0.14263040102046465,0.969518952762847,0.5078995226959155,0.7799985544369549,-0.8179308965462266,0.5078995226959155,0.1719807312840012,0.2640156036902845,-0.43941180163671456,0.1719807312840012,0.9440052961111931,0
SESSION,B1,,0.95,0.95,1.3,29,0.9705168036872341,0.9545430708997091,0.13873259887302786,0.9705168036872341,0.4994925814733734,0.7706499903803609,-0.8155032925563529,0.4994925814733734,0.1673311519287393,0.25805529997212967,-0.4319086211986535,0.1673311519287393,0.9449768878007277,0
SESSION,B1,,0.95,0.95,1.4,29,0.9712598527200849,0.9555505754334123,0.13588882071565633,0.9712598527200849,0.4937184250464264,0.7636536012438249,-0.814670759458997,0.4937184250464264,0.16396111800128296,0.25358963528766515,-0.4268022245425561,0.16396111800128296,0.9457003829116616,0
SESSION,B1,,0.95,0.95,1.5,29,0.971479243932623,0.9557629566574084,0.13506032324620057,0.971479243932623,0.4921456312378584,0.7631170183211546,-0.8147938030809102,0.4923762192274037,0.16301464270358818,0.25282961628211625,-0.4254695442798558,0.16301464270358818,0.9459140006712383,0
SESSION,B1,,0.95,0.95,1.6,29,0.9725771348646466,0.9573087297424943,0.13090943639493144,0.9725771348646466,0.48436678715013065,0.7535737864989243,-0.8137055981677527,0.484488374184569,0.1582048985493299,0.24623985835482592,-0.41837494604245523,0.1582048985493299,0.9469829997366295,0
SESSION,B1,,0.95,0.95,1.7,29,0.9733688309876404,0.9583838858809745,0.12773932729473975,0.9733688309876404,0.4769031179344264,0.744344593297604,-0.8108047172944362,0.4773065538856065,0.1543951346653455,0.24118459086605912,-0.4118328649373902,0.1543951346653455,0.9477538617511234,0
SESSION,B1,,0.95,0.95,1.8,29,0.9735573421365585,0.9585280892141573,0.12703299144676147,0.9735573421365585,0.4764151130352101,0.7464142753892282,-0.8105512902103146,0.4764151130352101,0.1536603813482574,0.24090429508433775,-0.41077650447419106,0.1536603813482574,0.9479374120803332,0
SESSION,B1,,0.95,0.95,1.9,29,0.9741232834166846,0.9594005067912147,0.12486551792842603,0.9741232834166846,0.4718626562831582,0.7395467957659299,-0.809685508143963,0.4718626562831582,0.1510763606990237,0.23694107346221335,-0.4068198205276828,0.1510763606990237,0.9484884601688771,0
SESSION,B1,,0.98,0.98,0.5,29,0.9846141523072136,0.9761408325376538,0.08182513717168641,0.9846141523072136,0.5844848697716342,0.9058427524930986,-0.9035459399772943,0.5868625398330377,0.2308569345905113,0.35808012497665886,-0.5782637034890914,0.2308569345905113,0.9745670691204055,0
SESSION,B1,,0.98,0.98,0.6,29,0.9857018702695111,0.9779611742752785,0.07701960798516773,0.9857018702695111,0.5700930502923636,0.8795522583462553,-0.9039530060727108,0.5700930502923636,0.2184418989472865,0.33682394076474914,-0.5607792066337157,0.2184418989472865,0.975643687919822,0
SESSION,B1,,0.98,0.98,0.7,29,0.9861288983251906,0.9785861732853618,0.07492815001968237,0.9861288983251906,0.5545981806801453,0.8564039955464267,-0.9001219474067369,0.5594347340555038,0.21230317466648205,0.32784352597357364,-0.5495978685219103,0.21230317466648205,0.9760663585463621,0
SESSION,B1,,0.98,0.98,0.8,29,0.9864766617544375,0.9791109884795849,0.07346755549690437,0.9864766617544375,0.5535786802073805,0.8546062079332274,-0.9015182652139904,0.5555153849111498,0.20883476007377003,0.32263453129865893,-0.5455700031343892,0.20883476007377003,0.9764105733691879,0
SESSION,B1,,0.98,0.98,0.9,29,0.9872658450001393,0.9803278886249986,0.06982473207573478,0.9872658450001393,0.5389650482267723,0.8325724660057193,-0.8972982663174593,0.5404025282036155,0.19905266713988115,0.30759153407302864,-0.5295480567676173,0.19905266713988115,0.9771917037246278,0
SESSION,B1,,0.98,0.98,1.0,29,0.9877096716662689,0.981059284134356,0.06779021354468437,0.9877096716662689,0.5314349458495947,0.8193316371868715,-0.8954511354311214,0.5315201107551933,0.1935042003394228,0.29826248202642547,-0.5206415148617035,0.1935042003394228,0.9776310015472255,0
SESSION,B1,,0.98,0.98,1.1,29,0.9878471283420811,0.9813123967972671,0.06714612430600414,0.9878471283420811,0.5284918436732018,0.8130674550831027,-0.8946044761060766,0.5284918436732018,0.19169949131790262,0.29483363487304004,-0.5175848245505479,0.19169949131790262,0.9777670556038969,0
SESSION,B1,,0.98,0.98,1.2,29,0.9879451073985465,0.981498183696214,0.06668458560207342,0.9879451073985465,0.526325677331615,0.808279825246969,-0.893876711964618,0.526325677331615,0.1904068859197006,0.2922968745002986,-0.515357617055106,0.1904068859197006,0.9778640348740715,0
SESSION,B1,,0.98,0.98,1.3,29,0.9883457954103618,0.9820320644359517,0.06477474541697277,0.9883457954103618,0.5173215731965013,0.7981389839166034,-0.8894611460124081,0.5173215731965013,0.1851601436518671,0.28554429350837224,-0.5058664746547086,0.1851601436518671,0.9782606342327053,0
SESSION,B1,,0.98,0.98,1.4,29,0.9886448500093967,0.9824382070003594,0.06337278396558768,0.9886448500093967,0.5111034223357381,0.790541232810772,-0.8871867962090655,0.5111034223357381,0.18134611529059466,0.28047726685461244,-0.49931826129262474,0.18134611529059466,0.9785566372541987,0
SESSION,B1,,0.98,0.98,1.5,29,0.9887334028709875,0.9825248931484477,0.062961868315865,0.9887334028709875,0.5093997901762229,0.789878954812194,-0.8868922580112458,0.5096303781657683,0.18026880164195264,0.2795915527731556,-0.49756799921019146,0.18026880164195264,0.9786442865151612,0
SESSION,B1,,0.98,0.98,1.6,29,0.9891767485827497,0.983150312116347,0.060904778767713885,0.9891767485827497,0.5009664008682339,0.7794153688727768,-0.8837102557949702,0.5010879879026722,0.17480451226743315,0.27208144072867857,-0.48837960366967276,0.17480451226743315,0.979083108291089,0
SESSION,B1,,0.98,0.98,1.7,29,0.9894936817285097,0.9835814092628138,0.059362860382963734,0.9894936817285097,0.49302796867529575,0.7695421166794435,-0.8791811842062123,0.49343140462647583,0.17051998540621488,0.26638211424789854,-0.4802093318491661,0.17051998540621488,0.9793968074251574,0
SESSION,B1,,0.98,0.98,1.8,29,0.9895704817867345,0.9836420774150285,0.05900930782715174,0.9895704817867345,0.4924282526853863,0.7715282635900994,-0.8785749738299239,0.4924282526853863,0.16967352099843358,0.266018283285209,-0.47880018809380076,0.16967352099843358,0.9794728238093187,0
SESSION,B1,,0.98,0.98,1.9,29,0.9897981818119532,0.9839932187535002,0.057941445590282734,0.9897981818119532,0.48753755467842685,0.7641395077282156,-0.8766095804821062,0.48753755467842685,0.16675125909429228,0.2615337854244988,-0.4737438928658261,0.16675125909429228,0.9796982003648925,0
SESSION,B1,,0.99,0.99,0.5,29,0.9923240012139926,0.9880967501614929,0.04570759538469633,0.9923240012139926,0.592194718678413,0.9177986701169377,-0.9396634817642842,0.5945723887398165,0.23856678349729013,0.3700360426004978,-0.6143812452760815,0.23856678349729013,0.9873122638341238,0
SESSION,B1,,0.99,0.99,0.6,29,0.9928706928485103,0.9890111623147085,0.04294243068411007,0.9928706928485103,0.5772618728713627,0.8906022463856854,-0.9380301833737682,0.5772618728713627,0.22561072152628567,0.3478739288041793,-0.5948563839347734,0.22561072152628567,0.9878561943997803,0
SESSION,B1,,0.99,0.99,0.7,29,0.9930835188122318,0.9893226194386857,0.0417627966390207,0.9930835188122318,0.5615528011671864,0.8671404416997508,-0.9332873007873985,0.566389354542545,0.21925779515352325,0.3385799721268978,-0.5827632219025719,0.21925779515352325,0.9880679454848974,0
SESSION,B1,,0.99,0.99,0.8,29,0.9932590836695806,0.989587602321778,0.04091312346668679,0.9932590836695806,0.5603611021225239,0.8650828217754204,-0.9340726972442077,0.562297806826293,0.21561718198891333,0.3331111451408521,-0.578124435164607,0.21561718198891333,0.9882426236510473,0
SESSION,B1,,0.99,0.99,0.9,29,0.9936547560400015,0.9901977596683786,0.038833611310999584,0.9936547560400015,0.5453539592666344,0.8424423370490991,-0.9282893870821944,0.5467914392434776,0.2054415781797434,0.31746140511640875,-0.5605391775323525,0.2054415781797434,0.9886362976761632,0
SESSION,B1,,0.99,0.99,1.0,29,0.9938772633700631,0.9905642545612883,0.03767131104874179,0.9938772633700631,0.5376025375533892,0.8288366076138035,-0.9255700379270639,0.5376877024589878,0.19967179204321722,0.30776745245335785,-0.550760417357646,0.19967179204321722,0.9888576812318306,0
SESSION,B1,,0.99,0.99,1.1,29,0.9939460563515471,0.9906908376604143,0.03730490803922386,0.9939460563515471,0.5345907716826679,0.8224458959462498,-0.9244456923728567,0.5345907716826679,0.1977984193273687,0.3042120757361872,-0.5474260408173282,0.1977984193273687,0.9889261267740144,0
SESSION,B1,,0.99,0.99,1.2,29,0.9939950815720715,0.9907837228657662,0.037042575564021116,0.9939950815720715,0.5323756515051403,0.8175653644165212,-0.9235187220026703,0.5323756515051403,0.1964568600932259,0.3015824136698507,-0.5449996270931582,0.1964568600932259,0.9889749043924149,0
SESSION,B1,,0.99,0.99,1.3,29,0.994195662050782,0.9910511968011723,0.03595826213064028,0.994195662050782,0.5231714398369217,0.8071581162818242,-0.9182776292987406,0.5231714398369217,0.1910100102922876,0.294563425873593,-0.5346829579410411,0.1910100102922876,0.9891744718384046,0
SESSION,B1,,0.99,0.99,1.4,29,0.994345477791627,0.9912547645096494,0.035160097211702525,0.994345477791627,0.516804050117968,0.799357790320062,-0.9153994829629507,0.516804050117968,0.18704674307282468,0.28929382436390233,-0.5275309480465099,0.18704674307282468,0.9893235309340933,0
SESSION,B1,,0.99,0.99,1.5,29,0.9943898788912272,0.9912983829474624,0.034925612217992494,0.9943898788912272,0.5150562661964625,0.7986524446112085,-0.914928514109118,0.5152868541860078,0.1859252776621923,0.2883650425721701,-0.5256042553080639,0.1859252776621923,0.9893677077857158,0
SESSION,B1,,0.99,0.99,1.6,29,0.9946122258705716,0.9916122385512738,0.03375183200443726,0.9946122258705716,0.5064018781560558,0.7878772953077037,-0.9108632025582468,0.5065234651904941,0.180239989555255,0.28054336716360545,-0.5155325504329494,0.180239989555255,0.989588931800518,0
SESSION,B1,,0.99,0.99,1.7,29,0.9947707185381518,0.9918279325473219,0.03287935618952137,0.9947707185381518,0.498305005484938,0.7777886399639514,-0.9056646883996544,0.49870844143611814,0.1757970222158571,0.2746286375324065,-0.5066928360426084,0.1757970222158571,0.9897466240000804,0
SESSION,B1,,0.99,0.99,1.8,29,0.9948093454846687,0.9918587530648764,0.03267687758655877,0.9948093454846687,0.49766711638332023,0.7797449392399473,-0.9049074040705172,0.49766711638332023,0.17491238469636755,0.27423495893505684,-0.5051326183343936,0.17491238469636755,0.9897850558610085,0
SESSION,B1,,0.99,0.99,1.9,29,0.9949234040914369,0.9920346670987334,0.0320690416480203,0.9949234040914369,0.4926627769579107,0.7721809560734488,-0.9024819844243687,0.4926627769579107,0.17187648137377615,0.26957523376973225,-0.4996162968080885,0.17187648137377615,0.9898985384142077,0
SESSION,B1,,1.0,1.00,0.5,29,1.0,1.0,0.0,1.0,0.5998707174644206,0.9297019199554447,-0.9853710771489806,0.602248387525824,0.24624278228329755,0.38193929243900493,-0.6600888406607779,0.24624278228329755,1.0,0
SESSION,B1,,1.0,1.00,0.6,29,1.0,1.0,0.0,1.0,0.5843911800228523,0.9015910840709769,-0.9809726140578785,0.5843911800228523,0.23274002867777543,0.35886276648947063,-0.6377988146188833,0.23274002867777543,1.0,0
SESSION,B1,,1.0,1.00,0.7,29,1.0,1.0,0.0,1.0,0.5684692823549548,0.877817822261065,-0.9750500974264193,0.5733058357303129,0.22617427634129145,0.349257352688212,-0.6245260185415924,0.22617427634129145,1.0,0
SESSION,B1,,1.0,1.00,0.8,29,1.0,1.0,0.0,1.0,0.5671020184529432,0.8754952194536426,-0.9749858207108946,0.5690387231567123,0.22235809831933256,0.34352354281907393,-0.6190375586312936,0.22235809831933256,1.0,0
SESSION,B1,,1.0,1.00,0.9,29,1.0,1.0,0.0,1.0,0.5516992032266328,0.8522445773807202,-0.9671229983931944,0.5531366832034761,0.21178682213974184,0.32726364544803,-0.599372788843352,0.21178682213974184,1.0,0
SESSION,B1,,1.0,1.00,1.0,29,1.0,1.0,0.0,1.0,0.5437252741833258,0.8382723530525155,-0.9632413489758058,0.5438104390889246,0.205794528673154,0.3172031978920695,-0.5884317284063878,0.205794528673154,1.0,0
SESSION,B1,,1.0,1.00,1.1,29,1.0,1.0,0.0,1.0,0.5406447153311206,0.8317550582858353,-0.9617506004120808,0.5406447153311206,0.20385236297582143,0.3135212380757727,-0.584730948856552,0.20385236297582143,1.0,0
SESSION,B1,,1.0,1.00,1.2,29,1.0,1.0,0.0,1.0,0.5383805699330686,0.826781641550755,-0.9605612975666914,0.5383805699330686,0.20246177852115418,0.3107986908040845,-0.5820422026571792,0.20246177852115418,1.0,0
SESSION,B1,,1.0,1.00,1.3,29,1.0,1.0,0.0,1.0,0.5289757777861395,0.816106919480652,-0.9542358914293809,0.5289757777861395,0.19681434824150532,0.30351222907242065,-0.5706412200716812,0.19681434824150532,1.0,0
SESSION,B1,,1.0,1.00,1.4,29,1.0,1.0,0.0,1.0,0.5224585723263414,0.8081030258104127,-0.9505595801746533,0.5224585723263414,0.19270126528119796,0.29803905985425294,-0.5626910452582125,0.19270126528119796,1.0,0
SESSION,B1,,1.0,1.00,1.5,29,1.0,1.0,0.0,1.0,0.5206663873052355,0.8073540616637461,-0.9498541263271106,0.5208969752947807,0.1915353987709652,0.29706665962470774,-0.5605298675260564,0.1915353987709652,1.0,0
SESSION,B1,,1.0,1.00,1.6,29,1.0,1.0,0.0,1.0,0.5117896522854841,0.79626505675643,-0.9446150345626839,0.5119112393199226,0.1856277636846834,0.2889311286123316,-0.5492843824373866,0.1856277636846834,1.0,0
SESSION,B1,,1.0,1.00,1.7,29,1.0,1.0,0.0,1.0,0.5035342869467861,0.7859607074166296,-0.9385440445891757,0.5039377228979662,0.18102630367770522,0.28280070498508475,-0.5395721922321298,0.18102630367770522,1.0,0
SESSION,B1,,1.0,1.00,1.8,29,1.0,1.0,0.0,1.0,0.5028577708986517,0.7878861861750711,-0.937584281657076,0.5028577708986517,0.18010303921169893,0.28237620587018064,-0.5378094959209525,0.18010303921169893,1.0,0
SESSION,B1,,1.0,1.00,1.9,29,1.0,1.0,0.0,1.0,0.4977393728664737,0.7801462889747153,-0.9345510260723889,0.4977393728664737,0.17695307728233914,0.27754056667099875,-0.5316853384561088,0.17695307728233914,1.0,0
SESSION,B2,,0.3333333333333333,0.333333,0.5,29,0.41272258538078616,0.09457156444777971,0.9825823519836574,0.40427973330404454,-4.402608545927345e-17,-5.3596973602593766e-17,1.914177628664063e-17,-5.3596973602593766e-17,-0.3452809428230658,-0.5307164791732312,0.3304904332186778,-0.3537237948998075,7.372191723373878e-17,29
SESSION,B2,,0.3333333333333333,0.333333,0.6,29,0.42515511738481776,0.10909203191060288,0.9761785334691273,0.42146322442091216,-4.0197730201945323e-17,-5.74253288599219e-17,1.914177628664063e-17,-4.594026308793751e-17,-0.3454424736793104,-0.5347719130263141,0.34584029036686614,-0.349134366643216,7.636170401263551e-17,29
SESSION,B2,,0.3333333333333333,0.333333,0.7,29,0.42938357289380413,0.11861921187228247,0.9742213945514853,0.4264800813548387,-5.16827959739297e-17,-6.508203937457814e-17,0.0,-5.74253288599219e-17,-0.34460934731712506,-0.5318948525498718,0.34990605765086236,-0.34751283885609036,8.759440209888796e-17,29
SESSION,B2,,0.3333333333333333,0.333333,0.8,29,0.4408040370320134,0.13068114642436207,0.9690803193704414,0.4391258180593873,-4.976861834526564e-17,-5.74253288599219e-17,1.5313421029312504e-17,-5.74253288599219e-17,-0.34210026786207043,-0.5314550542432774,0.3606016310361966,-0.34377848683469653,8.10072480066347e-17,29
SESSION,B2,,0.3333333333333333,0.333333,0.9,29,0.44749435787015385,0.14060234447162176,0.96391615685725,0.447384139118115,-5.16827959739297e-17,-6.891039463190627e-17,3.828355257328126e-18,-5.3596973602593766e-17,-0.34045857353735404,-0.5295123750821317,0.36533278593305085,-0.34056879228939296,8.081349741720444e-17,29
SESSION,B2,,0.3333333333333333,0.333333,1.0,29,0.45549171064021665,0.15363024959155244,0.9610087476359112,0.4548515082791661,-6.508203937457814e-17,-7.082457226057034e-17,3.062684205862501e-17,-6.69962170032422e-17,-0.3375320838689043,-0.5245295430081105,0.3715180573295218,-0.33817228622995493,8.000827092610691e-17,29
SESSION,B2,,0.3333333333333333,0.333333,1.1,29,0.46542725154031406,0.16719297756345486,0.9563579716013193,0.4639972423011123,-5.74253288599219e-17,-7.656710514656253e-17,7.656710514656252e-18,-5.933950648858595e-17,-0.33357275725278107,-0.5194622533253005,0.3781398788947348,-0.3350027664919829,9.185992940805997e-17,29
SESSION,B2,,0.3333333333333333,0.333333,1.2,29,0.4723923818742483,0.1790167570312296,0.9530390140743916,0.4708487664379712,-5.933950648858595e-17,-6.891039463190627e-17,1.5313421029312504e-17,-6.125368411725002e-17,-0.33086602471571186,-0.514588993773466,0.3828987093864208,-0.332409640151989,8.192245535466322e-17,29
SESSION,B2,,0.3333333333333333,0.333333,1.3,29,0.4796122919946786,0.1921491346140843,0.9485555856954326,0.478603681264421,-4.976861834526564e-17,-6.891039463190627e-17,6.125368411725002e-17,-5.16827959739297e-17,-0.32817474871764624,-0.509333474786765,0.38732100655466317,-0.3291833594479038,9.341098675826182e-17,29
SESSION,B2,,0.3333333333333333,0.333333,1.4,29,0.4865879988084225,0.201820180646123,0.9447468061366138,0.4860768402463308,-6.891039463190627e-17,-7.656710514656253e-17,2.2970131543968756e-17,-7.082457226057034e-17,-0.3260437015520836,-0.5068153250720068,0.3926072959032727,-0.3265548601141752,9.484575334829015e-17,29
SESSION,B2,,0.3333333333333333,0.333333,1.5,29,0.49442910048189226,0.21203566072139343,0.9394655816987039,0.4938742466527708,-6.316786174591408e-17,-8.422381566121877e-17,3.062684205862501e-17,-6.508203937457814e-17,-0.3230142835449429,-0.5032948931476963,0.39694158213077396,-0.32356913737406434,1.1765416827032333e-16,29
SESSION,B2,,0.3333333333333333,0.333333,1.6,29,0.5004789579374512,0.22174224594292388,0.93583846878533,0.5000510535301013,-5.74253288599219e-17,-7.082457226057034e-17,1.1485065771984378e-17,-5.933950648858595e-17,-0.320537249724381,-0.4992503710544131,0.40038713935273157,-0.3209651541317309,8.798707341530169e-17,29
SESSION,B2,,0.3333333333333333,0.333333,1.7,29,0.507385709469936,0.23575287472975265,0.9323407262406307,0.507385709469936,-6.316786174591408e-17,-8.422381566121877e-17,7.656710514656252e-18,-6.316786174591408e-17,-0.3181216407817231,-0.493521699481398,0.40539621894285105,-0.3181216407817231,1.0292809451723446e-16,29
SESSION,B2,,0.3333333333333333,0.333333,1.8,29,0.5097356456684492,0.24140588608782232,0.931328739311475,0.5097356456684492,-6.125368411725002e-17,-8.039546040389065e-17,3.828355257328126e-17,-6.125368411725002e-17,-0.3171903348182945,-0.49078864482487683,0.4070146507212165,-0.3171903348182945,1.1080145089931442e-16,29
SESSION,B2,,0.3333333333333333,0.333333,1.9,29,0.5142695660051483,0.2461149471194491,0.9281698225210159,0.5142695660051483,-7.656710514656253e-17,-8.996634854721096e-17,2.6798486801296883e-17,-7.656710514656253e-17,-0.3153429710600722,-0.48942373779775694,0.40932393982692084,-0.3153429710600722,1.1196880373635223e-16,29
SESSION,B2,,0.5,0.50,0.5,29,0.5745022613215646,0.3412026657049734,0.882890156647402,0.5745022613215646,0.1617796759407783,0.24663110125719365,-0.09969219533625548,0.17022252801751997,-0.1835012668822875,-0.2840853779160375,0.23079823788242235,-0.1835012668822875,0.2872511306607823,29
SESSION,B2,,0.5,0.50,0.6,29,0.5915906564177564,0.36592196974637686,0.8661831125284442,0.5915906564177564,0.16643553903293867,0.2568299378357739,-0.10999542094068293,0.17012743199684427,-0.17900693464637174,-0.2779419751905402,0.23584486942618316,-0.17900693464637174,0.2957953282088782,29
SESSION,B2,,0.5,0.50,0.7,29,0.5963851530058153,0.37576142928117523,0.8613215991986579,0.5963851530058153,0.16700158011201116,0.25714221740889276,-0.11289979535282738,0.16990507165097649,-0.1776077672051138,-0.2747526351409791,0.23700626229803498,-0.1776077672051138,0.29819257650290765,29
SESSION,B2,,0.5,0.50,0.8,29,0.6087268354142513,0.3911443995146213,0.8487206588198698,0.6087268354142513,0.16792279838223784,0.26046325309025914,-0.12035966055057142,0.16960101735486394,-0.17417746947983256,-0.27099180115301824,0.24024197048562518,-0.17417746947983256,0.30436341770712566,29
SESSION,B2,,0.5,0.50,0.9,29,0.6162049681271754,0.4029592382549055,0.8396011851909875,0.6162049681271754,0.1687106102570216,0.2623568937832837,-0.1243149716662624,0.16882082900906048,-0.17174796328033234,-0.26715548129884803,0.24101781426678848,-0.17174796328033234,0.3081024840635877,29
SESSION,B2,,0.5,0.50,1.0,29,0.6233761796291547,0.41437888528064293,0.8322666334425861,0.6233761796291547,0.167884468988938,0.26074863568909046,-0.12874211419332493,0.16852467134998858,-0.1696476148799663,-0.26378090731902,0.24277594313619677,-0.1696476148799663,0.31168808981457735,29
SESSION,B2,,0.5,0.50,1.1,29,0.6319956331675297,0.4262785369868634,0.822577394177387,0.6319956331675297,0.16656838162721568,0.25908555942340855,-0.13378057742393223,0.1679983908664175,-0.16700437562556533,-0.26037669390189194,0.24435930147080254,-0.16700437562556533,0.31599781658376486,29
SESSION,B2,,0.5,0.50,1.2,29,0.6382886270005731,0.4366918868630088,0.8155058486695339,0.6382886270005731,0.1658962451263247,0.2576751298317791,-0.1375331654048575,0.1674398605626018,-0.16496977958938702,-0.2569138639416868,0.24536554398156338,-0.16496977958938702,0.31914431350028655,29
SESSION,B2,,0.5,0.50,1.3,29,0.6451636399856262,0.4488808635067725,0.8072188734758963,0.6451636399856262,0.1655513479909475,0.25673172889268797,-0.14133671221953623,0.16655995872120502,-0.16262340072669873,-0.2526017458940771,0.24598429433512692,-0.16262340072669873,0.32258181999281316,29
SESSION,B2,,0.5,0.50,1.4,29,0.6521583490112107,0.45907978485559875,0.7993612823223424,0.6521583490112107,0.1655703502027882,0.25725960420947575,-0.14538552381427156,0.16608150876487981,-0.16047335134929536,-0.24955572086253094,0.2472217720890012,-0.16047335134929536,0.32607917450560536,29
SESSION,B2,,0.5,0.50,1.5,29,0.6592626865738428,0.46871945574397433,0.7903913492636145,0.6592626865738428,0.16483358609195042,0.25668379502258076,-0.14907423243508955,0.16538843992107188,-0.15818069745299249,-0.2466110981251154,0.24786734969568433,-0.15818069745299249,0.3296313432869214,29
SESSION,B2,,0.5,0.50,1.6,29,0.6647149989719855,0.4774166018775462,0.7837635646401752,0.6647149989719855,0.16423604103453435,0.2556743559346223,-0.15207490414515468,0.16466394544188423,-0.15630120868984665,-0.24357601511979066,0.24831223520757686,-0.15630120868984665,0.33235749948599275,29
SESSION,B2,,0.5,0.50,1.7,29,0.6713950802595442,0.4901833835046637,0.7762798589899814,0.6713950802595442,0.16400937078960814,0.2544305087749109,-0.15606086725064935,0.16400937078960814,-0.1541122699921149,-0.23909119070648693,0.24933535169220172,-0.1541122699921149,0.3356975401297721,29
SESSION,B2,,0.5,0.50,1.8,29,0.673510148056368,0.4948118482643849,0.7739941566709567,0.673510148056368,0.16377450238791863,0.25340596217656264,-0.1573345826405183,0.16377450238791863,-0.1534158324303758,-0.2373826826483142,0.24968006808069806,-0.1534158324303758,0.33675507402818394,29
SESSION,B2,,0.5,0.50,1.9,29,0.6775620061646602,0.49954679657483086,0.7687626283010416,0.6775620061646602,0.16329244015951197,0.2534318494553816,-0.15940719421997393,0.16329244015951197,-0.15205053090056017,-0.23599188834237528,0.24991674560694688,-0.15205053090056017,0.3387810030823301,29
SESSION,B2,,0.6,0.60,0.5,29,0.6687994489040284,0.48718450545993663,0.7815725865096195,0.6687994489040284,0.2560768635232422,0.39261294101215694,-0.2010097654740379,0.26451971559998383,-0.08920407929982357,-0.13810353816107424,0.1294806677446399,-0.08920407929982357,0.44586629926935223,29
SESSION,B2,,0.6,0.60,0.6,29,0.6841332370863059,0.5096182343450694,0.7610993228723233,0.6841332370863059,0.2589781197014882,0.40052620243446635,-0.21507921059680368,0.26267001266539386,-0.08646435397782219,-0.1342457105918477,0.13076107977006246,-0.08646435397782219,0.456088824724204,29
SESSION,B2,,0.6,0.60,0.7,29,0.6883467899332545,0.5180361891630724,0.7552950665659326,0.6883467899332545,0.25896321703945024,0.3994169772907898,-0.2189263279855526,0.26186670857841565,-0.08564613027767469,-0.132477875259082,0.13097972966530982,-0.08564613027767469,0.4588978599555029,29
SESSION,B2,,0.6,0.60,0.8,29,0.6993060856671205,0.5320631985531554,0.740148263994636,0.6993060856671205,0.25850204863510706,0.40138205212879324,-0.22893205537580552,0.26018026760773316,-0.08359821922696332,-0.13007300211448414,0.13166957566039103,-0.08359821922696332,0.46620405711141366,29
SESSION,B2,,0.6,0.60,0.9,29,0.7057123469178942,0.542184911228225,0.730078581006912,0.7057123469178942,0.25821798904774046,0.4015825667566031,-0.2338375758503376,0.25832820779977933,-0.08224058448961348,-0.12792980832552858,0.1314952100827132,-0.08224058448961348,0.47047489794526287,29
SESSION,B2,,0.6,0.60,1.0,29,0.712014996196137,0.5521998348605023,0.7213076105866814,0.712014996196137,0.2565232855559202,0.39856958526894987,-0.23970113704922963,0.25716348791697075,-0.08100879831298412,-0.1259599577391606,0.13181692028029207,-0.08100879831298412,0.47467666413075793,29
SESSION,B2,,0.6,0.60,1.1,29,0.7195144253383774,0.562731752084006,0.7101499018351419,0.7195144253383774,0.25408717379806334,0.39553877452055114,-0.24620806976617743,0.2555171830372651,-0.0794855834547177,-0.12392347880474937,0.13193180912855737,-0.0794855834547177,0.47967628355891817,29
SESSION,B2,,0.6,0.60,1.2,29,0.7249187195580936,0.571604234318735,0.7020738589538458,0.7249187195580936,0.2525263376838453,0.3925874772875052,-0.2509651551205458,0.25406995312012237,-0.07833968703186651,-0.12200151648596066,0.13193355426587497,-0.07833968703186651,0.4832791463720625,29
SESSION,B2,,0.6,0.60,1.3,29,0.730734532451108,0.5818015748995544,0.6929446254472686,0.730734532451108,0.2511222404564293,0.38965244028547014,-0.2556109602481637,0.2521308511866868,-0.07705250826121693,-0.1196810345012949,0.1317100463064994,-0.07705250826121693,0.4871563549674052,29
SESSION,B2,,0.6,0.60,1.4,29,0.7368114217874421,0.5907267673626602,0.6839295752880781,0.7368114217874421,0.2502234229790195,0.388906586716537,-0.26081723084853575,0.25073458154111106,-0.0758202785730641,-0.1179087383554697,0.131790065054737,-0.0758202785730641,0.4912076145249613,29
SESSION,B2,,0.6,0.60,1.5,29,0.7429090787074597,0.5991222162214123,0.6740983579953009,0.7429090787074597,0.24847997822556728,0.38708655550001886,-0.26536722370340293,0.24903483205468874,-0.07453430531937567,-0.11620833764767736,0.13157435842737097,-0.07453430531937567,0.49527271913830634,29
SESSION,B2,,0.6,0.60,1.6,29,0.7475096779295719,0.6064331956465953,0.666823987515304,0.7475096779295719,0.2470307199921206,0.38469094970367135,-0.26901448127002575,0.2474586243994705,-0.07350652973226034,-0.11455942135074156,0.13137265808270582,-0.07350652973226034,0.49833978528638123,29
SESSION,B2,,0.6,0.60,1.7,29,0.7532254812523882,0.6171341527775407,0.6582983989655642,0.7532254812523882,0.24583977178245198,0.381381278047788,-0.2740423272750664,0.24583977178245198,-0.07228186899927105,-0.11214042143360992,0.1313538916677847,-0.07228186899927105,0.5021503208349254,29
SESSION,B2,,0.6,0.60,1.8,29,0.7550311598533089,0.620950043902564,0.6556761096341057,0.7550311598533089,0.24529551418485954,0.3795441578147417,-0.27565262967736925,0.24529551418485954,-0.07189482063343487,-0.11124448701013517,0.13136202104384712,-0.07189482063343487,0.5033541065688726,29
SESSION,B2,,0.6,0.60,1.9,29,0.7584714335273963,0.6251223020760118,0.6500158655154723,0.7584714335273963,0.24420186752224796,0.3790073549565625,-0.2781539570055433,0.24420186752224796,-0.07114110353782416,-0.11041638284119433,0.13116998282137757,-0.07114110353782416,0.5056476223515975,29
SESSION,B2,,0.7,0.70,0.5,29,0.758003528203852,0.625288043621011,0.6520919187649796,0.758003528203852,0.34528094282306576,0.5307164791732311,-0.3304904332186778,0.3537237948998074,0.0,0.0,0.0,0.0,0.595574200731598,0
SESSION,B2,,0.7,0.70,0.6,29,0.7705975910641282,0.6438639449369169,0.6303382431022609,0.7705975910641282,0.34544247367931036,0.5347719130263141,-0.34584029036686614,0.349134366643216,0.0,0.0,0.0,0.0,0.6054695358361009,0
SESSION,B2,,0.7,0.70,0.7,29,0.7739929202109291,0.6505140644221541,0.624315336900623,0.7739929202109291,0.34460934731712495,0.5318948525498718,-0.34990605765086236,0.3475128388560903,0.0,0.0,0.0,0.0,0.6081372944514443,0
SESSION,B2,,0.7,0.70,0.8,29,0.7829043048940838,0.6621362006676395,0.6084786883342448,0.7829043048940838,0.34210026786207043,0.5314550542432774,-0.3606016310361966,0.34377848683469653,0.0,0.0,0.0,0.0,0.6151390967024944,0
SESSION,B2,,0.7,0.70,0.9,29,0.7879529314075077,0.6701147195537532,0.5985833709241991,0.7879529314075077,0.340458573537354,0.5295123750821316,-0.36533278593305085,0.3405687922893929,0.0,0.0,0.0,0.0,0.6191058746773275,0
SESSION,B2,,0.7,0.70,1.0,29,0.7930237945091212,0.678159792599663,0.5894906903063893,0.7930237945091212,0.33753208386890426,0.5245295430081104,-0.37151805732952176,0.3381722862299549,0.0,0.0,0.0,0.0,0.6230901242571666,0
SESSION,B2,,0.7,0.70,1.1,29,0.7990000087930952,0.6866552308887556,0.5782180927065844,0.7990000087930952,0.33357275725278107,0.5194622533253004,-0.3781398788947348,0.33500276649198285,0.0,0.0,0.0,0.0,0.6277857211945747,0
SESSION,B2,,0.7,0.70,1.2,29,0.8032584065899603,0.6936057508046957,0.5701403046879708,0.8032584065899603,0.3308660247157118,0.514588993773466,-0.3828987093864208,0.3324096401519889,0.0,0.0,0.0,0.0,0.6311316051778257,0
SESSION,B2,,0.7,0.70,1.3,29,0.8077870407123249,0.7014826094008494,0.5612345791407694,0.8077870407123249,0.3281747487176462,0.509333474786765,-0.38732100655466317,0.3291833594479037,0.0,0.0,0.0,0.0,0.634689817702541,0
SESSION,B2,,0.7,0.70,1.4,29,0.8126317003605061,0.7086355057181299,0.552139510233341,0.8126317003605061,0.32604370155208356,0.5068153250720068,-0.3926072959032727,0.32655486011417517,0.0,0.0,0.0,0.0,0.6384963359975405,0
SESSION,B2,,0.7,0.70,1.5,29,0.8174433840268353,0.7153305538690897,0.5425239995679301,0.8174433840268353,0.3230142835449428,0.5032948931476962,-0.39694158213077396,0.3235691373740643,0.0,0.0,0.0,0.0,0.6422769445925135,0
SESSION,B2,,0.7,0.70,1.6,29,0.8210162076618321,0.7209926169973369,0.5354513294325983,0.8210162076618321,0.32053724972438097,0.4992503710544129,-0.40038713935273157,0.3209651541317308,0.0,0.0,0.0,0.0,0.6450841631628682,0
SESSION,B2,,0.7,0.70,1.7,29,0.8255073502516589,0.7292745742111506,0.5269445072977795,0.8255073502516589,0.31812164078172306,0.4935216994813979,-0.40539621894285105,0.31812164078172306,0.0,0.0,0.0,0.0,0.648612918054875,0
SESSION,B2,,0.7,0.70,1.8,29,0.8269259804867438,0.7321945309126993,0.5243140885902586,0.8269259804867438,0.31719033481829445,0.4907886448248768,-0.4070146507212164,0.31719033481829445,0.0,0.0,0.0,0.0,0.6497275560967273,0
SESSION,B2,,0.7,0.70,1.9,29,0.8296125370652206,0.735538684917206,0.5188458826940947,0.8296125370652206,0.31534297106007214,0.4894237377977569,-0.40932393982692084,0.31534297106007214,0.0,0.0,0.0,0.0,0.6518384219798162,0
SESSION,B2,,0.8,0.80,0.5,29,0.8426447222117556,0.7563363129670908,0.4924693663564787,0.8426447222117556,0.4299221368309693,0.661764748519311,-0.49011298562717864,0.4383649889077109,0.08464119400790354,0.13104826934607994,-0.15962255240850085,0.08464119400790354,0.7373141319352862,0
SESSION,B2,,0.8,0.80,0.6,29,0.8516858164201796,0.7697541215205461,0.47249862036315904,0.8516858164201796,0.4265306990353619,0.660662089609943,-0.503679913105968,0.4302225919992675,0.08108822535605145,0.12589017658362894,-0.15783962273910201,0.08108822535605145,0.7452250893676573,0
SESSION,B2,,0.8,0.80,0.7,29,0.8540806731604469,0.7743736528957885,0.4670896118851617,0.8540806731604469,0.42469710026664265,0.6557544410235061,-0.5071317826663236,0.427600591805608,0.08008775294951774,0.12385958847363435,-0.15722572501546123,0.08008775294951774,0.7473205890153912,0
SESSION,B2,,0.8,0.80,0.8,29,0.8604162626212772,0.7827536460328207,0.45276351681226956,0.8604162626212772,0.41961222558926364,0.6520724996084586,-0.5163168025581718,0.42129044456188974,0.07751195772719333,0.12061744536518122,-0.1557151715219753,0.07751195772719333,0.7528642297936174,0
SESSION,B2,,0.8,0.80,0.9,29,0.8639070819720616,0.7882722890768195,0.4442505424180698,0.8639070819720616,0.4164127241019079,0.6476699446051978,-0.51966561443918,0.41652294285394675,0.07595415056455392,0.118157569523066,-0.1543328285061293,0.07595415056455392,0.755918696725554,0
SESSION,B2,,0.8,0.80,1.0,29,0.867473446182203,0.7939237102381356,0.4361090542590716,0.867473446182203,0.41198173554198614,0.6402934606465831,-0.5248996933768396,0.41262193790303675,0.0744496516730819,0.11576391763847263,-0.15338163604731786,0.0744496516730819,0.7590392654094275,0
SESSION,B2,,0.8,0.80,1.1,29,0.8716378323193703,0.7998977281373013,0.42622151245188306,0.8716378323193703,0.40621058077905625,0.6327047505738462,-0.5301364591494362,0.4076405900182581,0.07263782352627525,0.11324249724854582,-0.15199658025470134,0.07263782352627525,0.762683103279449,0
SESSION,B2,,0.8,0.80,1.2,29,0.8745770321018397,0.804673312142336,0.4192053176377869,0.8745770321018397,0.40218465022759137,0.6256565551111064,-0.5338336964366046,0.4037282656638683,0.07131862551187952,0.11106756133764047,-0.15093498705018377,0.07131862551187952,0.7652549030891097,0
SESSION,B2,,0.8,0.80,1.3,29,0.8776735511974101,0.8100263947397003,0.411614200985633,0.8776735511974101,0.39806125920273144,0.6178772601256161,-0.5369413847097996,0.39906986993298904,0.06988651048508523,0.10854378533885095,-0.14962037815513637,0.06988651048508523,0.7679643572977338,0
SESSION,B2,,0.8,0.80,1.4,29,0.881056830565641,0.815041631244087,0.4036294305412619,0.881056830565641,0.3944688317572183,0.613221450597964,-0.541117375595352,0.39497999031930986,0.06842513020513472,0.10640612552595725,-0.14851007969207922,0.06842513020513472,0.7709247267449357,0
SESSION,B2,,0.8,0.80,1.5,29,0.8843873365628636,0.8197129803196258,0.395385939925479,0.8843873365628636,0.38995823608097135,0.6076773195982323,-0.5440796417732249,0.3905130899100928,0.06694395253602846,0.10438242645053608,-0.147138059642451,0.06694395253602846,0.7738389194925058,0
SESSION,B2,,0.8,0.80,1.6,29,0.8868232582573659,0.823565156154134,0.38937789628853176,0.8868232582573659,0.3863443003199147,0.6018229102112099,-0.5464605724967979,0.3867722047272646,0.06580705059553368,0.10257253915679705,-0.14607343314406643,0.06580705059553368,0.7759703509751952,0
SESSION,B2,,0.8,0.80,1.7,29,0.8899163961204346,0.8292032819614006,0.38200377665162,0.8899163961204346,0.3825306866504984,0.5934504072316479,-0.5503369495890106,0.3825306866504984,0.06440904586877537,0.0999287077502501,-0.14494073064615948,0.06440904586877537,0.7786768466053803,0
SESSION,B2,,0.8,0.80,1.8,29,0.890894705086341,0.8311755855603482,0.379711464579466,0.890894705086341,0.38115905941789163,0.5897696994725259,-0.5516172747320092,0.38115905941789163,0.0639687245995972,0.09898105464764911,-0.14460262401079277,0.0639687245995972,0.7795328669505485,0
SESSION,B2,,0.8,0.80,1.9,29,0.8927355449352706,0.8335118213634205,0.3750800876611203,0.8927355449352706,0.37846597893012246,0.5873968742439714,-0.5530897348598954,0.37846597893012246,0.06312300787005037,0.09797313644621437,-0.14376579503297454,0.06312300787005037,0.781143601818362,0
SESSION,B2,,0.9,0.90,0.5,29,0.9231786651620317,0.8810362675789569,0.29352123181169304,0.9231786651620317,0.5104560797812454,0.7864647031311772,-0.6890611201719645,0.5188989318579872,0.16517513695817976,0.2557482239579461,-0.3585706869532865,0.16517513695817976,0.8718909615419189,0
SESSION,B2,,0.9,0.90,0.6,29,0.9279869140641139,0.888206914618794,0.27939104796631853,0.9279869140641139,0.5028317966792961,0.779114882708191,-0.6967874855028087,0.5065236896432017,0.15738932299998573,0.2443429696818769,-0.3509471951359425,0.15738932299998573,0.8764320855049966,0
SESSION,B2,,0.9,0.90,0.7,29,0.929239800115751,0.8905945070857914,0.2756438688316225,0.929239800115751,0.4998562272219468,0.7719752952135089,-0.6985775257198628,0.5027597187609122,0.1552468799048218,0.24008044266363707,-0.34867146806900035,0.1552468799048218,0.8776153667759871,0
SESSION,B2,,0.9,0.90,0.8,29,0.9325774913763099,0.8950580777096551,0.2656531754665544,0.9325774913763099,0.4917734543442964,0.7643769312852929,-0.703427143903887,0.4934516733169225,0.149673186482226,0.2329218770420154,-0.3428255128676904,0.149673186482226,0.8807676307442925,0
SESSION,B2,,0.9,0.90,0.9,29,0.9343707797066049,0.8978943603858388,0.25997465905823025,0.9343707797066049,0.48687642183645125,0.757292015914217,-0.7039414977990197,0.48698664058849006,0.14641784829909726,0.22777964083208535,-0.3386087118659688,0.14641784829909726,0.882461291945127,0
SESSION,B2,,0.9,0.90,1.0,29,0.936229061618046,0.9008362978015763,0.25436256389390893,0.936229061618046,0.48073735097782927,0.7472060482100235,-0.7066461837420022,0.4813775533388799,0.14320526710892498,0.2226765052019133,-0.33512812641248046,0.14320526710892498,0.884216335972599,0
SESSION,B2,,0.9,0.90,1.1,29,0.9383793889239923,0.9039429936042669,0.24767327712815518,0.9383793889239923,0.4729521373836783,0.7367500160408118,-0.7086846944731641,0.4743821466228801,0.13937938013089726,0.2172877627155113,-0.3305448155784292,0.13937938013089726,0.8862472006504373,0
SESSION,B2,,0.9,0.90,1.2,29,0.9398851565935871,0.9063805672502379,0.24296878394673332,0.9398851565935871,0.4674927747193386,0.727363810219008,-0.7100702301276581,0.4690363901556157,0.1366267500036268,0.2127748164455422,-0.32717152074123745,0.1366267500036268,0.88766931456061,0
SESSION,B2,,0.9,0.90,1.3,29,0.9414597642693088,0.9090895421887053,0.2379554511059313,0.9414597642693088,0.46184747227463013,0.7169404075746212,-0.710600134589501,0.4628560830048877,0.13367272355698392,0.2076069327878561,-0.323279128034838,0.13367272355698392,0.889156444032125,0
SESSION,B2,,0.9,0.90,1.4,29,0.9432134523923354,0.911697332097489,0.23253537108004035,0.9432134523923354,0.45662545358391304,0.7098771514513658,-0.7122114350565735,0.4571366121460046,0.13058175203182942,0.20306182637935916,-0.31960413915330066,0.13058175203182942,0.8908127050372057,0
SESSION,B2,,0.9,0.90,1.5,29,0.9449261753420555,0.9141148003931839,0.22705274888687652,0.9449261753420555,0.4504970748601631,0.7020791396717905,-0.7124128328118274,0.4510519286892846,0.1274827913152203,0.1987842465240942,-0.3154712506810535,0.1274827913152203,0.8924302767119414,0
SESSION,B2,,0.9,0.90,1.6,29,0.9461609432905632,0.916064179133267,0.22310027997188026,0.9461609432905632,0.44568198535311204,0.694321933190343,-0.7127381888134497,0.44610988976046195,0.12514473562873102,0.19507156213593033,-0.31235104946071796,0.12514473562873102,0.8935964464410876,0
SESSION,B2,,0.9,0.90,1.7,29,0.9477429743059756,0.9189214349704378,0.2181631620428346,0.9477429743059756,0.44035726483603943,0.6831685602406851,-0.714177564197796,0.44035726483603943,0.12223562405431643,0.18964686075928708,-0.30878134525494494,0.12223562405431643,0.8950905868445326,0
SESSION,B2,,0.9,0.90,1.8,29,0.9482444638028976,0.9199155756195438,0.21661917042512818,0.9482444638028976,0.4385088181344484,0.6785096895317216,-0.7147095688863467,0.4385088181344484,0.121318483316154,0.1877210447068448,-0.3076949181651304,0.121318483316154,0.8955642158138478,0
SESSION,B2,,0.9,0.90,1.9,29,0.949181851140226,0.9211232222417686,0.21357701112665162,0.949181851140226,0.43491228513507785,0.6750082751223194,-0.7145928113943639,0.43491228513507785,0.11956931407500576,0.1855845373245625,-0.30526887156744315,0.11956931407500576,0.8964495260768802,0
SESSION,B2,,0.95,0.95,0.5,29,0.9620308197696852,0.9412001339224871,0.1701031467800231,0.9620308197696852,0.5493082343888988,0.8466285694747075,-0.8124792052036344,0.5577510864656404,0.204027291565833,0.31591209030147627,-0.4819887719849566,0.204027291565833,0.9367142192494302,0
SESSION,B2,,0.95,0.95,0.6,29,0.9645012653267311,0.9448920049162974,0.1611725944342028,0.9645012653267311,0.5393461479419132,0.8357999730056943,-0.8150059390349244,0.5430380409058188,0.19390367426260283,0.30102805997938037,-0.46916564866805827,0.19390367426260283,0.9391196530812908,0
SESSION,B2,,0.95,0.95,0.7,29,0.9651399757754914,0.9461028855451018,0.15882977214641802,0.9651399757754914,0.5357564028816874,0.8274836736728193,-0.8153916224050674,0.5386598944206527,0.19114705556456235,0.29558882112294765,-0.46548556475420483,0.19114705556456235,0.939741555360347,0
SESSION,B2,,0.95,0.95,0.8,29,0.9668468938094938,0.9483962538308743,0.15256442690653116,0.9668468938094938,0.5260428567774805,0.8177151074065122,-0.8165158924639103,0.5277210757501065,0.18394258891541015,0.2862600531632349,-0.45591426142771374,0.18394258891541015,0.9414035544987176,0
SESSION,B2,,0.95,0.95,0.9,29,0.9677532447177086,0.9498301037984854,0.1490821623359793,0.9677532447177086,0.5202588868475551,0.8092277593268637,-0.8148339945212706,0.5203691055995938,0.17980031331020108,0.2797153842447319,-0.44950120858821985,0.17980031331020108,0.9422860540672428,0
SESSION,B2,,0.95,0.95,1.0,29,0.9686983218486438,0.9513256958442748,0.1455856463654991,0.9686983218486438,0.513206611208427,0.7976954462527224,-0.815423101270412,0.5138468135694775,0.17567452733952263,0.2731659032446119,-0.4439050439408904,0.17567452733952263,0.9432062607473632,0
SESSION,B2,,0.95,0.95,1.1,29,0.9697870350059677,0.9529033261676407,0.1414589401160354,0.9697870350059677,0.5043597834656536,0.7857103486041858,-0.814899031485284,0.5057897927048554,0.1707870262128725,0.2662480952788854,-0.436759152590549,0.1707870262128725,0.9442663235584421,0
SESSION,B2,,0.95,0.95,1.2,29,0.9705468600508212,0.9541313839318818,0.1385686843185579,0.9705468600508212,0.49815447817657277,0.7751146269006521,-0.8144703297558336,0.49969809361284984,0.16728845346086094,0.26052563312718624,-0.43157162036941277,0.16728845346086094,0.9450061532073782,0
SESSION,B2,,0.95,0.95,1.3,29,0.9713389531227892,0.9554913063865144,0.135510338109007,0.9713389531227892,0.4917266611281105,0.7633421717724301,-0.8130452475864255,0.49273527185836796,0.16355191241046418,0.25400869698566503,-0.4257242410317623,0.16355191241046418,0.9457774017248209,0
SESSION,B2,,0.95,0.95,1.4,29,0.9722290606067628,0.9568166958055389,0.13215715669167524,0.9722290606067628,0.4856410617983403,0.7549965151594157,-0.8125896494449387,0.4861522203604319,0.15959736024625665,0.24818119008740896,-0.4199823535416658,0.15959736024625665,0.9466440853276373,0
SESSION,B2,,0.95,0.95,1.5,29,0.9730951848838153,0.9580425007789072,0.12880034491578243,0.9730951848838153,0.47866608440192304,0.7460068400575138,-0.8106652367829216,0.47922093823104456,0.15565180085698013,0.2427119469098176,-0.4137236546521476,0.15565180085698013,0.947487416860557,0
SESSION,B2,,0.95,0.95,1.6,29,0.9737152670696534,0.9590207445323393,0.12639479397323533,0.9737152670696534,0.47323630913220216,0.7372784985894153,-0.8094436748120946,0.47366421353955207,0.1526990594078212,0.23802812753500238,-0.409056535459363,0.1526990594078212,0.9480911810941363,0
SESSION,B2,,0.95,0.95,1.7,29,0.9745130473403422,0.9604559298906513,0.12336322954473707,0.9745130473403422,0.467127337870406,0.7247030551608986,-0.8089774966958935,0.467127337870406,0.149005697088683,0.23118135567950054,-0.4035812777530424,0.149005697088683,0.9488679671471753,0
SESSION,B2,,0.95,0.95,1.8,29,0.9747662805542459,0.9609542811800115,0.12241169390860207,0.9747662805542459,0.4650306348857966,0.7195483950921893,-0.8089170454028728,0.4650306348857966,0.14784030006750218,0.22875975026731224,-0.4019023946816566,0.14784030006750218,0.949114536329134,0
SESSION,B2,,0.95,0.95,1.9,29,0.9752380351149214,0.9615659016280959,0.12056166973455394,0.9752380351149214,0.4609684691097732,0.7154509545086465,-0.8076081527864617,0.4609684691097732,0.14562549804970096,0.2260272167108897,-0.39828421295954086,0.14562549804970096,0.9495738762961078,0
SESSION,B2,,0.98,0.98,0.5,29,0.9849155655412983,0.9766395175152833,0.08040767605512755,0.9849155655412983,0.5721929801605121,0.8820679530675036,-0.90217467592853,0.5806358322372538,0.2269120373374463,0.3513514738942724,-0.5716842427098521,0.2269120373374463,0.9748654067092444,0
SESSION,B2,,0.98,0.98,0.6,29,0.9859190165722009,0.9781408150352646,0.07591722818374715,0.9859190165722009,0.5607638991873833,0.8690487831246614,-0.9002613052853797,0.564455792151289,0.21532142550807296,0.3342768700983474,-0.5544210149185139,0.21532142550807296,0.9758586184439133,0
SESSION,B2,,0.98,0.98,0.7,29,0.98617726473365,0.9786290010295007,0.07474771444733128,0.98617726473365,0.5567936918398456,0.8600097891572183,-0.899473680104154,0.559697183378811,0.2121843445227206,0.32811493660734636,-0.5495676224532916,0.2121843445227206,0.9761142314200413,0
SESSION,B2,,0.98,0.98,0.8,29,0.9868686640655931,0.979560345457128,0.07161483245962601,0.9868686640655931,0.5460646270335796,0.8488791990327659,-0.8974654869108154,0.5477428460062057,0.2039643591715092,0.31742414478948844,-0.5368638558746188,0.2039643591715092,0.9767985756567605,0
SESSION,B2,,0.98,0.98,0.9,29,0.9872332805421863,0.9801372595900012,0.06990047925882449,0.9872332805421863,0.5397389226720325,0.8395349151183794,-0.8940156775984254,0.5398491414240713,0.19928034913467857,0.31002254003624763,-0.5286828916653746,0.19928034913467857,0.977159471557062,0
SESSION,B2,,0.98,0.98,1.0,29,0.9876148116548727,0.9807408994114698,0.06816001900754239,0.9876148116548727,0.5321231010146561,0.8271106498199173,-0.8928487286283688,0.5327633033757067,0.19459101714575175,0.30258110681180683,-0.5213306712988469,0.19459101714575175,0.9775371094951291,0
SESSION,B2,,0.98,0.98,1.1,29,0.9880531524101689,0.9813771366910491,0.06612061319502362,0.9880531524101689,0.5226259008698546,0.8141841591275941,-0.8902373584062957,0.5240559101090564,0.18905314361707362,0.29472190580229357,-0.5120974795115608,0.18905314361707362,0.9779709773855753,0
SESSION,B2,,0.98,0.98,1.2,29,0.9883585184569805,0.9818702383351767,0.06469584280064265,0.9883585184569805,0.5159661365827322,0.8028534813039472,-0.8883431712737488,0.5175097520190093,0.18510011186702052,0.2882644875304812,-0.5054444618873281,0.18510011186702052,0.9782732274523176,0
SESSION,B2,,0.98,0.98,1.3,29,0.9886763130417257,0.9824152273847973,0.0631953158684467,0.9886763130417257,0.5090640210470471,0.790266092770713,-0.8853602698269859,0.5100726317773046,0.1808892723294008,0.2809326179839478,-0.4980392632723226,0.1808892723294008,0.9785877792351774,0
SESSION,B2,,0.98,0.98,1.4,29,0.9890352898316384,0.9829501475459306,0.06153420521836581,0.9890352898316384,0.5024472910232158,0.7811299668998075,-0.8832126009182479,0.5029584495853074,0.17640358947113224,0.2743146418278008,-0.49060530501497535,0.17640358947113224,0.9789430929966216,0
SESSION,B2,,0.98,0.98,1.5,29,0.9893838503334923,0.9834441926456973,0.05988384164857578,0.9893838503334923,0.49495474985159993,0.7714085319243035,-0.8795817400501281,0.4955096036807214,0.1719404663066569,0.26811363877660754,-0.4826401579193542,0.1719404663066569,0.9792880967586606,0
SESSION,B2,,0.98,0.98,1.6,29,0.9896323684100613,0.983836098693434,0.058705680431832975,0.9896323684100613,0.48915341047261,0.7620938527505101,-0.877132788353497,0.48958131487995993,0.16861616074822908,0.26284348169609717,-0.47674564900076527,0.16861616074822908,0.9795340789364895,0
SESSION,B2,,0.98,0.98,1.7,29,0.9899528749799864,0.9844114230330168,0.05721155474458784,0.9899528749799864,0.4825671655100502,0.7486585483032638,-0.8751291714960427,0.4825671655100502,0.16444552472832716,0.2551368488218662,-0.4697329525531918,0.16444552472832716,0.9798513150312108,0
SESSION,B2,,0.98,0.98,1.8,29,0.9900546999106752,0.9846109933120235,0.05674122460394369,0.9900546999106752,0.48031905424222593,0.7432051072242011,-0.8745875147075314,0.48031905424222593,0.16312871942393148,0.25241646239932425,-0.46757286398631487,0.16312871942393148,0.9799521009319949,0
SESSION,B2,,0.98,0.98,1.9,29,0.9902440078426108,0.9848572841728885,0.055836013205181494,0.9902440078426108,0.47597444183746257,0.7387423370534394,-0.8723338093158342,0.47597444183746257,0.16063147077739043,0.24931859925568242,-0.4630098694889134,0.16063147077739043,0.9801394771503393,0
SESSION,B2,,0.99,0.99,0.5,29,0.9924747691199002,0.9883459951292352,0.04490176210330928,0.9924747691199002,0.579752183739114,0.8937744306814553,-0.9376805898803482,0.5881950358158556,0.23447124091604818,0.36305795150822423,-0.6071901566616704,0.23447124091604818,0.9874622702859611,0
SESSION,B2,,0.99,0.99,0.6,29,0.9929789891663363,0.9891006545646654,0.042322969218804435,0.9929789891663363,0.5678238717815186,0.8800086226540625,-0.9338555642503227,0.5715157647454243,0.22238139810220825,0.34523670962774833,-0.5880152738834565,0.22238139810220825,0.9879639437665066,0
SESSION,B2,,0.99,0.99,0.7,29,0.9931085597908458,0.9893453656821104,0.04165331824182106,0.9931085597908458,0.5637249868970419,0.8707261538098279,-0.9325680763096643,0.5666284784360073,0.21911563957991684,0.3388313012599559,-0.5826620186588019,0.21911563957991684,0.9880928599939225,0
SESSION,B2,,0.99,0.99,0.8,29,0.9934556582152104,0.9898133088451606,0.03985852943219573,0.9934556582152104,0.552651621183197,0.8591321624207985,-0.9292217899382457,0.5543298401558231,0.21055135332112668,0.3276771081775211,-0.5686201589020491,0.21055135332112668,0.9884382053959418,0
SESSION,B2,,0.99,0.99,0.9,29,0.9936382926606193,0.9901022973145804,0.03888305675260445,0.9936382926606193,0.5461439347904655,0.8494999528429585,-0.9250331001046456,0.5462541535425044,0.20568536125311151,0.319987577760827,-0.5597003141715946,0.20568536125311151,0.9886199174451618,0
SESSION,B2,,0.99,0.99,1.0,29,0.99382961601497,0.9904049777864236,0.0378878201664595,0.99382961601497,0.5383379053747531,0.8367747281948709,-0.9231209274694516,0.5389781077358038,0.20080582150584883,0.3122451851867605,-0.5516028701399298,0.20080582150584883,0.9888102745199445,0
SESSION,B2,,0.99,0.99,1.1,29,0.9940492311201932,0.9907239100153491,0.0367254708287144,0.9940492311201932,0.5286219795798792,0.823530932451894,-0.9196325007726047,0.530051988819081,0.19504922232709818,0.3040686791265937,-0.5414926218778701,0.19504922232709818,0.9890287804579702,0
SESSION,B2,,0.99,0.99,1.2,29,0.994202135749919,0.9909707472336621,0.035914188341024826,0.994202135749919,0.5218097538756705,0.8119539902024325,-0.9171248257333668,0.5233533693119475,0.19094372915995875,0.2973649964289665,-0.534226116346946,0.19094372915995875,0.989180912842091,0
SESSION,B2,,0.99,0.99,1.3,29,0.9943611779577964,0.9912433901436357,0.03506151927898465,0.9943611779577964,0.5147488859631176,0.7990942555295513,-0.9134940664164477,0.5157574966933752,0.18657413724547142,0.28976078074278616,-0.5261730598617846,0.18657413724547142,0.9893391518064945,0
SESSION,B2,,0.99,0.99,1.4,29,0.9945411359367301,0.991511613625519,0.034113715804993686,0.9945411359367301,0.5079531371283077,0.7896914329793957,-0.91063309033162,0.5084642956903993,0.18190943557622408,0.28287610790738915,-0.5180257944283473,0.18190943557622408,0.9895182009067467,0
SESSION,B2,,0.99,0.99,1.5,29,0.9947157499728181,0.9917592276552581,0.03317535422042258,0.9947157499728181,0.5002866494909258,0.7797235669338647,-0.9062902274782815,0.5008415033200473,0.17727236594598283,0.2764286737861685,-0.5093486453475076,0.17727236594598283,0.9896919330537635,0
SESSION,B2,,0.99,0.99,1.6,29,0.9948400774251445,0.9919552633689,0.03250639948862365,0.9948400774251445,0.49436111948769323,0.7702130174259759,-0.9033320692967062,0.49478902389504315,0.17382386976331224,0.27096264637156303,-0.5029449299439747,0.17382386976331224,0.9898156325896639,0
SESSION,B2,,0.99,0.99,1.7,29,0.9950005454698473,0.9922431090740048,0.03165564060424454,0.9950005454698473,0.48761483599991123,0.7564902343442523,-0.900685085636386,0.48761483599991123,0.1694931952181882,0.2629685348628544,-0.495288866693535,0.1694931952181882,0.9899752901896965,0
SESSION,B2,,0.99,0.99,1.8,29,0.9950515414593697,0.992342926536322,0.03138745885133595,0.9950515414593697,0.4853158957909204,0.7509370404484995,-0.899941280460139,0.4853158957909204,0.16812556097262588,0.26014839562362274,-0.49292662973892265,0.16812556097262588,0.9900260286237162,0
SESSION,B2,,0.99,0.99,1.9,29,0.9951462865509569,0.9924663280766961,0.030873833361093405,0.9951462865509569,0.4808767205458087,0.7463513809572467,-0.8972959891599221,0.4808767205458087,0.16553374948573663,0.2569276431594899,-0.4879720493330014,0.16553374948573663,0.99012029520474,0
SESSION,B2,,1.0,1.00,0.5,29,1.0,1.0,0.0,1.0,0.5872774146192138,0.9054284355522203,-0.9825823519836573,0.5957202666959553,0.241996471796148,0.37471195637898913,-0.6520919187649796,0.241996471796148,1.0,0
SESSION,B2,,1.0,1.00,0.6,29,1.0,1.0,0.0,1.0,0.5748448826151822,0.890907968089397,-0.9761785334691273,0.5785367755790877,0.2294024089358718,0.35613605506308305,-0.6303382431022609,0.2294024089358718,1.0,0
SESSION,B2,,1.0,1.00,0.7,29,1.0,1.0,0.0,1.0,0.5706164271061959,0.8813807881277174,-0.9742213945514853,0.5735199186451612,0.22600707978907084,0.3494859355778456,-0.624315336900623,0.22600707978907084,1.0,0
SESSION,B2,,1.0,1.00,0.8,29,1.0,1.0,0.0,1.0,0.5591959629679867,0.8693188535756378,-0.9690803193704414,0.5608741819406127,0.21709569510591617,0.3378637993323604,-0.6084786883342448,0.21709569510591617,1.0,0
SESSION,B2,,1.0,1.00,0.9,29,1.0,1.0,0.0,1.0,0.5525056421298461,0.8593976555283781,-0.96391615685725,0.552615860881885,0.21204706859249225,0.3298852804462465,-0.5985833709241991,0.21204706859249225,1.0,0
SESSION,B2,,1.0,1.00,1.0,29,1.0,1.0,0.0,1.0,0.5445082893597832,0.8463697504084474,-0.961008747635911,0.5451484917208339,0.20697620549087897,0.32184020740033703,-0.5894906903063893,0.20697620549087897,1.0,0
SESSION,B2,,1.0,1.00,1.1,29,1.0,1.0,0.0,1.0,0.5345727484596859,0.8328070224365451,-0.9563579716013193,0.5360027576988877,0.20099999120690495,0.31334476911124465,-0.5782180927065844,0.20099999120690495,1.0,0
SESSION,B2,,1.0,1.00,1.2,29,1.0,1.0,0.0,1.0,0.5276076181257516,0.8209832429687702,-0.9530390140743916,0.5291512335620286,0.19674159341003983,0.3063942491953044,-0.5701403046879708,0.19674159341003983,1.0,0
SESSION,B2,,1.0,1.00,1.3,29,1.0,1.0,0.0,1.0,0.5203877080053213,0.8078508653859157,-0.9485555856954325,0.5213963187355788,0.19221295928767515,0.2985173905991505,-0.5612345791407694,0.19221295928767515,1.0,0
SESSION,B2,,1.0,1.00,1.4,29,1.0,1.0,0.0,1.0,0.5134120011915775,0.7981798193538768,-0.9447468061366138,0.5139231597536692,0.18736829963949386,0.2913644942818702,-0.552139510233341,0.18736829963949386,1.0,0
SESSION,B2,,1.0,1.00,1.5,29,1.0,1.0,0.0,1.0,0.5055708995181076,0.7879643392786065,-0.9394655816987039,0.5061257533472291,0.1825566159731647,0.28466944613091033,-0.5425239995679301,0.1825566159731647,1.0,0
SESSION,B2,,1.0,1.00,1.6,29,1.0,1.0,0.0,1.0,0.4995210420625487,0.7782577540570761,-0.9358384687853297,0.4999489464698986,0.17898379233816777,0.2790073830026631,-0.5354513294325983,0.17898379233816777,1.0,0
SESSION,B2,,1.0,1.00,1.7,29,1.0,1.0,0.0,1.0,0.4926142905300639,0.7642471252702472,-0.9323407262406307,0.4926142905300639,0.1744926497483409,0.2707254257888494,-0.5269445072977795,0.1744926497483409,1.0,0
SESSION,B2,,1.0,1.00,1.8,29,1.0,1.0,0.0,1.0,0.4902643543315507,0.7585941139121777,-0.9313287393114749,0.4902643543315507,0.17307401951325624,0.26780546908730085,-0.5243140885902586,0.17307401951325624,1.0,0
SESSION,B2,,1.0,1.00,1.9,29,1.0,1.0,0.0,1.0,0.4857304339948516,0.7538850528805509,-0.9281698225210159,0.4857304339948516,0.17038746293477958,0.26446131508279397,-0.5188458826940947,0.17038746293477958,1.0,0
OPERATING_POINT,,FAST,0.3333333333333333,0.333333,0.5,88,0.4001546700921171,0.07278907346950513,0.9855882727285755,0.3949257475066594,-4.100255488672453e-17,-4.6049023180475245e-17,1.5139404881252134e-17,-5.172630001094479e-17,-0.35112349498845075,-0.5418323105804039,0.321825320028759,-0.35635241757390845,6.863920323464516e-17,88
OPERATING_POINT,,FAST,0.3333333333333333,0.333333,0.6,88,0.41142839483666244,0.09027689821034272,0.9817653105943169,0.40849647872528405,-4.3525789033599885e-17,-5.866519391485203e-17,1.2616170734376778e-17,-4.9833874400788275e-17,-0.35002207756912085,-0.5405457914815641,0.33499955275890086,-0.3529539936804991,7.619425331620317e-17,88
OPERATING_POINT,,FAST,0.3333333333333333,0.333333,0.7,88,0.4219841854663633,0.10571560378548703,0.9776398205942158,0.41844701315409033,-5.0464682937507114e-17,-6.434247074532158e-17,1.2616170734376778e-17,-5.614195976797667e-17,-0.34641040817238145,-0.5356281498466147,0.3433574905585846,-0.34994758048465446,8.145596832005988e-17,88
OPERATING_POINT,,FAST,0.3333333333333333,0.333333,0.8,88,0.43067002131485643,0.11773663281012983,0.974594354372183,0.4284524490358548,-5.172630001094479e-17,-6.181923659844621e-17,1.8924256101565167e-17,-5.803438537813318e-17,-0.3452295373213088,-0.5345740370830487,0.3529451332792531,-0.3474471096003104,7.927106080985531e-17,88
OPERATING_POINT,,FAST,0.3333333333333333,0.333333,0.9,88,0.4395401020149498,0.13068275365095913,0.9696385528751938,0.43896106092080556,-4.731064025391292e-17,-6.623489635547809e-17,1.3877787807814457e-17,-4.920306586406944e-17,-0.3433809670542965,-0.532566990072384,0.3608569092273633,-0.34396000814844074,8.130924347969551e-17,88
OPERATING_POINT,,FAST,0.3333333333333333,0.333333,1.0,88,0.4481752239636128,0.14570398964454734,0.9662086040677511,0.44793618247801253,-5.488034269453899e-17,-7.12813646492288e-17,2.0185873175002847e-17,-5.614195976797667e-17,-0.340756588940607,-0.5275471728063111,0.3681957150835359,-0.3409956304262073,8.35877377836936e-17,88
OPERATING_POINT,,FAST,0.3333333333333333,0.333333,1.1,88,0.4554317659576485,0.15852016709664482,0.9632342657753338,0.45496051291291145,-4.920306586406944e-17,-7.254298172266648e-17,2.2709107321878203e-17,-4.9833874400788275e-17,-0.338115226618587,-0.5224311928228317,0.37368579467526003,-0.33858647966332395,8.690952116789843e-17,88
OPERATING_POINT,,FAST,0.3333333333333333,0.333333,1.2,88,0.4596752670170513,0.16605153539424217,0.9613361326565252,0.45916657556646,-5.929600245157086e-17,-7.380459879610416e-17,2.5232341468753557e-17,-5.99268109882897e-17,-0.3365987739089728,-0.5194862614014268,0.3768311247326142,-0.3371074653595641,8.543830642293383e-17,88
OPERATING_POINT,,FAST,0.3333333333333333,0.333333,1.3,88,0.4669236940003499,0.1766867693426531,0.9571541564788721,0.46659131091878775,-5.488034269453899e-17,-7.506621586954184e-17,3.658689512969266e-17,-5.551115123125783e-17,-0.3338914247706255,-0.5156862661255761,0.38145589089773907,-0.3342238078521877,9.511700433843323e-17,88
OPERATING_POINT,,FAST,0.3333333333333333,0.333333,1.4,88,0.4732361385160893,0.18528370898734137,0.9536273487215716,0.47306768853540004,-6.245004513516506e-17,-7.885106708985487e-17,2.1447490248440524e-17,-6.30808536718839e-17,-0.33174387832526975,-0.5130751779723632,0.3858734996242715,-0.33191232830595896,9.348533836223281e-17,88
OPERATING_POINT,,FAST,0.3333333333333333,0.333333,1.5,88,0.4773804410993972,0.19081753413310262,0.9511680565817401,0.47712160231824563,-5.67727683046955e-17,-7.632783294297951e-17,1.766263902812749e-17,-5.866519391485203e-17,-0.33010231708066573,-0.5110574017815476,0.38836102372619313,-0.33036115586181725,9.791614699905885e-17,88
OPERATING_POINT,,FAST,0.3333333333333333,0.333333,1.6,88,0.4849866656348546,0.2020420095424601,0.946916525593367,0.4848055832279016,-5.929600245157086e-17,-7.254298172266648e-17,2.6493958542191237e-17,-6.118842806172738e-17,-0.32730351383204076,-0.5070774793008914,0.3933357290452427,-0.32748459623899373,9.307343541648894e-17,88
OPERATING_POINT,,FAST,0.3333333333333333,0.333333,1.7,88,0.49296228432218475,0.21423702230574085,0.9421366078574671,0.49282933383827315,-5.99268109882897e-17,-7.822025855313603e-17,2.397072439531588e-17,-6.055761952500853e-17,-0.3242213369161957,-0.5023968048744144,0.39819858881177983,-0.32435428740010736,9.761017260615843e-17,88
OPERATING_POINT,,FAST,0.3333333333333333,0.333333,1.8,88,0.4939553678405623,0.21496074948115204,0.9415195214441617,0.4939553678405623,-5.929600245157086e-17,-8.011268416329254e-17,2.397072439531588e-17,-5.929600245157086e-17,-0.32406083082309584,-0.5027004510051155,0.399094422156455,-0.32406083082309584,1.00822442366934e-16,88
OPERATING_POINT,,FAST,0.3333333333333333,0.333333,1.9,88,0.4989902349284794,0.22217383536680382,0.9387351242083742,0.4989902349284794,-6.371166220860273e-17,-8.074349270001139e-17,2.7755575615628914e-17,-6.371166220860273e-17,-0.3221662175800401,-0.5001453439969069,0.4023497958927857,-0.3221662175800401,1.0432441709844666e-16,88
OPERATING_POINT,,FAST,0.5,0.50,0.5,88,0.5652508134113838,0.32633345075579856,0.891760636135016,0.5652508134113838,0.1650961433192667,0.25354437728629337,-0.09382763659355935,0.17032506590472438,-0.186027351669184,-0.28828793329411045,0.22799768343519966,-0.186027351669184,0.2826254067056919,88
OPERATING_POINT,,FAST,0.5,0.50,0.6,88,0.578907947202281,0.3482607496146951,0.8793696678516838,0.578907947202281,0.16747955236561854,0.2579838514043523,-0.10239564274263331,0.17041146847699687,-0.18254252520350225,-0.2825619400772117,0.23260391001626754,-0.18254252520350225,0.2894539736011405,88
OPERATING_POINT,,FAST,0.5,0.50,0.7,88,0.5886002338395347,0.36285153893480254,0.8693574323939711,0.5886002338395347,0.1666160483731713,0.25713593514931543,-0.10828238820024479,0.1701532206854443,-0.1797943597992101,-0.27849221469729923,0.2350751023583398,-0.1797943597992101,0.2943001169197674,88
OPERATING_POINT,,FAST,0.5,0.50,0.8,88,0.5986651335190907,0.37735480367863905,0.8600499859455588,0.5986651335190907,0.16799511220423421,0.2596181708685092,-0.1145443684266243,0.17021268448323584,-0.17723442511707452,-0.27495586621453955,0.23840076485262873,-0.17723442511707452,0.29933256675954534,88
OPERATING_POINT,,FAST,0.5,0.50,0.9,88,0.6086471061029722,0.39285011309406315,0.849269811984253,0.6086471061029722,0.16910700408802234,0.26216735944310393,-0.1203687408909409,0.16968604518216665,-0.1742739629662741,-0.27039963062927996,0.24048816833642242,-0.1742739629662741,0.3043235530514861,88
OPERATING_POINT,,FAST,0.5,0.50,1.0,88,0.6171948639064486,0.40734123084623536,0.8405464420783004,0.6171948639064486,0.16901963994283567,0.26163724120168796,-0.12566216198945065,0.169258681428436,-0.17173694899777125,-0.2659099316046231,0.2425335530940852,-0.17173694899777125,0.3085974319532243,88
OPERATING_POINT,,FAST,0.5,0.50,1.1,88,0.6238310180651065,0.41862989638196396,0.8335080608052643,0.6238310180651065,0.16839925210745801,0.260109729285319,-0.12972620497006965,0.16887050515219498,-0.16971597451112894,-0.26232146353751257,0.24395958970519036,-0.16971597451112894,0.3119155090325533,88
OPERATING_POINT,,FAST,0.5,0.50,1.2,88,0.6277731734919452,0.42539338771783475,0.8292410825917375,0.6277731734919452,0.16809790647489375,0.25934185232359247,-0.13209505006478783,0.16860659792548507,-0.16850086743407897,-0.26014440907783426,0.24473607466782638,-0.16850086743407897,0.3138865867459726,88
OPERATING_POINT,,FAST,0.5,0.50,1.3,88,0.6345174541061925,0.4354822816833497,0.8212713679086489,0.6345174541061925,0.16759376010584257,0.2587955123406964,-0.1358827885702233,0.16792614318740473,-0.16629766466478293,-0.2568907537848796,0.24557310232751572,-0.16629766466478293,0.31725872705309627,88
OPERATING_POINT,,FAST,0.5,0.50,1.4,88,0.6405582826860076,0.44403186122166766,0.8142996607680956,0.6405582826860076,0.1673221441699182,0.2587481522343263,-0.13932768795347608,0.1674905941506075,-0.16442173415535147,-0.25432702573803695,0.24654581167079528,-0.16442173415535147,0.3202791413430038,88
OPERATING_POINT,,FAST,0.5,0.50,1.5,88,0.6442687007292985,0.44913019941989485,0.8097788191706243,0.6442687007292985,0.1668882596299013,0.2583126652867922,-0.14138923741111567,0.16714709841105288,-0.16321405745076434,-0.2527447364947552,0.24697178631507744,-0.16321405745076434,0.32213435036464927,88
OPERATING_POINT,,FAST,0.5,0.50,1.6,88,0.651326730831093,0.4596978811811685,0.8015515421426177,0.651326730831093,0.1663400651962384,0.25765587163870846,-0.14536498345074914,0.16652114760319137,-0.1609634486358023,-0.24942160766218302,0.24797074559449353,-0.1609634486358023,0.3256633654155465,88
OPERATING_POINT,,FAST,0.5,0.50,1.7,88,0.6586193402220266,0.47088754960288026,0.7927147043199168,0.6586193402220266,0.16565705589984187,0.2566505272971394,-0.1494219035375503,0.1657900063837535,-0.15856428101635378,-0.24574627757727505,0.24877668527422958,-0.15856428101635378,0.3293096701110133,88
OPERATING_POINT,,FAST,0.5,0.50,1.8,88,0.659746873308657,0.4721354138090406,0.7914805969897365,0.659746873308657,0.16579150546809462,0.2571746643278885,-0.15003892445442532,0.16579150546809462,-0.15826932535500113,-0.24552578667722696,0.24905549770202964,-0.15826932535500113,0.3298734366543285,88
OPERATING_POINT,,FAST,0.5,0.50,1.9,88,0.664367586218636,0.47890348392853177,0.7860874466860172,0.664367586218636,0.16537735129015665,0.2567296485617278,-0.152647677522357,0.16537735129015665,-0.15678886628988342,-0.24341569543517902,0.24970211837042866,-0.15678886628988342,0.33218379310931806,88
OPERATING_POINT,,FAST,0.6,0.60,0.5,88,0.6605472266849404,0.47402122353065274,0.7925534928606546,0.6605472266849404,0.26039255659282323,0.4012321500611476,-0.19303477986792075,0.2656214791782809,-0.09073093839562746,-0.14060016051925625,0.1287905401608382,-0.09073093839562746,0.4403648177899602,88
OPERATING_POINT,,FAST,0.6,0.60,0.6,88,0.6728726561970969,0.49371876772557227,0.7768681536261351,0.6728726561970969,0.26144426136043447,0.40344186951522953,-0.2048971569681818,0.2643761774718128,-0.08857781620868631,-0.1371039219663345,0.13010239579071908,-0.08857781620868631,0.44858177079806455,88
OPERATING_POINT,,FAST,0.6,0.60,0.7,88,0.6814519671185617,0.5066823147899623,0.7648740990569265,0.6814519671185617,0.25946778165219825,0.40096671100447523,-0.2127657215372894,0.26300495396447127,-0.08694262652018314,-0.13466143884213955,0.13059176902129516,-0.08694262652018314,0.4543013114123744,88
OPERATING_POINT,,FAST,0.6,0.60,0.8,88,0.6905383427420256,0.5198821980662806,0.7531757357866705,0.6905383427420256,0.25986832142716926,0.4021455652561508,-0.22141861858551246,0.26208589370617086,-0.08536121589413947,-0.132428471826898,0.13152651469374058,-0.08536121589413947,0.4603588951613505,88
OPERATING_POINT,,FAST,0.6,0.60,0.9,88,0.6992815969492967,0.5334822579292816,0.7405947301766912,0.6992815969492967,0.25974149493434684,0.40279950427832245,-0.22904382269850262,0.2603205360284911,-0.08363947211994958,-0.1297674857940615,0.13181308652886067,-0.08363947211994958,0.46618773129953117,88
OPERATING_POINT,,FAST,0.6,0.60,1.0,88,0.7067694905017974,0.5460400091336667,0.7301854404856922,0.7067694905017974,0.25859426653818446,0.4003360194891192,-0.23602316358205877,0.2588333080237848,-0.08216232240242247,-0.12721115331719185,0.1321725515014771,-0.08216232240242247,0.4711796603345316,88
OPERATING_POINT,,FAST,0.6,0.60,1.1,88,0.7125518008274517,0.5557659828042556,0.7219103147861872,0.7125518008274517,0.2571200348698031,0.3972458157076107,-0.24132395098914666,0.25759128791454006,-0.0809951917487839,-0.1251853771152209,0.1323618436861133,-0.0809951917487839,0.4750345338849677,88
OPERATING_POINT,,FAST,0.6,0.60,1.2,88,0.7159757675991734,0.5615734552270459,0.7169467308172665,0.7159757675991734,0.25630050058212195,0.3955219198328036,-0.2443894018392589,0.2568091920327133,-0.08029827332685076,-0.12396434156862317,0.13244172289335535,-0.08029827332685076,0.47731717839944887,88
OPERATING_POINT,,FAST,0.6,0.60,1.3,88,0.721748635787347,0.5702403465302641,0.708034943804908,0.721748635787347,0.25482494178699716,0.39355357718761097,-0.24911921267396434,0.2551573248685593,-0.07906648298362841,-0.12213268893796503,0.13233667822377468,-0.07906648298362841,0.48116575719156474,88
OPERATING_POINT,,FAST,0.6,0.60,1.4,88,0.7269853581861407,0.5777183932954709,0.7001087830327059,0.7269853581861407,0.2537492196700514,0.3924346843081294,-0.25351856568886577,0.2539176696507406,-0.07799465865521832,-0.12064049366423375,0.13235493393540562,-0.07799465865521832,0.4846569054574271,88
OPERATING_POINT,,FAST,0.6,0.60,1.5,88,0.7301665184066227,0.5821466410229142,0.6950820654652805,0.7301665184066227,0.2527860773072255,0.39132910688981154,-0.2560859911164595,0.25304491608837704,-0.07731623977344015,-0.11972829489173589,0.13227503260973356,-0.07731623977344015,0.48677767893774854,88
OPERATING_POINT,,FAST,0.6,0.60,1.6,88,0.7362441777517703,0.5912805156388075,0.6858113603679268,0.7362441777517703,0.25125751211691577,0.3892385060963473,-0.2611051652254402,0.2514385945238687,-0.07604600171512493,-0.11783897320454416,0.13223056381980244,-0.07604600171512493,0.4908294518345136,88
OPERATING_POINT,,FAST,0.6,0.60,1.7,88,0.7424779942644562,0.6008501609028468,0.6759985108157568,0.7424779942644562,0.24951570994227124,0.38661313859710583,-0.2661380970417103,0.2496486604261829,-0.07470562697392441,-0.11578366627730854,0.13206049177006957,-0.07470562697392441,0.4949853295096373,88
OPERATING_POINT,,FAST,0.6,0.60,1.8,88,0.7434915485224708,0.6020475149071335,0.6745437834899211,0.7434915485224708,0.24953618068190855,0.38708676542598136,-0.2669757379542407,0.24953618068190855,-0.07452465014118718,-0.11561368557913405,0.13211868420221434,-0.07452465014118718,0.4956610323483139,88
OPERATING_POINT,,FAST,0.6,0.60,1.9,88,0.7474665583893941,0.6079127511708367,0.6684692228605182,0.7474665583893941,0.2484763234609148,0.38573891580403286,-0.2702659013478559,0.2484763234609148,-0.07368989411912528,-0.114406428192874,0.13208389454492983,-0.07368989411912528,0.4983110389262628,88
OPERATING_POINT,,FAST,0.7,0.70,0.5,88,0.7512781650805678,0.614621384049909,0.6637629526998163,0.7512781650805678,0.3511234949884507,0.5418323105804038,-0.321825320028759,0.35635241757390834,0.0,0.0,0.0,0.0,0.5902899868490175,0
OPERATING_POINT,,FAST,0.7,0.70,0.6,88,0.7614504724057831,0.6308226896919068,0.646765757835416,0.7614504724057831,0.3500220775691208,0.5405457914815641,-0.33499955275890086,0.35295399368049907,0.0,0.0,0.0,0.0,0.5982825140331154,0
OPERATING_POINT,,FAST,0.7,0.70,0.7,88,0.7683945936387448,0.6413437536321017,0.6342823300356314,0.7683945936387448,0.3464104081723814,0.5356281498466147,-0.3433574905585846,0.3499475804846544,0.0,0.0,0.0,0.0,0.6037386092875852,0
OPERATING_POINT,,FAST,0.7,0.70,0.8,88,0.7758995586361652,0.6523106698931787,0.62164922109293,0.7758995586361652,0.3452295373213087,0.5345740370830486,-0.3529451332792531,0.34744710960031033,0.0,0.0,0.0,0.0,0.6096353674998439,0
OPERATING_POINT,,FAST,0.7,0.70,0.9,88,0.7829210690692462,0.6632497437233431,0.6087816436478305,0.7829210690692462,0.3433809670542964,0.532566990072384,-0.3608569092273633,0.34396000814844074,0.0,0.0,0.0,0.0,0.6151522685544077,0
OPERATING_POINT,,FAST,0.7,0.70,1.0,88,0.7889318129042199,0.6732511624508585,0.5980128889842152,0.7889318129042199,0.34075658894060695,0.527547172806311,-0.3681957150835359,0.3409956304262073,0.0,0.0,0.0,0.0,0.6198749958533155,0
OPERATING_POINT,,FAST,0.7,0.70,1.1,88,0.7935469925762355,0.6809513599194764,0.5895484711000738,0.7935469925762355,0.338115226618587,0.5224311928228315,-0.37368579467526003,0.33858647966332395,0.0,0.0,0.0,0.0,0.6235012084527565,0
OPERATING_POINT,,FAST,0.7,0.70,1.2,88,0.7962740409260239,0.685537796795669,0.5845050079239111,0.7962740409260239,0.33659877390897275,0.5194862614014268,-0.3768311247326142,0.33710746535956404,0.0,0.0,0.0,0.0,0.6256438892990189,0
OPERATING_POINT,,FAST,0.7,0.70,1.3,88,0.8008151187709754,0.6923730354682291,0.5756982655811331,0.8008151187709754,0.3338914247706255,0.515686266125576,-0.38145589089773907,0.3342238078521877,0.0,0.0,0.0,0.0,0.6292118790343378,0
OPERATING_POINT,,FAST,0.7,0.70,1.4,88,0.804980016841359,0.6983588869597046,0.5677538490973002,0.804980016841359,0.3317438783252697,0.5130751779723632,-0.3858734996242715,0.3319123283059589,0.0,0.0,0.0,0.0,0.6324842989467822,0
OPERATING_POINT,,FAST,0.7,0.70,1.5,88,0.8074827581800629,0.7018749359146501,0.562807032855547,0.8074827581800629,0.3301023170806657,0.5110574017815473,-0.38836102372619313,0.3303611558618172,0.0,0.0,0.0,0.0,0.6344507385700494,0
OPERATING_POINT,,FAST,0.7,0.70,1.6,88,0.8122901794668954,0.7091194888433516,0.5535807965481243,0.8122901794668954,0.32730351383204065,0.5070774793008914,-0.3933357290452427,0.3274845962389936,0.0,0.0,0.0,0.0,0.6382279981525606,0
OPERATING_POINT,,FAST,0.7,0.70,1.7,88,0.8171836212383805,0.7166338271801553,0.5439380190456873,0.8171836212383805,0.3242213369161957,0.5023968048744144,-0.39819858881177983,0.32435428740010724,0.0,0.0,0.0,0.0,0.6420728452587275,0
OPERATING_POINT,,FAST,0.7,0.70,1.8,88,0.818016198663658,0.7176612004862675,0.5424250992877067,0.818016198663658,0.32406083082309584,0.5027004510051154,-0.399094422156455,0.32406083082309584,0.0,0.0,0.0,0.0,0.6427270132357313,0
OPERATING_POINT,,FAST,0.7,0.70,1.9,88,0.8211564525085197,0.7223191793637107,0.5363853283155884,0.8211564525085197,0.32216621758004005,0.5001453439969068,-0.4023497958927857,0.32216621758004005,0.0,0.0,0.0,0.0,0.6451943555424081,0
OPERATING_POINT,,FAST,0.8,0.80,0.5,88,0.8378620431853183,0.7487852221893383,0.5031276384250379,0.8378620431853183,0.4377073730932011,0.6759961487198332,-0.48246063430353736,0.44293629567865883,0.08658387810475049,0.13416383813942928,-0.1606353142747784,0.08658387810475049,0.7331292877871537,0
OPERATING_POINT,,FAST,0.8,0.80,0.6,88,0.8451940440851263,0.76043221961866,0.4873072996004721,0.8451940440851263,0.4337656492484639,0.6701553214083174,-0.49445801099384484,0.4366975653598422,0.08374357167934314,0.1296095299267533,-0.15945845823494406,0.08374357167934314,0.7395447885744857,0
OPERATING_POINT,,FAST,0.8,0.80,0.7,88,0.8501015718111692,0.7678829495788655,0.4760836438548354,0.8501015718111692,0.4281173863448057,0.6621673457933784,-0.5015561767393806,0.43165455865707875,0.08170697817242428,0.1265391959467637,-0.15819868618079597,0.08170697817242428,0.743838875334773,0
OPERATING_POINT,,FAST,0.8,0.80,0.8,88,0.8555179296830489,0.7758335678477405,0.46434320575470944,0.8555179296830489,0.42484790836819253,0.6580969350376106,-0.5102511486174736,0.4270654806471941,0.07961837104688377,0.12352289795456194,-0.15730601533822047,0.07961837104688377,0.7485781884726678,0
OPERATING_POINT,,FAST,0.8,0.80,0.9,88,0.8604527422244069,0.7835314945346702,0.45291489953157243,0.8604527422244069,0.4209126402094572,0.6528487408837109,-0.5167236533436214,0.42149168130360143,0.07753167315516073,0.12028175081132698,-0.1558667441162581,0.07753167315516073,0.7528961494463562,0
OPERATING_POINT,,FAST,0.8,0.80,1.0,88,0.864674071870937,0.7905133972638567,0.4432871361610211,0.864674071870937,0.41649884790732405,0.6448094076193094,-0.5229214679067299,0.41673788939292433,0.0757422589667171,0.1172622348129984,-0.154725752823194,0.0757422589667171,0.7565898128870697,0
OPERATING_POINT,,FAST,0.8,0.80,1.1,88,0.86789573452165,0.7958559378093383,0.43579652291950505,0.86789573452165,0.41246396856400147,0.6373357707126933,-0.5274377428558288,0.41293522160873847,0.07434874194541453,0.11490457788986178,-0.15375194818056878,0.07434874194541453,0.7594087677064439,0
OPERATING_POINT,,FAST,0.8,0.80,1.2,88,0.8697971853795601,0.7990329621902639,0.43135225875053435,0.8697971853795601,0.41012191836250866,0.6329814267960215,-0.5299838739059909,0.4106306098130999,0.07352314445353585,0.11349516539459473,-0.15315274917337673,0.07352314445353585,0.7610725372071151,0
OPERATING_POINT,,FAST,0.8,0.80,1.3,88,0.8729295663434329,0.8037570486356138,0.42375977761535905,0.8729295663434329,0.40600587234308283,0.6270702792929607,-0.5333943788635132,0.406338255424645,0.07211444757245741,0.11138401316738465,-0.15193848796577414,0.07211444757245741,0.7638133705505038,0
OPERATING_POINT,,FAST,0.8,0.80,1.4,88,0.8758305103740063,0.8079466657820841,0.4168244335740356,0.8758305103740063,0.40259437185791697,0.6226629567947426,-0.536802915147536,0.4027628218386062,0.07085049353264727,0.10958777882237936,-0.1509294155232646,0.07085049353264727,0.7663516965772555,0
OPERATING_POINT,,FAST,0.8,0.80,1.5,88,0.8775552486606663,0.8103863586821007,0.41257739570223734,0.8775552486606663,0.400174807561269,0.619568824548998,-0.5385906608795028,0.40043364634242046,0.0700724904806033,0.10851142276745059,-0.15022963715330967,0.0700724904806033,0.7678608425780827,0
OPERATING_POINT,,FAST,0.8,0.80,1.6,88,0.880888547592043,0.8154199137251564,0.4045701771632618,0.880888547592043,0.39590188195718845,0.6133779041826964,-0.5423463484301052,0.3960829643641413,0.06859836812514776,0.10630042488180497,-0.1490106193848625,0.06859836812514776,0.7707774791430378,0
OPERATING_POINT,,FAST,0.8,0.80,1.7,88,0.8842553104267317,0.8205909851071685,0.3963011485331396,0.8842553104267317,0.39129302610454675,0.6063539628014276,-0.5458354593243275,0.3914259765884584,0.06707168918835114,0.10395715792701322,-0.14763687051254773,0.06707168918835114,0.7737233966233902,0
OPERATING_POINT,,FAST,0.8,0.80,1.8,88,0.884852205899546,0.8213508025896044,0.3949327698159589,0.884852205899546,0.39089683805898373,0.6063900531084522,-0.5465867516282028,0.39089683805898373,0.06683600723588799,0.10368960210333679,-0.1474923294717478,0.06683600723588799,0.7742456801621028,0
OPERATING_POINT,,FAST,0.8,0.80,1.9,88,0.8870262680920274,0.824588442597728,0.38969820933284766,0.8870262680920274,0.388036033163548,0.602414607230924,-0.5490369148755266,0.388036033163548,0.06586981558350796,0.10226926323401728,-0.1466871189827409,0.06586981558350796,0.776147984580524,0
OPERATING_POINT,,FAST,0.9,0.90,0.5,88,0.9206629777503721,0.8770793301968783,0.3009909941586984,0.9206629777503721,0.5205083076582548,0.8042902567273734,-0.684597278569877,0.5257372302437125,0.16938481266980418,0.2624579461469695,-0.362771958541118,0.16938481266980418,0.8695150345420182,0
OPERATING_POINT,,FAST,0.9,0.90,0.6,88,0.92457514448364,0.8832808814608968,0.28967670741559404,0.92457514448364,0.5131467496469775,0.7930039832505542,-0.6920886031787229,0.5160786657583558,0.16312467207785664,0.2524581917689899,-0.357089050419822,0.16312467207785664,0.8732098586789934,0
OPERATING_POINT,,FAST,0.9,0.90,0.7,88,0.9271415982120014,0.8871837156654728,0.2819134157124246,0.9271415982120014,0.505157412745638,0.7814681118799857,-0.6957264048817913,0.5086945850579109,0.1587470045732565,0.245839962033371,-0.35236891432320677,0.1587470045732565,0.875633731644668,0
OPERATING_POINT,,FAST,0.9,0.90,0.8,88,0.9300368506988157,0.8914489342721208,0.27351892922766086,0.9300368506988157,0.4993668293839592,0.7737123014619908,-0.7010754251445221,0.5015844016629608,0.15413729206265048,0.2391382643789422,-0.3481302918652691,0.15413729206265048,0.8783681367711036,0
OPERATING_POINT,,FAST,0.9,0.90,0.9,88,0.9326086198046223,0.8954649869683429,0.2656813719997737,0.9326086198046223,0.4930685177896723,0.7647822333173836,-0.7039571808754201,0.49364755888381656,0.14968755073537585,0.23221524324499968,-0.34310027164805684,0.14968755073537585,0.8807970298154764,0
OPERATING_POINT,,FAST,0.9,0.90,1.0,88,0.9348066408502288,0.89908319272004,0.25904994399869136,0.9348066408502288,0.486631416886616,0.7533792030754927,-0.7071586600690597,0.4868704583722164,0.14587482794600912,0.22583203026918158,-0.3389629449855238,0.14587482794600912,0.8828729385807719,0
OPERATING_POINT,,FAST,0.9,0.90,1.1,88,0.9364734847673788,0.9018342918379457,0.25394358876477496,0.9364734847673788,0.48104171880973023,0.7433141247413009,-0.7092906770105588,0.4815129718544672,0.14292649219114326,0.22088293191846933,-0.3356048823352989,0.14292649219114326,0.8844471800580801,0
OPERATING_POINT,,FAST,0.9,0.90,1.2,88,0.9374570159082546,0.9034689826017751,0.25092166245450237,0.9374570159082546,0.47778174889120334,0.7374174472075329,-0.7104144702020231,0.47829044034179463,0.14118297498223056,0.21793118580610615,-0.33358334546940877,0.14118297498223056,0.8853760705800181,0
OPERATING_POINT,,FAST,0.9,0.90,1.3,88,0.9390619562171697,0.9058931817893914,0.2458559307822128,0.9390619562171697,0.47213826221681965,0.7292064124467381,-0.7112982256966593,0.47247064529838184,0.13824683744619415,0.21352014632116223,-0.3298423347989204,0.13824683744619415,0.8868918475384381,0
OPERATING_POINT,,FAST,0.9,0.90,1.4,88,0.9405613267944485,0.9080669014348719,0.24117464972485542,0.9405613267944485,0.46732518827835906,0.7227831924475304,-0.7124526989967161,0.46749363825904827,0.13558130995308934,0.20970801447516726,-0.32657919937244473,0.13558130995308934,0.8883079197503124,0
OPERATING_POINT,,FAST,0.9,0.90,1.5,88,0.941443499285042,0.9093213810010327,0.23835477348499753,0.941443499285042,0.4640630581856447,0.7185038468679301,-0.7128132830967426,0.46432189696679615,0.133960741104979,0.20744644508638269,-0.3244522593705495,0.133960741104979,0.8891410826580951,0
OPERATING_POINT,,FAST,0.9,0.90,1.6,88,0.9431596819314937,0.9119172111858426,0.23297728994066141,0.9431596819314937,0.4581730162966389,0.7098752016433824,-0.7139392356527057,0.45835409870359195,0.13086950246459828,0.20279772234249097,-0.3206035066074629,0.13086950246459828,0.8907619218241885,0
OPERATING_POINT,,FAST,0.9,0.90,1.7,88,0.9448797383932601,0.9145594725487001,0.2274909462619566,0.9448797383932601,0.45191745407107525,0.7003224502429591,-0.7146456615955106,0.45205040455498685,0.12769611715487963,0.1979256453685447,-0.3164470727837307,0.12769611715487963,0.8923864195936346,0
OPERATING_POINT,,FAST,0.9,0.90,1.8,88,0.9451963341504895,0.9149719680385925,0.22653523715103835,0.9451963341504895,0.45124096630992727,0.7000112185574404,-0.7149842842931234,0.45124096630992727,0.12718013548683144,0.19731076755232502,-0.3158898621366683,0.12718013548683144,0.8926854266976847,0
OPERATING_POINT,,FAST,0.9,0.90,1.9,88,0.9463137602940948,0.9166412392723757,0.22302618821601003,0.9463137602940948,0.4473235253656154,0.6944674039055717,-0.7157089359923641,0.4473235253656154,0.1251573077855754,0.194322059908665,-0.31335914009957844,0.1251573077855754,0.8937407736110896,0
OPERATING_POINT,,FAST,0.95,0.95,0.5,88,0.96074608922758,0.9391827440440091,0.17479341877769583,0.96074608922758,0.560591419135463,0.8663936705745038,-0.8107948539508795,0.5658203417209207,0.20946792414701232,0.3245613599941001,-0.4889695339221205,0.20946792414701232,0.9354632974058017,0
OPERATING_POINT,,FAST,0.95,0.95,0.6,88,0.9627589319995885,0.9423706330623205,0.16760684030993628,0.9627589319995885,0.551330537162926,0.8520937348519777,-0.8141584702843807,0.5542624532743045,0.20130845959380528,0.31154794337041364,-0.47915891752547973,0.20130845959380528,0.9374231706311782,0
OPERATING_POINT,,FAST,0.95,0.95,0.7,88,0.9640659549118434,0.9443596339629049,0.16276395963327833,0.9640659549118434,0.5420817694454798,0.8386440301774178,-0.8148758609609377,0.5456189417577529,0.19567136127309848,0.30301588033080296,-0.4715183704023531,0.19567136127309848,0.938695798203637,0
OPERATING_POINT,,FAST,0.95,0.95,0.8,88,0.9655572415892998,0.946559963238316,0.15743057053794776,0.9655572415892998,0.5348872202744434,0.828823330428186,-0.8171637838342353,0.5371047925534449,0.18965768295313465,0.29424929334513744,-0.4642186505549822,0.18965768295313465,0.9401478404948446,0
OPERATING_POINT,,FAST,0.95,0.95,0.9,88,0.966865641607166,0.9486041231957972,0.15255713860162176,0.966865641607166,0.5273255395922162,0.817921369544838,-0.8170814142735722,0.5279045806863606,0.1839445725379198,0.285354379472454,-0.4562245050462088,0.1839445725379198,0.9414218089332933,0
OPERATING_POINT,,FAST,0.95,0.95,1.0,88,0.9679833894620795,0.9504403471948641,0.14842583301484338,0.9679833894620795,0.5198081654984665,0.8047363575503167,-0.8177827710529076,0.5200472069840668,0.1790515765578596,0.2771891847440056,-0.44958705596937176,0.1790515765578596,0.942510142370972,0
OPERATING_POINT,,FAST,0.95,0.95,1.1,88,0.9688282287216711,0.9518319694675718,0.14526297239940128,0.9688282287216711,0.5133964627640224,0.7933118023709269,-0.8179712933759323,0.5138677158087593,0.17528123614543545,0.2708806095480953,-0.4442854987006725,0.17528123614543545,0.9433327490184689,0
OPERATING_POINT,,FAST,0.95,0.95,1.2,88,0.9693268215349229,0.9526587793036027,0.1433926638193145,0.9693268215349229,0.5096515545178715,0.7866072439093604,-0.8179434688372108,0.5101602459684628,0.1730527806088987,0.2671209825079336,-0.44111234410459654,0.1730527806088987,0.9438182209682142,0
OPERATING_POINT,,FAST,0.95,0.95,1.3,88,0.9701369021988058,0.9538831714432728,0.140286985066094,0.9701369021988058,0.5032132081984557,0.7771964021006198,-0.8168671714127782,0.5035455912800179,0.16932178342783027,0.26151013597504374,-0.4354112805150392,0.16932178342783027,0.9446069837198898,0
OPERATING_POINT,,FAST,0.95,0.95,1.4,88,0.9708967698869656,0.9549865805831139,0.1374001258252445,0.9708967698869656,0.4976606313708762,0.7697028715957724,-0.8162272228963271,0.49782908135156545,0.1659167530456065,0.25662769362340926,-0.4303537232720556,0.1659167530456065,0.9453468548899401,0
OPERATING_POINT,,FAST,0.95,0.95,1.5,88,0.9713415509989743,0.9556204793146347,0.13567667494866023,0.9713415509989743,0.49396110989957703,0.7648029451815322,-0.8154913816330798,0.4942199486807286,0.16385879281891133,0.2537455433999848,-0.4271303579068867,0.16385879281891133,0.9457799312358433,0
OPERATING_POINT,,FAST,0.95,0.95,1.6,88,0.9722097864009297,0.956934655304184,0.13236844639410256,0.9722097864009297,0.487223120766075,0.7548926457617238,-0.8145480791992644,0.48740420317302796,0.15991960693403426,0.24781516646083232,-0.42121235015402175,0.15991960693403426,0.9466253183377472,0
OPERATING_POINT,,FAST,0.95,0.95,1.7,88,0.9730766487285151,0.9582663627523819,0.12901573982647388,0.9730766487285151,0.48011436440633015,0.7440293404466409,-0.8131208680309933,0.4802473148902417,0.15589302749013448,0.24163253557222647,-0.4149222792192134,0.15589302749013448,0.9474693684988171,0
OPERATING_POINT,,FAST,0.95,0.95,1.8,88,0.9732390226558064,0.9584799517730651,0.12841596172487998,0.9732390226558064,0.4792836548152439,0.7435192022919129,-0.8131035597192817,0.4792836548152439,0.1552228239921482,0.24081875128679756,-0.41400913756282665,0.1552228239921482,0.947627469428022,0
OPERATING_POINT,,FAST,0.95,0.95,1.9,88,0.9738038214528134,0.9593247928618073,0.12625964097158812,0.9738038214528134,0.47481358652433414,0.7371509574950033,-0.812475483236786,0.47481358652433414,0.15264736894429404,0.2370056134980966,-0.4101256873440003,0.15264736894429404,0.948177405098792,0
OPERATING_POINT,,FAST,0.98,0.98,0.5,88,0.9843957155429609,0.9758239775194523,0.08275426223553958,0.9843957155429609,0.5842410454508437,0.9030349040499472,-0.9028340104930358,0.5894699680363013,0.23311755046239302,0.3612025934695433,-0.5810086904642768,0.23311755046239302,0.9743508613027264,0
OPERATING_POINT,,FAST,0.98,0.98,0.6,88,0.9852139163130698,0.9771191764863049,0.0791283223951849,0.9852139163130698,0.5737855214764073,0.8868422782759621,-0.9026369881991321,0.5767174375877855,0.2237634439072865,0.34629648679439806,-0.5676374354402312,0.2237634439072865,0.9751607130853853,0
OPERATING_POINT,,FAST,0.98,0.98,0.7,88,0.9857419208749773,0.9779229977522028,0.0767164709608577,0.9857419208749773,0.5637577354086141,0.8722073939667158,-0.9009233496333583,0.5672949077208871,0.21734732723623262,0.33657924412010104,-0.5575658590747737,0.21734732723623262,0.975683329845641,0
OPERATING_POINT,,FAST,0.98,0.98,0.8,88,0.9863485599022845,0.9788188399901759,0.07402493283523622,0.9863485599022845,0.5556785385874281,0.8610822071800459,-0.9005694215369467,0.5578961108664298,0.21044900126611935,0.3265081700969972,-0.5476242882576937,0.21044900126611935,0.9762837786787919,0
OPERATING_POINT,,FAST,0.98,0.98,0.9,88,0.9868769163051861,0.9796445331957222,0.07160222004653792,0.9868769163051861,0.5473368142902362,0.8489617795447629,-0.8980363328286558,0.5479158553843805,0.20395584723593982,0.3163947894723791,-0.5371794236012927,0.20395584723593982,0.9768067436898271,0
OPERATING_POINT,,FAST,0.98,0.98,1.0,88,0.9873281615555949,0.9803850016957262,0.06954553891583867,0.9873281615555949,0.5391529375919819,0.8346810120511786,-0.8966630651519125,0.5393919790775822,0.19839634865137495,0.30713383924486753,-0.5284673500683765,0.19839634865137495,0.9772533843968643,0
OPERATING_POINT,,FAST,0.98,0.98,1.1,88,0.987668544713681,0.9809450688259909,0.0679776828618934,0.987668544713681,0.5322367787560325,0.8224249017293462,-0.8952565829134403,0.5327080318007695,0.19412155213744556,0.29999370890651456,-0.5215707882381804,0.19412155213744556,0.9775902942574191,0
OPERATING_POINT,,FAST,0.98,0.98,1.2,88,0.9878694670027003,0.981277832629555,0.06705090638107783,0.9878694670027003,0.528194199985649,0.8152262972353128,-0.8942852262754477,0.5287028914362403,0.19159542607667623,0.295740035833886,-0.5174541015428332,0.19159542607667623,0.9777891663189994,0
OPERATING_POINT,,FAST,0.98,0.98,1.3,88,0.9881950972563945,0.9817701822840406,0.0655222149190124,0.9881950972563945,0.5212714032560446,0.8050834129413874,-0.8916319415598598,0.5216037863376066,0.18737997848541907,0.2893971468158114,-0.5101760506621208,0.18737997848541907,0.978111473815003,0
OPERATING_POINT,,FAST,0.98,0.98,1.4,88,0.9885012606228795,0.9822151631584652,0.06409559440127016,0.9885012606228795,0.5152651221067899,0.7969314541711235,-0.8895317543203014,0.5154335720874792,0.18352124378152024,0.28385627619876047,-0.50365825469603,0.18352124378152024,0.978414513065503,0
OPERATING_POINT,,FAST,0.98,0.98,1.5,88,0.9886799219765869,0.9824701007673448,0.06324943125512594,0.9886799219765869,0.5112994808771897,0.7916525666342422,-0.887918625326614,0.5115583196583412,0.18119716379652398,0.28059516485269476,-0.49955760160042095,0.18119716379652398,0.9785913513441727,0
OPERATING_POINT,,FAST,0.98,0.98,1.6,88,0.9890294020613598,0.9829992845240562,0.06161709907032658,0.9890294020613598,0.5040427364265052,0.780957274981596,-0.8852994265230404,0.5042238188334582,0.17673922259446453,0.27387979568070464,-0.49196369747779767,0.17673922259446453,0.9789372653056319,0
OPERATING_POINT,,FAST,0.98,0.98,1.7,88,0.9893775318065464,0.9835341117294611,0.059970884786364476,0.9893775318065464,0.49641524748436155,0.7692970894237202,-0.8821657230711026,0.49654819796827315,0.1721939105681659,0.2669002845493059,-0.48396713425932275,0.1721939105681659,0.9792818427064796,0
OPERATING_POINT,,FAST,0.98,0.98,1.8,88,0.9894434054625162,0.9836212148060497,0.05967093777051416,0.9894434054625162,0.4954880376219538,0.7686604653248975,-0.8818485836736475,0.4954880376219538,0.17142720679885803,0.2659600143197821,-0.4827541615171926,0.17142720679885803,0.9793470441822865,0
OPERATING_POINT,,FAST,0.98,0.98,1.9,88,0.9896706175199527,0.9839613329482056,0.058607878705459665,0.9896706175199527,0.49068038259147334,0.7617874975814017,-0.8801272455029145,0.49068038259147334,0.1685141650114332,0.26164215358449483,-0.47777744961012886,0.1685141650114332,0.9795719377493409,0
OPERATING_POINT,,FAST,0.99,0.99,0.5,88,0.9922138907841145,0.987936855036321,0.04624643942829698,0.9922138907841145,0.5920592206919972,0.9151477815668159,-0.9393418333002784,0.5972881432774549,0.24093572570354657,0.37331547098641216,-0.6175165132715194,0.24093572570354657,0.987202709517528,0
OPERATING_POINT,,FAST,0.99,0.99,0.6,88,0.992625123930577,0.9885877262571209,0.04416090918158089,0.992625123930577,0.5811967290939145,0.8983108280467779,-0.9376044014127359,0.584128645205293,0.23117465152479386,0.35776503656521397,-0.6026048486538351,0.23117465152479386,0.9876118657289074,0
OPERATING_POINT,,FAST,0.99,0.99,0.7,88,0.9928899508055796,0.9889909430246778,0.04278165638334283,0.9928899508055796,0.5709057653392162,0.8832753392391908,-0.9348581642108731,0.5744429376514893,0.2244953571668348,0.34764718939257605,-0.5915006736522886,0.2244953571668348,0.9878753550944404,0
OPERATING_POINT,,FAST,0.99,0.99,0.8,88,0.9931949298733316,0.9894414399323256,0.0412334796388065,0.9931949298733316,0.5625249085584751,0.8717048071221956,-0.9333608747333764,0.5647424808374767,0.21729537123716636,0.33713077003914693,-0.5804157414541234,0.21729537123716636,0.9881787938638702,0
OPERATING_POINT,,FAST,0.99,0.99,0.9,88,0.9934599087330345,0.9898555741002572,0.03984896656464945,0.9934599087330345,0.5539198067180847,0.859172820449298,-0.9297895863105445,0.5544988478122289,0.2105388396637882,0.326605830376914,-0.568932677083181,0.2105388396637882,0.9884424344465039,0
OPERATING_POINT,,FAST,0.99,0.99,1.0,88,0.9936861948520757,0.9902267632667379,0.038672790093716825,0.9936861948520757,0.5455109708884627,0.8445227736221905,-0.9275358139740342,0.545750012374063,0.2047543819478557,0.31697560081587955,-0.5593400988904983,0.2047543819478557,0.988667577706358,0
OPERATING_POINT,,FAST,0.99,0.99,1.1,88,0.9938567713717618,0.9905073320871159,0.03777788720663307,0.9938567713717618,0.5384250054141131,0.831987164990471,-0.9254563785687008,0.53889625845885,0.2003097787955261,0.30955597216763947,-0.5517705838934407,0.2003097787955261,0.98883729272847,0
OPERATING_POINT,,FAST,0.99,0.99,1.2,88,0.9939574680905026,0.99067403594056,0.03724897978624837,0.9939574680905026,0.5342822010734513,0.8246225005463178,-0.924087152870277,0.5347908925240427,0.1976834271644786,0.30513623914489096,-0.5472560281376627,0.1976834271644786,0.9889374808779242,0
OPERATING_POINT,,FAST,0.99,0.99,1.3,88,0.9941205318567836,0.9909206152240827,0.03637916238405182,0.9941205318567836,0.5271968378564338,0.8142338458814294,-0.9207749940948204,0.5275292209379959,0.19330541308580826,0.2985475797558535,-0.5393191031970814,0.19330541308580826,0.9890997210898302,0
OPERATING_POINT,,FAST,0.99,0.99,1.4,88,0.9942739652089879,0.9911436808968297,0.03556608234123638,0.9942739652089879,0.5210378266928983,0.8058599719094882,-0.9180612663803351,0.5212062766735877,0.1892939483676287,0.29278479393712503,-0.5321877667560638,0.1892939483676287,0.989252379526114,0
OPERATING_POINT,,FAST,0.99,0.99,1.5,88,0.9943634100512161,0.991271362361713,0.03508523050605257,0.9943634100512161,0.5169829689518188,0.8004538282286102,-0.9160828260756876,0.5172418077329703,0.1868806518711531,0.28939642644706287,-0.5277218023494944,0.1868806518711531,0.9893413726267148,0
OPERATING_POINT,,FAST,0.99,0.99,1.6,88,0.9945384950750639,0.9915365095126283,0.034155477275625165,0.9945384950750639,0.5095518294402092,0.7894944999701682,-0.912761048317742,0.5097329118471622,0.18224831560816857,0.28241702066927665,-0.5194253192724991,0.18224831560816857,0.9895155733827656,0
OPERATING_POINT,,FAST,0.99,0.99,1.7,88,0.9947127710446023,0.9918042500713007,0.03321987637851948,0.9947127710446023,0.5017504867224175,0.7775672277655599,-0.9089167314789477,0.5018834372063292,0.1775291498062219,0.2751704228911454,-0.5107181426671678,0.1775291498062219,0.9896889691706398,0
OPERATING_POINT,,FAST,0.99,0.99,1.8,88,0.9947458575589249,0.9918480719826881,0.03304806976028403,0.9947458575589249,0.5007904897183625,0.7768873225015359,-0.9084714516838776,0.5007904897183625,0.1767296588952667,0.2741868714964204,-0.5093770295274226,0.1767296588952667,0.9897218885813545,0
OPERATING_POINT,,FAST,0.99,0.99,1.9,88,0.9948596659433959,0.9920184738505706,0.032442792169725315,0.9948596659433959,0.4958694310149163,0.7698446384837667,-0.9062923320386489,0.4958694310149163,0.17370321343487627,0.2696992944868599,-0.5039425361458632,0.17370321343487627,0.9898351221760048,0
OPERATING_POINT,,FAST,1.0,1.00,0.5,88,1.0,1.0,0.0,1.0,0.5998453299078829,0.9272109265304949,-0.9855882727285755,0.6050742524933406,0.24872183491943217,0.385378615950091,-0.6637629526998163,0.24872183491943217,1.0,0
OPERATING_POINT,,FAST,1.0,1.00,0.6,88,1.0,1.0,0.0,1.0,0.5885716051633376,0.9097231017896572,-0.9817653105943169,0.591503521274716,0.23854952759421677,0.3691773103080932,-0.646765757835416,0.23854952759421677,1.0,0
OPERATING_POINT,,FAST,1.0,1.00,0.7,88,1.0,1.0,0.0,1.0,0.5780158145336366,0.8942843962145129,-0.9776398205942158,0.5815529868459095,0.23160540636125518,0.35865624636789817,-0.6342823300356314,0.23160540636125518,1.0,0
OPERATING_POINT,,FAST,1.0,1.00,0.8,88,1.0,1.0,0.0,1.0,0.5693299786851435,0.8822633671898701,-0.9745943543721829,0.5715475509641451,0.2241004413638348,0.3476893301068214,-0.62164922109293,0.2241004413638348,1.0,0
OPERATING_POINT,,FAST,1.0,1.00,0.9,88,1.0,1.0,0.0,1.0,0.5604598979850501,0.8693172463490408,-0.9696385528751938,0.5610389390791944,0.2170789309307537,0.3367502562766569,-0.6087816436478305,0.2170789309307537,1.0,0
OPERATING_POINT,,FAST,1.0,1.00,1.0,88,1.0,1.0,0.0,1.0,0.5518247760363871,0.8542960103554527,-0.9662086040677511,0.5520638175219875,0.2110681870957802,0.32674883754914147,-0.5980128889842152,0.2110681870957802,1.0,0
OPERATING_POINT,,FAST,1.0,1.00,1.1,88,1.0,1.0,0.0,1.0,0.5445682340423514,0.8414798329033549,-0.9632342657753338,0.5450394870870884,0.2064530074237645,0.3190486400805235,-0.5895484711000738,0.2064530074237645,1.0,0
OPERATING_POINT,,FAST,1.0,1.00,1.2,88,1.0,1.0,0.0,1.0,0.5403247329829486,0.8339484646057578,-0.9613361326565252,0.5408334244335399,0.20372595907397584,0.314462203204331,-0.5845050079239111,0.20372595907397584,1.0,0
OPERATING_POINT,,FAST,1.0,1.00,1.3,88,1.0,1.0,0.0,1.0,0.5330763059996501,0.8233132306573467,-0.9571541564788721,0.5334086890812122,0.1991848812290245,0.3076269645317708,-0.5756982655811331,0.1991848812290245,1.0,0
OPERATING_POINT,,FAST,1.0,1.00,1.4,88,1.0,1.0,0.0,1.0,0.5267638614839106,0.8147162910126585,-0.9536273487215716,0.5269323114646,0.1950199831586409,0.3016411130402954,-0.5677538490973002,0.1950199831586409,1.0,0
OPERATING_POINT,,FAST,1.0,1.00,1.5,88,1.0,1.0,0.0,1.0,0.5226195589006027,0.8091824658668972,-0.9511680565817401,0.5228783976817543,0.19251724181993704,0.2981250640853499,-0.562807032855547,0.19251724181993704,1.0,0
OPERATING_POINT,,FAST,1.0,1.00,1.6,88,1.0,1.0,0.0,1.0,0.5150133343651452,0.7979579904575398,-0.946916525593367,0.5151944167720983,0.18770982053310464,0.29088051115664837,-0.5535807965481243,0.18770982053310464,1.0,0
OPERATING_POINT,,FAST,1.0,1.00,1.7,88,1.0,1.0,0.0,1.0,0.5070377156778152,0.7857629776942591,-0.9421366078574671,0.5071706661617269,0.18281637876161952,0.2833661728198447,-0.5439380190456873,0.18281637876161952,1.0,0
OPERATING_POINT,,FAST,1.0,1.00,1.8,88,1.0,1.0,0.0,1.0,0.5060446321594377,0.7850392505188478,-0.9415195214441617,0.5060446321594377,0.18198380133634187,0.2823387995137325,-0.5424250992877067,0.18198380133634187,1.0,0
OPERATING_POINT,,FAST,1.0,1.00,1.9,88,1.0,1.0,0.0,1.0,0.5010097650715206,0.777826164633196,-0.9387351242083742,0.5010097650715206,0.1788435474914805,0.2776808206362893,-0.5363853283155884,0.1788435474914805,1.0,0
OPERATING_POINT,,MEDIUM,0.3333333333333333,0.333333,0.5,88,0.4001546700921171,0.07278907346950513,0.9855882727285755,0.3949257475066594,-4.100255488672453e-17,-4.6049023180475245e-17,1.5139404881252134e-17,-5.172630001094479e-17,-0.35112349498845075,-0.5418323105804039,0.321825320028759,-0.35635241757390845,6.863920323464516e-17,88
OPERATING_POINT,,MEDIUM,0.3333333333333333,0.333333,0.6,88,0.41142839483666244,0.09027689821034272,0.9817653105943169,0.40849647872528405,-4.3525789033599885e-17,-5.866519391485203e-17,1.2616170734376778e-17,-4.9833874400788275e-17,-0.35002207756912085,-0.5405457914815641,0.33499955275890086,-0.3529539936804991,7.619425331620317e-17,88
OPERATING_POINT,,MEDIUM,0.3333333333333333,0.333333,0.7,88,0.4219841854663633,0.10571560378548703,0.9776398205942158,0.41844701315409033,-5.0464682937507114e-17,-6.434247074532158e-17,1.2616170734376778e-17,-5.614195976797667e-17,-0.34641040817238145,-0.5356281498466147,0.3433574905585846,-0.34994758048465446,8.145596832005988e-17,88
OPERATING_POINT,,MEDIUM,0.3333333333333333,0.333333,0.8,88,0.43067002131485643,0.11773663281012983,0.974594354372183,0.4284524490358548,-5.172630001094479e-17,-6.181923659844621e-17,1.8924256101565167e-17,-5.803438537813318e-17,-0.3452295373213088,-0.5345740370830487,0.3529451332792531,-0.3474471096003104,7.927106080985531e-17,88
OPERATING_POINT,,MEDIUM,0.3333333333333333,0.333333,0.9,88,0.4395401020149498,0.13068275365095913,0.9696385528751938,0.43896106092080556,-4.731064025391292e-17,-6.623489635547809e-17,1.3877787807814457e-17,-4.920306586406944e-17,-0.3433809670542965,-0.532566990072384,0.3608569092273633,-0.34396000814844074,8.130924347969551e-17,88
OPERATING_POINT,,MEDIUM,0.3333333333333333,0.333333,1.0,88,0.4481752239636128,0.14570398964454734,0.9662086040677511,0.44793618247801253,-5.488034269453899e-17,-7.12813646492288e-17,2.0185873175002847e-17,-5.614195976797667e-17,-0.340756588940607,-0.5275471728063111,0.3681957150835359,-0.3409956304262073,8.35877377836936e-17,88
OPERATING_POINT,,MEDIUM,0.3333333333333333,0.333333,1.1,88,0.4554317659576485,0.15852016709664482,0.9632342657753338,0.45496051291291145,-4.920306586406944e-17,-7.254298172266648e-17,2.2709107321878203e-17,-4.9833874400788275e-17,-0.338115226618587,-0.5224311928228317,0.37368579467526003,-0.33858647966332395,8.690952116789843e-17,88
OPERATING_POINT,,MEDIUM,0.3333333333333333,0.333333,1.2,88,0.4596752670170513,0.16605153539424217,0.9613361326565252,0.45916657556646,-5.929600245157086e-17,-7.380459879610416e-17,2.5232341468753557e-17,-5.99268109882897e-17,-0.3365987739089728,-0.5194862614014268,0.3768311247326142,-0.3371074653595641,8.543830642293383e-17,88
OPERATING_POINT,,MEDIUM,0.3333333333333333,0.333333,1.3,88,0.4669236940003499,0.1766867693426531,0.9571541564788721,0.46659131091878775,-5.488034269453899e-17,-7.506621586954184e-17,3.658689512969266e-17,-5.551115123125783e-17,-0.3338914247706255,-0.5156862661255761,0.38145589089773907,-0.3342238078521877,9.511700433843323e-17,88
OPERATING_POINT,,MEDIUM,0.3333333333333333,0.333333,1.4,88,0.4732361385160893,0.18528370898734137,0.9536273487215716,0.47306768853540004,-6.245004513516506e-17,-7.885106708985487e-17,2.1447490248440524e-17,-6.30808536718839e-17,-0.33174387832526975,-0.5130751779723632,0.3858734996242715,-0.33191232830595896,9.348533836223281e-17,88
OPERATING_POINT,,MEDIUM,0.3333333333333333,0.333333,1.5,88,0.4773804410993972,0.19081753413310262,0.9511680565817401,0.47712160231824563,-5.67727683046955e-17,-7.632783294297951e-17,1.766263902812749e-17,-5.866519391485203e-17,-0.33010231708066573,-0.5110574017815476,0.38836102372619313,-0.33036115586181725,9.791614699905885e-17,88
OPERATING_POINT,,MEDIUM,0.3333333333333333,0.333333,1.6,88,0.4849866656348546,0.2020420095424601,0.946916525593367,0.4848055832279016,-5.929600245157086e-17,-7.254298172266648e-17,2.6493958542191237e-17,-6.118842806172738e-17,-0.32730351383204076,-0.5070774793008914,0.3933357290452427,-0.32748459623899373,9.307343541648894e-17,88
OPERATING_POINT,,MEDIUM,0.3333333333333333,0.333333,1.7,88,0.49296228432218475,0.21423702230574085,0.9421366078574671,0.49282933383827315,-5.99268109882897e-17,-7.822025855313603e-17,2.397072439531588e-17,-6.055761952500853e-17,-0.3242213369161957,-0.5023968048744144,0.39819858881177983,-0.32435428740010736,9.761017260615843e-17,88
OPERATING_POINT,,MEDIUM,0.3333333333333333,0.333333,1.8,88,0.4939553678405623,0.21496074948115204,0.9415195214441617,0.4939553678405623,-5.929600245157086e-17,-8.011268416329254e-17,2.397072439531588e-17,-5.929600245157086e-17,-0.32406083082309584,-0.5027004510051155,0.399094422156455,-0.32406083082309584,1.00822442366934e-16,88
OPERATING_POINT,,MEDIUM,0.3333333333333333,0.333333,1.9,88,0.4989902349284794,0.22217383536680382,0.9387351242083742,0.4989902349284794,-6.371166220860273e-17,-8.074349270001139e-17,2.7755575615628914e-17,-6.371166220860273e-17,-0.3221662175800401,-0.5001453439969069,0.4023497958927857,-0.3221662175800401,1.0432441709844666e-16,88
OPERATING_POINT,,MEDIUM,0.5,0.50,0.5,88,0.5652508134113838,0.32633345075579856,0.891760636135016,0.5652508134113838,0.1650961433192667,0.25354437728629337,-0.09382763659355935,0.17032506590472438,-0.186027351669184,-0.28828793329411045,0.22799768343519966,-0.186027351669184,0.2826254067056919,88
OPERATING_POINT,,MEDIUM,0.5,0.50,0.6,88,0.578907947202281,0.3482607496146951,0.8793696678516838,0.578907947202281,0.16747955236561854,0.2579838514043523,-0.10239564274263331,0.17041146847699687,-0.18254252520350225,-0.2825619400772117,0.23260391001626754,-0.18254252520350225,0.2894539736011405,88
OPERATING_POINT,,MEDIUM,0.5,0.50,0.7,88,0.5886002338395347,0.36285153893480254,0.8693574323939711,0.5886002338395347,0.1666160483731713,0.25713593514931543,-0.10828238820024479,0.1701532206854443,-0.1797943597992101,-0.27849221469729923,0.2350751023583398,-0.1797943597992101,0.2943001169197674,88
OPERATING_POINT,,MEDIUM,0.5,0.50,0.8,88,0.5986651335190907,0.37735480367863905,0.8600499859455588,0.5986651335190907,0.16799511220423421,0.2596181708685092,-0.1145443684266243,0.17021268448323584,-0.17723442511707452,-0.27495586621453955,0.23840076485262873,-0.17723442511707452,0.29933256675954534,88
OPERATING_POINT,,MEDIUM,0.5,0.50,0.9,88,0.6086471061029722,0.39285011309406315,0.849269811984253,0.6086471061029722,0.16910700408802234,0.26216735944310393,-0.1203687408909409,0.16968604518216665,-0.1742739629662741,-0.27039963062927996,0.24048816833642242,-0.1742739629662741,0.3043235530514861,88
OPERATING_POINT,,MEDIUM,0.5,0.50,1.0,88,0.6171948639064486,0.40734123084623536,0.8405464420783004,0.6171948639064486,0.16901963994283567,0.26163724120168796,-0.12566216198945065,0.169258681428436,-0.17173694899777125,-0.2659099316046231,0.2425335530940852,-0.17173694899777125,0.3085974319532243,88
OPERATING_POINT,,MEDIUM,0.5,0.50,1.1,88,0.6238310180651065,0.41862989638196396,0.8335080608052643,0.6238310180651065,0.16839925210745801,0.260109729285319,-0.12972620497006965,0.16887050515219498,-0.16971597451112894,-0.26232146353751257,0.24395958970519036,-0.16971597451112894,0.3119155090325533,88
OPERATING_POINT,,MEDIUM,0.5,0.50,1.2,88,0.6277731734919452,0.42539338771783475,0.8292410825917375,0.6277731734919452,0.16809790647489375,0.25934185232359247,-0.13209505006478783,0.16860659792548507,-0.16850086743407897,-0.26014440907783426,0.24473607466782638,-0.16850086743407897,0.3138865867459726,88
OPERATING_POINT,,MEDIUM,0.5,0.50,1.3,88,0.6345174541061925,0.4354822816833497,0.8212713679086489,0.6345174541061925,0.16759376010584257,0.2587955123406964,-0.1358827885702233,0.16792614318740473,-0.16629766466478293,-0.2568907537848796,0.24557310232751572,-0.16629766466478293,0.31725872705309627,88
OPERATING_POINT,,MEDIUM,0.5,0.50,1.4,88,0.6405582826860076,0.44403186122166766,0.8142996607680956,0.6405582826860076,0.1673221441699182,0.2587481522343263,-0.13932768795347608,0.1674905941506075,-0.16442173415535147,-0.25432702573803695,0.24654581167079528,-0.16442173415535147,0.3202791413430038,88
OPERATING_POINT,,MEDIUM,0.5,0.50,1.5,88,0.6442687007292985,0.44913019941989485,0.8097788191706243,0.6442687007292985,0.1668882596299013,0.2583126652867922,-0.14138923741111567,0.16714709841105288,-0.16321405745076434,-0.2527447364947552,0.24697178631507744,-0.16321405745076434,0.32213435036464927,88
OPERATING_POINT,,MEDIUM,0.5,0.50,1.6,88,0.651326730831093,0.4596978811811685,0.8015515421426177,0.651326730831093,0.1663400651962384,0.25765587163870846,-0.14536498345074914,0.16652114760319137,-0.1609634486358023,-0.24942160766218302,0.24797074559449353,-0.1609634486358023,0.3256633654155465,88
OPERATING_POINT,,MEDIUM,0.5,0.50,1.7,88,0.6586193402220266,0.47088754960288026,0.7927147043199168,0.6586193402220266,0.16565705589984187,0.2566505272971394,-0.1494219035375503,0.1657900063837535,-0.15856428101635378,-0.24574627757727505,0.24877668527422958,-0.15856428101635378,0.3293096701110133,88
OPERATING_POINT,,MEDIUM,0.5,0.50,1.8,88,0.659746873308657,0.4721354138090406,0.7914805969897365,0.659746873308657,0.16579150546809462,0.2571746643278885,-0.15003892445442532,0.16579150546809462,-0.15826932535500113,-0.24552578667722696,0.24905549770202964,-0.15826932535500113,0.3298734366543285,88
OPERATING_POINT,,MEDIUM,0.5,0.50,1.9,88,0.664367586218636,0.47890348392853177,0.7860874466860172,0.664367586218636,0.16537735129015665,0.2567296485617278,-0.152647677522357,0.16537735129015665,-0.15678886628988342,-0.24341569543517902,0.24970211837042866,-0.15678886628988342,0.33218379310931806,88
OPERATING_POINT,,MEDIUM,0.6,0.60,0.5,88,0.6605472266849404,0.47402122353065274,0.7925534928606546,0.6605472266849404,0.26039255659282323,0.4012321500611476,-0.19303477986792075,0.2656214791782809,-0.09073093839562746,-0.14060016051925625,0.1287905401608382,-0.09073093839562746,0.4403648177899602,88
OPERATING_POINT,,MEDIUM,0.6,0.60,0.6,88,0.6728726561970969,0.49371876772557227,0.7768681536261351,0.6728726561970969,0.26144426136043447,0.40344186951522953,-0.2048971569681818,0.2643761774718128,-0.08857781620868631,-0.1371039219663345,0.13010239579071908,-0.08857781620868631,0.44858177079806455,88
OPERATING_POINT,,MEDIUM,0.6,0.60,0.7,88,0.6814519671185617,0.5066823147899623,0.7648740990569265,0.6814519671185617,0.25946778165219825,0.40096671100447523,-0.2127657215372894,0.26300495396447127,-0.08694262652018314,-0.13466143884213955,0.13059176902129516,-0.08694262652018314,0.4543013114123744,88
OPERATING_POINT,,MEDIUM,0.6,0.60,0.8,88,0.6905383427420256,0.5198821980662806,0.7531757357866705,0.6905383427420256,0.25986832142716926,0.4021455652561508,-0.22141861858551246,0.26208589370617086,-0.08536121589413947,-0.132428471826898,0.13152651469374058,-0.08536121589413947,0.4603588951613505,88
OPERATING_POINT,,MEDIUM,0.6,0.60,0.9,88,0.6992815969492967,0.5334822579292816,0.7405947301766912,0.6992815969492967,0.25974149493434684,0.40279950427832245,-0.22904382269850262,0.2603205360284911,-0.08363947211994958,-0.1297674857940615,0.13181308652886067,-0.08363947211994958,0.46618773129953117,88
OPERATING_POINT,,MEDIUM,0.6,0.60,1.0,88,0.7067694905017974,0.5460400091336667,0.7301854404856922,0.7067694905017974,0.25859426653818446,0.4003360194891192,-0.23602316358205877,0.2588333080237848,-0.08216232240242247,-0.12721115331719185,0.1321725515014771,-0.08216232240242247,0.4711796603345316,88
OPERATING_POINT,,MEDIUM,0.6,0.60,1.1,88,0.7125518008274517,0.5557659828042556,0.7219103147861872,0.7125518008274517,0.2571200348698031,0.3972458157076107,-0.24132395098914666,0.25759128791454006,-0.0809951917487839,-0.1251853771152209,0.1323618436861133,-0.0809951917487839,0.4750345338849677,88
OPERATING_POINT,,MEDIUM,0.6,0.60,1.2,88,0.7159757675991734,0.5615734552270459,0.7169467308172665,0.7159757675991734,0.25630050058212195,0.3955219198328036,-0.2443894018392589,0.2568091920327133,-0.08029827332685076,-0.12396434156862317,0.13244172289335535,-0.08029827332685076,0.47731717839944887,88
OPERATING_POINT,,MEDIUM,0.6,0.60,1.3,88,0.721748635787347,0.5702403465302641,0.708034943804908,0.721748635787347,0.25482494178699716,0.39355357718761097,-0.24911921267396434,0.2551573248685593,-0.07906648298362841,-0.12213268893796503,0.13233667822377468,-0.07906648298362841,0.48116575719156474,88
OPERATING_POINT,,MEDIUM,0.6,0.60,1.4,88,0.7269853581861407,0.5777183932954709,0.7001087830327059,0.7269853581861407,0.2537492196700514,0.3924346843081294,-0.25351856568886577,0.2539176696507406,-0.07799465865521832,-0.12064049366423375,0.13235493393540562,-0.07799465865521832,0.4846569054574271,88
OPERATING_POINT,,MEDIUM,0.6,0.60,1.5,88,0.7301665184066227,0.5821466410229142,0.6950820654652805,0.7301665184066227,0.2527860773072255,0.39132910688981154,-0.2560859911164595,0.25304491608837704,-0.07731623977344015,-0.11972829489173589,0.13227503260973356,-0.07731623977344015,0.48677767893774854,88
OPERATING_POINT,,MEDIUM,0.6,0.60,1.6,88,0.7362441777517703,0.5912805156388075,0.6858113603679268,0.7362441777517703,0.25125751211691577,0.3892385060963473,-0.2611051652254402,0.2514385945238687,-0.07604600171512493,-0.11783897320454416,0.13223056381980244,-0.07604600171512493,0.4908294518345136,88
OPERATING_POINT,,MEDIUM,0.6,0.60,1.7,88,0.7424779942644562,0.6008501609028468,0.6759985108157568,0.7424779942644562,0.24951570994227124,0.38661313859710583,-0.2661380970417103,0.2496486604261829,-0.07470562697392441,-0.11578366627730854,0.13206049177006957,-0.07470562697392441,0.4949853295096373,88
OPERATING_POINT,,MEDIUM,0.6,0.60,1.8,88,0.7434915485224708,0.6020475149071335,0.6745437834899211,0.7434915485224708,0.24953618068190855,0.38708676542598136,-0.2669757379542407,0.24953618068190855,-0.07452465014118718,-0.11561368557913405,0.13211868420221434,-0.07452465014118718,0.4956610323483139,88
OPERATING_POINT,,MEDIUM,0.6,0.60,1.9,88,0.7474665583893941,0.6079127511708367,0.6684692228605182,0.7474665583893941,0.2484763234609148,0.38573891580403286,-0.2702659013478559,0.2484763234609148,-0.07368989411912528,-0.114406428192874,0.13208389454492983,-0.07368989411912528,0.4983110389262628,88
OPERATING_POINT,,MEDIUM,0.7,0.70,0.5,88,0.7512781650805678,0.614621384049909,0.6637629526998163,0.7512781650805678,0.3511234949884507,0.5418323105804038,-0.321825320028759,0.35635241757390834,0.0,0.0,0.0,0.0,0.5902899868490175,0
OPERATING_POINT,,MEDIUM,0.7,0.70,0.6,88,0.7614504724057831,0.6308226896919068,0.646765757835416,0.7614504724057831,0.3500220775691208,0.5405457914815641,-0.33499955275890086,0.35295399368049907,0.0,0.0,0.0,0.0,0.5982825140331154,0
OPERATING_POINT,,MEDIUM,0.7,0.70,0.7,88,0.7683945936387448,0.6413437536321017,0.6342823300356314,0.7683945936387448,0.3464104081723814,0.5356281498466147,-0.3433574905585846,0.3499475804846544,0.0,0.0,0.0,0.0,0.6037386092875852,0
OPERATING_POINT,,MEDIUM,0.7,0.70,0.8,88,0.7758995586361652,0.6523106698931787,0.62164922109293,0.7758995586361652,0.3452295373213087,0.5345740370830486,-0.3529451332792531,0.34744710960031033,0.0,0.0,0.0,0.0,0.6096353674998439,0
OPERATING_POINT,,MEDIUM,0.7,0.70,0.9,88,0.7829210690692462,0.6632497437233431,0.6087816436478305,0.7829210690692462,0.3433809670542964,0.532566990072384,-0.3608569092273633,0.34396000814844074,0.0,0.0,0.0,0.0,0.6151522685544077,0
OPERATING_POINT,,MEDIUM,0.7,0.70,1.0,88,0.7889318129042199,0.6732511624508585,0.5980128889842152,0.7889318129042199,0.34075658894060695,0.527547172806311,-0.3681957150835359,0.3409956304262073,0.0,0.0,0.0,0.0,0.6198749958533155,0
OPERATING_POINT,,MEDIUM,0.7,0.70,1.1,88,0.7935469925762355,0.6809513599194764,0.5895484711000738,0.7935469925762355,0.338115226618587,0.5224311928228315,-0.37368579467526003,0.33858647966332395,0.0,0.0,0.0,0.0,0.6235012084527565,0
OPERATING_POINT,,MEDIUM,0.7,0.70,1.2,88,0.7962740409260239,0.685537796795669,0.5845050079239111,0.7962740409260239,0.33659877390897275,0.5194862614014268,-0.3768311247326142,0.33710746535956404,0.0,0.0,0.0,0.0,0.6256438892990189,0
OPERATING_POINT,,MEDIUM,0.7,0.70,1.3,88,0.8008151187709754,0.6923730354682291,0.5756982655811331,0.8008151187709754,0.3338914247706255,0.515686266125576,-0.38145589089773907,0.3342238078521877,0.0,0.0,0.0,0.0,0.6292118790343378,0
OPERATING_POINT,,MEDIUM,0.7,0.70,1.4,88,0.804980016841359,0.6983588869597046,0.5677538490973002,0.804980016841359,0.3317438783252697,0.5130751779723632,-0.3858734996242715,0.3319123283059589,0.0,0.0,0.0,0.0,0.6324842989467822,0
OPERATING_POINT,,MEDIUM,0.7,0.70,1.5,88,0.8074827581800629,0.7018749359146501,0.562807032855547,0.8074827581800629,0.3301023170806657,0.5110574017815473,-0.38836102372619313,0.3303611558618172,0.0,0.0,0.0,0.0,0.6344507385700494,0
OPERATING_POINT,,MEDIUM,0.7,0.70,1.6,88,0.8122901794668954,0.7091194888433516,0.5535807965481243,0.8122901794668954,0.32730351383204065,0.5070774793008914,-0.3933357290452427,0.3274845962389936,0.0,0.0,0.0,0.0,0.6382279981525606,0
OPERATING_POINT,,MEDIUM,0.7,0.70,1.7,88,0.8171836212383805,0.7166338271801553,0.5439380190456873,0.8171836212383805,0.3242213369161957,0.5023968048744144,-0.39819858881177983,0.32435428740010724,0.0,0.0,0.0,0.0,0.6420728452587275,0
OPERATING_POINT,,MEDIUM,0.7,0.70,1.8,88,0.818016198663658,0.7176612004862675,0.5424250992877067,0.818016198663658,0.32406083082309584,0.5027004510051154,-0.399094422156455,0.32406083082309584,0.0,0.0,0.0,0.0,0.6427270132357313,0
OPERATING_POINT,,MEDIUM,0.7,0.70,1.9,88,0.8211564525085197,0.7223191793637107,0.5363853283155884,0.8211564525085197,0.32216621758004005,0.5001453439969068,-0.4023497958927857,0.32216621758004005,0.0,0.0,0.0,0.0,0.6451943555424081,0
OPERATING_POINT,,MEDIUM,0.8,0.80,0.5,88,0.8378620431853183,0.7487852221893383,0.5031276384250379,0.8378620431853183,0.4377073730932011,0.6759961487198332,-0.48246063430353736,0.44293629567865883,0.08658387810475049,0.13416383813942928,-0.1606353142747784,0.08658387810475049,0.7331292877871537,0
OPERATING_POINT,,MEDIUM,0.8,0.80,0.6,88,0.8451940440851263,0.76043221961866,0.4873072996004721,0.8451940440851263,0.4337656492484639,0.6701553214083174,-0.49445801099384484,0.4366975653598422,0.08374357167934314,0.1296095299267533,-0.15945845823494406,0.08374357167934314,0.7395447885744857,0
OPERATING_POINT,,MEDIUM,0.8,0.80,0.7,88,0.8501015718111692,0.7678829495788655,0.4760836438548354,0.8501015718111692,0.4281173863448057,0.6621673457933784,-0.5015561767393806,0.43165455865707875,0.08170697817242428,0.1265391959467637,-0.15819868618079597,0.08170697817242428,0.743838875334773,0
OPERATING_POINT,,MEDIUM,0.8,0.80,0.8,88,0.8555179296830489,0.7758335678477405,0.46434320575470944,0.8555179296830489,0.42484790836819253,0.6580969350376106,-0.5102511486174736,0.4270654806471941,0.07961837104688377,0.12352289795456194,-0.15730601533822047,0.07961837104688377,0.7485781884726678,0
OPERATING_POINT,,MEDIUM,0.8,0.80,0.9,88,0.8604527422244069,0.7835314945346702,0.45291489953157243,0.8604527422244069,0.4209126402094572,0.6528487408837109,-0.5167236533436214,0.42149168130360143,0.07753167315516073,0.12028175081132698,-0.1558667441162581,0.07753167315516073,0.7528961494463562,0
OPERATING_POINT,,MEDIUM,0.8,0.80,1.0,88,0.864674071870937,0.7905133972638567,0.4432871361610211,0.864674071870937,0.41649884790732405,0.6448094076193094,-0.5229214679067299,0.41673788939292433,0.0757422589667171,0.1172622348129984,-0.154725752823194,0.0757422589667171,0.7565898128870697,0
OPERATING_POINT,,MEDIUM,0.8,0.80,1.1,88,0.86789573452165,0.7958559378093383,0.43579652291950505,0.86789573452165,0.41246396856400147,0.6373357707126933,-0.5274377428558288,0.41293522160873847,0.07434874194541453,0.11490457788986178,-0.15375194818056878,0.07434874194541453,0.7594087677064439,0
OPERATING_POINT,,MEDIUM,0.8,0.80,1.2,88,0.8697971853795601,0.7990329621902639,0.43135225875053435,0.8697971853795601,0.41012191836250866,0.6329814267960215,-0.5299838739059909,0.4106306098130999,0.07352314445353585,0.11349516539459473,-0.15315274917337673,0.07352314445353585,0.7610725372071151,0
OPERATING_POINT,,MEDIUM,0.8,0.80,1.3,88,0.8729295663434329,0.8037570486356138,0.42375977761535905,0.8729295663434329,0.40600587234308283,0.6270702792929607,-0.5333943788635132,0.406338255424645,0.07211444757245741,0.11138401316738465,-0.15193848796577414,0.07211444757245741,0.7638133705505038,0
OPERATING_POINT,,MEDIUM,0.8,0.80,1.4,88,0.8758305103740063,0.8079466657820841,0.4168244335740356,0.8758305103740063,0.40259437185791697,0.6226629567947426,-0.536802915147536,0.4027628218386062,0.07085049353264727,0.10958777882237936,-0.1509294155232646,0.07085049353264727,0.7663516965772555,0
OPERATING_POINT,,MEDIUM,0.8,0.80,1.5,88,0.8775552486606663,0.8103863586821007,0.41257739570223734,0.8775552486606663,0.400174807561269,0.619568824548998,-0.5385906608795028,0.40043364634242046,0.0700724904806033,0.10851142276745059,-0.15022963715330967,0.0700724904806033,0.7678608425780827,0
OPERATING_POINT,,MEDIUM,0.8,0.80,1.6,88,0.880888547592043,0.8154199137251564,0.4045701771632618,0.880888547592043,0.39590188195718845,0.6133779041826964,-0.5423463484301052,0.3960829643641413,0.06859836812514776,0.10630042488180497,-0.1490106193848625,0.06859836812514776,0.7707774791430378,0
OPERATING_POINT,,MEDIUM,0.8,0.80,1.7,88,0.8842553104267317,0.8205909851071685,0.3963011485331396,0.8842553104267317,0.39129302610454675,0.6063539628014276,-0.5458354593243275,0.3914259765884584,0.06707168918835114,0.10395715792701322,-0.14763687051254773,0.06707168918835114,0.7737233966233902,0
OPERATING_POINT,,MEDIUM,0.8,0.80,1.8,88,0.884852205899546,0.8213508025896044,0.3949327698159589,0.884852205899546,0.39089683805898373,0.6063900531084522,-0.5465867516282028,0.39089683805898373,0.06683600723588799,0.10368960210333679,-0.1474923294717478,0.06683600723588799,0.7742456801621028,0
OPERATING_POINT,,MEDIUM,0.8,0.80,1.9,88,0.8870262680920274,0.824588442597728,0.38969820933284766,0.8870262680920274,0.388036033163548,0.602414607230924,-0.5490369148755266,0.388036033163548,0.06586981558350796,0.10226926323401728,-0.1466871189827409,0.06586981558350796,0.776147984580524,0
OPERATING_POINT,,MEDIUM,0.9,0.90,0.5,88,0.9206629777503721,0.8770793301968783,0.3009909941586984,0.9206629777503721,0.5205083076582548,0.8042902567273734,-0.684597278569877,0.5257372302437125,0.16938481266980418,0.2624579461469695,-0.362771958541118,0.16938481266980418,0.8695150345420182,0
OPERATING_POINT,,MEDIUM,0.9,0.90,0.6,88,0.92457514448364,0.8832808814608968,0.28967670741559404,0.92457514448364,0.5131467496469775,0.7930039832505542,-0.6920886031787229,0.5160786657583558,0.16312467207785664,0.2524581917689899,-0.357089050419822,0.16312467207785664,0.8732098586789934,0
OPERATING_POINT,,MEDIUM,0.9,0.90,0.7,88,0.9271415982120014,0.8871837156654728,0.2819134157124246,0.9271415982120014,0.505157412745638,0.7814681118799857,-0.6957264048817913,0.5086945850579109,0.1587470045732565,0.245839962033371,-0.35236891432320677,0.1587470045732565,0.875633731644668,0
OPERATING_POINT,,MEDIUM,0.9,0.90,0.8,88,0.9300368506988157,0.8914489342721208,0.27351892922766086,0.9300368506988157,0.4993668293839592,0.7737123014619908,-0.7010754251445221,0.5015844016629608,0.15413729206265048,0.2391382643789422,-0.3481302918652691,0.15413729206265048,0.8783681367711036,0
OPERATING_POINT,,MEDIUM,0.9,0.90,0.9,88,0.9326086198046223,0.8954649869683429,0.2656813719997737,0.9326086198046223,0.4930685177896723,0.7647822333173836,-0.7039571808754201,0.49364755888381656,0.14968755073537585,0.23221524324499968,-0.34310027164805684,0.14968755073537585,0.8807970298154764,0
OPERATING_POINT,,MEDIUM,0.9,0.90,1.0,88,0.9348066408502288,0.89908319272004,0.25904994399869136,0.9348066408502288,0.486631416886616,0.7533792030754927,-0.7071586600690597,0.4868704583722164,0.14587482794600912,0.22583203026918158,-0.3389629449855238,0.14587482794600912,0.8828729385807719,0
OPERATING_POINT,,MEDIUM,0.9,0.90,1.1,88,0.9364734847673788,0.9018342918379457,0.25394358876477496,0.9364734847673788,0.48104171880973023,0.7433141247413009,-0.7092906770105588,0.4815129718544672,0.14292649219114326,0.22088293191846933,-0.3356048823352989,0.14292649219114326,0.8844471800580801,0
OPERATING_POINT,,MEDIUM,0.9,0.90,1.2,88,0.9374570159082546,0.9034689826017751,0.25092166245450237,0.9374570159082546,0.47778174889120334,0.7374174472075329,-0.7104144702020231,0.47829044034179463,0.14118297498223056,0.21793118580610615,-0.33358334546940877,0.14118297498223056,0.8853760705800181,0
OPERATING_POINT,,MEDIUM,0.9,0.90,1.3,88,0.9390619562171697,0.9058931817893914,0.2458559307822128,0.9390619562171697,0.47213826221681965,0.7292064124467381,-0.7112982256966593,0.47247064529838184,0.13824683744619415,0.21352014632116223,-0.3298423347989204,0.13824683744619415,0.8868918475384381,0
OPERATING_POINT,,MEDIUM,0.9,0.90,1.4,88,0.9405613267944485,0.9080669014348719,0.24117464972485542,0.9405613267944485,0.46732518827835906,0.7227831924475304,-0.7124526989967161,0.46749363825904827,0.13558130995308934,0.20970801447516726,-0.32657919937244473,0.13558130995308934,0.8883079197503124,0
OPERATING_POINT,,MEDIUM,0.9,0.90,1.5,88,0.941443499285042,0.9093213810010327,0.23835477348499753,0.941443499285042,0.4640630581856447,0.7185038468679301,-0.7128132830967426,0.46432189696679615,0.133960741104979,0.20744644508638269,-0.3244522593705495,0.133960741104979,0.8891410826580951,0
OPERATING_POINT,,MEDIUM,0.9,0.90,1.6,88,0.9431596819314937,0.9119172111858426,0.23297728994066141,0.9431596819314937,0.4581730162966389,0.7098752016433824,-0.7139392356527057,0.45835409870359195,0.13086950246459828,0.20279772234249097,-0.3206035066074629,0.13086950246459828,0.8907619218241885,0
OPERATING_POINT,,MEDIUM,0.9,0.90,1.7,88,0.9448797383932601,0.9145594725487001,0.2274909462619566,0.9448797383932601,0.45191745407107525,0.7003224502429591,-0.7146456615955106,0.45205040455498685,0.12769611715487963,0.1979256453685447,-0.3164470727837307,0.12769611715487963,0.8923864195936346,0
OPERATING_POINT,,MEDIUM,0.9,0.90,1.8,88,0.9451963341504895,0.9149719680385925,0.22653523715103835,0.9451963341504895,0.45124096630992727,0.7000112185574404,-0.7149842842931234,0.45124096630992727,0.12718013548683144,0.19731076755232502,-0.3158898621366683,0.12718013548683144,0.8926854266976847,0
OPERATING_POINT,,MEDIUM,0.9,0.90,1.9,88,0.9463137602940948,0.9166412392723757,0.22302618821601003,0.9463137602940948,0.4473235253656154,0.6944674039055717,-0.7157089359923641,0.4473235253656154,0.1251573077855754,0.194322059908665,-0.31335914009957844,0.1251573077855754,0.8937407736110896,0
OPERATING_POINT,,MEDIUM,0.95,0.95,0.5,88,0.96074608922758,0.9391827440440091,0.17479341877769583,0.96074608922758,0.560591419135463,0.8663936705745038,-0.8107948539508795,0.5658203417209207,0.20946792414701232,0.3245613599941001,-0.4889695339221205,0.20946792414701232,0.9354632974058017,0
OPERATING_POINT,,MEDIUM,0.95,0.95,0.6,88,0.9627589319995885,0.9423706330623205,0.16760684030993628,0.9627589319995885,0.551330537162926,0.8520937348519777,-0.8141584702843807,0.5542624532743045,0.20130845959380528,0.31154794337041364,-0.47915891752547973,0.20130845959380528,0.9374231706311782,0
OPERATING_POINT,,MEDIUM,0.95,0.95,0.7,88,0.9640659549118434,0.9443596339629049,0.16276395963327833,0.9640659549118434,0.5420817694454798,0.8386440301774178,-0.8148758609609377,0.5456189417577529,0.19567136127309848,0.30301588033080296,-0.4715183704023531,0.19567136127309848,0.938695798203637,0
OPERATING_POINT,,MEDIUM,0.95,0.95,0.8,88,0.9655572415892998,0.946559963238316,0.15743057053794776,0.9655572415892998,0.5348872202744434,0.828823330428186,-0.8171637838342353,0.5371047925534449,0.18965768295313465,0.29424929334513744,-0.4642186505549822,0.18965768295313465,0.9401478404948446,0
OPERATING_POINT,,MEDIUM,0.95,0.95,0.9,88,0.966865641607166,0.9486041231957972,0.15255713860162176,0.966865641607166,0.5273255395922162,0.817921369544838,-0.8170814142735722,0.5279045806863606,0.1839445725379198,0.285354379472454,-0.4562245050462088,0.1839445725379198,0.9414218089332933,0
OPERATING_POINT,,MEDIUM,0.95,0.95,1.0,88,0.9679833894620795,0.9504403471948641,0.14842583301484338,0.9679833894620795,0.5198081654984665,0.8047363575503167,-0.8177827710529076,0.5200472069840668,0.1790515765578596,0.2771891847440056,-0.44958705596937176,0.1790515765578596,0.942510142370972,0
OPERATING_POINT,,MEDIUM,0.95,0.95,1.1,88,0.9688282287216711,0.9518319694675718,0.14526297239940128,0.9688282287216711,0.5133964627640224,0.7933118023709269,-0.8179712933759323,0.5138677158087593,0.17528123614543545,0.2708806095480953,-0.4442854987006725,0.17528123614543545,0.9433327490184689,0
OPERATING_POINT,,MEDIUM,0.95,0.95,1.2,88,0.9693268215349229,0.9526587793036027,0.1433926638193145,0.9693268215349229,0.5096515545178715,0.7866072439093604,-0.8179434688372108,0.5101602459684628,0.1730527806088987,0.2671209825079336,-0.44111234410459654,0.1730527806088987,0.9438182209682142,0
OPERATING_POINT,,MEDIUM,0.95,0.95,1.3,88,0.9701369021988058,0.9538831714432728,0.140286985066094,0.9701369021988058,0.5032132081984557,0.7771964021006198,-0.8168671714127782,0.5035455912800179,0.16932178342783027,0.26151013597504374,-0.4354112805150392,0.16932178342783027,0.9446069837198898,0
OPERATING_POINT,,MEDIUM,0.95,0.95,1.4,88,0.9708967698869656,0.9549865805831139,0.1374001258252445,0.9708967698869656,0.4976606313708762,0.7697028715957724,-0.8162272228963271,0.49782908135156545,0.1659167530456065,0.25662769362340926,-0.4303537232720556,0.1659167530456065,0.9453468548899401,0
OPERATING_POINT,,MEDIUM,0.95,0.95,1.5,88,0.9713415509989743,0.9556204793146347,0.13567667494866023,0.9713415509989743,0.49396110989957703,0.7648029451815322,-0.8154913816330798,0.4942199486807286,0.16385879281891133,0.2537455433999848,-0.4271303579068867,0.16385879281891133,0.9457799312358433,0
OPERATING_POINT,,MEDIUM,0.95,0.95,1.6,88,0.9722097864009297,0.956934655304184,0.13236844639410256,0.9722097864009297,0.487223120766075,0.7548926457617238,-0.8145480791992644,0.48740420317302796,0.15991960693403426,0.24781516646083232,-0.42121235015402175,0.15991960693403426,0.9466253183377472,0
OPERATING_POINT,,MEDIUM,0.95,0.95,1.7,88,0.9730766487285151,0.9582663627523819,0.12901573982647388,0.9730766487285151,0.48011436440633015,0.7440293404466409,-0.8131208680309933,0.4802473148902417,0.15589302749013448,0.24163253557222647,-0.4149222792192134,0.15589302749013448,0.9474693684988171,0
OPERATING_POINT,,MEDIUM,0.95,0.95,1.8,88,0.9732390226558064,0.9584799517730651,0.12841596172487998,0.9732390226558064,0.4792836548152439,0.7435192022919129,-0.8131035597192817,0.4792836548152439,0.1552228239921482,0.24081875128679756,-0.41400913756282665,0.1552228239921482,0.947627469428022,0
OPERATING_POINT,,MEDIUM,0.95,0.95,1.9,88,0.9738038214528134,0.9593247928618073,0.12625964097158812,0.9738038214528134,0.47481358652433414,0.7371509574950033,-0.812475483236786,0.47481358652433414,0.15264736894429404,0.2370056134980966,-0.4101256873440003,0.15264736894429404,0.948177405098792,0
OPERATING_POINT,,MEDIUM,0.98,0.98,0.5,88,0.9843957155429609,0.9758239775194523,0.08275426223553958,0.9843957155429609,0.5842410454508437,0.9030349040499472,-0.9028340104930358,0.5894699680363013,0.23311755046239302,0.3612025934695433,-0.5810086904642768,0.23311755046239302,0.9743508613027264,0
OPERATING_POINT,,MEDIUM,0.98,0.98,0.6,88,0.9852139163130698,0.9771191764863049,0.0791283223951849,0.9852139163130698,0.5737855214764073,0.8868422782759621,-0.9026369881991321,0.5767174375877855,0.2237634439072865,0.34629648679439806,-0.5676374354402312,0.2237634439072865,0.9751607130853853,0
OPERATING_POINT,,MEDIUM,0.98,0.98,0.7,88,0.9857419208749773,0.9779229977522028,0.0767164709608577,0.9857419208749773,0.5637577354086141,0.8722073939667158,-0.9009233496333583,0.5672949077208871,0.21734732723623262,0.33657924412010104,-0.5575658590747737,0.21734732723623262,0.975683329845641,0
OPERATING_POINT,,MEDIUM,0.98,0.98,0.8,88,0.9863485599022845,0.9788188399901759,0.07402493283523622,0.9863485599022845,0.5556785385874281,0.8610822071800459,-0.9005694215369467,0.5578961108664298,0.21044900126611935,0.3265081700969972,-0.5476242882576937,0.21044900126611935,0.9762837786787919,0
OPERATING_POINT,,MEDIUM,0.98,0.98,0.9,88,0.9868769163051861,0.9796445331957222,0.07160222004653792,0.9868769163051861,0.5473368142902362,0.8489617795447629,-0.8980363328286558,0.5479158553843805,0.20395584723593982,0.3163947894723791,-0.5371794236012927,0.20395584723593982,0.9768067436898271,0
OPERATING_POINT,,MEDIUM,0.98,0.98,1.0,88,0.9873281615555949,0.9803850016957262,0.06954553891583867,0.9873281615555949,0.5391529375919819,0.8346810120511786,-0.8966630651519125,0.5393919790775822,0.19839634865137495,0.30713383924486753,-0.5284673500683765,0.19839634865137495,0.9772533843968643,0
OPERATING_POINT,,MEDIUM,0.98,0.98,1.1,88,0.987668544713681,0.9809450688259909,0.0679776828618934,0.987668544713681,0.5322367787560325,0.8224249017293462,-0.8952565829134403,0.5327080318007695,0.19412155213744556,0.29999370890651456,-0.5215707882381804,0.19412155213744556,0.9775902942574191,0
OPERATING_POINT,,MEDIUM,0.98,0.98,1.2,88,0.9878694670027003,0.981277832629555,0.06705090638107783,0.9878694670027003,0.528194199985649,0.8152262972353128,-0.8942852262754477,0.5287028914362403,0.19159542607667623,0.295740035833886,-0.5174541015428332,0.19159542607667623,0.9777891663189994,0
OPERATING_POINT,,MEDIUM,0.98,0.98,1.3,88,0.9881950972563945,0.9817701822840406,0.0655222149190124,0.9881950972563945,0.5212714032560446,0.8050834129413874,-0.8916319415598598,0.5216037863376066,0.18737997848541907,0.2893971468158114,-0.5101760506621208,0.18737997848541907,0.978111473815003,0
OPERATING_POINT,,MEDIUM,0.98,0.98,1.4,88,0.9885012606228795,0.9822151631584652,0.06409559440127016,0.9885012606228795,0.5152651221067899,0.7969314541711235,-0.8895317543203014,0.5154335720874792,0.18352124378152024,0.28385627619876047,-0.50365825469603,0.18352124378152024,0.978414513065503,0
OPERATING_POINT,,MEDIUM,0.98,0.98,1.5,88,0.9886799219765869,0.9824701007673448,0.06324943125512594,0.9886799219765869,0.5112994808771897,0.7916525666342422,-0.887918625326614,0.5115583196583412,0.18119716379652398,0.28059516485269476,-0.49955760160042095,0.18119716379652398,0.9785913513441727,0
OPERATING_POINT,,MEDIUM,0.98,0.98,1.6,88,0.9890294020613598,0.9829992845240562,0.06161709907032658,0.9890294020613598,0.5040427364265052,0.780957274981596,-0.8852994265230404,0.5042238188334582,0.17673922259446453,0.27387979568070464,-0.49196369747779767,0.17673922259446453,0.9789372653056319,0
OPERATING_POINT,,MEDIUM,0.98,0.98,1.7,88,0.9893775318065464,0.9835341117294611,0.059970884786364476,0.9893775318065464,0.49641524748436155,0.7692970894237202,-0.8821657230711026,0.49654819796827315,0.1721939105681659,0.2669002845493059,-0.48396713425932275,0.1721939105681659,0.9792818427064796,0
OPERATING_POINT,,MEDIUM,0.98,0.98,1.8,88,0.9894434054625162,0.9836212148060497,0.05967093777051416,0.9894434054625162,0.4954880376219538,0.7686604653248975,-0.8818485836736475,0.4954880376219538,0.17142720679885803,0.2659600143197821,-0.4827541615171926,0.17142720679885803,0.9793470441822865,0
OPERATING_POINT,,MEDIUM,0.98,0.98,1.9,88,0.9896706175199527,0.9839613329482056,0.058607878705459665,0.9896706175199527,0.49068038259147334,0.7617874975814017,-0.8801272455029145,0.49068038259147334,0.1685141650114332,0.26164215358449483,-0.47777744961012886,0.1685141650114332,0.9795719377493409,0
OPERATING_POINT,,MEDIUM,0.99,0.99,0.5,88,0.9922138907841145,0.987936855036321,0.04624643942829698,0.9922138907841145,0.5920592206919972,0.9151477815668159,-0.9393418333002784,0.5972881432774549,0.24093572570354657,0.37331547098641216,-0.6175165132715194,0.24093572570354657,0.987202709517528,0
OPERATING_POINT,,MEDIUM,0.99,0.99,0.6,88,0.992625123930577,0.9885877262571209,0.04416090918158089,0.992625123930577,0.5811967290939145,0.8983108280467779,-0.9376044014127359,0.584128645205293,0.23117465152479386,0.35776503656521397,-0.6026048486538351,0.23117465152479386,0.9876118657289074,0
OPERATING_POINT,,MEDIUM,0.99,0.99,0.7,88,0.9928899508055796,0.9889909430246778,0.04278165638334283,0.9928899508055796,0.5709057653392162,0.8832753392391908,-0.9348581642108731,0.5744429376514893,0.2244953571668348,0.34764718939257605,-0.5915006736522886,0.2244953571668348,0.9878753550944404,0
OPERATING_POINT,,MEDIUM,0.99,0.99,0.8,88,0.9931949298733316,0.9894414399323256,0.0412334796388065,0.9931949298733316,0.5625249085584751,0.8717048071221956,-0.9333608747333764,0.5647424808374767,0.21729537123716636,0.33713077003914693,-0.5804157414541234,0.21729537123716636,0.9881787938638702,0
OPERATING_POINT,,MEDIUM,0.99,0.99,0.9,88,0.9934599087330345,0.9898555741002572,0.03984896656464945,0.9934599087330345,0.5539198067180847,0.859172820449298,-0.9297895863105445,0.5544988478122289,0.2105388396637882,0.326605830376914,-0.568932677083181,0.2105388396637882,0.9884424344465039,0
OPERATING_POINT,,MEDIUM,0.99,0.99,1.0,88,0.9936861948520757,0.9902267632667379,0.038672790093716825,0.9936861948520757,0.5455109708884627,0.8445227736221905,-0.9275358139740342,0.545750012374063,0.2047543819478557,0.31697560081587955,-0.5593400988904983,0.2047543819478557,0.988667577706358,0
OPERATING_POINT,,MEDIUM,0.99,0.99,1.1,88,0.9938567713717618,0.9905073320871159,0.03777788720663307,0.9938567713717618,0.5384250054141131,0.831987164990471,-0.9254563785687008,0.53889625845885,0.2003097787955261,0.30955597216763947,-0.5517705838934407,0.2003097787955261,0.98883729272847,0
OPERATING_POINT,,MEDIUM,0.99,0.99,1.2,88,0.9939574680905026,0.99067403594056,0.03724897978624837,0.9939574680905026,0.5342822010734513,0.8246225005463178,-0.924087152870277,0.5347908925240427,0.1976834271644786,0.30513623914489096,-0.5472560281376627,0.1976834271644786,0.9889374808779242,0
OPERATING_POINT,,MEDIUM,0.99,0.99,1.3,88,0.9941205318567836,0.9909206152240827,0.03637916238405182,0.9941205318567836,0.5271968378564338,0.8142338458814294,-0.9207749940948204,0.5275292209379959,0.19330541308580826,0.2985475797558535,-0.5393191031970814,0.19330541308580826,0.9890997210898302,0
OPERATING_POINT,,MEDIUM,0.99,0.99,1.4,88,0.9942739652089879,0.9911436808968297,0.03556608234123638,0.9942739652089879,0.5210378266928983,0.8058599719094882,-0.9180612663803351,0.5212062766735877,0.1892939483676287,0.29278479393712503,-0.5321877667560638,0.1892939483676287,0.989252379526114,0
OPERATING_POINT,,MEDIUM,0.99,0.99,1.5,88,0.9943634100512161,0.991271362361713,0.03508523050605257,0.9943634100512161,0.5169829689518188,0.8004538282286102,-0.9160828260756876,0.5172418077329703,0.1868806518711531,0.28939642644706287,-0.5277218023494944,0.1868806518711531,0.9893413726267148,0
OPERATING_POINT,,MEDIUM,0.99,0.99,1.6,88,0.9945384950750639,0.9915365095126283,0.034155477275625165,0.9945384950750639,0.5095518294402092,0.7894944999701682,-0.912761048317742,0.5097329118471622,0.18224831560816857,0.28241702066927665,-0.5194253192724991,0.18224831560816857,0.9895155733827656,0
OPERATING_POINT,,MEDIUM,0.99,0.99,1.7,88,0.9947127710446023,0.9918042500713007,0.03321987637851948,0.9947127710446023,0.5017504867224175,0.7775672277655599,-0.9089167314789477,0.5018834372063292,0.1775291498062219,0.2751704228911454,-0.5107181426671678,0.1775291498062219,0.9896889691706398,0
OPERATING_POINT,,MEDIUM,0.99,0.99,1.8,88,0.9947458575589249,0.9918480719826881,0.03304806976028403,0.9947458575589249,0.5007904897183625,0.7768873225015359,-0.9084714516838776,0.5007904897183625,0.1767296588952667,0.2741868714964204,-0.5093770295274226,0.1767296588952667,0.9897218885813545,0
OPERATING_POINT,,MEDIUM,0.99,0.99,1.9,88,0.9948596659433959,0.9920184738505706,0.032442792169725315,0.9948596659433959,0.4958694310149163,0.7698446384837667,-0.9062923320386489,0.4958694310149163,0.17370321343487627,0.2696992944868599,-0.5039425361458632,0.17370321343487627,0.9898351221760048,0
OPERATING_POINT,,MEDIUM,1.0,1.00,0.5,88,1.0,1.0,0.0,1.0,0.5998453299078829,0.9272109265304949,-0.9855882727285755,0.6050742524933406,0.24872183491943217,0.385378615950091,-0.6637629526998163,0.24872183491943217,1.0,0
OPERATING_POINT,,MEDIUM,1.0,1.00,0.6,88,1.0,1.0,0.0,1.0,0.5885716051633376,0.9097231017896572,-0.9817653105943169,0.591503521274716,0.23854952759421677,0.3691773103080932,-0.646765757835416,0.23854952759421677,1.0,0
OPERATING_POINT,,MEDIUM,1.0,1.00,0.7,88,1.0,1.0,0.0,1.0,0.5780158145336366,0.8942843962145129,-0.9776398205942158,0.5815529868459095,0.23160540636125518,0.35865624636789817,-0.6342823300356314,0.23160540636125518,1.0,0
OPERATING_POINT,,MEDIUM,1.0,1.00,0.8,88,1.0,1.0,0.0,1.0,0.5693299786851435,0.8822633671898701,-0.9745943543721829,0.5715475509641451,0.2241004413638348,0.3476893301068214,-0.62164922109293,0.2241004413638348,1.0,0
OPERATING_POINT,,MEDIUM,1.0,1.00,0.9,88,1.0,1.0,0.0,1.0,0.5604598979850501,0.8693172463490408,-0.9696385528751938,0.5610389390791944,0.2170789309307537,0.3367502562766569,-0.6087816436478305,0.2170789309307537,1.0,0
OPERATING_POINT,,MEDIUM,1.0,1.00,1.0,88,1.0,1.0,0.0,1.0,0.5518247760363871,0.8542960103554527,-0.9662086040677511,0.5520638175219875,0.2110681870957802,0.32674883754914147,-0.5980128889842152,0.2110681870957802,1.0,0
OPERATING_POINT,,MEDIUM,1.0,1.00,1.1,88,1.0,1.0,0.0,1.0,0.5445682340423514,0.8414798329033549,-0.9632342657753338,0.5450394870870884,0.2064530074237645,0.3190486400805235,-0.5895484711000738,0.2064530074237645,1.0,0
OPERATING_POINT,,MEDIUM,1.0,1.00,1.2,88,1.0,1.0,0.0,1.0,0.5403247329829486,0.8339484646057578,-0.9613361326565252,0.5408334244335399,0.20372595907397584,0.314462203204331,-0.5845050079239111,0.20372595907397584,1.0,0
OPERATING_POINT,,MEDIUM,1.0,1.00,1.3,88,1.0,1.0,0.0,1.0,0.5330763059996501,0.8233132306573467,-0.9571541564788721,0.5334086890812122,0.1991848812290245,0.3076269645317708,-0.5756982655811331,0.1991848812290245,1.0,0
OPERATING_POINT,,MEDIUM,1.0,1.00,1.4,88,1.0,1.0,0.0,1.0,0.5267638614839106,0.8147162910126585,-0.9536273487215716,0.5269323114646,0.1950199831586409,0.3016411130402954,-0.5677538490973002,0.1950199831586409,1.0,0
OPERATING_POINT,,MEDIUM,1.0,1.00,1.5,88,1.0,1.0,0.0,1.0,0.5226195589006027,0.8091824658668972,-0.9511680565817401,0.5228783976817543,0.19251724181993704,0.2981250640853499,-0.562807032855547,0.19251724181993704,1.0,0
OPERATING_POINT,,MEDIUM,1.0,1.00,1.6,88,1.0,1.0,0.0,1.0,0.5150133343651452,0.7979579904575398,-0.946916525593367,0.5151944167720983,0.18770982053310464,0.29088051115664837,-0.5535807965481243,0.18770982053310464,1.0,0
OPERATING_POINT,,MEDIUM,1.0,1.00,1.7,88,1.0,1.0,0.0,1.0,0.5070377156778152,0.7857629776942591,-0.9421366078574671,0.5071706661617269,0.18281637876161952,0.2833661728198447,-0.5439380190456873,0.18281637876161952,1.0,0
OPERATING_POINT,,MEDIUM,1.0,1.00,1.8,88,1.0,1.0,0.0,1.0,0.5060446321594377,0.7850392505188478,-0.9415195214441617,0.5060446321594377,0.18198380133634187,0.2823387995137325,-0.5424250992877067,0.18198380133634187,1.0,0
OPERATING_POINT,,MEDIUM,1.0,1.00,1.9,88,1.0,1.0,0.0,1.0,0.5010097650715206,0.777826164633196,-0.9387351242083742,0.5010097650715206,0.1788435474914805,0.2776808206362893,-0.5363853283155884,0.1788435474914805,1.0,0
OPERATING_POINT,,CONSERVATIVE,0.3333333333333333,0.333333,0.5,88,0.4001546700921171,0.07278907346950513,0.9855882727285755,0.3949257475066594,-4.100255488672453e-17,-4.6049023180475245e-17,1.5139404881252134e-17,-5.172630001094479e-17,-0.35112349498845075,-0.5418323105804039,0.321825320028759,-0.35635241757390845,6.863920323464516e-17,88
OPERATING_POINT,,CONSERVATIVE,0.3333333333333333,0.333333,0.6,88,0.41142839483666244,0.09027689821034272,0.9817653105943169,0.40849647872528405,-4.3525789033599885e-17,-5.866519391485203e-17,1.2616170734376778e-17,-4.9833874400788275e-17,-0.35002207756912085,-0.5405457914815641,0.33499955275890086,-0.3529539936804991,7.619425331620317e-17,88
OPERATING_POINT,,CONSERVATIVE,0.3333333333333333,0.333333,0.7,88,0.4219841854663633,0.10571560378548703,0.9776398205942158,0.41844701315409033,-5.0464682937507114e-17,-6.434247074532158e-17,1.2616170734376778e-17,-5.614195976797667e-17,-0.34641040817238145,-0.5356281498466147,0.3433574905585846,-0.34994758048465446,8.145596832005988e-17,88
OPERATING_POINT,,CONSERVATIVE,0.3333333333333333,0.333333,0.8,88,0.43067002131485643,0.11773663281012983,0.974594354372183,0.4284524490358548,-5.172630001094479e-17,-6.181923659844621e-17,1.8924256101565167e-17,-5.803438537813318e-17,-0.3452295373213088,-0.5345740370830487,0.3529451332792531,-0.3474471096003104,7.927106080985531e-17,88
OPERATING_POINT,,CONSERVATIVE,0.3333333333333333,0.333333,0.9,88,0.4395401020149498,0.13068275365095913,0.9696385528751938,0.43896106092080556,-4.731064025391292e-17,-6.623489635547809e-17,1.3877787807814457e-17,-4.920306586406944e-17,-0.3433809670542965,-0.532566990072384,0.3608569092273633,-0.34396000814844074,8.130924347969551e-17,88
OPERATING_POINT,,CONSERVATIVE,0.3333333333333333,0.333333,1.0,88,0.4481752239636128,0.14570398964454734,0.9662086040677511,0.44793618247801253,-5.488034269453899e-17,-7.12813646492288e-17,2.0185873175002847e-17,-5.614195976797667e-17,-0.340756588940607,-0.5275471728063111,0.3681957150835359,-0.3409956304262073,8.35877377836936e-17,88
OPERATING_POINT,,CONSERVATIVE,0.3333333333333333,0.333333,1.1,88,0.4554317659576485,0.15852016709664482,0.9632342657753338,0.45496051291291145,-4.920306586406944e-17,-7.254298172266648e-17,2.2709107321878203e-17,-4.9833874400788275e-17,-0.338115226618587,-0.5224311928228317,0.37368579467526003,-0.33858647966332395,8.690952116789843e-17,88
OPERATING_POINT,,CONSERVATIVE,0.3333333333333333,0.333333,1.2,88,0.4596752670170513,0.16605153539424217,0.9613361326565252,0.45916657556646,-5.929600245157086e-17,-7.380459879610416e-17,2.5232341468753557e-17,-5.99268109882897e-17,-0.3365987739089728,-0.5194862614014268,0.3768311247326142,-0.3371074653595641,8.543830642293383e-17,88
OPERATING_POINT,,CONSERVATIVE,0.3333333333333333,0.333333,1.3,88,0.4669236940003499,0.1766867693426531,0.9571541564788721,0.46659131091878775,-5.488034269453899e-17,-7.506621586954184e-17,3.658689512969266e-17,-5.551115123125783e-17,-0.3338914247706255,-0.5156862661255761,0.38145589089773907,-0.3342238078521877,9.511700433843323e-17,88
OPERATING_POINT,,CONSERVATIVE,0.3333333333333333,0.333333,1.4,88,0.4732361385160893,0.18528370898734137,0.9536273487215716,0.47306768853540004,-6.245004513516506e-17,-7.885106708985487e-17,2.1447490248440524e-17,-6.30808536718839e-17,-0.33174387832526975,-0.5130751779723632,0.3858734996242715,-0.33191232830595896,9.348533836223281e-17,88
OPERATING_POINT,,CONSERVATIVE,0.3333333333333333,0.333333,1.5,88,0.4773804410993972,0.19081753413310262,0.9511680565817401,0.47712160231824563,-5.67727683046955e-17,-7.632783294297951e-17,1.766263902812749e-17,-5.866519391485203e-17,-0.33010231708066573,-0.5110574017815476,0.38836102372619313,-0.33036115586181725,9.791614699905885e-17,88
OPERATING_POINT,,CONSERVATIVE,0.3333333333333333,0.333333,1.6,88,0.4849866656348546,0.2020420095424601,0.946916525593367,0.4848055832279016,-5.929600245157086e-17,-7.254298172266648e-17,2.6493958542191237e-17,-6.118842806172738e-17,-0.32730351383204076,-0.5070774793008914,0.3933357290452427,-0.32748459623899373,9.307343541648894e-17,88
OPERATING_POINT,,CONSERVATIVE,0.3333333333333333,0.333333,1.7,88,0.49296228432218475,0.21423702230574085,0.9421366078574671,0.49282933383827315,-5.99268109882897e-17,-7.822025855313603e-17,2.397072439531588e-17,-6.055761952500853e-17,-0.3242213369161957,-0.5023968048744144,0.39819858881177983,-0.32435428740010736,9.761017260615843e-17,88
OPERATING_POINT,,CONSERVATIVE,0.3333333333333333,0.333333,1.8,88,0.4939553678405623,0.21496074948115204,0.9415195214441617,0.4939553678405623,-5.929600245157086e-17,-8.011268416329254e-17,2.397072439531588e-17,-5.929600245157086e-17,-0.32406083082309584,-0.5027004510051155,0.399094422156455,-0.32406083082309584,1.00822442366934e-16,88
OPERATING_POINT,,CONSERVATIVE,0.3333333333333333,0.333333,1.9,88,0.4989902349284794,0.22217383536680382,0.9387351242083742,0.4989902349284794,-6.371166220860273e-17,-8.074349270001139e-17,2.7755575615628914e-17,-6.371166220860273e-17,-0.3221662175800401,-0.5001453439969069,0.4023497958927857,-0.3221662175800401,1.0432441709844666e-16,88
OPERATING_POINT,,CONSERVATIVE,0.5,0.50,0.5,88,0.5652508134113838,0.32633345075579856,0.891760636135016,0.5652508134113838,0.1650961433192667,0.25354437728629337,-0.09382763659355935,0.17032506590472438,-0.186027351669184,-0.28828793329411045,0.22799768343519966,-0.186027351669184,0.2826254067056919,88
OPERATING_POINT,,CONSERVATIVE,0.5,0.50,0.6,88,0.578907947202281,0.3482607496146951,0.8793696678516838,0.578907947202281,0.16747955236561854,0.2579838514043523,-0.10239564274263331,0.17041146847699687,-0.18254252520350225,-0.2825619400772117,0.23260391001626754,-0.18254252520350225,0.2894539736011405,88
OPERATING_POINT,,CONSERVATIVE,0.5,0.50,0.7,88,0.5886002338395347,0.36285153893480254,0.8693574323939711,0.5886002338395347,0.1666160483731713,0.25713593514931543,-0.10828238820024479,0.1701532206854443,-0.1797943597992101,-0.27849221469729923,0.2350751023583398,-0.1797943597992101,0.2943001169197674,88
OPERATING_POINT,,CONSERVATIVE,0.5,0.50,0.8,88,0.5986651335190907,0.37735480367863905,0.8600499859455588,0.5986651335190907,0.16799511220423421,0.2596181708685092,-0.1145443684266243,0.17021268448323584,-0.17723442511707452,-0.27495586621453955,0.23840076485262873,-0.17723442511707452,0.29933256675954534,88
OPERATING_POINT,,CONSERVATIVE,0.5,0.50,0.9,88,0.6086471061029722,0.39285011309406315,0.849269811984253,0.6086471061029722,0.16910700408802234,0.26216735944310393,-0.1203687408909409,0.16968604518216665,-0.1742739629662741,-0.27039963062927996,0.24048816833642242,-0.1742739629662741,0.3043235530514861,88
OPERATING_POINT,,CONSERVATIVE,0.5,0.50,1.0,88,0.6171948639064486,0.40734123084623536,0.8405464420783004,0.6171948639064486,0.16901963994283567,0.26163724120168796,-0.12566216198945065,0.169258681428436,-0.17173694899777125,-0.2659099316046231,0.2425335530940852,-0.17173694899777125,0.3085974319532243,88
OPERATING_POINT,,CONSERVATIVE,0.5,0.50,1.1,88,0.6238310180651065,0.41862989638196396,0.8335080608052643,0.6238310180651065,0.16839925210745801,0.260109729285319,-0.12972620497006965,0.16887050515219498,-0.16971597451112894,-0.26232146353751257,0.24395958970519036,-0.16971597451112894,0.3119155090325533,88
OPERATING_POINT,,CONSERVATIVE,0.5,0.50,1.2,88,0.6277731734919452,0.42539338771783475,0.8292410825917375,0.6277731734919452,0.16809790647489375,0.25934185232359247,-0.13209505006478783,0.16860659792548507,-0.16850086743407897,-0.26014440907783426,0.24473607466782638,-0.16850086743407897,0.3138865867459726,88
OPERATING_POINT,,CONSERVATIVE,0.5,0.50,1.3,88,0.6345174541061925,0.4354822816833497,0.8212713679086489,0.6345174541061925,0.16759376010584257,0.2587955123406964,-0.1358827885702233,0.16792614318740473,-0.16629766466478293,-0.2568907537848796,0.24557310232751572,-0.16629766466478293,0.31725872705309627,88
OPERATING_POINT,,CONSERVATIVE,0.5,0.50,1.4,88,0.6405582826860076,0.44403186122166766,0.8142996607680956,0.6405582826860076,0.1673221441699182,0.2587481522343263,-0.13932768795347608,0.1674905941506075,-0.16442173415535147,-0.25432702573803695,0.24654581167079528,-0.16442173415535147,0.3202791413430038,88
OPERATING_POINT,,CONSERVATIVE,0.5,0.50,1.5,88,0.6442687007292985,0.44913019941989485,0.8097788191706243,0.6442687007292985,0.1668882596299013,0.2583126652867922,-0.14138923741111567,0.16714709841105288,-0.16321405745076434,-0.2527447364947552,0.24697178631507744,-0.16321405745076434,0.32213435036464927,88
OPERATING_POINT,,CONSERVATIVE,0.5,0.50,1.6,88,0.651326730831093,0.4596978811811685,0.8015515421426177,0.651326730831093,0.1663400651962384,0.25765587163870846,-0.14536498345074914,0.16652114760319137,-0.1609634486358023,-0.24942160766218302,0.24797074559449353,-0.1609634486358023,0.3256633654155465,88
OPERATING_POINT,,CONSERVATIVE,0.5,0.50,1.7,88,0.6586193402220266,0.47088754960288026,0.7927147043199168,0.6586193402220266,0.16565705589984187,0.2566505272971394,-0.1494219035375503,0.1657900063837535,-0.15856428101635378,-0.24574627757727505,0.24877668527422958,-0.15856428101635378,0.3293096701110133,88
OPERATING_POINT,,CONSERVATIVE,0.5,0.50,1.8,88,0.659746873308657,0.4721354138090406,0.7914805969897365,0.659746873308657,0.16579150546809462,0.2571746643278885,-0.15003892445442532,0.16579150546809462,-0.15826932535500113,-0.24552578667722696,0.24905549770202964,-0.15826932535500113,0.3298734366543285,88
OPERATING_POINT,,CONSERVATIVE,0.5,0.50,1.9,88,0.664367586218636,0.47890348392853177,0.7860874466860172,0.664367586218636,0.16537735129015665,0.2567296485617278,-0.152647677522357,0.16537735129015665,-0.15678886628988342,-0.24341569543517902,0.24970211837042866,-0.15678886628988342,0.33218379310931806,88
OPERATING_POINT,,CONSERVATIVE,0.6,0.60,0.5,88,0.6605472266849404,0.47402122353065274,0.7925534928606546,0.6605472266849404,0.26039255659282323,0.4012321500611476,-0.19303477986792075,0.2656214791782809,-0.09073093839562746,-0.14060016051925625,0.1287905401608382,-0.09073093839562746,0.4403648177899602,88
OPERATING_POINT,,CONSERVATIVE,0.6,0.60,0.6,88,0.6728726561970969,0.49371876772557227,0.7768681536261351,0.6728726561970969,0.26144426136043447,0.40344186951522953,-0.2048971569681818,0.2643761774718128,-0.08857781620868631,-0.1371039219663345,0.13010239579071908,-0.08857781620868631,0.44858177079806455,88
OPERATING_POINT,,CONSERVATIVE,0.6,0.60,0.7,88,0.6814519671185617,0.5066823147899623,0.7648740990569265,0.6814519671185617,0.25946778165219825,0.40096671100447523,-0.2127657215372894,0.26300495396447127,-0.08694262652018314,-0.13466143884213955,0.13059176902129516,-0.08694262652018314,0.4543013114123744,88
OPERATING_POINT,,CONSERVATIVE,0.6,0.60,0.8,88,0.6905383427420256,0.5198821980662806,0.7531757357866705,0.6905383427420256,0.25986832142716926,0.4021455652561508,-0.22141861858551246,0.26208589370617086,-0.08536121589413947,-0.132428471826898,0.13152651469374058,-0.08536121589413947,0.4603588951613505,88
OPERATING_POINT,,CONSERVATIVE,0.6,0.60,0.9,88,0.6992815969492967,0.5334822579292816,0.7405947301766912,0.6992815969492967,0.25974149493434684,0.40279950427832245,-0.22904382269850262,0.2603205360284911,-0.08363947211994958,-0.1297674857940615,0.13181308652886067,-0.08363947211994958,0.46618773129953117,88
OPERATING_POINT,,CONSERVATIVE,0.6,0.60,1.0,88,0.7067694905017974,0.5460400091336667,0.7301854404856922,0.7067694905017974,0.25859426653818446,0.4003360194891192,-0.23602316358205877,0.2588333080237848,-0.08216232240242247,-0.12721115331719185,0.1321725515014771,-0.08216232240242247,0.4711796603345316,88
OPERATING_POINT,,CONSERVATIVE,0.6,0.60,1.1,88,0.7125518008274517,0.5557659828042556,0.7219103147861872,0.7125518008274517,0.2571200348698031,0.3972458157076107,-0.24132395098914666,0.25759128791454006,-0.0809951917487839,-0.1251853771152209,0.1323618436861133,-0.0809951917487839,0.4750345338849677,88
OPERATING_POINT,,CONSERVATIVE,0.6,0.60,1.2,88,0.7159757675991734,0.5615734552270459,0.7169467308172665,0.7159757675991734,0.25630050058212195,0.3955219198328036,-0.2443894018392589,0.2568091920327133,-0.08029827332685076,-0.12396434156862317,0.13244172289335535,-0.08029827332685076,0.47731717839944887,88
OPERATING_POINT,,CONSERVATIVE,0.6,0.60,1.3,88,0.721748635787347,0.5702403465302641,0.708034943804908,0.721748635787347,0.25482494178699716,0.39355357718761097,-0.24911921267396434,0.2551573248685593,-0.07906648298362841,-0.12213268893796503,0.13233667822377468,-0.07906648298362841,0.48116575719156474,88
OPERATING_POINT,,CONSERVATIVE,0.6,0.60,1.4,88,0.7269853581861407,0.5777183932954709,0.7001087830327059,0.7269853581861407,0.2537492196700514,0.3924346843081294,-0.25351856568886577,0.2539176696507406,-0.07799465865521832,-0.12064049366423375,0.13235493393540562,-0.07799465865521832,0.4846569054574271,88
OPERATING_POINT,,CONSERVATIVE,0.6,0.60,1.5,88,0.7301665184066227,0.5821466410229142,0.6950820654652805,0.7301665184066227,0.2527860773072255,0.39132910688981154,-0.2560859911164595,0.25304491608837704,-0.07731623977344015,-0.11972829489173589,0.13227503260973356,-0.07731623977344015,0.48677767893774854,88
OPERATING_POINT,,CONSERVATIVE,0.6,0.60,1.6,88,0.7362441777517703,0.5912805156388075,0.6858113603679268,0.7362441777517703,0.25125751211691577,0.3892385060963473,-0.2611051652254402,0.2514385945238687,-0.07604600171512493,-0.11783897320454416,0.13223056381980244,-0.07604600171512493,0.4908294518345136,88
OPERATING_POINT,,CONSERVATIVE,0.6,0.60,1.7,88,0.7424779942644562,0.6008501609028468,0.6759985108157568,0.7424779942644562,0.24951570994227124,0.38661313859710583,-0.2661380970417103,0.2496486604261829,-0.07470562697392441,-0.11578366627730854,0.13206049177006957,-0.07470562697392441,0.4949853295096373,88
OPERATING_POINT,,CONSERVATIVE,0.6,0.60,1.8,88,0.7434915485224708,0.6020475149071335,0.6745437834899211,0.7434915485224708,0.24953618068190855,0.38708676542598136,-0.2669757379542407,0.24953618068190855,-0.07452465014118718,-0.11561368557913405,0.13211868420221434,-0.07452465014118718,0.4956610323483139,88
OPERATING_POINT,,CONSERVATIVE,0.6,0.60,1.9,88,0.7474665583893941,0.6079127511708367,0.6684692228605182,0.7474665583893941,0.2484763234609148,0.38573891580403286,-0.2702659013478559,0.2484763234609148,-0.07368989411912528,-0.114406428192874,0.13208389454492983,-0.07368989411912528,0.4983110389262628,88
OPERATING_POINT,,CONSERVATIVE,0.7,0.70,0.5,88,0.7512781650805678,0.614621384049909,0.6637629526998163,0.7512781650805678,0.3511234949884507,0.5418323105804038,-0.321825320028759,0.35635241757390834,0.0,0.0,0.0,0.0,0.5902899868490175,0
OPERATING_POINT,,CONSERVATIVE,0.7,0.70,0.6,88,0.7614504724057831,0.6308226896919068,0.646765757835416,0.7614504724057831,0.3500220775691208,0.5405457914815641,-0.33499955275890086,0.35295399368049907,0.0,0.0,0.0,0.0,0.5982825140331154,0
OPERATING_POINT,,CONSERVATIVE,0.7,0.70,0.7,88,0.7683945936387448,0.6413437536321017,0.6342823300356314,0.7683945936387448,0.3464104081723814,0.5356281498466147,-0.3433574905585846,0.3499475804846544,0.0,0.0,0.0,0.0,0.6037386092875852,0
OPERATING_POINT,,CONSERVATIVE,0.7,0.70,0.8,88,0.7758995586361652,0.6523106698931787,0.62164922109293,0.7758995586361652,0.3452295373213087,0.5345740370830486,-0.3529451332792531,0.34744710960031033,0.0,0.0,0.0,0.0,0.6096353674998439,0
OPERATING_POINT,,CONSERVATIVE,0.7,0.70,0.9,88,0.7829210690692462,0.6632497437233431,0.6087816436478305,0.7829210690692462,0.3433809670542964,0.532566990072384,-0.3608569092273633,0.34396000814844074,0.0,0.0,0.0,0.0,0.6151522685544077,0
OPERATING_POINT,,CONSERVATIVE,0.7,0.70,1.0,88,0.7889318129042199,0.6732511624508585,0.5980128889842152,0.7889318129042199,0.34075658894060695,0.527547172806311,-0.3681957150835359,0.3409956304262073,0.0,0.0,0.0,0.0,0.6198749958533155,0
OPERATING_POINT,,CONSERVATIVE,0.7,0.70,1.1,88,0.7935469925762355,0.6809513599194764,0.5895484711000738,0.7935469925762355,0.338115226618587,0.5224311928228315,-0.37368579467526003,0.33858647966332395,0.0,0.0,0.0,0.0,0.6235012084527565,0
OPERATING_POINT,,CONSERVATIVE,0.7,0.70,1.2,88,0.7962740409260239,0.685537796795669,0.5845050079239111,0.7962740409260239,0.33659877390897275,0.5194862614014268,-0.3768311247326142,0.33710746535956404,0.0,0.0,0.0,0.0,0.6256438892990189,0
OPERATING_POINT,,CONSERVATIVE,0.7,0.70,1.3,88,0.8008151187709754,0.6923730354682291,0.5756982655811331,0.8008151187709754,0.3338914247706255,0.515686266125576,-0.38145589089773907,0.3342238078521877,0.0,0.0,0.0,0.0,0.6292118790343378,0
OPERATING_POINT,,CONSERVATIVE,0.7,0.70,1.4,88,0.804980016841359,0.6983588869597046,0.5677538490973002,0.804980016841359,0.3317438783252697,0.5130751779723632,-0.3858734996242715,0.3319123283059589,0.0,0.0,0.0,0.0,0.6324842989467822,0
OPERATING_POINT,,CONSERVATIVE,0.7,0.70,1.5,88,0.8074827581800629,0.7018749359146501,0.562807032855547,0.8074827581800629,0.3301023170806657,0.5110574017815473,-0.38836102372619313,0.3303611558618172,0.0,0.0,0.0,0.0,0.6344507385700494,0
OPERATING_POINT,,CONSERVATIVE,0.7,0.70,1.6,88,0.8122901794668954,0.7091194888433516,0.5535807965481243,0.8122901794668954,0.32730351383204065,0.5070774793008914,-0.3933357290452427,0.3274845962389936,0.0,0.0,0.0,0.0,0.6382279981525606,0
OPERATING_POINT,,CONSERVATIVE,0.7,0.70,1.7,88,0.8171836212383805,0.7166338271801553,0.5439380190456873,0.8171836212383805,0.3242213369161957,0.5023968048744144,-0.39819858881177983,0.32435428740010724,0.0,0.0,0.0,0.0,0.6420728452587275,0
OPERATING_POINT,,CONSERVATIVE,0.7,0.70,1.8,88,0.818016198663658,0.7176612004862675,0.5424250992877067,0.818016198663658,0.32406083082309584,0.5027004510051154,-0.399094422156455,0.32406083082309584,0.0,0.0,0.0,0.0,0.6427270132357313,0
OPERATING_POINT,,CONSERVATIVE,0.7,0.70,1.9,88,0.8211564525085197,0.7223191793637107,0.5363853283155884,0.8211564525085197,0.32216621758004005,0.5001453439969068,-0.4023497958927857,0.32216621758004005,0.0,0.0,0.0,0.0,0.6451943555424081,0
OPERATING_POINT,,CONSERVATIVE,0.8,0.80,0.5,88,0.8378620431853183,0.7487852221893383,0.5031276384250379,0.8378620431853183,0.4377073730932011,0.6759961487198332,-0.48246063430353736,0.44293629567865883,0.08658387810475049,0.13416383813942928,-0.1606353142747784,0.08658387810475049,0.7331292877871537,0
OPERATING_POINT,,CONSERVATIVE,0.8,0.80,0.6,88,0.8451940440851263,0.76043221961866,0.4873072996004721,0.8451940440851263,0.4337656492484639,0.6701553214083174,-0.49445801099384484,0.4366975653598422,0.08374357167934314,0.1296095299267533,-0.15945845823494406,0.08374357167934314,0.7395447885744857,0
OPERATING_POINT,,CONSERVATIVE,0.8,0.80,0.7,88,0.8501015718111692,0.7678829495788655,0.4760836438548354,0.8501015718111692,0.4281173863448057,0.6621673457933784,-0.5015561767393806,0.43165455865707875,0.08170697817242428,0.1265391959467637,-0.15819868618079597,0.08170697817242428,0.743838875334773,0
OPERATING_POINT,,CONSERVATIVE,0.8,0.80,0.8,88,0.8555179296830489,0.7758335678477405,0.46434320575470944,0.8555179296830489,0.42484790836819253,0.6580969350376106,-0.5102511486174736,0.4270654806471941,0.07961837104688377,0.12352289795456194,-0.15730601533822047,0.07961837104688377,0.7485781884726678,0
OPERATING_POINT,,CONSERVATIVE,0.8,0.80,0.9,88,0.8604527422244069,0.7835314945346702,0.45291489953157243,0.8604527422244069,0.4209126402094572,0.6528487408837109,-0.5167236533436214,0.42149168130360143,0.07753167315516073,0.12028175081132698,-0.1558667441162581,0.07753167315516073,0.7528961494463562,0
OPERATING_POINT,,CONSERVATIVE,0.8,0.80,1.0,88,0.864674071870937,0.7905133972638567,0.4432871361610211,0.864674071870937,0.41649884790732405,0.6448094076193094,-0.5229214679067299,0.41673788939292433,0.0757422589667171,0.1172622348129984,-0.154725752823194,0.0757422589667171,0.7565898128870697,0
OPERATING_POINT,,CONSERVATIVE,0.8,0.80,1.1,88,0.86789573452165,0.7958559378093383,0.43579652291950505,0.86789573452165,0.41246396856400147,0.6373357707126933,-0.5274377428558288,0.41293522160873847,0.07434874194541453,0.11490457788986178,-0.15375194818056878,0.07434874194541453,0.7594087677064439,0
OPERATING_POINT,,CONSERVATIVE,0.8,0.80,1.2,88,0.8697971853795601,0.7990329621902639,0.43135225875053435,0.8697971853795601,0.41012191836250866,0.6329814267960215,-0.5299838739059909,0.4106306098130999,0.07352314445353585,0.11349516539459473,-0.15315274917337673,0.07352314445353585,0.7610725372071151,0
OPERATING_POINT,,CONSERVATIVE,0.8,0.80,1.3,88,0.8729295663434329,0.8037570486356138,0.42375977761535905,0.8729295663434329,0.40600587234308283,0.6270702792929607,-0.5333943788635132,0.406338255424645,0.07211444757245741,0.11138401316738465,-0.15193848796577414,0.07211444757245741,0.7638133705505038,0
OPERATING_POINT,,CONSERVATIVE,0.8,0.80,1.4,88,0.8758305103740063,0.8079466657820841,0.4168244335740356,0.8758305103740063,0.40259437185791697,0.6226629567947426,-0.536802915147536,0.4027628218386062,0.07085049353264727,0.10958777882237936,-0.1509294155232646,0.07085049353264727,0.7663516965772555,0
OPERATING_POINT,,CONSERVATIVE,0.8,0.80,1.5,88,0.8775552486606663,0.8103863586821007,0.41257739570223734,0.8775552486606663,0.400174807561269,0.619568824548998,-0.5385906608795028,0.40043364634242046,0.0700724904806033,0.10851142276745059,-0.15022963715330967,0.0700724904806033,0.7678608425780827,0
OPERATING_POINT,,CONSERVATIVE,0.8,0.80,1.6,88,0.880888547592043,0.8154199137251564,0.4045701771632618,0.880888547592043,0.39590188195718845,0.6133779041826964,-0.5423463484301052,0.3960829643641413,0.06859836812514776,0.10630042488180497,-0.1490106193848625,0.06859836812514776,0.7707774791430378,0
OPERATING_POINT,,CONSERVATIVE,0.8,0.80,1.7,88,0.8842553104267317,0.8205909851071685,0.3963011485331396,0.8842553104267317,0.39129302610454675,0.6063539628014276,-0.5458354593243275,0.3914259765884584,0.06707168918835114,0.10395715792701322,-0.14763687051254773,0.06707168918835114,0.7737233966233902,0
OPERATING_POINT,,CONSERVATIVE,0.8,0.80,1.8,88,0.884852205899546,0.8213508025896044,0.3949327698159589,0.884852205899546,0.39089683805898373,0.6063900531084522,-0.5465867516282028,0.39089683805898373,0.06683600723588799,0.10368960210333679,-0.1474923294717478,0.06683600723588799,0.7742456801621028,0
OPERATING_POINT,,CONSERVATIVE,0.8,0.80,1.9,88,0.8870262680920274,0.824588442597728,0.38969820933284766,0.8870262680920274,0.388036033163548,0.602414607230924,-0.5490369148755266,0.388036033163548,0.06586981558350796,0.10226926323401728,-0.1466871189827409,0.06586981558350796,0.776147984580524,0
OPERATING_POINT,,CONSERVATIVE,0.9,0.90,0.5,88,0.9206629777503721,0.8770793301968783,0.3009909941586984,0.9206629777503721,0.5205083076582548,0.8042902567273734,-0.684597278569877,0.5257372302437125,0.16938481266980418,0.2624579461469695,-0.362771958541118,0.16938481266980418,0.8695150345420182,0
OPERATING_POINT,,CONSERVATIVE,0.9,0.90,0.6,88,0.92457514448364,0.8832808814608968,0.28967670741559404,0.92457514448364,0.5131467496469775,0.7930039832505542,-0.6920886031787229,0.5160786657583558,0.16312467207785664,0.2524581917689899,-0.357089050419822,0.16312467207785664,0.8732098586789934,0
OPERATING_POINT,,CONSERVATIVE,0.9,0.90,0.7,88,0.9271415982120014,0.8871837156654728,0.2819134157124246,0.9271415982120014,0.505157412745638,0.7814681118799857,-0.6957264048817913,0.5086945850579109,0.1587470045732565,0.245839962033371,-0.35236891432320677,0.1587470045732565,0.875633731644668,0
OPERATING_POINT,,CONSERVATIVE,0.9,0.90,0.8,88,0.9300368506988157,0.8914489342721208,0.27351892922766086,0.9300368506988157,0.4993668293839592,0.7737123014619908,-0.7010754251445221,0.5015844016629608,0.15413729206265048,0.2391382643789422,-0.3481302918652691,0.15413729206265048,0.8783681367711036,0
OPERATING_POINT,,CONSERVATIVE,0.9,0.90,0.9,88,0.9326086198046223,0.8954649869683429,0.2656813719997737,0.9326086198046223,0.4930685177896723,0.7647822333173836,-0.7039571808754201,0.49364755888381656,0.14968755073537585,0.23221524324499968,-0.34310027164805684,0.14968755073537585,0.8807970298154764,0
OPERATING_POINT,,CONSERVATIVE,0.9,0.90,1.0,88,0.9348066408502288,0.89908319272004,0.25904994399869136,0.9348066408502288,0.486631416886616,0.7533792030754927,-0.7071586600690597,0.4868704583722164,0.14587482794600912,0.22583203026918158,-0.3389629449855238,0.14587482794600912,0.8828729385807719,0
OPERATING_POINT,,CONSERVATIVE,0.9,0.90,1.1,88,0.9364734847673788,0.9018342918379457,0.25394358876477496,0.9364734847673788,0.48104171880973023,0.7433141247413009,-0.7092906770105588,0.4815129718544672,0.14292649219114326,0.22088293191846933,-0.3356048823352989,0.14292649219114326,0.8844471800580801,0
OPERATING_POINT,,CONSERVATIVE,0.9,0.90,1.2,88,0.9374570159082546,0.9034689826017751,0.25092166245450237,0.9374570159082546,0.47778174889120334,0.7374174472075329,-0.7104144702020231,0.47829044034179463,0.14118297498223056,0.21793118580610615,-0.33358334546940877,0.14118297498223056,0.8853760705800181,0
OPERATING_POINT,,CONSERVATIVE,0.9,0.90,1.3,88,0.9390619562171697,0.9058931817893914,0.2458559307822128,0.9390619562171697,0.47213826221681965,0.7292064124467381,-0.7112982256966593,0.47247064529838184,0.13824683744619415,0.21352014632116223,-0.3298423347989204,0.13824683744619415,0.8868918475384381,0
OPERATING_POINT,,CONSERVATIVE,0.9,0.90,1.4,88,0.9405613267944485,0.9080669014348719,0.24117464972485542,0.9405613267944485,0.46732518827835906,0.7227831924475304,-0.7124526989967161,0.46749363825904827,0.13558130995308934,0.20970801447516726,-0.32657919937244473,0.13558130995308934,0.8883079197503124,0
OPERATING_POINT,,CONSERVATIVE,0.9,0.90,1.5,88,0.941443499285042,0.9093213810010327,0.23835477348499753,0.941443499285042,0.4640630581856447,0.7185038468679301,-0.7128132830967426,0.46432189696679615,0.133960741104979,0.20744644508638269,-0.3244522593705495,0.133960741104979,0.8891410826580951,0
OPERATING_POINT,,CONSERVATIVE,0.9,0.90,1.6,88,0.9431596819314937,0.9119172111858426,0.23297728994066141,0.9431596819314937,0.4581730162966389,0.7098752016433824,-0.7139392356527057,0.45835409870359195,0.13086950246459828,0.20279772234249097,-0.3206035066074629,0.13086950246459828,0.8907619218241885,0
OPERATING_POINT,,CONSERVATIVE,0.9,0.90,1.7,88,0.9448797383932601,0.9145594725487001,0.2274909462619566,0.9448797383932601,0.45191745407107525,0.7003224502429591,-0.7146456615955106,0.45205040455498685,0.12769611715487963,0.1979256453685447,-0.3164470727837307,0.12769611715487963,0.8923864195936346,0
OPERATING_POINT,,CONSERVATIVE,0.9,0.90,1.8,88,0.9451963341504895,0.9149719680385925,0.22653523715103835,0.9451963341504895,0.45124096630992727,0.7000112185574404,-0.7149842842931234,0.45124096630992727,0.12718013548683144,0.19731076755232502,-0.3158898621366683,0.12718013548683144,0.8926854266976847,0
OPERATING_POINT,,CONSERVATIVE,0.9,0.90,1.9,88,0.9463137602940948,0.9166412392723757,0.22302618821601003,0.9463137602940948,0.4473235253656154,0.6944674039055717,-0.7157089359923641,0.4473235253656154,0.1251573077855754,0.194322059908665,-0.31335914009957844,0.1251573077855754,0.8937407736110896,0
OPERATING_POINT,,CONSERVATIVE,0.95,0.95,0.5,88,0.96074608922758,0.9391827440440091,0.17479341877769583,0.96074608922758,0.560591419135463,0.8663936705745038,-0.8107948539508795,0.5658203417209207,0.20946792414701232,0.3245613599941001,-0.4889695339221205,0.20946792414701232,0.9354632974058017,0
OPERATING_POINT,,CONSERVATIVE,0.95,0.95,0.6,88,0.9627589319995885,0.9423706330623205,0.16760684030993628,0.9627589319995885,0.551330537162926,0.8520937348519777,-0.8141584702843807,0.5542624532743045,0.20130845959380528,0.31154794337041364,-0.47915891752547973,0.20130845959380528,0.9374231706311782,0
OPERATING_POINT,,CONSERVATIVE,0.95,0.95,0.7,88,0.9640659549118434,0.9443596339629049,0.16276395963327833,0.9640659549118434,0.5420817694454798,0.8386440301774178,-0.8148758609609377,0.5456189417577529,0.19567136127309848,0.30301588033080296,-0.4715183704023531,0.19567136127309848,0.938695798203637,0
OPERATING_POINT,,CONSERVATIVE,0.95,0.95,0.8,88,0.9655572415892998,0.946559963238316,0.15743057053794776,0.9655572415892998,0.5348872202744434,0.828823330428186,-0.8171637838342353,0.5371047925534449,0.18965768295313465,0.29424929334513744,-0.4642186505549822,0.18965768295313465,0.9401478404948446,0
OPERATING_POINT,,CONSERVATIVE,0.95,0.95,0.9,88,0.966865641607166,0.9486041231957972,0.15255713860162176,0.966865641607166,0.5273255395922162,0.817921369544838,-0.8170814142735722,0.5279045806863606,0.1839445725379198,0.285354379472454,-0.4562245050462088,0.1839445725379198,0.9414218089332933,0
OPERATING_POINT,,CONSERVATIVE,0.95,0.95,1.0,88,0.9679833894620795,0.9504403471948641,0.14842583301484338,0.9679833894620795,0.5198081654984665,0.8047363575503167,-0.8177827710529076,0.5200472069840668,0.1790515765578596,0.2771891847440056,-0.44958705596937176,0.1790515765578596,0.942510142370972,0
OPERATING_POINT,,CONSERVATIVE,0.95,0.95,1.1,88,0.9688282287216711,0.9518319694675718,0.14526297239940128,0.9688282287216711,0.5133964627640224,0.7933118023709269,-0.8179712933759323,0.5138677158087593,0.17528123614543545,0.2708806095480953,-0.4442854987006725,0.17528123614543545,0.9433327490184689,0
OPERATING_POINT,,CONSERVATIVE,0.95,0.95,1.2,88,0.9693268215349229,0.9526587793036027,0.1433926638193145,0.9693268215349229,0.5096515545178715,0.7866072439093604,-0.8179434688372108,0.5101602459684628,0.1730527806088987,0.2671209825079336,-0.44111234410459654,0.1730527806088987,0.9438182209682142,0
OPERATING_POINT,,CONSERVATIVE,0.95,0.95,1.3,88,0.9701369021988058,0.9538831714432728,0.140286985066094,0.9701369021988058,0.5032132081984557,0.7771964021006198,-0.8168671714127782,0.5035455912800179,0.16932178342783027,0.26151013597504374,-0.4354112805150392,0.16932178342783027,0.9446069837198898,0
OPERATING_POINT,,CONSERVATIVE,0.95,0.95,1.4,88,0.9708967698869656,0.9549865805831139,0.1374001258252445,0.9708967698869656,0.4976606313708762,0.7697028715957724,-0.8162272228963271,0.49782908135156545,0.1659167530456065,0.25662769362340926,-0.4303537232720556,0.1659167530456065,0.9453468548899401,0
OPERATING_POINT,,CONSERVATIVE,0.95,0.95,1.5,88,0.9713415509989743,0.9556204793146347,0.13567667494866023,0.9713415509989743,0.49396110989957703,0.7648029451815322,-0.8154913816330798,0.4942199486807286,0.16385879281891133,0.2537455433999848,-0.4271303579068867,0.16385879281891133,0.9457799312358433,0
OPERATING_POINT,,CONSERVATIVE,0.95,0.95,1.6,88,0.9722097864009297,0.956934655304184,0.13236844639410256,0.9722097864009297,0.487223120766075,0.7548926457617238,-0.8145480791992644,0.48740420317302796,0.15991960693403426,0.24781516646083232,-0.42121235015402175,0.15991960693403426,0.9466253183377472,0
OPERATING_POINT,,CONSERVATIVE,0.95,0.95,1.7,88,0.9730766487285151,0.9582663627523819,0.12901573982647388,0.9730766487285151,0.48011436440633015,0.7440293404466409,-0.8131208680309933,0.4802473148902417,0.15589302749013448,0.24163253557222647,-0.4149222792192134,0.15589302749013448,0.9474693684988171,0
OPERATING_POINT,,CONSERVATIVE,0.95,0.95,1.8,88,0.9732390226558064,0.9584799517730651,0.12841596172487998,0.9732390226558064,0.4792836548152439,0.7435192022919129,-0.8131035597192817,0.4792836548152439,0.1552228239921482,0.24081875128679756,-0.41400913756282665,0.1552228239921482,0.947627469428022,0
OPERATING_POINT,,CONSERVATIVE,0.95,0.95,1.9,88,0.9738038214528134,0.9593247928618073,0.12625964097158812,0.9738038214528134,0.47481358652433414,0.7371509574950033,-0.812475483236786,0.47481358652433414,0.15264736894429404,0.2370056134980966,-0.4101256873440003,0.15264736894429404,0.948177405098792,0
OPERATING_POINT,,CONSERVATIVE,0.98,0.98,0.5,88,0.9843957155429609,0.9758239775194523,0.08275426223553958,0.9843957155429609,0.5842410454508437,0.9030349040499472,-0.9028340104930358,0.5894699680363013,0.23311755046239302,0.3612025934695433,-0.5810086904642768,0.23311755046239302,0.9743508613027264,0
OPERATING_POINT,,CONSERVATIVE,0.98,0.98,0.6,88,0.9852139163130698,0.9771191764863049,0.0791283223951849,0.9852139163130698,0.5737855214764073,0.8868422782759621,-0.9026369881991321,0.5767174375877855,0.2237634439072865,0.34629648679439806,-0.5676374354402312,0.2237634439072865,0.9751607130853853,0
OPERATING_POINT,,CONSERVATIVE,0.98,0.98,0.7,88,0.9857419208749773,0.9779229977522028,0.0767164709608577,0.9857419208749773,0.5637577354086141,0.8722073939667158,-0.9009233496333583,0.5672949077208871,0.21734732723623262,0.33657924412010104,-0.5575658590747737,0.21734732723623262,0.975683329845641,0
OPERATING_POINT,,CONSERVATIVE,0.98,0.98,0.8,88,0.9863485599022845,0.9788188399901759,0.07402493283523622,0.9863485599022845,0.5556785385874281,0.8610822071800459,-0.9005694215369467,0.5578961108664298,0.21044900126611935,0.3265081700969972,-0.5476242882576937,0.21044900126611935,0.9762837786787919,0
OPERATING_POINT,,CONSERVATIVE,0.98,0.98,0.9,88,0.9868769163051861,0.9796445331957222,0.07160222004653792,0.9868769163051861,0.5473368142902362,0.8489617795447629,-0.8980363328286558,0.5479158553843805,0.20395584723593982,0.3163947894723791,-0.5371794236012927,0.20395584723593982,0.9768067436898271,0
OPERATING_POINT,,CONSERVATIVE,0.98,0.98,1.0,88,0.9873281615555949,0.9803850016957262,0.06954553891583867,0.9873281615555949,0.5391529375919819,0.8346810120511786,-0.8966630651519125,0.5393919790775822,0.19839634865137495,0.30713383924486753,-0.5284673500683765,0.19839634865137495,0.9772533843968643,0
OPERATING_POINT,,CONSERVATIVE,0.98,0.98,1.1,88,0.987668544713681,0.9809450688259909,0.0679776828618934,0.987668544713681,0.5322367787560325,0.8224249017293462,-0.8952565829134403,0.5327080318007695,0.19412155213744556,0.29999370890651456,-0.5215707882381804,0.19412155213744556,0.9775902942574191,0
OPERATING_POINT,,CONSERVATIVE,0.98,0.98,1.2,88,0.9878694670027003,0.981277832629555,0.06705090638107783,0.9878694670027003,0.528194199985649,0.8152262972353128,-0.8942852262754477,0.5287028914362403,0.19159542607667623,0.295740035833886,-0.5174541015428332,0.19159542607667623,0.9777891663189994,0
OPERATING_POINT,,CONSERVATIVE,0.98,0.98,1.3,88,0.9881950972563945,0.9817701822840406,0.0655222149190124,0.9881950972563945,0.5212714032560446,0.8050834129413874,-0.8916319415598598,0.5216037863376066,0.18737997848541907,0.2893971468158114,-0.5101760506621208,0.18737997848541907,0.978111473815003,0
OPERATING_POINT,,CONSERVATIVE,0.98,0.98,1.4,88,0.9885012606228795,0.9822151631584652,0.06409559440127016,0.9885012606228795,0.5152651221067899,0.7969314541711235,-0.8895317543203014,0.5154335720874792,0.18352124378152024,0.28385627619876047,-0.50365825469603,0.18352124378152024,0.978414513065503,0
OPERATING_POINT,,CONSERVATIVE,0.98,0.98,1.5,88,0.9886799219765869,0.9824701007673448,0.06324943125512594,0.9886799219765869,0.5112994808771897,0.7916525666342422,-0.887918625326614,0.5115583196583412,0.18119716379652398,0.28059516485269476,-0.49955760160042095,0.18119716379652398,0.9785913513441727,0
OPERATING_POINT,,CONSERVATIVE,0.98,0.98,1.6,88,0.9890294020613598,0.9829992845240562,0.06161709907032658,0.9890294020613598,0.5040427364265052,0.780957274981596,-0.8852994265230404,0.5042238188334582,0.17673922259446453,0.27387979568070464,-0.49196369747779767,0.17673922259446453,0.9789372653056319,0
OPERATING_POINT,,CONSERVATIVE,0.98,0.98,1.7,88,0.9893775318065464,0.9835341117294611,0.059970884786364476,0.9893775318065464,0.49641524748436155,0.7692970894237202,-0.8821657230711026,0.49654819796827315,0.1721939105681659,0.2669002845493059,-0.48396713425932275,0.1721939105681659,0.9792818427064796,0
OPERATING_POINT,,CONSERVATIVE,0.98,0.98,1.8,88,0.9894434054625162,0.9836212148060497,0.05967093777051416,0.9894434054625162,0.4954880376219538,0.7686604653248975,-0.8818485836736475,0.4954880376219538,0.17142720679885803,0.2659600143197821,-0.4827541615171926,0.17142720679885803,0.9793470441822865,0
OPERATING_POINT,,CONSERVATIVE,0.98,0.98,1.9,88,0.9896706175199527,0.9839613329482056,0.058607878705459665,0.9896706175199527,0.49068038259147334,0.7617874975814017,-0.8801272455029145,0.49068038259147334,0.1685141650114332,0.26164215358449483,-0.47777744961012886,0.1685141650114332,0.9795719377493409,0
OPERATING_POINT,,CONSERVATIVE,0.99,0.99,0.5,88,0.9922138907841145,0.987936855036321,0.04624643942829698,0.9922138907841145,0.5920592206919972,0.9151477815668159,-0.9393418333002784,0.5972881432774549,0.24093572570354657,0.37331547098641216,-0.6175165132715194,0.24093572570354657,0.987202709517528,0
OPERATING_POINT,,CONSERVATIVE,0.99,0.99,0.6,88,0.992625123930577,0.9885877262571209,0.04416090918158089,0.992625123930577,0.5811967290939145,0.8983108280467779,-0.9376044014127359,0.584128645205293,0.23117465152479386,0.35776503656521397,-0.6026048486538351,0.23117465152479386,0.9876118657289074,0
OPERATING_POINT,,CONSERVATIVE,0.99,0.99,0.7,88,0.9928899508055796,0.9889909430246778,0.04278165638334283,0.9928899508055796,0.5709057653392162,0.8832753392391908,-0.9348581642108731,0.5744429376514893,0.2244953571668348,0.34764718939257605,-0.5915006736522886,0.2244953571668348,0.9878753550944404,0
OPERATING_POINT,,CONSERVATIVE,0.99,0.99,0.8,88,0.9931949298733316,0.9894414399323256,0.0412334796388065,0.9931949298733316,0.5625249085584751,0.8717048071221956,-0.9333608747333764,0.5647424808374767,0.21729537123716636,0.33713077003914693,-0.5804157414541234,0.21729537123716636,0.9881787938638702,0
OPERATING_POINT,,CONSERVATIVE,0.99,0.99,0.9,88,0.9934599087330345,0.9898555741002572,0.03984896656464945,0.9934599087330345,0.5539198067180847,0.859172820449298,-0.9297895863105445,0.5544988478122289,0.2105388396637882,0.326605830376914,-0.568932677083181,0.2105388396637882,0.9884424344465039,0
OPERATING_POINT,,CONSERVATIVE,0.99,0.99,1.0,88,0.9936861948520757,0.9902267632667379,0.038672790093716825,0.9936861948520757,0.5455109708884627,0.8445227736221905,-0.9275358139740342,0.545750012374063,0.2047543819478557,0.31697560081587955,-0.5593400988904983,0.2047543819478557,0.988667577706358,0
OPERATING_POINT,,CONSERVATIVE,0.99,0.99,1.1,88,0.9938567713717618,0.9905073320871159,0.03777788720663307,0.9938567713717618,0.5384250054141131,0.831987164990471,-0.9254563785687008,0.53889625845885,0.2003097787955261,0.30955597216763947,-0.5517705838934407,0.2003097787955261,0.98883729272847,0
OPERATING_POINT,,CONSERVATIVE,0.99,0.99,1.2,88,0.9939574680905026,0.99067403594056,0.03724897978624837,0.9939574680905026,0.5342822010734513,0.8246225005463178,-0.924087152870277,0.5347908925240427,0.1976834271644786,0.30513623914489096,-0.5472560281376627,0.1976834271644786,0.9889374808779242,0
OPERATING_POINT,,CONSERVATIVE,0.99,0.99,1.3,88,0.9941205318567836,0.9909206152240827,0.03637916238405182,0.9941205318567836,0.5271968378564338,0.8142338458814294,-0.9207749940948204,0.5275292209379959,0.19330541308580826,0.2985475797558535,-0.5393191031970814,0.19330541308580826,0.9890997210898302,0
OPERATING_POINT,,CONSERVATIVE,0.99,0.99,1.4,88,0.9942739652089879,0.9911436808968297,0.03556608234123638,0.9942739652089879,0.5210378266928983,0.8058599719094882,-0.9180612663803351,0.5212062766735877,0.1892939483676287,0.29278479393712503,-0.5321877667560638,0.1892939483676287,0.989252379526114,0
OPERATING_POINT,,CONSERVATIVE,0.99,0.99,1.5,88,0.9943634100512161,0.991271362361713,0.03508523050605257,0.9943634100512161,0.5169829689518188,0.8004538282286102,-0.9160828260756876,0.5172418077329703,0.1868806518711531,0.28939642644706287,-0.5277218023494944,0.1868806518711531,0.9893413726267148,0
OPERATING_POINT,,CONSERVATIVE,0.99,0.99,1.6,88,0.9945384950750639,0.9915365095126283,0.034155477275625165,0.9945384950750639,0.5095518294402092,0.7894944999701682,-0.912761048317742,0.5097329118471622,0.18224831560816857,0.28241702066927665,-0.5194253192724991,0.18224831560816857,0.9895155733827656,0
OPERATING_POINT,,CONSERVATIVE,0.99,0.99,1.7,88,0.9947127710446023,0.9918042500713007,0.03321987637851948,0.9947127710446023,0.5017504867224175,0.7775672277655599,-0.9089167314789477,0.5018834372063292,0.1775291498062219,0.2751704228911454,-0.5107181426671678,0.1775291498062219,0.9896889691706398,0
OPERATING_POINT,,CONSERVATIVE,0.99,0.99,1.8,88,0.9947458575589249,0.9918480719826881,0.03304806976028403,0.9947458575589249,0.5007904897183625,0.7768873225015359,-0.9084714516838776,0.5007904897183625,0.1767296588952667,0.2741868714964204,-0.5093770295274226,0.1767296588952667,0.9897218885813545,0
OPERATING_POINT,,CONSERVATIVE,0.99,0.99,1.9,88,0.9948596659433959,0.9920184738505706,0.032442792169725315,0.9948596659433959,0.4958694310149163,0.7698446384837667,-0.9062923320386489,0.4958694310149163,0.17370321343487627,0.2696992944868599,-0.5039425361458632,0.17370321343487627,0.9898351221760048,0
OPERATING_POINT,,CONSERVATIVE,1.0,1.00,0.5,88,1.0,1.0,0.0,1.0,0.5998453299078829,0.9272109265304949,-0.9855882727285755,0.6050742524933406,0.24872183491943217,0.385378615950091,-0.6637629526998163,0.24872183491943217,1.0,0
OPERATING_POINT,,CONSERVATIVE,1.0,1.00,0.6,88,1.0,1.0,0.0,1.0,0.5885716051633376,0.9097231017896572,-0.9817653105943169,0.591503521274716,0.23854952759421677,0.3691773103080932,-0.646765757835416,0.23854952759421677,1.0,0
OPERATING_POINT,,CONSERVATIVE,1.0,1.00,0.7,88,1.0,1.0,0.0,1.0,0.5780158145336366,0.8942843962145129,-0.9776398205942158,0.5815529868459095,0.23160540636125518,0.35865624636789817,-0.6342823300356314,0.23160540636125518,1.0,0
OPERATING_POINT,,CONSERVATIVE,1.0,1.00,0.8,88,1.0,1.0,0.0,1.0,0.5693299786851435,0.8822633671898701,-0.9745943543721829,0.5715475509641451,0.2241004413638348,0.3476893301068214,-0.62164922109293,0.2241004413638348,1.0,0
OPERATING_POINT,,CONSERVATIVE,1.0,1.00,0.9,88,1.0,1.0,0.0,1.0,0.5604598979850501,0.8693172463490408,-0.9696385528751938,0.5610389390791944,0.2170789309307537,0.3367502562766569,-0.6087816436478305,0.2170789309307537,1.0,0
OPERATING_POINT,,CONSERVATIVE,1.0,1.00,1.0,88,1.0,1.0,0.0,1.0,0.5518247760363871,0.8542960103554527,-0.9662086040677511,0.5520638175219875,0.2110681870957802,0.32674883754914147,-0.5980128889842152,0.2110681870957802,1.0,0
OPERATING_POINT,,CONSERVATIVE,1.0,1.00,1.1,88,1.0,1.0,0.0,1.0,0.5445682340423514,0.8414798329033549,-0.9632342657753338,0.5450394870870884,0.2064530074237645,0.3190486400805235,-0.5895484711000738,0.2064530074237645,1.0,0
OPERATING_POINT,,CONSERVATIVE,1.0,1.00,1.2,88,1.0,1.0,0.0,1.0,0.5403247329829486,0.8339484646057578,-0.9613361326565252,0.5408334244335399,0.20372595907397584,0.314462203204331,-0.5845050079239111,0.20372595907397584,1.0,0
OPERATING_POINT,,CONSERVATIVE,1.0,1.00,1.3,88,1.0,1.0,0.0,1.0,0.5330763059996501,0.8233132306573467,-0.9571541564788721,0.5334086890812122,0.1991848812290245,0.3076269645317708,-0.5756982655811331,0.1991848812290245,1.0,0
OPERATING_POINT,,CONSERVATIVE,1.0,1.00,1.4,88,1.0,1.0,0.0,1.0,0.5267638614839106,0.8147162910126585,-0.9536273487215716,0.5269323114646,0.1950199831586409,0.3016411130402954,-0.5677538490973002,0.1950199831586409,1.0,0
OPERATING_POINT,,CONSERVATIVE,1.0,1.00,1.5,88,1.0,1.0,0.0,1.0,0.5226195589006027,0.8091824658668972,-0.9511680565817401,0.5228783976817543,0.19251724181993704,0.2981250640853499,-0.562807032855547,0.19251724181993704,1.0,0
OPERATING_POINT,,CONSERVATIVE,1.0,1.00,1.6,88,1.0,1.0,0.0,1.0,0.5150133343651452,0.7979579904575398,-0.946916525593367,0.5151944167720983,0.18770982053310464,0.29088051115664837,-0.5535807965481243,0.18770982053310464,1.0,0
OPERATING_POINT,,CONSERVATIVE,1.0,1.00,1.7,88,1.0,1.0,0.0,1.0,0.5070377156778152,0.7857629776942591,-0.9421366078574671,0.5071706661617269,0.18281637876161952,0.2833661728198447,-0.5439380190456873,0.18281637876161952,1.0,0
OPERATING_POINT,,CONSERVATIVE,1.0,1.00,1.8,88,1.0,1.0,0.0,1.0,0.5060446321594377,0.7850392505188478,-0.9415195214441617,0.5060446321594377,0.18198380133634187,0.2823387995137325,-0.5424250992877067,0.18198380133634187,1.0,0
OPERATING_POINT,,CONSERVATIVE,1.0,1.00,1.9,88,1.0,1.0,0.0,1.0,0.5010097650715206,0.777826164633196,-0.9387351242083742,0.5010097650715206,0.1788435474914805,0.2776808206362893,-0.5363853283155884,0.1788435474914805,1.0,0
SESSION_OPERATING_POINT,A,FAST,0.3333333333333333,0.333333,0.5,30,0.3880302266177233,0.05414062583462454,0.988703951842271,0.38315189176725445,-3.700743415417188e-17,-3.700743415417188e-17,7.401486830834377e-18,-5.181040781584064e-17,-0.35435033656207293,-0.5468449745691694,0.310107358034375,-0.35922867141254183,6.743593439890931e-17,30
SESSION_OPERATING_POINT,A,FAST,0.3333333333333333,0.333333,0.6,30,0.39411815207097667,0.06422798517203358,0.987932135133891,0.38908669467604223,-4.4408920985006264e-17,-5.181040781584064e-17,3.7007434154171884e-18,-5.736152293896643e-17,-0.3528742566791798,-0.5440174320916948,0.3166184012804436,-0.3579057140741142,7.87020135343481e-17,30
SESSION_OPERATING_POINT,A,FAST,0.3333333333333333,0.333333,0.7,30,0.40560312984711133,0.07732442781325173,0.9834476981643924,0.40270946781495687,-4.4408920985006264e-17,-6.106226635438361e-17,1.4802973661668754e-17,-5.181040781584064e-17,-0.3521296557525569,-0.5460690948314358,0.33009950698734863,-0.3550233177847114,8.239359085503215e-17,30
SESSION_OPERATING_POINT,A,FAST,0.3333333333333333,0.333333,0.8,30,0.41872011123047764,0.09868106017135192,0.9795461707464453,0.4157096587659217,-4.810966440042345e-17,-5.921189464667501e-17,1.4802973661668754e-17,-5.551115123125783e-17,-0.34872392774668065,-0.5401046689283586,0.3426408276072046,-0.35173438021123654,7.567503017681589e-17,30
SESSION_OPERATING_POINT,A,FAST,0.3333333333333333,0.333333,0.9,30,0.42338231642178253,0.10459023585494216,0.9776019050251392,0.42317990465021194,-4.070817756958907e-17,-5.921189464667501e-17,2.960594732333751e-17,-4.255854927729767e-17,-0.34955891388916605,-0.5428529740979982,0.3498667047668026,-0.34976132566073664,7.494620386460036e-17,30
SESSION_OPERATING_POINT,A,FAST,0.3333333333333333,0.333333,1.0,30,0.43327310171826994,0.12255240296960311,0.9741034785407433,0.43327310171826994,-4.810966440042345e-17,-7.586524001605237e-17,2.2204460492503132e-17,-4.810966440042345e-17,-0.34660525915934015,-0.5367262986689081,0.3585906756093969,-0.34660525915934015,9.000039887945522e-17,30
SESSION_OPERATING_POINT,A,FAST,0.3333333333333333,0.333333,1.1,30,0.4419767284735486,0.14073583484845945,0.9713155599946927,0.4419767284735486,-4.4408920985006264e-17,-6.846375318521799e-17,2.960594732333751e-17,-4.4408920985006264e-17,-0.3437850587933777,-0.5293586278627883,0.3661574516121746,-0.3437850587933777,8.212052913842709e-17,30
SESSION_OPERATING_POINT,A,FAST,0.3333333333333333,0.333333,1.2,30,0.4455026983735433,0.1465905588586516,0.970105687872761,0.4455026983735433,-5.3660779523549233e-17,-7.031412489292658e-17,2.2204460492503132e-17,-5.3660779523549233e-17,-0.3427977478762815,-0.5276068204080535,0.36933408839626664,-0.3427977478762815,7.943099684812542e-17,30
SESSION_OPERATING_POINT,A,FAST,0.3333333333333333,0.333333,1.3,30,0.45069420533277216,0.15477371544279794,0.9682870977840389,0.45069420533277216,-6.29126380620922e-17,-7.956598343146955e-17,2.590520390792032e-17,-6.29126380620922e-17,-0.34108987367363053,-0.5248158209465266,0.3737187913180838,-0.34108987367363053,9.50369665871031e-17,30
SESSION_OPERATING_POINT,A,FAST,0.3333333333333333,0.333333,1.4,30,0.45616756071451703,0.16290563002168124,0.9651773828157186,0.45616756071451703,-5.3660779523549233e-17,-7.956598343146955e-17,2.2204460492503132e-17,-5.3660779523549233e-17,-0.3391744014434717,-0.5220372073917046,0.3774356291054728,-0.3391744014434717,9.498566287186516e-17,30
SESSION_OPERATING_POINT,A,FAST,0.3333333333333333,0.333333,1.5,30,0.4590120044874636,0.1685392210347087,0.9637505815481501,0.4590120044874636,-4.9960036108132046e-17,-6.846375318521799e-17,3.7007434154171884e-18,-4.9960036108132046e-17,-0.3378930337600466,-0.5193054932120291,0.3791353566960659,-0.3378930337600466,7.928056330007948e-17,30
SESSION_OPERATING_POINT,A,FAST,0.3333333333333333,0.333333,1.6,30,0.46689455706533867,0.18136194511093878,0.9598500885041297,0.46689455706533867,-6.106226635438361e-17,-7.401486830834377e-17,5.181040781584064e-17,-6.106226635438361e-17,-0.3349478068596438,-0.5143957833907207,0.38459094010395056,-0.3349478068596438,8.943925417332468e-17,30
SESSION_OPERATING_POINT,A,FAST,0.3333333333333333,0.333333,1.7,30,0.47563299223936384,0.19362950369415438,0.9550787712464239,0.47563299223936384,-5.921189464667501e-17,-7.771561172376095e-17,2.2204460492503132e-17,-5.921189464667501e-17,-0.3317739517050635,-0.5102383157824376,0.39049339159132057,-0.3317739517050635,9.631578947577721e-17,30
SESSION_OPERATING_POINT,A,FAST,0.3333333333333333,0.333333,1.8,30,0.4756204667215119,0.19214915522905326,0.9551746759666084,0.4756204667215119,-6.29126380620922e-17,-8.141635513917814e-17,1.850371707708594e-17,-6.29126380620922e-17,-0.33196487279267534,-0.5114993186562303,0.3907805164168396,-0.33196487279267534,9.274501242521908e-17,30
SESSION_OPERATING_POINT,A,FAST,0.3333333333333333,0.333333,1.9,30,0.48105883575615427,0.20127354753604862,0.9529928773709394,0.48105883575615427,-5.181040781584064e-17,-7.031412489292658e-17,3.7007434154171884e-18,-5.181040781584064e-17,-0.3300959471453843,-0.5081311976261691,0.3951094280904102,-0.3300959471453843,9.826751151705251e-17,30
SESSION_OPERATING_POINT,A,FAST,0.5,0.50,0.5,30,0.5533343967850187,0.30810308672583725,0.9024449045482064,0.5533343967850187,0.1653041701672953,0.25396246089121266,-0.0862590472940647,0.17018250501776422,-0.18904616639477767,-0.2928825136779567,0.22384831074031036,-0.18904616639477767,0.27666719839250936,30
SESSION_OPERATING_POINT,A,FAST,0.5,0.50,0.6,30,0.559414453561048,0.3178401186096312,0.8976245524339763,0.559414453561048,0.16529630149007143,0.2536121334375975,-0.09030758269991487,0.1703277588850058,-0.18757795518910833,-0.2904052986540974,0.22631081858052876,-0.18757795518910833,0.27970722678052407,30
SESSION_OPERATING_POINT,A,FAST,0.5,0.50,0.7,30,0.5734839088165651,0.33698862884214836,0.8846225031330855,0.5734839088165651,0.1678807789694537,0.25966420102889654,-0.09882519503130685,0.17077444100160827,-0.18424887678310317,-0.2864048938025393,0.23127431195604178,-0.18424887678310317,0.28674195440828254,30
SESSION_OPERATING_POINT,A,FAST,0.5,0.50,0.8,30,0.5865638676328833,0.3579104374989471,0.872500410753575,0.5865638676328833,0.16784375640240573,0.25922937732759505,-0.10704575999287048,0.17085420886696168,-0.18088017134427486,-0.28087529160076335,0.23559506761433407,-0.18088017134427486,0.29328193381644163,30
SESSION_OPERATING_POINT,A,FAST,0.5,0.50,0.9,30,0.5940250748475027,0.3695731994166717,0.8658126841649392,0.5940250748475027,0.1706427584257201,0.26498296356172946,-0.11178922086020021,0.17084517019729073,-0.17891615546344591,-0.2778700105362687,0.23807748390660233,-0.17891615546344591,0.29701253742375133,30
SESSION_OPERATING_POINT,A,FAST,0.5,0.50,1.0,30,0.6037750888468426,0.3866111329604596,0.8561874745674878,0.6037750888468426,0.17050198712857265,0.2640587299908564,-0.11791600397325548,0.17050198712857265,-0.1761032720307674,-0.2726675686780516,0.2406746716361414,-0.1761032720307674,0.3018875444234213,30
SESSION_OPERATING_POINT,A,FAST,0.5,0.50,1.1,30,0.6121130766512404,0.4027023697352528,0.8480455659984716,0.6121130766512404,0.17013634817769166,0.2619665348867934,-0.12326999399622078,0.17013634817769166,-0.17364871061568604,-0.26739209297599487,0.2428874576159538,-0.17364871061568604,0.3060565383256202,30
SESSION_OPERATING_POINT,A,FAST,0.5,0.50,1.2,30,0.6155900163140219,0.4083794137348616,0.8446860881583265,0.6155900163140219,0.17008731794047863,0.26178885487620984,-0.12541959971443425,0.17008731794047863,-0.17271042993580293,-0.26581796553184367,0.2439144886818324,-0.17271042993580293,0.30779500815701094,30
SESSION_OPERATING_POINT,A,FAST,0.5,0.50,1.3,30,0.6205445604736629,0.41610126698751426,0.839728203277441,0.6205445604736629,0.16985035514089086,0.2613275515447164,-0.1285588945065978,0.16985035514089086,-0.1712395185327396,-0.26348826940181014,0.24515989681148595,-0.1712395185327396,0.31027228023683145,30
SESSION_OPERATING_POINT,A,FAST,0.5,0.50,1.4,30,0.6256825864538034,0.423795839530198,0.8337239937929453,0.6256825864538034,0.16951502573928626,0.2608902095085167,-0.1314533890227731,0.16951502573928626,-0.16965937570418535,-0.2611469978831878,0.24598224008269984,-0.16965937570418535,0.3128412932269017,30
SESSION_OPERATING_POINT,A,FAST,0.5,0.50,1.5,30,0.6281558785318997,0.42848900605016377,0.8307915465905749,0.6281558785318997,0.16914387404443607,0.259949785015455,-0.13295903495757522,0.16914387404443607,-0.16874915971561047,-0.2593557081965741,0.2461763217384906,-0.16874915971561047,0.31407793926594985,30
SESSION_OPERATING_POINT,A,FAST,0.5,0.50,1.6,30,0.6354168864645158,0.44018967803886905,0.822610064836521,0.6354168864645158,0.1685223293991768,0.2588277329279302,-0.13724002366760885,0.1685223293991768,-0.16642547746046696,-0.25556805046279046,0.2473509164363418,-0.16642547746046696,0.3177084432322579,30
SESSION_OPERATING_POINT,A,FAST,0.5,0.50,1.7,30,0.6435356516677814,0.4518635586201247,0.8131923954535158,0.6435356516677814,0.1679026594284174,0.2582340549259703,-0.1418863757929082,0.1679026594284174,-0.16387129227664607,-0.25200426085646727,0.24860701579841235,-0.16387129227664607,0.3217678258338907,30
SESSION_OPERATING_POINT,A,FAST,0.5,0.50,1.8,30,0.6436605288378587,0.4511035094561742,0.8132178745379223,0.6436605288378587,0.16804006211634687,0.2589543542271208,-0.14195680142868639,0.16804006211634687,-0.16392481067632833,-0.25254496442910934,0.24882371498815328,-0.16392481067632833,0.32183026441892937,30
SESSION_OPERATING_POINT,A,FAST,0.5,0.50,1.9,30,0.648795359291415,0.4595069077714649,0.807844546816932,0.648795359291415,0.1677365235352606,0.2582333602354162,-0.1451483305540075,0.1677365235352606,-0.16235942361012373,-0.2498978373907528,0.24996109753640278,-0.16235942361012373,0.3243976796457075,30
SESSION_OPERATING_POINT,A,FAST,0.6,0.60,0.5,30,0.6497738366689061,0.45752192333989256,0.8061864886469035,0.6497738366689061,0.2617436100511827,0.40338129750526797,-0.18251746319536755,0.26662194490165153,-0.09260672651089026,-0.14346367706390134,0.12758989483900748,-0.09260672651089026,0.43318255777927056,30
SESSION_OPERATING_POINT,A,FAST,0.6,0.60,0.6,30,0.6553134771041992,0.46630577804896484,0.7996988660873736,0.6553134771041992,0.26119532503322235,0.4020777928769311,-0.18823326904651752,0.2662267824281567,-0.0916789316459574,-0.14193963921476374,0.12838513223392606,-0.0916789316459574,0.4368756514027993,30
SESSION_OPERATING_POINT,A,FAST,0.6,0.60,0.7,30,0.668178058981004,0.4841843715576554,0.7832283470201857,0.668178058981004,0.2625749291338925,0.4068599437444036,-0.200219351144207,0.2654685911660471,-0.08955472661866432,-0.13920915108703227,0.12988015584314166,-0.08955472661866432,0.44545203932066924,30
SESSION_OPERATING_POINT,A,FAST,0.6,0.60,0.8,30,0.6799675387360212,0.5029421247400205,0.7679800360839386,0.6799675387360212,0.2612474275055438,0.4042610645686686,-0.2115661346625068,0.26425787997009975,-0.08747650024113679,-0.13584360435968984,0.13107469294469784,-0.08747650024113679,0.45331169249068093,30
SESSION_OPERATING_POINT,A,FAST,0.6,0.60,0.9,30,0.6866660273765052,0.513458513659509,0.7594992009755579,0.6866660273765052,0.2632837109547225,0.40886827780456675,-0.2181027040495814,0.2634861227262932,-0.08627520293444348,-0.13398469629343138,0.13176400071722108,-0.08627520293444348,0.4577773515843368,30
SESSION_OPERATING_POINT,A,FAST,0.6,0.60,1.0,30,0.6952626785074006,0.5282736044195008,0.7478200976139183,0.6952626785074006,0.26198957678913065,0.40572120144989754,-0.22628338092682496,0.26198957678913065,-0.08461568237020937,-0.13100509721901055,0.13230729468257188,-0.08461568237020937,0.4635084523382671,30
SESSION_OPERATING_POINT,A,FAST,0.6,0.60,1.1,30,0.7025823807557913,0.5420094026107793,0.7379164621073622,0.7025823807557913,0.2606056522822428,0.4012735677623198,-0.2333990978873304,0.2606056522822428,-0.08317940651113488,-0.1280850601004683,0.1327583537248442,-0.08317940651113488,0.4683882538371942,30
SESSION_OPERATING_POINT,A,FAST,0.6,0.60,1.2,30,0.7056877456269424,0.5470500419173988,0.7337850805549272,0.7056877456269424,0.26018504725339875,0.4004594830587471,-0.23632060731783386,0.26018504725339875,-0.08261270062288276,-0.1271473373493063,0.13301348107843283,-0.08261270062288276,0.47045849708462817,30
SESSION_OPERATING_POINT,A,FAST,0.6,0.60,1.3,30,0.7100290043037109,0.5537893422901575,0.727814994175083,0.7100290043037109,0.2593347989709387,0.39901562684735964,-0.240472103608956,0.2593347989709387,-0.08175507470269171,-0.12580019409916685,0.13324668770912773,-0.08175507470269171,0.47335266953580724,30
SESSION_OPERATING_POINT,A,FAST,0.6,0.60,1.4,30,0.7144945262906504,0.5604949907342439,0.721001271542661,0.7144945262906504,0.2583269655761332,0.39758936071256257,-0.24417611127305736,0.2583269655761332,-0.08084743586733835,-0.12444784667914191,0.13325951783241557,-0.08084743586733835,0.4763296841937668,30
SESSION_OPERATING_POINT,A,FAST,0.6,0.60,1.5,30,0.7165477875311885,0.5643398353988792,0.717761540867735,0.7165477875311885,0.25753578304372493,0.3958006143641704,-0.24598904068041502,0.25753578304372493,-0.08035725071632169,-0.12350487884785863,0.13314631601565083,-0.08035725071632169,0.4776985250207923,30
SESSION_OPERATING_POINT,A,FAST,0.6,0.60,1.6,30,0.7227981279980827,0.5743800162942885,0.7084200286121309,0.7227981279980827,0.25590357093274396,0.3930180711833495,-0.2514300598919988,0.25590357093274396,-0.07904423592689977,-0.12137771220737106,0.13316088021195185,-0.07904423592689977,0.48186541866538846,30
SESSION_OPERATING_POINT,A,FAST,0.6,0.60,1.7,30,0.7298164535331061,0.5845515563671617,0.6977388199786885,0.7298164535331061,0.2541834612937422,0.3909220526730074,-0.25733995126773557,0.2541834612937422,-0.07759049041132128,-0.11931626310943019,0.13315344032358495,-0.07759049041132128,0.4865443023554041,30
SESSION_OPERATING_POINT,A,FAST,0.6,0.60,1.8,30,0.729985820513522,0.5841058586198358,0.6976535454659418,0.729985820513522,0.2543653537920101,0.3919567033907825,-0.2575211305006668,0.2543653537920101,-0.07759951900066521,-0.11954261526544777,0.13325938591617287,-0.07759951900066521,0.4866572136756813,30
SESSION_OPERATING_POINT,A,FAST,0.6,0.60,1.9,30,0.7344586739977627,0.5913637587232824,0.6913044742470292,0.7344586739977627,0.25339983824160817,0.39009021118723375,-0.26168840312391045,0.25339983824160817,-0.0766961089037761,-0.11804098643893525,0.1334210249664998,-0.0766961089037761,0.48963911599850835,30
SESSION_OPERATING_POINT,A,FAST,0.7,0.70,0.5,30,0.7423805631797964,0.6009856004037939,0.6785965938078959,0.7423805631797964,0.3543503365620729,0.5468449745691694,-0.310107358034375,0.35922867141254183,0.0,0.0,0.0,0.0,0.5832990139269828,0
SESSION_OPERATING_POINT,A,FAST,0.7,0.70,0.6,30,0.7469924087501563,0.6082454172637285,0.6713137338534472,0.7469924087501563,0.35287425667917977,0.5440174320916947,-0.3166184012804436,0.3579057140741141,0.0,0.0,0.0,0.0,0.5869226068751228,0
SESSION_OPERATING_POINT,A,FAST,0.7,0.70,0.7,30,0.7577327855996683,0.6233935226446878,0.6533481911770437,0.7577327855996683,0.3521296557525568,0.5460690948314358,-0.33009950698734863,0.3550233177847113,0.0,0.0,0.0,0.0,0.5953614743997393,0
SESSION_OPERATING_POINT,A,FAST,0.7,0.70,0.8,30,0.7674440389771582,0.6387857290997104,0.6369053431392409,0.7674440389771582,0.34872392774668065,0.5401046689283586,-0.34264082760720455,0.3517343802112365,0.0,0.0,0.0,0.0,0.6029917449106243,0
SESSION_OPERATING_POINT,A,FAST,0.7,0.70,0.9,30,0.7729412303109486,0.6474432099529405,0.627735200258337,0.7729412303109486,0.34955891388916605,0.5428529740979982,-0.3498667047668025,0.34976132566073664,0.0,0.0,0.0,0.0,0.6073109666728881,0
SESSION_OPERATING_POINT,A,FAST,0.7,0.70,1.0,30,0.77987836087761,0.6592787016385112,0.6155128029313466,0.77987836087761,0.3466052591593401,0.5367262986689081,-0.3585906756093968,0.3466052591593401,0.0,0.0,0.0,0.0,0.6127615692609792,0
SESSION_OPERATING_POINT,A,FAST,0.7,0.70,1.1,30,0.7857617872669262,0.6700944627112476,0.6051581083825179,0.7857617872669262,0.34378505879337756,0.5293586278627882,-0.3661574516121746,0.34378505879337756,0.0,0.0,0.0,0.0,0.6173842614240134,0
SESSION_OPERATING_POINT,A,FAST,0.7,0.70,1.2,30,0.7883004462498248,0.6741973792667051,0.6007715994764941,0.7883004462498248,0.3427977478762815,0.5276068204080535,-0.36933408839626664,0.3427977478762815,0.0,0.0,0.0,0.0,0.6193789220534338,0
SESSION_OPERATING_POINT,A,FAST,0.7,0.70,1.3,30,0.7917840790064026,0.6795895363893245,0.5945683064659552,0.7917840790064026,0.34108987367363053,0.5248158209465266,-0.37371879131808367,0.34108987367363053,0.0,0.0,0.0,0.0,0.6221160620764591,0
SESSION_OPERATING_POINT,A,FAST,0.7,0.70,1.4,30,0.7953419621579888,0.6849428374133859,0.5877417537102455,0.7953419621579888,0.3391744014434716,0.5220372073917046,-0.3774356291054728,0.3391744014434716,0.0,0.0,0.0,0.0,0.6249115416955625,0
SESSION_OPERATING_POINT,A,FAST,0.7,0.70,1.5,30,0.7969050382475104,0.6878447142467378,0.5846152248520842,0.7969050382475104,0.33789303376004654,0.519305493212029,-0.3791353566960659,0.33789303376004654,0.0,0.0,0.0,0.0,0.626139672908758,0
SESSION_OPERATING_POINT,A,FAST,0.7,0.70,1.6,30,0.8018423639249825,0.6957577285016596,0.575259148400179,0.8018423639249825,0.33494780685964376,0.5143957833907207,-0.38459094010395056,0.33494780685964376,0.0,0.0,0.0,0.0,0.6300190002267722,0
SESSION_OPERATING_POINT,A,FAST,0.7,0.70,1.7,30,0.8074069439444275,0.703867819476592,0.5645853796551035,0.8074069439444275,0.33177395170506346,0.5102383157824375,-0.39049339159132057,0.33177395170506346,0.0,0.0,0.0,0.0,0.63439117024205,0
SESSION_OPERATING_POINT,A,FAST,0.7,0.70,1.8,30,0.8075853395141872,0.7036484738852835,0.5643941595497688,0.8075853395141872,0.3319648727926753,0.5114993186562302,-0.3907805164168396,0.3319648727926753,0.0,0.0,0.0,0.0,0.6345313381897185,0
SESSION_OPERATING_POINT,A,FAST,0.7,0.70,1.9,30,0.8111547829015386,0.7094047451622176,0.5578834492805295,0.8111547829015386,0.3300959471453843,0.508131197626169,-0.3951094280904102,0.3300959471453843,0.0,0.0,0.0,0.0,0.6373359008512088,0
SESSION_OPERATING_POINT,A,FAST,0.8,0.80,0.5,30,0.8314504189906612,0.7389549908941693,0.5169590016951778,0.8314504189906612,0.4434201923729378,0.6848143650595448,-0.47174495014709306,0.44829852722340663,0.08906985581086482,0.13796939049037552,-0.16163759211271805,0.08906985581086482,0.7275191166168287,0
SESSION_OPERATING_POINT,A,FAST,0.8,0.80,0.6,30,0.8348009964819381,0.744200126923769,0.5100111969299236,0.8348009964819381,0.44068284441096134,0.6799721417517351,-0.4779209382039674,0.44571430180589566,0.0878085877317815,0.1359547096600404,-0.1613025369235238,0.0878085877317815,0.7304508719216956,0
SESSION_OPERATING_POINT,A,FAST,0.8,0.80,0.7,30,0.8426217550114992,0.7553521025032168,0.4931531600127727,0.8426217550114992,0.43701862516438766,0.6780276746899649,-0.4902945381516197,0.4399122871965421,0.08488896941183072,0.13195857985852918,-0.16019503116427103,0.08488896941183072,0.7372940356350616,0
SESSION_OPERATING_POINT,A,FAST,0.8,0.80,0.8,30,0.8496042658292121,0.7663873989884571,0.4779209587792418,0.8496042658292121,0.4308841545987344,0.667706338817105,-0.5016252119672037,0.4338946070632904,0.08216022685205385,0.1276016698887466,-0.158984384359999,0.08216022685205385,0.7434037326005605,0
SESSION_OPERATING_POINT,A,FAST,0.8,0.80,0.9,30,0.8535428690003809,0.7726049313887463,0.46942059762797644,0.8535428690003809,0.43016055257859814,0.6680146955338039,-0.5081813073971629,0.4303629643501688,0.08060163868943218,0.12516172143580578,-0.15831460263036043,0.08060163868943218,0.7468500103753333,0
SESSION_OPERATING_POINT,A,FAST,0.8,0.80,1.0,30,0.8584353328921678,0.7808886432228738,0.45839798529408365,0.8584353328921678,0.42516223117389795,0.6583362402532708,-0.5157054932466595,0.42516223117389795,0.07855697201455782,0.12160994158436265,-0.15711481763726273,0.07855697201455782,0.7511309162806467,0
SESSION_OPERATING_POINT,A,FAST,0.8,0.80,1.1,30,0.8625698403380523,0.7883704086439849,0.4490797719555494,0.8625698403380523,0.4205931118645037,0.6476345737955256,-0.5222357880391432,0.4205931118645037,0.076808053071126,0.1182759459327374,-0.15607833642696856,0.076808053071126,0.7547486102957957,0
SESSION_OPERATING_POINT,A,FAST,0.8,0.80,1.2,30,0.8643836179474892,0.7912919440537013,0.4450639394629508,0.8643836179474892,0.4188809195739458,0.6447013851950497,-0.5250417484098101,0.4188809195739458,0.07608317169766436,0.11709456478699612,-0.15570766001354341,0.07608317169766436,0.7563356657040531,0
SESSION_OPERATING_POINT,A,FAST,0.8,0.80,1.3,30,0.8668281054015439,0.795067106798548,0.4395067305470655,0.8668281054015439,0.4161339000687719,0.6402933913557499,-0.5287803672369734,0.4161339000687719,0.07504402639514139,0.11547757040922345,-0.15506157591888967,0.07504402639514139,0.7584745922263508,0
SESSION_OPERATING_POINT,A,FAST,0.8,0.80,1.4,30,0.8693090081884721,0.798805632460314,0.4335484319949282,0.8693090081884721,0.4131414474739551,0.6359000024386325,-0.5316289508207902,0.4131414474739551,0.0739670460304835,0.11386279504692806,-0.15419332171531727,0.0739670460304835,0.7606453821649131,0
SESSION_OPERATING_POINT,A,FAST,0.8,0.80,1.5,30,0.8703507910559108,0.800728899579654,0.43093416696073406,0.8703507910559108,0.41133878656844725,0.632189678544945,-0.5328164145874159,0.41133878656844725,0.07344575280840057,0.11288418533291594,-0.15368105789135006,0.07344575280840057,0.7615569421739219,0
SESSION_OPERATING_POINT,A,FAST,0.8,0.80,1.6,30,0.8737669619575681,0.8061945890584626,0.42279131525328034,0.8737669619575681,0.40687240489222914,0.6248326439475238,-0.5370587732508494,0.40687240489222914,0.07192459803258548,0.1104368605568032,-0.15246783314689877,0.07192459803258548,0.7645460917128722,0
SESSION_OPERATING_POINT,A,FAST,0.8,0.80,1.7,30,0.8776298139693499,0.8118482338506435,0.4135060556243074,0.8776298139693499,0.40199682172998596,0.6182187301564891,-0.5415727156221166,0.40199682172998596,0.07022287002492256,0.10798041437405163,-0.15107932403079605,0.07022287002492256,0.767926087223181,0
SESSION_OPERATING_POINT,A,FAST,0.8,0.80,1.8,30,0.8777815312843961,0.8117732945665824,0.4132534975100765,0.8777815312843961,0.40216106456288425,0.6196241393375291,-0.541921178456532,0.40216106456288425,0.07019619177020898,0.10812482068129889,-0.15114066203969231,0.07019619177020898,0.7680588398738467,0
SESSION_OPERATING_POINT,A,FAST,0.8,0.80,1.9,30,0.8802732052536175,0.815772655261879,0.40748263254562017,0.8802732052536175,0.3992143694974629,0.6144991077258304,-0.5455102448253193,0.3992143694974629,0.06911842235207866,0.10636791009966147,-0.15040081673490907,0.06911842235207866,0.7702390545969151,0
SESSION_OPERATING_POINT,A,FAST,0.9,0.90,0.5,30,0.9172456632973909,0.8718385122512691,0.31088354572587196,0.9172456632973909,0.5292154366796673,0.8176978864166444,-0.6778204061163989,0.5340937715301362,0.17486510011759435,0.2708529118474752,-0.3677130480820238,0.17486510011759435,0.8662875708919802,0
SESSION_OPERATING_POINT,A,FAST,0.9,0.90,0.6,30,0.9190463655271974,0.8746450095724612,0.30581582902468296,0.9190463655271974,0.5249282134562209,0.8104170244004276,-0.682116306109208,0.5299596708511553,0.17205395677704102,0.2663995923087328,-0.36549790482876454,0.17205395677704102,0.8679882341090198,0
SESSION_OPERATING_POINT,A,FAST,0.9,0.90,0.7,30,0.9232571580130802,0.8807006074832237,0.2936581937780801,0.9232571580130802,0.5176540281659687,0.8033761796699719,-0.6897895043863121,0.5205476901981234,0.16552437241341203,0.25730708483853587,-0.3596899973989637,0.16552437241341203,0.8719650936790203,0
SESSION_OPERATING_POINT,A,FAST,0.9,0.90,0.8,30,0.92697208772207,0.8865585281174866,0.2828203487355978,0.92697208772207,0.5082519764915923,0.7878774679461346,-0.6967258220108475,0.5112624289561482,0.15952804874491164,0.24777279901777613,-0.35408499440364294,0.15952804874491164,0.875473638404177,0
SESSION_OPERATING_POINT,A,FAST,0.9,0.90,0.9,30,0.9290604741221898,0.8898613667003428,0.27677332644050134,0.9290604741221898,0.5056781577004074,0.7852711308454005,-0.7008285785846381,0.505880569471978,0.15611924381124132,0.24241815674740239,-0.3509618738178356,0.15611924381124132,0.8774460033376238,0
SESSION_OPERATING_POINT,A,FAST,0.9,0.90,1.0,30,0.9316163810797007,0.8941631487450514,0.2691280924583499,0.9316163810797007,0.4983432793614306,0.7716107457754481,-0.7049753860823934,0.4983432793614306,0.1517380202020906,0.23488444710654002,-0.3463847104729965,0.1517380202020906,0.8798599154641618,0
SESSION_OPERATING_POINT,A,FAST,0.9,0.90,1.1,30,0.9337693144828323,0.8980107573724282,0.2626821343212066,0.9337693144828323,0.49179258600928377,0.7572749225239686,-0.708633425673486,0.49179258600928377,0.14800752721590602,0.2279162946611805,-0.34247597406131125,0.14800752721590602,0.8818932414560082,0
SESSION_OPERATING_POINT,A,FAST,0.9,0.90,1.2,30,0.9347291244895731,0.89955259208818,0.25985255982334327,0.9347291244895731,0.4892264261160296,0.7529620332295285,-0.7102531280494178,0.4892264261160296,0.1464286782397481,0.2253552128214749,-0.3409190396531508,0.1464286782397481,0.8827997286845968,0
SESSION_OPERATING_POINT,A,FAST,0.9,0.90,1.3,30,0.9360003549076211,0.9015122706080234,0.2560226642276575,0.9360003549076211,0.4853061495748488,0.7467385551652252,-0.7122644335563812,0.4853061495748488,0.14421627590121847,0.22192273421869893,-0.3385456422382977,0.14421627590121847,0.8840003351905311,0
SESSION_OPERATING_POINT,A,FAST,0.9,0.90,1.4,30,0.9372832994387855,0.9034479077351587,0.25200279537467446,0.9372832994387855,0.48111573872426844,0.7405422777134774,-0.713174587441044,0.48111573872426844,0.1419413372807968,0.21850507032177285,-0.335738958335571,0.1419413372807968,0.8852120050255198,0
SESSION_OPERATING_POINT,A,FAST,0.9,0.90,1.5,30,0.9377984563286759,0.9043955756653449,0.25032073261160226,0.9377984563286759,0.4787864518412122,0.735856354630636,-0.7134298489365477,0.4787864518412122,0.14089341808116565,0.216550861418607,-0.3342944922404819,0.14089341808116565,0.8856985420881938,0
SESSION_OPERATING_POINT,A,FAST,0.9,0.90,1.6,30,0.9395526170681099,0.9071983742929053,0.2448482083897917,0.9395526170681099,0.4726580600027711,0.7258364291819663,-0.715001880114338,0.4726580600027711,0.13771025314312726,0.21144064579124575,-0.3304109400103874,0.13771025314312726,0.8873552494532151,0
SESSION_OPERATING_POINT,A,FAST,0.9,0.90,1.7,30,0.9415419886635849,0.9101195434008235,0.23860661457242618,0.9415419886635849,0.46590899642422096,0.716490039706669,-0.7164721566739977,0.46590899642422096,0.13413504471915752,0.20625172392423158,-0.32597876508267737,0.13413504471915752,0.8892341004044969,0
SESSION_OPERATING_POINT,A,FAST,0.9,0.90,1.8,30,0.9416332524305849,0.910114934661145,0.2383809181342305,0.9416332524305849,0.4660127857090732,0.7179657794320916,-0.716793757832378,0.4660127857090732,0.13404791291639787,0.2064664607758614,-0.3260132414155384,0.13404791291639787,0.8893202939622191,0
SESSION_OPERATING_POINT,A,FAST,0.9,0.90,1.9,30,0.9429226465209724,0.9121768843067924,0.23444176996385394,0.9429226465209724,0.46186381076481814,0.7109033367707437,-0.7185511074070856,0.46186381076481814,0.13176786361943385,0.2027721391445749,-0.32344167931667545,0.13176786361943385,0.8905380550475853,0
SESSION_OPERATING_POINT,A,FAST,0.95,0.95,0.5,30,0.958989336638108,0.9364883283147681,0.18107331044869554,0.958989336638108,0.5709591100203847,0.8823477024801434,-0.8076306413935755,0.5758374448708535,0.21660877345831178,0.33550272791097413,-0.4975232833592004,0.21660877345831178,0.9337527751476314,0
SESSION_OPERATING_POINT,A,FAST,0.95,0.95,0.6,30,0.9599189143107395,0.9379344028606021,0.17782408565802896,0.9599189143107395,0.5658007622397629,0.8737064176885686,-0.8101080494758619,0.5708322196346973,0.2129265055605832,0.3296889855968738,-0.49348964819541846,0.2129265055605832,0.9346578902499305,0
SESSION_OPERATING_POINT,A,FAST,0.95,0.95,0.7,30,0.9620943500347928,0.9410741232048182,0.17006961977670476,0.9620943500347928,0.5564912201876812,0.8637496953915662,-0.8133780783876877,0.5593848822198357,0.20436156443512438,0.31768060056013053,-0.483278571400339,0.20436156443512438,0.9367760776654559,0
SESSION_OPERATING_POINT,A,FAST,0.95,0.95,0.8,30,0.9640026845128826,0.9440804329335069,0.16320644417504773,0.9640026845128826,0.5452825732824049,0.8453993727621547,-0.8163397265713976,0.5482930257469609,0.19655864553572436,0.3052947038337964,-0.4736988989641931,0.19655864553572436,0.938634192815175,0
SESSION_OPERATING_POINT,A,FAST,0.95,0.95,0.9,30,0.9650737094135337,0.9457756063769165,0.15937729059061445,0.9650737094135337,0.5416913929917511,0.8411853705219742,-0.818224614434525,0.5418938047633216,0.19213247910258496,0.29833239642397597,-0.4683579096677225,0.19213247910258496,0.9396770328500196,0
SESSION_OPERATING_POINT,A,FAST,0.95,0.95,1.0,30,0.966375208552295,0.9479605968643792,0.1545991108277608,0.966375208552295,0.5331021068340249,0.8254081938947758,-0.8195043677129823,0.5331021068340249,0.18649684767468486,0.288681895225868,-0.4609136921035857,0.18649684767468486,0.9409442820114451,0
SESSION_OPERATING_POINT,A,FAST,0.95,0.95,1.1,30,0.9674698549054251,0.9499065176718247,0.15057632598705525,0.9674698549054251,0.5254931264318764,0.8091706828233654,-0.8207392340076373,0.5254931264318764,0.18170806763849884,0.27981205496057704,-0.4545817823954626,0.18170806763849884,0.942010121881598,0
SESSION_OPERATING_POINT,A,FAST,0.95,0.95,1.2,30,0.9679617241158944,0.9506957323664218,0.1487926980422674,0.9679617241158944,0.5224590257423508,0.8041051735077704,-0.8213129898304934,0.5224590257423508,0.1796612778660694,0.2764983530997168,-0.45197890143422664,0.1796612778660694,0.9424890471654759,0
SESSION_OPERATING_POINT,A,FAST,0.95,0.95,1.3,30,0.9686076815334747,0.9516907381902512,0.14640698377790867,0.9686076815334747,0.5179134762007026,0.7969170227474532,-0.8218801140061303,0.5179134762007026,0.17682360252707213,0.2721012018009267,-0.4481613226880464,0.17682360252707213,0.9431180057036463,0
SESSION_OPERATING_POINT,A,FAST,0.95,0.95,1.4,30,0.9692579087858125,0.9526722741794813,0.14392925759363004,0.9692579087858125,0.5130903480712957,0.7897666441578001,-0.8212481252220886,0.5130903480712957,0.17391594662782403,0.2677294367660955,-0.44381249611661555,0.17391594662782403,0.9437511217125019,0
SESSION_OPERATING_POINT,A,FAST,0.95,0.95,1.5,30,0.9695132684077675,0.9531414638011573,0.1429196006261532,0.9695132684077675,0.5105012639203037,0.7846022427664483,-0.8208309809219968,0.5105012639203037,0.17260823016025723,0.26529674955441934,-0.441695624225931,0.17260823016025723,0.9439997613444052,0
SESSION_OPERATING_POINT,A,FAST,0.95,0.95,1.6,30,0.9703993849062372,0.9545564970932667,0.1395533534001396,0.9703993849062372,0.5035048278408982,0.773194551982328,-0.8202967351039901,0.5035048278408982,0.1685570209812545,0.25879876859160733,-0.4357057950000395,0.1685570209812545,0.9448625589876519,0
SESSION_OPERATING_POINT,A,FAST,0.95,0.95,1.7,30,0.9714056872199277,0.9560361754944153,0.1357136985461625,0.9714056872199277,0.49577269498056376,0.7624066718002608,-0.8193650727002615,0.49577269498056376,0.16399874327550024,0.25216835601782345,-0.42887168110894097,0.16399874327550024,0.9458423796615084,0
SESSION_OPERATING_POINT,A,FAST,0.95,0.95,1.8,30,0.9714549645225875,0.9560415671532948,0.13555695854946323,0.9714549645225875,0.49583449780107575,0.7638924119242414,-0.8196177174171453,0.49583449780107575,0.16386962500840047,0.25239309326801124,-0.42883720100030565,0.16386962500840047,0.9458903601930458,0
SESSION_OPERATING_POINT,A,FAST,0.95,0.95,1.9,30,0.9721086016810342,0.9570851975893012,0.1331153321091112,0.9721086016810342,0.49104976592487964,0.7558116500532527,-0.8198775452618285,0.49104976592487964,0.16095381877949536,0.24768045242708367,-0.4247681171714181,0.16095381877949536,0.9465267963736385,0
SESSION_OPERATING_POINT,A,FAST,0.98,0.98,0.5,30,0.9836820383391234,0.9747293290058875,0.08592078310499597,0.9836820383391234,0.5956518117214,0.9205887031712632,-0.9027831687372749,0.6005301465718689,0.24130147515932707,0.3737437286020937,-0.5926758107029,0.24130147515932707,0.9736444665193366,0
SESSION_OPERATING_POINT,A,FAST,0.98,0.98,0.6,30,0.9840606305713493,0.975317661359636,0.08427080406259133,0.9840606305713493,0.5899424785003726,0.9110896761876025,-0.9036613310712996,0.594973935895307,0.23706822182119291,0.3670722440959076,-0.587042929790856,0.23706822182119291,0.9740191955655192,0
SESSION_OPERATING_POINT,A,FAST,0.98,0.98,0.7,30,0.984947010276388,0.9765994582354283,0.08034831250040268,0.984947010276388,0.5793438804292766,0.8992750304221763,-0.9030993856639896,0.5822375424614312,0.22721422467671978,0.35320593559074054,-0.5729998786766412,0.22721422467671978,0.9748965305796902,0
SESSION_OPERATING_POINT,A,FAST,0.98,0.98,0.8,30,0.9857219607540049,0.9778196411656933,0.07689349462538021,0.9857219607540049,0.5670018495235276,0.8791385809943413,-0.902652676121065,0.5700123019880834,0.21827792177684688,0.3390339120659827,-0.5600118485138605,0.21827792177684688,0.9756635733993725,0
SESSION_OPERATING_POINT,A,FAST,0.98,0.98,0.9,30,0.9861564664709643,0.9785076540996187,0.07496547451310397,0.9861564664709643,0.5627741500491815,0.8739174182446763,-0.9026364305120355,0.5629765618207522,0.2132152361600156,0.3310644441466781,-0.5527697257452328,0.2132152361600156,0.9760936453845258,0
SESSION_OPERATING_POINT,A,FAST,0.98,0.98,1.0,30,0.9866822733526411,0.9793891608798313,0.0725816893526409,0.9866822733526411,0.5534091716343712,0.8568367579102284,-0.9015217891881022,0.5534091716343712,0.20680391247503113,0.3201104592413202,-0.5429311135787055,0.20680391247503113,0.976614086889859,0
SESSION_OPERATING_POINT,A,FAST,0.98,0.98,1.1,30,0.9871241264329562,0.9801723195175345,0.07057669014389381,0.9871241264329562,0.5451473979594077,0.8394364846690751,-0.9007388698507987,0.5451473979594077,0.20136233916602994,0.3100778568062869,-0.534581418238624,0.20136233916602994,0.9770514312652732,0
SESSION_OPERATING_POINT,A,FAST,0.98,0.98,1.2,30,0.987323598214245,0.9804921677496833,0.0696815779285361,0.987323598214245,0.5418208998407014,0.833901608891032,-0.9004241099442248,0.5418208998407014,0.19902315196441997,0.3062947884829784,-0.5310900215479581,0.19902315196441997,0.977248867620222,0
SESSION_OPERATING_POINT,A,FAST,0.98,0.98,1.3,30,0.9875842471150729,0.9808934859397953,0.06849410451986424,0.9875842471150729,0.5368900417823007,0.8261197704969975,-0.8997929932641746,0.5368900417823007,0.19580016810867026,0.30130394955047074,-0.5260742019460909,0.19580016810867026,0.9775068568383883,0
SESSION_OPERATING_POINT,A,FAST,0.98,0.98,1.4,30,0.9878462293141119,0.9812890692034173,0.06727032069923743,0.9878462293141119,0.531678668599595,0.8183834391817358,-0.897907062116481,0.531678668599595,0.19250426715612337,0.2963462317900315,-0.520471433011008,0.19250426715612337,0.9777661657496822,0
SESSION_OPERATING_POINT,A,FAST,0.98,0.98,1.5,30,0.9879477597003247,0.9814755126498713,0.06678081204941003,0.9879477597003247,0.528935755212861,0.8129362916151626,-0.8969697694987401,0.528935755212861,0.1910427214528144,0.2936307984031335,-0.5178344128026742,0.1910427214528144,0.9778666601115458,0
SESSION_OPERATING_POINT,A,FAST,0.98,0.98,1.6,30,0.9883040996202719,0.9820443708211101,0.06512004671339602,0.9883040996202719,0.5214095425549329,0.800682425710171,-0.8947300417907336,0.5214095425549329,0.18646173569528912,0.2862866423194504,-0.5101391016867831,0.18646173569528912,0.9782193639098609,0
SESSION_OPERATING_POINT,A,FAST,0.98,0.98,1.7,30,0.98870908848099,0.9826403231871166,0.06322599408336929,0.98870908848099,0.5130760962416262,0.7890108194929624,-0.8918527771630547,0.5130760962416262,0.18130214453656276,0.27877250371052475,-0.5013593855717342,0.18130214453656276,0.9786202202311841,0
SESSION_OPERATING_POINT,A,FAST,0.98,0.98,1.8,30,0.9887296470492177,0.9826442617282621,0.06314256944344926,0.9887296470492177,0.513109180327706,0.790495106499209,-0.8920321065231592,0.513109180327706,0.18114430753503066,0.2789957878429787,-0.5012515901063197,0.18114430753503066,0.9786405690181035,0
SESSION_OPERATING_POINT,A,FAST,0.98,0.98,1.9,30,0.9889930280591162,0.9830644238192273,0.061931567367066266,0.9889930280591162,0.5079341923029618,0.7817908762831787,-0.8910613100038735,0.5079341923029618,0.1778382451575774,0.2736596786570097,-0.4959518819134631,0.1778382451575774,0.9789012624666761,0
SESSION_OPERATING_POINT,A,FAST,0.99,0.99,0.5,30,0.9918552683106391,0.9873867876588382,0.04806717675126574,0.9918552683106391,0.6038250416929158,0.9332461618242137,-0.9406367750910051,0.6087033765433847,0.2494747051308429,0.38640118725504435,-0.6305294170566301,0.2494747051308429,0.9868458982686662,0
SESSION_OPERATING_POINT,A,FAST,0.99,0.99,0.6,30,0.9920456709153407,0.9876825740374925,0.04711544702648658,0.9920456709153407,0.5979275188443641,0.9234545888654591,-0.9408166881074045,0.6029589762392986,0.2450532621651844,0.3794371567737641,-0.6241982868269608,0.2450532621651844,0.9870353392440514,0
SESSION_OPERATING_POINT,A,FAST,0.99,0.99,0.7,30,0.9924915130467249,0.9883277139222856,0.04485728100632527,0.9924915130467249,0.5868883831996137,0.9110032861090337,-0.9385904171580671,0.5897820452317681,0.2347587274470567,0.3649341912775979,-0.6084909101707184,0.2347587274470567,0.9874789296474992,0
SESSION_OPERATING_POINT,A,FAST,0.99,0.99,0.8,30,0.9928808771398075,0.9889406763401142,0.04287227580491264,0.9928808771398075,0.57416076590933,0.8902596161687621,-0.9366738949415327,0.577171218373886,0.22543683816264945,0.3501549472404037,-0.594033067334328,0.22543683816264945,0.9878663272552632,0
SESSION_OPERATING_POINT,A,FAST,0.99,0.99,0.9,30,0.9930991185396341,0.9892862956105604,0.04176418946148783,0.9930991185396341,0.5697168021178516,0.8846960597556179,-0.9358377155636516,0.5699192138894222,0.2201578882286856,0.34184308565761984,-0.585971010796849,0.2201578882286856,0.9880834664257978,0
SESSION_OPERATING_POINT,A,FAST,0.99,0.99,1.0,30,0.9933628548272231,0.9897282476463102,0.040399690766874774,0.9933628548272231,0.5600897531089529,0.8671758446767068,-0.9337037877738686,0.5600897531089529,0.21348449394961286,0.33044954600779874,-0.5751131121644716,0.21348449394961286,0.9883458707119338,0
SESSION_OPERATING_POINT,A,FAST,0.99,0.99,1.1,30,0.9935844181344848,0.9901205847023019,0.03925243623378337,0.9935844181344848,0.5516076896609363,0.8493847498538426,-0.9320631237609092,0.5516076896609363,0.20782263086755862,0.32002612199105435,-0.5659056721487344,0.20782263086755862,0.9885663150125937,0
SESSION_OPERATING_POINT,A,FAST,0.99,0.99,1.2,30,0.9936845963208837,0.9902811843295286,0.038738802264784135,0.9936845963208837,0.5481818979473402,0.8436906254708769,-0.9313668856079768,0.5481818979473402,0.2053841500710587,0.31608380506282335,-0.5620327972117101,0.2053841500710587,0.988665987248556,0
SESSION_OPERATING_POINT,A,FAST,0.99,0.99,1.3,30,0.9938152814382729,0.9904823706106616,0.0380597542972479,0.9938152814382729,0.5431210761055011,0.8357086551678636,-0.9302273434867909,0.5431210761055011,0.20203120243187053,0.3108928342213371,-0.5565085521687071,0.20203120243187053,0.9887960123401,0
SESSION_OPERATING_POINT,A,FAST,0.99,0.99,1.4,30,0.9939465713422858,0.9906806317667042,0.037362488951487055,0.9939465713422858,0.5377790106277687,0.8277750017450229,-0.9278148938642314,0.5377790106277687,0.19860460918429698,0.3057377943533183,-0.5503792647587584,0.19860460918429698,0.9889266391637894,0
SESSION_OPERATING_POINT,A,FAST,0.99,0.99,1.5,30,0.9939972282483235,0.9907736393450617,0.0370857419272863,0.9939972282483235,0.5349852237608598,0.8222344183103528,-0.9266648396208638,0.5349852237608598,0.1970921900008132,0.3029289250983237,-0.5475294829247979,0.1970921900008132,0.9889770402268672,0
SESSION_OPERATING_POINT,A,FAST,0.99,0.99,1.6,30,0.9941756923676621,0.9910585093808748,0.036139776231874934,0.9941756923676621,0.5272811353023232,0.809696564269936,-0.9237103122722546,0.5272811353023232,0.19233332844267942,0.29530078087921535,-0.5391193721683041,0.19233332844267942,0.9891546030122699,0
SESSION_OPERATING_POINT,A,FAST,0.99,0.99,1.7,30,0.9943785731897677,0.9913571266418663,0.035061140476350096,0.9943785731897677,0.5187455809504038,0.797727622947712,-0.9200176307700738,0.5187455809504038,0.1869716292453404,0.2874893071652745,-0.5295242391787534,0.1869716292453404,0.9893564591837587,0
SESSION_OPERATING_POINT,A,FAST,0.99,0.99,1.8,30,0.9943889914602762,0.9913593875347266,0.035012146073534915,0.9943889914602762,0.518768524738764,0.7992102323056732,-0.9201625298930736,0.518768524738764,0.18680365194608878,0.287710913649443,-0.5293820134762339,0.18680365194608878,0.9893668248367393,0
SESSION_OPERATING_POINT,A,FAST,0.99,0.99,1.9,30,0.9945209858129801,0.9915698946254253,0.034320744522384344,0.9945209858129801,0.5134621500568257,0.7902963470893767,-0.9186721328485554,0.5134621500568257,0.18336620291144146,0.28216514946320764,-0.5235627047581449,0.18336620291144146,0.9894981525512984,0
SESSION_OPERATING_POINT,A,FAST,1.0,1.00,0.5,30,1.0,1.0,0.0,1.0,0.6119697733822768,0.9458593741653752,-0.988703951842271,0.6168481082327456,0.25761943682020366,0.3990143995962061,-0.6785965938078959,0.25761943682020366,1.0,0
SESSION_OPERATING_POINT,A,FAST,1.0,1.00,0.6,30,1.0,1.0,0.0,1.0,0.6058818479290233,0.9357720148279665,-0.987932135133891,0.6109133053239577,0.25300759124984357,0.3917545827362715,-0.6713137338534472,0.25300759124984357,1.0,0
SESSION_OPERATING_POINT,A,FAST,1.0,1.00,0.7,30,1.0,1.0,0.0,1.0,0.5943968701528884,0.9226755721867482,-0.9834476981643924,0.5972905321850431,0.24226721440033172,0.3766064773553122,-0.6533481911770437,0.24226721440033172,1.0,0
SESSION_OPERATING_POINT,A,FAST,1.0,1.00,0.8,30,1.0,1.0,0.0,1.0,0.5812798887695224,0.9013189398286482,-0.9795461707464453,0.5842903412340783,0.23255596102284182,0.36121427090028957,-0.6369053431392409,0.23255596102284182,1.0,0
SESSION_OPERATING_POINT,A,FAST,1.0,1.00,0.9,30,1.0,1.0,0.0,1.0,0.5766176835782174,0.8954097641450578,-0.9776019050251392,0.5768200953497881,0.22705876968905134,0.3525567900470596,-0.627735200258337,0.22705876968905134,1.0,0
SESSION_OPERATING_POINT,A,FAST,1.0,1.00,1.0,30,1.0,1.0,0.0,1.0,0.5667268982817302,0.8774475970303968,-0.9741034785407433,0.5667268982817302,0.22012163912238997,0.34072129836148873,-0.6155128029313466,0.22012163912238997,1.0,0
SESSION_OPERATING_POINT,A,FAST,1.0,1.00,1.1,30,1.0,1.0,0.0,1.0,0.5580232715264513,0.8592641651515404,-0.9713155599946927,0.5580232715264513,0.2142382127330737,0.32990553728875227,-0.6051581083825179,0.2142382127330737,1.0,0
SESSION_OPERATING_POINT,A,FAST,1.0,1.00,1.2,30,1.0,1.0,0.0,1.0,0.5544973016264566,0.8534094411413483,-0.970105687872761,0.5544973016264566,0.21169955375017507,0.32580262073329486,-0.6007715994764941,0.21169955375017507,1.0,0
SESSION_OPERATING_POINT,A,FAST,1.0,1.00,1.3,30,1.0,1.0,0.0,1.0,0.549305794667228,0.845226284557202,-0.9682870977840389,0.549305794667228,0.2082159209935975,0.32041046361067543,-0.5945683064659552,0.2082159209935975,1.0,0
SESSION_OPERATING_POINT,A,FAST,1.0,1.00,1.4,30,1.0,1.0,0.0,1.0,0.5438324392854829,0.8370943699783188,-0.9651773828157186,0.5438324392854829,0.20465803784201128,0.31505716258661415,-0.5877417537102455,0.20465803784201128,1.0,0
SESSION_OPERATING_POINT,A,FAST,1.0,1.00,1.5,30,1.0,1.0,0.0,1.0,0.5409879955125363,0.8314607789652911,-0.9637505815481501,0.5409879955125363,0.2030949617524898,0.31215528575326207,-0.5846152248520842,0.2030949617524898,1.0,0
SESSION_OPERATING_POINT,A,FAST,1.0,1.00,1.6,30,1.0,1.0,0.0,1.0,0.5331054429346612,0.818638054889061,-0.9598500885041297,0.5331054429346612,0.1981576360750174,0.30424227149834043,-0.575259148400179,0.1981576360750174,1.0,0
SESSION_OPERATING_POINT,A,FAST,1.0,1.00,1.7,30,1.0,1.0,0.0,1.0,0.5243670077606362,0.8063704963058456,-0.9550787712464239,0.5243670077606362,0.19259305605557267,0.296132180523408,-0.5645853796551035,0.19259305605557267,1.0,0
SESSION_OPERATING_POINT,A,FAST,1.0,1.00,1.8,30,1.0,1.0,0.0,1.0,0.524379533278488,0.8078508447709466,-0.9551746759666084,0.524379533278488,0.19241466048581285,0.29635152611471655,-0.5643941595497688,0.19241466048581285,1.0,0
SESSION_OPERATING_POINT,A,FAST,1.0,1.00,1.9,30,1.0,1.0,0.0,1.0,0.5189411642438456,0.7987264524639512,-0.9529928773709396,0.5189411642438456,0.1888452170984613,0.2905952548377823,-0.5578834492805295,0.1888452170984613,1.0,0
SESSION_OPERATING_POINT,A,MEDIUM,0.3333333333333333,0.333333,0.5,30,0.3880302266177233,0.05414062583462454,0.988703951842271,0.38315189176725445,-3.700743415417188e-17,-3.700743415417188e-17,7.401486830834377e-18,-5.181040781584064e-17,-0.35435033656207293,-0.5468449745691694,0.310107358034375,-0.35922867141254183,6.743593439890931e-17,30
SESSION_OPERATING_POINT,A,MEDIUM,0.3333333333333333,0.333333,0.6,30,0.39411815207097667,0.06422798517203358,0.987932135133891,0.38908669467604223,-4.4408920985006264e-17,-5.181040781584064e-17,3.7007434154171884e-18,-5.736152293896643e-17,-0.3528742566791798,-0.5440174320916948,0.3166184012804436,-0.3579057140741142,7.87020135343481e-17,30
SESSION_OPERATING_POINT,A,MEDIUM,0.3333333333333333,0.333333,0.7,30,0.40560312984711133,0.07732442781325173,0.9834476981643924,0.40270946781495687,-4.4408920985006264e-17,-6.106226635438361e-17,1.4802973661668754e-17,-5.181040781584064e-17,-0.3521296557525569,-0.5460690948314358,0.33009950698734863,-0.3550233177847114,8.239359085503215e-17,30
SESSION_OPERATING_POINT,A,MEDIUM,0.3333333333333333,0.333333,0.8,30,0.41872011123047764,0.09868106017135192,0.9795461707464453,0.4157096587659217,-4.810966440042345e-17,-5.921189464667501e-17,1.4802973661668754e-17,-5.551115123125783e-17,-0.34872392774668065,-0.5401046689283586,0.3426408276072046,-0.35173438021123654,7.567503017681589e-17,30
SESSION_OPERATING_POINT,A,MEDIUM,0.3333333333333333,0.333333,0.9,30,0.42338231642178253,0.10459023585494216,0.9776019050251392,0.42317990465021194,-4.070817756958907e-17,-5.921189464667501e-17,2.960594732333751e-17,-4.255854927729767e-17,-0.34955891388916605,-0.5428529740979982,0.3498667047668026,-0.34976132566073664,7.494620386460036e-17,30
SESSION_OPERATING_POINT,A,MEDIUM,0.3333333333333333,0.333333,1.0,30,0.43327310171826994,0.12255240296960311,0.9741034785407433,0.43327310171826994,-4.810966440042345e-17,-7.586524001605237e-17,2.2204460492503132e-17,-4.810966440042345e-17,-0.34660525915934015,-0.5367262986689081,0.3585906756093969,-0.34660525915934015,9.000039887945522e-17,30
SESSION_OPERATING_POINT,A,MEDIUM,0.3333333333333333,0.333333,1.1,30,0.4419767284735486,0.14073583484845945,0.9713155599946927,0.4419767284735486,-4.4408920985006264e-17,-6.846375318521799e-17,2.960594732333751e-17,-4.4408920985006264e-17,-0.3437850587933777,-0.5293586278627883,0.3661574516121746,-0.3437850587933777,8.212052913842709e-17,30
SESSION_OPERATING_POINT,A,MEDIUM,0.3333333333333333,0.333333,1.2,30,0.4455026983735433,0.1465905588586516,0.970105687872761,0.4455026983735433,-5.3660779523549233e-17,-7.031412489292658e-17,2.2204460492503132e-17,-5.3660779523549233e-17,-0.3427977478762815,-0.5276068204080535,0.36933408839626664,-0.3427977478762815,7.943099684812542e-17,30
SESSION_OPERATING_POINT,A,MEDIUM,0.3333333333333333,0.333333,1.3,30,0.45069420533277216,0.15477371544279794,0.9682870977840389,0.45069420533277216,-6.29126380620922e-17,-7.956598343146955e-17,2.590520390792032e-17,-6.29126380620922e-17,-0.34108987367363053,-0.5248158209465266,0.3737187913180838,-0.34108987367363053,9.50369665871031e-17,30
SESSION_OPERATING_POINT,A,MEDIUM,0.3333333333333333,0.333333,1.4,30,0.45616756071451703,0.16290563002168124,0.9651773828157186,0.45616756071451703,-5.3660779523549233e-17,-7.956598343146955e-17,2.2204460492503132e-17,-5.3660779523549233e-17,-0.3391744014434717,-0.5220372073917046,0.3774356291054728,-0.3391744014434717,9.498566287186516e-17,30
SESSION_OPERATING_POINT,A,MEDIUM,0.3333333333333333,0.333333,1.5,30,0.4590120044874636,0.1685392210347087,0.9637505815481501,0.4590120044874636,-4.9960036108132046e-17,-6.846375318521799e-17,3.7007434154171884e-18,-4.9960036108132046e-17,-0.3378930337600466,-0.5193054932120291,0.3791353566960659,-0.3378930337600466,7.928056330007948e-17,30
SESSION_OPERATING_POINT,A,MEDIUM,0.3333333333333333,0.333333,1.6,30,0.46689455706533867,0.18136194511093878,0.9598500885041297,0.46689455706533867,-6.106226635438361e-17,-7.401486830834377e-17,5.181040781584064e-17,-6.106226635438361e-17,-0.3349478068596438,-0.5143957833907207,0.38459094010395056,-0.3349478068596438,8.943925417332468e-17,30
SESSION_OPERATING_POINT,A,MEDIUM,0.3333333333333333,0.333333,1.7,30,0.47563299223936384,0.19362950369415438,0.9550787712464239,0.47563299223936384,-5.921189464667501e-17,-7.771561172376095e-17,2.2204460492503132e-17,-5.921189464667501e-17,-0.3317739517050635,-0.5102383157824376,0.39049339159132057,-0.3317739517050635,9.631578947577721e-17,30
SESSION_OPERATING_POINT,A,MEDIUM,0.3333333333333333,0.333333,1.8,30,0.4756204667215119,0.19214915522905326,0.9551746759666084,0.4756204667215119,-6.29126380620922e-17,-8.141635513917814e-17,1.850371707708594e-17,-6.29126380620922e-17,-0.33196487279267534,-0.5114993186562303,0.3907805164168396,-0.33196487279267534,9.274501242521908e-17,30
SESSION_OPERATING_POINT,A,MEDIUM,0.3333333333333333,0.333333,1.9,30,0.48105883575615427,0.20127354753604862,0.9529928773709394,0.48105883575615427,-5.181040781584064e-17,-7.031412489292658e-17,3.7007434154171884e-18,-5.181040781584064e-17,-0.3300959471453843,-0.5081311976261691,0.3951094280904102,-0.3300959471453843,9.826751151705251e-17,30
SESSION_OPERATING_POINT,A,MEDIUM,0.5,0.50,0.5,30,0.5533343967850187,0.30810308672583725,0.9024449045482064,0.5533343967850187,0.1653041701672953,0.25396246089121266,-0.0862590472940647,0.17018250501776422,-0.18904616639477767,-0.2928825136779567,0.22384831074031036,-0.18904616639477767,0.27666719839250936,30
SESSION_OPERATING_POINT,A,MEDIUM,0.5,0.50,0.6,30,0.559414453561048,0.3178401186096312,0.8976245524339763,0.559414453561048,0.16529630149007143,0.2536121334375975,-0.09030758269991487,0.1703277588850058,-0.18757795518910833,-0.2904052986540974,0.22631081858052876,-0.18757795518910833,0.27970722678052407,30
SESSION_OPERATING_POINT,A,MEDIUM,0.5,0.50,0.7,30,0.5734839088165651,0.33698862884214836,0.8846225031330855,0.5734839088165651,0.1678807789694537,0.25966420102889654,-0.09882519503130685,0.17077444100160827,-0.18424887678310317,-0.2864048938025393,0.23127431195604178,-0.18424887678310317,0.28674195440828254,30
SESSION_OPERATING_POINT,A,MEDIUM,0.5,0.50,0.8,30,0.5865638676328833,0.3579104374989471,0.872500410753575,0.5865638676328833,0.16784375640240573,0.25922937732759505,-0.10704575999287048,0.17085420886696168,-0.18088017134427486,-0.28087529160076335,0.23559506761433407,-0.18088017134427486,0.29328193381644163,30
SESSION_OPERATING_POINT,A,MEDIUM,0.5,0.50,0.9,30,0.5940250748475027,0.3695731994166717,0.8658126841649392,0.5940250748475027,0.1706427584257201,0.26498296356172946,-0.11178922086020021,0.17084517019729073,-0.17891615546344591,-0.2778700105362687,0.23807748390660233,-0.17891615546344591,0.29701253742375133,30
SESSION_OPERATING_POINT,A,MEDIUM,0.5,0.50,1.0,30,0.6037750888468426,0.3866111329604596,0.8561874745674878,0.6037750888468426,0.17050198712857265,0.2640587299908564,-0.11791600397325548,0.17050198712857265,-0.1761032720307674,-0.2726675686780516,0.2406746716361414,-0.1761032720307674,0.3018875444234213,30
SESSION_OPERATING_POINT,A,MEDIUM,0.5,0.50,1.1,30,0.6121130766512404,0.4027023697352528,0.8480455659984716,0.6121130766512404,0.17013634817769166,0.2619665348867934,-0.12326999399622078,0.17013634817769166,-0.17364871061568604,-0.26739209297599487,0.2428874576159538,-0.17364871061568604,0.3060565383256202,30
SESSION_OPERATING_POINT,A,MEDIUM,0.5,0.50,1.2,30,0.6155900163140219,0.4083794137348616,0.8446860881583265,0.6155900163140219,0.17008731794047863,0.26178885487620984,-0.12541959971443425,0.17008731794047863,-0.17271042993580293,-0.26581796553184367,0.2439144886818324,-0.17271042993580293,0.30779500815701094,30
SESSION_OPERATING_POINT,A,MEDIUM,0.5,0.50,1.3,30,0.6205445604736629,0.41610126698751426,0.839728203277441,0.6205445604736629,0.16985035514089086,0.2613275515447164,-0.1285588945065978,0.16985035514089086,-0.1712395185327396,-0.26348826940181014,0.24515989681148595,-0.1712395185327396,0.31027228023683145,30
SESSION_OPERATING_POINT,A,MEDIUM,0.5,0.50,1.4,30,0.6256825864538034,0.423795839530198,0.8337239937929453,0.6256825864538034,0.16951502573928626,0.2608902095085167,-0.1314533890227731,0.16951502573928626,-0.16965937570418535,-0.2611469978831878,0.24598224008269984,-0.16965937570418535,0.3128412932269017,30
SESSION_OPERATING_POINT,A,MEDIUM,0.5,0.50,1.5,30,0.6281558785318997,0.42848900605016377,0.8307915465905749,0.6281558785318997,0.16914387404443607,0.259949785015455,-0.13295903495757522,0.16914387404443607,-0.16874915971561047,-0.2593557081965741,0.2461763217384906,-0.16874915971561047,0.31407793926594985,30
SESSION_OPERATING_POINT,A,MEDIUM,0.5,0.50,1.6,30,0.6354168864645158,0.44018967803886905,0.822610064836521,0.6354168864645158,0.1685223293991768,0.2588277329279302,-0.13724002366760885,0.1685223293991768,-0.16642547746046696,-0.25556805046279046,0.2473509164363418,-0.16642547746046696,0.3177084432322579,30
SESSION_OPERATING_POINT,A,MEDIUM,0.5,0.50,1.7,30,0.6435356516677814,0.4518635586201247,0.8131923954535158,0.6435356516677814,0.1679026594284174,0.2582340549259703,-0.1418863757929082,0.1679026594284174,-0.16387129227664607,-0.25200426085646727,0.24860701579841235,-0.16387129227664607,0.3217678258338907,30
SESSION_OPERATING_POINT,A,MEDIUM,0.5,0.50,1.8,30,0.6436605288378587,0.4511035094561742,0.8132178745379223,0.6436605288378587,0.16804006211634687,0.2589543542271208,-0.14195680142868639,0.16804006211634687,-0.16392481067632833,-0.25254496442910934,0.24882371498815328,-0.16392481067632833,0.32183026441892937,30
SESSION_OPERATING_POINT,A,MEDIUM,0.5,0.50,1.9,30,0.648795359291415,0.4595069077714649,0.807844546816932,0.648795359291415,0.1677365235352606,0.2582333602354162,-0.1451483305540075,0.1677365235352606,-0.16235942361012373,-0.2498978373907528,0.24996109753640278,-0.16235942361012373,0.3243976796457075,30
SESSION_OPERATING_POINT,A,MEDIUM,0.6,0.60,0.5,30,0.6497738366689061,0.45752192333989256,0.8061864886469035,0.6497738366689061,0.2617436100511827,0.40338129750526797,-0.18251746319536755,0.26662194490165153,-0.09260672651089026,-0.14346367706390134,0.12758989483900748,-0.09260672651089026,0.43318255777927056,30
SESSION_OPERATING_POINT,A,MEDIUM,0.6,0.60,0.6,30,0.6553134771041992,0.46630577804896484,0.7996988660873736,0.6553134771041992,0.26119532503322235,0.4020777928769311,-0.18823326904651752,0.2662267824281567,-0.0916789316459574,-0.14193963921476374,0.12838513223392606,-0.0916789316459574,0.4368756514027993,30
SESSION_OPERATING_POINT,A,MEDIUM,0.6,0.60,0.7,30,0.668178058981004,0.4841843715576554,0.7832283470201857,0.668178058981004,0.2625749291338925,0.4068599437444036,-0.200219351144207,0.2654685911660471,-0.08955472661866432,-0.13920915108703227,0.12988015584314166,-0.08955472661866432,0.44545203932066924,30
SESSION_OPERATING_POINT,A,MEDIUM,0.6,0.60,0.8,30,0.6799675387360212,0.5029421247400205,0.7679800360839386,0.6799675387360212,0.2612474275055438,0.4042610645686686,-0.2115661346625068,0.26425787997009975,-0.08747650024113679,-0.13584360435968984,0.13107469294469784,-0.08747650024113679,0.45331169249068093,30
SESSION_OPERATING_POINT,A,MEDIUM,0.6,0.60,0.9,30,0.6866660273765052,0.513458513659509,0.7594992009755579,0.6866660273765052,0.2632837109547225,0.40886827780456675,-0.2181027040495814,0.2634861227262932,-0.08627520293444348,-0.13398469629343138,0.13176400071722108,-0.08627520293444348,0.4577773515843368,30
SESSION_OPERATING_POINT,A,MEDIUM,0.6,0.60,1.0,30,0.6952626785074006,0.5282736044195008,0.7478200976139183,0.6952626785074006,0.26198957678913065,0.40572120144989754,-0.22628338092682496,0.26198957678913065,-0.08461568237020937,-0.13100509721901055,0.13230729468257188,-0.08461568237020937,0.4635084523382671,30
SESSION_OPERATING_POINT,A,MEDIUM,0.6,0.60,1.1,30,0.7025823807557913,0.5420094026107793,0.7379164621073622,0.7025823807557913,0.2606056522822428,0.4012735677623198,-0.2333990978873304,0.2606056522822428,-0.08317940651113488,-0.1280850601004683,0.1327583537248442,-0.08317940651113488,0.4683882538371942,30
SESSION_OPERATING_POINT,A,MEDIUM,0.6,0.60,1.2,30,0.7056877456269424,0.5470500419173988,0.7337850805549272,0.7056877456269424,0.26018504725339875,0.4004594830587471,-0.23632060731783386,0.26018504725339875,-0.08261270062288276,-0.1271473373493063,0.13301348107843283,-0.08261270062288276,0.47045849708462817,30
SESSION_OPERATING_POINT,A,MEDIUM,0.6,0.60,1.3,30,0.7100290043037109,0.5537893422901575,0.727814994175083,0.7100290043037109,0.2593347989709387,0.39901562684735964,-0.240472103608956,0.2593347989709387,-0.08175507470269171,-0.12580019409916685,0.13324668770912773,-0.08175507470269171,0.47335266953580724,30
SESSION_OPERATING_POINT,A,MEDIUM,0.6,0.60,1.4,30,0.7144945262906504,0.5604949907342439,0.721001271542661,0.7144945262906504,0.2583269655761332,0.39758936071256257,-0.24417611127305736,0.2583269655761332,-0.08084743586733835,-0.12444784667914191,0.13325951783241557,-0.08084743586733835,0.4763296841937668,30
SESSION_OPERATING_POINT,A,MEDIUM,0.6,0.60,1.5,30,0.7165477875311885,0.5643398353988792,0.717761540867735,0.7165477875311885,0.25753578304372493,0.3958006143641704,-0.24598904068041502,0.25753578304372493,-0.08035725071632169,-0.12350487884785863,0.13314631601565083,-0.08035725071632169,0.4776985250207923,30
SESSION_OPERATING_POINT,A,MEDIUM,0.6,0.60,1.6,30,0.7227981279980827,0.5743800162942885,0.7084200286121309,0.7227981279980827,0.25590357093274396,0.3930180711833495,-0.2514300598919988,0.25590357093274396,-0.07904423592689977,-0.12137771220737106,0.13316088021195185,-0.07904423592689977,0.48186541866538846,30
SESSION_OPERATING_POINT,A,MEDIUM,0.6,0.60,1.7,30,0.7298164535331061,0.5845515563671617,0.6977388199786885,0.7298164535331061,0.2541834612937422,0.3909220526730074,-0.25733995126773557,0.2541834612937422,-0.07759049041132128,-0.11931626310943019,0.13315344032358495,-0.07759049041132128,0.4865443023554041,30
SESSION_OPERATING_POINT,A,MEDIUM,0.6,0.60,1.8,30,0.729985820513522,0.5841058586198358,0.6976535454659418,0.729985820513522,0.2543653537920101,0.3919567033907825,-0.2575211305006668,0.2543653537920101,-0.07759951900066521,-0.11954261526544777,0.13325938591617287,-0.07759951900066521,0.4866572136756813,30
SESSION_OPERATING_POINT,A,MEDIUM,0.6,0.60,1.9,30,0.7344586739977627,0.5913637587232824,0.6913044742470292,0.7344586739977627,0.25339983824160817,0.39009021118723375,-0.26168840312391045,0.25339983824160817,-0.0766961089037761,-0.11804098643893525,0.1334210249664998,-0.0766961089037761,0.48963911599850835,30
SESSION_OPERATING_POINT,A,MEDIUM,0.7,0.70,0.5,30,0.7423805631797964,0.6009856004037939,0.6785965938078959,0.7423805631797964,0.3543503365620729,0.5468449745691694,-0.310107358034375,0.35922867141254183,0.0,0.0,0.0,0.0,0.5832990139269828,0
SESSION_OPERATING_POINT,A,MEDIUM,0.7,0.70,0.6,30,0.7469924087501563,0.6082454172637285,0.6713137338534472,0.7469924087501563,0.35287425667917977,0.5440174320916947,-0.3166184012804436,0.3579057140741141,0.0,0.0,0.0,0.0,0.5869226068751228,0
SESSION_OPERATING_POINT,A,MEDIUM,0.7,0.70,0.7,30,0.7577327855996683,0.6233935226446878,0.6533481911770437,0.7577327855996683,0.3521296557525568,0.5460690948314358,-0.33009950698734863,0.3550233177847113,0.0,0.0,0.0,0.0,0.5953614743997393,0
SESSION_OPERATING_POINT,A,MEDIUM,0.7,0.70,0.8,30,0.7674440389771582,0.6387857290997104,0.6369053431392409,0.7674440389771582,0.34872392774668065,0.5401046689283586,-0.34264082760720455,0.3517343802112365,0.0,0.0,0.0,0.0,0.6029917449106243,0
SESSION_OPERATING_POINT,A,MEDIUM,0.7,0.70,0.9,30,0.7729412303109486,0.6474432099529405,0.627735200258337,0.7729412303109486,0.34955891388916605,0.5428529740979982,-0.3498667047668025,0.34976132566073664,0.0,0.0,0.0,0.0,0.6073109666728881,0
SESSION_OPERATING_POINT,A,MEDIUM,0.7,0.70,1.0,30,0.77987836087761,0.6592787016385112,0.6155128029313466,0.77987836087761,0.3466052591593401,0.5367262986689081,-0.3585906756093968,0.3466052591593401,0.0,0.0,0.0,0.0,0.6127615692609792,0
SESSION_OPERATING_POINT,A,MEDIUM,0.7,0.70,1.1,30,0.7857617872669262,0.6700944627112476,0.6051581083825179,0.7857617872669262,0.34378505879337756,0.5293586278627882,-0.3661574516121746,0.34378505879337756,0.0,0.0,0.0,0.0,0.6173842614240134,0
SESSION_OPERATING_POINT,A,MEDIUM,0.7,0.70,1.2,30,0.7883004462498248,0.6741973792667051,0.6007715994764941,0.7883004462498248,0.3427977478762815,0.5276068204080535,-0.36933408839626664,0.3427977478762815,0.0,0.0,0.0,0.0,0.6193789220534338,0
SESSION_OPERATING_POINT,A,MEDIUM,0.7,0.70,1.3,30,0.7917840790064026,0.6795895363893245,0.5945683064659552,0.7917840790064026,0.34108987367363053,0.5248158209465266,-0.37371879131808367,0.34108987367363053,0.0,0.0,0.0,0.0,0.6221160620764591,0
SESSION_OPERATING_POINT,A,MEDIUM,0.7,0.70,1.4,30,0.7953419621579888,0.6849428374133859,0.5877417537102455,0.7953419621579888,0.3391744014434716,0.5220372073917046,-0.3774356291054728,0.3391744014434716,0.0,0.0,0.0,0.0,0.6249115416955625,0
SESSION_OPERATING_POINT,A,MEDIUM,0.7,0.70,1.5,30,0.7969050382475104,0.6878447142467378,0.5846152248520842,0.7969050382475104,0.33789303376004654,0.519305493212029,-0.3791353566960659,0.33789303376004654,0.0,0.0,0.0,0.0,0.626139672908758,0
SESSION_OPERATING_POINT,A,MEDIUM,0.7,0.70,1.6,30,0.8018423639249825,0.6957577285016596,0.575259148400179,0.8018423639249825,0.33494780685964376,0.5143957833907207,-0.38459094010395056,0.33494780685964376,0.0,0.0,0.0,0.0,0.6300190002267722,0
SESSION_OPERATING_POINT,A,MEDIUM,0.7,0.70,1.7,30,0.8074069439444275,0.703867819476592,0.5645853796551035,0.8074069439444275,0.33177395170506346,0.5102383157824375,-0.39049339159132057,0.33177395170506346,0.0,0.0,0.0,0.0,0.63439117024205,0
SESSION_OPERATING_POINT,A,MEDIUM,0.7,0.70,1.8,30,0.8075853395141872,0.7036484738852835,0.5643941595497688,0.8075853395141872,0.3319648727926753,0.5114993186562302,-0.3907805164168396,0.3319648727926753,0.0,0.0,0.0,0.0,0.6345313381897185,0
SESSION_OPERATING_POINT,A,MEDIUM,0.7,0.70,1.9,30,0.8111547829015386,0.7094047451622176,0.5578834492805295,0.8111547829015386,0.3300959471453843,0.508131197626169,-0.3951094280904102,0.3300959471453843,0.0,0.0,0.0,0.0,0.6373359008512088,0
SESSION_OPERATING_POINT,A,MEDIUM,0.8,0.80,0.5,30,0.8314504189906612,0.7389549908941693,0.5169590016951778,0.8314504189906612,0.4434201923729378,0.6848143650595448,-0.47174495014709306,0.44829852722340663,0.08906985581086482,0.13796939049037552,-0.16163759211271805,0.08906985581086482,0.7275191166168287,0
SESSION_OPERATING_POINT,A,MEDIUM,0.8,0.80,0.6,30,0.8348009964819381,0.744200126923769,0.5100111969299236,0.8348009964819381,0.44068284441096134,0.6799721417517351,-0.4779209382039674,0.44571430180589566,0.0878085877317815,0.1359547096600404,-0.1613025369235238,0.0878085877317815,0.7304508719216956,0
SESSION_OPERATING_POINT,A,MEDIUM,0.8,0.80,0.7,30,0.8426217550114992,0.7553521025032168,0.4931531600127727,0.8426217550114992,0.43701862516438766,0.6780276746899649,-0.4902945381516197,0.4399122871965421,0.08488896941183072,0.13195857985852918,-0.16019503116427103,0.08488896941183072,0.7372940356350616,0
SESSION_OPERATING_POINT,A,MEDIUM,0.8,0.80,0.8,30,0.8496042658292121,0.7663873989884571,0.4779209587792418,0.8496042658292121,0.4308841545987344,0.667706338817105,-0.5016252119672037,0.4338946070632904,0.08216022685205385,0.1276016698887466,-0.158984384359999,0.08216022685205385,0.7434037326005605,0
SESSION_OPERATING_POINT,A,MEDIUM,0.8,0.80,0.9,30,0.8535428690003809,0.7726049313887463,0.46942059762797644,0.8535428690003809,0.43016055257859814,0.6680146955338039,-0.5081813073971629,0.4303629643501688,0.08060163868943218,0.12516172143580578,-0.15831460263036043,0.08060163868943218,0.7468500103753333,0
SESSION_OPERATING_POINT,A,MEDIUM,0.8,0.80,1.0,30,0.8584353328921678,0.7808886432228738,0.45839798529408365,0.8584353328921678,0.42516223117389795,0.6583362402532708,-0.5157054932466595,0.42516223117389795,0.07855697201455782,0.12160994158436265,-0.15711481763726273,0.07855697201455782,0.7511309162806467,0
SESSION_OPERATING_POINT,A,MEDIUM,0.8,0.80,1.1,30,0.8625698403380523,0.7883704086439849,0.4490797719555494,0.8625698403380523,0.4205931118645037,0.6476345737955256,-0.5222357880391432,0.4205931118645037,0.076808053071126,0.1182759459327374,-0.15607833642696856,0.076808053071126,0.7547486102957957,0
SESSION_OPERATING_POINT,A,MEDIUM,0.8,0.80,1.2,30,0.8643836179474892,0.7912919440537013,0.4450639394629508,0.8643836179474892,0.4188809195739458,0.6447013851950497,-0.5250417484098101,0.4188809195739458,0.07608317169766436,0.11709456478699612,-0.15570766001354341,0.07608317169766436,0.7563356657040531,0
SESSION_OPERATING_POINT,A,MEDIUM,0.8,0.80,1.3,30,0.8668281054015439,0.795067106798548,0.4395067305470655,0.8668281054015439,0.4161339000687719,0.6402933913557499,-0.5287803672369734,0.4161339000687719,0.07504402639514139,0.11547757040922345,-0.15506157591888967,0.07504402639514139,0.7584745922263508,0
SESSION_OPERATING_POINT,A,MEDIUM,0.8,0.80,1.4,30,0.8693090081884721,0.798805632460314,0.4335484319949282,0.8693090081884721,0.4131414474739551,0.6359000024386325,-0.5316289508207902,0.4131414474739551,0.0739670460304835,0.11386279504692806,-0.15419332171531727,0.0739670460304835,0.7606453821649131,0
SESSION_OPERATING_POINT,A,MEDIUM,0.8,0.80,1.5,30,0.8703507910559108,0.800728899579654,0.43093416696073406,0.8703507910559108,0.41133878656844725,0.632189678544945,-0.5328164145874159,0.41133878656844725,0.07344575280840057,0.11288418533291594,-0.15368105789135006,0.07344575280840057,0.7615569421739219,0
SESSION_OPERATING_POINT,A,MEDIUM,0.8,0.80,1.6,30,0.8737669619575681,0.8061945890584626,0.42279131525328034,0.8737669619575681,0.40687240489222914,0.6248326439475238,-0.5370587732508494,0.40687240489222914,0.07192459803258548,0.1104368605568032,-0.15246783314689877,0.07192459803258548,0.7645460917128722,0
SESSION_OPERATING_POINT,A,MEDIUM,0.8,0.80,1.7,30,0.8776298139693499,0.8118482338506435,0.4135060556243074,0.8776298139693499,0.40199682172998596,0.6182187301564891,-0.5415727156221166,0.40199682172998596,0.07022287002492256,0.10798041437405163,-0.15107932403079605,0.07022287002492256,0.767926087223181,0
SESSION_OPERATING_POINT,A,MEDIUM,0.8,0.80,1.8,30,0.8777815312843961,0.8117732945665824,0.4132534975100765,0.8777815312843961,0.40216106456288425,0.6196241393375291,-0.541921178456532,0.40216106456288425,0.07019619177020898,0.10812482068129889,-0.15114066203969231,0.07019619177020898,0.7680588398738467,0
SESSION_OPERATING_POINT,A,MEDIUM,0.8,0.80,1.9,30,0.8802732052536175,0.815772655261879,0.40748263254562017,0.8802732052536175,0.3992143694974629,0.6144991077258304,-0.5455102448253193,0.3992143694974629,0.06911842235207866,0.10636791009966147,-0.15040081673490907,0.06911842235207866,0.7702390545969151,0
SESSION_OPERATING_POINT,A,MEDIUM,0.9,0.90,0.5,30,0.9172456632973909,0.8718385122512691,0.31088354572587196,0.9172456632973909,0.5292154366796673,0.8176978864166444,-0.6778204061163989,0.5340937715301362,0.17486510011759435,0.2708529118474752,-0.3677130480820238,0.17486510011759435,0.8662875708919802,0
SESSION_OPERATING_POINT,A,MEDIUM,0.9,0.90,0.6,30,0.9190463655271974,0.8746450095724612,0.30581582902468296,0.9190463655271974,0.5249282134562209,0.8104170244004276,-0.682116306109208,0.5299596708511553,0.17205395677704102,0.2663995923087328,-0.36549790482876454,0.17205395677704102,0.8679882341090198,0
SESSION_OPERATING_POINT,A,MEDIUM,0.9,0.90,0.7,30,0.9232571580130802,0.8807006074832237,0.2936581937780801,0.9232571580130802,0.5176540281659687,0.8033761796699719,-0.6897895043863121,0.5205476901981234,0.16552437241341203,0.25730708483853587,-0.3596899973989637,0.16552437241341203,0.8719650936790203,0
SESSION_OPERATING_POINT,A,MEDIUM,0.9,0.90,0.8,30,0.92697208772207,0.8865585281174866,0.2828203487355978,0.92697208772207,0.5082519764915923,0.7878774679461346,-0.6967258220108475,0.5112624289561482,0.15952804874491164,0.24777279901777613,-0.35408499440364294,0.15952804874491164,0.875473638404177,0
SESSION_OPERATING_POINT,A,MEDIUM,0.9,0.90,0.9,30,0.9290604741221898,0.8898613667003428,0.27677332644050134,0.9290604741221898,0.5056781577004074,0.7852711308454005,-0.7008285785846381,0.505880569471978,0.15611924381124132,0.24241815674740239,-0.3509618738178356,0.15611924381124132,0.8774460033376238,0
SESSION_OPERATING_POINT,A,MEDIUM,0.9,0.90,1.0,30,0.9316163810797007,0.8941631487450514,0.2691280924583499,0.9316163810797007,0.4983432793614306,0.7716107457754481,-0.7049753860823934,0.4983432793614306,0.1517380202020906,0.23488444710654002,-0.3463847104729965,0.1517380202020906,0.8798599154641618,0
SESSION_OPERATING_POINT,A,MEDIUM,0.9,0.90,1.1,30,0.9337693144828323,0.8980107573724282,0.2626821343212066,0.9337693144828323,0.49179258600928377,0.7572749225239686,-0.708633425673486,0.49179258600928377,0.14800752721590602,0.2279162946611805,-0.34247597406131125,0.14800752721590602,0.8818932414560082,0
SESSION_OPERATING_POINT,A,MEDIUM,0.9,0.90,1.2,30,0.9347291244895731,0.89955259208818,0.25985255982334327,0.9347291244895731,0.4892264261160296,0.7529620332295285,-0.7102531280494178,0.4892264261160296,0.1464286782397481,0.2253552128214749,-0.3409190396531508,0.1464286782397481,0.8827997286845968,0
SESSION_OPERATING_POINT,A,MEDIUM,0.9,0.90,1.3,30,0.9360003549076211,0.9015122706080234,0.2560226642276575,0.9360003549076211,0.4853061495748488,0.7467385551652252,-0.7122644335563812,0.4853061495748488,0.14421627590121847,0.22192273421869893,-0.3385456422382977,0.14421627590121847,0.8840003351905311,0
SESSION_OPERATING_POINT,A,MEDIUM,0.9,0.90,1.4,30,0.9372832994387855,0.9034479077351587,0.25200279537467446,0.9372832994387855,0.48111573872426844,0.7405422777134774,-0.713174587441044,0.48111573872426844,0.1419413372807968,0.21850507032177285,-0.335738958335571,0.1419413372807968,0.8852120050255198,0
SESSION_OPERATING_POINT,A,MEDIUM,0.9,0.90,1.5,30,0.9377984563286759,0.9043955756653449,0.25032073261160226,0.9377984563286759,0.4787864518412122,0.735856354630636,-0.7134298489365477,0.4787864518412122,0.14089341808116565,0.216550861418607,-0.3342944922404819,0.14089341808116565,0.8856985420881938,0
SESSION_OPERATING_POINT,A,MEDIUM,0.9,0.90,1.6,30,0.9395526170681099,0.9071983742929053,0.2448482083897917,0.9395526170681099,0.4726580600027711,0.7258364291819663,-0.715001880114338,0.4726580600027711,0.13771025314312726,0.21144064579124575,-0.3304109400103874,0.13771025314312726,0.8873552494532151,0
SESSION_OPERATING_POINT,A,MEDIUM,0.9,0.90,1.7,30,0.9415419886635849,0.9101195434008235,0.23860661457242618,0.9415419886635849,0.46590899642422096,0.716490039706669,-0.7164721566739977,0.46590899642422096,0.13413504471915752,0.20625172392423158,-0.32597876508267737,0.13413504471915752,0.8892341004044969,0
SESSION_OPERATING_POINT,A,MEDIUM,0.9,0.90,1.8,30,0.9416332524305849,0.910114934661145,0.2383809181342305,0.9416332524305849,0.4660127857090732,0.7179657794320916,-0.716793757832378,0.4660127857090732,0.13404791291639787,0.2064664607758614,-0.3260132414155384,0.13404791291639787,0.8893202939622191,0
SESSION_OPERATING_POINT,A,MEDIUM,0.9,0.90,1.9,30,0.9429226465209724,0.9121768843067924,0.23444176996385394,0.9429226465209724,0.46186381076481814,0.7109033367707437,-0.7185511074070856,0.46186381076481814,0.13176786361943385,0.2027721391445749,-0.32344167931667545,0.13176786361943385,0.8905380550475853,0
SESSION_OPERATING_POINT,A,MEDIUM,0.95,0.95,0.5,30,0.958989336638108,0.9364883283147681,0.18107331044869554,0.958989336638108,0.5709591100203847,0.8823477024801434,-0.8076306413935755,0.5758374448708535,0.21660877345831178,0.33550272791097413,-0.4975232833592004,0.21660877345831178,0.9337527751476314,0
SESSION_OPERATING_POINT,A,MEDIUM,0.95,0.95,0.6,30,0.9599189143107395,0.9379344028606021,0.17782408565802896,0.9599189143107395,0.5658007622397629,0.8737064176885686,-0.8101080494758619,0.5708322196346973,0.2129265055605832,0.3296889855968738,-0.49348964819541846,0.2129265055605832,0.9346578902499305,0
SESSION_OPERATING_POINT,A,MEDIUM,0.95,0.95,0.7,30,0.9620943500347928,0.9410741232048182,0.17006961977670476,0.9620943500347928,0.5564912201876812,0.8637496953915662,-0.8133780783876877,0.5593848822198357,0.20436156443512438,0.31768060056013053,-0.483278571400339,0.20436156443512438,0.9367760776654559,0
SESSION_OPERATING_POINT,A,MEDIUM,0.95,0.95,0.8,30,0.9640026845128826,0.9440804329335069,0.16320644417504773,0.9640026845128826,0.5452825732824049,0.8453993727621547,-0.8163397265713976,0.5482930257469609,0.19655864553572436,0.3052947038337964,-0.4736988989641931,0.19655864553572436,0.938634192815175,0
SESSION_OPERATING_POINT,A,MEDIUM,0.95,0.95,0.9,30,0.9650737094135337,0.9457756063769165,0.15937729059061445,0.9650737094135337,0.5416913929917511,0.8411853705219742,-0.818224614434525,0.5418938047633216,0.19213247910258496,0.29833239642397597,-0.4683579096677225,0.19213247910258496,0.9396770328500196,0
SESSION_OPERATING_POINT,A,MEDIUM,0.95,0.95,1.0,30,0.966375208552295,0.9479605968643792,0.1545991108277608,0.966375208552295,0.5331021068340249,0.8254081938947758,-0.8195043677129823,0.5331021068340249,0.18649684767468486,0.288681895225868,-0.4609136921035857,0.18649684767468486,0.9409442820114451,0
SESSION_OPERATING_POINT,A,MEDIUM,0.95,0.95,1.1,30,0.9674698549054251,0.9499065176718247,0.15057632598705525,0.9674698549054251,0.5254931264318764,0.8091706828233654,-0.8207392340076373,0.5254931264318764,0.18170806763849884,0.27981205496057704,-0.4545817823954626,0.18170806763849884,0.942010121881598,0
SESSION_OPERATING_POINT,A,MEDIUM,0.95,0.95,1.2,30,0.9679617241158944,0.9506957323664218,0.1487926980422674,0.9679617241158944,0.5224590257423508,0.8041051735077704,-0.8213129898304934,0.5224590257423508,0.1796612778660694,0.2764983530997168,-0.45197890143422664,0.1796612778660694,0.9424890471654759,0
SESSION_OPERATING_POINT,A,MEDIUM,0.95,0.95,1.3,30,0.9686076815334747,0.9516907381902512,0.14640698377790867,0.9686076815334747,0.5179134762007026,0.7969170227474532,-0.8218801140061303,0.5179134762007026,0.17682360252707213,0.2721012018009267,-0.4481613226880464,0.17682360252707213,0.9431180057036463,0
SESSION_OPERATING_POINT,A,MEDIUM,0.95,0.95,1.4,30,0.9692579087858125,0.9526722741794813,0.14392925759363004,0.9692579087858125,0.5130903480712957,0.7897666441578001,-0.8212481252220886,0.5130903480712957,0.17391594662782403,0.2677294367660955,-0.44381249611661555,0.17391594662782403,0.9437511217125019,0
SESSION_OPERATING_POINT,A,MEDIUM,0.95,0.95,1.5,30,0.9695132684077675,0.9531414638011573,0.1429196006261532,0.9695132684077675,0.5105012639203037,0.7846022427664483,-0.8208309809219968,0.5105012639203037,0.17260823016025723,0.26529674955441934,-0.441695624225931,0.17260823016025723,0.9439997613444052,0
SESSION_OPERATING_POINT,A,MEDIUM,0.95,0.95,1.6,30,0.9703993849062372,0.9545564970932667,0.1395533534001396,0.9703993849062372,0.5035048278408982,0.773194551982328,-0.8202967351039901,0.5035048278408982,0.1685570209812545,0.25879876859160733,-0.4357057950000395,0.1685570209812545,0.9448625589876519,0
SESSION_OPERATING_POINT,A,MEDIUM,0.95,0.95,1.7,30,0.9714056872199277,0.9560361754944153,0.1357136985461625,0.9714056872199277,0.49577269498056376,0.7624066718002608,-0.8193650727002615,0.49577269498056376,0.16399874327550024,0.25216835601782345,-0.42887168110894097,0.16399874327550024,0.9458423796615084,0
SESSION_OPERATING_POINT,A,MEDIUM,0.95,0.95,1.8,30,0.9714549645225875,0.9560415671532948,0.13555695854946323,0.9714549645225875,0.49583449780107575,0.7638924119242414,-0.8196177174171453,0.49583449780107575,0.16386962500840047,0.25239309326801124,-0.42883720100030565,0.16386962500840047,0.9458903601930458,0
SESSION_OPERATING_POINT,A,MEDIUM,0.95,0.95,1.9,30,0.9721086016810342,0.9570851975893012,0.1331153321091112,0.9721086016810342,0.49104976592487964,0.7558116500532527,-0.8198775452618285,0.49104976592487964,0.16095381877949536,0.24768045242708367,-0.4247681171714181,0.16095381877949536,0.9465267963736385,0
SESSION_OPERATING_POINT,A,MEDIUM,0.98,0.98,0.5,30,0.9836820383391234,0.9747293290058875,0.08592078310499597,0.9836820383391234,0.5956518117214,0.9205887031712632,-0.9027831687372749,0.6005301465718689,0.24130147515932707,0.3737437286020937,-0.5926758107029,0.24130147515932707,0.9736444665193366,0
SESSION_OPERATING_POINT,A,MEDIUM,0.98,0.98,0.6,30,0.9840606305713493,0.975317661359636,0.08427080406259133,0.9840606305713493,0.5899424785003726,0.9110896761876025,-0.9036613310712996,0.594973935895307,0.23706822182119291,0.3670722440959076,-0.587042929790856,0.23706822182119291,0.9740191955655192,0
SESSION_OPERATING_POINT,A,MEDIUM,0.98,0.98,0.7,30,0.984947010276388,0.9765994582354283,0.08034831250040268,0.984947010276388,0.5793438804292766,0.8992750304221763,-0.9030993856639896,0.5822375424614312,0.22721422467671978,0.35320593559074054,-0.5729998786766412,0.22721422467671978,0.9748965305796902,0
SESSION_OPERATING_POINT,A,MEDIUM,0.98,0.98,0.8,30,0.9857219607540049,0.9778196411656933,0.07689349462538021,0.9857219607540049,0.5670018495235276,0.8791385809943413,-0.902652676121065,0.5700123019880834,0.21827792177684688,0.3390339120659827,-0.5600118485138605,0.21827792177684688,0.9756635733993725,0
SESSION_OPERATING_POINT,A,MEDIUM,0.98,0.98,0.9,30,0.9861564664709643,0.9785076540996187,0.07496547451310397,0.9861564664709643,0.5627741500491815,0.8739174182446763,-0.9026364305120355,0.5629765618207522,0.2132152361600156,0.3310644441466781,-0.5527697257452328,0.2132152361600156,0.9760936453845258,0
SESSION_OPERATING_POINT,A,MEDIUM,0.98,0.98,1.0,30,0.9866822733526411,0.9793891608798313,0.0725816893526409,0.9866822733526411,0.5534091716343712,0.8568367579102284,-0.9015217891881022,0.5534091716343712,0.20680391247503113,0.3201104592413202,-0.5429311135787055,0.20680391247503113,0.976614086889859,0
SESSION_OPERATING_POINT,A,MEDIUM,0.98,0.98,1.1,30,0.9871241264329562,0.9801723195175345,0.07057669014389381,0.9871241264329562,0.5451473979594077,0.8394364846690751,-0.9007388698507987,0.5451473979594077,0.20136233916602994,0.3100778568062869,-0.534581418238624,0.20136233916602994,0.9770514312652732,0
SESSION_OPERATING_POINT,A,MEDIUM,0.98,0.98,1.2,30,0.987323598214245,0.9804921677496833,0.0696815779285361,0.987323598214245,0.5418208998407014,0.833901608891032,-0.9004241099442248,0.5418208998407014,0.19902315196441997,0.3062947884829784,-0.5310900215479581,0.19902315196441997,0.977248867620222,0
SESSION_OPERATING_POINT,A,MEDIUM,0.98,0.98,1.3,30,0.9875842471150729,0.9808934859397953,0.06849410451986424,0.9875842471150729,0.5368900417823007,0.8261197704969975,-0.8997929932641746,0.5368900417823007,0.19580016810867026,0.30130394955047074,-0.5260742019460909,0.19580016810867026,0.9775068568383883,0
SESSION_OPERATING_POINT,A,MEDIUM,0.98,0.98,1.4,30,0.9878462293141119,0.9812890692034173,0.06727032069923743,0.9878462293141119,0.531678668599595,0.8183834391817358,-0.897907062116481,0.531678668599595,0.19250426715612337,0.2963462317900315,-0.520471433011008,0.19250426715612337,0.9777661657496822,0
SESSION_OPERATING_POINT,A,MEDIUM,0.98,0.98,1.5,30,0.9879477597003247,0.9814755126498713,0.06678081204941003,0.9879477597003247,0.528935755212861,0.8129362916151626,-0.8969697694987401,0.528935755212861,0.1910427214528144,0.2936307984031335,-0.5178344128026742,0.1910427214528144,0.9778666601115458,0
SESSION_OPERATING_POINT,A,MEDIUM,0.98,0.98,1.6,30,0.9883040996202719,0.9820443708211101,0.06512004671339602,0.9883040996202719,0.5214095425549329,0.800682425710171,-0.8947300417907336,0.5214095425549329,0.18646173569528912,0.2862866423194504,-0.5101391016867831,0.18646173569528912,0.9782193639098609,0
SESSION_OPERATING_POINT,A,MEDIUM,0.98,0.98,1.7,30,0.98870908848099,0.9826403231871166,0.06322599408336929,0.98870908848099,0.5130760962416262,0.7890108194929624,-0.8918527771630547,0.5130760962416262,0.18130214453656276,0.27877250371052475,-0.5013593855717342,0.18130214453656276,0.9786202202311841,0
SESSION_OPERATING_POINT,A,MEDIUM,0.98,0.98,1.8,30,0.9887296470492177,0.9826442617282621,0.06314256944344926,0.9887296470492177,0.513109180327706,0.790495106499209,-0.8920321065231592,0.513109180327706,0.18114430753503066,0.2789957878429787,-0.5012515901063197,0.18114430753503066,0.9786405690181035,0
SESSION_OPERATING_POINT,A,MEDIUM,0.98,0.98,1.9,30,0.9889930280591162,0.9830644238192273,0.061931567367066266,0.9889930280591162,0.5079341923029618,0.7817908762831787,-0.8910613100038735,0.5079341923029618,0.1778382451575774,0.2736596786570097,-0.4959518819134631,0.1778382451575774,0.9789012624666761,0
SESSION_OPERATING_POINT,A,MEDIUM,0.99,0.99,0.5,30,0.9918552683106391,0.9873867876588382,0.04806717675126574,0.9918552683106391,0.6038250416929158,0.9332461618242137,-0.9406367750910051,0.6087033765433847,0.2494747051308429,0.38640118725504435,-0.6305294170566301,0.2494747051308429,0.9868458982686662,0
SESSION_OPERATING_POINT,A,MEDIUM,0.99,0.99,0.6,30,0.9920456709153407,0.9876825740374925,0.04711544702648658,0.9920456709153407,0.5979275188443641,0.9234545888654591,-0.9408166881074045,0.6029589762392986,0.2450532621651844,0.3794371567737641,-0.6241982868269608,0.2450532621651844,0.9870353392440514,0
SESSION_OPERATING_POINT,A,MEDIUM,0.99,0.99,0.7,30,0.9924915130467249,0.9883277139222856,0.04485728100632527,0.9924915130467249,0.5868883831996137,0.9110032861090337,-0.9385904171580671,0.5897820452317681,0.2347587274470567,0.3649341912775979,-0.6084909101707184,0.2347587274470567,0.9874789296474992,0
SESSION_OPERATING_POINT,A,MEDIUM,0.99,0.99,0.8,30,0.9928808771398075,0.9889406763401142,0.04287227580491264,0.9928808771398075,0.57416076590933,0.8902596161687621,-0.9366738949415327,0.577171218373886,0.22543683816264945,0.3501549472404037,-0.594033067334328,0.22543683816264945,0.9878663272552632,0
SESSION_OPERATING_POINT,A,MEDIUM,0.99,0.99,0.9,30,0.9930991185396341,0.9892862956105604,0.04176418946148783,0.9930991185396341,0.5697168021178516,0.8846960597556179,-0.9358377155636516,0.5699192138894222,0.2201578882286856,0.34184308565761984,-0.585971010796849,0.2201578882286856,0.9880834664257978,0
SESSION_OPERATING_POINT,A,MEDIUM,0.99,0.99,1.0,30,0.9933628548272231,0.9897282476463102,0.040399690766874774,0.9933628548272231,0.5600897531089529,0.8671758446767068,-0.9337037877738686,0.5600897531089529,0.21348449394961286,0.33044954600779874,-0.5751131121644716,0.21348449394961286,0.9883458707119338,0
SESSION_OPERATING_POINT,A,MEDIUM,0.99,0.99,1.1,30,0.9935844181344848,0.9901205847023019,0.03925243623378337,0.9935844181344848,0.5516076896609363,0.8493847498538426,-0.9320631237609092,0.5516076896609363,0.20782263086755862,0.32002612199105435,-0.5659056721487344,0.20782263086755862,0.9885663150125937,0
SESSION_OPERATING_POINT,A,MEDIUM,0.99,0.99,1.2,30,0.9936845963208837,0.9902811843295286,0.038738802264784135,0.9936845963208837,0.5481818979473402,0.8436906254708769,-0.9313668856079768,0.5481818979473402,0.2053841500710587,0.31608380506282335,-0.5620327972117101,0.2053841500710587,0.988665987248556,0
SESSION_OPERATING_POINT,A,MEDIUM,0.99,0.99,1.3,30,0.9938152814382729,0.9904823706106616,0.0380597542972479,0.9938152814382729,0.5431210761055011,0.8357086551678636,-0.9302273434867909,0.5431210761055011,0.20203120243187053,0.3108928342213371,-0.5565085521687071,0.20203120243187053,0.9887960123401,0
SESSION_OPERATING_POINT,A,MEDIUM,0.99,0.99,1.4,30,0.9939465713422858,0.9906806317667042,0.037362488951487055,0.9939465713422858,0.5377790106277687,0.8277750017450229,-0.9278148938642314,0.5377790106277687,0.19860460918429698,0.3057377943533183,-0.5503792647587584,0.19860460918429698,0.9889266391637894,0
SESSION_OPERATING_POINT,A,MEDIUM,0.99,0.99,1.5,30,0.9939972282483235,0.9907736393450617,0.0370857419272863,0.9939972282483235,0.5349852237608598,0.8222344183103528,-0.9266648396208638,0.5349852237608598,0.1970921900008132,0.3029289250983237,-0.5475294829247979,0.1970921900008132,0.9889770402268672,0
SESSION_OPERATING_POINT,A,MEDIUM,0.99,0.99,1.6,30,0.9941756923676621,0.9910585093808748,0.036139776231874934,0.9941756923676621,0.5272811353023232,0.809696564269936,-0.9237103122722546,0.5272811353023232,0.19233332844267942,0.29530078087921535,-0.5391193721683041,0.19233332844267942,0.9891546030122699,0
SESSION_OPERATING_POINT,A,MEDIUM,0.99,0.99,1.7,30,0.9943785731897677,0.9913571266418663,0.035061140476350096,0.9943785731897677,0.5187455809504038,0.797727622947712,-0.9200176307700738,0.5187455809504038,0.1869716292453404,0.2874893071652745,-0.5295242391787534,0.1869716292453404,0.9893564591837587,0
SESSION_OPERATING_POINT,A,MEDIUM,0.99,0.99,1.8,30,0.9943889914602762,0.9913593875347266,0.035012146073534915,0.9943889914602762,0.518768524738764,0.7992102323056732,-0.9201625298930736,0.518768524738764,0.18680365194608878,0.287710913649443,-0.5293820134762339,0.18680365194608878,0.9893668248367393,0
SESSION_OPERATING_POINT,A,MEDIUM,0.99,0.99,1.9,30,0.9945209858129801,0.9915698946254253,0.034320744522384344,0.9945209858129801,0.5134621500568257,0.7902963470893767,-0.9186721328485554,0.5134621500568257,0.18336620291144146,0.28216514946320764,-0.5235627047581449,0.18336620291144146,0.9894981525512984,0
SESSION_OPERATING_POINT,A,MEDIUM,1.0,1.00,0.5,30,1.0,1.0,0.0,1.0,0.6119697733822768,0.9458593741653752,-0.988703951842271,0.6168481082327456,0.25761943682020366,0.3990143995962061,-0.6785965938078959,0.25761943682020366,1.0,0
SESSION_OPERATING_POINT,A,MEDIUM,1.0,1.00,0.6,30,1.0,1.0,0.0,1.0,0.6058818479290233,0.9357720148279665,-0.987932135133891,0.6109133053239577,0.25300759124984357,0.3917545827362715,-0.6713137338534472,0.25300759124984357,1.0,0
SESSION_OPERATING_POINT,A,MEDIUM,1.0,1.00,0.7,30,1.0,1.0,0.0,1.0,0.5943968701528884,0.9226755721867482,-0.9834476981643924,0.5972905321850431,0.24226721440033172,0.3766064773553122,-0.6533481911770437,0.24226721440033172,1.0,0
SESSION_OPERATING_POINT,A,MEDIUM,1.0,1.00,0.8,30,1.0,1.0,0.0,1.0,0.5812798887695224,0.9013189398286482,-0.9795461707464453,0.5842903412340783,0.23255596102284182,0.36121427090028957,-0.6369053431392409,0.23255596102284182,1.0,0
SESSION_OPERATING_POINT,A,MEDIUM,1.0,1.00,0.9,30,1.0,1.0,0.0,1.0,0.5766176835782174,0.8954097641450578,-0.9776019050251392,0.5768200953497881,0.22705876968905134,0.3525567900470596,-0.627735200258337,0.22705876968905134,1.0,0
SESSION_OPERATING_POINT,A,MEDIUM,1.0,1.00,1.0,30,1.0,1.0,0.0,1.0,0.5667268982817302,0.8774475970303968,-0.9741034785407433,0.5667268982817302,0.22012163912238997,0.34072129836148873,-0.6155128029313466,0.22012163912238997,1.0,0
SESSION_OPERATING_POINT,A,MEDIUM,1.0,1.00,1.1,30,1.0,1.0,0.0,1.0,0.5580232715264513,0.8592641651515404,-0.9713155599946927,0.5580232715264513,0.2142382127330737,0.32990553728875227,-0.6051581083825179,0.2142382127330737,1.0,0
SESSION_OPERATING_POINT,A,MEDIUM,1.0,1.00,1.2,30,1.0,1.0,0.0,1.0,0.5544973016264566,0.8534094411413483,-0.970105687872761,0.5544973016264566,0.21169955375017507,0.32580262073329486,-0.6007715994764941,0.21169955375017507,1.0,0
SESSION_OPERATING_POINT,A,MEDIUM,1.0,1.00,1.3,30,1.0,1.0,0.0,1.0,0.549305794667228,0.845226284557202,-0.9682870977840389,0.549305794667228,0.2082159209935975,0.32041046361067543,-0.5945683064659552,0.2082159209935975,1.0,0
SESSION_OPERATING_POINT,A,MEDIUM,1.0,1.00,1.4,30,1.0,1.0,0.0,1.0,0.5438324392854829,0.8370943699783188,-0.9651773828157186,0.5438324392854829,0.20465803784201128,0.31505716258661415,-0.5877417537102455,0.20465803784201128,1.0,0
SESSION_OPERATING_POINT,A,MEDIUM,1.0,1.00,1.5,30,1.0,1.0,0.0,1.0,0.5409879955125363,0.8314607789652911,-0.9637505815481501,0.5409879955125363,0.2030949617524898,0.31215528575326207,-0.5846152248520842,0.2030949617524898,1.0,0
SESSION_OPERATING_POINT,A,MEDIUM,1.0,1.00,1.6,30,1.0,1.0,0.0,1.0,0.5331054429346612,0.818638054889061,-0.9598500885041297,0.5331054429346612,0.1981576360750174,0.30424227149834043,-0.575259148400179,0.1981576360750174,1.0,0
SESSION_OPERATING_POINT,A,MEDIUM,1.0,1.00,1.7,30,1.0,1.0,0.0,1.0,0.5243670077606362,0.8063704963058456,-0.9550787712464239,0.5243670077606362,0.19259305605557267,0.296132180523408,-0.5645853796551035,0.19259305605557267,1.0,0
SESSION_OPERATING_POINT,A,MEDIUM,1.0,1.00,1.8,30,1.0,1.0,0.0,1.0,0.524379533278488,0.8078508447709466,-0.9551746759666084,0.524379533278488,0.19241466048581285,0.29635152611471655,-0.5643941595497688,0.19241466048581285,1.0,0
SESSION_OPERATING_POINT,A,MEDIUM,1.0,1.00,1.9,30,1.0,1.0,0.0,1.0,0.5189411642438456,0.7987264524639512,-0.9529928773709396,0.5189411642438456,0.1888452170984613,0.2905952548377823,-0.5578834492805295,0.1888452170984613,1.0,0
SESSION_OPERATING_POINT,A,CONSERVATIVE,0.3333333333333333,0.333333,0.5,30,0.3880302266177233,0.05414062583462454,0.988703951842271,0.38315189176725445,-3.700743415417188e-17,-3.700743415417188e-17,7.401486830834377e-18,-5.181040781584064e-17,-0.35435033656207293,-0.5468449745691694,0.310107358034375,-0.35922867141254183,6.743593439890931e-17,30
SESSION_OPERATING_POINT,A,CONSERVATIVE,0.3333333333333333,0.333333,0.6,30,0.39411815207097667,0.06422798517203358,0.987932135133891,0.38908669467604223,-4.4408920985006264e-17,-5.181040781584064e-17,3.7007434154171884e-18,-5.736152293896643e-17,-0.3528742566791798,-0.5440174320916948,0.3166184012804436,-0.3579057140741142,7.87020135343481e-17,30
SESSION_OPERATING_POINT,A,CONSERVATIVE,0.3333333333333333,0.333333,0.7,30,0.40560312984711133,0.07732442781325173,0.9834476981643924,0.40270946781495687,-4.4408920985006264e-17,-6.106226635438361e-17,1.4802973661668754e-17,-5.181040781584064e-17,-0.3521296557525569,-0.5460690948314358,0.33009950698734863,-0.3550233177847114,8.239359085503215e-17,30
SESSION_OPERATING_POINT,A,CONSERVATIVE,0.3333333333333333,0.333333,0.8,30,0.41872011123047764,0.09868106017135192,0.9795461707464453,0.4157096587659217,-4.810966440042345e-17,-5.921189464667501e-17,1.4802973661668754e-17,-5.551115123125783e-17,-0.34872392774668065,-0.5401046689283586,0.3426408276072046,-0.35173438021123654,7.567503017681589e-17,30
SESSION_OPERATING_POINT,A,CONSERVATIVE,0.3333333333333333,0.333333,0.9,30,0.42338231642178253,0.10459023585494216,0.9776019050251392,0.42317990465021194,-4.070817756958907e-17,-5.921189464667501e-17,2.960594732333751e-17,-4.255854927729767e-17,-0.34955891388916605,-0.5428529740979982,0.3498667047668026,-0.34976132566073664,7.494620386460036e-17,30
SESSION_OPERATING_POINT,A,CONSERVATIVE,0.3333333333333333,0.333333,1.0,30,0.43327310171826994,0.12255240296960311,0.9741034785407433,0.43327310171826994,-4.810966440042345e-17,-7.586524001605237e-17,2.2204460492503132e-17,-4.810966440042345e-17,-0.34660525915934015,-0.5367262986689081,0.3585906756093969,-0.34660525915934015,9.000039887945522e-17,30
SESSION_OPERATING_POINT,A,CONSERVATIVE,0.3333333333333333,0.333333,1.1,30,0.4419767284735486,0.14073583484845945,0.9713155599946927,0.4419767284735486,-4.4408920985006264e-17,-6.846375318521799e-17,2.960594732333751e-17,-4.4408920985006264e-17,-0.3437850587933777,-0.5293586278627883,0.3661574516121746,-0.3437850587933777,8.212052913842709e-17,30
SESSION_OPERATING_POINT,A,CONSERVATIVE,0.3333333333333333,0.333333,1.2,30,0.4455026983735433,0.1465905588586516,0.970105687872761,0.4455026983735433,-5.3660779523549233e-17,-7.031412489292658e-17,2.2204460492503132e-17,-5.3660779523549233e-17,-0.3427977478762815,-0.5276068204080535,0.36933408839626664,-0.3427977478762815,7.943099684812542e-17,30
SESSION_OPERATING_POINT,A,CONSERVATIVE,0.3333333333333333,0.333333,1.3,30,0.45069420533277216,0.15477371544279794,0.9682870977840389,0.45069420533277216,-6.29126380620922e-17,-7.956598343146955e-17,2.590520390792032e-17,-6.29126380620922e-17,-0.34108987367363053,-0.5248158209465266,0.3737187913180838,-0.34108987367363053,9.50369665871031e-17,30
SESSION_OPERATING_POINT,A,CONSERVATIVE,0.3333333333333333,0.333333,1.4,30,0.45616756071451703,0.16290563002168124,0.9651773828157186,0.45616756071451703,-5.3660779523549233e-17,-7.956598343146955e-17,2.2204460492503132e-17,-5.3660779523549233e-17,-0.3391744014434717,-0.5220372073917046,0.3774356291054728,-0.3391744014434717,9.498566287186516e-17,30
SESSION_OPERATING_POINT,A,CONSERVATIVE,0.3333333333333333,0.333333,1.5,30,0.4590120044874636,0.1685392210347087,0.9637505815481501,0.4590120044874636,-4.9960036108132046e-17,-6.846375318521799e-17,3.7007434154171884e-18,-4.9960036108132046e-17,-0.3378930337600466,-0.5193054932120291,0.3791353566960659,-0.3378930337600466,7.928056330007948e-17,30
SESSION_OPERATING_POINT,A,CONSERVATIVE,0.3333333333333333,0.333333,1.6,30,0.46689455706533867,0.18136194511093878,0.9598500885041297,0.46689455706533867,-6.106226635438361e-17,-7.401486830834377e-17,5.181040781584064e-17,-6.106226635438361e-17,-0.3349478068596438,-0.5143957833907207,0.38459094010395056,-0.3349478068596438,8.943925417332468e-17,30
SESSION_OPERATING_POINT,A,CONSERVATIVE,0.3333333333333333,0.333333,1.7,30,0.47563299223936384,0.19362950369415438,0.9550787712464239,0.47563299223936384,-5.921189464667501e-17,-7.771561172376095e-17,2.2204460492503132e-17,-5.921189464667501e-17,-0.3317739517050635,-0.5102383157824376,0.39049339159132057,-0.3317739517050635,9.631578947577721e-17,30
SESSION_OPERATING_POINT,A,CONSERVATIVE,0.3333333333333333,0.333333,1.8,30,0.4756204667215119,0.19214915522905326,0.9551746759666084,0.4756204667215119,-6.29126380620922e-17,-8.141635513917814e-17,1.850371707708594e-17,-6.29126380620922e-17,-0.33196487279267534,-0.5114993186562303,0.3907805164168396,-0.33196487279267534,9.274501242521908e-17,30
SESSION_OPERATING_POINT,A,CONSERVATIVE,0.3333333333333333,0.333333,1.9,30,0.48105883575615427,0.20127354753604862,0.9529928773709394,0.48105883575615427,-5.181040781584064e-17,-7.031412489292658e-17,3.7007434154171884e-18,-5.181040781584064e-17,-0.3300959471453843,-0.5081311976261691,0.3951094280904102,-0.3300959471453843,9.826751151705251e-17,30
SESSION_OPERATING_POINT,A,CONSERVATIVE,0.5,0.50,0.5,30,0.5533343967850187,0.30810308672583725,0.9024449045482064,0.5533343967850187,0.1653041701672953,0.25396246089121266,-0.0862590472940647,0.17018250501776422,-0.18904616639477767,-0.2928825136779567,0.22384831074031036,-0.18904616639477767,0.27666719839250936,30
SESSION_OPERATING_POINT,A,CONSERVATIVE,0.5,0.50,0.6,30,0.559414453561048,0.3178401186096312,0.8976245524339763,0.559414453561048,0.16529630149007143,0.2536121334375975,-0.09030758269991487,0.1703277588850058,-0.18757795518910833,-0.2904052986540974,0.22631081858052876,-0.18757795518910833,0.27970722678052407,30
SESSION_OPERATING_POINT,A,CONSERVATIVE,0.5,0.50,0.7,30,0.5734839088165651,0.33698862884214836,0.8846225031330855,0.5734839088165651,0.1678807789694537,0.25966420102889654,-0.09882519503130685,0.17077444100160827,-0.18424887678310317,-0.2864048938025393,0.23127431195604178,-0.18424887678310317,0.28674195440828254,30
SESSION_OPERATING_POINT,A,CONSERVATIVE,0.5,0.50,0.8,30,0.5865638676328833,0.3579104374989471,0.872500410753575,0.5865638676328833,0.16784375640240573,0.25922937732759505,-0.10704575999287048,0.17085420886696168,-0.18088017134427486,-0.28087529160076335,0.23559506761433407,-0.18088017134427486,0.29328193381644163,30
SESSION_OPERATING_POINT,A,CONSERVATIVE,0.5,0.50,0.9,30,0.5940250748475027,0.3695731994166717,0.8658126841649392,0.5940250748475027,0.1706427584257201,0.26498296356172946,-0.11178922086020021,0.17084517019729073,-0.17891615546344591,-0.2778700105362687,0.23807748390660233,-0.17891615546344591,0.29701253742375133,30
SESSION_OPERATING_POINT,A,CONSERVATIVE,0.5,0.50,1.0,30,0.6037750888468426,0.3866111329604596,0.8561874745674878,0.6037750888468426,0.17050198712857265,0.2640587299908564,-0.11791600397325548,0.17050198712857265,-0.1761032720307674,-0.2726675686780516,0.2406746716361414,-0.1761032720307674,0.3018875444234213,30
SESSION_OPERATING_POINT,A,CONSERVATIVE,0.5,0.50,1.1,30,0.6121130766512404,0.4027023697352528,0.8480455659984716,0.6121130766512404,0.17013634817769166,0.2619665348867934,-0.12326999399622078,0.17013634817769166,-0.17364871061568604,-0.26739209297599487,0.2428874576159538,-0.17364871061568604,0.3060565383256202,30
SESSION_OPERATING_POINT,A,CONSERVATIVE,0.5,0.50,1.2,30,0.6155900163140219,0.4083794137348616,0.8446860881583265,0.6155900163140219,0.17008731794047863,0.26178885487620984,-0.12541959971443425,0.17008731794047863,-0.17271042993580293,-0.26581796553184367,0.2439144886818324,-0.17271042993580293,0.30779500815701094,30
SESSION_OPERATING_POINT,A,CONSERVATIVE,0.5,0.50,1.3,30,0.6205445604736629,0.41610126698751426,0.839728203277441,0.6205445604736629,0.16985035514089086,0.2613275515447164,-0.1285588945065978,0.16985035514089086,-0.1712395185327396,-0.26348826940181014,0.24515989681148595,-0.1712395185327396,0.31027228023683145,30
SESSION_OPERATING_POINT,A,CONSERVATIVE,0.5,0.50,1.4,30,0.6256825864538034,0.423795839530198,0.8337239937929453,0.6256825864538034,0.16951502573928626,0.2608902095085167,-0.1314533890227731,0.16951502573928626,-0.16965937570418535,-0.2611469978831878,0.24598224008269984,-0.16965937570418535,0.3128412932269017,30
SESSION_OPERATING_POINT,A,CONSERVATIVE,0.5,0.50,1.5,30,0.6281558785318997,0.42848900605016377,0.8307915465905749,0.6281558785318997,0.16914387404443607,0.259949785015455,-0.13295903495757522,0.16914387404443607,-0.16874915971561047,-0.2593557081965741,0.2461763217384906,-0.16874915971561047,0.31407793926594985,30
SESSION_OPERATING_POINT,A,CONSERVATIVE,0.5,0.50,1.6,30,0.6354168864645158,0.44018967803886905,0.822610064836521,0.6354168864645158,0.1685223293991768,0.2588277329279302,-0.13724002366760885,0.1685223293991768,-0.16642547746046696,-0.25556805046279046,0.2473509164363418,-0.16642547746046696,0.3177084432322579,30
SESSION_OPERATING_POINT,A,CONSERVATIVE,0.5,0.50,1.7,30,0.6435356516677814,0.4518635586201247,0.8131923954535158,0.6435356516677814,0.1679026594284174,0.2582340549259703,-0.1418863757929082,0.1679026594284174,-0.16387129227664607,-0.25200426085646727,0.24860701579841235,-0.16387129227664607,0.3217678258338907,30
SESSION_OPERATING_POINT,A,CONSERVATIVE,0.5,0.50,1.8,30,0.6436605288378587,0.4511035094561742,0.8132178745379223,0.6436605288378587,0.16804006211634687,0.2589543542271208,-0.14195680142868639,0.16804006211634687,-0.16392481067632833,-0.25254496442910934,0.24882371498815328,-0.16392481067632833,0.32183026441892937,30
SESSION_OPERATING_POINT,A,CONSERVATIVE,0.5,0.50,1.9,30,0.648795359291415,0.4595069077714649,0.807844546816932,0.648795359291415,0.1677365235352606,0.2582333602354162,-0.1451483305540075,0.1677365235352606,-0.16235942361012373,-0.2498978373907528,0.24996109753640278,-0.16235942361012373,0.3243976796457075,30
SESSION_OPERATING_POINT,A,CONSERVATIVE,0.6,0.60,0.5,30,0.6497738366689061,0.45752192333989256,0.8061864886469035,0.6497738366689061,0.2617436100511827,0.40338129750526797,-0.18251746319536755,0.26662194490165153,-0.09260672651089026,-0.14346367706390134,0.12758989483900748,-0.09260672651089026,0.43318255777927056,30
SESSION_OPERATING_POINT,A,CONSERVATIVE,0.6,0.60,0.6,30,0.6553134771041992,0.46630577804896484,0.7996988660873736,0.6553134771041992,0.26119532503322235,0.4020777928769311,-0.18823326904651752,0.2662267824281567,-0.0916789316459574,-0.14193963921476374,0.12838513223392606,-0.0916789316459574,0.4368756514027993,30
SESSION_OPERATING_POINT,A,CONSERVATIVE,0.6,0.60,0.7,30,0.668178058981004,0.4841843715576554,0.7832283470201857,0.668178058981004,0.2625749291338925,0.4068599437444036,-0.200219351144207,0.2654685911660471,-0.08955472661866432,-0.13920915108703227,0.12988015584314166,-0.08955472661866432,0.44545203932066924,30
SESSION_OPERATING_POINT,A,CONSERVATIVE,0.6,0.60,0.8,30,0.6799675387360212,0.5029421247400205,0.7679800360839386,0.6799675387360212,0.2612474275055438,0.4042610645686686,-0.2115661346625068,0.26425787997009975,-0.08747650024113679,-0.13584360435968984,0.13107469294469784,-0.08747650024113679,0.45331169249068093,30
SESSION_OPERATING_POINT,A,CONSERVATIVE,0.6,0.60,0.9,30,0.6866660273765052,0.513458513659509,0.7594992009755579,0.6866660273765052,0.2632837109547225,0.40886827780456675,-0.2181027040495814,0.2634861227262932,-0.08627520293444348,-0.13398469629343138,0.13176400071722108,-0.08627520293444348,0.4577773515843368,30
SESSION_OPERATING_POINT,A,CONSERVATIVE,0.6,0.60,1.0,30,0.6952626785074006,0.5282736044195008,0.7478200976139183,0.6952626785074006,0.26198957678913065,0.40572120144989754,-0.22628338092682496,0.26198957678913065,-0.08461568237020937,-0.13100509721901055,0.13230729468257188,-0.08461568237020937,0.4635084523382671,30
SESSION_OPERATING_POINT,A,CONSERVATIVE,0.6,0.60,1.1,30,0.7025823807557913,0.5420094026107793,0.7379164621073622,0.7025823807557913,0.2606056522822428,0.4012735677623198,-0.2333990978873304,0.2606056522822428,-0.08317940651113488,-0.1280850601004683,0.1327583537248442,-0.08317940651113488,0.4683882538371942,30
SESSION_OPERATING_POINT,A,CONSERVATIVE,0.6,0.60,1.2,30,0.7056877456269424,0.5470500419173988,0.7337850805549272,0.7056877456269424,0.26018504725339875,0.4004594830587471,-0.23632060731783386,0.26018504725339875,-0.08261270062288276,-0.1271473373493063,0.13301348107843283,-0.08261270062288276,0.47045849708462817,30
SESSION_OPERATING_POINT,A,CONSERVATIVE,0.6,0.60,1.3,30,0.7100290043037109,0.5537893422901575,0.727814994175083,0.7100290043037109,0.2593347989709387,0.39901562684735964,-0.240472103608956,0.2593347989709387,-0.08175507470269171,-0.12580019409916685,0.13324668770912773,-0.08175507470269171,0.47335266953580724,30
SESSION_OPERATING_POINT,A,CONSERVATIVE,0.6,0.60,1.4,30,0.7144945262906504,0.5604949907342439,0.721001271542661,0.7144945262906504,0.2583269655761332,0.39758936071256257,-0.24417611127305736,0.2583269655761332,-0.08084743586733835,-0.12444784667914191,0.13325951783241557,-0.08084743586733835,0.4763296841937668,30
SESSION_OPERATING_POINT,A,CONSERVATIVE,0.6,0.60,1.5,30,0.7165477875311885,0.5643398353988792,0.717761540867735,0.7165477875311885,0.25753578304372493,0.3958006143641704,-0.24598904068041502,0.25753578304372493,-0.08035725071632169,-0.12350487884785863,0.13314631601565083,-0.08035725071632169,0.4776985250207923,30
SESSION_OPERATING_POINT,A,CONSERVATIVE,0.6,0.60,1.6,30,0.7227981279980827,0.5743800162942885,0.7084200286121309,0.7227981279980827,0.25590357093274396,0.3930180711833495,-0.2514300598919988,0.25590357093274396,-0.07904423592689977,-0.12137771220737106,0.13316088021195185,-0.07904423592689977,0.48186541866538846,30
SESSION_OPERATING_POINT,A,CONSERVATIVE,0.6,0.60,1.7,30,0.7298164535331061,0.5845515563671617,0.6977388199786885,0.7298164535331061,0.2541834612937422,0.3909220526730074,-0.25733995126773557,0.2541834612937422,-0.07759049041132128,-0.11931626310943019,0.13315344032358495,-0.07759049041132128,0.4865443023554041,30
SESSION_OPERATING_POINT,A,CONSERVATIVE,0.6,0.60,1.8,30,0.729985820513522,0.5841058586198358,0.6976535454659418,0.729985820513522,0.2543653537920101,0.3919567033907825,-0.2575211305006668,0.2543653537920101,-0.07759951900066521,-0.11954261526544777,0.13325938591617287,-0.07759951900066521,0.4866572136756813,30
SESSION_OPERATING_POINT,A,CONSERVATIVE,0.6,0.60,1.9,30,0.7344586739977627,0.5913637587232824,0.6913044742470292,0.7344586739977627,0.25339983824160817,0.39009021118723375,-0.26168840312391045,0.25339983824160817,-0.0766961089037761,-0.11804098643893525,0.1334210249664998,-0.0766961089037761,0.48963911599850835,30
SESSION_OPERATING_POINT,A,CONSERVATIVE,0.7,0.70,0.5,30,0.7423805631797964,0.6009856004037939,0.6785965938078959,0.7423805631797964,0.3543503365620729,0.5468449745691694,-0.310107358034375,0.35922867141254183,0.0,0.0,0.0,0.0,0.5832990139269828,0
SESSION_OPERATING_POINT,A,CONSERVATIVE,0.7,0.70,0.6,30,0.7469924087501563,0.6082454172637285,0.6713137338534472,0.7469924087501563,0.35287425667917977,0.5440174320916947,-0.3166184012804436,0.3579057140741141,0.0,0.0,0.0,0.0,0.5869226068751228,0
SESSION_OPERATING_POINT,A,CONSERVATIVE,0.7,0.70,0.7,30,0.7577327855996683,0.6233935226446878,0.6533481911770437,0.7577327855996683,0.3521296557525568,0.5460690948314358,-0.33009950698734863,0.3550233177847113,0.0,0.0,0.0,0.0,0.5953614743997393,0
SESSION_OPERATING_POINT,A,CONSERVATIVE,0.7,0.70,0.8,30,0.7674440389771582,0.6387857290997104,0.6369053431392409,0.7674440389771582,0.34872392774668065,0.5401046689283586,-0.34264082760720455,0.3517343802112365,0.0,0.0,0.0,0.0,0.6029917449106243,0
SESSION_OPERATING_POINT,A,CONSERVATIVE,0.7,0.70,0.9,30,0.7729412303109486,0.6474432099529405,0.627735200258337,0.7729412303109486,0.34955891388916605,0.5428529740979982,-0.3498667047668025,0.34976132566073664,0.0,0.0,0.0,0.0,0.6073109666728881,0
SESSION_OPERATING_POINT,A,CONSERVATIVE,0.7,0.70,1.0,30,0.77987836087761,0.6592787016385112,0.6155128029313466,0.77987836087761,0.3466052591593401,0.5367262986689081,-0.3585906756093968,0.3466052591593401,0.0,0.0,0.0,0.0,0.6127615692609792,0
SESSION_OPERATING_POINT,A,CONSERVATIVE,0.7,0.70,1.1,30,0.7857617872669262,0.6700944627112476,0.6051581083825179,0.7857617872669262,0.34378505879337756,0.5293586278627882,-0.3661574516121746,0.34378505879337756,0.0,0.0,0.0,0.0,0.6173842614240134,0
SESSION_OPERATING_POINT,A,CONSERVATIVE,0.7,0.70,1.2,30,0.7883004462498248,0.6741973792667051,0.6007715994764941,0.7883004462498248,0.3427977478762815,0.5276068204080535,-0.36933408839626664,0.3427977478762815,0.0,0.0,0.0,0.0,0.6193789220534338,0
SESSION_OPERATING_POINT,A,CONSERVATIVE,0.7,0.70,1.3,30,0.7917840790064026,0.6795895363893245,0.5945683064659552,0.7917840790064026,0.34108987367363053,0.5248158209465266,-0.37371879131808367,0.34108987367363053,0.0,0.0,0.0,0.0,0.6221160620764591,0
SESSION_OPERATING_POINT,A,CONSERVATIVE,0.7,0.70,1.4,30,0.7953419621579888,0.6849428374133859,0.5877417537102455,0.7953419621579888,0.3391744014434716,0.5220372073917046,-0.3774356291054728,0.3391744014434716,0.0,0.0,0.0,0.0,0.6249115416955625,0
SESSION_OPERATING_POINT,A,CONSERVATIVE,0.7,0.70,1.5,30,0.7969050382475104,0.6878447142467378,0.5846152248520842,0.7969050382475104,0.33789303376004654,0.519305493212029,-0.3791353566960659,0.33789303376004654,0.0,0.0,0.0,0.0,0.626139672908758,0
SESSION_OPERATING_POINT,A,CONSERVATIVE,0.7,0.70,1.6,30,0.8018423639249825,0.6957577285016596,0.575259148400179,0.8018423639249825,0.33494780685964376,0.5143957833907207,-0.38459094010395056,0.33494780685964376,0.0,0.0,0.0,0.0,0.6300190002267722,0
SESSION_OPERATING_POINT,A,CONSERVATIVE,0.7,0.70,1.7,30,0.8074069439444275,0.703867819476592,0.5645853796551035,0.8074069439444275,0.33177395170506346,0.5102383157824375,-0.39049339159132057,0.33177395170506346,0.0,0.0,0.0,0.0,0.63439117024205,0
SESSION_OPERATING_POINT,A,CONSERVATIVE,0.7,0.70,1.8,30,0.8075853395141872,0.7036484738852835,0.5643941595497688,0.8075853395141872,0.3319648727926753,0.5114993186562302,-0.3907805164168396,0.3319648727926753,0.0,0.0,0.0,0.0,0.6345313381897185,0
SESSION_OPERATING_POINT,A,CONSERVATIVE,0.7,0.70,1.9,30,0.8111547829015386,0.7094047451622176,0.5578834492805295,0.8111547829015386,0.3300959471453843,0.508131197626169,-0.3951094280904102,0.3300959471453843,0.0,0.0,0.0,0.0,0.6373359008512088,0
SESSION_OPERATING_POINT,A,CONSERVATIVE,0.8,0.80,0.5,30,0.8314504189906612,0.7389549908941693,0.5169590016951778,0.8314504189906612,0.4434201923729378,0.6848143650595448,-0.47174495014709306,0.44829852722340663,0.08906985581086482,0.13796939049037552,-0.16163759211271805,0.08906985581086482,0.7275191166168287,0
SESSION_OPERATING_POINT,A,CONSERVATIVE,0.8,0.80,0.6,30,0.8348009964819381,0.744200126923769,0.5100111969299236,0.8348009964819381,0.44068284441096134,0.6799721417517351,-0.4779209382039674,0.44571430180589566,0.0878085877317815,0.1359547096600404,-0.1613025369235238,0.0878085877317815,0.7304508719216956,0
SESSION_OPERATING_POINT,A,CONSERVATIVE,0.8,0.80,0.7,30,0.8426217550114992,0.7553521025032168,0.4931531600127727,0.8426217550114992,0.43701862516438766,0.6780276746899649,-0.4902945381516197,0.4399122871965421,0.08488896941183072,0.13195857985852918,-0.16019503116427103,0.08488896941183072,0.7372940356350616,0
SESSION_OPERATING_POINT,A,CONSERVATIVE,0.8,0.80,0.8,30,0.8496042658292121,0.7663873989884571,0.4779209587792418,0.8496042658292121,0.4308841545987344,0.667706338817105,-0.5016252119672037,0.4338946070632904,0.08216022685205385,0.1276016698887466,-0.158984384359999,0.08216022685205385,0.7434037326005605,0
SESSION_OPERATING_POINT,A,CONSERVATIVE,0.8,0.80,0.9,30,0.8535428690003809,0.7726049313887463,0.46942059762797644,0.8535428690003809,0.43016055257859814,0.6680146955338039,-0.5081813073971629,0.4303629643501688,0.08060163868943218,0.12516172143580578,-0.15831460263036043,0.08060163868943218,0.7468500103753333,0
SESSION_OPERATING_POINT,A,CONSERVATIVE,0.8,0.80,1.0,30,0.8584353328921678,0.7808886432228738,0.45839798529408365,0.8584353328921678,0.42516223117389795,0.6583362402532708,-0.5157054932466595,0.42516223117389795,0.07855697201455782,0.12160994158436265,-0.15711481763726273,0.07855697201455782,0.7511309162806467,0
SESSION_OPERATING_POINT,A,CONSERVATIVE,0.8,0.80,1.1,30,0.8625698403380523,0.7883704086439849,0.4490797719555494,0.8625698403380523,0.4205931118645037,0.6476345737955256,-0.5222357880391432,0.4205931118645037,0.076808053071126,0.1182759459327374,-0.15607833642696856,0.076808053071126,0.7547486102957957,0
SESSION_OPERATING_POINT,A,CONSERVATIVE,0.8,0.80,1.2,30,0.8643836179474892,0.7912919440537013,0.4450639394629508,0.8643836179474892,0.4188809195739458,0.6447013851950497,-0.5250417484098101,0.4188809195739458,0.07608317169766436,0.11709456478699612,-0.15570766001354341,0.07608317169766436,0.7563356657040531,0
SESSION_OPERATING_POINT,A,CONSERVATIVE,0.8,0.80,1.3,30,0.8668281054015439,0.795067106798548,0.4395067305470655,0.8668281054015439,0.4161339000687719,0.6402933913557499,-0.5287803672369734,0.4161339000687719,0.07504402639514139,0.11547757040922345,-0.15506157591888967,0.07504402639514139,0.7584745922263508,0
SESSION_OPERATING_POINT,A,CONSERVATIVE,0.8,0.80,1.4,30,0.8693090081884721,0.798805632460314,0.4335484319949282,0.8693090081884721,0.4131414474739551,0.6359000024386325,-0.5316289508207902,0.4131414474739551,0.0739670460304835,0.11386279504692806,-0.15419332171531727,0.0739670460304835,0.7606453821649131,0
SESSION_OPERATING_POINT,A,CONSERVATIVE,0.8,0.80,1.5,30,0.8703507910559108,0.800728899579654,0.43093416696073406,0.8703507910559108,0.41133878656844725,0.632189678544945,-0.5328164145874159,0.41133878656844725,0.07344575280840057,0.11288418533291594,-0.15368105789135006,0.07344575280840057,0.7615569421739219,0
SESSION_OPERATING_POINT,A,CONSERVATIVE,0.8,0.80,1.6,30,0.8737669619575681,0.8061945890584626,0.42279131525328034,0.8737669619575681,0.40687240489222914,0.6248326439475238,-0.5370587732508494,0.40687240489222914,0.07192459803258548,0.1104368605568032,-0.15246783314689877,0.07192459803258548,0.7645460917128722,0
SESSION_OPERATING_POINT,A,CONSERVATIVE,0.8,0.80,1.7,30,0.8776298139693499,0.8118482338506435,0.4135060556243074,0.8776298139693499,0.40199682172998596,0.6182187301564891,-0.5415727156221166,0.40199682172998596,0.07022287002492256,0.10798041437405163,-0.15107932403079605,0.07022287002492256,0.767926087223181,0
SESSION_OPERATING_POINT,A,CONSERVATIVE,0.8,0.80,1.8,30,0.8777815312843961,0.8117732945665824,0.4132534975100765,0.8777815312843961,0.40216106456288425,0.6196241393375291,-0.541921178456532,0.40216106456288425,0.07019619177020898,0.10812482068129889,-0.15114066203969231,0.07019619177020898,0.7680588398738467,0
SESSION_OPERATING_POINT,A,CONSERVATIVE,0.8,0.80,1.9,30,0.8802732052536175,0.815772655261879,0.40748263254562017,0.8802732052536175,0.3992143694974629,0.6144991077258304,-0.5455102448253193,0.3992143694974629,0.06911842235207866,0.10636791009966147,-0.15040081673490907,0.06911842235207866,0.7702390545969151,0
SESSION_OPERATING_POINT,A,CONSERVATIVE,0.9,0.90,0.5,30,0.9172456632973909,0.8718385122512691,0.31088354572587196,0.9172456632973909,0.5292154366796673,0.8176978864166444,-0.6778204061163989,0.5340937715301362,0.17486510011759435,0.2708529118474752,-0.3677130480820238,0.17486510011759435,0.8662875708919802,0
SESSION_OPERATING_POINT,A,CONSERVATIVE,0.9,0.90,0.6,30,0.9190463655271974,0.8746450095724612,0.30581582902468296,0.9190463655271974,0.5249282134562209,0.8104170244004276,-0.682116306109208,0.5299596708511553,0.17205395677704102,0.2663995923087328,-0.36549790482876454,0.17205395677704102,0.8679882341090198,0
SESSION_OPERATING_POINT,A,CONSERVATIVE,0.9,0.90,0.7,30,0.9232571580130802,0.8807006074832237,0.2936581937780801,0.9232571580130802,0.5176540281659687,0.8033761796699719,-0.6897895043863121,0.5205476901981234,0.16552437241341203,0.25730708483853587,-0.3596899973989637,0.16552437241341203,0.8719650936790203,0
SESSION_OPERATING_POINT,A,CONSERVATIVE,0.9,0.90,0.8,30,0.92697208772207,0.8865585281174866,0.2828203487355978,0.92697208772207,0.5082519764915923,0.7878774679461346,-0.6967258220108475,0.5112624289561482,0.15952804874491164,0.24777279901777613,-0.35408499440364294,0.15952804874491164,0.875473638404177,0
SESSION_OPERATING_POINT,A,CONSERVATIVE,0.9,0.90,0.9,30,0.9290604741221898,0.8898613667003428,0.27677332644050134,0.9290604741221898,0.5056781577004074,0.7852711308454005,-0.7008285785846381,0.505880569471978,0.15611924381124132,0.24241815674740239,-0.3509618738178356,0.15611924381124132,0.8774460033376238,0
SESSION_OPERATING_POINT,A,CONSERVATIVE,0.9,0.90,1.0,30,0.9316163810797007,0.8941631487450514,0.2691280924583499,0.9316163810797007,0.4983432793614306,0.7716107457754481,-0.7049753860823934,0.4983432793614306,0.1517380202020906,0.23488444710654002,-0.3463847104729965,0.1517380202020906,0.8798599154641618,0
SESSION_OPERATING_POINT,A,CONSERVATIVE,0.9,0.90,1.1,30,0.9337693144828323,0.8980107573724282,0.2626821343212066,0.9337693144828323,0.49179258600928377,0.7572749225239686,-0.708633425673486,0.49179258600928377,0.14800752721590602,0.2279162946611805,-0.34247597406131125,0.14800752721590602,0.8818932414560082,0
SESSION_OPERATING_POINT,A,CONSERVATIVE,0.9,0.90,1.2,30,0.9347291244895731,0.89955259208818,0.25985255982334327,0.9347291244895731,0.4892264261160296,0.7529620332295285,-0.7102531280494178,0.4892264261160296,0.1464286782397481,0.2253552128214749,-0.3409190396531508,0.1464286782397481,0.8827997286845968,0
SESSION_OPERATING_POINT,A,CONSERVATIVE,0.9,0.90,1.3,30,0.9360003549076211,0.9015122706080234,0.2560226642276575,0.9360003549076211,0.4853061495748488,0.7467385551652252,-0.7122644335563812,0.4853061495748488,0.14421627590121847,0.22192273421869893,-0.3385456422382977,0.14421627590121847,0.8840003351905311,0
SESSION_OPERATING_POINT,A,CONSERVATIVE,0.9,0.90,1.4,30,0.9372832994387855,0.9034479077351587,0.25200279537467446,0.9372832994387855,0.48111573872426844,0.7405422777134774,-0.713174587441044,0.48111573872426844,0.1419413372807968,0.21850507032177285,-0.335738958335571,0.1419413372807968,0.8852120050255198,0
SESSION_OPERATING_POINT,A,CONSERVATIVE,0.9,0.90,1.5,30,0.9377984563286759,0.9043955756653449,0.25032073261160226,0.9377984563286759,0.4787864518412122,0.735856354630636,-0.7134298489365477,0.4787864518412122,0.14089341808116565,0.216550861418607,-0.3342944922404819,0.14089341808116565,0.8856985420881938,0
SESSION_OPERATING_POINT,A,CONSERVATIVE,0.9,0.90,1.6,30,0.9395526170681099,0.9071983742929053,0.2448482083897917,0.9395526170681099,0.4726580600027711,0.7258364291819663,-0.715001880114338,0.4726580600027711,0.13771025314312726,0.21144064579124575,-0.3304109400103874,0.13771025314312726,0.8873552494532151,0
SESSION_OPERATING_POINT,A,CONSERVATIVE,0.9,0.90,1.7,30,0.9415419886635849,0.9101195434008235,0.23860661457242618,0.9415419886635849,0.46590899642422096,0.716490039706669,-0.7164721566739977,0.46590899642422096,0.13413504471915752,0.20625172392423158,-0.32597876508267737,0.13413504471915752,0.8892341004044969,0
SESSION_OPERATING_POINT,A,CONSERVATIVE,0.9,0.90,1.8,30,0.9416332524305849,0.910114934661145,0.2383809181342305,0.9416332524305849,0.4660127857090732,0.7179657794320916,-0.716793757832378,0.4660127857090732,0.13404791291639787,0.2064664607758614,-0.3260132414155384,0.13404791291639787,0.8893202939622191,0
SESSION_OPERATING_POINT,A,CONSERVATIVE,0.9,0.90,1.9,30,0.9429226465209724,0.9121768843067924,0.23444176996385394,0.9429226465209724,0.46186381076481814,0.7109033367707437,-0.7185511074070856,0.46186381076481814,0.13176786361943385,0.2027721391445749,-0.32344167931667545,0.13176786361943385,0.8905380550475853,0
SESSION_OPERATING_POINT,A,CONSERVATIVE,0.95,0.95,0.5,30,0.958989336638108,0.9364883283147681,0.18107331044869554,0.958989336638108,0.5709591100203847,0.8823477024801434,-0.8076306413935755,0.5758374448708535,0.21660877345831178,0.33550272791097413,-0.4975232833592004,0.21660877345831178,0.9337527751476314,0
SESSION_OPERATING_POINT,A,CONSERVATIVE,0.95,0.95,0.6,30,0.9599189143107395,0.9379344028606021,0.17782408565802896,0.9599189143107395,0.5658007622397629,0.8737064176885686,-0.8101080494758619,0.5708322196346973,0.2129265055605832,0.3296889855968738,-0.49348964819541846,0.2129265055605832,0.9346578902499305,0
SESSION_OPERATING_POINT,A,CONSERVATIVE,0.95,0.95,0.7,30,0.9620943500347928,0.9410741232048182,0.17006961977670476,0.9620943500347928,0.5564912201876812,0.8637496953915662,-0.8133780783876877,0.5593848822198357,0.20436156443512438,0.31768060056013053,-0.483278571400339,0.20436156443512438,0.9367760776654559,0
SESSION_OPERATING_POINT,A,CONSERVATIVE,0.95,0.95,0.8,30,0.9640026845128826,0.9440804329335069,0.16320644417504773,0.9640026845128826,0.5452825732824049,0.8453993727621547,-0.8163397265713976,0.5482930257469609,0.19655864553572436,0.3052947038337964,-0.4736988989641931,0.19655864553572436,0.938634192815175,0
SESSION_OPERATING_POINT,A,CONSERVATIVE,0.95,0.95,0.9,30,0.9650737094135337,0.9457756063769165,0.15937729059061445,0.9650737094135337,0.5416913929917511,0.8411853705219742,-0.818224614434525,0.5418938047633216,0.19213247910258496,0.29833239642397597,-0.4683579096677225,0.19213247910258496,0.9396770328500196,0
SESSION_OPERATING_POINT,A,CONSERVATIVE,0.95,0.95,1.0,30,0.966375208552295,0.9479605968643792,0.1545991108277608,0.966375208552295,0.5331021068340249,0.8254081938947758,-0.8195043677129823,0.5331021068340249,0.18649684767468486,0.288681895225868,-0.4609136921035857,0.18649684767468486,0.9409442820114451,0
SESSION_OPERATING_POINT,A,CONSERVATIVE,0.95,0.95,1.1,30,0.9674698549054251,0.9499065176718247,0.15057632598705525,0.9674698549054251,0.5254931264318764,0.8091706828233654,-0.8207392340076373,0.5254931264318764,0.18170806763849884,0.27981205496057704,-0.4545817823954626,0.18170806763849884,0.942010121881598,0
SESSION_OPERATING_POINT,A,CONSERVATIVE,0.95,0.95,1.2,30,0.9679617241158944,0.9506957323664218,0.1487926980422674,0.9679617241158944,0.5224590257423508,0.8041051735077704,-0.8213129898304934,0.5224590257423508,0.1796612778660694,0.2764983530997168,-0.45197890143422664,0.1796612778660694,0.9424890471654759,0
SESSION_OPERATING_POINT,A,CONSERVATIVE,0.95,0.95,1.3,30,0.9686076815334747,0.9516907381902512,0.14640698377790867,0.9686076815334747,0.5179134762007026,0.7969170227474532,-0.8218801140061303,0.5179134762007026,0.17682360252707213,0.2721012018009267,-0.4481613226880464,0.17682360252707213,0.9431180057036463,0
SESSION_OPERATING_POINT,A,CONSERVATIVE,0.95,0.95,1.4,30,0.9692579087858125,0.9526722741794813,0.14392925759363004,0.9692579087858125,0.5130903480712957,0.7897666441578001,-0.8212481252220886,0.5130903480712957,0.17391594662782403,0.2677294367660955,-0.44381249611661555,0.17391594662782403,0.9437511217125019,0
SESSION_OPERATING_POINT,A,CONSERVATIVE,0.95,0.95,1.5,30,0.9695132684077675,0.9531414638011573,0.1429196006261532,0.9695132684077675,0.5105012639203037,0.7846022427664483,-0.8208309809219968,0.5105012639203037,0.17260823016025723,0.26529674955441934,-0.441695624225931,0.17260823016025723,0.9439997613444052,0
SESSION_OPERATING_POINT,A,CONSERVATIVE,0.95,0.95,1.6,30,0.9703993849062372,0.9545564970932667,0.1395533534001396,0.9703993849062372,0.5035048278408982,0.773194551982328,-0.8202967351039901,0.5035048278408982,0.1685570209812545,0.25879876859160733,-0.4357057950000395,0.1685570209812545,0.9448625589876519,0
SESSION_OPERATING_POINT,A,CONSERVATIVE,0.95,0.95,1.7,30,0.9714056872199277,0.9560361754944153,0.1357136985461625,0.9714056872199277,0.49577269498056376,0.7624066718002608,-0.8193650727002615,0.49577269498056376,0.16399874327550024,0.25216835601782345,-0.42887168110894097,0.16399874327550024,0.9458423796615084,0
SESSION_OPERATING_POINT,A,CONSERVATIVE,0.95,0.95,1.8,30,0.9714549645225875,0.9560415671532948,0.13555695854946323,0.9714549645225875,0.49583449780107575,0.7638924119242414,-0.8196177174171453,0.49583449780107575,0.16386962500840047,0.25239309326801124,-0.42883720100030565,0.16386962500840047,0.9458903601930458,0
SESSION_OPERATING_POINT,A,CONSERVATIVE,0.95,0.95,1.9,30,0.9721086016810342,0.9570851975893012,0.1331153321091112,0.9721086016810342,0.49104976592487964,0.7558116500532527,-0.8198775452618285,0.49104976592487964,0.16095381877949536,0.24768045242708367,-0.4247681171714181,0.16095381877949536,0.9465267963736385,0
SESSION_OPERATING_POINT,A,CONSERVATIVE,0.98,0.98,0.5,30,0.9836820383391234,0.9747293290058875,0.08592078310499597,0.9836820383391234,0.5956518117214,0.9205887031712632,-0.9027831687372749,0.6005301465718689,0.24130147515932707,0.3737437286020937,-0.5926758107029,0.24130147515932707,0.9736444665193366,0
SESSION_OPERATING_POINT,A,CONSERVATIVE,0.98,0.98,0.6,30,0.9840606305713493,0.975317661359636,0.08427080406259133,0.9840606305713493,0.5899424785003726,0.9110896761876025,-0.9036613310712996,0.594973935895307,0.23706822182119291,0.3670722440959076,-0.587042929790856,0.23706822182119291,0.9740191955655192,0
SESSION_OPERATING_POINT,A,CONSERVATIVE,0.98,0.98,0.7,30,0.984947010276388,0.9765994582354283,0.08034831250040268,0.984947010276388,0.5793438804292766,0.8992750304221763,-0.9030993856639896,0.5822375424614312,0.22721422467671978,0.35320593559074054,-0.5729998786766412,0.22721422467671978,0.9748965305796902,0
SESSION_OPERATING_POINT,A,CONSERVATIVE,0.98,0.98,0.8,30,0.9857219607540049,0.9778196411656933,0.07689349462538021,0.9857219607540049,0.5670018495235276,0.8791385809943413,-0.902652676121065,0.5700123019880834,0.21827792177684688,0.3390339120659827,-0.5600118485138605,0.21827792177684688,0.9756635733993725,0
SESSION_OPERATING_POINT,A,CONSERVATIVE,0.98,0.98,0.9,30,0.9861564664709643,0.9785076540996187,0.07496547451310397,0.9861564664709643,0.5627741500491815,0.8739174182446763,-0.9026364305120355,0.5629765618207522,0.2132152361600156,0.3310644441466781,-0.5527697257452328,0.2132152361600156,0.9760936453845258,0
SESSION_OPERATING_POINT,A,CONSERVATIVE,0.98,0.98,1.0,30,0.9866822733526411,0.9793891608798313,0.0725816893526409,0.9866822733526411,0.5534091716343712,0.8568367579102284,-0.9015217891881022,0.5534091716343712,0.20680391247503113,0.3201104592413202,-0.5429311135787055,0.20680391247503113,0.976614086889859,0
SESSION_OPERATING_POINT,A,CONSERVATIVE,0.98,0.98,1.1,30,0.9871241264329562,0.9801723195175345,0.07057669014389381,0.9871241264329562,0.5451473979594077,0.8394364846690751,-0.9007388698507987,0.5451473979594077,0.20136233916602994,0.3100778568062869,-0.534581418238624,0.20136233916602994,0.9770514312652732,0
SESSION_OPERATING_POINT,A,CONSERVATIVE,0.98,0.98,1.2,30,0.987323598214245,0.9804921677496833,0.0696815779285361,0.987323598214245,0.5418208998407014,0.833901608891032,-0.9004241099442248,0.5418208998407014,0.19902315196441997,0.3062947884829784,-0.5310900215479581,0.19902315196441997,0.977248867620222,0
SESSION_OPERATING_POINT,A,CONSERVATIVE,0.98,0.98,1.3,30,0.9875842471150729,0.9808934859397953,0.06849410451986424,0.9875842471150729,0.5368900417823007,0.8261197704969975,-0.8997929932641746,0.5368900417823007,0.19580016810867026,0.30130394955047074,-0.5260742019460909,0.19580016810867026,0.9775068568383883,0
SESSION_OPERATING_POINT,A,CONSERVATIVE,0.98,0.98,1.4,30,0.9878462293141119,0.9812890692034173,0.06727032069923743,0.9878462293141119,0.531678668599595,0.8183834391817358,-0.897907062116481,0.531678668599595,0.19250426715612337,0.2963462317900315,-0.520471433011008,0.19250426715612337,0.9777661657496822,0
SESSION_OPERATING_POINT,A,CONSERVATIVE,0.98,0.98,1.5,30,0.9879477597003247,0.9814755126498713,0.06678081204941003,0.9879477597003247,0.528935755212861,0.8129362916151626,-0.8969697694987401,0.528935755212861,0.1910427214528144,0.2936307984031335,-0.5178344128026742,0.1910427214528144,0.9778666601115458,0
SESSION_OPERATING_POINT,A,CONSERVATIVE,0.98,0.98,1.6,30,0.9883040996202719,0.9820443708211101,0.06512004671339602,0.9883040996202719,0.5214095425549329,0.800682425710171,-0.8947300417907336,0.5214095425549329,0.18646173569528912,0.2862866423194504,-0.5101391016867831,0.18646173569528912,0.9782193639098609,0
SESSION_OPERATING_POINT,A,CONSERVATIVE,0.98,0.98,1.7,30,0.98870908848099,0.9826403231871166,0.06322599408336929,0.98870908848099,0.5130760962416262,0.7890108194929624,-0.8918527771630547,0.5130760962416262,0.18130214453656276,0.27877250371052475,-0.5013593855717342,0.18130214453656276,0.9786202202311841,0
SESSION_OPERATING_POINT,A,CONSERVATIVE,0.98,0.98,1.8,30,0.9887296470492177,0.9826442617282621,0.06314256944344926,0.9887296470492177,0.513109180327706,0.790495106499209,-0.8920321065231592,0.513109180327706,0.18114430753503066,0.2789957878429787,-0.5012515901063197,0.18114430753503066,0.9786405690181035,0
SESSION_OPERATING_POINT,A,CONSERVATIVE,0.98,0.98,1.9,30,0.9889930280591162,0.9830644238192273,0.061931567367066266,0.9889930280591162,0.5079341923029618,0.7817908762831787,-0.8910613100038735,0.5079341923029618,0.1778382451575774,0.2736596786570097,-0.4959518819134631,0.1778382451575774,0.9789012624666761,0
SESSION_OPERATING_POINT,A,CONSERVATIVE,0.99,0.99,0.5,30,0.9918552683106391,0.9873867876588382,0.04806717675126574,0.9918552683106391,0.6038250416929158,0.9332461618242137,-0.9406367750910051,0.6087033765433847,0.2494747051308429,0.38640118725504435,-0.6305294170566301,0.2494747051308429,0.9868458982686662,0
SESSION_OPERATING_POINT,A,CONSERVATIVE,0.99,0.99,0.6,30,0.9920456709153407,0.9876825740374925,0.04711544702648658,0.9920456709153407,0.5979275188443641,0.9234545888654591,-0.9408166881074045,0.6029589762392986,0.2450532621651844,0.3794371567737641,-0.6241982868269608,0.2450532621651844,0.9870353392440514,0
SESSION_OPERATING_POINT,A,CONSERVATIVE,0.99,0.99,0.7,30,0.9924915130467249,0.9883277139222856,0.04485728100632527,0.9924915130467249,0.5868883831996137,0.9110032861090337,-0.9385904171580671,0.5897820452317681,0.2347587274470567,0.3649341912775979,-0.6084909101707184,0.2347587274470567,0.9874789296474992,0
SESSION_OPERATING_POINT,A,CONSERVATIVE,0.99,0.99,0.8,30,0.9928808771398075,0.9889406763401142,0.04287227580491264,0.9928808771398075,0.57416076590933,0.8902596161687621,-0.9366738949415327,0.577171218373886,0.22543683816264945,0.3501549472404037,-0.594033067334328,0.22543683816264945,0.9878663272552632,0
SESSION_OPERATING_POINT,A,CONSERVATIVE,0.99,0.99,0.9,30,0.9930991185396341,0.9892862956105604,0.04176418946148783,0.9930991185396341,0.5697168021178516,0.8846960597556179,-0.9358377155636516,0.5699192138894222,0.2201578882286856,0.34184308565761984,-0.585971010796849,0.2201578882286856,0.9880834664257978,0
SESSION_OPERATING_POINT,A,CONSERVATIVE,0.99,0.99,1.0,30,0.9933628548272231,0.9897282476463102,0.040399690766874774,0.9933628548272231,0.5600897531089529,0.8671758446767068,-0.9337037877738686,0.5600897531089529,0.21348449394961286,0.33044954600779874,-0.5751131121644716,0.21348449394961286,0.9883458707119338,0
SESSION_OPERATING_POINT,A,CONSERVATIVE,0.99,0.99,1.1,30,0.9935844181344848,0.9901205847023019,0.03925243623378337,0.9935844181344848,0.5516076896609363,0.8493847498538426,-0.9320631237609092,0.5516076896609363,0.20782263086755862,0.32002612199105435,-0.5659056721487344,0.20782263086755862,0.9885663150125937,0
SESSION_OPERATING_POINT,A,CONSERVATIVE,0.99,0.99,1.2,30,0.9936845963208837,0.9902811843295286,0.038738802264784135,0.9936845963208837,0.5481818979473402,0.8436906254708769,-0.9313668856079768,0.5481818979473402,0.2053841500710587,0.31608380506282335,-0.5620327972117101,0.2053841500710587,0.988665987248556,0
SESSION_OPERATING_POINT,A,CONSERVATIVE,0.99,0.99,1.3,30,0.9938152814382729,0.9904823706106616,0.0380597542972479,0.9938152814382729,0.5431210761055011,0.8357086551678636,-0.9302273434867909,0.5431210761055011,0.20203120243187053,0.3108928342213371,-0.5565085521687071,0.20203120243187053,0.9887960123401,0
SESSION_OPERATING_POINT,A,CONSERVATIVE,0.99,0.99,1.4,30,0.9939465713422858,0.9906806317667042,0.037362488951487055,0.9939465713422858,0.5377790106277687,0.8277750017450229,-0.9278148938642314,0.5377790106277687,0.19860460918429698,0.3057377943533183,-0.5503792647587584,0.19860460918429698,0.9889266391637894,0
SESSION_OPERATING_POINT,A,CONSERVATIVE,0.99,0.99,1.5,30,0.9939972282483235,0.9907736393450617,0.0370857419272863,0.9939972282483235,0.5349852237608598,0.8222344183103528,-0.9266648396208638,0.5349852237608598,0.1970921900008132,0.3029289250983237,-0.5475294829247979,0.1970921900008132,0.9889770402268672,0
SESSION_OPERATING_POINT,A,CONSERVATIVE,0.99,0.99,1.6,30,0.9941756923676621,0.9910585093808748,0.036139776231874934,0.9941756923676621,0.5272811353023232,0.809696564269936,-0.9237103122722546,0.5272811353023232,0.19233332844267942,0.29530078087921535,-0.5391193721683041,0.19233332844267942,0.9891546030122699,0
SESSION_OPERATING_POINT,A,CONSERVATIVE,0.99,0.99,1.7,30,0.9943785731897677,0.9913571266418663,0.035061140476350096,0.9943785731897677,0.5187455809504038,0.797727622947712,-0.9200176307700738,0.5187455809504038,0.1869716292453404,0.2874893071652745,-0.5295242391787534,0.1869716292453404,0.9893564591837587,0
SESSION_OPERATING_POINT,A,CONSERVATIVE,0.99,0.99,1.8,30,0.9943889914602762,0.9913593875347266,0.035012146073534915,0.9943889914602762,0.518768524738764,0.7992102323056732,-0.9201625298930736,0.518768524738764,0.18680365194608878,0.287710913649443,-0.5293820134762339,0.18680365194608878,0.9893668248367393,0
SESSION_OPERATING_POINT,A,CONSERVATIVE,0.99,0.99,1.9,30,0.9945209858129801,0.9915698946254253,0.034320744522384344,0.9945209858129801,0.5134621500568257,0.7902963470893767,-0.9186721328485554,0.5134621500568257,0.18336620291144146,0.28216514946320764,-0.5235627047581449,0.18336620291144146,0.9894981525512984,0
SESSION_OPERATING_POINT,A,CONSERVATIVE,1.0,1.00,0.5,30,1.0,1.0,0.0,1.0,0.6119697733822768,0.9458593741653752,-0.988703951842271,0.6168481082327456,0.25761943682020366,0.3990143995962061,-0.6785965938078959,0.25761943682020366,1.0,0
SESSION_OPERATING_POINT,A,CONSERVATIVE,1.0,1.00,0.6,30,1.0,1.0,0.0,1.0,0.6058818479290233,0.9357720148279665,-0.987932135133891,0.6109133053239577,0.25300759124984357,0.3917545827362715,-0.6713137338534472,0.25300759124984357,1.0,0
SESSION_OPERATING_POINT,A,CONSERVATIVE,1.0,1.00,0.7,30,1.0,1.0,0.0,1.0,0.5943968701528884,0.9226755721867482,-0.9834476981643924,0.5972905321850431,0.24226721440033172,0.3766064773553122,-0.6533481911770437,0.24226721440033172,1.0,0
SESSION_OPERATING_POINT,A,CONSERVATIVE,1.0,1.00,0.8,30,1.0,1.0,0.0,1.0,0.5812798887695224,0.9013189398286482,-0.9795461707464453,0.5842903412340783,0.23255596102284182,0.36121427090028957,-0.6369053431392409,0.23255596102284182,1.0,0
SESSION_OPERATING_POINT,A,CONSERVATIVE,1.0,1.00,0.9,30,1.0,1.0,0.0,1.0,0.5766176835782174,0.8954097641450578,-0.9776019050251392,0.5768200953497881,0.22705876968905134,0.3525567900470596,-0.627735200258337,0.22705876968905134,1.0,0
SESSION_OPERATING_POINT,A,CONSERVATIVE,1.0,1.00,1.0,30,1.0,1.0,0.0,1.0,0.5667268982817302,0.8774475970303968,-0.9741034785407433,0.5667268982817302,0.22012163912238997,0.34072129836148873,-0.6155128029313466,0.22012163912238997,1.0,0
SESSION_OPERATING_POINT,A,CONSERVATIVE,1.0,1.00,1.1,30,1.0,1.0,0.0,1.0,0.5580232715264513,0.8592641651515404,-0.9713155599946927,0.5580232715264513,0.2142382127330737,0.32990553728875227,-0.6051581083825179,0.2142382127330737,1.0,0
SESSION_OPERATING_POINT,A,CONSERVATIVE,1.0,1.00,1.2,30,1.0,1.0,0.0,1.0,0.5544973016264566,0.8534094411413483,-0.970105687872761,0.5544973016264566,0.21169955375017507,0.32580262073329486,-0.6007715994764941,0.21169955375017507,1.0,0
SESSION_OPERATING_POINT,A,CONSERVATIVE,1.0,1.00,1.3,30,1.0,1.0,0.0,1.0,0.549305794667228,0.845226284557202,-0.9682870977840389,0.549305794667228,0.2082159209935975,0.32041046361067543,-0.5945683064659552,0.2082159209935975,1.0,0
SESSION_OPERATING_POINT,A,CONSERVATIVE,1.0,1.00,1.4,30,1.0,1.0,0.0,1.0,0.5438324392854829,0.8370943699783188,-0.9651773828157186,0.5438324392854829,0.20465803784201128,0.31505716258661415,-0.5877417537102455,0.20465803784201128,1.0,0
SESSION_OPERATING_POINT,A,CONSERVATIVE,1.0,1.00,1.5,30,1.0,1.0,0.0,1.0,0.5409879955125363,0.8314607789652911,-0.9637505815481501,0.5409879955125363,0.2030949617524898,0.31215528575326207,-0.5846152248520842,0.2030949617524898,1.0,0
SESSION_OPERATING_POINT,A,CONSERVATIVE,1.0,1.00,1.6,30,1.0,1.0,0.0,1.0,0.5331054429346612,0.818638054889061,-0.9598500885041297,0.5331054429346612,0.1981576360750174,0.30424227149834043,-0.575259148400179,0.1981576360750174,1.0,0
SESSION_OPERATING_POINT,A,CONSERVATIVE,1.0,1.00,1.7,30,1.0,1.0,0.0,1.0,0.5243670077606362,0.8063704963058456,-0.9550787712464239,0.5243670077606362,0.19259305605557267,0.296132180523408,-0.5645853796551035,0.19259305605557267,1.0,0
SESSION_OPERATING_POINT,A,CONSERVATIVE,1.0,1.00,1.8,30,1.0,1.0,0.0,1.0,0.524379533278488,0.8078508447709466,-0.9551746759666084,0.524379533278488,0.19241466048581285,0.29635152611471655,-0.5643941595497688,0.19241466048581285,1.0,0
SESSION_OPERATING_POINT,A,CONSERVATIVE,1.0,1.00,1.9,30,1.0,1.0,0.0,1.0,0.5189411642438456,0.7987264524639512,-0.9529928773709396,0.5189411642438456,0.1888452170984613,0.2905952548377823,-0.5578834492805295,0.1888452170984613,1.0,0
SESSION_OPERATING_POINT,B1,FAST,0.3333333333333333,0.333333,0.5,29,0.40012928253557944,0.07029808004455526,0.9853710771489808,0.3977516124741759,-4.2111907830609384e-17,-4.785444071660157e-17,1.914177628664063e-17,-4.976861834526564e-17,-0.3536279351811229,-0.54776262751644,0.3252822364882029,-0.35600560524252645,6.480125010010588e-17,29
SESSION_OPERATING_POINT,B1,FAST,0.3333333333333333,0.333333,0.6,29,0.4156088199771475,0.09840891592902301,0.9809726140578785,0.4156088199771475,-4.594026308793751e-17,-6.69962170032422e-17,1.5313421029312504e-17,-4.594026308793751e-17,-0.35165115134507713,-0.5427283175815064,0.34317379943899495,-0.35165115134507713,7.343256791134501e-17,29
SESSION_OPERATING_POINT,B1,FAST,0.3333333333333333,0.333333,0.7,29,0.43153071764504525,0.12218217773893496,0.9750500974264193,0.42669416426968687,-5.551115123125783e-17,-6.69962170032422e-17,2.2970131543968756e-17,-5.933950648858595e-17,-0.3422950060136633,-0.5285604695728532,0.3505240788848266,-0.3471315593890216,7.434758019470878e-17,29
SESSION_OPERATING_POINT,B1,FAST,0.3333333333333333,0.333333,0.8,29,0.4328979815470568,0.12450478054635747,0.9749858207108946,0.43096127684328744,-5.74253288599219e-17,-6.891039463190627e-17,2.6798486801296883e-17,-6.125368411725002e-17,-0.34474392013361066,-0.5319716766345685,0.3559482620796009,-0.34668062483737994,8.125490530242708e-17,29
SESSION_OPERATING_POINT,B1,FAST,0.3333333333333333,0.333333,0.9,29,0.4483007967733671,0.14775542261927954,0.9671229983931944,0.44686331679652386,-4.976861834526564e-17,-7.082457226057034e-17,7.656710514656252e-18,-5.16827959739297e-17,-0.33991238108689115,-0.5249809319326905,0.3677502095498421,-0.34134986106373433,8.838744431642301e-17,29
SESSION_OPERATING_POINT,B1,FAST,0.3333333333333333,0.333333,1.0,29,0.45627472581667405,0.16172764694748457,0.9632413489758058,0.4561895609110754,-5.16827959739297e-17,-6.69962170032422e-17,7.656710514656252e-18,-5.3596973602593766e-17,-0.33793074551017205,-0.5210691551604459,0.3748096205694179,-0.33801591041577067,8.053341730083719e-17,29
SESSION_OPERATING_POINT,B1,FAST,0.3333333333333333,0.333333,1.1,29,0.4593552846688793,0.1682449417141646,0.961750600412081,0.4593552846688793,-4.594026308793751e-17,-7.273874988923439e-17,3.062684205862501e-17,-4.594026308793751e-17,-0.3367923523552992,-0.5182338202100627,0.37701965155552875,-0.3367923523552992,8.691324261339683e-17,29
SESSION_OPERATING_POINT,B1,FAST,0.3333333333333333,0.333333,1.2,29,0.4616194300669314,0.1732183584492449,0.9605612975666914,0.4616194300669314,-6.508203937457814e-17,-8.230963803255471e-17,3.828355257328126e-17,-6.508203937457814e-17,-0.3359187914119144,-0.5159829507466704,0.378519094909512,-0.3359187914119144,9.516861567204072e-17,29
SESSION_OPERATING_POINT,B1,FAST,0.3333333333333333,0.333333,1.3,29,0.4710242222138605,0.18389308051934797,0.9542358914293809,0.4710242222138605,-5.16827959739297e-17,-7.656710514656253e-17,2.2970131543968756e-17,-5.16827959739297e-17,-0.3321614295446341,-0.5125946904082312,0.38359467135769976,-0.3321614295446341,9.69058195923944e-17,29
SESSION_OPERATING_POINT,B1,FAST,0.3333333333333333,0.333333,1.4,29,0.4775414276736586,0.19189697418958734,0.9505595801746533,0.4775414276736586,-6.508203937457814e-17,-8.039546040389065e-17,1.914177628664063e-17,-6.508203937457814e-17,-0.32975730704514344,-0.5100639659561598,0.3878685349164409,-0.32975730704514344,9.057286353862478e-17,29
SESSION_OPERATING_POINT,B1,FAST,0.3333333333333333,0.333333,1.5,29,0.4793336126947645,0.1926459383362538,0.9498541263271106,0.4791030247052191,-5.74253288599219e-17,-7.656710514656253e-17,1.914177628664063e-17,-6.125368411725002e-17,-0.32913098853427025,-0.5102874020390384,0.38932425880105426,-0.32936157652381565,9.745631576122136e-17,29
SESSION_OPERATING_POINT,B1,FAST,0.3333333333333333,0.333333,1.6,29,0.4882103477145158,0.2037349432435701,0.9446150345626839,0.4880887606800775,-5.933950648858595e-17,-7.273874988923439e-17,1.5313421029312504e-17,-6.316786174591408e-17,-0.3261618886008008,-0.5073339281440984,0.3953306521252975,-0.3262834756352392,1.0191929525543231e-16,29
SESSION_OPERATING_POINT,B1,FAST,0.3333333333333333,0.333333,1.7,29,0.49646571305321385,0.21403929258337026,0.9385440445891757,0.49606227710203377,-5.74253288599219e-17,-7.273874988923439e-17,4.2111907830609384e-17,-5.933950648858595e-17,-0.3225079832690809,-0.5031600024315449,0.398971852357046,-0.322911419220261,9.363126772651123e-17,29
SESSION_OPERATING_POINT,B1,FAST,0.3333333333333333,0.333333,1.8,29,0.4971422291013483,0.2121138138249288,0.937584281657076,0.4971422291013483,-5.3596973602593766e-17,-7.848128277522658e-17,1.5313421029312504e-17,-5.3596973602593766e-17,-0.3227547316869528,-0.5055099803048906,0.39977478573612335,-0.3227547316869528,9.919939584322415e-17,29
SESSION_OPERATING_POINT,B1,FAST,0.3333333333333333,0.333333,1.9,29,0.5022606271335261,0.2198537110252846,0.9345510260723889,0.5022606271335261,-6.316786174591408e-17,-8.230963803255471e-17,5.3596973602593766e-17,-6.316786174591408e-17,-0.32078629558413474,-0.5026057223037167,0.4028656876162803,-0.32078629558413474,1.0294579485508673e-16,29
SESSION_OPERATING_POINT,B1,FAST,0.5,0.50,0.5,29,0.5683266930457189,0.3303232330789973,0.8895784241607092,0.5683266930457189,0.16819741051013928,0.2600251530344421,-0.09579265298827146,0.17057508057154278,-0.18543052467098362,-0.2877374744819977,0.22948958349993143,-0.18543052467098362,0.28416334652285946,29
SESSION_OPERATING_POINT,B1,FAST,0.5,0.50,0.6,29,0.586390921063943,0.36206914776411414,0.8736718598139306,0.586390921063943,0.17078210108679542,0.2636602318350911,-0.10730075424394765,0.17078210108679542,-0.1808690502582816,-0.2790680857464153,0.23587304519504723,-0.1808690502582816,0.2931954605319715,29
SESSION_OPERATING_POINT,B1,FAST,0.5,0.50,0.7,29,0.5964528922832224,0.3766963831670377,0.8616018131005453,0.5964528922832224,0.16492217463817724,0.2545142054281026,-0.11344828432587382,0.16975872801353561,-0.17737283137548607,-0.27404626414475036,0.23707579455895283,-0.17737283137548607,0.2982264461416112,29
SESSION_OPERATING_POINT,B1,FAST,0.5,0.50,0.8,29,0.601121982540696,0.38368006940785543,0.8584995632698513,0.601121982540696,0.16822400099363938,0.2591752888614978,-0.11648625744104323,0.17016070569740865,-0.17651991913997117,-0.2727963877730706,0.23946200463855777,-0.17651991913997117,0.3005609912703481,29
SESSION_OPERATING_POINT,B1,FAST,0.5,0.50,0.9,29,0.6162154833085649,0.4068205538063844,0.8418251227285325,0.6162154833085649,0.1679146865351978,0.25906513118710467,-0.12529787566466147,0.16935216651204105,-0.1719976945516932,-0.26591580074558574,0.24245233388518067,-0.1719976945516932,0.30810774165428245,29
SESSION_OPERATING_POINT,B1,FAST,0.5,0.50,1.0,29,0.6248960741074726,0.42174850525918195,0.8326458722769241,0.6248960741074726,0.1686213482907986,0.2600208583116974,-0.13059547669888175,0.1687065131963973,-0.16930939721937335,-0.2610482968487485,0.2442141438705362,-0.16930939721937335,0.3124480370537363,29
SESSION_OPERATING_POINT,B1,FAST,0.5,0.50,1.1,29,0.6277884113218554,0.4274580074805586,0.8293999289574093,0.6277884113218554,0.16843312665297602,0.2592130657663939,-0.13235067145467133,0.16843312665297602,-0.16835922570232312,-0.2590207544436687,0.24466898010085741,-0.16835922570232312,0.3138942056609277,29
SESSION_OPERATING_POINT,B1,FAST,0.5,0.50,1.2,29,0.6298609860294446,0.4316955513136674,0.826998724548504,0.6298609860294446,0.16824155596251303,0.25847719286442244,-0.13356257301818736,0.16824155596251303,-0.1676772354494013,-0.257505757882248,0.24495652189132464,-0.1676772354494013,0.31493049301472226,29
SESSION_OPERATING_POINT,B1,FAST,0.5,0.50,1.3,29,0.6383259857776515,0.4421330254073426,0.8162305843736856,0.6383259857776515,0.16730176356379117,0.2582399448879946,-0.13800530705569528,0.16730176356379117,-0.16485966598084298,-0.2543547455202366,0.2455893643020044,-0.16485966598084298,0.31916299288882577,29
SESSION_OPERATING_POINT,B1,FAST,0.5,0.50,1.4,29,0.6443468676354985,0.4499177531306362,0.8091439016019352,0.6443468676354985,0.16680543996183989,0.2580207789410488,-0.14141567857271822,0.16680543996183989,-0.1629518670833035,-0.25204318701511086,0.24645285634372263,-0.1629518670833035,0.32217343381774927,29
SESSION_OPERATING_POINT,B1,FAST,0.5,0.50,1.5,29,0.6459431516406843,0.450893901754158,0.8074289848500994,0.6459431516406843,0.16660953894591976,0.25824796341790407,-0.14242514147701119,0.16684012693546504,-0.1625214495883505,-0.2520394386211342,0.2468991173240431,-0.1625214495883505,0.32297157582034214,29
SESSION_OPERATING_POINT,B1,FAST,0.5,0.50,1.6,29,0.6543969223797635,0.4621600602871698,0.7975548409961953,0.6543969223797635,0.1661865746652475,0.2584251170435996,-0.1470601935664888,0.16630816169968585,-0.15997531393555323,-0.24890881110049867,0.24827045855880858,-0.15997531393555323,0.3271984611898818,29
SESSION_OPERATING_POINT,B1,FAST,0.5,0.50,1.7,29,0.6614474159302804,0.47127170637291305,0.7879657312357844,0.6614474159302804,0.16498170287706648,0.25723241378954276,-0.15057831335339136,0.16538513882824657,-0.15752628039201444,-0.24592758864200215,0.24839353900365457,-0.15752628039201444,0.33072370796514017,29
SESSION_OPERATING_POINT,B1,FAST,0.5,0.50,1.8,29,0.6626246445652201,0.4712161217876959,0.7864801984655652,0.6626246445652201,0.1654824154638717,0.259102307962767,-0.15110408319151059,0.1654824154638717,-0.15727231622308102,-0.24640767234212343,0.24867070254461277,-0.15727231622308102,0.33131232228261004,29
SESSION_OPERATING_POINT,B1,FAST,0.5,0.50,1.9,29,0.667282366542151,0.4783255948929915,0.7809049201079772,0.667282366542151,0.16502173940862483,0.25847188386770675,-0.1536461059644119,0.16502173940862483,-0.15576455617550983,-0.24413383843600986,0.24921958165186833,-0.15576455617550983,0.33364118327107556,29
SESSION_OPERATING_POINT,B1,FAST,0.6,0.60,0.5,29,0.6634398906893361,0.47792618317801727,0.7894313001224668,0.6634398906893361,0.26331060815375656,0.40762810313346204,-0.1959397770265139,0.2656882782151601,-0.09031732702736633,-0.1401345243829778,0.12934245946168904,-0.09031732702736633,0.4422932604595574,29
SESSION_OPERATING_POINT,B1,FAST,0.6,0.60,0.6,29,0.6797767433350236,0.5061775662887729,0.7690190059717692,0.6797767433350236,0.2641679233578759,0.4077686503597497,-0.2119536080861092,0.2641679233578759,-0.08748322798720104,-0.1349596672217566,0.1312201913528857,-0.08748322798720104,0.4531844955566824,29
SESSION_OPERATING_POINT,B1,FAST,0.6,0.60,0.7,29,0.6882887734116873,0.5186021747951006,0.75546597848248,0.6882887734116873,0.2567580557666419,0.39641999705616554,-0.21958411894393914,0.2615946091420003,-0.0855369502470214,-0.13214047251668748,0.1309399599408875,-0.0855369502470214,0.45885918227445804,29
SESSION_OPERATING_POINT,B1,FAST,0.6,0.60,0.8,29,0.6927059143059006,0.5252254113651919,0.7508884141677382,0.6927059143059006,0.2598079327588438,0.40072063081883436,-0.2240974065431563,0.2617446374626131,-0.08493598737476676,-0.13125104581573402,0.1318508555364447,-0.08493598737476676,0.4618039428706004,29
SESSION_OPERATING_POINT,B1,FAST,0.6,0.60,0.9,29,0.7059014361939318,0.5454938228404479,0.7315545302441941,0.7059014361939318,0.2576006394205645,0.39773840022116824,-0.23556846814899987,0.25903811939740773,-0.08231174166632653,-0.12724253171152217,0.13218174140084224,-0.08231174166632653,0.47060095746262104,29
SESSION_OPERATING_POINT,B1,FAST,0.6,0.60,1.0,29,0.7134275834223509,0.558259222766313,0.7208205216313658,0.7134275834223509,0.2571528576056769,0.3965315758188284,-0.24242082734444004,0.25723802251127553,-0.08077788790449501,-0.12453757934161751,0.1323887932249779,-0.08077788790449501,0.475618388948234,29
SESSION_OPERATING_POINT,B1,FAST,0.6,0.60,1.1,29,0.7159023694941054,0.5630311585522392,0.717112644301534,0.7159023694941054,0.25654708482522587,0.3947862168380744,-0.24463795611054664,0.25654708482522587,-0.08024526753007322,-0.12344760337198821,0.1323816954449821,-0.08024526753007322,0.4772682463294035,29
SESSION_OPERATING_POINT,B1,FAST,0.6,0.60,1.2,29,0.7176755969908368,0.5665668968005089,0.7144006201934521,0.7176755969908368,0.2560561669239055,0.39334853835126377,-0.24616067737323916,0.2560561669239055,-0.0798626244880088,-0.12263441239540654,0.13235841753627284,-0.0798626244880088,0.4784503979938913,29
SESSION_OPERATING_POINT,B1,FAST,0.6,0.60,1.3,29,0.724886495830796,0.5756973984093599,0.7026631410899523,0.724886495830796,0.2538622736169356,0.39180431789001174,-0.25157275033942866,0.2538622736169356,-0.07829915592769852,-0.12079037251821946,0.13202192101827104,-0.07829915592769852,0.4832576638871974,29
SESSION_OPERATING_POINT,B1,FAST,0.6,0.60,1.4,29,0.7300808448215538,0.5825273322226543,0.6946750716291039,0.7300808448215538,0.2525394171478951,0.3906303580330667,-0.2558845085455494,0.2525394171478951,-0.0772178898972483,-0.11943360792309285,0.1319840263708915,-0.0772178898972483,0.48672056321436924,29
SESSION_OPERATING_POINT,B1,FAST,0.6,0.60,1.5,29,0.7315123003907179,0.5835918992285902,0.6926042466568588,0.7315123003907179,0.2521786876959534,0.39094596089233635,-0.25724987967025187,0.2524092756854987,-0.07695230083831683,-0.11934144114670191,0.13207437913080244,-0.07695230083831683,0.4876748669271453,29
SESSION_OPERATING_POINT,B1,FAST,0.6,0.60,1.6,29,0.7388883842157148,0.5936111108150047,0.681410455726545,0.7388883842157148,0.25067803650119896,0.38987616757143456,-0.26320457883613907,0.25079962353563734,-0.07548385209960178,-0.1174577605726637,0.13212607328915837,-0.07548385209960178,0.49259225614380986,29
SESSION_OPERATING_POINT,B1,FAST,0.6,0.60,1.7,29,0.7448286528606791,0.601426794409896,0.6712086476698131,0.7448286528606791,0.24836293980746546,0.38738750182652554,-0.2673353969193626,0.24876637575864555,-0.0741450434616155,-0.1157725006050193,0.13163645543768335,-0.0741450434616155,0.4965524352404528,29
SESSION_OPERATING_POINT,B1,FAST,0.6,0.60,1.8,29,0.7459233799595112,0.6017053200020112,0.6695048070257148,0.7459233799595112,0.24878115085816288,0.38959150617708205,-0.268079474631361,0.24878115085816288,-0.07397358082878987,-0.11591847412780842,0.1316953111047623,-0.07397358082878987,0.49728225330634074,29
SESSION_OPERATING_POINT,B1,FAST,0.6,0.60,1.9,29,0.7499181153806663,0.6078228476252007,0.6632999063574495,0.7499181153806663,0.24765748824714015,0.38796913659991594,-0.2712511197149395,0.24765748824714015,-0.07312880733699452,-0.11463658570380064,0.13161456790134068,-0.07312880733699452,0.49994541025377753,29
SESSION_OPERATING_POINT,B1,FAST,0.7,0.70,0.5,29,0.7537572177167025,0.6180607075609951,0.6600888406607779,0.7537572177167025,0.3536279351811229,0.5477626275164398,-0.3252822364882029,0.35600560524252645,0.0,0.0,0.0,0.0,0.5922378139202662,0
SESSION_OPERATING_POINT,B1,FAST,0.7,0.70,0.6,29,0.7672599713222245,0.6411372335105294,0.6377988146188833,0.7672599713222245,0.35165115134507713,0.5427283175815064,-0.34317379943899484,0.35165115134507713,0.0,0.0,0.0,0.0,0.6028471203246051,0
SESSION_OPERATING_POINT,B1,FAST,0.7,0.70,0.7,29,0.7738257236587086,0.6507426473117879,0.6245260185415924,0.7738257236587086,0.3422950060136632,0.5285604695728531,-0.3505240788848266,0.3471315593890216,0.0,0.0,0.0,0.0,0.6080059257318424,0
SESSION_OPERATING_POINT,B1,FAST,0.7,0.70,0.8,29,0.7776419016806674,0.6564764571809257,0.6190375586312936,0.7776419016806674,0.34474392013361066,0.5319716766345685,-0.3559482620796009,0.34668062483737994,0.0,0.0,0.0,0.0,0.6110043513205243,0
SESSION_OPERATING_POINT,B1,FAST,0.7,0.70,0.9,29,0.7882131778602581,0.6727363545519699,0.599372788843352,0.7882131778602581,0.3399123810868911,0.5249809319326905,-0.3677502095498421,0.3413498610637343,0.0,0.0,0.0,0.0,0.6193103540330599,0
SESSION_OPERATING_POINT,B1,FAST,0.7,0.70,1.0,29,0.794205471326846,0.6827968021079305,0.5884317284063878,0.794205471326846,0.33793074551017194,0.5210691551604459,-0.3748096205694179,0.3380159104157706,0.0,0.0,0.0,0.0,0.6240185846139504,0
SESSION_OPERATING_POINT,B1,FAST,0.7,0.70,1.1,29,0.7961476370241783,0.6864787619242272,0.584730948856552,0.7961476370241783,0.3367923523552992,0.5182338202100627,-0.37701965155552875,0.3367923523552992,0.0,0.0,0.0,0.0,0.625544571947569,0
SESSION_OPERATING_POINT,B1,FAST,0.7,0.70,1.2,29,0.7975382214788458,0.6892013091959155,0.5820422026571792,0.7975382214788458,0.3359187914119143,0.5159829507466703,-0.378519094909512,0.3359187914119143,0.0,0.0,0.0,0.0,0.6266371740190931,0
SESSION_OPERATING_POINT,B1,FAST,0.7,0.70,1.3,29,0.8031856517584948,0.6964877709275794,0.5706412200716812,0.8031856517584948,0.3321614295446341,0.5125946904082311,-0.3835946713576997,0.3321614295446341,0.0,0.0,0.0,0.0,0.6310744406673886,0
SESSION_OPERATING_POINT,B1,FAST,0.7,0.70,1.4,29,0.8072987347188022,0.7019609401457471,0.5626910452582125,0.8072987347188022,0.3297573070451434,0.5100639659561597,-0.3878685349164409,0.3297573070451434,0.0,0.0,0.0,0.0,0.6343061487076302,0
SESSION_OPERATING_POINT,B1,FAST,0.7,0.70,1.5,29,0.8084646012290347,0.7029333403752921,0.5605298675260564,0.8084646012290347,0.32913098853427025,0.5102874020390383,-0.38932425880105426,0.3293615765238155,0.0,0.0,0.0,0.0,0.6352221866799559,0
SESSION_OPERATING_POINT,B1,FAST,0.7,0.70,1.6,29,0.8143722363153166,0.7110688713876685,0.5492843824373866,0.8143722363153166,0.32616188860080075,0.5073339281440983,-0.3953306521252975,0.32628347563523913,0.0,0.0,0.0,0.0,0.6398638999620345,0
SESSION_OPERATING_POINT,B1,FAST,0.7,0.70,1.7,29,0.8189736963222947,0.7171992950149151,0.5395721922321298,0.8189736963222947,0.3225079832690809,0.5031600024315449,-0.39897185235704596,0.322911419220261,0.0,0.0,0.0,0.0,0.6434793328246601,0
SESSION_OPERATING_POINT,B1,FAST,0.7,0.70,1.8,29,0.819896960788301,0.7176237941298195,0.5378094959209525,0.819896960788301,0.32275473168695273,0.5055099803048905,-0.3997747857361233,0.32275473168695273,0.0,0.0,0.0,0.0,0.6442047549050937,0
SESSION_OPERATING_POINT,B1,FAST,0.7,0.70,1.9,29,0.8230469227176609,0.7224594333290013,0.5316853384561088,0.8230469227176609,0.32078629558413463,0.5026057223037166,-0.4028656876162802,0.32078629558413463,0.0,0.0,0.0,0.0,0.6466797249924479,0
SESSION_OPERATING_POINT,B1,FAST,0.8,0.80,0.5,29,0.8397120788430092,0.7514033361996916,0.499477603662418,0.8397120788430092,0.4395827963074297,0.6811052561551361,-0.4858934734865626,0.4419604663688331,0.08595486112630671,0.13334262863869642,-0.16061123699835977,0.08595486112630671,0.734748068987633,0
SESSION_OPERATING_POINT,B1,FAST,0.8,0.80,0.6,29,0.8494537003050955,0.7679021377459722,0.478629188496973,0.8494537003050955,0.43384488032794805,0.6694932218169489,-0.5023434255609053,0.43384488032794805,0.082193728982871,0.12676490423544268,-0.15916962612191046,0.082193728982871,0.7432719877669587,0
SESSION_OPERATING_POINT,B1,FAST,0.8,0.80,0.7,29,0.8538602119787914,0.7743551915126133,0.46741955566112575,0.8538602119787914,0.42232949433374606,0.6521730137736783,-0.5076305417652934,0.42716604770910444,0.08003448832008284,0.12361254420082532,-0.15710646288046684,0.08003448832008284,0.7471276854814425,0
SESSION_OPERATING_POINT,B1,FAST,0.8,0.80,0.8,29,0.8567371800418933,0.7786853884826087,0.461876943292461,0.8567371800418933,0.4238391984948365,0.6541806079362511,-0.5131088774184337,0.4257759031986057,0.07909527836122589,0.12220893130168263,-0.15716061533883274,0.07909527836122589,0.7496450325366567,0
SESSION_OPERATING_POINT,B1,FAST,0.8,0.80,0.9,29,0.864146547191262,0.7900940411779591,0.4445043965453469,0.864146547191262,0.4158457504178949,0.6423386185586798,-0.5226186018478473,0.41728323039473814,0.0759333693310039,0.11735768662598921,-0.15486839229800514,0.0759333693310039,0.7561282287923544,0
SESSION_OPERATING_POINT,B1,FAST,0.8,0.80,1.0,29,0.8683285654687424,0.7970597264009399,0.43483330516669905,0.8683285654687424,0.41205383965206827,0.6353320794534553,-0.5284080438091067,0.4121390045576669,0.0741230941418964,0.11426292429300937,-0.15359842323968878,0.0741230941418964,0.7597874947851497,0
SESSION_OPERATING_POINT,B1,FAST,0.8,0.80,1.1,29,0.8696631824310997,0.7995577983420857,0.4316302412808742,0.8696631824310997,0.4103078977622204,0.631312856627921,-0.5301203591312066,0.4103078977622204,0.07351554540692129,0.11307903641785817,-0.1531007075756778,0.07351554540692129,0.7609552846272124,0
SESSION_OPERATING_POINT,B1,FAST,0.8,0.80,1.2,29,0.8706175808283878,0.8014005620346353,0.4293147025745751,0.8706175808283878,0.40899815076145635,0.6281822035853903,-0.5312465949921161,0.40899815076145635,0.07307935934954199,0.11219925283872,-0.1527275000826041,0.07307935934954199,0.7617903832248394,0
SESSION_OPERATING_POINT,B1,FAST,0.8,0.80,1.3,29,0.8744974376362374,0.8064772975353884,0.4196154029364234,0.8744974376362374,0.40347321542237685,0.6225842170160405,-0.5346204884929575,0.40347321542237685,0.07131178587774269,0.10998952660780928,-0.1510258171352579,0.07131178587774269,0.765185257931708,0
SESSION_OPERATING_POINT,B1,FAST,0.8,0.80,1.4,29,0.8773505717536142,0.8103079416874291,0.4127187485851963,0.8773505717536142,0.3998091440799555,0.6184109674978417,-0.537840831589457,0.3998091440799555,0.07005183703481203,0.10834700154168214,-0.14997229667301618,0.07005183703481203,0.7676817502844123,0
SESSION_OPERATING_POINT,B1,FAST,0.8,0.80,1.5,29,0.8781760479358018,0.8110502119781414,0.41077908810813674,0.8781760479358018,0.3988424352410373,0.6184042736418874,-0.539075038218974,0.3990730232305825,0.0697114467067671,0.10811687160284918,-0.14975077941791964,0.0697114467067671,0.7684040419438269,0
SESSION_OPERATING_POINT,B1,FAST,0.8,0.80,1.6,29,0.8823209944796255,0.8168181106065522,0.4009130048414208,0.8823209944796255,0.39411064676510965,0.6130831673629821,-0.5437020297212632,0.394232233799548,0.06794875816430898,0.10574923921888371,-0.1483713775959659,0.06794875816430898,0.7720308701696725,0
SESSION_OPERATING_POINT,B1,FAST,0.8,0.80,1.7,29,0.8854481865854926,0.821022913690721,0.392800340665175,0.8854481865854926,0.38898247353227877,0.6069836211073504,-0.545743703924001,0.38938590948345886,0.06647449026319784,0.1038236186758055,-0.14677185156695494,0.06647449026319784,0.774767163262306,0
SESSION_OPERATING_POINT,B1,FAST,0.8,0.80,1.8,29,0.8861241976939409,0.8214337865392278,0.3912015981275025,0.8861241976939409,0.3889819685925926,0.609319972714299,-0.5463826835295733,0.3889819685925926,0.06622723690563984,0.10380999240940848,-0.14660789779344993,0.06622723690563984,0.7753586729821983,0
SESSION_OPERATING_POINT,B1,FAST,0.8,0.80,1.9,29,0.8883029183230017,0.8247848438346378,0.3859186518189481,0.8883029183230017,0.38604229118947536,0.6049311328093531,-0.548632374253441,0.38604229118947536,0.06525599560534069,0.1023254105056365,-0.1457666866371608,0.06525599560534069,0.7772650535326264,0
SESSION_OPERATING_POINT,B1,FAST,0.9,0.90,0.5,29,0.9216824432211068,0.8785439286206028,0.2982270824706966,0.9216824432211068,0.5215531606855272,0.8082458485760475,-0.6871439946782839,0.5239308307469307,0.16792522550440428,0.26048322105960764,-0.3618617581900811,0.16792522550440428,0.8704778630421564,0
SESSION_OPERATING_POINT,B1,FAST,0.9,0.90,0.6,29,0.9268828014098304,0.8872885088772433,0.2832667238209846,0.9268828014098304,0.5112739814326827,0.7888795929482201,-0.6977058902368938,0.5112739814326827,0.15962283008760572,0.24615127536671386,-0.3545320907978989,0.15962283008760572,0.8753893124426175,0
SESSION_OPERATING_POINT,B1,FAST,0.9,0.90,0.7,29,0.9290617827209287,0.8904795878819638,0.2760331921804796,0.9290617827209287,0.49753106507588324,0.7682974101430288,-0.6990169052459395,0.5023676184512417,0.15523605906222002,0.23973694057017575,-0.34849282636111295,0.15523605906222002,0.8774472392364328,0
SESSION_OPERATING_POINT,B1,FAST,0.9,0.90,0.8,29,0.9306666544800241,0.8928988316842081,0.27176252487710834,0.9306666544800241,0.4977686729329671,0.7683940511378506,-0.7032232958337861,0.4997053776367364,0.15302475279935648,0.23642237450328224,-0.34727503375418517,0.15302475279935648,0.8789629514533559,0
SESSION_OPERATING_POINT,B1,FAST,0.9,0.90,0.9,29,0.9345169554361898,0.8988324621039502,0.25991364931297817,0.9345169554361898,0.4862161586628227,0.7510770394846709,-0.7072093490802162,0.4876536386396659,0.14630377757593155,0.2260961075519803,-0.33945913953037393,0.14630377757593155,0.8825993468008458,0
SESSION_OPERATING_POINT,B1,FAST,0.9,0.90,1.0,29,0.9366844888105447,0.9024197883022854,0.2533116532831373,0.9366844888105447,0.48040976299387056,0.7406921413548008,-0.7099296956926685,0.4804949278994693,0.14247901748369865,0.2196229861943549,-0.33512007512325054,0.14247901748369865,0.8846464616544033,0
SESSION_OPERATING_POINT,B1,FAST,0.9,0.90,1.1,29,0.9373649981465029,0.9036809705531949,0.2511740256878447,0.9373649981465029,0.4780097134776234,0.7354360288390301,-0.7105765747242361,0.4780097134776234,0.14121736112232436,0.21720220862896752,-0.33355692316870744,0.14121736112232436,0.8852891649161415,0
SESSION_OPERATING_POINT,B1,FAST,0.9,0.90,1.2,29,0.9378508318629378,0.9046088364156522,0.2496356816151946,0.9378508318629378,0.4762314017960064,0.7313904779664072,-0.710925615951497,0.4762314017960064,0.14031261038409207,0.21540752721973686,-0.3324065210419848,0.14031261038409207,0.8857480078705524,0
SESSION_OPERATING_POINT,B1,FAST,0.9,0.90,1.3,29,0.9398313219335289,0.9072287984742511,0.2432390999976895,0.9398313219335289,0.4688070997196685,0.7233357179549029,-0.7109967914316916,0.4688070997196685,0.13664567017503432,0.2107410275466718,-0.3274021200739917,0.13664567017503432,0.8876184707149997,0
SESSION_OPERATING_POINT,B1,FAST,0.9,0.90,1.4,29,0.9413002639782815,0.9092147401167856,0.23861239838709905,0.9413002639782815,0.46375883630462295,0.7173177659271983,-0.7119471817875542,0.46375883630462295,0.13400152925947947,0.2072537999710385,-0.32407864687111343,0.13400152925947947,0.8890058048683771,0
SESSION_OPERATING_POINT,B1,FAST,0.9,0.90,1.5,29,0.9417315573208206,0.9096236223009726,0.23727821967628596,0.9417315573208206,0.46239794462605616,0.7169776839647186,-0.7125759066508249,0.4626285326156014,0.133266956091786,0.20669028192568042,-0.32325164784977045,0.133266956091786,0.8894131374696641,0
SESSION_OPERATING_POINT,B1,FAST,0.9,0.90,1.6,29,0.9438898669828211,0.9126517986449049,0.23057403944482494,0.9438898669828211,0.4556795192683052,0.7089168554013349,-0.7140409951178591,0.45580110630274356,0.12951763066750446,0.20158292725723628,-0.3187103429925617,0.12951763066750446,0.8914515410393309,0
SESSION_OPERATING_POINT,B1,FAST,0.9,0.90,1.7,29,0.9454693470284845,0.9147905402799381,0.2253197632633514,0.9454693470284845,0.4490036339752707,0.7007512476965678,-0.7132242813258245,0.4494070699264508,0.1264956507061898,0.19759124526502286,-0.3142524289687785,0.1264956507061898,0.8929432721935688,0
SESSION_OPERATING_POINT,B1,FAST,0.9,0.90,1.8,29,0.945834151104879,0.9150528777446558,0.2241971511357153,0.945834151104879,0.44869192200353075,0.7029390639197269,-0.7133871305213606,0.44869192200353075,0.12593719031657807,0.19742908361483646,-0.3136123447852372,0.12593719031657807,0.8932878093768303,0
SESSION_OPERATING_POINT,B1,FAST,0.9,0.90,1.9,29,0.9469537181787797,0.9167775545432411,0.2206661428075989,0.9469537181787797,0.44469309104525356,0.6969238435179566,-0.7138848832647903,0.44469309104525356,0.12390679546111902,0.19431812121423991,-0.31101919564850994,0.12390679546111902,0.894345178279959,0
SESSION_OPERATING_POINT,B1,FAST,0.95,0.95,0.5,29,0.9612786889504462,0.9399526807819872,0.17298725111571372,0.9612786889504462,0.5611494064148668,0.8696546007374321,-0.8123838260332669,0.5635270764762703,0.20752147123374384,0.3218919732209921,-0.487101589545064,0.20752147123374384,0.9359818813464872,0
SESSION_OPERATING_POINT,B1,FAST,0.95,0.95,0.6,29,0.9639545480057379,0.9444384648652935,0.16347152203247045,0.9639545480057379,0.5483457280285903,0.8460295489362701,-0.8175010920254079,0.5483457280285903,0.1966945766835133,0.30330123135476394,-0.47432729258641304,0.1966945766835133,0.9385873230582185,0
SESSION_OPERATING_POINT,B1,FAST,0.95,0.95,0.7,29,0.9650315253003163,0.946015186613211,0.1591405676614216,0.9650315253003163,0.5335008076552711,0.8238330088742761,-0.8159095297649976,0.5383373610306295,0.19120580164160786,0.29527253930142305,-0.465385450880171,0.19120580164160786,0.9396359588450448,0
SESSION_OPERATING_POINT,B1,FAST,0.95,0.95,0.8,29,0.9658757518619512,0.9472887039955601,0.1563216724758127,0.9658757518619512,0.5329777703148942,0.8227839234492025,-0.8186641482350819,0.5349144750186634,0.1882338501812836,0.2908122468146342,-0.4627158861554809,0.1882338501812836,0.9404579689182155,0
SESSION_OPERATING_POINT,B1,FAST,0.95,0.95,0.9,29,0.9678317614555533,0.9503041944747096,0.1489767852234788,0.9678317614555533,0.5195309646821861,0.80254877185543,-0.8181462131697154,0.5209684446590294,0.17961858359529514,0.2775678399227396,-0.45039600361987325,0.17961858359529514,0.9423625045751439,0
SESSION_OPERATING_POINT,B1,FAST,0.95,0.95,1.0,29,0.9689320924994301,0.9521202575080241,0.14487987020254903,0.9689320924994301,0.5126573666827561,0.7903926105605393,-0.8183614787732567,0.5127425315883547,0.17472662117258414,0.2693234554000935,-0.4435518582038388,0.17472662117258414,0.9434338795389189,0
SESSION_OPERATING_POINT,B1,FAST,0.95,0.95,1.1,29,0.9692746367300424,0.9527524594527582,0.14357043200588385,0.9692746367300424,0.5099193520611629,0.7845075177385936,-0.8181801684061971,0.5099193520611629,0.17312699970586384,0.266273697528531,-0.4411605168506681,0.17312699970586384,0.9437674094476727,0
SESSION_OPERATING_POINT,B1,FAST,0.95,0.95,1.2,29,0.969518952762847,0.9532169128862,0.14263040102046465,0.969518952762847,0.5078995226959155,0.7799985544369549,-0.8179308965462266,0.5078995226959155,0.1719807312840012,0.2640156036902845,-0.43941180163671456,0.1719807312840012,0.9440052961111931,0
SESSION_OPERATING_POINT,B1,FAST,0.95,0.95,1.3,29,0.9705168036872341,0.9545430708997091,0.13873259887302786,0.9705168036872341,0.4994925814733734,0.7706499903803609,-0.8155032925563529,0.4994925814733734,0.1673311519287393,0.25805529997212967,-0.4319086211986535,0.1673311519287393,0.9449768878007277,0
SESSION_OPERATING_POINT,B1,FAST,0.95,0.95,1.4,29,0.9712598527200849,0.9555505754334123,0.13588882071565633,0.9712598527200849,0.4937184250464264,0.7636536012438249,-0.814670759458997,0.4937184250464264,0.16396111800128296,0.25358963528766515,-0.4268022245425561,0.16396111800128296,0.9457003829116616,0
SESSION_OPERATING_POINT,B1,FAST,0.95,0.95,1.5,29,0.971479243932623,0.9557629566574084,0.13506032324620057,0.971479243932623,0.4921456312378584,0.7631170183211546,-0.8147938030809102,0.4923762192274037,0.16301464270358818,0.25282961628211625,-0.4254695442798558,0.16301464270358818,0.9459140006712383,0
SESSION_OPERATING_POINT,B1,FAST,0.95,0.95,1.6,29,0.9725771348646466,0.9573087297424943,0.13090943639493144,0.9725771348646466,0.48436678715013065,0.7535737864989243,-0.8137055981677527,0.484488374184569,0.1582048985493299,0.24623985835482592,-0.41837494604245523,0.1582048985493299,0.9469829997366295,0
SESSION_OPERATING_POINT,B1,FAST,0.95,0.95,1.7,29,0.9733688309876404,0.9583838858809745,0.12773932729473975,0.9733688309876404,0.4769031179344264,0.744344593297604,-0.8108047172944362,0.4773065538856065,0.1543951346653455,0.24118459086605912,-0.4118328649373902,0.1543951346653455,0.9477538617511234,0
SESSION_OPERATING_POINT,B1,FAST,0.95,0.95,1.8,29,0.9735573421365585,0.9585280892141573,0.12703299144676147,0.9735573421365585,0.4764151130352101,0.7464142753892282,-0.8105512902103146,0.4764151130352101,0.1536603813482574,0.24090429508433775,-0.41077650447419106,0.1536603813482574,0.9479374120803332,0
SESSION_OPERATING_POINT,B1,FAST,0.95,0.95,1.9,29,0.9741232834166846,0.9594005067912147,0.12486551792842603,0.9741232834166846,0.4718626562831582,0.7395467957659299,-0.809685508143963,0.4718626562831582,0.1510763606990237,0.23694107346221335,-0.4068198205276828,0.1510763606990237,0.9484884601688771,0
SESSION_OPERATING_POINT,B1,FAST,0.98,0.98,0.5,29,0.9846141523072136,0.9761408325376538,0.08182513717168641,0.9846141523072136,0.5844848697716342,0.9058427524930986,-0.9035459399772943,0.5868625398330377,0.2308569345905113,0.35808012497665886,-0.5782637034890914,0.2308569345905113,0.9745670691204055,0
SESSION_OPERATING_POINT,B1,FAST,0.98,0.98,0.6,29,0.9857018702695111,0.9779611742752785,0.07701960798516773,0.9857018702695111,0.5700930502923636,0.8795522583462553,-0.9039530060727108,0.5700930502923636,0.2184418989472865,0.33682394076474914,-0.5607792066337157,0.2184418989472865,0.975643687919822,0
SESSION_OPERATING_POINT,B1,FAST,0.98,0.98,0.7,29,0.9861288983251906,0.9785861732853618,0.07492815001968237,0.9861288983251906,0.5545981806801453,0.8564039955464267,-0.9001219474067369,0.5594347340555038,0.21230317466648205,0.32784352597357364,-0.5495978685219103,0.21230317466648205,0.9760663585463621,0
SESSION_OPERATING_POINT,B1,FAST,0.98,0.98,0.8,29,0.9864766617544375,0.9791109884795849,0.07346755549690437,0.9864766617544375,0.5535786802073805,0.8546062079332274,-0.9015182652139904,0.5555153849111498,0.20883476007377003,0.32263453129865893,-0.5455700031343892,0.20883476007377003,0.9764105733691879,0
SESSION_OPERATING_POINT,B1,FAST,0.98,0.98,0.9,29,0.9872658450001393,0.9803278886249986,0.06982473207573478,0.9872658450001393,0.5389650482267723,0.8325724660057193,-0.8972982663174593,0.5404025282036155,0.19905266713988115,0.30759153407302864,-0.5295480567676173,0.19905266713988115,0.9771917037246278,0
SESSION_OPERATING_POINT,B1,FAST,0.98,0.98,1.0,29,0.9877096716662689,0.981059284134356,0.06779021354468437,0.9877096716662689,0.5314349458495947,0.8193316371868715,-0.8954511354311214,0.5315201107551933,0.1935042003394228,0.29826248202642547,-0.5206415148617035,0.1935042003394228,0.9776310015472255,0
SESSION_OPERATING_POINT,B1,FAST,0.98,0.98,1.1,29,0.9878471283420811,0.9813123967972671,0.06714612430600414,0.9878471283420811,0.5284918436732018,0.8130674550831027,-0.8946044761060766,0.5284918436732018,0.19169949131790262,0.29483363487304004,-0.5175848245505479,0.19169949131790262,0.9777670556038969,0
SESSION_OPERATING_POINT,B1,FAST,0.98,0.98,1.2,29,0.9879451073985465,0.981498183696214,0.06668458560207342,0.9879451073985465,0.526325677331615,0.808279825246969,-0.893876711964618,0.526325677331615,0.1904068859197006,0.2922968745002986,-0.515357617055106,0.1904068859197006,0.9778640348740715,0
SESSION_OPERATING_POINT,B1,FAST,0.98,0.98,1.3,29,0.9883457954103618,0.9820320644359517,0.06477474541697277,0.9883457954103618,0.5173215731965013,0.7981389839166034,-0.8894611460124081,0.5173215731965013,0.1851601436518671,0.28554429350837224,-0.5058664746547086,0.1851601436518671,0.9782606342327053,0
SESSION_OPERATING_POINT,B1,FAST,0.98,0.98,1.4,29,0.9886448500093967,0.9824382070003594,0.06337278396558768,0.9886448500093967,0.5111034223357381,0.790541232810772,-0.8871867962090655,0.5111034223357381,0.18134611529059466,0.28047726685461244,-0.49931826129262474,0.18134611529059466,0.9785566372541987,0
SESSION_OPERATING_POINT,B1,FAST,0.98,0.98,1.5,29,0.9887334028709875,0.9825248931484477,0.062961868315865,0.9887334028709875,0.5093997901762229,0.789878954812194,-0.8868922580112458,0.5096303781657683,0.18026880164195264,0.2795915527731556,-0.49756799921019146,0.18026880164195264,0.9786442865151612,0
SESSION_OPERATING_POINT,B1,FAST,0.98,0.98,1.6,29,0.9891767485827497,0.983150312116347,0.060904778767713885,0.9891767485827497,0.5009664008682339,0.7794153688727768,-0.8837102557949702,0.5010879879026722,0.17480451226743315,0.27208144072867857,-0.48837960366967276,0.17480451226743315,0.979083108291089,0
SESSION_OPERATING_POINT,B1,FAST,0.98,0.98,1.7,29,0.9894936817285097,0.9835814092628138,0.059362860382963734,0.9894936817285097,0.49302796867529575,0.7695421166794435,-0.8791811842062123,0.49343140462647583,0.17051998540621488,0.26638211424789854,-0.4802093318491661,0.17051998540621488,0.9793968074251574,0
SESSION_OPERATING_POINT,B1,FAST,0.98,0.98,1.8,29,0.9895704817867345,0.9836420774150285,0.05900930782715174,0.9895704817867345,0.4924282526853863,0.7715282635900994,-0.8785749738299239,0.4924282526853863,0.16967352099843358,0.266018283285209,-0.47880018809380076,0.16967352099843358,0.9794728238093187,0
SESSION_OPERATING_POINT,B1,FAST,0.98,0.98,1.9,29,0.9897981818119532,0.9839932187535002,0.057941445590282734,0.9897981818119532,0.48753755467842685,0.7641395077282156,-0.8766095804821062,0.48753755467842685,0.16675125909429228,0.2615337854244988,-0.4737438928658261,0.16675125909429228,0.9796982003648925,0
SESSION_OPERATING_POINT,B1,FAST,0.99,0.99,0.5,29,0.9923240012139926,0.9880967501614929,0.04570759538469633,0.9923240012139926,0.592194718678413,0.9177986701169377,-0.9396634817642842,0.5945723887398165,0.23856678349729013,0.3700360426004978,-0.6143812452760815,0.23856678349729013,0.9873122638341238,0
SESSION_OPERATING_POINT,B1,FAST,0.99,0.99,0.6,29,0.9928706928485103,0.9890111623147085,0.04294243068411007,0.9928706928485103,0.5772618728713627,0.8906022463856854,-0.9380301833737682,0.5772618728713627,0.22561072152628567,0.3478739288041793,-0.5948563839347734,0.22561072152628567,0.9878561943997803,0
SESSION_OPERATING_POINT,B1,FAST,0.99,0.99,0.7,29,0.9930835188122318,0.9893226194386857,0.0417627966390207,0.9930835188122318,0.5615528011671864,0.8671404416997508,-0.9332873007873985,0.566389354542545,0.21925779515352325,0.3385799721268978,-0.5827632219025719,0.21925779515352325,0.9880679454848974,0
SESSION_OPERATING_POINT,B1,FAST,0.99,0.99,0.8,29,0.9932590836695806,0.989587602321778,0.04091312346668679,0.9932590836695806,0.5603611021225239,0.8650828217754204,-0.9340726972442077,0.562297806826293,0.21561718198891333,0.3331111451408521,-0.578124435164607,0.21561718198891333,0.9882426236510473,0
SESSION_OPERATING_POINT,B1,FAST,0.99,0.99,0.9,29,0.9936547560400015,0.9901977596683786,0.038833611310999584,0.9936547560400015,0.5453539592666344,0.8424423370490991,-0.9282893870821944,0.5467914392434776,0.2054415781797434,0.31746140511640875,-0.5605391775323525,0.2054415781797434,0.9886362976761632,0
SESSION_OPERATING_POINT,B1,FAST,0.99,0.99,1.0,29,0.9938772633700631,0.9905642545612883,0.03767131104874179,0.9938772633700631,0.5376025375533892,0.8288366076138035,-0.9255700379270639,0.5376877024589878,0.19967179204321722,0.30776745245335785,-0.550760417357646,0.19967179204321722,0.9888576812318306,0
SESSION_OPERATING_POINT,B1,FAST,0.99,0.99,1.1,29,0.9939460563515471,0.9906908376604143,0.03730490803922386,0.9939460563515471,0.5345907716826679,0.8224458959462498,-0.9244456923728567,0.5345907716826679,0.1977984193273687,0.3042120757361872,-0.5474260408173282,0.1977984193273687,0.9889261267740144,0
SESSION_OPERATING_POINT,B1,FAST,0.99,0.99,1.2,29,0.9939950815720715,0.9907837228657662,0.037042575564021116,0.9939950815720715,0.5323756515051403,0.8175653644165212,-0.9235187220026703,0.5323756515051403,0.1964568600932259,0.3015824136698507,-0.5449996270931582,0.1964568600932259,0.9889749043924149,0
SESSION_OPERATING_POINT,B1,FAST,0.99,0.99,1.3,29,0.994195662050782,0.9910511968011723,0.03595826213064028,0.994195662050782,0.5231714398369217,0.8071581162818242,-0.9182776292987406,0.5231714398369217,0.1910100102922876,0.294563425873593,-0.5346829579410411,0.1910100102922876,0.9891744718384046,0
SESSION_OPERATING_POINT,B1,FAST,0.99,0.99,1.4,29,0.994345477791627,0.9912547645096494,0.035160097211702525,0.994345477791627,0.516804050117968,0.799357790320062,-0.9153994829629507,0.516804050117968,0.18704674307282468,0.28929382436390233,-0.5275309480465099,0.18704674307282468,0.9893235309340933,0
SESSION_OPERATING_POINT,B1,FAST,0.99,0.99,1.5,29,0.9943898788912272,0.9912983829474624,0.034925612217992494,0.9943898788912272,0.5150562661964625,0.7986524446112085,-0.914928514109118,0.5152868541860078,0.1859252776621923,0.2883650425721701,-0.5256042553080639,0.1859252776621923,0.9893677077857158,0
SESSION_OPERATING_POINT,B1,FAST,0.99,0.99,1.6,29,0.9946122258705716,0.9916122385512738,0.03375183200443726,0.9946122258705716,0.5064018781560558,0.7878772953077037,-0.9108632025582468,0.5065234651904941,0.180239989555255,0.28054336716360545,-0.5155325504329494,0.180239989555255,0.989588931800518,0
SESSION_OPERATING_POINT,B1,FAST,0.99,0.99,1.7,29,0.9947707185381518,0.9918279325473219,0.03287935618952137,0.9947707185381518,0.498305005484938,0.7777886399639514,-0.9056646883996544,0.49870844143611814,0.1757970222158571,0.2746286375324065,-0.5066928360426084,0.1757970222158571,0.9897466240000804,0
SESSION_OPERATING_POINT,B1,FAST,0.99,0.99,1.8,29,0.9948093454846687,0.9918587530648764,0.03267687758655877,0.9948093454846687,0.49766711638332023,0.7797449392399473,-0.9049074040705172,0.49766711638332023,0.17491238469636755,0.27423495893505684,-0.5051326183343936,0.17491238469636755,0.9897850558610085,0
SESSION_OPERATING_POINT,B1,FAST,0.99,0.99,1.9,29,0.9949234040914369,0.9920346670987334,0.0320690416480203,0.9949234040914369,0.4926627769579107,0.7721809560734488,-0.9024819844243687,0.4926627769579107,0.17187648137377615,0.26957523376973225,-0.4996162968080885,0.17187648137377615,0.9898985384142077,0
SESSION_OPERATING_POINT,B1,FAST,1.0,1.00,0.5,29,1.0,1.0,0.0,1.0,0.5998707174644206,0.9297019199554447,-0.9853710771489806,0.602248387525824,0.24624278228329755,0.38193929243900493,-0.6600888406607779,0.24624278228329755,1.0,0
SESSION_OPERATING_POINT,B1,FAST,1.0,1.00,0.6,29,1.0,1.0,0.0,1.0,0.5843911800228523,0.9015910840709769,-0.9809726140578785,0.5843911800228523,0.23274002867777543,0.35886276648947063,-0.6377988146188833,0.23274002867777543,1.0,0
SESSION_OPERATING_POINT,B1,FAST,1.0,1.00,0.7,29,1.0,1.0,0.0,1.0,0.5684692823549548,0.877817822261065,-0.9750500974264193,0.5733058357303129,0.22617427634129145,0.349257352688212,-0.6245260185415924,0.22617427634129145,1.0,0
SESSION_OPERATING_POINT,B1,FAST,1.0,1.00,0.8,29,1.0,1.0,0.0,1.0,0.5671020184529432,0.8754952194536426,-0.9749858207108946,0.5690387231567123,0.22235809831933256,0.34352354281907393,-0.6190375586312936,0.22235809831933256,1.0,0
SESSION_OPERATING_POINT,B1,FAST,1.0,1.00,0.9,29,1.0,1.0,0.0,1.0,0.5516992032266328,0.8522445773807202,-0.9671229983931944,0.5531366832034761,0.21178682213974184,0.32726364544803,-0.599372788843352,0.21178682213974184,1.0,0
SESSION_OPERATING_POINT,B1,FAST,1.0,1.00,1.0,29,1.0,1.0,0.0,1.0,0.5437252741833258,0.8382723530525155,-0.9632413489758058,0.5438104390889246,0.205794528673154,0.3172031978920695,-0.5884317284063878,0.205794528673154,1.0,0
SESSION_OPERATING_POINT,B1,FAST,1.0,1.00,1.1,29,1.0,1.0,0.0,1.0,0.5406447153311206,0.8317550582858353,-0.9617506004120808,0.5406447153311206,0.20385236297582143,0.3135212380757727,-0.584730948856552,0.20385236297582143,1.0,0
SESSION_OPERATING_POINT,B1,FAST,1.0,1.00,1.2,29,1.0,1.0,0.0,1.0,0.5383805699330686,0.826781641550755,-0.9605612975666914,0.5383805699330686,0.20246177852115418,0.3107986908040845,-0.5820422026571792,0.20246177852115418,1.0,0
SESSION_OPERATING_POINT,B1,FAST,1.0,1.00,1.3,29,1.0,1.0,0.0,1.0,0.5289757777861395,0.816106919480652,-0.9542358914293809,0.5289757777861395,0.19681434824150532,0.30351222907242065,-0.5706412200716812,0.19681434824150532,1.0,0
SESSION_OPERATING_POINT,B1,FAST,1.0,1.00,1.4,29,1.0,1.0,0.0,1.0,0.5224585723263414,0.8081030258104127,-0.9505595801746533,0.5224585723263414,0.19270126528119796,0.29803905985425294,-0.5626910452582125,0.19270126528119796,1.0,0
SESSION_OPERATING_POINT,B1,FAST,1.0,1.00,1.5,29,1.0,1.0,0.0,1.0,0.5206663873052355,0.8073540616637461,-0.9498541263271106,0.5208969752947807,0.1915353987709652,0.29706665962470774,-0.5605298675260564,0.1915353987709652,1.0,0
SESSION_OPERATING_POINT,B1,FAST,1.0,1.00,1.6,29,1.0,1.0,0.0,1.0,0.5117896522854841,0.79626505675643,-0.9446150345626839,0.5119112393199226,0.1856277636846834,0.2889311286123316,-0.5492843824373866,0.1856277636846834,1.0,0
SESSION_OPERATING_POINT,B1,FAST,1.0,1.00,1.7,29,1.0,1.0,0.0,1.0,0.5035342869467861,0.7859607074166296,-0.9385440445891757,0.5039377228979662,0.18102630367770522,0.28280070498508475,-0.5395721922321298,0.18102630367770522,1.0,0
SESSION_OPERATING_POINT,B1,FAST,1.0,1.00,1.8,29,1.0,1.0,0.0,1.0,0.5028577708986517,0.7878861861750711,-0.937584281657076,0.5028577708986517,0.18010303921169893,0.28237620587018064,-0.5378094959209525,0.18010303921169893,1.0,0
SESSION_OPERATING_POINT,B1,FAST,1.0,1.00,1.9,29,1.0,1.0,0.0,1.0,0.4977393728664737,0.7801462889747153,-0.9345510260723889,0.4977393728664737,0.17695307728233914,0.27754056667099875,-0.5316853384561088,0.17695307728233914,1.0,0
SESSION_OPERATING_POINT,B1,MEDIUM,0.3333333333333333,0.333333,0.5,29,0.40012928253557944,0.07029808004455526,0.9853710771489808,0.3977516124741759,-4.2111907830609384e-17,-4.785444071660157e-17,1.914177628664063e-17,-4.976861834526564e-17,-0.3536279351811229,-0.54776262751644,0.3252822364882029,-0.35600560524252645,6.480125010010588e-17,29
SESSION_OPERATING_POINT,B1,MEDIUM,0.3333333333333333,0.333333,0.6,29,0.4156088199771475,0.09840891592902301,0.9809726140578785,0.4156088199771475,-4.594026308793751e-17,-6.69962170032422e-17,1.5313421029312504e-17,-4.594026308793751e-17,-0.35165115134507713,-0.5427283175815064,0.34317379943899495,-0.35165115134507713,7.343256791134501e-17,29
SESSION_OPERATING_POINT,B1,MEDIUM,0.3333333333333333,0.333333,0.7,29,0.43153071764504525,0.12218217773893496,0.9750500974264193,0.42669416426968687,-5.551115123125783e-17,-6.69962170032422e-17,2.2970131543968756e-17,-5.933950648858595e-17,-0.3422950060136633,-0.5285604695728532,0.3505240788848266,-0.3471315593890216,7.434758019470878e-17,29
SESSION_OPERATING_POINT,B1,MEDIUM,0.3333333333333333,0.333333,0.8,29,0.4328979815470568,0.12450478054635747,0.9749858207108946,0.43096127684328744,-5.74253288599219e-17,-6.891039463190627e-17,2.6798486801296883e-17,-6.125368411725002e-17,-0.34474392013361066,-0.5319716766345685,0.3559482620796009,-0.34668062483737994,8.125490530242708e-17,29
SESSION_OPERATING_POINT,B1,MEDIUM,0.3333333333333333,0.333333,0.9,29,0.4483007967733671,0.14775542261927954,0.9671229983931944,0.44686331679652386,-4.976861834526564e-17,-7.082457226057034e-17,7.656710514656252e-18,-5.16827959739297e-17,-0.33991238108689115,-0.5249809319326905,0.3677502095498421,-0.34134986106373433,8.838744431642301e-17,29
SESSION_OPERATING_POINT,B1,MEDIUM,0.3333333333333333,0.333333,1.0,29,0.45627472581667405,0.16172764694748457,0.9632413489758058,0.4561895609110754,-5.16827959739297e-17,-6.69962170032422e-17,7.656710514656252e-18,-5.3596973602593766e-17,-0.33793074551017205,-0.5210691551604459,0.3748096205694179,-0.33801591041577067,8.053341730083719e-17,29
SESSION_OPERATING_POINT,B1,MEDIUM,0.3333333333333333,0.333333,1.1,29,0.4593552846688793,0.1682449417141646,0.961750600412081,0.4593552846688793,-4.594026308793751e-17,-7.273874988923439e-17,3.062684205862501e-17,-4.594026308793751e-17,-0.3367923523552992,-0.5182338202100627,0.37701965155552875,-0.3367923523552992,8.691324261339683e-17,29
SESSION_OPERATING_POINT,B1,MEDIUM,0.3333333333333333,0.333333,1.2,29,0.4616194300669314,0.1732183584492449,0.9605612975666914,0.4616194300669314,-6.508203937457814e-17,-8.230963803255471e-17,3.828355257328126e-17,-6.508203937457814e-17,-0.3359187914119144,-0.5159829507466704,0.378519094909512,-0.3359187914119144,9.516861567204072e-17,29
SESSION_OPERATING_POINT,B1,MEDIUM,0.3333333333333333,0.333333,1.3,29,0.4710242222138605,0.18389308051934797,0.9542358914293809,0.4710242222138605,-5.16827959739297e-17,-7.656710514656253e-17,2.2970131543968756e-17,-5.16827959739297e-17,-0.3321614295446341,-0.5125946904082312,0.38359467135769976,-0.3321614295446341,9.69058195923944e-17,29
SESSION_OPERATING_POINT,B1,MEDIUM,0.3333333333333333,0.333333,1.4,29,0.4775414276736586,0.19189697418958734,0.9505595801746533,0.4775414276736586,-6.508203937457814e-17,-8.039546040389065e-17,1.914177628664063e-17,-6.508203937457814e-17,-0.32975730704514344,-0.5100639659561598,0.3878685349164409,-0.32975730704514344,9.057286353862478e-17,29
SESSION_OPERATING_POINT,B1,MEDIUM,0.3333333333333333,0.333333,1.5,29,0.4793336126947645,0.1926459383362538,0.9498541263271106,0.4791030247052191,-5.74253288599219e-17,-7.656710514656253e-17,1.914177628664063e-17,-6.125368411725002e-17,-0.32913098853427025,-0.5102874020390384,0.38932425880105426,-0.32936157652381565,9.745631576122136e-17,29
SESSION_OPERATING_POINT,B1,MEDIUM,0.3333333333333333,0.333333,1.6,29,0.4882103477145158,0.2037349432435701,0.9446150345626839,0.4880887606800775,-5.933950648858595e-17,-7.273874988923439e-17,1.5313421029312504e-17,-6.316786174591408e-17,-0.3261618886008008,-0.5073339281440984,0.3953306521252975,-0.3262834756352392,1.0191929525543231e-16,29
SESSION_OPERATING_POINT,B1,MEDIUM,0.3333333333333333,0.333333,1.7,29,0.49646571305321385,0.21403929258337026,0.9385440445891757,0.49606227710203377,-5.74253288599219e-17,-7.273874988923439e-17,4.2111907830609384e-17,-5.933950648858595e-17,-0.3225079832690809,-0.5031600024315449,0.398971852357046,-0.322911419220261,9.363126772651123e-17,29
SESSION_OPERATING_POINT,B1,MEDIUM,0.3333333333333333,0.333333,1.8,29,0.4971422291013483,0.2121138138249288,0.937584281657076,0.4971422291013483,-5.3596973602593766e-17,-7.848128277522658e-17,1.5313421029312504e-17,-5.3596973602593766e-17,-0.3227547316869528,-0.5055099803048906,0.39977478573612335,-0.3227547316869528,9.919939584322415e-17,29
SESSION_OPERATING_POINT,B1,MEDIUM,0.3333333333333333,0.333333,1.9,29,0.5022606271335261,0.2198537110252846,0.9345510260723889,0.5022606271335261,-6.316786174591408e-17,-8.230963803255471e-17,5.3596973602593766e-17,-6.316786174591408e-17,-0.32078629558413474,-0.5026057223037167,0.4028656876162803,-0.32078629558413474,1.0294579485508673e-16,29
SESSION_OPERATING_POINT,B1,MEDIUM,0.5,0.50,0.5,29,0.5683266930457189,0.3303232330789973,0.8895784241607092,0.5683266930457189,0.16819741051013928,0.2600251530344421,-0.09579265298827146,0.17057508057154278,-0.18543052467098362,-0.2877374744819977,0.22948958349993143,-0.18543052467098362,0.28416334652285946,29
SESSION_OPERATING_POINT,B1,MEDIUM,0.5,0.50,0.6,29,0.586390921063943,0.36206914776411414,0.8736718598139306,0.586390921063943,0.17078210108679542,0.2636602318350911,-0.10730075424394765,0.17078210108679542,-0.1808690502582816,-0.2790680857464153,0.23587304519504723,-0.1808690502582816,0.2931954605319715,29
SESSION_OPERATING_POINT,B1,MEDIUM,0.5,0.50,0.7,29,0.5964528922832224,0.3766963831670377,0.8616018131005453,0.5964528922832224,0.16492217463817724,0.2545142054281026,-0.11344828432587382,0.16975872801353561,-0.17737283137548607,-0.27404626414475036,0.23707579455895283,-0.17737283137548607,0.2982264461416112,29
SESSION_OPERATING_POINT,B1,MEDIUM,0.5,0.50,0.8,29,0.601121982540696,0.38368006940785543,0.8584995632698513,0.601121982540696,0.16822400099363938,0.2591752888614978,-0.11648625744104323,0.17016070569740865,-0.17651991913997117,-0.2727963877730706,0.23946200463855777,-0.17651991913997117,0.3005609912703481,29
SESSION_OPERATING_POINT,B1,MEDIUM,0.5,0.50,0.9,29,0.6162154833085649,0.4068205538063844,0.8418251227285325,0.6162154833085649,0.1679146865351978,0.25906513118710467,-0.12529787566466147,0.16935216651204105,-0.1719976945516932,-0.26591580074558574,0.24245233388518067,-0.1719976945516932,0.30810774165428245,29
SESSION_OPERATING_POINT,B1,MEDIUM,0.5,0.50,1.0,29,0.6248960741074726,0.42174850525918195,0.8326458722769241,0.6248960741074726,0.1686213482907986,0.2600208583116974,-0.13059547669888175,0.1687065131963973,-0.16930939721937335,-0.2610482968487485,0.2442141438705362,-0.16930939721937335,0.3124480370537363,29
SESSION_OPERATING_POINT,B1,MEDIUM,0.5,0.50,1.1,29,0.6277884113218554,0.4274580074805586,0.8293999289574093,0.6277884113218554,0.16843312665297602,0.2592130657663939,-0.13235067145467133,0.16843312665297602,-0.16835922570232312,-0.2590207544436687,0.24466898010085741,-0.16835922570232312,0.3138942056609277,29
SESSION_OPERATING_POINT,B1,MEDIUM,0.5,0.50,1.2,29,0.6298609860294446,0.4316955513136674,0.826998724548504,0.6298609860294446,0.16824155596251303,0.25847719286442244,-0.13356257301818736,0.16824155596251303,-0.1676772354494013,-0.257505757882248,0.24495652189132464,-0.1676772354494013,0.31493049301472226,29
SESSION_OPERATING_POINT,B1,MEDIUM,0.5,0.50,1.3,29,0.6383259857776515,0.4421330254073426,0.8162305843736856,0.6383259857776515,0.16730176356379117,0.2582399448879946,-0.13800530705569528,0.16730176356379117,-0.16485966598084298,-0.2543547455202366,0.2455893643020044,-0.16485966598084298,0.31916299288882577,29
SESSION_OPERATING_POINT,B1,MEDIUM,0.5,0.50,1.4,29,0.6443468676354985,0.4499177531306362,0.8091439016019352,0.6443468676354985,0.16680543996183989,0.2580207789410488,-0.14141567857271822,0.16680543996183989,-0.1629518670833035,-0.25204318701511086,0.24645285634372263,-0.1629518670833035,0.32217343381774927,29
SESSION_OPERATING_POINT,B1,MEDIUM,0.5,0.50,1.5,29,0.6459431516406843,0.450893901754158,0.8074289848500994,0.6459431516406843,0.16660953894591976,0.25824796341790407,-0.14242514147701119,0.16684012693546504,-0.1625214495883505,-0.2520394386211342,0.2468991173240431,-0.1625214495883505,0.32297157582034214,29
SESSION_OPERATING_POINT,B1,MEDIUM,0.5,0.50,1.6,29,0.6543969223797635,0.4621600602871698,0.7975548409961953,0.6543969223797635,0.1661865746652475,0.2584251170435996,-0.1470601935664888,0.16630816169968585,-0.15997531393555323,-0.24890881110049867,0.24827045855880858,-0.15997531393555323,0.3271984611898818,29
SESSION_OPERATING_POINT,B1,MEDIUM,0.5,0.50,1.7,29,0.6614474159302804,0.47127170637291305,0.7879657312357844,0.6614474159302804,0.16498170287706648,0.25723241378954276,-0.15057831335339136,0.16538513882824657,-0.15752628039201444,-0.24592758864200215,0.24839353900365457,-0.15752628039201444,0.33072370796514017,29
SESSION_OPERATING_POINT,B1,MEDIUM,0.5,0.50,1.8,29,0.6626246445652201,0.4712161217876959,0.7864801984655652,0.6626246445652201,0.1654824154638717,0.259102307962767,-0.15110408319151059,0.1654824154638717,-0.15727231622308102,-0.24640767234212343,0.24867070254461277,-0.15727231622308102,0.33131232228261004,29
SESSION_OPERATING_POINT,B1,MEDIUM,0.5,0.50,1.9,29,0.667282366542151,0.4783255948929915,0.7809049201079772,0.667282366542151,0.16502173940862483,0.25847188386770675,-0.1536461059644119,0.16502173940862483,-0.15576455617550983,-0.24413383843600986,0.24921958165186833,-0.15576455617550983,0.33364118327107556,29
SESSION_OPERATING_POINT,B1,MEDIUM,0.6,0.60,0.5,29,0.6634398906893361,0.47792618317801727,0.7894313001224668,0.6634398906893361,0.26331060815375656,0.40762810313346204,-0.1959397770265139,0.2656882782151601,-0.09031732702736633,-0.1401345243829778,0.12934245946168904,-0.09031732702736633,0.4422932604595574,29
SESSION_OPERATING_POINT,B1,MEDIUM,0.6,0.60,0.6,29,0.6797767433350236,0.5061775662887729,0.7690190059717692,0.6797767433350236,0.2641679233578759,0.4077686503597497,-0.2119536080861092,0.2641679233578759,-0.08748322798720104,-0.1349596672217566,0.1312201913528857,-0.08748322798720104,0.4531844955566824,29
SESSION_OPERATING_POINT,B1,MEDIUM,0.6,0.60,0.7,29,0.6882887734116873,0.5186021747951006,0.75546597848248,0.6882887734116873,0.2567580557666419,0.39641999705616554,-0.21958411894393914,0.2615946091420003,-0.0855369502470214,-0.13214047251668748,0.1309399599408875,-0.0855369502470214,0.45885918227445804,29
SESSION_OPERATING_POINT,B1,MEDIUM,0.6,0.60,0.8,29,0.6927059143059006,0.5252254113651919,0.7508884141677382,0.6927059143059006,0.2598079327588438,0.40072063081883436,-0.2240974065431563,0.2617446374626131,-0.08493598737476676,-0.13125104581573402,0.1318508555364447,-0.08493598737476676,0.4618039428706004,29
SESSION_OPERATING_POINT,B1,MEDIUM,0.6,0.60,0.9,29,0.7059014361939318,0.5454938228404479,0.7315545302441941,0.7059014361939318,0.2576006394205645,0.39773840022116824,-0.23556846814899987,0.25903811939740773,-0.08231174166632653,-0.12724253171152217,0.13218174140084224,-0.08231174166632653,0.47060095746262104,29
SESSION_OPERATING_POINT,B1,MEDIUM,0.6,0.60,1.0,29,0.7134275834223509,0.558259222766313,0.7208205216313658,0.7134275834223509,0.2571528576056769,0.3965315758188284,-0.24242082734444004,0.25723802251127553,-0.08077788790449501,-0.12453757934161751,0.1323887932249779,-0.08077788790449501,0.475618388948234,29
SESSION_OPERATING_POINT,B1,MEDIUM,0.6,0.60,1.1,29,0.7159023694941054,0.5630311585522392,0.717112644301534,0.7159023694941054,0.25654708482522587,0.3947862168380744,-0.24463795611054664,0.25654708482522587,-0.08024526753007322,-0.12344760337198821,0.1323816954449821,-0.08024526753007322,0.4772682463294035,29
SESSION_OPERATING_POINT,B1,MEDIUM,0.6,0.60,1.2,29,0.7176755969908368,0.5665668968005089,0.7144006201934521,0.7176755969908368,0.2560561669239055,0.39334853835126377,-0.24616067737323916,0.2560561669239055,-0.0798626244880088,-0.12263441239540654,0.13235841753627284,-0.0798626244880088,0.4784503979938913,29
SESSION_OPERATING_POINT,B1,MEDIUM,0.6,0.60,1.3,29,0.724886495830796,0.5756973984093599,0.7026631410899523,0.724886495830796,0.2538622736169356,0.39180431789001174,-0.25157275033942866,0.2538622736169356,-0.07829915592769852,-0.12079037251821946,0.13202192101827104,-0.07829915592769852,0.4832576638871974,29
SESSION_OPERATING_POINT,B1,MEDIUM,0.6,0.60,1.4,29,0.7300808448215538,0.5825273322226543,0.6946750716291039,0.7300808448215538,0.2525394171478951,0.3906303580330667,-0.2558845085455494,0.2525394171478951,-0.0772178898972483,-0.11943360792309285,0.1319840263708915,-0.0772178898972483,0.48672056321436924,29
SESSION_OPERATING_POINT,B1,MEDIUM,0.6,0.60,1.5,29,0.7315123003907179,0.5835918992285902,0.6926042466568588,0.7315123003907179,0.2521786876959534,0.39094596089233635,-0.25724987967025187,0.2524092756854987,-0.07695230083831683,-0.11934144114670191,0.13207437913080244,-0.07695230083831683,0.4876748669271453,29
SESSION_OPERATING_POINT,B1,MEDIUM,0.6,0.60,1.6,29,0.7388883842157148,0.5936111108150047,0.681410455726545,0.7388883842157148,0.25067803650119896,0.38987616757143456,-0.26320457883613907,0.25079962353563734,-0.07548385209960178,-0.1174577605726637,0.13212607328915837,-0.07548385209960178,0.49259225614380986,29
SESSION_OPERATING_POINT,B1,MEDIUM,0.6,0.60,1.7,29,0.7448286528606791,0.601426794409896,0.6712086476698131,0.7448286528606791,0.24836293980746546,0.38738750182652554,-0.2673353969193626,0.24876637575864555,-0.0741450434616155,-0.1157725006050193,0.13163645543768335,-0.0741450434616155,0.4965524352404528,29
SESSION_OPERATING_POINT,B1,MEDIUM,0.6,0.60,1.8,29,0.7459233799595112,0.6017053200020112,0.6695048070257148,0.7459233799595112,0.24878115085816288,0.38959150617708205,-0.268079474631361,0.24878115085816288,-0.07397358082878987,-0.11591847412780842,0.1316953111047623,-0.07397358082878987,0.49728225330634074,29
SESSION_OPERATING_POINT,B1,MEDIUM,0.6,0.60,1.9,29,0.7499181153806663,0.6078228476252007,0.6632999063574495,0.7499181153806663,0.24765748824714015,0.38796913659991594,-0.2712511197149395,0.24765748824714015,-0.07312880733699452,-0.11463658570380064,0.13161456790134068,-0.07312880733699452,0.49994541025377753,29
SESSION_OPERATING_POINT,B1,MEDIUM,0.7,0.70,0.5,29,0.7537572177167025,0.6180607075609951,0.6600888406607779,0.7537572177167025,0.3536279351811229,0.5477626275164398,-0.3252822364882029,0.35600560524252645,0.0,0.0,0.0,0.0,0.5922378139202662,0
SESSION_OPERATING_POINT,B1,MEDIUM,0.7,0.70,0.6,29,0.7672599713222245,0.6411372335105294,0.6377988146188833,0.7672599713222245,0.35165115134507713,0.5427283175815064,-0.34317379943899484,0.35165115134507713,0.0,0.0,0.0,0.0,0.6028471203246051,0
SESSION_OPERATING_POINT,B1,MEDIUM,0.7,0.70,0.7,29,0.7738257236587086,0.6507426473117879,0.6245260185415924,0.7738257236587086,0.3422950060136632,0.5285604695728531,-0.3505240788848266,0.3471315593890216,0.0,0.0,0.0,0.0,0.6080059257318424,0
SESSION_OPERATING_POINT,B1,MEDIUM,0.7,0.70,0.8,29,0.7776419016806674,0.6564764571809257,0.6190375586312936,0.7776419016806674,0.34474392013361066,0.5319716766345685,-0.3559482620796009,0.34668062483737994,0.0,0.0,0.0,0.0,0.6110043513205243,0
SESSION_OPERATING_POINT,B1,MEDIUM,0.7,0.70,0.9,29,0.7882131778602581,0.6727363545519699,0.599372788843352,0.7882131778602581,0.3399123810868911,0.5249809319326905,-0.3677502095498421,0.3413498610637343,0.0,0.0,0.0,0.0,0.6193103540330599,0
SESSION_OPERATING_POINT,B1,MEDIUM,0.7,0.70,1.0,29,0.794205471326846,0.6827968021079305,0.5884317284063878,0.794205471326846,0.33793074551017194,0.5210691551604459,-0.3748096205694179,0.3380159104157706,0.0,0.0,0.0,0.0,0.6240185846139504,0
SESSION_OPERATING_POINT,B1,MEDIUM,0.7,0.70,1.1,29,0.7961476370241783,0.6864787619242272,0.584730948856552,0.7961476370241783,0.3367923523552992,0.5182338202100627,-0.37701965155552875,0.3367923523552992,0.0,0.0,0.0,0.0,0.625544571947569,0
SESSION_OPERATING_POINT,B1,MEDIUM,0.7,0.70,1.2,29,0.7975382214788458,0.6892013091959155,0.5820422026571792,0.7975382214788458,0.3359187914119143,0.5159829507466703,-0.378519094909512,0.3359187914119143,0.0,0.0,0.0,0.0,0.6266371740190931,0
SESSION_OPERATING_POINT,B1,MEDIUM,0.7,0.70,1.3,29,0.8031856517584948,0.6964877709275794,0.5706412200716812,0.8031856517584948,0.3321614295446341,0.5125946904082311,-0.3835946713576997,0.3321614295446341,0.0,0.0,0.0,0.0,0.6310744406673886,0
SESSION_OPERATING_POINT,B1,MEDIUM,0.7,0.70,1.4,29,0.8072987347188022,0.7019609401457471,0.5626910452582125,0.8072987347188022,0.3297573070451434,0.5100639659561597,-0.3878685349164409,0.3297573070451434,0.0,0.0,0.0,0.0,0.6343061487076302,0
SESSION_OPERATING_POINT,B1,MEDIUM,0.7,0.70,1.5,29,0.8084646012290347,0.7029333403752921,0.5605298675260564,0.8084646012290347,0.32913098853427025,0.5102874020390383,-0.38932425880105426,0.3293615765238155,0.0,0.0,0.0,0.0,0.6352221866799559,0
SESSION_OPERATING_POINT,B1,MEDIUM,0.7,0.70,1.6,29,0.8143722363153166,0.7110688713876685,0.5492843824373866,0.8143722363153166,0.32616188860080075,0.5073339281440983,-0.3953306521252975,0.32628347563523913,0.0,0.0,0.0,0.0,0.6398638999620345,0
SESSION_OPERATING_POINT,B1,MEDIUM,0.7,0.70,1.7,29,0.8189736963222947,0.7171992950149151,0.5395721922321298,0.8189736963222947,0.3225079832690809,0.5031600024315449,-0.39897185235704596,0.322911419220261,0.0,0.0,0.0,0.0,0.6434793328246601,0
SESSION_OPERATING_POINT,B1,MEDIUM,0.7,0.70,1.8,29,0.819896960788301,0.7176237941298195,0.5378094959209525,0.819896960788301,0.32275473168695273,0.5055099803048905,-0.3997747857361233,0.32275473168695273,0.0,0.0,0.0,0.0,0.6442047549050937,0
SESSION_OPERATING_POINT,B1,MEDIUM,0.7,0.70,1.9,29,0.8230469227176609,0.7224594333290013,0.5316853384561088,0.8230469227176609,0.32078629558413463,0.5026057223037166,-0.4028656876162802,0.32078629558413463,0.0,0.0,0.0,0.0,0.6466797249924479,0
SESSION_OPERATING_POINT,B1,MEDIUM,0.8,0.80,0.5,29,0.8397120788430092,0.7514033361996916,0.499477603662418,0.8397120788430092,0.4395827963074297,0.6811052561551361,-0.4858934734865626,0.4419604663688331,0.08595486112630671,0.13334262863869642,-0.16061123699835977,0.08595486112630671,0.734748068987633,0
SESSION_OPERATING_POINT,B1,MEDIUM,0.8,0.80,0.6,29,0.8494537003050955,0.7679021377459722,0.478629188496973,0.8494537003050955,0.43384488032794805,0.6694932218169489,-0.5023434255609053,0.43384488032794805,0.082193728982871,0.12676490423544268,-0.15916962612191046,0.082193728982871,0.7432719877669587,0
SESSION_OPERATING_POINT,B1,MEDIUM,0.8,0.80,0.7,29,0.8538602119787914,0.7743551915126133,0.46741955566112575,0.8538602119787914,0.42232949433374606,0.6521730137736783,-0.5076305417652934,0.42716604770910444,0.08003448832008284,0.12361254420082532,-0.15710646288046684,0.08003448832008284,0.7471276854814425,0
SESSION_OPERATING_POINT,B1,MEDIUM,0.8,0.80,0.8,29,0.8567371800418933,0.7786853884826087,0.461876943292461,0.8567371800418933,0.4238391984948365,0.6541806079362511,-0.5131088774184337,0.4257759031986057,0.07909527836122589,0.12220893130168263,-0.15716061533883274,0.07909527836122589,0.7496450325366567,0
SESSION_OPERATING_POINT,B1,MEDIUM,0.8,0.80,0.9,29,0.864146547191262,0.7900940411779591,0.4445043965453469,0.864146547191262,0.4158457504178949,0.6423386185586798,-0.5226186018478473,0.41728323039473814,0.0759333693310039,0.11735768662598921,-0.15486839229800514,0.0759333693310039,0.7561282287923544,0
SESSION_OPERATING_POINT,B1,MEDIUM,0.8,0.80,1.0,29,0.8683285654687424,0.7970597264009399,0.43483330516669905,0.8683285654687424,0.41205383965206827,0.6353320794534553,-0.5284080438091067,0.4121390045576669,0.0741230941418964,0.11426292429300937,-0.15359842323968878,0.0741230941418964,0.7597874947851497,0
SESSION_OPERATING_POINT,B1,MEDIUM,0.8,0.80,1.1,29,0.8696631824310997,0.7995577983420857,0.4316302412808742,0.8696631824310997,0.4103078977622204,0.631312856627921,-0.5301203591312066,0.4103078977622204,0.07351554540692129,0.11307903641785817,-0.1531007075756778,0.07351554540692129,0.7609552846272124,0
SESSION_OPERATING_POINT,B1,MEDIUM,0.8,0.80,1.2,29,0.8706175808283878,0.8014005620346353,0.4293147025745751,0.8706175808283878,0.40899815076145635,0.6281822035853903,-0.5312465949921161,0.40899815076145635,0.07307935934954199,0.11219925283872,-0.1527275000826041,0.07307935934954199,0.7617903832248394,0
SESSION_OPERATING_POINT,B1,MEDIUM,0.8,0.80,1.3,29,0.8744974376362374,0.8064772975353884,0.4196154029364234,0.8744974376362374,0.40347321542237685,0.6225842170160405,-0.5346204884929575,0.40347321542237685,0.07131178587774269,0.10998952660780928,-0.1510258171352579,0.07131178587774269,0.765185257931708,0
SESSION_OPERATING_POINT,B1,MEDIUM,0.8,0.80,1.4,29,0.8773505717536142,0.8103079416874291,0.4127187485851963,0.8773505717536142,0.3998091440799555,0.6184109674978417,-0.537840831589457,0.3998091440799555,0.07005183703481203,0.10834700154168214,-0.14997229667301618,0.07005183703481203,0.7676817502844123,0
SESSION_OPERATING_POINT,B1,MEDIUM,0.8,0.80,1.5,29,0.8781760479358018,0.8110502119781414,0.41077908810813674,0.8781760479358018,0.3988424352410373,0.6184042736418874,-0.539075038218974,0.3990730232305825,0.0697114467067671,0.10811687160284918,-0.14975077941791964,0.0697114467067671,0.7684040419438269,0
SESSION_OPERATING_POINT,B1,MEDIUM,0.8,0.80,1.6,29,0.8823209944796255,0.8168181106065522,0.4009130048414208,0.8823209944796255,0.39411064676510965,0.6130831673629821,-0.5437020297212632,0.394232233799548,0.06794875816430898,0.10574923921888371,-0.1483713775959659,0.06794875816430898,0.7720308701696725,0
SESSION_OPERATING_POINT,B1,MEDIUM,0.8,0.80,1.7,29,0.8854481865854926,0.821022913690721,0.392800340665175,0.8854481865854926,0.38898247353227877,0.6069836211073504,-0.545743703924001,0.38938590948345886,0.06647449026319784,0.1038236186758055,-0.14677185156695494,0.06647449026319784,0.774767163262306,0
SESSION_OPERATING_POINT,B1,MEDIUM,0.8,0.80,1.8,29,0.8861241976939409,0.8214337865392278,0.3912015981275025,0.8861241976939409,0.3889819685925926,0.609319972714299,-0.5463826835295733,0.3889819685925926,0.06622723690563984,0.10380999240940848,-0.14660789779344993,0.06622723690563984,0.7753586729821983,0
SESSION_OPERATING_POINT,B1,MEDIUM,0.8,0.80,1.9,29,0.8883029183230017,0.8247848438346378,0.3859186518189481,0.8883029183230017,0.38604229118947536,0.6049311328093531,-0.548632374253441,0.38604229118947536,0.06525599560534069,0.1023254105056365,-0.1457666866371608,0.06525599560534069,0.7772650535326264,0
SESSION_OPERATING_POINT,B1,MEDIUM,0.9,0.90,0.5,29,0.9216824432211068,0.8785439286206028,0.2982270824706966,0.9216824432211068,0.5215531606855272,0.8082458485760475,-0.6871439946782839,0.5239308307469307,0.16792522550440428,0.26048322105960764,-0.3618617581900811,0.16792522550440428,0.8704778630421564,0
SESSION_OPERATING_POINT,B1,MEDIUM,0.9,0.90,0.6,29,0.9268828014098304,0.8872885088772433,0.2832667238209846,0.9268828014098304,0.5112739814326827,0.7888795929482201,-0.6977058902368938,0.5112739814326827,0.15962283008760572,0.24615127536671386,-0.3545320907978989,0.15962283008760572,0.8753893124426175,0
SESSION_OPERATING_POINT,B1,MEDIUM,0.9,0.90,0.7,29,0.9290617827209287,0.8904795878819638,0.2760331921804796,0.9290617827209287,0.49753106507588324,0.7682974101430288,-0.6990169052459395,0.5023676184512417,0.15523605906222002,0.23973694057017575,-0.34849282636111295,0.15523605906222002,0.8774472392364328,0
SESSION_OPERATING_POINT,B1,MEDIUM,0.9,0.90,0.8,29,0.9306666544800241,0.8928988316842081,0.27176252487710834,0.9306666544800241,0.4977686729329671,0.7683940511378506,-0.7032232958337861,0.4997053776367364,0.15302475279935648,0.23642237450328224,-0.34727503375418517,0.15302475279935648,0.8789629514533559,0
SESSION_OPERATING_POINT,B1,MEDIUM,0.9,0.90,0.9,29,0.9345169554361898,0.8988324621039502,0.25991364931297817,0.9345169554361898,0.4862161586628227,0.7510770394846709,-0.7072093490802162,0.4876536386396659,0.14630377757593155,0.2260961075519803,-0.33945913953037393,0.14630377757593155,0.8825993468008458,0
SESSION_OPERATING_POINT,B1,MEDIUM,0.9,0.90,1.0,29,0.9366844888105447,0.9024197883022854,0.2533116532831373,0.9366844888105447,0.48040976299387056,0.7406921413548008,-0.7099296956926685,0.4804949278994693,0.14247901748369865,0.2196229861943549,-0.33512007512325054,0.14247901748369865,0.8846464616544033,0
SESSION_OPERATING_POINT,B1,MEDIUM,0.9,0.90,1.1,29,0.9373649981465029,0.9036809705531949,0.2511740256878447,0.9373649981465029,0.4780097134776234,0.7354360288390301,-0.7105765747242361,0.4780097134776234,0.14121736112232436,0.21720220862896752,-0.33355692316870744,0.14121736112232436,0.8852891649161415,0
SESSION_OPERATING_POINT,B1,MEDIUM,0.9,0.90,1.2,29,0.9378508318629378,0.9046088364156522,0.2496356816151946,0.9378508318629378,0.4762314017960064,0.7313904779664072,-0.710925615951497,0.4762314017960064,0.14031261038409207,0.21540752721973686,-0.3324065210419848,0.14031261038409207,0.8857480078705524,0
SESSION_OPERATING_POINT,B1,MEDIUM,0.9,0.90,1.3,29,0.9398313219335289,0.9072287984742511,0.2432390999976895,0.9398313219335289,0.4688070997196685,0.7233357179549029,-0.7109967914316916,0.4688070997196685,0.13664567017503432,0.2107410275466718,-0.3274021200739917,0.13664567017503432,0.8876184707149997,0
SESSION_OPERATING_POINT,B1,MEDIUM,0.9,0.90,1.4,29,0.9413002639782815,0.9092147401167856,0.23861239838709905,0.9413002639782815,0.46375883630462295,0.7173177659271983,-0.7119471817875542,0.46375883630462295,0.13400152925947947,0.2072537999710385,-0.32407864687111343,0.13400152925947947,0.8890058048683771,0
SESSION_OPERATING_POINT,B1,MEDIUM,0.9,0.90,1.5,29,0.9417315573208206,0.9096236223009726,0.23727821967628596,0.9417315573208206,0.46239794462605616,0.7169776839647186,-0.7125759066508249,0.4626285326156014,0.133266956091786,0.20669028192568042,-0.32325164784977045,0.133266956091786,0.8894131374696641,0
SESSION_OPERATING_POINT,B1,MEDIUM,0.9,0.90,1.6,29,0.9438898669828211,0.9126517986449049,0.23057403944482494,0.9438898669828211,0.4556795192683052,0.7089168554013349,-0.7140409951178591,0.45580110630274356,0.12951763066750446,0.20158292725723628,-0.3187103429925617,0.12951763066750446,0.8914515410393309,0
SESSION_OPERATING_POINT,B1,MEDIUM,0.9,0.90,1.7,29,0.9454693470284845,0.9147905402799381,0.2253197632633514,0.9454693470284845,0.4490036339752707,0.7007512476965678,-0.7132242813258245,0.4494070699264508,0.1264956507061898,0.19759124526502286,-0.3142524289687785,0.1264956507061898,0.8929432721935688,0
SESSION_OPERATING_POINT,B1,MEDIUM,0.9,0.90,1.8,29,0.945834151104879,0.9150528777446558,0.2241971511357153,0.945834151104879,0.44869192200353075,0.7029390639197269,-0.7133871305213606,0.44869192200353075,0.12593719031657807,0.19742908361483646,-0.3136123447852372,0.12593719031657807,0.8932878093768303,0
SESSION_OPERATING_POINT,B1,MEDIUM,0.9,0.90,1.9,29,0.9469537181787797,0.9167775545432411,0.2206661428075989,0.9469537181787797,0.44469309104525356,0.6969238435179566,-0.7138848832647903,0.44469309104525356,0.12390679546111902,0.19431812121423991,-0.31101919564850994,0.12390679546111902,0.894345178279959,0
SESSION_OPERATING_POINT,B1,MEDIUM,0.95,0.95,0.5,29,0.9612786889504462,0.9399526807819872,0.17298725111571372,0.9612786889504462,0.5611494064148668,0.8696546007374321,-0.8123838260332669,0.5635270764762703,0.20752147123374384,0.3218919732209921,-0.487101589545064,0.20752147123374384,0.9359818813464872,0
SESSION_OPERATING_POINT,B1,MEDIUM,0.95,0.95,0.6,29,0.9639545480057379,0.9444384648652935,0.16347152203247045,0.9639545480057379,0.5483457280285903,0.8460295489362701,-0.8175010920254079,0.5483457280285903,0.1966945766835133,0.30330123135476394,-0.47432729258641304,0.1966945766835133,0.9385873230582185,0
SESSION_OPERATING_POINT,B1,MEDIUM,0.95,0.95,0.7,29,0.9650315253003163,0.946015186613211,0.1591405676614216,0.9650315253003163,0.5335008076552711,0.8238330088742761,-0.8159095297649976,0.5383373610306295,0.19120580164160786,0.29527253930142305,-0.465385450880171,0.19120580164160786,0.9396359588450448,0
SESSION_OPERATING_POINT,B1,MEDIUM,0.95,0.95,0.8,29,0.9658757518619512,0.9472887039955601,0.1563216724758127,0.9658757518619512,0.5329777703148942,0.8227839234492025,-0.8186641482350819,0.5349144750186634,0.1882338501812836,0.2908122468146342,-0.4627158861554809,0.1882338501812836,0.9404579689182155,0
SESSION_OPERATING_POINT,B1,MEDIUM,0.95,0.95,0.9,29,0.9678317614555533,0.9503041944747096,0.1489767852234788,0.9678317614555533,0.5195309646821861,0.80254877185543,-0.8181462131697154,0.5209684446590294,0.17961858359529514,0.2775678399227396,-0.45039600361987325,0.17961858359529514,0.9423625045751439,0
SESSION_OPERATING_POINT,B1,MEDIUM,0.95,0.95,1.0,29,0.9689320924994301,0.9521202575080241,0.14487987020254903,0.9689320924994301,0.5126573666827561,0.7903926105605393,-0.8183614787732567,0.5127425315883547,0.17472662117258414,0.2693234554000935,-0.4435518582038388,0.17472662117258414,0.9434338795389189,0
SESSION_OPERATING_POINT,B1,MEDIUM,0.95,0.95,1.1,29,0.9692746367300424,0.9527524594527582,0.14357043200588385,0.9692746367300424,0.5099193520611629,0.7845075177385936,-0.8181801684061971,0.5099193520611629,0.17312699970586384,0.266273697528531,-0.4411605168506681,0.17312699970586384,0.9437674094476727,0
SESSION_OPERATING_POINT,B1,MEDIUM,0.95,0.95,1.2,29,0.969518952762847,0.9532169128862,0.14263040102046465,0.969518952762847,0.5078995226959155,0.7799985544369549,-0.8179308965462266,0.5078995226959155,0.1719807312840012,0.2640156036902845,-0.43941180163671456,0.1719807312840012,0.9440052961111931,0
SESSION_OPERATING_POINT,B1,MEDIUM,0.95,0.95,1.3,29,0.9705168036872341,0.9545430708997091,0.13873259887302786,0.9705168036872341,0.4994925814733734,0.7706499903803609,-0.8155032925563529,0.4994925814733734,0.1673311519287393,0.25805529997212967,-0.4319086211986535,0.1673311519287393,0.9449768878007277,0
SESSION_OPERATING_POINT,B1,MEDIUM,0.95,0.95,1.4,29,0.9712598527200849,0.9555505754334123,0.13588882071565633,0.9712598527200849,0.4937184250464264,0.7636536012438249,-0.814670759458997,0.4937184250464264,0.16396111800128296,0.25358963528766515,-0.4268022245425561,0.16396111800128296,0.9457003829116616,0
SESSION_OPERATING_POINT,B1,MEDIUM,0.95,0.95,1.5,29,0.971479243932623,0.9557629566574084,0.13506032324620057,0.971479243932623,0.4921456312378584,0.7631170183211546,-0.8147938030809102,0.4923762192274037,0.16301464270358818,0.25282961628211625,-0.4254695442798558,0.16301464270358818,0.9459140006712383,0
SESSION_OPERATING_POINT,B1,MEDIUM,0.95,0.95,1.6,29,0.9725771348646466,0.9573087297424943,0.13090943639493144,0.9725771348646466,0.48436678715013065,0.7535737864989243,-0.8137055981677527,0.484488374184569,0.1582048985493299,0.24623985835482592,-0.41837494604245523,0.1582048985493299,0.9469829997366295,0
SESSION_OPERATING_POINT,B1,MEDIUM,0.95,0.95,1.7,29,0.9733688309876404,0.9583838858809745,0.12773932729473975,0.9733688309876404,0.4769031179344264,0.744344593297604,-0.8108047172944362,0.4773065538856065,0.1543951346653455,0.24118459086605912,-0.4118328649373902,0.1543951346653455,0.9477538617511234,0
SESSION_OPERATING_POINT,B1,MEDIUM,0.95,0.95,1.8,29,0.9735573421365585,0.9585280892141573,0.12703299144676147,0.9735573421365585,0.4764151130352101,0.7464142753892282,-0.8105512902103146,0.4764151130352101,0.1536603813482574,0.24090429508433775,-0.41077650447419106,0.1536603813482574,0.9479374120803332,0
SESSION_OPERATING_POINT,B1,MEDIUM,0.95,0.95,1.9,29,0.9741232834166846,0.9594005067912147,0.12486551792842603,0.9741232834166846,0.4718626562831582,0.7395467957659299,-0.809685508143963,0.4718626562831582,0.1510763606990237,0.23694107346221335,-0.4068198205276828,0.1510763606990237,0.9484884601688771,0
SESSION_OPERATING_POINT,B1,MEDIUM,0.98,0.98,0.5,29,0.9846141523072136,0.9761408325376538,0.08182513717168641,0.9846141523072136,0.5844848697716342,0.9058427524930986,-0.9035459399772943,0.5868625398330377,0.2308569345905113,0.35808012497665886,-0.5782637034890914,0.2308569345905113,0.9745670691204055,0
SESSION_OPERATING_POINT,B1,MEDIUM,0.98,0.98,0.6,29,0.9857018702695111,0.9779611742752785,0.07701960798516773,0.9857018702695111,0.5700930502923636,0.8795522583462553,-0.9039530060727108,0.5700930502923636,0.2184418989472865,0.33682394076474914,-0.5607792066337157,0.2184418989472865,0.975643687919822,0
SESSION_OPERATING_POINT,B1,MEDIUM,0.98,0.98,0.7,29,0.9861288983251906,0.9785861732853618,0.07492815001968237,0.9861288983251906,0.5545981806801453,0.8564039955464267,-0.9001219474067369,0.5594347340555038,0.21230317466648205,0.32784352597357364,-0.5495978685219103,0.21230317466648205,0.9760663585463621,0
SESSION_OPERATING_POINT,B1,MEDIUM,0.98,0.98,0.8,29,0.9864766617544375,0.9791109884795849,0.07346755549690437,0.9864766617544375,0.5535786802073805,0.8546062079332274,-0.9015182652139904,0.5555153849111498,0.20883476007377003,0.32263453129865893,-0.5455700031343892,0.20883476007377003,0.9764105733691879,0
SESSION_OPERATING_POINT,B1,MEDIUM,0.98,0.98,0.9,29,0.9872658450001393,0.9803278886249986,0.06982473207573478,0.9872658450001393,0.5389650482267723,0.8325724660057193,-0.8972982663174593,0.5404025282036155,0.19905266713988115,0.30759153407302864,-0.5295480567676173,0.19905266713988115,0.9771917037246278,0
SESSION_OPERATING_POINT,B1,MEDIUM,0.98,0.98,1.0,29,0.9877096716662689,0.981059284134356,0.06779021354468437,0.9877096716662689,0.5314349458495947,0.8193316371868715,-0.8954511354311214,0.5315201107551933,0.1935042003394228,0.29826248202642547,-0.5206415148617035,0.1935042003394228,0.9776310015472255,0
SESSION_OPERATING_POINT,B1,MEDIUM,0.98,0.98,1.1,29,0.9878471283420811,0.9813123967972671,0.06714612430600414,0.9878471283420811,0.5284918436732018,0.8130674550831027,-0.8946044761060766,0.5284918436732018,0.19169949131790262,0.29483363487304004,-0.5175848245505479,0.19169949131790262,0.9777670556038969,0
SESSION_OPERATING_POINT,B1,MEDIUM,0.98,0.98,1.2,29,0.9879451073985465,0.981498183696214,0.06668458560207342,0.9879451073985465,0.526325677331615,0.808279825246969,-0.893876711964618,0.526325677331615,0.1904068859197006,0.2922968745002986,-0.515357617055106,0.1904068859197006,0.9778640348740715,0
SESSION_OPERATING_POINT,B1,MEDIUM,0.98,0.98,1.3,29,0.9883457954103618,0.9820320644359517,0.06477474541697277,0.9883457954103618,0.5173215731965013,0.7981389839166034,-0.8894611460124081,0.5173215731965013,0.1851601436518671,0.28554429350837224,-0.5058664746547086,0.1851601436518671,0.9782606342327053,0
SESSION_OPERATING_POINT,B1,MEDIUM,0.98,0.98,1.4,29,0.9886448500093967,0.9824382070003594,0.06337278396558768,0.9886448500093967,0.5111034223357381,0.790541232810772,-0.8871867962090655,0.5111034223357381,0.18134611529059466,0.28047726685461244,-0.49931826129262474,0.18134611529059466,0.9785566372541987,0
SESSION_OPERATING_POINT,B1,MEDIUM,0.98,0.98,1.5,29,0.9887334028709875,0.9825248931484477,0.062961868315865,0.9887334028709875,0.5093997901762229,0.789878954812194,-0.8868922580112458,0.5096303781657683,0.18026880164195264,0.2795915527731556,-0.49756799921019146,0.18026880164195264,0.9786442865151612,0
SESSION_OPERATING_POINT,B1,MEDIUM,0.98,0.98,1.6,29,0.9891767485827497,0.983150312116347,0.060904778767713885,0.9891767485827497,0.5009664008682339,0.7794153688727768,-0.8837102557949702,0.5010879879026722,0.17480451226743315,0.27208144072867857,-0.48837960366967276,0.17480451226743315,0.979083108291089,0
SESSION_OPERATING_POINT,B1,MEDIUM,0.98,0.98,1.7,29,0.9894936817285097,0.9835814092628138,0.059362860382963734,0.9894936817285097,0.49302796867529575,0.7695421166794435,-0.8791811842062123,0.49343140462647583,0.17051998540621488,0.26638211424789854,-0.4802093318491661,0.17051998540621488,0.9793968074251574,0
SESSION_OPERATING_POINT,B1,MEDIUM,0.98,0.98,1.8,29,0.9895704817867345,0.9836420774150285,0.05900930782715174,0.9895704817867345,0.4924282526853863,0.7715282635900994,-0.8785749738299239,0.4924282526853863,0.16967352099843358,0.266018283285209,-0.47880018809380076,0.16967352099843358,0.9794728238093187,0
SESSION_OPERATING_POINT,B1,MEDIUM,0.98,0.98,1.9,29,0.9897981818119532,0.9839932187535002,0.057941445590282734,0.9897981818119532,0.48753755467842685,0.7641395077282156,-0.8766095804821062,0.48753755467842685,0.16675125909429228,0.2615337854244988,-0.4737438928658261,0.16675125909429228,0.9796982003648925,0
SESSION_OPERATING_POINT,B1,MEDIUM,0.99,0.99,0.5,29,0.9923240012139926,0.9880967501614929,0.04570759538469633,0.9923240012139926,0.592194718678413,0.9177986701169377,-0.9396634817642842,0.5945723887398165,0.23856678349729013,0.3700360426004978,-0.6143812452760815,0.23856678349729013,0.9873122638341238,0
SESSION_OPERATING_POINT,B1,MEDIUM,0.99,0.99,0.6,29,0.9928706928485103,0.9890111623147085,0.04294243068411007,0.9928706928485103,0.5772618728713627,0.8906022463856854,-0.9380301833737682,0.5772618728713627,0.22561072152628567,0.3478739288041793,-0.5948563839347734,0.22561072152628567,0.9878561943997803,0
SESSION_OPERATING_POINT,B1,MEDIUM,0.99,0.99,0.7,29,0.9930835188122318,0.9893226194386857,0.0417627966390207,0.9930835188122318,0.5615528011671864,0.8671404416997508,-0.9332873007873985,0.566389354542545,0.21925779515352325,0.3385799721268978,-0.5827632219025719,0.21925779515352325,0.9880679454848974,0
SESSION_OPERATING_POINT,B1,MEDIUM,0.99,0.99,0.8,29,0.9932590836695806,0.989587602321778,0.04091312346668679,0.9932590836695806,0.5603611021225239,0.8650828217754204,-0.9340726972442077,0.562297806826293,0.21561718198891333,0.3331111451408521,-0.578124435164607,0.21561718198891333,0.9882426236510473,0
SESSION_OPERATING_POINT,B1,MEDIUM,0.99,0.99,0.9,29,0.9936547560400015,0.9901977596683786,0.038833611310999584,0.9936547560400015,0.5453539592666344,0.8424423370490991,-0.9282893870821944,0.5467914392434776,0.2054415781797434,0.31746140511640875,-0.5605391775323525,0.2054415781797434,0.9886362976761632,0
SESSION_OPERATING_POINT,B1,MEDIUM,0.99,0.99,1.0,29,0.9938772633700631,0.9905642545612883,0.03767131104874179,0.9938772633700631,0.5376025375533892,0.8288366076138035,-0.9255700379270639,0.5376877024589878,0.19967179204321722,0.30776745245335785,-0.550760417357646,0.19967179204321722,0.9888576812318306,0
SESSION_OPERATING_POINT,B1,MEDIUM,0.99,0.99,1.1,29,0.9939460563515471,0.9906908376604143,0.03730490803922386,0.9939460563515471,0.5345907716826679,0.8224458959462498,-0.9244456923728567,0.5345907716826679,0.1977984193273687,0.3042120757361872,-0.5474260408173282,0.1977984193273687,0.9889261267740144,0
SESSION_OPERATING_POINT,B1,MEDIUM,0.99,0.99,1.2,29,0.9939950815720715,0.9907837228657662,0.037042575564021116,0.9939950815720715,0.5323756515051403,0.8175653644165212,-0.9235187220026703,0.5323756515051403,0.1964568600932259,0.3015824136698507,-0.5449996270931582,0.1964568600932259,0.9889749043924149,0
SESSION_OPERATING_POINT,B1,MEDIUM,0.99,0.99,1.3,29,0.994195662050782,0.9910511968011723,0.03595826213064028,0.994195662050782,0.5231714398369217,0.8071581162818242,-0.9182776292987406,0.5231714398369217,0.1910100102922876,0.294563425873593,-0.5346829579410411,0.1910100102922876,0.9891744718384046,0
SESSION_OPERATING_POINT,B1,MEDIUM,0.99,0.99,1.4,29,0.994345477791627,0.9912547645096494,0.035160097211702525,0.994345477791627,0.516804050117968,0.799357790320062,-0.9153994829629507,0.516804050117968,0.18704674307282468,0.28929382436390233,-0.5275309480465099,0.18704674307282468,0.9893235309340933,0
SESSION_OPERATING_POINT,B1,MEDIUM,0.99,0.99,1.5,29,0.9943898788912272,0.9912983829474624,0.034925612217992494,0.9943898788912272,0.5150562661964625,0.7986524446112085,-0.914928514109118,0.5152868541860078,0.1859252776621923,0.2883650425721701,-0.5256042553080639,0.1859252776621923,0.9893677077857158,0
SESSION_OPERATING_POINT,B1,MEDIUM,0.99,0.99,1.6,29,0.9946122258705716,0.9916122385512738,0.03375183200443726,0.9946122258705716,0.5064018781560558,0.7878772953077037,-0.9108632025582468,0.5065234651904941,0.180239989555255,0.28054336716360545,-0.5155325504329494,0.180239989555255,0.989588931800518,0
SESSION_OPERATING_POINT,B1,MEDIUM,0.99,0.99,1.7,29,0.9947707185381518,0.9918279325473219,0.03287935618952137,0.9947707185381518,0.498305005484938,0.7777886399639514,-0.9056646883996544,0.49870844143611814,0.1757970222158571,0.2746286375324065,-0.5066928360426084,0.1757970222158571,0.9897466240000804,0
SESSION_OPERATING_POINT,B1,MEDIUM,0.99,0.99,1.8,29,0.9948093454846687,0.9918587530648764,0.03267687758655877,0.9948093454846687,0.49766711638332023,0.7797449392399473,-0.9049074040705172,0.49766711638332023,0.17491238469636755,0.27423495893505684,-0.5051326183343936,0.17491238469636755,0.9897850558610085,0
SESSION_OPERATING_POINT,B1,MEDIUM,0.99,0.99,1.9,29,0.9949234040914369,0.9920346670987334,0.0320690416480203,0.9949234040914369,0.4926627769579107,0.7721809560734488,-0.9024819844243687,0.4926627769579107,0.17187648137377615,0.26957523376973225,-0.4996162968080885,0.17187648137377615,0.9898985384142077,0
SESSION_OPERATING_POINT,B1,MEDIUM,1.0,1.00,0.5,29,1.0,1.0,0.0,1.0,0.5998707174644206,0.9297019199554447,-0.9853710771489806,0.602248387525824,0.24624278228329755,0.38193929243900493,-0.6600888406607779,0.24624278228329755,1.0,0
SESSION_OPERATING_POINT,B1,MEDIUM,1.0,1.00,0.6,29,1.0,1.0,0.0,1.0,0.5843911800228523,0.9015910840709769,-0.9809726140578785,0.5843911800228523,0.23274002867777543,0.35886276648947063,-0.6377988146188833,0.23274002867777543,1.0,0
SESSION_OPERATING_POINT,B1,MEDIUM,1.0,1.00,0.7,29,1.0,1.0,0.0,1.0,0.5684692823549548,0.877817822261065,-0.9750500974264193,0.5733058357303129,0.22617427634129145,0.349257352688212,-0.6245260185415924,0.22617427634129145,1.0,0
SESSION_OPERATING_POINT,B1,MEDIUM,1.0,1.00,0.8,29,1.0,1.0,0.0,1.0,0.5671020184529432,0.8754952194536426,-0.9749858207108946,0.5690387231567123,0.22235809831933256,0.34352354281907393,-0.6190375586312936,0.22235809831933256,1.0,0
SESSION_OPERATING_POINT,B1,MEDIUM,1.0,1.00,0.9,29,1.0,1.0,0.0,1.0,0.5516992032266328,0.8522445773807202,-0.9671229983931944,0.5531366832034761,0.21178682213974184,0.32726364544803,-0.599372788843352,0.21178682213974184,1.0,0
SESSION_OPERATING_POINT,B1,MEDIUM,1.0,1.00,1.0,29,1.0,1.0,0.0,1.0,0.5437252741833258,0.8382723530525155,-0.9632413489758058,0.5438104390889246,0.205794528673154,0.3172031978920695,-0.5884317284063878,0.205794528673154,1.0,0
SESSION_OPERATING_POINT,B1,MEDIUM,1.0,1.00,1.1,29,1.0,1.0,0.0,1.0,0.5406447153311206,0.8317550582858353,-0.9617506004120808,0.5406447153311206,0.20385236297582143,0.3135212380757727,-0.584730948856552,0.20385236297582143,1.0,0
SESSION_OPERATING_POINT,B1,MEDIUM,1.0,1.00,1.2,29,1.0,1.0,0.0,1.0,0.5383805699330686,0.826781641550755,-0.9605612975666914,0.5383805699330686,0.20246177852115418,0.3107986908040845,-0.5820422026571792,0.20246177852115418,1.0,0
SESSION_OPERATING_POINT,B1,MEDIUM,1.0,1.00,1.3,29,1.0,1.0,0.0,1.0,0.5289757777861395,0.816106919480652,-0.9542358914293809,0.5289757777861395,0.19681434824150532,0.30351222907242065,-0.5706412200716812,0.19681434824150532,1.0,0
SESSION_OPERATING_POINT,B1,MEDIUM,1.0,1.00,1.4,29,1.0,1.0,0.0,1.0,0.5224585723263414,0.8081030258104127,-0.9505595801746533,0.5224585723263414,0.19270126528119796,0.29803905985425294,-0.5626910452582125,0.19270126528119796,1.0,0
SESSION_OPERATING_POINT,B1,MEDIUM,1.0,1.00,1.5,29,1.0,1.0,0.0,1.0,0.5206663873052355,0.8073540616637461,-0.9498541263271106,0.5208969752947807,0.1915353987709652,0.29706665962470774,-0.5605298675260564,0.1915353987709652,1.0,0
SESSION_OPERATING_POINT,B1,MEDIUM,1.0,1.00,1.6,29,1.0,1.0,0.0,1.0,0.5117896522854841,0.79626505675643,-0.9446150345626839,0.5119112393199226,0.1856277636846834,0.2889311286123316,-0.5492843824373866,0.1856277636846834,1.0,0
SESSION_OPERATING_POINT,B1,MEDIUM,1.0,1.00,1.7,29,1.0,1.0,0.0,1.0,0.5035342869467861,0.7859607074166296,-0.9385440445891757,0.5039377228979662,0.18102630367770522,0.28280070498508475,-0.5395721922321298,0.18102630367770522,1.0,0
SESSION_OPERATING_POINT,B1,MEDIUM,1.0,1.00,1.8,29,1.0,1.0,0.0,1.0,0.5028577708986517,0.7878861861750711,-0.937584281657076,0.5028577708986517,0.18010303921169893,0.28237620587018064,-0.5378094959209525,0.18010303921169893,1.0,0
SESSION_OPERATING_POINT,B1,MEDIUM,1.0,1.00,1.9,29,1.0,1.0,0.0,1.0,0.4977393728664737,0.7801462889747153,-0.9345510260723889,0.4977393728664737,0.17695307728233914,0.27754056667099875,-0.5316853384561088,0.17695307728233914,1.0,0
SESSION_OPERATING_POINT,B1,CONSERVATIVE,0.3333333333333333,0.333333,0.5,29,0.40012928253557944,0.07029808004455526,0.9853710771489808,0.3977516124741759,-4.2111907830609384e-17,-4.785444071660157e-17,1.914177628664063e-17,-4.976861834526564e-17,-0.3536279351811229,-0.54776262751644,0.3252822364882029,-0.35600560524252645,6.480125010010588e-17,29
SESSION_OPERATING_POINT,B1,CONSERVATIVE,0.3333333333333333,0.333333,0.6,29,0.4156088199771475,0.09840891592902301,0.9809726140578785,0.4156088199771475,-4.594026308793751e-17,-6.69962170032422e-17,1.5313421029312504e-17,-4.594026308793751e-17,-0.35165115134507713,-0.5427283175815064,0.34317379943899495,-0.35165115134507713,7.343256791134501e-17,29
SESSION_OPERATING_POINT,B1,CONSERVATIVE,0.3333333333333333,0.333333,0.7,29,0.43153071764504525,0.12218217773893496,0.9750500974264193,0.42669416426968687,-5.551115123125783e-17,-6.69962170032422e-17,2.2970131543968756e-17,-5.933950648858595e-17,-0.3422950060136633,-0.5285604695728532,0.3505240788848266,-0.3471315593890216,7.434758019470878e-17,29
SESSION_OPERATING_POINT,B1,CONSERVATIVE,0.3333333333333333,0.333333,0.8,29,0.4328979815470568,0.12450478054635747,0.9749858207108946,0.43096127684328744,-5.74253288599219e-17,-6.891039463190627e-17,2.6798486801296883e-17,-6.125368411725002e-17,-0.34474392013361066,-0.5319716766345685,0.3559482620796009,-0.34668062483737994,8.125490530242708e-17,29
SESSION_OPERATING_POINT,B1,CONSERVATIVE,0.3333333333333333,0.333333,0.9,29,0.4483007967733671,0.14775542261927954,0.9671229983931944,0.44686331679652386,-4.976861834526564e-17,-7.082457226057034e-17,7.656710514656252e-18,-5.16827959739297e-17,-0.33991238108689115,-0.5249809319326905,0.3677502095498421,-0.34134986106373433,8.838744431642301e-17,29
SESSION_OPERATING_POINT,B1,CONSERVATIVE,0.3333333333333333,0.333333,1.0,29,0.45627472581667405,0.16172764694748457,0.9632413489758058,0.4561895609110754,-5.16827959739297e-17,-6.69962170032422e-17,7.656710514656252e-18,-5.3596973602593766e-17,-0.33793074551017205,-0.5210691551604459,0.3748096205694179,-0.33801591041577067,8.053341730083719e-17,29
SESSION_OPERATING_POINT,B1,CONSERVATIVE,0.3333333333333333,0.333333,1.1,29,0.4593552846688793,0.1682449417141646,0.961750600412081,0.4593552846688793,-4.594026308793751e-17,-7.273874988923439e-17,3.062684205862501e-17,-4.594026308793751e-17,-0.3367923523552992,-0.5182338202100627,0.37701965155552875,-0.3367923523552992,8.691324261339683e-17,29
SESSION_OPERATING_POINT,B1,CONSERVATIVE,0.3333333333333333,0.333333,1.2,29,0.4616194300669314,0.1732183584492449,0.9605612975666914,0.4616194300669314,-6.508203937457814e-17,-8.230963803255471e-17,3.828355257328126e-17,-6.508203937457814e-17,-0.3359187914119144,-0.5159829507466704,0.378519094909512,-0.3359187914119144,9.516861567204072e-17,29
SESSION_OPERATING_POINT,B1,CONSERVATIVE,0.3333333333333333,0.333333,1.3,29,0.4710242222138605,0.18389308051934797,0.9542358914293809,0.4710242222138605,-5.16827959739297e-17,-7.656710514656253e-17,2.2970131543968756e-17,-5.16827959739297e-17,-0.3321614295446341,-0.5125946904082312,0.38359467135769976,-0.3321614295446341,9.69058195923944e-17,29
SESSION_OPERATING_POINT,B1,CONSERVATIVE,0.3333333333333333,0.333333,1.4,29,0.4775414276736586,0.19189697418958734,0.9505595801746533,0.4775414276736586,-6.508203937457814e-17,-8.039546040389065e-17,1.914177628664063e-17,-6.508203937457814e-17,-0.32975730704514344,-0.5100639659561598,0.3878685349164409,-0.32975730704514344,9.057286353862478e-17,29
SESSION_OPERATING_POINT,B1,CONSERVATIVE,0.3333333333333333,0.333333,1.5,29,0.4793336126947645,0.1926459383362538,0.9498541263271106,0.4791030247052191,-5.74253288599219e-17,-7.656710514656253e-17,1.914177628664063e-17,-6.125368411725002e-17,-0.32913098853427025,-0.5102874020390384,0.38932425880105426,-0.32936157652381565,9.745631576122136e-17,29
SESSION_OPERATING_POINT,B1,CONSERVATIVE,0.3333333333333333,0.333333,1.6,29,0.4882103477145158,0.2037349432435701,0.9446150345626839,0.4880887606800775,-5.933950648858595e-17,-7.273874988923439e-17,1.5313421029312504e-17,-6.316786174591408e-17,-0.3261618886008008,-0.5073339281440984,0.3953306521252975,-0.3262834756352392,1.0191929525543231e-16,29
SESSION_OPERATING_POINT,B1,CONSERVATIVE,0.3333333333333333,0.333333,1.7,29,0.49646571305321385,0.21403929258337026,0.9385440445891757,0.49606227710203377,-5.74253288599219e-17,-7.273874988923439e-17,4.2111907830609384e-17,-5.933950648858595e-17,-0.3225079832690809,-0.5031600024315449,0.398971852357046,-0.322911419220261,9.363126772651123e-17,29
SESSION_OPERATING_POINT,B1,CONSERVATIVE,0.3333333333333333,0.333333,1.8,29,0.4971422291013483,0.2121138138249288,0.937584281657076,0.4971422291013483,-5.3596973602593766e-17,-7.848128277522658e-17,1.5313421029312504e-17,-5.3596973602593766e-17,-0.3227547316869528,-0.5055099803048906,0.39977478573612335,-0.3227547316869528,9.919939584322415e-17,29
SESSION_OPERATING_POINT,B1,CONSERVATIVE,0.3333333333333333,0.333333,1.9,29,0.5022606271335261,0.2198537110252846,0.9345510260723889,0.5022606271335261,-6.316786174591408e-17,-8.230963803255471e-17,5.3596973602593766e-17,-6.316786174591408e-17,-0.32078629558413474,-0.5026057223037167,0.4028656876162803,-0.32078629558413474,1.0294579485508673e-16,29
SESSION_OPERATING_POINT,B1,CONSERVATIVE,0.5,0.50,0.5,29,0.5683266930457189,0.3303232330789973,0.8895784241607092,0.5683266930457189,0.16819741051013928,0.2600251530344421,-0.09579265298827146,0.17057508057154278,-0.18543052467098362,-0.2877374744819977,0.22948958349993143,-0.18543052467098362,0.28416334652285946,29
SESSION_OPERATING_POINT,B1,CONSERVATIVE,0.5,0.50,0.6,29,0.586390921063943,0.36206914776411414,0.8736718598139306,0.586390921063943,0.17078210108679542,0.2636602318350911,-0.10730075424394765,0.17078210108679542,-0.1808690502582816,-0.2790680857464153,0.23587304519504723,-0.1808690502582816,0.2931954605319715,29
SESSION_OPERATING_POINT,B1,CONSERVATIVE,0.5,0.50,0.7,29,0.5964528922832224,0.3766963831670377,0.8616018131005453,0.5964528922832224,0.16492217463817724,0.2545142054281026,-0.11344828432587382,0.16975872801353561,-0.17737283137548607,-0.27404626414475036,0.23707579455895283,-0.17737283137548607,0.2982264461416112,29
SESSION_OPERATING_POINT,B1,CONSERVATIVE,0.5,0.50,0.8,29,0.601121982540696,0.38368006940785543,0.8584995632698513,0.601121982540696,0.16822400099363938,0.2591752888614978,-0.11648625744104323,0.17016070569740865,-0.17651991913997117,-0.2727963877730706,0.23946200463855777,-0.17651991913997117,0.3005609912703481,29
SESSION_OPERATING_POINT,B1,CONSERVATIVE,0.5,0.50,0.9,29,0.6162154833085649,0.4068205538063844,0.8418251227285325,0.6162154833085649,0.1679146865351978,0.25906513118710467,-0.12529787566466147,0.16935216651204105,-0.1719976945516932,-0.26591580074558574,0.24245233388518067,-0.1719976945516932,0.30810774165428245,29
SESSION_OPERATING_POINT,B1,CONSERVATIVE,0.5,0.50,1.0,29,0.6248960741074726,0.42174850525918195,0.8326458722769241,0.6248960741074726,0.1686213482907986,0.2600208583116974,-0.13059547669888175,0.1687065131963973,-0.16930939721937335,-0.2610482968487485,0.2442141438705362,-0.16930939721937335,0.3124480370537363,29
SESSION_OPERATING_POINT,B1,CONSERVATIVE,0.5,0.50,1.1,29,0.6277884113218554,0.4274580074805586,0.8293999289574093,0.6277884113218554,0.16843312665297602,0.2592130657663939,-0.13235067145467133,0.16843312665297602,-0.16835922570232312,-0.2590207544436687,0.24466898010085741,-0.16835922570232312,0.3138942056609277,29
SESSION_OPERATING_POINT,B1,CONSERVATIVE,0.5,0.50,1.2,29,0.6298609860294446,0.4316955513136674,0.826998724548504,0.6298609860294446,0.16824155596251303,0.25847719286442244,-0.13356257301818736,0.16824155596251303,-0.1676772354494013,-0.257505757882248,0.24495652189132464,-0.1676772354494013,0.31493049301472226,29
SESSION_OPERATING_POINT,B1,CONSERVATIVE,0.5,0.50,1.3,29,0.6383259857776515,0.4421330254073426,0.8162305843736856,0.6383259857776515,0.16730176356379117,0.2582399448879946,-0.13800530705569528,0.16730176356379117,-0.16485966598084298,-0.2543547455202366,0.2455893643020044,-0.16485966598084298,0.31916299288882577,29
SESSION_OPERATING_POINT,B1,CONSERVATIVE,0.5,0.50,1.4,29,0.6443468676354985,0.4499177531306362,0.8091439016019352,0.6443468676354985,0.16680543996183989,0.2580207789410488,-0.14141567857271822,0.16680543996183989,-0.1629518670833035,-0.25204318701511086,0.24645285634372263,-0.1629518670833035,0.32217343381774927,29
SESSION_OPERATING_POINT,B1,CONSERVATIVE,0.5,0.50,1.5,29,0.6459431516406843,0.450893901754158,0.8074289848500994,0.6459431516406843,0.16660953894591976,0.25824796341790407,-0.14242514147701119,0.16684012693546504,-0.1625214495883505,-0.2520394386211342,0.2468991173240431,-0.1625214495883505,0.32297157582034214,29
SESSION_OPERATING_POINT,B1,CONSERVATIVE,0.5,0.50,1.6,29,0.6543969223797635,0.4621600602871698,0.7975548409961953,0.6543969223797635,0.1661865746652475,0.2584251170435996,-0.1470601935664888,0.16630816169968585,-0.15997531393555323,-0.24890881110049867,0.24827045855880858,-0.15997531393555323,0.3271984611898818,29
SESSION_OPERATING_POINT,B1,CONSERVATIVE,0.5,0.50,1.7,29,0.6614474159302804,0.47127170637291305,0.7879657312357844,0.6614474159302804,0.16498170287706648,0.25723241378954276,-0.15057831335339136,0.16538513882824657,-0.15752628039201444,-0.24592758864200215,0.24839353900365457,-0.15752628039201444,0.33072370796514017,29
SESSION_OPERATING_POINT,B1,CONSERVATIVE,0.5,0.50,1.8,29,0.6626246445652201,0.4712161217876959,0.7864801984655652,0.6626246445652201,0.1654824154638717,0.259102307962767,-0.15110408319151059,0.1654824154638717,-0.15727231622308102,-0.24640767234212343,0.24867070254461277,-0.15727231622308102,0.33131232228261004,29
SESSION_OPERATING_POINT,B1,CONSERVATIVE,0.5,0.50,1.9,29,0.667282366542151,0.4783255948929915,0.7809049201079772,0.667282366542151,0.16502173940862483,0.25847188386770675,-0.1536461059644119,0.16502173940862483,-0.15576455617550983,-0.24413383843600986,0.24921958165186833,-0.15576455617550983,0.33364118327107556,29
SESSION_OPERATING_POINT,B1,CONSERVATIVE,0.6,0.60,0.5,29,0.6634398906893361,0.47792618317801727,0.7894313001224668,0.6634398906893361,0.26331060815375656,0.40762810313346204,-0.1959397770265139,0.2656882782151601,-0.09031732702736633,-0.1401345243829778,0.12934245946168904,-0.09031732702736633,0.4422932604595574,29
SESSION_OPERATING_POINT,B1,CONSERVATIVE,0.6,0.60,0.6,29,0.6797767433350236,0.5061775662887729,0.7690190059717692,0.6797767433350236,0.2641679233578759,0.4077686503597497,-0.2119536080861092,0.2641679233578759,-0.08748322798720104,-0.1349596672217566,0.1312201913528857,-0.08748322798720104,0.4531844955566824,29
SESSION_OPERATING_POINT,B1,CONSERVATIVE,0.6,0.60,0.7,29,0.6882887734116873,0.5186021747951006,0.75546597848248,0.6882887734116873,0.2567580557666419,0.39641999705616554,-0.21958411894393914,0.2615946091420003,-0.0855369502470214,-0.13214047251668748,0.1309399599408875,-0.0855369502470214,0.45885918227445804,29
SESSION_OPERATING_POINT,B1,CONSERVATIVE,0.6,0.60,0.8,29,0.6927059143059006,0.5252254113651919,0.7508884141677382,0.6927059143059006,0.2598079327588438,0.40072063081883436,-0.2240974065431563,0.2617446374626131,-0.08493598737476676,-0.13125104581573402,0.1318508555364447,-0.08493598737476676,0.4618039428706004,29
SESSION_OPERATING_POINT,B1,CONSERVATIVE,0.6,0.60,0.9,29,0.7059014361939318,0.5454938228404479,0.7315545302441941,0.7059014361939318,0.2576006394205645,0.39773840022116824,-0.23556846814899987,0.25903811939740773,-0.08231174166632653,-0.12724253171152217,0.13218174140084224,-0.08231174166632653,0.47060095746262104,29
SESSION_OPERATING_POINT,B1,CONSERVATIVE,0.6,0.60,1.0,29,0.7134275834223509,0.558259222766313,0.7208205216313658,0.7134275834223509,0.2571528576056769,0.3965315758188284,-0.24242082734444004,0.25723802251127553,-0.08077788790449501,-0.12453757934161751,0.1323887932249779,-0.08077788790449501,0.475618388948234,29
SESSION_OPERATING_POINT,B1,CONSERVATIVE,0.6,0.60,1.1,29,0.7159023694941054,0.5630311585522392,0.717112644301534,0.7159023694941054,0.25654708482522587,0.3947862168380744,-0.24463795611054664,0.25654708482522587,-0.08024526753007322,-0.12344760337198821,0.1323816954449821,-0.08024526753007322,0.4772682463294035,29
SESSION_OPERATING_POINT,B1,CONSERVATIVE,0.6,0.60,1.2,29,0.7176755969908368,0.5665668968005089,0.7144006201934521,0.7176755969908368,0.2560561669239055,0.39334853835126377,-0.24616067737323916,0.2560561669239055,-0.0798626244880088,-0.12263441239540654,0.13235841753627284,-0.0798626244880088,0.4784503979938913,29
SESSION_OPERATING_POINT,B1,CONSERVATIVE,0.6,0.60,1.3,29,0.724886495830796,0.5756973984093599,0.7026631410899523,0.724886495830796,0.2538622736169356,0.39180431789001174,-0.25157275033942866,0.2538622736169356,-0.07829915592769852,-0.12079037251821946,0.13202192101827104,-0.07829915592769852,0.4832576638871974,29
SESSION_OPERATING_POINT,B1,CONSERVATIVE,0.6,0.60,1.4,29,0.7300808448215538,0.5825273322226543,0.6946750716291039,0.7300808448215538,0.2525394171478951,0.3906303580330667,-0.2558845085455494,0.2525394171478951,-0.0772178898972483,-0.11943360792309285,0.1319840263708915,-0.0772178898972483,0.48672056321436924,29
SESSION_OPERATING_POINT,B1,CONSERVATIVE,0.6,0.60,1.5,29,0.7315123003907179,0.5835918992285902,0.6926042466568588,0.7315123003907179,0.2521786876959534,0.39094596089233635,-0.25724987967025187,0.2524092756854987,-0.07695230083831683,-0.11934144114670191,0.13207437913080244,-0.07695230083831683,0.4876748669271453,29
SESSION_OPERATING_POINT,B1,CONSERVATIVE,0.6,0.60,1.6,29,0.7388883842157148,0.5936111108150047,0.681410455726545,0.7388883842157148,0.25067803650119896,0.38987616757143456,-0.26320457883613907,0.25079962353563734,-0.07548385209960178,-0.1174577605726637,0.13212607328915837,-0.07548385209960178,0.49259225614380986,29
SESSION_OPERATING_POINT,B1,CONSERVATIVE,0.6,0.60,1.7,29,0.7448286528606791,0.601426794409896,0.6712086476698131,0.7448286528606791,0.24836293980746546,0.38738750182652554,-0.2673353969193626,0.24876637575864555,-0.0741450434616155,-0.1157725006050193,0.13163645543768335,-0.0741450434616155,0.4965524352404528,29
SESSION_OPERATING_POINT,B1,CONSERVATIVE,0.6,0.60,1.8,29,0.7459233799595112,0.6017053200020112,0.6695048070257148,0.7459233799595112,0.24878115085816288,0.38959150617708205,-0.268079474631361,0.24878115085816288,-0.07397358082878987,-0.11591847412780842,0.1316953111047623,-0.07397358082878987,0.49728225330634074,29
SESSION_OPERATING_POINT,B1,CONSERVATIVE,0.6,0.60,1.9,29,0.7499181153806663,0.6078228476252007,0.6632999063574495,0.7499181153806663,0.24765748824714015,0.38796913659991594,-0.2712511197149395,0.24765748824714015,-0.07312880733699452,-0.11463658570380064,0.13161456790134068,-0.07312880733699452,0.49994541025377753,29
SESSION_OPERATING_POINT,B1,CONSERVATIVE,0.7,0.70,0.5,29,0.7537572177167025,0.6180607075609951,0.6600888406607779,0.7537572177167025,0.3536279351811229,0.5477626275164398,-0.3252822364882029,0.35600560524252645,0.0,0.0,0.0,0.0,0.5922378139202662,0
SESSION_OPERATING_POINT,B1,CONSERVATIVE,0.7,0.70,0.6,29,0.7672599713222245,0.6411372335105294,0.6377988146188833,0.7672599713222245,0.35165115134507713,0.5427283175815064,-0.34317379943899484,0.35165115134507713,0.0,0.0,0.0,0.0,0.6028471203246051,0
SESSION_OPERATING_POINT,B1,CONSERVATIVE,0.7,0.70,0.7,29,0.7738257236587086,0.6507426473117879,0.6245260185415924,0.7738257236587086,0.3422950060136632,0.5285604695728531,-0.3505240788848266,0.3471315593890216,0.0,0.0,0.0,0.0,0.6080059257318424,0
SESSION_OPERATING_POINT,B1,CONSERVATIVE,0.7,0.70,0.8,29,0.7776419016806674,0.6564764571809257,0.6190375586312936,0.7776419016806674,0.34474392013361066,0.5319716766345685,-0.3559482620796009,0.34668062483737994,0.0,0.0,0.0,0.0,0.6110043513205243,0
SESSION_OPERATING_POINT,B1,CONSERVATIVE,0.7,0.70,0.9,29,0.7882131778602581,0.6727363545519699,0.599372788843352,0.7882131778602581,0.3399123810868911,0.5249809319326905,-0.3677502095498421,0.3413498610637343,0.0,0.0,0.0,0.0,0.6193103540330599,0
SESSION_OPERATING_POINT,B1,CONSERVATIVE,0.7,0.70,1.0,29,0.794205471326846,0.6827968021079305,0.5884317284063878,0.794205471326846,0.33793074551017194,0.5210691551604459,-0.3748096205694179,0.3380159104157706,0.0,0.0,0.0,0.0,0.6240185846139504,0
SESSION_OPERATING_POINT,B1,CONSERVATIVE,0.7,0.70,1.1,29,0.7961476370241783,0.6864787619242272,0.584730948856552,0.7961476370241783,0.3367923523552992,0.5182338202100627,-0.37701965155552875,0.3367923523552992,0.0,0.0,0.0,0.0,0.625544571947569,0
SESSION_OPERATING_POINT,B1,CONSERVATIVE,0.7,0.70,1.2,29,0.7975382214788458,0.6892013091959155,0.5820422026571792,0.7975382214788458,0.3359187914119143,0.5159829507466703,-0.378519094909512,0.3359187914119143,0.0,0.0,0.0,0.0,0.6266371740190931,0
SESSION_OPERATING_POINT,B1,CONSERVATIVE,0.7,0.70,1.3,29,0.8031856517584948,0.6964877709275794,0.5706412200716812,0.8031856517584948,0.3321614295446341,0.5125946904082311,-0.3835946713576997,0.3321614295446341,0.0,0.0,0.0,0.0,0.6310744406673886,0
SESSION_OPERATING_POINT,B1,CONSERVATIVE,0.7,0.70,1.4,29,0.8072987347188022,0.7019609401457471,0.5626910452582125,0.8072987347188022,0.3297573070451434,0.5100639659561597,-0.3878685349164409,0.3297573070451434,0.0,0.0,0.0,0.0,0.6343061487076302,0
SESSION_OPERATING_POINT,B1,CONSERVATIVE,0.7,0.70,1.5,29,0.8084646012290347,0.7029333403752921,0.5605298675260564,0.8084646012290347,0.32913098853427025,0.5102874020390383,-0.38932425880105426,0.3293615765238155,0.0,0.0,0.0,0.0,0.6352221866799559,0
SESSION_OPERATING_POINT,B1,CONSERVATIVE,0.7,0.70,1.6,29,0.8143722363153166,0.7110688713876685,0.5492843824373866,0.8143722363153166,0.32616188860080075,0.5073339281440983,-0.3953306521252975,0.32628347563523913,0.0,0.0,0.0,0.0,0.6398638999620345,0
SESSION_OPERATING_POINT,B1,CONSERVATIVE,0.7,0.70,1.7,29,0.8189736963222947,0.7171992950149151,0.5395721922321298,0.8189736963222947,0.3225079832690809,0.5031600024315449,-0.39897185235704596,0.322911419220261,0.0,0.0,0.0,0.0,0.6434793328246601,0
SESSION_OPERATING_POINT,B1,CONSERVATIVE,0.7,0.70,1.8,29,0.819896960788301,0.7176237941298195,0.5378094959209525,0.819896960788301,0.32275473168695273,0.5055099803048905,-0.3997747857361233,0.32275473168695273,0.0,0.0,0.0,0.0,0.6442047549050937,0
SESSION_OPERATING_POINT,B1,CONSERVATIVE,0.7,0.70,1.9,29,0.8230469227176609,0.7224594333290013,0.5316853384561088,0.8230469227176609,0.32078629558413463,0.5026057223037166,-0.4028656876162802,0.32078629558413463,0.0,0.0,0.0,0.0,0.6466797249924479,0
SESSION_OPERATING_POINT,B1,CONSERVATIVE,0.8,0.80,0.5,29,0.8397120788430092,0.7514033361996916,0.499477603662418,0.8397120788430092,0.4395827963074297,0.6811052561551361,-0.4858934734865626,0.4419604663688331,0.08595486112630671,0.13334262863869642,-0.16061123699835977,0.08595486112630671,0.734748068987633,0
SESSION_OPERATING_POINT,B1,CONSERVATIVE,0.8,0.80,0.6,29,0.8494537003050955,0.7679021377459722,0.478629188496973,0.8494537003050955,0.43384488032794805,0.6694932218169489,-0.5023434255609053,0.43384488032794805,0.082193728982871,0.12676490423544268,-0.15916962612191046,0.082193728982871,0.7432719877669587,0
SESSION_OPERATING_POINT,B1,CONSERVATIVE,0.8,0.80,0.7,29,0.8538602119787914,0.7743551915126133,0.46741955566112575,0.8538602119787914,0.42232949433374606,0.6521730137736783,-0.5076305417652934,0.42716604770910444,0.08003448832008284,0.12361254420082532,-0.15710646288046684,0.08003448832008284,0.7471276854814425,0
SESSION_OPERATING_POINT,B1,CONSERVATIVE,0.8,0.80,0.8,29,0.8567371800418933,0.7786853884826087,0.461876943292461,0.8567371800418933,0.4238391984948365,0.6541806079362511,-0.5131088774184337,0.4257759031986057,0.07909527836122589,0.12220893130168263,-0.15716061533883274,0.07909527836122589,0.7496450325366567,0
SESSION_OPERATING_POINT,B1,CONSERVATIVE,0.8,0.80,0.9,29,0.864146547191262,0.7900940411779591,0.4445043965453469,0.864146547191262,0.4158457504178949,0.6423386185586798,-0.5226186018478473,0.41728323039473814,0.0759333693310039,0.11735768662598921,-0.15486839229800514,0.0759333693310039,0.7561282287923544,0
SESSION_OPERATING_POINT,B1,CONSERVATIVE,0.8,0.80,1.0,29,0.8683285654687424,0.7970597264009399,0.43483330516669905,0.8683285654687424,0.41205383965206827,0.6353320794534553,-0.5284080438091067,0.4121390045576669,0.0741230941418964,0.11426292429300937,-0.15359842323968878,0.0741230941418964,0.7597874947851497,0
SESSION_OPERATING_POINT,B1,CONSERVATIVE,0.8,0.80,1.1,29,0.8696631824310997,0.7995577983420857,0.4316302412808742,0.8696631824310997,0.4103078977622204,0.631312856627921,-0.5301203591312066,0.4103078977622204,0.07351554540692129,0.11307903641785817,-0.1531007075756778,0.07351554540692129,0.7609552846272124,0
SESSION_OPERATING_POINT,B1,CONSERVATIVE,0.8,0.80,1.2,29,0.8706175808283878,0.8014005620346353,0.4293147025745751,0.8706175808283878,0.40899815076145635,0.6281822035853903,-0.5312465949921161,0.40899815076145635,0.07307935934954199,0.11219925283872,-0.1527275000826041,0.07307935934954199,0.7617903832248394,0
SESSION_OPERATING_POINT,B1,CONSERVATIVE,0.8,0.80,1.3,29,0.8744974376362374,0.8064772975353884,0.4196154029364234,0.8744974376362374,0.40347321542237685,0.6225842170160405,-0.5346204884929575,0.40347321542237685,0.07131178587774269,0.10998952660780928,-0.1510258171352579,0.07131178587774269,0.765185257931708,0
SESSION_OPERATING_POINT,B1,CONSERVATIVE,0.8,0.80,1.4,29,0.8773505717536142,0.8103079416874291,0.4127187485851963,0.8773505717536142,0.3998091440799555,0.6184109674978417,-0.537840831589457,0.3998091440799555,0.07005183703481203,0.10834700154168214,-0.14997229667301618,0.07005183703481203,0.7676817502844123,0
SESSION_OPERATING_POINT,B1,CONSERVATIVE,0.8,0.80,1.5,29,0.8781760479358018,0.8110502119781414,0.41077908810813674,0.8781760479358018,0.3988424352410373,0.6184042736418874,-0.539075038218974,0.3990730232305825,0.0697114467067671,0.10811687160284918,-0.14975077941791964,0.0697114467067671,0.7684040419438269,0
SESSION_OPERATING_POINT,B1,CONSERVATIVE,0.8,0.80,1.6,29,0.8823209944796255,0.8168181106065522,0.4009130048414208,0.8823209944796255,0.39411064676510965,0.6130831673629821,-0.5437020297212632,0.394232233799548,0.06794875816430898,0.10574923921888371,-0.1483713775959659,0.06794875816430898,0.7720308701696725,0
SESSION_OPERATING_POINT,B1,CONSERVATIVE,0.8,0.80,1.7,29,0.8854481865854926,0.821022913690721,0.392800340665175,0.8854481865854926,0.38898247353227877,0.6069836211073504,-0.545743703924001,0.38938590948345886,0.06647449026319784,0.1038236186758055,-0.14677185156695494,0.06647449026319784,0.774767163262306,0
SESSION_OPERATING_POINT,B1,CONSERVATIVE,0.8,0.80,1.8,29,0.8861241976939409,0.8214337865392278,0.3912015981275025,0.8861241976939409,0.3889819685925926,0.609319972714299,-0.5463826835295733,0.3889819685925926,0.06622723690563984,0.10380999240940848,-0.14660789779344993,0.06622723690563984,0.7753586729821983,0
SESSION_OPERATING_POINT,B1,CONSERVATIVE,0.8,0.80,1.9,29,0.8883029183230017,0.8247848438346378,0.3859186518189481,0.8883029183230017,0.38604229118947536,0.6049311328093531,-0.548632374253441,0.38604229118947536,0.06525599560534069,0.1023254105056365,-0.1457666866371608,0.06525599560534069,0.7772650535326264,0
SESSION_OPERATING_POINT,B1,CONSERVATIVE,0.9,0.90,0.5,29,0.9216824432211068,0.8785439286206028,0.2982270824706966,0.9216824432211068,0.5215531606855272,0.8082458485760475,-0.6871439946782839,0.5239308307469307,0.16792522550440428,0.26048322105960764,-0.3618617581900811,0.16792522550440428,0.8704778630421564,0
SESSION_OPERATING_POINT,B1,CONSERVATIVE,0.9,0.90,0.6,29,0.9268828014098304,0.8872885088772433,0.2832667238209846,0.9268828014098304,0.5112739814326827,0.7888795929482201,-0.6977058902368938,0.5112739814326827,0.15962283008760572,0.24615127536671386,-0.3545320907978989,0.15962283008760572,0.8753893124426175,0
SESSION_OPERATING_POINT,B1,CONSERVATIVE,0.9,0.90,0.7,29,0.9290617827209287,0.8904795878819638,0.2760331921804796,0.9290617827209287,0.49753106507588324,0.7682974101430288,-0.6990169052459395,0.5023676184512417,0.15523605906222002,0.23973694057017575,-0.34849282636111295,0.15523605906222002,0.8774472392364328,0
SESSION_OPERATING_POINT,B1,CONSERVATIVE,0.9,0.90,0.8,29,0.9306666544800241,0.8928988316842081,0.27176252487710834,0.9306666544800241,0.4977686729329671,0.7683940511378506,-0.7032232958337861,0.4997053776367364,0.15302475279935648,0.23642237450328224,-0.34727503375418517,0.15302475279935648,0.8789629514533559,0
SESSION_OPERATING_POINT,B1,CONSERVATIVE,0.9,0.90,0.9,29,0.9345169554361898,0.8988324621039502,0.25991364931297817,0.9345169554361898,0.4862161586628227,0.7510770394846709,-0.7072093490802162,0.4876536386396659,0.14630377757593155,0.2260961075519803,-0.33945913953037393,0.14630377757593155,0.8825993468008458,0
SESSION_OPERATING_POINT,B1,CONSERVATIVE,0.9,0.90,1.0,29,0.9366844888105447,0.9024197883022854,0.2533116532831373,0.9366844888105447,0.48040976299387056,0.7406921413548008,-0.7099296956926685,0.4804949278994693,0.14247901748369865,0.2196229861943549,-0.33512007512325054,0.14247901748369865,0.8846464616544033,0
SESSION_OPERATING_POINT,B1,CONSERVATIVE,0.9,0.90,1.1,29,0.9373649981465029,0.9036809705531949,0.2511740256878447,0.9373649981465029,0.4780097134776234,0.7354360288390301,-0.7105765747242361,0.4780097134776234,0.14121736112232436,0.21720220862896752,-0.33355692316870744,0.14121736112232436,0.8852891649161415,0
SESSION_OPERATING_POINT,B1,CONSERVATIVE,0.9,0.90,1.2,29,0.9378508318629378,0.9046088364156522,0.2496356816151946,0.9378508318629378,0.4762314017960064,0.7313904779664072,-0.710925615951497,0.4762314017960064,0.14031261038409207,0.21540752721973686,-0.3324065210419848,0.14031261038409207,0.8857480078705524,0
SESSION_OPERATING_POINT,B1,CONSERVATIVE,0.9,0.90,1.3,29,0.9398313219335289,0.9072287984742511,0.2432390999976895,0.9398313219335289,0.4688070997196685,0.7233357179549029,-0.7109967914316916,0.4688070997196685,0.13664567017503432,0.2107410275466718,-0.3274021200739917,0.13664567017503432,0.8876184707149997,0
SESSION_OPERATING_POINT,B1,CONSERVATIVE,0.9,0.90,1.4,29,0.9413002639782815,0.9092147401167856,0.23861239838709905,0.9413002639782815,0.46375883630462295,0.7173177659271983,-0.7119471817875542,0.46375883630462295,0.13400152925947947,0.2072537999710385,-0.32407864687111343,0.13400152925947947,0.8890058048683771,0
SESSION_OPERATING_POINT,B1,CONSERVATIVE,0.9,0.90,1.5,29,0.9417315573208206,0.9096236223009726,0.23727821967628596,0.9417315573208206,0.46239794462605616,0.7169776839647186,-0.7125759066508249,0.4626285326156014,0.133266956091786,0.20669028192568042,-0.32325164784977045,0.133266956091786,0.8894131374696641,0
SESSION_OPERATING_POINT,B1,CONSERVATIVE,0.9,0.90,1.6,29,0.9438898669828211,0.9126517986449049,0.23057403944482494,0.9438898669828211,0.4556795192683052,0.7089168554013349,-0.7140409951178591,0.45580110630274356,0.12951763066750446,0.20158292725723628,-0.3187103429925617,0.12951763066750446,0.8914515410393309,0
SESSION_OPERATING_POINT,B1,CONSERVATIVE,0.9,0.90,1.7,29,0.9454693470284845,0.9147905402799381,0.2253197632633514,0.9454693470284845,0.4490036339752707,0.7007512476965678,-0.7132242813258245,0.4494070699264508,0.1264956507061898,0.19759124526502286,-0.3142524289687785,0.1264956507061898,0.8929432721935688,0
SESSION_OPERATING_POINT,B1,CONSERVATIVE,0.9,0.90,1.8,29,0.945834151104879,0.9150528777446558,0.2241971511357153,0.945834151104879,0.44869192200353075,0.7029390639197269,-0.7133871305213606,0.44869192200353075,0.12593719031657807,0.19742908361483646,-0.3136123447852372,0.12593719031657807,0.8932878093768303,0
SESSION_OPERATING_POINT,B1,CONSERVATIVE,0.9,0.90,1.9,29,0.9469537181787797,0.9167775545432411,0.2206661428075989,0.9469537181787797,0.44469309104525356,0.6969238435179566,-0.7138848832647903,0.44469309104525356,0.12390679546111902,0.19431812121423991,-0.31101919564850994,0.12390679546111902,0.894345178279959,0
SESSION_OPERATING_POINT,B1,CONSERVATIVE,0.95,0.95,0.5,29,0.9612786889504462,0.9399526807819872,0.17298725111571372,0.9612786889504462,0.5611494064148668,0.8696546007374321,-0.8123838260332669,0.5635270764762703,0.20752147123374384,0.3218919732209921,-0.487101589545064,0.20752147123374384,0.9359818813464872,0
SESSION_OPERATING_POINT,B1,CONSERVATIVE,0.95,0.95,0.6,29,0.9639545480057379,0.9444384648652935,0.16347152203247045,0.9639545480057379,0.5483457280285903,0.8460295489362701,-0.8175010920254079,0.5483457280285903,0.1966945766835133,0.30330123135476394,-0.47432729258641304,0.1966945766835133,0.9385873230582185,0
SESSION_OPERATING_POINT,B1,CONSERVATIVE,0.95,0.95,0.7,29,0.9650315253003163,0.946015186613211,0.1591405676614216,0.9650315253003163,0.5335008076552711,0.8238330088742761,-0.8159095297649976,0.5383373610306295,0.19120580164160786,0.29527253930142305,-0.465385450880171,0.19120580164160786,0.9396359588450448,0
SESSION_OPERATING_POINT,B1,CONSERVATIVE,0.95,0.95,0.8,29,0.9658757518619512,0.9472887039955601,0.1563216724758127,0.9658757518619512,0.5329777703148942,0.8227839234492025,-0.8186641482350819,0.5349144750186634,0.1882338501812836,0.2908122468146342,-0.4627158861554809,0.1882338501812836,0.9404579689182155,0
SESSION_OPERATING_POINT,B1,CONSERVATIVE,0.95,0.95,0.9,29,0.9678317614555533,0.9503041944747096,0.1489767852234788,0.9678317614555533,0.5195309646821861,0.80254877185543,-0.8181462131697154,0.5209684446590294,0.17961858359529514,0.2775678399227396,-0.45039600361987325,0.17961858359529514,0.9423625045751439,0
SESSION_OPERATING_POINT,B1,CONSERVATIVE,0.95,0.95,1.0,29,0.9689320924994301,0.9521202575080241,0.14487987020254903,0.9689320924994301,0.5126573666827561,0.7903926105605393,-0.8183614787732567,0.5127425315883547,0.17472662117258414,0.2693234554000935,-0.4435518582038388,0.17472662117258414,0.9434338795389189,0
SESSION_OPERATING_POINT,B1,CONSERVATIVE,0.95,0.95,1.1,29,0.9692746367300424,0.9527524594527582,0.14357043200588385,0.9692746367300424,0.5099193520611629,0.7845075177385936,-0.8181801684061971,0.5099193520611629,0.17312699970586384,0.266273697528531,-0.4411605168506681,0.17312699970586384,0.9437674094476727,0
SESSION_OPERATING_POINT,B1,CONSERVATIVE,0.95,0.95,1.2,29,0.969518952762847,0.9532169128862,0.14263040102046465,0.969518952762847,0.5078995226959155,0.7799985544369549,-0.8179308965462266,0.5078995226959155,0.1719807312840012,0.2640156036902845,-0.43941180163671456,0.1719807312840012,0.9440052961111931,0
SESSION_OPERATING_POINT,B1,CONSERVATIVE,0.95,0.95,1.3,29,0.9705168036872341,0.9545430708997091,0.13873259887302786,0.9705168036872341,0.4994925814733734,0.7706499903803609,-0.8155032925563529,0.4994925814733734,0.1673311519287393,0.25805529997212967,-0.4319086211986535,0.1673311519287393,0.9449768878007277,0
SESSION_OPERATING_POINT,B1,CONSERVATIVE,0.95,0.95,1.4,29,0.9712598527200849,0.9555505754334123,0.13588882071565633,0.9712598527200849,0.4937184250464264,0.7636536012438249,-0.814670759458997,0.4937184250464264,0.16396111800128296,0.25358963528766515,-0.4268022245425561,0.16396111800128296,0.9457003829116616,0
SESSION_OPERATING_POINT,B1,CONSERVATIVE,0.95,0.95,1.5,29,0.971479243932623,0.9557629566574084,0.13506032324620057,0.971479243932623,0.4921456312378584,0.7631170183211546,-0.8147938030809102,0.4923762192274037,0.16301464270358818,0.25282961628211625,-0.4254695442798558,0.16301464270358818,0.9459140006712383,0
SESSION_OPERATING_POINT,B1,CONSERVATIVE,0.95,0.95,1.6,29,0.9725771348646466,0.9573087297424943,0.13090943639493144,0.9725771348646466,0.48436678715013065,0.7535737864989243,-0.8137055981677527,0.484488374184569,0.1582048985493299,0.24623985835482592,-0.41837494604245523,0.1582048985493299,0.9469829997366295,0
SESSION_OPERATING_POINT,B1,CONSERVATIVE,0.95,0.95,1.7,29,0.9733688309876404,0.9583838858809745,0.12773932729473975,0.9733688309876404,0.4769031179344264,0.744344593297604,-0.8108047172944362,0.4773065538856065,0.1543951346653455,0.24118459086605912,-0.4118328649373902,0.1543951346653455,0.9477538617511234,0
SESSION_OPERATING_POINT,B1,CONSERVATIVE,0.95,0.95,1.8,29,0.9735573421365585,0.9585280892141573,0.12703299144676147,0.9735573421365585,0.4764151130352101,0.7464142753892282,-0.8105512902103146,0.4764151130352101,0.1536603813482574,0.24090429508433775,-0.41077650447419106,0.1536603813482574,0.9479374120803332,0
SESSION_OPERATING_POINT,B1,CONSERVATIVE,0.95,0.95,1.9,29,0.9741232834166846,0.9594005067912147,0.12486551792842603,0.9741232834166846,0.4718626562831582,0.7395467957659299,-0.809685508143963,0.4718626562831582,0.1510763606990237,0.23694107346221335,-0.4068198205276828,0.1510763606990237,0.9484884601688771,0
SESSION_OPERATING_POINT,B1,CONSERVATIVE,0.98,0.98,0.5,29,0.9846141523072136,0.9761408325376538,0.08182513717168641,0.9846141523072136,0.5844848697716342,0.9058427524930986,-0.9035459399772943,0.5868625398330377,0.2308569345905113,0.35808012497665886,-0.5782637034890914,0.2308569345905113,0.9745670691204055,0
SESSION_OPERATING_POINT,B1,CONSERVATIVE,0.98,0.98,0.6,29,0.9857018702695111,0.9779611742752785,0.07701960798516773,0.9857018702695111,0.5700930502923636,0.8795522583462553,-0.9039530060727108,0.5700930502923636,0.2184418989472865,0.33682394076474914,-0.5607792066337157,0.2184418989472865,0.975643687919822,0
SESSION_OPERATING_POINT,B1,CONSERVATIVE,0.98,0.98,0.7,29,0.9861288983251906,0.9785861732853618,0.07492815001968237,0.9861288983251906,0.5545981806801453,0.8564039955464267,-0.9001219474067369,0.5594347340555038,0.21230317466648205,0.32784352597357364,-0.5495978685219103,0.21230317466648205,0.9760663585463621,0
SESSION_OPERATING_POINT,B1,CONSERVATIVE,0.98,0.98,0.8,29,0.9864766617544375,0.9791109884795849,0.07346755549690437,0.9864766617544375,0.5535786802073805,0.8546062079332274,-0.9015182652139904,0.5555153849111498,0.20883476007377003,0.32263453129865893,-0.5455700031343892,0.20883476007377003,0.9764105733691879,0
SESSION_OPERATING_POINT,B1,CONSERVATIVE,0.98,0.98,0.9,29,0.9872658450001393,0.9803278886249986,0.06982473207573478,0.9872658450001393,0.5389650482267723,0.8325724660057193,-0.8972982663174593,0.5404025282036155,0.19905266713988115,0.30759153407302864,-0.5295480567676173,0.19905266713988115,0.9771917037246278,0
SESSION_OPERATING_POINT,B1,CONSERVATIVE,0.98,0.98,1.0,29,0.9877096716662689,0.981059284134356,0.06779021354468437,0.9877096716662689,0.5314349458495947,0.8193316371868715,-0.8954511354311214,0.5315201107551933,0.1935042003394228,0.29826248202642547,-0.5206415148617035,0.1935042003394228,0.9776310015472255,0
SESSION_OPERATING_POINT,B1,CONSERVATIVE,0.98,0.98,1.1,29,0.9878471283420811,0.9813123967972671,0.06714612430600414,0.9878471283420811,0.5284918436732018,0.8130674550831027,-0.8946044761060766,0.5284918436732018,0.19169949131790262,0.29483363487304004,-0.5175848245505479,0.19169949131790262,0.9777670556038969,0
SESSION_OPERATING_POINT,B1,CONSERVATIVE,0.98,0.98,1.2,29,0.9879451073985465,0.981498183696214,0.06668458560207342,0.9879451073985465,0.526325677331615,0.808279825246969,-0.893876711964618,0.526325677331615,0.1904068859197006,0.2922968745002986,-0.515357617055106,0.1904068859197006,0.9778640348740715,0
SESSION_OPERATING_POINT,B1,CONSERVATIVE,0.98,0.98,1.3,29,0.9883457954103618,0.9820320644359517,0.06477474541697277,0.9883457954103618,0.5173215731965013,0.7981389839166034,-0.8894611460124081,0.5173215731965013,0.1851601436518671,0.28554429350837224,-0.5058664746547086,0.1851601436518671,0.9782606342327053,0
SESSION_OPERATING_POINT,B1,CONSERVATIVE,0.98,0.98,1.4,29,0.9886448500093967,0.9824382070003594,0.06337278396558768,0.9886448500093967,0.5111034223357381,0.790541232810772,-0.8871867962090655,0.5111034223357381,0.18134611529059466,0.28047726685461244,-0.49931826129262474,0.18134611529059466,0.9785566372541987,0
SESSION_OPERATING_POINT,B1,CONSERVATIVE,0.98,0.98,1.5,29,0.9887334028709875,0.9825248931484477,0.062961868315865,0.9887334028709875,0.5093997901762229,0.789878954812194,-0.8868922580112458,0.5096303781657683,0.18026880164195264,0.2795915527731556,-0.49756799921019146,0.18026880164195264,0.9786442865151612,0
SESSION_OPERATING_POINT,B1,CONSERVATIVE,0.98,0.98,1.6,29,0.9891767485827497,0.983150312116347,0.060904778767713885,0.9891767485827497,0.5009664008682339,0.7794153688727768,-0.8837102557949702,0.5010879879026722,0.17480451226743315,0.27208144072867857,-0.48837960366967276,0.17480451226743315,0.979083108291089,0
SESSION_OPERATING_POINT,B1,CONSERVATIVE,0.98,0.98,1.7,29,0.9894936817285097,0.9835814092628138,0.059362860382963734,0.9894936817285097,0.49302796867529575,0.7695421166794435,-0.8791811842062123,0.49343140462647583,0.17051998540621488,0.26638211424789854,-0.4802093318491661,0.17051998540621488,0.9793968074251574,0
SESSION_OPERATING_POINT,B1,CONSERVATIVE,0.98,0.98,1.8,29,0.9895704817867345,0.9836420774150285,0.05900930782715174,0.9895704817867345,0.4924282526853863,0.7715282635900994,-0.8785749738299239,0.4924282526853863,0.16967352099843358,0.266018283285209,-0.47880018809380076,0.16967352099843358,0.9794728238093187,0
SESSION_OPERATING_POINT,B1,CONSERVATIVE,0.98,0.98,1.9,29,0.9897981818119532,0.9839932187535002,0.057941445590282734,0.9897981818119532,0.48753755467842685,0.7641395077282156,-0.8766095804821062,0.48753755467842685,0.16675125909429228,0.2615337854244988,-0.4737438928658261,0.16675125909429228,0.9796982003648925,0
SESSION_OPERATING_POINT,B1,CONSERVATIVE,0.99,0.99,0.5,29,0.9923240012139926,0.9880967501614929,0.04570759538469633,0.9923240012139926,0.592194718678413,0.9177986701169377,-0.9396634817642842,0.5945723887398165,0.23856678349729013,0.3700360426004978,-0.6143812452760815,0.23856678349729013,0.9873122638341238,0
SESSION_OPERATING_POINT,B1,CONSERVATIVE,0.99,0.99,0.6,29,0.9928706928485103,0.9890111623147085,0.04294243068411007,0.9928706928485103,0.5772618728713627,0.8906022463856854,-0.9380301833737682,0.5772618728713627,0.22561072152628567,0.3478739288041793,-0.5948563839347734,0.22561072152628567,0.9878561943997803,0
SESSION_OPERATING_POINT,B1,CONSERVATIVE,0.99,0.99,0.7,29,0.9930835188122318,0.9893226194386857,0.0417627966390207,0.9930835188122318,0.5615528011671864,0.8671404416997508,-0.9332873007873985,0.566389354542545,0.21925779515352325,0.3385799721268978,-0.5827632219025719,0.21925779515352325,0.9880679454848974,0
SESSION_OPERATING_POINT,B1,CONSERVATIVE,0.99,0.99,0.8,29,0.9932590836695806,0.989587602321778,0.04091312346668679,0.9932590836695806,0.5603611021225239,0.8650828217754204,-0.9340726972442077,0.562297806826293,0.21561718198891333,0.3331111451408521,-0.578124435164607,0.21561718198891333,0.9882426236510473,0
SESSION_OPERATING_POINT,B1,CONSERVATIVE,0.99,0.99,0.9,29,0.9936547560400015,0.9901977596683786,0.038833611310999584,0.9936547560400015,0.5453539592666344,0.8424423370490991,-0.9282893870821944,0.5467914392434776,0.2054415781797434,0.31746140511640875,-0.5605391775323525,0.2054415781797434,0.9886362976761632,0
SESSION_OPERATING_POINT,B1,CONSERVATIVE,0.99,0.99,1.0,29,0.9938772633700631,0.9905642545612883,0.03767131104874179,0.9938772633700631,0.5376025375533892,0.8288366076138035,-0.9255700379270639,0.5376877024589878,0.19967179204321722,0.30776745245335785,-0.550760417357646,0.19967179204321722,0.9888576812318306,0
SESSION_OPERATING_POINT,B1,CONSERVATIVE,0.99,0.99,1.1,29,0.9939460563515471,0.9906908376604143,0.03730490803922386,0.9939460563515471,0.5345907716826679,0.8224458959462498,-0.9244456923728567,0.5345907716826679,0.1977984193273687,0.3042120757361872,-0.5474260408173282,0.1977984193273687,0.9889261267740144,0
SESSION_OPERATING_POINT,B1,CONSERVATIVE,0.99,0.99,1.2,29,0.9939950815720715,0.9907837228657662,0.037042575564021116,0.9939950815720715,0.5323756515051403,0.8175653644165212,-0.9235187220026703,0.5323756515051403,0.1964568600932259,0.3015824136698507,-0.5449996270931582,0.1964568600932259,0.9889749043924149,0
SESSION_OPERATING_POINT,B1,CONSERVATIVE,0.99,0.99,1.3,29,0.994195662050782,0.9910511968011723,0.03595826213064028,0.994195662050782,0.5231714398369217,0.8071581162818242,-0.9182776292987406,0.5231714398369217,0.1910100102922876,0.294563425873593,-0.5346829579410411,0.1910100102922876,0.9891744718384046,0
SESSION_OPERATING_POINT,B1,CONSERVATIVE,0.99,0.99,1.4,29,0.994345477791627,0.9912547645096494,0.035160097211702525,0.994345477791627,0.516804050117968,0.799357790320062,-0.9153994829629507,0.516804050117968,0.18704674307282468,0.28929382436390233,-0.5275309480465099,0.18704674307282468,0.9893235309340933,0
SESSION_OPERATING_POINT,B1,CONSERVATIVE,0.99,0.99,1.5,29,0.9943898788912272,0.9912983829474624,0.034925612217992494,0.9943898788912272,0.5150562661964625,0.7986524446112085,-0.914928514109118,0.5152868541860078,0.1859252776621923,0.2883650425721701,-0.5256042553080639,0.1859252776621923,0.9893677077857158,0
SESSION_OPERATING_POINT,B1,CONSERVATIVE,0.99,0.99,1.6,29,0.9946122258705716,0.9916122385512738,0.03375183200443726,0.9946122258705716,0.5064018781560558,0.7878772953077037,-0.9108632025582468,0.5065234651904941,0.180239989555255,0.28054336716360545,-0.5155325504329494,0.180239989555255,0.989588931800518,0
SESSION_OPERATING_POINT,B1,CONSERVATIVE,0.99,0.99,1.7,29,0.9947707185381518,0.9918279325473219,0.03287935618952137,0.9947707185381518,0.498305005484938,0.7777886399639514,-0.9056646883996544,0.49870844143611814,0.1757970222158571,0.2746286375324065,-0.5066928360426084,0.1757970222158571,0.9897466240000804,0
SESSION_OPERATING_POINT,B1,CONSERVATIVE,0.99,0.99,1.8,29,0.9948093454846687,0.9918587530648764,0.03267687758655877,0.9948093454846687,0.49766711638332023,0.7797449392399473,-0.9049074040705172,0.49766711638332023,0.17491238469636755,0.27423495893505684,-0.5051326183343936,0.17491238469636755,0.9897850558610085,0
SESSION_OPERATING_POINT,B1,CONSERVATIVE,0.99,0.99,1.9,29,0.9949234040914369,0.9920346670987334,0.0320690416480203,0.9949234040914369,0.4926627769579107,0.7721809560734488,-0.9024819844243687,0.4926627769579107,0.17187648137377615,0.26957523376973225,-0.4996162968080885,0.17187648137377615,0.9898985384142077,0
SESSION_OPERATING_POINT,B1,CONSERVATIVE,1.0,1.00,0.5,29,1.0,1.0,0.0,1.0,0.5998707174644206,0.9297019199554447,-0.9853710771489806,0.602248387525824,0.24624278228329755,0.38193929243900493,-0.6600888406607779,0.24624278228329755,1.0,0
SESSION_OPERATING_POINT,B1,CONSERVATIVE,1.0,1.00,0.6,29,1.0,1.0,0.0,1.0,0.5843911800228523,0.9015910840709769,-0.9809726140578785,0.5843911800228523,0.23274002867777543,0.35886276648947063,-0.6377988146188833,0.23274002867777543,1.0,0
SESSION_OPERATING_POINT,B1,CONSERVATIVE,1.0,1.00,0.7,29,1.0,1.0,0.0,1.0,0.5684692823549548,0.877817822261065,-0.9750500974264193,0.5733058357303129,0.22617427634129145,0.349257352688212,-0.6245260185415924,0.22617427634129145,1.0,0
SESSION_OPERATING_POINT,B1,CONSERVATIVE,1.0,1.00,0.8,29,1.0,1.0,0.0,1.0,0.5671020184529432,0.8754952194536426,-0.9749858207108946,0.5690387231567123,0.22235809831933256,0.34352354281907393,-0.6190375586312936,0.22235809831933256,1.0,0
SESSION_OPERATING_POINT,B1,CONSERVATIVE,1.0,1.00,0.9,29,1.0,1.0,0.0,1.0,0.5516992032266328,0.8522445773807202,-0.9671229983931944,0.5531366832034761,0.21178682213974184,0.32726364544803,-0.599372788843352,0.21178682213974184,1.0,0
SESSION_OPERATING_POINT,B1,CONSERVATIVE,1.0,1.00,1.0,29,1.0,1.0,0.0,1.0,0.5437252741833258,0.8382723530525155,-0.9632413489758058,0.5438104390889246,0.205794528673154,0.3172031978920695,-0.5884317284063878,0.205794528673154,1.0,0
SESSION_OPERATING_POINT,B1,CONSERVATIVE,1.0,1.00,1.1,29,1.0,1.0,0.0,1.0,0.5406447153311206,0.8317550582858353,-0.9617506004120808,0.5406447153311206,0.20385236297582143,0.3135212380757727,-0.584730948856552,0.20385236297582143,1.0,0
SESSION_OPERATING_POINT,B1,CONSERVATIVE,1.0,1.00,1.2,29,1.0,1.0,0.0,1.0,0.5383805699330686,0.826781641550755,-0.9605612975666914,0.5383805699330686,0.20246177852115418,0.3107986908040845,-0.5820422026571792,0.20246177852115418,1.0,0
SESSION_OPERATING_POINT,B1,CONSERVATIVE,1.0,1.00,1.3,29,1.0,1.0,0.0,1.0,0.5289757777861395,0.816106919480652,-0.9542358914293809,0.5289757777861395,0.19681434824150532,0.30351222907242065,-0.5706412200716812,0.19681434824150532,1.0,0
SESSION_OPERATING_POINT,B1,CONSERVATIVE,1.0,1.00,1.4,29,1.0,1.0,0.0,1.0,0.5224585723263414,0.8081030258104127,-0.9505595801746533,0.5224585723263414,0.19270126528119796,0.29803905985425294,-0.5626910452582125,0.19270126528119796,1.0,0
SESSION_OPERATING_POINT,B1,CONSERVATIVE,1.0,1.00,1.5,29,1.0,1.0,0.0,1.0,0.5206663873052355,0.8073540616637461,-0.9498541263271106,0.5208969752947807,0.1915353987709652,0.29706665962470774,-0.5605298675260564,0.1915353987709652,1.0,0
SESSION_OPERATING_POINT,B1,CONSERVATIVE,1.0,1.00,1.6,29,1.0,1.0,0.0,1.0,0.5117896522854841,0.79626505675643,-0.9446150345626839,0.5119112393199226,0.1856277636846834,0.2889311286123316,-0.5492843824373866,0.1856277636846834,1.0,0
SESSION_OPERATING_POINT,B1,CONSERVATIVE,1.0,1.00,1.7,29,1.0,1.0,0.0,1.0,0.5035342869467861,0.7859607074166296,-0.9385440445891757,0.5039377228979662,0.18102630367770522,0.28280070498508475,-0.5395721922321298,0.18102630367770522,1.0,0
SESSION_OPERATING_POINT,B1,CONSERVATIVE,1.0,1.00,1.8,29,1.0,1.0,0.0,1.0,0.5028577708986517,0.7878861861750711,-0.937584281657076,0.5028577708986517,0.18010303921169893,0.28237620587018064,-0.5378094959209525,0.18010303921169893,1.0,0
SESSION_OPERATING_POINT,B1,CONSERVATIVE,1.0,1.00,1.9,29,1.0,1.0,0.0,1.0,0.4977393728664737,0.7801462889747153,-0.9345510260723889,0.4977393728664737,0.17695307728233914,0.27754056667099875,-0.5316853384561088,0.17695307728233914,1.0,0
SESSION_OPERATING_POINT,B2,FAST,0.3333333333333333,0.333333,0.5,29,0.41272258538078616,0.09457156444777971,0.9825823519836574,0.40427973330404454,-4.402608545927345e-17,-5.3596973602593766e-17,1.914177628664063e-17,-5.3596973602593766e-17,-0.3452809428230658,-0.5307164791732312,0.3304904332186778,-0.3537237948998075,7.372191723373878e-17,29
SESSION_OPERATING_POINT,B2,FAST,0.3333333333333333,0.333333,0.6,29,0.42515511738481776,0.10909203191060288,0.9761785334691273,0.42146322442091216,-4.0197730201945323e-17,-5.74253288599219e-17,1.914177628664063e-17,-4.594026308793751e-17,-0.3454424736793104,-0.5347719130263141,0.34584029036686614,-0.349134366643216,7.636170401263551e-17,29
SESSION_OPERATING_POINT,B2,FAST,0.3333333333333333,0.333333,0.7,29,0.42938357289380413,0.11861921187228247,0.9742213945514853,0.4264800813548387,-5.16827959739297e-17,-6.508203937457814e-17,0.0,-5.74253288599219e-17,-0.34460934731712506,-0.5318948525498718,0.34990605765086236,-0.34751283885609036,8.759440209888796e-17,29
SESSION_OPERATING_POINT,B2,FAST,0.3333333333333333,0.333333,0.8,29,0.4408040370320134,0.13068114642436207,0.9690803193704414,0.4391258180593873,-4.976861834526564e-17,-5.74253288599219e-17,1.5313421029312504e-17,-5.74253288599219e-17,-0.34210026786207043,-0.5314550542432774,0.3606016310361966,-0.34377848683469653,8.10072480066347e-17,29
SESSION_OPERATING_POINT,B2,FAST,0.3333333333333333,0.333333,0.9,29,0.44749435787015385,0.14060234447162176,0.96391615685725,0.447384139118115,-5.16827959739297e-17,-6.891039463190627e-17,3.828355257328126e-18,-5.3596973602593766e-17,-0.34045857353735404,-0.5295123750821317,0.36533278593305085,-0.34056879228939296,8.081349741720444e-17,29
SESSION_OPERATING_POINT,B2,FAST,0.3333333333333333,0.333333,1.0,29,0.45549171064021665,0.15363024959155244,0.9610087476359112,0.4548515082791661,-6.508203937457814e-17,-7.082457226057034e-17,3.062684205862501e-17,-6.69962170032422e-17,-0.3375320838689043,-0.5245295430081105,0.3715180573295218,-0.33817228622995493,8.000827092610691e-17,29
SESSION_OPERATING_POINT,B2,FAST,0.3333333333333333,0.333333,1.1,29,0.46542725154031406,0.16719297756345486,0.9563579716013193,0.4639972423011123,-5.74253288599219e-17,-7.656710514656253e-17,7.656710514656252e-18,-5.933950648858595e-17,-0.33357275725278107,-0.5194622533253005,0.3781398788947348,-0.3350027664919829,9.185992940805997e-17,29
SESSION_OPERATING_POINT,B2,FAST,0.3333333333333333,0.333333,1.2,29,0.4723923818742483,0.1790167570312296,0.9530390140743916,0.4708487664379712,-5.933950648858595e-17,-6.891039463190627e-17,1.5313421029312504e-17,-6.125368411725002e-17,-0.33086602471571186,-0.514588993773466,0.3828987093864208,-0.332409640151989,8.192245535466322e-17,29
SESSION_OPERATING_POINT,B2,FAST,0.3333333333333333,0.333333,1.3,29,0.4796122919946786,0.1921491346140843,0.9485555856954326,0.478603681264421,-4.976861834526564e-17,-6.891039463190627e-17,6.125368411725002e-17,-5.16827959739297e-17,-0.32817474871764624,-0.509333474786765,0.38732100655466317,-0.3291833594479038,9.341098675826182e-17,29
SESSION_OPERATING_POINT,B2,FAST,0.3333333333333333,0.333333,1.4,29,0.4865879988084225,0.201820180646123,0.9447468061366138,0.4860768402463308,-6.891039463190627e-17,-7.656710514656253e-17,2.2970131543968756e-17,-7.082457226057034e-17,-0.3260437015520836,-0.5068153250720068,0.3926072959032727,-0.3265548601141752,9.484575334829015e-17,29
SESSION_OPERATING_POINT,B2,FAST,0.3333333333333333,0.333333,1.5,29,0.49442910048189226,0.21203566072139343,0.9394655816987039,0.4938742466527708,-6.316786174591408e-17,-8.422381566121877e-17,3.062684205862501e-17,-6.508203937457814e-17,-0.3230142835449429,-0.5032948931476963,0.39694158213077396,-0.32356913737406434,1.1765416827032333e-16,29
SESSION_OPERATING_POINT,B2,FAST,0.3333333333333333,0.333333,1.6,29,0.5004789579374512,0.22174224594292388,0.93583846878533,0.5000510535301013,-5.74253288599219e-17,-7.082457226057034e-17,1.1485065771984378e-17,-5.933950648858595e-17,-0.320537249724381,-0.4992503710544131,0.40038713935273157,-0.3209651541317309,8.798707341530169e-17,29
SESSION_OPERATING_POINT,B2,FAST,0.3333333333333333,0.333333,1.7,29,0.507385709469936,0.23575287472975265,0.9323407262406307,0.507385709469936,-6.316786174591408e-17,-8.422381566121877e-17,7.656710514656252e-18,-6.316786174591408e-17,-0.3181216407817231,-0.493521699481398,0.40539621894285105,-0.3181216407817231,1.0292809451723446e-16,29
SESSION_OPERATING_POINT,B2,FAST,0.3333333333333333,0.333333,1.8,29,0.5097356456684492,0.24140588608782232,0.931328739311475,0.5097356456684492,-6.125368411725002e-17,-8.039546040389065e-17,3.828355257328126e-17,-6.125368411725002e-17,-0.3171903348182945,-0.49078864482487683,0.4070146507212165,-0.3171903348182945,1.1080145089931442e-16,29
SESSION_OPERATING_POINT,B2,FAST,0.3333333333333333,0.333333,1.9,29,0.5142695660051483,0.2461149471194491,0.9281698225210159,0.5142695660051483,-7.656710514656253e-17,-8.996634854721096e-17,2.6798486801296883e-17,-7.656710514656253e-17,-0.3153429710600722,-0.48942373779775694,0.40932393982692084,-0.3153429710600722,1.1196880373635223e-16,29
SESSION_OPERATING_POINT,B2,FAST,0.5,0.50,0.5,29,0.5745022613215646,0.3412026657049734,0.882890156647402,0.5745022613215646,0.1617796759407783,0.24663110125719365,-0.09969219533625548,0.17022252801751997,-0.1835012668822875,-0.2840853779160375,0.23079823788242235,-0.1835012668822875,0.2872511306607823,29
SESSION_OPERATING_POINT,B2,FAST,0.5,0.50,0.6,29,0.5915906564177564,0.36592196974637686,0.8661831125284442,0.5915906564177564,0.16643553903293867,0.2568299378357739,-0.10999542094068293,0.17012743199684427,-0.17900693464637174,-0.2779419751905402,0.23584486942618316,-0.17900693464637174,0.2957953282088782,29
SESSION_OPERATING_POINT,B2,FAST,0.5,0.50,0.7,29,0.5963851530058153,0.37576142928117523,0.8613215991986579,0.5963851530058153,0.16700158011201116,0.25714221740889276,-0.11289979535282738,0.16990507165097649,-0.1776077672051138,-0.2747526351409791,0.23700626229803498,-0.1776077672051138,0.29819257650290765,29
SESSION_OPERATING_POINT,B2,FAST,0.5,0.50,0.8,29,0.6087268354142513,0.3911443995146213,0.8487206588198698,0.6087268354142513,0.16792279838223784,0.26046325309025914,-0.12035966055057142,0.16960101735486394,-0.17417746947983256,-0.27099180115301824,0.24024197048562518,-0.17417746947983256,0.30436341770712566,29
SESSION_OPERATING_POINT,B2,FAST,0.5,0.50,0.9,29,0.6162049681271754,0.4029592382549055,0.8396011851909875,0.6162049681271754,0.1687106102570216,0.2623568937832837,-0.1243149716662624,0.16882082900906048,-0.17174796328033234,-0.26715548129884803,0.24101781426678848,-0.17174796328033234,0.3081024840635877,29
SESSION_OPERATING_POINT,B2,FAST,0.5,0.50,1.0,29,0.6233761796291547,0.41437888528064293,0.8322666334425861,0.6233761796291547,0.167884468988938,0.26074863568909046,-0.12874211419332493,0.16852467134998858,-0.1696476148799663,-0.26378090731902,0.24277594313619677,-0.1696476148799663,0.31168808981457735,29
SESSION_OPERATING_POINT,B2,FAST,0.5,0.50,1.1,29,0.6319956331675297,0.4262785369868634,0.822577394177387,0.6319956331675297,0.16656838162721568,0.25908555942340855,-0.13378057742393223,0.1679983908664175,-0.16700437562556533,-0.26037669390189194,0.24435930147080254,-0.16700437562556533,0.31599781658376486,29
SESSION_OPERATING_POINT,B2,FAST,0.5,0.50,1.2,29,0.6382886270005731,0.4366918868630088,0.8155058486695339,0.6382886270005731,0.1658962451263247,0.2576751298317791,-0.1375331654048575,0.1674398605626018,-0.16496977958938702,-0.2569138639416868,0.24536554398156338,-0.16496977958938702,0.31914431350028655,29
SESSION_OPERATING_POINT,B2,FAST,0.5,0.50,1.3,29,0.6451636399856262,0.4488808635067725,0.8072188734758963,0.6451636399856262,0.1655513479909475,0.25673172889268797,-0.14133671221953623,0.16655995872120502,-0.16262340072669873,-0.2526017458940771,0.24598429433512692,-0.16262340072669873,0.32258181999281316,29
SESSION_OPERATING_POINT,B2,FAST,0.5,0.50,1.4,29,0.6521583490112107,0.45907978485559875,0.7993612823223424,0.6521583490112107,0.1655703502027882,0.25725960420947575,-0.14538552381427156,0.16608150876487981,-0.16047335134929536,-0.24955572086253094,0.2472217720890012,-0.16047335134929536,0.32607917450560536,29
SESSION_OPERATING_POINT,B2,FAST,0.5,0.50,1.5,29,0.6592626865738428,0.46871945574397433,0.7903913492636145,0.6592626865738428,0.16483358609195042,0.25668379502258076,-0.14907423243508955,0.16538843992107188,-0.15818069745299249,-0.2466110981251154,0.24786734969568433,-0.15818069745299249,0.3296313432869214,29
SESSION_OPERATING_POINT,B2,FAST,0.5,0.50,1.6,29,0.6647149989719855,0.4774166018775462,0.7837635646401752,0.6647149989719855,0.16423604103453435,0.2556743559346223,-0.15207490414515468,0.16466394544188423,-0.15630120868984665,-0.24357601511979066,0.24831223520757686,-0.15630120868984665,0.33235749948599275,29
SESSION_OPERATING_POINT,B2,FAST,0.5,0.50,1.7,29,0.6713950802595442,0.4901833835046637,0.7762798589899814,0.6713950802595442,0.16400937078960814,0.2544305087749109,-0.15606086725064935,0.16400937078960814,-0.1541122699921149,-0.23909119070648693,0.24933535169220172,-0.1541122699921149,0.3356975401297721,29
SESSION_OPERATING_POINT,B2,FAST,0.5,0.50,1.8,29,0.673510148056368,0.4948118482643849,0.7739941566709567,0.673510148056368,0.16377450238791863,0.25340596217656264,-0.1573345826405183,0.16377450238791863,-0.1534158324303758,-0.2373826826483142,0.24968006808069806,-0.1534158324303758,0.33675507402818394,29
SESSION_OPERATING_POINT,B2,FAST,0.5,0.50,1.9,29,0.6775620061646602,0.49954679657483086,0.7687626283010416,0.6775620061646602,0.16329244015951197,0.2534318494553816,-0.15940719421997393,0.16329244015951197,-0.15205053090056017,-0.23599188834237528,0.24991674560694688,-0.15205053090056017,0.3387810030823301,29
SESSION_OPERATING_POINT,B2,FAST,0.6,0.60,0.5,29,0.6687994489040284,0.48718450545993663,0.7815725865096195,0.6687994489040284,0.2560768635232422,0.39261294101215694,-0.2010097654740379,0.26451971559998383,-0.08920407929982357,-0.13810353816107424,0.1294806677446399,-0.08920407929982357,0.44586629926935223,29
SESSION_OPERATING_POINT,B2,FAST,0.6,0.60,0.6,29,0.6841332370863059,0.5096182343450694,0.7610993228723233,0.6841332370863059,0.2589781197014882,0.40052620243446635,-0.21507921059680368,0.26267001266539386,-0.08646435397782219,-0.1342457105918477,0.13076107977006246,-0.08646435397782219,0.456088824724204,29
SESSION_OPERATING_POINT,B2,FAST,0.6,0.60,0.7,29,0.6883467899332545,0.5180361891630724,0.7552950665659326,0.6883467899332545,0.25896321703945024,0.3994169772907898,-0.2189263279855526,0.26186670857841565,-0.08564613027767469,-0.132477875259082,0.13097972966530982,-0.08564613027767469,0.4588978599555029,29
SESSION_OPERATING_POINT,B2,FAST,0.6,0.60,0.8,29,0.6993060856671205,0.5320631985531554,0.740148263994636,0.6993060856671205,0.25850204863510706,0.40138205212879324,-0.22893205537580552,0.26018026760773316,-0.08359821922696332,-0.13007300211448414,0.13166957566039103,-0.08359821922696332,0.46620405711141366,29
SESSION_OPERATING_POINT,B2,FAST,0.6,0.60,0.9,29,0.7057123469178942,0.542184911228225,0.730078581006912,0.7057123469178942,0.25821798904774046,0.4015825667566031,-0.2338375758503376,0.25832820779977933,-0.08224058448961348,-0.12792980832552858,0.1314952100827132,-0.08224058448961348,0.47047489794526287,29
SESSION_OPERATING_POINT,B2,FAST,0.6,0.60,1.0,29,0.712014996196137,0.5521998348605023,0.7213076105866814,0.712014996196137,0.2565232855559202,0.39856958526894987,-0.23970113704922963,0.25716348791697075,-0.08100879831298412,-0.1259599577391606,0.13181692028029207,-0.08100879831298412,0.47467666413075793,29
SESSION_OPERATING_POINT,B2,FAST,0.6,0.60,1.1,29,0.7195144253383774,0.562731752084006,0.7101499018351419,0.7195144253383774,0.25408717379806334,0.39553877452055114,-0.24620806976617743,0.2555171830372651,-0.0794855834547177,-0.12392347880474937,0.13193180912855737,-0.0794855834547177,0.47967628355891817,29
SESSION_OPERATING_POINT,B2,FAST,0.6,0.60,1.2,29,0.7249187195580936,0.571604234318735,0.7020738589538458,0.7249187195580936,0.2525263376838453,0.3925874772875052,-0.2509651551205458,0.25406995312012237,-0.07833968703186651,-0.12200151648596066,0.13193355426587497,-0.07833968703186651,0.4832791463720625,29
SESSION_OPERATING_POINT,B2,FAST,0.6,0.60,1.3,29,0.730734532451108,0.5818015748995544,0.6929446254472686,0.730734532451108,0.2511222404564293,0.38965244028547014,-0.2556109602481637,0.2521308511866868,-0.07705250826121693,-0.1196810345012949,0.1317100463064994,-0.07705250826121693,0.4871563549674052,29
SESSION_OPERATING_POINT,B2,FAST,0.6,0.60,1.4,29,0.7368114217874421,0.5907267673626602,0.6839295752880781,0.7368114217874421,0.2502234229790195,0.388906586716537,-0.26081723084853575,0.25073458154111106,-0.0758202785730641,-0.1179087383554697,0.131790065054737,-0.0758202785730641,0.4912076145249613,29
SESSION_OPERATING_POINT,B2,FAST,0.6,0.60,1.5,29,0.7429090787074597,0.5991222162214123,0.6740983579953009,0.7429090787074597,0.24847997822556728,0.38708655550001886,-0.26536722370340293,0.24903483205468874,-0.07453430531937567,-0.11620833764767736,0.13157435842737097,-0.07453430531937567,0.49527271913830634,29
SESSION_OPERATING_POINT,B2,FAST,0.6,0.60,1.6,29,0.7475096779295719,0.6064331956465953,0.666823987515304,0.7475096779295719,0.2470307199921206,0.38469094970367135,-0.26901448127002575,0.2474586243994705,-0.07350652973226034,-0.11455942135074156,0.13137265808270582,-0.07350652973226034,0.49833978528638123,29
SESSION_OPERATING_POINT,B2,FAST,0.6,0.60,1.7,29,0.7532254812523882,0.6171341527775407,0.6582983989655642,0.7532254812523882,0.24583977178245198,0.381381278047788,-0.2740423272750664,0.24583977178245198,-0.07228186899927105,-0.11214042143360992,0.1313538916677847,-0.07228186899927105,0.5021503208349254,29
SESSION_OPERATING_POINT,B2,FAST,0.6,0.60,1.8,29,0.7550311598533089,0.620950043902564,0.6556761096341057,0.7550311598533089,0.24529551418485954,0.3795441578147417,-0.27565262967736925,0.24529551418485954,-0.07189482063343487,-0.11124448701013517,0.13136202104384712,-0.07189482063343487,0.5033541065688726,29
SESSION_OPERATING_POINT,B2,FAST,0.6,0.60,1.9,29,0.7584714335273963,0.6251223020760118,0.6500158655154723,0.7584714335273963,0.24420186752224796,0.3790073549565625,-0.2781539570055433,0.24420186752224796,-0.07114110353782416,-0.11041638284119433,0.13116998282137757,-0.07114110353782416,0.5056476223515975,29
SESSION_OPERATING_POINT,B2,FAST,0.7,0.70,0.5,29,0.758003528203852,0.625288043621011,0.6520919187649796,0.758003528203852,0.34528094282306576,0.5307164791732311,-0.3304904332186778,0.3537237948998074,0.0,0.0,0.0,0.0,0.595574200731598,0
SESSION_OPERATING_POINT,B2,FAST,0.7,0.70,0.6,29,0.7705975910641282,0.6438639449369169,0.6303382431022609,0.7705975910641282,0.34544247367931036,0.5347719130263141,-0.34584029036686614,0.349134366643216,0.0,0.0,0.0,0.0,0.6054695358361009,0
SESSION_OPERATING_POINT,B2,FAST,0.7,0.70,0.7,29,0.7739929202109291,0.6505140644221541,0.624315336900623,0.7739929202109291,0.34460934731712495,0.5318948525498718,-0.34990605765086236,0.3475128388560903,0.0,0.0,0.0,0.0,0.6081372944514443,0
SESSION_OPERATING_POINT,B2,FAST,0.7,0.70,0.8,29,0.7829043048940838,0.6621362006676395,0.6084786883342448,0.7829043048940838,0.34210026786207043,0.5314550542432774,-0.3606016310361966,0.34377848683469653,0.0,0.0,0.0,0.0,0.6151390967024944,0
SESSION_OPERATING_POINT,B2,FAST,0.7,0.70,0.9,29,0.7879529314075077,0.6701147195537532,0.5985833709241991,0.7879529314075077,0.340458573537354,0.5295123750821316,-0.36533278593305085,0.3405687922893929,0.0,0.0,0.0,0.0,0.6191058746773275,0
SESSION_OPERATING_POINT,B2,FAST,0.7,0.70,1.0,29,0.7930237945091212,0.678159792599663,0.5894906903063893,0.7930237945091212,0.33753208386890426,0.5245295430081104,-0.37151805732952176,0.3381722862299549,0.0,0.0,0.0,0.0,0.6230901242571666,0
SESSION_OPERATING_POINT,B2,FAST,0.7,0.70,1.1,29,0.7990000087930952,0.6866552308887556,0.5782180927065844,0.7990000087930952,0.33357275725278107,0.5194622533253004,-0.3781398788947348,0.33500276649198285,0.0,0.0,0.0,0.0,0.6277857211945747,0
SESSION_OPERATING_POINT,B2,FAST,0.7,0.70,1.2,29,0.8032584065899603,0.6936057508046957,0.5701403046879708,0.8032584065899603,0.3308660247157118,0.514588993773466,-0.3828987093864208,0.3324096401519889,0.0,0.0,0.0,0.0,0.6311316051778257,0
SESSION_OPERATING_POINT,B2,FAST,0.7,0.70,1.3,29,0.8077870407123249,0.7014826094008494,0.5612345791407694,0.8077870407123249,0.3281747487176462,0.509333474786765,-0.38732100655466317,0.3291833594479037,0.0,0.0,0.0,0.0,0.634689817702541,0
SESSION_OPERATING_POINT,B2,FAST,0.7,0.70,1.4,29,0.8126317003605061,0.7086355057181299,0.552139510233341,0.8126317003605061,0.32604370155208356,0.5068153250720068,-0.3926072959032727,0.32655486011417517,0.0,0.0,0.0,0.0,0.6384963359975405,0
SESSION_OPERATING_POINT,B2,FAST,0.7,0.70,1.5,29,0.8174433840268353,0.7153305538690897,0.5425239995679301,0.8174433840268353,0.3230142835449428,0.5032948931476962,-0.39694158213077396,0.3235691373740643,0.0,0.0,0.0,0.0,0.6422769445925135,0
SESSION_OPERATING_POINT,B2,FAST,0.7,0.70,1.6,29,0.8210162076618321,0.7209926169973369,0.5354513294325983,0.8210162076618321,0.32053724972438097,0.4992503710544129,-0.40038713935273157,0.3209651541317308,0.0,0.0,0.0,0.0,0.6450841631628682,0
SESSION_OPERATING_POINT,B2,FAST,0.7,0.70,1.7,29,0.8255073502516589,0.7292745742111506,0.5269445072977795,0.8255073502516589,0.31812164078172306,0.4935216994813979,-0.40539621894285105,0.31812164078172306,0.0,0.0,0.0,0.0,0.648612918054875,0
SESSION_OPERATING_POINT,B2,FAST,0.7,0.70,1.8,29,0.8269259804867438,0.7321945309126993,0.5243140885902586,0.8269259804867438,0.31719033481829445,0.4907886448248768,-0.4070146507212164,0.31719033481829445,0.0,0.0,0.0,0.0,0.6497275560967273,0
SESSION_OPERATING_POINT,B2,FAST,0.7,0.70,1.9,29,0.8296125370652206,0.735538684917206,0.5188458826940947,0.8296125370652206,0.31534297106007214,0.4894237377977569,-0.40932393982692084,0.31534297106007214,0.0,0.0,0.0,0.0,0.6518384219798162,0
SESSION_OPERATING_POINT,B2,FAST,0.8,0.80,0.5,29,0.8426447222117556,0.7563363129670908,0.4924693663564787,0.8426447222117556,0.4299221368309693,0.661764748519311,-0.49011298562717864,0.4383649889077109,0.08464119400790354,0.13104826934607994,-0.15962255240850085,0.08464119400790354,0.7373141319352862,0
SESSION_OPERATING_POINT,B2,FAST,0.8,0.80,0.6,29,0.8516858164201796,0.7697541215205461,0.47249862036315904,0.8516858164201796,0.4265306990353619,0.660662089609943,-0.503679913105968,0.4302225919992675,0.08108822535605145,0.12589017658362894,-0.15783962273910201,0.08108822535605145,0.7452250893676573,0
SESSION_OPERATING_POINT,B2,FAST,0.8,0.80,0.7,29,0.8540806731604469,0.7743736528957885,0.4670896118851617,0.8540806731604469,0.42469710026664265,0.6557544410235061,-0.5071317826663236,0.427600591805608,0.08008775294951774,0.12385958847363435,-0.15722572501546123,0.08008775294951774,0.7473205890153912,0
SESSION_OPERATING_POINT,B2,FAST,0.8,0.80,0.8,29,0.8604162626212772,0.7827536460328207,0.45276351681226956,0.8604162626212772,0.41961222558926364,0.6520724996084586,-0.5163168025581718,0.42129044456188974,0.07751195772719333,0.12061744536518122,-0.1557151715219753,0.07751195772719333,0.7528642297936174,0
SESSION_OPERATING_POINT,B2,FAST,0.8,0.80,0.9,29,0.8639070819720616,0.7882722890768195,0.4442505424180698,0.8639070819720616,0.4164127241019079,0.6476699446051978,-0.51966561443918,0.41652294285394675,0.07595415056455392,0.118157569523066,-0.1543328285061293,0.07595415056455392,0.755918696725554,0
SESSION_OPERATING_POINT,B2,FAST,0.8,0.80,1.0,29,0.867473446182203,0.7939237102381356,0.4361090542590716,0.867473446182203,0.41198173554198614,0.6402934606465831,-0.5248996933768396,0.41262193790303675,0.0744496516730819,0.11576391763847263,-0.15338163604731786,0.0744496516730819,0.7590392654094275,0
SESSION_OPERATING_POINT,B2,FAST,0.8,0.80,1.1,29,0.8716378323193703,0.7998977281373013,0.42622151245188306,0.8716378323193703,0.40621058077905625,0.6327047505738462,-0.5301364591494362,0.4076405900182581,0.07263782352627525,0.11324249724854582,-0.15199658025470134,0.07263782352627525,0.762683103279449,0
SESSION_OPERATING_POINT,B2,FAST,0.8,0.80,1.2,29,0.8745770321018397,0.804673312142336,0.4192053176377869,0.8745770321018397,0.40218465022759137,0.6256565551111064,-0.5338336964366046,0.4037282656638683,0.07131862551187952,0.11106756133764047,-0.15093498705018377,0.07131862551187952,0.7652549030891097,0
SESSION_OPERATING_POINT,B2,FAST,0.8,0.80,1.3,29,0.8776735511974101,0.8100263947397003,0.411614200985633,0.8776735511974101,0.39806125920273144,0.6178772601256161,-0.5369413847097996,0.39906986993298904,0.06988651048508523,0.10854378533885095,-0.14962037815513637,0.06988651048508523,0.7679643572977338,0
SESSION_OPERATING_POINT,B2,FAST,0.8,0.80,1.4,29,0.881056830565641,0.815041631244087,0.4036294305412619,0.881056830565641,0.3944688317572183,0.613221450597964,-0.541117375595352,0.39497999031930986,0.06842513020513472,0.10640612552595725,-0.14851007969207922,0.06842513020513472,0.7709247267449357,0
SESSION_OPERATING_POINT,B2,FAST,0.8,0.80,1.5,29,0.8843873365628636,0.8197129803196258,0.395385939925479,0.8843873365628636,0.38995823608097135,0.6076773195982323,-0.5440796417732249,0.3905130899100928,0.06694395253602846,0.10438242645053608,-0.147138059642451,0.06694395253602846,0.7738389194925058,0
SESSION_OPERATING_POINT,B2,FAST,0.8,0.80,1.6,29,0.8868232582573659,0.823565156154134,0.38937789628853176,0.8868232582573659,0.3863443003199147,0.6018229102112099,-0.5464605724967979,0.3867722047272646,0.06580705059553368,0.10257253915679705,-0.14607343314406643,0.06580705059553368,0.7759703509751952,0
SESSION_OPERATING_POINT,B2,FAST,0.8,0.80,1.7,29,0.8899163961204346,0.8292032819614006,0.38200377665162,0.8899163961204346,0.3825306866504984,0.5934504072316479,-0.5503369495890106,0.3825306866504984,0.06440904586877537,0.0999287077502501,-0.14494073064615948,0.06440904586877537,0.7786768466053803,0
SESSION_OPERATING_POINT,B2,FAST,0.8,0.80,1.8,29,0.890894705086341,0.8311755855603482,0.379711464579466,0.890894705086341,0.38115905941789163,0.5897696994725259,-0.5516172747320092,0.38115905941789163,0.0639687245995972,0.09898105464764911,-0.14460262401079277,0.0639687245995972,0.7795328669505485,0
SESSION_OPERATING_POINT,B2,FAST,0.8,0.80,1.9,29,0.8927355449352706,0.8335118213634205,0.3750800876611203,0.8927355449352706,0.37846597893012246,0.5873968742439714,-0.5530897348598954,0.37846597893012246,0.06312300787005037,0.09797313644621437,-0.14376579503297454,0.06312300787005037,0.781143601818362,0
SESSION_OPERATING_POINT,B2,FAST,0.9,0.90,0.5,29,0.9231786651620317,0.8810362675789569,0.29352123181169304,0.9231786651620317,0.5104560797812454,0.7864647031311772,-0.6890611201719645,0.5188989318579872,0.16517513695817976,0.2557482239579461,-0.3585706869532865,0.16517513695817976,0.8718909615419189,0
SESSION_OPERATING_POINT,B2,FAST,0.9,0.90,0.6,29,0.9279869140641139,0.888206914618794,0.27939104796631853,0.9279869140641139,0.5028317966792961,0.779114882708191,-0.6967874855028087,0.5065236896432017,0.15738932299998573,0.2443429696818769,-0.3509471951359425,0.15738932299998573,0.8764320855049966,0
SESSION_OPERATING_POINT,B2,FAST,0.9,0.90,0.7,29,0.929239800115751,0.8905945070857914,0.2756438688316225,0.929239800115751,0.4998562272219468,0.7719752952135089,-0.6985775257198628,0.5027597187609122,0.1552468799048218,0.24008044266363707,-0.34867146806900035,0.1552468799048218,0.8776153667759871,0
SESSION_OPERATING_POINT,B2,FAST,0.9,0.90,0.8,29,0.9325774913763099,0.8950580777096551,0.2656531754665544,0.9325774913763099,0.4917734543442964,0.7643769312852929,-0.703427143903887,0.4934516733169225,0.149673186482226,0.2329218770420154,-0.3428255128676904,0.149673186482226,0.8807676307442925,0
SESSION_OPERATING_POINT,B2,FAST,0.9,0.90,0.9,29,0.9343707797066049,0.8978943603858388,0.25997465905823025,0.9343707797066049,0.48687642183645125,0.757292015914217,-0.7039414977990197,0.48698664058849006,0.14641784829909726,0.22777964083208535,-0.3386087118659688,0.14641784829909726,0.882461291945127,0
SESSION_OPERATING_POINT,B2,FAST,0.9,0.90,1.0,29,0.936229061618046,0.9008362978015763,0.25436256389390893,0.936229061618046,0.48073735097782927,0.7472060482100235,-0.7066461837420022,0.4813775533388799,0.14320526710892498,0.2226765052019133,-0.33512812641248046,0.14320526710892498,0.884216335972599,0
SESSION_OPERATING_POINT,B2,FAST,0.9,0.90,1.1,29,0.9383793889239923,0.9039429936042669,0.24767327712815518,0.9383793889239923,0.4729521373836783,0.7367500160408118,-0.7086846944731641,0.4743821466228801,0.13937938013089726,0.2172877627155113,-0.3305448155784292,0.13937938013089726,0.8862472006504373,0
SESSION_OPERATING_POINT,B2,FAST,0.9,0.90,1.2,29,0.9398851565935871,0.9063805672502379,0.24296878394673332,0.9398851565935871,0.4674927747193386,0.727363810219008,-0.7100702301276581,0.4690363901556157,0.1366267500036268,0.2127748164455422,-0.32717152074123745,0.1366267500036268,0.88766931456061,0
SESSION_OPERATING_POINT,B2,FAST,0.9,0.90,1.3,29,0.9414597642693088,0.9090895421887053,0.2379554511059313,0.9414597642693088,0.46184747227463013,0.7169404075746212,-0.710600134589501,0.4628560830048877,0.13367272355698392,0.2076069327878561,-0.323279128034838,0.13367272355698392,0.889156444032125,0
SESSION_OPERATING_POINT,B2,FAST,0.9,0.90,1.4,29,0.9432134523923354,0.911697332097489,0.23253537108004035,0.9432134523923354,0.45662545358391304,0.7098771514513658,-0.7122114350565735,0.4571366121460046,0.13058175203182942,0.20306182637935916,-0.31960413915330066,0.13058175203182942,0.8908127050372057,0
SESSION_OPERATING_POINT,B2,FAST,0.9,0.90,1.5,29,0.9449261753420555,0.9141148003931839,0.22705274888687652,0.9449261753420555,0.4504970748601631,0.7020791396717905,-0.7124128328118274,0.4510519286892846,0.1274827913152203,0.1987842465240942,-0.3154712506810535,0.1274827913152203,0.8924302767119414,0
SESSION_OPERATING_POINT,B2,FAST,0.9,0.90,1.6,29,0.9461609432905632,0.916064179133267,0.22310027997188026,0.9461609432905632,0.44568198535311204,0.694321933190343,-0.7127381888134497,0.44610988976046195,0.12514473562873102,0.19507156213593033,-0.31235104946071796,0.12514473562873102,0.8935964464410876,0
SESSION_OPERATING_POINT,B2,FAST,0.9,0.90,1.7,29,0.9477429743059756,0.9189214349704378,0.2181631620428346,0.9477429743059756,0.44035726483603943,0.6831685602406851,-0.714177564197796,0.44035726483603943,0.12223562405431643,0.18964686075928708,-0.30878134525494494,0.12223562405431643,0.8950905868445326,0
SESSION_OPERATING_POINT,B2,FAST,0.9,0.90,1.8,29,0.9482444638028976,0.9199155756195438,0.21661917042512818,0.9482444638028976,0.4385088181344484,0.6785096895317216,-0.7147095688863467,0.4385088181344484,0.121318483316154,0.1877210447068448,-0.3076949181651304,0.121318483316154,0.8955642158138478,0
SESSION_OPERATING_POINT,B2,FAST,0.9,0.90,1.9,29,0.949181851140226,0.9211232222417686,0.21357701112665162,0.949181851140226,0.43491228513507785,0.6750082751223194,-0.7145928113943639,0.43491228513507785,0.11956931407500576,0.1855845373245625,-0.30526887156744315,0.11956931407500576,0.8964495260768802,0
SESSION_OPERATING_POINT,B2,FAST,0.95,0.95,0.5,29,0.9620308197696852,0.9412001339224871,0.1701031467800231,0.9620308197696852,0.5493082343888988,0.8466285694747075,-0.8124792052036344,0.5577510864656404,0.204027291565833,0.31591209030147627,-0.4819887719849566,0.204027291565833,0.9367142192494302,0
SESSION_OPERATING_POINT,B2,FAST,0.95,0.95,0.6,29,0.9645012653267311,0.9448920049162974,0.1611725944342028,0.9645012653267311,0.5393461479419132,0.8357999730056943,-0.8150059390349244,0.5430380409058188,0.19390367426260283,0.30102805997938037,-0.46916564866805827,0.19390367426260283,0.9391196530812908,0
SESSION_OPERATING_POINT,B2,FAST,0.95,0.95,0.7,29,0.9651399757754914,0.9461028855451018,0.15882977214641802,0.9651399757754914,0.5357564028816874,0.8274836736728193,-0.8153916224050674,0.5386598944206527,0.19114705556456235,0.29558882112294765,-0.46548556475420483,0.19114705556456235,0.939741555360347,0
SESSION_OPERATING_POINT,B2,FAST,0.95,0.95,0.8,29,0.9668468938094938,0.9483962538308743,0.15256442690653116,0.9668468938094938,0.5260428567774805,0.8177151074065122,-0.8165158924639103,0.5277210757501065,0.18394258891541015,0.2862600531632349,-0.45591426142771374,0.18394258891541015,0.9414035544987176,0
SESSION_OPERATING_POINT,B2,FAST,0.95,0.95,0.9,29,0.9677532447177086,0.9498301037984854,0.1490821623359793,0.9677532447177086,0.5202588868475551,0.8092277593268637,-0.8148339945212706,0.5203691055995938,0.17980031331020108,0.2797153842447319,-0.44950120858821985,0.17980031331020108,0.9422860540672428,0
SESSION_OPERATING_POINT,B2,FAST,0.95,0.95,1.0,29,0.9686983218486438,0.9513256958442748,0.1455856463654991,0.9686983218486438,0.513206611208427,0.7976954462527224,-0.815423101270412,0.5138468135694775,0.17567452733952263,0.2731659032446119,-0.4439050439408904,0.17567452733952263,0.9432062607473632,0
SESSION_OPERATING_POINT,B2,FAST,0.95,0.95,1.1,29,0.9697870350059677,0.9529033261676407,0.1414589401160354,0.9697870350059677,0.5043597834656536,0.7857103486041858,-0.814899031485284,0.5057897927048554,0.1707870262128725,0.2662480952788854,-0.436759152590549,0.1707870262128725,0.9442663235584421,0
SESSION_OPERATING_POINT,B2,FAST,0.95,0.95,1.2,29,0.9705468600508212,0.9541313839318818,0.1385686843185579,0.9705468600508212,0.49815447817657277,0.7751146269006521,-0.8144703297558336,0.49969809361284984,0.16728845346086094,0.26052563312718624,-0.43157162036941277,0.16728845346086094,0.9450061532073782,0
SESSION_OPERATING_POINT,B2,FAST,0.95,0.95,1.3,29,0.9713389531227892,0.9554913063865144,0.135510338109007,0.9713389531227892,0.4917266611281105,0.7633421717724301,-0.8130452475864255,0.49273527185836796,0.16355191241046418,0.25400869698566503,-0.4257242410317623,0.16355191241046418,0.9457774017248209,0
SESSION_OPERATING_POINT,B2,FAST,0.95,0.95,1.4,29,0.9722290606067628,0.9568166958055389,0.13215715669167524,0.9722290606067628,0.4856410617983403,0.7549965151594157,-0.8125896494449387,0.4861522203604319,0.15959736024625665,0.24818119008740896,-0.4199823535416658,0.15959736024625665,0.9466440853276373,0
SESSION_OPERATING_POINT,B2,FAST,0.95,0.95,1.5,29,0.9730951848838153,0.9580425007789072,0.12880034491578243,0.9730951848838153,0.47866608440192304,0.7460068400575138,-0.8106652367829216,0.47922093823104456,0.15565180085698013,0.2427119469098176,-0.4137236546521476,0.15565180085698013,0.947487416860557,0
SESSION_OPERATING_POINT,B2,FAST,0.95,0.95,1.6,29,0.9737152670696534,0.9590207445323393,0.12639479397323533,0.9737152670696534,0.47323630913220216,0.7372784985894153,-0.8094436748120946,0.47366421353955207,0.1526990594078212,0.23802812753500238,-0.409056535459363,0.1526990594078212,0.9480911810941363,0
SESSION_OPERATING_POINT,B2,FAST,0.95,0.95,1.7,29,0.9745130473403422,0.9604559298906513,0.12336322954473707,0.9745130473403422,0.467127337870406,0.7247030551608986,-0.8089774966958935,0.467127337870406,0.149005697088683,0.23118135567950054,-0.4035812777530424,0.149005697088683,0.9488679671471753,0
SESSION_OPERATING_POINT,B2,FAST,0.95,0.95,1.8,29,0.9747662805542459,0.9609542811800115,0.12241169390860207,0.9747662805542459,0.4650306348857966,0.7195483950921893,-0.8089170454028728,0.4650306348857966,0.14784030006750218,0.22875975026731224,-0.4019023946816566,0.14784030006750218,0.949114536329134,0
SESSION_OPERATING_POINT,B2,FAST,0.95,0.95,1.9,29,0.9752380351149214,0.9615659016280959,0.12056166973455394,0.9752380351149214,0.4609684691097732,0.7154509545086465,-0.8076081527864617,0.4609684691097732,0.14562549804970096,0.2260272167108897,-0.39828421295954086,0.14562549804970096,0.9495738762961078,0
SESSION_OPERATING_POINT,B2,FAST,0.98,0.98,0.5,29,0.9849155655412983,0.9766395175152833,0.08040767605512755,0.9849155655412983,0.5721929801605121,0.8820679530675036,-0.90217467592853,0.5806358322372538,0.2269120373374463,0.3513514738942724,-0.5716842427098521,0.2269120373374463,0.9748654067092444,0
SESSION_OPERATING_POINT,B2,FAST,0.98,0.98,0.6,29,0.9859190165722009,0.9781408150352646,0.07591722818374715,0.9859190165722009,0.5607638991873833,0.8690487831246614,-0.9002613052853797,0.564455792151289,0.21532142550807296,0.3342768700983474,-0.5544210149185139,0.21532142550807296,0.9758586184439133,0
SESSION_OPERATING_POINT,B2,FAST,0.98,0.98,0.7,29,0.98617726473365,0.9786290010295007,0.07474771444733128,0.98617726473365,0.5567936918398456,0.8600097891572183,-0.899473680104154,0.559697183378811,0.2121843445227206,0.32811493660734636,-0.5495676224532916,0.2121843445227206,0.9761142314200413,0
SESSION_OPERATING_POINT,B2,FAST,0.98,0.98,0.8,29,0.9868686640655931,0.979560345457128,0.07161483245962601,0.9868686640655931,0.5460646270335796,0.8488791990327659,-0.8974654869108154,0.5477428460062057,0.2039643591715092,0.31742414478948844,-0.5368638558746188,0.2039643591715092,0.9767985756567605,0
SESSION_OPERATING_POINT,B2,FAST,0.98,0.98,0.9,29,0.9872332805421863,0.9801372595900012,0.06990047925882449,0.9872332805421863,0.5397389226720325,0.8395349151183794,-0.8940156775984254,0.5398491414240713,0.19928034913467857,0.31002254003624763,-0.5286828916653746,0.19928034913467857,0.977159471557062,0
SESSION_OPERATING_POINT,B2,FAST,0.98,0.98,1.0,29,0.9876148116548727,0.9807408994114698,0.06816001900754239,0.9876148116548727,0.5321231010146561,0.8271106498199173,-0.8928487286283688,0.5327633033757067,0.19459101714575175,0.30258110681180683,-0.5213306712988469,0.19459101714575175,0.9775371094951291,0
SESSION_OPERATING_POINT,B2,FAST,0.98,0.98,1.1,29,0.9880531524101689,0.9813771366910491,0.06612061319502362,0.9880531524101689,0.5226259008698546,0.8141841591275941,-0.8902373584062957,0.5240559101090564,0.18905314361707362,0.29472190580229357,-0.5120974795115608,0.18905314361707362,0.9779709773855753,0
SESSION_OPERATING_POINT,B2,FAST,0.98,0.98,1.2,29,0.9883585184569805,0.9818702383351767,0.06469584280064265,0.9883585184569805,0.5159661365827322,0.8028534813039472,-0.8883431712737488,0.5175097520190093,0.18510011186702052,0.2882644875304812,-0.5054444618873281,0.18510011186702052,0.9782732274523176,0
SESSION_OPERATING_POINT,B2,FAST,0.98,0.98,1.3,29,0.9886763130417257,0.9824152273847973,0.0631953158684467,0.9886763130417257,0.5090640210470471,0.790266092770713,-0.8853602698269859,0.5100726317773046,0.1808892723294008,0.2809326179839478,-0.4980392632723226,0.1808892723294008,0.9785877792351774,0
SESSION_OPERATING_POINT,B2,FAST,0.98,0.98,1.4,29,0.9890352898316384,0.9829501475459306,0.06153420521836581,0.9890352898316384,0.5024472910232158,0.7811299668998075,-0.8832126009182479,0.5029584495853074,0.17640358947113224,0.2743146418278008,-0.49060530501497535,0.17640358947113224,0.9789430929966216,0
SESSION_OPERATING_POINT,B2,FAST,0.98,0.98,1.5,29,0.9893838503334923,0.9834441926456973,0.05988384164857578,0.9893838503334923,0.49495474985159993,0.7714085319243035,-0.8795817400501281,0.4955096036807214,0.1719404663066569,0.26811363877660754,-0.4826401579193542,0.1719404663066569,0.9792880967586606,0
SESSION_OPERATING_POINT,B2,FAST,0.98,0.98,1.6,29,0.9896323684100613,0.983836098693434,0.058705680431832975,0.9896323684100613,0.48915341047261,0.7620938527505101,-0.877132788353497,0.48958131487995993,0.16861616074822908,0.26284348169609717,-0.47674564900076527,0.16861616074822908,0.9795340789364895,0
SESSION_OPERATING_POINT,B2,FAST,0.98,0.98,1.7,29,0.9899528749799864,0.9844114230330168,0.05721155474458784,0.9899528749799864,0.4825671655100502,0.7486585483032638,-0.8751291714960427,0.4825671655100502,0.16444552472832716,0.2551368488218662,-0.4697329525531918,0.16444552472832716,0.9798513150312108,0
SESSION_OPERATING_POINT,B2,FAST,0.98,0.98,1.8,29,0.9900546999106752,0.9846109933120235,0.05674122460394369,0.9900546999106752,0.48031905424222593,0.7432051072242011,-0.8745875147075314,0.48031905424222593,0.16312871942393148,0.25241646239932425,-0.46757286398631487,0.16312871942393148,0.9799521009319949,0
SESSION_OPERATING_POINT,B2,FAST,0.98,0.98,1.9,29,0.9902440078426108,0.9848572841728885,0.055836013205181494,0.9902440078426108,0.47597444183746257,0.7387423370534394,-0.8723338093158342,0.47597444183746257,0.16063147077739043,0.24931859925568242,-0.4630098694889134,0.16063147077739043,0.9801394771503393,0
SESSION_OPERATING_POINT,B2,FAST,0.99,0.99,0.5,29,0.9924747691199002,0.9883459951292352,0.04490176210330928,0.9924747691199002,0.579752183739114,0.8937744306814553,-0.9376805898803482,0.5881950358158556,0.23447124091604818,0.36305795150822423,-0.6071901566616704,0.23447124091604818,0.9874622702859611,0
SESSION_OPERATING_POINT,B2,FAST,0.99,0.99,0.6,29,0.9929789891663363,0.9891006545646654,0.042322969218804435,0.9929789891663363,0.5678238717815186,0.8800086226540625,-0.9338555642503227,0.5715157647454243,0.22238139810220825,0.34523670962774833,-0.5880152738834565,0.22238139810220825,0.9879639437665066,0
SESSION_OPERATING_POINT,B2,FAST,0.99,0.99,0.7,29,0.9931085597908458,0.9893453656821104,0.04165331824182106,0.9931085597908458,0.5637249868970419,0.8707261538098279,-0.9325680763096643,0.5666284784360073,0.21911563957991684,0.3388313012599559,-0.5826620186588019,0.21911563957991684,0.9880928599939225,0
SESSION_OPERATING_POINT,B2,FAST,0.99,0.99,0.8,29,0.9934556582152104,0.9898133088451606,0.03985852943219573,0.9934556582152104,0.552651621183197,0.8591321624207985,-0.9292217899382457,0.5543298401558231,0.21055135332112668,0.3276771081775211,-0.5686201589020491,0.21055135332112668,0.9884382053959418,0
SESSION_OPERATING_POINT,B2,FAST,0.99,0.99,0.9,29,0.9936382926606193,0.9901022973145804,0.03888305675260445,0.9936382926606193,0.5461439347904655,0.8494999528429585,-0.9250331001046456,0.5462541535425044,0.20568536125311151,0.319987577760827,-0.5597003141715946,0.20568536125311151,0.9886199174451618,0
SESSION_OPERATING_POINT,B2,FAST,0.99,0.99,1.0,29,0.99382961601497,0.9904049777864236,0.0378878201664595,0.99382961601497,0.5383379053747531,0.8367747281948709,-0.9231209274694516,0.5389781077358038,0.20080582150584883,0.3122451851867605,-0.5516028701399298,0.20080582150584883,0.9888102745199445,0
SESSION_OPERATING_POINT,B2,FAST,0.99,0.99,1.1,29,0.9940492311201932,0.9907239100153491,0.0367254708287144,0.9940492311201932,0.5286219795798792,0.823530932451894,-0.9196325007726047,0.530051988819081,0.19504922232709818,0.3040686791265937,-0.5414926218778701,0.19504922232709818,0.9890287804579702,0
SESSION_OPERATING_POINT,B2,FAST,0.99,0.99,1.2,29,0.994202135749919,0.9909707472336621,0.035914188341024826,0.994202135749919,0.5218097538756705,0.8119539902024325,-0.9171248257333668,0.5233533693119475,0.19094372915995875,0.2973649964289665,-0.534226116346946,0.19094372915995875,0.989180912842091,0
SESSION_OPERATING_POINT,B2,FAST,0.99,0.99,1.3,29,0.9943611779577964,0.9912433901436357,0.03506151927898465,0.9943611779577964,0.5147488859631176,0.7990942555295513,-0.9134940664164477,0.5157574966933752,0.18657413724547142,0.28976078074278616,-0.5261730598617846,0.18657413724547142,0.9893391518064945,0
SESSION_OPERATING_POINT,B2,FAST,0.99,0.99,1.4,29,0.9945411359367301,0.991511613625519,0.034113715804993686,0.9945411359367301,0.5079531371283077,0.7896914329793957,-0.91063309033162,0.5084642956903993,0.18190943557622408,0.28287610790738915,-0.5180257944283473,0.18190943557622408,0.9895182009067467,0
SESSION_OPERATING_POINT,B2,FAST,0.99,0.99,1.5,29,0.9947157499728181,0.9917592276552581,0.03317535422042258,0.9947157499728181,0.5002866494909258,0.7797235669338647,-0.9062902274782815,0.5008415033200473,0.17727236594598283,0.2764286737861685,-0.5093486453475076,0.17727236594598283,0.9896919330537635,0
SESSION_OPERATING_POINT,B2,FAST,0.99,0.99,1.6,29,0.9948400774251445,0.9919552633689,0.03250639948862365,0.9948400774251445,0.49436111948769323,0.7702130174259759,-0.9033320692967062,0.49478902389504315,0.17382386976331224,0.27096264637156303,-0.5029449299439747,0.17382386976331224,0.9898156325896639,0
SESSION_OPERATING_POINT,B2,FAST,0.99,0.99,1.7,29,0.9950005454698473,0.9922431090740048,0.03165564060424454,0.9950005454698473,0.48761483599991123,0.7564902343442523,-0.900685085636386,0.48761483599991123,0.1694931952181882,0.2629685348628544,-0.495288866693535,0.1694931952181882,0.9899752901896965,0
SESSION_OPERATING_POINT,B2,FAST,0.99,0.99,1.8,29,0.9950515414593697,0.992342926536322,0.03138745885133595,0.9950515414593697,0.4853158957909204,0.7509370404484995,-0.899941280460139,0.4853158957909204,0.16812556097262588,0.26014839562362274,-0.49292662973892265,0.16812556097262588,0.9900260286237162,0
SESSION_OPERATING_POINT,B2,FAST,0.99,0.99,1.9,29,0.9951462865509569,0.9924663280766961,0.030873833361093405,0.9951462865509569,0.4808767205458087,0.7463513809572467,-0.8972959891599221,0.4808767205458087,0.16553374948573663,0.2569276431594899,-0.4879720493330014,0.16553374948573663,0.99012029520474,0
SESSION_OPERATING_POINT,B2,FAST,1.0,1.00,0.5,29,1.0,1.0,0.0,1.0,0.5872774146192138,0.9054284355522203,-0.9825823519836573,0.5957202666959553,0.241996471796148,0.37471195637898913,-0.6520919187649796,0.241996471796148,1.0,0
SESSION_OPERATING_POINT,B2,FAST,1.0,1.00,0.6,29,1.0,1.0,0.0,1.0,0.5748448826151822,0.890907968089397,-0.9761785334691273,0.5785367755790877,0.2294024089358718,0.35613605506308305,-0.6303382431022609,0.2294024089358718,1.0,0
SESSION_OPERATING_POINT,B2,FAST,1.0,1.00,0.7,29,1.0,1.0,0.0,1.0,0.5706164271061959,0.8813807881277174,-0.9742213945514853,0.5735199186451612,0.22600707978907084,0.3494859355778456,-0.624315336900623,0.22600707978907084,1.0,0
SESSION_OPERATING_POINT,B2,FAST,1.0,1.00,0.8,29,1.0,1.0,0.0,1.0,0.5591959629679867,0.8693188535756378,-0.9690803193704414,0.5608741819406127,0.21709569510591617,0.3378637993323604,-0.6084786883342448,0.21709569510591617,1.0,0
SESSION_OPERATING_POINT,B2,FAST,1.0,1.00,0.9,29,1.0,1.0,0.0,1.0,0.5525056421298461,0.8593976555283781,-0.96391615685725,0.552615860881885,0.21204706859249225,0.3298852804462465,-0.5985833709241991,0.21204706859249225,1.0,0
SESSION_OPERATING_POINT,B2,FAST,1.0,1.00,1.0,29,1.0,1.0,0.0,1.0,0.5445082893597832,0.8463697504084474,-0.961008747635911,0.5451484917208339,0.20697620549087897,0.32184020740033703,-0.5894906903063893,0.20697620549087897,1.0,0
SESSION_OPERATING_POINT,B2,FAST,1.0,1.00,1.1,29,1.0,1.0,0.0,1.0,0.5345727484596859,0.8328070224365451,-0.9563579716013193,0.5360027576988877,0.20099999120690495,0.31334476911124465,-0.5782180927065844,0.20099999120690495,1.0,0
SESSION_OPERATING_POINT,B2,FAST,1.0,1.00,1.2,29,1.0,1.0,0.0,1.0,0.5276076181257516,0.8209832429687702,-0.9530390140743916,0.5291512335620286,0.19674159341003983,0.3063942491953044,-0.5701403046879708,0.19674159341003983,1.0,0
SESSION_OPERATING_POINT,B2,FAST,1.0,1.00,1.3,29,1.0,1.0,0.0,1.0,0.5203877080053213,0.8078508653859157,-0.9485555856954325,0.5213963187355788,0.19221295928767515,0.2985173905991505,-0.5612345791407694,0.19221295928767515,1.0,0
SESSION_OPERATING_POINT,B2,FAST,1.0,1.00,1.4,29,1.0,1.0,0.0,1.0,0.5134120011915775,0.7981798193538768,-0.9447468061366138,0.5139231597536692,0.18736829963949386,0.2913644942818702,-0.552139510233341,0.18736829963949386,1.0,0
SESSION_OPERATING_POINT,B2,FAST,1.0,1.00,1.5,29,1.0,1.0,0.0,1.0,0.5055708995181076,0.7879643392786065,-0.9394655816987039,0.5061257533472291,0.1825566159731647,0.28466944613091033,-0.5425239995679301,0.1825566159731647,1.0,0
SESSION_OPERATING_POINT,B2,FAST,1.0,1.00,1.6,29,1.0,1.0,0.0,1.0,0.4995210420625487,0.7782577540570761,-0.9358384687853297,0.4999489464698986,0.17898379233816777,0.2790073830026631,-0.5354513294325983,0.17898379233816777,1.0,0
SESSION_OPERATING_POINT,B2,FAST,1.0,1.00,1.7,29,1.0,1.0,0.0,1.0,0.4926142905300639,0.7642471252702472,-0.9323407262406307,0.4926142905300639,0.1744926497483409,0.2707254257888494,-0.5269445072977795,0.1744926497483409,1.0,0
SESSION_OPERATING_POINT,B2,FAST,1.0,1.00,1.8,29,1.0,1.0,0.0,1.0,0.4902643543315507,0.7585941139121777,-0.9313287393114749,0.4902643543315507,0.17307401951325624,0.26780546908730085,-0.5243140885902586,0.17307401951325624,1.0,0
SESSION_OPERATING_POINT,B2,FAST,1.0,1.00,1.9,29,1.0,1.0,0.0,1.0,0.4857304339948516,0.7538850528805509,-0.9281698225210159,0.4857304339948516,0.17038746293477958,0.26446131508279397,-0.5188458826940947,0.17038746293477958,1.0,0
SESSION_OPERATING_POINT,B2,MEDIUM,0.3333333333333333,0.333333,0.5,29,0.41272258538078616,0.09457156444777971,0.9825823519836574,0.40427973330404454,-4.402608545927345e-17,-5.3596973602593766e-17,1.914177628664063e-17,-5.3596973602593766e-17,-0.3452809428230658,-0.5307164791732312,0.3304904332186778,-0.3537237948998075,7.372191723373878e-17,29
SESSION_OPERATING_POINT,B2,MEDIUM,0.3333333333333333,0.333333,0.6,29,0.42515511738481776,0.10909203191060288,0.9761785334691273,0.42146322442091216,-4.0197730201945323e-17,-5.74253288599219e-17,1.914177628664063e-17,-4.594026308793751e-17,-0.3454424736793104,-0.5347719130263141,0.34584029036686614,-0.349134366643216,7.636170401263551e-17,29
SESSION_OPERATING_POINT,B2,MEDIUM,0.3333333333333333,0.333333,0.7,29,0.42938357289380413,0.11861921187228247,0.9742213945514853,0.4264800813548387,-5.16827959739297e-17,-6.508203937457814e-17,0.0,-5.74253288599219e-17,-0.34460934731712506,-0.5318948525498718,0.34990605765086236,-0.34751283885609036,8.759440209888796e-17,29
SESSION_OPERATING_POINT,B2,MEDIUM,0.3333333333333333,0.333333,0.8,29,0.4408040370320134,0.13068114642436207,0.9690803193704414,0.4391258180593873,-4.976861834526564e-17,-5.74253288599219e-17,1.5313421029312504e-17,-5.74253288599219e-17,-0.34210026786207043,-0.5314550542432774,0.3606016310361966,-0.34377848683469653,8.10072480066347e-17,29
SESSION_OPERATING_POINT,B2,MEDIUM,0.3333333333333333,0.333333,0.9,29,0.44749435787015385,0.14060234447162176,0.96391615685725,0.447384139118115,-5.16827959739297e-17,-6.891039463190627e-17,3.828355257328126e-18,-5.3596973602593766e-17,-0.34045857353735404,-0.5295123750821317,0.36533278593305085,-0.34056879228939296,8.081349741720444e-17,29
SESSION_OPERATING_POINT,B2,MEDIUM,0.3333333333333333,0.333333,1.0,29,0.45549171064021665,0.15363024959155244,0.9610087476359112,0.4548515082791661,-6.508203937457814e-17,-7.082457226057034e-17,3.062684205862501e-17,-6.69962170032422e-17,-0.3375320838689043,-0.5245295430081105,0.3715180573295218,-0.33817228622995493,8.000827092610691e-17,29
SESSION_OPERATING_POINT,B2,MEDIUM,0.3333333333333333,0.333333,1.1,29,0.46542725154031406,0.16719297756345486,0.9563579716013193,0.4639972423011123,-5.74253288599219e-17,-7.656710514656253e-17,7.656710514656252e-18,-5.933950648858595e-17,-0.33357275725278107,-0.5194622533253005,0.3781398788947348,-0.3350027664919829,9.185992940805997e-17,29
SESSION_OPERATING_POINT,B2,MEDIUM,0.3333333333333333,0.333333,1.2,29,0.4723923818742483,0.1790167570312296,0.9530390140743916,0.4708487664379712,-5.933950648858595e-17,-6.891039463190627e-17,1.5313421029312504e-17,-6.125368411725002e-17,-0.33086602471571186,-0.514588993773466,0.3828987093864208,-0.332409640151989,8.192245535466322e-17,29
SESSION_OPERATING_POINT,B2,MEDIUM,0.3333333333333333,0.333333,1.3,29,0.4796122919946786,0.1921491346140843,0.9485555856954326,0.478603681264421,-4.976861834526564e-17,-6.891039463190627e-17,6.125368411725002e-17,-5.16827959739297e-17,-0.32817474871764624,-0.509333474786765,0.38732100655466317,-0.3291833594479038,9.341098675826182e-17,29
SESSION_OPERATING_POINT,B2,MEDIUM,0.3333333333333333,0.333333,1.4,29,0.4865879988084225,0.201820180646123,0.9447468061366138,0.4860768402463308,-6.891039463190627e-17,-7.656710514656253e-17,2.2970131543968756e-17,-7.082457226057034e-17,-0.3260437015520836,-0.5068153250720068,0.3926072959032727,-0.3265548601141752,9.484575334829015e-17,29
SESSION_OPERATING_POINT,B2,MEDIUM,0.3333333333333333,0.333333,1.5,29,0.49442910048189226,0.21203566072139343,0.9394655816987039,0.4938742466527708,-6.316786174591408e-17,-8.422381566121877e-17,3.062684205862501e-17,-6.508203937457814e-17,-0.3230142835449429,-0.5032948931476963,0.39694158213077396,-0.32356913737406434,1.1765416827032333e-16,29
SESSION_OPERATING_POINT,B2,MEDIUM,0.3333333333333333,0.333333,1.6,29,0.5004789579374512,0.22174224594292388,0.93583846878533,0.5000510535301013,-5.74253288599219e-17,-7.082457226057034e-17,1.1485065771984378e-17,-5.933950648858595e-17,-0.320537249724381,-0.4992503710544131,0.40038713935273157,-0.3209651541317309,8.798707341530169e-17,29
SESSION_OPERATING_POINT,B2,MEDIUM,0.3333333333333333,0.333333,1.7,29,0.507385709469936,0.23575287472975265,0.9323407262406307,0.507385709469936,-6.316786174591408e-17,-8.422381566121877e-17,7.656710514656252e-18,-6.316786174591408e-17,-0.3181216407817231,-0.493521699481398,0.40539621894285105,-0.3181216407817231,1.0292809451723446e-16,29
SESSION_OPERATING_POINT,B2,MEDIUM,0.3333333333333333,0.333333,1.8,29,0.5097356456684492,0.24140588608782232,0.931328739311475,0.5097356456684492,-6.125368411725002e-17,-8.039546040389065e-17,3.828355257328126e-17,-6.125368411725002e-17,-0.3171903348182945,-0.49078864482487683,0.4070146507212165,-0.3171903348182945,1.1080145089931442e-16,29
SESSION_OPERATING_POINT,B2,MEDIUM,0.3333333333333333,0.333333,1.9,29,0.5142695660051483,0.2461149471194491,0.9281698225210159,0.5142695660051483,-7.656710514656253e-17,-8.996634854721096e-17,2.6798486801296883e-17,-7.656710514656253e-17,-0.3153429710600722,-0.48942373779775694,0.40932393982692084,-0.3153429710600722,1.1196880373635223e-16,29
SESSION_OPERATING_POINT,B2,MEDIUM,0.5,0.50,0.5,29,0.5745022613215646,0.3412026657049734,0.882890156647402,0.5745022613215646,0.1617796759407783,0.24663110125719365,-0.09969219533625548,0.17022252801751997,-0.1835012668822875,-0.2840853779160375,0.23079823788242235,-0.1835012668822875,0.2872511306607823,29
SESSION_OPERATING_POINT,B2,MEDIUM,0.5,0.50,0.6,29,0.5915906564177564,0.36592196974637686,0.8661831125284442,0.5915906564177564,0.16643553903293867,0.2568299378357739,-0.10999542094068293,0.17012743199684427,-0.17900693464637174,-0.2779419751905402,0.23584486942618316,-0.17900693464637174,0.2957953282088782,29
SESSION_OPERATING_POINT,B2,MEDIUM,0.5,0.50,0.7,29,0.5963851530058153,0.37576142928117523,0.8613215991986579,0.5963851530058153,0.16700158011201116,0.25714221740889276,-0.11289979535282738,0.16990507165097649,-0.1776077672051138,-0.2747526351409791,0.23700626229803498,-0.1776077672051138,0.29819257650290765,29
SESSION_OPERATING_POINT,B2,MEDIUM,0.5,0.50,0.8,29,0.6087268354142513,0.3911443995146213,0.8487206588198698,0.6087268354142513,0.16792279838223784,0.26046325309025914,-0.12035966055057142,0.16960101735486394,-0.17417746947983256,-0.27099180115301824,0.24024197048562518,-0.17417746947983256,0.30436341770712566,29
SESSION_OPERATING_POINT,B2,MEDIUM,0.5,0.50,0.9,29,0.6162049681271754,0.4029592382549055,0.8396011851909875,0.6162049681271754,0.1687106102570216,0.2623568937832837,-0.1243149716662624,0.16882082900906048,-0.17174796328033234,-0.26715548129884803,0.24101781426678848,-0.17174796328033234,0.3081024840635877,29
SESSION_OPERATING_POINT,B2,MEDIUM,0.5,0.50,1.0,29,0.6233761796291547,0.41437888528064293,0.8322666334425861,0.6233761796291547,0.167884468988938,0.26074863568909046,-0.12874211419332493,0.16852467134998858,-0.1696476148799663,-0.26378090731902,0.24277594313619677,-0.1696476148799663,0.31168808981457735,29
SESSION_OPERATING_POINT,B2,MEDIUM,0.5,0.50,1.1,29,0.6319956331675297,0.4262785369868634,0.822577394177387,0.6319956331675297,0.16656838162721568,0.25908555942340855,-0.13378057742393223,0.1679983908664175,-0.16700437562556533,-0.26037669390189194,0.24435930147080254,-0.16700437562556533,0.31599781658376486,29
SESSION_OPERATING_POINT,B2,MEDIUM,0.5,0.50,1.2,29,0.6382886270005731,0.4366918868630088,0.8155058486695339,0.6382886270005731,0.1658962451263247,0.2576751298317791,-0.1375331654048575,0.1674398605626018,-0.16496977958938702,-0.2569138639416868,0.24536554398156338,-0.16496977958938702,0.31914431350028655,29
SESSION_OPERATING_POINT,B2,MEDIUM,0.5,0.50,1.3,29,0.6451636399856262,0.4488808635067725,0.8072188734758963,0.6451636399856262,0.1655513479909475,0.25673172889268797,-0.14133671221953623,0.16655995872120502,-0.16262340072669873,-0.2526017458940771,0.24598429433512692,-0.16262340072669873,0.32258181999281316,29
SESSION_OPERATING_POINT,B2,MEDIUM,0.5,0.50,1.4,29,0.6521583490112107,0.45907978485559875,0.7993612823223424,0.6521583490112107,0.1655703502027882,0.25725960420947575,-0.14538552381427156,0.16608150876487981,-0.16047335134929536,-0.24955572086253094,0.2472217720890012,-0.16047335134929536,0.32607917450560536,29
SESSION_OPERATING_POINT,B2,MEDIUM,0.5,0.50,1.5,29,0.6592626865738428,0.46871945574397433,0.7903913492636145,0.6592626865738428,0.16483358609195042,0.25668379502258076,-0.14907423243508955,0.16538843992107188,-0.15818069745299249,-0.2466110981251154,0.24786734969568433,-0.15818069745299249,0.3296313432869214,29
SESSION_OPERATING_POINT,B2,MEDIUM,0.5,0.50,1.6,29,0.6647149989719855,0.4774166018775462,0.7837635646401752,0.6647149989719855,0.16423604103453435,0.2556743559346223,-0.15207490414515468,0.16466394544188423,-0.15630120868984665,-0.24357601511979066,0.24831223520757686,-0.15630120868984665,0.33235749948599275,29
SESSION_OPERATING_POINT,B2,MEDIUM,0.5,0.50,1.7,29,0.6713950802595442,0.4901833835046637,0.7762798589899814,0.6713950802595442,0.16400937078960814,0.2544305087749109,-0.15606086725064935,0.16400937078960814,-0.1541122699921149,-0.23909119070648693,0.24933535169220172,-0.1541122699921149,0.3356975401297721,29
SESSION_OPERATING_POINT,B2,MEDIUM,0.5,0.50,1.8,29,0.673510148056368,0.4948118482643849,0.7739941566709567,0.673510148056368,0.16377450238791863,0.25340596217656264,-0.1573345826405183,0.16377450238791863,-0.1534158324303758,-0.2373826826483142,0.24968006808069806,-0.1534158324303758,0.33675507402818394,29
SESSION_OPERATING_POINT,B2,MEDIUM,0.5,0.50,1.9,29,0.6775620061646602,0.49954679657483086,0.7687626283010416,0.6775620061646602,0.16329244015951197,0.2534318494553816,-0.15940719421997393,0.16329244015951197,-0.15205053090056017,-0.23599188834237528,0.24991674560694688,-0.15205053090056017,0.3387810030823301,29
SESSION_OPERATING_POINT,B2,MEDIUM,0.6,0.60,0.5,29,0.6687994489040284,0.48718450545993663,0.7815725865096195,0.6687994489040284,0.2560768635232422,0.39261294101215694,-0.2010097654740379,0.26451971559998383,-0.08920407929982357,-0.13810353816107424,0.1294806677446399,-0.08920407929982357,0.44586629926935223,29
SESSION_OPERATING_POINT,B2,MEDIUM,0.6,0.60,0.6,29,0.6841332370863059,0.5096182343450694,0.7610993228723233,0.6841332370863059,0.2589781197014882,0.40052620243446635,-0.21507921059680368,0.26267001266539386,-0.08646435397782219,-0.1342457105918477,0.13076107977006246,-0.08646435397782219,0.456088824724204,29
SESSION_OPERATING_POINT,B2,MEDIUM,0.6,0.60,0.7,29,0.6883467899332545,0.5180361891630724,0.7552950665659326,0.6883467899332545,0.25896321703945024,0.3994169772907898,-0.2189263279855526,0.26186670857841565,-0.08564613027767469,-0.132477875259082,0.13097972966530982,-0.08564613027767469,0.4588978599555029,29
SESSION_OPERATING_POINT,B2,MEDIUM,0.6,0.60,0.8,29,0.6993060856671205,0.5320631985531554,0.740148263994636,0.6993060856671205,0.25850204863510706,0.40138205212879324,-0.22893205537580552,0.26018026760773316,-0.08359821922696332,-0.13007300211448414,0.13166957566039103,-0.08359821922696332,0.46620405711141366,29
SESSION_OPERATING_POINT,B2,MEDIUM,0.6,0.60,0.9,29,0.7057123469178942,0.542184911228225,0.730078581006912,0.7057123469178942,0.25821798904774046,0.4015825667566031,-0.2338375758503376,0.25832820779977933,-0.08224058448961348,-0.12792980832552858,0.1314952100827132,-0.08224058448961348,0.47047489794526287,29
SESSION_OPERATING_POINT,B2,MEDIUM,0.6,0.60,1.0,29,0.712014996196137,0.5521998348605023,0.7213076105866814,0.712014996196137,0.2565232855559202,0.39856958526894987,-0.23970113704922963,0.25716348791697075,-0.08100879831298412,-0.1259599577391606,0.13181692028029207,-0.08100879831298412,0.47467666413075793,29
SESSION_OPERATING_POINT,B2,MEDIUM,0.6,0.60,1.1,29,0.7195144253383774,0.562731752084006,0.7101499018351419,0.7195144253383774,0.25408717379806334,0.39553877452055114,-0.24620806976617743,0.2555171830372651,-0.0794855834547177,-0.12392347880474937,0.13193180912855737,-0.0794855834547177,0.47967628355891817,29
SESSION_OPERATING_POINT,B2,MEDIUM,0.6,0.60,1.2,29,0.7249187195580936,0.571604234318735,0.7020738589538458,0.7249187195580936,0.2525263376838453,0.3925874772875052,-0.2509651551205458,0.25406995312012237,-0.07833968703186651,-0.12200151648596066,0.13193355426587497,-0.07833968703186651,0.4832791463720625,29
SESSION_OPERATING_POINT,B2,MEDIUM,0.6,0.60,1.3,29,0.730734532451108,0.5818015748995544,0.6929446254472686,0.730734532451108,0.2511222404564293,0.38965244028547014,-0.2556109602481637,0.2521308511866868,-0.07705250826121693,-0.1196810345012949,0.1317100463064994,-0.07705250826121693,0.4871563549674052,29
SESSION_OPERATING_POINT,B2,MEDIUM,0.6,0.60,1.4,29,0.7368114217874421,0.5907267673626602,0.6839295752880781,0.7368114217874421,0.2502234229790195,0.388906586716537,-0.26081723084853575,0.25073458154111106,-0.0758202785730641,-0.1179087383554697,0.131790065054737,-0.0758202785730641,0.4912076145249613,29
SESSION_OPERATING_POINT,B2,MEDIUM,0.6,0.60,1.5,29,0.7429090787074597,0.5991222162214123,0.6740983579953009,0.7429090787074597,0.24847997822556728,0.38708655550001886,-0.26536722370340293,0.24903483205468874,-0.07453430531937567,-0.11620833764767736,0.13157435842737097,-0.07453430531937567,0.49527271913830634,29
SESSION_OPERATING_POINT,B2,MEDIUM,0.6,0.60,1.6,29,0.7475096779295719,0.6064331956465953,0.666823987515304,0.7475096779295719,0.2470307199921206,0.38469094970367135,-0.26901448127002575,0.2474586243994705,-0.07350652973226034,-0.11455942135074156,0.13137265808270582,-0.07350652973226034,0.49833978528638123,29
SESSION_OPERATING_POINT,B2,MEDIUM,0.6,0.60,1.7,29,0.7532254812523882,0.6171341527775407,0.6582983989655642,0.7532254812523882,0.24583977178245198,0.381381278047788,-0.2740423272750664,0.24583977178245198,-0.07228186899927105,-0.11214042143360992,0.1313538916677847,-0.07228186899927105,0.5021503208349254,29
SESSION_OPERATING_POINT,B2,MEDIUM,0.6,0.60,1.8,29,0.7550311598533089,0.620950043902564,0.6556761096341057,0.7550311598533089,0.24529551418485954,0.3795441578147417,-0.27565262967736925,0.24529551418485954,-0.07189482063343487,-0.11124448701013517,0.13136202104384712,-0.07189482063343487,0.5033541065688726,29
SESSION_OPERATING_POINT,B2,MEDIUM,0.6,0.60,1.9,29,0.7584714335273963,0.6251223020760118,0.6500158655154723,0.7584714335273963,0.24420186752224796,0.3790073549565625,-0.2781539570055433,0.24420186752224796,-0.07114110353782416,-0.11041638284119433,0.13116998282137757,-0.07114110353782416,0.5056476223515975,29
SESSION_OPERATING_POINT,B2,MEDIUM,0.7,0.70,0.5,29,0.758003528203852,0.625288043621011,0.6520919187649796,0.758003528203852,0.34528094282306576,0.5307164791732311,-0.3304904332186778,0.3537237948998074,0.0,0.0,0.0,0.0,0.595574200731598,0
SESSION_OPERATING_POINT,B2,MEDIUM,0.7,0.70,0.6,29,0.7705975910641282,0.6438639449369169,0.6303382431022609,0.7705975910641282,0.34544247367931036,0.5347719130263141,-0.34584029036686614,0.349134366643216,0.0,0.0,0.0,0.0,0.6054695358361009,0
SESSION_OPERATING_POINT,B2,MEDIUM,0.7,0.70,0.7,29,0.7739929202109291,0.6505140644221541,0.624315336900623,0.7739929202109291,0.34460934731712495,0.5318948525498718,-0.34990605765086236,0.3475128388560903,0.0,0.0,0.0,0.0,0.6081372944514443,0
SESSION_OPERATING_POINT,B2,MEDIUM,0.7,0.70,0.8,29,0.7829043048940838,0.6621362006676395,0.6084786883342448,0.7829043048940838,0.34210026786207043,0.5314550542432774,-0.3606016310361966,0.34377848683469653,0.0,0.0,0.0,0.0,0.6151390967024944,0
SESSION_OPERATING_POINT,B2,MEDIUM,0.7,0.70,0.9,29,0.7879529314075077,0.6701147195537532,0.5985833709241991,0.7879529314075077,0.340458573537354,0.5295123750821316,-0.36533278593305085,0.3405687922893929,0.0,0.0,0.0,0.0,0.6191058746773275,0
SESSION_OPERATING_POINT,B2,MEDIUM,0.7,0.70,1.0,29,0.7930237945091212,0.678159792599663,0.5894906903063893,0.7930237945091212,0.33753208386890426,0.5245295430081104,-0.37151805732952176,0.3381722862299549,0.0,0.0,0.0,0.0,0.6230901242571666,0
SESSION_OPERATING_POINT,B2,MEDIUM,0.7,0.70,1.1,29,0.7990000087930952,0.6866552308887556,0.5782180927065844,0.7990000087930952,0.33357275725278107,0.5194622533253004,-0.3781398788947348,0.33500276649198285,0.0,0.0,0.0,0.0,0.6277857211945747,0
SESSION_OPERATING_POINT,B2,MEDIUM,0.7,0.70,1.2,29,0.8032584065899603,0.6936057508046957,0.5701403046879708,0.8032584065899603,0.3308660247157118,0.514588993773466,-0.3828987093864208,0.3324096401519889,0.0,0.0,0.0,0.0,0.6311316051778257,0
SESSION_OPERATING_POINT,B2,MEDIUM,0.7,0.70,1.3,29,0.8077870407123249,0.7014826094008494,0.5612345791407694,0.8077870407123249,0.3281747487176462,0.509333474786765,-0.38732100655466317,0.3291833594479037,0.0,0.0,0.0,0.0,0.634689817702541,0
SESSION_OPERATING_POINT,B2,MEDIUM,0.7,0.70,1.4,29,0.8126317003605061,0.7086355057181299,0.552139510233341,0.8126317003605061,0.32604370155208356,0.5068153250720068,-0.3926072959032727,0.32655486011417517,0.0,0.0,0.0,0.0,0.6384963359975405,0
SESSION_OPERATING_POINT,B2,MEDIUM,0.7,0.70,1.5,29,0.8174433840268353,0.7153305538690897,0.5425239995679301,0.8174433840268353,0.3230142835449428,0.5032948931476962,-0.39694158213077396,0.3235691373740643,0.0,0.0,0.0,0.0,0.6422769445925135,0
SESSION_OPERATING_POINT,B2,MEDIUM,0.7,0.70,1.6,29,0.8210162076618321,0.7209926169973369,0.5354513294325983,0.8210162076618321,0.32053724972438097,0.4992503710544129,-0.40038713935273157,0.3209651541317308,0.0,0.0,0.0,0.0,0.6450841631628682,0
SESSION_OPERATING_POINT,B2,MEDIUM,0.7,0.70,1.7,29,0.8255073502516589,0.7292745742111506,0.5269445072977795,0.8255073502516589,0.31812164078172306,0.4935216994813979,-0.40539621894285105,0.31812164078172306,0.0,0.0,0.0,0.0,0.648612918054875,0
SESSION_OPERATING_POINT,B2,MEDIUM,0.7,0.70,1.8,29,0.8269259804867438,0.7321945309126993,0.5243140885902586,0.8269259804867438,0.31719033481829445,0.4907886448248768,-0.4070146507212164,0.31719033481829445,0.0,0.0,0.0,0.0,0.6497275560967273,0
SESSION_OPERATING_POINT,B2,MEDIUM,0.7,0.70,1.9,29,0.8296125370652206,0.735538684917206,0.5188458826940947,0.8296125370652206,0.31534297106007214,0.4894237377977569,-0.40932393982692084,0.31534297106007214,0.0,0.0,0.0,0.0,0.6518384219798162,0
SESSION_OPERATING_POINT,B2,MEDIUM,0.8,0.80,0.5,29,0.8426447222117556,0.7563363129670908,0.4924693663564787,0.8426447222117556,0.4299221368309693,0.661764748519311,-0.49011298562717864,0.4383649889077109,0.08464119400790354,0.13104826934607994,-0.15962255240850085,0.08464119400790354,0.7373141319352862,0
SESSION_OPERATING_POINT,B2,MEDIUM,0.8,0.80,0.6,29,0.8516858164201796,0.7697541215205461,0.47249862036315904,0.8516858164201796,0.4265306990353619,0.660662089609943,-0.503679913105968,0.4302225919992675,0.08108822535605145,0.12589017658362894,-0.15783962273910201,0.08108822535605145,0.7452250893676573,0
SESSION_OPERATING_POINT,B2,MEDIUM,0.8,0.80,0.7,29,0.8540806731604469,0.7743736528957885,0.4670896118851617,0.8540806731604469,0.42469710026664265,0.6557544410235061,-0.5071317826663236,0.427600591805608,0.08008775294951774,0.12385958847363435,-0.15722572501546123,0.08008775294951774,0.7473205890153912,0
SESSION_OPERATING_POINT,B2,MEDIUM,0.8,0.80,0.8,29,0.8604162626212772,0.7827536460328207,0.45276351681226956,0.8604162626212772,0.41961222558926364,0.6520724996084586,-0.5163168025581718,0.42129044456188974,0.07751195772719333,0.12061744536518122,-0.1557151715219753,0.07751195772719333,0.7528642297936174,0
SESSION_OPERATING_POINT,B2,MEDIUM,0.8,0.80,0.9,29,0.8639070819720616,0.7882722890768195,0.4442505424180698,0.8639070819720616,0.4164127241019079,0.6476699446051978,-0.51966561443918,0.41652294285394675,0.07595415056455392,0.118157569523066,-0.1543328285061293,0.07595415056455392,0.755918696725554,0
SESSION_OPERATING_POINT,B2,MEDIUM,0.8,0.80,1.0,29,0.867473446182203,0.7939237102381356,0.4361090542590716,0.867473446182203,0.41198173554198614,0.6402934606465831,-0.5248996933768396,0.41262193790303675,0.0744496516730819,0.11576391763847263,-0.15338163604731786,0.0744496516730819,0.7590392654094275,0
SESSION_OPERATING_POINT,B2,MEDIUM,0.8,0.80,1.1,29,0.8716378323193703,0.7998977281373013,0.42622151245188306,0.8716378323193703,0.40621058077905625,0.6327047505738462,-0.5301364591494362,0.4076405900182581,0.07263782352627525,0.11324249724854582,-0.15199658025470134,0.07263782352627525,0.762683103279449,0
SESSION_OPERATING_POINT,B2,MEDIUM,0.8,0.80,1.2,29,0.8745770321018397,0.804673312142336,0.4192053176377869,0.8745770321018397,0.40218465022759137,0.6256565551111064,-0.5338336964366046,0.4037282656638683,0.07131862551187952,0.11106756133764047,-0.15093498705018377,0.07131862551187952,0.7652549030891097,0
SESSION_OPERATING_POINT,B2,MEDIUM,0.8,0.80,1.3,29,0.8776735511974101,0.8100263947397003,0.411614200985633,0.8776735511974101,0.39806125920273144,0.6178772601256161,-0.5369413847097996,0.39906986993298904,0.06988651048508523,0.10854378533885095,-0.14962037815513637,0.06988651048508523,0.7679643572977338,0
SESSION_OPERATING_POINT,B2,MEDIUM,0.8,0.80,1.4,29,0.881056830565641,0.815041631244087,0.4036294305412619,0.881056830565641,0.3944688317572183,0.613221450597964,-0.541117375595352,0.39497999031930986,0.06842513020513472,0.10640612552595725,-0.14851007969207922,0.06842513020513472,0.7709247267449357,0
SESSION_OPERATING_POINT,B2,MEDIUM,0.8,0.80,1.5,29,0.8843873365628636,0.8197129803196258,0.395385939925479,0.8843873365628636,0.38995823608097135,0.6076773195982323,-0.5440796417732249,0.3905130899100928,0.06694395253602846,0.10438242645053608,-0.147138059642451,0.06694395253602846,0.7738389194925058,0
SESSION_OPERATING_POINT,B2,MEDIUM,0.8,0.80,1.6,29,0.8868232582573659,0.823565156154134,0.38937789628853176,0.8868232582573659,0.3863443003199147,0.6018229102112099,-0.5464605724967979,0.3867722047272646,0.06580705059553368,0.10257253915679705,-0.14607343314406643,0.06580705059553368,0.7759703509751952,0
SESSION_OPERATING_POINT,B2,MEDIUM,0.8,0.80,1.7,29,0.8899163961204346,0.8292032819614006,0.38200377665162,0.8899163961204346,0.3825306866504984,0.5934504072316479,-0.5503369495890106,0.3825306866504984,0.06440904586877537,0.0999287077502501,-0.14494073064615948,0.06440904586877537,0.7786768466053803,0
SESSION_OPERATING_POINT,B2,MEDIUM,0.8,0.80,1.8,29,0.890894705086341,0.8311755855603482,0.379711464579466,0.890894705086341,0.38115905941789163,0.5897696994725259,-0.5516172747320092,0.38115905941789163,0.0639687245995972,0.09898105464764911,-0.14460262401079277,0.0639687245995972,0.7795328669505485,0
SESSION_OPERATING_POINT,B2,MEDIUM,0.8,0.80,1.9,29,0.8927355449352706,0.8335118213634205,0.3750800876611203,0.8927355449352706,0.37846597893012246,0.5873968742439714,-0.5530897348598954,0.37846597893012246,0.06312300787005037,0.09797313644621437,-0.14376579503297454,0.06312300787005037,0.781143601818362,0
SESSION_OPERATING_POINT,B2,MEDIUM,0.9,0.90,0.5,29,0.9231786651620317,0.8810362675789569,0.29352123181169304,0.9231786651620317,0.5104560797812454,0.7864647031311772,-0.6890611201719645,0.5188989318579872,0.16517513695817976,0.2557482239579461,-0.3585706869532865,0.16517513695817976,0.8718909615419189,0
SESSION_OPERATING_POINT,B2,MEDIUM,0.9,0.90,0.6,29,0.9279869140641139,0.888206914618794,0.27939104796631853,0.9279869140641139,0.5028317966792961,0.779114882708191,-0.6967874855028087,0.5065236896432017,0.15738932299998573,0.2443429696818769,-0.3509471951359425,0.15738932299998573,0.8764320855049966,0
SESSION_OPERATING_POINT,B2,MEDIUM,0.9,0.90,0.7,29,0.929239800115751,0.8905945070857914,0.2756438688316225,0.929239800115751,0.4998562272219468,0.7719752952135089,-0.6985775257198628,0.5027597187609122,0.1552468799048218,0.24008044266363707,-0.34867146806900035,0.1552468799048218,0.8776153667759871,0
SESSION_OPERATING_POINT,B2,MEDIUM,0.9,0.90,0.8,29,0.9325774913763099,0.8950580777096551,0.2656531754665544,0.9325774913763099,0.4917734543442964,0.7643769312852929,-0.703427143903887,0.4934516733169225,0.149673186482226,0.2329218770420154,-0.3428255128676904,0.149673186482226,0.8807676307442925,0
SESSION_OPERATING_POINT,B2,MEDIUM,0.9,0.90,0.9,29,0.9343707797066049,0.8978943603858388,0.25997465905823025,0.9343707797066049,0.48687642183645125,0.757292015914217,-0.7039414977990197,0.48698664058849006,0.14641784829909726,0.22777964083208535,-0.3386087118659688,0.14641784829909726,0.882461291945127,0
SESSION_OPERATING_POINT,B2,MEDIUM,0.9,0.90,1.0,29,0.936229061618046,0.9008362978015763,0.25436256389390893,0.936229061618046,0.48073735097782927,0.7472060482100235,-0.7066461837420022,0.4813775533388799,0.14320526710892498,0.2226765052019133,-0.33512812641248046,0.14320526710892498,0.884216335972599,0
SESSION_OPERATING_POINT,B2,MEDIUM,0.9,0.90,1.1,29,0.9383793889239923,0.9039429936042669,0.24767327712815518,0.9383793889239923,0.4729521373836783,0.7367500160408118,-0.7086846944731641,0.4743821466228801,0.13937938013089726,0.2172877627155113,-0.3305448155784292,0.13937938013089726,0.8862472006504373,0
SESSION_OPERATING_POINT,B2,MEDIUM,0.9,0.90,1.2,29,0.9398851565935871,0.9063805672502379,0.24296878394673332,0.9398851565935871,0.4674927747193386,0.727363810219008,-0.7100702301276581,0.4690363901556157,0.1366267500036268,0.2127748164455422,-0.32717152074123745,0.1366267500036268,0.88766931456061,0
SESSION_OPERATING_POINT,B2,MEDIUM,0.9,0.90,1.3,29,0.9414597642693088,0.9090895421887053,0.2379554511059313,0.9414597642693088,0.46184747227463013,0.7169404075746212,-0.710600134589501,0.4628560830048877,0.13367272355698392,0.2076069327878561,-0.323279128034838,0.13367272355698392,0.889156444032125,0
SESSION_OPERATING_POINT,B2,MEDIUM,0.9,0.90,1.4,29,0.9432134523923354,0.911697332097489,0.23253537108004035,0.9432134523923354,0.45662545358391304,0.7098771514513658,-0.7122114350565735,0.4571366121460046,0.13058175203182942,0.20306182637935916,-0.31960413915330066,0.13058175203182942,0.8908127050372057,0
SESSION_OPERATING_POINT,B2,MEDIUM,0.9,0.90,1.5,29,0.9449261753420555,0.9141148003931839,0.22705274888687652,0.9449261753420555,0.4504970748601631,0.7020791396717905,-0.7124128328118274,0.4510519286892846,0.1274827913152203,0.1987842465240942,-0.3154712506810535,0.1274827913152203,0.8924302767119414,0
SESSION_OPERATING_POINT,B2,MEDIUM,0.9,0.90,1.6,29,0.9461609432905632,0.916064179133267,0.22310027997188026,0.9461609432905632,0.44568198535311204,0.694321933190343,-0.7127381888134497,0.44610988976046195,0.12514473562873102,0.19507156213593033,-0.31235104946071796,0.12514473562873102,0.8935964464410876,0
SESSION_OPERATING_POINT,B2,MEDIUM,0.9,0.90,1.7,29,0.9477429743059756,0.9189214349704378,0.2181631620428346,0.9477429743059756,0.44035726483603943,0.6831685602406851,-0.714177564197796,0.44035726483603943,0.12223562405431643,0.18964686075928708,-0.30878134525494494,0.12223562405431643,0.8950905868445326,0
SESSION_OPERATING_POINT,B2,MEDIUM,0.9,0.90,1.8,29,0.9482444638028976,0.9199155756195438,0.21661917042512818,0.9482444638028976,0.4385088181344484,0.6785096895317216,-0.7147095688863467,0.4385088181344484,0.121318483316154,0.1877210447068448,-0.3076949181651304,0.121318483316154,0.8955642158138478,0
SESSION_OPERATING_POINT,B2,MEDIUM,0.9,0.90,1.9,29,0.949181851140226,0.9211232222417686,0.21357701112665162,0.949181851140226,0.43491228513507785,0.6750082751223194,-0.7145928113943639,0.43491228513507785,0.11956931407500576,0.1855845373245625,-0.30526887156744315,0.11956931407500576,0.8964495260768802,0
SESSION_OPERATING_POINT,B2,MEDIUM,0.95,0.95,0.5,29,0.9620308197696852,0.9412001339224871,0.1701031467800231,0.9620308197696852,0.5493082343888988,0.8466285694747075,-0.8124792052036344,0.5577510864656404,0.204027291565833,0.31591209030147627,-0.4819887719849566,0.204027291565833,0.9367142192494302,0
SESSION_OPERATING_POINT,B2,MEDIUM,0.95,0.95,0.6,29,0.9645012653267311,0.9448920049162974,0.1611725944342028,0.9645012653267311,0.5393461479419132,0.8357999730056943,-0.8150059390349244,0.5430380409058188,0.19390367426260283,0.30102805997938037,-0.46916564866805827,0.19390367426260283,0.9391196530812908,0
SESSION_OPERATING_POINT,B2,MEDIUM,0.95,0.95,0.7,29,0.9651399757754914,0.9461028855451018,0.15882977214641802,0.9651399757754914,0.5357564028816874,0.8274836736728193,-0.8153916224050674,0.5386598944206527,0.19114705556456235,0.29558882112294765,-0.46548556475420483,0.19114705556456235,0.939741555360347,0
SESSION_OPERATING_POINT,B2,MEDIUM,0.95,0.95,0.8,29,0.9668468938094938,0.9483962538308743,0.15256442690653116,0.9668468938094938,0.5260428567774805,0.8177151074065122,-0.8165158924639103,0.5277210757501065,0.18394258891541015,0.2862600531632349,-0.45591426142771374,0.18394258891541015,0.9414035544987176,0
SESSION_OPERATING_POINT,B2,MEDIUM,0.95,0.95,0.9,29,0.9677532447177086,0.9498301037984854,0.1490821623359793,0.9677532447177086,0.5202588868475551,0.8092277593268637,-0.8148339945212706,0.5203691055995938,0.17980031331020108,0.2797153842447319,-0.44950120858821985,0.17980031331020108,0.9422860540672428,0
SESSION_OPERATING_POINT,B2,MEDIUM,0.95,0.95,1.0,29,0.9686983218486438,0.9513256958442748,0.1455856463654991,0.9686983218486438,0.513206611208427,0.7976954462527224,-0.815423101270412,0.5138468135694775,0.17567452733952263,0.2731659032446119,-0.4439050439408904,0.17567452733952263,0.9432062607473632,0
SESSION_OPERATING_POINT,B2,MEDIUM,0.95,0.95,1.1,29,0.9697870350059677,0.9529033261676407,0.1414589401160354,0.9697870350059677,0.5043597834656536,0.7857103486041858,-0.814899031485284,0.5057897927048554,0.1707870262128725,0.2662480952788854,-0.436759152590549,0.1707870262128725,0.9442663235584421,0
SESSION_OPERATING_POINT,B2,MEDIUM,0.95,0.95,1.2,29,0.9705468600508212,0.9541313839318818,0.1385686843185579,0.9705468600508212,0.49815447817657277,0.7751146269006521,-0.8144703297558336,0.49969809361284984,0.16728845346086094,0.26052563312718624,-0.43157162036941277,0.16728845346086094,0.9450061532073782,0
SESSION_OPERATING_POINT,B2,MEDIUM,0.95,0.95,1.3,29,0.9713389531227892,0.9554913063865144,0.135510338109007,0.9713389531227892,0.4917266611281105,0.7633421717724301,-0.8130452475864255,0.49273527185836796,0.16355191241046418,0.25400869698566503,-0.4257242410317623,0.16355191241046418,0.9457774017248209,0
SESSION_OPERATING_POINT,B2,MEDIUM,0.95,0.95,1.4,29,0.9722290606067628,0.9568166958055389,0.13215715669167524,0.9722290606067628,0.4856410617983403,0.7549965151594157,-0.8125896494449387,0.4861522203604319,0.15959736024625665,0.24818119008740896,-0.4199823535416658,0.15959736024625665,0.9466440853276373,0
SESSION_OPERATING_POINT,B2,MEDIUM,0.95,0.95,1.5,29,0.9730951848838153,0.9580425007789072,0.12880034491578243,0.9730951848838153,0.47866608440192304,0.7460068400575138,-0.8106652367829216,0.47922093823104456,0.15565180085698013,0.2427119469098176,-0.4137236546521476,0.15565180085698013,0.947487416860557,0
SESSION_OPERATING_POINT,B2,MEDIUM,0.95,0.95,1.6,29,0.9737152670696534,0.9590207445323393,0.12639479397323533,0.9737152670696534,0.47323630913220216,0.7372784985894153,-0.8094436748120946,0.47366421353955207,0.1526990594078212,0.23802812753500238,-0.409056535459363,0.1526990594078212,0.9480911810941363,0
SESSION_OPERATING_POINT,B2,MEDIUM,0.95,0.95,1.7,29,0.9745130473403422,0.9604559298906513,0.12336322954473707,0.9745130473403422,0.467127337870406,0.7247030551608986,-0.8089774966958935,0.467127337870406,0.149005697088683,0.23118135567950054,-0.4035812777530424,0.149005697088683,0.9488679671471753,0
SESSION_OPERATING_POINT,B2,MEDIUM,0.95,0.95,1.8,29,0.9747662805542459,0.9609542811800115,0.12241169390860207,0.9747662805542459,0.4650306348857966,0.7195483950921893,-0.8089170454028728,0.4650306348857966,0.14784030006750218,0.22875975026731224,-0.4019023946816566,0.14784030006750218,0.949114536329134,0
SESSION_OPERATING_POINT,B2,MEDIUM,0.95,0.95,1.9,29,0.9752380351149214,0.9615659016280959,0.12056166973455394,0.9752380351149214,0.4609684691097732,0.7154509545086465,-0.8076081527864617,0.4609684691097732,0.14562549804970096,0.2260272167108897,-0.39828421295954086,0.14562549804970096,0.9495738762961078,0
SESSION_OPERATING_POINT,B2,MEDIUM,0.98,0.98,0.5,29,0.9849155655412983,0.9766395175152833,0.08040767605512755,0.9849155655412983,0.5721929801605121,0.8820679530675036,-0.90217467592853,0.5806358322372538,0.2269120373374463,0.3513514738942724,-0.5716842427098521,0.2269120373374463,0.9748654067092444,0
SESSION_OPERATING_POINT,B2,MEDIUM,0.98,0.98,0.6,29,0.9859190165722009,0.9781408150352646,0.07591722818374715,0.9859190165722009,0.5607638991873833,0.8690487831246614,-0.9002613052853797,0.564455792151289,0.21532142550807296,0.3342768700983474,-0.5544210149185139,0.21532142550807296,0.9758586184439133,0
SESSION_OPERATING_POINT,B2,MEDIUM,0.98,0.98,0.7,29,0.98617726473365,0.9786290010295007,0.07474771444733128,0.98617726473365,0.5567936918398456,0.8600097891572183,-0.899473680104154,0.559697183378811,0.2121843445227206,0.32811493660734636,-0.5495676224532916,0.2121843445227206,0.9761142314200413,0
SESSION_OPERATING_POINT,B2,MEDIUM,0.98,0.98,0.8,29,0.9868686640655931,0.979560345457128,0.07161483245962601,0.9868686640655931,0.5460646270335796,0.8488791990327659,-0.8974654869108154,0.5477428460062057,0.2039643591715092,0.31742414478948844,-0.5368638558746188,0.2039643591715092,0.9767985756567605,0
SESSION_OPERATING_POINT,B2,MEDIUM,0.98,0.98,0.9,29,0.9872332805421863,0.9801372595900012,0.06990047925882449,0.9872332805421863,0.5397389226720325,0.8395349151183794,-0.8940156775984254,0.5398491414240713,0.19928034913467857,0.31002254003624763,-0.5286828916653746,0.19928034913467857,0.977159471557062,0
SESSION_OPERATING_POINT,B2,MEDIUM,0.98,0.98,1.0,29,0.9876148116548727,0.9807408994114698,0.06816001900754239,0.9876148116548727,0.5321231010146561,0.8271106498199173,-0.8928487286283688,0.5327633033757067,0.19459101714575175,0.30258110681180683,-0.5213306712988469,0.19459101714575175,0.9775371094951291,0
SESSION_OPERATING_POINT,B2,MEDIUM,0.98,0.98,1.1,29,0.9880531524101689,0.9813771366910491,0.06612061319502362,0.9880531524101689,0.5226259008698546,0.8141841591275941,-0.8902373584062957,0.5240559101090564,0.18905314361707362,0.29472190580229357,-0.5120974795115608,0.18905314361707362,0.9779709773855753,0
SESSION_OPERATING_POINT,B2,MEDIUM,0.98,0.98,1.2,29,0.9883585184569805,0.9818702383351767,0.06469584280064265,0.9883585184569805,0.5159661365827322,0.8028534813039472,-0.8883431712737488,0.5175097520190093,0.18510011186702052,0.2882644875304812,-0.5054444618873281,0.18510011186702052,0.9782732274523176,0
SESSION_OPERATING_POINT,B2,MEDIUM,0.98,0.98,1.3,29,0.9886763130417257,0.9824152273847973,0.0631953158684467,0.9886763130417257,0.5090640210470471,0.790266092770713,-0.8853602698269859,0.5100726317773046,0.1808892723294008,0.2809326179839478,-0.4980392632723226,0.1808892723294008,0.9785877792351774,0
SESSION_OPERATING_POINT,B2,MEDIUM,0.98,0.98,1.4,29,0.9890352898316384,0.9829501475459306,0.06153420521836581,0.9890352898316384,0.5024472910232158,0.7811299668998075,-0.8832126009182479,0.5029584495853074,0.17640358947113224,0.2743146418278008,-0.49060530501497535,0.17640358947113224,0.9789430929966216,0
SESSION_OPERATING_POINT,B2,MEDIUM,0.98,0.98,1.5,29,0.9893838503334923,0.9834441926456973,0.05988384164857578,0.9893838503334923,0.49495474985159993,0.7714085319243035,-0.8795817400501281,0.4955096036807214,0.1719404663066569,0.26811363877660754,-0.4826401579193542,0.1719404663066569,0.9792880967586606,0
SESSION_OPERATING_POINT,B2,MEDIUM,0.98,0.98,1.6,29,0.9896323684100613,0.983836098693434,0.058705680431832975,0.9896323684100613,0.48915341047261,0.7620938527505101,-0.877132788353497,0.48958131487995993,0.16861616074822908,0.26284348169609717,-0.47674564900076527,0.16861616074822908,0.9795340789364895,0
SESSION_OPERATING_POINT,B2,MEDIUM,0.98,0.98,1.7,29,0.9899528749799864,0.9844114230330168,0.05721155474458784,0.9899528749799864,0.4825671655100502,0.7486585483032638,-0.8751291714960427,0.4825671655100502,0.16444552472832716,0.2551368488218662,-0.4697329525531918,0.16444552472832716,0.9798513150312108,0
SESSION_OPERATING_POINT,B2,MEDIUM,0.98,0.98,1.8,29,0.9900546999106752,0.9846109933120235,0.05674122460394369,0.9900546999106752,0.48031905424222593,0.7432051072242011,-0.8745875147075314,0.48031905424222593,0.16312871942393148,0.25241646239932425,-0.46757286398631487,0.16312871942393148,0.9799521009319949,0
SESSION_OPERATING_POINT,B2,MEDIUM,0.98,0.98,1.9,29,0.9902440078426108,0.9848572841728885,0.055836013205181494,0.9902440078426108,0.47597444183746257,0.7387423370534394,-0.8723338093158342,0.47597444183746257,0.16063147077739043,0.24931859925568242,-0.4630098694889134,0.16063147077739043,0.9801394771503393,0
SESSION_OPERATING_POINT,B2,MEDIUM,0.99,0.99,0.5,29,0.9924747691199002,0.9883459951292352,0.04490176210330928,0.9924747691199002,0.579752183739114,0.8937744306814553,-0.9376805898803482,0.5881950358158556,0.23447124091604818,0.36305795150822423,-0.6071901566616704,0.23447124091604818,0.9874622702859611,0
SESSION_OPERATING_POINT,B2,MEDIUM,0.99,0.99,0.6,29,0.9929789891663363,0.9891006545646654,0.042322969218804435,0.9929789891663363,0.5678238717815186,0.8800086226540625,-0.9338555642503227,0.5715157647454243,0.22238139810220825,0.34523670962774833,-0.5880152738834565,0.22238139810220825,0.9879639437665066,0
SESSION_OPERATING_POINT,B2,MEDIUM,0.99,0.99,0.7,29,0.9931085597908458,0.9893453656821104,0.04165331824182106,0.9931085597908458,0.5637249868970419,0.8707261538098279,-0.9325680763096643,0.5666284784360073,0.21911563957991684,0.3388313012599559,-0.5826620186588019,0.21911563957991684,0.9880928599939225,0
SESSION_OPERATING_POINT,B2,MEDIUM,0.99,0.99,0.8,29,0.9934556582152104,0.9898133088451606,0.03985852943219573,0.9934556582152104,0.552651621183197,0.8591321624207985,-0.9292217899382457,0.5543298401558231,0.21055135332112668,0.3276771081775211,-0.5686201589020491,0.21055135332112668,0.9884382053959418,0
SESSION_OPERATING_POINT,B2,MEDIUM,0.99,0.99,0.9,29,0.9936382926606193,0.9901022973145804,0.03888305675260445,0.9936382926606193,0.5461439347904655,0.8494999528429585,-0.9250331001046456,0.5462541535425044,0.20568536125311151,0.319987577760827,-0.5597003141715946,0.20568536125311151,0.9886199174451618,0
SESSION_OPERATING_POINT,B2,MEDIUM,0.99,0.99,1.0,29,0.99382961601497,0.9904049777864236,0.0378878201664595,0.99382961601497,0.5383379053747531,0.8367747281948709,-0.9231209274694516,0.5389781077358038,0.20080582150584883,0.3122451851867605,-0.5516028701399298,0.20080582150584883,0.9888102745199445,0
SESSION_OPERATING_POINT,B2,MEDIUM,0.99,0.99,1.1,29,0.9940492311201932,0.9907239100153491,0.0367254708287144,0.9940492311201932,0.5286219795798792,0.823530932451894,-0.9196325007726047,0.530051988819081,0.19504922232709818,0.3040686791265937,-0.5414926218778701,0.19504922232709818,0.9890287804579702,0
SESSION_OPERATING_POINT,B2,MEDIUM,0.99,0.99,1.2,29,0.994202135749919,0.9909707472336621,0.035914188341024826,0.994202135749919,0.5218097538756705,0.8119539902024325,-0.9171248257333668,0.5233533693119475,0.19094372915995875,0.2973649964289665,-0.534226116346946,0.19094372915995875,0.989180912842091,0
SESSION_OPERATING_POINT,B2,MEDIUM,0.99,0.99,1.3,29,0.9943611779577964,0.9912433901436357,0.03506151927898465,0.9943611779577964,0.5147488859631176,0.7990942555295513,-0.9134940664164477,0.5157574966933752,0.18657413724547142,0.28976078074278616,-0.5261730598617846,0.18657413724547142,0.9893391518064945,0
SESSION_OPERATING_POINT,B2,MEDIUM,0.99,0.99,1.4,29,0.9945411359367301,0.991511613625519,0.034113715804993686,0.9945411359367301,0.5079531371283077,0.7896914329793957,-0.91063309033162,0.5084642956903993,0.18190943557622408,0.28287610790738915,-0.5180257944283473,0.18190943557622408,0.9895182009067467,0
SESSION_OPERATING_POINT,B2,MEDIUM,0.99,0.99,1.5,29,0.9947157499728181,0.9917592276552581,0.03317535422042258,0.9947157499728181,0.5002866494909258,0.7797235669338647,-0.9062902274782815,0.5008415033200473,0.17727236594598283,0.2764286737861685,-0.5093486453475076,0.17727236594598283,0.9896919330537635,0
SESSION_OPERATING_POINT,B2,MEDIUM,0.99,0.99,1.6,29,0.9948400774251445,0.9919552633689,0.03250639948862365,0.9948400774251445,0.49436111948769323,0.7702130174259759,-0.9033320692967062,0.49478902389504315,0.17382386976331224,0.27096264637156303,-0.5029449299439747,0.17382386976331224,0.9898156325896639,0
SESSION_OPERATING_POINT,B2,MEDIUM,0.99,0.99,1.7,29,0.9950005454698473,0.9922431090740048,0.03165564060424454,0.9950005454698473,0.48761483599991123,0.7564902343442523,-0.900685085636386,0.48761483599991123,0.1694931952181882,0.2629685348628544,-0.495288866693535,0.1694931952181882,0.9899752901896965,0
SESSION_OPERATING_POINT,B2,MEDIUM,0.99,0.99,1.8,29,0.9950515414593697,0.992342926536322,0.03138745885133595,0.9950515414593697,0.4853158957909204,0.7509370404484995,-0.899941280460139,0.4853158957909204,0.16812556097262588,0.26014839562362274,-0.49292662973892265,0.16812556097262588,0.9900260286237162,0
SESSION_OPERATING_POINT,B2,MEDIUM,0.99,0.99,1.9,29,0.9951462865509569,0.9924663280766961,0.030873833361093405,0.9951462865509569,0.4808767205458087,0.7463513809572467,-0.8972959891599221,0.4808767205458087,0.16553374948573663,0.2569276431594899,-0.4879720493330014,0.16553374948573663,0.99012029520474,0
SESSION_OPERATING_POINT,B2,MEDIUM,1.0,1.00,0.5,29,1.0,1.0,0.0,1.0,0.5872774146192138,0.9054284355522203,-0.9825823519836573,0.5957202666959553,0.241996471796148,0.37471195637898913,-0.6520919187649796,0.241996471796148,1.0,0
SESSION_OPERATING_POINT,B2,MEDIUM,1.0,1.00,0.6,29,1.0,1.0,0.0,1.0,0.5748448826151822,0.890907968089397,-0.9761785334691273,0.5785367755790877,0.2294024089358718,0.35613605506308305,-0.6303382431022609,0.2294024089358718,1.0,0
SESSION_OPERATING_POINT,B2,MEDIUM,1.0,1.00,0.7,29,1.0,1.0,0.0,1.0,0.5706164271061959,0.8813807881277174,-0.9742213945514853,0.5735199186451612,0.22600707978907084,0.3494859355778456,-0.624315336900623,0.22600707978907084,1.0,0
SESSION_OPERATING_POINT,B2,MEDIUM,1.0,1.00,0.8,29,1.0,1.0,0.0,1.0,0.5591959629679867,0.8693188535756378,-0.9690803193704414,0.5608741819406127,0.21709569510591617,0.3378637993323604,-0.6084786883342448,0.21709569510591617,1.0,0
SESSION_OPERATING_POINT,B2,MEDIUM,1.0,1.00,0.9,29,1.0,1.0,0.0,1.0,0.5525056421298461,0.8593976555283781,-0.96391615685725,0.552615860881885,0.21204706859249225,0.3298852804462465,-0.5985833709241991,0.21204706859249225,1.0,0
SESSION_OPERATING_POINT,B2,MEDIUM,1.0,1.00,1.0,29,1.0,1.0,0.0,1.0,0.5445082893597832,0.8463697504084474,-0.961008747635911,0.5451484917208339,0.20697620549087897,0.32184020740033703,-0.5894906903063893,0.20697620549087897,1.0,0
SESSION_OPERATING_POINT,B2,MEDIUM,1.0,1.00,1.1,29,1.0,1.0,0.0,1.0,0.5345727484596859,0.8328070224365451,-0.9563579716013193,0.5360027576988877,0.20099999120690495,0.31334476911124465,-0.5782180927065844,0.20099999120690495,1.0,0
SESSION_OPERATING_POINT,B2,MEDIUM,1.0,1.00,1.2,29,1.0,1.0,0.0,1.0,0.5276076181257516,0.8209832429687702,-0.9530390140743916,0.5291512335620286,0.19674159341003983,0.3063942491953044,-0.5701403046879708,0.19674159341003983,1.0,0
SESSION_OPERATING_POINT,B2,MEDIUM,1.0,1.00,1.3,29,1.0,1.0,0.0,1.0,0.5203877080053213,0.8078508653859157,-0.9485555856954325,0.5213963187355788,0.19221295928767515,0.2985173905991505,-0.5612345791407694,0.19221295928767515,1.0,0
SESSION_OPERATING_POINT,B2,MEDIUM,1.0,1.00,1.4,29,1.0,1.0,0.0,1.0,0.5134120011915775,0.7981798193538768,-0.9447468061366138,0.5139231597536692,0.18736829963949386,0.2913644942818702,-0.552139510233341,0.18736829963949386,1.0,0
SESSION_OPERATING_POINT,B2,MEDIUM,1.0,1.00,1.5,29,1.0,1.0,0.0,1.0,0.5055708995181076,0.7879643392786065,-0.9394655816987039,0.5061257533472291,0.1825566159731647,0.28466944613091033,-0.5425239995679301,0.1825566159731647,1.0,0
SESSION_OPERATING_POINT,B2,MEDIUM,1.0,1.00,1.6,29,1.0,1.0,0.0,1.0,0.4995210420625487,0.7782577540570761,-0.9358384687853297,0.4999489464698986,0.17898379233816777,0.2790073830026631,-0.5354513294325983,0.17898379233816777,1.0,0
SESSION_OPERATING_POINT,B2,MEDIUM,1.0,1.00,1.7,29,1.0,1.0,0.0,1.0,0.4926142905300639,0.7642471252702472,-0.9323407262406307,0.4926142905300639,0.1744926497483409,0.2707254257888494,-0.5269445072977795,0.1744926497483409,1.0,0
SESSION_OPERATING_POINT,B2,MEDIUM,1.0,1.00,1.8,29,1.0,1.0,0.0,1.0,0.4902643543315507,0.7585941139121777,-0.9313287393114749,0.4902643543315507,0.17307401951325624,0.26780546908730085,-0.5243140885902586,0.17307401951325624,1.0,0
SESSION_OPERATING_POINT,B2,MEDIUM,1.0,1.00,1.9,29,1.0,1.0,0.0,1.0,0.4857304339948516,0.7538850528805509,-0.9281698225210159,0.4857304339948516,0.17038746293477958,0.26446131508279397,-0.5188458826940947,0.17038746293477958,1.0,0
SESSION_OPERATING_POINT,B2,CONSERVATIVE,0.3333333333333333,0.333333,0.5,29,0.41272258538078616,0.09457156444777971,0.9825823519836574,0.40427973330404454,-4.402608545927345e-17,-5.3596973602593766e-17,1.914177628664063e-17,-5.3596973602593766e-17,-0.3452809428230658,-0.5307164791732312,0.3304904332186778,-0.3537237948998075,7.372191723373878e-17,29
SESSION_OPERATING_POINT,B2,CONSERVATIVE,0.3333333333333333,0.333333,0.6,29,0.42515511738481776,0.10909203191060288,0.9761785334691273,0.42146322442091216,-4.0197730201945323e-17,-5.74253288599219e-17,1.914177628664063e-17,-4.594026308793751e-17,-0.3454424736793104,-0.5347719130263141,0.34584029036686614,-0.349134366643216,7.636170401263551e-17,29
SESSION_OPERATING_POINT,B2,CONSERVATIVE,0.3333333333333333,0.333333,0.7,29,0.42938357289380413,0.11861921187228247,0.9742213945514853,0.4264800813548387,-5.16827959739297e-17,-6.508203937457814e-17,0.0,-5.74253288599219e-17,-0.34460934731712506,-0.5318948525498718,0.34990605765086236,-0.34751283885609036,8.759440209888796e-17,29
SESSION_OPERATING_POINT,B2,CONSERVATIVE,0.3333333333333333,0.333333,0.8,29,0.4408040370320134,0.13068114642436207,0.9690803193704414,0.4391258180593873,-4.976861834526564e-17,-5.74253288599219e-17,1.5313421029312504e-17,-5.74253288599219e-17,-0.34210026786207043,-0.5314550542432774,0.3606016310361966,-0.34377848683469653,8.10072480066347e-17,29
SESSION_OPERATING_POINT,B2,CONSERVATIVE,0.3333333333333333,0.333333,0.9,29,0.44749435787015385,0.14060234447162176,0.96391615685725,0.447384139118115,-5.16827959739297e-17,-6.891039463190627e-17,3.828355257328126e-18,-5.3596973602593766e-17,-0.34045857353735404,-0.5295123750821317,0.36533278593305085,-0.34056879228939296,8.081349741720444e-17,29
SESSION_OPERATING_POINT,B2,CONSERVATIVE,0.3333333333333333,0.333333,1.0,29,0.45549171064021665,0.15363024959155244,0.9610087476359112,0.4548515082791661,-6.508203937457814e-17,-7.082457226057034e-17,3.062684205862501e-17,-6.69962170032422e-17,-0.3375320838689043,-0.5245295430081105,0.3715180573295218,-0.33817228622995493,8.000827092610691e-17,29
SESSION_OPERATING_POINT,B2,CONSERVATIVE,0.3333333333333333,0.333333,1.1,29,0.46542725154031406,0.16719297756345486,0.9563579716013193,0.4639972423011123,-5.74253288599219e-17,-7.656710514656253e-17,7.656710514656252e-18,-5.933950648858595e-17,-0.33357275725278107,-0.5194622533253005,0.3781398788947348,-0.3350027664919829,9.185992940805997e-17,29
SESSION_OPERATING_POINT,B2,CONSERVATIVE,0.3333333333333333,0.333333,1.2,29,0.4723923818742483,0.1790167570312296,0.9530390140743916,0.4708487664379712,-5.933950648858595e-17,-6.891039463190627e-17,1.5313421029312504e-17,-6.125368411725002e-17,-0.33086602471571186,-0.514588993773466,0.3828987093864208,-0.332409640151989,8.192245535466322e-17,29
SESSION_OPERATING_POINT,B2,CONSERVATIVE,0.3333333333333333,0.333333,1.3,29,0.4796122919946786,0.1921491346140843,0.9485555856954326,0.478603681264421,-4.976861834526564e-17,-6.891039463190627e-17,6.125368411725002e-17,-5.16827959739297e-17,-0.32817474871764624,-0.509333474786765,0.38732100655466317,-0.3291833594479038,9.341098675826182e-17,29
SESSION_OPERATING_POINT,B2,CONSERVATIVE,0.3333333333333333,0.333333,1.4,29,0.4865879988084225,0.201820180646123,0.9447468061366138,0.4860768402463308,-6.891039463190627e-17,-7.656710514656253e-17,2.2970131543968756e-17,-7.082457226057034e-17,-0.3260437015520836,-0.5068153250720068,0.3926072959032727,-0.3265548601141752,9.484575334829015e-17,29
SESSION_OPERATING_POINT,B2,CONSERVATIVE,0.3333333333333333,0.333333,1.5,29,0.49442910048189226,0.21203566072139343,0.9394655816987039,0.4938742466527708,-6.316786174591408e-17,-8.422381566121877e-17,3.062684205862501e-17,-6.508203937457814e-17,-0.3230142835449429,-0.5032948931476963,0.39694158213077396,-0.32356913737406434,1.1765416827032333e-16,29
SESSION_OPERATING_POINT,B2,CONSERVATIVE,0.3333333333333333,0.333333,1.6,29,0.5004789579374512,0.22174224594292388,0.93583846878533,0.5000510535301013,-5.74253288599219e-17,-7.082457226057034e-17,1.1485065771984378e-17,-5.933950648858595e-17,-0.320537249724381,-0.4992503710544131,0.40038713935273157,-0.3209651541317309,8.798707341530169e-17,29
SESSION_OPERATING_POINT,B2,CONSERVATIVE,0.3333333333333333,0.333333,1.7,29,0.507385709469936,0.23575287472975265,0.9323407262406307,0.507385709469936,-6.316786174591408e-17,-8.422381566121877e-17,7.656710514656252e-18,-6.316786174591408e-17,-0.3181216407817231,-0.493521699481398,0.40539621894285105,-0.3181216407817231,1.0292809451723446e-16,29
SESSION_OPERATING_POINT,B2,CONSERVATIVE,0.3333333333333333,0.333333,1.8,29,0.5097356456684492,0.24140588608782232,0.931328739311475,0.5097356456684492,-6.125368411725002e-17,-8.039546040389065e-17,3.828355257328126e-17,-6.125368411725002e-17,-0.3171903348182945,-0.49078864482487683,0.4070146507212165,-0.3171903348182945,1.1080145089931442e-16,29
SESSION_OPERATING_POINT,B2,CONSERVATIVE,0.3333333333333333,0.333333,1.9,29,0.5142695660051483,0.2461149471194491,0.9281698225210159,0.5142695660051483,-7.656710514656253e-17,-8.996634854721096e-17,2.6798486801296883e-17,-7.656710514656253e-17,-0.3153429710600722,-0.48942373779775694,0.40932393982692084,-0.3153429710600722,1.1196880373635223e-16,29
SESSION_OPERATING_POINT,B2,CONSERVATIVE,0.5,0.50,0.5,29,0.5745022613215646,0.3412026657049734,0.882890156647402,0.5745022613215646,0.1617796759407783,0.24663110125719365,-0.09969219533625548,0.17022252801751997,-0.1835012668822875,-0.2840853779160375,0.23079823788242235,-0.1835012668822875,0.2872511306607823,29
SESSION_OPERATING_POINT,B2,CONSERVATIVE,0.5,0.50,0.6,29,0.5915906564177564,0.36592196974637686,0.8661831125284442,0.5915906564177564,0.16643553903293867,0.2568299378357739,-0.10999542094068293,0.17012743199684427,-0.17900693464637174,-0.2779419751905402,0.23584486942618316,-0.17900693464637174,0.2957953282088782,29
SESSION_OPERATING_POINT,B2,CONSERVATIVE,0.5,0.50,0.7,29,0.5963851530058153,0.37576142928117523,0.8613215991986579,0.5963851530058153,0.16700158011201116,0.25714221740889276,-0.11289979535282738,0.16990507165097649,-0.1776077672051138,-0.2747526351409791,0.23700626229803498,-0.1776077672051138,0.29819257650290765,29
SESSION_OPERATING_POINT,B2,CONSERVATIVE,0.5,0.50,0.8,29,0.6087268354142513,0.3911443995146213,0.8487206588198698,0.6087268354142513,0.16792279838223784,0.26046325309025914,-0.12035966055057142,0.16960101735486394,-0.17417746947983256,-0.27099180115301824,0.24024197048562518,-0.17417746947983256,0.30436341770712566,29
SESSION_OPERATING_POINT,B2,CONSERVATIVE,0.5,0.50,0.9,29,0.6162049681271754,0.4029592382549055,0.8396011851909875,0.6162049681271754,0.1687106102570216,0.2623568937832837,-0.1243149716662624,0.16882082900906048,-0.17174796328033234,-0.26715548129884803,0.24101781426678848,-0.17174796328033234,0.3081024840635877,29
SESSION_OPERATING_POINT,B2,CONSERVATIVE,0.5,0.50,1.0,29,0.6233761796291547,0.41437888528064293,0.8322666334425861,0.6233761796291547,0.167884468988938,0.26074863568909046,-0.12874211419332493,0.16852467134998858,-0.1696476148799663,-0.26378090731902,0.24277594313619677,-0.1696476148799663,0.31168808981457735,29
SESSION_OPERATING_POINT,B2,CONSERVATIVE,0.5,0.50,1.1,29,0.6319956331675297,0.4262785369868634,0.822577394177387,0.6319956331675297,0.16656838162721568,0.25908555942340855,-0.13378057742393223,0.1679983908664175,-0.16700437562556533,-0.26037669390189194,0.24435930147080254,-0.16700437562556533,0.31599781658376486,29
SESSION_OPERATING_POINT,B2,CONSERVATIVE,0.5,0.50,1.2,29,0.6382886270005731,0.4366918868630088,0.8155058486695339,0.6382886270005731,0.1658962451263247,0.2576751298317791,-0.1375331654048575,0.1674398605626018,-0.16496977958938702,-0.2569138639416868,0.24536554398156338,-0.16496977958938702,0.31914431350028655,29
SESSION_OPERATING_POINT,B2,CONSERVATIVE,0.5,0.50,1.3,29,0.6451636399856262,0.4488808635067725,0.8072188734758963,0.6451636399856262,0.1655513479909475,0.25673172889268797,-0.14133671221953623,0.16655995872120502,-0.16262340072669873,-0.2526017458940771,0.24598429433512692,-0.16262340072669873,0.32258181999281316,29
SESSION_OPERATING_POINT,B2,CONSERVATIVE,0.5,0.50,1.4,29,0.6521583490112107,0.45907978485559875,0.7993612823223424,0.6521583490112107,0.1655703502027882,0.25725960420947575,-0.14538552381427156,0.16608150876487981,-0.16047335134929536,-0.24955572086253094,0.2472217720890012,-0.16047335134929536,0.32607917450560536,29
SESSION_OPERATING_POINT,B2,CONSERVATIVE,0.5,0.50,1.5,29,0.6592626865738428,0.46871945574397433,0.7903913492636145,0.6592626865738428,0.16483358609195042,0.25668379502258076,-0.14907423243508955,0.16538843992107188,-0.15818069745299249,-0.2466110981251154,0.24786734969568433,-0.15818069745299249,0.3296313432869214,29
SESSION_OPERATING_POINT,B2,CONSERVATIVE,0.5,0.50,1.6,29,0.6647149989719855,0.4774166018775462,0.7837635646401752,0.6647149989719855,0.16423604103453435,0.2556743559346223,-0.15207490414515468,0.16466394544188423,-0.15630120868984665,-0.24357601511979066,0.24831223520757686,-0.15630120868984665,0.33235749948599275,29
SESSION_OPERATING_POINT,B2,CONSERVATIVE,0.5,0.50,1.7,29,0.6713950802595442,0.4901833835046637,0.7762798589899814,0.6713950802595442,0.16400937078960814,0.2544305087749109,-0.15606086725064935,0.16400937078960814,-0.1541122699921149,-0.23909119070648693,0.24933535169220172,-0.1541122699921149,0.3356975401297721,29
SESSION_OPERATING_POINT,B2,CONSERVATIVE,0.5,0.50,1.8,29,0.673510148056368,0.4948118482643849,0.7739941566709567,0.673510148056368,0.16377450238791863,0.25340596217656264,-0.1573345826405183,0.16377450238791863,-0.1534158324303758,-0.2373826826483142,0.24968006808069806,-0.1534158324303758,0.33675507402818394,29
SESSION_OPERATING_POINT,B2,CONSERVATIVE,0.5,0.50,1.9,29,0.6775620061646602,0.49954679657483086,0.7687626283010416,0.6775620061646602,0.16329244015951197,0.2534318494553816,-0.15940719421997393,0.16329244015951197,-0.15205053090056017,-0.23599188834237528,0.24991674560694688,-0.15205053090056017,0.3387810030823301,29
SESSION_OPERATING_POINT,B2,CONSERVATIVE,0.6,0.60,0.5,29,0.6687994489040284,0.48718450545993663,0.7815725865096195,0.6687994489040284,0.2560768635232422,0.39261294101215694,-0.2010097654740379,0.26451971559998383,-0.08920407929982357,-0.13810353816107424,0.1294806677446399,-0.08920407929982357,0.44586629926935223,29
SESSION_OPERATING_POINT,B2,CONSERVATIVE,0.6,0.60,0.6,29,0.6841332370863059,0.5096182343450694,0.7610993228723233,0.6841332370863059,0.2589781197014882,0.40052620243446635,-0.21507921059680368,0.26267001266539386,-0.08646435397782219,-0.1342457105918477,0.13076107977006246,-0.08646435397782219,0.456088824724204,29
SESSION_OPERATING_POINT,B2,CONSERVATIVE,0.6,0.60,0.7,29,0.6883467899332545,0.5180361891630724,0.7552950665659326,0.6883467899332545,0.25896321703945024,0.3994169772907898,-0.2189263279855526,0.26186670857841565,-0.08564613027767469,-0.132477875259082,0.13097972966530982,-0.08564613027767469,0.4588978599555029,29
SESSION_OPERATING_POINT,B2,CONSERVATIVE,0.6,0.60,0.8,29,0.6993060856671205,0.5320631985531554,0.740148263994636,0.6993060856671205,0.25850204863510706,0.40138205212879324,-0.22893205537580552,0.26018026760773316,-0.08359821922696332,-0.13007300211448414,0.13166957566039103,-0.08359821922696332,0.46620405711141366,29
SESSION_OPERATING_POINT,B2,CONSERVATIVE,0.6,0.60,0.9,29,0.7057123469178942,0.542184911228225,0.730078581006912,0.7057123469178942,0.25821798904774046,0.4015825667566031,-0.2338375758503376,0.25832820779977933,-0.08224058448961348,-0.12792980832552858,0.1314952100827132,-0.08224058448961348,0.47047489794526287,29
SESSION_OPERATING_POINT,B2,CONSERVATIVE,0.6,0.60,1.0,29,0.712014996196137,0.5521998348605023,0.7213076105866814,0.712014996196137,0.2565232855559202,0.39856958526894987,-0.23970113704922963,0.25716348791697075,-0.08100879831298412,-0.1259599577391606,0.13181692028029207,-0.08100879831298412,0.47467666413075793,29
SESSION_OPERATING_POINT,B2,CONSERVATIVE,0.6,0.60,1.1,29,0.7195144253383774,0.562731752084006,0.7101499018351419,0.7195144253383774,0.25408717379806334,0.39553877452055114,-0.24620806976617743,0.2555171830372651,-0.0794855834547177,-0.12392347880474937,0.13193180912855737,-0.0794855834547177,0.47967628355891817,29
SESSION_OPERATING_POINT,B2,CONSERVATIVE,0.6,0.60,1.2,29,0.7249187195580936,0.571604234318735,0.7020738589538458,0.7249187195580936,0.2525263376838453,0.3925874772875052,-0.2509651551205458,0.25406995312012237,-0.07833968703186651,-0.12200151648596066,0.13193355426587497,-0.07833968703186651,0.4832791463720625,29
SESSION_OPERATING_POINT,B2,CONSERVATIVE,0.6,0.60,1.3,29,0.730734532451108,0.5818015748995544,0.6929446254472686,0.730734532451108,0.2511222404564293,0.38965244028547014,-0.2556109602481637,0.2521308511866868,-0.07705250826121693,-0.1196810345012949,0.1317100463064994,-0.07705250826121693,0.4871563549674052,29
SESSION_OPERATING_POINT,B2,CONSERVATIVE,0.6,0.60,1.4,29,0.7368114217874421,0.5907267673626602,0.6839295752880781,0.7368114217874421,0.2502234229790195,0.388906586716537,-0.26081723084853575,0.25073458154111106,-0.0758202785730641,-0.1179087383554697,0.131790065054737,-0.0758202785730641,0.4912076145249613,29
SESSION_OPERATING_POINT,B2,CONSERVATIVE,0.6,0.60,1.5,29,0.7429090787074597,0.5991222162214123,0.6740983579953009,0.7429090787074597,0.24847997822556728,0.38708655550001886,-0.26536722370340293,0.24903483205468874,-0.07453430531937567,-0.11620833764767736,0.13157435842737097,-0.07453430531937567,0.49527271913830634,29
SESSION_OPERATING_POINT,B2,CONSERVATIVE,0.6,0.60,1.6,29,0.7475096779295719,0.6064331956465953,0.666823987515304,0.7475096779295719,0.2470307199921206,0.38469094970367135,-0.26901448127002575,0.2474586243994705,-0.07350652973226034,-0.11455942135074156,0.13137265808270582,-0.07350652973226034,0.49833978528638123,29
SESSION_OPERATING_POINT,B2,CONSERVATIVE,0.6,0.60,1.7,29,0.7532254812523882,0.6171341527775407,0.6582983989655642,0.7532254812523882,0.24583977178245198,0.381381278047788,-0.2740423272750664,0.24583977178245198,-0.07228186899927105,-0.11214042143360992,0.1313538916677847,-0.07228186899927105,0.5021503208349254,29
SESSION_OPERATING_POINT,B2,CONSERVATIVE,0.6,0.60,1.8,29,0.7550311598533089,0.620950043902564,0.6556761096341057,0.7550311598533089,0.24529551418485954,0.3795441578147417,-0.27565262967736925,0.24529551418485954,-0.07189482063343487,-0.11124448701013517,0.13136202104384712,-0.07189482063343487,0.5033541065688726,29
SESSION_OPERATING_POINT,B2,CONSERVATIVE,0.6,0.60,1.9,29,0.7584714335273963,0.6251223020760118,0.6500158655154723,0.7584714335273963,0.24420186752224796,0.3790073549565625,-0.2781539570055433,0.24420186752224796,-0.07114110353782416,-0.11041638284119433,0.13116998282137757,-0.07114110353782416,0.5056476223515975,29
SESSION_OPERATING_POINT,B2,CONSERVATIVE,0.7,0.70,0.5,29,0.758003528203852,0.625288043621011,0.6520919187649796,0.758003528203852,0.34528094282306576,0.5307164791732311,-0.3304904332186778,0.3537237948998074,0.0,0.0,0.0,0.0,0.595574200731598,0
SESSION_OPERATING_POINT,B2,CONSERVATIVE,0.7,0.70,0.6,29,0.7705975910641282,0.6438639449369169,0.6303382431022609,0.7705975910641282,0.34544247367931036,0.5347719130263141,-0.34584029036686614,0.349134366643216,0.0,0.0,0.0,0.0,0.6054695358361009,0
SESSION_OPERATING_POINT,B2,CONSERVATIVE,0.7,0.70,0.7,29,0.7739929202109291,0.6505140644221541,0.624315336900623,0.7739929202109291,0.34460934731712495,0.5318948525498718,-0.34990605765086236,0.3475128388560903,0.0,0.0,0.0,0.0,0.6081372944514443,0
SESSION_OPERATING_POINT,B2,CONSERVATIVE,0.7,0.70,0.8,29,0.7829043048940838,0.6621362006676395,0.6084786883342448,0.7829043048940838,0.34210026786207043,0.5314550542432774,-0.3606016310361966,0.34377848683469653,0.0,0.0,0.0,0.0,0.6151390967024944,0
SESSION_OPERATING_POINT,B2,CONSERVATIVE,0.7,0.70,0.9,29,0.7879529314075077,0.6701147195537532,0.5985833709241991,0.7879529314075077,0.340458573537354,0.5295123750821316,-0.36533278593305085,0.3405687922893929,0.0,0.0,0.0,0.0,0.6191058746773275,0
SESSION_OPERATING_POINT,B2,CONSERVATIVE,0.7,0.70,1.0,29,0.7930237945091212,0.678159792599663,0.5894906903063893,0.7930237945091212,0.33753208386890426,0.5245295430081104,-0.37151805732952176,0.3381722862299549,0.0,0.0,0.0,0.0,0.6230901242571666,0
SESSION_OPERATING_POINT,B2,CONSERVATIVE,0.7,0.70,1.1,29,0.7990000087930952,0.6866552308887556,0.5782180927065844,0.7990000087930952,0.33357275725278107,0.5194622533253004,-0.3781398788947348,0.33500276649198285,0.0,0.0,0.0,0.0,0.6277857211945747,0
SESSION_OPERATING_POINT,B2,CONSERVATIVE,0.7,0.70,1.2,29,0.8032584065899603,0.6936057508046957,0.5701403046879708,0.8032584065899603,0.3308660247157118,0.514588993773466,-0.3828987093864208,0.3324096401519889,0.0,0.0,0.0,0.0,0.6311316051778257,0
SESSION_OPERATING_POINT,B2,CONSERVATIVE,0.7,0.70,1.3,29,0.8077870407123249,0.7014826094008494,0.5612345791407694,0.8077870407123249,0.3281747487176462,0.509333474786765,-0.38732100655466317,0.3291833594479037,0.0,0.0,0.0,0.0,0.634689817702541,0
SESSION_OPERATING_POINT,B2,CONSERVATIVE,0.7,0.70,1.4,29,0.8126317003605061,0.7086355057181299,0.552139510233341,0.8126317003605061,0.32604370155208356,0.5068153250720068,-0.3926072959032727,0.32655486011417517,0.0,0.0,0.0,0.0,0.6384963359975405,0
SESSION_OPERATING_POINT,B2,CONSERVATIVE,0.7,0.70,1.5,29,0.8174433840268353,0.7153305538690897,0.5425239995679301,0.8174433840268353,0.3230142835449428,0.5032948931476962,-0.39694158213077396,0.3235691373740643,0.0,0.0,0.0,0.0,0.6422769445925135,0
SESSION_OPERATING_POINT,B2,CONSERVATIVE,0.7,0.70,1.6,29,0.8210162076618321,0.7209926169973369,0.5354513294325983,0.8210162076618321,0.32053724972438097,0.4992503710544129,-0.40038713935273157,0.3209651541317308,0.0,0.0,0.0,0.0,0.6450841631628682,0
SESSION_OPERATING_POINT,B2,CONSERVATIVE,0.7,0.70,1.7,29,0.8255073502516589,0.7292745742111506,0.5269445072977795,0.8255073502516589,0.31812164078172306,0.4935216994813979,-0.40539621894285105,0.31812164078172306,0.0,0.0,0.0,0.0,0.648612918054875,0
SESSION_OPERATING_POINT,B2,CONSERVATIVE,0.7,0.70,1.8,29,0.8269259804867438,0.7321945309126993,0.5243140885902586,0.8269259804867438,0.31719033481829445,0.4907886448248768,-0.4070146507212164,0.31719033481829445,0.0,0.0,0.0,0.0,0.6497275560967273,0
SESSION_OPERATING_POINT,B2,CONSERVATIVE,0.7,0.70,1.9,29,0.8296125370652206,0.735538684917206,0.5188458826940947,0.8296125370652206,0.31534297106007214,0.4894237377977569,-0.40932393982692084,0.31534297106007214,0.0,0.0,0.0,0.0,0.6518384219798162,0
SESSION_OPERATING_POINT,B2,CONSERVATIVE,0.8,0.80,0.5,29,0.8426447222117556,0.7563363129670908,0.4924693663564787,0.8426447222117556,0.4299221368309693,0.661764748519311,-0.49011298562717864,0.4383649889077109,0.08464119400790354,0.13104826934607994,-0.15962255240850085,0.08464119400790354,0.7373141319352862,0
SESSION_OPERATING_POINT,B2,CONSERVATIVE,0.8,0.80,0.6,29,0.8516858164201796,0.7697541215205461,0.47249862036315904,0.8516858164201796,0.4265306990353619,0.660662089609943,-0.503679913105968,0.4302225919992675,0.08108822535605145,0.12589017658362894,-0.15783962273910201,0.08108822535605145,0.7452250893676573,0
SESSION_OPERATING_POINT,B2,CONSERVATIVE,0.8,0.80,0.7,29,0.8540806731604469,0.7743736528957885,0.4670896118851617,0.8540806731604469,0.42469710026664265,0.6557544410235061,-0.5071317826663236,0.427600591805608,0.08008775294951774,0.12385958847363435,-0.15722572501546123,0.08008775294951774,0.7473205890153912,0
SESSION_OPERATING_POINT,B2,CONSERVATIVE,0.8,0.80,0.8,29,0.8604162626212772,0.7827536460328207,0.45276351681226956,0.8604162626212772,0.41961222558926364,0.6520724996084586,-0.5163168025581718,0.42129044456188974,0.07751195772719333,0.12061744536518122,-0.1557151715219753,0.07751195772719333,0.7528642297936174,0
SESSION_OPERATING_POINT,B2,CONSERVATIVE,0.8,0.80,0.9,29,0.8639070819720616,0.7882722890768195,0.4442505424180698,0.8639070819720616,0.4164127241019079,0.6476699446051978,-0.51966561443918,0.41652294285394675,0.07595415056455392,0.118157569523066,-0.1543328285061293,0.07595415056455392,0.755918696725554,0
SESSION_OPERATING_POINT,B2,CONSERVATIVE,0.8,0.80,1.0,29,0.867473446182203,0.7939237102381356,0.4361090542590716,0.867473446182203,0.41198173554198614,0.6402934606465831,-0.5248996933768396,0.41262193790303675,0.0744496516730819,0.11576391763847263,-0.15338163604731786,0.0744496516730819,0.7590392654094275,0
SESSION_OPERATING_POINT,B2,CONSERVATIVE,0.8,0.80,1.1,29,0.8716378323193703,0.7998977281373013,0.42622151245188306,0.8716378323193703,0.40621058077905625,0.6327047505738462,-0.5301364591494362,0.4076405900182581,0.07263782352627525,0.11324249724854582,-0.15199658025470134,0.07263782352627525,0.762683103279449,0
SESSION_OPERATING_POINT,B2,CONSERVATIVE,0.8,0.80,1.2,29,0.8745770321018397,0.804673312142336,0.4192053176377869,0.8745770321018397,0.40218465022759137,0.6256565551111064,-0.5338336964366046,0.4037282656638683,0.07131862551187952,0.11106756133764047,-0.15093498705018377,0.07131862551187952,0.7652549030891097,0
SESSION_OPERATING_POINT,B2,CONSERVATIVE,0.8,0.80,1.3,29,0.8776735511974101,0.8100263947397003,0.411614200985633,0.8776735511974101,0.39806125920273144,0.6178772601256161,-0.5369413847097996,0.39906986993298904,0.06988651048508523,0.10854378533885095,-0.14962037815513637,0.06988651048508523,0.7679643572977338,0
SESSION_OPERATING_POINT,B2,CONSERVATIVE,0.8,0.80,1.4,29,0.881056830565641,0.815041631244087,0.4036294305412619,0.881056830565641,0.3944688317572183,0.613221450597964,-0.541117375595352,0.39497999031930986,0.06842513020513472,0.10640612552595725,-0.14851007969207922,0.06842513020513472,0.7709247267449357,0
SESSION_OPERATING_POINT,B2,CONSERVATIVE,0.8,0.80,1.5,29,0.8843873365628636,0.8197129803196258,0.395385939925479,0.8843873365628636,0.38995823608097135,0.6076773195982323,-0.5440796417732249,0.3905130899100928,0.06694395253602846,0.10438242645053608,-0.147138059642451,0.06694395253602846,0.7738389194925058,0
SESSION_OPERATING_POINT,B2,CONSERVATIVE,0.8,0.80,1.6,29,0.8868232582573659,0.823565156154134,0.38937789628853176,0.8868232582573659,0.3863443003199147,0.6018229102112099,-0.5464605724967979,0.3867722047272646,0.06580705059553368,0.10257253915679705,-0.14607343314406643,0.06580705059553368,0.7759703509751952,0
SESSION_OPERATING_POINT,B2,CONSERVATIVE,0.8,0.80,1.7,29,0.8899163961204346,0.8292032819614006,0.38200377665162,0.8899163961204346,0.3825306866504984,0.5934504072316479,-0.5503369495890106,0.3825306866504984,0.06440904586877537,0.0999287077502501,-0.14494073064615948,0.06440904586877537,0.7786768466053803,0
SESSION_OPERATING_POINT,B2,CONSERVATIVE,0.8,0.80,1.8,29,0.890894705086341,0.8311755855603482,0.379711464579466,0.890894705086341,0.38115905941789163,0.5897696994725259,-0.5516172747320092,0.38115905941789163,0.0639687245995972,0.09898105464764911,-0.14460262401079277,0.0639687245995972,0.7795328669505485,0
SESSION_OPERATING_POINT,B2,CONSERVATIVE,0.8,0.80,1.9,29,0.8927355449352706,0.8335118213634205,0.3750800876611203,0.8927355449352706,0.37846597893012246,0.5873968742439714,-0.5530897348598954,0.37846597893012246,0.06312300787005037,0.09797313644621437,-0.14376579503297454,0.06312300787005037,0.781143601818362,0
SESSION_OPERATING_POINT,B2,CONSERVATIVE,0.9,0.90,0.5,29,0.9231786651620317,0.8810362675789569,0.29352123181169304,0.9231786651620317,0.5104560797812454,0.7864647031311772,-0.6890611201719645,0.5188989318579872,0.16517513695817976,0.2557482239579461,-0.3585706869532865,0.16517513695817976,0.8718909615419189,0
SESSION_OPERATING_POINT,B2,CONSERVATIVE,0.9,0.90,0.6,29,0.9279869140641139,0.888206914618794,0.27939104796631853,0.9279869140641139,0.5028317966792961,0.779114882708191,-0.6967874855028087,0.5065236896432017,0.15738932299998573,0.2443429696818769,-0.3509471951359425,0.15738932299998573,0.8764320855049966,0
SESSION_OPERATING_POINT,B2,CONSERVATIVE,0.9,0.90,0.7,29,0.929239800115751,0.8905945070857914,0.2756438688316225,0.929239800115751,0.4998562272219468,0.7719752952135089,-0.6985775257198628,0.5027597187609122,0.1552468799048218,0.24008044266363707,-0.34867146806900035,0.1552468799048218,0.8776153667759871,0
SESSION_OPERATING_POINT,B2,CONSERVATIVE,0.9,0.90,0.8,29,0.9325774913763099,0.8950580777096551,0.2656531754665544,0.9325774913763099,0.4917734543442964,0.7643769312852929,-0.703427143903887,0.4934516733169225,0.149673186482226,0.2329218770420154,-0.3428255128676904,0.149673186482226,0.8807676307442925,0
SESSION_OPERATING_POINT,B2,CONSERVATIVE,0.9,0.90,0.9,29,0.9343707797066049,0.8978943603858388,0.25997465905823025,0.9343707797066049,0.48687642183645125,0.757292015914217,-0.7039414977990197,0.48698664058849006,0.14641784829909726,0.22777964083208535,-0.3386087118659688,0.14641784829909726,0.882461291945127,0
SESSION_OPERATING_POINT,B2,CONSERVATIVE,0.9,0.90,1.0,29,0.936229061618046,0.9008362978015763,0.25436256389390893,0.936229061618046,0.48073735097782927,0.7472060482100235,-0.7066461837420022,0.4813775533388799,0.14320526710892498,0.2226765052019133,-0.33512812641248046,0.14320526710892498,0.884216335972599,0
SESSION_OPERATING_POINT,B2,CONSERVATIVE,0.9,0.90,1.1,29,0.9383793889239923,0.9039429936042669,0.24767327712815518,0.9383793889239923,0.4729521373836783,0.7367500160408118,-0.7086846944731641,0.4743821466228801,0.13937938013089726,0.2172877627155113,-0.3305448155784292,0.13937938013089726,0.8862472006504373,0
SESSION_OPERATING_POINT,B2,CONSERVATIVE,0.9,0.90,1.2,29,0.9398851565935871,0.9063805672502379,0.24296878394673332,0.9398851565935871,0.4674927747193386,0.727363810219008,-0.7100702301276581,0.4690363901556157,0.1366267500036268,0.2127748164455422,-0.32717152074123745,0.1366267500036268,0.88766931456061,0
SESSION_OPERATING_POINT,B2,CONSERVATIVE,0.9,0.90,1.3,29,0.9414597642693088,0.9090895421887053,0.2379554511059313,0.9414597642693088,0.46184747227463013,0.7169404075746212,-0.710600134589501,0.4628560830048877,0.13367272355698392,0.2076069327878561,-0.323279128034838,0.13367272355698392,0.889156444032125,0
SESSION_OPERATING_POINT,B2,CONSERVATIVE,0.9,0.90,1.4,29,0.9432134523923354,0.911697332097489,0.23253537108004035,0.9432134523923354,0.45662545358391304,0.7098771514513658,-0.7122114350565735,0.4571366121460046,0.13058175203182942,0.20306182637935916,-0.31960413915330066,0.13058175203182942,0.8908127050372057,0
SESSION_OPERATING_POINT,B2,CONSERVATIVE,0.9,0.90,1.5,29,0.9449261753420555,0.9141148003931839,0.22705274888687652,0.9449261753420555,0.4504970748601631,0.7020791396717905,-0.7124128328118274,0.4510519286892846,0.1274827913152203,0.1987842465240942,-0.3154712506810535,0.1274827913152203,0.8924302767119414,0
SESSION_OPERATING_POINT,B2,CONSERVATIVE,0.9,0.90,1.6,29,0.9461609432905632,0.916064179133267,0.22310027997188026,0.9461609432905632,0.44568198535311204,0.694321933190343,-0.7127381888134497,0.44610988976046195,0.12514473562873102,0.19507156213593033,-0.31235104946071796,0.12514473562873102,0.8935964464410876,0
SESSION_OPERATING_POINT,B2,CONSERVATIVE,0.9,0.90,1.7,29,0.9477429743059756,0.9189214349704378,0.2181631620428346,0.9477429743059756,0.44035726483603943,0.6831685602406851,-0.714177564197796,0.44035726483603943,0.12223562405431643,0.18964686075928708,-0.30878134525494494,0.12223562405431643,0.8950905868445326,0
SESSION_OPERATING_POINT,B2,CONSERVATIVE,0.9,0.90,1.8,29,0.9482444638028976,0.9199155756195438,0.21661917042512818,0.9482444638028976,0.4385088181344484,0.6785096895317216,-0.7147095688863467,0.4385088181344484,0.121318483316154,0.1877210447068448,-0.3076949181651304,0.121318483316154,0.8955642158138478,0
SESSION_OPERATING_POINT,B2,CONSERVATIVE,0.9,0.90,1.9,29,0.949181851140226,0.9211232222417686,0.21357701112665162,0.949181851140226,0.43491228513507785,0.6750082751223194,-0.7145928113943639,0.43491228513507785,0.11956931407500576,0.1855845373245625,-0.30526887156744315,0.11956931407500576,0.8964495260768802,0
SESSION_OPERATING_POINT,B2,CONSERVATIVE,0.95,0.95,0.5,29,0.9620308197696852,0.9412001339224871,0.1701031467800231,0.9620308197696852,0.5493082343888988,0.8466285694747075,-0.8124792052036344,0.5577510864656404,0.204027291565833,0.31591209030147627,-0.4819887719849566,0.204027291565833,0.9367142192494302,0
SESSION_OPERATING_POINT,B2,CONSERVATIVE,0.95,0.95,0.6,29,0.9645012653267311,0.9448920049162974,0.1611725944342028,0.9645012653267311,0.5393461479419132,0.8357999730056943,-0.8150059390349244,0.5430380409058188,0.19390367426260283,0.30102805997938037,-0.46916564866805827,0.19390367426260283,0.9391196530812908,0
SESSION_OPERATING_POINT,B2,CONSERVATIVE,0.95,0.95,0.7,29,0.9651399757754914,0.9461028855451018,0.15882977214641802,0.9651399757754914,0.5357564028816874,0.8274836736728193,-0.8153916224050674,0.5386598944206527,0.19114705556456235,0.29558882112294765,-0.46548556475420483,0.19114705556456235,0.939741555360347,0
SESSION_OPERATING_POINT,B2,CONSERVATIVE,0.95,0.95,0.8,29,0.9668468938094938,0.9483962538308743,0.15256442690653116,0.9668468938094938,0.5260428567774805,0.8177151074065122,-0.8165158924639103,0.5277210757501065,0.18394258891541015,0.2862600531632349,-0.45591426142771374,0.18394258891541015,0.9414035544987176,0
SESSION_OPERATING_POINT,B2,CONSERVATIVE,0.95,0.95,0.9,29,0.9677532447177086,0.9498301037984854,0.1490821623359793,0.9677532447177086,0.5202588868475551,0.8092277593268637,-0.8148339945212706,0.5203691055995938,0.17980031331020108,0.2797153842447319,-0.44950120858821985,0.17980031331020108,0.9422860540672428,0
SESSION_OPERATING_POINT,B2,CONSERVATIVE,0.95,0.95,1.0,29,0.9686983218486438,0.9513256958442748,0.1455856463654991,0.9686983218486438,0.513206611208427,0.7976954462527224,-0.815423101270412,0.5138468135694775,0.17567452733952263,0.2731659032446119,-0.4439050439408904,0.17567452733952263,0.9432062607473632,0
SESSION_OPERATING_POINT,B2,CONSERVATIVE,0.95,0.95,1.1,29,0.9697870350059677,0.9529033261676407,0.1414589401160354,0.9697870350059677,0.5043597834656536,0.7857103486041858,-0.814899031485284,0.5057897927048554,0.1707870262128725,0.2662480952788854,-0.436759152590549,0.1707870262128725,0.9442663235584421,0
SESSION_OPERATING_POINT,B2,CONSERVATIVE,0.95,0.95,1.2,29,0.9705468600508212,0.9541313839318818,0.1385686843185579,0.9705468600508212,0.49815447817657277,0.7751146269006521,-0.8144703297558336,0.49969809361284984,0.16728845346086094,0.26052563312718624,-0.43157162036941277,0.16728845346086094,0.9450061532073782,0
SESSION_OPERATING_POINT,B2,CONSERVATIVE,0.95,0.95,1.3,29,0.9713389531227892,0.9554913063865144,0.135510338109007,0.9713389531227892,0.4917266611281105,0.7633421717724301,-0.8130452475864255,0.49273527185836796,0.16355191241046418,0.25400869698566503,-0.4257242410317623,0.16355191241046418,0.9457774017248209,0
SESSION_OPERATING_POINT,B2,CONSERVATIVE,0.95,0.95,1.4,29,0.9722290606067628,0.9568166958055389,0.13215715669167524,0.9722290606067628,0.4856410617983403,0.7549965151594157,-0.8125896494449387,0.4861522203604319,0.15959736024625665,0.24818119008740896,-0.4199823535416658,0.15959736024625665,0.9466440853276373,0
SESSION_OPERATING_POINT,B2,CONSERVATIVE,0.95,0.95,1.5,29,0.9730951848838153,0.9580425007789072,0.12880034491578243,0.9730951848838153,0.47866608440192304,0.7460068400575138,-0.8106652367829216,0.47922093823104456,0.15565180085698013,0.2427119469098176,-0.4137236546521476,0.15565180085698013,0.947487416860557,0
SESSION_OPERATING_POINT,B2,CONSERVATIVE,0.95,0.95,1.6,29,0.9737152670696534,0.9590207445323393,0.12639479397323533,0.9737152670696534,0.47323630913220216,0.7372784985894153,-0.8094436748120946,0.47366421353955207,0.1526990594078212,0.23802812753500238,-0.409056535459363,0.1526990594078212,0.9480911810941363,0
SESSION_OPERATING_POINT,B2,CONSERVATIVE,0.95,0.95,1.7,29,0.9745130473403422,0.9604559298906513,0.12336322954473707,0.9745130473403422,0.467127337870406,0.7247030551608986,-0.8089774966958935,0.467127337870406,0.149005697088683,0.23118135567950054,-0.4035812777530424,0.149005697088683,0.9488679671471753,0
SESSION_OPERATING_POINT,B2,CONSERVATIVE,0.95,0.95,1.8,29,0.9747662805542459,0.9609542811800115,0.12241169390860207,0.9747662805542459,0.4650306348857966,0.7195483950921893,-0.8089170454028728,0.4650306348857966,0.14784030006750218,0.22875975026731224,-0.4019023946816566,0.14784030006750218,0.949114536329134,0
SESSION_OPERATING_POINT,B2,CONSERVATIVE,0.95,0.95,1.9,29,0.9752380351149214,0.9615659016280959,0.12056166973455394,0.9752380351149214,0.4609684691097732,0.7154509545086465,-0.8076081527864617,0.4609684691097732,0.14562549804970096,0.2260272167108897,-0.39828421295954086,0.14562549804970096,0.9495738762961078,0
SESSION_OPERATING_POINT,B2,CONSERVATIVE,0.98,0.98,0.5,29,0.9849155655412983,0.9766395175152833,0.08040767605512755,0.9849155655412983,0.5721929801605121,0.8820679530675036,-0.90217467592853,0.5806358322372538,0.2269120373374463,0.3513514738942724,-0.5716842427098521,0.2269120373374463,0.9748654067092444,0
SESSION_OPERATING_POINT,B2,CONSERVATIVE,0.98,0.98,0.6,29,0.9859190165722009,0.9781408150352646,0.07591722818374715,0.9859190165722009,0.5607638991873833,0.8690487831246614,-0.9002613052853797,0.564455792151289,0.21532142550807296,0.3342768700983474,-0.5544210149185139,0.21532142550807296,0.9758586184439133,0
SESSION_OPERATING_POINT,B2,CONSERVATIVE,0.98,0.98,0.7,29,0.98617726473365,0.9786290010295007,0.07474771444733128,0.98617726473365,0.5567936918398456,0.8600097891572183,-0.899473680104154,0.559697183378811,0.2121843445227206,0.32811493660734636,-0.5495676224532916,0.2121843445227206,0.9761142314200413,0
SESSION_OPERATING_POINT,B2,CONSERVATIVE,0.98,0.98,0.8,29,0.9868686640655931,0.979560345457128,0.07161483245962601,0.9868686640655931,0.5460646270335796,0.8488791990327659,-0.8974654869108154,0.5477428460062057,0.2039643591715092,0.31742414478948844,-0.5368638558746188,0.2039643591715092,0.9767985756567605,0
SESSION_OPERATING_POINT,B2,CONSERVATIVE,0.98,0.98,0.9,29,0.9872332805421863,0.9801372595900012,0.06990047925882449,0.9872332805421863,0.5397389226720325,0.8395349151183794,-0.8940156775984254,0.5398491414240713,0.19928034913467857,0.31002254003624763,-0.5286828916653746,0.19928034913467857,0.977159471557062,0
SESSION_OPERATING_POINT,B2,CONSERVATIVE,0.98,0.98,1.0,29,0.9876148116548727,0.9807408994114698,0.06816001900754239,0.9876148116548727,0.5321231010146561,0.8271106498199173,-0.8928487286283688,0.5327633033757067,0.19459101714575175,0.30258110681180683,-0.5213306712988469,0.19459101714575175,0.9775371094951291,0
SESSION_OPERATING_POINT,B2,CONSERVATIVE,0.98,0.98,1.1,29,0.9880531524101689,0.9813771366910491,0.06612061319502362,0.9880531524101689,0.5226259008698546,0.8141841591275941,-0.8902373584062957,0.5240559101090564,0.18905314361707362,0.29472190580229357,-0.5120974795115608,0.18905314361707362,0.9779709773855753,0
SESSION_OPERATING_POINT,B2,CONSERVATIVE,0.98,0.98,1.2,29,0.9883585184569805,0.9818702383351767,0.06469584280064265,0.9883585184569805,0.5159661365827322,0.8028534813039472,-0.8883431712737488,0.5175097520190093,0.18510011186702052,0.2882644875304812,-0.5054444618873281,0.18510011186702052,0.9782732274523176,0
SESSION_OPERATING_POINT,B2,CONSERVATIVE,0.98,0.98,1.3,29,0.9886763130417257,0.9824152273847973,0.0631953158684467,0.9886763130417257,0.5090640210470471,0.790266092770713,-0.8853602698269859,0.5100726317773046,0.1808892723294008,0.2809326179839478,-0.4980392632723226,0.1808892723294008,0.9785877792351774,0
SESSION_OPERATING_POINT,B2,CONSERVATIVE,0.98,0.98,1.4,29,0.9890352898316384,0.9829501475459306,0.06153420521836581,0.9890352898316384,0.5024472910232158,0.7811299668998075,-0.8832126009182479,0.5029584495853074,0.17640358947113224,0.2743146418278008,-0.49060530501497535,0.17640358947113224,0.9789430929966216,0
SESSION_OPERATING_POINT,B2,CONSERVATIVE,0.98,0.98,1.5,29,0.9893838503334923,0.9834441926456973,0.05988384164857578,0.9893838503334923,0.49495474985159993,0.7714085319243035,-0.8795817400501281,0.4955096036807214,0.1719404663066569,0.26811363877660754,-0.4826401579193542,0.1719404663066569,0.9792880967586606,0
SESSION_OPERATING_POINT,B2,CONSERVATIVE,0.98,0.98,1.6,29,0.9896323684100613,0.983836098693434,0.058705680431832975,0.9896323684100613,0.48915341047261,0.7620938527505101,-0.877132788353497,0.48958131487995993,0.16861616074822908,0.26284348169609717,-0.47674564900076527,0.16861616074822908,0.9795340789364895,0
SESSION_OPERATING_POINT,B2,CONSERVATIVE,0.98,0.98,1.7,29,0.9899528749799864,0.9844114230330168,0.05721155474458784,0.9899528749799864,0.4825671655100502,0.7486585483032638,-0.8751291714960427,0.4825671655100502,0.16444552472832716,0.2551368488218662,-0.4697329525531918,0.16444552472832716,0.9798513150312108,0
SESSION_OPERATING_POINT,B2,CONSERVATIVE,0.98,0.98,1.8,29,0.9900546999106752,0.9846109933120235,0.05674122460394369,0.9900546999106752,0.48031905424222593,0.7432051072242011,-0.8745875147075314,0.48031905424222593,0.16312871942393148,0.25241646239932425,-0.46757286398631487,0.16312871942393148,0.9799521009319949,0
SESSION_OPERATING_POINT,B2,CONSERVATIVE,0.98,0.98,1.9,29,0.9902440078426108,0.9848572841728885,0.055836013205181494,0.9902440078426108,0.47597444183746257,0.7387423370534394,-0.8723338093158342,0.47597444183746257,0.16063147077739043,0.24931859925568242,-0.4630098694889134,0.16063147077739043,0.9801394771503393,0
SESSION_OPERATING_POINT,B2,CONSERVATIVE,0.99,0.99,0.5,29,0.9924747691199002,0.9883459951292352,0.04490176210330928,0.9924747691199002,0.579752183739114,0.8937744306814553,-0.9376805898803482,0.5881950358158556,0.23447124091604818,0.36305795150822423,-0.6071901566616704,0.23447124091604818,0.9874622702859611,0
SESSION_OPERATING_POINT,B2,CONSERVATIVE,0.99,0.99,0.6,29,0.9929789891663363,0.9891006545646654,0.042322969218804435,0.9929789891663363,0.5678238717815186,0.8800086226540625,-0.9338555642503227,0.5715157647454243,0.22238139810220825,0.34523670962774833,-0.5880152738834565,0.22238139810220825,0.9879639437665066,0
SESSION_OPERATING_POINT,B2,CONSERVATIVE,0.99,0.99,0.7,29,0.9931085597908458,0.9893453656821104,0.04165331824182106,0.9931085597908458,0.5637249868970419,0.8707261538098279,-0.9325680763096643,0.5666284784360073,0.21911563957991684,0.3388313012599559,-0.5826620186588019,0.21911563957991684,0.9880928599939225,0
SESSION_OPERATING_POINT,B2,CONSERVATIVE,0.99,0.99,0.8,29,0.9934556582152104,0.9898133088451606,0.03985852943219573,0.9934556582152104,0.552651621183197,0.8591321624207985,-0.9292217899382457,0.5543298401558231,0.21055135332112668,0.3276771081775211,-0.5686201589020491,0.21055135332112668,0.9884382053959418,0
SESSION_OPERATING_POINT,B2,CONSERVATIVE,0.99,0.99,0.9,29,0.9936382926606193,0.9901022973145804,0.03888305675260445,0.9936382926606193,0.5461439347904655,0.8494999528429585,-0.9250331001046456,0.5462541535425044,0.20568536125311151,0.319987577760827,-0.5597003141715946,0.20568536125311151,0.9886199174451618,0
SESSION_OPERATING_POINT,B2,CONSERVATIVE,0.99,0.99,1.0,29,0.99382961601497,0.9904049777864236,0.0378878201664595,0.99382961601497,0.5383379053747531,0.8367747281948709,-0.9231209274694516,0.5389781077358038,0.20080582150584883,0.3122451851867605,-0.5516028701399298,0.20080582150584883,0.9888102745199445,0
SESSION_OPERATING_POINT,B2,CONSERVATIVE,0.99,0.99,1.1,29,0.9940492311201932,0.9907239100153491,0.0367254708287144,0.9940492311201932,0.5286219795798792,0.823530932451894,-0.9196325007726047,0.530051988819081,0.19504922232709818,0.3040686791265937,-0.5414926218778701,0.19504922232709818,0.9890287804579702,0
SESSION_OPERATING_POINT,B2,CONSERVATIVE,0.99,0.99,1.2,29,0.994202135749919,0.9909707472336621,0.035914188341024826,0.994202135749919,0.5218097538756705,0.8119539902024325,-0.9171248257333668,0.5233533693119475,0.19094372915995875,0.2973649964289665,-0.534226116346946,0.19094372915995875,0.989180912842091,0
SESSION_OPERATING_POINT,B2,CONSERVATIVE,0.99,0.99,1.3,29,0.9943611779577964,0.9912433901436357,0.03506151927898465,0.9943611779577964,0.5147488859631176,0.7990942555295513,-0.9134940664164477,0.5157574966933752,0.18657413724547142,0.28976078074278616,-0.5261730598617846,0.18657413724547142,0.9893391518064945,0
SESSION_OPERATING_POINT,B2,CONSERVATIVE,0.99,0.99,1.4,29,0.9945411359367301,0.991511613625519,0.034113715804993686,0.9945411359367301,0.5079531371283077,0.7896914329793957,-0.91063309033162,0.5084642956903993,0.18190943557622408,0.28287610790738915,-0.5180257944283473,0.18190943557622408,0.9895182009067467,0
SESSION_OPERATING_POINT,B2,CONSERVATIVE,0.99,0.99,1.5,29,0.9947157499728181,0.9917592276552581,0.03317535422042258,0.9947157499728181,0.5002866494909258,0.7797235669338647,-0.9062902274782815,0.5008415033200473,0.17727236594598283,0.2764286737861685,-0.5093486453475076,0.17727236594598283,0.9896919330537635,0
SESSION_OPERATING_POINT,B2,CONSERVATIVE,0.99,0.99,1.6,29,0.9948400774251445,0.9919552633689,0.03250639948862365,0.9948400774251445,0.49436111948769323,0.7702130174259759,-0.9033320692967062,0.49478902389504315,0.17382386976331224,0.27096264637156303,-0.5029449299439747,0.17382386976331224,0.9898156325896639,0
SESSION_OPERATING_POINT,B2,CONSERVATIVE,0.99,0.99,1.7,29,0.9950005454698473,0.9922431090740048,0.03165564060424454,0.9950005454698473,0.48761483599991123,0.7564902343442523,-0.900685085636386,0.48761483599991123,0.1694931952181882,0.2629685348628544,-0.495288866693535,0.1694931952181882,0.9899752901896965,0
SESSION_OPERATING_POINT,B2,CONSERVATIVE,0.99,0.99,1.8,29,0.9950515414593697,0.992342926536322,0.03138745885133595,0.9950515414593697,0.4853158957909204,0.7509370404484995,-0.899941280460139,0.4853158957909204,0.16812556097262588,0.26014839562362274,-0.49292662973892265,0.16812556097262588,0.9900260286237162,0
SESSION_OPERATING_POINT,B2,CONSERVATIVE,0.99,0.99,1.9,29,0.9951462865509569,0.9924663280766961,0.030873833361093405,0.9951462865509569,0.4808767205458087,0.7463513809572467,-0.8972959891599221,0.4808767205458087,0.16553374948573663,0.2569276431594899,-0.4879720493330014,0.16553374948573663,0.99012029520474,0
SESSION_OPERATING_POINT,B2,CONSERVATIVE,1.0,1.00,0.5,29,1.0,1.0,0.0,1.0,0.5872774146192138,0.9054284355522203,-0.9825823519836573,0.5957202666959553,0.241996471796148,0.37471195637898913,-0.6520919187649796,0.241996471796148,1.0,0
SESSION_OPERATING_POINT,B2,CONSERVATIVE,1.0,1.00,0.6,29,1.0,1.0,0.0,1.0,0.5748448826151822,0.890907968089397,-0.9761785334691273,0.5785367755790877,0.2294024089358718,0.35613605506308305,-0.6303382431022609,0.2294024089358718,1.0,0
SESSION_OPERATING_POINT,B2,CONSERVATIVE,1.0,1.00,0.7,29,1.0,1.0,0.0,1.0,0.5706164271061959,0.8813807881277174,-0.9742213945514853,0.5735199186451612,0.22600707978907084,0.3494859355778456,-0.624315336900623,0.22600707978907084,1.0,0
SESSION_OPERATING_POINT,B2,CONSERVATIVE,1.0,1.00,0.8,29,1.0,1.0,0.0,1.0,0.5591959629679867,0.8693188535756378,-0.9690803193704414,0.5608741819406127,0.21709569510591617,0.3378637993323604,-0.6084786883342448,0.21709569510591617,1.0,0
SESSION_OPERATING_POINT,B2,CONSERVATIVE,1.0,1.00,0.9,29,1.0,1.0,0.0,1.0,0.5525056421298461,0.8593976555283781,-0.96391615685725,0.552615860881885,0.21204706859249225,0.3298852804462465,-0.5985833709241991,0.21204706859249225,1.0,0
SESSION_OPERATING_POINT,B2,CONSERVATIVE,1.0,1.00,1.0,29,1.0,1.0,0.0,1.0,0.5445082893597832,0.8463697504084474,-0.961008747635911,0.5451484917208339,0.20697620549087897,0.32184020740033703,-0.5894906903063893,0.20697620549087897,1.0,0
SESSION_OPERATING_POINT,B2,CONSERVATIVE,1.0,1.00,1.1,29,1.0,1.0,0.0,1.0,0.5345727484596859,0.8328070224365451,-0.9563579716013193,0.5360027576988877,0.20099999120690495,0.31334476911124465,-0.5782180927065844,0.20099999120690495,1.0,0
SESSION_OPERATING_POINT,B2,CONSERVATIVE,1.0,1.00,1.2,29,1.0,1.0,0.0,1.0,0.5276076181257516,0.8209832429687702,-0.9530390140743916,0.5291512335620286,0.19674159341003983,0.3063942491953044,-0.5701403046879708,0.19674159341003983,1.0,0
SESSION_OPERATING_POINT,B2,CONSERVATIVE,1.0,1.00,1.3,29,1.0,1.0,0.0,1.0,0.5203877080053213,0.8078508653859157,-0.9485555856954325,0.5213963187355788,0.19221295928767515,0.2985173905991505,-0.5612345791407694,0.19221295928767515,1.0,0
SESSION_OPERATING_POINT,B2,CONSERVATIVE,1.0,1.00,1.4,29,1.0,1.0,0.0,1.0,0.5134120011915775,0.7981798193538768,-0.9447468061366138,0.5139231597536692,0.18736829963949386,0.2913644942818702,-0.552139510233341,0.18736829963949386,1.0,0
SESSION_OPERATING_POINT,B2,CONSERVATIVE,1.0,1.00,1.5,29,1.0,1.0,0.0,1.0,0.5055708995181076,0.7879643392786065,-0.9394655816987039,0.5061257533472291,0.1825566159731647,0.28466944613091033,-0.5425239995679301,0.1825566159731647,1.0,0
SESSION_OPERATING_POINT,B2,CONSERVATIVE,1.0,1.00,1.6,29,1.0,1.0,0.0,1.0,0.4995210420625487,0.7782577540570761,-0.9358384687853297,0.4999489464698986,0.17898379233816777,0.2790073830026631,-0.5354513294325983,0.17898379233816777,1.0,0
SESSION_OPERATING_POINT,B2,CONSERVATIVE,1.0,1.00,1.7,29,1.0,1.0,0.0,1.0,0.4926142905300639,0.7642471252702472,-0.9323407262406307,0.4926142905300639,0.1744926497483409,0.2707254257888494,-0.5269445072977795,0.1744926497483409,1.0,0
SESSION_OPERATING_POINT,B2,CONSERVATIVE,1.0,1.00,1.8,29,1.0,1.0,0.0,1.0,0.4902643543315507,0.7585941139121777,-0.9313287393114749,0.4902643543315507,0.17307401951325624,0.26780546908730085,-0.5243140885902586,0.17307401951325624,1.0,0
SESSION_OPERATING_POINT,B2,CONSERVATIVE,1.0,1.00,1.9,29,1.0,1.0,0.0,1.0,0.4857304339948516,0.7538850528805509,-0.9281698225210159,0.4857304339948516,0.17038746293477958,0.26446131508279397,-0.5188458826940947,0.17038746293477958,1.0,0
