heldOutSession,trainingSessions,operatingPoint,branch,grid,stabilitySeconds,strength,strengthLabel,N,meanBaselineStopSeconds,meanContextStopSeconds,meanGainSeconds,gainBootstrap95Lower,gainBootstrap95Upper,acceleratedFraction,authorizedTrialRate,contextAppliedTrialRate,trialsWithAnyStrengthSeparation,strengthSeparationTrialFraction,meanWithinTrialStrengthStopRangeSeconds,thresholdRefitForSensitivity,selectedPrimaryThreshold
A,B1|B2,FAST,FROZEN_GATE_SHARED_THRESHOLD,0.10,0.2,0.3333333333333333,0.333333,30,1.05,1.05,0.0,0.0,0.0,0.0,0.0,0.0,24,0.8,0.2733333333333333,False,True
A,B1|B2,FAST,FROZEN_GATE_SHARED_THRESHOLD,0.10,0.2,0.5,0.50,30,1.05,1.05,0.0,0.0,0.0,0.0,0.0,0.0,24,0.8,0.2733333333333333,False,True
A,B1|B2,FAST,FROZEN_GATE_SHARED_THRESHOLD,0.10,0.2,0.6,0.60,30,1.05,1.05,0.0,0.0,0.0,0.0,0.0,0.0,24,0.8,0.2733333333333333,False,True
A,B1|B2,FAST,FROZEN_GATE_SHARED_THRESHOLD,0.10,0.2,0.7,0.70,30,1.05,0.7766666666666667,0.2733333333333333,0.18991666666666668,0.3733333333333333,0.8,1.0,0.8,24,0.8,0.2733333333333333,False,True
A,B1|B2,FAST,FROZEN_GATE_SHARED_THRESHOLD,0.10,0.2,0.8,0.80,30,1.05,0.7766666666666667,0.2733333333333333,0.19333333333333336,0.37666666666666665,0.8,1.0,0.8,24,0.8,0.2733333333333333,False,True
A,B1|B2,FAST,FROZEN_GATE_SHARED_THRESHOLD,0.10,0.2,0.9,0.90,30,1.05,0.7766666666666667,0.2733333333333333,0.1866666666666667,0.36999999999999994,0.8,1.0,0.8,24,0.8,0.2733333333333333,False,True
A,B1|B2,FAST,FROZEN_GATE_SHARED_THRESHOLD,0.10,0.2,0.95,0.95,30,1.05,0.7766666666666667,0.2733333333333333,0.19000000000000003,0.37008333333333293,0.8,1.0,0.8,24,0.8,0.2733333333333333,False,True
A,B1|B2,FAST,FROZEN_GATE_SHARED_THRESHOLD,0.10,0.2,0.98,0.98,30,1.05,0.7766666666666667,0.2733333333333333,0.19,0.3734166666666663,0.8,1.0,0.8,24,0.8,0.2733333333333333,False,True
A,B1|B2,FAST,FROZEN_GATE_SHARED_THRESHOLD,0.10,0.2,0.99,0.99,30,1.05,0.7766666666666667,0.2733333333333333,0.18666666666666668,0.3733333333333333,0.8,1.0,0.8,24,0.8,0.2733333333333333,False,True
A,B1|B2,FAST,FROZEN_GATE_SHARED_THRESHOLD,0.10,0.2,1.0,1.00,30,1.05,0.7766666666666667,0.2733333333333333,0.18000000000000005,0.37,0.8,1.0,0.8,24,0.8,0.2733333333333333,False,True
A,B1|B2,FAST,FROZEN_GATE_SHARED_THRESHOLD,0.10,0.4,0.3333333333333333,0.333333,30,1.2433333333333334,1.2433333333333334,0.0,0.0,0.0,0.0,0.0,0.0,24,0.8,0.26666666666666666,False,True
A,B1|B2,FAST,FROZEN_GATE_SHARED_THRESHOLD,0.10,0.4,0.5,0.50,30,1.2433333333333334,1.2433333333333334,0.0,0.0,0.0,0.0,0.0,0.0,24,0.8,0.26666666666666666,False,True
A,B1|B2,FAST,FROZEN_GATE_SHARED_THRESHOLD,0.10,0.4,0.6,0.60,30,1.2433333333333334,1.2433333333333334,0.0,0.0,0.0,0.0,0.0,0.0,24,0.8,0.26666666666666666,False,True
A,B1|B2,FAST,FROZEN_GATE_SHARED_THRESHOLD,0.10,0.4,0.7,0.70,30,1.2433333333333334,0.9766666666666665,0.26666666666666666,0.18999999999999997,0.35333333333333333,0.8,1.0,0.8,24,0.8,0.26666666666666666,False,True
A,B1|B2,FAST,FROZEN_GATE_SHARED_THRESHOLD,0.10,0.4,0.8,0.80,30,1.2433333333333334,0.9766666666666665,0.26666666666666666,0.18658333333333332,0.3566666666666665,0.8,1.0,0.8,24,0.8,0.26666666666666666,False,True
A,B1|B2,FAST,FROZEN_GATE_SHARED_THRESHOLD,0.10,0.4,0.9,0.90,30,1.2433333333333334,0.9766666666666665,0.26666666666666666,0.18666666666666665,0.35999999999999993,0.8,1.0,0.8,24,0.8,0.26666666666666666,False,True
A,B1|B2,FAST,FROZEN_GATE_SHARED_THRESHOLD,0.10,0.4,0.95,0.95,30,1.2433333333333334,0.9766666666666665,0.26666666666666666,0.18666666666666665,0.35333333333333333,0.8,1.0,0.8,24,0.8,0.26666666666666666,False,True
A,B1|B2,FAST,FROZEN_GATE_SHARED_THRESHOLD,0.10,0.4,0.98,0.98,30,1.2433333333333334,0.9766666666666665,0.26666666666666666,0.18333333333333338,0.3566666666666666,0.8,1.0,0.8,24,0.8,0.26666666666666666,False,True
A,B1|B2,FAST,FROZEN_GATE_SHARED_THRESHOLD,0.10,0.4,0.99,0.99,30,1.2433333333333334,0.9766666666666665,0.26666666666666666,0.18666666666666665,0.3567499999999996,0.8,1.0,0.8,24,0.8,0.26666666666666666,False,True
A,B1|B2,FAST,FROZEN_GATE_SHARED_THRESHOLD,0.10,0.4,1.0,1.00,30,1.2433333333333334,0.9766666666666665,0.26666666666666666,0.18666666666666665,0.3566666666666666,0.8,1.0,0.8,24,0.8,0.26666666666666666,False,True
A,B1|B2,FAST,FROZEN_GATE_SHARED_THRESHOLD,0.10,0.6,0.3333333333333333,0.333333,30,1.4466666666666663,1.4466666666666663,0.0,0.0,0.0,0.0,0.0,0.0,24,0.8,0.2699999999999999,False,True
A,B1|B2,FAST,FROZEN_GATE_SHARED_THRESHOLD,0.10,0.6,0.5,0.50,30,1.4466666666666663,1.4466666666666663,0.0,0.0,0.0,0.0,0.0,0.0,24,0.8,0.2699999999999999,False,True
A,B1|B2,FAST,FROZEN_GATE_SHARED_THRESHOLD,0.10,0.6,0.6,0.60,30,1.4466666666666663,1.4466666666666663,0.0,0.0,0.0,0.0,0.0,0.0,24,0.8,0.2699999999999999,False,True
A,B1|B2,FAST,FROZEN_GATE_SHARED_THRESHOLD,0.10,0.6,0.7,0.70,30,1.4466666666666663,1.176666666666667,0.2699999999999999,0.1933333333333333,0.3533333333333333,0.8,1.0,0.8,24,0.8,0.2699999999999999,False,True
A,B1|B2,FAST,FROZEN_GATE_SHARED_THRESHOLD,0.10,0.6,0.8,0.80,30,1.4466666666666663,1.176666666666667,0.2699999999999999,0.18999999999999995,0.35666666666666663,0.8,1.0,0.8,24,0.8,0.2699999999999999,False,True
A,B1|B2,FAST,FROZEN_GATE_SHARED_THRESHOLD,0.10,0.6,0.9,0.90,30,1.4466666666666663,1.176666666666667,0.2699999999999999,0.1966666666666666,0.3533333333333333,0.8,1.0,0.8,24,0.8,0.2699999999999999,False,True
A,B1|B2,FAST,FROZEN_GATE_SHARED_THRESHOLD,0.10,0.6,0.95,0.95,30,1.4466666666666663,1.176666666666667,0.2699999999999999,0.19333333333333327,0.3566666666666666,0.8,1.0,0.8,24,0.8,0.2699999999999999,False,True
A,B1|B2,FAST,FROZEN_GATE_SHARED_THRESHOLD,0.10,0.6,0.98,0.98,30,1.4466666666666663,1.176666666666667,0.2699999999999999,0.18999999999999995,0.3566666666666666,0.8,1.0,0.8,24,0.8,0.2699999999999999,False,True
A,B1|B2,FAST,FROZEN_GATE_SHARED_THRESHOLD,0.10,0.6,0.99,0.99,30,1.4466666666666663,1.176666666666667,0.2699999999999999,0.18999999999999995,0.3533333333333332,0.8,1.0,0.8,24,0.8,0.2699999999999999,False,True
A,B1|B2,FAST,FROZEN_GATE_SHARED_THRESHOLD,0.10,0.6,1.0,1.00,30,1.4466666666666663,1.176666666666667,0.2699999999999999,0.19333333333333327,0.35666666666666663,0.8,1.0,0.8,24,0.8,0.2699999999999999,False,True
A,B1|B2,FAST,FROZEN_GATE_SHARED_THRESHOLD,0.04,0.2,0.3333333333333333,0.333333,30,1.0413333333333332,1.0413333333333332,0.0,0.0,0.0,0.0,0.0,0.0,25,0.8333333333333334,0.29600000000000004,False,True
A,B1|B2,FAST,FROZEN_GATE_SHARED_THRESHOLD,0.04,0.2,0.5,0.50,30,1.0413333333333332,1.0413333333333332,0.0,0.0,0.0,0.0,0.0,0.0,25,0.8333333333333334,0.29600000000000004,False,True
A,B1|B2,FAST,FROZEN_GATE_SHARED_THRESHOLD,0.04,0.2,0.6,0.60,30,1.0413333333333332,1.0413333333333332,0.0,0.0,0.0,0.0,0.0,0.0,25,0.8333333333333334,0.29600000000000004,False,True
A,B1|B2,FAST,FROZEN_GATE_SHARED_THRESHOLD,0.04,0.2,0.7,0.70,30,1.0413333333333332,0.7453333333333331,0.29600000000000004,0.20133333333333336,0.4080000000000001,0.8333333333333334,1.0,0.8333333333333334,25,0.8333333333333334,0.29600000000000004,False,True
A,B1|B2,FAST,FROZEN_GATE_SHARED_THRESHOLD,0.04,0.2,0.8,0.80,30,1.0413333333333332,0.7453333333333331,0.29600000000000004,0.1973333333333334,0.408,0.8333333333333334,1.0,0.8333333333333334,25,0.8333333333333334,0.29600000000000004,False,True
A,B1|B2,FAST,FROZEN_GATE_SHARED_THRESHOLD,0.04,0.2,0.9,0.90,30,1.0413333333333332,0.7453333333333331,0.29600000000000004,0.19600000000000004,0.40803333333333325,0.8333333333333334,1.0,0.8333333333333334,25,0.8333333333333334,0.29600000000000004,False,True
A,B1|B2,FAST,FROZEN_GATE_SHARED_THRESHOLD,0.04,0.2,0.95,0.95,30,1.0413333333333332,0.7453333333333331,0.29600000000000004,0.1946666666666667,0.404,0.8333333333333334,1.0,0.8333333333333334,25,0.8333333333333334,0.29600000000000004,False,True
A,B1|B2,FAST,FROZEN_GATE_SHARED_THRESHOLD,0.04,0.2,0.98,0.98,30,1.0413333333333332,0.7453333333333331,0.29600000000000004,0.1986666666666667,0.40536666666666654,0.8333333333333334,1.0,0.8333333333333334,25,0.8333333333333334,0.29600000000000004,False,True
A,B1|B2,FAST,FROZEN_GATE_SHARED_THRESHOLD,0.04,0.2,0.99,0.99,30,1.0413333333333332,0.7453333333333331,0.29600000000000004,0.1986666666666667,0.41066666666666657,0.8333333333333334,1.0,0.8333333333333334,25,0.8333333333333334,0.29600000000000004,False,True
A,B1|B2,FAST,FROZEN_GATE_SHARED_THRESHOLD,0.04,0.2,1.0,1.00,30,1.0413333333333332,0.7453333333333331,0.29600000000000004,0.1986666666666667,0.4026666666666666,0.8333333333333334,1.0,0.8333333333333334,25,0.8333333333333334,0.29600000000000004,False,True
A,B1|B2,FAST,FROZEN_GATE_SHARED_THRESHOLD,0.04,0.4,0.3333333333333333,0.333333,30,1.2813333333333332,1.2813333333333332,0.0,0.0,0.0,0.0,0.0,0.0,25,0.8333333333333334,0.3213333333333333,False,True
A,B1|B2,FAST,FROZEN_GATE_SHARED_THRESHOLD,0.04,0.4,0.5,0.50,30,1.2813333333333332,1.2813333333333332,0.0,0.0,0.0,0.0,0.0,0.0,25,0.8333333333333334,0.3213333333333333,False,True
A,B1|B2,FAST,FROZEN_GATE_SHARED_THRESHOLD,0.04,0.4,0.6,0.60,30,1.2813333333333332,1.2813333333333332,0.0,0.0,0.0,0.0,0.0,0.0,25,0.8333333333333334,0.3213333333333333,False,True
A,B1|B2,FAST,FROZEN_GATE_SHARED_THRESHOLD,0.04,0.4,0.7,0.70,30,1.2813333333333332,0.9599999999999997,0.3213333333333333,0.21866666666666673,0.4359999999999999,0.8333333333333334,1.0,0.8333333333333334,25,0.8333333333333334,0.3213333333333333,False,True
A,B1|B2,FAST,FROZEN_GATE_SHARED_THRESHOLD,0.04,0.4,0.8,0.80,30,1.2813333333333332,0.9599999999999997,0.3213333333333333,0.22000000000000003,0.4306666666666666,0.8333333333333334,1.0,0.8333333333333334,25,0.8333333333333334,0.3213333333333333,False,True
A,B1|B2,FAST,FROZEN_GATE_SHARED_THRESHOLD,0.04,0.4,0.9,0.90,30,1.2813333333333332,0.9599999999999997,0.3213333333333333,0.21733333333333335,0.43200000000000005,0.8333333333333334,1.0,0.8333333333333334,25,0.8333333333333334,0.3213333333333333,False,True
A,B1|B2,FAST,FROZEN_GATE_SHARED_THRESHOLD,0.04,0.4,0.95,0.95,30,1.2813333333333332,0.9599999999999997,0.3213333333333333,0.22,0.43333333333333324,0.8333333333333334,1.0,0.8333333333333334,25,0.8333333333333334,0.3213333333333333,False,True
A,B1|B2,FAST,FROZEN_GATE_SHARED_THRESHOLD,0.04,0.4,0.98,0.98,30,1.2813333333333332,0.9599999999999997,0.3213333333333333,0.21733333333333335,0.42669999999999986,0.8333333333333334,1.0,0.8333333333333334,25,0.8333333333333334,0.3213333333333333,False,True
A,B1|B2,FAST,FROZEN_GATE_SHARED_THRESHOLD,0.04,0.4,0.99,0.99,30,1.2813333333333332,0.9599999999999997,0.3213333333333333,0.22533333333333333,0.43066666666666664,0.8333333333333334,1.0,0.8333333333333334,25,0.8333333333333334,0.3213333333333333,False,True
A,B1|B2,FAST,FROZEN_GATE_SHARED_THRESHOLD,0.04,0.4,1.0,1.00,30,1.2813333333333332,0.9599999999999997,0.3213333333333333,0.21996666666666667,0.4319999999999999,0.8333333333333334,1.0,0.8333333333333334,25,0.8333333333333334,0.3213333333333333,False,True
A,B1|B2,FAST,FROZEN_GATE_SHARED_THRESHOLD,0.04,0.6,0.3333333333333333,0.333333,30,1.4519999999999997,1.4519999999999997,0.0,0.0,0.0,0.0,0.0,0.0,25,0.8333333333333334,0.2919999999999999,False,True
A,B1|B2,FAST,FROZEN_GATE_SHARED_THRESHOLD,0.04,0.6,0.5,0.50,30,1.4519999999999997,1.4519999999999997,0.0,0.0,0.0,0.0,0.0,0.0,25,0.8333333333333334,0.2919999999999999,False,True
A,B1|B2,FAST,FROZEN_GATE_SHARED_THRESHOLD,0.04,0.6,0.6,0.60,30,1.4519999999999997,1.4519999999999997,0.0,0.0,0.0,0.0,0.0,0.0,25,0.8333333333333334,0.2919999999999999,False,True
A,B1|B2,FAST,FROZEN_GATE_SHARED_THRESHOLD,0.04,0.6,0.7,0.70,30,1.4519999999999997,1.1600000000000004,0.2919999999999999,0.20666666666666664,0.38399999999999995,0.8333333333333334,1.0,0.8333333333333334,25,0.8333333333333334,0.2919999999999999,False,True
A,B1|B2,FAST,FROZEN_GATE_SHARED_THRESHOLD,0.04,0.6,0.8,0.80,30,1.4519999999999997,1.1600000000000004,0.2919999999999999,0.2013333333333333,0.38536666666666647,0.8333333333333334,1.0,0.8333333333333334,25,0.8333333333333334,0.2919999999999999,False,True
A,B1|B2,FAST,FROZEN_GATE_SHARED_THRESHOLD,0.04,0.6,0.9,0.90,30,1.4519999999999997,1.1600000000000004,0.2919999999999999,0.2013333333333333,0.3853333333333333,0.8333333333333334,1.0,0.8333333333333334,25,0.8333333333333334,0.2919999999999999,False,True
A,B1|B2,FAST,FROZEN_GATE_SHARED_THRESHOLD,0.04,0.6,0.95,0.95,30,1.4519999999999997,1.1600000000000004,0.2919999999999999,0.20266666666666663,0.3893333333333332,0.8333333333333334,1.0,0.8333333333333334,25,0.8333333333333334,0.2919999999999999,False,True
A,B1|B2,FAST,FROZEN_GATE_SHARED_THRESHOLD,0.04,0.6,0.98,0.98,30,1.4519999999999997,1.1600000000000004,0.2919999999999999,0.2053333333333333,0.3799999999999999,0.8333333333333334,1.0,0.8333333333333334,25,0.8333333333333334,0.2919999999999999,False,True
A,B1|B2,FAST,FROZEN_GATE_SHARED_THRESHOLD,0.04,0.6,0.99,0.99,30,1.4519999999999997,1.1600000000000004,0.2919999999999999,0.20266666666666666,0.38399999999999984,0.8333333333333334,1.0,0.8333333333333334,25,0.8333333333333334,0.2919999999999999,False,True
A,B1|B2,FAST,FROZEN_GATE_SHARED_THRESHOLD,0.04,0.6,1.0,1.00,30,1.4519999999999997,1.1600000000000004,0.2919999999999999,0.2026666666666666,0.38399999999999984,0.8333333333333334,1.0,0.8333333333333334,25,0.8333333333333334,0.2919999999999999,False,True
A,B1|B2,FAST,NONDEPLOYABLE_DECOUPLED_STRENGTH_GATE,0.10,0.2,0.3333333333333333,0.333333,30,1.05,1.05,0.0,0.0,0.0,0.0,1.0,0.0,24,0.8,0.2733333333333333,False,True
A,B1|B2,FAST,NONDEPLOYABLE_DECOUPLED_STRENGTH_GATE,0.10,0.2,0.5,0.50,30,1.05,0.7766666666666667,0.2733333333333333,0.19,0.3733333333333332,0.8,1.0,0.8,24,0.8,0.2733333333333333,False,True
A,B1|B2,FAST,NONDEPLOYABLE_DECOUPLED_STRENGTH_GATE,0.10,0.2,0.6,0.60,30,1.05,0.7766666666666667,0.2733333333333333,0.19000000000000003,0.37008333333333293,0.8,1.0,0.8,24,0.8,0.2733333333333333,False,True
A,B1|B2,FAST,NONDEPLOYABLE_DECOUPLED_STRENGTH_GATE,0.10,0.2,0.7,0.70,30,1.05,0.7766666666666667,0.2733333333333333,0.19000000000000003,0.37333333333333335,0.8,1.0,0.8,24,0.8,0.2733333333333333,False,True
A,B1|B2,FAST,NONDEPLOYABLE_DECOUPLED_STRENGTH_GATE,0.10,0.2,0.8,0.80,30,1.05,0.7766666666666667,0.2733333333333333,0.19000000000000003,0.3733333333333333,0.8,1.0,0.8,24,0.8,0.2733333333333333,False,True
A,B1|B2,FAST,NONDEPLOYABLE_DECOUPLED_STRENGTH_GATE,0.10,0.2,0.9,0.90,30,1.05,0.7766666666666667,0.2733333333333333,0.1866666666666667,0.3666666666666666,0.8,1.0,0.8,24,0.8,0.2733333333333333,False,True
A,B1|B2,FAST,NONDEPLOYABLE_DECOUPLED_STRENGTH_GATE,0.10,0.2,0.95,0.95,30,1.05,0.7766666666666667,0.2733333333333333,0.19000000000000003,0.37333333333333324,0.8,1.0,0.8,24,0.8,0.2733333333333333,False,True
A,B1|B2,FAST,NONDEPLOYABLE_DECOUPLED_STRENGTH_GATE,0.10,0.2,0.98,0.98,30,1.05,0.7766666666666667,0.2733333333333333,0.18333333333333338,0.37008333333333293,0.8,1.0,0.8,24,0.8,0.2733333333333333,False,True
A,B1|B2,FAST,NONDEPLOYABLE_DECOUPLED_STRENGTH_GATE,0.10,0.2,0.99,0.99,30,1.05,0.7766666666666667,0.2733333333333333,0.1866666666666667,0.3733333333333333,0.8,1.0,0.8,24,0.8,0.2733333333333333,False,True
A,B1|B2,FAST,NONDEPLOYABLE_DECOUPLED_STRENGTH_GATE,0.10,0.2,1.0,1.00,30,1.05,0.7766666666666667,0.2733333333333333,0.1866666666666667,0.37000000000000005,0.8,1.0,0.8,24,0.8,0.2733333333333333,False,True
A,B1|B2,FAST,NONDEPLOYABLE_DECOUPLED_STRENGTH_GATE,0.10,0.4,0.3333333333333333,0.333333,30,1.2433333333333334,1.2433333333333334,0.0,0.0,0.0,0.0,1.0,0.0,24,0.8,0.26666666666666666,False,True
A,B1|B2,FAST,NONDEPLOYABLE_DECOUPLED_STRENGTH_GATE,0.10,0.4,0.5,0.50,30,1.2433333333333334,0.9766666666666665,0.26666666666666666,0.18999999999999997,0.35666666666666663,0.8,1.0,0.8,24,0.8,0.26666666666666666,False,True
A,B1|B2,FAST,NONDEPLOYABLE_DECOUPLED_STRENGTH_GATE,0.10,0.4,0.6,0.60,30,1.2433333333333334,0.9766666666666665,0.26666666666666666,0.1833333333333334,0.36,0.8,1.0,0.8,24,0.8,0.26666666666666666,False,True
A,B1|B2,FAST,NONDEPLOYABLE_DECOUPLED_STRENGTH_GATE,0.10,0.4,0.7,0.70,30,1.2433333333333334,0.9766666666666665,0.26666666666666666,0.18666666666666665,0.3533333333333333,0.8,1.0,0.8,24,0.8,0.26666666666666666,False,True
A,B1|B2,FAST,NONDEPLOYABLE_DECOUPLED_STRENGTH_GATE,0.10,0.4,0.8,0.80,30,1.2433333333333334,0.9766666666666665,0.26666666666666666,0.1865833333333333,0.35999999999999993,0.8,1.0,0.8,24,0.8,0.26666666666666666,False,True
A,B1|B2,FAST,NONDEPLOYABLE_DECOUPLED_STRENGTH_GATE,0.10,0.4,0.9,0.90,30,1.2433333333333334,0.9766666666666665,0.26666666666666666,0.18333333333333332,0.3499999999999999,0.8,1.0,0.8,24,0.8,0.26666666666666666,False,True
A,B1|B2,FAST,NONDEPLOYABLE_DECOUPLED_STRENGTH_GATE,0.10,0.4,0.95,0.95,30,1.2433333333333334,0.9766666666666665,0.26666666666666666,0.18666666666666668,0.35666666666666663,0.8,1.0,0.8,24,0.8,0.26666666666666666,False,True
A,B1|B2,FAST,NONDEPLOYABLE_DECOUPLED_STRENGTH_GATE,0.10,0.4,0.98,0.98,30,1.2433333333333334,0.9766666666666665,0.26666666666666666,0.18666666666666665,0.34674999999999956,0.8,1.0,0.8,24,0.8,0.26666666666666666,False,True
A,B1|B2,FAST,NONDEPLOYABLE_DECOUPLED_STRENGTH_GATE,0.10,0.4,0.99,0.99,30,1.2433333333333334,0.9766666666666665,0.26666666666666666,0.19,0.35,0.8,1.0,0.8,24,0.8,0.26666666666666666,False,True
A,B1|B2,FAST,NONDEPLOYABLE_DECOUPLED_STRENGTH_GATE,0.10,0.4,1.0,1.00,30,1.2433333333333334,0.9766666666666665,0.26666666666666666,0.18333333333333332,0.35333333333333333,0.8,1.0,0.8,24,0.8,0.26666666666666666,False,True
A,B1|B2,FAST,NONDEPLOYABLE_DECOUPLED_STRENGTH_GATE,0.10,0.6,0.3333333333333333,0.333333,30,1.4466666666666663,1.4466666666666663,0.0,0.0,0.0,0.0,1.0,0.0,24,0.8,0.2699999999999999,False,True
A,B1|B2,FAST,NONDEPLOYABLE_DECOUPLED_STRENGTH_GATE,0.10,0.6,0.5,0.50,30,1.4466666666666663,1.176666666666667,0.2699999999999999,0.19333333333333327,0.35999999999999993,0.8,1.0,0.8,24,0.8,0.2699999999999999,False,True
A,B1|B2,FAST,NONDEPLOYABLE_DECOUPLED_STRENGTH_GATE,0.10,0.6,0.6,0.60,30,1.4466666666666663,1.176666666666667,0.2699999999999999,0.18999999999999995,0.3533333333333332,0.8,1.0,0.8,24,0.8,0.2699999999999999,False,True
A,B1|B2,FAST,NONDEPLOYABLE_DECOUPLED_STRENGTH_GATE,0.10,0.6,0.7,0.70,30,1.4466666666666663,1.176666666666667,0.2699999999999999,0.18999999999999995,0.35674999999999946,0.8,1.0,0.8,24,0.8,0.2699999999999999,False,True
A,B1|B2,FAST,NONDEPLOYABLE_DECOUPLED_STRENGTH_GATE,0.10,0.6,0.8,0.80,30,1.4466666666666663,1.176666666666667,0.2699999999999999,0.18999999999999997,0.3566666666666665,0.8,1.0,0.8,24,0.8,0.2699999999999999,False,True
A,B1|B2,FAST,NONDEPLOYABLE_DECOUPLED_STRENGTH_GATE,0.10,0.6,0.9,0.90,30,1.4466666666666663,1.176666666666667,0.2699999999999999,0.19333333333333325,0.35999999999999993,0.8,1.0,0.8,24,0.8,0.2699999999999999,False,True
A,B1|B2,FAST,NONDEPLOYABLE_DECOUPLED_STRENGTH_GATE,0.10,0.6,0.95,0.95,30,1.4466666666666663,1.176666666666667,0.2699999999999999,0.18999999999999995,0.3566666666666666,0.8,1.0,0.8,24,0.8,0.2699999999999999,False,True
A,B1|B2,FAST,NONDEPLOYABLE_DECOUPLED_STRENGTH_GATE,0.10,0.6,0.98,0.98,30,1.4466666666666663,1.176666666666667,0.2699999999999999,0.19333333333333327,0.3566666666666665,0.8,1.0,0.8,24,0.8,0.2699999999999999,False,True
A,B1|B2,FAST,NONDEPLOYABLE_DECOUPLED_STRENGTH_GATE,0.10,0.6,0.99,0.99,30,1.4466666666666663,1.176666666666667,0.2699999999999999,0.18666666666666668,0.3533333333333333,0.8,1.0,0.8,24,0.8,0.2699999999999999,False,True
A,B1|B2,FAST,NONDEPLOYABLE_DECOUPLED_STRENGTH_GATE,0.10,0.6,1.0,1.00,30,1.4466666666666663,1.176666666666667,0.2699999999999999,0.18999999999999997,0.3533333333333334,0.8,1.0,0.8,24,0.8,0.2699999999999999,False,True
A,B1|B2,FAST,NONDEPLOYABLE_DECOUPLED_STRENGTH_GATE,0.04,0.2,0.3333333333333333,0.333333,30,1.0413333333333332,1.0413333333333332,0.0,0.0,0.0,0.0,1.0,0.0,25,0.8333333333333334,0.29600000000000004,False,True
A,B1|B2,FAST,NONDEPLOYABLE_DECOUPLED_STRENGTH_GATE,0.04,0.2,0.5,0.50,30,1.0413333333333332,0.7453333333333331,0.29600000000000004,0.1999666666666667,0.4080333333333332,0.8333333333333334,1.0,0.8333333333333334,25,0.8333333333333334,0.29600000000000004,False,True
A,B1|B2,FAST,NONDEPLOYABLE_DECOUPLED_STRENGTH_GATE,0.04,0.2,0.6,0.60,30,1.0413333333333332,0.7453333333333331,0.29600000000000004,0.20130000000000003,0.4093333333333333,0.8333333333333334,1.0,0.8333333333333334,25,0.8333333333333334,0.29600000000000004,False,True
A,B1|B2,FAST,NONDEPLOYABLE_DECOUPLED_STRENGTH_GATE,0.04,0.2,0.7,0.70,30,1.0413333333333332,0.7453333333333331,0.29600000000000004,0.19600000000000006,0.41200000000000003,0.8333333333333334,1.0,0.8333333333333334,25,0.8333333333333334,0.29600000000000004,False,True
A,B1|B2,FAST,NONDEPLOYABLE_DECOUPLED_STRENGTH_GATE,0.04,0.2,0.8,0.80,30,1.0413333333333332,0.7453333333333331,0.29600000000000004,0.1986666666666667,0.40403333333333324,0.8333333333333334,1.0,0.8333333333333334,25,0.8333333333333334,0.29600000000000004,False,True
A,B1|B2,FAST,NONDEPLOYABLE_DECOUPLED_STRENGTH_GATE,0.04,0.2,0.9,0.90,30,1.0413333333333332,0.7453333333333331,0.29600000000000004,0.19600000000000006,0.412,0.8333333333333334,1.0,0.8333333333333334,25,0.8333333333333334,0.29600000000000004,False,True
A,B1|B2,FAST,NONDEPLOYABLE_DECOUPLED_STRENGTH_GATE,0.04,0.2,0.95,0.95,30,1.0413333333333332,0.7453333333333331,0.29600000000000004,0.2013333333333334,0.40536666666666643,0.8333333333333334,1.0,0.8333333333333334,25,0.8333333333333334,0.29600000000000004,False,True
A,B1|B2,FAST,NONDEPLOYABLE_DECOUPLED_STRENGTH_GATE,0.04,0.2,0.98,0.98,30,1.0413333333333332,0.7453333333333331,0.29600000000000004,0.1946666666666667,0.4040333333333332,0.8333333333333334,1.0,0.8333333333333334,25,0.8333333333333334,0.29600000000000004,False,True
A,B1|B2,FAST,NONDEPLOYABLE_DECOUPLED_STRENGTH_GATE,0.04,0.2,0.99,0.99,30,1.0413333333333332,0.7453333333333331,0.29600000000000004,0.18800000000000006,0.41603333333333326,0.8333333333333334,1.0,0.8333333333333334,25,0.8333333333333334,0.29600000000000004,False,True
A,B1|B2,FAST,NONDEPLOYABLE_DECOUPLED_STRENGTH_GATE,0.04,0.2,1.0,1.00,30,1.0413333333333332,0.7453333333333331,0.29600000000000004,0.19733333333333342,0.41066666666666657,0.8333333333333334,1.0,0.8333333333333334,25,0.8333333333333334,0.29600000000000004,False,True
A,B1|B2,FAST,NONDEPLOYABLE_DECOUPLED_STRENGTH_GATE,0.04,0.4,0.3333333333333333,0.333333,30,1.2813333333333332,1.2813333333333332,0.0,0.0,0.0,0.0,1.0,0.0,25,0.8333333333333334,0.3213333333333333,False,True
A,B1|B2,FAST,NONDEPLOYABLE_DECOUPLED_STRENGTH_GATE,0.04,0.4,0.5,0.50,30,1.2813333333333332,0.9599999999999997,0.3213333333333333,0.2199666666666667,0.42139999999999966,0.8333333333333334,1.0,0.8333333333333334,25,0.8333333333333334,0.3213333333333333,False,True
A,B1|B2,FAST,NONDEPLOYABLE_DECOUPLED_STRENGTH_GATE,0.04,0.4,0.6,0.60,30,1.2813333333333332,0.9599999999999997,0.3213333333333333,0.22,0.42799999999999994,0.8333333333333334,1.0,0.8333333333333334,25,0.8333333333333334,0.3213333333333333,False,True
A,B1|B2,FAST,NONDEPLOYABLE_DECOUPLED_STRENGTH_GATE,0.04,0.4,0.7,0.70,30,1.2813333333333332,0.9599999999999997,0.3213333333333333,0.22000000000000006,0.43066666666666664,0.8333333333333334,1.0,0.8333333333333334,25,0.8333333333333334,0.3213333333333333,False,True
A,B1|B2,FAST,NONDEPLOYABLE_DECOUPLED_STRENGTH_GATE,0.04,0.4,0.8,0.80,30,1.2813333333333332,0.9599999999999997,0.3213333333333333,0.21466666666666667,0.43603333333333316,0.8333333333333334,1.0,0.8333333333333334,25,0.8333333333333334,0.3213333333333333,False,True
A,B1|B2,FAST,NONDEPLOYABLE_DECOUPLED_STRENGTH_GATE,0.04,0.4,0.9,0.90,30,1.2813333333333332,0.9599999999999997,0.3213333333333333,0.224,0.432,0.8333333333333334,1.0,0.8333333333333334,25,0.8333333333333334,0.3213333333333333,False,True
A,B1|B2,FAST,NONDEPLOYABLE_DECOUPLED_STRENGTH_GATE,0.04,0.4,0.95,0.95,30,1.2813333333333332,0.9599999999999997,0.3213333333333333,0.22263333333333332,0.428,0.8333333333333334,1.0,0.8333333333333334,25,0.8333333333333334,0.3213333333333333,False,True
A,B1|B2,FAST,NONDEPLOYABLE_DECOUPLED_STRENGTH_GATE,0.04,0.4,0.98,0.98,30,1.2813333333333332,0.9599999999999997,0.3213333333333333,0.21996666666666662,0.4346666666666666,0.8333333333333334,1.0,0.8333333333333334,25,0.8333333333333334,0.3213333333333333,False,True
A,B1|B2,FAST,NONDEPLOYABLE_DECOUPLED_STRENGTH_GATE,0.04,0.4,0.99,0.99,30,1.2813333333333332,0.9599999999999997,0.3213333333333333,0.22000000000000003,0.43333333333333324,0.8333333333333334,1.0,0.8333333333333334,25,0.8333333333333334,0.3213333333333333,False,True
A,B1|B2,FAST,NONDEPLOYABLE_DECOUPLED_STRENGTH_GATE,0.04,0.4,1.0,1.00,30,1.2813333333333332,0.9599999999999997,0.3213333333333333,0.21466666666666667,0.428,0.8333333333333334,1.0,0.8333333333333334,25,0.8333333333333334,0.3213333333333333,False,True
A,B1|B2,FAST,NONDEPLOYABLE_DECOUPLED_STRENGTH_GATE,0.04,0.6,0.3333333333333333,0.333333,30,1.4519999999999997,1.4519999999999997,0.0,0.0,0.0,0.0,1.0,0.0,25,0.8333333333333334,0.2919999999999999,False,True
A,B1|B2,FAST,NONDEPLOYABLE_DECOUPLED_STRENGTH_GATE,0.04,0.6,0.5,0.50,30,1.4519999999999997,1.1600000000000004,0.2919999999999999,0.2039666666666666,0.3906666666666665,0.8333333333333334,1.0,0.8333333333333334,25,0.8333333333333334,0.2919999999999999,False,True
A,B1|B2,FAST,NONDEPLOYABLE_DECOUPLED_STRENGTH_GATE,0.04,0.6,0.6,0.60,30,1.4519999999999997,1.1600000000000004,0.2919999999999999,0.2013333333333333,0.38536666666666647,0.8333333333333334,1.0,0.8333333333333334,25,0.8333333333333334,0.2919999999999999,False,True
A,B1|B2,FAST,NONDEPLOYABLE_DECOUPLED_STRENGTH_GATE,0.04,0.6,0.7,0.70,30,1.4519999999999997,1.1600000000000004,0.2919999999999999,0.20133333333333334,0.3906666666666666,0.8333333333333334,1.0,0.8333333333333334,25,0.8333333333333334,0.2919999999999999,False,True
A,B1|B2,FAST,NONDEPLOYABLE_DECOUPLED_STRENGTH_GATE,0.04,0.6,0.8,0.80,30,1.4519999999999997,1.1600000000000004,0.2919999999999999,0.20800000000000005,0.38266666666666654,0.8333333333333334,1.0,0.8333333333333334,25,0.8333333333333334,0.2919999999999999,False,True
A,B1|B2,FAST,NONDEPLOYABLE_DECOUPLED_STRENGTH_GATE,0.04,0.6,0.9,0.90,30,1.4519999999999997,1.1600000000000004,0.2919999999999999,0.20529999999999995,0.38399999999999984,0.8333333333333334,1.0,0.8333333333333334,25,0.8333333333333334,0.2919999999999999,False,True
A,B1|B2,FAST,NONDEPLOYABLE_DECOUPLED_STRENGTH_GATE,0.04,0.6,0.95,0.95,30,1.4519999999999997,1.1600000000000004,0.2919999999999999,0.20533333333333328,0.38266666666666665,0.8333333333333334,1.0,0.8333333333333334,25,0.8333333333333334,0.2919999999999999,False,True
A,B1|B2,FAST,NONDEPLOYABLE_DECOUPLED_STRENGTH_GATE,0.04,0.6,0.98,0.98,30,1.4519999999999997,1.1600000000000004,0.2919999999999999,0.2066333333333333,0.3799999999999999,0.8333333333333334,1.0,0.8333333333333334,25,0.8333333333333334,0.2919999999999999,False,True
A,B1|B2,FAST,NONDEPLOYABLE_DECOUPLED_STRENGTH_GATE,0.04,0.6,0.99,0.99,30,1.4519999999999997,1.1600000000000004,0.2919999999999999,0.20666666666666664,0.38536666666666647,0.8333333333333334,1.0,0.8333333333333334,25,0.8333333333333334,0.2919999999999999,False,True
A,B1|B2,FAST,NONDEPLOYABLE_DECOUPLED_STRENGTH_GATE,0.04,0.6,1.0,1.00,30,1.4519999999999997,1.1600000000000004,0.2919999999999999,0.20666666666666664,0.38399999999999984,0.8333333333333334,1.0,0.8333333333333334,25,0.8333333333333334,0.2919999999999999,False,True
A,B1|B2,MEDIUM,FROZEN_GATE_SHARED_THRESHOLD,0.10,0.2,0.3333333333333333,0.333333,30,1.2366666666666666,1.2366666666666666,0.0,0.0,0.0,0.0,0.0,0.0,28,0.9333333333333333,0.45999999999999996,False,True
A,B1|B2,MEDIUM,FROZEN_GATE_SHARED_THRESHOLD,0.10,0.2,0.5,0.50,30,1.2366666666666666,1.2366666666666666,0.0,0.0,0.0,0.0,0.0,0.0,28,0.9333333333333333,0.45999999999999996,False,True
A,B1|B2,MEDIUM,FROZEN_GATE_SHARED_THRESHOLD,0.10,0.2,0.6,0.60,30,1.2366666666666666,1.2366666666666666,0.0,0.0,0.0,0.0,0.0,0.0,28,0.9333333333333333,0.45999999999999996,False,True
A,B1|B2,MEDIUM,FROZEN_GATE_SHARED_THRESHOLD,0.10,0.2,0.7,0.70,30,1.2366666666666666,0.7766666666666667,0.45999999999999996,0.3433333333333334,0.5866666666666667,0.9333333333333333,1.0,0.9333333333333333,28,0.9333333333333333,0.45999999999999996,False,True
A,B1|B2,MEDIUM,FROZEN_GATE_SHARED_THRESHOLD,0.10,0.2,0.8,0.80,30,1.2366666666666666,0.7766666666666667,0.45999999999999996,0.33666666666666667,0.5866666666666667,0.9333333333333333,1.0,0.9333333333333333,28,0.9333333333333333,0.45999999999999996,False,True
A,B1|B2,MEDIUM,FROZEN_GATE_SHARED_THRESHOLD,0.10,0.2,0.9,0.90,30,1.2366666666666666,0.7766666666666667,0.45999999999999996,0.34,0.5833333333333333,0.9333333333333333,1.0,0.9333333333333333,28,0.9333333333333333,0.45999999999999996,False,True
A,B1|B2,MEDIUM,FROZEN_GATE_SHARED_THRESHOLD,0.10,0.2,0.95,0.95,30,1.2366666666666666,0.7766666666666667,0.45999999999999996,0.3399999999999999,0.5833333333333334,0.9333333333333333,1.0,0.9333333333333333,28,0.9333333333333333,0.45999999999999996,False,True
A,B1|B2,MEDIUM,FROZEN_GATE_SHARED_THRESHOLD,0.10,0.2,0.98,0.98,30,1.2366666666666666,0.7766666666666667,0.45999999999999996,0.3466666666666667,0.5867499999999995,0.9333333333333333,1.0,0.9333333333333333,28,0.9333333333333333,0.45999999999999996,False,True
A,B1|B2,MEDIUM,FROZEN_GATE_SHARED_THRESHOLD,0.10,0.2,0.99,0.99,30,1.2366666666666666,0.7766666666666667,0.45999999999999996,0.34,0.5866666666666666,0.9333333333333333,1.0,0.9333333333333333,28,0.9333333333333333,0.45999999999999996,False,True
A,B1|B2,MEDIUM,FROZEN_GATE_SHARED_THRESHOLD,0.10,0.2,1.0,1.00,30,1.2366666666666666,0.7766666666666667,0.45999999999999996,0.33999999999999997,0.5866666666666666,0.9333333333333333,1.0,0.9333333333333333,28,0.9333333333333333,0.45999999999999996,False,True
A,B1|B2,MEDIUM,FROZEN_GATE_SHARED_THRESHOLD,0.10,0.4,0.3333333333333333,0.333333,30,1.4200000000000002,1.4200000000000002,0.0,0.0,0.0,0.0,0.0,0.0,28,0.9333333333333333,0.44333333333333336,False,True
A,B1|B2,MEDIUM,FROZEN_GATE_SHARED_THRESHOLD,0.10,0.4,0.5,0.50,30,1.4200000000000002,1.4200000000000002,0.0,0.0,0.0,0.0,0.0,0.0,28,0.9333333333333333,0.44333333333333336,False,True
A,B1|B2,MEDIUM,FROZEN_GATE_SHARED_THRESHOLD,0.10,0.4,0.6,0.60,30,1.4200000000000002,1.4200000000000002,0.0,0.0,0.0,0.0,0.0,0.0,28,0.9333333333333333,0.44333333333333336,False,True
A,B1|B2,MEDIUM,FROZEN_GATE_SHARED_THRESHOLD,0.10,0.4,0.7,0.70,30,1.4200000000000002,0.9766666666666665,0.44333333333333336,0.3333333333333333,0.5567499999999995,0.9333333333333333,1.0,0.9333333333333333,28,0.9333333333333333,0.44333333333333336,False,True
A,B1|B2,MEDIUM,FROZEN_GATE_SHARED_THRESHOLD,0.10,0.4,0.8,0.80,30,1.4200000000000002,0.9766666666666665,0.44333333333333336,0.3366666666666666,0.5633333333333332,0.9333333333333333,1.0,0.9333333333333333,28,0.9333333333333333,0.44333333333333336,False,True
A,B1|B2,MEDIUM,FROZEN_GATE_SHARED_THRESHOLD,0.10,0.4,0.9,0.90,30,1.4200000000000002,0.9766666666666665,0.44333333333333336,0.3333333333333333,0.5566666666666666,0.9333333333333333,1.0,0.9333333333333333,28,0.9333333333333333,0.44333333333333336,False,True
A,B1|B2,MEDIUM,FROZEN_GATE_SHARED_THRESHOLD,0.10,0.4,0.95,0.95,30,1.4200000000000002,0.9766666666666665,0.44333333333333336,0.33333333333333326,0.5533333333333332,0.9333333333333333,1.0,0.9333333333333333,28,0.9333333333333333,0.44333333333333336,False,True
A,B1|B2,MEDIUM,FROZEN_GATE_SHARED_THRESHOLD,0.10,0.4,0.98,0.98,30,1.4200000000000002,0.9766666666666665,0.44333333333333336,0.3332499999999999,0.5599999999999999,0.9333333333333333,1.0,0.9333333333333333,28,0.9333333333333333,0.44333333333333336,False,True
A,B1|B2,MEDIUM,FROZEN_GATE_SHARED_THRESHOLD,0.10,0.4,0.99,0.99,30,1.4200000000000002,0.9766666666666665,0.44333333333333336,0.3333333333333333,0.5666666666666665,0.9333333333333333,1.0,0.9333333333333333,28,0.9333333333333333,0.44333333333333336,False,True
A,B1|B2,MEDIUM,FROZEN_GATE_SHARED_THRESHOLD,0.10,0.4,1.0,1.00,30,1.4200000000000002,0.9766666666666665,0.44333333333333336,0.3333333333333333,0.5599999999999999,0.9333333333333333,1.0,0.9333333333333333,28,0.9333333333333333,0.44333333333333336,False,True
A,B1|B2,MEDIUM,FROZEN_GATE_SHARED_THRESHOLD,0.10,0.6,0.3333333333333333,0.333333,30,1.5733333333333333,1.5733333333333333,0.0,0.0,0.0,0.0,0.0,0.0,28,0.9333333333333333,0.3966666666666665,False,True
A,B1|B2,MEDIUM,FROZEN_GATE_SHARED_THRESHOLD,0.10,0.6,0.5,0.50,30,1.5733333333333333,1.5733333333333333,0.0,0.0,0.0,0.0,0.0,0.0,28,0.9333333333333333,0.3966666666666665,False,True
A,B1|B2,MEDIUM,FROZEN_GATE_SHARED_THRESHOLD,0.10,0.6,0.6,0.60,30,1.5733333333333333,1.5733333333333333,0.0,0.0,0.0,0.0,0.0,0.0,28,0.9333333333333333,0.3966666666666665,False,True
A,B1|B2,MEDIUM,FROZEN_GATE_SHARED_THRESHOLD,0.10,0.6,0.7,0.70,30,1.5733333333333333,1.176666666666667,0.3966666666666665,0.31324999999999986,0.4866666666666666,0.9333333333333333,1.0,0.9333333333333333,28,0.9333333333333333,0.3966666666666665,False,True
A,B1|B2,MEDIUM,FROZEN_GATE_SHARED_THRESHOLD,0.10,0.6,0.8,0.80,30,1.5733333333333333,1.176666666666667,0.3966666666666665,0.3099999999999999,0.49,0.9333333333333333,1.0,0.9333333333333333,28,0.9333333333333333,0.3966666666666665,False,True
A,B1|B2,MEDIUM,FROZEN_GATE_SHARED_THRESHOLD,0.10,0.6,0.9,0.90,30,1.5733333333333333,1.176666666666667,0.3966666666666665,0.29999999999999993,0.48666666666666664,0.9333333333333333,1.0,0.9333333333333333,28,0.9333333333333333,0.3966666666666665,False,True
A,B1|B2,MEDIUM,FROZEN_GATE_SHARED_THRESHOLD,0.10,0.6,0.95,0.95,30,1.5733333333333333,1.176666666666667,0.3966666666666665,0.30666666666666653,0.4899999999999999,0.9333333333333333,1.0,0.9333333333333333,28,0.9333333333333333,0.3966666666666665,False,True
A,B1|B2,MEDIUM,FROZEN_GATE_SHARED_THRESHOLD,0.10,0.6,0.98,0.98,30,1.5733333333333333,1.176666666666667,0.3966666666666665,0.3033333333333333,0.48999999999999994,0.9333333333333333,1.0,0.9333333333333333,28,0.9333333333333333,0.3966666666666665,False,True
A,B1|B2,MEDIUM,FROZEN_GATE_SHARED_THRESHOLD,0.10,0.6,0.99,0.99,30,1.5733333333333333,1.176666666666667,0.3966666666666665,0.3099999999999999,0.48999999999999994,0.9333333333333333,1.0,0.9333333333333333,28,0.9333333333333333,0.3966666666666665,False,True
A,B1|B2,MEDIUM,FROZEN_GATE_SHARED_THRESHOLD,0.10,0.6,1.0,1.00,30,1.5733333333333333,1.176666666666667,0.3966666666666665,0.3099999999999999,0.49333333333333323,0.9333333333333333,1.0,0.9333333333333333,28,0.9333333333333333,0.3966666666666665,False,True
A,B1|B2,MEDIUM,FROZEN_GATE_SHARED_THRESHOLD,0.04,0.2,0.3333333333333333,0.333333,30,1.2333333333333332,1.2333333333333332,0.0,0.0,0.0,0.0,0.0,0.0,28,0.9333333333333333,0.48800000000000004,False,True
A,B1|B2,MEDIUM,FROZEN_GATE_SHARED_THRESHOLD,0.04,0.2,0.5,0.50,30,1.2333333333333332,1.2333333333333332,0.0,0.0,0.0,0.0,0.0,0.0,28,0.9333333333333333,0.48800000000000004,False,True
A,B1|B2,MEDIUM,FROZEN_GATE_SHARED_THRESHOLD,0.04,0.2,0.6,0.60,30,1.2333333333333332,1.2333333333333332,0.0,0.0,0.0,0.0,0.0,0.0,28,0.9333333333333333,0.48800000000000004,False,True
A,B1|B2,MEDIUM,FROZEN_GATE_SHARED_THRESHOLD,0.04,0.2,0.7,0.70,30,1.2333333333333332,0.7453333333333331,0.48800000000000004,0.3493,0.6346999999999997,0.9333333333333333,1.0,0.9333333333333333,28,0.9333333333333333,0.48800000000000004,False,True
A,B1|B2,MEDIUM,FROZEN_GATE_SHARED_THRESHOLD,0.04,0.2,0.8,0.80,30,1.2333333333333332,0.7453333333333331,0.48800000000000004,0.35066666666666657,0.6333333333333333,0.9333333333333333,1.0,0.9333333333333333,28,0.9333333333333333,0.48800000000000004,False,True
A,B1|B2,MEDIUM,FROZEN_GATE_SHARED_THRESHOLD,0.04,0.2,0.9,0.90,30,1.2333333333333332,0.7453333333333331,0.48800000000000004,0.3506666666666666,0.6253666666666665,0.9333333333333333,1.0,0.9333333333333333,28,0.9333333333333333,0.48800000000000004,False,True
A,B1|B2,MEDIUM,FROZEN_GATE_SHARED_THRESHOLD,0.04,0.2,0.95,0.95,30,1.2333333333333332,0.7453333333333331,0.48800000000000004,0.3453333333333334,0.6320333333333331,0.9333333333333333,1.0,0.9333333333333333,28,0.9333333333333333,0.48800000000000004,False,True
A,B1|B2,MEDIUM,FROZEN_GATE_SHARED_THRESHOLD,0.04,0.2,0.98,0.98,30,1.2333333333333332,0.7453333333333331,0.48800000000000004,0.3479666666666667,0.6306999999999998,0.9333333333333333,1.0,0.9333333333333333,28,0.9333333333333333,0.48800000000000004,False,True
A,B1|B2,MEDIUM,FROZEN_GATE_SHARED_THRESHOLD,0.04,0.2,0.99,0.99,30,1.2333333333333332,0.7453333333333331,0.48800000000000004,0.35063333333333346,0.6293333333333333,0.9333333333333333,1.0,0.9333333333333333,28,0.9333333333333333,0.48800000000000004,False,True
A,B1|B2,MEDIUM,FROZEN_GATE_SHARED_THRESHOLD,0.04,0.2,1.0,1.00,30,1.2333333333333332,0.7453333333333331,0.48800000000000004,0.3533333333333334,0.6266666666666666,0.9333333333333333,1.0,0.9333333333333333,28,0.9333333333333333,0.48800000000000004,False,True
A,B1|B2,MEDIUM,FROZEN_GATE_SHARED_THRESHOLD,0.04,0.4,0.3333333333333333,0.333333,30,1.4,1.4,0.0,0.0,0.0,0.0,0.0,0.0,28,0.9333333333333333,0.43999999999999984,False,True
A,B1|B2,MEDIUM,FROZEN_GATE_SHARED_THRESHOLD,0.04,0.4,0.5,0.50,30,1.4,1.4,0.0,0.0,0.0,0.0,0.0,0.0,28,0.9333333333333333,0.43999999999999984,False,True
A,B1|B2,MEDIUM,FROZEN_GATE_SHARED_THRESHOLD,0.04,0.4,0.6,0.60,30,1.4,1.4,0.0,0.0,0.0,0.0,0.0,0.0,28,0.9333333333333333,0.43999999999999984,False,True
A,B1|B2,MEDIUM,FROZEN_GATE_SHARED_THRESHOLD,0.04,0.4,0.7,0.70,30,1.4,0.9599999999999997,0.43999999999999984,0.32396666666666657,0.5613666666666663,0.9333333333333333,1.0,0.9333333333333333,28,0.9333333333333333,0.43999999999999984,False,True
A,B1|B2,MEDIUM,FROZEN_GATE_SHARED_THRESHOLD,0.04,0.4,0.8,0.80,30,1.4,0.9599999999999997,0.43999999999999984,0.3266666666666666,0.5613333333333334,0.9333333333333333,1.0,0.9333333333333333,28,0.9333333333333333,0.43999999999999984,False,True
A,B1|B2,MEDIUM,FROZEN_GATE_SHARED_THRESHOLD,0.04,0.4,0.9,0.90,30,1.4,0.9599999999999997,0.43999999999999984,0.3226333333333333,0.5639999999999998,0.9333333333333333,1.0,0.9333333333333333,28,0.9333333333333333,0.43999999999999984,False,True
A,B1|B2,MEDIUM,FROZEN_GATE_SHARED_THRESHOLD,0.04,0.4,0.95,0.95,30,1.4,0.9599999999999997,0.43999999999999984,0.32396666666666657,0.5626666666666666,0.9333333333333333,1.0,0.9333333333333333,28,0.9333333333333333,0.43999999999999984,False,True
A,B1|B2,MEDIUM,FROZEN_GATE_SHARED_THRESHOLD,0.04,0.4,0.98,0.98,30,1.4,0.9599999999999997,0.43999999999999984,0.3306333333333333,0.552033333333333,0.9333333333333333,1.0,0.9333333333333333,28,0.9333333333333333,0.43999999999999984,False,True
A,B1|B2,MEDIUM,FROZEN_GATE_SHARED_THRESHOLD,0.04,0.4,0.99,0.99,30,1.4,0.9599999999999997,0.43999999999999984,0.3265666666666666,0.556033333333333,0.9333333333333333,1.0,0.9333333333333333,28,0.9333333333333333,0.43999999999999984,False,True
A,B1|B2,MEDIUM,FROZEN_GATE_SHARED_THRESHOLD,0.04,0.4,1.0,1.00,30,1.4,0.9599999999999997,0.43999999999999984,0.3239666666666666,0.5586666666666668,0.9333333333333333,1.0,0.9333333333333333,28,0.9333333333333333,0.43999999999999984,False,True
A,B1|B2,MEDIUM,FROZEN_GATE_SHARED_THRESHOLD,0.04,0.6,0.3333333333333333,0.333333,30,1.5759999999999998,1.5759999999999998,0.0,0.0,0.0,0.0,0.0,0.0,28,0.9333333333333333,0.41599999999999987,False,True
A,B1|B2,MEDIUM,FROZEN_GATE_SHARED_THRESHOLD,0.04,0.6,0.5,0.50,30,1.5759999999999998,1.5759999999999998,0.0,0.0,0.0,0.0,0.0,0.0,28,0.9333333333333333,0.41599999999999987,False,True
A,B1|B2,MEDIUM,FROZEN_GATE_SHARED_THRESHOLD,0.04,0.6,0.6,0.60,30,1.5759999999999998,1.5759999999999998,0.0,0.0,0.0,0.0,0.0,0.0,28,0.9333333333333333,0.41599999999999987,False,True
A,B1|B2,MEDIUM,FROZEN_GATE_SHARED_THRESHOLD,0.04,0.6,0.7,0.70,30,1.5759999999999998,1.1600000000000004,0.41599999999999987,0.3159999999999999,0.5146666666666666,0.9333333333333333,1.0,0.9333333333333333,28,0.9333333333333333,0.41599999999999987,False,True
A,B1|B2,MEDIUM,FROZEN_GATE_SHARED_THRESHOLD,0.04,0.6,0.8,0.80,30,1.5759999999999998,1.1600000000000004,0.41599999999999987,0.3239666666666665,0.5133333333333332,0.9333333333333333,1.0,0.9333333333333333,28,0.9333333333333333,0.41599999999999987,False,True
A,B1|B2,MEDIUM,FROZEN_GATE_SHARED_THRESHOLD,0.04,0.6,0.9,0.90,30,1.5759999999999998,1.1600000000000004,0.41599999999999987,0.3199999999999999,0.5133333333333333,0.9333333333333333,1.0,0.9333333333333333,28,0.9333333333333333,0.41599999999999987,False,True
A,B1|B2,MEDIUM,FROZEN_GATE_SHARED_THRESHOLD,0.04,0.6,0.95,0.95,30,1.5759999999999998,1.1600000000000004,0.41599999999999987,0.3173333333333332,0.5079999999999999,0.9333333333333333,1.0,0.9333333333333333,28,0.9333333333333333,0.41599999999999987,False,True
A,B1|B2,MEDIUM,FROZEN_GATE_SHARED_THRESHOLD,0.04,0.6,0.98,0.98,30,1.5759999999999998,1.1600000000000004,0.41599999999999987,0.3199666666666666,0.5106999999999998,0.9333333333333333,1.0,0.9333333333333333,28,0.9333333333333333,0.41599999999999987,False,True
A,B1|B2,MEDIUM,FROZEN_GATE_SHARED_THRESHOLD,0.04,0.6,0.99,0.99,30,1.5759999999999998,1.1600000000000004,0.41599999999999987,0.31733333333333325,0.5106999999999997,0.9333333333333333,1.0,0.9333333333333333,28,0.9333333333333333,0.41599999999999987,False,True
A,B1|B2,MEDIUM,FROZEN_GATE_SHARED_THRESHOLD,0.04,0.6,1.0,1.00,30,1.5759999999999998,1.1600000000000004,0.41599999999999987,0.3199999999999999,0.5159999999999999,0.9333333333333333,1.0,0.9333333333333333,28,0.9333333333333333,0.41599999999999987,False,True
A,B1|B2,MEDIUM,NONDEPLOYABLE_DECOUPLED_STRENGTH_GATE,0.10,0.2,0.3333333333333333,0.333333,30,1.2366666666666666,1.05,0.18666666666666665,0.12324999999999998,0.25999999999999995,0.6666666666666666,1.0,0.6666666666666666,24,0.8,0.2733333333333333,False,True
A,B1|B2,MEDIUM,NONDEPLOYABLE_DECOUPLED_STRENGTH_GATE,0.10,0.2,0.5,0.50,30,1.2366666666666666,0.7766666666666667,0.45999999999999996,0.34325,0.5866666666666666,0.9333333333333333,1.0,0.9333333333333333,24,0.8,0.2733333333333333,False,True
A,B1|B2,MEDIUM,NONDEPLOYABLE_DECOUPLED_STRENGTH_GATE,0.10,0.2,0.6,0.60,30,1.2366666666666666,0.7766666666666667,0.45999999999999996,0.3366666666666667,0.5866666666666666,0.9333333333333333,1.0,0.9333333333333333,24,0.8,0.2733333333333333,False,True
A,B1|B2,MEDIUM,NONDEPLOYABLE_DECOUPLED_STRENGTH_GATE,0.10,0.2,0.7,0.70,30,1.2366666666666666,0.7766666666666667,0.45999999999999996,0.34,0.5800000000000001,0.9333333333333333,1.0,0.9333333333333333,24,0.8,0.2733333333333333,False,True
A,B1|B2,MEDIUM,NONDEPLOYABLE_DECOUPLED_STRENGTH_GATE,0.10,0.2,0.8,0.80,30,1.2366666666666666,0.7766666666666667,0.45999999999999996,0.33666666666666667,0.59,0.9333333333333333,1.0,0.9333333333333333,24,0.8,0.2733333333333333,False,True
A,B1|B2,MEDIUM,NONDEPLOYABLE_DECOUPLED_STRENGTH_GATE,0.10,0.2,0.9,0.90,30,1.2366666666666666,0.7766666666666667,0.45999999999999996,0.34,0.5833333333333334,0.9333333333333333,1.0,0.9333333333333333,24,0.8,0.2733333333333333,False,True
A,B1|B2,MEDIUM,NONDEPLOYABLE_DECOUPLED_STRENGTH_GATE,0.10,0.2,0.95,0.95,30,1.2366666666666666,0.7766666666666667,0.45999999999999996,0.33999999999999997,0.5834166666666663,0.9333333333333333,1.0,0.9333333333333333,24,0.8,0.2733333333333333,False,True
A,B1|B2,MEDIUM,NONDEPLOYABLE_DECOUPLED_STRENGTH_GATE,0.10,0.2,0.98,0.98,30,1.2366666666666666,0.7766666666666667,0.45999999999999996,0.3432499999999999,0.5766666666666665,0.9333333333333333,1.0,0.9333333333333333,24,0.8,0.2733333333333333,False,True
A,B1|B2,MEDIUM,NONDEPLOYABLE_DECOUPLED_STRENGTH_GATE,0.10,0.2,0.99,0.99,30,1.2366666666666666,0.7766666666666667,0.45999999999999996,0.33324999999999994,0.5833333333333334,0.9333333333333333,1.0,0.9333333333333333,24,0.8,0.2733333333333333,False,True
A,B1|B2,MEDIUM,NONDEPLOYABLE_DECOUPLED_STRENGTH_GATE,0.10,0.2,1.0,1.00,30,1.2366666666666666,0.7766666666666667,0.45999999999999996,0.3433333333333334,0.5833333333333333,0.9333333333333333,1.0,0.9333333333333333,24,0.8,0.2733333333333333,False,True
A,B1|B2,MEDIUM,NONDEPLOYABLE_DECOUPLED_STRENGTH_GATE,0.10,0.4,0.3333333333333333,0.333333,30,1.4200000000000002,1.2433333333333334,0.17666666666666667,0.10666666666666667,0.2533333333333333,0.6333333333333333,1.0,0.6333333333333333,24,0.8,0.26666666666666666,False,True
A,B1|B2,MEDIUM,NONDEPLOYABLE_DECOUPLED_STRENGTH_GATE,0.10,0.4,0.5,0.50,30,1.4200000000000002,0.9766666666666665,0.44333333333333336,0.3366666666666666,0.5566666666666665,0.9333333333333333,1.0,0.9333333333333333,24,0.8,0.26666666666666666,False,True
A,B1|B2,MEDIUM,NONDEPLOYABLE_DECOUPLED_STRENGTH_GATE,0.10,0.4,0.6,0.60,30,1.4200000000000002,0.9766666666666665,0.44333333333333336,0.3266666666666666,0.5533333333333333,0.9333333333333333,1.0,0.9333333333333333,24,0.8,0.26666666666666666,False,True
A,B1|B2,MEDIUM,NONDEPLOYABLE_DECOUPLED_STRENGTH_GATE,0.10,0.4,0.7,0.70,30,1.4200000000000002,0.9766666666666665,0.44333333333333336,0.33333333333333326,0.5533333333333333,0.9333333333333333,1.0,0.9333333333333333,24,0.8,0.26666666666666666,False,True
A,B1|B2,MEDIUM,NONDEPLOYABLE_DECOUPLED_STRENGTH_GATE,0.10,0.4,0.8,0.80,30,1.4200000000000002,0.9766666666666665,0.44333333333333336,0.33666666666666667,0.5566666666666666,0.9333333333333333,1.0,0.9333333333333333,24,0.8,0.26666666666666666,False,True
A,B1|B2,MEDIUM,NONDEPLOYABLE_DECOUPLED_STRENGTH_GATE,0.10,0.4,0.9,0.90,30,1.4200000000000002,0.9766666666666665,0.44333333333333336,0.3299999999999999,0.5566666666666666,0.9333333333333333,1.0,0.9333333333333333,24,0.8,0.26666666666666666,False,True
A,B1|B2,MEDIUM,NONDEPLOYABLE_DECOUPLED_STRENGTH_GATE,0.10,0.4,0.95,0.95,30,1.4200000000000002,0.9766666666666665,0.44333333333333336,0.3333333333333333,0.5633333333333331,0.9333333333333333,1.0,0.9333333333333333,24,0.8,0.26666666666666666,False,True
A,B1|B2,MEDIUM,NONDEPLOYABLE_DECOUPLED_STRENGTH_GATE,0.10,0.4,0.98,0.98,30,1.4200000000000002,0.9766666666666665,0.44333333333333336,0.33666666666666667,0.5633333333333332,0.9333333333333333,1.0,0.9333333333333333,24,0.8,0.26666666666666666,False,True
A,B1|B2,MEDIUM,NONDEPLOYABLE_DECOUPLED_STRENGTH_GATE,0.10,0.4,0.99,0.99,30,1.4200000000000002,0.9766666666666665,0.44333333333333336,0.33333333333333326,0.5533333333333331,0.9333333333333333,1.0,0.9333333333333333,24,0.8,0.26666666666666666,False,True
A,B1|B2,MEDIUM,NONDEPLOYABLE_DECOUPLED_STRENGTH_GATE,0.10,0.4,1.0,1.00,30,1.4200000000000002,0.9766666666666665,0.44333333333333336,0.3366666666666667,0.5533333333333333,0.9333333333333333,1.0,0.9333333333333333,24,0.8,0.26666666666666666,False,True
A,B1|B2,MEDIUM,NONDEPLOYABLE_DECOUPLED_STRENGTH_GATE,0.10,0.6,0.3333333333333333,0.333333,30,1.5733333333333333,1.4466666666666663,0.12666666666666665,0.0733333333333333,0.18666666666666665,0.5,1.0,0.5,24,0.8,0.2699999999999999,False,True
A,B1|B2,MEDIUM,NONDEPLOYABLE_DECOUPLED_STRENGTH_GATE,0.10,0.6,0.5,0.50,30,1.5733333333333333,1.176666666666667,0.3966666666666665,0.30666666666666664,0.4899999999999999,0.9333333333333333,1.0,0.9333333333333333,24,0.8,0.2699999999999999,False,True
A,B1|B2,MEDIUM,NONDEPLOYABLE_DECOUPLED_STRENGTH_GATE,0.10,0.6,0.6,0.60,30,1.5733333333333333,1.176666666666667,0.3966666666666665,0.3066666666666666,0.4866666666666666,0.9333333333333333,1.0,0.9333333333333333,24,0.8,0.2699999999999999,False,True
A,B1|B2,MEDIUM,NONDEPLOYABLE_DECOUPLED_STRENGTH_GATE,0.10,0.6,0.7,0.70,30,1.5733333333333333,1.176666666666667,0.3966666666666665,0.3099999999999999,0.4899999999999999,0.9333333333333333,1.0,0.9333333333333333,24,0.8,0.2699999999999999,False,True
A,B1|B2,MEDIUM,NONDEPLOYABLE_DECOUPLED_STRENGTH_GATE,0.10,0.6,0.8,0.80,30,1.5733333333333333,1.176666666666667,0.3966666666666665,0.3033333333333332,0.49,0.9333333333333333,1.0,0.9333333333333333,24,0.8,0.2699999999999999,False,True
A,B1|B2,MEDIUM,NONDEPLOYABLE_DECOUPLED_STRENGTH_GATE,0.10,0.6,0.9,0.90,30,1.5733333333333333,1.176666666666667,0.3966666666666665,0.3099999999999999,0.48999999999999994,0.9333333333333333,1.0,0.9333333333333333,24,0.8,0.2699999999999999,False,True
A,B1|B2,MEDIUM,NONDEPLOYABLE_DECOUPLED_STRENGTH_GATE,0.10,0.6,0.95,0.95,30,1.5733333333333333,1.176666666666667,0.3966666666666665,0.3099166666666665,0.48666666666666664,0.9333333333333333,1.0,0.9333333333333333,24,0.8,0.2699999999999999,False,True
A,B1|B2,MEDIUM,NONDEPLOYABLE_DECOUPLED_STRENGTH_GATE,0.10,0.6,0.98,0.98,30,1.5733333333333333,1.176666666666667,0.3966666666666665,0.3066666666666666,0.4866666666666666,0.9333333333333333,1.0,0.9333333333333333,24,0.8,0.2699999999999999,False,True
A,B1|B2,MEDIUM,NONDEPLOYABLE_DECOUPLED_STRENGTH_GATE,0.10,0.6,0.99,0.99,30,1.5733333333333333,1.176666666666667,0.3966666666666665,0.3099999999999998,0.49008333333333287,0.9333333333333333,1.0,0.9333333333333333,24,0.8,0.2699999999999999,False,True
A,B1|B2,MEDIUM,NONDEPLOYABLE_DECOUPLED_STRENGTH_GATE,0.10,0.6,1.0,1.00,30,1.5733333333333333,1.176666666666667,0.3966666666666665,0.3033333333333333,0.4900833333333329,0.9333333333333333,1.0,0.9333333333333333,24,0.8,0.2699999999999999,False,True
A,B1|B2,MEDIUM,NONDEPLOYABLE_DECOUPLED_STRENGTH_GATE,0.04,0.2,0.3333333333333333,0.333333,30,1.2333333333333332,1.0413333333333332,0.19200000000000003,0.11733333333333337,0.272,0.7666666666666667,1.0,0.7666666666666667,25,0.8333333333333334,0.29600000000000004,False,True
A,B1|B2,MEDIUM,NONDEPLOYABLE_DECOUPLED_STRENGTH_GATE,0.04,0.2,0.5,0.50,30,1.2333333333333332,0.7453333333333331,0.48800000000000004,0.35066666666666674,0.6319999999999999,0.9333333333333333,1.0,0.9333333333333333,25,0.8333333333333334,0.29600000000000004,False,True
A,B1|B2,MEDIUM,NONDEPLOYABLE_DECOUPLED_STRENGTH_GATE,0.04,0.2,0.6,0.60,30,1.2333333333333332,0.7453333333333331,0.48800000000000004,0.3493333333333334,0.6253666666666665,0.9333333333333333,1.0,0.9333333333333333,25,0.8333333333333334,0.29600000000000004,False,True
A,B1|B2,MEDIUM,NONDEPLOYABLE_DECOUPLED_STRENGTH_GATE,0.04,0.2,0.7,0.70,30,1.2333333333333332,0.7453333333333331,0.48800000000000004,0.3439333333333334,0.636033333333333,0.9333333333333333,1.0,0.9333333333333333,25,0.8333333333333334,0.29600000000000004,False,True
A,B1|B2,MEDIUM,NONDEPLOYABLE_DECOUPLED_STRENGTH_GATE,0.04,0.2,0.8,0.80,30,1.2333333333333332,0.7453333333333331,0.48800000000000004,0.3439666666666667,0.6266999999999998,0.9333333333333333,1.0,0.9333333333333333,25,0.8333333333333334,0.29600000000000004,False,True
A,B1|B2,MEDIUM,NONDEPLOYABLE_DECOUPLED_STRENGTH_GATE,0.04,0.2,0.9,0.90,30,1.2333333333333332,0.7453333333333331,0.48800000000000004,0.3506333333333333,0.6240333333333333,0.9333333333333333,1.0,0.9333333333333333,25,0.8333333333333334,0.29600000000000004,False,True
A,B1|B2,MEDIUM,NONDEPLOYABLE_DECOUPLED_STRENGTH_GATE,0.04,0.2,0.95,0.95,30,1.2333333333333332,0.7453333333333331,0.48800000000000004,0.35066666666666674,0.630733333333333,0.9333333333333333,1.0,0.9333333333333333,25,0.8333333333333334,0.29600000000000004,False,True
A,B1|B2,MEDIUM,NONDEPLOYABLE_DECOUPLED_STRENGTH_GATE,0.04,0.2,0.98,0.98,30,1.2333333333333332,0.7453333333333331,0.48800000000000004,0.35063333333333324,0.6386666666666667,0.9333333333333333,1.0,0.9333333333333333,25,0.8333333333333334,0.29600000000000004,False,True
A,B1|B2,MEDIUM,NONDEPLOYABLE_DECOUPLED_STRENGTH_GATE,0.04,0.2,0.99,0.99,30,1.2333333333333332,0.7453333333333331,0.48800000000000004,0.35466666666666674,0.6373333333333332,0.9333333333333333,1.0,0.9333333333333333,25,0.8333333333333334,0.29600000000000004,False,True
A,B1|B2,MEDIUM,NONDEPLOYABLE_DECOUPLED_STRENGTH_GATE,0.04,0.2,1.0,1.00,30,1.2333333333333332,0.7453333333333331,0.48800000000000004,0.3493333333333334,0.6319999999999999,0.9333333333333333,1.0,0.9333333333333333,25,0.8333333333333334,0.29600000000000004,False,True
A,B1|B2,MEDIUM,NONDEPLOYABLE_DECOUPLED_STRENGTH_GATE,0.04,0.4,0.3333333333333333,0.333333,30,1.4,1.2813333333333332,0.11866666666666668,0.07066666666666667,0.17200000000000001,0.6666666666666666,1.0,0.6666666666666666,25,0.8333333333333334,0.3213333333333333,False,True
A,B1|B2,MEDIUM,NONDEPLOYABLE_DECOUPLED_STRENGTH_GATE,0.04,0.4,0.5,0.50,30,1.4,0.9599999999999997,0.43999999999999984,0.3213333333333333,0.5666666666666665,0.9333333333333333,1.0,0.9333333333333333,25,0.8333333333333334,0.3213333333333333,False,True
A,B1|B2,MEDIUM,NONDEPLOYABLE_DECOUPLED_STRENGTH_GATE,0.04,0.4,0.6,0.60,30,1.4,0.9599999999999997,0.43999999999999984,0.3266333333333332,0.5613333333333332,0.9333333333333333,1.0,0.9333333333333333,25,0.8333333333333334,0.3213333333333333,False,True
A,B1|B2,MEDIUM,NONDEPLOYABLE_DECOUPLED_STRENGTH_GATE,0.04,0.4,0.7,0.70,30,1.4,0.9599999999999997,0.43999999999999984,0.31863333333333327,0.5586999999999999,0.9333333333333333,1.0,0.9333333333333333,25,0.8333333333333334,0.3213333333333333,False,True
A,B1|B2,MEDIUM,NONDEPLOYABLE_DECOUPLED_STRENGTH_GATE,0.04,0.4,0.8,0.80,30,1.4,0.9599999999999997,0.43999999999999984,0.32399999999999995,0.5626666666666666,0.9333333333333333,1.0,0.9333333333333333,25,0.8333333333333334,0.3213333333333333,False,True
A,B1|B2,MEDIUM,NONDEPLOYABLE_DECOUPLED_STRENGTH_GATE,0.04,0.4,0.9,0.90,30,1.4,0.9599999999999997,0.43999999999999984,0.3253,0.5653333333333334,0.9333333333333333,1.0,0.9333333333333333,25,0.8333333333333334,0.3213333333333333,False,True
A,B1|B2,MEDIUM,NONDEPLOYABLE_DECOUPLED_STRENGTH_GATE,0.04,0.4,0.95,0.95,30,1.4,0.9599999999999997,0.43999999999999984,0.3226666666666667,0.5613333333333332,0.9333333333333333,1.0,0.9333333333333333,25,0.8333333333333334,0.3213333333333333,False,True
A,B1|B2,MEDIUM,NONDEPLOYABLE_DECOUPLED_STRENGTH_GATE,0.04,0.4,0.98,0.98,30,1.4,0.9599999999999997,0.43999999999999984,0.31599999999999995,0.5693333333333332,0.9333333333333333,1.0,0.9333333333333333,25,0.8333333333333334,0.3213333333333333,False,True
A,B1|B2,MEDIUM,NONDEPLOYABLE_DECOUPLED_STRENGTH_GATE,0.04,0.4,0.99,0.99,30,1.4,0.9599999999999997,0.43999999999999984,0.3266333333333331,0.5613333333333332,0.9333333333333333,1.0,0.9333333333333333,25,0.8333333333333334,0.3213333333333333,False,True
A,B1|B2,MEDIUM,NONDEPLOYABLE_DECOUPLED_STRENGTH_GATE,0.04,0.4,1.0,1.00,30,1.4,0.9599999999999997,0.43999999999999984,0.3266666666666667,0.5613999999999997,0.9333333333333333,1.0,0.9333333333333333,25,0.8333333333333334,0.3213333333333333,False,True
A,B1|B2,MEDIUM,NONDEPLOYABLE_DECOUPLED_STRENGTH_GATE,0.04,0.6,0.3333333333333333,0.333333,30,1.5759999999999998,1.4519999999999997,0.12399999999999999,0.07066666666666666,0.18533333333333332,0.6,1.0,0.6,25,0.8333333333333334,0.2919999999999999,False,True
A,B1|B2,MEDIUM,NONDEPLOYABLE_DECOUPLED_STRENGTH_GATE,0.04,0.6,0.5,0.50,30,1.5759999999999998,1.1600000000000004,0.41599999999999987,0.32399999999999995,0.5120333333333331,0.9333333333333333,1.0,0.9333333333333333,25,0.8333333333333334,0.2919999999999999,False,True
A,B1|B2,MEDIUM,NONDEPLOYABLE_DECOUPLED_STRENGTH_GATE,0.04,0.6,0.6,0.60,30,1.5759999999999998,1.1600000000000004,0.41599999999999987,0.31863333333333316,0.5186999999999997,0.9333333333333333,1.0,0.9333333333333333,25,0.8333333333333334,0.2919999999999999,False,True
A,B1|B2,MEDIUM,NONDEPLOYABLE_DECOUPLED_STRENGTH_GATE,0.04,0.6,0.7,0.70,30,1.5759999999999998,1.1600000000000004,0.41599999999999987,0.31599999999999995,0.5146999999999997,0.9333333333333333,1.0,0.9333333333333333,25,0.8333333333333334,0.2919999999999999,False,True
A,B1|B2,MEDIUM,NONDEPLOYABLE_DECOUPLED_STRENGTH_GATE,0.04,0.6,0.8,0.80,30,1.5759999999999998,1.1600000000000004,0.41599999999999987,0.31999999999999995,0.5133333333333332,0.9333333333333333,1.0,0.9333333333333333,25,0.8333333333333334,0.2919999999999999,False,True
A,B1|B2,MEDIUM,NONDEPLOYABLE_DECOUPLED_STRENGTH_GATE,0.04,0.6,0.9,0.90,30,1.5759999999999998,1.1600000000000004,0.41599999999999987,0.3226333333333332,0.5146666666666666,0.9333333333333333,1.0,0.9333333333333333,25,0.8333333333333334,0.2919999999999999,False,True
A,B1|B2,MEDIUM,NONDEPLOYABLE_DECOUPLED_STRENGTH_GATE,0.04,0.6,0.95,0.95,30,1.5759999999999998,1.1600000000000004,0.41599999999999987,0.31863333333333327,0.5093333333333333,0.9333333333333333,1.0,0.9333333333333333,25,0.8333333333333334,0.2919999999999999,False,True
A,B1|B2,MEDIUM,NONDEPLOYABLE_DECOUPLED_STRENGTH_GATE,0.04,0.6,0.98,0.98,30,1.5759999999999998,1.1600000000000004,0.41599999999999987,0.32129999999999986,0.5119999999999999,0.9333333333333333,1.0,0.9333333333333333,25,0.8333333333333334,0.2919999999999999,False,True
A,B1|B2,MEDIUM,NONDEPLOYABLE_DECOUPLED_STRENGTH_GATE,0.04,0.6,0.99,0.99,30,1.5759999999999998,1.1600000000000004,0.41599999999999987,0.31199999999999994,0.512,0.9333333333333333,1.0,0.9333333333333333,25,0.8333333333333334,0.2919999999999999,False,True
A,B1|B2,MEDIUM,NONDEPLOYABLE_DECOUPLED_STRENGTH_GATE,0.04,0.6,1.0,1.00,30,1.5759999999999998,1.1600000000000004,0.41599999999999987,0.3146666666666666,0.5106666666666666,0.9333333333333333,1.0,0.9333333333333333,25,0.8333333333333334,0.2919999999999999,False,True
A,B1|B2,CONSERVATIVE,FROZEN_GATE_SHARED_THRESHOLD,0.10,0.2,0.3333333333333333,0.333333,30,1.533333333333333,1.533333333333333,0.0,0.0,0.0,0.0,0.0,0.0,30,1.0,0.7566666666666669,False,True
A,B1|B2,CONSERVATIVE,FROZEN_GATE_SHARED_THRESHOLD,0.10,0.2,0.5,0.50,30,1.533333333333333,1.533333333333333,0.0,0.0,0.0,0.0,0.0,0.0,30,1.0,0.7566666666666669,False,True
A,B1|B2,CONSERVATIVE,FROZEN_GATE_SHARED_THRESHOLD,0.10,0.2,0.6,0.60,30,1.533333333333333,1.533333333333333,0.0,0.0,0.0,0.0,0.0,0.0,30,1.0,0.7566666666666669,False,True
A,B1|B2,CONSERVATIVE,FROZEN_GATE_SHARED_THRESHOLD,0.10,0.2,0.7,0.70,30,1.533333333333333,0.7766666666666667,0.7566666666666669,0.6366666666666667,0.8799999999999998,1.0,1.0,1.0,30,1.0,0.7566666666666669,False,True
A,B1|B2,CONSERVATIVE,FROZEN_GATE_SHARED_THRESHOLD,0.10,0.2,0.8,0.80,30,1.533333333333333,0.7766666666666667,0.7566666666666669,0.6366666666666668,0.8699999999999998,1.0,1.0,1.0,30,1.0,0.7566666666666669,False,True
A,B1|B2,CONSERVATIVE,FROZEN_GATE_SHARED_THRESHOLD,0.10,0.2,0.9,0.90,30,1.533333333333333,0.7766666666666667,0.7566666666666669,0.6365833333333333,0.87,1.0,1.0,1.0,30,1.0,0.7566666666666669,False,True
A,B1|B2,CONSERVATIVE,FROZEN_GATE_SHARED_THRESHOLD,0.10,0.2,0.95,0.95,30,1.533333333333333,0.7766666666666667,0.7566666666666669,0.6366666666666668,0.8699999999999999,1.0,1.0,1.0,30,1.0,0.7566666666666669,False,True
A,B1|B2,CONSERVATIVE,FROZEN_GATE_SHARED_THRESHOLD,0.10,0.2,0.98,0.98,30,1.533333333333333,0.7766666666666667,0.7566666666666669,0.6400000000000001,0.8733333333333332,1.0,1.0,1.0,30,1.0,0.7566666666666669,False,True
A,B1|B2,CONSERVATIVE,FROZEN_GATE_SHARED_THRESHOLD,0.10,0.2,0.99,0.99,30,1.533333333333333,0.7766666666666667,0.7566666666666669,0.6433333333333332,0.8733333333333333,1.0,1.0,1.0,30,1.0,0.7566666666666669,False,True
A,B1|B2,CONSERVATIVE,FROZEN_GATE_SHARED_THRESHOLD,0.10,0.2,1.0,1.00,30,1.533333333333333,0.7766666666666667,0.7566666666666669,0.6399999999999999,0.8733333333333333,1.0,1.0,1.0,30,1.0,0.7566666666666669,False,True
A,B1|B2,CONSERVATIVE,FROZEN_GATE_SHARED_THRESHOLD,0.10,0.4,0.3333333333333333,0.333333,30,1.6533333333333333,1.6533333333333333,0.0,0.0,0.0,0.0,0.0,0.0,30,1.0,0.6766666666666666,False,True
A,B1|B2,CONSERVATIVE,FROZEN_GATE_SHARED_THRESHOLD,0.10,0.4,0.5,0.50,30,1.6533333333333333,1.6533333333333333,0.0,0.0,0.0,0.0,0.0,0.0,30,1.0,0.6766666666666666,False,True
A,B1|B2,CONSERVATIVE,FROZEN_GATE_SHARED_THRESHOLD,0.10,0.4,0.6,0.60,30,1.6533333333333333,1.6533333333333333,0.0,0.0,0.0,0.0,0.0,0.0,30,1.0,0.6766666666666666,False,True
A,B1|B2,CONSERVATIVE,FROZEN_GATE_SHARED_THRESHOLD,0.10,0.4,0.7,0.70,30,1.6533333333333333,0.9766666666666665,0.6766666666666666,0.5833333333333333,0.7666666666666667,1.0,1.0,1.0,30,1.0,0.6766666666666666,False,True
A,B1|B2,CONSERVATIVE,FROZEN_GATE_SHARED_THRESHOLD,0.10,0.4,0.8,0.80,30,1.6533333333333333,0.9766666666666665,0.6766666666666666,0.58,0.7700833333333329,1.0,1.0,1.0,30,1.0,0.6766666666666666,False,True
A,B1|B2,CONSERVATIVE,FROZEN_GATE_SHARED_THRESHOLD,0.10,0.4,0.9,0.90,30,1.6533333333333333,0.9766666666666665,0.6766666666666666,0.5833333333333333,0.7699999999999999,1.0,1.0,1.0,30,1.0,0.6766666666666666,False,True
A,B1|B2,CONSERVATIVE,FROZEN_GATE_SHARED_THRESHOLD,0.10,0.4,0.95,0.95,30,1.6533333333333333,0.9766666666666665,0.6766666666666666,0.5800000000000001,0.7666666666666667,1.0,1.0,1.0,30,1.0,0.6766666666666666,False,True
A,B1|B2,CONSERVATIVE,FROZEN_GATE_SHARED_THRESHOLD,0.10,0.4,0.98,0.98,30,1.6533333333333333,0.9766666666666665,0.6766666666666666,0.5833333333333333,0.7699999999999998,1.0,1.0,1.0,30,1.0,0.6766666666666666,False,True
A,B1|B2,CONSERVATIVE,FROZEN_GATE_SHARED_THRESHOLD,0.10,0.4,0.99,0.99,30,1.6533333333333333,0.9766666666666665,0.6766666666666666,0.5766666666666665,0.7699999999999999,1.0,1.0,1.0,30,1.0,0.6766666666666666,False,True
A,B1|B2,CONSERVATIVE,FROZEN_GATE_SHARED_THRESHOLD,0.10,0.4,1.0,1.00,30,1.6533333333333333,0.9766666666666665,0.6766666666666666,0.5799166666666666,0.7666666666666665,1.0,1.0,1.0,30,1.0,0.6766666666666666,False,True
A,B1|B2,CONSERVATIVE,FROZEN_GATE_SHARED_THRESHOLD,0.10,0.6,0.3333333333333333,0.333333,30,1.7566666666666666,1.7566666666666666,0.0,0.0,0.0,0.0,0.0,0.0,30,1.0,0.5799999999999998,False,True
A,B1|B2,CONSERVATIVE,FROZEN_GATE_SHARED_THRESHOLD,0.10,0.6,0.5,0.50,30,1.7566666666666666,1.7566666666666666,0.0,0.0,0.0,0.0,0.0,0.0,30,1.0,0.5799999999999998,False,True
A,B1|B2,CONSERVATIVE,FROZEN_GATE_SHARED_THRESHOLD,0.10,0.6,0.6,0.60,30,1.7566666666666666,1.7566666666666666,0.0,0.0,0.0,0.0,0.0,0.0,30,1.0,0.5799999999999998,False,True
A,B1|B2,CONSERVATIVE,FROZEN_GATE_SHARED_THRESHOLD,0.10,0.6,0.7,0.70,30,1.7566666666666666,1.176666666666667,0.5799999999999998,0.5099999999999999,0.65,1.0,1.0,1.0,30,1.0,0.5799999999999998,False,True
A,B1|B2,CONSERVATIVE,FROZEN_GATE_SHARED_THRESHOLD,0.10,0.6,0.8,0.80,30,1.7566666666666666,1.176666666666667,0.5799999999999998,0.5032499999999999,0.6533333333333332,1.0,1.0,1.0,30,1.0,0.5799999999999998,False,True
A,B1|B2,CONSERVATIVE,FROZEN_GATE_SHARED_THRESHOLD,0.10,0.6,0.9,0.90,30,1.7566666666666666,1.176666666666667,0.5799999999999998,0.5066666666666665,0.6566666666666665,1.0,1.0,1.0,30,1.0,0.5799999999999998,False,True
A,B1|B2,CONSERVATIVE,FROZEN_GATE_SHARED_THRESHOLD,0.10,0.6,0.95,0.95,30,1.7566666666666666,1.176666666666667,0.5799999999999998,0.49999999999999994,0.6566666666666666,1.0,1.0,1.0,30,1.0,0.5799999999999998,False,True
A,B1|B2,CONSERVATIVE,FROZEN_GATE_SHARED_THRESHOLD,0.10,0.6,0.98,0.98,30,1.7566666666666666,1.176666666666667,0.5799999999999998,0.4999999999999999,0.6533333333333332,1.0,1.0,1.0,30,1.0,0.5799999999999998,False,True
A,B1|B2,CONSERVATIVE,FROZEN_GATE_SHARED_THRESHOLD,0.10,0.6,0.99,0.99,30,1.7566666666666666,1.176666666666667,0.5799999999999998,0.5033333333333332,0.6566666666666665,1.0,1.0,1.0,30,1.0,0.5799999999999998,False,True
A,B1|B2,CONSERVATIVE,FROZEN_GATE_SHARED_THRESHOLD,0.10,0.6,1.0,1.00,30,1.7566666666666666,1.176666666666667,0.5799999999999998,0.5032499999999999,0.650083333333333,1.0,1.0,1.0,30,1.0,0.5799999999999998,False,True
A,B1|B2,CONSERVATIVE,FROZEN_GATE_SHARED_THRESHOLD,0.04,0.2,0.3333333333333333,0.333333,30,1.505333333333333,1.505333333333333,0.0,0.0,0.0,0.0,0.0,0.0,30,1.0,0.76,False,True
A,B1|B2,CONSERVATIVE,FROZEN_GATE_SHARED_THRESHOLD,0.04,0.2,0.5,0.50,30,1.505333333333333,1.505333333333333,0.0,0.0,0.0,0.0,0.0,0.0,30,1.0,0.76,False,True
A,B1|B2,CONSERVATIVE,FROZEN_GATE_SHARED_THRESHOLD,0.04,0.2,0.6,0.60,30,1.505333333333333,1.505333333333333,0.0,0.0,0.0,0.0,0.0,0.0,30,1.0,0.76,False,True
A,B1|B2,CONSERVATIVE,FROZEN_GATE_SHARED_THRESHOLD,0.04,0.2,0.7,0.70,30,1.505333333333333,0.7453333333333331,0.76,0.628,0.8866999999999997,1.0,1.0,1.0,30,1.0,0.76,False,True
A,B1|B2,CONSERVATIVE,FROZEN_GATE_SHARED_THRESHOLD,0.04,0.2,0.8,0.80,30,1.505333333333333,0.7453333333333331,0.76,0.6372999999999999,0.8853333333333333,1.0,1.0,1.0,30,1.0,0.76,False,True
A,B1|B2,CONSERVATIVE,FROZEN_GATE_SHARED_THRESHOLD,0.04,0.2,0.9,0.90,30,1.505333333333333,0.7453333333333331,0.76,0.6306666666666667,0.8813333333333333,1.0,1.0,1.0,30,1.0,0.76,False,True
A,B1|B2,CONSERVATIVE,FROZEN_GATE_SHARED_THRESHOLD,0.04,0.2,0.95,0.95,30,1.505333333333333,0.7453333333333331,0.76,0.632,0.8826666666666664,1.0,1.0,1.0,30,1.0,0.76,False,True
A,B1|B2,CONSERVATIVE,FROZEN_GATE_SHARED_THRESHOLD,0.04,0.2,0.98,0.98,30,1.505333333333333,0.7453333333333331,0.76,0.6333333333333333,0.8773666666666663,1.0,1.0,1.0,30,1.0,0.76,False,True
A,B1|B2,CONSERVATIVE,FROZEN_GATE_SHARED_THRESHOLD,0.04,0.2,0.99,0.99,30,1.505333333333333,0.7453333333333331,0.76,0.6293000000000001,0.8813333333333332,1.0,1.0,1.0,30,1.0,0.76,False,True
A,B1|B2,CONSERVATIVE,FROZEN_GATE_SHARED_THRESHOLD,0.04,0.2,1.0,1.00,30,1.505333333333333,0.7453333333333331,0.76,0.6373333333333332,0.8853666666666664,1.0,1.0,1.0,30,1.0,0.76,False,True
A,B1|B2,CONSERVATIVE,FROZEN_GATE_SHARED_THRESHOLD,0.04,0.4,0.3333333333333333,0.333333,30,1.6453333333333335,1.6453333333333335,0.0,0.0,0.0,0.0,0.0,0.0,30,1.0,0.6853333333333332,False,True
A,B1|B2,CONSERVATIVE,FROZEN_GATE_SHARED_THRESHOLD,0.04,0.4,0.5,0.50,30,1.6453333333333335,1.6453333333333335,0.0,0.0,0.0,0.0,0.0,0.0,30,1.0,0.6853333333333332,False,True
A,B1|B2,CONSERVATIVE,FROZEN_GATE_SHARED_THRESHOLD,0.04,0.4,0.6,0.60,30,1.6453333333333335,1.6453333333333335,0.0,0.0,0.0,0.0,0.0,0.0,30,1.0,0.6853333333333332,False,True
A,B1|B2,CONSERVATIVE,FROZEN_GATE_SHARED_THRESHOLD,0.04,0.4,0.7,0.70,30,1.6453333333333335,0.9599999999999997,0.6853333333333332,0.5879999999999999,0.7826666666666665,1.0,1.0,1.0,30,1.0,0.6853333333333332,False,True
A,B1|B2,CONSERVATIVE,FROZEN_GATE_SHARED_THRESHOLD,0.04,0.4,0.8,0.80,30,1.6453333333333335,0.9599999999999997,0.6853333333333332,0.5892999999999998,0.7773333333333331,1.0,1.0,1.0,30,1.0,0.6853333333333332,False,True
A,B1|B2,CONSERVATIVE,FROZEN_GATE_SHARED_THRESHOLD,0.04,0.4,0.9,0.90,30,1.6453333333333335,0.9599999999999997,0.6853333333333332,0.5879999999999999,0.7813666666666664,1.0,1.0,1.0,30,1.0,0.6853333333333332,False,True
A,B1|B2,CONSERVATIVE,FROZEN_GATE_SHARED_THRESHOLD,0.04,0.4,0.95,0.95,30,1.6453333333333335,0.9599999999999997,0.6853333333333332,0.5933333333333335,0.7786666666666666,1.0,1.0,1.0,30,1.0,0.6853333333333332,False,True
A,B1|B2,CONSERVATIVE,FROZEN_GATE_SHARED_THRESHOLD,0.04,0.4,0.98,0.98,30,1.6453333333333335,0.9599999999999997,0.6853333333333332,0.5893333333333334,0.7773333333333333,1.0,1.0,1.0,30,1.0,0.6853333333333332,False,True
A,B1|B2,CONSERVATIVE,FROZEN_GATE_SHARED_THRESHOLD,0.04,0.4,0.99,0.99,30,1.6453333333333335,0.9599999999999997,0.6853333333333332,0.5906666666666667,0.7773333333333332,1.0,1.0,1.0,30,1.0,0.6853333333333332,False,True
A,B1|B2,CONSERVATIVE,FROZEN_GATE_SHARED_THRESHOLD,0.04,0.4,1.0,1.00,30,1.6453333333333335,0.9599999999999997,0.6853333333333332,0.5852999999999999,0.7760333333333332,1.0,1.0,1.0,30,1.0,0.6853333333333332,False,True
A,B1|B2,CONSERVATIVE,FROZEN_GATE_SHARED_THRESHOLD,0.04,0.6,0.3333333333333333,0.333333,30,1.7519999999999998,1.7519999999999998,0.0,0.0,0.0,0.0,0.0,0.0,30,1.0,0.592,False,True
A,B1|B2,CONSERVATIVE,FROZEN_GATE_SHARED_THRESHOLD,0.04,0.6,0.5,0.50,30,1.7519999999999998,1.7519999999999998,0.0,0.0,0.0,0.0,0.0,0.0,30,1.0,0.592,False,True
A,B1|B2,CONSERVATIVE,FROZEN_GATE_SHARED_THRESHOLD,0.04,0.6,0.6,0.60,30,1.7519999999999998,1.7519999999999998,0.0,0.0,0.0,0.0,0.0,0.0,30,1.0,0.592,False,True
A,B1|B2,CONSERVATIVE,FROZEN_GATE_SHARED_THRESHOLD,0.04,0.6,0.7,0.70,30,1.7519999999999998,1.1600000000000004,0.592,0.52,0.6626666666666666,1.0,1.0,1.0,30,1.0,0.592,False,True
A,B1|B2,CONSERVATIVE,FROZEN_GATE_SHARED_THRESHOLD,0.04,0.6,0.8,0.80,30,1.7519999999999998,1.1600000000000004,0.592,0.5172999999999999,0.6613333333333333,1.0,1.0,1.0,30,1.0,0.592,False,True
A,B1|B2,CONSERVATIVE,FROZEN_GATE_SHARED_THRESHOLD,0.04,0.6,0.9,0.90,30,1.7519999999999998,1.1600000000000004,0.592,0.5146666666666666,0.6639999999999999,1.0,1.0,1.0,30,1.0,0.592,False,True
A,B1|B2,CONSERVATIVE,FROZEN_GATE_SHARED_THRESHOLD,0.04,0.6,0.95,0.95,30,1.7519999999999998,1.1600000000000004,0.592,0.5212999999999999,0.6613666666666665,1.0,1.0,1.0,30,1.0,0.592,False,True
A,B1|B2,CONSERVATIVE,FROZEN_GATE_SHARED_THRESHOLD,0.04,0.6,0.98,0.98,30,1.7519999999999998,1.1600000000000004,0.592,0.5159666666666665,0.6626666666666665,1.0,1.0,1.0,30,1.0,0.592,False,True
A,B1|B2,CONSERVATIVE,FROZEN_GATE_SHARED_THRESHOLD,0.04,0.6,0.99,0.99,30,1.7519999999999998,1.1600000000000004,0.592,0.5186666666666666,0.6613333333333333,1.0,1.0,1.0,30,1.0,0.592,False,True
A,B1|B2,CONSERVATIVE,FROZEN_GATE_SHARED_THRESHOLD,0.04,0.6,1.0,1.00,30,1.7519999999999998,1.1600000000000004,0.592,0.5186666666666666,0.6599999999999999,1.0,1.0,1.0,30,1.0,0.592,False,True
A,B1|B2,CONSERVATIVE,NONDEPLOYABLE_DECOUPLED_STRENGTH_GATE,0.10,0.2,0.3333333333333333,0.333333,30,1.533333333333333,1.05,0.48333333333333334,0.38333333333333325,0.5834166666666664,0.9666666666666667,1.0,0.9666666666666667,24,0.8,0.2733333333333333,False,True
A,B1|B2,CONSERVATIVE,NONDEPLOYABLE_DECOUPLED_STRENGTH_GATE,0.10,0.2,0.5,0.50,30,1.533333333333333,0.7766666666666667,0.7566666666666669,0.6366666666666667,0.8733333333333333,1.0,1.0,1.0,24,0.8,0.2733333333333333,False,True
A,B1|B2,CONSERVATIVE,NONDEPLOYABLE_DECOUPLED_STRENGTH_GATE,0.10,0.2,0.6,0.60,30,1.533333333333333,0.7766666666666667,0.7566666666666669,0.64,0.87,1.0,1.0,1.0,24,0.8,0.2733333333333333,False,True
A,B1|B2,CONSERVATIVE,NONDEPLOYABLE_DECOUPLED_STRENGTH_GATE,0.10,0.2,0.7,0.70,30,1.533333333333333,0.7766666666666667,0.7566666666666669,0.6365833333333333,0.8734166666666662,1.0,1.0,1.0,24,0.8,0.2733333333333333,False,True
A,B1|B2,CONSERVATIVE,NONDEPLOYABLE_DECOUPLED_STRENGTH_GATE,0.10,0.2,0.8,0.80,30,1.533333333333333,0.7766666666666667,0.7566666666666669,0.6300000000000002,0.8734166666666662,1.0,1.0,1.0,24,0.8,0.2733333333333333,False,True
A,B1|B2,CONSERVATIVE,NONDEPLOYABLE_DECOUPLED_STRENGTH_GATE,0.10,0.2,0.9,0.90,30,1.533333333333333,0.7766666666666667,0.7566666666666669,0.6333333333333333,0.8766666666666665,1.0,1.0,1.0,24,0.8,0.2733333333333333,False,True
A,B1|B2,CONSERVATIVE,NONDEPLOYABLE_DECOUPLED_STRENGTH_GATE,0.10,0.2,0.95,0.95,30,1.533333333333333,0.7766666666666667,0.7566666666666669,0.6366666666666668,0.8767499999999997,1.0,1.0,1.0,24,0.8,0.2733333333333333,False,True
A,B1|B2,CONSERVATIVE,NONDEPLOYABLE_DECOUPLED_STRENGTH_GATE,0.10,0.2,0.98,0.98,30,1.533333333333333,0.7766666666666667,0.7566666666666669,0.6366666666666667,0.8734166666666663,1.0,1.0,1.0,24,0.8,0.2733333333333333,False,True
A,B1|B2,CONSERVATIVE,NONDEPLOYABLE_DECOUPLED_STRENGTH_GATE,0.10,0.2,0.99,0.99,30,1.533333333333333,0.7766666666666667,0.7566666666666669,0.6365833333333333,0.8734166666666663,1.0,1.0,1.0,24,0.8,0.2733333333333333,False,True
A,B1|B2,CONSERVATIVE,NONDEPLOYABLE_DECOUPLED_STRENGTH_GATE,0.10,0.2,1.0,1.00,30,1.533333333333333,0.7766666666666667,0.7566666666666669,0.64,0.8666666666666667,1.0,1.0,1.0,24,0.8,0.2733333333333333,False,True
A,B1|B2,CONSERVATIVE,NONDEPLOYABLE_DECOUPLED_STRENGTH_GATE,0.10,0.4,0.3333333333333333,0.333333,30,1.6533333333333333,1.2433333333333334,0.4099999999999999,0.31666666666666665,0.5066666666666666,0.9333333333333333,1.0,0.9333333333333333,24,0.8,0.26666666666666666,False,True
A,B1|B2,CONSERVATIVE,NONDEPLOYABLE_DECOUPLED_STRENGTH_GATE,0.10,0.4,0.5,0.50,30,1.6533333333333333,0.9766666666666665,0.6766666666666666,0.5800000000000001,0.7733333333333332,1.0,1.0,1.0,24,0.8,0.26666666666666666,False,True
A,B1|B2,CONSERVATIVE,NONDEPLOYABLE_DECOUPLED_STRENGTH_GATE,0.10,0.4,0.6,0.60,30,1.6533333333333333,0.9766666666666665,0.6766666666666666,0.5800000000000001,0.7766666666666666,1.0,1.0,1.0,24,0.8,0.26666666666666666,False,True
A,B1|B2,CONSERVATIVE,NONDEPLOYABLE_DECOUPLED_STRENGTH_GATE,0.10,0.4,0.7,0.70,30,1.6533333333333333,0.9766666666666665,0.6766666666666666,0.5865833333333331,0.7699999999999999,1.0,1.0,1.0,24,0.8,0.26666666666666666,False,True
A,B1|B2,CONSERVATIVE,NONDEPLOYABLE_DECOUPLED_STRENGTH_GATE,0.10,0.4,0.8,0.80,30,1.6533333333333333,0.9766666666666665,0.6766666666666666,0.5800000000000001,0.7699999999999999,1.0,1.0,1.0,24,0.8,0.26666666666666666,False,True
A,B1|B2,CONSERVATIVE,NONDEPLOYABLE_DECOUPLED_STRENGTH_GATE,0.10,0.4,0.9,0.90,30,1.6533333333333333,0.9766666666666665,0.6766666666666666,0.5833333333333334,0.7666666666666665,1.0,1.0,1.0,24,0.8,0.26666666666666666,False,True
A,B1|B2,CONSERVATIVE,NONDEPLOYABLE_DECOUPLED_STRENGTH_GATE,0.10,0.4,0.95,0.95,30,1.6533333333333333,0.9766666666666665,0.6766666666666666,0.58,0.7699999999999999,1.0,1.0,1.0,24,0.8,0.26666666666666666,False,True
A,B1|B2,CONSERVATIVE,NONDEPLOYABLE_DECOUPLED_STRENGTH_GATE,0.10,0.4,0.98,0.98,30,1.6533333333333333,0.9766666666666665,0.6766666666666666,0.5800000000000001,0.7699999999999998,1.0,1.0,1.0,24,0.8,0.26666666666666666,False,True
A,B1|B2,CONSERVATIVE,NONDEPLOYABLE_DECOUPLED_STRENGTH_GATE,0.10,0.4,0.99,0.99,30,1.6533333333333333,0.9766666666666665,0.6766666666666666,0.58,0.7699999999999999,1.0,1.0,1.0,24,0.8,0.26666666666666666,False,True
A,B1|B2,CONSERVATIVE,NONDEPLOYABLE_DECOUPLED_STRENGTH_GATE,0.10,0.4,1.0,1.00,30,1.6533333333333333,0.9766666666666665,0.6766666666666666,0.58,0.7733333333333333,1.0,1.0,1.0,24,0.8,0.26666666666666666,False,True
A,B1|B2,CONSERVATIVE,NONDEPLOYABLE_DECOUPLED_STRENGTH_GATE,0.10,0.6,0.3333333333333333,0.333333,30,1.7566666666666666,1.4466666666666663,0.30999999999999994,0.22333333333333327,0.39333333333333326,0.8,1.0,0.8,24,0.8,0.2699999999999999,False,True
A,B1|B2,CONSERVATIVE,NONDEPLOYABLE_DECOUPLED_STRENGTH_GATE,0.10,0.6,0.5,0.50,30,1.7566666666666666,1.176666666666667,0.5799999999999998,0.5033333333333333,0.6533333333333332,1.0,1.0,1.0,24,0.8,0.2699999999999999,False,True
A,B1|B2,CONSERVATIVE,NONDEPLOYABLE_DECOUPLED_STRENGTH_GATE,0.10,0.6,0.6,0.60,30,1.7566666666666666,1.176666666666667,0.5799999999999998,0.5033333333333333,0.6566666666666665,1.0,1.0,1.0,24,0.8,0.2699999999999999,False,True
A,B1|B2,CONSERVATIVE,NONDEPLOYABLE_DECOUPLED_STRENGTH_GATE,0.10,0.6,0.7,0.70,30,1.7566666666666666,1.176666666666667,0.5799999999999998,0.5033333333333333,0.6499999999999999,1.0,1.0,1.0,24,0.8,0.2699999999999999,False,True
A,B1|B2,CONSERVATIVE,NONDEPLOYABLE_DECOUPLED_STRENGTH_GATE,0.10,0.6,0.8,0.80,30,1.7566666666666666,1.176666666666667,0.5799999999999998,0.5033333333333333,0.6533333333333332,1.0,1.0,1.0,24,0.8,0.2699999999999999,False,True
A,B1|B2,CONSERVATIVE,NONDEPLOYABLE_DECOUPLED_STRENGTH_GATE,0.10,0.6,0.9,0.90,30,1.7566666666666666,1.176666666666667,0.5799999999999998,0.5033333333333332,0.65,1.0,1.0,1.0,24,0.8,0.2699999999999999,False,True
A,B1|B2,CONSERVATIVE,NONDEPLOYABLE_DECOUPLED_STRENGTH_GATE,0.10,0.6,0.95,0.95,30,1.7566666666666666,1.176666666666667,0.5799999999999998,0.5033333333333332,0.6500833333333329,1.0,1.0,1.0,24,0.8,0.2699999999999999,False,True
A,B1|B2,CONSERVATIVE,NONDEPLOYABLE_DECOUPLED_STRENGTH_GATE,0.10,0.6,0.98,0.98,30,1.7566666666666666,1.176666666666667,0.5799999999999998,0.5032499999999999,0.65,1.0,1.0,1.0,24,0.8,0.2699999999999999,False,True
A,B1|B2,CONSERVATIVE,NONDEPLOYABLE_DECOUPLED_STRENGTH_GATE,0.10,0.6,0.99,0.99,30,1.7566666666666666,1.176666666666667,0.5799999999999998,0.49999999999999994,0.6533333333333332,1.0,1.0,1.0,24,0.8,0.2699999999999999,False,True
A,B1|B2,CONSERVATIVE,NONDEPLOYABLE_DECOUPLED_STRENGTH_GATE,0.10,0.6,1.0,1.00,30,1.7566666666666666,1.176666666666667,0.5799999999999998,0.5032499999999999,0.6499999999999999,1.0,1.0,1.0,24,0.8,0.2699999999999999,False,True
A,B1|B2,CONSERVATIVE,NONDEPLOYABLE_DECOUPLED_STRENGTH_GATE,0.04,0.2,0.3333333333333333,0.333333,30,1.505333333333333,1.0413333333333332,0.4639999999999999,0.36666666666666653,0.5733666666666666,0.9666666666666667,1.0,0.9666666666666667,25,0.8333333333333334,0.29600000000000004,False,True
A,B1|B2,CONSERVATIVE,NONDEPLOYABLE_DECOUPLED_STRENGTH_GATE,0.04,0.2,0.5,0.50,30,1.505333333333333,0.7453333333333331,0.76,0.636,0.888,1.0,1.0,1.0,25,0.8333333333333334,0.29600000000000004,False,True
A,B1|B2,CONSERVATIVE,NONDEPLOYABLE_DECOUPLED_STRENGTH_GATE,0.04,0.2,0.6,0.60,30,1.505333333333333,0.7453333333333331,0.76,0.6372666666666665,0.8906666666666664,1.0,1.0,1.0,25,0.8333333333333334,0.29600000000000004,False,True
A,B1|B2,CONSERVATIVE,NONDEPLOYABLE_DECOUPLED_STRENGTH_GATE,0.04,0.2,0.7,0.70,30,1.505333333333333,0.7453333333333331,0.76,0.6319999999999999,0.8826666666666667,1.0,1.0,1.0,25,0.8333333333333334,0.29600000000000004,False,True
A,B1|B2,CONSERVATIVE,NONDEPLOYABLE_DECOUPLED_STRENGTH_GATE,0.04,0.2,0.8,0.80,30,1.505333333333333,0.7453333333333331,0.76,0.6252999999999999,0.8893333333333332,1.0,1.0,1.0,25,0.8333333333333334,0.29600000000000004,False,True
A,B1|B2,CONSERVATIVE,NONDEPLOYABLE_DECOUPLED_STRENGTH_GATE,0.04,0.2,0.9,0.90,30,1.505333333333333,0.7453333333333331,0.76,0.6333,0.8826666666666665,1.0,1.0,1.0,25,0.8333333333333334,0.29600000000000004,False,True
A,B1|B2,CONSERVATIVE,NONDEPLOYABLE_DECOUPLED_STRENGTH_GATE,0.04,0.2,0.95,0.95,30,1.505333333333333,0.7453333333333331,0.76,0.6332666666666665,0.888033333333333,1.0,1.0,1.0,25,0.8333333333333334,0.29600000000000004,False,True
A,B1|B2,CONSERVATIVE,NONDEPLOYABLE_DECOUPLED_STRENGTH_GATE,0.04,0.2,0.98,0.98,30,1.505333333333333,0.7453333333333331,0.76,0.6280000000000001,0.88,1.0,1.0,1.0,25,0.8333333333333334,0.29600000000000004,False,True
A,B1|B2,CONSERVATIVE,NONDEPLOYABLE_DECOUPLED_STRENGTH_GATE,0.04,0.2,0.99,0.99,30,1.505333333333333,0.7453333333333331,0.76,0.6333333333333333,0.8853333333333333,1.0,1.0,1.0,25,0.8333333333333334,0.29600000000000004,False,True
A,B1|B2,CONSERVATIVE,NONDEPLOYABLE_DECOUPLED_STRENGTH_GATE,0.04,0.2,1.0,1.00,30,1.505333333333333,0.7453333333333331,0.76,0.6359666666666666,0.8813333333333334,1.0,1.0,1.0,25,0.8333333333333334,0.29600000000000004,False,True
A,B1|B2,CONSERVATIVE,NONDEPLOYABLE_DECOUPLED_STRENGTH_GATE,0.04,0.4,0.3333333333333333,0.333333,30,1.6453333333333335,1.2813333333333332,0.36400000000000005,0.2733333333333333,0.46133333333333326,0.8666666666666667,1.0,0.8666666666666667,25,0.8333333333333334,0.3213333333333333,False,True
A,B1|B2,CONSERVATIVE,NONDEPLOYABLE_DECOUPLED_STRENGTH_GATE,0.04,0.4,0.5,0.50,30,1.6453333333333335,0.9599999999999997,0.6853333333333332,0.5906666666666667,0.7773666666666663,1.0,1.0,1.0,25,0.8333333333333334,0.3213333333333333,False,True
A,B1|B2,CONSERVATIVE,NONDEPLOYABLE_DECOUPLED_STRENGTH_GATE,0.04,0.4,0.6,0.60,30,1.6453333333333335,0.9599999999999997,0.6853333333333332,0.5892999999999998,0.7773333333333333,1.0,1.0,1.0,25,0.8333333333333334,0.3213333333333333,False,True
A,B1|B2,CONSERVATIVE,NONDEPLOYABLE_DECOUPLED_STRENGTH_GATE,0.04,0.4,0.7,0.70,30,1.6453333333333335,0.9599999999999997,0.6853333333333332,0.5919999999999999,0.7746666666666666,1.0,1.0,1.0,25,0.8333333333333334,0.3213333333333333,False,True
A,B1|B2,CONSERVATIVE,NONDEPLOYABLE_DECOUPLED_STRENGTH_GATE,0.04,0.4,0.8,0.80,30,1.6453333333333335,0.9599999999999997,0.6853333333333332,0.592,0.7786666666666665,1.0,1.0,1.0,25,0.8333333333333334,0.3213333333333333,False,True
A,B1|B2,CONSERVATIVE,NONDEPLOYABLE_DECOUPLED_STRENGTH_GATE,0.04,0.4,0.9,0.90,30,1.6453333333333335,0.9599999999999997,0.6853333333333332,0.5853333333333333,0.7746999999999997,1.0,1.0,1.0,25,0.8333333333333334,0.3213333333333333,False,True
A,B1|B2,CONSERVATIVE,NONDEPLOYABLE_DECOUPLED_STRENGTH_GATE,0.04,0.4,0.95,0.95,30,1.6453333333333335,0.9599999999999997,0.6853333333333332,0.5959666666666665,0.7813333333333331,1.0,1.0,1.0,25,0.8333333333333334,0.3213333333333333,False,True
A,B1|B2,CONSERVATIVE,NONDEPLOYABLE_DECOUPLED_STRENGTH_GATE,0.04,0.4,0.98,0.98,30,1.6453333333333335,0.9599999999999997,0.6853333333333332,0.5893333333333334,0.7759999999999999,1.0,1.0,1.0,25,0.8333333333333334,0.3213333333333333,False,True
A,B1|B2,CONSERVATIVE,NONDEPLOYABLE_DECOUPLED_STRENGTH_GATE,0.04,0.4,0.99,0.99,30,1.6453333333333335,0.9599999999999997,0.6853333333333332,0.5879999999999999,0.7813666666666664,1.0,1.0,1.0,25,0.8333333333333334,0.3213333333333333,False,True
A,B1|B2,CONSERVATIVE,NONDEPLOYABLE_DECOUPLED_STRENGTH_GATE,0.04,0.4,1.0,1.00,30,1.6453333333333335,0.9599999999999997,0.6853333333333332,0.5866333333333332,0.7826666666666664,1.0,1.0,1.0,25,0.8333333333333334,0.3213333333333333,False,True
A,B1|B2,CONSERVATIVE,NONDEPLOYABLE_DECOUPLED_STRENGTH_GATE,0.04,0.6,0.3333333333333333,0.333333,30,1.7519999999999998,1.4519999999999997,0.29999999999999993,0.2213333333333333,0.3866999999999998,0.8,1.0,0.8,25,0.8333333333333334,0.2919999999999999,False,True
A,B1|B2,CONSERVATIVE,NONDEPLOYABLE_DECOUPLED_STRENGTH_GATE,0.04,0.6,0.5,0.50,30,1.7519999999999998,1.1600000000000004,0.592,0.5199999999999999,0.6613333333333331,1.0,1.0,1.0,25,0.8333333333333334,0.2919999999999999,False,True
A,B1|B2,CONSERVATIVE,NONDEPLOYABLE_DECOUPLED_STRENGTH_GATE,0.04,0.6,0.6,0.60,30,1.7519999999999998,1.1600000000000004,0.592,0.5212999999999999,0.6613333333333332,1.0,1.0,1.0,25,0.8333333333333334,0.2919999999999999,False,True
A,B1|B2,CONSERVATIVE,NONDEPLOYABLE_DECOUPLED_STRENGTH_GATE,0.04,0.6,0.7,0.70,30,1.7519999999999998,1.1600000000000004,0.592,0.5173333333333332,0.6626666666666667,1.0,1.0,1.0,25,0.8333333333333334,0.2919999999999999,False,True
A,B1|B2,CONSERVATIVE,NONDEPLOYABLE_DECOUPLED_STRENGTH_GATE,0.04,0.6,0.8,0.80,30,1.7519999999999998,1.1600000000000004,0.592,0.5133333333333333,0.6626666666666665,1.0,1.0,1.0,25,0.8333333333333334,0.2919999999999999,False,True
A,B1|B2,CONSERVATIVE,NONDEPLOYABLE_DECOUPLED_STRENGTH_GATE,0.04,0.6,0.9,0.90,30,1.7519999999999998,1.1600000000000004,0.592,0.52,0.6613666666666665,1.0,1.0,1.0,25,0.8333333333333334,0.2919999999999999,False,True
A,B1|B2,CONSERVATIVE,NONDEPLOYABLE_DECOUPLED_STRENGTH_GATE,0.04,0.6,0.95,0.95,30,1.7519999999999998,1.1600000000000004,0.592,0.5199999999999999,0.6679999999999999,1.0,1.0,1.0,25,0.8333333333333334,0.2919999999999999,False,True
A,B1|B2,CONSERVATIVE,NONDEPLOYABLE_DECOUPLED_STRENGTH_GATE,0.04,0.6,0.98,0.98,30,1.7519999999999998,1.1600000000000004,0.592,0.5173333333333333,0.6613333333333333,1.0,1.0,1.0,25,0.8333333333333334,0.2919999999999999,False,True
A,B1|B2,CONSERVATIVE,NONDEPLOYABLE_DECOUPLED_STRENGTH_GATE,0.04,0.6,0.99,0.99,30,1.7519999999999998,1.1600000000000004,0.592,0.5159999999999999,0.6626666666666666,1.0,1.0,1.0,25,0.8333333333333334,0.2919999999999999,False,True
A,B1|B2,CONSERVATIVE,NONDEPLOYABLE_DECOUPLED_STRENGTH_GATE,0.04,0.6,1.0,1.00,30,1.7519999999999998,1.1600000000000004,0.592,0.5186333333333332,0.6586666666666666,1.0,1.0,1.0,25,0.8333333333333334,0.2919999999999999,False,True
B1,A|B2,FAST,FROZEN_GATE_SHARED_THRESHOLD,0.10,0.2,0.3333333333333333,0.333333,29,0.9862068965517241,0.9862068965517241,0.0,0.0,0.0,0.0,0.0,0.0,15,0.5172413793103449,0.23793103448275862,False,True
B1,A|B2,FAST,FROZEN_GATE_SHARED_THRESHOLD,0.10,0.2,0.5,0.50,29,0.9862068965517241,0.9862068965517241,0.0,0.0,0.0,0.0,0.0,0.0,15,0.5172413793103449,0.23793103448275862,False,True
B1,A|B2,FAST,FROZEN_GATE_SHARED_THRESHOLD,0.10,0.2,0.6,0.60,29,0.9862068965517241,0.9862068965517241,0.0,0.0,0.0,0.0,0.0,0.0,15,0.5172413793103449,0.23793103448275862,False,True
B1,A|B2,FAST,FROZEN_GATE_SHARED_THRESHOLD,0.10,0.2,0.7,0.70,29,0.9862068965517241,0.7482758620689655,0.23793103448275862,0.12060344827586209,0.3827586206896551,0.5172413793103449,1.0,0.5172413793103449,15,0.5172413793103449,0.23793103448275862,False,True
B1,A|B2,FAST,FROZEN_GATE_SHARED_THRESHOLD,0.10,0.2,0.8,0.80,29,0.9862068965517241,0.7482758620689655,0.23793103448275862,0.12068965517241381,0.3862068965517241,0.5172413793103449,1.0,0.5172413793103449,15,0.5172413793103449,0.23793103448275862,False,True
B1,A|B2,FAST,FROZEN_GATE_SHARED_THRESHOLD,0.10,0.2,0.9,0.90,29,0.9862068965517241,0.7482758620689655,0.23793103448275862,0.11379310344827592,0.3793103448275862,0.5172413793103449,1.0,0.5172413793103449,15,0.5172413793103449,0.23793103448275862,False,True
B1,A|B2,FAST,FROZEN_GATE_SHARED_THRESHOLD,0.10,0.2,0.95,0.95,29,0.9862068965517241,0.7482758620689655,0.23793103448275862,0.11724137931034487,0.3793965517241375,0.5172413793103449,1.0,0.5172413793103449,15,0.5172413793103449,0.23793103448275862,False,True
B1,A|B2,FAST,FROZEN_GATE_SHARED_THRESHOLD,0.10,0.2,0.98,0.98,29,0.9862068965517241,0.7482758620689655,0.23793103448275862,0.11034482758620691,0.38620689655172413,0.5172413793103449,1.0,0.5172413793103449,15,0.5172413793103449,0.23793103448275862,False,True
B1,A|B2,FAST,FROZEN_GATE_SHARED_THRESHOLD,0.10,0.2,0.99,0.99,29,0.9862068965517241,0.7482758620689655,0.23793103448275862,0.11379310344827588,0.389655172413793,0.5172413793103449,1.0,0.5172413793103449,15,0.5172413793103449,0.23793103448275862,False,True
B1,A|B2,FAST,FROZEN_GATE_SHARED_THRESHOLD,0.10,0.2,1.0,1.00,29,0.9862068965517241,0.7482758620689655,0.23793103448275862,0.11379310344827588,0.3862068965517241,0.5172413793103449,1.0,0.5172413793103449,15,0.5172413793103449,0.23793103448275862,False,True
B1,A|B2,FAST,FROZEN_GATE_SHARED_THRESHOLD,0.10,0.4,0.3333333333333333,0.333333,29,1.182758620689655,1.182758620689655,0.0,0.0,0.0,0.0,0.0,0.0,15,0.5172413793103449,0.23448275862068968,False,True
B1,A|B2,FAST,FROZEN_GATE_SHARED_THRESHOLD,0.10,0.4,0.5,0.50,29,1.182758620689655,1.182758620689655,0.0,0.0,0.0,0.0,0.0,0.0,15,0.5172413793103449,0.23448275862068968,False,True
B1,A|B2,FAST,FROZEN_GATE_SHARED_THRESHOLD,0.10,0.4,0.6,0.60,29,1.182758620689655,1.182758620689655,0.0,0.0,0.0,0.0,0.0,0.0,15,0.5172413793103449,0.23448275862068968,False,True
B1,A|B2,FAST,FROZEN_GATE_SHARED_THRESHOLD,0.10,0.4,0.7,0.70,29,1.182758620689655,0.9482758620689653,0.23448275862068968,0.12068965517241378,0.35862068965517235,0.5172413793103449,1.0,0.5172413793103449,15,0.5172413793103449,0.23448275862068968,False,True
B1,A|B2,FAST,FROZEN_GATE_SHARED_THRESHOLD,0.10,0.4,0.8,0.80,29,1.182758620689655,0.9482758620689653,0.23448275862068968,0.11724137931034483,0.36551724137931035,0.5172413793103449,1.0,0.5172413793103449,15,0.5172413793103449,0.23448275862068968,False,True
B1,A|B2,FAST,FROZEN_GATE_SHARED_THRESHOLD,0.10,0.4,0.9,0.90,29,1.182758620689655,0.9482758620689653,0.23448275862068968,0.1206896551724138,0.3655172413793103,0.5172413793103449,1.0,0.5172413793103449,15,0.5172413793103449,0.23448275862068968,False,True
B1,A|B2,FAST,FROZEN_GATE_SHARED_THRESHOLD,0.10,0.4,0.95,0.95,29,1.182758620689655,0.9482758620689653,0.23448275862068968,0.12413793103448274,0.35862068965517235,0.5172413793103449,1.0,0.5172413793103449,15,0.5172413793103449,0.23448275862068968,False,True
B1,A|B2,FAST,FROZEN_GATE_SHARED_THRESHOLD,0.10,0.4,0.98,0.98,29,1.182758620689655,0.9482758620689653,0.23448275862068968,0.11724137931034481,0.3655172413793103,0.5172413793103449,1.0,0.5172413793103449,15,0.5172413793103449,0.23448275862068968,False,True
B1,A|B2,FAST,FROZEN_GATE_SHARED_THRESHOLD,0.10,0.4,0.99,0.99,29,1.182758620689655,0.9482758620689653,0.23448275862068968,0.1206896551724138,0.3620689655172413,0.5172413793103449,1.0,0.5172413793103449,15,0.5172413793103449,0.23448275862068968,False,True
B1,A|B2,FAST,FROZEN_GATE_SHARED_THRESHOLD,0.10,0.4,1.0,1.00,29,1.182758620689655,0.9482758620689653,0.23448275862068968,0.12068965517241378,0.37241379310344824,0.5172413793103449,1.0,0.5172413793103449,15,0.5172413793103449,0.23448275862068968,False,True
B1,A|B2,FAST,FROZEN_GATE_SHARED_THRESHOLD,0.10,0.6,0.3333333333333333,0.333333,29,1.3517241379310345,1.3517241379310345,0.0,0.0,0.0,0.0,0.0,0.0,15,0.5172413793103449,0.20344827586206893,False,True
B1,A|B2,FAST,FROZEN_GATE_SHARED_THRESHOLD,0.10,0.6,0.5,0.50,29,1.3517241379310345,1.3517241379310345,0.0,0.0,0.0,0.0,0.0,0.0,15,0.5172413793103449,0.20344827586206893,False,True
B1,A|B2,FAST,FROZEN_GATE_SHARED_THRESHOLD,0.10,0.6,0.6,0.60,29,1.3517241379310345,1.3517241379310345,0.0,0.0,0.0,0.0,0.0,0.0,15,0.5172413793103449,0.20344827586206893,False,True
B1,A|B2,FAST,FROZEN_GATE_SHARED_THRESHOLD,0.10,0.6,0.7,0.70,29,1.3517241379310345,1.1482758620689657,0.20344827586206893,0.1068965517241379,0.3137931034482757,0.5172413793103449,1.0,0.5172413793103449,15,0.5172413793103449,0.20344827586206893,False,True
B1,A|B2,FAST,FROZEN_GATE_SHARED_THRESHOLD,0.10,0.6,0.8,0.80,29,1.3517241379310345,1.1482758620689657,0.20344827586206893,0.10689655172413785,0.3068965517241379,0.5172413793103449,1.0,0.5172413793103449,15,0.5172413793103449,0.20344827586206893,False,True
B1,A|B2,FAST,FROZEN_GATE_SHARED_THRESHOLD,0.10,0.6,0.9,0.90,29,1.3517241379310345,1.1482758620689657,0.20344827586206893,0.11034482758620684,0.3137931034482757,0.5172413793103449,1.0,0.5172413793103449,15,0.5172413793103449,0.20344827586206893,False,True
B1,A|B2,FAST,FROZEN_GATE_SHARED_THRESHOLD,0.10,0.6,0.95,0.95,29,1.3517241379310345,1.1482758620689657,0.20344827586206893,0.10344827586206894,0.3103448275862068,0.5172413793103449,1.0,0.5172413793103449,15,0.5172413793103449,0.20344827586206893,False,True
B1,A|B2,FAST,FROZEN_GATE_SHARED_THRESHOLD,0.10,0.6,0.98,0.98,29,1.3517241379310345,1.1482758620689657,0.20344827586206893,0.11034482758620684,0.31034482758620674,0.5172413793103449,1.0,0.5172413793103449,15,0.5172413793103449,0.20344827586206893,False,True
B1,A|B2,FAST,FROZEN_GATE_SHARED_THRESHOLD,0.10,0.6,0.99,0.99,29,1.3517241379310345,1.1482758620689657,0.20344827586206893,0.11034482758620681,0.3103448275862068,0.5172413793103449,1.0,0.5172413793103449,15,0.5172413793103449,0.20344827586206893,False,True
B1,A|B2,FAST,FROZEN_GATE_SHARED_THRESHOLD,0.10,0.6,1.0,1.00,29,1.3517241379310345,1.1482758620689657,0.20344827586206893,0.1068965517241379,0.3103448275862068,0.5172413793103449,1.0,0.5172413793103449,15,0.5172413793103449,0.20344827586206893,False,True
B1,A|B2,FAST,FROZEN_GATE_SHARED_THRESHOLD,0.04,0.2,0.3333333333333333,0.333333,29,0.9689655172413791,0.9689655172413791,0.0,0.0,0.0,0.0,0.0,0.0,16,0.5517241379310345,0.22068965517241382,False,True
B1,A|B2,FAST,FROZEN_GATE_SHARED_THRESHOLD,0.04,0.2,0.5,0.50,29,0.9689655172413791,0.9689655172413791,0.0,0.0,0.0,0.0,0.0,0.0,16,0.5517241379310345,0.22068965517241382,False,True
B1,A|B2,FAST,FROZEN_GATE_SHARED_THRESHOLD,0.04,0.2,0.6,0.60,29,0.9689655172413791,0.9689655172413791,0.0,0.0,0.0,0.0,0.0,0.0,16,0.5517241379310345,0.22068965517241382,False,True
B1,A|B2,FAST,FROZEN_GATE_SHARED_THRESHOLD,0.04,0.2,0.7,0.70,29,0.9689655172413791,0.7482758620689652,0.22068965517241382,0.09927586206896553,0.3572758620689654,0.5517241379310345,1.0,0.5517241379310345,16,0.5517241379310345,0.22068965517241382,False,True
B1,A|B2,FAST,FROZEN_GATE_SHARED_THRESHOLD,0.04,0.2,0.8,0.80,29,0.9689655172413791,0.7482758620689652,0.22068965517241382,0.10344827586206898,0.3503448275862069,0.5517241379310345,1.0,0.5517241379310345,16,0.5517241379310345,0.22068965517241382,False,True
B1,A|B2,FAST,FROZEN_GATE_SHARED_THRESHOLD,0.04,0.2,0.9,0.90,29,0.9689655172413791,0.7482758620689652,0.22068965517241382,0.09931034482758623,0.35451724137931023,0.5517241379310345,1.0,0.5517241379310345,16,0.5517241379310345,0.22068965517241382,False,True
B1,A|B2,FAST,FROZEN_GATE_SHARED_THRESHOLD,0.04,0.2,0.95,0.95,29,0.9689655172413791,0.7482758620689652,0.22068965517241382,0.1034137931034483,0.3544827586206896,0.5517241379310345,1.0,0.5517241379310345,16,0.5517241379310345,0.22068965517241382,False,True
B1,A|B2,FAST,FROZEN_GATE_SHARED_THRESHOLD,0.04,0.2,0.98,0.98,29,0.9689655172413791,0.7482758620689652,0.22068965517241382,0.0993103448275862,0.3613793103448276,0.5517241379310345,1.0,0.5517241379310345,16,0.5517241379310345,0.22068965517241382,False,True
B1,A|B2,FAST,FROZEN_GATE_SHARED_THRESHOLD,0.04,0.2,0.99,0.99,29,0.9689655172413791,0.7482758620689652,0.22068965517241382,0.10617241379310345,0.3517241379310345,0.5517241379310345,1.0,0.5517241379310345,16,0.5517241379310345,0.22068965517241382,False,True
B1,A|B2,FAST,FROZEN_GATE_SHARED_THRESHOLD,0.04,0.2,1.0,1.00,29,0.9689655172413791,0.7482758620689652,0.22068965517241382,0.10203448275862069,0.35724137931034483,0.5517241379310345,1.0,0.5517241379310345,16,0.5517241379310345,0.22068965517241382,False,True
B1,A|B2,FAST,FROZEN_GATE_SHARED_THRESHOLD,0.04,0.4,0.3333333333333333,0.333333,29,1.1648275862068964,1.1648275862068964,0.0,0.0,0.0,0.0,0.0,0.0,16,0.5517241379310345,0.216551724137931,False,True
B1,A|B2,FAST,FROZEN_GATE_SHARED_THRESHOLD,0.04,0.4,0.5,0.50,29,1.1648275862068964,1.1648275862068964,0.0,0.0,0.0,0.0,0.0,0.0,16,0.5517241379310345,0.216551724137931,False,True
B1,A|B2,FAST,FROZEN_GATE_SHARED_THRESHOLD,0.04,0.4,0.6,0.60,29,1.1648275862068964,1.1648275862068964,0.0,0.0,0.0,0.0,0.0,0.0,16,0.5517241379310345,0.216551724137931,False,True
B1,A|B2,FAST,FROZEN_GATE_SHARED_THRESHOLD,0.04,0.4,0.7,0.70,29,1.1648275862068964,0.9482758620689654,0.216551724137931,0.10758620689655173,0.3448620689655171,0.5517241379310345,1.0,0.5517241379310345,16,0.5517241379310345,0.216551724137931,False,True
B1,A|B2,FAST,FROZEN_GATE_SHARED_THRESHOLD,0.04,0.4,0.8,0.80,29,1.1648275862068964,0.9482758620689654,0.216551724137931,0.10482758620689656,0.33796551724137913,0.5517241379310345,1.0,0.5517241379310345,16,0.5517241379310345,0.216551724137931,False,True
B1,A|B2,FAST,FROZEN_GATE_SHARED_THRESHOLD,0.04,0.4,0.9,0.90,29,1.1648275862068964,0.9482758620689654,0.216551724137931,0.10482758620689656,0.34758620689655173,0.5517241379310345,1.0,0.5517241379310345,16,0.5517241379310345,0.216551724137931,False,True
B1,A|B2,FAST,FROZEN_GATE_SHARED_THRESHOLD,0.04,0.4,0.95,0.95,29,1.1648275862068964,0.9482758620689654,0.216551724137931,0.10620689655172413,0.3434482758620689,0.5517241379310345,1.0,0.5517241379310345,16,0.5517241379310345,0.216551724137931,False,True
B1,A|B2,FAST,FROZEN_GATE_SHARED_THRESHOLD,0.04,0.4,0.98,0.98,29,1.1648275862068964,0.9482758620689654,0.216551724137931,0.10482758620689656,0.3406896551724138,0.5517241379310345,1.0,0.5517241379310345,16,0.5517241379310345,0.216551724137931,False,True
B1,A|B2,FAST,FROZEN_GATE_SHARED_THRESHOLD,0.04,0.4,0.99,0.99,29,1.1648275862068964,0.9482758620689654,0.216551724137931,0.10620689655172412,0.3366206896551721,0.5517241379310345,1.0,0.5517241379310345,16,0.5517241379310345,0.216551724137931,False,True
B1,A|B2,FAST,FROZEN_GATE_SHARED_THRESHOLD,0.04,0.4,1.0,1.00,29,1.1648275862068964,0.9482758620689654,0.216551724137931,0.11034482758620688,0.3407241379310343,0.5517241379310345,1.0,0.5517241379310345,16,0.5517241379310345,0.216551724137931,False,True
B1,A|B2,FAST,FROZEN_GATE_SHARED_THRESHOLD,0.04,0.6,0.3333333333333333,0.333333,29,1.3358620689655174,1.3358620689655174,0.0,0.0,0.0,0.0,0.0,0.0,15,0.5172413793103449,0.17655172413793097,False,True
B1,A|B2,FAST,FROZEN_GATE_SHARED_THRESHOLD,0.04,0.6,0.5,0.50,29,1.3358620689655174,1.3358620689655174,0.0,0.0,0.0,0.0,0.0,0.0,15,0.5172413793103449,0.17655172413793097,False,True
B1,A|B2,FAST,FROZEN_GATE_SHARED_THRESHOLD,0.04,0.6,0.6,0.60,29,1.3358620689655174,1.3358620689655174,0.0,0.0,0.0,0.0,0.0,0.0,15,0.5172413793103449,0.17655172413793097,False,True
B1,A|B2,FAST,FROZEN_GATE_SHARED_THRESHOLD,0.04,0.6,0.7,0.70,29,1.3358620689655174,1.1593103448275863,0.17655172413793097,0.08551724137931033,0.28275862068965507,0.5172413793103449,1.0,0.5172413793103449,15,0.5172413793103449,0.17655172413793097,False,True
B1,A|B2,FAST,FROZEN_GATE_SHARED_THRESHOLD,0.04,0.6,0.8,0.80,29,1.3358620689655174,1.1593103448275863,0.17655172413793097,0.08827586206896548,0.2772413793103448,0.5172413793103449,1.0,0.5172413793103449,15,0.5172413793103449,0.17655172413793097,False,True
B1,A|B2,FAST,FROZEN_GATE_SHARED_THRESHOLD,0.04,0.6,0.9,0.90,29,1.3358620689655174,1.1593103448275863,0.17655172413793097,0.08275862068965516,0.28275862068965507,0.5172413793103449,1.0,0.5172413793103449,15,0.5172413793103449,0.17655172413793097,False,True
B1,A|B2,FAST,FROZEN_GATE_SHARED_THRESHOLD,0.04,0.6,0.95,0.95,29,1.3358620689655174,1.1593103448275863,0.17655172413793097,0.08827586206896551,0.28141379310344805,0.5172413793103449,1.0,0.5172413793103449,15,0.5172413793103449,0.17655172413793097,False,True
B1,A|B2,FAST,FROZEN_GATE_SHARED_THRESHOLD,0.04,0.6,0.98,0.98,29,1.3358620689655174,1.1593103448275863,0.17655172413793097,0.08275862068965516,0.2800344827586205,0.5172413793103449,1.0,0.5172413793103449,15,0.5172413793103449,0.17655172413793097,False,True
B1,A|B2,FAST,FROZEN_GATE_SHARED_THRESHOLD,0.04,0.6,0.99,0.99,29,1.3358620689655174,1.1593103448275863,0.17655172413793097,0.0896206896551724,0.2813793103448275,0.5172413793103449,1.0,0.5172413793103449,15,0.5172413793103449,0.17655172413793097,False,True
B1,A|B2,FAST,FROZEN_GATE_SHARED_THRESHOLD,0.04,0.6,1.0,1.00,29,1.3358620689655174,1.1593103448275863,0.17655172413793097,0.08686206896551724,0.2855517241379308,0.5172413793103449,1.0,0.5172413793103449,15,0.5172413793103449,0.17655172413793097,False,True
B1,A|B2,FAST,NONDEPLOYABLE_DECOUPLED_STRENGTH_GATE,0.10,0.2,0.3333333333333333,0.333333,29,0.9862068965517241,0.9862068965517241,0.0,0.0,0.0,0.0,1.0,0.0,15,0.5172413793103449,0.23793103448275862,False,True
B1,A|B2,FAST,NONDEPLOYABLE_DECOUPLED_STRENGTH_GATE,0.10,0.2,0.5,0.50,29,0.9862068965517241,0.7482758620689655,0.23793103448275862,0.11724137931034484,0.37241379310344824,0.5172413793103449,1.0,0.5172413793103449,15,0.5172413793103449,0.23793103448275862,False,True
B1,A|B2,FAST,NONDEPLOYABLE_DECOUPLED_STRENGTH_GATE,0.10,0.2,0.6,0.60,29,0.9862068965517241,0.7482758620689655,0.23793103448275862,0.11724137931034485,0.38275862068965505,0.5172413793103449,1.0,0.5172413793103449,15,0.5172413793103449,0.23793103448275862,False,True
B1,A|B2,FAST,NONDEPLOYABLE_DECOUPLED_STRENGTH_GATE,0.10,0.2,0.7,0.70,29,0.9862068965517241,0.7482758620689655,0.23793103448275862,0.11724137931034485,0.3827586206896551,0.5172413793103449,1.0,0.5172413793103449,15,0.5172413793103449,0.23793103448275862,False,True
B1,A|B2,FAST,NONDEPLOYABLE_DECOUPLED_STRENGTH_GATE,0.10,0.2,0.8,0.80,29,0.9862068965517241,0.7482758620689655,0.23793103448275862,0.11379310344827588,0.37586206896551727,0.5172413793103449,1.0,0.5172413793103449,15,0.5172413793103449,0.23793103448275862,False,True
B1,A|B2,FAST,NONDEPLOYABLE_DECOUPLED_STRENGTH_GATE,0.10,0.2,0.9,0.90,29,0.9862068965517241,0.7482758620689655,0.23793103448275862,0.11724137931034484,0.3793103448275862,0.5172413793103449,1.0,0.5172413793103449,15,0.5172413793103449,0.23793103448275862,False,True
B1,A|B2,FAST,NONDEPLOYABLE_DECOUPLED_STRENGTH_GATE,0.10,0.2,0.95,0.95,29,0.9862068965517241,0.7482758620689655,0.23793103448275862,0.11724137931034484,0.3793103448275862,0.5172413793103449,1.0,0.5172413793103449,15,0.5172413793103449,0.23793103448275862,False,True
B1,A|B2,FAST,NONDEPLOYABLE_DECOUPLED_STRENGTH_GATE,0.10,0.2,0.98,0.98,29,0.9862068965517241,0.7482758620689655,0.23793103448275862,0.11379310344827588,0.38275862068965516,0.5172413793103449,1.0,0.5172413793103449,15,0.5172413793103449,0.23793103448275862,False,True
B1,A|B2,FAST,NONDEPLOYABLE_DECOUPLED_STRENGTH_GATE,0.10,0.2,0.99,0.99,29,0.9862068965517241,0.7482758620689655,0.23793103448275862,0.11724137931034484,0.38629310344827544,0.5172413793103449,1.0,0.5172413793103449,15,0.5172413793103449,0.23793103448275862,False,True
B1,A|B2,FAST,NONDEPLOYABLE_DECOUPLED_STRENGTH_GATE,0.10,0.2,1.0,1.00,29,0.9862068965517241,0.7482758620689655,0.23793103448275862,0.11724137931034485,0.37931034482758613,0.5172413793103449,1.0,0.5172413793103449,15,0.5172413793103449,0.23793103448275862,False,True
B1,A|B2,FAST,NONDEPLOYABLE_DECOUPLED_STRENGTH_GATE,0.10,0.4,0.3333333333333333,0.333333,29,1.182758620689655,1.182758620689655,0.0,0.0,0.0,0.0,1.0,0.0,15,0.5172413793103449,0.23448275862068968,False,True
B1,A|B2,FAST,NONDEPLOYABLE_DECOUPLED_STRENGTH_GATE,0.10,0.4,0.5,0.50,29,1.182758620689655,0.9482758620689653,0.23448275862068968,0.12413793103448276,0.3620689655172413,0.5172413793103449,1.0,0.5172413793103449,15,0.5172413793103449,0.23448275862068968,False,True
B1,A|B2,FAST,NONDEPLOYABLE_DECOUPLED_STRENGTH_GATE,0.10,0.4,0.6,0.60,29,1.182758620689655,0.9482758620689653,0.23448275862068968,0.12060344827586207,0.3586206896551724,0.5172413793103449,1.0,0.5172413793103449,15,0.5172413793103449,0.23448275862068968,False,True
B1,A|B2,FAST,NONDEPLOYABLE_DECOUPLED_STRENGTH_GATE,0.10,0.4,0.7,0.70,29,1.182758620689655,0.9482758620689653,0.23448275862068968,0.11379310344827587,0.3620689655172413,0.5172413793103449,1.0,0.5172413793103449,15,0.5172413793103449,0.23448275862068968,False,True
B1,A|B2,FAST,NONDEPLOYABLE_DECOUPLED_STRENGTH_GATE,0.10,0.4,0.8,0.80,29,1.182758620689655,0.9482758620689653,0.23448275862068968,0.1206896551724138,0.37241379310344824,0.5172413793103449,1.0,0.5172413793103449,15,0.5172413793103449,0.23448275862068968,False,True
B1,A|B2,FAST,NONDEPLOYABLE_DECOUPLED_STRENGTH_GATE,0.10,0.4,0.9,0.90,29,1.182758620689655,0.9482758620689653,0.23448275862068968,0.1206896551724138,0.37241379310344824,0.5172413793103449,1.0,0.5172413793103449,15,0.5172413793103449,0.23448275862068968,False,True
B1,A|B2,FAST,NONDEPLOYABLE_DECOUPLED_STRENGTH_GATE,0.10,0.4,0.95,0.95,29,1.182758620689655,0.9482758620689653,0.23448275862068968,0.1206896551724138,0.3655172413793103,0.5172413793103449,1.0,0.5172413793103449,15,0.5172413793103449,0.23448275862068968,False,True
B1,A|B2,FAST,NONDEPLOYABLE_DECOUPLED_STRENGTH_GATE,0.10,0.4,0.98,0.98,29,1.182758620689655,0.9482758620689653,0.23448275862068968,0.11724137931034481,0.36560344827586166,0.5172413793103449,1.0,0.5172413793103449,15,0.5172413793103449,0.23448275862068968,False,True
B1,A|B2,FAST,NONDEPLOYABLE_DECOUPLED_STRENGTH_GATE,0.10,0.4,0.99,0.99,29,1.182758620689655,0.9482758620689653,0.23448275862068968,0.11724137931034483,0.3689655172413792,0.5172413793103449,1.0,0.5172413793103449,15,0.5172413793103449,0.23448275862068968,False,True
B1,A|B2,FAST,NONDEPLOYABLE_DECOUPLED_STRENGTH_GATE,0.10,0.4,1.0,1.00,29,1.182758620689655,0.9482758620689653,0.23448275862068968,0.11724137931034483,0.36896551724137927,0.5172413793103449,1.0,0.5172413793103449,15,0.5172413793103449,0.23448275862068968,False,True
B1,A|B2,FAST,NONDEPLOYABLE_DECOUPLED_STRENGTH_GATE,0.10,0.6,0.3333333333333333,0.333333,29,1.3517241379310345,1.3517241379310345,0.0,0.0,0.0,0.0,1.0,0.0,15,0.5172413793103449,0.20344827586206893,False,True
B1,A|B2,FAST,NONDEPLOYABLE_DECOUPLED_STRENGTH_GATE,0.10,0.6,0.5,0.50,29,1.3517241379310345,1.1482758620689657,0.20344827586206893,0.1068965517241379,0.3103448275862068,0.5172413793103449,1.0,0.5172413793103449,15,0.5172413793103449,0.20344827586206893,False,True
B1,A|B2,FAST,NONDEPLOYABLE_DECOUPLED_STRENGTH_GATE,0.10,0.6,0.6,0.60,29,1.3517241379310345,1.1482758620689657,0.20344827586206893,0.11034482758620684,0.3172413793103447,0.5172413793103449,1.0,0.5172413793103449,15,0.5172413793103449,0.20344827586206893,False,True
B1,A|B2,FAST,NONDEPLOYABLE_DECOUPLED_STRENGTH_GATE,0.10,0.6,0.7,0.70,29,1.3517241379310345,1.1482758620689657,0.20344827586206893,0.1068965517241379,0.3172413793103447,0.5172413793103449,1.0,0.5172413793103449,15,0.5172413793103449,0.20344827586206893,False,True
B1,A|B2,FAST,NONDEPLOYABLE_DECOUPLED_STRENGTH_GATE,0.10,0.6,0.8,0.80,29,1.3517241379310345,1.1482758620689657,0.20344827586206893,0.10689655172413791,0.3172413793103448,0.5172413793103449,1.0,0.5172413793103449,15,0.5172413793103449,0.20344827586206893,False,True
B1,A|B2,FAST,NONDEPLOYABLE_DECOUPLED_STRENGTH_GATE,0.10,0.6,0.9,0.90,29,1.3517241379310345,1.1482758620689657,0.20344827586206893,0.11034482758620685,0.31724137931034474,0.5172413793103449,1.0,0.5172413793103449,15,0.5172413793103449,0.20344827586206893,False,True
B1,A|B2,FAST,NONDEPLOYABLE_DECOUPLED_STRENGTH_GATE,0.10,0.6,0.95,0.95,29,1.3517241379310345,1.1482758620689657,0.20344827586206893,0.10344827586206894,0.3068965517241379,0.5172413793103449,1.0,0.5172413793103449,15,0.5172413793103449,0.20344827586206893,False,True
B1,A|B2,FAST,NONDEPLOYABLE_DECOUPLED_STRENGTH_GATE,0.10,0.6,0.98,0.98,29,1.3517241379310345,1.1482758620689657,0.20344827586206893,0.11034482758620684,0.3103448275862068,0.5172413793103449,1.0,0.5172413793103449,15,0.5172413793103449,0.20344827586206893,False,True
B1,A|B2,FAST,NONDEPLOYABLE_DECOUPLED_STRENGTH_GATE,0.10,0.6,0.99,0.99,29,1.3517241379310345,1.1482758620689657,0.20344827586206893,0.10344827586206894,0.32077586206896497,0.5172413793103449,1.0,0.5172413793103449,15,0.5172413793103449,0.20344827586206893,False,True
B1,A|B2,FAST,NONDEPLOYABLE_DECOUPLED_STRENGTH_GATE,0.10,0.6,1.0,1.00,29,1.3517241379310345,1.1482758620689657,0.20344827586206893,0.10344827586206894,0.31043103448275816,0.5172413793103449,1.0,0.5172413793103449,15,0.5172413793103449,0.20344827586206893,False,True
B1,A|B2,FAST,NONDEPLOYABLE_DECOUPLED_STRENGTH_GATE,0.04,0.2,0.3333333333333333,0.333333,29,0.9689655172413791,0.9689655172413791,0.0,0.0,0.0,0.0,1.0,0.0,16,0.5517241379310345,0.22068965517241382,False,True
B1,A|B2,FAST,NONDEPLOYABLE_DECOUPLED_STRENGTH_GATE,0.04,0.2,0.5,0.50,29,0.9689655172413791,0.7482758620689652,0.22068965517241382,0.10893103448275863,0.36,0.5517241379310345,1.0,0.5517241379310345,16,0.5517241379310345,0.22068965517241382,False,True
B1,A|B2,FAST,NONDEPLOYABLE_DECOUPLED_STRENGTH_GATE,0.04,0.2,0.6,0.60,29,0.9689655172413791,0.7482758620689652,0.22068965517241382,0.10344827586206899,0.3545172413793101,0.5517241379310345,1.0,0.5517241379310345,16,0.5517241379310345,0.22068965517241382,False,True
B1,A|B2,FAST,NONDEPLOYABLE_DECOUPLED_STRENGTH_GATE,0.04,0.2,0.7,0.70,29,0.9689655172413791,0.7482758620689652,0.22068965517241382,0.10617241379310345,0.3614137931034481,0.5517241379310345,1.0,0.5517241379310345,16,0.5517241379310345,0.22068965517241382,False,True
B1,A|B2,FAST,NONDEPLOYABLE_DECOUPLED_STRENGTH_GATE,0.04,0.2,0.8,0.80,29,0.9689655172413791,0.7482758620689652,0.22068965517241382,0.10344827586206898,0.35313793103448265,0.5517241379310345,1.0,0.5517241379310345,16,0.5517241379310345,0.22068965517241382,False,True
B1,A|B2,FAST,NONDEPLOYABLE_DECOUPLED_STRENGTH_GATE,0.04,0.2,0.9,0.90,29,0.9689655172413791,0.7482758620689652,0.22068965517241382,0.10065517241379311,0.3586206896551724,0.5517241379310345,1.0,0.5517241379310345,16,0.5517241379310345,0.22068965517241382,False,True
B1,A|B2,FAST,NONDEPLOYABLE_DECOUPLED_STRENGTH_GATE,0.04,0.2,0.95,0.95,29,0.9689655172413791,0.7482758620689652,0.22068965517241382,0.10206896551724141,0.3517241379310345,0.5517241379310345,1.0,0.5517241379310345,16,0.5517241379310345,0.22068965517241382,False,True
B1,A|B2,FAST,NONDEPLOYABLE_DECOUPLED_STRENGTH_GATE,0.04,0.2,0.98,0.98,29,0.9689655172413791,0.7482758620689652,0.22068965517241382,0.10341379310344828,0.36003448275862054,0.5517241379310345,1.0,0.5517241379310345,16,0.5517241379310345,0.22068965517241382,False,True
B1,A|B2,FAST,NONDEPLOYABLE_DECOUPLED_STRENGTH_GATE,0.04,0.2,0.99,0.99,29,0.9689655172413791,0.7482758620689652,0.22068965517241382,0.10620689655172413,0.36275862068965514,0.5517241379310345,1.0,0.5517241379310345,16,0.5517241379310345,0.22068965517241382,False,True
B1,A|B2,FAST,NONDEPLOYABLE_DECOUPLED_STRENGTH_GATE,0.04,0.2,1.0,1.00,29,0.9689655172413791,0.7482758620689652,0.22068965517241382,0.10206896551724141,0.35589655172413776,0.5517241379310345,1.0,0.5517241379310345,16,0.5517241379310345,0.22068965517241382,False,True
B1,A|B2,FAST,NONDEPLOYABLE_DECOUPLED_STRENGTH_GATE,0.04,0.4,0.3333333333333333,0.333333,29,1.1648275862068964,1.1648275862068964,0.0,0.0,0.0,0.0,1.0,0.0,16,0.5517241379310345,0.216551724137931,False,True
B1,A|B2,FAST,NONDEPLOYABLE_DECOUPLED_STRENGTH_GATE,0.04,0.4,0.5,0.50,29,1.1648275862068964,0.9482758620689654,0.216551724137931,0.11034482758620688,0.3393103448275862,0.5517241379310345,1.0,0.5517241379310345,16,0.5517241379310345,0.216551724137931,False,True
B1,A|B2,FAST,NONDEPLOYABLE_DECOUPLED_STRENGTH_GATE,0.04,0.4,0.6,0.60,29,1.1648275862068964,0.9482758620689654,0.216551724137931,0.10758620689655173,0.3420689655172413,0.5517241379310345,1.0,0.5517241379310345,16,0.5517241379310345,0.216551724137931,False,True
B1,A|B2,FAST,NONDEPLOYABLE_DECOUPLED_STRENGTH_GATE,0.04,0.4,0.7,0.70,29,1.1648275862068964,0.9482758620689654,0.216551724137931,0.10758620689655171,0.34210344827586187,0.5517241379310345,1.0,0.5517241379310345,16,0.5517241379310345,0.216551724137931,False,True
B1,A|B2,FAST,NONDEPLOYABLE_DECOUPLED_STRENGTH_GATE,0.04,0.4,0.8,0.80,29,1.1648275862068964,0.9482758620689654,0.216551724137931,0.1089655172413793,0.3434827586206895,0.5517241379310345,1.0,0.5517241379310345,16,0.5517241379310345,0.216551724137931,False,True
B1,A|B2,FAST,NONDEPLOYABLE_DECOUPLED_STRENGTH_GATE,0.04,0.4,0.9,0.90,29,1.1648275862068964,0.9482758620689654,0.216551724137931,0.10758620689655171,0.33931034482758615,0.5517241379310345,1.0,0.5517241379310345,16,0.5517241379310345,0.216551724137931,False,True
B1,A|B2,FAST,NONDEPLOYABLE_DECOUPLED_STRENGTH_GATE,0.04,0.4,0.95,0.95,29,1.1648275862068964,0.9482758620689654,0.216551724137931,0.10755172413793104,0.3503448275862069,0.5517241379310345,1.0,0.5517241379310345,16,0.5517241379310345,0.216551724137931,False,True
B1,A|B2,FAST,NONDEPLOYABLE_DECOUPLED_STRENGTH_GATE,0.04,0.4,0.98,0.98,29,1.1648275862068964,0.9482758620689654,0.216551724137931,0.10758620689655173,0.3379310344827586,0.5517241379310345,1.0,0.5517241379310345,16,0.5517241379310345,0.216551724137931,False,True
B1,A|B2,FAST,NONDEPLOYABLE_DECOUPLED_STRENGTH_GATE,0.04,0.4,0.99,0.99,29,1.1648275862068964,0.9482758620689654,0.216551724137931,0.10482758620689656,0.3434827586206895,0.5517241379310345,1.0,0.5517241379310345,16,0.5517241379310345,0.216551724137931,False,True
B1,A|B2,FAST,NONDEPLOYABLE_DECOUPLED_STRENGTH_GATE,0.04,0.4,1.0,1.00,29,1.1648275862068964,0.9482758620689654,0.216551724137931,0.10896551724137932,0.3421034482758618,0.5517241379310345,1.0,0.5517241379310345,16,0.5517241379310345,0.216551724137931,False,True
B1,A|B2,FAST,NONDEPLOYABLE_DECOUPLED_STRENGTH_GATE,0.04,0.6,0.3333333333333333,0.333333,29,1.3358620689655174,1.3358620689655174,0.0,0.0,0.0,0.0,1.0,0.0,15,0.5172413793103449,0.17655172413793097,False,True
B1,A|B2,FAST,NONDEPLOYABLE_DECOUPLED_STRENGTH_GATE,0.04,0.6,0.5,0.50,29,1.3358620689655174,1.1593103448275863,0.17655172413793097,0.08689655172413792,0.27865517241379284,0.5172413793103449,1.0,0.5172413793103449,15,0.5172413793103449,0.17655172413793097,False,True
B1,A|B2,FAST,NONDEPLOYABLE_DECOUPLED_STRENGTH_GATE,0.04,0.6,0.6,0.60,29,1.3358620689655174,1.1593103448275863,0.17655172413793097,0.0896206896551724,0.2855517241379308,0.5172413793103449,1.0,0.5172413793103449,15,0.5172413793103449,0.17655172413793097,False,True
B1,A|B2,FAST,NONDEPLOYABLE_DECOUPLED_STRENGTH_GATE,0.04,0.6,0.7,0.70,29,1.3358620689655174,1.1593103448275863,0.17655172413793097,0.08689655172413792,0.2841379310344827,0.5172413793103449,1.0,0.5172413793103449,15,0.5172413793103449,0.17655172413793097,False,True
B1,A|B2,FAST,NONDEPLOYABLE_DECOUPLED_STRENGTH_GATE,0.04,0.6,0.8,0.80,29,1.3358620689655174,1.1593103448275863,0.17655172413793097,0.08548275862068964,0.2800344827586204,0.5172413793103449,1.0,0.5172413793103449,15,0.5172413793103449,0.17655172413793097,False,True
B1,A|B2,FAST,NONDEPLOYABLE_DECOUPLED_STRENGTH_GATE,0.04,0.6,0.9,0.90,29,1.3358620689655174,1.1593103448275863,0.17655172413793097,0.0855172413793103,0.2896896551724136,0.5172413793103449,1.0,0.5172413793103449,15,0.5172413793103449,0.17655172413793097,False,True
B1,A|B2,FAST,NONDEPLOYABLE_DECOUPLED_STRENGTH_GATE,0.04,0.6,0.95,0.95,29,1.3358620689655174,1.1593103448275863,0.17655172413793097,0.08827586206896554,0.2772758620689653,0.5172413793103449,1.0,0.5172413793103449,15,0.5172413793103449,0.17655172413793097,False,True
B1,A|B2,FAST,NONDEPLOYABLE_DECOUPLED_STRENGTH_GATE,0.04,0.6,0.98,0.98,29,1.3358620689655174,1.1593103448275863,0.17655172413793097,0.08689655172413792,0.2744827586206896,0.5172413793103449,1.0,0.5172413793103449,15,0.5172413793103449,0.17655172413793097,False,True
B1,A|B2,FAST,NONDEPLOYABLE_DECOUPLED_STRENGTH_GATE,0.04,0.6,0.99,0.99,29,1.3358620689655174,1.1593103448275863,0.17655172413793097,0.08689655172413792,0.2841724137931032,0.5172413793103449,1.0,0.5172413793103449,15,0.5172413793103449,0.17655172413793097,False,True
B1,A|B2,FAST,NONDEPLOYABLE_DECOUPLED_STRENGTH_GATE,0.04,0.6,1.0,1.00,29,1.3358620689655174,1.1593103448275863,0.17655172413793097,0.08689655172413789,0.28689655172413786,0.5172413793103449,1.0,0.5172413793103449,15,0.5172413793103449,0.17655172413793097,False,True
B1,A|B2,MEDIUM,FROZEN_GATE_SHARED_THRESHOLD,0.10,0.2,0.3333333333333333,0.333333,29,1.0896551724137928,1.0896551724137928,0.0,0.0,0.0,0.0,0.0,0.0,21,0.7241379310344828,0.34137931034482755,False,True
B1,A|B2,MEDIUM,FROZEN_GATE_SHARED_THRESHOLD,0.10,0.2,0.5,0.50,29,1.0896551724137928,1.0896551724137928,0.0,0.0,0.0,0.0,0.0,0.0,21,0.7241379310344828,0.34137931034482755,False,True
B1,A|B2,MEDIUM,FROZEN_GATE_SHARED_THRESHOLD,0.10,0.2,0.6,0.60,29,1.0896551724137928,1.0896551724137928,0.0,0.0,0.0,0.0,0.0,0.0,21,0.7241379310344828,0.34137931034482755,False,True
B1,A|B2,MEDIUM,FROZEN_GATE_SHARED_THRESHOLD,0.10,0.2,0.7,0.70,29,1.0896551724137928,0.7482758620689655,0.34137931034482755,0.2137931034482759,0.4896551724137931,0.7241379310344828,1.0,0.7241379310344828,21,0.7241379310344828,0.34137931034482755,False,True
B1,A|B2,MEDIUM,FROZEN_GATE_SHARED_THRESHOLD,0.10,0.2,0.8,0.80,29,1.0896551724137928,0.7482758620689655,0.34137931034482755,0.20344827586206898,0.4931896551724133,0.7241379310344828,1.0,0.7241379310344828,21,0.7241379310344828,0.34137931034482755,False,True
B1,A|B2,MEDIUM,FROZEN_GATE_SHARED_THRESHOLD,0.10,0.2,0.9,0.90,29,1.0896551724137928,0.7482758620689655,0.34137931034482755,0.2137931034482759,0.48620689655172405,0.7241379310344828,1.0,0.7241379310344828,21,0.7241379310344828,0.34137931034482755,False,True
B1,A|B2,MEDIUM,FROZEN_GATE_SHARED_THRESHOLD,0.10,0.2,0.95,0.95,29,1.0896551724137928,0.7482758620689655,0.34137931034482755,0.21034482758620696,0.48620689655172405,0.7241379310344828,1.0,0.7241379310344828,21,0.7241379310344828,0.34137931034482755,False,True
B1,A|B2,MEDIUM,FROZEN_GATE_SHARED_THRESHOLD,0.10,0.2,0.98,0.98,29,1.0896551724137928,0.7482758620689655,0.34137931034482755,0.20344827586206904,0.4896551724137931,0.7241379310344828,1.0,0.7241379310344828,21,0.7241379310344828,0.34137931034482755,False,True
B1,A|B2,MEDIUM,FROZEN_GATE_SHARED_THRESHOLD,0.10,0.2,0.99,0.99,29,1.0896551724137928,0.7482758620689655,0.34137931034482755,0.20344827586206898,0.489655172413793,0.7241379310344828,1.0,0.7241379310344828,21,0.7241379310344828,0.34137931034482755,False,True
B1,A|B2,MEDIUM,FROZEN_GATE_SHARED_THRESHOLD,0.10,0.2,1.0,1.00,29,1.0896551724137928,0.7482758620689655,0.34137931034482755,0.20336206896551723,0.4931896551724133,0.7241379310344828,1.0,0.7241379310344828,21,0.7241379310344828,0.34137931034482755,False,True
B1,A|B2,MEDIUM,FROZEN_GATE_SHARED_THRESHOLD,0.10,0.4,0.3333333333333333,0.333333,29,1.2517241379310344,1.2517241379310344,0.0,0.0,0.0,0.0,0.0,0.0,21,0.7241379310344828,0.3034482758620689,False,True
B1,A|B2,MEDIUM,FROZEN_GATE_SHARED_THRESHOLD,0.10,0.4,0.5,0.50,29,1.2517241379310344,1.2517241379310344,0.0,0.0,0.0,0.0,0.0,0.0,21,0.7241379310344828,0.3034482758620689,False,True
B1,A|B2,MEDIUM,FROZEN_GATE_SHARED_THRESHOLD,0.10,0.4,0.6,0.60,29,1.2517241379310344,1.2517241379310344,0.0,0.0,0.0,0.0,0.0,0.0,21,0.7241379310344828,0.3034482758620689,False,True
B1,A|B2,MEDIUM,FROZEN_GATE_SHARED_THRESHOLD,0.10,0.4,0.7,0.70,29,1.2517241379310344,0.9482758620689653,0.3034482758620689,0.19310344827586207,0.43793103448275855,0.7241379310344828,1.0,0.7241379310344828,21,0.7241379310344828,0.3034482758620689,False,True
B1,A|B2,MEDIUM,FROZEN_GATE_SHARED_THRESHOLD,0.10,0.4,0.8,0.80,29,1.2517241379310344,0.9482758620689653,0.3034482758620689,0.18965517241379312,0.4241379310344827,0.7241379310344828,1.0,0.7241379310344828,21,0.7241379310344828,0.3034482758620689,False,True
B1,A|B2,MEDIUM,FROZEN_GATE_SHARED_THRESHOLD,0.10,0.4,0.9,0.90,29,1.2517241379310344,0.9482758620689653,0.3034482758620689,0.19646551724137926,0.4275862068965517,0.7241379310344828,1.0,0.7241379310344828,21,0.7241379310344828,0.3034482758620689,False,True
B1,A|B2,MEDIUM,FROZEN_GATE_SHARED_THRESHOLD,0.10,0.4,0.95,0.95,29,1.2517241379310344,0.9482758620689653,0.3034482758620689,0.196551724137931,0.4311206896551719,0.7241379310344828,1.0,0.7241379310344828,21,0.7241379310344828,0.3034482758620689,False,True
B1,A|B2,MEDIUM,FROZEN_GATE_SHARED_THRESHOLD,0.10,0.4,0.98,0.98,29,1.2517241379310344,0.9482758620689653,0.3034482758620689,0.1896551724137931,0.4345689655172409,0.7241379310344828,1.0,0.7241379310344828,21,0.7241379310344828,0.3034482758620689,False,True
B1,A|B2,MEDIUM,FROZEN_GATE_SHARED_THRESHOLD,0.10,0.4,0.99,0.99,29,1.2517241379310344,0.9482758620689653,0.3034482758620689,0.18620689655172415,0.43793103448275855,0.7241379310344828,1.0,0.7241379310344828,21,0.7241379310344828,0.3034482758620689,False,True
B1,A|B2,MEDIUM,FROZEN_GATE_SHARED_THRESHOLD,0.10,0.4,1.0,1.00,29,1.2517241379310344,0.9482758620689653,0.3034482758620689,0.19310344827586207,0.4275862068965517,0.7241379310344828,1.0,0.7241379310344828,21,0.7241379310344828,0.3034482758620689,False,True
B1,A|B2,MEDIUM,FROZEN_GATE_SHARED_THRESHOLD,0.10,0.6,0.3333333333333333,0.333333,29,1.410344827586207,1.410344827586207,0.0,0.0,0.0,0.0,0.0,0.0,21,0.7241379310344828,0.26206896551724135,False,True
B1,A|B2,MEDIUM,FROZEN_GATE_SHARED_THRESHOLD,0.10,0.6,0.5,0.50,29,1.410344827586207,1.410344827586207,0.0,0.0,0.0,0.0,0.0,0.0,21,0.7241379310344828,0.26206896551724135,False,True
B1,A|B2,MEDIUM,FROZEN_GATE_SHARED_THRESHOLD,0.10,0.6,0.6,0.60,29,1.410344827586207,1.410344827586207,0.0,0.0,0.0,0.0,0.0,0.0,21,0.7241379310344828,0.26206896551724135,False,True
B1,A|B2,MEDIUM,FROZEN_GATE_SHARED_THRESHOLD,0.10,0.6,0.7,0.70,29,1.410344827586207,1.1482758620689657,0.26206896551724135,0.1724137931034482,0.3655172413793102,0.7241379310344828,1.0,0.7241379310344828,21,0.7241379310344828,0.26206896551724135,False,True
B1,A|B2,MEDIUM,FROZEN_GATE_SHARED_THRESHOLD,0.10,0.6,0.8,0.80,29,1.410344827586207,1.1482758620689657,0.26206896551724135,0.17241379310344823,0.36206896551724127,0.7241379310344828,1.0,0.7241379310344828,21,0.7241379310344828,0.26206896551724135,False,True
B1,A|B2,MEDIUM,FROZEN_GATE_SHARED_THRESHOLD,0.10,0.6,0.9,0.90,29,1.410344827586207,1.1482758620689657,0.26206896551724135,0.17241379310344823,0.3620689655172413,0.7241379310344828,1.0,0.7241379310344828,21,0.7241379310344828,0.26206896551724135,False,True
B1,A|B2,MEDIUM,FROZEN_GATE_SHARED_THRESHOLD,0.10,0.6,0.95,0.95,29,1.410344827586207,1.1482758620689657,0.26206896551724135,0.1689655172413793,0.3620689655172414,0.7241379310344828,1.0,0.7241379310344828,21,0.7241379310344828,0.26206896551724135,False,True
B1,A|B2,MEDIUM,FROZEN_GATE_SHARED_THRESHOLD,0.10,0.6,0.98,0.98,29,1.410344827586207,1.1482758620689657,0.26206896551724135,0.1689655172413793,0.35862068965517235,0.7241379310344828,1.0,0.7241379310344828,21,0.7241379310344828,0.26206896551724135,False,True
B1,A|B2,MEDIUM,FROZEN_GATE_SHARED_THRESHOLD,0.10,0.6,0.99,0.99,29,1.410344827586207,1.1482758620689657,0.26206896551724135,0.1724137931034482,0.3655172413793103,0.7241379310344828,1.0,0.7241379310344828,21,0.7241379310344828,0.26206896551724135,False,True
B1,A|B2,MEDIUM,FROZEN_GATE_SHARED_THRESHOLD,0.10,0.6,1.0,1.00,29,1.410344827586207,1.1482758620689657,0.26206896551724135,0.16551724137931034,0.3620689655172412,0.7241379310344828,1.0,0.7241379310344828,21,0.7241379310344828,0.26206896551724135,False,True
B1,A|B2,MEDIUM,FROZEN_GATE_SHARED_THRESHOLD,0.04,0.2,0.3333333333333333,0.333333,29,1.0834482758620687,1.0834482758620687,0.0,0.0,0.0,0.0,0.0,0.0,21,0.7241379310344828,0.33517241379310336,False,True
B1,A|B2,MEDIUM,FROZEN_GATE_SHARED_THRESHOLD,0.04,0.2,0.5,0.50,29,1.0834482758620687,1.0834482758620687,0.0,0.0,0.0,0.0,0.0,0.0,21,0.7241379310344828,0.33517241379310336,False,True
B1,A|B2,MEDIUM,FROZEN_GATE_SHARED_THRESHOLD,0.04,0.2,0.6,0.60,29,1.0834482758620687,1.0834482758620687,0.0,0.0,0.0,0.0,0.0,0.0,21,0.7241379310344828,0.33517241379310336,False,True
B1,A|B2,MEDIUM,FROZEN_GATE_SHARED_THRESHOLD,0.04,0.2,0.7,0.70,29,1.0834482758620687,0.7482758620689652,0.33517241379310336,0.20406896551724138,0.47862068965517246,0.7241379310344828,1.0,0.7241379310344828,21,0.7241379310344828,0.33517241379310336,False,True
B1,A|B2,MEDIUM,FROZEN_GATE_SHARED_THRESHOLD,0.04,0.2,0.8,0.80,29,1.0834482758620687,0.7482758620689652,0.33517241379310336,0.2082758620689655,0.4827931034482757,0.7241379310344828,1.0,0.7241379310344828,21,0.7241379310344828,0.33517241379310336,False,True
B1,A|B2,MEDIUM,FROZEN_GATE_SHARED_THRESHOLD,0.04,0.2,0.9,0.90,29,1.0834482758620687,0.7482758620689652,0.33517241379310336,0.2,0.488310344827586,0.7241379310344828,1.0,0.7241379310344828,21,0.7241379310344828,0.33517241379310336,False,True
B1,A|B2,MEDIUM,FROZEN_GATE_SHARED_THRESHOLD,0.04,0.2,0.95,0.95,29,1.0834482758620687,0.7482758620689652,0.33517241379310336,0.20551724137931038,0.4772413793103447,0.7241379310344828,1.0,0.7241379310344828,21,0.7241379310344828,0.33517241379310336,False,True
B1,A|B2,MEDIUM,FROZEN_GATE_SHARED_THRESHOLD,0.04,0.2,0.98,0.98,29,1.0834482758620687,0.7482758620689652,0.33517241379310336,0.20272413793103447,0.4758620689655172,0.7241379310344828,1.0,0.7241379310344828,21,0.7241379310344828,0.33517241379310336,False,True
B1,A|B2,MEDIUM,FROZEN_GATE_SHARED_THRESHOLD,0.04,0.2,0.99,0.99,29,1.0834482758620687,0.7482758620689652,0.33517241379310336,0.2027586206896552,0.4799999999999999,0.7241379310344828,1.0,0.7241379310344828,21,0.7241379310344828,0.33517241379310336,False,True
B1,A|B2,MEDIUM,FROZEN_GATE_SHARED_THRESHOLD,0.04,0.2,1.0,1.00,29,1.0834482758620687,0.7482758620689652,0.33517241379310336,0.20413793103448274,0.4731034482758621,0.7241379310344828,1.0,0.7241379310344828,21,0.7241379310344828,0.33517241379310336,False,True
B1,A|B2,MEDIUM,FROZEN_GATE_SHARED_THRESHOLD,0.04,0.4,0.3333333333333333,0.333333,29,1.2462068965517241,1.2462068965517241,0.0,0.0,0.0,0.0,0.0,0.0,21,0.7241379310344828,0.2979310344827586,False,True
B1,A|B2,MEDIUM,FROZEN_GATE_SHARED_THRESHOLD,0.04,0.4,0.5,0.50,29,1.2462068965517241,1.2462068965517241,0.0,0.0,0.0,0.0,0.0,0.0,21,0.7241379310344828,0.2979310344827586,False,True
B1,A|B2,MEDIUM,FROZEN_GATE_SHARED_THRESHOLD,0.04,0.4,0.6,0.60,29,1.2462068965517241,1.2462068965517241,0.0,0.0,0.0,0.0,0.0,0.0,21,0.7241379310344828,0.2979310344827586,False,True
B1,A|B2,MEDIUM,FROZEN_GATE_SHARED_THRESHOLD,0.04,0.4,0.7,0.70,29,1.2462068965517241,0.9482758620689654,0.2979310344827586,0.18896551724137936,0.4193793103448272,0.7241379310344828,1.0,0.7241379310344828,21,0.7241379310344828,0.2979310344827586,False,True
B1,A|B2,MEDIUM,FROZEN_GATE_SHARED_THRESHOLD,0.04,0.4,0.8,0.80,29,1.2462068965517241,0.9482758620689654,0.2979310344827586,0.1889655172413793,0.41931034482758617,0.7241379310344828,1.0,0.7241379310344828,21,0.7241379310344828,0.2979310344827586,False,True
B1,A|B2,MEDIUM,FROZEN_GATE_SHARED_THRESHOLD,0.04,0.4,0.9,0.90,29,1.2462068965517241,0.9482758620689654,0.2979310344827586,0.18896551724137933,0.4207241379310342,0.7241379310344828,1.0,0.7241379310344828,21,0.7241379310344828,0.2979310344827586,False,True
B1,A|B2,MEDIUM,FROZEN_GATE_SHARED_THRESHOLD,0.04,0.4,0.95,0.95,29,1.2462068965517241,0.9482758620689654,0.2979310344827586,0.18344827586206897,0.40965517241379307,0.7241379310344828,1.0,0.7241379310344828,21,0.7241379310344828,0.2979310344827586,False,True
B1,A|B2,MEDIUM,FROZEN_GATE_SHARED_THRESHOLD,0.04,0.4,0.98,0.98,29,1.2462068965517241,0.9482758620689654,0.2979310344827586,0.1917241379310345,0.42072413793103425,0.7241379310344828,1.0,0.7241379310344828,21,0.7241379310344828,0.2979310344827586,False,True
B1,A|B2,MEDIUM,FROZEN_GATE_SHARED_THRESHOLD,0.04,0.4,0.99,0.99,29,1.2462068965517241,0.9482758620689654,0.2979310344827586,0.19034482758620688,0.41517241379310343,0.7241379310344828,1.0,0.7241379310344828,21,0.7241379310344828,0.2979310344827586,False,True
B1,A|B2,MEDIUM,FROZEN_GATE_SHARED_THRESHOLD,0.04,0.4,1.0,1.00,29,1.2462068965517241,0.9482758620689654,0.2979310344827586,0.18896551724137933,0.4193793103448272,0.7241379310344828,1.0,0.7241379310344828,21,0.7241379310344828,0.2979310344827586,False,True
B1,A|B2,MEDIUM,FROZEN_GATE_SHARED_THRESHOLD,0.04,0.6,0.3333333333333333,0.333333,29,1.4048275862068964,1.4048275862068964,0.0,0.0,0.0,0.0,0.0,0.0,20,0.6896551724137931,0.24551724137931027,False,True
B1,A|B2,MEDIUM,FROZEN_GATE_SHARED_THRESHOLD,0.04,0.6,0.5,0.50,29,1.4048275862068964,1.4048275862068964,0.0,0.0,0.0,0.0,0.0,0.0,20,0.6896551724137931,0.24551724137931027,False,True
B1,A|B2,MEDIUM,FROZEN_GATE_SHARED_THRESHOLD,0.04,0.6,0.6,0.60,29,1.4048275862068964,1.4048275862068964,0.0,0.0,0.0,0.0,0.0,0.0,20,0.6896551724137931,0.24551724137931027,False,True
B1,A|B2,MEDIUM,FROZEN_GATE_SHARED_THRESHOLD,0.04,0.6,0.7,0.70,29,1.4048275862068964,1.1593103448275863,0.24551724137931027,0.1558620689655172,0.3407241379310343,0.6896551724137931,1.0,0.6896551724137931,20,0.6896551724137931,0.24551724137931027,False,True
B1,A|B2,MEDIUM,FROZEN_GATE_SHARED_THRESHOLD,0.04,0.6,0.8,0.80,29,1.4048275862068964,1.1593103448275863,0.24551724137931027,0.1558620689655172,0.34620689655172404,0.6896551724137931,1.0,0.6896551724137931,20,0.6896551724137931,0.24551724137931027,False,True
B1,A|B2,MEDIUM,FROZEN_GATE_SHARED_THRESHOLD,0.04,0.6,0.9,0.90,29,1.4048275862068964,1.1593103448275863,0.24551724137931027,0.15858620689655165,0.3476206896551722,0.6896551724137931,1.0,0.6896551724137931,20,0.6896551724137931,0.24551724137931027,False,True
B1,A|B2,MEDIUM,FROZEN_GATE_SHARED_THRESHOLD,0.04,0.6,0.95,0.95,29,1.4048275862068964,1.1593103448275863,0.24551724137931027,0.15586206896551721,0.34482758620689635,0.6896551724137931,1.0,0.6896551724137931,20,0.6896551724137931,0.24551724137931027,False,True
B1,A|B2,MEDIUM,FROZEN_GATE_SHARED_THRESHOLD,0.04,0.6,0.98,0.98,29,1.4048275862068964,1.1593103448275863,0.24551724137931027,0.15720689655172407,0.3517241379310344,0.6896551724137931,1.0,0.6896551724137931,20,0.6896551724137931,0.24551724137931027,False,True
B1,A|B2,MEDIUM,FROZEN_GATE_SHARED_THRESHOLD,0.04,0.6,0.99,0.99,29,1.4048275862068964,1.1593103448275863,0.24551724137931027,0.15172413793103445,0.34620689655172393,0.6896551724137931,1.0,0.6896551724137931,20,0.6896551724137931,0.24551724137931027,False,True
B1,A|B2,MEDIUM,FROZEN_GATE_SHARED_THRESHOLD,0.04,0.6,1.0,1.00,29,1.4048275862068964,1.1593103448275863,0.24551724137931027,0.15448275862068964,0.34486206896551697,0.6896551724137931,1.0,0.6896551724137931,20,0.6896551724137931,0.24551724137931027,False,True
B1,A|B2,MEDIUM,NONDEPLOYABLE_DECOUPLED_STRENGTH_GATE,0.10,0.2,0.3333333333333333,0.333333,29,1.0896551724137928,0.9862068965517241,0.10344827586206896,0.044827586206896544,0.1827586206896552,0.41379310344827586,1.0,0.41379310344827586,15,0.5172413793103449,0.23793103448275862,False,True
B1,A|B2,MEDIUM,NONDEPLOYABLE_DECOUPLED_STRENGTH_GATE,0.10,0.2,0.5,0.50,29,1.0896551724137928,0.7482758620689655,0.34137931034482755,0.2,0.49310344827586194,0.7241379310344828,1.0,0.7241379310344828,15,0.5172413793103449,0.23793103448275862,False,True
B1,A|B2,MEDIUM,NONDEPLOYABLE_DECOUPLED_STRENGTH_GATE,0.10,0.2,0.6,0.60,29,1.0896551724137928,0.7482758620689655,0.34137931034482755,0.21379310344827587,0.489655172413793,0.7241379310344828,1.0,0.7241379310344828,15,0.5172413793103449,0.23793103448275862,False,True
B1,A|B2,MEDIUM,NONDEPLOYABLE_DECOUPLED_STRENGTH_GATE,0.10,0.2,0.7,0.70,29,1.0896551724137928,0.7482758620689655,0.34137931034482755,0.21034482758620693,0.4862068965517241,0.7241379310344828,1.0,0.7241379310344828,15,0.5172413793103449,0.23793103448275862,False,True
B1,A|B2,MEDIUM,NONDEPLOYABLE_DECOUPLED_STRENGTH_GATE,0.10,0.2,0.8,0.80,29,1.0896551724137928,0.7482758620689655,0.34137931034482755,0.203448275862069,0.4966379310344823,0.7241379310344828,1.0,0.7241379310344828,15,0.5172413793103449,0.23793103448275862,False,True
B1,A|B2,MEDIUM,NONDEPLOYABLE_DECOUPLED_STRENGTH_GATE,0.10,0.2,0.9,0.90,29,1.0896551724137928,0.7482758620689655,0.34137931034482755,0.2137931034482759,0.48275862068965514,0.7241379310344828,1.0,0.7241379310344828,15,0.5172413793103449,0.23793103448275862,False,True
B1,A|B2,MEDIUM,NONDEPLOYABLE_DECOUPLED_STRENGTH_GATE,0.10,0.2,0.95,0.95,29,1.0896551724137928,0.7482758620689655,0.34137931034482755,0.20689655172413796,0.48620689655172405,0.7241379310344828,1.0,0.7241379310344828,15,0.5172413793103449,0.23793103448275862,False,True
B1,A|B2,MEDIUM,NONDEPLOYABLE_DECOUPLED_STRENGTH_GATE,0.10,0.2,0.98,0.98,29,1.0896551724137928,0.7482758620689655,0.34137931034482755,0.20336206896551723,0.4896551724137931,0.7241379310344828,1.0,0.7241379310344828,15,0.5172413793103449,0.23793103448275862,False,True
B1,A|B2,MEDIUM,NONDEPLOYABLE_DECOUPLED_STRENGTH_GATE,0.10,0.2,0.99,0.99,29,1.0896551724137928,0.7482758620689655,0.34137931034482755,0.21034482758620693,0.48965517241379297,0.7241379310344828,1.0,0.7241379310344828,15,0.5172413793103449,0.23793103448275862,False,True
B1,A|B2,MEDIUM,NONDEPLOYABLE_DECOUPLED_STRENGTH_GATE,0.10,0.2,1.0,1.00,29,1.0896551724137928,0.7482758620689655,0.34137931034482755,0.21034482758620687,0.48629310344827537,0.7241379310344828,1.0,0.7241379310344828,15,0.5172413793103449,0.23793103448275862,False,True
B1,A|B2,MEDIUM,NONDEPLOYABLE_DECOUPLED_STRENGTH_GATE,0.10,0.4,0.3333333333333333,0.333333,29,1.2517241379310344,1.182758620689655,0.06896551724137931,0.03448275862068967,0.10689655172413795,0.41379310344827586,1.0,0.41379310344827586,15,0.5172413793103449,0.23448275862068968,False,True
B1,A|B2,MEDIUM,NONDEPLOYABLE_DECOUPLED_STRENGTH_GATE,0.10,0.4,0.5,0.50,29,1.2517241379310344,0.9482758620689653,0.3034482758620689,0.1896551724137931,0.4172413793103449,0.7241379310344828,1.0,0.7241379310344828,15,0.5172413793103449,0.23448275862068968,False,True
B1,A|B2,MEDIUM,NONDEPLOYABLE_DECOUPLED_STRENGTH_GATE,0.10,0.4,0.6,0.60,29,1.2517241379310344,0.9482758620689653,0.3034482758620689,0.18956896551724134,0.42068965517241375,0.7241379310344828,1.0,0.7241379310344828,15,0.5172413793103449,0.23448275862068968,False,True
B1,A|B2,MEDIUM,NONDEPLOYABLE_DECOUPLED_STRENGTH_GATE,0.10,0.4,0.7,0.70,29,1.2517241379310344,0.9482758620689653,0.3034482758620689,0.1896551724137931,0.4310344827586206,0.7241379310344828,1.0,0.7241379310344828,15,0.5172413793103449,0.23448275862068968,False,True
B1,A|B2,MEDIUM,NONDEPLOYABLE_DECOUPLED_STRENGTH_GATE,0.10,0.4,0.8,0.80,29,1.2517241379310344,0.9482758620689653,0.3034482758620689,0.19310344827586207,0.420775862068965,0.7241379310344828,1.0,0.7241379310344828,15,0.5172413793103449,0.23448275862068968,False,True
B1,A|B2,MEDIUM,NONDEPLOYABLE_DECOUPLED_STRENGTH_GATE,0.10,0.4,0.9,0.90,29,1.2517241379310344,0.9482758620689653,0.3034482758620689,0.18965517241379312,0.4275862068965517,0.7241379310344828,1.0,0.7241379310344828,15,0.5172413793103449,0.23448275862068968,False,True
B1,A|B2,MEDIUM,NONDEPLOYABLE_DECOUPLED_STRENGTH_GATE,0.10,0.4,0.95,0.95,29,1.2517241379310344,0.9482758620689653,0.3034482758620689,0.1930172413793103,0.4275862068965517,0.7241379310344828,1.0,0.7241379310344828,15,0.5172413793103449,0.23448275862068968,False,True
B1,A|B2,MEDIUM,NONDEPLOYABLE_DECOUPLED_STRENGTH_GATE,0.10,0.4,0.98,0.98,29,1.2517241379310344,0.9482758620689653,0.3034482758620689,0.19310344827586207,0.43103448275862055,0.7241379310344828,1.0,0.7241379310344828,15,0.5172413793103449,0.23448275862068968,False,True
B1,A|B2,MEDIUM,NONDEPLOYABLE_DECOUPLED_STRENGTH_GATE,0.10,0.4,0.99,0.99,29,1.2517241379310344,0.9482758620689653,0.3034482758620689,0.18620689655172415,0.4241379310344827,0.7241379310344828,1.0,0.7241379310344828,15,0.5172413793103449,0.23448275862068968,False,True
B1,A|B2,MEDIUM,NONDEPLOYABLE_DECOUPLED_STRENGTH_GATE,0.10,0.4,1.0,1.00,29,1.2517241379310344,0.9482758620689653,0.3034482758620689,0.19310344827586204,0.43103448275862066,0.7241379310344828,1.0,0.7241379310344828,15,0.5172413793103449,0.23448275862068968,False,True
B1,A|B2,MEDIUM,NONDEPLOYABLE_DECOUPLED_STRENGTH_GATE,0.10,0.6,0.3333333333333333,0.333333,29,1.410344827586207,1.3517241379310345,0.05862068965517241,0.024137931034482765,0.09310344827586209,0.3448275862068966,1.0,0.3448275862068966,15,0.5172413793103449,0.20344827586206893,False,True
B1,A|B2,MEDIUM,NONDEPLOYABLE_DECOUPLED_STRENGTH_GATE,0.10,0.6,0.5,0.50,29,1.410344827586207,1.1482758620689657,0.26206896551724135,0.16896551724137926,0.36206896551724127,0.7241379310344828,1.0,0.7241379310344828,15,0.5172413793103449,0.20344827586206893,False,True
B1,A|B2,MEDIUM,NONDEPLOYABLE_DECOUPLED_STRENGTH_GATE,0.10,0.6,0.6,0.60,29,1.410344827586207,1.1482758620689657,0.26206896551724135,0.1689655172413793,0.36896551724137916,0.7241379310344828,1.0,0.7241379310344828,15,0.5172413793103449,0.20344827586206893,False,True
B1,A|B2,MEDIUM,NONDEPLOYABLE_DECOUPLED_STRENGTH_GATE,0.10,0.6,0.7,0.70,29,1.410344827586207,1.1482758620689657,0.26206896551724135,0.16551724137931031,0.3655172413793103,0.7241379310344828,1.0,0.7241379310344828,15,0.5172413793103449,0.20344827586206893,False,True
B1,A|B2,MEDIUM,NONDEPLOYABLE_DECOUPLED_STRENGTH_GATE,0.10,0.6,0.8,0.80,29,1.410344827586207,1.1482758620689657,0.26206896551724135,0.1689655172413793,0.36215517241379264,0.7241379310344828,1.0,0.7241379310344828,15,0.5172413793103449,0.20344827586206893,False,True
B1,A|B2,MEDIUM,NONDEPLOYABLE_DECOUPLED_STRENGTH_GATE,0.10,0.6,0.9,0.90,29,1.410344827586207,1.1482758620689657,0.26206896551724135,0.16551724137931031,0.36206896551724127,0.7241379310344828,1.0,0.7241379310344828,15,0.5172413793103449,0.20344827586206893,False,True
B1,A|B2,MEDIUM,NONDEPLOYABLE_DECOUPLED_STRENGTH_GATE,0.10,0.6,0.95,0.95,29,1.410344827586207,1.1482758620689657,0.26206896551724135,0.1689655172413793,0.3620689655172414,0.7241379310344828,1.0,0.7241379310344828,15,0.5172413793103449,0.20344827586206893,False,True
B1,A|B2,MEDIUM,NONDEPLOYABLE_DECOUPLED_STRENGTH_GATE,0.10,0.6,0.98,0.98,29,1.410344827586207,1.1482758620689657,0.26206896551724135,0.16896551724137926,0.3620689655172414,0.7241379310344828,1.0,0.7241379310344828,15,0.5172413793103449,0.20344827586206893,False,True
B1,A|B2,MEDIUM,NONDEPLOYABLE_DECOUPLED_STRENGTH_GATE,0.10,0.6,0.99,0.99,29,1.410344827586207,1.1482758620689657,0.26206896551724135,0.16551724137931031,0.36206896551724127,0.7241379310344828,1.0,0.7241379310344828,15,0.5172413793103449,0.20344827586206893,False,True
B1,A|B2,MEDIUM,NONDEPLOYABLE_DECOUPLED_STRENGTH_GATE,0.10,0.6,1.0,1.00,29,1.410344827586207,1.1482758620689657,0.26206896551724135,0.1723275862068965,0.3655172413793103,0.7241379310344828,1.0,0.7241379310344828,15,0.5172413793103449,0.20344827586206893,False,True
B1,A|B2,MEDIUM,NONDEPLOYABLE_DECOUPLED_STRENGTH_GATE,0.04,0.2,0.3333333333333333,0.333333,29,1.0834482758620687,0.9689655172413791,0.11448275862068966,0.057931034482758624,0.18482758620689654,0.5862068965517241,1.0,0.5862068965517241,16,0.5517241379310345,0.22068965517241382,False,True
B1,A|B2,MEDIUM,NONDEPLOYABLE_DECOUPLED_STRENGTH_GATE,0.04,0.2,0.5,0.50,29,1.0834482758620687,0.7482758620689652,0.33517241379310336,0.20551724137931038,0.4772413793103448,0.7241379310344828,1.0,0.7241379310344828,16,0.5517241379310345,0.22068965517241382,False,True
B1,A|B2,MEDIUM,NONDEPLOYABLE_DECOUPLED_STRENGTH_GATE,0.04,0.2,0.6,0.60,29,1.0834482758620687,0.7482758620689652,0.33517241379310336,0.2041379310344828,0.4772413793103448,0.7241379310344828,1.0,0.7241379310344828,16,0.5517241379310345,0.22068965517241382,False,True
B1,A|B2,MEDIUM,NONDEPLOYABLE_DECOUPLED_STRENGTH_GATE,0.04,0.2,0.7,0.70,29,1.0834482758620687,0.7482758620689652,0.33517241379310336,0.20689655172413796,0.4786206896551724,0.7241379310344828,1.0,0.7241379310344828,16,0.5517241379310345,0.22068965517241382,False,True
B1,A|B2,MEDIUM,NONDEPLOYABLE_DECOUPLED_STRENGTH_GATE,0.04,0.2,0.8,0.80,29,1.0834482758620687,0.7482758620689652,0.33517241379310336,0.20962068965517244,0.4799999999999999,0.7241379310344828,1.0,0.7241379310344828,16,0.5517241379310345,0.22068965517241382,False,True
B1,A|B2,MEDIUM,NONDEPLOYABLE_DECOUPLED_STRENGTH_GATE,0.04,0.2,0.9,0.90,29,1.0834482758620687,0.7482758620689652,0.33517241379310336,0.2027586206896552,0.4786206896551723,0.7241379310344828,1.0,0.7241379310344828,16,0.5517241379310345,0.22068965517241382,False,True
B1,A|B2,MEDIUM,NONDEPLOYABLE_DECOUPLED_STRENGTH_GATE,0.04,0.2,0.95,0.95,29,1.0834482758620687,0.7482758620689652,0.33517241379310336,0.20551724137931038,0.48555172413793085,0.7241379310344828,1.0,0.7241379310344828,16,0.5517241379310345,0.22068965517241382,False,True
B1,A|B2,MEDIUM,NONDEPLOYABLE_DECOUPLED_STRENGTH_GATE,0.04,0.2,0.98,0.98,29,1.0834482758620687,0.7482758620689652,0.33517241379310336,0.2041034482758621,0.4799999999999999,0.7241379310344828,1.0,0.7241379310344828,16,0.5517241379310345,0.22068965517241382,False,True
B1,A|B2,MEDIUM,NONDEPLOYABLE_DECOUPLED_STRENGTH_GATE,0.04,0.2,0.99,0.99,29,1.0834482758620687,0.7482758620689652,0.33517241379310336,0.20410344827586205,0.4786551724137928,0.7241379310344828,1.0,0.7241379310344828,16,0.5517241379310345,0.22068965517241382,False,True
B1,A|B2,MEDIUM,NONDEPLOYABLE_DECOUPLED_STRENGTH_GATE,0.04,0.2,1.0,1.00,29,1.0834482758620687,0.7482758620689652,0.33517241379310336,0.20406896551724144,0.4855172413793103,0.7241379310344828,1.0,0.7241379310344828,16,0.5517241379310345,0.22068965517241382,False,True
B1,A|B2,MEDIUM,NONDEPLOYABLE_DECOUPLED_STRENGTH_GATE,0.04,0.4,0.3333333333333333,0.333333,29,1.2462068965517241,1.1648275862068964,0.08137931034482757,0.04827586206896552,0.11862068965517242,0.5517241379310345,1.0,0.5517241379310345,16,0.5517241379310345,0.216551724137931,False,True
B1,A|B2,MEDIUM,NONDEPLOYABLE_DECOUPLED_STRENGTH_GATE,0.04,0.4,0.5,0.50,29,1.2462068965517241,0.9482758620689654,0.2979310344827586,0.18896551724137936,0.42072413793103425,0.7241379310344828,1.0,0.7241379310344828,16,0.5517241379310345,0.216551724137931,False,True
B1,A|B2,MEDIUM,NONDEPLOYABLE_DECOUPLED_STRENGTH_GATE,0.04,0.4,0.6,0.60,29,1.2462068965517241,0.9482758620689654,0.2979310344827586,0.18896551724137936,0.41103448275862065,0.7241379310344828,1.0,0.7241379310344828,16,0.5517241379310345,0.216551724137931,False,True
B1,A|B2,MEDIUM,NONDEPLOYABLE_DECOUPLED_STRENGTH_GATE,0.04,0.4,0.7,0.70,29,1.2462068965517241,0.9482758620689654,0.2979310344827586,0.18758620689655173,0.41520689655172394,0.7241379310344828,1.0,0.7241379310344828,16,0.5517241379310345,0.216551724137931,False,True
B1,A|B2,MEDIUM,NONDEPLOYABLE_DECOUPLED_STRENGTH_GATE,0.04,0.4,0.8,0.80,29,1.2462068965517241,0.9482758620689654,0.2979310344827586,0.1889655172413793,0.42758620689655163,0.7241379310344828,1.0,0.7241379310344828,16,0.5517241379310345,0.216551724137931,False,True
B1,A|B2,MEDIUM,NONDEPLOYABLE_DECOUPLED_STRENGTH_GATE,0.04,0.4,0.9,0.90,29,1.2462068965517241,0.9482758620689654,0.2979310344827586,0.18482758620689657,0.41796551724137915,0.7241379310344828,1.0,0.7241379310344828,16,0.5517241379310345,0.216551724137931,False,True
B1,A|B2,MEDIUM,NONDEPLOYABLE_DECOUPLED_STRENGTH_GATE,0.04,0.4,0.95,0.95,29,1.2462068965517241,0.9482758620689654,0.2979310344827586,0.18896551724137933,0.41793103448275853,0.7241379310344828,1.0,0.7241379310344828,16,0.5517241379310345,0.216551724137931,False,True
B1,A|B2,MEDIUM,NONDEPLOYABLE_DECOUPLED_STRENGTH_GATE,0.04,0.4,0.98,0.98,29,1.2462068965517241,0.9482758620689654,0.2979310344827586,0.1861724137931034,0.41379310344827586,0.7241379310344828,1.0,0.7241379310344828,16,0.5517241379310345,0.216551724137931,False,True
B1,A|B2,MEDIUM,NONDEPLOYABLE_DECOUPLED_STRENGTH_GATE,0.04,0.4,0.99,0.99,29,1.2462068965517241,0.9482758620689654,0.2979310344827586,0.18482758620689657,0.41796551724137915,0.7241379310344828,1.0,0.7241379310344828,16,0.5517241379310345,0.216551724137931,False,True
B1,A|B2,MEDIUM,NONDEPLOYABLE_DECOUPLED_STRENGTH_GATE,0.04,0.4,1.0,1.00,29,1.2462068965517241,0.9482758620689654,0.2979310344827586,0.19031034482758616,0.41658620689655146,0.7241379310344828,1.0,0.7241379310344828,16,0.5517241379310345,0.216551724137931,False,True
B1,A|B2,MEDIUM,NONDEPLOYABLE_DECOUPLED_STRENGTH_GATE,0.04,0.6,0.3333333333333333,0.333333,29,1.4048275862068964,1.3358620689655174,0.06896551724137928,0.03586206896551724,0.1062068965517241,0.4827586206896552,1.0,0.4827586206896552,15,0.5172413793103449,0.17655172413793097,False,True
B1,A|B2,MEDIUM,NONDEPLOYABLE_DECOUPLED_STRENGTH_GATE,0.04,0.6,0.5,0.50,29,1.4048275862068964,1.1593103448275863,0.24551724137931027,0.1572068965517241,0.346206896551724,0.6896551724137931,1.0,0.6896551724137931,15,0.5172413793103449,0.17655172413793097,False,True
B1,A|B2,MEDIUM,NONDEPLOYABLE_DECOUPLED_STRENGTH_GATE,0.04,0.6,0.6,0.60,29,1.4048275862068964,1.1593103448275863,0.24551724137931027,0.15444827586206894,0.346206896551724,0.6896551724137931,1.0,0.6896551724137931,15,0.5172413793103449,0.17655172413793097,False,True
B1,A|B2,MEDIUM,NONDEPLOYABLE_DECOUPLED_STRENGTH_GATE,0.04,0.6,0.7,0.70,29,1.4048275862068964,1.1593103448275863,0.24551724137931027,0.1544482758620689,0.34482758620689635,0.6896551724137931,1.0,0.6896551724137931,15,0.5172413793103449,0.17655172413793097,False,True
B1,A|B2,MEDIUM,NONDEPLOYABLE_DECOUPLED_STRENGTH_GATE,0.04,0.6,0.8,0.80,29,1.4048275862068964,1.1593103448275863,0.24551724137931027,0.15168965517241373,0.3448275862068964,0.6896551724137931,1.0,0.6896551724137931,15,0.5172413793103449,0.17655172413793097,False,True
B1,A|B2,MEDIUM,NONDEPLOYABLE_DECOUPLED_STRENGTH_GATE,0.04,0.6,0.9,0.90,29,1.4048275862068964,1.1593103448275863,0.24551724137931027,0.15172413793103443,0.3475862068965516,0.6896551724137931,1.0,0.6896551724137931,15,0.5172413793103449,0.17655172413793097,False,True
B1,A|B2,MEDIUM,NONDEPLOYABLE_DECOUPLED_STRENGTH_GATE,0.04,0.6,0.95,0.95,29,1.4048275862068964,1.1593103448275863,0.24551724137931027,0.15586206896551721,0.3462758620689651,0.6896551724137931,1.0,0.6896551724137931,15,0.5172413793103449,0.17655172413793097,False,True
B1,A|B2,MEDIUM,NONDEPLOYABLE_DECOUPLED_STRENGTH_GATE,0.04,0.6,0.98,0.98,29,1.4048275862068964,1.1593103448275863,0.24551724137931027,0.15448275862068964,0.3448275862068964,0.6896551724137931,1.0,0.6896551724137931,15,0.5172413793103449,0.17655172413793097,False,True
B1,A|B2,MEDIUM,NONDEPLOYABLE_DECOUPLED_STRENGTH_GATE,0.04,0.6,0.99,0.99,29,1.4048275862068964,1.1593103448275863,0.24551724137931027,0.15310344827586206,0.3503793103448274,0.6896551724137931,1.0,0.6896551724137931,15,0.5172413793103449,0.17655172413793097,False,True
B1,A|B2,MEDIUM,NONDEPLOYABLE_DECOUPLED_STRENGTH_GATE,0.04,0.6,1.0,1.00,29,1.4048275862068964,1.1593103448275863,0.24551724137931027,0.1544827586206896,0.3420689655172413,0.6896551724137931,1.0,0.6896551724137931,15,0.5172413793103449,0.17655172413793097,False,True
B1,A|B2,CONSERVATIVE,FROZEN_GATE_SHARED_THRESHOLD,0.10,0.2,0.3333333333333333,0.333333,29,1.3034482758620687,1.3034482758620687,0.0,0.0,0.0,0.0,0.0,0.0,29,1.0,0.5551724137931034,False,True
B1,A|B2,CONSERVATIVE,FROZEN_GATE_SHARED_THRESHOLD,0.10,0.2,0.5,0.50,29,1.3034482758620687,1.3034482758620687,0.0,0.0,0.0,0.0,0.0,0.0,29,1.0,0.5551724137931034,False,True
B1,A|B2,CONSERVATIVE,FROZEN_GATE_SHARED_THRESHOLD,0.10,0.2,0.6,0.60,29,1.3034482758620687,1.3034482758620687,0.0,0.0,0.0,0.0,0.0,0.0,29,1.0,0.5551724137931034,False,True
B1,A|B2,CONSERVATIVE,FROZEN_GATE_SHARED_THRESHOLD,0.10,0.2,0.7,0.70,29,1.3034482758620687,0.7482758620689655,0.5551724137931034,0.4241379310344828,0.6896551724137931,1.0,1.0,1.0,29,1.0,0.5551724137931034,False,True
B1,A|B2,CONSERVATIVE,FROZEN_GATE_SHARED_THRESHOLD,0.10,0.2,0.8,0.80,29,1.3034482758620687,0.7482758620689655,0.5551724137931034,0.424051724137931,0.693103448275862,1.0,1.0,1.0,29,1.0,0.5551724137931034,False,True
B1,A|B2,CONSERVATIVE,FROZEN_GATE_SHARED_THRESHOLD,0.10,0.2,0.9,0.90,29,1.3034482758620687,0.7482758620689655,0.5551724137931034,0.4275862068965518,0.693103448275862,1.0,1.0,1.0,29,1.0,0.5551724137931034,False,True
B1,A|B2,CONSERVATIVE,FROZEN_GATE_SHARED_THRESHOLD,0.10,0.2,0.95,0.95,29,1.3034482758620687,0.7482758620689655,0.5551724137931034,0.41724137931034483,0.696551724137931,1.0,1.0,1.0,29,1.0,0.5551724137931034,False,True
B1,A|B2,CONSERVATIVE,FROZEN_GATE_SHARED_THRESHOLD,0.10,0.2,0.98,0.98,29,1.3034482758620687,0.7482758620689655,0.5551724137931034,0.424051724137931,0.6966379310344825,1.0,1.0,1.0,29,1.0,0.5551724137931034,False,True
B1,A|B2,CONSERVATIVE,FROZEN_GATE_SHARED_THRESHOLD,0.10,0.2,0.99,0.99,29,1.3034482758620687,0.7482758620689655,0.5551724137931034,0.42068965517241386,0.7000000000000001,1.0,1.0,1.0,29,1.0,0.5551724137931034,False,True
B1,A|B2,CONSERVATIVE,FROZEN_GATE_SHARED_THRESHOLD,0.10,0.2,1.0,1.00,29,1.3034482758620687,0.7482758620689655,0.5551724137931034,0.42068965517241386,0.7,1.0,1.0,1.0,29,1.0,0.5551724137931034,False,True
B1,A|B2,CONSERVATIVE,FROZEN_GATE_SHARED_THRESHOLD,0.10,0.4,0.3333333333333333,0.333333,29,1.4551724137931035,1.4551724137931035,0.0,0.0,0.0,0.0,0.0,0.0,29,1.0,0.506896551724138,False,True
B1,A|B2,CONSERVATIVE,FROZEN_GATE_SHARED_THRESHOLD,0.10,0.4,0.5,0.50,29,1.4551724137931035,1.4551724137931035,0.0,0.0,0.0,0.0,0.0,0.0,29,1.0,0.506896551724138,False,True
B1,A|B2,CONSERVATIVE,FROZEN_GATE_SHARED_THRESHOLD,0.10,0.4,0.6,0.60,29,1.4551724137931035,1.4551724137931035,0.0,0.0,0.0,0.0,0.0,0.0,29,1.0,0.506896551724138,False,True
B1,A|B2,CONSERVATIVE,FROZEN_GATE_SHARED_THRESHOLD,0.10,0.4,0.7,0.70,29,1.4551724137931035,0.9482758620689653,0.506896551724138,0.3862068965517242,0.6241379310344827,1.0,1.0,1.0,29,1.0,0.506896551724138,False,True
B1,A|B2,CONSERVATIVE,FROZEN_GATE_SHARED_THRESHOLD,0.10,0.4,0.8,0.80,29,1.4551724137931035,0.9482758620689653,0.506896551724138,0.38620689655172413,0.6310344827586205,1.0,1.0,1.0,29,1.0,0.506896551724138,False,True
B1,A|B2,CONSERVATIVE,FROZEN_GATE_SHARED_THRESHOLD,0.10,0.4,0.9,0.90,29,1.4551724137931035,0.9482758620689653,0.506896551724138,0.3862068965517242,0.6275862068965514,1.0,1.0,1.0,29,1.0,0.506896551724138,False,True
B1,A|B2,CONSERVATIVE,FROZEN_GATE_SHARED_THRESHOLD,0.10,0.4,0.95,0.95,29,1.4551724137931035,0.9482758620689653,0.506896551724138,0.3931034482758621,0.6276724137931028,1.0,1.0,1.0,29,1.0,0.506896551724138,False,True
B1,A|B2,CONSERVATIVE,FROZEN_GATE_SHARED_THRESHOLD,0.10,0.4,0.98,0.98,29,1.4551724137931035,0.9482758620689653,0.506896551724138,0.38965517241379305,0.6241379310344827,1.0,1.0,1.0,29,1.0,0.506896551724138,False,True
B1,A|B2,CONSERVATIVE,FROZEN_GATE_SHARED_THRESHOLD,0.10,0.4,0.99,0.99,29,1.4551724137931035,0.9482758620689653,0.506896551724138,0.39310344827586213,0.6172413793103447,1.0,1.0,1.0,29,1.0,0.506896551724138,False,True
B1,A|B2,CONSERVATIVE,FROZEN_GATE_SHARED_THRESHOLD,0.10,0.4,1.0,1.00,29,1.4551724137931035,0.9482758620689653,0.506896551724138,0.396551724137931,0.6241379310344827,1.0,1.0,1.0,29,1.0,0.506896551724138,False,True
B1,A|B2,CONSERVATIVE,FROZEN_GATE_SHARED_THRESHOLD,0.10,0.6,0.3333333333333333,0.333333,29,1.6172413793103446,1.6172413793103446,0.0,0.0,0.0,0.0,0.0,0.0,29,1.0,0.4689655172413792,False,True
B1,A|B2,CONSERVATIVE,FROZEN_GATE_SHARED_THRESHOLD,0.10,0.6,0.5,0.50,29,1.6172413793103446,1.6172413793103446,0.0,0.0,0.0,0.0,0.0,0.0,29,1.0,0.4689655172413792,False,True
B1,A|B2,CONSERVATIVE,FROZEN_GATE_SHARED_THRESHOLD,0.10,0.6,0.6,0.60,29,1.6172413793103446,1.6172413793103446,0.0,0.0,0.0,0.0,0.0,0.0,29,1.0,0.4689655172413792,False,True
B1,A|B2,CONSERVATIVE,FROZEN_GATE_SHARED_THRESHOLD,0.10,0.6,0.7,0.70,29,1.6172413793103446,1.1482758620689657,0.4689655172413792,0.3655172413793103,0.5656034482758616,1.0,1.0,1.0,29,1.0,0.4689655172413792,False,True
B1,A|B2,CONSERVATIVE,FROZEN_GATE_SHARED_THRESHOLD,0.10,0.6,0.8,0.80,29,1.6172413793103446,1.1482758620689657,0.4689655172413792,0.3724137931034482,0.5655172413793101,1.0,1.0,1.0,29,1.0,0.4689655172413792,False,True
B1,A|B2,CONSERVATIVE,FROZEN_GATE_SHARED_THRESHOLD,0.10,0.6,0.9,0.90,29,1.6172413793103446,1.1482758620689657,0.4689655172413792,0.37586206896551705,0.5655172413793101,1.0,1.0,1.0,29,1.0,0.4689655172413792,False,True
B1,A|B2,CONSERVATIVE,FROZEN_GATE_SHARED_THRESHOLD,0.10,0.6,0.95,0.95,29,1.6172413793103446,1.1482758620689657,0.4689655172413792,0.36896551724137916,0.5655172413793101,1.0,1.0,1.0,29,1.0,0.4689655172413792,False,True
B1,A|B2,CONSERVATIVE,FROZEN_GATE_SHARED_THRESHOLD,0.10,0.6,0.98,0.98,29,1.6172413793103446,1.1482758620689657,0.4689655172413792,0.36551724137931013,0.5655172413793103,1.0,1.0,1.0,29,1.0,0.4689655172413792,False,True
B1,A|B2,CONSERVATIVE,FROZEN_GATE_SHARED_THRESHOLD,0.10,0.6,0.99,0.99,29,1.6172413793103446,1.1482758620689657,0.4689655172413792,0.3655172413793103,0.5689655172413792,1.0,1.0,1.0,29,1.0,0.4689655172413792,False,True
B1,A|B2,CONSERVATIVE,FROZEN_GATE_SHARED_THRESHOLD,0.10,0.6,1.0,1.00,29,1.6172413793103446,1.1482758620689657,0.4689655172413792,0.3689655172413792,0.5621551724137925,1.0,1.0,1.0,29,1.0,0.4689655172413792,False,True
B1,A|B2,CONSERVATIVE,FROZEN_GATE_SHARED_THRESHOLD,0.04,0.2,0.3333333333333333,0.333333,29,1.3,1.3,0.0,0.0,0.0,0.0,0.0,0.0,29,1.0,0.5517241379310346,False,True
B1,A|B2,CONSERVATIVE,FROZEN_GATE_SHARED_THRESHOLD,0.04,0.2,0.5,0.50,29,1.3,1.3,0.0,0.0,0.0,0.0,0.0,0.0,29,1.0,0.5517241379310346,False,True
B1,A|B2,CONSERVATIVE,FROZEN_GATE_SHARED_THRESHOLD,0.04,0.2,0.6,0.60,29,1.3,1.3,0.0,0.0,0.0,0.0,0.0,0.0,29,1.0,0.5517241379310346,False,True
B1,A|B2,CONSERVATIVE,FROZEN_GATE_SHARED_THRESHOLD,0.04,0.2,0.7,0.70,29,1.3,0.7482758620689652,0.5517241379310346,0.41931034482758633,0.6910689655172413,1.0,1.0,1.0,29,1.0,0.5517241379310346,False,True
B1,A|B2,CONSERVATIVE,FROZEN_GATE_SHARED_THRESHOLD,0.04,0.2,0.8,0.80,29,1.3,0.7482758620689652,0.5517241379310346,0.4179310344827586,0.6841379310344826,1.0,1.0,1.0,29,1.0,0.5517241379310346,False,True
B1,A|B2,CONSERVATIVE,FROZEN_GATE_SHARED_THRESHOLD,0.04,0.2,0.9,0.90,29,1.3,0.7482758620689652,0.5517241379310346,0.4234137931034483,0.6855172413793104,1.0,1.0,1.0,29,1.0,0.5517241379310346,False,True
B1,A|B2,CONSERVATIVE,FROZEN_GATE_SHARED_THRESHOLD,0.04,0.2,0.95,0.95,29,1.3,0.7482758620689652,0.5517241379310346,0.42617241379310344,0.6868965517241378,1.0,1.0,1.0,29,1.0,0.5517241379310346,False,True
B1,A|B2,CONSERVATIVE,FROZEN_GATE_SHARED_THRESHOLD,0.04,0.2,0.98,0.98,29,1.3,0.7482758620689652,0.5517241379310346,0.4248275862068964,0.6827931034482758,1.0,1.0,1.0,29,1.0,0.5517241379310346,False,True
B1,A|B2,CONSERVATIVE,FROZEN_GATE_SHARED_THRESHOLD,0.04,0.2,0.99,0.99,29,1.3,0.7482758620689652,0.5517241379310346,0.4178965517241379,0.6800344827586206,1.0,1.0,1.0,29,1.0,0.5517241379310346,False,True
B1,A|B2,CONSERVATIVE,FROZEN_GATE_SHARED_THRESHOLD,0.04,0.2,1.0,1.00,29,1.3,0.7482758620689652,0.5517241379310346,0.4165517241379311,0.6896896551724138,1.0,1.0,1.0,29,1.0,0.5517241379310346,False,True
B1,A|B2,CONSERVATIVE,FROZEN_GATE_SHARED_THRESHOLD,0.04,0.4,0.3333333333333333,0.333333,29,1.4737931034482756,1.4737931034482756,0.0,0.0,0.0,0.0,0.0,0.0,29,1.0,0.5255172413793103,False,True
B1,A|B2,CONSERVATIVE,FROZEN_GATE_SHARED_THRESHOLD,0.04,0.4,0.5,0.50,29,1.4737931034482756,1.4737931034482756,0.0,0.0,0.0,0.0,0.0,0.0,29,1.0,0.5255172413793103,False,True
B1,A|B2,CONSERVATIVE,FROZEN_GATE_SHARED_THRESHOLD,0.04,0.4,0.6,0.60,29,1.4737931034482756,1.4737931034482756,0.0,0.0,0.0,0.0,0.0,0.0,29,1.0,0.5255172413793103,False,True
B1,A|B2,CONSERVATIVE,FROZEN_GATE_SHARED_THRESHOLD,0.04,0.4,0.7,0.70,29,1.4737931034482756,0.9482758620689654,0.5255172413793103,0.4109999999999999,0.6399999999999999,1.0,1.0,1.0,29,1.0,0.5255172413793103,False,True
B1,A|B2,CONSERVATIVE,FROZEN_GATE_SHARED_THRESHOLD,0.04,0.4,0.8,0.80,29,1.4737931034482756,0.9482758620689654,0.5255172413793103,0.40827586206896543,0.6372758620689655,1.0,1.0,1.0,29,1.0,0.5255172413793103,False,True
B1,A|B2,CONSERVATIVE,FROZEN_GATE_SHARED_THRESHOLD,0.04,0.4,0.9,0.90,29,1.4737931034482756,0.9482758620689654,0.5255172413793103,0.40962068965517234,0.6358620689655171,1.0,1.0,1.0,29,1.0,0.5255172413793103,False,True
B1,A|B2,CONSERVATIVE,FROZEN_GATE_SHARED_THRESHOLD,0.04,0.4,0.95,0.95,29,1.4737931034482756,0.9482758620689654,0.5255172413793103,0.4041379310344827,0.6386206896551724,1.0,1.0,1.0,29,1.0,0.5255172413793103,False,True
B1,A|B2,CONSERVATIVE,FROZEN_GATE_SHARED_THRESHOLD,0.04,0.4,0.98,0.98,29,1.4737931034482756,0.9482758620689654,0.5255172413793103,0.40689655172413786,0.6358620689655171,1.0,1.0,1.0,29,1.0,0.5255172413793103,False,True
B1,A|B2,CONSERVATIVE,FROZEN_GATE_SHARED_THRESHOLD,0.04,0.4,0.99,0.99,29,1.4737931034482756,0.9482758620689654,0.5255172413793103,0.4054827586206896,0.6455172413793103,1.0,1.0,1.0,29,1.0,0.5255172413793103,False,True
B1,A|B2,CONSERVATIVE,FROZEN_GATE_SHARED_THRESHOLD,0.04,0.4,1.0,1.00,29,1.4737931034482756,0.9482758620689654,0.5255172413793103,0.40827586206896543,0.6455517241379307,1.0,1.0,1.0,29,1.0,0.5255172413793103,False,True
B1,A|B2,CONSERVATIVE,FROZEN_GATE_SHARED_THRESHOLD,0.04,0.6,0.3333333333333333,0.333333,29,1.6158620689655172,1.6158620689655172,0.0,0.0,0.0,0.0,0.0,0.0,28,0.9655172413793104,0.456551724137931,False,True
B1,A|B2,CONSERVATIVE,FROZEN_GATE_SHARED_THRESHOLD,0.04,0.6,0.5,0.50,29,1.6158620689655172,1.6158620689655172,0.0,0.0,0.0,0.0,0.0,0.0,28,0.9655172413793104,0.456551724137931,False,True
B1,A|B2,CONSERVATIVE,FROZEN_GATE_SHARED_THRESHOLD,0.04,0.6,0.6,0.60,29,1.6158620689655172,1.6158620689655172,0.0,0.0,0.0,0.0,0.0,0.0,28,0.9655172413793104,0.456551724137931,False,True
B1,A|B2,CONSERVATIVE,FROZEN_GATE_SHARED_THRESHOLD,0.04,0.6,0.7,0.70,29,1.6158620689655172,1.1593103448275863,0.456551724137931,0.346206896551724,0.5641379310344827,0.9655172413793104,1.0,0.9655172413793104,28,0.9655172413793104,0.456551724137931,False,True
B1,A|B2,CONSERVATIVE,FROZEN_GATE_SHARED_THRESHOLD,0.04,0.6,0.8,0.80,29,1.6158620689655172,1.1593103448275863,0.456551724137931,0.3489310344827585,0.5613793103448274,0.9655172413793104,1.0,0.9655172413793104,28,0.9655172413793104,0.456551724137931,False,True
B1,A|B2,CONSERVATIVE,FROZEN_GATE_SHARED_THRESHOLD,0.04,0.6,0.9,0.90,29,1.6158620689655172,1.1593103448275863,0.456551724137931,0.346206896551724,0.5586896551724134,0.9655172413793104,1.0,0.9655172413793104,28,0.9655172413793104,0.456551724137931,False,True
B1,A|B2,CONSERVATIVE,FROZEN_GATE_SHARED_THRESHOLD,0.04,0.6,0.95,0.95,29,1.6158620689655172,1.1593103448275863,0.456551724137931,0.3503103448275861,0.5627931034482757,0.9655172413793104,1.0,0.9655172413793104,28,0.9655172413793104,0.456551724137931,False,True
B1,A|B2,CONSERVATIVE,FROZEN_GATE_SHARED_THRESHOLD,0.04,0.6,0.98,0.98,29,1.6158620689655172,1.1593103448275863,0.456551724137931,0.3503448275862068,0.5613793103448275,0.9655172413793104,1.0,0.9655172413793104,28,0.9655172413793104,0.456551724137931,False,True
B1,A|B2,CONSERVATIVE,FROZEN_GATE_SHARED_THRESHOLD,0.04,0.6,0.99,0.99,29,1.6158620689655172,1.1593103448275863,0.456551724137931,0.34896551724137914,0.5599999999999998,0.9655172413793104,1.0,0.9655172413793104,28,0.9655172413793104,0.456551724137931,False,True
B1,A|B2,CONSERVATIVE,FROZEN_GATE_SHARED_THRESHOLD,0.04,0.6,1.0,1.00,29,1.6158620689655172,1.1593103448275863,0.456551724137931,0.35448275862068956,0.5599999999999999,0.9655172413793104,1.0,0.9655172413793104,28,0.9655172413793104,0.456551724137931,False,True
B1,A|B2,CONSERVATIVE,NONDEPLOYABLE_DECOUPLED_STRENGTH_GATE,0.10,0.2,0.3333333333333333,0.333333,29,1.3034482758620687,0.9862068965517241,0.31724137931034485,0.22413793103448276,0.4241379310344828,0.896551724137931,1.0,0.896551724137931,15,0.5172413793103449,0.23793103448275862,False,True
B1,A|B2,CONSERVATIVE,NONDEPLOYABLE_DECOUPLED_STRENGTH_GATE,0.10,0.2,0.5,0.50,29,1.3034482758620687,0.7482758620689655,0.5551724137931034,0.41724137931034483,0.696551724137931,1.0,1.0,1.0,15,0.5172413793103449,0.23793103448275862,False,True
B1,A|B2,CONSERVATIVE,NONDEPLOYABLE_DECOUPLED_STRENGTH_GATE,0.10,0.2,0.6,0.60,29,1.3034482758620687,0.7482758620689655,0.5551724137931034,0.4241379310344827,0.6965517241379309,1.0,1.0,1.0,15,0.5172413793103449,0.23793103448275862,False,True
B1,A|B2,CONSERVATIVE,NONDEPLOYABLE_DECOUPLED_STRENGTH_GATE,0.10,0.2,0.7,0.70,29,1.3034482758620687,0.7482758620689655,0.5551724137931034,0.4241379310344828,0.7,1.0,1.0,1.0,15,0.5172413793103449,0.23793103448275862,False,True
B1,A|B2,CONSERVATIVE,NONDEPLOYABLE_DECOUPLED_STRENGTH_GATE,0.10,0.2,0.8,0.80,29,1.3034482758620687,0.7482758620689655,0.5551724137931034,0.4241379310344827,0.6862068965517241,1.0,1.0,1.0,15,0.5172413793103449,0.23793103448275862,False,True
B1,A|B2,CONSERVATIVE,NONDEPLOYABLE_DECOUPLED_STRENGTH_GATE,0.10,0.2,0.9,0.90,29,1.3034482758620687,0.7482758620689655,0.5551724137931034,0.4172413793103449,0.6931034482758621,1.0,1.0,1.0,15,0.5172413793103449,0.23793103448275862,False,True
B1,A|B2,CONSERVATIVE,NONDEPLOYABLE_DECOUPLED_STRENGTH_GATE,0.10,0.2,0.95,0.95,29,1.3034482758620687,0.7482758620689655,0.5551724137931034,0.42068965517241386,0.693103448275862,1.0,1.0,1.0,15,0.5172413793103449,0.23793103448275862,False,True
B1,A|B2,CONSERVATIVE,NONDEPLOYABLE_DECOUPLED_STRENGTH_GATE,0.10,0.2,0.98,0.98,29,1.3034482758620687,0.7482758620689655,0.5551724137931034,0.420603448275862,0.6965517241379309,1.0,1.0,1.0,15,0.5172413793103449,0.23793103448275862,False,True
B1,A|B2,CONSERVATIVE,NONDEPLOYABLE_DECOUPLED_STRENGTH_GATE,0.10,0.2,0.99,0.99,29,1.3034482758620687,0.7482758620689655,0.5551724137931034,0.4241379310344828,0.6862931034482754,1.0,1.0,1.0,15,0.5172413793103449,0.23793103448275862,False,True
B1,A|B2,CONSERVATIVE,NONDEPLOYABLE_DECOUPLED_STRENGTH_GATE,0.10,0.2,1.0,1.00,29,1.3034482758620687,0.7482758620689655,0.5551724137931034,0.4206896551724139,0.693103448275862,1.0,1.0,1.0,15,0.5172413793103449,0.23793103448275862,False,True
B1,A|B2,CONSERVATIVE,NONDEPLOYABLE_DECOUPLED_STRENGTH_GATE,0.10,0.4,0.3333333333333333,0.333333,29,1.4551724137931035,1.182758620689655,0.2724137931034482,0.19310344827586204,0.3586206896551724,0.8620689655172413,1.0,0.8620689655172413,15,0.5172413793103449,0.23448275862068968,False,True
B1,A|B2,CONSERVATIVE,NONDEPLOYABLE_DECOUPLED_STRENGTH_GATE,0.10,0.4,0.5,0.50,29,1.4551724137931035,0.9482758620689653,0.506896551724138,0.396551724137931,0.6206896551724138,1.0,1.0,1.0,15,0.5172413793103449,0.23448275862068968,False,True
B1,A|B2,CONSERVATIVE,NONDEPLOYABLE_DECOUPLED_STRENGTH_GATE,0.10,0.4,0.6,0.60,29,1.4551724137931035,0.9482758620689653,0.506896551724138,0.39301724137931027,0.6206896551724137,1.0,1.0,1.0,15,0.5172413793103449,0.23448275862068968,False,True
B1,A|B2,CONSERVATIVE,NONDEPLOYABLE_DECOUPLED_STRENGTH_GATE,0.10,0.4,0.7,0.70,29,1.4551724137931035,0.9482758620689653,0.506896551724138,0.396551724137931,0.6241379310344827,1.0,1.0,1.0,15,0.5172413793103449,0.23448275862068968,False,True
B1,A|B2,CONSERVATIVE,NONDEPLOYABLE_DECOUPLED_STRENGTH_GATE,0.10,0.4,0.8,0.80,29,1.4551724137931035,0.9482758620689653,0.506896551724138,0.38965517241379305,0.6275862068965515,1.0,1.0,1.0,15,0.5172413793103449,0.23448275862068968,False,True
B1,A|B2,CONSERVATIVE,NONDEPLOYABLE_DECOUPLED_STRENGTH_GATE,0.10,0.4,0.9,0.90,29,1.4551724137931035,0.9482758620689653,0.506896551724138,0.3896551724137931,0.6241379310344827,1.0,1.0,1.0,15,0.5172413793103449,0.23448275862068968,False,True
B1,A|B2,CONSERVATIVE,NONDEPLOYABLE_DECOUPLED_STRENGTH_GATE,0.10,0.4,0.95,0.95,29,1.4551724137931035,0.9482758620689653,0.506896551724138,0.39999999999999997,0.6207758620689651,1.0,1.0,1.0,15,0.5172413793103449,0.23448275862068968,False,True
B1,A|B2,CONSERVATIVE,NONDEPLOYABLE_DECOUPLED_STRENGTH_GATE,0.10,0.4,0.98,0.98,29,1.4551724137931035,0.9482758620689653,0.506896551724138,0.396551724137931,0.6206896551724138,1.0,1.0,1.0,15,0.5172413793103449,0.23448275862068968,False,True
B1,A|B2,CONSERVATIVE,NONDEPLOYABLE_DECOUPLED_STRENGTH_GATE,0.10,0.4,0.99,0.99,29,1.4551724137931035,0.9482758620689653,0.506896551724138,0.39999999999999997,0.6241379310344826,1.0,1.0,1.0,15,0.5172413793103449,0.23448275862068968,False,True
B1,A|B2,CONSERVATIVE,NONDEPLOYABLE_DECOUPLED_STRENGTH_GATE,0.10,0.4,1.0,1.00,29,1.4551724137931035,0.9482758620689653,0.506896551724138,0.4033620689655172,0.6173275862068962,1.0,1.0,1.0,15,0.5172413793103449,0.23448275862068968,False,True
B1,A|B2,CONSERVATIVE,NONDEPLOYABLE_DECOUPLED_STRENGTH_GATE,0.10,0.6,0.3333333333333333,0.333333,29,1.6172413793103446,1.3517241379310345,0.26551724137931026,0.17931034482758618,0.3551724137931033,0.7931034482758621,1.0,0.7931034482758621,15,0.5172413793103449,0.20344827586206893,False,True
B1,A|B2,CONSERVATIVE,NONDEPLOYABLE_DECOUPLED_STRENGTH_GATE,0.10,0.6,0.5,0.50,29,1.6172413793103446,1.1482758620689657,0.4689655172413792,0.36896551724137927,0.5620689655172413,1.0,1.0,1.0,15,0.5172413793103449,0.20344827586206893,False,True
B1,A|B2,CONSERVATIVE,NONDEPLOYABLE_DECOUPLED_STRENGTH_GATE,0.10,0.6,0.6,0.60,29,1.6172413793103446,1.1482758620689657,0.4689655172413792,0.37232758620689643,0.5620689655172413,1.0,1.0,1.0,15,0.5172413793103449,0.20344827586206893,False,True
B1,A|B2,CONSERVATIVE,NONDEPLOYABLE_DECOUPLED_STRENGTH_GATE,0.10,0.6,0.7,0.70,29,1.6172413793103446,1.1482758620689657,0.4689655172413792,0.37232758620689643,0.5724137931034481,1.0,1.0,1.0,15,0.5172413793103449,0.20344827586206893,False,True
B1,A|B2,CONSERVATIVE,NONDEPLOYABLE_DECOUPLED_STRENGTH_GATE,0.10,0.6,0.8,0.80,29,1.6172413793103446,1.1482758620689657,0.4689655172413792,0.3724137931034482,0.5621551724137926,1.0,1.0,1.0,15,0.5172413793103449,0.20344827586206893,False,True
B1,A|B2,CONSERVATIVE,NONDEPLOYABLE_DECOUPLED_STRENGTH_GATE,0.10,0.6,0.9,0.90,29,1.6172413793103446,1.1482758620689657,0.4689655172413792,0.37241379310344813,0.5620689655172413,1.0,1.0,1.0,15,0.5172413793103449,0.20344827586206893,False,True
B1,A|B2,CONSERVATIVE,NONDEPLOYABLE_DECOUPLED_STRENGTH_GATE,0.10,0.6,0.95,0.95,29,1.6172413793103446,1.1482758620689657,0.4689655172413792,0.3758620689655171,0.5689655172413792,1.0,1.0,1.0,15,0.5172413793103449,0.20344827586206893,False,True
B1,A|B2,CONSERVATIVE,NONDEPLOYABLE_DECOUPLED_STRENGTH_GATE,0.10,0.6,0.98,0.98,29,1.6172413793103446,1.1482758620689657,0.4689655172413792,0.3757758620689653,0.5689655172413792,1.0,1.0,1.0,15,0.5172413793103449,0.20344827586206893,False,True
B1,A|B2,CONSERVATIVE,NONDEPLOYABLE_DECOUPLED_STRENGTH_GATE,0.10,0.6,0.99,0.99,29,1.6172413793103446,1.1482758620689657,0.4689655172413792,0.37577586206896535,0.5655172413793103,1.0,1.0,1.0,15,0.5172413793103449,0.20344827586206893,False,True
B1,A|B2,CONSERVATIVE,NONDEPLOYABLE_DECOUPLED_STRENGTH_GATE,0.10,0.6,1.0,1.00,29,1.6172413793103446,1.1482758620689657,0.4689655172413792,0.3689655172413792,0.5655172413793103,1.0,1.0,1.0,15,0.5172413793103449,0.20344827586206893,False,True
B1,A|B2,CONSERVATIVE,NONDEPLOYABLE_DECOUPLED_STRENGTH_GATE,0.04,0.2,0.3333333333333333,0.333333,29,1.3,0.9689655172413791,0.33103448275862074,0.2399655172413793,0.4317241379310345,0.896551724137931,1.0,0.896551724137931,16,0.5517241379310345,0.22068965517241382,False,True
B1,A|B2,CONSERVATIVE,NONDEPLOYABLE_DECOUPLED_STRENGTH_GATE,0.04,0.2,0.5,0.50,29,1.3,0.7482758620689652,0.5517241379310346,0.42203448275862065,0.6910689655172411,1.0,1.0,1.0,16,0.5517241379310345,0.22068965517241382,False,True
B1,A|B2,CONSERVATIVE,NONDEPLOYABLE_DECOUPLED_STRENGTH_GATE,0.04,0.2,0.6,0.60,29,1.3,0.7482758620689652,0.5517241379310346,0.42620689655172406,0.6868965517241379,1.0,1.0,1.0,16,0.5517241379310345,0.22068965517241382,False,True
B1,A|B2,CONSERVATIVE,NONDEPLOYABLE_DECOUPLED_STRENGTH_GATE,0.04,0.2,0.7,0.70,29,1.3,0.7482758620689652,0.5517241379310346,0.41793103448275853,0.6841724137931032,1.0,1.0,1.0,16,0.5517241379310345,0.22068965517241382,False,True
B1,A|B2,CONSERVATIVE,NONDEPLOYABLE_DECOUPLED_STRENGTH_GATE,0.04,0.2,0.8,0.80,29,1.3,0.7482758620689652,0.5517241379310346,0.41789655172413787,0.6896551724137929,1.0,1.0,1.0,16,0.5517241379310345,0.22068965517241382,False,True
B1,A|B2,CONSERVATIVE,NONDEPLOYABLE_DECOUPLED_STRENGTH_GATE,0.04,0.2,0.9,0.90,29,1.3,0.7482758620689652,0.5517241379310346,0.41655172413793096,0.6868965517241379,1.0,1.0,1.0,16,0.5517241379310345,0.22068965517241382,False,True
B1,A|B2,CONSERVATIVE,NONDEPLOYABLE_DECOUPLED_STRENGTH_GATE,0.04,0.2,0.95,0.95,29,1.3,0.7482758620689652,0.5517241379310346,0.42068965517241386,0.6896551724137931,1.0,1.0,1.0,16,0.5517241379310345,0.22068965517241382,False,True
B1,A|B2,CONSERVATIVE,NONDEPLOYABLE_DECOUPLED_STRENGTH_GATE,0.04,0.2,0.98,0.98,29,1.3,0.7482758620689652,0.5517241379310346,0.4179310344827586,0.6896896551724137,1.0,1.0,1.0,16,0.5517241379310345,0.22068965517241382,False,True
B1,A|B2,CONSERVATIVE,NONDEPLOYABLE_DECOUPLED_STRENGTH_GATE,0.04,0.2,0.99,0.99,29,1.3,0.7482758620689652,0.5517241379310346,0.4179310344827586,0.6924137931034481,1.0,1.0,1.0,16,0.5517241379310345,0.22068965517241382,False,True
B1,A|B2,CONSERVATIVE,NONDEPLOYABLE_DECOUPLED_STRENGTH_GATE,0.04,0.2,1.0,1.00,29,1.3,0.7482758620689652,0.5517241379310346,0.42482758620689653,0.6882758620689654,1.0,1.0,1.0,16,0.5517241379310345,0.22068965517241382,False,True
B1,A|B2,CONSERVATIVE,NONDEPLOYABLE_DECOUPLED_STRENGTH_GATE,0.04,0.4,0.3333333333333333,0.333333,29,1.4737931034482756,1.1648275862068964,0.3089655172413793,0.216551724137931,0.409655172413793,0.8620689655172413,1.0,0.8620689655172413,16,0.5517241379310345,0.216551724137931,False,True
B1,A|B2,CONSERVATIVE,NONDEPLOYABLE_DECOUPLED_STRENGTH_GATE,0.04,0.4,0.5,0.50,29,1.4737931034482756,0.9482758620689654,0.5255172413793103,0.4041379310344827,0.6441379310344828,1.0,1.0,1.0,16,0.5517241379310345,0.216551724137931,False,True
B1,A|B2,CONSERVATIVE,NONDEPLOYABLE_DECOUPLED_STRENGTH_GATE,0.04,0.4,0.6,0.60,29,1.4737931034482756,0.9482758620689654,0.5255172413793103,0.411,0.6455517241379308,1.0,1.0,1.0,16,0.5517241379310345,0.216551724137931,False,True
B1,A|B2,CONSERVATIVE,NONDEPLOYABLE_DECOUPLED_STRENGTH_GATE,0.04,0.4,0.7,0.70,29,1.4737931034482756,0.9482758620689654,0.5255172413793103,0.41241379310344817,0.6468965517241377,1.0,1.0,1.0,16,0.5517241379310345,0.216551724137931,False,True
B1,A|B2,CONSERVATIVE,NONDEPLOYABLE_DECOUPLED_STRENGTH_GATE,0.04,0.4,0.8,0.80,29,1.4737931034482756,0.9482758620689654,0.5255172413793103,0.4109999999999998,0.6482758620689654,1.0,1.0,1.0,16,0.5517241379310345,0.216551724137931,False,True
B1,A|B2,CONSERVATIVE,NONDEPLOYABLE_DECOUPLED_STRENGTH_GATE,0.04,0.4,0.9,0.90,29,1.4737931034482756,0.9482758620689654,0.5255172413793103,0.4082758620689653,0.6441379310344826,1.0,1.0,1.0,16,0.5517241379310345,0.216551724137931,False,True
B1,A|B2,CONSERVATIVE,NONDEPLOYABLE_DECOUPLED_STRENGTH_GATE,0.04,0.4,0.95,0.95,29,1.4737931034482756,0.9482758620689654,0.5255172413793103,0.41241379310344817,0.6455172413793102,1.0,1.0,1.0,16,0.5517241379310345,0.216551724137931,False,True
B1,A|B2,CONSERVATIVE,NONDEPLOYABLE_DECOUPLED_STRENGTH_GATE,0.04,0.4,0.98,0.98,29,1.4737931034482756,0.9482758620689654,0.5255172413793103,0.40682758620689635,0.638655172413793,1.0,1.0,1.0,16,0.5517241379310345,0.216551724137931,False,True
B1,A|B2,CONSERVATIVE,NONDEPLOYABLE_DECOUPLED_STRENGTH_GATE,0.04,0.4,0.99,0.99,29,1.4737931034482756,0.9482758620689654,0.5255172413793103,0.4124137931034482,0.6468965517241378,1.0,1.0,1.0,16,0.5517241379310345,0.216551724137931,False,True
B1,A|B2,CONSERVATIVE,NONDEPLOYABLE_DECOUPLED_STRENGTH_GATE,0.04,0.4,1.0,1.00,29,1.4737931034482756,0.9482758620689654,0.5255172413793103,0.4137931034482758,0.6441379310344828,1.0,1.0,1.0,16,0.5517241379310345,0.216551724137931,False,True
B1,A|B2,CONSERVATIVE,NONDEPLOYABLE_DECOUPLED_STRENGTH_GATE,0.04,0.6,0.3333333333333333,0.333333,29,1.6158620689655172,1.3358620689655174,0.2799999999999999,0.19034482758620683,0.3793103448275861,0.7931034482758621,1.0,0.7931034482758621,15,0.5172413793103449,0.17655172413793097,False,True
B1,A|B2,CONSERVATIVE,NONDEPLOYABLE_DECOUPLED_STRENGTH_GATE,0.04,0.6,0.5,0.50,29,1.6158620689655172,1.1593103448275863,0.456551724137931,0.35310344827586204,0.5613793103448275,0.9655172413793104,1.0,0.9655172413793104,15,0.5172413793103449,0.17655172413793097,False,True
B1,A|B2,CONSERVATIVE,NONDEPLOYABLE_DECOUPLED_STRENGTH_GATE,0.04,0.6,0.6,0.60,29,1.6158620689655172,1.1593103448275863,0.456551724137931,0.3544482758620688,0.5599999999999998,0.9655172413793104,1.0,0.9655172413793104,15,0.5172413793103449,0.17655172413793097,False,True
B1,A|B2,CONSERVATIVE,NONDEPLOYABLE_DECOUPLED_STRENGTH_GATE,0.04,0.6,0.7,0.70,29,1.6158620689655172,1.1593103448275863,0.456551724137931,0.3503448275862067,0.5613793103448275,0.9655172413793104,1.0,0.9655172413793104,15,0.5172413793103449,0.17655172413793097,False,True
B1,A|B2,CONSERVATIVE,NONDEPLOYABLE_DECOUPLED_STRENGTH_GATE,0.04,0.6,0.8,0.80,29,1.6158620689655172,1.1593103448275863,0.456551724137931,0.3531034482758621,0.5655172413793103,0.9655172413793104,1.0,0.9655172413793104,15,0.5172413793103449,0.17655172413793097,False,True
B1,A|B2,CONSERVATIVE,NONDEPLOYABLE_DECOUPLED_STRENGTH_GATE,0.04,0.6,0.9,0.90,29,1.6158620689655172,1.1593103448275863,0.456551724137931,0.35310344827586193,0.5613793103448276,0.9655172413793104,1.0,0.9655172413793104,15,0.5172413793103449,0.17655172413793097,False,True
B1,A|B2,CONSERVATIVE,NONDEPLOYABLE_DECOUPLED_STRENGTH_GATE,0.04,0.6,0.95,0.95,29,1.6158620689655172,1.1593103448275863,0.456551724137931,0.3503448275862068,0.5572758620689652,0.9655172413793104,1.0,0.9655172413793104,15,0.5172413793103449,0.17655172413793097,False,True
B1,A|B2,CONSERVATIVE,NONDEPLOYABLE_DECOUPLED_STRENGTH_GATE,0.04,0.6,0.98,0.98,29,1.6158620689655172,1.1593103448275863,0.456551724137931,0.35444827586206884,0.5627931034482757,0.9655172413793104,1.0,0.9655172413793104,15,0.5172413793103449,0.17655172413793097,False,True
B1,A|B2,CONSERVATIVE,NONDEPLOYABLE_DECOUPLED_STRENGTH_GATE,0.04,0.6,0.99,0.99,29,1.6158620689655172,1.1593103448275863,0.456551724137931,0.34758620689655156,0.5599999999999998,0.9655172413793104,1.0,0.9655172413793104,15,0.5172413793103449,0.17655172413793097,False,True
B1,A|B2,CONSERVATIVE,NONDEPLOYABLE_DECOUPLED_STRENGTH_GATE,0.04,0.6,1.0,1.00,29,1.6158620689655172,1.1593103448275863,0.456551724137931,0.3531034482758619,0.5627586206896551,0.9655172413793104,1.0,0.9655172413793104,15,0.5172413793103449,0.17655172413793097,False,True
B2,A|B1,FAST,FROZEN_GATE_SHARED_THRESHOLD,0.10,0.2,0.3333333333333333,0.333333,29,0.9068965517241379,0.9068965517241379,0.0,0.0,0.0,0.0,0.0,0.0,10,0.3448275862068966,0.14137931034482756,False,True
B2,A|B1,FAST,FROZEN_GATE_SHARED_THRESHOLD,0.10,0.2,0.5,0.50,29,0.9068965517241379,0.9068965517241379,0.0,0.0,0.0,0.0,0.0,0.0,10,0.3448275862068966,0.14137931034482756,False,True
B2,A|B1,FAST,FROZEN_GATE_SHARED_THRESHOLD,0.10,0.2,0.6,0.60,29,0.9068965517241379,0.9068965517241379,0.0,0.0,0.0,0.0,0.0,0.0,10,0.3448275862068966,0.14137931034482756,False,True
B2,A|B1,FAST,FROZEN_GATE_SHARED_THRESHOLD,0.10,0.2,0.7,0.70,29,0.9068965517241379,0.7655172413793102,0.14137931034482756,0.05862068965517243,0.23448275862068968,0.3448275862068966,0.9655172413793104,0.3448275862068966,10,0.3448275862068966,0.14137931034482756,False,True
B2,A|B1,FAST,FROZEN_GATE_SHARED_THRESHOLD,0.10,0.2,0.8,0.80,29,0.9068965517241379,0.7655172413793102,0.14137931034482756,0.05862068965517242,0.2413793103448276,0.3448275862068966,0.9655172413793104,0.3448275862068966,10,0.3448275862068966,0.14137931034482756,False,True
B2,A|B1,FAST,FROZEN_GATE_SHARED_THRESHOLD,0.10,0.2,0.9,0.90,29,0.9068965517241379,0.7655172413793102,0.14137931034482756,0.06206896551724138,0.23793103448275862,0.3448275862068966,0.9655172413793104,0.3448275862068966,10,0.3448275862068966,0.14137931034482756,False,True
B2,A|B1,FAST,FROZEN_GATE_SHARED_THRESHOLD,0.10,0.2,0.95,0.95,29,0.9068965517241379,0.7655172413793102,0.14137931034482756,0.05862068965517243,0.23448275862068968,0.3448275862068966,0.9655172413793104,0.3448275862068966,10,0.3448275862068966,0.14137931034482756,False,True
B2,A|B1,FAST,FROZEN_GATE_SHARED_THRESHOLD,0.10,0.2,0.98,0.98,29,0.9068965517241379,0.7655172413793102,0.14137931034482756,0.05862068965517243,0.23793103448275862,0.3448275862068966,0.9655172413793104,0.3448275862068966,10,0.3448275862068966,0.14137931034482756,False,True
B2,A|B1,FAST,FROZEN_GATE_SHARED_THRESHOLD,0.10,0.2,0.99,0.99,29,0.9068965517241379,0.7655172413793102,0.14137931034482756,0.062068965517241385,0.23448275862068968,0.3448275862068966,0.9655172413793104,0.3448275862068966,10,0.3448275862068966,0.14137931034482756,False,True
B2,A|B1,FAST,FROZEN_GATE_SHARED_THRESHOLD,0.10,0.2,1.0,1.00,29,0.9068965517241379,0.7655172413793102,0.14137931034482756,0.05517241379310347,0.23793103448275862,0.3448275862068966,0.9655172413793104,0.3448275862068966,10,0.3448275862068966,0.14137931034482756,False,True
B2,A|B1,FAST,FROZEN_GATE_SHARED_THRESHOLD,0.10,0.4,0.3333333333333333,0.333333,29,1.1172413793103448,1.1172413793103448,0.0,0.0,0.0,0.0,0.0,0.0,11,0.3793103448275862,0.14482758620689654,False,True
B2,A|B1,FAST,FROZEN_GATE_SHARED_THRESHOLD,0.10,0.4,0.5,0.50,29,1.1172413793103448,1.1172413793103448,0.0,0.0,0.0,0.0,0.0,0.0,11,0.3793103448275862,0.14482758620689654,False,True
B2,A|B1,FAST,FROZEN_GATE_SHARED_THRESHOLD,0.10,0.4,0.6,0.60,29,1.1172413793103448,1.1172413793103448,0.0,0.0,0.0,0.0,0.0,0.0,11,0.3793103448275862,0.14482758620689654,False,True
B2,A|B1,FAST,FROZEN_GATE_SHARED_THRESHOLD,0.10,0.4,0.7,0.70,29,1.1172413793103448,0.9724137931034481,0.14482758620689654,0.06206896551724137,0.24137931034482757,0.3793103448275862,1.0,0.3793103448275862,11,0.3793103448275862,0.14482758620689654,False,True
B2,A|B1,FAST,FROZEN_GATE_SHARED_THRESHOLD,0.10,0.4,0.8,0.80,29,1.1172413793103448,0.9724137931034481,0.14482758620689654,0.06206896551724137,0.2413793103448275,0.3793103448275862,1.0,0.3793103448275862,11,0.3793103448275862,0.14482758620689654,False,True
B2,A|B1,FAST,FROZEN_GATE_SHARED_THRESHOLD,0.10,0.4,0.9,0.90,29,1.1172413793103448,0.9724137931034481,0.14482758620689654,0.06206896551724136,0.2448275862068965,0.3793103448275862,1.0,0.3793103448275862,11,0.3793103448275862,0.14482758620689654,False,True
B2,A|B1,FAST,FROZEN_GATE_SHARED_THRESHOLD,0.10,0.4,0.95,0.95,29,1.1172413793103448,0.9724137931034481,0.14482758620689654,0.06206896551724137,0.24482758620689654,0.3793103448275862,1.0,0.3793103448275862,11,0.3793103448275862,0.14482758620689654,False,True
B2,A|B1,FAST,FROZEN_GATE_SHARED_THRESHOLD,0.10,0.4,0.98,0.98,29,1.1172413793103448,0.9724137931034481,0.14482758620689654,0.06551724137931032,0.23793103448275857,0.3793103448275862,1.0,0.3793103448275862,11,0.3793103448275862,0.14482758620689654,False,True
B2,A|B1,FAST,FROZEN_GATE_SHARED_THRESHOLD,0.10,0.4,0.99,0.99,29,1.1172413793103448,0.9724137931034481,0.14482758620689654,0.06551724137931032,0.2413793103448275,0.3793103448275862,1.0,0.3793103448275862,11,0.3793103448275862,0.14482758620689654,False,True
B2,A|B1,FAST,FROZEN_GATE_SHARED_THRESHOLD,0.10,0.4,1.0,1.00,29,1.1172413793103448,0.9724137931034481,0.14482758620689654,0.06551724137931032,0.2413793103448275,0.3793103448275862,1.0,0.3793103448275862,11,0.3793103448275862,0.14482758620689654,False,True
B2,A|B1,FAST,FROZEN_GATE_SHARED_THRESHOLD,0.10,0.6,0.3333333333333333,0.333333,29,1.3034482758620691,1.3034482758620691,0.0,0.0,0.0,0.0,0.0,0.0,11,0.3793103448275862,0.1379310344827586,False,True
B2,A|B1,FAST,FROZEN_GATE_SHARED_THRESHOLD,0.10,0.6,0.5,0.50,29,1.3034482758620691,1.3034482758620691,0.0,0.0,0.0,0.0,0.0,0.0,11,0.3793103448275862,0.1379310344827586,False,True
B2,A|B1,FAST,FROZEN_GATE_SHARED_THRESHOLD,0.10,0.6,0.6,0.60,29,1.3034482758620691,1.3034482758620691,0.0,0.0,0.0,0.0,0.0,0.0,11,0.3793103448275862,0.1379310344827586,False,True
B2,A|B1,FAST,FROZEN_GATE_SHARED_THRESHOLD,0.10,0.6,0.7,0.70,29,1.3034482758620691,1.1655172413793105,0.1379310344827586,0.062068965517241365,0.2275862068965517,0.3793103448275862,1.0,0.3793103448275862,11,0.3793103448275862,0.1379310344827586,False,True
B2,A|B1,FAST,FROZEN_GATE_SHARED_THRESHOLD,0.10,0.6,0.8,0.80,29,1.3034482758620691,1.1655172413793105,0.1379310344827586,0.06551724137931031,0.22758620689655165,0.3793103448275862,1.0,0.3793103448275862,11,0.3793103448275862,0.1379310344827586,False,True
B2,A|B1,FAST,FROZEN_GATE_SHARED_THRESHOLD,0.10,0.6,0.9,0.90,29,1.3034482758620691,1.1655172413793105,0.1379310344827586,0.06206896551724135,0.22068965517241373,0.3793103448275862,1.0,0.3793103448275862,11,0.3793103448275862,0.1379310344827586,False,True
B2,A|B1,FAST,FROZEN_GATE_SHARED_THRESHOLD,0.10,0.6,0.95,0.95,29,1.3034482758620691,1.1655172413793105,0.1379310344827586,0.06551724137931034,0.22413793103448273,0.3793103448275862,1.0,0.3793103448275862,11,0.3793103448275862,0.1379310344827586,False,True
B2,A|B1,FAST,FROZEN_GATE_SHARED_THRESHOLD,0.10,0.6,0.98,0.98,29,1.3034482758620691,1.1655172413793105,0.1379310344827586,0.06206896551724136,0.22413793103448273,0.3793103448275862,1.0,0.3793103448275862,11,0.3793103448275862,0.1379310344827586,False,True
B2,A|B1,FAST,FROZEN_GATE_SHARED_THRESHOLD,0.10,0.6,0.99,0.99,29,1.3034482758620691,1.1655172413793105,0.1379310344827586,0.058620689655172406,0.23448275862068965,0.3793103448275862,1.0,0.3793103448275862,11,0.3793103448275862,0.1379310344827586,False,True
B2,A|B1,FAST,FROZEN_GATE_SHARED_THRESHOLD,0.10,0.6,1.0,1.00,29,1.3034482758620691,1.1655172413793105,0.1379310344827586,0.06206896551724135,0.2275862068965517,0.3793103448275862,1.0,0.3793103448275862,11,0.3793103448275862,0.1379310344827586,False,True
B2,A|B1,FAST,FROZEN_GATE_SHARED_THRESHOLD,0.04,0.2,0.3333333333333333,0.333333,29,0.9027586206896551,0.9027586206896551,0.0,0.0,0.0,0.0,0.0,0.0,12,0.41379310344827586,0.14206896551724138,False,True
B2,A|B1,FAST,FROZEN_GATE_SHARED_THRESHOLD,0.04,0.2,0.5,0.50,29,0.9027586206896551,0.9027586206896551,0.0,0.0,0.0,0.0,0.0,0.0,12,0.41379310344827586,0.14206896551724138,False,True
B2,A|B1,FAST,FROZEN_GATE_SHARED_THRESHOLD,0.04,0.2,0.6,0.60,29,0.9027586206896551,0.9027586206896551,0.0,0.0,0.0,0.0,0.0,0.0,12,0.41379310344827586,0.14206896551724138,False,True
B2,A|B1,FAST,FROZEN_GATE_SHARED_THRESHOLD,0.04,0.2,0.7,0.70,29,0.9027586206896551,0.7606896551724136,0.14206896551724138,0.06620689655172413,0.2358965517241378,0.41379310344827586,0.9655172413793104,0.41379310344827586,12,0.41379310344827586,0.14206896551724138,False,True
B2,A|B1,FAST,FROZEN_GATE_SHARED_THRESHOLD,0.04,0.2,0.8,0.80,29,0.9027586206896551,0.7606896551724136,0.14206896551724138,0.06344827586206897,0.23862068965517239,0.41379310344827586,0.9655172413793104,0.41379310344827586,12,0.41379310344827586,0.14206896551724138,False,True
B2,A|B1,FAST,FROZEN_GATE_SHARED_THRESHOLD,0.04,0.2,0.9,0.90,29,0.9027586206896551,0.7606896551724136,0.14206896551724138,0.062068965517241385,0.24137931034482762,0.41379310344827586,0.9655172413793104,0.41379310344827586,12,0.41379310344827586,0.14206896551724138,False,True
B2,A|B1,FAST,FROZEN_GATE_SHARED_THRESHOLD,0.04,0.2,0.95,0.95,29,0.9027586206896551,0.7606896551724136,0.14206896551724138,0.06203448275862067,0.23727586206896528,0.41379310344827586,0.9655172413793104,0.41379310344827586,12,0.41379310344827586,0.14206896551724138,False,True
B2,A|B1,FAST,FROZEN_GATE_SHARED_THRESHOLD,0.04,0.2,0.98,0.98,29,0.9027586206896551,0.7606896551724136,0.14206896551724138,0.06344827586206897,0.23448275862068968,0.41379310344827586,0.9655172413793104,0.41379310344827586,12,0.41379310344827586,0.14206896551724138,False,True
B2,A|B1,FAST,FROZEN_GATE_SHARED_THRESHOLD,0.04,0.2,0.99,0.99,29,0.9027586206896551,0.7606896551724136,0.14206896551724138,0.05793103448275863,0.2331034482758621,0.41379310344827586,0.9655172413793104,0.41379310344827586,12,0.41379310344827586,0.14206896551724138,False,True
B2,A|B1,FAST,FROZEN_GATE_SHARED_THRESHOLD,0.04,0.2,1.0,1.00,29,0.9027586206896551,0.7606896551724136,0.14206896551724138,0.06068965517241379,0.22896551724137934,0.41379310344827586,0.9655172413793104,0.41379310344827586,12,0.41379310344827586,0.14206896551724138,False,True
B2,A|B1,FAST,FROZEN_GATE_SHARED_THRESHOLD,0.04,0.4,0.3333333333333333,0.333333,29,1.1137931034482758,1.1137931034482758,0.0,0.0,0.0,0.0,0.0,0.0,12,0.41379310344827586,0.14482758620689654,False,True
B2,A|B1,FAST,FROZEN_GATE_SHARED_THRESHOLD,0.04,0.4,0.5,0.50,29,1.1137931034482758,1.1137931034482758,0.0,0.0,0.0,0.0,0.0,0.0,12,0.41379310344827586,0.14482758620689654,False,True
B2,A|B1,FAST,FROZEN_GATE_SHARED_THRESHOLD,0.04,0.4,0.6,0.60,29,1.1137931034482758,1.1137931034482758,0.0,0.0,0.0,0.0,0.0,0.0,12,0.41379310344827586,0.14482758620689654,False,True
B2,A|B1,FAST,FROZEN_GATE_SHARED_THRESHOLD,0.04,0.4,0.7,0.70,29,1.1137931034482758,0.9689655172413794,0.14482758620689654,0.06344827586206897,0.23999999999999996,0.41379310344827586,1.0,0.41379310344827586,12,0.41379310344827586,0.14482758620689654,False,True
B2,A|B1,FAST,FROZEN_GATE_SHARED_THRESHOLD,0.04,0.4,0.8,0.80,29,1.1137931034482758,0.9689655172413794,0.14482758620689654,0.06620689655172414,0.2386206896551724,0.41379310344827586,1.0,0.41379310344827586,12,0.41379310344827586,0.14482758620689654,False,True
B2,A|B1,FAST,FROZEN_GATE_SHARED_THRESHOLD,0.04,0.4,0.9,0.90,29,1.1137931034482758,0.9689655172413794,0.14482758620689654,0.06479310344827585,0.2303793103448274,0.41379310344827586,1.0,0.41379310344827586,12,0.41379310344827586,0.14482758620689654,False,True
B2,A|B1,FAST,FROZEN_GATE_SHARED_THRESHOLD,0.04,0.4,0.95,0.95,29,1.1137931034482758,0.9689655172413794,0.14482758620689654,0.06617241379310342,0.23862068965517239,0.41379310344827586,1.0,0.41379310344827586,12,0.41379310344827586,0.14482758620689654,False,True
B2,A|B1,FAST,FROZEN_GATE_SHARED_THRESHOLD,0.04,0.4,0.98,0.98,29,1.1137931034482758,0.9689655172413794,0.14482758620689654,0.06620689655172413,0.24417241379310325,0.41379310344827586,1.0,0.41379310344827586,12,0.41379310344827586,0.14482758620689654,False,True
B2,A|B1,FAST,FROZEN_GATE_SHARED_THRESHOLD,0.04,0.4,0.99,0.99,29,1.1137931034482758,0.9689655172413794,0.14482758620689654,0.06617241379310344,0.23862068965517239,0.41379310344827586,1.0,0.41379310344827586,12,0.41379310344827586,0.14482758620689654,False,True
B2,A|B1,FAST,FROZEN_GATE_SHARED_THRESHOLD,0.04,0.4,1.0,1.00,29,1.1137931034482758,0.9689655172413794,0.14482758620689654,0.06344827586206896,0.23862068965517239,0.41379310344827586,1.0,0.41379310344827586,12,0.41379310344827586,0.14482758620689654,False,True
B2,A|B1,FAST,FROZEN_GATE_SHARED_THRESHOLD,0.04,0.6,0.3333333333333333,0.333333,29,1.3027586206896555,1.3027586206896555,0.0,0.0,0.0,0.0,0.0,0.0,12,0.41379310344827586,0.12137931034482757,False,True
B2,A|B1,FAST,FROZEN_GATE_SHARED_THRESHOLD,0.04,0.6,0.5,0.50,29,1.3027586206896555,1.3027586206896555,0.0,0.0,0.0,0.0,0.0,0.0,12,0.41379310344827586,0.12137931034482757,False,True
B2,A|B1,FAST,FROZEN_GATE_SHARED_THRESHOLD,0.04,0.6,0.6,0.60,29,1.3027586206896555,1.3027586206896555,0.0,0.0,0.0,0.0,0.0,0.0,12,0.41379310344827586,0.12137931034482757,False,True
B2,A|B1,FAST,FROZEN_GATE_SHARED_THRESHOLD,0.04,0.6,0.7,0.70,29,1.3027586206896555,1.1813793103448278,0.12137931034482757,0.05655172413793102,0.19451724137931017,0.41379310344827586,1.0,0.41379310344827586,12,0.41379310344827586,0.12137931034482757,False,True
B2,A|B1,FAST,FROZEN_GATE_SHARED_THRESHOLD,0.04,0.6,0.8,0.80,29,1.3027586206896555,1.1813793103448278,0.12137931034482757,0.0579310344827586,0.19999999999999996,0.41379310344827586,1.0,0.41379310344827586,12,0.41379310344827586,0.12137931034482757,False,True
B2,A|B1,FAST,FROZEN_GATE_SHARED_THRESHOLD,0.04,0.6,0.9,0.90,29,1.3027586206896555,1.1813793103448278,0.12137931034482757,0.05927586206896547,0.1958620689655172,0.41379310344827586,1.0,0.41379310344827586,12,0.41379310344827586,0.12137931034482757,False,True
B2,A|B1,FAST,FROZEN_GATE_SHARED_THRESHOLD,0.04,0.6,0.95,0.95,29,1.3027586206896555,1.1813793103448278,0.12137931034482757,0.053793103448275856,0.19448275862068967,0.41379310344827586,1.0,0.41379310344827586,12,0.41379310344827586,0.12137931034482757,False,True
B2,A|B1,FAST,FROZEN_GATE_SHARED_THRESHOLD,0.04,0.6,0.98,0.98,29,1.3027586206896555,1.1813793103448278,0.12137931034482757,0.056551724137931025,0.19448275862068962,0.41379310344827586,1.0,0.41379310344827586,12,0.41379310344827586,0.12137931034482757,False,True
B2,A|B1,FAST,FROZEN_GATE_SHARED_THRESHOLD,0.04,0.6,0.99,0.99,29,1.3027586206896555,1.1813793103448278,0.12137931034482757,0.05517241379310342,0.1972413793103448,0.41379310344827586,1.0,0.41379310344827586,12,0.41379310344827586,0.12137931034482757,False,True
B2,A|B1,FAST,FROZEN_GATE_SHARED_THRESHOLD,0.04,0.6,1.0,1.00,29,1.3027586206896555,1.1813793103448278,0.12137931034482757,0.057931034482758596,0.1917241379310345,0.41379310344827586,1.0,0.41379310344827586,12,0.41379310344827586,0.12137931034482757,False,True
B2,A|B1,FAST,NONDEPLOYABLE_DECOUPLED_STRENGTH_GATE,0.10,0.2,0.3333333333333333,0.333333,29,0.9068965517241379,0.9068965517241379,0.0,0.0,0.0,0.0,0.9655172413793104,0.0,10,0.3448275862068966,0.14137931034482756,False,True
B2,A|B1,FAST,NONDEPLOYABLE_DECOUPLED_STRENGTH_GATE,0.10,0.2,0.5,0.50,29,0.9068965517241379,0.7655172413793102,0.14137931034482756,0.062068965517241385,0.23456896551724093,0.3448275862068966,0.9655172413793104,0.3448275862068966,10,0.3448275862068966,0.14137931034482756,False,True
B2,A|B1,FAST,NONDEPLOYABLE_DECOUPLED_STRENGTH_GATE,0.10,0.2,0.6,0.60,29,0.9068965517241379,0.7655172413793102,0.14137931034482756,0.05862068965517242,0.23456896551724093,0.3448275862068966,0.9655172413793104,0.3448275862068966,10,0.3448275862068966,0.14137931034482756,False,True
B2,A|B1,FAST,NONDEPLOYABLE_DECOUPLED_STRENGTH_GATE,0.10,0.2,0.7,0.70,29,0.9068965517241379,0.7655172413793102,0.14137931034482756,0.062068965517241385,0.24146551724137888,0.3448275862068966,0.9655172413793104,0.3448275862068966,10,0.3448275862068966,0.14137931034482756,False,True
B2,A|B1,FAST,NONDEPLOYABLE_DECOUPLED_STRENGTH_GATE,0.10,0.2,0.8,0.80,29,0.9068965517241379,0.7655172413793102,0.14137931034482756,0.05862068965517242,0.23448275862068962,0.3448275862068966,0.9655172413793104,0.3448275862068966,10,0.3448275862068966,0.14137931034482756,False,True
B2,A|B1,FAST,NONDEPLOYABLE_DECOUPLED_STRENGTH_GATE,0.10,0.2,0.9,0.90,29,0.9068965517241379,0.7655172413793102,0.14137931034482756,0.05862068965517242,0.2413793103448276,0.3448275862068966,0.9655172413793104,0.3448275862068966,10,0.3448275862068966,0.14137931034482756,False,True
B2,A|B1,FAST,NONDEPLOYABLE_DECOUPLED_STRENGTH_GATE,0.10,0.2,0.95,0.95,29,0.9068965517241379,0.7655172413793102,0.14137931034482756,0.062068965517241385,0.23793103448275862,0.3448275862068966,0.9655172413793104,0.3448275862068966,10,0.3448275862068966,0.14137931034482756,False,True
B2,A|B1,FAST,NONDEPLOYABLE_DECOUPLED_STRENGTH_GATE,0.10,0.2,0.98,0.98,29,0.9068965517241379,0.7655172413793102,0.14137931034482756,0.05862068965517242,0.2413793103448276,0.3448275862068966,0.9655172413793104,0.3448275862068966,10,0.3448275862068966,0.14137931034482756,False,True
B2,A|B1,FAST,NONDEPLOYABLE_DECOUPLED_STRENGTH_GATE,0.10,0.2,0.99,0.99,29,0.9068965517241379,0.7655172413793102,0.14137931034482756,0.062068965517241385,0.23448275862068965,0.3448275862068966,0.9655172413793104,0.3448275862068966,10,0.3448275862068966,0.14137931034482756,False,True
B2,A|B1,FAST,NONDEPLOYABLE_DECOUPLED_STRENGTH_GATE,0.10,0.2,1.0,1.00,29,0.9068965517241379,0.7655172413793102,0.14137931034482756,0.06206896551724138,0.23793103448275862,0.3448275862068966,0.9655172413793104,0.3448275862068966,10,0.3448275862068966,0.14137931034482756,False,True
B2,A|B1,FAST,NONDEPLOYABLE_DECOUPLED_STRENGTH_GATE,0.10,0.4,0.3333333333333333,0.333333,29,1.1172413793103448,1.1172413793103448,0.0,0.0,0.0,0.0,1.0,0.0,11,0.3793103448275862,0.14482758620689654,False,True
B2,A|B1,FAST,NONDEPLOYABLE_DECOUPLED_STRENGTH_GATE,0.10,0.4,0.5,0.50,29,1.1172413793103448,0.9724137931034481,0.14482758620689654,0.06551724137931032,0.23793103448275857,0.3793103448275862,1.0,0.3793103448275862,11,0.3793103448275862,0.14482758620689654,False,True
B2,A|B1,FAST,NONDEPLOYABLE_DECOUPLED_STRENGTH_GATE,0.10,0.4,0.6,0.60,29,1.1172413793103448,0.9724137931034481,0.14482758620689654,0.06206896551724136,0.24137931034482757,0.3793103448275862,1.0,0.3793103448275862,11,0.3793103448275862,0.14482758620689654,False,True
B2,A|B1,FAST,NONDEPLOYABLE_DECOUPLED_STRENGTH_GATE,0.10,0.4,0.7,0.70,29,1.1172413793103448,0.9724137931034481,0.14482758620689654,0.06551724137931032,0.2448275862068965,0.3793103448275862,1.0,0.3793103448275862,11,0.3793103448275862,0.14482758620689654,False,True
B2,A|B1,FAST,NONDEPLOYABLE_DECOUPLED_STRENGTH_GATE,0.10,0.4,0.8,0.80,29,1.1172413793103448,0.9724137931034481,0.14482758620689654,0.06551724137931034,0.24137931034482757,0.3793103448275862,1.0,0.3793103448275862,11,0.3793103448275862,0.14482758620689654,False,True
B2,A|B1,FAST,NONDEPLOYABLE_DECOUPLED_STRENGTH_GATE,0.10,0.4,0.9,0.90,29,1.1172413793103448,0.9724137931034481,0.14482758620689654,0.06551724137931032,0.23801724137930985,0.3793103448275862,1.0,0.3793103448275862,11,0.3793103448275862,0.14482758620689654,False,True
B2,A|B1,FAST,NONDEPLOYABLE_DECOUPLED_STRENGTH_GATE,0.10,0.4,0.95,0.95,29,1.1172413793103448,0.9724137931034481,0.14482758620689654,0.06543103448275861,0.2448275862068965,0.3793103448275862,1.0,0.3793103448275862,11,0.3793103448275862,0.14482758620689654,False,True
B2,A|B1,FAST,NONDEPLOYABLE_DECOUPLED_STRENGTH_GATE,0.10,0.4,0.98,0.98,29,1.1172413793103448,0.9724137931034481,0.14482758620689654,0.06551724137931032,0.2413793103448275,0.3793103448275862,1.0,0.3793103448275862,11,0.3793103448275862,0.14482758620689654,False,True
B2,A|B1,FAST,NONDEPLOYABLE_DECOUPLED_STRENGTH_GATE,0.10,0.4,0.99,0.99,29,1.1172413793103448,0.9724137931034481,0.14482758620689654,0.06206896551724136,0.23793103448275857,0.3793103448275862,1.0,0.3793103448275862,11,0.3793103448275862,0.14482758620689654,False,True
B2,A|B1,FAST,NONDEPLOYABLE_DECOUPLED_STRENGTH_GATE,0.10,0.4,1.0,1.00,29,1.1172413793103448,0.9724137931034481,0.14482758620689654,0.06206896551724136,0.2344827586206896,0.3793103448275862,1.0,0.3793103448275862,11,0.3793103448275862,0.14482758620689654,False,True
B2,A|B1,FAST,NONDEPLOYABLE_DECOUPLED_STRENGTH_GATE,0.10,0.6,0.3333333333333333,0.333333,29,1.3034482758620691,1.3034482758620691,0.0,0.0,0.0,0.0,1.0,0.0,11,0.3793103448275862,0.1379310344827586,False,True
B2,A|B1,FAST,NONDEPLOYABLE_DECOUPLED_STRENGTH_GATE,0.10,0.6,0.5,0.50,29,1.3034482758620691,1.1655172413793105,0.1379310344827586,0.06551724137931032,0.22758620689655168,0.3793103448275862,1.0,0.3793103448275862,11,0.3793103448275862,0.1379310344827586,False,True
B2,A|B1,FAST,NONDEPLOYABLE_DECOUPLED_STRENGTH_GATE,0.10,0.6,0.6,0.60,29,1.3034482758620691,1.1655172413793105,0.1379310344827586,0.06206896551724138,0.22413793103448273,0.3793103448275862,1.0,0.3793103448275862,11,0.3793103448275862,0.1379310344827586,False,True
B2,A|B1,FAST,NONDEPLOYABLE_DECOUPLED_STRENGTH_GATE,0.10,0.6,0.7,0.70,29,1.3034482758620691,1.1655172413793105,0.1379310344827586,0.06551724137931032,0.22068965517241373,0.3793103448275862,1.0,0.3793103448275862,11,0.3793103448275862,0.1379310344827586,False,True
B2,A|B1,FAST,NONDEPLOYABLE_DECOUPLED_STRENGTH_GATE,0.10,0.6,0.8,0.80,29,1.3034482758620691,1.1655172413793105,0.1379310344827586,0.06551724137931032,0.22758620689655168,0.3793103448275862,1.0,0.3793103448275862,11,0.3793103448275862,0.1379310344827586,False,True
B2,A|B1,FAST,NONDEPLOYABLE_DECOUPLED_STRENGTH_GATE,0.10,0.6,0.9,0.90,29,1.3034482758620691,1.1655172413793105,0.1379310344827586,0.06551724137931032,0.22758620689655168,0.3793103448275862,1.0,0.3793103448275862,11,0.3793103448275862,0.1379310344827586,False,True
B2,A|B1,FAST,NONDEPLOYABLE_DECOUPLED_STRENGTH_GATE,0.10,0.6,0.95,0.95,29,1.3034482758620691,1.1655172413793105,0.1379310344827586,0.062068965517241365,0.22068965517241376,0.3793103448275862,1.0,0.3793103448275862,11,0.3793103448275862,0.1379310344827586,False,True
B2,A|B1,FAST,NONDEPLOYABLE_DECOUPLED_STRENGTH_GATE,0.10,0.6,0.98,0.98,29,1.3034482758620691,1.1655172413793105,0.1379310344827586,0.06206896551724138,0.22758620689655168,0.3793103448275862,1.0,0.3793103448275862,11,0.3793103448275862,0.1379310344827586,False,True
B2,A|B1,FAST,NONDEPLOYABLE_DECOUPLED_STRENGTH_GATE,0.10,0.6,0.99,0.99,29,1.3034482758620691,1.1655172413793105,0.1379310344827586,0.0654310344827586,0.22758620689655165,0.3793103448275862,1.0,0.3793103448275862,11,0.3793103448275862,0.1379310344827586,False,True
B2,A|B1,FAST,NONDEPLOYABLE_DECOUPLED_STRENGTH_GATE,0.10,0.6,1.0,1.00,29,1.3034482758620691,1.1655172413793105,0.1379310344827586,0.06206896551724136,0.22422413793103405,0.3793103448275862,1.0,0.3793103448275862,11,0.3793103448275862,0.1379310344827586,False,True
B2,A|B1,FAST,NONDEPLOYABLE_DECOUPLED_STRENGTH_GATE,0.04,0.2,0.3333333333333333,0.333333,29,0.9027586206896551,0.9027586206896551,0.0,0.0,0.0,0.0,0.9655172413793104,0.0,12,0.41379310344827586,0.14206896551724138,False,True
B2,A|B1,FAST,NONDEPLOYABLE_DECOUPLED_STRENGTH_GATE,0.04,0.2,0.5,0.50,29,0.9027586206896551,0.7606896551724136,0.14206896551724138,0.06203448275862067,0.24,0.41379310344827586,0.9655172413793104,0.41379310344827586,12,0.41379310344827586,0.14206896551724138,False,True
B2,A|B1,FAST,NONDEPLOYABLE_DECOUPLED_STRENGTH_GATE,0.04,0.2,0.6,0.60,29,0.9027586206896551,0.7606896551724136,0.14206896551724138,0.06068965517241379,0.23034482758620695,0.41379310344827586,0.9655172413793104,0.41379310344827586,12,0.41379310344827586,0.14206896551724138,False,True
B2,A|B1,FAST,NONDEPLOYABLE_DECOUPLED_STRENGTH_GATE,0.04,0.2,0.7,0.70,29,0.9027586206896551,0.7606896551724136,0.14206896551724138,0.062068965517241385,0.23862068965517239,0.41379310344827586,0.9655172413793104,0.41379310344827586,12,0.41379310344827586,0.14206896551724138,False,True
B2,A|B1,FAST,NONDEPLOYABLE_DECOUPLED_STRENGTH_GATE,0.04,0.2,0.8,0.80,29,0.9027586206896551,0.7606896551724136,0.14206896551724138,0.06206896551724138,0.23593103448275823,0.41379310344827586,0.9655172413793104,0.41379310344827586,12,0.41379310344827586,0.14206896551724138,False,True
B2,A|B1,FAST,NONDEPLOYABLE_DECOUPLED_STRENGTH_GATE,0.04,0.2,0.9,0.90,29,0.9027586206896551,0.7606896551724136,0.14206896551724138,0.06482758620689655,0.23448275862068968,0.41379310344827586,0.9655172413793104,0.41379310344827586,12,0.41379310344827586,0.14206896551724138,False,True
B2,A|B1,FAST,NONDEPLOYABLE_DECOUPLED_STRENGTH_GATE,0.04,0.2,0.95,0.95,29,0.9027586206896551,0.7606896551724136,0.14206896551724138,0.06206896551724137,0.24000000000000002,0.41379310344827586,0.9655172413793104,0.41379310344827586,12,0.41379310344827586,0.14206896551724138,False,True
B2,A|B1,FAST,NONDEPLOYABLE_DECOUPLED_STRENGTH_GATE,0.04,0.2,0.98,0.98,29,0.9027586206896551,0.7606896551724136,0.14206896551724138,0.06620689655172414,0.23586206896551723,0.41379310344827586,0.9655172413793104,0.41379310344827586,12,0.41379310344827586,0.14206896551724138,False,True
B2,A|B1,FAST,NONDEPLOYABLE_DECOUPLED_STRENGTH_GATE,0.04,0.2,0.99,0.99,29,0.9027586206896551,0.7606896551724136,0.14206896551724138,0.062068965517241385,0.23865517241379294,0.41379310344827586,0.9655172413793104,0.41379310344827586,12,0.41379310344827586,0.14206896551724138,False,True
B2,A|B1,FAST,NONDEPLOYABLE_DECOUPLED_STRENGTH_GATE,0.04,0.2,1.0,1.00,29,0.9027586206896551,0.7606896551724136,0.14206896551724138,0.06203448275862067,0.2317241379310345,0.41379310344827586,0.9655172413793104,0.41379310344827586,12,0.41379310344827586,0.14206896551724138,False,True
B2,A|B1,FAST,NONDEPLOYABLE_DECOUPLED_STRENGTH_GATE,0.04,0.4,0.3333333333333333,0.333333,29,1.1137931034482758,1.1137931034482758,0.0,0.0,0.0,0.0,1.0,0.0,12,0.41379310344827586,0.14482758620689654,False,True
B2,A|B1,FAST,NONDEPLOYABLE_DECOUPLED_STRENGTH_GATE,0.04,0.4,0.5,0.50,29,1.1137931034482758,0.9689655172413794,0.14482758620689654,0.06344827586206896,0.23589655172413776,0.41379310344827586,1.0,0.41379310344827586,12,0.41379310344827586,0.14482758620689654,False,True
B2,A|B1,FAST,NONDEPLOYABLE_DECOUPLED_STRENGTH_GATE,0.04,0.4,0.6,0.60,29,1.1137931034482758,0.9689655172413794,0.14482758620689654,0.06482758620689653,0.23862068965517236,0.41379310344827586,1.0,0.41379310344827586,12,0.41379310344827586,0.14482758620689654,False,True
B2,A|B1,FAST,NONDEPLOYABLE_DECOUPLED_STRENGTH_GATE,0.04,0.4,0.7,0.70,29,1.1137931034482758,0.9689655172413794,0.14482758620689654,0.06344827586206896,0.24413793103448275,0.41379310344827586,1.0,0.41379310344827586,12,0.41379310344827586,0.14482758620689654,False,True
B2,A|B1,FAST,NONDEPLOYABLE_DECOUPLED_STRENGTH_GATE,0.04,0.4,0.8,0.80,29,1.1137931034482758,0.9689655172413794,0.14482758620689654,0.0689655172413793,0.23724137931034478,0.41379310344827586,1.0,0.41379310344827586,12,0.41379310344827586,0.14482758620689654,False,True
B2,A|B1,FAST,NONDEPLOYABLE_DECOUPLED_STRENGTH_GATE,0.04,0.4,0.9,0.90,29,1.1137931034482758,0.9689655172413794,0.14482758620689654,0.06482758620689655,0.23727586206896534,0.41379310344827586,1.0,0.41379310344827586,12,0.41379310344827586,0.14482758620689654,False,True
B2,A|B1,FAST,NONDEPLOYABLE_DECOUPLED_STRENGTH_GATE,0.04,0.4,0.95,0.95,29,1.1137931034482758,0.9689655172413794,0.14482758620689654,0.06206896551724138,0.2386206896551724,0.41379310344827586,1.0,0.41379310344827586,12,0.41379310344827586,0.14482758620689654,False,True
B2,A|B1,FAST,NONDEPLOYABLE_DECOUPLED_STRENGTH_GATE,0.04,0.4,0.98,0.98,29,1.1137931034482758,0.9689655172413794,0.14482758620689654,0.06620689655172413,0.23724137931034484,0.41379310344827586,1.0,0.41379310344827586,12,0.41379310344827586,0.14482758620689654,False,True
B2,A|B1,FAST,NONDEPLOYABLE_DECOUPLED_STRENGTH_GATE,0.04,0.4,0.99,0.99,29,1.1137931034482758,0.9689655172413794,0.14482758620689654,0.06479310344827585,0.23727586206896537,0.41379310344827586,1.0,0.41379310344827586,12,0.41379310344827586,0.14482758620689654,False,True
B2,A|B1,FAST,NONDEPLOYABLE_DECOUPLED_STRENGTH_GATE,0.04,0.4,1.0,1.00,29,1.1137931034482758,0.9689655172413794,0.14482758620689654,0.06206896551724137,0.23586206896551726,0.41379310344827586,1.0,0.41379310344827586,12,0.41379310344827586,0.14482758620689654,False,True
B2,A|B1,FAST,NONDEPLOYABLE_DECOUPLED_STRENGTH_GATE,0.04,0.6,0.3333333333333333,0.333333,29,1.3027586206896555,1.3027586206896555,0.0,0.0,0.0,0.0,1.0,0.0,12,0.41379310344827586,0.12137931034482757,False,True
B2,A|B1,FAST,NONDEPLOYABLE_DECOUPLED_STRENGTH_GATE,0.04,0.6,0.5,0.50,29,1.3027586206896555,1.1813793103448278,0.12137931034482757,0.05379310344827584,0.2014137931034481,0.41379310344827586,1.0,0.41379310344827586,12,0.41379310344827586,0.12137931034482757,False,True
B2,A|B1,FAST,NONDEPLOYABLE_DECOUPLED_STRENGTH_GATE,0.04,0.6,0.6,0.60,29,1.3027586206896555,1.1813793103448278,0.12137931034482757,0.059275862068965485,0.19586206896551722,0.41379310344827586,1.0,0.41379310344827586,12,0.41379310344827586,0.12137931034482757,False,True
B2,A|B1,FAST,NONDEPLOYABLE_DECOUPLED_STRENGTH_GATE,0.04,0.6,0.7,0.70,29,1.3027586206896555,1.1813793103448278,0.12137931034482757,0.05931034482758618,0.19586206896551717,0.41379310344827586,1.0,0.41379310344827586,12,0.41379310344827586,0.12137931034482757,False,True
B2,A|B1,FAST,NONDEPLOYABLE_DECOUPLED_STRENGTH_GATE,0.04,0.6,0.8,0.80,29,1.3027586206896555,1.1813793103448278,0.12137931034482757,0.05793103448275861,0.19034482758620688,0.41379310344827586,1.0,0.41379310344827586,12,0.41379310344827586,0.12137931034482757,False,True
B2,A|B1,FAST,NONDEPLOYABLE_DECOUPLED_STRENGTH_GATE,0.04,0.6,0.9,0.90,29,1.3027586206896555,1.1813793103448278,0.12137931034482757,0.05379310344827584,0.19448275862068964,0.41379310344827586,1.0,0.41379310344827586,12,0.41379310344827586,0.12137931034482757,False,True
B2,A|B1,FAST,NONDEPLOYABLE_DECOUPLED_STRENGTH_GATE,0.04,0.6,0.95,0.95,29,1.3027586206896555,1.1813793103448278,0.12137931034482757,0.056551724137931025,0.19586206896551722,0.41379310344827586,1.0,0.41379310344827586,12,0.41379310344827586,0.12137931034482757,False,True
B2,A|B1,FAST,NONDEPLOYABLE_DECOUPLED_STRENGTH_GATE,0.04,0.6,0.98,0.98,29,1.3027586206896555,1.1813793103448278,0.12137931034482757,0.056551724137931025,0.1972413793103448,0.41379310344827586,1.0,0.41379310344827586,12,0.41379310344827586,0.12137931034482757,False,True
B2,A|B1,FAST,NONDEPLOYABLE_DECOUPLED_STRENGTH_GATE,0.04,0.6,0.99,0.99,29,1.3027586206896555,1.1813793103448278,0.12137931034482757,0.05931034482758617,0.19448275862068964,0.41379310344827586,1.0,0.41379310344827586,12,0.41379310344827586,0.12137931034482757,False,True
B2,A|B1,FAST,NONDEPLOYABLE_DECOUPLED_STRENGTH_GATE,0.04,0.6,1.0,1.00,29,1.3027586206896555,1.1813793103448278,0.12137931034482757,0.05379310344827585,0.19862068965517238,0.41379310344827586,1.0,0.41379310344827586,12,0.41379310344827586,0.12137931034482757,False,True
B2,A|B1,MEDIUM,FROZEN_GATE_SHARED_THRESHOLD,0.10,0.2,0.3333333333333333,0.333333,29,1.013793103448276,1.013793103448276,0.0,0.0,0.0,0.0,0.0,0.0,16,0.5517241379310345,0.23448275862068968,False,True
B2,A|B1,MEDIUM,FROZEN_GATE_SHARED_THRESHOLD,0.10,0.2,0.5,0.50,29,1.013793103448276,1.013793103448276,0.0,0.0,0.0,0.0,0.0,0.0,16,0.5517241379310345,0.23448275862068968,False,True
B2,A|B1,MEDIUM,FROZEN_GATE_SHARED_THRESHOLD,0.10,0.2,0.6,0.60,29,1.013793103448276,1.013793103448276,0.0,0.0,0.0,0.0,0.0,0.0,16,0.5517241379310345,0.23448275862068968,False,True
B2,A|B1,MEDIUM,FROZEN_GATE_SHARED_THRESHOLD,0.10,0.2,0.7,0.70,29,1.013793103448276,0.7793103448275861,0.23448275862068968,0.13448275862068967,0.35172413793103446,0.5517241379310345,1.0,0.5517241379310345,16,0.5517241379310345,0.23448275862068968,False,True
B2,A|B1,MEDIUM,FROZEN_GATE_SHARED_THRESHOLD,0.10,0.2,0.8,0.80,29,1.013793103448276,0.7793103448275861,0.23448275862068968,0.1310344827586207,0.3413793103448276,0.5517241379310345,1.0,0.5517241379310345,16,0.5517241379310345,0.23448275862068968,False,True
B2,A|B1,MEDIUM,FROZEN_GATE_SHARED_THRESHOLD,0.10,0.2,0.9,0.90,29,1.013793103448276,0.7793103448275861,0.23448275862068968,0.13448275862068967,0.35172413793103446,0.5517241379310345,1.0,0.5517241379310345,16,0.5517241379310345,0.23448275862068968,False,True
B2,A|B1,MEDIUM,FROZEN_GATE_SHARED_THRESHOLD,0.10,0.2,0.95,0.95,29,1.013793103448276,0.7793103448275861,0.23448275862068968,0.13439655172413795,0.3448275862068966,0.5517241379310345,1.0,0.5517241379310345,16,0.5517241379310345,0.23448275862068968,False,True
B2,A|B1,MEDIUM,FROZEN_GATE_SHARED_THRESHOLD,0.10,0.2,0.98,0.98,29,1.013793103448276,0.7793103448275861,0.23448275862068968,0.1310344827586207,0.3448275862068966,0.5517241379310345,1.0,0.5517241379310345,16,0.5517241379310345,0.23448275862068968,False,True
B2,A|B1,MEDIUM,FROZEN_GATE_SHARED_THRESHOLD,0.10,0.2,0.99,0.99,29,1.013793103448276,0.7793103448275861,0.23448275862068968,0.1310344827586207,0.34827586206896555,0.5517241379310345,1.0,0.5517241379310345,16,0.5517241379310345,0.23448275862068968,False,True
B2,A|B1,MEDIUM,FROZEN_GATE_SHARED_THRESHOLD,0.10,0.2,1.0,1.00,29,1.013793103448276,0.7793103448275861,0.23448275862068968,0.13448275862068967,0.35172413793103446,0.5517241379310345,1.0,0.5517241379310345,16,0.5517241379310345,0.23448275862068968,False,True
B2,A|B1,MEDIUM,FROZEN_GATE_SHARED_THRESHOLD,0.10,0.4,0.3333333333333333,0.333333,29,1.206896551724138,1.206896551724138,0.0,0.0,0.0,0.0,0.0,0.0,16,0.5517241379310345,0.23448275862068965,False,True
B2,A|B1,MEDIUM,FROZEN_GATE_SHARED_THRESHOLD,0.10,0.4,0.5,0.50,29,1.206896551724138,1.206896551724138,0.0,0.0,0.0,0.0,0.0,0.0,16,0.5517241379310345,0.23448275862068965,False,True
B2,A|B1,MEDIUM,FROZEN_GATE_SHARED_THRESHOLD,0.10,0.4,0.6,0.60,29,1.206896551724138,1.206896551724138,0.0,0.0,0.0,0.0,0.0,0.0,16,0.5517241379310345,0.23448275862068965,False,True
B2,A|B1,MEDIUM,FROZEN_GATE_SHARED_THRESHOLD,0.10,0.4,0.7,0.70,29,1.206896551724138,0.9724137931034481,0.23448275862068965,0.1310344827586207,0.3448275862068966,0.5517241379310345,1.0,0.5517241379310345,16,0.5517241379310345,0.23448275862068965,False,True
B2,A|B1,MEDIUM,FROZEN_GATE_SHARED_THRESHOLD,0.10,0.4,0.8,0.80,29,1.206896551724138,0.9724137931034481,0.23448275862068965,0.1310344827586207,0.34827586206896544,0.5517241379310345,1.0,0.5517241379310345,16,0.5517241379310345,0.23448275862068965,False,True
B2,A|B1,MEDIUM,FROZEN_GATE_SHARED_THRESHOLD,0.10,0.4,0.9,0.90,29,1.206896551724138,0.9724137931034481,0.23448275862068965,0.13094827586206895,0.3413793103448276,0.5517241379310345,1.0,0.5517241379310345,16,0.5517241379310345,0.23448275862068965,False,True
B2,A|B1,MEDIUM,FROZEN_GATE_SHARED_THRESHOLD,0.10,0.4,0.95,0.95,29,1.206896551724138,0.9724137931034481,0.23448275862068965,0.13094827586206895,0.34146551724137886,0.5517241379310345,1.0,0.5517241379310345,16,0.5517241379310345,0.23448275862068965,False,True
B2,A|B1,MEDIUM,FROZEN_GATE_SHARED_THRESHOLD,0.10,0.4,0.98,0.98,29,1.206896551724138,0.9724137931034481,0.23448275862068965,0.1310344827586207,0.3448275862068966,0.5517241379310345,1.0,0.5517241379310345,16,0.5517241379310345,0.23448275862068965,False,True
B2,A|B1,MEDIUM,FROZEN_GATE_SHARED_THRESHOLD,0.10,0.4,0.99,0.99,29,1.206896551724138,0.9724137931034481,0.23448275862068965,0.13793103448275862,0.3380172413793099,0.5517241379310345,1.0,0.5517241379310345,16,0.5517241379310345,0.23448275862068965,False,True
B2,A|B1,MEDIUM,FROZEN_GATE_SHARED_THRESHOLD,0.10,0.4,1.0,1.00,29,1.206896551724138,0.9724137931034481,0.23448275862068965,0.13448275862068967,0.34482758620689646,0.5517241379310345,1.0,0.5517241379310345,16,0.5517241379310345,0.23448275862068965,False,True
B2,A|B1,MEDIUM,FROZEN_GATE_SHARED_THRESHOLD,0.10,0.6,0.3333333333333333,0.333333,29,1.3931034482758622,1.3931034482758622,0.0,0.0,0.0,0.0,0.0,0.0,16,0.5517241379310345,0.22758620689655165,False,True
B2,A|B1,MEDIUM,FROZEN_GATE_SHARED_THRESHOLD,0.10,0.6,0.5,0.50,29,1.3931034482758622,1.3931034482758622,0.0,0.0,0.0,0.0,0.0,0.0,16,0.5517241379310345,0.22758620689655165,False,True
B2,A|B1,MEDIUM,FROZEN_GATE_SHARED_THRESHOLD,0.10,0.6,0.6,0.60,29,1.3931034482758622,1.3931034482758622,0.0,0.0,0.0,0.0,0.0,0.0,16,0.5517241379310345,0.22758620689655165,False,True
B2,A|B1,MEDIUM,FROZEN_GATE_SHARED_THRESHOLD,0.10,0.6,0.7,0.70,29,1.3931034482758622,1.1655172413793105,0.22758620689655165,0.13103448275862065,0.3310344827586207,0.5517241379310345,1.0,0.5517241379310345,16,0.5517241379310345,0.22758620689655165,False,True
B2,A|B1,MEDIUM,FROZEN_GATE_SHARED_THRESHOLD,0.10,0.6,0.8,0.80,29,1.3931034482758622,1.1655172413793105,0.22758620689655165,0.13103448275862065,0.3344827586206895,0.5517241379310345,1.0,0.5517241379310345,16,0.5517241379310345,0.22758620689655165,False,True
B2,A|B1,MEDIUM,FROZEN_GATE_SHARED_THRESHOLD,0.10,0.6,0.9,0.90,29,1.3931034482758622,1.1655172413793105,0.22758620689655165,0.13103448275862065,0.3310344827586207,0.5517241379310345,1.0,0.5517241379310345,16,0.5517241379310345,0.22758620689655165,False,True
B2,A|B1,MEDIUM,FROZEN_GATE_SHARED_THRESHOLD,0.10,0.6,0.95,0.95,29,1.3931034482758622,1.1655172413793105,0.22758620689655165,0.13103448275862065,0.3275862068965516,0.5517241379310345,1.0,0.5517241379310345,16,0.5517241379310345,0.22758620689655165,False,True
B2,A|B1,MEDIUM,FROZEN_GATE_SHARED_THRESHOLD,0.10,0.6,0.98,0.98,29,1.3931034482758622,1.1655172413793105,0.22758620689655165,0.1343965517241379,0.3275862068965516,0.5517241379310345,1.0,0.5517241379310345,16,0.5517241379310345,0.22758620689655165,False,True
B2,A|B1,MEDIUM,FROZEN_GATE_SHARED_THRESHOLD,0.10,0.6,0.99,0.99,29,1.3931034482758622,1.1655172413793105,0.22758620689655165,0.1275862068965517,0.33448275862068955,0.5517241379310345,1.0,0.5517241379310345,16,0.5517241379310345,0.22758620689655165,False,True
B2,A|B1,MEDIUM,FROZEN_GATE_SHARED_THRESHOLD,0.10,0.6,1.0,1.00,29,1.3931034482758622,1.1655172413793105,0.22758620689655165,0.13448275862068962,0.33448275862068966,0.5517241379310345,1.0,0.5517241379310345,16,0.5517241379310345,0.22758620689655165,False,True
B2,A|B1,MEDIUM,FROZEN_GATE_SHARED_THRESHOLD,0.04,0.2,0.3333333333333333,0.333333,29,0.9937931034482759,0.9937931034482759,0.0,0.0,0.0,0.0,0.0,0.0,17,0.5862068965517241,0.21931034482758618,False,True
B2,A|B1,MEDIUM,FROZEN_GATE_SHARED_THRESHOLD,0.04,0.2,0.5,0.50,29,0.9937931034482759,0.9937931034482759,0.0,0.0,0.0,0.0,0.0,0.0,17,0.5862068965517241,0.21931034482758618,False,True
B2,A|B1,MEDIUM,FROZEN_GATE_SHARED_THRESHOLD,0.04,0.2,0.6,0.60,29,0.9937931034482759,0.9937931034482759,0.0,0.0,0.0,0.0,0.0,0.0,17,0.5862068965517241,0.21931034482758618,False,True
B2,A|B1,MEDIUM,FROZEN_GATE_SHARED_THRESHOLD,0.04,0.2,0.7,0.70,29,0.9937931034482759,0.7744827586206895,0.21931034482758618,0.11724137931034483,0.3296896551724136,0.5862068965517241,1.0,0.5862068965517241,17,0.5862068965517241,0.21931034482758618,False,True
B2,A|B1,MEDIUM,FROZEN_GATE_SHARED_THRESHOLD,0.04,0.2,0.8,0.80,29,0.9937931034482759,0.7744827586206895,0.21931034482758618,0.11586206896551725,0.32827586206896553,0.5862068965517241,1.0,0.5862068965517241,17,0.5862068965517241,0.21931034482758618,False,True
B2,A|B1,MEDIUM,FROZEN_GATE_SHARED_THRESHOLD,0.04,0.2,0.9,0.90,29,0.9937931034482759,0.7744827586206895,0.21931034482758618,0.11862068965517245,0.3324482758620688,0.5862068965517241,1.0,0.5862068965517241,17,0.5862068965517241,0.21931034482758618,False,True
B2,A|B1,MEDIUM,FROZEN_GATE_SHARED_THRESHOLD,0.04,0.2,0.95,0.95,29,0.9937931034482759,0.7744827586206895,0.21931034482758618,0.11586206896551725,0.33379310344827584,0.5862068965517241,1.0,0.5862068965517241,17,0.5862068965517241,0.21931034482758618,False,True
B2,A|B1,MEDIUM,FROZEN_GATE_SHARED_THRESHOLD,0.04,0.2,0.98,0.98,29,0.9937931034482759,0.7744827586206895,0.21931034482758618,0.12134482758620689,0.32827586206896553,0.5862068965517241,1.0,0.5862068965517241,17,0.5862068965517241,0.21931034482758618,False,True
B2,A|B1,MEDIUM,FROZEN_GATE_SHARED_THRESHOLD,0.04,0.2,0.99,0.99,29,0.9937931034482759,0.7744827586206895,0.21931034482758618,0.12272413793103445,0.3337931034482759,0.5862068965517241,1.0,0.5862068965517241,17,0.5862068965517241,0.21931034482758618,False,True
B2,A|B1,MEDIUM,FROZEN_GATE_SHARED_THRESHOLD,0.04,0.2,1.0,1.00,29,0.9937931034482759,0.7744827586206895,0.21931034482758618,0.11999999999999998,0.3296896551724136,0.5862068965517241,1.0,0.5862068965517241,17,0.5862068965517241,0.21931034482758618,False,True
B2,A|B1,MEDIUM,FROZEN_GATE_SHARED_THRESHOLD,0.04,0.4,0.3333333333333333,0.333333,29,1.1868965517241379,1.1868965517241379,0.0,0.0,0.0,0.0,0.0,0.0,16,0.5517241379310345,0.21793103448275858,False,True
B2,A|B1,MEDIUM,FROZEN_GATE_SHARED_THRESHOLD,0.04,0.4,0.5,0.50,29,1.1868965517241379,1.1868965517241379,0.0,0.0,0.0,0.0,0.0,0.0,16,0.5517241379310345,0.21793103448275858,False,True
B2,A|B1,MEDIUM,FROZEN_GATE_SHARED_THRESHOLD,0.04,0.4,0.6,0.60,29,1.1868965517241379,1.1868965517241379,0.0,0.0,0.0,0.0,0.0,0.0,16,0.5517241379310345,0.21793103448275858,False,True
B2,A|B1,MEDIUM,FROZEN_GATE_SHARED_THRESHOLD,0.04,0.4,0.7,0.70,29,1.1868965517241379,0.9689655172413794,0.21793103448275858,0.11724137931034484,0.3310344827586207,0.5517241379310345,1.0,0.5517241379310345,16,0.5517241379310345,0.21793103448275858,False,True
B2,A|B1,MEDIUM,FROZEN_GATE_SHARED_THRESHOLD,0.04,0.4,0.8,0.80,29,1.1868965517241379,0.9689655172413794,0.21793103448275858,0.11444827586206897,0.3351724137931034,0.5517241379310345,1.0,0.5517241379310345,16,0.5517241379310345,0.21793103448275858,False,True
B2,A|B1,MEDIUM,FROZEN_GATE_SHARED_THRESHOLD,0.04,0.4,0.9,0.90,29,1.1868965517241379,0.9689655172413794,0.21793103448275858,0.11724137931034483,0.32689655172413795,0.5517241379310345,1.0,0.5517241379310345,16,0.5517241379310345,0.21793103448275858,False,True
B2,A|B1,MEDIUM,FROZEN_GATE_SHARED_THRESHOLD,0.04,0.4,0.95,0.95,29,1.1868965517241379,0.9689655172413794,0.21793103448275858,0.12134482758620688,0.3352068965517239,0.5517241379310345,1.0,0.5517241379310345,16,0.5517241379310345,0.21793103448275858,False,True
B2,A|B1,MEDIUM,FROZEN_GATE_SHARED_THRESHOLD,0.04,0.4,0.98,0.98,29,1.1868965517241379,0.9689655172413794,0.21793103448275858,0.11724137931034484,0.3241724137931033,0.5517241379310345,1.0,0.5517241379310345,16,0.5517241379310345,0.21793103448275858,False,True
B2,A|B1,MEDIUM,FROZEN_GATE_SHARED_THRESHOLD,0.04,0.4,0.99,0.99,29,1.1868965517241379,0.9689655172413794,0.21793103448275858,0.11448275862068967,0.3324482758620689,0.5517241379310345,1.0,0.5517241379310345,16,0.5517241379310345,0.21793103448275858,False,True
B2,A|B1,MEDIUM,FROZEN_GATE_SHARED_THRESHOLD,0.04,0.4,1.0,1.00,29,1.1868965517241379,0.9689655172413794,0.21793103448275858,0.11168965517241378,0.3324137931034483,0.5517241379310345,1.0,0.5517241379310345,16,0.5517241379310345,0.21793103448275858,False,True
B2,A|B1,MEDIUM,FROZEN_GATE_SHARED_THRESHOLD,0.04,0.6,0.3333333333333333,0.333333,29,1.4006896551724135,1.4006896551724135,0.0,0.0,0.0,0.0,0.0,0.0,17,0.5862068965517241,0.21931034482758613,False,True
B2,A|B1,MEDIUM,FROZEN_GATE_SHARED_THRESHOLD,0.04,0.6,0.5,0.50,29,1.4006896551724135,1.4006896551724135,0.0,0.0,0.0,0.0,0.0,0.0,17,0.5862068965517241,0.21931034482758613,False,True
B2,A|B1,MEDIUM,FROZEN_GATE_SHARED_THRESHOLD,0.04,0.6,0.6,0.60,29,1.4006896551724135,1.4006896551724135,0.0,0.0,0.0,0.0,0.0,0.0,17,0.5862068965517241,0.21931034482758613,False,True
B2,A|B1,MEDIUM,FROZEN_GATE_SHARED_THRESHOLD,0.04,0.6,0.7,0.70,29,1.4006896551724135,1.1813793103448278,0.21931034482758613,0.12548275862068964,0.3199999999999999,0.5862068965517241,1.0,0.5862068965517241,17,0.5862068965517241,0.21931034482758613,False,True
B2,A|B1,MEDIUM,FROZEN_GATE_SHARED_THRESHOLD,0.04,0.6,0.8,0.80,29,1.4006896551724135,1.1813793103448278,0.21931034482758613,0.12551724137931033,0.329655172413793,0.5862068965517241,1.0,0.5862068965517241,17,0.5862068965517241,0.21931034482758613,False,True
B2,A|B1,MEDIUM,FROZEN_GATE_SHARED_THRESHOLD,0.04,0.6,0.9,0.90,29,1.4006896551724135,1.1813793103448278,0.21931034482758613,0.12410344827586203,0.3310344827586206,0.5862068965517241,1.0,0.5862068965517241,17,0.5862068965517241,0.21931034482758613,False,True
B2,A|B1,MEDIUM,FROZEN_GATE_SHARED_THRESHOLD,0.04,0.6,0.95,0.95,29,1.4006896551724135,1.1813793103448278,0.21931034482758613,0.12413793103448273,0.3268965517241379,0.5862068965517241,1.0,0.5862068965517241,17,0.5862068965517241,0.21931034482758613,False,True
B2,A|B1,MEDIUM,FROZEN_GATE_SHARED_THRESHOLD,0.04,0.6,0.98,0.98,29,1.4006896551724135,1.1813793103448278,0.21931034482758613,0.1255172413793103,0.3241379310344827,0.5862068965517241,1.0,0.5862068965517241,17,0.5862068965517241,0.21931034482758613,False,True
B2,A|B1,MEDIUM,FROZEN_GATE_SHARED_THRESHOLD,0.04,0.6,0.99,0.99,29,1.4006896551724135,1.1813793103448278,0.21931034482758613,0.12275862068965517,0.3241379310344827,0.5862068965517241,1.0,0.5862068965517241,17,0.5862068965517241,0.21931034482758613,False,True
B2,A|B1,MEDIUM,FROZEN_GATE_SHARED_THRESHOLD,0.04,0.6,1.0,1.00,29,1.4006896551724135,1.1813793103448278,0.21931034482758613,0.12827586206896552,0.329655172413793,0.5862068965517241,1.0,0.5862068965517241,17,0.5862068965517241,0.21931034482758613,False,True
B2,A|B1,MEDIUM,NONDEPLOYABLE_DECOUPLED_STRENGTH_GATE,0.10,0.2,0.3333333333333333,0.333333,29,1.013793103448276,0.9241379310344826,0.0896551724137931,0.04482758620689656,0.14827586206896554,0.41379310344827586,1.0,0.41379310344827586,11,0.3793103448275862,0.1448275862068966,False,True
B2,A|B1,MEDIUM,NONDEPLOYABLE_DECOUPLED_STRENGTH_GATE,0.10,0.2,0.5,0.50,29,1.013793103448276,0.7793103448275861,0.23448275862068968,0.1310344827586207,0.3482758620689655,0.5517241379310345,1.0,0.5517241379310345,11,0.3793103448275862,0.1448275862068966,False,True
B2,A|B1,MEDIUM,NONDEPLOYABLE_DECOUPLED_STRENGTH_GATE,0.10,0.2,0.6,0.60,29,1.013793103448276,0.7793103448275861,0.23448275862068968,0.12758620689655173,0.35172413793103446,0.5517241379310345,1.0,0.5517241379310345,11,0.3793103448275862,0.1448275862068966,False,True
B2,A|B1,MEDIUM,NONDEPLOYABLE_DECOUPLED_STRENGTH_GATE,0.10,0.2,0.7,0.70,29,1.013793103448276,0.7793103448275861,0.23448275862068968,0.1378448275862069,0.34482758620689663,0.5517241379310345,1.0,0.5517241379310345,11,0.3793103448275862,0.1448275862068966,False,True
B2,A|B1,MEDIUM,NONDEPLOYABLE_DECOUPLED_STRENGTH_GATE,0.10,0.2,0.8,0.80,29,1.013793103448276,0.7793103448275861,0.23448275862068968,0.13448275862068967,0.3448275862068966,0.5517241379310345,1.0,0.5517241379310345,11,0.3793103448275862,0.1448275862068966,False,True
B2,A|B1,MEDIUM,NONDEPLOYABLE_DECOUPLED_STRENGTH_GATE,0.10,0.2,0.9,0.90,29,1.013793103448276,0.7793103448275861,0.23448275862068968,0.13103448275862076,0.3482758620689655,0.5517241379310345,1.0,0.5517241379310345,11,0.3793103448275862,0.1448275862068966,False,True
B2,A|B1,MEDIUM,NONDEPLOYABLE_DECOUPLED_STRENGTH_GATE,0.10,0.2,0.95,0.95,29,1.013793103448276,0.7793103448275861,0.23448275862068968,0.1310344827586207,0.35172413793103446,0.5517241379310345,1.0,0.5517241379310345,11,0.3793103448275862,0.1448275862068966,False,True
B2,A|B1,MEDIUM,NONDEPLOYABLE_DECOUPLED_STRENGTH_GATE,0.10,0.2,0.98,0.98,29,1.013793103448276,0.7793103448275861,0.23448275862068968,0.13439655172413795,0.3482758620689655,0.5517241379310345,1.0,0.5517241379310345,11,0.3793103448275862,0.1448275862068966,False,True
B2,A|B1,MEDIUM,NONDEPLOYABLE_DECOUPLED_STRENGTH_GATE,0.10,0.2,0.99,0.99,29,1.013793103448276,0.7793103448275861,0.23448275862068968,0.13439655172413792,0.3482758620689655,0.5517241379310345,1.0,0.5517241379310345,11,0.3793103448275862,0.1448275862068966,False,True
B2,A|B1,MEDIUM,NONDEPLOYABLE_DECOUPLED_STRENGTH_GATE,0.10,0.2,1.0,1.00,29,1.013793103448276,0.7793103448275861,0.23448275862068968,0.12413793103448281,0.3448275862068966,0.5517241379310345,1.0,0.5517241379310345,11,0.3793103448275862,0.1448275862068966,False,True
B2,A|B1,MEDIUM,NONDEPLOYABLE_DECOUPLED_STRENGTH_GATE,0.10,0.4,0.3333333333333333,0.333333,29,1.206896551724138,1.1172413793103448,0.08965517241379314,0.04482758620689658,0.14482758620689656,0.41379310344827586,1.0,0.41379310344827586,11,0.3793103448275862,0.14482758620689654,False,True
B2,A|B1,MEDIUM,NONDEPLOYABLE_DECOUPLED_STRENGTH_GATE,0.10,0.4,0.5,0.50,29,1.206896551724138,0.9724137931034481,0.23448275862068965,0.13448275862068965,0.34827586206896544,0.5517241379310345,1.0,0.5517241379310345,11,0.3793103448275862,0.14482758620689654,False,True
B2,A|B1,MEDIUM,NONDEPLOYABLE_DECOUPLED_STRENGTH_GATE,0.10,0.4,0.6,0.60,29,1.206896551724138,0.9724137931034481,0.23448275862068965,0.13793103448275862,0.35172413793103446,0.5517241379310345,1.0,0.5517241379310345,11,0.3793103448275862,0.14482758620689654,False,True
B2,A|B1,MEDIUM,NONDEPLOYABLE_DECOUPLED_STRENGTH_GATE,0.10,0.4,0.7,0.70,29,1.206896551724138,0.9724137931034481,0.23448275862068965,0.13448275862068965,0.3482758620689655,0.5517241379310345,1.0,0.5517241379310345,11,0.3793103448275862,0.14482758620689654,False,True
B2,A|B1,MEDIUM,NONDEPLOYABLE_DECOUPLED_STRENGTH_GATE,0.10,0.4,0.8,0.80,29,1.206896551724138,0.9724137931034481,0.23448275862068965,0.13448275862068967,0.3413793103448276,0.5517241379310345,1.0,0.5517241379310345,11,0.3793103448275862,0.14482758620689654,False,True
B2,A|B1,MEDIUM,NONDEPLOYABLE_DECOUPLED_STRENGTH_GATE,0.10,0.4,0.9,0.90,29,1.206896551724138,0.9724137931034481,0.23448275862068965,0.13448275862068965,0.34491379310344783,0.5517241379310345,1.0,0.5517241379310345,11,0.3793103448275862,0.14482758620689654,False,True
B2,A|B1,MEDIUM,NONDEPLOYABLE_DECOUPLED_STRENGTH_GATE,0.10,0.4,0.95,0.95,29,1.206896551724138,0.9724137931034481,0.23448275862068965,0.1310344827586207,0.34482758620689646,0.5517241379310345,1.0,0.5517241379310345,11,0.3793103448275862,0.14482758620689654,False,True
B2,A|B1,MEDIUM,NONDEPLOYABLE_DECOUPLED_STRENGTH_GATE,0.10,0.4,0.98,0.98,29,1.206896551724138,0.9724137931034481,0.23448275862068965,0.1310344827586207,0.3482758620689655,0.5517241379310345,1.0,0.5517241379310345,11,0.3793103448275862,0.14482758620689654,False,True
B2,A|B1,MEDIUM,NONDEPLOYABLE_DECOUPLED_STRENGTH_GATE,0.10,0.4,0.99,0.99,29,1.206896551724138,0.9724137931034481,0.23448275862068965,0.13103448275862067,0.3448275862068966,0.5517241379310345,1.0,0.5517241379310345,11,0.3793103448275862,0.14482758620689654,False,True
B2,A|B1,MEDIUM,NONDEPLOYABLE_DECOUPLED_STRENGTH_GATE,0.10,0.4,1.0,1.00,29,1.206896551724138,0.9724137931034481,0.23448275862068965,0.13448275862068965,0.34827586206896544,0.5517241379310345,1.0,0.5517241379310345,11,0.3793103448275862,0.14482758620689654,False,True
B2,A|B1,MEDIUM,NONDEPLOYABLE_DECOUPLED_STRENGTH_GATE,0.10,0.6,0.3333333333333333,0.333333,29,1.3931034482758622,1.3034482758620691,0.08965517241379306,0.041379310344827586,0.14482758620689654,0.41379310344827586,1.0,0.41379310344827586,11,0.3793103448275862,0.1379310344827586,False,True
B2,A|B1,MEDIUM,NONDEPLOYABLE_DECOUPLED_STRENGTH_GATE,0.10,0.6,0.5,0.50,29,1.3931034482758622,1.1655172413793105,0.22758620689655165,0.13094827586206892,0.3379310344827586,0.5517241379310345,1.0,0.5517241379310345,11,0.3793103448275862,0.1379310344827586,False,True
B2,A|B1,MEDIUM,NONDEPLOYABLE_DECOUPLED_STRENGTH_GATE,0.10,0.6,0.6,0.60,29,1.3931034482758622,1.1655172413793105,0.22758620689655165,0.13103448275862065,0.3310344827586206,0.5517241379310345,1.0,0.5517241379310345,11,0.3793103448275862,0.1379310344827586,False,True
B2,A|B1,MEDIUM,NONDEPLOYABLE_DECOUPLED_STRENGTH_GATE,0.10,0.6,0.7,0.70,29,1.3931034482758622,1.1655172413793105,0.22758620689655165,0.13103448275862067,0.3344827586206895,0.5517241379310345,1.0,0.5517241379310345,11,0.3793103448275862,0.1379310344827586,False,True
B2,A|B1,MEDIUM,NONDEPLOYABLE_DECOUPLED_STRENGTH_GATE,0.10,0.6,0.8,0.80,29,1.3931034482758622,1.1655172413793105,0.22758620689655165,0.12758620689655167,0.3275862068965516,0.5517241379310345,1.0,0.5517241379310345,11,0.3793103448275862,0.1379310344827586,False,True
B2,A|B1,MEDIUM,NONDEPLOYABLE_DECOUPLED_STRENGTH_GATE,0.10,0.6,0.9,0.90,29,1.3931034482758622,1.1655172413793105,0.22758620689655165,0.1343965517241379,0.33448275862068966,0.5517241379310345,1.0,0.5517241379310345,11,0.3793103448275862,0.1379310344827586,False,True
B2,A|B1,MEDIUM,NONDEPLOYABLE_DECOUPLED_STRENGTH_GATE,0.10,0.6,0.95,0.95,29,1.3931034482758622,1.1655172413793105,0.22758620689655165,0.13103448275862065,0.33448275862068966,0.5517241379310345,1.0,0.5517241379310345,11,0.3793103448275862,0.1379310344827586,False,True
B2,A|B1,MEDIUM,NONDEPLOYABLE_DECOUPLED_STRENGTH_GATE,0.10,0.6,0.98,0.98,29,1.3931034482758622,1.1655172413793105,0.22758620689655165,0.12413793103448273,0.32758620689655166,0.5517241379310345,1.0,0.5517241379310345,11,0.3793103448275862,0.1379310344827586,False,True
B2,A|B1,MEDIUM,NONDEPLOYABLE_DECOUPLED_STRENGTH_GATE,0.10,0.6,0.99,0.99,29,1.3931034482758622,1.1655172413793105,0.22758620689655165,0.13103448275862065,0.33448275862068955,0.5517241379310345,1.0,0.5517241379310345,11,0.3793103448275862,0.1379310344827586,False,True
B2,A|B1,MEDIUM,NONDEPLOYABLE_DECOUPLED_STRENGTH_GATE,0.10,0.6,1.0,1.00,29,1.3931034482758622,1.1655172413793105,0.22758620689655165,0.13103448275862065,0.33448275862068966,0.5517241379310345,1.0,0.5517241379310345,11,0.3793103448275862,0.1379310344827586,False,True
B2,A|B1,MEDIUM,NONDEPLOYABLE_DECOUPLED_STRENGTH_GATE,0.04,0.2,0.3333333333333333,0.333333,29,0.9937931034482759,0.9206896551724137,0.07310344827586207,0.03586206896551724,0.11310344827586205,0.4482758620689655,1.0,0.4482758620689655,13,0.4482758620689655,0.14620689655172414,False,True
B2,A|B1,MEDIUM,NONDEPLOYABLE_DECOUPLED_STRENGTH_GATE,0.04,0.2,0.5,0.50,29,0.9937931034482759,0.7744827586206895,0.21931034482758618,0.12275862068965519,0.3324137931034483,0.5862068965517241,1.0,0.5862068965517241,13,0.4482758620689655,0.14620689655172414,False,True
B2,A|B1,MEDIUM,NONDEPLOYABLE_DECOUPLED_STRENGTH_GATE,0.04,0.2,0.6,0.60,29,0.9937931034482759,0.7744827586206895,0.21931034482758618,0.12410344827586206,0.32689655172413795,0.5862068965517241,1.0,0.5862068965517241,13,0.4482758620689655,0.14620689655172414,False,True
B2,A|B1,MEDIUM,NONDEPLOYABLE_DECOUPLED_STRENGTH_GATE,0.04,0.2,0.7,0.70,29,0.9937931034482759,0.7744827586206895,0.21931034482758618,0.11586206896551722,0.3324137931034483,0.5862068965517241,1.0,0.5862068965517241,13,0.4482758620689655,0.14620689655172414,False,True
B2,A|B1,MEDIUM,NONDEPLOYABLE_DECOUPLED_STRENGTH_GATE,0.04,0.2,0.8,0.80,29,0.9937931034482759,0.7744827586206895,0.21931034482758618,0.12137931034482759,0.32693103448275845,0.5862068965517241,1.0,0.5862068965517241,13,0.4482758620689655,0.14620689655172414,False,True
B2,A|B1,MEDIUM,NONDEPLOYABLE_DECOUPLED_STRENGTH_GATE,0.04,0.2,0.9,0.90,29,0.9937931034482759,0.7744827586206895,0.21931034482758618,0.11724137931034485,0.3351724137931035,0.5862068965517241,1.0,0.5862068965517241,13,0.4482758620689655,0.14620689655172414,False,True
B2,A|B1,MEDIUM,NONDEPLOYABLE_DECOUPLED_STRENGTH_GATE,0.04,0.2,0.95,0.95,29,0.9937931034482759,0.7744827586206895,0.21931034482758618,0.1213793103448276,0.32831034482758586,0.5862068965517241,1.0,0.5862068965517241,13,0.4482758620689655,0.14620689655172414,False,True
B2,A|B1,MEDIUM,NONDEPLOYABLE_DECOUPLED_STRENGTH_GATE,0.04,0.2,0.98,0.98,29,0.9937931034482759,0.7744827586206895,0.21931034482758618,0.12413793103448277,0.3351724137931035,0.5862068965517241,1.0,0.5862068965517241,13,0.4482758620689655,0.14620689655172414,False,True
B2,A|B1,MEDIUM,NONDEPLOYABLE_DECOUPLED_STRENGTH_GATE,0.04,0.2,0.99,0.99,29,0.9937931034482759,0.7744827586206895,0.21931034482758618,0.11999999999999998,0.3310344827586207,0.5862068965517241,1.0,0.5862068965517241,13,0.4482758620689655,0.14620689655172414,False,True
B2,A|B1,MEDIUM,NONDEPLOYABLE_DECOUPLED_STRENGTH_GATE,0.04,0.2,1.0,1.00,29,0.9937931034482759,0.7744827586206895,0.21931034482758618,0.11448275862068967,0.32965517241379305,0.5862068965517241,1.0,0.5862068965517241,13,0.4482758620689655,0.14620689655172414,False,True
B2,A|B1,MEDIUM,NONDEPLOYABLE_DECOUPLED_STRENGTH_GATE,0.04,0.4,0.3333333333333333,0.333333,29,1.1868965517241379,1.1137931034482758,0.07310344827586207,0.03448275862068966,0.11724137931034484,0.4482758620689655,1.0,0.4482758620689655,12,0.41379310344827586,0.14482758620689654,False,True
B2,A|B1,MEDIUM,NONDEPLOYABLE_DECOUPLED_STRENGTH_GATE,0.04,0.4,0.5,0.50,29,1.1868965517241379,0.9689655172413794,0.21793103448275858,0.12275862068965517,0.32827586206896553,0.5517241379310345,1.0,0.5517241379310345,12,0.41379310344827586,0.14482758620689654,False,True
B2,A|B1,MEDIUM,NONDEPLOYABLE_DECOUPLED_STRENGTH_GATE,0.04,0.4,0.6,0.60,29,1.1868965517241379,0.9689655172413794,0.21793103448275858,0.12275862068965517,0.3310344827586207,0.5517241379310345,1.0,0.5517241379310345,12,0.41379310344827586,0.14482758620689654,False,True
B2,A|B1,MEDIUM,NONDEPLOYABLE_DECOUPLED_STRENGTH_GATE,0.04,0.4,0.7,0.70,29,1.1868965517241379,0.9689655172413794,0.21793103448275858,0.11586206896551723,0.32965517241379305,0.5517241379310345,1.0,0.5517241379310345,12,0.41379310344827586,0.14482758620689654,False,True
B2,A|B1,MEDIUM,NONDEPLOYABLE_DECOUPLED_STRENGTH_GATE,0.04,0.4,0.8,0.80,29,1.1868965517241379,0.9689655172413794,0.21793103448275858,0.11862068965517242,0.33655172413793105,0.5517241379310345,1.0,0.5517241379310345,12,0.41379310344827586,0.14482758620689654,False,True
B2,A|B1,MEDIUM,NONDEPLOYABLE_DECOUPLED_STRENGTH_GATE,0.04,0.4,0.9,0.90,29,1.1868965517241379,0.9689655172413794,0.21793103448275858,0.12137931034482757,0.3351724137931034,0.5517241379310345,1.0,0.5517241379310345,12,0.41379310344827586,0.14482758620689654,False,True
B2,A|B1,MEDIUM,NONDEPLOYABLE_DECOUPLED_STRENGTH_GATE,0.04,0.4,0.95,0.95,29,1.1868965517241379,0.9689655172413794,0.21793103448275858,0.11724137931034484,0.3324482758620688,0.5517241379310345,1.0,0.5517241379310345,12,0.41379310344827586,0.14482758620689654,False,True
B2,A|B1,MEDIUM,NONDEPLOYABLE_DECOUPLED_STRENGTH_GATE,0.04,0.4,0.98,0.98,29,1.1868965517241379,0.9689655172413794,0.21793103448275858,0.11586206896551725,0.3255172413793103,0.5517241379310345,1.0,0.5517241379310345,12,0.41379310344827586,0.14482758620689654,False,True
B2,A|B1,MEDIUM,NONDEPLOYABLE_DECOUPLED_STRENGTH_GATE,0.04,0.4,0.99,0.99,29,1.1868965517241379,0.9689655172413794,0.21793103448275858,0.11724137931034484,0.32827586206896553,0.5517241379310345,1.0,0.5517241379310345,12,0.41379310344827586,0.14482758620689654,False,True
B2,A|B1,MEDIUM,NONDEPLOYABLE_DECOUPLED_STRENGTH_GATE,0.04,0.4,1.0,1.00,29,1.1868965517241379,0.9689655172413794,0.21793103448275858,0.11444827586206895,0.32965517241379305,0.5517241379310345,1.0,0.5517241379310345,12,0.41379310344827586,0.14482758620689654,False,True
B2,A|B1,MEDIUM,NONDEPLOYABLE_DECOUPLED_STRENGTH_GATE,0.04,0.6,0.3333333333333333,0.333333,29,1.4006896551724135,1.3027586206896555,0.09793103448275861,0.04137931034482758,0.16965517241379308,0.4482758620689655,1.0,0.4482758620689655,12,0.41379310344827586,0.12137931034482757,False,True
B2,A|B1,MEDIUM,NONDEPLOYABLE_DECOUPLED_STRENGTH_GATE,0.04,0.6,0.5,0.50,29,1.4006896551724135,1.1813793103448278,0.21931034482758613,0.12689655172413788,0.3227586206896551,0.5862068965517241,1.0,0.5862068965517241,12,0.41379310344827586,0.12137931034482757,False,True
B2,A|B1,MEDIUM,NONDEPLOYABLE_DECOUPLED_STRENGTH_GATE,0.04,0.6,0.6,0.60,29,1.4006896551724135,1.1813793103448278,0.21931034482758613,0.1268965517241379,0.32003448275862045,0.5862068965517241,1.0,0.5862068965517241,12,0.41379310344827586,0.12137931034482757,False,True
B2,A|B1,MEDIUM,NONDEPLOYABLE_DECOUPLED_STRENGTH_GATE,0.04,0.6,0.7,0.70,29,1.4006896551724135,1.1813793103448278,0.21931034482758613,0.12137931034482757,0.32551724137931015,0.5862068965517241,1.0,0.5862068965517241,12,0.41379310344827586,0.12137931034482757,False,True
B2,A|B1,MEDIUM,NONDEPLOYABLE_DECOUPLED_STRENGTH_GATE,0.04,0.6,0.8,0.80,29,1.4006896551724135,1.1813793103448278,0.21931034482758613,0.1282758620689655,0.32279310344827566,0.5862068965517241,1.0,0.5862068965517241,12,0.41379310344827586,0.12137931034482757,False,True
B2,A|B1,MEDIUM,NONDEPLOYABLE_DECOUPLED_STRENGTH_GATE,0.04,0.6,0.9,0.90,29,1.4006896551724135,1.1813793103448278,0.21931034482758613,0.1255172413793103,0.3186551724137929,0.5862068965517241,1.0,0.5862068965517241,12,0.41379310344827586,0.12137931034482757,False,True
B2,A|B1,MEDIUM,NONDEPLOYABLE_DECOUPLED_STRENGTH_GATE,0.04,0.6,0.95,0.95,29,1.4006896551724135,1.1813793103448278,0.21931034482758613,0.12689655172413788,0.32551724137931026,0.5862068965517241,1.0,0.5862068965517241,12,0.41379310344827586,0.12137931034482757,False,True
B2,A|B1,MEDIUM,NONDEPLOYABLE_DECOUPLED_STRENGTH_GATE,0.04,0.6,0.98,0.98,29,1.4006896551724135,1.1813793103448278,0.21931034482758613,0.1254827586206896,0.3255517241379308,0.5862068965517241,1.0,0.5862068965517241,12,0.41379310344827586,0.12137931034482757,False,True
B2,A|B1,MEDIUM,NONDEPLOYABLE_DECOUPLED_STRENGTH_GATE,0.04,0.6,0.99,0.99,29,1.4006896551724135,1.1813793103448278,0.21931034482758613,0.1268965517241379,0.32965517241379305,0.5862068965517241,1.0,0.5862068965517241,12,0.41379310344827586,0.12137931034482757,False,True
B2,A|B1,MEDIUM,NONDEPLOYABLE_DECOUPLED_STRENGTH_GATE,0.04,0.6,1.0,1.00,29,1.4006896551724135,1.1813793103448278,0.21931034482758613,0.1254827586206896,0.32693103448275834,0.5862068965517241,1.0,0.5862068965517241,12,0.41379310344827586,0.12137931034482757,False,True
B2,A|B1,CONSERVATIVE,FROZEN_GATE_SHARED_THRESHOLD,0.10,0.2,0.3333333333333333,0.333333,29,1.2172413793103447,1.2172413793103447,0.0,0.0,0.0,0.0,0.0,0.0,24,0.8275862068965517,0.4379310344827587,False,True
B2,A|B1,CONSERVATIVE,FROZEN_GATE_SHARED_THRESHOLD,0.10,0.2,0.5,0.50,29,1.2172413793103447,1.2172413793103447,0.0,0.0,0.0,0.0,0.0,0.0,24,0.8275862068965517,0.4379310344827587,False,True
B2,A|B1,CONSERVATIVE,FROZEN_GATE_SHARED_THRESHOLD,0.10,0.2,0.6,0.60,29,1.2172413793103447,1.2172413793103447,0.0,0.0,0.0,0.0,0.0,0.0,24,0.8275862068965517,0.4379310344827587,False,True
B2,A|B1,CONSERVATIVE,FROZEN_GATE_SHARED_THRESHOLD,0.10,0.2,0.7,0.70,29,1.2172413793103447,0.7793103448275861,0.4379310344827587,0.306896551724138,0.5827586206896551,0.8275862068965517,1.0,0.8275862068965517,24,0.8275862068965517,0.4379310344827587,False,True
B2,A|B1,CONSERVATIVE,FROZEN_GATE_SHARED_THRESHOLD,0.10,0.2,0.8,0.80,29,1.2172413793103447,0.7793103448275861,0.4379310344827587,0.3103448275862069,0.5724999999999996,0.8275862068965517,1.0,0.8275862068965517,24,0.8275862068965517,0.4379310344827587,False,True
B2,A|B1,CONSERVATIVE,FROZEN_GATE_SHARED_THRESHOLD,0.10,0.2,0.9,0.90,29,1.2172413793103447,0.7793103448275861,0.4379310344827587,0.3034482758620691,0.5793103448275863,0.8275862068965517,1.0,0.8275862068965517,24,0.8275862068965517,0.4379310344827587,False,True
B2,A|B1,CONSERVATIVE,FROZEN_GATE_SHARED_THRESHOLD,0.10,0.2,0.95,0.95,29,1.2172413793103447,0.7793103448275861,0.4379310344827587,0.30689655172413793,0.5827586206896551,0.8275862068965517,1.0,0.8275862068965517,24,0.8275862068965517,0.4379310344827587,False,True
B2,A|B1,CONSERVATIVE,FROZEN_GATE_SHARED_THRESHOLD,0.10,0.2,0.98,0.98,29,1.2172413793103447,0.7793103448275861,0.4379310344827587,0.306896551724138,0.5793103448275861,0.8275862068965517,1.0,0.8275862068965517,24,0.8275862068965517,0.4379310344827587,False,True
B2,A|B1,CONSERVATIVE,FROZEN_GATE_SHARED_THRESHOLD,0.10,0.2,0.99,0.99,29,1.2172413793103447,0.7793103448275861,0.4379310344827587,0.303448275862069,0.5827586206896552,0.8275862068965517,1.0,0.8275862068965517,24,0.8275862068965517,0.4379310344827587,False,True
B2,A|B1,CONSERVATIVE,FROZEN_GATE_SHARED_THRESHOLD,0.10,0.2,1.0,1.00,29,1.2172413793103447,0.7793103448275861,0.4379310344827587,0.306896551724138,0.5827586206896551,0.8275862068965517,1.0,0.8275862068965517,24,0.8275862068965517,0.4379310344827587,False,True
B2,A|B1,CONSERVATIVE,FROZEN_GATE_SHARED_THRESHOLD,0.10,0.4,0.3333333333333333,0.333333,29,1.417241379310345,1.417241379310345,0.0,0.0,0.0,0.0,0.0,0.0,24,0.8275862068965517,0.44482758620689655,False,True
B2,A|B1,CONSERVATIVE,FROZEN_GATE_SHARED_THRESHOLD,0.10,0.4,0.5,0.50,29,1.417241379310345,1.417241379310345,0.0,0.0,0.0,0.0,0.0,0.0,24,0.8275862068965517,0.44482758620689655,False,True
B2,A|B1,CONSERVATIVE,FROZEN_GATE_SHARED_THRESHOLD,0.10,0.4,0.6,0.60,29,1.417241379310345,1.417241379310345,0.0,0.0,0.0,0.0,0.0,0.0,24,0.8275862068965517,0.44482758620689655,False,True
B2,A|B1,CONSERVATIVE,FROZEN_GATE_SHARED_THRESHOLD,0.10,0.4,0.7,0.70,29,1.417241379310345,0.9724137931034481,0.44482758620689655,0.3275862068965517,0.5793103448275861,0.8275862068965517,1.0,0.8275862068965517,24,0.8275862068965517,0.44482758620689655,False,True
B2,A|B1,CONSERVATIVE,FROZEN_GATE_SHARED_THRESHOLD,0.10,0.4,0.8,0.80,29,1.417241379310345,0.9724137931034481,0.44482758620689655,0.31379310344827593,0.5655172413793103,0.8275862068965517,1.0,0.8275862068965517,24,0.8275862068965517,0.44482758620689655,False,True
B2,A|B1,CONSERVATIVE,FROZEN_GATE_SHARED_THRESHOLD,0.10,0.4,0.9,0.90,29,1.417241379310345,0.9724137931034481,0.44482758620689655,0.3241379310344827,0.5793103448275861,0.8275862068965517,1.0,0.8275862068965517,24,0.8275862068965517,0.44482758620689655,False,True
B2,A|B1,CONSERVATIVE,FROZEN_GATE_SHARED_THRESHOLD,0.10,0.4,0.95,0.95,29,1.417241379310345,0.9724137931034481,0.44482758620689655,0.3241379310344827,0.5690517241379306,0.8275862068965517,1.0,0.8275862068965517,24,0.8275862068965517,0.44482758620689655,False,True
B2,A|B1,CONSERVATIVE,FROZEN_GATE_SHARED_THRESHOLD,0.10,0.4,0.98,0.98,29,1.417241379310345,0.9724137931034481,0.44482758620689655,0.3206896551724138,0.5689655172413792,0.8275862068965517,1.0,0.8275862068965517,24,0.8275862068965517,0.44482758620689655,False,True
B2,A|B1,CONSERVATIVE,FROZEN_GATE_SHARED_THRESHOLD,0.10,0.4,0.99,0.99,29,1.417241379310345,0.9724137931034481,0.44482758620689655,0.32068965517241377,0.5724999999999995,0.8275862068965517,1.0,0.8275862068965517,24,0.8275862068965517,0.44482758620689655,False,True
B2,A|B1,CONSERVATIVE,FROZEN_GATE_SHARED_THRESHOLD,0.10,0.4,1.0,1.00,29,1.417241379310345,0.9724137931034481,0.44482758620689655,0.3206896551724138,0.5724137931034482,0.8275862068965517,1.0,0.8275862068965517,24,0.8275862068965517,0.44482758620689655,False,True
B2,A|B1,CONSERVATIVE,FROZEN_GATE_SHARED_THRESHOLD,0.10,0.6,0.3333333333333333,0.333333,29,1.5689655172413792,1.5689655172413792,0.0,0.0,0.0,0.0,0.0,0.0,24,0.8275862068965517,0.40344827586206894,False,True
B2,A|B1,CONSERVATIVE,FROZEN_GATE_SHARED_THRESHOLD,0.10,0.6,0.5,0.50,29,1.5689655172413792,1.5689655172413792,0.0,0.0,0.0,0.0,0.0,0.0,24,0.8275862068965517,0.40344827586206894,False,True
B2,A|B1,CONSERVATIVE,FROZEN_GATE_SHARED_THRESHOLD,0.10,0.6,0.6,0.60,29,1.5689655172413792,1.5689655172413792,0.0,0.0,0.0,0.0,0.0,0.0,24,0.8275862068965517,0.40344827586206894,False,True
B2,A|B1,CONSERVATIVE,FROZEN_GATE_SHARED_THRESHOLD,0.10,0.6,0.7,0.70,29,1.5689655172413792,1.1655172413793105,0.40344827586206894,0.30344827586206885,0.5103448275862068,0.8275862068965517,1.0,0.8275862068965517,24,0.8275862068965517,0.40344827586206894,False,True
B2,A|B1,CONSERVATIVE,FROZEN_GATE_SHARED_THRESHOLD,0.10,0.6,0.8,0.80,29,1.5689655172413792,1.1655172413793105,0.40344827586206894,0.29999999999999993,0.5069827586206892,0.8275862068965517,1.0,0.8275862068965517,24,0.8275862068965517,0.40344827586206894,False,True
B2,A|B1,CONSERVATIVE,FROZEN_GATE_SHARED_THRESHOLD,0.10,0.6,0.9,0.90,29,1.5689655172413792,1.1655172413793105,0.40344827586206894,0.29310344827586193,0.5068965517241378,0.8275862068965517,1.0,0.8275862068965517,24,0.8275862068965517,0.40344827586206894,False,True
B2,A|B1,CONSERVATIVE,FROZEN_GATE_SHARED_THRESHOLD,0.10,0.6,0.95,0.95,29,1.5689655172413792,1.1655172413793105,0.40344827586206894,0.2999999999999999,0.5034482758620689,0.8275862068965517,1.0,0.8275862068965517,24,0.8275862068965517,0.40344827586206894,False,True
B2,A|B1,CONSERVATIVE,FROZEN_GATE_SHARED_THRESHOLD,0.10,0.6,0.98,0.98,29,1.5689655172413792,1.1655172413793105,0.40344827586206894,0.3068965517241379,0.503448275862069,0.8275862068965517,1.0,0.8275862068965517,24,0.8275862068965517,0.40344827586206894,False,True
B2,A|B1,CONSERVATIVE,FROZEN_GATE_SHARED_THRESHOLD,0.10,0.6,0.99,0.99,29,1.5689655172413792,1.1655172413793105,0.40344827586206894,0.29999999999999993,0.506896551724138,0.8275862068965517,1.0,0.8275862068965517,24,0.8275862068965517,0.40344827586206894,False,True
B2,A|B1,CONSERVATIVE,FROZEN_GATE_SHARED_THRESHOLD,0.10,0.6,1.0,1.00,29,1.5689655172413792,1.1655172413793105,0.40344827586206894,0.30344827586206885,0.506896551724138,0.8275862068965517,1.0,0.8275862068965517,24,0.8275862068965517,0.40344827586206894,False,True
B2,A|B1,CONSERVATIVE,FROZEN_GATE_SHARED_THRESHOLD,0.04,0.2,0.3333333333333333,0.333333,29,1.2586206896551724,1.2586206896551724,0.0,0.0,0.0,0.0,0.0,0.0,25,0.8620689655172413,0.4841379310344827,False,True
B2,A|B1,CONSERVATIVE,FROZEN_GATE_SHARED_THRESHOLD,0.04,0.2,0.5,0.50,29,1.2586206896551724,1.2586206896551724,0.0,0.0,0.0,0.0,0.0,0.0,25,0.8620689655172413,0.4841379310344827,False,True
B2,A|B1,CONSERVATIVE,FROZEN_GATE_SHARED_THRESHOLD,0.04,0.2,0.6,0.60,29,1.2586206896551724,1.2586206896551724,0.0,0.0,0.0,0.0,0.0,0.0,25,0.8620689655172413,0.4841379310344827,False,True
B2,A|B1,CONSERVATIVE,FROZEN_GATE_SHARED_THRESHOLD,0.04,0.2,0.7,0.70,29,1.2586206896551724,0.7744827586206895,0.4841379310344827,0.3530689655172414,0.6179999999999997,0.8620689655172413,1.0,0.8620689655172413,25,0.8620689655172413,0.4841379310344827,False,True
B2,A|B1,CONSERVATIVE,FROZEN_GATE_SHARED_THRESHOLD,0.04,0.2,0.8,0.80,29,1.2586206896551724,0.7744827586206895,0.4841379310344827,0.3489655172413793,0.6096896551724136,0.8620689655172413,1.0,0.8620689655172413,25,0.8620689655172413,0.4841379310344827,False,True
B2,A|B1,CONSERVATIVE,FROZEN_GATE_SHARED_THRESHOLD,0.04,0.2,0.9,0.90,29,1.2586206896551724,0.7744827586206895,0.4841379310344827,0.34893103448275864,0.6110344827586206,0.8620689655172413,1.0,0.8620689655172413,25,0.8620689655172413,0.4841379310344827,False,True
B2,A|B1,CONSERVATIVE,FROZEN_GATE_SHARED_THRESHOLD,0.04,0.2,0.95,0.95,29,1.2586206896551724,0.7744827586206895,0.4841379310344827,0.34893103448275864,0.6096896551724137,0.8620689655172413,1.0,0.8620689655172413,25,0.8620689655172413,0.4841379310344827,False,True
B2,A|B1,CONSERVATIVE,FROZEN_GATE_SHARED_THRESHOLD,0.04,0.2,0.98,0.98,29,1.2586206896551724,0.7744827586206895,0.4841379310344827,0.3544482758620689,0.6138275862068964,0.8620689655172413,1.0,0.8620689655172413,25,0.8620689655172413,0.4841379310344827,False,True
B2,A|B1,CONSERVATIVE,FROZEN_GATE_SHARED_THRESHOLD,0.04,0.2,0.99,0.99,29,1.2586206896551724,0.7744827586206895,0.4841379310344827,0.3641379310344827,0.6124482758620687,0.8620689655172413,1.0,0.8620689655172413,25,0.8620689655172413,0.4841379310344827,False,True
B2,A|B1,CONSERVATIVE,FROZEN_GATE_SHARED_THRESHOLD,0.04,0.2,1.0,1.00,29,1.2586206896551724,0.7744827586206895,0.4841379310344827,0.36134482758620695,0.6110344827586206,0.8620689655172413,1.0,0.8620689655172413,25,0.8620689655172413,0.4841379310344827,False,True
B2,A|B1,CONSERVATIVE,FROZEN_GATE_SHARED_THRESHOLD,0.04,0.4,0.3333333333333333,0.333333,29,1.4393103448275864,1.4393103448275864,0.0,0.0,0.0,0.0,0.0,0.0,24,0.8275862068965517,0.4703448275862069,False,True
B2,A|B1,CONSERVATIVE,FROZEN_GATE_SHARED_THRESHOLD,0.04,0.4,0.5,0.50,29,1.4393103448275864,1.4393103448275864,0.0,0.0,0.0,0.0,0.0,0.0,24,0.8275862068965517,0.4703448275862069,False,True
B2,A|B1,CONSERVATIVE,FROZEN_GATE_SHARED_THRESHOLD,0.04,0.4,0.6,0.60,29,1.4393103448275864,1.4393103448275864,0.0,0.0,0.0,0.0,0.0,0.0,24,0.8275862068965517,0.4703448275862069,False,True
B2,A|B1,CONSERVATIVE,FROZEN_GATE_SHARED_THRESHOLD,0.04,0.4,0.7,0.70,29,1.4393103448275864,0.9689655172413794,0.4703448275862069,0.3475172413793102,0.593103448275862,0.8275862068965517,1.0,0.8275862068965517,24,0.8275862068965517,0.4703448275862069,False,True
B2,A|B1,CONSERVATIVE,FROZEN_GATE_SHARED_THRESHOLD,0.04,0.4,0.8,0.80,29,1.4393103448275864,0.9689655172413794,0.4703448275862069,0.3393103448275862,0.5986206896551723,0.8275862068965517,1.0,0.8275862068965517,24,0.8275862068965517,0.4703448275862069,False,True
B2,A|B1,CONSERVATIVE,FROZEN_GATE_SHARED_THRESHOLD,0.04,0.4,0.9,0.90,29,1.4393103448275864,0.9689655172413794,0.4703448275862069,0.3489655172413793,0.5931379310344825,0.8275862068965517,1.0,0.8275862068965517,24,0.8275862068965517,0.4703448275862069,False,True
B2,A|B1,CONSERVATIVE,FROZEN_GATE_SHARED_THRESHOLD,0.04,0.4,0.95,0.95,29,1.4393103448275864,0.9689655172413794,0.4703448275862069,0.3530689655172414,0.5972758620689653,0.8275862068965517,1.0,0.8275862068965517,24,0.8275862068965517,0.4703448275862069,False,True
B2,A|B1,CONSERVATIVE,FROZEN_GATE_SHARED_THRESHOLD,0.04,0.4,0.98,0.98,29,1.4393103448275864,0.9689655172413794,0.4703448275862069,0.343448275862069,0.5944827586206896,0.8275862068965517,1.0,0.8275862068965517,24,0.8275862068965517,0.4703448275862069,False,True
B2,A|B1,CONSERVATIVE,FROZEN_GATE_SHARED_THRESHOLD,0.04,0.4,0.99,0.99,29,1.4393103448275864,0.9689655172413794,0.4703448275862069,0.3448275862068966,0.5875862068965516,0.8275862068965517,1.0,0.8275862068965517,24,0.8275862068965517,0.4703448275862069,False,True
B2,A|B1,CONSERVATIVE,FROZEN_GATE_SHARED_THRESHOLD,0.04,0.4,1.0,1.00,29,1.4393103448275864,0.9689655172413794,0.4703448275862069,0.3489655172413793,0.5945172413793103,0.8275862068965517,1.0,0.8275862068965517,24,0.8275862068965517,0.4703448275862069,False,True
B2,A|B1,CONSERVATIVE,FROZEN_GATE_SHARED_THRESHOLD,0.04,0.6,0.3333333333333333,0.333333,29,1.6048275862068966,1.6048275862068966,0.0,0.0,0.0,0.0,0.0,0.0,24,0.8275862068965517,0.42344827586206896,False,True
B2,A|B1,CONSERVATIVE,FROZEN_GATE_SHARED_THRESHOLD,0.04,0.6,0.5,0.50,29,1.6048275862068966,1.6048275862068966,0.0,0.0,0.0,0.0,0.0,0.0,24,0.8275862068965517,0.42344827586206896,False,True
B2,A|B1,CONSERVATIVE,FROZEN_GATE_SHARED_THRESHOLD,0.04,0.6,0.6,0.60,29,1.6048275862068966,1.6048275862068966,0.0,0.0,0.0,0.0,0.0,0.0,24,0.8275862068965517,0.42344827586206896,False,True
B2,A|B1,CONSERVATIVE,FROZEN_GATE_SHARED_THRESHOLD,0.04,0.6,0.7,0.70,29,1.6048275862068966,1.1813793103448278,0.42344827586206896,0.31444827586206897,0.5296551724137931,0.8275862068965517,1.0,0.8275862068965517,24,0.8275862068965517,0.42344827586206896,False,True
B2,A|B1,CONSERVATIVE,FROZEN_GATE_SHARED_THRESHOLD,0.04,0.6,0.8,0.80,29,1.6048275862068966,1.1813793103448278,0.42344827586206896,0.32272413793103444,0.5282758620689654,0.8275862068965517,1.0,0.8275862068965517,24,0.8275862068965517,0.42344827586206896,False,True
B2,A|B1,CONSERVATIVE,FROZEN_GATE_SHARED_THRESHOLD,0.04,0.6,0.9,0.90,29,1.6048275862068966,1.1813793103448278,0.42344827586206896,0.31586206896551716,0.5241724137931032,0.8275862068965517,1.0,0.8275862068965517,24,0.8275862068965517,0.42344827586206896,False,True
B2,A|B1,CONSERVATIVE,FROZEN_GATE_SHARED_THRESHOLD,0.04,0.6,0.95,0.95,29,1.6048275862068966,1.1813793103448278,0.42344827586206896,0.32413793103448263,0.5282758620689654,0.8275862068965517,1.0,0.8275862068965517,24,0.8275862068965517,0.42344827586206896,False,True
B2,A|B1,CONSERVATIVE,FROZEN_GATE_SHARED_THRESHOLD,0.04,0.6,0.98,0.98,29,1.6048275862068966,1.1813793103448278,0.42344827586206896,0.3172413793103448,0.5324137931034483,0.8275862068965517,1.0,0.8275862068965517,24,0.8275862068965517,0.42344827586206896,False,True
B2,A|B1,CONSERVATIVE,FROZEN_GATE_SHARED_THRESHOLD,0.04,0.6,0.99,0.99,29,1.6048275862068966,1.1813793103448278,0.42344827586206896,0.31448275862068964,0.5268965517241377,0.8275862068965517,1.0,0.8275862068965517,24,0.8275862068965517,0.42344827586206896,False,True
B2,A|B1,CONSERVATIVE,FROZEN_GATE_SHARED_THRESHOLD,0.04,0.6,1.0,1.00,29,1.6048275862068966,1.1813793103448278,0.42344827586206896,0.31444827586206897,0.5255517241379308,0.8275862068965517,1.0,0.8275862068965517,24,0.8275862068965517,0.42344827586206896,False,True
B2,A|B1,CONSERVATIVE,NONDEPLOYABLE_DECOUPLED_STRENGTH_GATE,0.10,0.2,0.3333333333333333,0.333333,29,1.2172413793103447,0.9241379310344826,0.29310344827586204,0.21715517241379312,0.3793103448275862,0.7931034482758621,1.0,0.7931034482758621,11,0.3793103448275862,0.1448275862068966,False,True
B2,A|B1,CONSERVATIVE,NONDEPLOYABLE_DECOUPLED_STRENGTH_GATE,0.10,0.2,0.5,0.50,29,1.2172413793103447,0.7793103448275861,0.4379310344827587,0.31034482758620696,0.5827586206896551,0.8275862068965517,1.0,0.8275862068965517,11,0.3793103448275862,0.1448275862068966,False,True
B2,A|B1,CONSERVATIVE,NONDEPLOYABLE_DECOUPLED_STRENGTH_GATE,0.10,0.2,0.6,0.60,29,1.2172413793103447,0.7793103448275861,0.4379310344827587,0.31034482758620696,0.5862068965517241,0.8275862068965517,1.0,0.8275862068965517,11,0.3793103448275862,0.1448275862068966,False,True
B2,A|B1,CONSERVATIVE,NONDEPLOYABLE_DECOUPLED_STRENGTH_GATE,0.10,0.2,0.7,0.70,29,1.2172413793103447,0.7793103448275861,0.4379310344827587,0.31025862068965515,0.5793103448275863,0.8275862068965517,1.0,0.8275862068965517,11,0.3793103448275862,0.1448275862068966,False,True
B2,A|B1,CONSERVATIVE,NONDEPLOYABLE_DECOUPLED_STRENGTH_GATE,0.10,0.2,0.8,0.80,29,1.2172413793103447,0.7793103448275861,0.4379310344827587,0.3033620689655173,0.5724999999999996,0.8275862068965517,1.0,0.8275862068965517,11,0.3793103448275862,0.1448275862068966,False,True
B2,A|B1,CONSERVATIVE,NONDEPLOYABLE_DECOUPLED_STRENGTH_GATE,0.10,0.2,0.9,0.90,29,1.2172413793103447,0.7793103448275861,0.4379310344827587,0.303448275862069,0.5862068965517241,0.8275862068965517,1.0,0.8275862068965517,11,0.3793103448275862,0.1448275862068966,False,True
B2,A|B1,CONSERVATIVE,NONDEPLOYABLE_DECOUPLED_STRENGTH_GATE,0.10,0.2,0.95,0.95,29,1.2172413793103447,0.7793103448275861,0.4379310344827587,0.3034482758620689,0.5758620689655172,0.8275862068965517,1.0,0.8275862068965517,11,0.3793103448275862,0.1448275862068966,False,True
B2,A|B1,CONSERVATIVE,NONDEPLOYABLE_DECOUPLED_STRENGTH_GATE,0.10,0.2,0.98,0.98,29,1.2172413793103447,0.7793103448275861,0.4379310344827587,0.3103448275862069,0.5724137931034483,0.8275862068965517,1.0,0.8275862068965517,11,0.3793103448275862,0.1448275862068966,False,True
B2,A|B1,CONSERVATIVE,NONDEPLOYABLE_DECOUPLED_STRENGTH_GATE,0.10,0.2,0.99,0.99,29,1.2172413793103447,0.7793103448275861,0.4379310344827587,0.30689655172413793,0.5689655172413793,0.8275862068965517,1.0,0.8275862068965517,11,0.3793103448275862,0.1448275862068966,False,True
B2,A|B1,CONSERVATIVE,NONDEPLOYABLE_DECOUPLED_STRENGTH_GATE,0.10,0.2,1.0,1.00,29,1.2172413793103447,0.7793103448275861,0.4379310344827587,0.30681034482758623,0.5758620689655174,0.8275862068965517,1.0,0.8275862068965517,11,0.3793103448275862,0.1448275862068966,False,True
B2,A|B1,CONSERVATIVE,NONDEPLOYABLE_DECOUPLED_STRENGTH_GATE,0.10,0.4,0.3333333333333333,0.333333,29,1.417241379310345,1.1172413793103448,0.3,0.21379310344827585,0.393103448275862,0.7586206896551724,1.0,0.7586206896551724,11,0.3793103448275862,0.14482758620689654,False,True
B2,A|B1,CONSERVATIVE,NONDEPLOYABLE_DECOUPLED_STRENGTH_GATE,0.10,0.4,0.5,0.50,29,1.417241379310345,0.9724137931034481,0.44482758620689655,0.3206896551724138,0.5689655172413792,0.8275862068965517,1.0,0.8275862068965517,11,0.3793103448275862,0.14482758620689654,False,True
B2,A|B1,CONSERVATIVE,NONDEPLOYABLE_DECOUPLED_STRENGTH_GATE,0.10,0.4,0.6,0.60,29,1.417241379310345,0.9724137931034481,0.44482758620689655,0.3172413793103448,0.5724137931034482,0.8275862068965517,1.0,0.8275862068965517,11,0.3793103448275862,0.14482758620689654,False,True
B2,A|B1,CONSERVATIVE,NONDEPLOYABLE_DECOUPLED_STRENGTH_GATE,0.10,0.4,0.7,0.70,29,1.417241379310345,0.9724137931034481,0.44482758620689655,0.3241379310344828,0.5724137931034482,0.8275862068965517,1.0,0.8275862068965517,11,0.3793103448275862,0.14482758620689654,False,True
B2,A|B1,CONSERVATIVE,NONDEPLOYABLE_DECOUPLED_STRENGTH_GATE,0.10,0.4,0.8,0.80,29,1.417241379310345,0.9724137931034481,0.44482758620689655,0.3241379310344828,0.5758620689655171,0.8275862068965517,1.0,0.8275862068965517,11,0.3793103448275862,0.14482758620689654,False,True
B2,A|B1,CONSERVATIVE,NONDEPLOYABLE_DECOUPLED_STRENGTH_GATE,0.10,0.4,0.9,0.90,29,1.417241379310345,0.9724137931034481,0.44482758620689655,0.31724137931034485,0.5724137931034482,0.8275862068965517,1.0,0.8275862068965517,11,0.3793103448275862,0.14482758620689654,False,True
B2,A|B1,CONSERVATIVE,NONDEPLOYABLE_DECOUPLED_STRENGTH_GATE,0.10,0.4,0.95,0.95,29,1.417241379310345,0.9724137931034481,0.44482758620689655,0.3206896551724138,0.5724137931034482,0.8275862068965517,1.0,0.8275862068965517,11,0.3793103448275862,0.14482758620689654,False,True
B2,A|B1,CONSERVATIVE,NONDEPLOYABLE_DECOUPLED_STRENGTH_GATE,0.10,0.4,0.98,0.98,29,1.417241379310345,0.9724137931034481,0.44482758620689655,0.31724137931034485,0.5758620689655172,0.8275862068965517,1.0,0.8275862068965517,11,0.3793103448275862,0.14482758620689654,False,True
B2,A|B1,CONSERVATIVE,NONDEPLOYABLE_DECOUPLED_STRENGTH_GATE,0.10,0.4,0.99,0.99,29,1.417241379310345,0.9724137931034481,0.44482758620689655,0.3206896551724138,0.5690517241379306,0.8275862068965517,1.0,0.8275862068965517,11,0.3793103448275862,0.14482758620689654,False,True
B2,A|B1,CONSERVATIVE,NONDEPLOYABLE_DECOUPLED_STRENGTH_GATE,0.10,0.4,1.0,1.00,29,1.417241379310345,0.9724137931034481,0.44482758620689655,0.32068965517241377,0.5689655172413792,0.8275862068965517,1.0,0.8275862068965517,11,0.3793103448275862,0.14482758620689654,False,True
B2,A|B1,CONSERVATIVE,NONDEPLOYABLE_DECOUPLED_STRENGTH_GATE,0.10,0.6,0.3333333333333333,0.333333,29,1.5689655172413792,1.3034482758620691,0.26551724137931026,0.1827586206896551,0.3517241379310344,0.7241379310344828,1.0,0.7241379310344828,11,0.3793103448275862,0.1379310344827586,False,True
B2,A|B1,CONSERVATIVE,NONDEPLOYABLE_DECOUPLED_STRENGTH_GATE,0.10,0.6,0.5,0.50,29,1.5689655172413792,1.1655172413793105,0.40344827586206894,0.30344827586206885,0.506896551724138,0.8275862068965517,1.0,0.8275862068965517,11,0.3793103448275862,0.1379310344827586,False,True
B2,A|B1,CONSERVATIVE,NONDEPLOYABLE_DECOUPLED_STRENGTH_GATE,0.10,0.6,0.6,0.60,29,1.5689655172413792,1.1655172413793105,0.40344827586206894,0.2999999999999999,0.5068965517241378,0.8275862068965517,1.0,0.8275862068965517,11,0.3793103448275862,0.1379310344827586,False,True
B2,A|B1,CONSERVATIVE,NONDEPLOYABLE_DECOUPLED_STRENGTH_GATE,0.10,0.6,0.7,0.70,29,1.5689655172413792,1.1655172413793105,0.40344827586206894,0.29655172413793096,0.5000862068965513,0.8275862068965517,1.0,0.8275862068965517,11,0.3793103448275862,0.1379310344827586,False,True
B2,A|B1,CONSERVATIVE,NONDEPLOYABLE_DECOUPLED_STRENGTH_GATE,0.10,0.6,0.8,0.80,29,1.5689655172413792,1.1655172413793105,0.40344827586206894,0.29655172413793096,0.5103448275862069,0.8275862068965517,1.0,0.8275862068965517,11,0.3793103448275862,0.1379310344827586,False,True
B2,A|B1,CONSERVATIVE,NONDEPLOYABLE_DECOUPLED_STRENGTH_GATE,0.10,0.6,0.9,0.90,29,1.5689655172413792,1.1655172413793105,0.40344827586206894,0.29655172413793096,0.506896551724138,0.8275862068965517,1.0,0.8275862068965517,11,0.3793103448275862,0.1379310344827586,False,True
B2,A|B1,CONSERVATIVE,NONDEPLOYABLE_DECOUPLED_STRENGTH_GATE,0.10,0.6,0.95,0.95,29,1.5689655172413792,1.1655172413793105,0.40344827586206894,0.2999137931034482,0.5068965517241378,0.8275862068965517,1.0,0.8275862068965517,11,0.3793103448275862,0.1379310344827586,False,True
B2,A|B1,CONSERVATIVE,NONDEPLOYABLE_DECOUPLED_STRENGTH_GATE,0.10,0.6,0.98,0.98,29,1.5689655172413792,1.1655172413793105,0.40344827586206894,0.3068965517241378,0.5103448275862068,0.8275862068965517,1.0,0.8275862068965517,11,0.3793103448275862,0.1379310344827586,False,True
B2,A|B1,CONSERVATIVE,NONDEPLOYABLE_DECOUPLED_STRENGTH_GATE,0.10,0.6,0.99,0.99,29,1.5689655172413792,1.1655172413793105,0.40344827586206894,0.29999999999999993,0.5103448275862068,0.8275862068965517,1.0,0.8275862068965517,11,0.3793103448275862,0.1379310344827586,False,True
B2,A|B1,CONSERVATIVE,NONDEPLOYABLE_DECOUPLED_STRENGTH_GATE,0.10,0.6,1.0,1.00,29,1.5689655172413792,1.1655172413793105,0.40344827586206894,0.30344827586206885,0.5103448275862068,0.8275862068965517,1.0,0.8275862068965517,11,0.3793103448275862,0.1379310344827586,False,True
B2,A|B1,CONSERVATIVE,NONDEPLOYABLE_DECOUPLED_STRENGTH_GATE,0.04,0.2,0.3333333333333333,0.333333,29,1.2586206896551724,0.9206896551724137,0.3379310344827586,0.2551724137931035,0.4220689655172414,0.8275862068965517,1.0,0.8275862068965517,13,0.4482758620689655,0.14620689655172414,False,True
B2,A|B1,CONSERVATIVE,NONDEPLOYABLE_DECOUPLED_STRENGTH_GATE,0.04,0.2,0.5,0.50,29,1.2586206896551724,0.7744827586206895,0.4841379310344827,0.3544827586206896,0.6152068965517241,0.8620689655172413,1.0,0.8620689655172413,13,0.4482758620689655,0.14620689655172414,False,True
B2,A|B1,CONSERVATIVE,NONDEPLOYABLE_DECOUPLED_STRENGTH_GATE,0.04,0.2,0.6,0.60,29,1.2586206896551724,0.7744827586206895,0.4841379310344827,0.34758620689655173,0.6193103448275863,0.8620689655172413,1.0,0.8620689655172413,13,0.4482758620689655,0.14620689655172414,False,True
B2,A|B1,CONSERVATIVE,NONDEPLOYABLE_DECOUPLED_STRENGTH_GATE,0.04,0.2,0.7,0.70,29,1.2586206896551724,0.7744827586206895,0.4841379310344827,0.3531034482758621,0.6179655172413792,0.8620689655172413,1.0,0.8620689655172413,13,0.4482758620689655,0.14620689655172414,False,True
B2,A|B1,CONSERVATIVE,NONDEPLOYABLE_DECOUPLED_STRENGTH_GATE,0.04,0.2,0.8,0.80,29,1.2586206896551724,0.7744827586206895,0.4841379310344827,0.36,0.6248275862068966,0.8620689655172413,1.0,0.8620689655172413,13,0.4482758620689655,0.14620689655172414,False,True
B2,A|B1,CONSERVATIVE,NONDEPLOYABLE_DECOUPLED_STRENGTH_GATE,0.04,0.2,0.9,0.90,29,1.2586206896551724,0.7744827586206895,0.4841379310344827,0.3544827586206897,0.6137931034482759,0.8620689655172413,1.0,0.8620689655172413,13,0.4482758620689655,0.14620689655172414,False,True
B2,A|B1,CONSERVATIVE,NONDEPLOYABLE_DECOUPLED_STRENGTH_GATE,0.04,0.2,0.95,0.95,29,1.2586206896551724,0.7744827586206895,0.4841379310344827,0.3586206896551724,0.6165862068965516,0.8620689655172413,1.0,0.8620689655172413,13,0.4482758620689655,0.14620689655172414,False,True
B2,A|B1,CONSERVATIVE,NONDEPLOYABLE_DECOUPLED_STRENGTH_GATE,0.04,0.2,0.98,0.98,29,1.2586206896551724,0.7744827586206895,0.4841379310344827,0.35586206896551725,0.6138275862068964,0.8620689655172413,1.0,0.8620689655172413,13,0.4482758620689655,0.14620689655172414,False,True
B2,A|B1,CONSERVATIVE,NONDEPLOYABLE_DECOUPLED_STRENGTH_GATE,0.04,0.2,0.99,0.99,29,1.2586206896551724,0.7744827586206895,0.4841379310344827,0.3544827586206896,0.6124137931034482,0.8620689655172413,1.0,0.8620689655172413,13,0.4482758620689655,0.14620689655172414,False,True
B2,A|B1,CONSERVATIVE,NONDEPLOYABLE_DECOUPLED_STRENGTH_GATE,0.04,0.2,1.0,1.00,29,1.2586206896551724,0.7744827586206895,0.4841379310344827,0.3558620689655173,0.6165517241379311,0.8620689655172413,1.0,0.8620689655172413,13,0.4482758620689655,0.14620689655172414,False,True
B2,A|B1,CONSERVATIVE,NONDEPLOYABLE_DECOUPLED_STRENGTH_GATE,0.04,0.4,0.3333333333333333,0.333333,29,1.4393103448275864,1.1137931034482758,0.3255172413793104,0.2468965517241379,0.4110344827586207,0.8275862068965517,1.0,0.8275862068965517,12,0.41379310344827586,0.14482758620689654,False,True
B2,A|B1,CONSERVATIVE,NONDEPLOYABLE_DECOUPLED_STRENGTH_GATE,0.04,0.4,0.5,0.50,29,1.4393103448275864,0.9689655172413794,0.4703448275862069,0.34203448275862064,0.6000344827586206,0.8275862068965517,1.0,0.8275862068965517,12,0.41379310344827586,0.14482758620689654,False,True
B2,A|B1,CONSERVATIVE,NONDEPLOYABLE_DECOUPLED_STRENGTH_GATE,0.04,0.4,0.6,0.60,29,1.4393103448275864,0.9689655172413794,0.4703448275862069,0.3447931034482758,0.5945172413793103,0.8275862068965517,1.0,0.8275862068965517,12,0.41379310344827586,0.14482758620689654,False,True
B2,A|B1,CONSERVATIVE,NONDEPLOYABLE_DECOUPLED_STRENGTH_GATE,0.04,0.4,0.7,0.70,29,1.4393103448275864,0.9689655172413794,0.4703448275862069,0.33931034482758615,0.5972413793103448,0.8275862068965517,1.0,0.8275862068965517,12,0.41379310344827586,0.14482758620689654,False,True
B2,A|B1,CONSERVATIVE,NONDEPLOYABLE_DECOUPLED_STRENGTH_GATE,0.04,0.4,0.8,0.80,29,1.4393103448275864,0.9689655172413794,0.4703448275862069,0.35168965517241374,0.591758620689655,0.8275862068965517,1.0,0.8275862068965517,12,0.41379310344827586,0.14482758620689654,False,True
B2,A|B1,CONSERVATIVE,NONDEPLOYABLE_DECOUPLED_STRENGTH_GATE,0.04,0.4,0.9,0.90,29,1.4393103448275864,0.9689655172413794,0.4703448275862069,0.34893103448275853,0.5903448275862068,0.8275862068965517,1.0,0.8275862068965517,12,0.41379310344827586,0.14482758620689654,False,True
B2,A|B1,CONSERVATIVE,NONDEPLOYABLE_DECOUPLED_STRENGTH_GATE,0.04,0.4,0.95,0.95,29,1.4393103448275864,0.9689655172413794,0.4703448275862069,0.3462068965517241,0.5945172413793103,0.8275862068965517,1.0,0.8275862068965517,12,0.41379310344827586,0.14482758620689654,False,True
B2,A|B1,CONSERVATIVE,NONDEPLOYABLE_DECOUPLED_STRENGTH_GATE,0.04,0.4,0.98,0.98,29,1.4393103448275864,0.9689655172413794,0.4703448275862069,0.34206896551724136,0.5986206896551722,0.8275862068965517,1.0,0.8275862068965517,12,0.41379310344827586,0.14482758620689654,False,True
B2,A|B1,CONSERVATIVE,NONDEPLOYABLE_DECOUPLED_STRENGTH_GATE,0.04,0.4,0.99,0.99,29,1.4393103448275864,0.9689655172413794,0.4703448275862069,0.35031034482758616,0.5944827586206896,0.8275862068965517,1.0,0.8275862068965517,12,0.41379310344827586,0.14482758620689654,False,True
B2,A|B1,CONSERVATIVE,NONDEPLOYABLE_DECOUPLED_STRENGTH_GATE,0.04,0.4,1.0,1.00,29,1.4393103448275864,0.9689655172413794,0.4703448275862069,0.3462068965517241,0.5945172413793103,0.8275862068965517,1.0,0.8275862068965517,12,0.41379310344827586,0.14482758620689654,False,True
B2,A|B1,CONSERVATIVE,NONDEPLOYABLE_DECOUPLED_STRENGTH_GATE,0.04,0.6,0.3333333333333333,0.333333,29,1.6048275862068966,1.3027586206896555,0.30206896551724133,0.21931034482758618,0.393103448275862,0.7931034482758621,1.0,0.7931034482758621,12,0.41379310344827586,0.12137931034482757,False,True
B2,A|B1,CONSERVATIVE,NONDEPLOYABLE_DECOUPLED_STRENGTH_GATE,0.04,0.6,0.5,0.50,29,1.6048275862068966,1.1813793103448278,0.42344827586206896,0.3255172413793103,0.528310344827586,0.8275862068965517,1.0,0.8275862068965517,12,0.41379310344827586,0.12137931034482757,False,True
B2,A|B1,CONSERVATIVE,NONDEPLOYABLE_DECOUPLED_STRENGTH_GATE,0.04,0.6,0.6,0.60,29,1.6048275862068966,1.1813793103448278,0.42344827586206896,0.317206896551724,0.526896551724138,0.8275862068965517,1.0,0.8275862068965517,12,0.41379310344827586,0.12137931034482757,False,True
B2,A|B1,CONSERVATIVE,NONDEPLOYABLE_DECOUPLED_STRENGTH_GATE,0.04,0.6,0.7,0.70,29,1.6048275862068966,1.1813793103448278,0.42344827586206896,0.31448275862068964,0.5310344827586206,0.8275862068965517,1.0,0.8275862068965517,12,0.41379310344827586,0.12137931034482757,False,True
B2,A|B1,CONSERVATIVE,NONDEPLOYABLE_DECOUPLED_STRENGTH_GATE,0.04,0.6,0.8,0.80,29,1.6048275862068966,1.1813793103448278,0.42344827586206896,0.317206896551724,0.5255172413793103,0.8275862068965517,1.0,0.8275862068965517,12,0.41379310344827586,0.12137931034482757,False,True
B2,A|B1,CONSERVATIVE,NONDEPLOYABLE_DECOUPLED_STRENGTH_GATE,0.04,0.6,0.9,0.90,29,1.6048275862068966,1.1813793103448278,0.42344827586206896,0.31720689655172407,0.5255172413793103,0.8275862068965517,1.0,0.8275862068965517,12,0.41379310344827586,0.12137931034482757,False,True
B2,A|B1,CONSERVATIVE,NONDEPLOYABLE_DECOUPLED_STRENGTH_GATE,0.04,0.6,0.95,0.95,29,1.6048275862068966,1.1813793103448278,0.42344827586206896,0.3199999999999999,0.5310344827586205,0.8275862068965517,1.0,0.8275862068965517,12,0.41379310344827586,0.12137931034482757,False,True
B2,A|B1,CONSERVATIVE,NONDEPLOYABLE_DECOUPLED_STRENGTH_GATE,0.04,0.6,0.98,0.98,29,1.6048275862068966,1.1813793103448278,0.42344827586206896,0.3144827586206896,0.5282758620689654,0.8275862068965517,1.0,0.8275862068965517,12,0.41379310344827586,0.12137931034482757,False,True
B2,A|B1,CONSERVATIVE,NONDEPLOYABLE_DECOUPLED_STRENGTH_GATE,0.04,0.6,0.99,0.99,29,1.6048275862068966,1.1813793103448278,0.42344827586206896,0.31172413793103443,0.5241724137931032,0.8275862068965517,1.0,0.8275862068965517,12,0.41379310344827586,0.12137931034482757,False,True
B2,A|B1,CONSERVATIVE,NONDEPLOYABLE_DECOUPLED_STRENGTH_GATE,0.04,0.6,1.0,1.00,29,1.6048275862068966,1.1813793103448278,0.42344827586206896,0.3186206896551724,0.529655172413793,0.8275862068965517,1.0,0.8275862068965517,12,0.41379310344827586,0.12137931034482757,False,True
