heldOutSession,trainingSessions,operatingPoint,branch,topThreshold,marginThreshold,minimumEvidenceSeconds,stabilitySeconds,candidateStrengthCount,candidateStrengths,trainingN,trainingTrialStrengthRows,pairedBaselineAccuracy,candidateTrainingAccuracy,candidateTrainingCorrect,baselineTrainingCorrect,trainingMeanPairedGainSeconds,trainingMedianPairedGainSeconds,trainingWrongEarlyStopN,trainingNoDelayViolationN,perStrengthNoAccuracyLoss,validCandidate,selectionObjective,selected
A,B1|B2,FAST,FROZEN_GATE_SHARED_THRESHOLD,0.4,0.01,0.5,0.4,10,0.333333|0.50|0.60|0.70|0.80|0.90|0.95|0.98|0.99|1.00,58,580,1.0,1.0,580,58,0.13275862068965516,0.0,0,0,True,True,mean paired gain aggregated over all ten strengths and training trials,False
A,B1|B2,FAST,FROZEN_GATE_SHARED_THRESHOLD,0.4,0.01,0.7,0.4,10,0.333333|0.50|0.60|0.70|0.80|0.90|0.95|0.98|0.99|1.00,58,580,1.0,1.0,580,58,0.08810344827586203,0.0,0,0,True,True,mean paired gain aggregated over all ten strengths and training trials,False
A,B1|B2,FAST,FROZEN_GATE_SHARED_THRESHOLD,0.4,0.01,0.9,0.4,10,0.333333|0.50|0.60|0.70|0.80|0.90|0.95|0.98|0.99|1.00,58,580,1.0,1.0,580,58,0.055517241379310335,0.0,0,0,True,True,mean paired gain aggregated over all ten strengths and training trials,False
A,B1|B2,FAST,FROZEN_GATE_SHARED_THRESHOLD,0.4,0.05,0.5,0.4,10,0.333333|0.50|0.60|0.70|0.80|0.90|0.95|0.98|0.99|1.00,58,580,1.0,1.0,580,58,0.13275862068965516,0.0,0,0,True,True,mean paired gain aggregated over all ten strengths and training trials,False
A,B1|B2,FAST,FROZEN_GATE_SHARED_THRESHOLD,0.4,0.05,0.7,0.4,10,0.333333|0.50|0.60|0.70|0.80|0.90|0.95|0.98|0.99|1.00,58,580,1.0,1.0,580,58,0.08810344827586203,0.0,0,0,True,True,mean paired gain aggregated over all ten strengths and training trials,False
A,B1|B2,FAST,FROZEN_GATE_SHARED_THRESHOLD,0.4,0.05,0.9,0.4,10,0.333333|0.50|0.60|0.70|0.80|0.90|0.95|0.98|0.99|1.00,58,580,1.0,1.0,580,58,0.055517241379310335,0.0,0,0,True,True,mean paired gain aggregated over all ten strengths and training trials,False
A,B1|B2,FAST,FROZEN_GATE_SHARED_THRESHOLD,0.4,0.1,0.5,0.4,10,0.333333|0.50|0.60|0.70|0.80|0.90|0.95|0.98|0.99|1.00,58,580,1.0,1.0,580,58,0.13275862068965516,0.0,0,0,True,True,mean paired gain aggregated over all ten strengths and training trials,False
A,B1|B2,FAST,FROZEN_GATE_SHARED_THRESHOLD,0.4,0.1,0.7,0.4,10,0.333333|0.50|0.60|0.70|0.80|0.90|0.95|0.98|0.99|1.00,58,580,1.0,1.0,580,58,0.08810344827586203,0.0,0,0,True,True,mean paired gain aggregated over all ten strengths and training trials,False
A,B1|B2,FAST,FROZEN_GATE_SHARED_THRESHOLD,0.4,0.1,0.9,0.4,10,0.333333|0.50|0.60|0.70|0.80|0.90|0.95|0.98|0.99|1.00,58,580,1.0,1.0,580,58,0.055517241379310335,0.0,0,0,True,True,mean paired gain aggregated over all ten strengths and training trials,False
A,B1|B2,FAST,FROZEN_GATE_SHARED_THRESHOLD,0.4,0.15,0.5,0.4,10,0.333333|0.50|0.60|0.70|0.80|0.90|0.95|0.98|0.99|1.00,58,580,1.0,1.0,580,58,0.13275862068965516,0.0,0,0,True,True,mean paired gain aggregated over all ten strengths and training trials,False
A,B1|B2,FAST,FROZEN_GATE_SHARED_THRESHOLD,0.4,0.15,0.7,0.4,10,0.333333|0.50|0.60|0.70|0.80|0.90|0.95|0.98|0.99|1.00,58,580,1.0,1.0,580,58,0.08810344827586203,0.0,0,0,True,True,mean paired gain aggregated over all ten strengths and training trials,False
A,B1|B2,FAST,FROZEN_GATE_SHARED_THRESHOLD,0.4,0.15,0.9,0.4,10,0.333333|0.50|0.60|0.70|0.80|0.90|0.95|0.98|0.99|1.00,58,580,1.0,1.0,580,58,0.055517241379310335,0.0,0,0,True,True,mean paired gain aggregated over all ten strengths and training trials,False
A,B1|B2,FAST,FROZEN_GATE_SHARED_THRESHOLD,0.4,0.2,0.5,0.4,10,0.333333|0.50|0.60|0.70|0.80|0.90|0.95|0.98|0.99|1.00,58,580,1.0,1.0,580,58,0.13275862068965516,0.0,0,0,True,True,mean paired gain aggregated over all ten strengths and training trials,False
A,B1|B2,FAST,FROZEN_GATE_SHARED_THRESHOLD,0.4,0.2,0.7,0.4,10,0.333333|0.50|0.60|0.70|0.80|0.90|0.95|0.98|0.99|1.00,58,580,1.0,1.0,580,58,0.08810344827586203,0.0,0,0,True,True,mean paired gain aggregated over all ten strengths and training trials,False
A,B1|B2,FAST,FROZEN_GATE_SHARED_THRESHOLD,0.4,0.2,0.9,0.4,10,0.333333|0.50|0.60|0.70|0.80|0.90|0.95|0.98|0.99|1.00,58,580,1.0,1.0,580,58,0.055517241379310335,0.0,0,0,True,True,mean paired gain aggregated over all ten strengths and training trials,False
A,B1|B2,FAST,FROZEN_GATE_SHARED_THRESHOLD,0.45,0.01,0.5,0.4,10,0.333333|0.50|0.60|0.70|0.80|0.90|0.95|0.98|0.99|1.00,58,580,1.0,1.0,580,58,0.13275862068965516,0.0,0,0,True,True,mean paired gain aggregated over all ten strengths and training trials,False
A,B1|B2,FAST,FROZEN_GATE_SHARED_THRESHOLD,0.45,0.01,0.7,0.4,10,0.333333|0.50|0.60|0.70|0.80|0.90|0.95|0.98|0.99|1.00,58,580,1.0,1.0,580,58,0.08810344827586203,0.0,0,0,True,True,mean paired gain aggregated over all ten strengths and training trials,False
A,B1|B2,FAST,FROZEN_GATE_SHARED_THRESHOLD,0.45,0.01,0.9,0.4,10,0.333333|0.50|0.60|0.70|0.80|0.90|0.95|0.98|0.99|1.00,58,580,1.0,1.0,580,58,0.055517241379310335,0.0,0,0,True,True,mean paired gain aggregated over all ten strengths and training trials,False
A,B1|B2,FAST,FROZEN_GATE_SHARED_THRESHOLD,0.45,0.05,0.5,0.4,10,0.333333|0.50|0.60|0.70|0.80|0.90|0.95|0.98|0.99|1.00,58,580,1.0,1.0,580,58,0.13275862068965516,0.0,0,0,True,True,mean paired gain aggregated over all ten strengths and training trials,False
A,B1|B2,FAST,FROZEN_GATE_SHARED_THRESHOLD,0.45,0.05,0.7,0.4,10,0.333333|0.50|0.60|0.70|0.80|0.90|0.95|0.98|0.99|1.00,58,580,1.0,1.0,580,58,0.08810344827586203,0.0,0,0,True,True,mean paired gain aggregated over all ten strengths and training trials,False
A,B1|B2,FAST,FROZEN_GATE_SHARED_THRESHOLD,0.45,0.05,0.9,0.4,10,0.333333|0.50|0.60|0.70|0.80|0.90|0.95|0.98|0.99|1.00,58,580,1.0,1.0,580,58,0.055517241379310335,0.0,0,0,True,True,mean paired gain aggregated over all ten strengths and training trials,False
A,B1|B2,FAST,FROZEN_GATE_SHARED_THRESHOLD,0.45,0.1,0.5,0.4,10,0.333333|0.50|0.60|0.70|0.80|0.90|0.95|0.98|0.99|1.00,58,580,1.0,1.0,580,58,0.13275862068965516,0.0,0,0,True,True,mean paired gain aggregated over all ten strengths and training trials,False
A,B1|B2,FAST,FROZEN_GATE_SHARED_THRESHOLD,0.45,0.1,0.7,0.4,10,0.333333|0.50|0.60|0.70|0.80|0.90|0.95|0.98|0.99|1.00,58,580,1.0,1.0,580,58,0.08810344827586203,0.0,0,0,True,True,mean paired gain aggregated over all ten strengths and training trials,False
A,B1|B2,FAST,FROZEN_GATE_SHARED_THRESHOLD,0.45,0.1,0.9,0.4,10,0.333333|0.50|0.60|0.70|0.80|0.90|0.95|0.98|0.99|1.00,58,580,1.0,1.0,580,58,0.055517241379310335,0.0,0,0,True,True,mean paired gain aggregated over all ten strengths and training trials,False
A,B1|B2,FAST,FROZEN_GATE_SHARED_THRESHOLD,0.45,0.15,0.5,0.4,10,0.333333|0.50|0.60|0.70|0.80|0.90|0.95|0.98|0.99|1.00,58,580,1.0,1.0,580,58,0.13275862068965516,0.0,0,0,True,True,mean paired gain aggregated over all ten strengths and training trials,False
A,B1|B2,FAST,FROZEN_GATE_SHARED_THRESHOLD,0.45,0.15,0.7,0.4,10,0.333333|0.50|0.60|0.70|0.80|0.90|0.95|0.98|0.99|1.00,58,580,1.0,1.0,580,58,0.08810344827586203,0.0,0,0,True,True,mean paired gain aggregated over all ten strengths and training trials,False
A,B1|B2,FAST,FROZEN_GATE_SHARED_THRESHOLD,0.45,0.15,0.9,0.4,10,0.333333|0.50|0.60|0.70|0.80|0.90|0.95|0.98|0.99|1.00,58,580,1.0,1.0,580,58,0.055517241379310335,0.0,0,0,True,True,mean paired gain aggregated over all ten strengths and training trials,False
A,B1|B2,FAST,FROZEN_GATE_SHARED_THRESHOLD,0.45,0.2,0.5,0.4,10,0.333333|0.50|0.60|0.70|0.80|0.90|0.95|0.98|0.99|1.00,58,580,1.0,1.0,580,58,0.13275862068965516,0.0,0,0,True,True,mean paired gain aggregated over all ten strengths and training trials,False
A,B1|B2,FAST,FROZEN_GATE_SHARED_THRESHOLD,0.45,0.2,0.7,0.4,10,0.333333|0.50|0.60|0.70|0.80|0.90|0.95|0.98|0.99|1.00,58,580,1.0,1.0,580,58,0.08810344827586203,0.0,0,0,True,True,mean paired gain aggregated over all ten strengths and training trials,False
A,B1|B2,FAST,FROZEN_GATE_SHARED_THRESHOLD,0.45,0.2,0.9,0.4,10,0.333333|0.50|0.60|0.70|0.80|0.90|0.95|0.98|0.99|1.00,58,580,1.0,1.0,580,58,0.055517241379310335,0.0,0,0,True,True,mean paired gain aggregated over all ten strengths and training trials,False
A,B1|B2,FAST,FROZEN_GATE_SHARED_THRESHOLD,0.5,0.01,0.5,0.4,10,0.333333|0.50|0.60|0.70|0.80|0.90|0.95|0.98|0.99|1.00,58,580,1.0,1.0,580,58,0.13275862068965516,0.0,0,0,True,True,mean paired gain aggregated over all ten strengths and training trials,False
A,B1|B2,FAST,FROZEN_GATE_SHARED_THRESHOLD,0.5,0.01,0.7,0.4,10,0.333333|0.50|0.60|0.70|0.80|0.90|0.95|0.98|0.99|1.00,58,580,1.0,1.0,580,58,0.08810344827586203,0.0,0,0,True,True,mean paired gain aggregated over all ten strengths and training trials,False
A,B1|B2,FAST,FROZEN_GATE_SHARED_THRESHOLD,0.5,0.01,0.9,0.4,10,0.333333|0.50|0.60|0.70|0.80|0.90|0.95|0.98|0.99|1.00,58,580,1.0,1.0,580,58,0.055517241379310335,0.0,0,0,True,True,mean paired gain aggregated over all ten strengths and training trials,False
A,B1|B2,FAST,FROZEN_GATE_SHARED_THRESHOLD,0.5,0.05,0.5,0.4,10,0.333333|0.50|0.60|0.70|0.80|0.90|0.95|0.98|0.99|1.00,58,580,1.0,1.0,580,58,0.13275862068965516,0.0,0,0,True,True,mean paired gain aggregated over all ten strengths and training trials,False
A,B1|B2,FAST,FROZEN_GATE_SHARED_THRESHOLD,0.5,0.05,0.7,0.4,10,0.333333|0.50|0.60|0.70|0.80|0.90|0.95|0.98|0.99|1.00,58,580,1.0,1.0,580,58,0.08810344827586203,0.0,0,0,True,True,mean paired gain aggregated over all ten strengths and training trials,False
A,B1|B2,FAST,FROZEN_GATE_SHARED_THRESHOLD,0.5,0.05,0.9,0.4,10,0.333333|0.50|0.60|0.70|0.80|0.90|0.95|0.98|0.99|1.00,58,580,1.0,1.0,580,58,0.055517241379310335,0.0,0,0,True,True,mean paired gain aggregated over all ten strengths and training trials,False
A,B1|B2,FAST,FROZEN_GATE_SHARED_THRESHOLD,0.5,0.1,0.5,0.4,10,0.333333|0.50|0.60|0.70|0.80|0.90|0.95|0.98|0.99|1.00,58,580,1.0,1.0,580,58,0.13275862068965516,0.0,0,0,True,True,mean paired gain aggregated over all ten strengths and training trials,False
A,B1|B2,FAST,FROZEN_GATE_SHARED_THRESHOLD,0.5,0.1,0.7,0.4,10,0.333333|0.50|0.60|0.70|0.80|0.90|0.95|0.98|0.99|1.00,58,580,1.0,1.0,580,58,0.08810344827586203,0.0,0,0,True,True,mean paired gain aggregated over all ten strengths and training trials,False
A,B1|B2,FAST,FROZEN_GATE_SHARED_THRESHOLD,0.5,0.1,0.9,0.4,10,0.333333|0.50|0.60|0.70|0.80|0.90|0.95|0.98|0.99|1.00,58,580,1.0,1.0,580,58,0.055517241379310335,0.0,0,0,True,True,mean paired gain aggregated over all ten strengths and training trials,False
A,B1|B2,FAST,FROZEN_GATE_SHARED_THRESHOLD,0.5,0.15,0.5,0.4,10,0.333333|0.50|0.60|0.70|0.80|0.90|0.95|0.98|0.99|1.00,58,580,1.0,1.0,580,58,0.13275862068965516,0.0,0,0,True,True,mean paired gain aggregated over all ten strengths and training trials,False
A,B1|B2,FAST,FROZEN_GATE_SHARED_THRESHOLD,0.5,0.15,0.7,0.4,10,0.333333|0.50|0.60|0.70|0.80|0.90|0.95|0.98|0.99|1.00,58,580,1.0,1.0,580,58,0.08810344827586203,0.0,0,0,True,True,mean paired gain aggregated over all ten strengths and training trials,False
A,B1|B2,FAST,FROZEN_GATE_SHARED_THRESHOLD,0.5,0.15,0.9,0.4,10,0.333333|0.50|0.60|0.70|0.80|0.90|0.95|0.98|0.99|1.00,58,580,1.0,1.0,580,58,0.055517241379310335,0.0,0,0,True,True,mean paired gain aggregated over all ten strengths and training trials,False
A,B1|B2,FAST,FROZEN_GATE_SHARED_THRESHOLD,0.5,0.2,0.5,0.4,10,0.333333|0.50|0.60|0.70|0.80|0.90|0.95|0.98|0.99|1.00,58,580,1.0,1.0,580,58,0.13275862068965516,0.0,0,0,True,True,mean paired gain aggregated over all ten strengths and training trials,False
A,B1|B2,FAST,FROZEN_GATE_SHARED_THRESHOLD,0.5,0.2,0.7,0.4,10,0.333333|0.50|0.60|0.70|0.80|0.90|0.95|0.98|0.99|1.00,58,580,1.0,1.0,580,58,0.08810344827586203,0.0,0,0,True,True,mean paired gain aggregated over all ten strengths and training trials,False
A,B1|B2,FAST,FROZEN_GATE_SHARED_THRESHOLD,0.5,0.2,0.9,0.4,10,0.333333|0.50|0.60|0.70|0.80|0.90|0.95|0.98|0.99|1.00,58,580,1.0,1.0,580,58,0.055517241379310335,0.0,0,0,True,True,mean paired gain aggregated over all ten strengths and training trials,False
A,B1|B2,FAST,FROZEN_GATE_SHARED_THRESHOLD,0.55,0.01,0.5,0.4,10,0.333333|0.50|0.60|0.70|0.80|0.90|0.95|0.98|0.99|1.00,58,580,1.0,1.0,580,58,0.13275862068965516,0.0,0,0,True,True,mean paired gain aggregated over all ten strengths and training trials,False
A,B1|B2,FAST,FROZEN_GATE_SHARED_THRESHOLD,0.55,0.01,0.7,0.4,10,0.333333|0.50|0.60|0.70|0.80|0.90|0.95|0.98|0.99|1.00,58,580,1.0,1.0,580,58,0.08810344827586203,0.0,0,0,True,True,mean paired gain aggregated over all ten strengths and training trials,False
A,B1|B2,FAST,FROZEN_GATE_SHARED_THRESHOLD,0.55,0.01,0.9,0.4,10,0.333333|0.50|0.60|0.70|0.80|0.90|0.95|0.98|0.99|1.00,58,580,1.0,1.0,580,58,0.055517241379310335,0.0,0,0,True,True,mean paired gain aggregated over all ten strengths and training trials,False
A,B1|B2,FAST,FROZEN_GATE_SHARED_THRESHOLD,0.55,0.05,0.5,0.4,10,0.333333|0.50|0.60|0.70|0.80|0.90|0.95|0.98|0.99|1.00,58,580,1.0,1.0,580,58,0.13275862068965516,0.0,0,0,True,True,mean paired gain aggregated over all ten strengths and training trials,False
A,B1|B2,FAST,FROZEN_GATE_SHARED_THRESHOLD,0.55,0.05,0.7,0.4,10,0.333333|0.50|0.60|0.70|0.80|0.90|0.95|0.98|0.99|1.00,58,580,1.0,1.0,580,58,0.08810344827586203,0.0,0,0,True,True,mean paired gain aggregated over all ten strengths and training trials,False
A,B1|B2,FAST,FROZEN_GATE_SHARED_THRESHOLD,0.55,0.05,0.9,0.4,10,0.333333|0.50|0.60|0.70|0.80|0.90|0.95|0.98|0.99|1.00,58,580,1.0,1.0,580,58,0.055517241379310335,0.0,0,0,True,True,mean paired gain aggregated over all ten strengths and training trials,False
A,B1|B2,FAST,FROZEN_GATE_SHARED_THRESHOLD,0.55,0.1,0.5,0.4,10,0.333333|0.50|0.60|0.70|0.80|0.90|0.95|0.98|0.99|1.00,58,580,1.0,1.0,580,58,0.13275862068965516,0.0,0,0,True,True,mean paired gain aggregated over all ten strengths and training trials,False
A,B1|B2,FAST,FROZEN_GATE_SHARED_THRESHOLD,0.55,0.1,0.7,0.4,10,0.333333|0.50|0.60|0.70|0.80|0.90|0.95|0.98|0.99|1.00,58,580,1.0,1.0,580,58,0.08810344827586203,0.0,0,0,True,True,mean paired gain aggregated over all ten strengths and training trials,False
A,B1|B2,FAST,FROZEN_GATE_SHARED_THRESHOLD,0.55,0.1,0.9,0.4,10,0.333333|0.50|0.60|0.70|0.80|0.90|0.95|0.98|0.99|1.00,58,580,1.0,1.0,580,58,0.055517241379310335,0.0,0,0,True,True,mean paired gain aggregated over all ten strengths and training trials,False
A,B1|B2,FAST,FROZEN_GATE_SHARED_THRESHOLD,0.55,0.15,0.5,0.4,10,0.333333|0.50|0.60|0.70|0.80|0.90|0.95|0.98|0.99|1.00,58,580,1.0,1.0,580,58,0.13275862068965516,0.0,0,0,True,True,mean paired gain aggregated over all ten strengths and training trials,False
A,B1|B2,FAST,FROZEN_GATE_SHARED_THRESHOLD,0.55,0.15,0.7,0.4,10,0.333333|0.50|0.60|0.70|0.80|0.90|0.95|0.98|0.99|1.00,58,580,1.0,1.0,580,58,0.08810344827586203,0.0,0,0,True,True,mean paired gain aggregated over all ten strengths and training trials,False
A,B1|B2,FAST,FROZEN_GATE_SHARED_THRESHOLD,0.55,0.15,0.9,0.4,10,0.333333|0.50|0.60|0.70|0.80|0.90|0.95|0.98|0.99|1.00,58,580,1.0,1.0,580,58,0.055517241379310335,0.0,0,0,True,True,mean paired gain aggregated over all ten strengths and training trials,False
A,B1|B2,FAST,FROZEN_GATE_SHARED_THRESHOLD,0.55,0.2,0.5,0.4,10,0.333333|0.50|0.60|0.70|0.80|0.90|0.95|0.98|0.99|1.00,58,580,1.0,1.0,580,58,0.13275862068965516,0.0,0,0,True,True,mean paired gain aggregated over all ten strengths and training trials,True
A,B1|B2,FAST,FROZEN_GATE_SHARED_THRESHOLD,0.55,0.2,0.7,0.4,10,0.333333|0.50|0.60|0.70|0.80|0.90|0.95|0.98|0.99|1.00,58,580,1.0,1.0,580,58,0.08810344827586203,0.0,0,0,True,True,mean paired gain aggregated over all ten strengths and training trials,False
A,B1|B2,FAST,FROZEN_GATE_SHARED_THRESHOLD,0.55,0.2,0.9,0.4,10,0.333333|0.50|0.60|0.70|0.80|0.90|0.95|0.98|0.99|1.00,58,580,1.0,1.0,580,58,0.055517241379310335,0.0,0,0,True,True,mean paired gain aggregated over all ten strengths and training trials,False
A,B1|B2,FAST,NONDEPLOYABLE_DECOUPLED_STRENGTH_GATE,0.4,0.01,0.5,0.4,10,0.333333|0.50|0.60|0.70|0.80|0.90|0.95|0.98|0.99|1.00,58,580,1.0,1.0,580,58,0.1706896551724138,0.0,0,0,True,True,mean paired gain aggregated over all ten strengths and training trials,False
A,B1|B2,FAST,NONDEPLOYABLE_DECOUPLED_STRENGTH_GATE,0.4,0.01,0.7,0.4,10,0.333333|0.50|0.60|0.70|0.80|0.90|0.95|0.98|0.99|1.00,58,580,1.0,1.0,580,58,0.11327586206896549,0.0,0,0,True,True,mean paired gain aggregated over all ten strengths and training trials,False
A,B1|B2,FAST,NONDEPLOYABLE_DECOUPLED_STRENGTH_GATE,0.4,0.01,0.9,0.4,10,0.333333|0.50|0.60|0.70|0.80|0.90|0.95|0.98|0.99|1.00,58,580,1.0,1.0,580,58,0.07137931034482757,0.0,0,0,True,True,mean paired gain aggregated over all ten strengths and training trials,False
A,B1|B2,FAST,NONDEPLOYABLE_DECOUPLED_STRENGTH_GATE,0.4,0.05,0.5,0.4,10,0.333333|0.50|0.60|0.70|0.80|0.90|0.95|0.98|0.99|1.00,58,580,1.0,1.0,580,58,0.1706896551724138,0.0,0,0,True,True,mean paired gain aggregated over all ten strengths and training trials,False
A,B1|B2,FAST,NONDEPLOYABLE_DECOUPLED_STRENGTH_GATE,0.4,0.05,0.7,0.4,10,0.333333|0.50|0.60|0.70|0.80|0.90|0.95|0.98|0.99|1.00,58,580,1.0,1.0,580,58,0.11327586206896549,0.0,0,0,True,True,mean paired gain aggregated over all ten strengths and training trials,False
A,B1|B2,FAST,NONDEPLOYABLE_DECOUPLED_STRENGTH_GATE,0.4,0.05,0.9,0.4,10,0.333333|0.50|0.60|0.70|0.80|0.90|0.95|0.98|0.99|1.00,58,580,1.0,1.0,580,58,0.07137931034482757,0.0,0,0,True,True,mean paired gain aggregated over all ten strengths and training trials,False
A,B1|B2,FAST,NONDEPLOYABLE_DECOUPLED_STRENGTH_GATE,0.4,0.1,0.5,0.4,10,0.333333|0.50|0.60|0.70|0.80|0.90|0.95|0.98|0.99|1.00,58,580,1.0,1.0,580,58,0.1706896551724138,0.0,0,0,True,True,mean paired gain aggregated over all ten strengths and training trials,False
A,B1|B2,FAST,NONDEPLOYABLE_DECOUPLED_STRENGTH_GATE,0.4,0.1,0.7,0.4,10,0.333333|0.50|0.60|0.70|0.80|0.90|0.95|0.98|0.99|1.00,58,580,1.0,1.0,580,58,0.11327586206896549,0.0,0,0,True,True,mean paired gain aggregated over all ten strengths and training trials,False
A,B1|B2,FAST,NONDEPLOYABLE_DECOUPLED_STRENGTH_GATE,0.4,0.1,0.9,0.4,10,0.333333|0.50|0.60|0.70|0.80|0.90|0.95|0.98|0.99|1.00,58,580,1.0,1.0,580,58,0.07137931034482757,0.0,0,0,True,True,mean paired gain aggregated over all ten strengths and training trials,False
A,B1|B2,FAST,NONDEPLOYABLE_DECOUPLED_STRENGTH_GATE,0.4,0.15,0.5,0.4,10,0.333333|0.50|0.60|0.70|0.80|0.90|0.95|0.98|0.99|1.00,58,580,1.0,1.0,580,58,0.1706896551724138,0.0,0,0,True,True,mean paired gain aggregated over all ten strengths and training trials,False
A,B1|B2,FAST,NONDEPLOYABLE_DECOUPLED_STRENGTH_GATE,0.4,0.15,0.7,0.4,10,0.333333|0.50|0.60|0.70|0.80|0.90|0.95|0.98|0.99|1.00,58,580,1.0,1.0,580,58,0.11327586206896549,0.0,0,0,True,True,mean paired gain aggregated over all ten strengths and training trials,False
A,B1|B2,FAST,NONDEPLOYABLE_DECOUPLED_STRENGTH_GATE,0.4,0.15,0.9,0.4,10,0.333333|0.50|0.60|0.70|0.80|0.90|0.95|0.98|0.99|1.00,58,580,1.0,1.0,580,58,0.07137931034482757,0.0,0,0,True,True,mean paired gain aggregated over all ten strengths and training trials,False
A,B1|B2,FAST,NONDEPLOYABLE_DECOUPLED_STRENGTH_GATE,0.4,0.2,0.5,0.4,10,0.333333|0.50|0.60|0.70|0.80|0.90|0.95|0.98|0.99|1.00,58,580,1.0,1.0,580,58,0.1706896551724138,0.0,0,0,True,True,mean paired gain aggregated over all ten strengths and training trials,False
A,B1|B2,FAST,NONDEPLOYABLE_DECOUPLED_STRENGTH_GATE,0.4,0.2,0.7,0.4,10,0.333333|0.50|0.60|0.70|0.80|0.90|0.95|0.98|0.99|1.00,58,580,1.0,1.0,580,58,0.11327586206896549,0.0,0,0,True,True,mean paired gain aggregated over all ten strengths and training trials,False
A,B1|B2,FAST,NONDEPLOYABLE_DECOUPLED_STRENGTH_GATE,0.4,0.2,0.9,0.4,10,0.333333|0.50|0.60|0.70|0.80|0.90|0.95|0.98|0.99|1.00,58,580,1.0,1.0,580,58,0.07137931034482757,0.0,0,0,True,True,mean paired gain aggregated over all ten strengths and training trials,False
A,B1|B2,FAST,NONDEPLOYABLE_DECOUPLED_STRENGTH_GATE,0.45,0.01,0.5,0.4,10,0.333333|0.50|0.60|0.70|0.80|0.90|0.95|0.98|0.99|1.00,58,580,1.0,1.0,580,58,0.1706896551724138,0.0,0,0,True,True,mean paired gain aggregated over all ten strengths and training trials,False
A,B1|B2,FAST,NONDEPLOYABLE_DECOUPLED_STRENGTH_GATE,0.45,0.01,0.7,0.4,10,0.333333|0.50|0.60|0.70|0.80|0.90|0.95|0.98|0.99|1.00,58,580,1.0,1.0,580,58,0.11327586206896549,0.0,0,0,True,True,mean paired gain aggregated over all ten strengths and training trials,False
A,B1|B2,FAST,NONDEPLOYABLE_DECOUPLED_STRENGTH_GATE,0.45,0.01,0.9,0.4,10,0.333333|0.50|0.60|0.70|0.80|0.90|0.95|0.98|0.99|1.00,58,580,1.0,1.0,580,58,0.07137931034482757,0.0,0,0,True,True,mean paired gain aggregated over all ten strengths and training trials,False
A,B1|B2,FAST,NONDEPLOYABLE_DECOUPLED_STRENGTH_GATE,0.45,0.05,0.5,0.4,10,0.333333|0.50|0.60|0.70|0.80|0.90|0.95|0.98|0.99|1.00,58,580,1.0,1.0,580,58,0.1706896551724138,0.0,0,0,True,True,mean paired gain aggregated over all ten strengths and training trials,False
A,B1|B2,FAST,NONDEPLOYABLE_DECOUPLED_STRENGTH_GATE,0.45,0.05,0.7,0.4,10,0.333333|0.50|0.60|0.70|0.80|0.90|0.95|0.98|0.99|1.00,58,580,1.0,1.0,580,58,0.11327586206896549,0.0,0,0,True,True,mean paired gain aggregated over all ten strengths and training trials,False
A,B1|B2,FAST,NONDEPLOYABLE_DECOUPLED_STRENGTH_GATE,0.45,0.05,0.9,0.4,10,0.333333|0.50|0.60|0.70|0.80|0.90|0.95|0.98|0.99|1.00,58,580,1.0,1.0,580,58,0.07137931034482757,0.0,0,0,True,True,mean paired gain aggregated over all ten strengths and training trials,False
A,B1|B2,FAST,NONDEPLOYABLE_DECOUPLED_STRENGTH_GATE,0.45,0.1,0.5,0.4,10,0.333333|0.50|0.60|0.70|0.80|0.90|0.95|0.98|0.99|1.00,58,580,1.0,1.0,580,58,0.1706896551724138,0.0,0,0,True,True,mean paired gain aggregated over all ten strengths and training trials,False
A,B1|B2,FAST,NONDEPLOYABLE_DECOUPLED_STRENGTH_GATE,0.45,0.1,0.7,0.4,10,0.333333|0.50|0.60|0.70|0.80|0.90|0.95|0.98|0.99|1.00,58,580,1.0,1.0,580,58,0.11327586206896549,0.0,0,0,True,True,mean paired gain aggregated over all ten strengths and training trials,False
A,B1|B2,FAST,NONDEPLOYABLE_DECOUPLED_STRENGTH_GATE,0.45,0.1,0.9,0.4,10,0.333333|0.50|0.60|0.70|0.80|0.90|0.95|0.98|0.99|1.00,58,580,1.0,1.0,580,58,0.07137931034482757,0.0,0,0,True,True,mean paired gain aggregated over all ten strengths and training trials,False
A,B1|B2,FAST,NONDEPLOYABLE_DECOUPLED_STRENGTH_GATE,0.45,0.15,0.5,0.4,10,0.333333|0.50|0.60|0.70|0.80|0.90|0.95|0.98|0.99|1.00,58,580,1.0,1.0,580,58,0.1706896551724138,0.0,0,0,True,True,mean paired gain aggregated over all ten strengths and training trials,False
A,B1|B2,FAST,NONDEPLOYABLE_DECOUPLED_STRENGTH_GATE,0.45,0.15,0.7,0.4,10,0.333333|0.50|0.60|0.70|0.80|0.90|0.95|0.98|0.99|1.00,58,580,1.0,1.0,580,58,0.11327586206896549,0.0,0,0,True,True,mean paired gain aggregated over all ten strengths and training trials,False
A,B1|B2,FAST,NONDEPLOYABLE_DECOUPLED_STRENGTH_GATE,0.45,0.15,0.9,0.4,10,0.333333|0.50|0.60|0.70|0.80|0.90|0.95|0.98|0.99|1.00,58,580,1.0,1.0,580,58,0.07137931034482757,0.0,0,0,True,True,mean paired gain aggregated over all ten strengths and training trials,False
A,B1|B2,FAST,NONDEPLOYABLE_DECOUPLED_STRENGTH_GATE,0.45,0.2,0.5,0.4,10,0.333333|0.50|0.60|0.70|0.80|0.90|0.95|0.98|0.99|1.00,58,580,1.0,1.0,580,58,0.1706896551724138,0.0,0,0,True,True,mean paired gain aggregated over all ten strengths and training trials,False
A,B1|B2,FAST,NONDEPLOYABLE_DECOUPLED_STRENGTH_GATE,0.45,0.2,0.7,0.4,10,0.333333|0.50|0.60|0.70|0.80|0.90|0.95|0.98|0.99|1.00,58,580,1.0,1.0,580,58,0.11327586206896549,0.0,0,0,True,True,mean paired gain aggregated over all ten strengths and training trials,False
A,B1|B2,FAST,NONDEPLOYABLE_DECOUPLED_STRENGTH_GATE,0.45,0.2,0.9,0.4,10,0.333333|0.50|0.60|0.70|0.80|0.90|0.95|0.98|0.99|1.00,58,580,1.0,1.0,580,58,0.07137931034482757,0.0,0,0,True,True,mean paired gain aggregated over all ten strengths and training trials,False
A,B1|B2,FAST,NONDEPLOYABLE_DECOUPLED_STRENGTH_GATE,0.5,0.01,0.5,0.4,10,0.333333|0.50|0.60|0.70|0.80|0.90|0.95|0.98|0.99|1.00,58,580,1.0,1.0,580,58,0.1706896551724138,0.0,0,0,True,True,mean paired gain aggregated over all ten strengths and training trials,False
A,B1|B2,FAST,NONDEPLOYABLE_DECOUPLED_STRENGTH_GATE,0.5,0.01,0.7,0.4,10,0.333333|0.50|0.60|0.70|0.80|0.90|0.95|0.98|0.99|1.00,58,580,1.0,1.0,580,58,0.11327586206896549,0.0,0,0,True,True,mean paired gain aggregated over all ten strengths and training trials,False
A,B1|B2,FAST,NONDEPLOYABLE_DECOUPLED_STRENGTH_GATE,0.5,0.01,0.9,0.4,10,0.333333|0.50|0.60|0.70|0.80|0.90|0.95|0.98|0.99|1.00,58,580,1.0,1.0,580,58,0.07137931034482757,0.0,0,0,True,True,mean paired gain aggregated over all ten strengths and training trials,False
A,B1|B2,FAST,NONDEPLOYABLE_DECOUPLED_STRENGTH_GATE,0.5,0.05,0.5,0.4,10,0.333333|0.50|0.60|0.70|0.80|0.90|0.95|0.98|0.99|1.00,58,580,1.0,1.0,580,58,0.1706896551724138,0.0,0,0,True,True,mean paired gain aggregated over all ten strengths and training trials,False
A,B1|B2,FAST,NONDEPLOYABLE_DECOUPLED_STRENGTH_GATE,0.5,0.05,0.7,0.4,10,0.333333|0.50|0.60|0.70|0.80|0.90|0.95|0.98|0.99|1.00,58,580,1.0,1.0,580,58,0.11327586206896549,0.0,0,0,True,True,mean paired gain aggregated over all ten strengths and training trials,False
A,B1|B2,FAST,NONDEPLOYABLE_DECOUPLED_STRENGTH_GATE,0.5,0.05,0.9,0.4,10,0.333333|0.50|0.60|0.70|0.80|0.90|0.95|0.98|0.99|1.00,58,580,1.0,1.0,580,58,0.07137931034482757,0.0,0,0,True,True,mean paired gain aggregated over all ten strengths and training trials,False
A,B1|B2,FAST,NONDEPLOYABLE_DECOUPLED_STRENGTH_GATE,0.5,0.1,0.5,0.4,10,0.333333|0.50|0.60|0.70|0.80|0.90|0.95|0.98|0.99|1.00,58,580,1.0,1.0,580,58,0.1706896551724138,0.0,0,0,True,True,mean paired gain aggregated over all ten strengths and training trials,False
A,B1|B2,FAST,NONDEPLOYABLE_DECOUPLED_STRENGTH_GATE,0.5,0.1,0.7,0.4,10,0.333333|0.50|0.60|0.70|0.80|0.90|0.95|0.98|0.99|1.00,58,580,1.0,1.0,580,58,0.11327586206896549,0.0,0,0,True,True,mean paired gain aggregated over all ten strengths and training trials,False
A,B1|B2,FAST,NONDEPLOYABLE_DECOUPLED_STRENGTH_GATE,0.5,0.1,0.9,0.4,10,0.333333|0.50|0.60|0.70|0.80|0.90|0.95|0.98|0.99|1.00,58,580,1.0,1.0,580,58,0.07137931034482757,0.0,0,0,True,True,mean paired gain aggregated over all ten strengths and training trials,False
A,B1|B2,FAST,NONDEPLOYABLE_DECOUPLED_STRENGTH_GATE,0.5,0.15,0.5,0.4,10,0.333333|0.50|0.60|0.70|0.80|0.90|0.95|0.98|0.99|1.00,58,580,1.0,1.0,580,58,0.1706896551724138,0.0,0,0,True,True,mean paired gain aggregated over all ten strengths and training trials,False
A,B1|B2,FAST,NONDEPLOYABLE_DECOUPLED_STRENGTH_GATE,0.5,0.15,0.7,0.4,10,0.333333|0.50|0.60|0.70|0.80|0.90|0.95|0.98|0.99|1.00,58,580,1.0,1.0,580,58,0.11327586206896549,0.0,0,0,True,True,mean paired gain aggregated over all ten strengths and training trials,False
A,B1|B2,FAST,NONDEPLOYABLE_DECOUPLED_STRENGTH_GATE,0.5,0.15,0.9,0.4,10,0.333333|0.50|0.60|0.70|0.80|0.90|0.95|0.98|0.99|1.00,58,580,1.0,1.0,580,58,0.07137931034482757,0.0,0,0,True,True,mean paired gain aggregated over all ten strengths and training trials,False
A,B1|B2,FAST,NONDEPLOYABLE_DECOUPLED_STRENGTH_GATE,0.5,0.2,0.5,0.4,10,0.333333|0.50|0.60|0.70|0.80|0.90|0.95|0.98|0.99|1.00,58,580,1.0,1.0,580,58,0.1706896551724138,0.0,0,0,True,True,mean paired gain aggregated over all ten strengths and training trials,True
A,B1|B2,FAST,NONDEPLOYABLE_DECOUPLED_STRENGTH_GATE,0.5,0.2,0.7,0.4,10,0.333333|0.50|0.60|0.70|0.80|0.90|0.95|0.98|0.99|1.00,58,580,1.0,1.0,580,58,0.11327586206896549,0.0,0,0,True,True,mean paired gain aggregated over all ten strengths and training trials,False
A,B1|B2,FAST,NONDEPLOYABLE_DECOUPLED_STRENGTH_GATE,0.5,0.2,0.9,0.4,10,0.333333|0.50|0.60|0.70|0.80|0.90|0.95|0.98|0.99|1.00,58,580,1.0,1.0,580,58,0.07137931034482757,0.0,0,0,True,True,mean paired gain aggregated over all ten strengths and training trials,False
A,B1|B2,FAST,NONDEPLOYABLE_DECOUPLED_STRENGTH_GATE,0.55,0.01,0.5,0.4,10,0.333333|0.50|0.60|0.70|0.80|0.90|0.95|0.98|0.99|1.00,58,580,1.0,1.0,580,58,0.16413793103448274,0.0,0,0,True,True,mean paired gain aggregated over all ten strengths and training trials,False
A,B1|B2,FAST,NONDEPLOYABLE_DECOUPLED_STRENGTH_GATE,0.55,0.01,0.7,0.4,10,0.333333|0.50|0.60|0.70|0.80|0.90|0.95|0.98|0.99|1.00,58,580,1.0,1.0,580,58,0.1098275862068965,0.0,0,0,True,True,mean paired gain aggregated over all ten strengths and training trials,False
A,B1|B2,FAST,NONDEPLOYABLE_DECOUPLED_STRENGTH_GATE,0.55,0.01,0.9,0.4,10,0.333333|0.50|0.60|0.70|0.80|0.90|0.95|0.98|0.99|1.00,58,580,1.0,1.0,580,58,0.066551724137931,0.0,0,0,True,True,mean paired gain aggregated over all ten strengths and training trials,False
A,B1|B2,FAST,NONDEPLOYABLE_DECOUPLED_STRENGTH_GATE,0.55,0.05,0.5,0.4,10,0.333333|0.50|0.60|0.70|0.80|0.90|0.95|0.98|0.99|1.00,58,580,1.0,1.0,580,58,0.16413793103448274,0.0,0,0,True,True,mean paired gain aggregated over all ten strengths and training trials,False
A,B1|B2,FAST,NONDEPLOYABLE_DECOUPLED_STRENGTH_GATE,0.55,0.05,0.7,0.4,10,0.333333|0.50|0.60|0.70|0.80|0.90|0.95|0.98|0.99|1.00,58,580,1.0,1.0,580,58,0.1098275862068965,0.0,0,0,True,True,mean paired gain aggregated over all ten strengths and training trials,False
A,B1|B2,FAST,NONDEPLOYABLE_DECOUPLED_STRENGTH_GATE,0.55,0.05,0.9,0.4,10,0.333333|0.50|0.60|0.70|0.80|0.90|0.95|0.98|0.99|1.00,58,580,1.0,1.0,580,58,0.066551724137931,0.0,0,0,True,True,mean paired gain aggregated over all ten strengths and training trials,False
A,B1|B2,FAST,NONDEPLOYABLE_DECOUPLED_STRENGTH_GATE,0.55,0.1,0.5,0.4,10,0.333333|0.50|0.60|0.70|0.80|0.90|0.95|0.98|0.99|1.00,58,580,1.0,1.0,580,58,0.16413793103448274,0.0,0,0,True,True,mean paired gain aggregated over all ten strengths and training trials,False
A,B1|B2,FAST,NONDEPLOYABLE_DECOUPLED_STRENGTH_GATE,0.55,0.1,0.7,0.4,10,0.333333|0.50|0.60|0.70|0.80|0.90|0.95|0.98|0.99|1.00,58,580,1.0,1.0,580,58,0.1098275862068965,0.0,0,0,True,True,mean paired gain aggregated over all ten strengths and training trials,False
A,B1|B2,FAST,NONDEPLOYABLE_DECOUPLED_STRENGTH_GATE,0.55,0.1,0.9,0.4,10,0.333333|0.50|0.60|0.70|0.80|0.90|0.95|0.98|0.99|1.00,58,580,1.0,1.0,580,58,0.066551724137931,0.0,0,0,True,True,mean paired gain aggregated over all ten strengths and training trials,False
A,B1|B2,FAST,NONDEPLOYABLE_DECOUPLED_STRENGTH_GATE,0.55,0.15,0.5,0.4,10,0.333333|0.50|0.60|0.70|0.80|0.90|0.95|0.98|0.99|1.00,58,580,1.0,1.0,580,58,0.16413793103448274,0.0,0,0,True,True,mean paired gain aggregated over all ten strengths and training trials,False
A,B1|B2,FAST,NONDEPLOYABLE_DECOUPLED_STRENGTH_GATE,0.55,0.15,0.7,0.4,10,0.333333|0.50|0.60|0.70|0.80|0.90|0.95|0.98|0.99|1.00,58,580,1.0,1.0,580,58,0.1098275862068965,0.0,0,0,True,True,mean paired gain aggregated over all ten strengths and training trials,False
A,B1|B2,FAST,NONDEPLOYABLE_DECOUPLED_STRENGTH_GATE,0.55,0.15,0.9,0.4,10,0.333333|0.50|0.60|0.70|0.80|0.90|0.95|0.98|0.99|1.00,58,580,1.0,1.0,580,58,0.066551724137931,0.0,0,0,True,True,mean paired gain aggregated over all ten strengths and training trials,False
A,B1|B2,FAST,NONDEPLOYABLE_DECOUPLED_STRENGTH_GATE,0.55,0.2,0.5,0.4,10,0.333333|0.50|0.60|0.70|0.80|0.90|0.95|0.98|0.99|1.00,58,580,1.0,1.0,580,58,0.16413793103448274,0.0,0,0,True,True,mean paired gain aggregated over all ten strengths and training trials,False
A,B1|B2,FAST,NONDEPLOYABLE_DECOUPLED_STRENGTH_GATE,0.55,0.2,0.7,0.4,10,0.333333|0.50|0.60|0.70|0.80|0.90|0.95|0.98|0.99|1.00,58,580,1.0,1.0,580,58,0.1098275862068965,0.0,0,0,True,True,mean paired gain aggregated over all ten strengths and training trials,False
A,B1|B2,FAST,NONDEPLOYABLE_DECOUPLED_STRENGTH_GATE,0.55,0.2,0.9,0.4,10,0.333333|0.50|0.60|0.70|0.80|0.90|0.95|0.98|0.99|1.00,58,580,1.0,1.0,580,58,0.066551724137931,0.0,0,0,True,True,mean paired gain aggregated over all ten strengths and training trials,False
A,B1|B2,MEDIUM,FROZEN_GATE_SHARED_THRESHOLD,0.4,0.01,0.5,0.4,10,0.333333|0.50|0.60|0.70|0.80|0.90|0.95|0.98|0.99|1.00,58,580,1.0,1.0,580,58,0.1882758620689655,0.0,0,0,True,True,mean paired gain aggregated over all ten strengths and training trials,False
A,B1|B2,MEDIUM,FROZEN_GATE_SHARED_THRESHOLD,0.4,0.01,0.7,0.4,10,0.333333|0.50|0.60|0.70|0.80|0.90|0.95|0.98|0.99|1.00,58,580,1.0,1.0,580,58,0.12068965517241377,0.0,0,0,True,True,mean paired gain aggregated over all ten strengths and training trials,False
A,B1|B2,MEDIUM,FROZEN_GATE_SHARED_THRESHOLD,0.4,0.01,0.9,0.4,10,0.333333|0.50|0.60|0.70|0.80|0.90|0.95|0.98|0.99|1.00,58,580,1.0,1.0,580,58,0.07724137931034482,0.0,0,0,True,True,mean paired gain aggregated over all ten strengths and training trials,False
A,B1|B2,MEDIUM,FROZEN_GATE_SHARED_THRESHOLD,0.4,0.05,0.5,0.4,10,0.333333|0.50|0.60|0.70|0.80|0.90|0.95|0.98|0.99|1.00,58,580,1.0,1.0,580,58,0.1882758620689655,0.0,0,0,True,True,mean paired gain aggregated over all ten strengths and training trials,False
A,B1|B2,MEDIUM,FROZEN_GATE_SHARED_THRESHOLD,0.4,0.05,0.7,0.4,10,0.333333|0.50|0.60|0.70|0.80|0.90|0.95|0.98|0.99|1.00,58,580,1.0,1.0,580,58,0.12068965517241377,0.0,0,0,True,True,mean paired gain aggregated over all ten strengths and training trials,False
A,B1|B2,MEDIUM,FROZEN_GATE_SHARED_THRESHOLD,0.4,0.05,0.9,0.4,10,0.333333|0.50|0.60|0.70|0.80|0.90|0.95|0.98|0.99|1.00,58,580,1.0,1.0,580,58,0.07724137931034482,0.0,0,0,True,True,mean paired gain aggregated over all ten strengths and training trials,False
A,B1|B2,MEDIUM,FROZEN_GATE_SHARED_THRESHOLD,0.4,0.1,0.5,0.4,10,0.333333|0.50|0.60|0.70|0.80|0.90|0.95|0.98|0.99|1.00,58,580,1.0,1.0,580,58,0.1882758620689655,0.0,0,0,True,True,mean paired gain aggregated over all ten strengths and training trials,False
A,B1|B2,MEDIUM,FROZEN_GATE_SHARED_THRESHOLD,0.4,0.1,0.7,0.4,10,0.333333|0.50|0.60|0.70|0.80|0.90|0.95|0.98|0.99|1.00,58,580,1.0,1.0,580,58,0.12068965517241377,0.0,0,0,True,True,mean paired gain aggregated over all ten strengths and training trials,False
A,B1|B2,MEDIUM,FROZEN_GATE_SHARED_THRESHOLD,0.4,0.1,0.9,0.4,10,0.333333|0.50|0.60|0.70|0.80|0.90|0.95|0.98|0.99|1.00,58,580,1.0,1.0,580,58,0.07724137931034482,0.0,0,0,True,True,mean paired gain aggregated over all ten strengths and training trials,False
A,B1|B2,MEDIUM,FROZEN_GATE_SHARED_THRESHOLD,0.4,0.15,0.5,0.4,10,0.333333|0.50|0.60|0.70|0.80|0.90|0.95|0.98|0.99|1.00,58,580,1.0,1.0,580,58,0.1882758620689655,0.0,0,0,True,True,mean paired gain aggregated over all ten strengths and training trials,False
A,B1|B2,MEDIUM,FROZEN_GATE_SHARED_THRESHOLD,0.4,0.15,0.7,0.4,10,0.333333|0.50|0.60|0.70|0.80|0.90|0.95|0.98|0.99|1.00,58,580,1.0,1.0,580,58,0.12068965517241377,0.0,0,0,True,True,mean paired gain aggregated over all ten strengths and training trials,False
A,B1|B2,MEDIUM,FROZEN_GATE_SHARED_THRESHOLD,0.4,0.15,0.9,0.4,10,0.333333|0.50|0.60|0.70|0.80|0.90|0.95|0.98|0.99|1.00,58,580,1.0,1.0,580,58,0.07724137931034482,0.0,0,0,True,True,mean paired gain aggregated over all ten strengths and training trials,False
A,B1|B2,MEDIUM,FROZEN_GATE_SHARED_THRESHOLD,0.4,0.2,0.5,0.4,10,0.333333|0.50|0.60|0.70|0.80|0.90|0.95|0.98|0.99|1.00,58,580,1.0,1.0,580,58,0.1882758620689655,0.0,0,0,True,True,mean paired gain aggregated over all ten strengths and training trials,False
A,B1|B2,MEDIUM,FROZEN_GATE_SHARED_THRESHOLD,0.4,0.2,0.7,0.4,10,0.333333|0.50|0.60|0.70|0.80|0.90|0.95|0.98|0.99|1.00,58,580,1.0,1.0,580,58,0.12068965517241377,0.0,0,0,True,True,mean paired gain aggregated over all ten strengths and training trials,False
A,B1|B2,MEDIUM,FROZEN_GATE_SHARED_THRESHOLD,0.4,0.2,0.9,0.4,10,0.333333|0.50|0.60|0.70|0.80|0.90|0.95|0.98|0.99|1.00,58,580,1.0,1.0,580,58,0.07724137931034482,0.0,0,0,True,True,mean paired gain aggregated over all ten strengths and training trials,False
A,B1|B2,MEDIUM,FROZEN_GATE_SHARED_THRESHOLD,0.45,0.01,0.5,0.4,10,0.333333|0.50|0.60|0.70|0.80|0.90|0.95|0.98|0.99|1.00,58,580,1.0,1.0,580,58,0.1882758620689655,0.0,0,0,True,True,mean paired gain aggregated over all ten strengths and training trials,False
A,B1|B2,MEDIUM,FROZEN_GATE_SHARED_THRESHOLD,0.45,0.01,0.7,0.4,10,0.333333|0.50|0.60|0.70|0.80|0.90|0.95|0.98|0.99|1.00,58,580,1.0,1.0,580,58,0.12068965517241377,0.0,0,0,True,True,mean paired gain aggregated over all ten strengths and training trials,False
A,B1|B2,MEDIUM,FROZEN_GATE_SHARED_THRESHOLD,0.45,0.01,0.9,0.4,10,0.333333|0.50|0.60|0.70|0.80|0.90|0.95|0.98|0.99|1.00,58,580,1.0,1.0,580,58,0.07724137931034482,0.0,0,0,True,True,mean paired gain aggregated over all ten strengths and training trials,False
A,B1|B2,MEDIUM,FROZEN_GATE_SHARED_THRESHOLD,0.45,0.05,0.5,0.4,10,0.333333|0.50|0.60|0.70|0.80|0.90|0.95|0.98|0.99|1.00,58,580,1.0,1.0,580,58,0.1882758620689655,0.0,0,0,True,True,mean paired gain aggregated over all ten strengths and training trials,False
A,B1|B2,MEDIUM,FROZEN_GATE_SHARED_THRESHOLD,0.45,0.05,0.7,0.4,10,0.333333|0.50|0.60|0.70|0.80|0.90|0.95|0.98|0.99|1.00,58,580,1.0,1.0,580,58,0.12068965517241377,0.0,0,0,True,True,mean paired gain aggregated over all ten strengths and training trials,False
A,B1|B2,MEDIUM,FROZEN_GATE_SHARED_THRESHOLD,0.45,0.05,0.9,0.4,10,0.333333|0.50|0.60|0.70|0.80|0.90|0.95|0.98|0.99|1.00,58,580,1.0,1.0,580,58,0.07724137931034482,0.0,0,0,True,True,mean paired gain aggregated over all ten strengths and training trials,False
A,B1|B2,MEDIUM,FROZEN_GATE_SHARED_THRESHOLD,0.45,0.1,0.5,0.4,10,0.333333|0.50|0.60|0.70|0.80|0.90|0.95|0.98|0.99|1.00,58,580,1.0,1.0,580,58,0.1882758620689655,0.0,0,0,True,True,mean paired gain aggregated over all ten strengths and training trials,False
A,B1|B2,MEDIUM,FROZEN_GATE_SHARED_THRESHOLD,0.45,0.1,0.7,0.4,10,0.333333|0.50|0.60|0.70|0.80|0.90|0.95|0.98|0.99|1.00,58,580,1.0,1.0,580,58,0.12068965517241377,0.0,0,0,True,True,mean paired gain aggregated over all ten strengths and training trials,False
A,B1|B2,MEDIUM,FROZEN_GATE_SHARED_THRESHOLD,0.45,0.1,0.9,0.4,10,0.333333|0.50|0.60|0.70|0.80|0.90|0.95|0.98|0.99|1.00,58,580,1.0,1.0,580,58,0.07724137931034482,0.0,0,0,True,True,mean paired gain aggregated over all ten strengths and training trials,False
A,B1|B2,MEDIUM,FROZEN_GATE_SHARED_THRESHOLD,0.45,0.15,0.5,0.4,10,0.333333|0.50|0.60|0.70|0.80|0.90|0.95|0.98|0.99|1.00,58,580,1.0,1.0,580,58,0.1882758620689655,0.0,0,0,True,True,mean paired gain aggregated over all ten strengths and training trials,False
A,B1|B2,MEDIUM,FROZEN_GATE_SHARED_THRESHOLD,0.45,0.15,0.7,0.4,10,0.333333|0.50|0.60|0.70|0.80|0.90|0.95|0.98|0.99|1.00,58,580,1.0,1.0,580,58,0.12068965517241377,0.0,0,0,True,True,mean paired gain aggregated over all ten strengths and training trials,False
A,B1|B2,MEDIUM,FROZEN_GATE_SHARED_THRESHOLD,0.45,0.15,0.9,0.4,10,0.333333|0.50|0.60|0.70|0.80|0.90|0.95|0.98|0.99|1.00,58,580,1.0,1.0,580,58,0.07724137931034482,0.0,0,0,True,True,mean paired gain aggregated over all ten strengths and training trials,False
A,B1|B2,MEDIUM,FROZEN_GATE_SHARED_THRESHOLD,0.45,0.2,0.5,0.4,10,0.333333|0.50|0.60|0.70|0.80|0.90|0.95|0.98|0.99|1.00,58,580,1.0,1.0,580,58,0.1882758620689655,0.0,0,0,True,True,mean paired gain aggregated over all ten strengths and training trials,False
A,B1|B2,MEDIUM,FROZEN_GATE_SHARED_THRESHOLD,0.45,0.2,0.7,0.4,10,0.333333|0.50|0.60|0.70|0.80|0.90|0.95|0.98|0.99|1.00,58,580,1.0,1.0,580,58,0.12068965517241377,0.0,0,0,True,True,mean paired gain aggregated over all ten strengths and training trials,False
A,B1|B2,MEDIUM,FROZEN_GATE_SHARED_THRESHOLD,0.45,0.2,0.9,0.4,10,0.333333|0.50|0.60|0.70|0.80|0.90|0.95|0.98|0.99|1.00,58,580,1.0,1.0,580,58,0.07724137931034482,0.0,0,0,True,True,mean paired gain aggregated over all ten strengths and training trials,False
A,B1|B2,MEDIUM,FROZEN_GATE_SHARED_THRESHOLD,0.5,0.01,0.5,0.4,10,0.333333|0.50|0.60|0.70|0.80|0.90|0.95|0.98|0.99|1.00,58,580,1.0,1.0,580,58,0.1882758620689655,0.0,0,0,True,True,mean paired gain aggregated over all ten strengths and training trials,False
A,B1|B2,MEDIUM,FROZEN_GATE_SHARED_THRESHOLD,0.5,0.01,0.7,0.4,10,0.333333|0.50|0.60|0.70|0.80|0.90|0.95|0.98|0.99|1.00,58,580,1.0,1.0,580,58,0.12068965517241377,0.0,0,0,True,True,mean paired gain aggregated over all ten strengths and training trials,False
A,B1|B2,MEDIUM,FROZEN_GATE_SHARED_THRESHOLD,0.5,0.01,0.9,0.4,10,0.333333|0.50|0.60|0.70|0.80|0.90|0.95|0.98|0.99|1.00,58,580,1.0,1.0,580,58,0.07724137931034482,0.0,0,0,True,True,mean paired gain aggregated over all ten strengths and training trials,False
A,B1|B2,MEDIUM,FROZEN_GATE_SHARED_THRESHOLD,0.5,0.05,0.5,0.4,10,0.333333|0.50|0.60|0.70|0.80|0.90|0.95|0.98|0.99|1.00,58,580,1.0,1.0,580,58,0.1882758620689655,0.0,0,0,True,True,mean paired gain aggregated over all ten strengths and training trials,False
A,B1|B2,MEDIUM,FROZEN_GATE_SHARED_THRESHOLD,0.5,0.05,0.7,0.4,10,0.333333|0.50|0.60|0.70|0.80|0.90|0.95|0.98|0.99|1.00,58,580,1.0,1.0,580,58,0.12068965517241377,0.0,0,0,True,True,mean paired gain aggregated over all ten strengths and training trials,False
A,B1|B2,MEDIUM,FROZEN_GATE_SHARED_THRESHOLD,0.5,0.05,0.9,0.4,10,0.333333|0.50|0.60|0.70|0.80|0.90|0.95|0.98|0.99|1.00,58,580,1.0,1.0,580,58,0.07724137931034482,0.0,0,0,True,True,mean paired gain aggregated over all ten strengths and training trials,False
A,B1|B2,MEDIUM,FROZEN_GATE_SHARED_THRESHOLD,0.5,0.1,0.5,0.4,10,0.333333|0.50|0.60|0.70|0.80|0.90|0.95|0.98|0.99|1.00,58,580,1.0,1.0,580,58,0.1882758620689655,0.0,0,0,True,True,mean paired gain aggregated over all ten strengths and training trials,False
A,B1|B2,MEDIUM,FROZEN_GATE_SHARED_THRESHOLD,0.5,0.1,0.7,0.4,10,0.333333|0.50|0.60|0.70|0.80|0.90|0.95|0.98|0.99|1.00,58,580,1.0,1.0,580,58,0.12068965517241377,0.0,0,0,True,True,mean paired gain aggregated over all ten strengths and training trials,False
A,B1|B2,MEDIUM,FROZEN_GATE_SHARED_THRESHOLD,0.5,0.1,0.9,0.4,10,0.333333|0.50|0.60|0.70|0.80|0.90|0.95|0.98|0.99|1.00,58,580,1.0,1.0,580,58,0.07724137931034482,0.0,0,0,True,True,mean paired gain aggregated over all ten strengths and training trials,False
A,B1|B2,MEDIUM,FROZEN_GATE_SHARED_THRESHOLD,0.5,0.15,0.5,0.4,10,0.333333|0.50|0.60|0.70|0.80|0.90|0.95|0.98|0.99|1.00,58,580,1.0,1.0,580,58,0.1882758620689655,0.0,0,0,True,True,mean paired gain aggregated over all ten strengths and training trials,False
A,B1|B2,MEDIUM,FROZEN_GATE_SHARED_THRESHOLD,0.5,0.15,0.7,0.4,10,0.333333|0.50|0.60|0.70|0.80|0.90|0.95|0.98|0.99|1.00,58,580,1.0,1.0,580,58,0.12068965517241377,0.0,0,0,True,True,mean paired gain aggregated over all ten strengths and training trials,False
A,B1|B2,MEDIUM,FROZEN_GATE_SHARED_THRESHOLD,0.5,0.15,0.9,0.4,10,0.333333|0.50|0.60|0.70|0.80|0.90|0.95|0.98|0.99|1.00,58,580,1.0,1.0,580,58,0.07724137931034482,0.0,0,0,True,True,mean paired gain aggregated over all ten strengths and training trials,False
A,B1|B2,MEDIUM,FROZEN_GATE_SHARED_THRESHOLD,0.5,0.2,0.5,0.4,10,0.333333|0.50|0.60|0.70|0.80|0.90|0.95|0.98|0.99|1.00,58,580,1.0,1.0,580,58,0.1882758620689655,0.0,0,0,True,True,mean paired gain aggregated over all ten strengths and training trials,False
A,B1|B2,MEDIUM,FROZEN_GATE_SHARED_THRESHOLD,0.5,0.2,0.7,0.4,10,0.333333|0.50|0.60|0.70|0.80|0.90|0.95|0.98|0.99|1.00,58,580,1.0,1.0,580,58,0.12068965517241377,0.0,0,0,True,True,mean paired gain aggregated over all ten strengths and training trials,False
A,B1|B2,MEDIUM,FROZEN_GATE_SHARED_THRESHOLD,0.5,0.2,0.9,0.4,10,0.333333|0.50|0.60|0.70|0.80|0.90|0.95|0.98|0.99|1.00,58,580,1.0,1.0,580,58,0.07724137931034482,0.0,0,0,True,True,mean paired gain aggregated over all ten strengths and training trials,False
A,B1|B2,MEDIUM,FROZEN_GATE_SHARED_THRESHOLD,0.55,0.01,0.5,0.4,10,0.333333|0.50|0.60|0.70|0.80|0.90|0.95|0.98|0.99|1.00,58,580,1.0,1.0,580,58,0.1882758620689655,0.0,0,0,True,True,mean paired gain aggregated over all ten strengths and training trials,False
A,B1|B2,MEDIUM,FROZEN_GATE_SHARED_THRESHOLD,0.55,0.01,0.7,0.4,10,0.333333|0.50|0.60|0.70|0.80|0.90|0.95|0.98|0.99|1.00,58,580,1.0,1.0,580,58,0.12068965517241377,0.0,0,0,True,True,mean paired gain aggregated over all ten strengths and training trials,False
A,B1|B2,MEDIUM,FROZEN_GATE_SHARED_THRESHOLD,0.55,0.01,0.9,0.4,10,0.333333|0.50|0.60|0.70|0.80|0.90|0.95|0.98|0.99|1.00,58,580,1.0,1.0,580,58,0.07724137931034482,0.0,0,0,True,True,mean paired gain aggregated over all ten strengths and training trials,False
A,B1|B2,MEDIUM,FROZEN_GATE_SHARED_THRESHOLD,0.55,0.05,0.5,0.4,10,0.333333|0.50|0.60|0.70|0.80|0.90|0.95|0.98|0.99|1.00,58,580,1.0,1.0,580,58,0.1882758620689655,0.0,0,0,True,True,mean paired gain aggregated over all ten strengths and training trials,False
A,B1|B2,MEDIUM,FROZEN_GATE_SHARED_THRESHOLD,0.55,0.05,0.7,0.4,10,0.333333|0.50|0.60|0.70|0.80|0.90|0.95|0.98|0.99|1.00,58,580,1.0,1.0,580,58,0.12068965517241377,0.0,0,0,True,True,mean paired gain aggregated over all ten strengths and training trials,False
A,B1|B2,MEDIUM,FROZEN_GATE_SHARED_THRESHOLD,0.55,0.05,0.9,0.4,10,0.333333|0.50|0.60|0.70|0.80|0.90|0.95|0.98|0.99|1.00,58,580,1.0,1.0,580,58,0.07724137931034482,0.0,0,0,True,True,mean paired gain aggregated over all ten strengths and training trials,False
A,B1|B2,MEDIUM,FROZEN_GATE_SHARED_THRESHOLD,0.55,0.1,0.5,0.4,10,0.333333|0.50|0.60|0.70|0.80|0.90|0.95|0.98|0.99|1.00,58,580,1.0,1.0,580,58,0.1882758620689655,0.0,0,0,True,True,mean paired gain aggregated over all ten strengths and training trials,False
A,B1|B2,MEDIUM,FROZEN_GATE_SHARED_THRESHOLD,0.55,0.1,0.7,0.4,10,0.333333|0.50|0.60|0.70|0.80|0.90|0.95|0.98|0.99|1.00,58,580,1.0,1.0,580,58,0.12068965517241377,0.0,0,0,True,True,mean paired gain aggregated over all ten strengths and training trials,False
A,B1|B2,MEDIUM,FROZEN_GATE_SHARED_THRESHOLD,0.55,0.1,0.9,0.4,10,0.333333|0.50|0.60|0.70|0.80|0.90|0.95|0.98|0.99|1.00,58,580,1.0,1.0,580,58,0.07724137931034482,0.0,0,0,True,True,mean paired gain aggregated over all ten strengths and training trials,False
A,B1|B2,MEDIUM,FROZEN_GATE_SHARED_THRESHOLD,0.55,0.15,0.5,0.4,10,0.333333|0.50|0.60|0.70|0.80|0.90|0.95|0.98|0.99|1.00,58,580,1.0,1.0,580,58,0.1882758620689655,0.0,0,0,True,True,mean paired gain aggregated over all ten strengths and training trials,False
A,B1|B2,MEDIUM,FROZEN_GATE_SHARED_THRESHOLD,0.55,0.15,0.7,0.4,10,0.333333|0.50|0.60|0.70|0.80|0.90|0.95|0.98|0.99|1.00,58,580,1.0,1.0,580,58,0.12068965517241377,0.0,0,0,True,True,mean paired gain aggregated over all ten strengths and training trials,False
A,B1|B2,MEDIUM,FROZEN_GATE_SHARED_THRESHOLD,0.55,0.15,0.9,0.4,10,0.333333|0.50|0.60|0.70|0.80|0.90|0.95|0.98|0.99|1.00,58,580,1.0,1.0,580,58,0.07724137931034482,0.0,0,0,True,True,mean paired gain aggregated over all ten strengths and training trials,False
A,B1|B2,MEDIUM,FROZEN_GATE_SHARED_THRESHOLD,0.55,0.2,0.5,0.4,10,0.333333|0.50|0.60|0.70|0.80|0.90|0.95|0.98|0.99|1.00,58,580,1.0,1.0,580,58,0.1882758620689655,0.0,0,0,True,True,mean paired gain aggregated over all ten strengths and training trials,True
A,B1|B2,MEDIUM,FROZEN_GATE_SHARED_THRESHOLD,0.55,0.2,0.7,0.4,10,0.333333|0.50|0.60|0.70|0.80|0.90|0.95|0.98|0.99|1.00,58,580,1.0,1.0,580,58,0.12068965517241377,0.0,0,0,True,True,mean paired gain aggregated over all ten strengths and training trials,False
A,B1|B2,MEDIUM,FROZEN_GATE_SHARED_THRESHOLD,0.55,0.2,0.9,0.4,10,0.333333|0.50|0.60|0.70|0.80|0.90|0.95|0.98|0.99|1.00,58,580,1.0,1.0,580,58,0.07724137931034482,0.0,0,0,True,True,mean paired gain aggregated over all ten strengths and training trials,False
A,B1|B2,MEDIUM,NONDEPLOYABLE_DECOUPLED_STRENGTH_GATE,0.4,0.01,0.5,0.4,10,0.333333|0.50|0.60|0.70|0.80|0.90|0.95|0.98|0.99|1.00,58,580,1.0,1.0,580,58,0.25,0.19999999999999996,0,0,True,True,mean paired gain aggregated over all ten strengths and training trials,True
A,B1|B2,MEDIUM,NONDEPLOYABLE_DECOUPLED_STRENGTH_GATE,0.4,0.01,0.7,0.4,10,0.333333|0.50|0.60|0.70|0.80|0.90|0.95|0.98|0.99|1.00,58,580,1.0,1.0,580,58,0.1598275862068965,0.0,0,0,True,True,mean paired gain aggregated over all ten strengths and training trials,False
A,B1|B2,MEDIUM,NONDEPLOYABLE_DECOUPLED_STRENGTH_GATE,0.4,0.01,0.9,0.4,10,0.333333|0.50|0.60|0.70|0.80|0.90|0.95|0.98|0.99|1.00,58,580,1.0,1.0,580,58,0.10241379310344825,0.0,0,0,True,True,mean paired gain aggregated over all ten strengths and training trials,False
A,B1|B2,MEDIUM,NONDEPLOYABLE_DECOUPLED_STRENGTH_GATE,0.4,0.05,0.5,0.4,10,0.333333|0.50|0.60|0.70|0.80|0.90|0.95|0.98|0.99|1.00,58,580,1.0,1.0,580,58,0.24948275862068964,0.15000000000000002,0,0,True,True,mean paired gain aggregated over all ten strengths and training trials,False
A,B1|B2,MEDIUM,NONDEPLOYABLE_DECOUPLED_STRENGTH_GATE,0.4,0.05,0.7,0.4,10,0.333333|0.50|0.60|0.70|0.80|0.90|0.95|0.98|0.99|1.00,58,580,1.0,1.0,580,58,0.15965517241379304,0.0,0,0,True,True,mean paired gain aggregated over all ten strengths and training trials,False
A,B1|B2,MEDIUM,NONDEPLOYABLE_DECOUPLED_STRENGTH_GATE,0.4,0.05,0.9,0.4,10,0.333333|0.50|0.60|0.70|0.80|0.90|0.95|0.98|0.99|1.00,58,580,1.0,1.0,580,58,0.10241379310344825,0.0,0,0,True,True,mean paired gain aggregated over all ten strengths and training trials,False
A,B1|B2,MEDIUM,NONDEPLOYABLE_DECOUPLED_STRENGTH_GATE,0.4,0.1,0.5,0.4,10,0.333333|0.50|0.60|0.70|0.80|0.90|0.95|0.98|0.99|1.00,58,580,1.0,1.0,580,58,0.24206896551724139,0.09999999999999998,0,0,True,True,mean paired gain aggregated over all ten strengths and training trials,False
A,B1|B2,MEDIUM,NONDEPLOYABLE_DECOUPLED_STRENGTH_GATE,0.4,0.1,0.7,0.4,10,0.333333|0.50|0.60|0.70|0.80|0.90|0.95|0.98|0.99|1.00,58,580,1.0,1.0,580,58,0.1551724137931034,0.0,0,0,True,True,mean paired gain aggregated over all ten strengths and training trials,False
A,B1|B2,MEDIUM,NONDEPLOYABLE_DECOUPLED_STRENGTH_GATE,0.4,0.1,0.9,0.4,10,0.333333|0.50|0.60|0.70|0.80|0.90|0.95|0.98|0.99|1.00,58,580,1.0,1.0,580,58,0.0993103448275862,0.0,0,0,True,True,mean paired gain aggregated over all ten strengths and training trials,False
A,B1|B2,MEDIUM,NONDEPLOYABLE_DECOUPLED_STRENGTH_GATE,0.4,0.15,0.5,0.4,10,0.333333|0.50|0.60|0.70|0.80|0.90|0.95|0.98|0.99|1.00,58,580,1.0,1.0,580,58,0.24206896551724139,0.09999999999999998,0,0,True,True,mean paired gain aggregated over all ten strengths and training trials,False
A,B1|B2,MEDIUM,NONDEPLOYABLE_DECOUPLED_STRENGTH_GATE,0.4,0.15,0.7,0.4,10,0.333333|0.50|0.60|0.70|0.80|0.90|0.95|0.98|0.99|1.00,58,580,1.0,1.0,580,58,0.1551724137931034,0.0,0,0,True,True,mean paired gain aggregated over all ten strengths and training trials,False
A,B1|B2,MEDIUM,NONDEPLOYABLE_DECOUPLED_STRENGTH_GATE,0.4,0.15,0.9,0.4,10,0.333333|0.50|0.60|0.70|0.80|0.90|0.95|0.98|0.99|1.00,58,580,1.0,1.0,580,58,0.0993103448275862,0.0,0,0,True,True,mean paired gain aggregated over all ten strengths and training trials,False
A,B1|B2,MEDIUM,NONDEPLOYABLE_DECOUPLED_STRENGTH_GATE,0.4,0.2,0.5,0.4,10,0.333333|0.50|0.60|0.70|0.80|0.90|0.95|0.98|0.99|1.00,58,580,1.0,1.0,580,58,0.24206896551724139,0.09999999999999998,0,0,True,True,mean paired gain aggregated over all ten strengths and training trials,False
A,B1|B2,MEDIUM,NONDEPLOYABLE_DECOUPLED_STRENGTH_GATE,0.4,0.2,0.7,0.4,10,0.333333|0.50|0.60|0.70|0.80|0.90|0.95|0.98|0.99|1.00,58,580,1.0,1.0,580,58,0.1551724137931034,0.0,0,0,True,True,mean paired gain aggregated over all ten strengths and training trials,False
A,B1|B2,MEDIUM,NONDEPLOYABLE_DECOUPLED_STRENGTH_GATE,0.4,0.2,0.9,0.4,10,0.333333|0.50|0.60|0.70|0.80|0.90|0.95|0.98|0.99|1.00,58,580,1.0,1.0,580,58,0.0993103448275862,0.0,0,0,True,True,mean paired gain aggregated over all ten strengths and training trials,False
A,B1|B2,MEDIUM,NONDEPLOYABLE_DECOUPLED_STRENGTH_GATE,0.45,0.01,0.5,0.4,10,0.333333|0.50|0.60|0.70|0.80|0.90|0.95|0.98|0.99|1.00,58,580,1.0,1.0,580,58,0.24206896551724139,0.09999999999999998,0,0,True,True,mean paired gain aggregated over all ten strengths and training trials,False
A,B1|B2,MEDIUM,NONDEPLOYABLE_DECOUPLED_STRENGTH_GATE,0.45,0.01,0.7,0.4,10,0.333333|0.50|0.60|0.70|0.80|0.90|0.95|0.98|0.99|1.00,58,580,1.0,1.0,580,58,0.1551724137931034,0.0,0,0,True,True,mean paired gain aggregated over all ten strengths and training trials,False
A,B1|B2,MEDIUM,NONDEPLOYABLE_DECOUPLED_STRENGTH_GATE,0.45,0.01,0.9,0.4,10,0.333333|0.50|0.60|0.70|0.80|0.90|0.95|0.98|0.99|1.00,58,580,1.0,1.0,580,58,0.0993103448275862,0.0,0,0,True,True,mean paired gain aggregated over all ten strengths and training trials,False
A,B1|B2,MEDIUM,NONDEPLOYABLE_DECOUPLED_STRENGTH_GATE,0.45,0.05,0.5,0.4,10,0.333333|0.50|0.60|0.70|0.80|0.90|0.95|0.98|0.99|1.00,58,580,1.0,1.0,580,58,0.24206896551724139,0.09999999999999998,0,0,True,True,mean paired gain aggregated over all ten strengths and training trials,False
A,B1|B2,MEDIUM,NONDEPLOYABLE_DECOUPLED_STRENGTH_GATE,0.45,0.05,0.7,0.4,10,0.333333|0.50|0.60|0.70|0.80|0.90|0.95|0.98|0.99|1.00,58,580,1.0,1.0,580,58,0.1551724137931034,0.0,0,0,True,True,mean paired gain aggregated over all ten strengths and training trials,False
A,B1|B2,MEDIUM,NONDEPLOYABLE_DECOUPLED_STRENGTH_GATE,0.45,0.05,0.9,0.4,10,0.333333|0.50|0.60|0.70|0.80|0.90|0.95|0.98|0.99|1.00,58,580,1.0,1.0,580,58,0.0993103448275862,0.0,0,0,True,True,mean paired gain aggregated over all ten strengths and training trials,False
A,B1|B2,MEDIUM,NONDEPLOYABLE_DECOUPLED_STRENGTH_GATE,0.45,0.1,0.5,0.4,10,0.333333|0.50|0.60|0.70|0.80|0.90|0.95|0.98|0.99|1.00,58,580,1.0,1.0,580,58,0.24206896551724139,0.09999999999999998,0,0,True,True,mean paired gain aggregated over all ten strengths and training trials,False
A,B1|B2,MEDIUM,NONDEPLOYABLE_DECOUPLED_STRENGTH_GATE,0.45,0.1,0.7,0.4,10,0.333333|0.50|0.60|0.70|0.80|0.90|0.95|0.98|0.99|1.00,58,580,1.0,1.0,580,58,0.1551724137931034,0.0,0,0,True,True,mean paired gain aggregated over all ten strengths and training trials,False
A,B1|B2,MEDIUM,NONDEPLOYABLE_DECOUPLED_STRENGTH_GATE,0.45,0.1,0.9,0.4,10,0.333333|0.50|0.60|0.70|0.80|0.90|0.95|0.98|0.99|1.00,58,580,1.0,1.0,580,58,0.0993103448275862,0.0,0,0,True,True,mean paired gain aggregated over all ten strengths and training trials,False
A,B1|B2,MEDIUM,NONDEPLOYABLE_DECOUPLED_STRENGTH_GATE,0.45,0.15,0.5,0.4,10,0.333333|0.50|0.60|0.70|0.80|0.90|0.95|0.98|0.99|1.00,58,580,1.0,1.0,580,58,0.24206896551724139,0.09999999999999998,0,0,True,True,mean paired gain aggregated over all ten strengths and training trials,False
A,B1|B2,MEDIUM,NONDEPLOYABLE_DECOUPLED_STRENGTH_GATE,0.45,0.15,0.7,0.4,10,0.333333|0.50|0.60|0.70|0.80|0.90|0.95|0.98|0.99|1.00,58,580,1.0,1.0,580,58,0.1551724137931034,0.0,0,0,True,True,mean paired gain aggregated over all ten strengths and training trials,False
A,B1|B2,MEDIUM,NONDEPLOYABLE_DECOUPLED_STRENGTH_GATE,0.45,0.15,0.9,0.4,10,0.333333|0.50|0.60|0.70|0.80|0.90|0.95|0.98|0.99|1.00,58,580,1.0,1.0,580,58,0.0993103448275862,0.0,0,0,True,True,mean paired gain aggregated over all ten strengths and training trials,False
A,B1|B2,MEDIUM,NONDEPLOYABLE_DECOUPLED_STRENGTH_GATE,0.45,0.2,0.5,0.4,10,0.333333|0.50|0.60|0.70|0.80|0.90|0.95|0.98|0.99|1.00,58,580,1.0,1.0,580,58,0.24206896551724139,0.09999999999999998,0,0,True,True,mean paired gain aggregated over all ten strengths and training trials,False
A,B1|B2,MEDIUM,NONDEPLOYABLE_DECOUPLED_STRENGTH_GATE,0.45,0.2,0.7,0.4,10,0.333333|0.50|0.60|0.70|0.80|0.90|0.95|0.98|0.99|1.00,58,580,1.0,1.0,580,58,0.1551724137931034,0.0,0,0,True,True,mean paired gain aggregated over all ten strengths and training trials,False
A,B1|B2,MEDIUM,NONDEPLOYABLE_DECOUPLED_STRENGTH_GATE,0.45,0.2,0.9,0.4,10,0.333333|0.50|0.60|0.70|0.80|0.90|0.95|0.98|0.99|1.00,58,580,1.0,1.0,580,58,0.0993103448275862,0.0,0,0,True,True,mean paired gain aggregated over all ten strengths and training trials,False
A,B1|B2,MEDIUM,NONDEPLOYABLE_DECOUPLED_STRENGTH_GATE,0.5,0.01,0.5,0.4,10,0.333333|0.50|0.60|0.70|0.80|0.90|0.95|0.98|0.99|1.00,58,580,1.0,1.0,580,58,0.24206896551724139,0.09999999999999998,0,0,True,True,mean paired gain aggregated over all ten strengths and training trials,False
A,B1|B2,MEDIUM,NONDEPLOYABLE_DECOUPLED_STRENGTH_GATE,0.5,0.01,0.7,0.4,10,0.333333|0.50|0.60|0.70|0.80|0.90|0.95|0.98|0.99|1.00,58,580,1.0,1.0,580,58,0.1551724137931034,0.0,0,0,True,True,mean paired gain aggregated over all ten strengths and training trials,False
A,B1|B2,MEDIUM,NONDEPLOYABLE_DECOUPLED_STRENGTH_GATE,0.5,0.01,0.9,0.4,10,0.333333|0.50|0.60|0.70|0.80|0.90|0.95|0.98|0.99|1.00,58,580,1.0,1.0,580,58,0.0993103448275862,0.0,0,0,True,True,mean paired gain aggregated over all ten strengths and training trials,False
A,B1|B2,MEDIUM,NONDEPLOYABLE_DECOUPLED_STRENGTH_GATE,0.5,0.05,0.5,0.4,10,0.333333|0.50|0.60|0.70|0.80|0.90|0.95|0.98|0.99|1.00,58,580,1.0,1.0,580,58,0.24206896551724139,0.09999999999999998,0,0,True,True,mean paired gain aggregated over all ten strengths and training trials,False
A,B1|B2,MEDIUM,NONDEPLOYABLE_DECOUPLED_STRENGTH_GATE,0.5,0.05,0.7,0.4,10,0.333333|0.50|0.60|0.70|0.80|0.90|0.95|0.98|0.99|1.00,58,580,1.0,1.0,580,58,0.1551724137931034,0.0,0,0,True,True,mean paired gain aggregated over all ten strengths and training trials,False
A,B1|B2,MEDIUM,NONDEPLOYABLE_DECOUPLED_STRENGTH_GATE,0.5,0.05,0.9,0.4,10,0.333333|0.50|0.60|0.70|0.80|0.90|0.95|0.98|0.99|1.00,58,580,1.0,1.0,580,58,0.0993103448275862,0.0,0,0,True,True,mean paired gain aggregated over all ten strengths and training trials,False
A,B1|B2,MEDIUM,NONDEPLOYABLE_DECOUPLED_STRENGTH_GATE,0.5,0.1,0.5,0.4,10,0.333333|0.50|0.60|0.70|0.80|0.90|0.95|0.98|0.99|1.00,58,580,1.0,1.0,580,58,0.24206896551724139,0.09999999999999998,0,0,True,True,mean paired gain aggregated over all ten strengths and training trials,False
A,B1|B2,MEDIUM,NONDEPLOYABLE_DECOUPLED_STRENGTH_GATE,0.5,0.1,0.7,0.4,10,0.333333|0.50|0.60|0.70|0.80|0.90|0.95|0.98|0.99|1.00,58,580,1.0,1.0,580,58,0.1551724137931034,0.0,0,0,True,True,mean paired gain aggregated over all ten strengths and training trials,False
A,B1|B2,MEDIUM,NONDEPLOYABLE_DECOUPLED_STRENGTH_GATE,0.5,0.1,0.9,0.4,10,0.333333|0.50|0.60|0.70|0.80|0.90|0.95|0.98|0.99|1.00,58,580,1.0,1.0,580,58,0.0993103448275862,0.0,0,0,True,True,mean paired gain aggregated over all ten strengths and training trials,False
A,B1|B2,MEDIUM,NONDEPLOYABLE_DECOUPLED_STRENGTH_GATE,0.5,0.15,0.5,0.4,10,0.333333|0.50|0.60|0.70|0.80|0.90|0.95|0.98|0.99|1.00,58,580,1.0,1.0,580,58,0.24206896551724139,0.09999999999999998,0,0,True,True,mean paired gain aggregated over all ten strengths and training trials,False
A,B1|B2,MEDIUM,NONDEPLOYABLE_DECOUPLED_STRENGTH_GATE,0.5,0.15,0.7,0.4,10,0.333333|0.50|0.60|0.70|0.80|0.90|0.95|0.98|0.99|1.00,58,580,1.0,1.0,580,58,0.1551724137931034,0.0,0,0,True,True,mean paired gain aggregated over all ten strengths and training trials,False
A,B1|B2,MEDIUM,NONDEPLOYABLE_DECOUPLED_STRENGTH_GATE,0.5,0.15,0.9,0.4,10,0.333333|0.50|0.60|0.70|0.80|0.90|0.95|0.98|0.99|1.00,58,580,1.0,1.0,580,58,0.0993103448275862,0.0,0,0,True,True,mean paired gain aggregated over all ten strengths and training trials,False
A,B1|B2,MEDIUM,NONDEPLOYABLE_DECOUPLED_STRENGTH_GATE,0.5,0.2,0.5,0.4,10,0.333333|0.50|0.60|0.70|0.80|0.90|0.95|0.98|0.99|1.00,58,580,1.0,1.0,580,58,0.24206896551724139,0.09999999999999998,0,0,True,True,mean paired gain aggregated over all ten strengths and training trials,False
A,B1|B2,MEDIUM,NONDEPLOYABLE_DECOUPLED_STRENGTH_GATE,0.5,0.2,0.7,0.4,10,0.333333|0.50|0.60|0.70|0.80|0.90|0.95|0.98|0.99|1.00,58,580,1.0,1.0,580,58,0.1551724137931034,0.0,0,0,True,True,mean paired gain aggregated over all ten strengths and training trials,False
A,B1|B2,MEDIUM,NONDEPLOYABLE_DECOUPLED_STRENGTH_GATE,0.5,0.2,0.9,0.4,10,0.333333|0.50|0.60|0.70|0.80|0.90|0.95|0.98|0.99|1.00,58,580,1.0,1.0,580,58,0.0993103448275862,0.0,0,0,True,True,mean paired gain aggregated over all ten strengths and training trials,False
A,B1|B2,MEDIUM,NONDEPLOYABLE_DECOUPLED_STRENGTH_GATE,0.55,0.01,0.5,0.4,10,0.333333|0.50|0.60|0.70|0.80|0.90|0.95|0.98|0.99|1.00,58,580,1.0,1.0,580,58,0.23551724137931038,0.09999999999999998,0,0,True,True,mean paired gain aggregated over all ten strengths and training trials,False
A,B1|B2,MEDIUM,NONDEPLOYABLE_DECOUPLED_STRENGTH_GATE,0.55,0.01,0.7,0.4,10,0.333333|0.50|0.60|0.70|0.80|0.90|0.95|0.98|0.99|1.00,58,580,1.0,1.0,580,58,0.15172413793103443,0.0,0,0,True,True,mean paired gain aggregated over all ten strengths and training trials,False
A,B1|B2,MEDIUM,NONDEPLOYABLE_DECOUPLED_STRENGTH_GATE,0.55,0.01,0.9,0.4,10,0.333333|0.50|0.60|0.70|0.80|0.90|0.95|0.98|0.99|1.00,58,580,1.0,1.0,580,58,0.09448275862068962,0.0,0,0,True,True,mean paired gain aggregated over all ten strengths and training trials,False
A,B1|B2,MEDIUM,NONDEPLOYABLE_DECOUPLED_STRENGTH_GATE,0.55,0.05,0.5,0.4,10,0.333333|0.50|0.60|0.70|0.80|0.90|0.95|0.98|0.99|1.00,58,580,1.0,1.0,580,58,0.23551724137931038,0.09999999999999998,0,0,True,True,mean paired gain aggregated over all ten strengths and training trials,False
A,B1|B2,MEDIUM,NONDEPLOYABLE_DECOUPLED_STRENGTH_GATE,0.55,0.05,0.7,0.4,10,0.333333|0.50|0.60|0.70|0.80|0.90|0.95|0.98|0.99|1.00,58,580,1.0,1.0,580,58,0.15172413793103443,0.0,0,0,True,True,mean paired gain aggregated over all ten strengths and training trials,False
A,B1|B2,MEDIUM,NONDEPLOYABLE_DECOUPLED_STRENGTH_GATE,0.55,0.05,0.9,0.4,10,0.333333|0.50|0.60|0.70|0.80|0.90|0.95|0.98|0.99|1.00,58,580,1.0,1.0,580,58,0.09448275862068962,0.0,0,0,True,True,mean paired gain aggregated over all ten strengths and training trials,False
A,B1|B2,MEDIUM,NONDEPLOYABLE_DECOUPLED_STRENGTH_GATE,0.55,0.1,0.5,0.4,10,0.333333|0.50|0.60|0.70|0.80|0.90|0.95|0.98|0.99|1.00,58,580,1.0,1.0,580,58,0.23551724137931038,0.09999999999999998,0,0,True,True,mean paired gain aggregated over all ten strengths and training trials,False
A,B1|B2,MEDIUM,NONDEPLOYABLE_DECOUPLED_STRENGTH_GATE,0.55,0.1,0.7,0.4,10,0.333333|0.50|0.60|0.70|0.80|0.90|0.95|0.98|0.99|1.00,58,580,1.0,1.0,580,58,0.15172413793103443,0.0,0,0,True,True,mean paired gain aggregated over all ten strengths and training trials,False
A,B1|B2,MEDIUM,NONDEPLOYABLE_DECOUPLED_STRENGTH_GATE,0.55,0.1,0.9,0.4,10,0.333333|0.50|0.60|0.70|0.80|0.90|0.95|0.98|0.99|1.00,58,580,1.0,1.0,580,58,0.09448275862068962,0.0,0,0,True,True,mean paired gain aggregated over all ten strengths and training trials,False
A,B1|B2,MEDIUM,NONDEPLOYABLE_DECOUPLED_STRENGTH_GATE,0.55,0.15,0.5,0.4,10,0.333333|0.50|0.60|0.70|0.80|0.90|0.95|0.98|0.99|1.00,58,580,1.0,1.0,580,58,0.23551724137931038,0.09999999999999998,0,0,True,True,mean paired gain aggregated over all ten strengths and training trials,False
A,B1|B2,MEDIUM,NONDEPLOYABLE_DECOUPLED_STRENGTH_GATE,0.55,0.15,0.7,0.4,10,0.333333|0.50|0.60|0.70|0.80|0.90|0.95|0.98|0.99|1.00,58,580,1.0,1.0,580,58,0.15172413793103443,0.0,0,0,True,True,mean paired gain aggregated over all ten strengths and training trials,False
A,B1|B2,MEDIUM,NONDEPLOYABLE_DECOUPLED_STRENGTH_GATE,0.55,0.15,0.9,0.4,10,0.333333|0.50|0.60|0.70|0.80|0.90|0.95|0.98|0.99|1.00,58,580,1.0,1.0,580,58,0.09448275862068962,0.0,0,0,True,True,mean paired gain aggregated over all ten strengths and training trials,False
A,B1|B2,MEDIUM,NONDEPLOYABLE_DECOUPLED_STRENGTH_GATE,0.55,0.2,0.5,0.4,10,0.333333|0.50|0.60|0.70|0.80|0.90|0.95|0.98|0.99|1.00,58,580,1.0,1.0,580,58,0.23551724137931038,0.09999999999999998,0,0,True,True,mean paired gain aggregated over all ten strengths and training trials,False
A,B1|B2,MEDIUM,NONDEPLOYABLE_DECOUPLED_STRENGTH_GATE,0.55,0.2,0.7,0.4,10,0.333333|0.50|0.60|0.70|0.80|0.90|0.95|0.98|0.99|1.00,58,580,1.0,1.0,580,58,0.15172413793103443,0.0,0,0,True,True,mean paired gain aggregated over all ten strengths and training trials,False
A,B1|B2,MEDIUM,NONDEPLOYABLE_DECOUPLED_STRENGTH_GATE,0.55,0.2,0.9,0.4,10,0.333333|0.50|0.60|0.70|0.80|0.90|0.95|0.98|0.99|1.00,58,580,1.0,1.0,580,58,0.09448275862068962,0.0,0,0,True,True,mean paired gain aggregated over all ten strengths and training trials,False
A,B1|B2,CONSERVATIVE,FROZEN_GATE_SHARED_THRESHOLD,0.4,0.01,0.5,0.4,10,0.333333|0.50|0.60|0.70|0.80|0.90|0.95|0.98|0.99|1.00,58,580,1.0,1.0,580,58,0.35120689655172416,0.20000000000000007,0,0,True,True,mean paired gain aggregated over all ten strengths and training trials,False
A,B1|B2,CONSERVATIVE,FROZEN_GATE_SHARED_THRESHOLD,0.4,0.01,0.7,0.4,10,0.333333|0.50|0.60|0.70|0.80|0.90|0.95|0.98|0.99|1.00,58,580,1.0,1.0,580,58,0.2413793103448276,0.0,0,0,True,True,mean paired gain aggregated over all ten strengths and training trials,False
A,B1|B2,CONSERVATIVE,FROZEN_GATE_SHARED_THRESHOLD,0.4,0.01,0.9,0.4,10,0.333333|0.50|0.60|0.70|0.80|0.90|0.95|0.98|0.99|1.00,58,580,1.0,1.0,580,58,0.15568965517241376,0.0,0,0,True,True,mean paired gain aggregated over all ten strengths and training trials,False
A,B1|B2,CONSERVATIVE,FROZEN_GATE_SHARED_THRESHOLD,0.4,0.05,0.5,0.4,10,0.333333|0.50|0.60|0.70|0.80|0.90|0.95|0.98|0.99|1.00,58,580,1.0,1.0,580,58,0.35120689655172416,0.20000000000000007,0,0,True,True,mean paired gain aggregated over all ten strengths and training trials,False
A,B1|B2,CONSERVATIVE,FROZEN_GATE_SHARED_THRESHOLD,0.4,0.05,0.7,0.4,10,0.333333|0.50|0.60|0.70|0.80|0.90|0.95|0.98|0.99|1.00,58,580,1.0,1.0,580,58,0.2413793103448276,0.0,0,0,True,True,mean paired gain aggregated over all ten strengths and training trials,False
A,B1|B2,CONSERVATIVE,FROZEN_GATE_SHARED_THRESHOLD,0.4,0.05,0.9,0.4,10,0.333333|0.50|0.60|0.70|0.80|0.90|0.95|0.98|0.99|1.00,58,580,1.0,1.0,580,58,0.15568965517241376,0.0,0,0,True,True,mean paired gain aggregated over all ten strengths and training trials,False
A,B1|B2,CONSERVATIVE,FROZEN_GATE_SHARED_THRESHOLD,0.4,0.1,0.5,0.4,10,0.333333|0.50|0.60|0.70|0.80|0.90|0.95|0.98|0.99|1.00,58,580,1.0,1.0,580,58,0.35120689655172416,0.20000000000000007,0,0,True,True,mean paired gain aggregated over all ten strengths and training trials,False
A,B1|B2,CONSERVATIVE,FROZEN_GATE_SHARED_THRESHOLD,0.4,0.1,0.7,0.4,10,0.333333|0.50|0.60|0.70|0.80|0.90|0.95|0.98|0.99|1.00,58,580,1.0,1.0,580,58,0.2413793103448276,0.0,0,0,True,True,mean paired gain aggregated over all ten strengths and training trials,False
A,B1|B2,CONSERVATIVE,FROZEN_GATE_SHARED_THRESHOLD,0.4,0.1,0.9,0.4,10,0.333333|0.50|0.60|0.70|0.80|0.90|0.95|0.98|0.99|1.00,58,580,1.0,1.0,580,58,0.15568965517241376,0.0,0,0,True,True,mean paired gain aggregated over all ten strengths and training trials,False
A,B1|B2,CONSERVATIVE,FROZEN_GATE_SHARED_THRESHOLD,0.4,0.15,0.5,0.4,10,0.333333|0.50|0.60|0.70|0.80|0.90|0.95|0.98|0.99|1.00,58,580,1.0,1.0,580,58,0.35120689655172416,0.20000000000000007,0,0,True,True,mean paired gain aggregated over all ten strengths and training trials,False
A,B1|B2,CONSERVATIVE,FROZEN_GATE_SHARED_THRESHOLD,0.4,0.15,0.7,0.4,10,0.333333|0.50|0.60|0.70|0.80|0.90|0.95|0.98|0.99|1.00,58,580,1.0,1.0,580,58,0.2413793103448276,0.0,0,0,True,True,mean paired gain aggregated over all ten strengths and training trials,False
A,B1|B2,CONSERVATIVE,FROZEN_GATE_SHARED_THRESHOLD,0.4,0.15,0.9,0.4,10,0.333333|0.50|0.60|0.70|0.80|0.90|0.95|0.98|0.99|1.00,58,580,1.0,1.0,580,58,0.15568965517241376,0.0,0,0,True,True,mean paired gain aggregated over all ten strengths and training trials,False
A,B1|B2,CONSERVATIVE,FROZEN_GATE_SHARED_THRESHOLD,0.4,0.2,0.5,0.4,10,0.333333|0.50|0.60|0.70|0.80|0.90|0.95|0.98|0.99|1.00,58,580,1.0,1.0,580,58,0.35120689655172416,0.20000000000000007,0,0,True,True,mean paired gain aggregated over all ten strengths and training trials,False
A,B1|B2,CONSERVATIVE,FROZEN_GATE_SHARED_THRESHOLD,0.4,0.2,0.7,0.4,10,0.333333|0.50|0.60|0.70|0.80|0.90|0.95|0.98|0.99|1.00,58,580,1.0,1.0,580,58,0.2413793103448276,0.0,0,0,True,True,mean paired gain aggregated over all ten strengths and training trials,False
A,B1|B2,CONSERVATIVE,FROZEN_GATE_SHARED_THRESHOLD,0.4,0.2,0.9,0.4,10,0.333333|0.50|0.60|0.70|0.80|0.90|0.95|0.98|0.99|1.00,58,580,1.0,1.0,580,58,0.15568965517241376,0.0,0,0,True,True,mean paired gain aggregated over all ten strengths and training trials,False
A,B1|B2,CONSERVATIVE,FROZEN_GATE_SHARED_THRESHOLD,0.45,0.01,0.5,0.4,10,0.333333|0.50|0.60|0.70|0.80|0.90|0.95|0.98|0.99|1.00,58,580,1.0,1.0,580,58,0.35120689655172416,0.20000000000000007,0,0,True,True,mean paired gain aggregated over all ten strengths and training trials,False
A,B1|B2,CONSERVATIVE,FROZEN_GATE_SHARED_THRESHOLD,0.45,0.01,0.7,0.4,10,0.333333|0.50|0.60|0.70|0.80|0.90|0.95|0.98|0.99|1.00,58,580,1.0,1.0,580,58,0.2413793103448276,0.0,0,0,True,True,mean paired gain aggregated over all ten strengths and training trials,False
A,B1|B2,CONSERVATIVE,FROZEN_GATE_SHARED_THRESHOLD,0.45,0.01,0.9,0.4,10,0.333333|0.50|0.60|0.70|0.80|0.90|0.95|0.98|0.99|1.00,58,580,1.0,1.0,580,58,0.15568965517241376,0.0,0,0,True,True,mean paired gain aggregated over all ten strengths and training trials,False
A,B1|B2,CONSERVATIVE,FROZEN_GATE_SHARED_THRESHOLD,0.45,0.05,0.5,0.4,10,0.333333|0.50|0.60|0.70|0.80|0.90|0.95|0.98|0.99|1.00,58,580,1.0,1.0,580,58,0.35120689655172416,0.20000000000000007,0,0,True,True,mean paired gain aggregated over all ten strengths and training trials,False
A,B1|B2,CONSERVATIVE,FROZEN_GATE_SHARED_THRESHOLD,0.45,0.05,0.7,0.4,10,0.333333|0.50|0.60|0.70|0.80|0.90|0.95|0.98|0.99|1.00,58,580,1.0,1.0,580,58,0.2413793103448276,0.0,0,0,True,True,mean paired gain aggregated over all ten strengths and training trials,False
A,B1|B2,CONSERVATIVE,FROZEN_GATE_SHARED_THRESHOLD,0.45,0.05,0.9,0.4,10,0.333333|0.50|0.60|0.70|0.80|0.90|0.95|0.98|0.99|1.00,58,580,1.0,1.0,580,58,0.15568965517241376,0.0,0,0,True,True,mean paired gain aggregated over all ten strengths and training trials,False
A,B1|B2,CONSERVATIVE,FROZEN_GATE_SHARED_THRESHOLD,0.45,0.1,0.5,0.4,10,0.333333|0.50|0.60|0.70|0.80|0.90|0.95|0.98|0.99|1.00,58,580,1.0,1.0,580,58,0.35120689655172416,0.20000000000000007,0,0,True,True,mean paired gain aggregated over all ten strengths and training trials,False
A,B1|B2,CONSERVATIVE,FROZEN_GATE_SHARED_THRESHOLD,0.45,0.1,0.7,0.4,10,0.333333|0.50|0.60|0.70|0.80|0.90|0.95|0.98|0.99|1.00,58,580,1.0,1.0,580,58,0.2413793103448276,0.0,0,0,True,True,mean paired gain aggregated over all ten strengths and training trials,False
A,B1|B2,CONSERVATIVE,FROZEN_GATE_SHARED_THRESHOLD,0.45,0.1,0.9,0.4,10,0.333333|0.50|0.60|0.70|0.80|0.90|0.95|0.98|0.99|1.00,58,580,1.0,1.0,580,58,0.15568965517241376,0.0,0,0,True,True,mean paired gain aggregated over all ten strengths and training trials,False
A,B1|B2,CONSERVATIVE,FROZEN_GATE_SHARED_THRESHOLD,0.45,0.15,0.5,0.4,10,0.333333|0.50|0.60|0.70|0.80|0.90|0.95|0.98|0.99|1.00,58,580,1.0,1.0,580,58,0.35120689655172416,0.20000000000000007,0,0,True,True,mean paired gain aggregated over all ten strengths and training trials,False
A,B1|B2,CONSERVATIVE,FROZEN_GATE_SHARED_THRESHOLD,0.45,0.15,0.7,0.4,10,0.333333|0.50|0.60|0.70|0.80|0.90|0.95|0.98|0.99|1.00,58,580,1.0,1.0,580,58,0.2413793103448276,0.0,0,0,True,True,mean paired gain aggregated over all ten strengths and training trials,False
A,B1|B2,CONSERVATIVE,FROZEN_GATE_SHARED_THRESHOLD,0.45,0.15,0.9,0.4,10,0.333333|0.50|0.60|0.70|0.80|0.90|0.95|0.98|0.99|1.00,58,580,1.0,1.0,580,58,0.15568965517241376,0.0,0,0,True,True,mean paired gain aggregated over all ten strengths and training trials,False
A,B1|B2,CONSERVATIVE,FROZEN_GATE_SHARED_THRESHOLD,0.45,0.2,0.5,0.4,10,0.333333|0.50|0.60|0.70|0.80|0.90|0.95|0.98|0.99|1.00,58,580,1.0,1.0,580,58,0.35120689655172416,0.20000000000000007,0,0,True,True,mean paired gain aggregated over all ten strengths and training trials,False
A,B1|B2,CONSERVATIVE,FROZEN_GATE_SHARED_THRESHOLD,0.45,0.2,0.7,0.4,10,0.333333|0.50|0.60|0.70|0.80|0.90|0.95|0.98|0.99|1.00,58,580,1.0,1.0,580,58,0.2413793103448276,0.0,0,0,True,True,mean paired gain aggregated over all ten strengths and training trials,False
A,B1|B2,CONSERVATIVE,FROZEN_GATE_SHARED_THRESHOLD,0.45,0.2,0.9,0.4,10,0.333333|0.50|0.60|0.70|0.80|0.90|0.95|0.98|0.99|1.00,58,580,1.0,1.0,580,58,0.15568965517241376,0.0,0,0,True,True,mean paired gain aggregated over all ten strengths and training trials,False
A,B1|B2,CONSERVATIVE,FROZEN_GATE_SHARED_THRESHOLD,0.5,0.01,0.5,0.4,10,0.333333|0.50|0.60|0.70|0.80|0.90|0.95|0.98|0.99|1.00,58,580,1.0,1.0,580,58,0.35120689655172416,0.20000000000000007,0,0,True,True,mean paired gain aggregated over all ten strengths and training trials,False
A,B1|B2,CONSERVATIVE,FROZEN_GATE_SHARED_THRESHOLD,0.5,0.01,0.7,0.4,10,0.333333|0.50|0.60|0.70|0.80|0.90|0.95|0.98|0.99|1.00,58,580,1.0,1.0,580,58,0.2413793103448276,0.0,0,0,True,True,mean paired gain aggregated over all ten strengths and training trials,False
A,B1|B2,CONSERVATIVE,FROZEN_GATE_SHARED_THRESHOLD,0.5,0.01,0.9,0.4,10,0.333333|0.50|0.60|0.70|0.80|0.90|0.95|0.98|0.99|1.00,58,580,1.0,1.0,580,58,0.15568965517241376,0.0,0,0,True,True,mean paired gain aggregated over all ten strengths and training trials,False
A,B1|B2,CONSERVATIVE,FROZEN_GATE_SHARED_THRESHOLD,0.5,0.05,0.5,0.4,10,0.333333|0.50|0.60|0.70|0.80|0.90|0.95|0.98|0.99|1.00,58,580,1.0,1.0,580,58,0.35120689655172416,0.20000000000000007,0,0,True,True,mean paired gain aggregated over all ten strengths and training trials,False
A,B1|B2,CONSERVATIVE,FROZEN_GATE_SHARED_THRESHOLD,0.5,0.05,0.7,0.4,10,0.333333|0.50|0.60|0.70|0.80|0.90|0.95|0.98|0.99|1.00,58,580,1.0,1.0,580,58,0.2413793103448276,0.0,0,0,True,True,mean paired gain aggregated over all ten strengths and training trials,False
A,B1|B2,CONSERVATIVE,FROZEN_GATE_SHARED_THRESHOLD,0.5,0.05,0.9,0.4,10,0.333333|0.50|0.60|0.70|0.80|0.90|0.95|0.98|0.99|1.00,58,580,1.0,1.0,580,58,0.15568965517241376,0.0,0,0,True,True,mean paired gain aggregated over all ten strengths and training trials,False
A,B1|B2,CONSERVATIVE,FROZEN_GATE_SHARED_THRESHOLD,0.5,0.1,0.5,0.4,10,0.333333|0.50|0.60|0.70|0.80|0.90|0.95|0.98|0.99|1.00,58,580,1.0,1.0,580,58,0.35120689655172416,0.20000000000000007,0,0,True,True,mean paired gain aggregated over all ten strengths and training trials,False
A,B1|B2,CONSERVATIVE,FROZEN_GATE_SHARED_THRESHOLD,0.5,0.1,0.7,0.4,10,0.333333|0.50|0.60|0.70|0.80|0.90|0.95|0.98|0.99|1.00,58,580,1.0,1.0,580,58,0.2413793103448276,0.0,0,0,True,True,mean paired gain aggregated over all ten strengths and training trials,False
A,B1|B2,CONSERVATIVE,FROZEN_GATE_SHARED_THRESHOLD,0.5,0.1,0.9,0.4,10,0.333333|0.50|0.60|0.70|0.80|0.90|0.95|0.98|0.99|1.00,58,580,1.0,1.0,580,58,0.15568965517241376,0.0,0,0,True,True,mean paired gain aggregated over all ten strengths and training trials,False
A,B1|B2,CONSERVATIVE,FROZEN_GATE_SHARED_THRESHOLD,0.5,0.15,0.5,0.4,10,0.333333|0.50|0.60|0.70|0.80|0.90|0.95|0.98|0.99|1.00,58,580,1.0,1.0,580,58,0.35120689655172416,0.20000000000000007,0,0,True,True,mean paired gain aggregated over all ten strengths and training trials,False
A,B1|B2,CONSERVATIVE,FROZEN_GATE_SHARED_THRESHOLD,0.5,0.15,0.7,0.4,10,0.333333|0.50|0.60|0.70|0.80|0.90|0.95|0.98|0.99|1.00,58,580,1.0,1.0,580,58,0.2413793103448276,0.0,0,0,True,True,mean paired gain aggregated over all ten strengths and training trials,False
A,B1|B2,CONSERVATIVE,FROZEN_GATE_SHARED_THRESHOLD,0.5,0.15,0.9,0.4,10,0.333333|0.50|0.60|0.70|0.80|0.90|0.95|0.98|0.99|1.00,58,580,1.0,1.0,580,58,0.15568965517241376,0.0,0,0,True,True,mean paired gain aggregated over all ten strengths and training trials,False
A,B1|B2,CONSERVATIVE,FROZEN_GATE_SHARED_THRESHOLD,0.5,0.2,0.5,0.4,10,0.333333|0.50|0.60|0.70|0.80|0.90|0.95|0.98|0.99|1.00,58,580,1.0,1.0,580,58,0.35120689655172416,0.20000000000000007,0,0,True,True,mean paired gain aggregated over all ten strengths and training trials,False
A,B1|B2,CONSERVATIVE,FROZEN_GATE_SHARED_THRESHOLD,0.5,0.2,0.7,0.4,10,0.333333|0.50|0.60|0.70|0.80|0.90|0.95|0.98|0.99|1.00,58,580,1.0,1.0,580,58,0.2413793103448276,0.0,0,0,True,True,mean paired gain aggregated over all ten strengths and training trials,False
A,B1|B2,CONSERVATIVE,FROZEN_GATE_SHARED_THRESHOLD,0.5,0.2,0.9,0.4,10,0.333333|0.50|0.60|0.70|0.80|0.90|0.95|0.98|0.99|1.00,58,580,1.0,1.0,580,58,0.15568965517241376,0.0,0,0,True,True,mean paired gain aggregated over all ten strengths and training trials,False
A,B1|B2,CONSERVATIVE,FROZEN_GATE_SHARED_THRESHOLD,0.55,0.01,0.5,0.4,10,0.333333|0.50|0.60|0.70|0.80|0.90|0.95|0.98|0.99|1.00,58,580,1.0,1.0,580,58,0.35120689655172416,0.20000000000000007,0,0,True,True,mean paired gain aggregated over all ten strengths and training trials,False
A,B1|B2,CONSERVATIVE,FROZEN_GATE_SHARED_THRESHOLD,0.55,0.01,0.7,0.4,10,0.333333|0.50|0.60|0.70|0.80|0.90|0.95|0.98|0.99|1.00,58,580,1.0,1.0,580,58,0.2413793103448276,0.0,0,0,True,True,mean paired gain aggregated over all ten strengths and training trials,False
A,B1|B2,CONSERVATIVE,FROZEN_GATE_SHARED_THRESHOLD,0.55,0.01,0.9,0.4,10,0.333333|0.50|0.60|0.70|0.80|0.90|0.95|0.98|0.99|1.00,58,580,1.0,1.0,580,58,0.15568965517241376,0.0,0,0,True,True,mean paired gain aggregated over all ten strengths and training trials,False
A,B1|B2,CONSERVATIVE,FROZEN_GATE_SHARED_THRESHOLD,0.55,0.05,0.5,0.4,10,0.333333|0.50|0.60|0.70|0.80|0.90|0.95|0.98|0.99|1.00,58,580,1.0,1.0,580,58,0.35120689655172416,0.20000000000000007,0,0,True,True,mean paired gain aggregated over all ten strengths and training trials,False
A,B1|B2,CONSERVATIVE,FROZEN_GATE_SHARED_THRESHOLD,0.55,0.05,0.7,0.4,10,0.333333|0.50|0.60|0.70|0.80|0.90|0.95|0.98|0.99|1.00,58,580,1.0,1.0,580,58,0.2413793103448276,0.0,0,0,True,True,mean paired gain aggregated over all ten strengths and training trials,False
A,B1|B2,CONSERVATIVE,FROZEN_GATE_SHARED_THRESHOLD,0.55,0.05,0.9,0.4,10,0.333333|0.50|0.60|0.70|0.80|0.90|0.95|0.98|0.99|1.00,58,580,1.0,1.0,580,58,0.15568965517241376,0.0,0,0,True,True,mean paired gain aggregated over all ten strengths and training trials,False
A,B1|B2,CONSERVATIVE,FROZEN_GATE_SHARED_THRESHOLD,0.55,0.1,0.5,0.4,10,0.333333|0.50|0.60|0.70|0.80|0.90|0.95|0.98|0.99|1.00,58,580,1.0,1.0,580,58,0.35120689655172416,0.20000000000000007,0,0,True,True,mean paired gain aggregated over all ten strengths and training trials,False
A,B1|B2,CONSERVATIVE,FROZEN_GATE_SHARED_THRESHOLD,0.55,0.1,0.7,0.4,10,0.333333|0.50|0.60|0.70|0.80|0.90|0.95|0.98|0.99|1.00,58,580,1.0,1.0,580,58,0.2413793103448276,0.0,0,0,True,True,mean paired gain aggregated over all ten strengths and training trials,False
A,B1|B2,CONSERVATIVE,FROZEN_GATE_SHARED_THRESHOLD,0.55,0.1,0.9,0.4,10,0.333333|0.50|0.60|0.70|0.80|0.90|0.95|0.98|0.99|1.00,58,580,1.0,1.0,580,58,0.15568965517241376,0.0,0,0,True,True,mean paired gain aggregated over all ten strengths and training trials,False
A,B1|B2,CONSERVATIVE,FROZEN_GATE_SHARED_THRESHOLD,0.55,0.15,0.5,0.4,10,0.333333|0.50|0.60|0.70|0.80|0.90|0.95|0.98|0.99|1.00,58,580,1.0,1.0,580,58,0.35120689655172416,0.20000000000000007,0,0,True,True,mean paired gain aggregated over all ten strengths and training trials,False
A,B1|B2,CONSERVATIVE,FROZEN_GATE_SHARED_THRESHOLD,0.55,0.15,0.7,0.4,10,0.333333|0.50|0.60|0.70|0.80|0.90|0.95|0.98|0.99|1.00,58,580,1.0,1.0,580,58,0.2413793103448276,0.0,0,0,True,True,mean paired gain aggregated over all ten strengths and training trials,False
A,B1|B2,CONSERVATIVE,FROZEN_GATE_SHARED_THRESHOLD,0.55,0.15,0.9,0.4,10,0.333333|0.50|0.60|0.70|0.80|0.90|0.95|0.98|0.99|1.00,58,580,1.0,1.0,580,58,0.15568965517241376,0.0,0,0,True,True,mean paired gain aggregated over all ten strengths and training trials,False
A,B1|B2,CONSERVATIVE,FROZEN_GATE_SHARED_THRESHOLD,0.55,0.2,0.5,0.4,10,0.333333|0.50|0.60|0.70|0.80|0.90|0.95|0.98|0.99|1.00,58,580,1.0,1.0,580,58,0.35120689655172416,0.20000000000000007,0,0,True,True,mean paired gain aggregated over all ten strengths and training trials,True
A,B1|B2,CONSERVATIVE,FROZEN_GATE_SHARED_THRESHOLD,0.55,0.2,0.7,0.4,10,0.333333|0.50|0.60|0.70|0.80|0.90|0.95|0.98|0.99|1.00,58,580,1.0,1.0,580,58,0.2413793103448276,0.0,0,0,True,True,mean paired gain aggregated over all ten strengths and training trials,False
A,B1|B2,CONSERVATIVE,FROZEN_GATE_SHARED_THRESHOLD,0.55,0.2,0.9,0.4,10,0.333333|0.50|0.60|0.70|0.80|0.90|0.95|0.98|0.99|1.00,58,580,1.0,1.0,580,58,0.15568965517241376,0.0,0,0,True,True,mean paired gain aggregated over all ten strengths and training trials,False
A,B1|B2,CONSERVATIVE,NONDEPLOYABLE_DECOUPLED_STRENGTH_GATE,0.4,0.01,0.5,0.4,10,0.333333|0.50|0.60|0.70|0.80|0.90|0.95|0.98|0.99|1.00,58,580,1.0,1.0,580,58,0.4827586206896552,0.4999999999999999,0,0,True,True,mean paired gain aggregated over all ten strengths and training trials,True
A,B1|B2,CONSERVATIVE,NONDEPLOYABLE_DECOUPLED_STRENGTH_GATE,0.4,0.01,0.7,0.4,10,0.333333|0.50|0.60|0.70|0.80|0.90|0.95|0.98|0.99|1.00,58,580,1.0,1.0,580,58,0.33224137931034475,0.2999999999999998,0,0,True,True,mean paired gain aggregated over all ten strengths and training trials,False
A,B1|B2,CONSERVATIVE,NONDEPLOYABLE_DECOUPLED_STRENGTH_GATE,0.4,0.01,0.9,0.4,10,0.333333|0.50|0.60|0.70|0.80|0.90|0.95|0.98|0.99|1.00,58,580,1.0,1.0,580,58,0.2144827586206896,0.09999999999999987,0,0,True,True,mean paired gain aggregated over all ten strengths and training trials,False
A,B1|B2,CONSERVATIVE,NONDEPLOYABLE_DECOUPLED_STRENGTH_GATE,0.4,0.05,0.5,0.4,10,0.333333|0.50|0.60|0.70|0.80|0.90|0.95|0.98|0.99|1.00,58,580,1.0,1.0,580,58,0.4822413793103447,0.4999999999999999,0,0,True,True,mean paired gain aggregated over all ten strengths and training trials,False
A,B1|B2,CONSERVATIVE,NONDEPLOYABLE_DECOUPLED_STRENGTH_GATE,0.4,0.05,0.7,0.4,10,0.333333|0.50|0.60|0.70|0.80|0.90|0.95|0.98|0.99|1.00,58,580,1.0,1.0,580,58,0.3320689655172413,0.2999999999999998,0,0,True,True,mean paired gain aggregated over all ten strengths and training trials,False
A,B1|B2,CONSERVATIVE,NONDEPLOYABLE_DECOUPLED_STRENGTH_GATE,0.4,0.05,0.9,0.4,10,0.333333|0.50|0.60|0.70|0.80|0.90|0.95|0.98|0.99|1.00,58,580,1.0,1.0,580,58,0.2144827586206896,0.09999999999999987,0,0,True,True,mean paired gain aggregated over all ten strengths and training trials,False
A,B1|B2,CONSERVATIVE,NONDEPLOYABLE_DECOUPLED_STRENGTH_GATE,0.4,0.1,0.5,0.4,10,0.333333|0.50|0.60|0.70|0.80|0.90|0.95|0.98|0.99|1.00,58,580,1.0,1.0,580,58,0.4748275862068965,0.4,0,0,True,True,mean paired gain aggregated over all ten strengths and training trials,False
A,B1|B2,CONSERVATIVE,NONDEPLOYABLE_DECOUPLED_STRENGTH_GATE,0.4,0.1,0.7,0.4,10,0.333333|0.50|0.60|0.70|0.80|0.90|0.95|0.98|0.99|1.00,58,580,1.0,1.0,580,58,0.3275862068965516,0.2999999999999998,0,0,True,True,mean paired gain aggregated over all ten strengths and training trials,False
A,B1|B2,CONSERVATIVE,NONDEPLOYABLE_DECOUPLED_STRENGTH_GATE,0.4,0.1,0.9,0.4,10,0.333333|0.50|0.60|0.70|0.80|0.90|0.95|0.98|0.99|1.00,58,580,1.0,1.0,580,58,0.2105172413793103,0.09999999999999987,0,0,True,True,mean paired gain aggregated over all ten strengths and training trials,False
A,B1|B2,CONSERVATIVE,NONDEPLOYABLE_DECOUPLED_STRENGTH_GATE,0.4,0.15,0.5,0.4,10,0.333333|0.50|0.60|0.70|0.80|0.90|0.95|0.98|0.99|1.00,58,580,1.0,1.0,580,58,0.451551724137931,0.4,0,0,True,True,mean paired gain aggregated over all ten strengths and training trials,False
A,B1|B2,CONSERVATIVE,NONDEPLOYABLE_DECOUPLED_STRENGTH_GATE,0.4,0.15,0.7,0.4,10,0.333333|0.50|0.60|0.70|0.80|0.90|0.95|0.98|0.99|1.00,58,580,1.0,1.0,580,58,0.3103448275862068,0.2999999999999998,0,0,True,True,mean paired gain aggregated over all ten strengths and training trials,False
A,B1|B2,CONSERVATIVE,NONDEPLOYABLE_DECOUPLED_STRENGTH_GATE,0.4,0.15,0.9,0.4,10,0.333333|0.50|0.60|0.70|0.80|0.90|0.95|0.98|0.99|1.00,58,580,1.0,1.0,580,58,0.20017241379310338,0.09999999999999987,0,0,True,True,mean paired gain aggregated over all ten strengths and training trials,False
A,B1|B2,CONSERVATIVE,NONDEPLOYABLE_DECOUPLED_STRENGTH_GATE,0.4,0.2,0.5,0.4,10,0.333333|0.50|0.60|0.70|0.80|0.90|0.95|0.98|0.99|1.00,58,580,1.0,1.0,580,58,0.451551724137931,0.4,0,0,True,True,mean paired gain aggregated over all ten strengths and training trials,False
A,B1|B2,CONSERVATIVE,NONDEPLOYABLE_DECOUPLED_STRENGTH_GATE,0.4,0.2,0.7,0.4,10,0.333333|0.50|0.60|0.70|0.80|0.90|0.95|0.98|0.99|1.00,58,580,1.0,1.0,580,58,0.3103448275862068,0.2999999999999998,0,0,True,True,mean paired gain aggregated over all ten strengths and training trials,False
A,B1|B2,CONSERVATIVE,NONDEPLOYABLE_DECOUPLED_STRENGTH_GATE,0.4,0.2,0.9,0.4,10,0.333333|0.50|0.60|0.70|0.80|0.90|0.95|0.98|0.99|1.00,58,580,1.0,1.0,580,58,0.20017241379310338,0.09999999999999987,0,0,True,True,mean paired gain aggregated over all ten strengths and training trials,False
A,B1|B2,CONSERVATIVE,NONDEPLOYABLE_DECOUPLED_STRENGTH_GATE,0.45,0.01,0.5,0.4,10,0.333333|0.50|0.60|0.70|0.80|0.90|0.95|0.98|0.99|1.00,58,580,1.0,1.0,580,58,0.4582758620689654,0.4,0,0,True,True,mean paired gain aggregated over all ten strengths and training trials,False
A,B1|B2,CONSERVATIVE,NONDEPLOYABLE_DECOUPLED_STRENGTH_GATE,0.45,0.01,0.7,0.4,10,0.333333|0.50|0.60|0.70|0.80|0.90|0.95|0.98|0.99|1.00,58,580,1.0,1.0,580,58,0.3160344827586206,0.2999999999999998,0,0,True,True,mean paired gain aggregated over all ten strengths and training trials,False
A,B1|B2,CONSERVATIVE,NONDEPLOYABLE_DECOUPLED_STRENGTH_GATE,0.45,0.01,0.9,0.4,10,0.333333|0.50|0.60|0.70|0.80|0.90|0.95|0.98|0.99|1.00,58,580,1.0,1.0,580,58,0.20465517241379308,0.09999999999999987,0,0,True,True,mean paired gain aggregated over all ten strengths and training trials,False
A,B1|B2,CONSERVATIVE,NONDEPLOYABLE_DECOUPLED_STRENGTH_GATE,0.45,0.05,0.5,0.4,10,0.333333|0.50|0.60|0.70|0.80|0.90|0.95|0.98|0.99|1.00,58,580,1.0,1.0,580,58,0.4582758620689654,0.4,0,0,True,True,mean paired gain aggregated over all ten strengths and training trials,False
A,B1|B2,CONSERVATIVE,NONDEPLOYABLE_DECOUPLED_STRENGTH_GATE,0.45,0.05,0.7,0.4,10,0.333333|0.50|0.60|0.70|0.80|0.90|0.95|0.98|0.99|1.00,58,580,1.0,1.0,580,58,0.3160344827586206,0.2999999999999998,0,0,True,True,mean paired gain aggregated over all ten strengths and training trials,False
A,B1|B2,CONSERVATIVE,NONDEPLOYABLE_DECOUPLED_STRENGTH_GATE,0.45,0.05,0.9,0.4,10,0.333333|0.50|0.60|0.70|0.80|0.90|0.95|0.98|0.99|1.00,58,580,1.0,1.0,580,58,0.20465517241379308,0.09999999999999987,0,0,True,True,mean paired gain aggregated over all ten strengths and training trials,False
A,B1|B2,CONSERVATIVE,NONDEPLOYABLE_DECOUPLED_STRENGTH_GATE,0.45,0.1,0.5,0.4,10,0.333333|0.50|0.60|0.70|0.80|0.90|0.95|0.98|0.99|1.00,58,580,1.0,1.0,580,58,0.45758620689655166,0.4,0,0,True,True,mean paired gain aggregated over all ten strengths and training trials,False
A,B1|B2,CONSERVATIVE,NONDEPLOYABLE_DECOUPLED_STRENGTH_GATE,0.45,0.1,0.7,0.4,10,0.333333|0.50|0.60|0.70|0.80|0.90|0.95|0.98|0.99|1.00,58,580,1.0,1.0,580,58,0.31534482758620686,0.2999999999999998,0,0,True,True,mean paired gain aggregated over all ten strengths and training trials,False
A,B1|B2,CONSERVATIVE,NONDEPLOYABLE_DECOUPLED_STRENGTH_GATE,0.45,0.1,0.9,0.4,10,0.333333|0.50|0.60|0.70|0.80|0.90|0.95|0.98|0.99|1.00,58,580,1.0,1.0,580,58,0.2039655172413793,0.09999999999999987,0,0,True,True,mean paired gain aggregated over all ten strengths and training trials,False
A,B1|B2,CONSERVATIVE,NONDEPLOYABLE_DECOUPLED_STRENGTH_GATE,0.45,0.15,0.5,0.4,10,0.333333|0.50|0.60|0.70|0.80|0.90|0.95|0.98|0.99|1.00,58,580,1.0,1.0,580,58,0.451551724137931,0.4,0,0,True,True,mean paired gain aggregated over all ten strengths and training trials,False
A,B1|B2,CONSERVATIVE,NONDEPLOYABLE_DECOUPLED_STRENGTH_GATE,0.45,0.15,0.7,0.4,10,0.333333|0.50|0.60|0.70|0.80|0.90|0.95|0.98|0.99|1.00,58,580,1.0,1.0,580,58,0.3103448275862068,0.2999999999999998,0,0,True,True,mean paired gain aggregated over all ten strengths and training trials,False
A,B1|B2,CONSERVATIVE,NONDEPLOYABLE_DECOUPLED_STRENGTH_GATE,0.45,0.15,0.9,0.4,10,0.333333|0.50|0.60|0.70|0.80|0.90|0.95|0.98|0.99|1.00,58,580,1.0,1.0,580,58,0.20017241379310338,0.09999999999999987,0,0,True,True,mean paired gain aggregated over all ten strengths and training trials,False
A,B1|B2,CONSERVATIVE,NONDEPLOYABLE_DECOUPLED_STRENGTH_GATE,0.45,0.2,0.5,0.4,10,0.333333|0.50|0.60|0.70|0.80|0.90|0.95|0.98|0.99|1.00,58,580,1.0,1.0,580,58,0.451551724137931,0.4,0,0,True,True,mean paired gain aggregated over all ten strengths and training trials,False
A,B1|B2,CONSERVATIVE,NONDEPLOYABLE_DECOUPLED_STRENGTH_GATE,0.45,0.2,0.7,0.4,10,0.333333|0.50|0.60|0.70|0.80|0.90|0.95|0.98|0.99|1.00,58,580,1.0,1.0,580,58,0.3103448275862068,0.2999999999999998,0,0,True,True,mean paired gain aggregated over all ten strengths and training trials,False
A,B1|B2,CONSERVATIVE,NONDEPLOYABLE_DECOUPLED_STRENGTH_GATE,0.45,0.2,0.9,0.4,10,0.333333|0.50|0.60|0.70|0.80|0.90|0.95|0.98|0.99|1.00,58,580,1.0,1.0,580,58,0.20017241379310338,0.09999999999999987,0,0,True,True,mean paired gain aggregated over all ten strengths and training trials,False
A,B1|B2,CONSERVATIVE,NONDEPLOYABLE_DECOUPLED_STRENGTH_GATE,0.5,0.01,0.5,0.4,10,0.333333|0.50|0.60|0.70|0.80|0.90|0.95|0.98|0.99|1.00,58,580,1.0,1.0,580,58,0.451551724137931,0.4,0,0,True,True,mean paired gain aggregated over all ten strengths and training trials,False
A,B1|B2,CONSERVATIVE,NONDEPLOYABLE_DECOUPLED_STRENGTH_GATE,0.5,0.01,0.7,0.4,10,0.333333|0.50|0.60|0.70|0.80|0.90|0.95|0.98|0.99|1.00,58,580,1.0,1.0,580,58,0.3103448275862068,0.2999999999999998,0,0,True,True,mean paired gain aggregated over all ten strengths and training trials,False
A,B1|B2,CONSERVATIVE,NONDEPLOYABLE_DECOUPLED_STRENGTH_GATE,0.5,0.01,0.9,0.4,10,0.333333|0.50|0.60|0.70|0.80|0.90|0.95|0.98|0.99|1.00,58,580,1.0,1.0,580,58,0.20017241379310338,0.09999999999999987,0,0,True,True,mean paired gain aggregated over all ten strengths and training trials,False
A,B1|B2,CONSERVATIVE,NONDEPLOYABLE_DECOUPLED_STRENGTH_GATE,0.5,0.05,0.5,0.4,10,0.333333|0.50|0.60|0.70|0.80|0.90|0.95|0.98|0.99|1.00,58,580,1.0,1.0,580,58,0.451551724137931,0.4,0,0,True,True,mean paired gain aggregated over all ten strengths and training trials,False
A,B1|B2,CONSERVATIVE,NONDEPLOYABLE_DECOUPLED_STRENGTH_GATE,0.5,0.05,0.7,0.4,10,0.333333|0.50|0.60|0.70|0.80|0.90|0.95|0.98|0.99|1.00,58,580,1.0,1.0,580,58,0.3103448275862068,0.2999999999999998,0,0,True,True,mean paired gain aggregated over all ten strengths and training trials,False
A,B1|B2,CONSERVATIVE,NONDEPLOYABLE_DECOUPLED_STRENGTH_GATE,0.5,0.05,0.9,0.4,10,0.333333|0.50|0.60|0.70|0.80|0.90|0.95|0.98|0.99|1.00,58,580,1.0,1.0,580,58,0.20017241379310338,0.09999999999999987,0,0,True,True,mean paired gain aggregated over all ten strengths and training trials,False
A,B1|B2,CONSERVATIVE,NONDEPLOYABLE_DECOUPLED_STRENGTH_GATE,0.5,0.1,0.5,0.4,10,0.333333|0.50|0.60|0.70|0.80|0.90|0.95|0.98|0.99|1.00,58,580,1.0,1.0,580,58,0.451551724137931,0.4,0,0,True,True,mean paired gain aggregated over all ten strengths and training trials,False
A,B1|B2,CONSERVATIVE,NONDEPLOYABLE_DECOUPLED_STRENGTH_GATE,0.5,0.1,0.7,0.4,10,0.333333|0.50|0.60|0.70|0.80|0.90|0.95|0.98|0.99|1.00,58,580,1.0,1.0,580,58,0.3103448275862068,0.2999999999999998,0,0,True,True,mean paired gain aggregated over all ten strengths and training trials,False
A,B1|B2,CONSERVATIVE,NONDEPLOYABLE_DECOUPLED_STRENGTH_GATE,0.5,0.1,0.9,0.4,10,0.333333|0.50|0.60|0.70|0.80|0.90|0.95|0.98|0.99|1.00,58,580,1.0,1.0,580,58,0.20017241379310338,0.09999999999999987,0,0,True,True,mean paired gain aggregated over all ten strengths and training trials,False
A,B1|B2,CONSERVATIVE,NONDEPLOYABLE_DECOUPLED_STRENGTH_GATE,0.5,0.15,0.5,0.4,10,0.333333|0.50|0.60|0.70|0.80|0.90|0.95|0.98|0.99|1.00,58,580,1.0,1.0,580,58,0.451551724137931,0.4,0,0,True,True,mean paired gain aggregated over all ten strengths and training trials,False
A,B1|B2,CONSERVATIVE,NONDEPLOYABLE_DECOUPLED_STRENGTH_GATE,0.5,0.15,0.7,0.4,10,0.333333|0.50|0.60|0.70|0.80|0.90|0.95|0.98|0.99|1.00,58,580,1.0,1.0,580,58,0.3103448275862068,0.2999999999999998,0,0,True,True,mean paired gain aggregated over all ten strengths and training trials,False
A,B1|B2,CONSERVATIVE,NONDEPLOYABLE_DECOUPLED_STRENGTH_GATE,0.5,0.15,0.9,0.4,10,0.333333|0.50|0.60|0.70|0.80|0.90|0.95|0.98|0.99|1.00,58,580,1.0,1.0,580,58,0.20017241379310338,0.09999999999999987,0,0,True,True,mean paired gain aggregated over all ten strengths and training trials,False
A,B1|B2,CONSERVATIVE,NONDEPLOYABLE_DECOUPLED_STRENGTH_GATE,0.5,0.2,0.5,0.4,10,0.333333|0.50|0.60|0.70|0.80|0.90|0.95|0.98|0.99|1.00,58,580,1.0,1.0,580,58,0.451551724137931,0.4,0,0,True,True,mean paired gain aggregated over all ten strengths and training trials,False
A,B1|B2,CONSERVATIVE,NONDEPLOYABLE_DECOUPLED_STRENGTH_GATE,0.5,0.2,0.7,0.4,10,0.333333|0.50|0.60|0.70|0.80|0.90|0.95|0.98|0.99|1.00,58,580,1.0,1.0,580,58,0.3103448275862068,0.2999999999999998,0,0,True,True,mean paired gain aggregated over all ten strengths and training trials,False
A,B1|B2,CONSERVATIVE,NONDEPLOYABLE_DECOUPLED_STRENGTH_GATE,0.5,0.2,0.9,0.4,10,0.333333|0.50|0.60|0.70|0.80|0.90|0.95|0.98|0.99|1.00,58,580,1.0,1.0,580,58,0.20017241379310338,0.09999999999999987,0,0,True,True,mean paired gain aggregated over all ten strengths and training trials,False
A,B1|B2,CONSERVATIVE,NONDEPLOYABLE_DECOUPLED_STRENGTH_GATE,0.55,0.01,0.5,0.4,10,0.333333|0.50|0.60|0.70|0.80|0.90|0.95|0.98|0.99|1.00,58,580,1.0,1.0,580,58,0.44500000000000006,0.4,0,0,True,True,mean paired gain aggregated over all ten strengths and training trials,False
A,B1|B2,CONSERVATIVE,NONDEPLOYABLE_DECOUPLED_STRENGTH_GATE,0.55,0.01,0.7,0.4,10,0.333333|0.50|0.60|0.70|0.80|0.90|0.95|0.98|0.99|1.00,58,580,1.0,1.0,580,58,0.3068965517241378,0.2999999999999998,0,0,True,True,mean paired gain aggregated over all ten strengths and training trials,False
A,B1|B2,CONSERVATIVE,NONDEPLOYABLE_DECOUPLED_STRENGTH_GATE,0.55,0.01,0.9,0.4,10,0.333333|0.50|0.60|0.70|0.80|0.90|0.95|0.98|0.99|1.00,58,580,1.0,1.0,580,58,0.19534482758620686,0.09999999999999987,0,0,True,True,mean paired gain aggregated over all ten strengths and training trials,False
A,B1|B2,CONSERVATIVE,NONDEPLOYABLE_DECOUPLED_STRENGTH_GATE,0.55,0.05,0.5,0.4,10,0.333333|0.50|0.60|0.70|0.80|0.90|0.95|0.98|0.99|1.00,58,580,1.0,1.0,580,58,0.44500000000000006,0.4,0,0,True,True,mean paired gain aggregated over all ten strengths and training trials,False
A,B1|B2,CONSERVATIVE,NONDEPLOYABLE_DECOUPLED_STRENGTH_GATE,0.55,0.05,0.7,0.4,10,0.333333|0.50|0.60|0.70|0.80|0.90|0.95|0.98|0.99|1.00,58,580,1.0,1.0,580,58,0.3068965517241378,0.2999999999999998,0,0,True,True,mean paired gain aggregated over all ten strengths and training trials,False
A,B1|B2,CONSERVATIVE,NONDEPLOYABLE_DECOUPLED_STRENGTH_GATE,0.55,0.05,0.9,0.4,10,0.333333|0.50|0.60|0.70|0.80|0.90|0.95|0.98|0.99|1.00,58,580,1.0,1.0,580,58,0.19534482758620686,0.09999999999999987,0,0,True,True,mean paired gain aggregated over all ten strengths and training trials,False
A,B1|B2,CONSERVATIVE,NONDEPLOYABLE_DECOUPLED_STRENGTH_GATE,0.55,0.1,0.5,0.4,10,0.333333|0.50|0.60|0.70|0.80|0.90|0.95|0.98|0.99|1.00,58,580,1.0,1.0,580,58,0.44500000000000006,0.4,0,0,True,True,mean paired gain aggregated over all ten strengths and training trials,False
A,B1|B2,CONSERVATIVE,NONDEPLOYABLE_DECOUPLED_STRENGTH_GATE,0.55,0.1,0.7,0.4,10,0.333333|0.50|0.60|0.70|0.80|0.90|0.95|0.98|0.99|1.00,58,580,1.0,1.0,580,58,0.3068965517241378,0.2999999999999998,0,0,True,True,mean paired gain aggregated over all ten strengths and training trials,False
A,B1|B2,CONSERVATIVE,NONDEPLOYABLE_DECOUPLED_STRENGTH_GATE,0.55,0.1,0.9,0.4,10,0.333333|0.50|0.60|0.70|0.80|0.90|0.95|0.98|0.99|1.00,58,580,1.0,1.0,580,58,0.19534482758620686,0.09999999999999987,0,0,True,True,mean paired gain aggregated over all ten strengths and training trials,False
A,B1|B2,CONSERVATIVE,NONDEPLOYABLE_DECOUPLED_STRENGTH_GATE,0.55,0.15,0.5,0.4,10,0.333333|0.50|0.60|0.70|0.80|0.90|0.95|0.98|0.99|1.00,58,580,1.0,1.0,580,58,0.44500000000000006,0.4,0,0,True,True,mean paired gain aggregated over all ten strengths and training trials,False
A,B1|B2,CONSERVATIVE,NONDEPLOYABLE_DECOUPLED_STRENGTH_GATE,0.55,0.15,0.7,0.4,10,0.333333|0.50|0.60|0.70|0.80|0.90|0.95|0.98|0.99|1.00,58,580,1.0,1.0,580,58,0.3068965517241378,0.2999999999999998,0,0,True,True,mean paired gain aggregated over all ten strengths and training trials,False
A,B1|B2,CONSERVATIVE,NONDEPLOYABLE_DECOUPLED_STRENGTH_GATE,0.55,0.15,0.9,0.4,10,0.333333|0.50|0.60|0.70|0.80|0.90|0.95|0.98|0.99|1.00,58,580,1.0,1.0,580,58,0.19534482758620686,0.09999999999999987,0,0,True,True,mean paired gain aggregated over all ten strengths and training trials,False
A,B1|B2,CONSERVATIVE,NONDEPLOYABLE_DECOUPLED_STRENGTH_GATE,0.55,0.2,0.5,0.4,10,0.333333|0.50|0.60|0.70|0.80|0.90|0.95|0.98|0.99|1.00,58,580,1.0,1.0,580,58,0.44500000000000006,0.4,0,0,True,True,mean paired gain aggregated over all ten strengths and training trials,False
A,B1|B2,CONSERVATIVE,NONDEPLOYABLE_DECOUPLED_STRENGTH_GATE,0.55,0.2,0.7,0.4,10,0.333333|0.50|0.60|0.70|0.80|0.90|0.95|0.98|0.99|1.00,58,580,1.0,1.0,580,58,0.3068965517241378,0.2999999999999998,0,0,True,True,mean paired gain aggregated over all ten strengths and training trials,False
A,B1|B2,CONSERVATIVE,NONDEPLOYABLE_DECOUPLED_STRENGTH_GATE,0.55,0.2,0.9,0.4,10,0.333333|0.50|0.60|0.70|0.80|0.90|0.95|0.98|0.99|1.00,58,580,1.0,1.0,580,58,0.19534482758620686,0.09999999999999987,0,0,True,True,mean paired gain aggregated over all ten strengths and training trials,False
B1,A|B2,FAST,FROZEN_GATE_SHARED_THRESHOLD,0.4,0.01,0.5,0.4,10,0.333333|0.50|0.60|0.70|0.80|0.90|0.95|0.98|0.99|1.00,59,590,1.0,1.0,590,59,0.1447457627118644,0.0,0,0,True,True,mean paired gain aggregated over all ten strengths and training trials,False
B1,A|B2,FAST,FROZEN_GATE_SHARED_THRESHOLD,0.4,0.01,0.7,0.4,10,0.333333|0.50|0.60|0.70|0.80|0.90|0.95|0.98|0.99|1.00,59,590,1.0,1.0,590,59,0.0854237288135593,0.0,0,0,True,True,mean paired gain aggregated over all ten strengths and training trials,False
B1,A|B2,FAST,FROZEN_GATE_SHARED_THRESHOLD,0.4,0.01,0.9,0.4,10,0.333333|0.50|0.60|0.70|0.80|0.90|0.95|0.98|0.99|1.00,59,590,1.0,1.0,590,59,0.047457627118644055,0.0,0,0,True,True,mean paired gain aggregated over all ten strengths and training trials,False
B1,A|B2,FAST,FROZEN_GATE_SHARED_THRESHOLD,0.4,0.05,0.5,0.4,10,0.333333|0.50|0.60|0.70|0.80|0.90|0.95|0.98|0.99|1.00,59,590,1.0,1.0,590,59,0.1447457627118644,0.0,0,0,True,True,mean paired gain aggregated over all ten strengths and training trials,False
B1,A|B2,FAST,FROZEN_GATE_SHARED_THRESHOLD,0.4,0.05,0.7,0.4,10,0.333333|0.50|0.60|0.70|0.80|0.90|0.95|0.98|0.99|1.00,59,590,1.0,1.0,590,59,0.0854237288135593,0.0,0,0,True,True,mean paired gain aggregated over all ten strengths and training trials,False
B1,A|B2,FAST,FROZEN_GATE_SHARED_THRESHOLD,0.4,0.05,0.9,0.4,10,0.333333|0.50|0.60|0.70|0.80|0.90|0.95|0.98|0.99|1.00,59,590,1.0,1.0,590,59,0.047457627118644055,0.0,0,0,True,True,mean paired gain aggregated over all ten strengths and training trials,False
B1,A|B2,FAST,FROZEN_GATE_SHARED_THRESHOLD,0.4,0.1,0.5,0.4,10,0.333333|0.50|0.60|0.70|0.80|0.90|0.95|0.98|0.99|1.00,59,590,1.0,1.0,590,59,0.1447457627118644,0.0,0,0,True,True,mean paired gain aggregated over all ten strengths and training trials,False
B1,A|B2,FAST,FROZEN_GATE_SHARED_THRESHOLD,0.4,0.1,0.7,0.4,10,0.333333|0.50|0.60|0.70|0.80|0.90|0.95|0.98|0.99|1.00,59,590,1.0,1.0,590,59,0.0854237288135593,0.0,0,0,True,True,mean paired gain aggregated over all ten strengths and training trials,False
B1,A|B2,FAST,FROZEN_GATE_SHARED_THRESHOLD,0.4,0.1,0.9,0.4,10,0.333333|0.50|0.60|0.70|0.80|0.90|0.95|0.98|0.99|1.00,59,590,1.0,1.0,590,59,0.047457627118644055,0.0,0,0,True,True,mean paired gain aggregated over all ten strengths and training trials,False
B1,A|B2,FAST,FROZEN_GATE_SHARED_THRESHOLD,0.4,0.15,0.5,0.4,10,0.333333|0.50|0.60|0.70|0.80|0.90|0.95|0.98|0.99|1.00,59,590,1.0,1.0,590,59,0.1447457627118644,0.0,0,0,True,True,mean paired gain aggregated over all ten strengths and training trials,False
B1,A|B2,FAST,FROZEN_GATE_SHARED_THRESHOLD,0.4,0.15,0.7,0.4,10,0.333333|0.50|0.60|0.70|0.80|0.90|0.95|0.98|0.99|1.00,59,590,1.0,1.0,590,59,0.0854237288135593,0.0,0,0,True,True,mean paired gain aggregated over all ten strengths and training trials,False
B1,A|B2,FAST,FROZEN_GATE_SHARED_THRESHOLD,0.4,0.15,0.9,0.4,10,0.333333|0.50|0.60|0.70|0.80|0.90|0.95|0.98|0.99|1.00,59,590,1.0,1.0,590,59,0.047457627118644055,0.0,0,0,True,True,mean paired gain aggregated over all ten strengths and training trials,False
B1,A|B2,FAST,FROZEN_GATE_SHARED_THRESHOLD,0.4,0.2,0.5,0.4,10,0.333333|0.50|0.60|0.70|0.80|0.90|0.95|0.98|0.99|1.00,59,590,1.0,1.0,590,59,0.1447457627118644,0.0,0,0,True,True,mean paired gain aggregated over all ten strengths and training trials,False
B1,A|B2,FAST,FROZEN_GATE_SHARED_THRESHOLD,0.4,0.2,0.7,0.4,10,0.333333|0.50|0.60|0.70|0.80|0.90|0.95|0.98|0.99|1.00,59,590,1.0,1.0,590,59,0.0854237288135593,0.0,0,0,True,True,mean paired gain aggregated over all ten strengths and training trials,False
B1,A|B2,FAST,FROZEN_GATE_SHARED_THRESHOLD,0.4,0.2,0.9,0.4,10,0.333333|0.50|0.60|0.70|0.80|0.90|0.95|0.98|0.99|1.00,59,590,1.0,1.0,590,59,0.047457627118644055,0.0,0,0,True,True,mean paired gain aggregated over all ten strengths and training trials,False
B1,A|B2,FAST,FROZEN_GATE_SHARED_THRESHOLD,0.45,0.01,0.5,0.4,10,0.333333|0.50|0.60|0.70|0.80|0.90|0.95|0.98|0.99|1.00,59,590,1.0,1.0,590,59,0.1447457627118644,0.0,0,0,True,True,mean paired gain aggregated over all ten strengths and training trials,False
B1,A|B2,FAST,FROZEN_GATE_SHARED_THRESHOLD,0.45,0.01,0.7,0.4,10,0.333333|0.50|0.60|0.70|0.80|0.90|0.95|0.98|0.99|1.00,59,590,1.0,1.0,590,59,0.0854237288135593,0.0,0,0,True,True,mean paired gain aggregated over all ten strengths and training trials,False
B1,A|B2,FAST,FROZEN_GATE_SHARED_THRESHOLD,0.45,0.01,0.9,0.4,10,0.333333|0.50|0.60|0.70|0.80|0.90|0.95|0.98|0.99|1.00,59,590,1.0,1.0,590,59,0.047457627118644055,0.0,0,0,True,True,mean paired gain aggregated over all ten strengths and training trials,False
B1,A|B2,FAST,FROZEN_GATE_SHARED_THRESHOLD,0.45,0.05,0.5,0.4,10,0.333333|0.50|0.60|0.70|0.80|0.90|0.95|0.98|0.99|1.00,59,590,1.0,1.0,590,59,0.1447457627118644,0.0,0,0,True,True,mean paired gain aggregated over all ten strengths and training trials,False
B1,A|B2,FAST,FROZEN_GATE_SHARED_THRESHOLD,0.45,0.05,0.7,0.4,10,0.333333|0.50|0.60|0.70|0.80|0.90|0.95|0.98|0.99|1.00,59,590,1.0,1.0,590,59,0.0854237288135593,0.0,0,0,True,True,mean paired gain aggregated over all ten strengths and training trials,False
B1,A|B2,FAST,FROZEN_GATE_SHARED_THRESHOLD,0.45,0.05,0.9,0.4,10,0.333333|0.50|0.60|0.70|0.80|0.90|0.95|0.98|0.99|1.00,59,590,1.0,1.0,590,59,0.047457627118644055,0.0,0,0,True,True,mean paired gain aggregated over all ten strengths and training trials,False
B1,A|B2,FAST,FROZEN_GATE_SHARED_THRESHOLD,0.45,0.1,0.5,0.4,10,0.333333|0.50|0.60|0.70|0.80|0.90|0.95|0.98|0.99|1.00,59,590,1.0,1.0,590,59,0.1447457627118644,0.0,0,0,True,True,mean paired gain aggregated over all ten strengths and training trials,False
B1,A|B2,FAST,FROZEN_GATE_SHARED_THRESHOLD,0.45,0.1,0.7,0.4,10,0.333333|0.50|0.60|0.70|0.80|0.90|0.95|0.98|0.99|1.00,59,590,1.0,1.0,590,59,0.0854237288135593,0.0,0,0,True,True,mean paired gain aggregated over all ten strengths and training trials,False
B1,A|B2,FAST,FROZEN_GATE_SHARED_THRESHOLD,0.45,0.1,0.9,0.4,10,0.333333|0.50|0.60|0.70|0.80|0.90|0.95|0.98|0.99|1.00,59,590,1.0,1.0,590,59,0.047457627118644055,0.0,0,0,True,True,mean paired gain aggregated over all ten strengths and training trials,False
B1,A|B2,FAST,FROZEN_GATE_SHARED_THRESHOLD,0.45,0.15,0.5,0.4,10,0.333333|0.50|0.60|0.70|0.80|0.90|0.95|0.98|0.99|1.00,59,590,1.0,1.0,590,59,0.1447457627118644,0.0,0,0,True,True,mean paired gain aggregated over all ten strengths and training trials,False
B1,A|B2,FAST,FROZEN_GATE_SHARED_THRESHOLD,0.45,0.15,0.7,0.4,10,0.333333|0.50|0.60|0.70|0.80|0.90|0.95|0.98|0.99|1.00,59,590,1.0,1.0,590,59,0.0854237288135593,0.0,0,0,True,True,mean paired gain aggregated over all ten strengths and training trials,False
B1,A|B2,FAST,FROZEN_GATE_SHARED_THRESHOLD,0.45,0.15,0.9,0.4,10,0.333333|0.50|0.60|0.70|0.80|0.90|0.95|0.98|0.99|1.00,59,590,1.0,1.0,590,59,0.047457627118644055,0.0,0,0,True,True,mean paired gain aggregated over all ten strengths and training trials,False
B1,A|B2,FAST,FROZEN_GATE_SHARED_THRESHOLD,0.45,0.2,0.5,0.4,10,0.333333|0.50|0.60|0.70|0.80|0.90|0.95|0.98|0.99|1.00,59,590,1.0,1.0,590,59,0.1447457627118644,0.0,0,0,True,True,mean paired gain aggregated over all ten strengths and training trials,False
B1,A|B2,FAST,FROZEN_GATE_SHARED_THRESHOLD,0.45,0.2,0.7,0.4,10,0.333333|0.50|0.60|0.70|0.80|0.90|0.95|0.98|0.99|1.00,59,590,1.0,1.0,590,59,0.0854237288135593,0.0,0,0,True,True,mean paired gain aggregated over all ten strengths and training trials,False
B1,A|B2,FAST,FROZEN_GATE_SHARED_THRESHOLD,0.45,0.2,0.9,0.4,10,0.333333|0.50|0.60|0.70|0.80|0.90|0.95|0.98|0.99|1.00,59,590,1.0,1.0,590,59,0.047457627118644055,0.0,0,0,True,True,mean paired gain aggregated over all ten strengths and training trials,False
B1,A|B2,FAST,FROZEN_GATE_SHARED_THRESHOLD,0.5,0.01,0.5,0.4,10,0.333333|0.50|0.60|0.70|0.80|0.90|0.95|0.98|0.99|1.00,59,590,1.0,1.0,590,59,0.1447457627118644,0.0,0,0,True,True,mean paired gain aggregated over all ten strengths and training trials,False
B1,A|B2,FAST,FROZEN_GATE_SHARED_THRESHOLD,0.5,0.01,0.7,0.4,10,0.333333|0.50|0.60|0.70|0.80|0.90|0.95|0.98|0.99|1.00,59,590,1.0,1.0,590,59,0.0854237288135593,0.0,0,0,True,True,mean paired gain aggregated over all ten strengths and training trials,False
B1,A|B2,FAST,FROZEN_GATE_SHARED_THRESHOLD,0.5,0.01,0.9,0.4,10,0.333333|0.50|0.60|0.70|0.80|0.90|0.95|0.98|0.99|1.00,59,590,1.0,1.0,590,59,0.047457627118644055,0.0,0,0,True,True,mean paired gain aggregated over all ten strengths and training trials,False
B1,A|B2,FAST,FROZEN_GATE_SHARED_THRESHOLD,0.5,0.05,0.5,0.4,10,0.333333|0.50|0.60|0.70|0.80|0.90|0.95|0.98|0.99|1.00,59,590,1.0,1.0,590,59,0.1447457627118644,0.0,0,0,True,True,mean paired gain aggregated over all ten strengths and training trials,False
B1,A|B2,FAST,FROZEN_GATE_SHARED_THRESHOLD,0.5,0.05,0.7,0.4,10,0.333333|0.50|0.60|0.70|0.80|0.90|0.95|0.98|0.99|1.00,59,590,1.0,1.0,590,59,0.0854237288135593,0.0,0,0,True,True,mean paired gain aggregated over all ten strengths and training trials,False
B1,A|B2,FAST,FROZEN_GATE_SHARED_THRESHOLD,0.5,0.05,0.9,0.4,10,0.333333|0.50|0.60|0.70|0.80|0.90|0.95|0.98|0.99|1.00,59,590,1.0,1.0,590,59,0.047457627118644055,0.0,0,0,True,True,mean paired gain aggregated over all ten strengths and training trials,False
B1,A|B2,FAST,FROZEN_GATE_SHARED_THRESHOLD,0.5,0.1,0.5,0.4,10,0.333333|0.50|0.60|0.70|0.80|0.90|0.95|0.98|0.99|1.00,59,590,1.0,1.0,590,59,0.1447457627118644,0.0,0,0,True,True,mean paired gain aggregated over all ten strengths and training trials,False
B1,A|B2,FAST,FROZEN_GATE_SHARED_THRESHOLD,0.5,0.1,0.7,0.4,10,0.333333|0.50|0.60|0.70|0.80|0.90|0.95|0.98|0.99|1.00,59,590,1.0,1.0,590,59,0.0854237288135593,0.0,0,0,True,True,mean paired gain aggregated over all ten strengths and training trials,False
B1,A|B2,FAST,FROZEN_GATE_SHARED_THRESHOLD,0.5,0.1,0.9,0.4,10,0.333333|0.50|0.60|0.70|0.80|0.90|0.95|0.98|0.99|1.00,59,590,1.0,1.0,590,59,0.047457627118644055,0.0,0,0,True,True,mean paired gain aggregated over all ten strengths and training trials,False
B1,A|B2,FAST,FROZEN_GATE_SHARED_THRESHOLD,0.5,0.15,0.5,0.4,10,0.333333|0.50|0.60|0.70|0.80|0.90|0.95|0.98|0.99|1.00,59,590,1.0,1.0,590,59,0.1447457627118644,0.0,0,0,True,True,mean paired gain aggregated over all ten strengths and training trials,False
B1,A|B2,FAST,FROZEN_GATE_SHARED_THRESHOLD,0.5,0.15,0.7,0.4,10,0.333333|0.50|0.60|0.70|0.80|0.90|0.95|0.98|0.99|1.00,59,590,1.0,1.0,590,59,0.0854237288135593,0.0,0,0,True,True,mean paired gain aggregated over all ten strengths and training trials,False
B1,A|B2,FAST,FROZEN_GATE_SHARED_THRESHOLD,0.5,0.15,0.9,0.4,10,0.333333|0.50|0.60|0.70|0.80|0.90|0.95|0.98|0.99|1.00,59,590,1.0,1.0,590,59,0.047457627118644055,0.0,0,0,True,True,mean paired gain aggregated over all ten strengths and training trials,False
B1,A|B2,FAST,FROZEN_GATE_SHARED_THRESHOLD,0.5,0.2,0.5,0.4,10,0.333333|0.50|0.60|0.70|0.80|0.90|0.95|0.98|0.99|1.00,59,590,1.0,1.0,590,59,0.1447457627118644,0.0,0,0,True,True,mean paired gain aggregated over all ten strengths and training trials,False
B1,A|B2,FAST,FROZEN_GATE_SHARED_THRESHOLD,0.5,0.2,0.7,0.4,10,0.333333|0.50|0.60|0.70|0.80|0.90|0.95|0.98|0.99|1.00,59,590,1.0,1.0,590,59,0.0854237288135593,0.0,0,0,True,True,mean paired gain aggregated over all ten strengths and training trials,False
B1,A|B2,FAST,FROZEN_GATE_SHARED_THRESHOLD,0.5,0.2,0.9,0.4,10,0.333333|0.50|0.60|0.70|0.80|0.90|0.95|0.98|0.99|1.00,59,590,1.0,1.0,590,59,0.047457627118644055,0.0,0,0,True,True,mean paired gain aggregated over all ten strengths and training trials,False
B1,A|B2,FAST,FROZEN_GATE_SHARED_THRESHOLD,0.55,0.01,0.5,0.4,10,0.333333|0.50|0.60|0.70|0.80|0.90|0.95|0.98|0.99|1.00,59,590,1.0,1.0,590,59,0.1447457627118644,0.0,0,0,True,True,mean paired gain aggregated over all ten strengths and training trials,False
B1,A|B2,FAST,FROZEN_GATE_SHARED_THRESHOLD,0.55,0.01,0.7,0.4,10,0.333333|0.50|0.60|0.70|0.80|0.90|0.95|0.98|0.99|1.00,59,590,1.0,1.0,590,59,0.0854237288135593,0.0,0,0,True,True,mean paired gain aggregated over all ten strengths and training trials,False
B1,A|B2,FAST,FROZEN_GATE_SHARED_THRESHOLD,0.55,0.01,0.9,0.4,10,0.333333|0.50|0.60|0.70|0.80|0.90|0.95|0.98|0.99|1.00,59,590,1.0,1.0,590,59,0.047457627118644055,0.0,0,0,True,True,mean paired gain aggregated over all ten strengths and training trials,False
B1,A|B2,FAST,FROZEN_GATE_SHARED_THRESHOLD,0.55,0.05,0.5,0.4,10,0.333333|0.50|0.60|0.70|0.80|0.90|0.95|0.98|0.99|1.00,59,590,1.0,1.0,590,59,0.1447457627118644,0.0,0,0,True,True,mean paired gain aggregated over all ten strengths and training trials,False
B1,A|B2,FAST,FROZEN_GATE_SHARED_THRESHOLD,0.55,0.05,0.7,0.4,10,0.333333|0.50|0.60|0.70|0.80|0.90|0.95|0.98|0.99|1.00,59,590,1.0,1.0,590,59,0.0854237288135593,0.0,0,0,True,True,mean paired gain aggregated over all ten strengths and training trials,False
B1,A|B2,FAST,FROZEN_GATE_SHARED_THRESHOLD,0.55,0.05,0.9,0.4,10,0.333333|0.50|0.60|0.70|0.80|0.90|0.95|0.98|0.99|1.00,59,590,1.0,1.0,590,59,0.047457627118644055,0.0,0,0,True,True,mean paired gain aggregated over all ten strengths and training trials,False
B1,A|B2,FAST,FROZEN_GATE_SHARED_THRESHOLD,0.55,0.1,0.5,0.4,10,0.333333|0.50|0.60|0.70|0.80|0.90|0.95|0.98|0.99|1.00,59,590,1.0,1.0,590,59,0.1447457627118644,0.0,0,0,True,True,mean paired gain aggregated over all ten strengths and training trials,False
B1,A|B2,FAST,FROZEN_GATE_SHARED_THRESHOLD,0.55,0.1,0.7,0.4,10,0.333333|0.50|0.60|0.70|0.80|0.90|0.95|0.98|0.99|1.00,59,590,1.0,1.0,590,59,0.0854237288135593,0.0,0,0,True,True,mean paired gain aggregated over all ten strengths and training trials,False
B1,A|B2,FAST,FROZEN_GATE_SHARED_THRESHOLD,0.55,0.1,0.9,0.4,10,0.333333|0.50|0.60|0.70|0.80|0.90|0.95|0.98|0.99|1.00,59,590,1.0,1.0,590,59,0.047457627118644055,0.0,0,0,True,True,mean paired gain aggregated over all ten strengths and training trials,False
B1,A|B2,FAST,FROZEN_GATE_SHARED_THRESHOLD,0.55,0.15,0.5,0.4,10,0.333333|0.50|0.60|0.70|0.80|0.90|0.95|0.98|0.99|1.00,59,590,1.0,1.0,590,59,0.1447457627118644,0.0,0,0,True,True,mean paired gain aggregated over all ten strengths and training trials,False
B1,A|B2,FAST,FROZEN_GATE_SHARED_THRESHOLD,0.55,0.15,0.7,0.4,10,0.333333|0.50|0.60|0.70|0.80|0.90|0.95|0.98|0.99|1.00,59,590,1.0,1.0,590,59,0.0854237288135593,0.0,0,0,True,True,mean paired gain aggregated over all ten strengths and training trials,False
B1,A|B2,FAST,FROZEN_GATE_SHARED_THRESHOLD,0.55,0.15,0.9,0.4,10,0.333333|0.50|0.60|0.70|0.80|0.90|0.95|0.98|0.99|1.00,59,590,1.0,1.0,590,59,0.047457627118644055,0.0,0,0,True,True,mean paired gain aggregated over all ten strengths and training trials,False
B1,A|B2,FAST,FROZEN_GATE_SHARED_THRESHOLD,0.55,0.2,0.5,0.4,10,0.333333|0.50|0.60|0.70|0.80|0.90|0.95|0.98|0.99|1.00,59,590,1.0,1.0,590,59,0.1447457627118644,0.0,0,0,True,True,mean paired gain aggregated over all ten strengths and training trials,True
B1,A|B2,FAST,FROZEN_GATE_SHARED_THRESHOLD,0.55,0.2,0.7,0.4,10,0.333333|0.50|0.60|0.70|0.80|0.90|0.95|0.98|0.99|1.00,59,590,1.0,1.0,590,59,0.0854237288135593,0.0,0,0,True,True,mean paired gain aggregated over all ten strengths and training trials,False
B1,A|B2,FAST,FROZEN_GATE_SHARED_THRESHOLD,0.55,0.2,0.9,0.4,10,0.333333|0.50|0.60|0.70|0.80|0.90|0.95|0.98|0.99|1.00,59,590,1.0,1.0,590,59,0.047457627118644055,0.0,0,0,True,True,mean paired gain aggregated over all ten strengths and training trials,False
B1,A|B2,FAST,NONDEPLOYABLE_DECOUPLED_STRENGTH_GATE,0.4,0.01,0.5,0.4,10,0.333333|0.50|0.60|0.70|0.80|0.90|0.95|0.98|0.99|1.00,59,590,1.0,1.0,590,59,0.18610169491525425,0.09999999999999998,0,0,True,True,mean paired gain aggregated over all ten strengths and training trials,False
B1,A|B2,FAST,NONDEPLOYABLE_DECOUPLED_STRENGTH_GATE,0.4,0.01,0.7,0.4,10,0.333333|0.50|0.60|0.70|0.80|0.90|0.95|0.98|0.99|1.00,59,590,1.0,1.0,590,59,0.10983050847457625,0.0,0,0,True,True,mean paired gain aggregated over all ten strengths and training trials,False
B1,A|B2,FAST,NONDEPLOYABLE_DECOUPLED_STRENGTH_GATE,0.4,0.01,0.9,0.4,10,0.333333|0.50|0.60|0.70|0.80|0.90|0.95|0.98|0.99|1.00,59,590,1.0,1.0,590,59,0.06101694915254235,0.0,0,0,True,True,mean paired gain aggregated over all ten strengths and training trials,False
B1,A|B2,FAST,NONDEPLOYABLE_DECOUPLED_STRENGTH_GATE,0.4,0.05,0.5,0.4,10,0.333333|0.50|0.60|0.70|0.80|0.90|0.95|0.98|0.99|1.00,59,590,1.0,1.0,590,59,0.18610169491525425,0.09999999999999998,0,0,True,True,mean paired gain aggregated over all ten strengths and training trials,False
B1,A|B2,FAST,NONDEPLOYABLE_DECOUPLED_STRENGTH_GATE,0.4,0.05,0.7,0.4,10,0.333333|0.50|0.60|0.70|0.80|0.90|0.95|0.98|0.99|1.00,59,590,1.0,1.0,590,59,0.10983050847457625,0.0,0,0,True,True,mean paired gain aggregated over all ten strengths and training trials,False
B1,A|B2,FAST,NONDEPLOYABLE_DECOUPLED_STRENGTH_GATE,0.4,0.05,0.9,0.4,10,0.333333|0.50|0.60|0.70|0.80|0.90|0.95|0.98|0.99|1.00,59,590,1.0,1.0,590,59,0.06101694915254235,0.0,0,0,True,True,mean paired gain aggregated over all ten strengths and training trials,False
B1,A|B2,FAST,NONDEPLOYABLE_DECOUPLED_STRENGTH_GATE,0.4,0.1,0.5,0.4,10,0.333333|0.50|0.60|0.70|0.80|0.90|0.95|0.98|0.99|1.00,59,590,1.0,1.0,590,59,0.18610169491525425,0.09999999999999998,0,0,True,True,mean paired gain aggregated over all ten strengths and training trials,False
B1,A|B2,FAST,NONDEPLOYABLE_DECOUPLED_STRENGTH_GATE,0.4,0.1,0.7,0.4,10,0.333333|0.50|0.60|0.70|0.80|0.90|0.95|0.98|0.99|1.00,59,590,1.0,1.0,590,59,0.10983050847457625,0.0,0,0,True,True,mean paired gain aggregated over all ten strengths and training trials,False
B1,A|B2,FAST,NONDEPLOYABLE_DECOUPLED_STRENGTH_GATE,0.4,0.1,0.9,0.4,10,0.333333|0.50|0.60|0.70|0.80|0.90|0.95|0.98|0.99|1.00,59,590,1.0,1.0,590,59,0.06101694915254235,0.0,0,0,True,True,mean paired gain aggregated over all ten strengths and training trials,False
B1,A|B2,FAST,NONDEPLOYABLE_DECOUPLED_STRENGTH_GATE,0.4,0.15,0.5,0.4,10,0.333333|0.50|0.60|0.70|0.80|0.90|0.95|0.98|0.99|1.00,59,590,1.0,1.0,590,59,0.18610169491525425,0.09999999999999998,0,0,True,True,mean paired gain aggregated over all ten strengths and training trials,False
B1,A|B2,FAST,NONDEPLOYABLE_DECOUPLED_STRENGTH_GATE,0.4,0.15,0.7,0.4,10,0.333333|0.50|0.60|0.70|0.80|0.90|0.95|0.98|0.99|1.00,59,590,1.0,1.0,590,59,0.10983050847457625,0.0,0,0,True,True,mean paired gain aggregated over all ten strengths and training trials,False
B1,A|B2,FAST,NONDEPLOYABLE_DECOUPLED_STRENGTH_GATE,0.4,0.15,0.9,0.4,10,0.333333|0.50|0.60|0.70|0.80|0.90|0.95|0.98|0.99|1.00,59,590,1.0,1.0,590,59,0.06101694915254235,0.0,0,0,True,True,mean paired gain aggregated over all ten strengths and training trials,False
B1,A|B2,FAST,NONDEPLOYABLE_DECOUPLED_STRENGTH_GATE,0.4,0.2,0.5,0.4,10,0.333333|0.50|0.60|0.70|0.80|0.90|0.95|0.98|0.99|1.00,59,590,1.0,1.0,590,59,0.18610169491525425,0.09999999999999998,0,0,True,True,mean paired gain aggregated over all ten strengths and training trials,False
B1,A|B2,FAST,NONDEPLOYABLE_DECOUPLED_STRENGTH_GATE,0.4,0.2,0.7,0.4,10,0.333333|0.50|0.60|0.70|0.80|0.90|0.95|0.98|0.99|1.00,59,590,1.0,1.0,590,59,0.10983050847457625,0.0,0,0,True,True,mean paired gain aggregated over all ten strengths and training trials,False
B1,A|B2,FAST,NONDEPLOYABLE_DECOUPLED_STRENGTH_GATE,0.4,0.2,0.9,0.4,10,0.333333|0.50|0.60|0.70|0.80|0.90|0.95|0.98|0.99|1.00,59,590,1.0,1.0,590,59,0.06101694915254235,0.0,0,0,True,True,mean paired gain aggregated over all ten strengths and training trials,False
B1,A|B2,FAST,NONDEPLOYABLE_DECOUPLED_STRENGTH_GATE,0.45,0.01,0.5,0.4,10,0.333333|0.50|0.60|0.70|0.80|0.90|0.95|0.98|0.99|1.00,59,590,1.0,1.0,590,59,0.18610169491525425,0.09999999999999998,0,0,True,True,mean paired gain aggregated over all ten strengths and training trials,False
B1,A|B2,FAST,NONDEPLOYABLE_DECOUPLED_STRENGTH_GATE,0.45,0.01,0.7,0.4,10,0.333333|0.50|0.60|0.70|0.80|0.90|0.95|0.98|0.99|1.00,59,590,1.0,1.0,590,59,0.10983050847457625,0.0,0,0,True,True,mean paired gain aggregated over all ten strengths and training trials,False
B1,A|B2,FAST,NONDEPLOYABLE_DECOUPLED_STRENGTH_GATE,0.45,0.01,0.9,0.4,10,0.333333|0.50|0.60|0.70|0.80|0.90|0.95|0.98|0.99|1.00,59,590,1.0,1.0,590,59,0.06101694915254235,0.0,0,0,True,True,mean paired gain aggregated over all ten strengths and training trials,False
B1,A|B2,FAST,NONDEPLOYABLE_DECOUPLED_STRENGTH_GATE,0.45,0.05,0.5,0.4,10,0.333333|0.50|0.60|0.70|0.80|0.90|0.95|0.98|0.99|1.00,59,590,1.0,1.0,590,59,0.18610169491525425,0.09999999999999998,0,0,True,True,mean paired gain aggregated over all ten strengths and training trials,False
B1,A|B2,FAST,NONDEPLOYABLE_DECOUPLED_STRENGTH_GATE,0.45,0.05,0.7,0.4,10,0.333333|0.50|0.60|0.70|0.80|0.90|0.95|0.98|0.99|1.00,59,590,1.0,1.0,590,59,0.10983050847457625,0.0,0,0,True,True,mean paired gain aggregated over all ten strengths and training trials,False
B1,A|B2,FAST,NONDEPLOYABLE_DECOUPLED_STRENGTH_GATE,0.45,0.05,0.9,0.4,10,0.333333|0.50|0.60|0.70|0.80|0.90|0.95|0.98|0.99|1.00,59,590,1.0,1.0,590,59,0.06101694915254235,0.0,0,0,True,True,mean paired gain aggregated over all ten strengths and training trials,False
B1,A|B2,FAST,NONDEPLOYABLE_DECOUPLED_STRENGTH_GATE,0.45,0.1,0.5,0.4,10,0.333333|0.50|0.60|0.70|0.80|0.90|0.95|0.98|0.99|1.00,59,590,1.0,1.0,590,59,0.18610169491525425,0.09999999999999998,0,0,True,True,mean paired gain aggregated over all ten strengths and training trials,False
B1,A|B2,FAST,NONDEPLOYABLE_DECOUPLED_STRENGTH_GATE,0.45,0.1,0.7,0.4,10,0.333333|0.50|0.60|0.70|0.80|0.90|0.95|0.98|0.99|1.00,59,590,1.0,1.0,590,59,0.10983050847457625,0.0,0,0,True,True,mean paired gain aggregated over all ten strengths and training trials,False
B1,A|B2,FAST,NONDEPLOYABLE_DECOUPLED_STRENGTH_GATE,0.45,0.1,0.9,0.4,10,0.333333|0.50|0.60|0.70|0.80|0.90|0.95|0.98|0.99|1.00,59,590,1.0,1.0,590,59,0.06101694915254235,0.0,0,0,True,True,mean paired gain aggregated over all ten strengths and training trials,False
B1,A|B2,FAST,NONDEPLOYABLE_DECOUPLED_STRENGTH_GATE,0.45,0.15,0.5,0.4,10,0.333333|0.50|0.60|0.70|0.80|0.90|0.95|0.98|0.99|1.00,59,590,1.0,1.0,590,59,0.18610169491525425,0.09999999999999998,0,0,True,True,mean paired gain aggregated over all ten strengths and training trials,False
B1,A|B2,FAST,NONDEPLOYABLE_DECOUPLED_STRENGTH_GATE,0.45,0.15,0.7,0.4,10,0.333333|0.50|0.60|0.70|0.80|0.90|0.95|0.98|0.99|1.00,59,590,1.0,1.0,590,59,0.10983050847457625,0.0,0,0,True,True,mean paired gain aggregated over all ten strengths and training trials,False
B1,A|B2,FAST,NONDEPLOYABLE_DECOUPLED_STRENGTH_GATE,0.45,0.15,0.9,0.4,10,0.333333|0.50|0.60|0.70|0.80|0.90|0.95|0.98|0.99|1.00,59,590,1.0,1.0,590,59,0.06101694915254235,0.0,0,0,True,True,mean paired gain aggregated over all ten strengths and training trials,False
B1,A|B2,FAST,NONDEPLOYABLE_DECOUPLED_STRENGTH_GATE,0.45,0.2,0.5,0.4,10,0.333333|0.50|0.60|0.70|0.80|0.90|0.95|0.98|0.99|1.00,59,590,1.0,1.0,590,59,0.18610169491525425,0.09999999999999998,0,0,True,True,mean paired gain aggregated over all ten strengths and training trials,False
B1,A|B2,FAST,NONDEPLOYABLE_DECOUPLED_STRENGTH_GATE,0.45,0.2,0.7,0.4,10,0.333333|0.50|0.60|0.70|0.80|0.90|0.95|0.98|0.99|1.00,59,590,1.0,1.0,590,59,0.10983050847457625,0.0,0,0,True,True,mean paired gain aggregated over all ten strengths and training trials,False
B1,A|B2,FAST,NONDEPLOYABLE_DECOUPLED_STRENGTH_GATE,0.45,0.2,0.9,0.4,10,0.333333|0.50|0.60|0.70|0.80|0.90|0.95|0.98|0.99|1.00,59,590,1.0,1.0,590,59,0.06101694915254235,0.0,0,0,True,True,mean paired gain aggregated over all ten strengths and training trials,False
B1,A|B2,FAST,NONDEPLOYABLE_DECOUPLED_STRENGTH_GATE,0.5,0.01,0.5,0.4,10,0.333333|0.50|0.60|0.70|0.80|0.90|0.95|0.98|0.99|1.00,59,590,1.0,1.0,590,59,0.18610169491525425,0.09999999999999998,0,0,True,True,mean paired gain aggregated over all ten strengths and training trials,False
B1,A|B2,FAST,NONDEPLOYABLE_DECOUPLED_STRENGTH_GATE,0.5,0.01,0.7,0.4,10,0.333333|0.50|0.60|0.70|0.80|0.90|0.95|0.98|0.99|1.00,59,590,1.0,1.0,590,59,0.10983050847457625,0.0,0,0,True,True,mean paired gain aggregated over all ten strengths and training trials,False
B1,A|B2,FAST,NONDEPLOYABLE_DECOUPLED_STRENGTH_GATE,0.5,0.01,0.9,0.4,10,0.333333|0.50|0.60|0.70|0.80|0.90|0.95|0.98|0.99|1.00,59,590,1.0,1.0,590,59,0.06101694915254235,0.0,0,0,True,True,mean paired gain aggregated over all ten strengths and training trials,False
B1,A|B2,FAST,NONDEPLOYABLE_DECOUPLED_STRENGTH_GATE,0.5,0.05,0.5,0.4,10,0.333333|0.50|0.60|0.70|0.80|0.90|0.95|0.98|0.99|1.00,59,590,1.0,1.0,590,59,0.18610169491525425,0.09999999999999998,0,0,True,True,mean paired gain aggregated over all ten strengths and training trials,False
B1,A|B2,FAST,NONDEPLOYABLE_DECOUPLED_STRENGTH_GATE,0.5,0.05,0.7,0.4,10,0.333333|0.50|0.60|0.70|0.80|0.90|0.95|0.98|0.99|1.00,59,590,1.0,1.0,590,59,0.10983050847457625,0.0,0,0,True,True,mean paired gain aggregated over all ten strengths and training trials,False
B1,A|B2,FAST,NONDEPLOYABLE_DECOUPLED_STRENGTH_GATE,0.5,0.05,0.9,0.4,10,0.333333|0.50|0.60|0.70|0.80|0.90|0.95|0.98|0.99|1.00,59,590,1.0,1.0,590,59,0.06101694915254235,0.0,0,0,True,True,mean paired gain aggregated over all ten strengths and training trials,False
B1,A|B2,FAST,NONDEPLOYABLE_DECOUPLED_STRENGTH_GATE,0.5,0.1,0.5,0.4,10,0.333333|0.50|0.60|0.70|0.80|0.90|0.95|0.98|0.99|1.00,59,590,1.0,1.0,590,59,0.18610169491525425,0.09999999999999998,0,0,True,True,mean paired gain aggregated over all ten strengths and training trials,False
B1,A|B2,FAST,NONDEPLOYABLE_DECOUPLED_STRENGTH_GATE,0.5,0.1,0.7,0.4,10,0.333333|0.50|0.60|0.70|0.80|0.90|0.95|0.98|0.99|1.00,59,590,1.0,1.0,590,59,0.10983050847457625,0.0,0,0,True,True,mean paired gain aggregated over all ten strengths and training trials,False
B1,A|B2,FAST,NONDEPLOYABLE_DECOUPLED_STRENGTH_GATE,0.5,0.1,0.9,0.4,10,0.333333|0.50|0.60|0.70|0.80|0.90|0.95|0.98|0.99|1.00,59,590,1.0,1.0,590,59,0.06101694915254235,0.0,0,0,True,True,mean paired gain aggregated over all ten strengths and training trials,False
B1,A|B2,FAST,NONDEPLOYABLE_DECOUPLED_STRENGTH_GATE,0.5,0.15,0.5,0.4,10,0.333333|0.50|0.60|0.70|0.80|0.90|0.95|0.98|0.99|1.00,59,590,1.0,1.0,590,59,0.18610169491525425,0.09999999999999998,0,0,True,True,mean paired gain aggregated over all ten strengths and training trials,False
B1,A|B2,FAST,NONDEPLOYABLE_DECOUPLED_STRENGTH_GATE,0.5,0.15,0.7,0.4,10,0.333333|0.50|0.60|0.70|0.80|0.90|0.95|0.98|0.99|1.00,59,590,1.0,1.0,590,59,0.10983050847457625,0.0,0,0,True,True,mean paired gain aggregated over all ten strengths and training trials,False
B1,A|B2,FAST,NONDEPLOYABLE_DECOUPLED_STRENGTH_GATE,0.5,0.15,0.9,0.4,10,0.333333|0.50|0.60|0.70|0.80|0.90|0.95|0.98|0.99|1.00,59,590,1.0,1.0,590,59,0.06101694915254235,0.0,0,0,True,True,mean paired gain aggregated over all ten strengths and training trials,False
B1,A|B2,FAST,NONDEPLOYABLE_DECOUPLED_STRENGTH_GATE,0.5,0.2,0.5,0.4,10,0.333333|0.50|0.60|0.70|0.80|0.90|0.95|0.98|0.99|1.00,59,590,1.0,1.0,590,59,0.18610169491525425,0.09999999999999998,0,0,True,True,mean paired gain aggregated over all ten strengths and training trials,True
B1,A|B2,FAST,NONDEPLOYABLE_DECOUPLED_STRENGTH_GATE,0.5,0.2,0.7,0.4,10,0.333333|0.50|0.60|0.70|0.80|0.90|0.95|0.98|0.99|1.00,59,590,1.0,1.0,590,59,0.10983050847457625,0.0,0,0,True,True,mean paired gain aggregated over all ten strengths and training trials,False
B1,A|B2,FAST,NONDEPLOYABLE_DECOUPLED_STRENGTH_GATE,0.5,0.2,0.9,0.4,10,0.333333|0.50|0.60|0.70|0.80|0.90|0.95|0.98|0.99|1.00,59,590,1.0,1.0,590,59,0.06101694915254235,0.0,0,0,True,True,mean paired gain aggregated over all ten strengths and training trials,False
B1,A|B2,FAST,NONDEPLOYABLE_DECOUPLED_STRENGTH_GATE,0.55,0.01,0.5,0.4,10,0.333333|0.50|0.60|0.70|0.80|0.90|0.95|0.98|0.99|1.00,59,590,1.0,1.0,590,59,0.17745762711864405,0.09999999999999987,0,0,True,True,mean paired gain aggregated over all ten strengths and training trials,False
B1,A|B2,FAST,NONDEPLOYABLE_DECOUPLED_STRENGTH_GATE,0.55,0.01,0.7,0.4,10,0.333333|0.50|0.60|0.70|0.80|0.90|0.95|0.98|0.99|1.00,59,590,1.0,1.0,590,59,0.10525423728813556,0.0,0,0,True,True,mean paired gain aggregated over all ten strengths and training trials,False
B1,A|B2,FAST,NONDEPLOYABLE_DECOUPLED_STRENGTH_GATE,0.55,0.01,0.9,0.4,10,0.333333|0.50|0.60|0.70|0.80|0.90|0.95|0.98|0.99|1.00,59,590,1.0,1.0,590,59,0.05864406779661016,0.0,0,0,True,True,mean paired gain aggregated over all ten strengths and training trials,False
B1,A|B2,FAST,NONDEPLOYABLE_DECOUPLED_STRENGTH_GATE,0.55,0.05,0.5,0.4,10,0.333333|0.50|0.60|0.70|0.80|0.90|0.95|0.98|0.99|1.00,59,590,1.0,1.0,590,59,0.17745762711864405,0.09999999999999987,0,0,True,True,mean paired gain aggregated over all ten strengths and training trials,False
B1,A|B2,FAST,NONDEPLOYABLE_DECOUPLED_STRENGTH_GATE,0.55,0.05,0.7,0.4,10,0.333333|0.50|0.60|0.70|0.80|0.90|0.95|0.98|0.99|1.00,59,590,1.0,1.0,590,59,0.10525423728813556,0.0,0,0,True,True,mean paired gain aggregated over all ten strengths and training trials,False
B1,A|B2,FAST,NONDEPLOYABLE_DECOUPLED_STRENGTH_GATE,0.55,0.05,0.9,0.4,10,0.333333|0.50|0.60|0.70|0.80|0.90|0.95|0.98|0.99|1.00,59,590,1.0,1.0,590,59,0.05864406779661016,0.0,0,0,True,True,mean paired gain aggregated over all ten strengths and training trials,False
B1,A|B2,FAST,NONDEPLOYABLE_DECOUPLED_STRENGTH_GATE,0.55,0.1,0.5,0.4,10,0.333333|0.50|0.60|0.70|0.80|0.90|0.95|0.98|0.99|1.00,59,590,1.0,1.0,590,59,0.17745762711864405,0.09999999999999987,0,0,True,True,mean paired gain aggregated over all ten strengths and training trials,False
B1,A|B2,FAST,NONDEPLOYABLE_DECOUPLED_STRENGTH_GATE,0.55,0.1,0.7,0.4,10,0.333333|0.50|0.60|0.70|0.80|0.90|0.95|0.98|0.99|1.00,59,590,1.0,1.0,590,59,0.10525423728813556,0.0,0,0,True,True,mean paired gain aggregated over all ten strengths and training trials,False
B1,A|B2,FAST,NONDEPLOYABLE_DECOUPLED_STRENGTH_GATE,0.55,0.1,0.9,0.4,10,0.333333|0.50|0.60|0.70|0.80|0.90|0.95|0.98|0.99|1.00,59,590,1.0,1.0,590,59,0.05864406779661016,0.0,0,0,True,True,mean paired gain aggregated over all ten strengths and training trials,False
B1,A|B2,FAST,NONDEPLOYABLE_DECOUPLED_STRENGTH_GATE,0.55,0.15,0.5,0.4,10,0.333333|0.50|0.60|0.70|0.80|0.90|0.95|0.98|0.99|1.00,59,590,1.0,1.0,590,59,0.17745762711864405,0.09999999999999987,0,0,True,True,mean paired gain aggregated over all ten strengths and training trials,False
B1,A|B2,FAST,NONDEPLOYABLE_DECOUPLED_STRENGTH_GATE,0.55,0.15,0.7,0.4,10,0.333333|0.50|0.60|0.70|0.80|0.90|0.95|0.98|0.99|1.00,59,590,1.0,1.0,590,59,0.10525423728813556,0.0,0,0,True,True,mean paired gain aggregated over all ten strengths and training trials,False
B1,A|B2,FAST,NONDEPLOYABLE_DECOUPLED_STRENGTH_GATE,0.55,0.15,0.9,0.4,10,0.333333|0.50|0.60|0.70|0.80|0.90|0.95|0.98|0.99|1.00,59,590,1.0,1.0,590,59,0.05864406779661016,0.0,0,0,True,True,mean paired gain aggregated over all ten strengths and training trials,False
B1,A|B2,FAST,NONDEPLOYABLE_DECOUPLED_STRENGTH_GATE,0.55,0.2,0.5,0.4,10,0.333333|0.50|0.60|0.70|0.80|0.90|0.95|0.98|0.99|1.00,59,590,1.0,1.0,590,59,0.17745762711864405,0.09999999999999987,0,0,True,True,mean paired gain aggregated over all ten strengths and training trials,False
B1,A|B2,FAST,NONDEPLOYABLE_DECOUPLED_STRENGTH_GATE,0.55,0.2,0.7,0.4,10,0.333333|0.50|0.60|0.70|0.80|0.90|0.95|0.98|0.99|1.00,59,590,1.0,1.0,590,59,0.10525423728813556,0.0,0,0,True,True,mean paired gain aggregated over all ten strengths and training trials,False
B1,A|B2,FAST,NONDEPLOYABLE_DECOUPLED_STRENGTH_GATE,0.55,0.2,0.9,0.4,10,0.333333|0.50|0.60|0.70|0.80|0.90|0.95|0.98|0.99|1.00,59,590,1.0,1.0,590,59,0.05864406779661016,0.0,0,0,True,True,mean paired gain aggregated over all ten strengths and training trials,False
B1,A|B2,MEDIUM,FROZEN_GATE_SHARED_THRESHOLD,0.4,0.01,0.5,0.4,10,0.333333|0.50|0.60|0.70|0.80|0.90|0.95|0.98|0.99|1.00,59,590,1.0,1.0,590,59,0.23847457627118643,0.09999999999999998,0,0,True,True,mean paired gain aggregated over all ten strengths and training trials,False
B1,A|B2,MEDIUM,FROZEN_GATE_SHARED_THRESHOLD,0.4,0.01,0.7,0.4,10,0.333333|0.50|0.60|0.70|0.80|0.90|0.95|0.98|0.99|1.00,59,590,1.0,1.0,590,59,0.1625423728813559,0.0,0,0,True,True,mean paired gain aggregated over all ten strengths and training trials,False
B1,A|B2,MEDIUM,FROZEN_GATE_SHARED_THRESHOLD,0.4,0.01,0.9,0.4,10,0.333333|0.50|0.60|0.70|0.80|0.90|0.95|0.98|0.99|1.00,59,590,1.0,1.0,590,59,0.10677966101694913,0.0,0,0,True,True,mean paired gain aggregated over all ten strengths and training trials,False
B1,A|B2,MEDIUM,FROZEN_GATE_SHARED_THRESHOLD,0.4,0.05,0.5,0.4,10,0.333333|0.50|0.60|0.70|0.80|0.90|0.95|0.98|0.99|1.00,59,590,1.0,1.0,590,59,0.23847457627118643,0.09999999999999998,0,0,True,True,mean paired gain aggregated over all ten strengths and training trials,False
B1,A|B2,MEDIUM,FROZEN_GATE_SHARED_THRESHOLD,0.4,0.05,0.7,0.4,10,0.333333|0.50|0.60|0.70|0.80|0.90|0.95|0.98|0.99|1.00,59,590,1.0,1.0,590,59,0.1625423728813559,0.0,0,0,True,True,mean paired gain aggregated over all ten strengths and training trials,False
B1,A|B2,MEDIUM,FROZEN_GATE_SHARED_THRESHOLD,0.4,0.05,0.9,0.4,10,0.333333|0.50|0.60|0.70|0.80|0.90|0.95|0.98|0.99|1.00,59,590,1.0,1.0,590,59,0.10677966101694913,0.0,0,0,True,True,mean paired gain aggregated over all ten strengths and training trials,False
B1,A|B2,MEDIUM,FROZEN_GATE_SHARED_THRESHOLD,0.4,0.1,0.5,0.4,10,0.333333|0.50|0.60|0.70|0.80|0.90|0.95|0.98|0.99|1.00,59,590,1.0,1.0,590,59,0.23847457627118643,0.09999999999999998,0,0,True,True,mean paired gain aggregated over all ten strengths and training trials,False
B1,A|B2,MEDIUM,FROZEN_GATE_SHARED_THRESHOLD,0.4,0.1,0.7,0.4,10,0.333333|0.50|0.60|0.70|0.80|0.90|0.95|0.98|0.99|1.00,59,590,1.0,1.0,590,59,0.1625423728813559,0.0,0,0,True,True,mean paired gain aggregated over all ten strengths and training trials,False
B1,A|B2,MEDIUM,FROZEN_GATE_SHARED_THRESHOLD,0.4,0.1,0.9,0.4,10,0.333333|0.50|0.60|0.70|0.80|0.90|0.95|0.98|0.99|1.00,59,590,1.0,1.0,590,59,0.10677966101694913,0.0,0,0,True,True,mean paired gain aggregated over all ten strengths and training trials,False
B1,A|B2,MEDIUM,FROZEN_GATE_SHARED_THRESHOLD,0.4,0.15,0.5,0.4,10,0.333333|0.50|0.60|0.70|0.80|0.90|0.95|0.98|0.99|1.00,59,590,1.0,1.0,590,59,0.23847457627118643,0.09999999999999998,0,0,True,True,mean paired gain aggregated over all ten strengths and training trials,False
B1,A|B2,MEDIUM,FROZEN_GATE_SHARED_THRESHOLD,0.4,0.15,0.7,0.4,10,0.333333|0.50|0.60|0.70|0.80|0.90|0.95|0.98|0.99|1.00,59,590,1.0,1.0,590,59,0.1625423728813559,0.0,0,0,True,True,mean paired gain aggregated over all ten strengths and training trials,False
B1,A|B2,MEDIUM,FROZEN_GATE_SHARED_THRESHOLD,0.4,0.15,0.9,0.4,10,0.333333|0.50|0.60|0.70|0.80|0.90|0.95|0.98|0.99|1.00,59,590,1.0,1.0,590,59,0.10677966101694913,0.0,0,0,True,True,mean paired gain aggregated over all ten strengths and training trials,False
B1,A|B2,MEDIUM,FROZEN_GATE_SHARED_THRESHOLD,0.4,0.2,0.5,0.4,10,0.333333|0.50|0.60|0.70|0.80|0.90|0.95|0.98|0.99|1.00,59,590,1.0,1.0,590,59,0.23847457627118643,0.09999999999999998,0,0,True,True,mean paired gain aggregated over all ten strengths and training trials,False
B1,A|B2,MEDIUM,FROZEN_GATE_SHARED_THRESHOLD,0.4,0.2,0.7,0.4,10,0.333333|0.50|0.60|0.70|0.80|0.90|0.95|0.98|0.99|1.00,59,590,1.0,1.0,590,59,0.1625423728813559,0.0,0,0,True,True,mean paired gain aggregated over all ten strengths and training trials,False
B1,A|B2,MEDIUM,FROZEN_GATE_SHARED_THRESHOLD,0.4,0.2,0.9,0.4,10,0.333333|0.50|0.60|0.70|0.80|0.90|0.95|0.98|0.99|1.00,59,590,1.0,1.0,590,59,0.10677966101694913,0.0,0,0,True,True,mean paired gain aggregated over all ten strengths and training trials,False
B1,A|B2,MEDIUM,FROZEN_GATE_SHARED_THRESHOLD,0.45,0.01,0.5,0.4,10,0.333333|0.50|0.60|0.70|0.80|0.90|0.95|0.98|0.99|1.00,59,590,1.0,1.0,590,59,0.23847457627118643,0.09999999999999998,0,0,True,True,mean paired gain aggregated over all ten strengths and training trials,False
B1,A|B2,MEDIUM,FROZEN_GATE_SHARED_THRESHOLD,0.45,0.01,0.7,0.4,10,0.333333|0.50|0.60|0.70|0.80|0.90|0.95|0.98|0.99|1.00,59,590,1.0,1.0,590,59,0.1625423728813559,0.0,0,0,True,True,mean paired gain aggregated over all ten strengths and training trials,False
B1,A|B2,MEDIUM,FROZEN_GATE_SHARED_THRESHOLD,0.45,0.01,0.9,0.4,10,0.333333|0.50|0.60|0.70|0.80|0.90|0.95|0.98|0.99|1.00,59,590,1.0,1.0,590,59,0.10677966101694913,0.0,0,0,True,True,mean paired gain aggregated over all ten strengths and training trials,False
B1,A|B2,MEDIUM,FROZEN_GATE_SHARED_THRESHOLD,0.45,0.05,0.5,0.4,10,0.333333|0.50|0.60|0.70|0.80|0.90|0.95|0.98|0.99|1.00,59,590,1.0,1.0,590,59,0.23847457627118643,0.09999999999999998,0,0,True,True,mean paired gain aggregated over all ten strengths and training trials,False
B1,A|B2,MEDIUM,FROZEN_GATE_SHARED_THRESHOLD,0.45,0.05,0.7,0.4,10,0.333333|0.50|0.60|0.70|0.80|0.90|0.95|0.98|0.99|1.00,59,590,1.0,1.0,590,59,0.1625423728813559,0.0,0,0,True,True,mean paired gain aggregated over all ten strengths and training trials,False
B1,A|B2,MEDIUM,FROZEN_GATE_SHARED_THRESHOLD,0.45,0.05,0.9,0.4,10,0.333333|0.50|0.60|0.70|0.80|0.90|0.95|0.98|0.99|1.00,59,590,1.0,1.0,590,59,0.10677966101694913,0.0,0,0,True,True,mean paired gain aggregated over all ten strengths and training trials,False
B1,A|B2,MEDIUM,FROZEN_GATE_SHARED_THRESHOLD,0.45,0.1,0.5,0.4,10,0.333333|0.50|0.60|0.70|0.80|0.90|0.95|0.98|0.99|1.00,59,590,1.0,1.0,590,59,0.23847457627118643,0.09999999999999998,0,0,True,True,mean paired gain aggregated over all ten strengths and training trials,False
B1,A|B2,MEDIUM,FROZEN_GATE_SHARED_THRESHOLD,0.45,0.1,0.7,0.4,10,0.333333|0.50|0.60|0.70|0.80|0.90|0.95|0.98|0.99|1.00,59,590,1.0,1.0,590,59,0.1625423728813559,0.0,0,0,True,True,mean paired gain aggregated over all ten strengths and training trials,False
B1,A|B2,MEDIUM,FROZEN_GATE_SHARED_THRESHOLD,0.45,0.1,0.9,0.4,10,0.333333|0.50|0.60|0.70|0.80|0.90|0.95|0.98|0.99|1.00,59,590,1.0,1.0,590,59,0.10677966101694913,0.0,0,0,True,True,mean paired gain aggregated over all ten strengths and training trials,False
B1,A|B2,MEDIUM,FROZEN_GATE_SHARED_THRESHOLD,0.45,0.15,0.5,0.4,10,0.333333|0.50|0.60|0.70|0.80|0.90|0.95|0.98|0.99|1.00,59,590,1.0,1.0,590,59,0.23847457627118643,0.09999999999999998,0,0,True,True,mean paired gain aggregated over all ten strengths and training trials,False
B1,A|B2,MEDIUM,FROZEN_GATE_SHARED_THRESHOLD,0.45,0.15,0.7,0.4,10,0.333333|0.50|0.60|0.70|0.80|0.90|0.95|0.98|0.99|1.00,59,590,1.0,1.0,590,59,0.1625423728813559,0.0,0,0,True,True,mean paired gain aggregated over all ten strengths and training trials,False
B1,A|B2,MEDIUM,FROZEN_GATE_SHARED_THRESHOLD,0.45,0.15,0.9,0.4,10,0.333333|0.50|0.60|0.70|0.80|0.90|0.95|0.98|0.99|1.00,59,590,1.0,1.0,590,59,0.10677966101694913,0.0,0,0,True,True,mean paired gain aggregated over all ten strengths and training trials,False
B1,A|B2,MEDIUM,FROZEN_GATE_SHARED_THRESHOLD,0.45,0.2,0.5,0.4,10,0.333333|0.50|0.60|0.70|0.80|0.90|0.95|0.98|0.99|1.00,59,590,1.0,1.0,590,59,0.23847457627118643,0.09999999999999998,0,0,True,True,mean paired gain aggregated over all ten strengths and training trials,False
B1,A|B2,MEDIUM,FROZEN_GATE_SHARED_THRESHOLD,0.45,0.2,0.7,0.4,10,0.333333|0.50|0.60|0.70|0.80|0.90|0.95|0.98|0.99|1.00,59,590,1.0,1.0,590,59,0.1625423728813559,0.0,0,0,True,True,mean paired gain aggregated over all ten strengths and training trials,False
B1,A|B2,MEDIUM,FROZEN_GATE_SHARED_THRESHOLD,0.45,0.2,0.9,0.4,10,0.333333|0.50|0.60|0.70|0.80|0.90|0.95|0.98|0.99|1.00,59,590,1.0,1.0,590,59,0.10677966101694913,0.0,0,0,True,True,mean paired gain aggregated over all ten strengths and training trials,False
B1,A|B2,MEDIUM,FROZEN_GATE_SHARED_THRESHOLD,0.5,0.01,0.5,0.4,10,0.333333|0.50|0.60|0.70|0.80|0.90|0.95|0.98|0.99|1.00,59,590,1.0,1.0,590,59,0.23847457627118643,0.09999999999999998,0,0,True,True,mean paired gain aggregated over all ten strengths and training trials,False
B1,A|B2,MEDIUM,FROZEN_GATE_SHARED_THRESHOLD,0.5,0.01,0.7,0.4,10,0.333333|0.50|0.60|0.70|0.80|0.90|0.95|0.98|0.99|1.00,59,590,1.0,1.0,590,59,0.1625423728813559,0.0,0,0,True,True,mean paired gain aggregated over all ten strengths and training trials,False
B1,A|B2,MEDIUM,FROZEN_GATE_SHARED_THRESHOLD,0.5,0.01,0.9,0.4,10,0.333333|0.50|0.60|0.70|0.80|0.90|0.95|0.98|0.99|1.00,59,590,1.0,1.0,590,59,0.10677966101694913,0.0,0,0,True,True,mean paired gain aggregated over all ten strengths and training trials,False
B1,A|B2,MEDIUM,FROZEN_GATE_SHARED_THRESHOLD,0.5,0.05,0.5,0.4,10,0.333333|0.50|0.60|0.70|0.80|0.90|0.95|0.98|0.99|1.00,59,590,1.0,1.0,590,59,0.23847457627118643,0.09999999999999998,0,0,True,True,mean paired gain aggregated over all ten strengths and training trials,False
B1,A|B2,MEDIUM,FROZEN_GATE_SHARED_THRESHOLD,0.5,0.05,0.7,0.4,10,0.333333|0.50|0.60|0.70|0.80|0.90|0.95|0.98|0.99|1.00,59,590,1.0,1.0,590,59,0.1625423728813559,0.0,0,0,True,True,mean paired gain aggregated over all ten strengths and training trials,False
B1,A|B2,MEDIUM,FROZEN_GATE_SHARED_THRESHOLD,0.5,0.05,0.9,0.4,10,0.333333|0.50|0.60|0.70|0.80|0.90|0.95|0.98|0.99|1.00,59,590,1.0,1.0,590,59,0.10677966101694913,0.0,0,0,True,True,mean paired gain aggregated over all ten strengths and training trials,False
B1,A|B2,MEDIUM,FROZEN_GATE_SHARED_THRESHOLD,0.5,0.1,0.5,0.4,10,0.333333|0.50|0.60|0.70|0.80|0.90|0.95|0.98|0.99|1.00,59,590,1.0,1.0,590,59,0.23847457627118643,0.09999999999999998,0,0,True,True,mean paired gain aggregated over all ten strengths and training trials,False
B1,A|B2,MEDIUM,FROZEN_GATE_SHARED_THRESHOLD,0.5,0.1,0.7,0.4,10,0.333333|0.50|0.60|0.70|0.80|0.90|0.95|0.98|0.99|1.00,59,590,1.0,1.0,590,59,0.1625423728813559,0.0,0,0,True,True,mean paired gain aggregated over all ten strengths and training trials,False
B1,A|B2,MEDIUM,FROZEN_GATE_SHARED_THRESHOLD,0.5,0.1,0.9,0.4,10,0.333333|0.50|0.60|0.70|0.80|0.90|0.95|0.98|0.99|1.00,59,590,1.0,1.0,590,59,0.10677966101694913,0.0,0,0,True,True,mean paired gain aggregated over all ten strengths and training trials,False
B1,A|B2,MEDIUM,FROZEN_GATE_SHARED_THRESHOLD,0.5,0.15,0.5,0.4,10,0.333333|0.50|0.60|0.70|0.80|0.90|0.95|0.98|0.99|1.00,59,590,1.0,1.0,590,59,0.23847457627118643,0.09999999999999998,0,0,True,True,mean paired gain aggregated over all ten strengths and training trials,False
B1,A|B2,MEDIUM,FROZEN_GATE_SHARED_THRESHOLD,0.5,0.15,0.7,0.4,10,0.333333|0.50|0.60|0.70|0.80|0.90|0.95|0.98|0.99|1.00,59,590,1.0,1.0,590,59,0.1625423728813559,0.0,0,0,True,True,mean paired gain aggregated over all ten strengths and training trials,False
B1,A|B2,MEDIUM,FROZEN_GATE_SHARED_THRESHOLD,0.5,0.15,0.9,0.4,10,0.333333|0.50|0.60|0.70|0.80|0.90|0.95|0.98|0.99|1.00,59,590,1.0,1.0,590,59,0.10677966101694913,0.0,0,0,True,True,mean paired gain aggregated over all ten strengths and training trials,False
B1,A|B2,MEDIUM,FROZEN_GATE_SHARED_THRESHOLD,0.5,0.2,0.5,0.4,10,0.333333|0.50|0.60|0.70|0.80|0.90|0.95|0.98|0.99|1.00,59,590,1.0,1.0,590,59,0.23847457627118643,0.09999999999999998,0,0,True,True,mean paired gain aggregated over all ten strengths and training trials,False
B1,A|B2,MEDIUM,FROZEN_GATE_SHARED_THRESHOLD,0.5,0.2,0.7,0.4,10,0.333333|0.50|0.60|0.70|0.80|0.90|0.95|0.98|0.99|1.00,59,590,1.0,1.0,590,59,0.1625423728813559,0.0,0,0,True,True,mean paired gain aggregated over all ten strengths and training trials,False
B1,A|B2,MEDIUM,FROZEN_GATE_SHARED_THRESHOLD,0.5,0.2,0.9,0.4,10,0.333333|0.50|0.60|0.70|0.80|0.90|0.95|0.98|0.99|1.00,59,590,1.0,1.0,590,59,0.10677966101694913,0.0,0,0,True,True,mean paired gain aggregated over all ten strengths and training trials,False
B1,A|B2,MEDIUM,FROZEN_GATE_SHARED_THRESHOLD,0.55,0.01,0.5,0.4,10,0.333333|0.50|0.60|0.70|0.80|0.90|0.95|0.98|0.99|1.00,59,590,1.0,1.0,590,59,0.23847457627118643,0.09999999999999998,0,0,True,True,mean paired gain aggregated over all ten strengths and training trials,False
B1,A|B2,MEDIUM,FROZEN_GATE_SHARED_THRESHOLD,0.55,0.01,0.7,0.4,10,0.333333|0.50|0.60|0.70|0.80|0.90|0.95|0.98|0.99|1.00,59,590,1.0,1.0,590,59,0.1625423728813559,0.0,0,0,True,True,mean paired gain aggregated over all ten strengths and training trials,False
B1,A|B2,MEDIUM,FROZEN_GATE_SHARED_THRESHOLD,0.55,0.01,0.9,0.4,10,0.333333|0.50|0.60|0.70|0.80|0.90|0.95|0.98|0.99|1.00,59,590,1.0,1.0,590,59,0.10677966101694913,0.0,0,0,True,True,mean paired gain aggregated over all ten strengths and training trials,False
B1,A|B2,MEDIUM,FROZEN_GATE_SHARED_THRESHOLD,0.55,0.05,0.5,0.4,10,0.333333|0.50|0.60|0.70|0.80|0.90|0.95|0.98|0.99|1.00,59,590,1.0,1.0,590,59,0.23847457627118643,0.09999999999999998,0,0,True,True,mean paired gain aggregated over all ten strengths and training trials,False
B1,A|B2,MEDIUM,FROZEN_GATE_SHARED_THRESHOLD,0.55,0.05,0.7,0.4,10,0.333333|0.50|0.60|0.70|0.80|0.90|0.95|0.98|0.99|1.00,59,590,1.0,1.0,590,59,0.1625423728813559,0.0,0,0,True,True,mean paired gain aggregated over all ten strengths and training trials,False
B1,A|B2,MEDIUM,FROZEN_GATE_SHARED_THRESHOLD,0.55,0.05,0.9,0.4,10,0.333333|0.50|0.60|0.70|0.80|0.90|0.95|0.98|0.99|1.00,59,590,1.0,1.0,590,59,0.10677966101694913,0.0,0,0,True,True,mean paired gain aggregated over all ten strengths and training trials,False
B1,A|B2,MEDIUM,FROZEN_GATE_SHARED_THRESHOLD,0.55,0.1,0.5,0.4,10,0.333333|0.50|0.60|0.70|0.80|0.90|0.95|0.98|0.99|1.00,59,590,1.0,1.0,590,59,0.23847457627118643,0.09999999999999998,0,0,True,True,mean paired gain aggregated over all ten strengths and training trials,False
B1,A|B2,MEDIUM,FROZEN_GATE_SHARED_THRESHOLD,0.55,0.1,0.7,0.4,10,0.333333|0.50|0.60|0.70|0.80|0.90|0.95|0.98|0.99|1.00,59,590,1.0,1.0,590,59,0.1625423728813559,0.0,0,0,True,True,mean paired gain aggregated over all ten strengths and training trials,False
B1,A|B2,MEDIUM,FROZEN_GATE_SHARED_THRESHOLD,0.55,0.1,0.9,0.4,10,0.333333|0.50|0.60|0.70|0.80|0.90|0.95|0.98|0.99|1.00,59,590,1.0,1.0,590,59,0.10677966101694913,0.0,0,0,True,True,mean paired gain aggregated over all ten strengths and training trials,False
B1,A|B2,MEDIUM,FROZEN_GATE_SHARED_THRESHOLD,0.55,0.15,0.5,0.4,10,0.333333|0.50|0.60|0.70|0.80|0.90|0.95|0.98|0.99|1.00,59,590,1.0,1.0,590,59,0.23847457627118643,0.09999999999999998,0,0,True,True,mean paired gain aggregated over all ten strengths and training trials,False
B1,A|B2,MEDIUM,FROZEN_GATE_SHARED_THRESHOLD,0.55,0.15,0.7,0.4,10,0.333333|0.50|0.60|0.70|0.80|0.90|0.95|0.98|0.99|1.00,59,590,1.0,1.0,590,59,0.1625423728813559,0.0,0,0,True,True,mean paired gain aggregated over all ten strengths and training trials,False
B1,A|B2,MEDIUM,FROZEN_GATE_SHARED_THRESHOLD,0.55,0.15,0.9,0.4,10,0.333333|0.50|0.60|0.70|0.80|0.90|0.95|0.98|0.99|1.00,59,590,1.0,1.0,590,59,0.10677966101694913,0.0,0,0,True,True,mean paired gain aggregated over all ten strengths and training trials,False
B1,A|B2,MEDIUM,FROZEN_GATE_SHARED_THRESHOLD,0.55,0.2,0.5,0.4,10,0.333333|0.50|0.60|0.70|0.80|0.90|0.95|0.98|0.99|1.00,59,590,1.0,1.0,590,59,0.23847457627118643,0.09999999999999998,0,0,True,True,mean paired gain aggregated over all ten strengths and training trials,True
B1,A|B2,MEDIUM,FROZEN_GATE_SHARED_THRESHOLD,0.55,0.2,0.7,0.4,10,0.333333|0.50|0.60|0.70|0.80|0.90|0.95|0.98|0.99|1.00,59,590,1.0,1.0,590,59,0.1625423728813559,0.0,0,0,True,True,mean paired gain aggregated over all ten strengths and training trials,False
B1,A|B2,MEDIUM,FROZEN_GATE_SHARED_THRESHOLD,0.55,0.2,0.9,0.4,10,0.333333|0.50|0.60|0.70|0.80|0.90|0.95|0.98|0.99|1.00,59,590,1.0,1.0,590,59,0.10677966101694913,0.0,0,0,True,True,mean paired gain aggregated over all ten strengths and training trials,False
B1,A|B2,MEDIUM,NONDEPLOYABLE_DECOUPLED_STRENGTH_GATE,0.4,0.01,0.5,0.4,10,0.333333|0.50|0.60|0.70|0.80|0.90|0.95|0.98|0.99|1.00,59,590,1.0,1.0,590,59,0.31999999999999995,0.20000000000000007,0,0,True,True,mean paired gain aggregated over all ten strengths and training trials,True
B1,A|B2,MEDIUM,NONDEPLOYABLE_DECOUPLED_STRENGTH_GATE,0.4,0.01,0.7,0.4,10,0.333333|0.50|0.60|0.70|0.80|0.90|0.95|0.98|0.99|1.00,59,590,1.0,1.0,590,59,0.21999999999999992,0.09999999999999987,0,0,True,True,mean paired gain aggregated over all ten strengths and training trials,False
B1,A|B2,MEDIUM,NONDEPLOYABLE_DECOUPLED_STRENGTH_GATE,0.4,0.01,0.9,0.4,10,0.333333|0.50|0.60|0.70|0.80|0.90|0.95|0.98|0.99|1.00,59,590,1.0,1.0,590,59,0.14474576271186437,0.0,0,0,True,True,mean paired gain aggregated over all ten strengths and training trials,False
B1,A|B2,MEDIUM,NONDEPLOYABLE_DECOUPLED_STRENGTH_GATE,0.4,0.05,0.5,0.4,10,0.333333|0.50|0.60|0.70|0.80|0.90|0.95|0.98|0.99|1.00,59,590,1.0,1.0,590,59,0.3196610169491525,0.20000000000000007,0,0,True,True,mean paired gain aggregated over all ten strengths and training trials,False
B1,A|B2,MEDIUM,NONDEPLOYABLE_DECOUPLED_STRENGTH_GATE,0.4,0.05,0.7,0.4,10,0.333333|0.50|0.60|0.70|0.80|0.90|0.95|0.98|0.99|1.00,59,590,1.0,1.0,590,59,0.2198305084745762,0.09999999999999987,0,0,True,True,mean paired gain aggregated over all ten strengths and training trials,False
B1,A|B2,MEDIUM,NONDEPLOYABLE_DECOUPLED_STRENGTH_GATE,0.4,0.05,0.9,0.4,10,0.333333|0.50|0.60|0.70|0.80|0.90|0.95|0.98|0.99|1.00,59,590,1.0,1.0,590,59,0.14474576271186437,0.0,0,0,True,True,mean paired gain aggregated over all ten strengths and training trials,False
B1,A|B2,MEDIUM,NONDEPLOYABLE_DECOUPLED_STRENGTH_GATE,0.4,0.1,0.5,0.4,10,0.333333|0.50|0.60|0.70|0.80|0.90|0.95|0.98|0.99|1.00,59,590,1.0,1.0,590,59,0.30661016949152536,0.20000000000000007,0,0,True,True,mean paired gain aggregated over all ten strengths and training trials,False
B1,A|B2,MEDIUM,NONDEPLOYABLE_DECOUPLED_STRENGTH_GATE,0.4,0.1,0.7,0.4,10,0.333333|0.50|0.60|0.70|0.80|0.90|0.95|0.98|0.99|1.00,59,590,1.0,1.0,590,59,0.20898305084745758,0.0,0,0,True,True,mean paired gain aggregated over all ten strengths and training trials,False
B1,A|B2,MEDIUM,NONDEPLOYABLE_DECOUPLED_STRENGTH_GATE,0.4,0.1,0.9,0.4,10,0.333333|0.50|0.60|0.70|0.80|0.90|0.95|0.98|0.99|1.00,59,590,1.0,1.0,590,59,0.13728813559322028,0.0,0,0,True,True,mean paired gain aggregated over all ten strengths and training trials,False
B1,A|B2,MEDIUM,NONDEPLOYABLE_DECOUPLED_STRENGTH_GATE,0.4,0.15,0.5,0.4,10,0.333333|0.50|0.60|0.70|0.80|0.90|0.95|0.98|0.99|1.00,59,590,1.0,1.0,590,59,0.30661016949152536,0.20000000000000007,0,0,True,True,mean paired gain aggregated over all ten strengths and training trials,False
B1,A|B2,MEDIUM,NONDEPLOYABLE_DECOUPLED_STRENGTH_GATE,0.4,0.15,0.7,0.4,10,0.333333|0.50|0.60|0.70|0.80|0.90|0.95|0.98|0.99|1.00,59,590,1.0,1.0,590,59,0.20898305084745758,0.0,0,0,True,True,mean paired gain aggregated over all ten strengths and training trials,False
B1,A|B2,MEDIUM,NONDEPLOYABLE_DECOUPLED_STRENGTH_GATE,0.4,0.15,0.9,0.4,10,0.333333|0.50|0.60|0.70|0.80|0.90|0.95|0.98|0.99|1.00,59,590,1.0,1.0,590,59,0.13728813559322028,0.0,0,0,True,True,mean paired gain aggregated over all ten strengths and training trials,False
B1,A|B2,MEDIUM,NONDEPLOYABLE_DECOUPLED_STRENGTH_GATE,0.4,0.2,0.5,0.4,10,0.333333|0.50|0.60|0.70|0.80|0.90|0.95|0.98|0.99|1.00,59,590,1.0,1.0,590,59,0.30661016949152536,0.20000000000000007,0,0,True,True,mean paired gain aggregated over all ten strengths and training trials,False
B1,A|B2,MEDIUM,NONDEPLOYABLE_DECOUPLED_STRENGTH_GATE,0.4,0.2,0.7,0.4,10,0.333333|0.50|0.60|0.70|0.80|0.90|0.95|0.98|0.99|1.00,59,590,1.0,1.0,590,59,0.20898305084745758,0.0,0,0,True,True,mean paired gain aggregated over all ten strengths and training trials,False
B1,A|B2,MEDIUM,NONDEPLOYABLE_DECOUPLED_STRENGTH_GATE,0.4,0.2,0.9,0.4,10,0.333333|0.50|0.60|0.70|0.80|0.90|0.95|0.98|0.99|1.00,59,590,1.0,1.0,590,59,0.13728813559322028,0.0,0,0,True,True,mean paired gain aggregated over all ten strengths and training trials,False
B1,A|B2,MEDIUM,NONDEPLOYABLE_DECOUPLED_STRENGTH_GATE,0.45,0.01,0.5,0.4,10,0.333333|0.50|0.60|0.70|0.80|0.90|0.95|0.98|0.99|1.00,59,590,1.0,1.0,590,59,0.30677966101694915,0.20000000000000007,0,0,True,True,mean paired gain aggregated over all ten strengths and training trials,False
B1,A|B2,MEDIUM,NONDEPLOYABLE_DECOUPLED_STRENGTH_GATE,0.45,0.01,0.7,0.4,10,0.333333|0.50|0.60|0.70|0.80|0.90|0.95|0.98|0.99|1.00,59,590,1.0,1.0,590,59,0.2091525423728813,0.0,0,0,True,True,mean paired gain aggregated over all ten strengths and training trials,False
B1,A|B2,MEDIUM,NONDEPLOYABLE_DECOUPLED_STRENGTH_GATE,0.45,0.01,0.9,0.4,10,0.333333|0.50|0.60|0.70|0.80|0.90|0.95|0.98|0.99|1.00,59,590,1.0,1.0,590,59,0.137457627118644,0.0,0,0,True,True,mean paired gain aggregated over all ten strengths and training trials,False
B1,A|B2,MEDIUM,NONDEPLOYABLE_DECOUPLED_STRENGTH_GATE,0.45,0.05,0.5,0.4,10,0.333333|0.50|0.60|0.70|0.80|0.90|0.95|0.98|0.99|1.00,59,590,1.0,1.0,590,59,0.30677966101694915,0.20000000000000007,0,0,True,True,mean paired gain aggregated over all ten strengths and training trials,False
B1,A|B2,MEDIUM,NONDEPLOYABLE_DECOUPLED_STRENGTH_GATE,0.45,0.05,0.7,0.4,10,0.333333|0.50|0.60|0.70|0.80|0.90|0.95|0.98|0.99|1.00,59,590,1.0,1.0,590,59,0.2091525423728813,0.0,0,0,True,True,mean paired gain aggregated over all ten strengths and training trials,False
B1,A|B2,MEDIUM,NONDEPLOYABLE_DECOUPLED_STRENGTH_GATE,0.45,0.05,0.9,0.4,10,0.333333|0.50|0.60|0.70|0.80|0.90|0.95|0.98|0.99|1.00,59,590,1.0,1.0,590,59,0.137457627118644,0.0,0,0,True,True,mean paired gain aggregated over all ten strengths and training trials,False
B1,A|B2,MEDIUM,NONDEPLOYABLE_DECOUPLED_STRENGTH_GATE,0.45,0.1,0.5,0.4,10,0.333333|0.50|0.60|0.70|0.80|0.90|0.95|0.98|0.99|1.00,59,590,1.0,1.0,590,59,0.30661016949152536,0.20000000000000007,0,0,True,True,mean paired gain aggregated over all ten strengths and training trials,False
B1,A|B2,MEDIUM,NONDEPLOYABLE_DECOUPLED_STRENGTH_GATE,0.45,0.1,0.7,0.4,10,0.333333|0.50|0.60|0.70|0.80|0.90|0.95|0.98|0.99|1.00,59,590,1.0,1.0,590,59,0.20898305084745758,0.0,0,0,True,True,mean paired gain aggregated over all ten strengths and training trials,False
B1,A|B2,MEDIUM,NONDEPLOYABLE_DECOUPLED_STRENGTH_GATE,0.45,0.1,0.9,0.4,10,0.333333|0.50|0.60|0.70|0.80|0.90|0.95|0.98|0.99|1.00,59,590,1.0,1.0,590,59,0.13728813559322028,0.0,0,0,True,True,mean paired gain aggregated over all ten strengths and training trials,False
B1,A|B2,MEDIUM,NONDEPLOYABLE_DECOUPLED_STRENGTH_GATE,0.45,0.15,0.5,0.4,10,0.333333|0.50|0.60|0.70|0.80|0.90|0.95|0.98|0.99|1.00,59,590,1.0,1.0,590,59,0.30661016949152536,0.20000000000000007,0,0,True,True,mean paired gain aggregated over all ten strengths and training trials,False
B1,A|B2,MEDIUM,NONDEPLOYABLE_DECOUPLED_STRENGTH_GATE,0.45,0.15,0.7,0.4,10,0.333333|0.50|0.60|0.70|0.80|0.90|0.95|0.98|0.99|1.00,59,590,1.0,1.0,590,59,0.20898305084745758,0.0,0,0,True,True,mean paired gain aggregated over all ten strengths and training trials,False
B1,A|B2,MEDIUM,NONDEPLOYABLE_DECOUPLED_STRENGTH_GATE,0.45,0.15,0.9,0.4,10,0.333333|0.50|0.60|0.70|0.80|0.90|0.95|0.98|0.99|1.00,59,590,1.0,1.0,590,59,0.13728813559322028,0.0,0,0,True,True,mean paired gain aggregated over all ten strengths and training trials,False
B1,A|B2,MEDIUM,NONDEPLOYABLE_DECOUPLED_STRENGTH_GATE,0.45,0.2,0.5,0.4,10,0.333333|0.50|0.60|0.70|0.80|0.90|0.95|0.98|0.99|1.00,59,590,1.0,1.0,590,59,0.30661016949152536,0.20000000000000007,0,0,True,True,mean paired gain aggregated over all ten strengths and training trials,False
B1,A|B2,MEDIUM,NONDEPLOYABLE_DECOUPLED_STRENGTH_GATE,0.45,0.2,0.7,0.4,10,0.333333|0.50|0.60|0.70|0.80|0.90|0.95|0.98|0.99|1.00,59,590,1.0,1.0,590,59,0.20898305084745758,0.0,0,0,True,True,mean paired gain aggregated over all ten strengths and training trials,False
B1,A|B2,MEDIUM,NONDEPLOYABLE_DECOUPLED_STRENGTH_GATE,0.45,0.2,0.9,0.4,10,0.333333|0.50|0.60|0.70|0.80|0.90|0.95|0.98|0.99|1.00,59,590,1.0,1.0,590,59,0.13728813559322028,0.0,0,0,True,True,mean paired gain aggregated over all ten strengths and training trials,False
B1,A|B2,MEDIUM,NONDEPLOYABLE_DECOUPLED_STRENGTH_GATE,0.5,0.01,0.5,0.4,10,0.333333|0.50|0.60|0.70|0.80|0.90|0.95|0.98|0.99|1.00,59,590,1.0,1.0,590,59,0.30661016949152536,0.20000000000000007,0,0,True,True,mean paired gain aggregated over all ten strengths and training trials,False
B1,A|B2,MEDIUM,NONDEPLOYABLE_DECOUPLED_STRENGTH_GATE,0.5,0.01,0.7,0.4,10,0.333333|0.50|0.60|0.70|0.80|0.90|0.95|0.98|0.99|1.00,59,590,1.0,1.0,590,59,0.20898305084745758,0.0,0,0,True,True,mean paired gain aggregated over all ten strengths and training trials,False
B1,A|B2,MEDIUM,NONDEPLOYABLE_DECOUPLED_STRENGTH_GATE,0.5,0.01,0.9,0.4,10,0.333333|0.50|0.60|0.70|0.80|0.90|0.95|0.98|0.99|1.00,59,590,1.0,1.0,590,59,0.13728813559322028,0.0,0,0,True,True,mean paired gain aggregated over all ten strengths and training trials,False
B1,A|B2,MEDIUM,NONDEPLOYABLE_DECOUPLED_STRENGTH_GATE,0.5,0.05,0.5,0.4,10,0.333333|0.50|0.60|0.70|0.80|0.90|0.95|0.98|0.99|1.00,59,590,1.0,1.0,590,59,0.30661016949152536,0.20000000000000007,0,0,True,True,mean paired gain aggregated over all ten strengths and training trials,False
B1,A|B2,MEDIUM,NONDEPLOYABLE_DECOUPLED_STRENGTH_GATE,0.5,0.05,0.7,0.4,10,0.333333|0.50|0.60|0.70|0.80|0.90|0.95|0.98|0.99|1.00,59,590,1.0,1.0,590,59,0.20898305084745758,0.0,0,0,True,True,mean paired gain aggregated over all ten strengths and training trials,False
B1,A|B2,MEDIUM,NONDEPLOYABLE_DECOUPLED_STRENGTH_GATE,0.5,0.05,0.9,0.4,10,0.333333|0.50|0.60|0.70|0.80|0.90|0.95|0.98|0.99|1.00,59,590,1.0,1.0,590,59,0.13728813559322028,0.0,0,0,True,True,mean paired gain aggregated over all ten strengths and training trials,False
B1,A|B2,MEDIUM,NONDEPLOYABLE_DECOUPLED_STRENGTH_GATE,0.5,0.1,0.5,0.4,10,0.333333|0.50|0.60|0.70|0.80|0.90|0.95|0.98|0.99|1.00,59,590,1.0,1.0,590,59,0.30661016949152536,0.20000000000000007,0,0,True,True,mean paired gain aggregated over all ten strengths and training trials,False
B1,A|B2,MEDIUM,NONDEPLOYABLE_DECOUPLED_STRENGTH_GATE,0.5,0.1,0.7,0.4,10,0.333333|0.50|0.60|0.70|0.80|0.90|0.95|0.98|0.99|1.00,59,590,1.0,1.0,590,59,0.20898305084745758,0.0,0,0,True,True,mean paired gain aggregated over all ten strengths and training trials,False
B1,A|B2,MEDIUM,NONDEPLOYABLE_DECOUPLED_STRENGTH_GATE,0.5,0.1,0.9,0.4,10,0.333333|0.50|0.60|0.70|0.80|0.90|0.95|0.98|0.99|1.00,59,590,1.0,1.0,590,59,0.13728813559322028,0.0,0,0,True,True,mean paired gain aggregated over all ten strengths and training trials,False
B1,A|B2,MEDIUM,NONDEPLOYABLE_DECOUPLED_STRENGTH_GATE,0.5,0.15,0.5,0.4,10,0.333333|0.50|0.60|0.70|0.80|0.90|0.95|0.98|0.99|1.00,59,590,1.0,1.0,590,59,0.30661016949152536,0.20000000000000007,0,0,True,True,mean paired gain aggregated over all ten strengths and training trials,False
B1,A|B2,MEDIUM,NONDEPLOYABLE_DECOUPLED_STRENGTH_GATE,0.5,0.15,0.7,0.4,10,0.333333|0.50|0.60|0.70|0.80|0.90|0.95|0.98|0.99|1.00,59,590,1.0,1.0,590,59,0.20898305084745758,0.0,0,0,True,True,mean paired gain aggregated over all ten strengths and training trials,False
B1,A|B2,MEDIUM,NONDEPLOYABLE_DECOUPLED_STRENGTH_GATE,0.5,0.15,0.9,0.4,10,0.333333|0.50|0.60|0.70|0.80|0.90|0.95|0.98|0.99|1.00,59,590,1.0,1.0,590,59,0.13728813559322028,0.0,0,0,True,True,mean paired gain aggregated over all ten strengths and training trials,False
B1,A|B2,MEDIUM,NONDEPLOYABLE_DECOUPLED_STRENGTH_GATE,0.5,0.2,0.5,0.4,10,0.333333|0.50|0.60|0.70|0.80|0.90|0.95|0.98|0.99|1.00,59,590,1.0,1.0,590,59,0.30661016949152536,0.20000000000000007,0,0,True,True,mean paired gain aggregated over all ten strengths and training trials,False
B1,A|B2,MEDIUM,NONDEPLOYABLE_DECOUPLED_STRENGTH_GATE,0.5,0.2,0.7,0.4,10,0.333333|0.50|0.60|0.70|0.80|0.90|0.95|0.98|0.99|1.00,59,590,1.0,1.0,590,59,0.20898305084745758,0.0,0,0,True,True,mean paired gain aggregated over all ten strengths and training trials,False
B1,A|B2,MEDIUM,NONDEPLOYABLE_DECOUPLED_STRENGTH_GATE,0.5,0.2,0.9,0.4,10,0.333333|0.50|0.60|0.70|0.80|0.90|0.95|0.98|0.99|1.00,59,590,1.0,1.0,590,59,0.13728813559322028,0.0,0,0,True,True,mean paired gain aggregated over all ten strengths and training trials,False
B1,A|B2,MEDIUM,NONDEPLOYABLE_DECOUPLED_STRENGTH_GATE,0.55,0.01,0.5,0.4,10,0.333333|0.50|0.60|0.70|0.80|0.90|0.95|0.98|0.99|1.00,59,590,1.0,1.0,590,59,0.2979661016949153,0.20000000000000007,0,0,True,True,mean paired gain aggregated over all ten strengths and training trials,False
B1,A|B2,MEDIUM,NONDEPLOYABLE_DECOUPLED_STRENGTH_GATE,0.55,0.01,0.7,0.4,10,0.333333|0.50|0.60|0.70|0.80|0.90|0.95|0.98|0.99|1.00,59,590,1.0,1.0,590,59,0.2044067796610169,0.0,0,0,True,True,mean paired gain aggregated over all ten strengths and training trials,False
B1,A|B2,MEDIUM,NONDEPLOYABLE_DECOUPLED_STRENGTH_GATE,0.55,0.01,0.9,0.4,10,0.333333|0.50|0.60|0.70|0.80|0.90|0.95|0.98|0.99|1.00,59,590,1.0,1.0,590,59,0.1349152542372881,0.0,0,0,True,True,mean paired gain aggregated over all ten strengths and training trials,False
B1,A|B2,MEDIUM,NONDEPLOYABLE_DECOUPLED_STRENGTH_GATE,0.55,0.05,0.5,0.4,10,0.333333|0.50|0.60|0.70|0.80|0.90|0.95|0.98|0.99|1.00,59,590,1.0,1.0,590,59,0.2979661016949153,0.20000000000000007,0,0,True,True,mean paired gain aggregated over all ten strengths and training trials,False
B1,A|B2,MEDIUM,NONDEPLOYABLE_DECOUPLED_STRENGTH_GATE,0.55,0.05,0.7,0.4,10,0.333333|0.50|0.60|0.70|0.80|0.90|0.95|0.98|0.99|1.00,59,590,1.0,1.0,590,59,0.2044067796610169,0.0,0,0,True,True,mean paired gain aggregated over all ten strengths and training trials,False
B1,A|B2,MEDIUM,NONDEPLOYABLE_DECOUPLED_STRENGTH_GATE,0.55,0.05,0.9,0.4,10,0.333333|0.50|0.60|0.70|0.80|0.90|0.95|0.98|0.99|1.00,59,590,1.0,1.0,590,59,0.1349152542372881,0.0,0,0,True,True,mean paired gain aggregated over all ten strengths and training trials,False
B1,A|B2,MEDIUM,NONDEPLOYABLE_DECOUPLED_STRENGTH_GATE,0.55,0.1,0.5,0.4,10,0.333333|0.50|0.60|0.70|0.80|0.90|0.95|0.98|0.99|1.00,59,590,1.0,1.0,590,59,0.2979661016949153,0.20000000000000007,0,0,True,True,mean paired gain aggregated over all ten strengths and training trials,False
B1,A|B2,MEDIUM,NONDEPLOYABLE_DECOUPLED_STRENGTH_GATE,0.55,0.1,0.7,0.4,10,0.333333|0.50|0.60|0.70|0.80|0.90|0.95|0.98|0.99|1.00,59,590,1.0,1.0,590,59,0.2044067796610169,0.0,0,0,True,True,mean paired gain aggregated over all ten strengths and training trials,False
B1,A|B2,MEDIUM,NONDEPLOYABLE_DECOUPLED_STRENGTH_GATE,0.55,0.1,0.9,0.4,10,0.333333|0.50|0.60|0.70|0.80|0.90|0.95|0.98|0.99|1.00,59,590,1.0,1.0,590,59,0.1349152542372881,0.0,0,0,True,True,mean paired gain aggregated over all ten strengths and training trials,False
B1,A|B2,MEDIUM,NONDEPLOYABLE_DECOUPLED_STRENGTH_GATE,0.55,0.15,0.5,0.4,10,0.333333|0.50|0.60|0.70|0.80|0.90|0.95|0.98|0.99|1.00,59,590,1.0,1.0,590,59,0.2979661016949153,0.20000000000000007,0,0,True,True,mean paired gain aggregated over all ten strengths and training trials,False
B1,A|B2,MEDIUM,NONDEPLOYABLE_DECOUPLED_STRENGTH_GATE,0.55,0.15,0.7,0.4,10,0.333333|0.50|0.60|0.70|0.80|0.90|0.95|0.98|0.99|1.00,59,590,1.0,1.0,590,59,0.2044067796610169,0.0,0,0,True,True,mean paired gain aggregated over all ten strengths and training trials,False
B1,A|B2,MEDIUM,NONDEPLOYABLE_DECOUPLED_STRENGTH_GATE,0.55,0.15,0.9,0.4,10,0.333333|0.50|0.60|0.70|0.80|0.90|0.95|0.98|0.99|1.00,59,590,1.0,1.0,590,59,0.1349152542372881,0.0,0,0,True,True,mean paired gain aggregated over all ten strengths and training trials,False
B1,A|B2,MEDIUM,NONDEPLOYABLE_DECOUPLED_STRENGTH_GATE,0.55,0.2,0.5,0.4,10,0.333333|0.50|0.60|0.70|0.80|0.90|0.95|0.98|0.99|1.00,59,590,1.0,1.0,590,59,0.2979661016949153,0.20000000000000007,0,0,True,True,mean paired gain aggregated over all ten strengths and training trials,False
B1,A|B2,MEDIUM,NONDEPLOYABLE_DECOUPLED_STRENGTH_GATE,0.55,0.2,0.7,0.4,10,0.333333|0.50|0.60|0.70|0.80|0.90|0.95|0.98|0.99|1.00,59,590,1.0,1.0,590,59,0.2044067796610169,0.0,0,0,True,True,mean paired gain aggregated over all ten strengths and training trials,False
B1,A|B2,MEDIUM,NONDEPLOYABLE_DECOUPLED_STRENGTH_GATE,0.55,0.2,0.9,0.4,10,0.333333|0.50|0.60|0.70|0.80|0.90|0.95|0.98|0.99|1.00,59,590,1.0,1.0,590,59,0.1349152542372881,0.0,0,0,True,True,mean paired gain aggregated over all ten strengths and training trials,False
B1,A|B2,CONSERVATIVE,FROZEN_GATE_SHARED_THRESHOLD,0.4,0.01,0.5,0.4,10,0.333333|0.50|0.60|0.70|0.80|0.90|0.95|0.98|0.99|1.00,59,590,1.0,1.0,590,59,0.39033898305084735,0.29999999999999993,0,0,True,True,mean paired gain aggregated over all ten strengths and training trials,False
B1,A|B2,CONSERVATIVE,FROZEN_GATE_SHARED_THRESHOLD,0.4,0.01,0.7,0.4,10,0.333333|0.50|0.60|0.70|0.80|0.90|0.95|0.98|0.99|1.00,59,590,1.0,1.0,590,59,0.28949152542372875,0.09999999999999987,0,0,True,True,mean paired gain aggregated over all ten strengths and training trials,False
B1,A|B2,CONSERVATIVE,FROZEN_GATE_SHARED_THRESHOLD,0.4,0.01,0.9,0.4,10,0.333333|0.50|0.60|0.70|0.80|0.90|0.95|0.98|0.99|1.00,59,590,1.0,1.0,590,59,0.19694915254237283,0.0,0,0,True,True,mean paired gain aggregated over all ten strengths and training trials,False
B1,A|B2,CONSERVATIVE,FROZEN_GATE_SHARED_THRESHOLD,0.4,0.05,0.5,0.4,10,0.333333|0.50|0.60|0.70|0.80|0.90|0.95|0.98|0.99|1.00,59,590,1.0,1.0,590,59,0.39033898305084735,0.29999999999999993,0,0,True,True,mean paired gain aggregated over all ten strengths and training trials,False
B1,A|B2,CONSERVATIVE,FROZEN_GATE_SHARED_THRESHOLD,0.4,0.05,0.7,0.4,10,0.333333|0.50|0.60|0.70|0.80|0.90|0.95|0.98|0.99|1.00,59,590,1.0,1.0,590,59,0.28949152542372875,0.09999999999999987,0,0,True,True,mean paired gain aggregated over all ten strengths and training trials,False
B1,A|B2,CONSERVATIVE,FROZEN_GATE_SHARED_THRESHOLD,0.4,0.05,0.9,0.4,10,0.333333|0.50|0.60|0.70|0.80|0.90|0.95|0.98|0.99|1.00,59,590,1.0,1.0,590,59,0.19694915254237283,0.0,0,0,True,True,mean paired gain aggregated over all ten strengths and training trials,False
B1,A|B2,CONSERVATIVE,FROZEN_GATE_SHARED_THRESHOLD,0.4,0.1,0.5,0.4,10,0.333333|0.50|0.60|0.70|0.80|0.90|0.95|0.98|0.99|1.00,59,590,1.0,1.0,590,59,0.39033898305084735,0.29999999999999993,0,0,True,True,mean paired gain aggregated over all ten strengths and training trials,False
B1,A|B2,CONSERVATIVE,FROZEN_GATE_SHARED_THRESHOLD,0.4,0.1,0.7,0.4,10,0.333333|0.50|0.60|0.70|0.80|0.90|0.95|0.98|0.99|1.00,59,590,1.0,1.0,590,59,0.28949152542372875,0.09999999999999987,0,0,True,True,mean paired gain aggregated over all ten strengths and training trials,False
B1,A|B2,CONSERVATIVE,FROZEN_GATE_SHARED_THRESHOLD,0.4,0.1,0.9,0.4,10,0.333333|0.50|0.60|0.70|0.80|0.90|0.95|0.98|0.99|1.00,59,590,1.0,1.0,590,59,0.19694915254237283,0.0,0,0,True,True,mean paired gain aggregated over all ten strengths and training trials,False
B1,A|B2,CONSERVATIVE,FROZEN_GATE_SHARED_THRESHOLD,0.4,0.15,0.5,0.4,10,0.333333|0.50|0.60|0.70|0.80|0.90|0.95|0.98|0.99|1.00,59,590,1.0,1.0,590,59,0.39033898305084735,0.29999999999999993,0,0,True,True,mean paired gain aggregated over all ten strengths and training trials,False
B1,A|B2,CONSERVATIVE,FROZEN_GATE_SHARED_THRESHOLD,0.4,0.15,0.7,0.4,10,0.333333|0.50|0.60|0.70|0.80|0.90|0.95|0.98|0.99|1.00,59,590,1.0,1.0,590,59,0.28949152542372875,0.09999999999999987,0,0,True,True,mean paired gain aggregated over all ten strengths and training trials,False
B1,A|B2,CONSERVATIVE,FROZEN_GATE_SHARED_THRESHOLD,0.4,0.15,0.9,0.4,10,0.333333|0.50|0.60|0.70|0.80|0.90|0.95|0.98|0.99|1.00,59,590,1.0,1.0,590,59,0.19694915254237283,0.0,0,0,True,True,mean paired gain aggregated over all ten strengths and training trials,False
B1,A|B2,CONSERVATIVE,FROZEN_GATE_SHARED_THRESHOLD,0.4,0.2,0.5,0.4,10,0.333333|0.50|0.60|0.70|0.80|0.90|0.95|0.98|0.99|1.00,59,590,1.0,1.0,590,59,0.39033898305084735,0.29999999999999993,0,0,True,True,mean paired gain aggregated over all ten strengths and training trials,False
B1,A|B2,CONSERVATIVE,FROZEN_GATE_SHARED_THRESHOLD,0.4,0.2,0.7,0.4,10,0.333333|0.50|0.60|0.70|0.80|0.90|0.95|0.98|0.99|1.00,59,590,1.0,1.0,590,59,0.28949152542372875,0.09999999999999987,0,0,True,True,mean paired gain aggregated over all ten strengths and training trials,False
B1,A|B2,CONSERVATIVE,FROZEN_GATE_SHARED_THRESHOLD,0.4,0.2,0.9,0.4,10,0.333333|0.50|0.60|0.70|0.80|0.90|0.95|0.98|0.99|1.00,59,590,1.0,1.0,590,59,0.19694915254237283,0.0,0,0,True,True,mean paired gain aggregated over all ten strengths and training trials,False
B1,A|B2,CONSERVATIVE,FROZEN_GATE_SHARED_THRESHOLD,0.45,0.01,0.5,0.4,10,0.333333|0.50|0.60|0.70|0.80|0.90|0.95|0.98|0.99|1.00,59,590,1.0,1.0,590,59,0.39033898305084735,0.29999999999999993,0,0,True,True,mean paired gain aggregated over all ten strengths and training trials,False
B1,A|B2,CONSERVATIVE,FROZEN_GATE_SHARED_THRESHOLD,0.45,0.01,0.7,0.4,10,0.333333|0.50|0.60|0.70|0.80|0.90|0.95|0.98|0.99|1.00,59,590,1.0,1.0,590,59,0.28949152542372875,0.09999999999999987,0,0,True,True,mean paired gain aggregated over all ten strengths and training trials,False
B1,A|B2,CONSERVATIVE,FROZEN_GATE_SHARED_THRESHOLD,0.45,0.01,0.9,0.4,10,0.333333|0.50|0.60|0.70|0.80|0.90|0.95|0.98|0.99|1.00,59,590,1.0,1.0,590,59,0.19694915254237283,0.0,0,0,True,True,mean paired gain aggregated over all ten strengths and training trials,False
B1,A|B2,CONSERVATIVE,FROZEN_GATE_SHARED_THRESHOLD,0.45,0.05,0.5,0.4,10,0.333333|0.50|0.60|0.70|0.80|0.90|0.95|0.98|0.99|1.00,59,590,1.0,1.0,590,59,0.39033898305084735,0.29999999999999993,0,0,True,True,mean paired gain aggregated over all ten strengths and training trials,False
B1,A|B2,CONSERVATIVE,FROZEN_GATE_SHARED_THRESHOLD,0.45,0.05,0.7,0.4,10,0.333333|0.50|0.60|0.70|0.80|0.90|0.95|0.98|0.99|1.00,59,590,1.0,1.0,590,59,0.28949152542372875,0.09999999999999987,0,0,True,True,mean paired gain aggregated over all ten strengths and training trials,False
B1,A|B2,CONSERVATIVE,FROZEN_GATE_SHARED_THRESHOLD,0.45,0.05,0.9,0.4,10,0.333333|0.50|0.60|0.70|0.80|0.90|0.95|0.98|0.99|1.00,59,590,1.0,1.0,590,59,0.19694915254237283,0.0,0,0,True,True,mean paired gain aggregated over all ten strengths and training trials,False
B1,A|B2,CONSERVATIVE,FROZEN_GATE_SHARED_THRESHOLD,0.45,0.1,0.5,0.4,10,0.333333|0.50|0.60|0.70|0.80|0.90|0.95|0.98|0.99|1.00,59,590,1.0,1.0,590,59,0.39033898305084735,0.29999999999999993,0,0,True,True,mean paired gain aggregated over all ten strengths and training trials,False
B1,A|B2,CONSERVATIVE,FROZEN_GATE_SHARED_THRESHOLD,0.45,0.1,0.7,0.4,10,0.333333|0.50|0.60|0.70|0.80|0.90|0.95|0.98|0.99|1.00,59,590,1.0,1.0,590,59,0.28949152542372875,0.09999999999999987,0,0,True,True,mean paired gain aggregated over all ten strengths and training trials,False
B1,A|B2,CONSERVATIVE,FROZEN_GATE_SHARED_THRESHOLD,0.45,0.1,0.9,0.4,10,0.333333|0.50|0.60|0.70|0.80|0.90|0.95|0.98|0.99|1.00,59,590,1.0,1.0,590,59,0.19694915254237283,0.0,0,0,True,True,mean paired gain aggregated over all ten strengths and training trials,False
B1,A|B2,CONSERVATIVE,FROZEN_GATE_SHARED_THRESHOLD,0.45,0.15,0.5,0.4,10,0.333333|0.50|0.60|0.70|0.80|0.90|0.95|0.98|0.99|1.00,59,590,1.0,1.0,590,59,0.39033898305084735,0.29999999999999993,0,0,True,True,mean paired gain aggregated over all ten strengths and training trials,False
B1,A|B2,CONSERVATIVE,FROZEN_GATE_SHARED_THRESHOLD,0.45,0.15,0.7,0.4,10,0.333333|0.50|0.60|0.70|0.80|0.90|0.95|0.98|0.99|1.00,59,590,1.0,1.0,590,59,0.28949152542372875,0.09999999999999987,0,0,True,True,mean paired gain aggregated over all ten strengths and training trials,False
B1,A|B2,CONSERVATIVE,FROZEN_GATE_SHARED_THRESHOLD,0.45,0.15,0.9,0.4,10,0.333333|0.50|0.60|0.70|0.80|0.90|0.95|0.98|0.99|1.00,59,590,1.0,1.0,590,59,0.19694915254237283,0.0,0,0,True,True,mean paired gain aggregated over all ten strengths and training trials,False
B1,A|B2,CONSERVATIVE,FROZEN_GATE_SHARED_THRESHOLD,0.45,0.2,0.5,0.4,10,0.333333|0.50|0.60|0.70|0.80|0.90|0.95|0.98|0.99|1.00,59,590,1.0,1.0,590,59,0.39033898305084735,0.29999999999999993,0,0,True,True,mean paired gain aggregated over all ten strengths and training trials,False
B1,A|B2,CONSERVATIVE,FROZEN_GATE_SHARED_THRESHOLD,0.45,0.2,0.7,0.4,10,0.333333|0.50|0.60|0.70|0.80|0.90|0.95|0.98|0.99|1.00,59,590,1.0,1.0,590,59,0.28949152542372875,0.09999999999999987,0,0,True,True,mean paired gain aggregated over all ten strengths and training trials,False
B1,A|B2,CONSERVATIVE,FROZEN_GATE_SHARED_THRESHOLD,0.45,0.2,0.9,0.4,10,0.333333|0.50|0.60|0.70|0.80|0.90|0.95|0.98|0.99|1.00,59,590,1.0,1.0,590,59,0.19694915254237283,0.0,0,0,True,True,mean paired gain aggregated over all ten strengths and training trials,False
B1,A|B2,CONSERVATIVE,FROZEN_GATE_SHARED_THRESHOLD,0.5,0.01,0.5,0.4,10,0.333333|0.50|0.60|0.70|0.80|0.90|0.95|0.98|0.99|1.00,59,590,1.0,1.0,590,59,0.39033898305084735,0.29999999999999993,0,0,True,True,mean paired gain aggregated over all ten strengths and training trials,False
B1,A|B2,CONSERVATIVE,FROZEN_GATE_SHARED_THRESHOLD,0.5,0.01,0.7,0.4,10,0.333333|0.50|0.60|0.70|0.80|0.90|0.95|0.98|0.99|1.00,59,590,1.0,1.0,590,59,0.28949152542372875,0.09999999999999987,0,0,True,True,mean paired gain aggregated over all ten strengths and training trials,False
B1,A|B2,CONSERVATIVE,FROZEN_GATE_SHARED_THRESHOLD,0.5,0.01,0.9,0.4,10,0.333333|0.50|0.60|0.70|0.80|0.90|0.95|0.98|0.99|1.00,59,590,1.0,1.0,590,59,0.19694915254237283,0.0,0,0,True,True,mean paired gain aggregated over all ten strengths and training trials,False
B1,A|B2,CONSERVATIVE,FROZEN_GATE_SHARED_THRESHOLD,0.5,0.05,0.5,0.4,10,0.333333|0.50|0.60|0.70|0.80|0.90|0.95|0.98|0.99|1.00,59,590,1.0,1.0,590,59,0.39033898305084735,0.29999999999999993,0,0,True,True,mean paired gain aggregated over all ten strengths and training trials,False
B1,A|B2,CONSERVATIVE,FROZEN_GATE_SHARED_THRESHOLD,0.5,0.05,0.7,0.4,10,0.333333|0.50|0.60|0.70|0.80|0.90|0.95|0.98|0.99|1.00,59,590,1.0,1.0,590,59,0.28949152542372875,0.09999999999999987,0,0,True,True,mean paired gain aggregated over all ten strengths and training trials,False
B1,A|B2,CONSERVATIVE,FROZEN_GATE_SHARED_THRESHOLD,0.5,0.05,0.9,0.4,10,0.333333|0.50|0.60|0.70|0.80|0.90|0.95|0.98|0.99|1.00,59,590,1.0,1.0,590,59,0.19694915254237283,0.0,0,0,True,True,mean paired gain aggregated over all ten strengths and training trials,False
B1,A|B2,CONSERVATIVE,FROZEN_GATE_SHARED_THRESHOLD,0.5,0.1,0.5,0.4,10,0.333333|0.50|0.60|0.70|0.80|0.90|0.95|0.98|0.99|1.00,59,590,1.0,1.0,590,59,0.39033898305084735,0.29999999999999993,0,0,True,True,mean paired gain aggregated over all ten strengths and training trials,False
B1,A|B2,CONSERVATIVE,FROZEN_GATE_SHARED_THRESHOLD,0.5,0.1,0.7,0.4,10,0.333333|0.50|0.60|0.70|0.80|0.90|0.95|0.98|0.99|1.00,59,590,1.0,1.0,590,59,0.28949152542372875,0.09999999999999987,0,0,True,True,mean paired gain aggregated over all ten strengths and training trials,False
B1,A|B2,CONSERVATIVE,FROZEN_GATE_SHARED_THRESHOLD,0.5,0.1,0.9,0.4,10,0.333333|0.50|0.60|0.70|0.80|0.90|0.95|0.98|0.99|1.00,59,590,1.0,1.0,590,59,0.19694915254237283,0.0,0,0,True,True,mean paired gain aggregated over all ten strengths and training trials,False
B1,A|B2,CONSERVATIVE,FROZEN_GATE_SHARED_THRESHOLD,0.5,0.15,0.5,0.4,10,0.333333|0.50|0.60|0.70|0.80|0.90|0.95|0.98|0.99|1.00,59,590,1.0,1.0,590,59,0.39033898305084735,0.29999999999999993,0,0,True,True,mean paired gain aggregated over all ten strengths and training trials,False
B1,A|B2,CONSERVATIVE,FROZEN_GATE_SHARED_THRESHOLD,0.5,0.15,0.7,0.4,10,0.333333|0.50|0.60|0.70|0.80|0.90|0.95|0.98|0.99|1.00,59,590,1.0,1.0,590,59,0.28949152542372875,0.09999999999999987,0,0,True,True,mean paired gain aggregated over all ten strengths and training trials,False
B1,A|B2,CONSERVATIVE,FROZEN_GATE_SHARED_THRESHOLD,0.5,0.15,0.9,0.4,10,0.333333|0.50|0.60|0.70|0.80|0.90|0.95|0.98|0.99|1.00,59,590,1.0,1.0,590,59,0.19694915254237283,0.0,0,0,True,True,mean paired gain aggregated over all ten strengths and training trials,False
B1,A|B2,CONSERVATIVE,FROZEN_GATE_SHARED_THRESHOLD,0.5,0.2,0.5,0.4,10,0.333333|0.50|0.60|0.70|0.80|0.90|0.95|0.98|0.99|1.00,59,590,1.0,1.0,590,59,0.39033898305084735,0.29999999999999993,0,0,True,True,mean paired gain aggregated over all ten strengths and training trials,False
B1,A|B2,CONSERVATIVE,FROZEN_GATE_SHARED_THRESHOLD,0.5,0.2,0.7,0.4,10,0.333333|0.50|0.60|0.70|0.80|0.90|0.95|0.98|0.99|1.00,59,590,1.0,1.0,590,59,0.28949152542372875,0.09999999999999987,0,0,True,True,mean paired gain aggregated over all ten strengths and training trials,False
B1,A|B2,CONSERVATIVE,FROZEN_GATE_SHARED_THRESHOLD,0.5,0.2,0.9,0.4,10,0.333333|0.50|0.60|0.70|0.80|0.90|0.95|0.98|0.99|1.00,59,590,1.0,1.0,590,59,0.19694915254237283,0.0,0,0,True,True,mean paired gain aggregated over all ten strengths and training trials,False
B1,A|B2,CONSERVATIVE,FROZEN_GATE_SHARED_THRESHOLD,0.55,0.01,0.5,0.4,10,0.333333|0.50|0.60|0.70|0.80|0.90|0.95|0.98|0.99|1.00,59,590,1.0,1.0,590,59,0.39033898305084735,0.29999999999999993,0,0,True,True,mean paired gain aggregated over all ten strengths and training trials,False
B1,A|B2,CONSERVATIVE,FROZEN_GATE_SHARED_THRESHOLD,0.55,0.01,0.7,0.4,10,0.333333|0.50|0.60|0.70|0.80|0.90|0.95|0.98|0.99|1.00,59,590,1.0,1.0,590,59,0.28949152542372875,0.09999999999999987,0,0,True,True,mean paired gain aggregated over all ten strengths and training trials,False
B1,A|B2,CONSERVATIVE,FROZEN_GATE_SHARED_THRESHOLD,0.55,0.01,0.9,0.4,10,0.333333|0.50|0.60|0.70|0.80|0.90|0.95|0.98|0.99|1.00,59,590,1.0,1.0,590,59,0.19694915254237283,0.0,0,0,True,True,mean paired gain aggregated over all ten strengths and training trials,False
B1,A|B2,CONSERVATIVE,FROZEN_GATE_SHARED_THRESHOLD,0.55,0.05,0.5,0.4,10,0.333333|0.50|0.60|0.70|0.80|0.90|0.95|0.98|0.99|1.00,59,590,1.0,1.0,590,59,0.39033898305084735,0.29999999999999993,0,0,True,True,mean paired gain aggregated over all ten strengths and training trials,False
B1,A|B2,CONSERVATIVE,FROZEN_GATE_SHARED_THRESHOLD,0.55,0.05,0.7,0.4,10,0.333333|0.50|0.60|0.70|0.80|0.90|0.95|0.98|0.99|1.00,59,590,1.0,1.0,590,59,0.28949152542372875,0.09999999999999987,0,0,True,True,mean paired gain aggregated over all ten strengths and training trials,False
B1,A|B2,CONSERVATIVE,FROZEN_GATE_SHARED_THRESHOLD,0.55,0.05,0.9,0.4,10,0.333333|0.50|0.60|0.70|0.80|0.90|0.95|0.98|0.99|1.00,59,590,1.0,1.0,590,59,0.19694915254237283,0.0,0,0,True,True,mean paired gain aggregated over all ten strengths and training trials,False
B1,A|B2,CONSERVATIVE,FROZEN_GATE_SHARED_THRESHOLD,0.55,0.1,0.5,0.4,10,0.333333|0.50|0.60|0.70|0.80|0.90|0.95|0.98|0.99|1.00,59,590,1.0,1.0,590,59,0.39033898305084735,0.29999999999999993,0,0,True,True,mean paired gain aggregated over all ten strengths and training trials,False
B1,A|B2,CONSERVATIVE,FROZEN_GATE_SHARED_THRESHOLD,0.55,0.1,0.7,0.4,10,0.333333|0.50|0.60|0.70|0.80|0.90|0.95|0.98|0.99|1.00,59,590,1.0,1.0,590,59,0.28949152542372875,0.09999999999999987,0,0,True,True,mean paired gain aggregated over all ten strengths and training trials,False
B1,A|B2,CONSERVATIVE,FROZEN_GATE_SHARED_THRESHOLD,0.55,0.1,0.9,0.4,10,0.333333|0.50|0.60|0.70|0.80|0.90|0.95|0.98|0.99|1.00,59,590,1.0,1.0,590,59,0.19694915254237283,0.0,0,0,True,True,mean paired gain aggregated over all ten strengths and training trials,False
B1,A|B2,CONSERVATIVE,FROZEN_GATE_SHARED_THRESHOLD,0.55,0.15,0.5,0.4,10,0.333333|0.50|0.60|0.70|0.80|0.90|0.95|0.98|0.99|1.00,59,590,1.0,1.0,590,59,0.39033898305084735,0.29999999999999993,0,0,True,True,mean paired gain aggregated over all ten strengths and training trials,False
B1,A|B2,CONSERVATIVE,FROZEN_GATE_SHARED_THRESHOLD,0.55,0.15,0.7,0.4,10,0.333333|0.50|0.60|0.70|0.80|0.90|0.95|0.98|0.99|1.00,59,590,1.0,1.0,590,59,0.28949152542372875,0.09999999999999987,0,0,True,True,mean paired gain aggregated over all ten strengths and training trials,False
B1,A|B2,CONSERVATIVE,FROZEN_GATE_SHARED_THRESHOLD,0.55,0.15,0.9,0.4,10,0.333333|0.50|0.60|0.70|0.80|0.90|0.95|0.98|0.99|1.00,59,590,1.0,1.0,590,59,0.19694915254237283,0.0,0,0,True,True,mean paired gain aggregated over all ten strengths and training trials,False
B1,A|B2,CONSERVATIVE,FROZEN_GATE_SHARED_THRESHOLD,0.55,0.2,0.5,0.4,10,0.333333|0.50|0.60|0.70|0.80|0.90|0.95|0.98|0.99|1.00,59,590,1.0,1.0,590,59,0.39033898305084735,0.29999999999999993,0,0,True,True,mean paired gain aggregated over all ten strengths and training trials,True
B1,A|B2,CONSERVATIVE,FROZEN_GATE_SHARED_THRESHOLD,0.55,0.2,0.7,0.4,10,0.333333|0.50|0.60|0.70|0.80|0.90|0.95|0.98|0.99|1.00,59,590,1.0,1.0,590,59,0.28949152542372875,0.09999999999999987,0,0,True,True,mean paired gain aggregated over all ten strengths and training trials,False
B1,A|B2,CONSERVATIVE,FROZEN_GATE_SHARED_THRESHOLD,0.55,0.2,0.9,0.4,10,0.333333|0.50|0.60|0.70|0.80|0.90|0.95|0.98|0.99|1.00,59,590,1.0,1.0,590,59,0.19694915254237283,0.0,0,0,True,True,mean paired gain aggregated over all ten strengths and training trials,False
B1,A|B2,CONSERVATIVE,NONDEPLOYABLE_DECOUPLED_STRENGTH_GATE,0.4,0.01,0.5,0.4,10,0.333333|0.50|0.60|0.70|0.80|0.90|0.95|0.98|0.99|1.00,59,590,1.0,1.0,590,59,0.5369491525423729,0.4999999999999999,0,0,True,True,mean paired gain aggregated over all ten strengths and training trials,True
B1,A|B2,CONSERVATIVE,NONDEPLOYABLE_DECOUPLED_STRENGTH_GATE,0.4,0.01,0.7,0.4,10,0.333333|0.50|0.60|0.70|0.80|0.90|0.95|0.98|0.99|1.00,59,590,1.0,1.0,590,59,0.4013559322033897,0.3999999999999999,0,0,True,True,mean paired gain aggregated over all ten strengths and training trials,False
B1,A|B2,CONSERVATIVE,NONDEPLOYABLE_DECOUPLED_STRENGTH_GATE,0.4,0.01,0.9,0.4,10,0.333333|0.50|0.60|0.70|0.80|0.90|0.95|0.98|0.99|1.00,59,590,1.0,1.0,590,59,0.27355932203389827,0.19999999999999996,0,0,True,True,mean paired gain aggregated over all ten strengths and training trials,False
B1,A|B2,CONSERVATIVE,NONDEPLOYABLE_DECOUPLED_STRENGTH_GATE,0.4,0.05,0.5,0.4,10,0.333333|0.50|0.60|0.70|0.80|0.90|0.95|0.98|0.99|1.00,59,590,1.0,1.0,590,59,0.5366101694915254,0.4999999999999999,0,0,True,True,mean paired gain aggregated over all ten strengths and training trials,False
B1,A|B2,CONSERVATIVE,NONDEPLOYABLE_DECOUPLED_STRENGTH_GATE,0.4,0.05,0.7,0.4,10,0.333333|0.50|0.60|0.70|0.80|0.90|0.95|0.98|0.99|1.00,59,590,1.0,1.0,590,59,0.401186440677966,0.3999999999999999,0,0,True,True,mean paired gain aggregated over all ten strengths and training trials,False
B1,A|B2,CONSERVATIVE,NONDEPLOYABLE_DECOUPLED_STRENGTH_GATE,0.4,0.05,0.9,0.4,10,0.333333|0.50|0.60|0.70|0.80|0.90|0.95|0.98|0.99|1.00,59,590,1.0,1.0,590,59,0.27355932203389827,0.19999999999999996,0,0,True,True,mean paired gain aggregated over all ten strengths and training trials,False
B1,A|B2,CONSERVATIVE,NONDEPLOYABLE_DECOUPLED_STRENGTH_GATE,0.4,0.1,0.5,0.4,10,0.333333|0.50|0.60|0.70|0.80|0.90|0.95|0.98|0.99|1.00,59,590,1.0,1.0,590,59,0.5235593220338982,0.4999999999999999,0,0,True,True,mean paired gain aggregated over all ten strengths and training trials,False
B1,A|B2,CONSERVATIVE,NONDEPLOYABLE_DECOUPLED_STRENGTH_GATE,0.4,0.1,0.7,0.4,10,0.333333|0.50|0.60|0.70|0.80|0.90|0.95|0.98|0.99|1.00,59,590,1.0,1.0,590,59,0.39033898305084735,0.2999999999999998,0,0,True,True,mean paired gain aggregated over all ten strengths and training trials,False
B1,A|B2,CONSERVATIVE,NONDEPLOYABLE_DECOUPLED_STRENGTH_GATE,0.4,0.1,0.9,0.4,10,0.333333|0.50|0.60|0.70|0.80|0.90|0.95|0.98|0.99|1.00,59,590,1.0,1.0,590,59,0.2652542372881355,0.19999999999999996,0,0,True,True,mean paired gain aggregated over all ten strengths and training trials,False
B1,A|B2,CONSERVATIVE,NONDEPLOYABLE_DECOUPLED_STRENGTH_GATE,0.4,0.15,0.5,0.4,10,0.333333|0.50|0.60|0.70|0.80|0.90|0.95|0.98|0.99|1.00,59,590,1.0,1.0,590,59,0.5054237288135592,0.4999999999999999,0,0,True,True,mean paired gain aggregated over all ten strengths and training trials,False
B1,A|B2,CONSERVATIVE,NONDEPLOYABLE_DECOUPLED_STRENGTH_GATE,0.4,0.15,0.7,0.4,10,0.333333|0.50|0.60|0.70|0.80|0.90|0.95|0.98|0.99|1.00,59,590,1.0,1.0,590,59,0.375593220338983,0.2999999999999998,0,0,True,True,mean paired gain aggregated over all ten strengths and training trials,False
B1,A|B2,CONSERVATIVE,NONDEPLOYABLE_DECOUPLED_STRENGTH_GATE,0.4,0.15,0.9,0.4,10,0.333333|0.50|0.60|0.70|0.80|0.90|0.95|0.98|0.99|1.00,59,590,1.0,1.0,590,59,0.2562711864406779,0.09999999999999987,0,0,True,True,mean paired gain aggregated over all ten strengths and training trials,False
B1,A|B2,CONSERVATIVE,NONDEPLOYABLE_DECOUPLED_STRENGTH_GATE,0.4,0.2,0.5,0.4,10,0.333333|0.50|0.60|0.70|0.80|0.90|0.95|0.98|0.99|1.00,59,590,1.0,1.0,590,59,0.5018644067796609,0.4999999999999999,0,0,True,True,mean paired gain aggregated over all ten strengths and training trials,False
B1,A|B2,CONSERVATIVE,NONDEPLOYABLE_DECOUPLED_STRENGTH_GATE,0.4,0.2,0.7,0.4,10,0.333333|0.50|0.60|0.70|0.80|0.90|0.95|0.98|0.99|1.00,59,590,1.0,1.0,590,59,0.3722033898305083,0.2999999999999998,0,0,True,True,mean paired gain aggregated over all ten strengths and training trials,False
B1,A|B2,CONSERVATIVE,NONDEPLOYABLE_DECOUPLED_STRENGTH_GATE,0.4,0.2,0.9,0.4,10,0.333333|0.50|0.60|0.70|0.80|0.90|0.95|0.98|0.99|1.00,59,590,1.0,1.0,590,59,0.2532203389830508,0.09999999999999987,0,0,True,True,mean paired gain aggregated over all ten strengths and training trials,False
B1,A|B2,CONSERVATIVE,NONDEPLOYABLE_DECOUPLED_STRENGTH_GATE,0.45,0.01,0.5,0.4,10,0.333333|0.50|0.60|0.70|0.80|0.90|0.95|0.98|0.99|1.00,59,590,1.0,1.0,590,59,0.5027118644067796,0.4999999999999999,0,0,True,True,mean paired gain aggregated over all ten strengths and training trials,False
B1,A|B2,CONSERVATIVE,NONDEPLOYABLE_DECOUPLED_STRENGTH_GATE,0.45,0.01,0.7,0.4,10,0.333333|0.50|0.60|0.70|0.80|0.90|0.95|0.98|0.99|1.00,59,590,1.0,1.0,590,59,0.37305084745762707,0.2999999999999998,0,0,True,True,mean paired gain aggregated over all ten strengths and training trials,False
B1,A|B2,CONSERVATIVE,NONDEPLOYABLE_DECOUPLED_STRENGTH_GATE,0.45,0.01,0.9,0.4,10,0.333333|0.50|0.60|0.70|0.80|0.90|0.95|0.98|0.99|1.00,59,590,1.0,1.0,590,59,0.2540677966101694,0.09999999999999987,0,0,True,True,mean paired gain aggregated over all ten strengths and training trials,False
B1,A|B2,CONSERVATIVE,NONDEPLOYABLE_DECOUPLED_STRENGTH_GATE,0.45,0.05,0.5,0.4,10,0.333333|0.50|0.60|0.70|0.80|0.90|0.95|0.98|0.99|1.00,59,590,1.0,1.0,590,59,0.5027118644067796,0.4999999999999999,0,0,True,True,mean paired gain aggregated over all ten strengths and training trials,False
B1,A|B2,CONSERVATIVE,NONDEPLOYABLE_DECOUPLED_STRENGTH_GATE,0.45,0.05,0.7,0.4,10,0.333333|0.50|0.60|0.70|0.80|0.90|0.95|0.98|0.99|1.00,59,590,1.0,1.0,590,59,0.37305084745762707,0.2999999999999998,0,0,True,True,mean paired gain aggregated over all ten strengths and training trials,False
B1,A|B2,CONSERVATIVE,NONDEPLOYABLE_DECOUPLED_STRENGTH_GATE,0.45,0.05,0.9,0.4,10,0.333333|0.50|0.60|0.70|0.80|0.90|0.95|0.98|0.99|1.00,59,590,1.0,1.0,590,59,0.2540677966101694,0.09999999999999987,0,0,True,True,mean paired gain aggregated over all ten strengths and training trials,False
B1,A|B2,CONSERVATIVE,NONDEPLOYABLE_DECOUPLED_STRENGTH_GATE,0.45,0.1,0.5,0.4,10,0.333333|0.50|0.60|0.70|0.80|0.90|0.95|0.98|0.99|1.00,59,590,1.0,1.0,590,59,0.5018644067796609,0.4999999999999999,0,0,True,True,mean paired gain aggregated over all ten strengths and training trials,False
B1,A|B2,CONSERVATIVE,NONDEPLOYABLE_DECOUPLED_STRENGTH_GATE,0.45,0.1,0.7,0.4,10,0.333333|0.50|0.60|0.70|0.80|0.90|0.95|0.98|0.99|1.00,59,590,1.0,1.0,590,59,0.3722033898305083,0.2999999999999998,0,0,True,True,mean paired gain aggregated over all ten strengths and training trials,False
B1,A|B2,CONSERVATIVE,NONDEPLOYABLE_DECOUPLED_STRENGTH_GATE,0.45,0.1,0.9,0.4,10,0.333333|0.50|0.60|0.70|0.80|0.90|0.95|0.98|0.99|1.00,59,590,1.0,1.0,590,59,0.2532203389830508,0.09999999999999987,0,0,True,True,mean paired gain aggregated over all ten strengths and training trials,False
B1,A|B2,CONSERVATIVE,NONDEPLOYABLE_DECOUPLED_STRENGTH_GATE,0.45,0.15,0.5,0.4,10,0.333333|0.50|0.60|0.70|0.80|0.90|0.95|0.98|0.99|1.00,59,590,1.0,1.0,590,59,0.5018644067796609,0.4999999999999999,0,0,True,True,mean paired gain aggregated over all ten strengths and training trials,False
B1,A|B2,CONSERVATIVE,NONDEPLOYABLE_DECOUPLED_STRENGTH_GATE,0.45,0.15,0.7,0.4,10,0.333333|0.50|0.60|0.70|0.80|0.90|0.95|0.98|0.99|1.00,59,590,1.0,1.0,590,59,0.3722033898305083,0.2999999999999998,0,0,True,True,mean paired gain aggregated over all ten strengths and training trials,False
B1,A|B2,CONSERVATIVE,NONDEPLOYABLE_DECOUPLED_STRENGTH_GATE,0.45,0.15,0.9,0.4,10,0.333333|0.50|0.60|0.70|0.80|0.90|0.95|0.98|0.99|1.00,59,590,1.0,1.0,590,59,0.2532203389830508,0.09999999999999987,0,0,True,True,mean paired gain aggregated over all ten strengths and training trials,False
B1,A|B2,CONSERVATIVE,NONDEPLOYABLE_DECOUPLED_STRENGTH_GATE,0.45,0.2,0.5,0.4,10,0.333333|0.50|0.60|0.70|0.80|0.90|0.95|0.98|0.99|1.00,59,590,1.0,1.0,590,59,0.5018644067796609,0.4999999999999999,0,0,True,True,mean paired gain aggregated over all ten strengths and training trials,False
B1,A|B2,CONSERVATIVE,NONDEPLOYABLE_DECOUPLED_STRENGTH_GATE,0.45,0.2,0.7,0.4,10,0.333333|0.50|0.60|0.70|0.80|0.90|0.95|0.98|0.99|1.00,59,590,1.0,1.0,590,59,0.3722033898305083,0.2999999999999998,0,0,True,True,mean paired gain aggregated over all ten strengths and training trials,False
B1,A|B2,CONSERVATIVE,NONDEPLOYABLE_DECOUPLED_STRENGTH_GATE,0.45,0.2,0.9,0.4,10,0.333333|0.50|0.60|0.70|0.80|0.90|0.95|0.98|0.99|1.00,59,590,1.0,1.0,590,59,0.2532203389830508,0.09999999999999987,0,0,True,True,mean paired gain aggregated over all ten strengths and training trials,False
B1,A|B2,CONSERVATIVE,NONDEPLOYABLE_DECOUPLED_STRENGTH_GATE,0.5,0.01,0.5,0.4,10,0.333333|0.50|0.60|0.70|0.80|0.90|0.95|0.98|0.99|1.00,59,590,1.0,1.0,590,59,0.5018644067796609,0.4999999999999999,0,0,True,True,mean paired gain aggregated over all ten strengths and training trials,False
B1,A|B2,CONSERVATIVE,NONDEPLOYABLE_DECOUPLED_STRENGTH_GATE,0.5,0.01,0.7,0.4,10,0.333333|0.50|0.60|0.70|0.80|0.90|0.95|0.98|0.99|1.00,59,590,1.0,1.0,590,59,0.3722033898305083,0.2999999999999998,0,0,True,True,mean paired gain aggregated over all ten strengths and training trials,False
B1,A|B2,CONSERVATIVE,NONDEPLOYABLE_DECOUPLED_STRENGTH_GATE,0.5,0.01,0.9,0.4,10,0.333333|0.50|0.60|0.70|0.80|0.90|0.95|0.98|0.99|1.00,59,590,1.0,1.0,590,59,0.2532203389830508,0.09999999999999987,0,0,True,True,mean paired gain aggregated over all ten strengths and training trials,False
B1,A|B2,CONSERVATIVE,NONDEPLOYABLE_DECOUPLED_STRENGTH_GATE,0.5,0.05,0.5,0.4,10,0.333333|0.50|0.60|0.70|0.80|0.90|0.95|0.98|0.99|1.00,59,590,1.0,1.0,590,59,0.5018644067796609,0.4999999999999999,0,0,True,True,mean paired gain aggregated over all ten strengths and training trials,False
B1,A|B2,CONSERVATIVE,NONDEPLOYABLE_DECOUPLED_STRENGTH_GATE,0.5,0.05,0.7,0.4,10,0.333333|0.50|0.60|0.70|0.80|0.90|0.95|0.98|0.99|1.00,59,590,1.0,1.0,590,59,0.3722033898305083,0.2999999999999998,0,0,True,True,mean paired gain aggregated over all ten strengths and training trials,False
B1,A|B2,CONSERVATIVE,NONDEPLOYABLE_DECOUPLED_STRENGTH_GATE,0.5,0.05,0.9,0.4,10,0.333333|0.50|0.60|0.70|0.80|0.90|0.95|0.98|0.99|1.00,59,590,1.0,1.0,590,59,0.2532203389830508,0.09999999999999987,0,0,True,True,mean paired gain aggregated over all ten strengths and training trials,False
B1,A|B2,CONSERVATIVE,NONDEPLOYABLE_DECOUPLED_STRENGTH_GATE,0.5,0.1,0.5,0.4,10,0.333333|0.50|0.60|0.70|0.80|0.90|0.95|0.98|0.99|1.00,59,590,1.0,1.0,590,59,0.5018644067796609,0.4999999999999999,0,0,True,True,mean paired gain aggregated over all ten strengths and training trials,False
B1,A|B2,CONSERVATIVE,NONDEPLOYABLE_DECOUPLED_STRENGTH_GATE,0.5,0.1,0.7,0.4,10,0.333333|0.50|0.60|0.70|0.80|0.90|0.95|0.98|0.99|1.00,59,590,1.0,1.0,590,59,0.3722033898305083,0.2999999999999998,0,0,True,True,mean paired gain aggregated over all ten strengths and training trials,False
B1,A|B2,CONSERVATIVE,NONDEPLOYABLE_DECOUPLED_STRENGTH_GATE,0.5,0.1,0.9,0.4,10,0.333333|0.50|0.60|0.70|0.80|0.90|0.95|0.98|0.99|1.00,59,590,1.0,1.0,590,59,0.2532203389830508,0.09999999999999987,0,0,True,True,mean paired gain aggregated over all ten strengths and training trials,False
B1,A|B2,CONSERVATIVE,NONDEPLOYABLE_DECOUPLED_STRENGTH_GATE,0.5,0.15,0.5,0.4,10,0.333333|0.50|0.60|0.70|0.80|0.90|0.95|0.98|0.99|1.00,59,590,1.0,1.0,590,59,0.5018644067796609,0.4999999999999999,0,0,True,True,mean paired gain aggregated over all ten strengths and training trials,False
B1,A|B2,CONSERVATIVE,NONDEPLOYABLE_DECOUPLED_STRENGTH_GATE,0.5,0.15,0.7,0.4,10,0.333333|0.50|0.60|0.70|0.80|0.90|0.95|0.98|0.99|1.00,59,590,1.0,1.0,590,59,0.3722033898305083,0.2999999999999998,0,0,True,True,mean paired gain aggregated over all ten strengths and training trials,False
B1,A|B2,CONSERVATIVE,NONDEPLOYABLE_DECOUPLED_STRENGTH_GATE,0.5,0.15,0.9,0.4,10,0.333333|0.50|0.60|0.70|0.80|0.90|0.95|0.98|0.99|1.00,59,590,1.0,1.0,590,59,0.2532203389830508,0.09999999999999987,0,0,True,True,mean paired gain aggregated over all ten strengths and training trials,False
B1,A|B2,CONSERVATIVE,NONDEPLOYABLE_DECOUPLED_STRENGTH_GATE,0.5,0.2,0.5,0.4,10,0.333333|0.50|0.60|0.70|0.80|0.90|0.95|0.98|0.99|1.00,59,590,1.0,1.0,590,59,0.5018644067796609,0.4999999999999999,0,0,True,True,mean paired gain aggregated over all ten strengths and training trials,False
B1,A|B2,CONSERVATIVE,NONDEPLOYABLE_DECOUPLED_STRENGTH_GATE,0.5,0.2,0.7,0.4,10,0.333333|0.50|0.60|0.70|0.80|0.90|0.95|0.98|0.99|1.00,59,590,1.0,1.0,590,59,0.3722033898305083,0.2999999999999998,0,0,True,True,mean paired gain aggregated over all ten strengths and training trials,False
B1,A|B2,CONSERVATIVE,NONDEPLOYABLE_DECOUPLED_STRENGTH_GATE,0.5,0.2,0.9,0.4,10,0.333333|0.50|0.60|0.70|0.80|0.90|0.95|0.98|0.99|1.00,59,590,1.0,1.0,590,59,0.2532203389830508,0.09999999999999987,0,0,True,True,mean paired gain aggregated over all ten strengths and training trials,False
B1,A|B2,CONSERVATIVE,NONDEPLOYABLE_DECOUPLED_STRENGTH_GATE,0.55,0.01,0.5,0.4,10,0.333333|0.50|0.60|0.70|0.80|0.90|0.95|0.98|0.99|1.00,59,590,1.0,1.0,590,59,0.49322033898305073,0.4999999999999999,0,0,True,True,mean paired gain aggregated over all ten strengths and training trials,False
B1,A|B2,CONSERVATIVE,NONDEPLOYABLE_DECOUPLED_STRENGTH_GATE,0.55,0.01,0.7,0.4,10,0.333333|0.50|0.60|0.70|0.80|0.90|0.95|0.98|0.99|1.00,59,590,1.0,1.0,590,59,0.36762711864406766,0.2999999999999998,0,0,True,True,mean paired gain aggregated over all ten strengths and training trials,False
B1,A|B2,CONSERVATIVE,NONDEPLOYABLE_DECOUPLED_STRENGTH_GATE,0.55,0.01,0.9,0.4,10,0.333333|0.50|0.60|0.70|0.80|0.90|0.95|0.98|0.99|1.00,59,590,1.0,1.0,590,59,0.2508474576271186,0.09999999999999987,0,0,True,True,mean paired gain aggregated over all ten strengths and training trials,False
B1,A|B2,CONSERVATIVE,NONDEPLOYABLE_DECOUPLED_STRENGTH_GATE,0.55,0.05,0.5,0.4,10,0.333333|0.50|0.60|0.70|0.80|0.90|0.95|0.98|0.99|1.00,59,590,1.0,1.0,590,59,0.49322033898305073,0.4999999999999999,0,0,True,True,mean paired gain aggregated over all ten strengths and training trials,False
B1,A|B2,CONSERVATIVE,NONDEPLOYABLE_DECOUPLED_STRENGTH_GATE,0.55,0.05,0.7,0.4,10,0.333333|0.50|0.60|0.70|0.80|0.90|0.95|0.98|0.99|1.00,59,590,1.0,1.0,590,59,0.36762711864406766,0.2999999999999998,0,0,True,True,mean paired gain aggregated over all ten strengths and training trials,False
B1,A|B2,CONSERVATIVE,NONDEPLOYABLE_DECOUPLED_STRENGTH_GATE,0.55,0.05,0.9,0.4,10,0.333333|0.50|0.60|0.70|0.80|0.90|0.95|0.98|0.99|1.00,59,590,1.0,1.0,590,59,0.2508474576271186,0.09999999999999987,0,0,True,True,mean paired gain aggregated over all ten strengths and training trials,False
B1,A|B2,CONSERVATIVE,NONDEPLOYABLE_DECOUPLED_STRENGTH_GATE,0.55,0.1,0.5,0.4,10,0.333333|0.50|0.60|0.70|0.80|0.90|0.95|0.98|0.99|1.00,59,590,1.0,1.0,590,59,0.49322033898305073,0.4999999999999999,0,0,True,True,mean paired gain aggregated over all ten strengths and training trials,False
B1,A|B2,CONSERVATIVE,NONDEPLOYABLE_DECOUPLED_STRENGTH_GATE,0.55,0.1,0.7,0.4,10,0.333333|0.50|0.60|0.70|0.80|0.90|0.95|0.98|0.99|1.00,59,590,1.0,1.0,590,59,0.36762711864406766,0.2999999999999998,0,0,True,True,mean paired gain aggregated over all ten strengths and training trials,False
B1,A|B2,CONSERVATIVE,NONDEPLOYABLE_DECOUPLED_STRENGTH_GATE,0.55,0.1,0.9,0.4,10,0.333333|0.50|0.60|0.70|0.80|0.90|0.95|0.98|0.99|1.00,59,590,1.0,1.0,590,59,0.2508474576271186,0.09999999999999987,0,0,True,True,mean paired gain aggregated over all ten strengths and training trials,False
B1,A|B2,CONSERVATIVE,NONDEPLOYABLE_DECOUPLED_STRENGTH_GATE,0.55,0.15,0.5,0.4,10,0.333333|0.50|0.60|0.70|0.80|0.90|0.95|0.98|0.99|1.00,59,590,1.0,1.0,590,59,0.49322033898305073,0.4999999999999999,0,0,True,True,mean paired gain aggregated over all ten strengths and training trials,False
B1,A|B2,CONSERVATIVE,NONDEPLOYABLE_DECOUPLED_STRENGTH_GATE,0.55,0.15,0.7,0.4,10,0.333333|0.50|0.60|0.70|0.80|0.90|0.95|0.98|0.99|1.00,59,590,1.0,1.0,590,59,0.36762711864406766,0.2999999999999998,0,0,True,True,mean paired gain aggregated over all ten strengths and training trials,False
B1,A|B2,CONSERVATIVE,NONDEPLOYABLE_DECOUPLED_STRENGTH_GATE,0.55,0.15,0.9,0.4,10,0.333333|0.50|0.60|0.70|0.80|0.90|0.95|0.98|0.99|1.00,59,590,1.0,1.0,590,59,0.2508474576271186,0.09999999999999987,0,0,True,True,mean paired gain aggregated over all ten strengths and training trials,False
B1,A|B2,CONSERVATIVE,NONDEPLOYABLE_DECOUPLED_STRENGTH_GATE,0.55,0.2,0.5,0.4,10,0.333333|0.50|0.60|0.70|0.80|0.90|0.95|0.98|0.99|1.00,59,590,1.0,1.0,590,59,0.49322033898305073,0.4999999999999999,0,0,True,True,mean paired gain aggregated over all ten strengths and training trials,False
B1,A|B2,CONSERVATIVE,NONDEPLOYABLE_DECOUPLED_STRENGTH_GATE,0.55,0.2,0.7,0.4,10,0.333333|0.50|0.60|0.70|0.80|0.90|0.95|0.98|0.99|1.00,59,590,1.0,1.0,590,59,0.36762711864406766,0.2999999999999998,0,0,True,True,mean paired gain aggregated over all ten strengths and training trials,False
B1,A|B2,CONSERVATIVE,NONDEPLOYABLE_DECOUPLED_STRENGTH_GATE,0.55,0.2,0.9,0.4,10,0.333333|0.50|0.60|0.70|0.80|0.90|0.95|0.98|0.99|1.00,59,590,1.0,1.0,590,59,0.2508474576271186,0.09999999999999987,0,0,True,True,mean paired gain aggregated over all ten strengths and training trials,False
B2,A|B1,FAST,FROZEN_GATE_SHARED_THRESHOLD,0.4,0.01,0.5,0.4,10,0.333333|0.50|0.60|0.70|0.80|0.90|0.95|0.98|0.99|1.00,59,590,1.0,1.0,590,59,0.17559322033898303,0.0,0,0,True,True,mean paired gain aggregated over all ten strengths and training trials,False
B2,A|B1,FAST,FROZEN_GATE_SHARED_THRESHOLD,0.4,0.01,0.7,0.4,10,0.333333|0.50|0.60|0.70|0.80|0.90|0.95|0.98|0.99|1.00,59,590,1.0,1.0,590,59,0.11033898305084745,0.0,0,0,True,True,mean paired gain aggregated over all ten strengths and training trials,False
B2,A|B1,FAST,FROZEN_GATE_SHARED_THRESHOLD,0.4,0.01,0.9,0.4,10,0.333333|0.50|0.60|0.70|0.80|0.90|0.95|0.98|0.99|1.00,59,590,1.0,1.0,590,59,0.0711864406779661,0.0,0,0,True,True,mean paired gain aggregated over all ten strengths and training trials,False
B2,A|B1,FAST,FROZEN_GATE_SHARED_THRESHOLD,0.4,0.05,0.5,0.4,10,0.333333|0.50|0.60|0.70|0.80|0.90|0.95|0.98|0.99|1.00,59,590,1.0,1.0,590,59,0.17559322033898303,0.0,0,0,True,True,mean paired gain aggregated over all ten strengths and training trials,False
B2,A|B1,FAST,FROZEN_GATE_SHARED_THRESHOLD,0.4,0.05,0.7,0.4,10,0.333333|0.50|0.60|0.70|0.80|0.90|0.95|0.98|0.99|1.00,59,590,1.0,1.0,590,59,0.11033898305084745,0.0,0,0,True,True,mean paired gain aggregated over all ten strengths and training trials,False
B2,A|B1,FAST,FROZEN_GATE_SHARED_THRESHOLD,0.4,0.05,0.9,0.4,10,0.333333|0.50|0.60|0.70|0.80|0.90|0.95|0.98|0.99|1.00,59,590,1.0,1.0,590,59,0.0711864406779661,0.0,0,0,True,True,mean paired gain aggregated over all ten strengths and training trials,False
B2,A|B1,FAST,FROZEN_GATE_SHARED_THRESHOLD,0.4,0.1,0.5,0.4,10,0.333333|0.50|0.60|0.70|0.80|0.90|0.95|0.98|0.99|1.00,59,590,1.0,1.0,590,59,0.17559322033898303,0.0,0,0,True,True,mean paired gain aggregated over all ten strengths and training trials,False
B2,A|B1,FAST,FROZEN_GATE_SHARED_THRESHOLD,0.4,0.1,0.7,0.4,10,0.333333|0.50|0.60|0.70|0.80|0.90|0.95|0.98|0.99|1.00,59,590,1.0,1.0,590,59,0.11033898305084745,0.0,0,0,True,True,mean paired gain aggregated over all ten strengths and training trials,False
B2,A|B1,FAST,FROZEN_GATE_SHARED_THRESHOLD,0.4,0.1,0.9,0.4,10,0.333333|0.50|0.60|0.70|0.80|0.90|0.95|0.98|0.99|1.00,59,590,1.0,1.0,590,59,0.0711864406779661,0.0,0,0,True,True,mean paired gain aggregated over all ten strengths and training trials,False
B2,A|B1,FAST,FROZEN_GATE_SHARED_THRESHOLD,0.4,0.15,0.5,0.4,10,0.333333|0.50|0.60|0.70|0.80|0.90|0.95|0.98|0.99|1.00,59,590,1.0,1.0,590,59,0.17559322033898303,0.0,0,0,True,True,mean paired gain aggregated over all ten strengths and training trials,False
B2,A|B1,FAST,FROZEN_GATE_SHARED_THRESHOLD,0.4,0.15,0.7,0.4,10,0.333333|0.50|0.60|0.70|0.80|0.90|0.95|0.98|0.99|1.00,59,590,1.0,1.0,590,59,0.11033898305084745,0.0,0,0,True,True,mean paired gain aggregated over all ten strengths and training trials,False
B2,A|B1,FAST,FROZEN_GATE_SHARED_THRESHOLD,0.4,0.15,0.9,0.4,10,0.333333|0.50|0.60|0.70|0.80|0.90|0.95|0.98|0.99|1.00,59,590,1.0,1.0,590,59,0.0711864406779661,0.0,0,0,True,True,mean paired gain aggregated over all ten strengths and training trials,False
B2,A|B1,FAST,FROZEN_GATE_SHARED_THRESHOLD,0.4,0.2,0.5,0.4,10,0.333333|0.50|0.60|0.70|0.80|0.90|0.95|0.98|0.99|1.00,59,590,1.0,1.0,590,59,0.17559322033898303,0.0,0,0,True,True,mean paired gain aggregated over all ten strengths and training trials,False
B2,A|B1,FAST,FROZEN_GATE_SHARED_THRESHOLD,0.4,0.2,0.7,0.4,10,0.333333|0.50|0.60|0.70|0.80|0.90|0.95|0.98|0.99|1.00,59,590,1.0,1.0,590,59,0.11033898305084745,0.0,0,0,True,True,mean paired gain aggregated over all ten strengths and training trials,False
B2,A|B1,FAST,FROZEN_GATE_SHARED_THRESHOLD,0.4,0.2,0.9,0.4,10,0.333333|0.50|0.60|0.70|0.80|0.90|0.95|0.98|0.99|1.00,59,590,1.0,1.0,590,59,0.0711864406779661,0.0,0,0,True,True,mean paired gain aggregated over all ten strengths and training trials,False
B2,A|B1,FAST,FROZEN_GATE_SHARED_THRESHOLD,0.45,0.01,0.5,0.4,10,0.333333|0.50|0.60|0.70|0.80|0.90|0.95|0.98|0.99|1.00,59,590,1.0,1.0,590,59,0.17559322033898303,0.0,0,0,True,True,mean paired gain aggregated over all ten strengths and training trials,False
B2,A|B1,FAST,FROZEN_GATE_SHARED_THRESHOLD,0.45,0.01,0.7,0.4,10,0.333333|0.50|0.60|0.70|0.80|0.90|0.95|0.98|0.99|1.00,59,590,1.0,1.0,590,59,0.11033898305084745,0.0,0,0,True,True,mean paired gain aggregated over all ten strengths and training trials,False
B2,A|B1,FAST,FROZEN_GATE_SHARED_THRESHOLD,0.45,0.01,0.9,0.4,10,0.333333|0.50|0.60|0.70|0.80|0.90|0.95|0.98|0.99|1.00,59,590,1.0,1.0,590,59,0.0711864406779661,0.0,0,0,True,True,mean paired gain aggregated over all ten strengths and training trials,False
B2,A|B1,FAST,FROZEN_GATE_SHARED_THRESHOLD,0.45,0.05,0.5,0.4,10,0.333333|0.50|0.60|0.70|0.80|0.90|0.95|0.98|0.99|1.00,59,590,1.0,1.0,590,59,0.17559322033898303,0.0,0,0,True,True,mean paired gain aggregated over all ten strengths and training trials,False
B2,A|B1,FAST,FROZEN_GATE_SHARED_THRESHOLD,0.45,0.05,0.7,0.4,10,0.333333|0.50|0.60|0.70|0.80|0.90|0.95|0.98|0.99|1.00,59,590,1.0,1.0,590,59,0.11033898305084745,0.0,0,0,True,True,mean paired gain aggregated over all ten strengths and training trials,False
B2,A|B1,FAST,FROZEN_GATE_SHARED_THRESHOLD,0.45,0.05,0.9,0.4,10,0.333333|0.50|0.60|0.70|0.80|0.90|0.95|0.98|0.99|1.00,59,590,1.0,1.0,590,59,0.0711864406779661,0.0,0,0,True,True,mean paired gain aggregated over all ten strengths and training trials,False
B2,A|B1,FAST,FROZEN_GATE_SHARED_THRESHOLD,0.45,0.1,0.5,0.4,10,0.333333|0.50|0.60|0.70|0.80|0.90|0.95|0.98|0.99|1.00,59,590,1.0,1.0,590,59,0.17559322033898303,0.0,0,0,True,True,mean paired gain aggregated over all ten strengths and training trials,False
B2,A|B1,FAST,FROZEN_GATE_SHARED_THRESHOLD,0.45,0.1,0.7,0.4,10,0.333333|0.50|0.60|0.70|0.80|0.90|0.95|0.98|0.99|1.00,59,590,1.0,1.0,590,59,0.11033898305084745,0.0,0,0,True,True,mean paired gain aggregated over all ten strengths and training trials,False
B2,A|B1,FAST,FROZEN_GATE_SHARED_THRESHOLD,0.45,0.1,0.9,0.4,10,0.333333|0.50|0.60|0.70|0.80|0.90|0.95|0.98|0.99|1.00,59,590,1.0,1.0,590,59,0.0711864406779661,0.0,0,0,True,True,mean paired gain aggregated over all ten strengths and training trials,False
B2,A|B1,FAST,FROZEN_GATE_SHARED_THRESHOLD,0.45,0.15,0.5,0.4,10,0.333333|0.50|0.60|0.70|0.80|0.90|0.95|0.98|0.99|1.00,59,590,1.0,1.0,590,59,0.17559322033898303,0.0,0,0,True,True,mean paired gain aggregated over all ten strengths and training trials,False
B2,A|B1,FAST,FROZEN_GATE_SHARED_THRESHOLD,0.45,0.15,0.7,0.4,10,0.333333|0.50|0.60|0.70|0.80|0.90|0.95|0.98|0.99|1.00,59,590,1.0,1.0,590,59,0.11033898305084745,0.0,0,0,True,True,mean paired gain aggregated over all ten strengths and training trials,False
B2,A|B1,FAST,FROZEN_GATE_SHARED_THRESHOLD,0.45,0.15,0.9,0.4,10,0.333333|0.50|0.60|0.70|0.80|0.90|0.95|0.98|0.99|1.00,59,590,1.0,1.0,590,59,0.0711864406779661,0.0,0,0,True,True,mean paired gain aggregated over all ten strengths and training trials,False
B2,A|B1,FAST,FROZEN_GATE_SHARED_THRESHOLD,0.45,0.2,0.5,0.4,10,0.333333|0.50|0.60|0.70|0.80|0.90|0.95|0.98|0.99|1.00,59,590,1.0,1.0,590,59,0.17559322033898303,0.0,0,0,True,True,mean paired gain aggregated over all ten strengths and training trials,False
B2,A|B1,FAST,FROZEN_GATE_SHARED_THRESHOLD,0.45,0.2,0.7,0.4,10,0.333333|0.50|0.60|0.70|0.80|0.90|0.95|0.98|0.99|1.00,59,590,1.0,1.0,590,59,0.11033898305084745,0.0,0,0,True,True,mean paired gain aggregated over all ten strengths and training trials,False
B2,A|B1,FAST,FROZEN_GATE_SHARED_THRESHOLD,0.45,0.2,0.9,0.4,10,0.333333|0.50|0.60|0.70|0.80|0.90|0.95|0.98|0.99|1.00,59,590,1.0,1.0,590,59,0.0711864406779661,0.0,0,0,True,True,mean paired gain aggregated over all ten strengths and training trials,False
B2,A|B1,FAST,FROZEN_GATE_SHARED_THRESHOLD,0.5,0.01,0.5,0.4,10,0.333333|0.50|0.60|0.70|0.80|0.90|0.95|0.98|0.99|1.00,59,590,1.0,1.0,590,59,0.17559322033898303,0.0,0,0,True,True,mean paired gain aggregated over all ten strengths and training trials,False
B2,A|B1,FAST,FROZEN_GATE_SHARED_THRESHOLD,0.5,0.01,0.7,0.4,10,0.333333|0.50|0.60|0.70|0.80|0.90|0.95|0.98|0.99|1.00,59,590,1.0,1.0,590,59,0.11033898305084745,0.0,0,0,True,True,mean paired gain aggregated over all ten strengths and training trials,False
B2,A|B1,FAST,FROZEN_GATE_SHARED_THRESHOLD,0.5,0.01,0.9,0.4,10,0.333333|0.50|0.60|0.70|0.80|0.90|0.95|0.98|0.99|1.00,59,590,1.0,1.0,590,59,0.0711864406779661,0.0,0,0,True,True,mean paired gain aggregated over all ten strengths and training trials,False
B2,A|B1,FAST,FROZEN_GATE_SHARED_THRESHOLD,0.5,0.05,0.5,0.4,10,0.333333|0.50|0.60|0.70|0.80|0.90|0.95|0.98|0.99|1.00,59,590,1.0,1.0,590,59,0.17559322033898303,0.0,0,0,True,True,mean paired gain aggregated over all ten strengths and training trials,False
B2,A|B1,FAST,FROZEN_GATE_SHARED_THRESHOLD,0.5,0.05,0.7,0.4,10,0.333333|0.50|0.60|0.70|0.80|0.90|0.95|0.98|0.99|1.00,59,590,1.0,1.0,590,59,0.11033898305084745,0.0,0,0,True,True,mean paired gain aggregated over all ten strengths and training trials,False
B2,A|B1,FAST,FROZEN_GATE_SHARED_THRESHOLD,0.5,0.05,0.9,0.4,10,0.333333|0.50|0.60|0.70|0.80|0.90|0.95|0.98|0.99|1.00,59,590,1.0,1.0,590,59,0.0711864406779661,0.0,0,0,True,True,mean paired gain aggregated over all ten strengths and training trials,False
B2,A|B1,FAST,FROZEN_GATE_SHARED_THRESHOLD,0.5,0.1,0.5,0.4,10,0.333333|0.50|0.60|0.70|0.80|0.90|0.95|0.98|0.99|1.00,59,590,1.0,1.0,590,59,0.17559322033898303,0.0,0,0,True,True,mean paired gain aggregated over all ten strengths and training trials,False
B2,A|B1,FAST,FROZEN_GATE_SHARED_THRESHOLD,0.5,0.1,0.7,0.4,10,0.333333|0.50|0.60|0.70|0.80|0.90|0.95|0.98|0.99|1.00,59,590,1.0,1.0,590,59,0.11033898305084745,0.0,0,0,True,True,mean paired gain aggregated over all ten strengths and training trials,False
B2,A|B1,FAST,FROZEN_GATE_SHARED_THRESHOLD,0.5,0.1,0.9,0.4,10,0.333333|0.50|0.60|0.70|0.80|0.90|0.95|0.98|0.99|1.00,59,590,1.0,1.0,590,59,0.0711864406779661,0.0,0,0,True,True,mean paired gain aggregated over all ten strengths and training trials,False
B2,A|B1,FAST,FROZEN_GATE_SHARED_THRESHOLD,0.5,0.15,0.5,0.4,10,0.333333|0.50|0.60|0.70|0.80|0.90|0.95|0.98|0.99|1.00,59,590,1.0,1.0,590,59,0.17559322033898303,0.0,0,0,True,True,mean paired gain aggregated over all ten strengths and training trials,False
B2,A|B1,FAST,FROZEN_GATE_SHARED_THRESHOLD,0.5,0.15,0.7,0.4,10,0.333333|0.50|0.60|0.70|0.80|0.90|0.95|0.98|0.99|1.00,59,590,1.0,1.0,590,59,0.11033898305084745,0.0,0,0,True,True,mean paired gain aggregated over all ten strengths and training trials,False
B2,A|B1,FAST,FROZEN_GATE_SHARED_THRESHOLD,0.5,0.15,0.9,0.4,10,0.333333|0.50|0.60|0.70|0.80|0.90|0.95|0.98|0.99|1.00,59,590,1.0,1.0,590,59,0.0711864406779661,0.0,0,0,True,True,mean paired gain aggregated over all ten strengths and training trials,False
B2,A|B1,FAST,FROZEN_GATE_SHARED_THRESHOLD,0.5,0.2,0.5,0.4,10,0.333333|0.50|0.60|0.70|0.80|0.90|0.95|0.98|0.99|1.00,59,590,1.0,1.0,590,59,0.17559322033898303,0.0,0,0,True,True,mean paired gain aggregated over all ten strengths and training trials,False
B2,A|B1,FAST,FROZEN_GATE_SHARED_THRESHOLD,0.5,0.2,0.7,0.4,10,0.333333|0.50|0.60|0.70|0.80|0.90|0.95|0.98|0.99|1.00,59,590,1.0,1.0,590,59,0.11033898305084745,0.0,0,0,True,True,mean paired gain aggregated over all ten strengths and training trials,False
B2,A|B1,FAST,FROZEN_GATE_SHARED_THRESHOLD,0.5,0.2,0.9,0.4,10,0.333333|0.50|0.60|0.70|0.80|0.90|0.95|0.98|0.99|1.00,59,590,1.0,1.0,590,59,0.0711864406779661,0.0,0,0,True,True,mean paired gain aggregated over all ten strengths and training trials,False
B2,A|B1,FAST,FROZEN_GATE_SHARED_THRESHOLD,0.55,0.01,0.5,0.4,10,0.333333|0.50|0.60|0.70|0.80|0.90|0.95|0.98|0.99|1.00,59,590,1.0,1.0,590,59,0.17559322033898303,0.0,0,0,True,True,mean paired gain aggregated over all ten strengths and training trials,False
B2,A|B1,FAST,FROZEN_GATE_SHARED_THRESHOLD,0.55,0.01,0.7,0.4,10,0.333333|0.50|0.60|0.70|0.80|0.90|0.95|0.98|0.99|1.00,59,590,1.0,1.0,590,59,0.11033898305084745,0.0,0,0,True,True,mean paired gain aggregated over all ten strengths and training trials,False
B2,A|B1,FAST,FROZEN_GATE_SHARED_THRESHOLD,0.55,0.01,0.9,0.4,10,0.333333|0.50|0.60|0.70|0.80|0.90|0.95|0.98|0.99|1.00,59,590,1.0,1.0,590,59,0.0711864406779661,0.0,0,0,True,True,mean paired gain aggregated over all ten strengths and training trials,False
B2,A|B1,FAST,FROZEN_GATE_SHARED_THRESHOLD,0.55,0.05,0.5,0.4,10,0.333333|0.50|0.60|0.70|0.80|0.90|0.95|0.98|0.99|1.00,59,590,1.0,1.0,590,59,0.17559322033898303,0.0,0,0,True,True,mean paired gain aggregated over all ten strengths and training trials,False
B2,A|B1,FAST,FROZEN_GATE_SHARED_THRESHOLD,0.55,0.05,0.7,0.4,10,0.333333|0.50|0.60|0.70|0.80|0.90|0.95|0.98|0.99|1.00,59,590,1.0,1.0,590,59,0.11033898305084745,0.0,0,0,True,True,mean paired gain aggregated over all ten strengths and training trials,False
B2,A|B1,FAST,FROZEN_GATE_SHARED_THRESHOLD,0.55,0.05,0.9,0.4,10,0.333333|0.50|0.60|0.70|0.80|0.90|0.95|0.98|0.99|1.00,59,590,1.0,1.0,590,59,0.0711864406779661,0.0,0,0,True,True,mean paired gain aggregated over all ten strengths and training trials,False
B2,A|B1,FAST,FROZEN_GATE_SHARED_THRESHOLD,0.55,0.1,0.5,0.4,10,0.333333|0.50|0.60|0.70|0.80|0.90|0.95|0.98|0.99|1.00,59,590,1.0,1.0,590,59,0.17559322033898303,0.0,0,0,True,True,mean paired gain aggregated over all ten strengths and training trials,False
B2,A|B1,FAST,FROZEN_GATE_SHARED_THRESHOLD,0.55,0.1,0.7,0.4,10,0.333333|0.50|0.60|0.70|0.80|0.90|0.95|0.98|0.99|1.00,59,590,1.0,1.0,590,59,0.11033898305084745,0.0,0,0,True,True,mean paired gain aggregated over all ten strengths and training trials,False
B2,A|B1,FAST,FROZEN_GATE_SHARED_THRESHOLD,0.55,0.1,0.9,0.4,10,0.333333|0.50|0.60|0.70|0.80|0.90|0.95|0.98|0.99|1.00,59,590,1.0,1.0,590,59,0.0711864406779661,0.0,0,0,True,True,mean paired gain aggregated over all ten strengths and training trials,False
B2,A|B1,FAST,FROZEN_GATE_SHARED_THRESHOLD,0.55,0.15,0.5,0.4,10,0.333333|0.50|0.60|0.70|0.80|0.90|0.95|0.98|0.99|1.00,59,590,1.0,1.0,590,59,0.17559322033898303,0.0,0,0,True,True,mean paired gain aggregated over all ten strengths and training trials,False
B2,A|B1,FAST,FROZEN_GATE_SHARED_THRESHOLD,0.55,0.15,0.7,0.4,10,0.333333|0.50|0.60|0.70|0.80|0.90|0.95|0.98|0.99|1.00,59,590,1.0,1.0,590,59,0.11033898305084745,0.0,0,0,True,True,mean paired gain aggregated over all ten strengths and training trials,False
B2,A|B1,FAST,FROZEN_GATE_SHARED_THRESHOLD,0.55,0.15,0.9,0.4,10,0.333333|0.50|0.60|0.70|0.80|0.90|0.95|0.98|0.99|1.00,59,590,1.0,1.0,590,59,0.0711864406779661,0.0,0,0,True,True,mean paired gain aggregated over all ten strengths and training trials,False
B2,A|B1,FAST,FROZEN_GATE_SHARED_THRESHOLD,0.55,0.2,0.5,0.4,10,0.333333|0.50|0.60|0.70|0.80|0.90|0.95|0.98|0.99|1.00,59,590,1.0,1.0,590,59,0.17559322033898303,0.0,0,0,True,True,mean paired gain aggregated over all ten strengths and training trials,True
B2,A|B1,FAST,FROZEN_GATE_SHARED_THRESHOLD,0.55,0.2,0.7,0.4,10,0.333333|0.50|0.60|0.70|0.80|0.90|0.95|0.98|0.99|1.00,59,590,1.0,1.0,590,59,0.11033898305084745,0.0,0,0,True,True,mean paired gain aggregated over all ten strengths and training trials,False
B2,A|B1,FAST,FROZEN_GATE_SHARED_THRESHOLD,0.55,0.2,0.9,0.4,10,0.333333|0.50|0.60|0.70|0.80|0.90|0.95|0.98|0.99|1.00,59,590,1.0,1.0,590,59,0.0711864406779661,0.0,0,0,True,True,mean paired gain aggregated over all ten strengths and training trials,False
B2,A|B1,FAST,NONDEPLOYABLE_DECOUPLED_STRENGTH_GATE,0.4,0.01,0.5,0.4,10,0.333333|0.50|0.60|0.70|0.80|0.90|0.95|0.98|0.99|1.00,59,590,1.0,1.0,590,59,0.22576271186440677,0.09999999999999998,0,0,True,True,mean paired gain aggregated over all ten strengths and training trials,False
B2,A|B1,FAST,NONDEPLOYABLE_DECOUPLED_STRENGTH_GATE,0.4,0.01,0.7,0.4,10,0.333333|0.50|0.60|0.70|0.80|0.90|0.95|0.98|0.99|1.00,59,590,1.0,1.0,590,59,0.141864406779661,0.0,0,0,True,True,mean paired gain aggregated over all ten strengths and training trials,False
B2,A|B1,FAST,NONDEPLOYABLE_DECOUPLED_STRENGTH_GATE,0.4,0.01,0.9,0.4,10,0.333333|0.50|0.60|0.70|0.80|0.90|0.95|0.98|0.99|1.00,59,590,1.0,1.0,590,59,0.09152542372881355,0.0,0,0,True,True,mean paired gain aggregated over all ten strengths and training trials,False
B2,A|B1,FAST,NONDEPLOYABLE_DECOUPLED_STRENGTH_GATE,0.4,0.05,0.5,0.4,10,0.333333|0.50|0.60|0.70|0.80|0.90|0.95|0.98|0.99|1.00,59,590,1.0,1.0,590,59,0.22576271186440677,0.09999999999999998,0,0,True,True,mean paired gain aggregated over all ten strengths and training trials,False
B2,A|B1,FAST,NONDEPLOYABLE_DECOUPLED_STRENGTH_GATE,0.4,0.05,0.7,0.4,10,0.333333|0.50|0.60|0.70|0.80|0.90|0.95|0.98|0.99|1.00,59,590,1.0,1.0,590,59,0.141864406779661,0.0,0,0,True,True,mean paired gain aggregated over all ten strengths and training trials,False
B2,A|B1,FAST,NONDEPLOYABLE_DECOUPLED_STRENGTH_GATE,0.4,0.05,0.9,0.4,10,0.333333|0.50|0.60|0.70|0.80|0.90|0.95|0.98|0.99|1.00,59,590,1.0,1.0,590,59,0.09152542372881355,0.0,0,0,True,True,mean paired gain aggregated over all ten strengths and training trials,False
B2,A|B1,FAST,NONDEPLOYABLE_DECOUPLED_STRENGTH_GATE,0.4,0.1,0.5,0.4,10,0.333333|0.50|0.60|0.70|0.80|0.90|0.95|0.98|0.99|1.00,59,590,1.0,1.0,590,59,0.22576271186440677,0.09999999999999998,0,0,True,True,mean paired gain aggregated over all ten strengths and training trials,False
B2,A|B1,FAST,NONDEPLOYABLE_DECOUPLED_STRENGTH_GATE,0.4,0.1,0.7,0.4,10,0.333333|0.50|0.60|0.70|0.80|0.90|0.95|0.98|0.99|1.00,59,590,1.0,1.0,590,59,0.141864406779661,0.0,0,0,True,True,mean paired gain aggregated over all ten strengths and training trials,False
B2,A|B1,FAST,NONDEPLOYABLE_DECOUPLED_STRENGTH_GATE,0.4,0.1,0.9,0.4,10,0.333333|0.50|0.60|0.70|0.80|0.90|0.95|0.98|0.99|1.00,59,590,1.0,1.0,590,59,0.09152542372881355,0.0,0,0,True,True,mean paired gain aggregated over all ten strengths and training trials,False
B2,A|B1,FAST,NONDEPLOYABLE_DECOUPLED_STRENGTH_GATE,0.4,0.15,0.5,0.4,10,0.333333|0.50|0.60|0.70|0.80|0.90|0.95|0.98|0.99|1.00,59,590,1.0,1.0,590,59,0.22576271186440677,0.09999999999999998,0,0,True,True,mean paired gain aggregated over all ten strengths and training trials,False
B2,A|B1,FAST,NONDEPLOYABLE_DECOUPLED_STRENGTH_GATE,0.4,0.15,0.7,0.4,10,0.333333|0.50|0.60|0.70|0.80|0.90|0.95|0.98|0.99|1.00,59,590,1.0,1.0,590,59,0.141864406779661,0.0,0,0,True,True,mean paired gain aggregated over all ten strengths and training trials,False
B2,A|B1,FAST,NONDEPLOYABLE_DECOUPLED_STRENGTH_GATE,0.4,0.15,0.9,0.4,10,0.333333|0.50|0.60|0.70|0.80|0.90|0.95|0.98|0.99|1.00,59,590,1.0,1.0,590,59,0.09152542372881355,0.0,0,0,True,True,mean paired gain aggregated over all ten strengths and training trials,False
B2,A|B1,FAST,NONDEPLOYABLE_DECOUPLED_STRENGTH_GATE,0.4,0.2,0.5,0.4,10,0.333333|0.50|0.60|0.70|0.80|0.90|0.95|0.98|0.99|1.00,59,590,1.0,1.0,590,59,0.22576271186440677,0.09999999999999998,0,0,True,True,mean paired gain aggregated over all ten strengths and training trials,False
B2,A|B1,FAST,NONDEPLOYABLE_DECOUPLED_STRENGTH_GATE,0.4,0.2,0.7,0.4,10,0.333333|0.50|0.60|0.70|0.80|0.90|0.95|0.98|0.99|1.00,59,590,1.0,1.0,590,59,0.141864406779661,0.0,0,0,True,True,mean paired gain aggregated over all ten strengths and training trials,False
B2,A|B1,FAST,NONDEPLOYABLE_DECOUPLED_STRENGTH_GATE,0.4,0.2,0.9,0.4,10,0.333333|0.50|0.60|0.70|0.80|0.90|0.95|0.98|0.99|1.00,59,590,1.0,1.0,590,59,0.09152542372881355,0.0,0,0,True,True,mean paired gain aggregated over all ten strengths and training trials,False
B2,A|B1,FAST,NONDEPLOYABLE_DECOUPLED_STRENGTH_GATE,0.45,0.01,0.5,0.4,10,0.333333|0.50|0.60|0.70|0.80|0.90|0.95|0.98|0.99|1.00,59,590,1.0,1.0,590,59,0.22576271186440677,0.09999999999999998,0,0,True,True,mean paired gain aggregated over all ten strengths and training trials,False
B2,A|B1,FAST,NONDEPLOYABLE_DECOUPLED_STRENGTH_GATE,0.45,0.01,0.7,0.4,10,0.333333|0.50|0.60|0.70|0.80|0.90|0.95|0.98|0.99|1.00,59,590,1.0,1.0,590,59,0.141864406779661,0.0,0,0,True,True,mean paired gain aggregated over all ten strengths and training trials,False
B2,A|B1,FAST,NONDEPLOYABLE_DECOUPLED_STRENGTH_GATE,0.45,0.01,0.9,0.4,10,0.333333|0.50|0.60|0.70|0.80|0.90|0.95|0.98|0.99|1.00,59,590,1.0,1.0,590,59,0.09152542372881355,0.0,0,0,True,True,mean paired gain aggregated over all ten strengths and training trials,False
B2,A|B1,FAST,NONDEPLOYABLE_DECOUPLED_STRENGTH_GATE,0.45,0.05,0.5,0.4,10,0.333333|0.50|0.60|0.70|0.80|0.90|0.95|0.98|0.99|1.00,59,590,1.0,1.0,590,59,0.22576271186440677,0.09999999999999998,0,0,True,True,mean paired gain aggregated over all ten strengths and training trials,False
B2,A|B1,FAST,NONDEPLOYABLE_DECOUPLED_STRENGTH_GATE,0.45,0.05,0.7,0.4,10,0.333333|0.50|0.60|0.70|0.80|0.90|0.95|0.98|0.99|1.00,59,590,1.0,1.0,590,59,0.141864406779661,0.0,0,0,True,True,mean paired gain aggregated over all ten strengths and training trials,False
B2,A|B1,FAST,NONDEPLOYABLE_DECOUPLED_STRENGTH_GATE,0.45,0.05,0.9,0.4,10,0.333333|0.50|0.60|0.70|0.80|0.90|0.95|0.98|0.99|1.00,59,590,1.0,1.0,590,59,0.09152542372881355,0.0,0,0,True,True,mean paired gain aggregated over all ten strengths and training trials,False
B2,A|B1,FAST,NONDEPLOYABLE_DECOUPLED_STRENGTH_GATE,0.45,0.1,0.5,0.4,10,0.333333|0.50|0.60|0.70|0.80|0.90|0.95|0.98|0.99|1.00,59,590,1.0,1.0,590,59,0.22576271186440677,0.09999999999999998,0,0,True,True,mean paired gain aggregated over all ten strengths and training trials,False
B2,A|B1,FAST,NONDEPLOYABLE_DECOUPLED_STRENGTH_GATE,0.45,0.1,0.7,0.4,10,0.333333|0.50|0.60|0.70|0.80|0.90|0.95|0.98|0.99|1.00,59,590,1.0,1.0,590,59,0.141864406779661,0.0,0,0,True,True,mean paired gain aggregated over all ten strengths and training trials,False
B2,A|B1,FAST,NONDEPLOYABLE_DECOUPLED_STRENGTH_GATE,0.45,0.1,0.9,0.4,10,0.333333|0.50|0.60|0.70|0.80|0.90|0.95|0.98|0.99|1.00,59,590,1.0,1.0,590,59,0.09152542372881355,0.0,0,0,True,True,mean paired gain aggregated over all ten strengths and training trials,False
B2,A|B1,FAST,NONDEPLOYABLE_DECOUPLED_STRENGTH_GATE,0.45,0.15,0.5,0.4,10,0.333333|0.50|0.60|0.70|0.80|0.90|0.95|0.98|0.99|1.00,59,590,1.0,1.0,590,59,0.22576271186440677,0.09999999999999998,0,0,True,True,mean paired gain aggregated over all ten strengths and training trials,False
B2,A|B1,FAST,NONDEPLOYABLE_DECOUPLED_STRENGTH_GATE,0.45,0.15,0.7,0.4,10,0.333333|0.50|0.60|0.70|0.80|0.90|0.95|0.98|0.99|1.00,59,590,1.0,1.0,590,59,0.141864406779661,0.0,0,0,True,True,mean paired gain aggregated over all ten strengths and training trials,False
B2,A|B1,FAST,NONDEPLOYABLE_DECOUPLED_STRENGTH_GATE,0.45,0.15,0.9,0.4,10,0.333333|0.50|0.60|0.70|0.80|0.90|0.95|0.98|0.99|1.00,59,590,1.0,1.0,590,59,0.09152542372881355,0.0,0,0,True,True,mean paired gain aggregated over all ten strengths and training trials,False
B2,A|B1,FAST,NONDEPLOYABLE_DECOUPLED_STRENGTH_GATE,0.45,0.2,0.5,0.4,10,0.333333|0.50|0.60|0.70|0.80|0.90|0.95|0.98|0.99|1.00,59,590,1.0,1.0,590,59,0.22576271186440677,0.09999999999999998,0,0,True,True,mean paired gain aggregated over all ten strengths and training trials,False
B2,A|B1,FAST,NONDEPLOYABLE_DECOUPLED_STRENGTH_GATE,0.45,0.2,0.7,0.4,10,0.333333|0.50|0.60|0.70|0.80|0.90|0.95|0.98|0.99|1.00,59,590,1.0,1.0,590,59,0.141864406779661,0.0,0,0,True,True,mean paired gain aggregated over all ten strengths and training trials,False
B2,A|B1,FAST,NONDEPLOYABLE_DECOUPLED_STRENGTH_GATE,0.45,0.2,0.9,0.4,10,0.333333|0.50|0.60|0.70|0.80|0.90|0.95|0.98|0.99|1.00,59,590,1.0,1.0,590,59,0.09152542372881355,0.0,0,0,True,True,mean paired gain aggregated over all ten strengths and training trials,False
B2,A|B1,FAST,NONDEPLOYABLE_DECOUPLED_STRENGTH_GATE,0.5,0.01,0.5,0.4,10,0.333333|0.50|0.60|0.70|0.80|0.90|0.95|0.98|0.99|1.00,59,590,1.0,1.0,590,59,0.22576271186440677,0.09999999999999998,0,0,True,True,mean paired gain aggregated over all ten strengths and training trials,False
B2,A|B1,FAST,NONDEPLOYABLE_DECOUPLED_STRENGTH_GATE,0.5,0.01,0.7,0.4,10,0.333333|0.50|0.60|0.70|0.80|0.90|0.95|0.98|0.99|1.00,59,590,1.0,1.0,590,59,0.141864406779661,0.0,0,0,True,True,mean paired gain aggregated over all ten strengths and training trials,False
B2,A|B1,FAST,NONDEPLOYABLE_DECOUPLED_STRENGTH_GATE,0.5,0.01,0.9,0.4,10,0.333333|0.50|0.60|0.70|0.80|0.90|0.95|0.98|0.99|1.00,59,590,1.0,1.0,590,59,0.09152542372881355,0.0,0,0,True,True,mean paired gain aggregated over all ten strengths and training trials,False
B2,A|B1,FAST,NONDEPLOYABLE_DECOUPLED_STRENGTH_GATE,0.5,0.05,0.5,0.4,10,0.333333|0.50|0.60|0.70|0.80|0.90|0.95|0.98|0.99|1.00,59,590,1.0,1.0,590,59,0.22576271186440677,0.09999999999999998,0,0,True,True,mean paired gain aggregated over all ten strengths and training trials,False
B2,A|B1,FAST,NONDEPLOYABLE_DECOUPLED_STRENGTH_GATE,0.5,0.05,0.7,0.4,10,0.333333|0.50|0.60|0.70|0.80|0.90|0.95|0.98|0.99|1.00,59,590,1.0,1.0,590,59,0.141864406779661,0.0,0,0,True,True,mean paired gain aggregated over all ten strengths and training trials,False
B2,A|B1,FAST,NONDEPLOYABLE_DECOUPLED_STRENGTH_GATE,0.5,0.05,0.9,0.4,10,0.333333|0.50|0.60|0.70|0.80|0.90|0.95|0.98|0.99|1.00,59,590,1.0,1.0,590,59,0.09152542372881355,0.0,0,0,True,True,mean paired gain aggregated over all ten strengths and training trials,False
B2,A|B1,FAST,NONDEPLOYABLE_DECOUPLED_STRENGTH_GATE,0.5,0.1,0.5,0.4,10,0.333333|0.50|0.60|0.70|0.80|0.90|0.95|0.98|0.99|1.00,59,590,1.0,1.0,590,59,0.22576271186440677,0.09999999999999998,0,0,True,True,mean paired gain aggregated over all ten strengths and training trials,False
B2,A|B1,FAST,NONDEPLOYABLE_DECOUPLED_STRENGTH_GATE,0.5,0.1,0.7,0.4,10,0.333333|0.50|0.60|0.70|0.80|0.90|0.95|0.98|0.99|1.00,59,590,1.0,1.0,590,59,0.141864406779661,0.0,0,0,True,True,mean paired gain aggregated over all ten strengths and training trials,False
B2,A|B1,FAST,NONDEPLOYABLE_DECOUPLED_STRENGTH_GATE,0.5,0.1,0.9,0.4,10,0.333333|0.50|0.60|0.70|0.80|0.90|0.95|0.98|0.99|1.00,59,590,1.0,1.0,590,59,0.09152542372881355,0.0,0,0,True,True,mean paired gain aggregated over all ten strengths and training trials,False
B2,A|B1,FAST,NONDEPLOYABLE_DECOUPLED_STRENGTH_GATE,0.5,0.15,0.5,0.4,10,0.333333|0.50|0.60|0.70|0.80|0.90|0.95|0.98|0.99|1.00,59,590,1.0,1.0,590,59,0.22576271186440677,0.09999999999999998,0,0,True,True,mean paired gain aggregated over all ten strengths and training trials,False
B2,A|B1,FAST,NONDEPLOYABLE_DECOUPLED_STRENGTH_GATE,0.5,0.15,0.7,0.4,10,0.333333|0.50|0.60|0.70|0.80|0.90|0.95|0.98|0.99|1.00,59,590,1.0,1.0,590,59,0.141864406779661,0.0,0,0,True,True,mean paired gain aggregated over all ten strengths and training trials,False
B2,A|B1,FAST,NONDEPLOYABLE_DECOUPLED_STRENGTH_GATE,0.5,0.15,0.9,0.4,10,0.333333|0.50|0.60|0.70|0.80|0.90|0.95|0.98|0.99|1.00,59,590,1.0,1.0,590,59,0.09152542372881355,0.0,0,0,True,True,mean paired gain aggregated over all ten strengths and training trials,False
B2,A|B1,FAST,NONDEPLOYABLE_DECOUPLED_STRENGTH_GATE,0.5,0.2,0.5,0.4,10,0.333333|0.50|0.60|0.70|0.80|0.90|0.95|0.98|0.99|1.00,59,590,1.0,1.0,590,59,0.22576271186440677,0.09999999999999998,0,0,True,True,mean paired gain aggregated over all ten strengths and training trials,True
B2,A|B1,FAST,NONDEPLOYABLE_DECOUPLED_STRENGTH_GATE,0.5,0.2,0.7,0.4,10,0.333333|0.50|0.60|0.70|0.80|0.90|0.95|0.98|0.99|1.00,59,590,1.0,1.0,590,59,0.141864406779661,0.0,0,0,True,True,mean paired gain aggregated over all ten strengths and training trials,False
B2,A|B1,FAST,NONDEPLOYABLE_DECOUPLED_STRENGTH_GATE,0.5,0.2,0.9,0.4,10,0.333333|0.50|0.60|0.70|0.80|0.90|0.95|0.98|0.99|1.00,59,590,1.0,1.0,590,59,0.09152542372881355,0.0,0,0,True,True,mean paired gain aggregated over all ten strengths and training trials,False
B2,A|B1,FAST,NONDEPLOYABLE_DECOUPLED_STRENGTH_GATE,0.55,0.01,0.5,0.4,10,0.333333|0.50|0.60|0.70|0.80|0.90|0.95|0.98|0.99|1.00,59,590,1.0,1.0,590,59,0.21745762711864408,0.09999999999999998,0,0,True,True,mean paired gain aggregated over all ten strengths and training trials,False
B2,A|B1,FAST,NONDEPLOYABLE_DECOUPLED_STRENGTH_GATE,0.55,0.01,0.7,0.4,10,0.333333|0.50|0.60|0.70|0.80|0.90|0.95|0.98|0.99|1.00,59,590,1.0,1.0,590,59,0.13796610169491522,0.0,0,0,True,True,mean paired gain aggregated over all ten strengths and training trials,False
B2,A|B1,FAST,NONDEPLOYABLE_DECOUPLED_STRENGTH_GATE,0.55,0.01,0.9,0.4,10,0.333333|0.50|0.60|0.70|0.80|0.90|0.95|0.98|0.99|1.00,59,590,1.0,1.0,590,59,0.08644067796610168,0.0,0,0,True,True,mean paired gain aggregated over all ten strengths and training trials,False
B2,A|B1,FAST,NONDEPLOYABLE_DECOUPLED_STRENGTH_GATE,0.55,0.05,0.5,0.4,10,0.333333|0.50|0.60|0.70|0.80|0.90|0.95|0.98|0.99|1.00,59,590,1.0,1.0,590,59,0.21745762711864408,0.09999999999999998,0,0,True,True,mean paired gain aggregated over all ten strengths and training trials,False
B2,A|B1,FAST,NONDEPLOYABLE_DECOUPLED_STRENGTH_GATE,0.55,0.05,0.7,0.4,10,0.333333|0.50|0.60|0.70|0.80|0.90|0.95|0.98|0.99|1.00,59,590,1.0,1.0,590,59,0.13796610169491522,0.0,0,0,True,True,mean paired gain aggregated over all ten strengths and training trials,False
B2,A|B1,FAST,NONDEPLOYABLE_DECOUPLED_STRENGTH_GATE,0.55,0.05,0.9,0.4,10,0.333333|0.50|0.60|0.70|0.80|0.90|0.95|0.98|0.99|1.00,59,590,1.0,1.0,590,59,0.08644067796610168,0.0,0,0,True,True,mean paired gain aggregated over all ten strengths and training trials,False
B2,A|B1,FAST,NONDEPLOYABLE_DECOUPLED_STRENGTH_GATE,0.55,0.1,0.5,0.4,10,0.333333|0.50|0.60|0.70|0.80|0.90|0.95|0.98|0.99|1.00,59,590,1.0,1.0,590,59,0.21745762711864408,0.09999999999999998,0,0,True,True,mean paired gain aggregated over all ten strengths and training trials,False
B2,A|B1,FAST,NONDEPLOYABLE_DECOUPLED_STRENGTH_GATE,0.55,0.1,0.7,0.4,10,0.333333|0.50|0.60|0.70|0.80|0.90|0.95|0.98|0.99|1.00,59,590,1.0,1.0,590,59,0.13796610169491522,0.0,0,0,True,True,mean paired gain aggregated over all ten strengths and training trials,False
B2,A|B1,FAST,NONDEPLOYABLE_DECOUPLED_STRENGTH_GATE,0.55,0.1,0.9,0.4,10,0.333333|0.50|0.60|0.70|0.80|0.90|0.95|0.98|0.99|1.00,59,590,1.0,1.0,590,59,0.08644067796610168,0.0,0,0,True,True,mean paired gain aggregated over all ten strengths and training trials,False
B2,A|B1,FAST,NONDEPLOYABLE_DECOUPLED_STRENGTH_GATE,0.55,0.15,0.5,0.4,10,0.333333|0.50|0.60|0.70|0.80|0.90|0.95|0.98|0.99|1.00,59,590,1.0,1.0,590,59,0.21745762711864408,0.09999999999999998,0,0,True,True,mean paired gain aggregated over all ten strengths and training trials,False
B2,A|B1,FAST,NONDEPLOYABLE_DECOUPLED_STRENGTH_GATE,0.55,0.15,0.7,0.4,10,0.333333|0.50|0.60|0.70|0.80|0.90|0.95|0.98|0.99|1.00,59,590,1.0,1.0,590,59,0.13796610169491522,0.0,0,0,True,True,mean paired gain aggregated over all ten strengths and training trials,False
B2,A|B1,FAST,NONDEPLOYABLE_DECOUPLED_STRENGTH_GATE,0.55,0.15,0.9,0.4,10,0.333333|0.50|0.60|0.70|0.80|0.90|0.95|0.98|0.99|1.00,59,590,1.0,1.0,590,59,0.08644067796610168,0.0,0,0,True,True,mean paired gain aggregated over all ten strengths and training trials,False
B2,A|B1,FAST,NONDEPLOYABLE_DECOUPLED_STRENGTH_GATE,0.55,0.2,0.5,0.4,10,0.333333|0.50|0.60|0.70|0.80|0.90|0.95|0.98|0.99|1.00,59,590,1.0,1.0,590,59,0.21745762711864408,0.09999999999999998,0,0,True,True,mean paired gain aggregated over all ten strengths and training trials,False
B2,A|B1,FAST,NONDEPLOYABLE_DECOUPLED_STRENGTH_GATE,0.55,0.2,0.7,0.4,10,0.333333|0.50|0.60|0.70|0.80|0.90|0.95|0.98|0.99|1.00,59,590,1.0,1.0,590,59,0.13796610169491522,0.0,0,0,True,True,mean paired gain aggregated over all ten strengths and training trials,False
B2,A|B1,FAST,NONDEPLOYABLE_DECOUPLED_STRENGTH_GATE,0.55,0.2,0.9,0.4,10,0.333333|0.50|0.60|0.70|0.80|0.90|0.95|0.98|0.99|1.00,59,590,1.0,1.0,590,59,0.08644067796610168,0.0,0,0,True,True,mean paired gain aggregated over all ten strengths and training trials,False
B2,A|B1,MEDIUM,FROZEN_GATE_SHARED_THRESHOLD,0.4,0.01,0.5,0.4,10,0.333333|0.50|0.60|0.70|0.80|0.90|0.95|0.98|0.99|1.00,59,590,1.0,1.0,590,59,0.26220338983050845,0.10000000000000009,0,0,True,True,mean paired gain aggregated over all ten strengths and training trials,False
B2,A|B1,MEDIUM,FROZEN_GATE_SHARED_THRESHOLD,0.4,0.01,0.7,0.4,10,0.333333|0.50|0.60|0.70|0.80|0.90|0.95|0.98|0.99|1.00,59,590,1.0,1.0,590,59,0.17677966101694909,0.0,0,0,True,True,mean paired gain aggregated over all ten strengths and training trials,False
B2,A|B1,MEDIUM,FROZEN_GATE_SHARED_THRESHOLD,0.4,0.01,0.9,0.4,10,0.333333|0.50|0.60|0.70|0.80|0.90|0.95|0.98|0.99|1.00,59,590,1.0,1.0,590,59,0.11864406779661014,0.0,0,0,True,True,mean paired gain aggregated over all ten strengths and training trials,False
B2,A|B1,MEDIUM,FROZEN_GATE_SHARED_THRESHOLD,0.4,0.05,0.5,0.4,10,0.333333|0.50|0.60|0.70|0.80|0.90|0.95|0.98|0.99|1.00,59,590,1.0,1.0,590,59,0.26220338983050845,0.10000000000000009,0,0,True,True,mean paired gain aggregated over all ten strengths and training trials,False
B2,A|B1,MEDIUM,FROZEN_GATE_SHARED_THRESHOLD,0.4,0.05,0.7,0.4,10,0.333333|0.50|0.60|0.70|0.80|0.90|0.95|0.98|0.99|1.00,59,590,1.0,1.0,590,59,0.17677966101694909,0.0,0,0,True,True,mean paired gain aggregated over all ten strengths and training trials,False
B2,A|B1,MEDIUM,FROZEN_GATE_SHARED_THRESHOLD,0.4,0.05,0.9,0.4,10,0.333333|0.50|0.60|0.70|0.80|0.90|0.95|0.98|0.99|1.00,59,590,1.0,1.0,590,59,0.11864406779661014,0.0,0,0,True,True,mean paired gain aggregated over all ten strengths and training trials,False
B2,A|B1,MEDIUM,FROZEN_GATE_SHARED_THRESHOLD,0.4,0.1,0.5,0.4,10,0.333333|0.50|0.60|0.70|0.80|0.90|0.95|0.98|0.99|1.00,59,590,1.0,1.0,590,59,0.26220338983050845,0.10000000000000009,0,0,True,True,mean paired gain aggregated over all ten strengths and training trials,False
B2,A|B1,MEDIUM,FROZEN_GATE_SHARED_THRESHOLD,0.4,0.1,0.7,0.4,10,0.333333|0.50|0.60|0.70|0.80|0.90|0.95|0.98|0.99|1.00,59,590,1.0,1.0,590,59,0.17677966101694909,0.0,0,0,True,True,mean paired gain aggregated over all ten strengths and training trials,False
B2,A|B1,MEDIUM,FROZEN_GATE_SHARED_THRESHOLD,0.4,0.1,0.9,0.4,10,0.333333|0.50|0.60|0.70|0.80|0.90|0.95|0.98|0.99|1.00,59,590,1.0,1.0,590,59,0.11864406779661014,0.0,0,0,True,True,mean paired gain aggregated over all ten strengths and training trials,False
B2,A|B1,MEDIUM,FROZEN_GATE_SHARED_THRESHOLD,0.4,0.15,0.5,0.4,10,0.333333|0.50|0.60|0.70|0.80|0.90|0.95|0.98|0.99|1.00,59,590,1.0,1.0,590,59,0.26220338983050845,0.10000000000000009,0,0,True,True,mean paired gain aggregated over all ten strengths and training trials,False
B2,A|B1,MEDIUM,FROZEN_GATE_SHARED_THRESHOLD,0.4,0.15,0.7,0.4,10,0.333333|0.50|0.60|0.70|0.80|0.90|0.95|0.98|0.99|1.00,59,590,1.0,1.0,590,59,0.17677966101694909,0.0,0,0,True,True,mean paired gain aggregated over all ten strengths and training trials,False
B2,A|B1,MEDIUM,FROZEN_GATE_SHARED_THRESHOLD,0.4,0.15,0.9,0.4,10,0.333333|0.50|0.60|0.70|0.80|0.90|0.95|0.98|0.99|1.00,59,590,1.0,1.0,590,59,0.11864406779661014,0.0,0,0,True,True,mean paired gain aggregated over all ten strengths and training trials,False
B2,A|B1,MEDIUM,FROZEN_GATE_SHARED_THRESHOLD,0.4,0.2,0.5,0.4,10,0.333333|0.50|0.60|0.70|0.80|0.90|0.95|0.98|0.99|1.00,59,590,1.0,1.0,590,59,0.26220338983050845,0.10000000000000009,0,0,True,True,mean paired gain aggregated over all ten strengths and training trials,False
B2,A|B1,MEDIUM,FROZEN_GATE_SHARED_THRESHOLD,0.4,0.2,0.7,0.4,10,0.333333|0.50|0.60|0.70|0.80|0.90|0.95|0.98|0.99|1.00,59,590,1.0,1.0,590,59,0.17677966101694909,0.0,0,0,True,True,mean paired gain aggregated over all ten strengths and training trials,False
B2,A|B1,MEDIUM,FROZEN_GATE_SHARED_THRESHOLD,0.4,0.2,0.9,0.4,10,0.333333|0.50|0.60|0.70|0.80|0.90|0.95|0.98|0.99|1.00,59,590,1.0,1.0,590,59,0.11864406779661014,0.0,0,0,True,True,mean paired gain aggregated over all ten strengths and training trials,False
B2,A|B1,MEDIUM,FROZEN_GATE_SHARED_THRESHOLD,0.45,0.01,0.5,0.4,10,0.333333|0.50|0.60|0.70|0.80|0.90|0.95|0.98|0.99|1.00,59,590,1.0,1.0,590,59,0.26220338983050845,0.10000000000000009,0,0,True,True,mean paired gain aggregated over all ten strengths and training trials,False
B2,A|B1,MEDIUM,FROZEN_GATE_SHARED_THRESHOLD,0.45,0.01,0.7,0.4,10,0.333333|0.50|0.60|0.70|0.80|0.90|0.95|0.98|0.99|1.00,59,590,1.0,1.0,590,59,0.17677966101694909,0.0,0,0,True,True,mean paired gain aggregated over all ten strengths and training trials,False
B2,A|B1,MEDIUM,FROZEN_GATE_SHARED_THRESHOLD,0.45,0.01,0.9,0.4,10,0.333333|0.50|0.60|0.70|0.80|0.90|0.95|0.98|0.99|1.00,59,590,1.0,1.0,590,59,0.11864406779661014,0.0,0,0,True,True,mean paired gain aggregated over all ten strengths and training trials,False
B2,A|B1,MEDIUM,FROZEN_GATE_SHARED_THRESHOLD,0.45,0.05,0.5,0.4,10,0.333333|0.50|0.60|0.70|0.80|0.90|0.95|0.98|0.99|1.00,59,590,1.0,1.0,590,59,0.26220338983050845,0.10000000000000009,0,0,True,True,mean paired gain aggregated over all ten strengths and training trials,False
B2,A|B1,MEDIUM,FROZEN_GATE_SHARED_THRESHOLD,0.45,0.05,0.7,0.4,10,0.333333|0.50|0.60|0.70|0.80|0.90|0.95|0.98|0.99|1.00,59,590,1.0,1.0,590,59,0.17677966101694909,0.0,0,0,True,True,mean paired gain aggregated over all ten strengths and training trials,False
B2,A|B1,MEDIUM,FROZEN_GATE_SHARED_THRESHOLD,0.45,0.05,0.9,0.4,10,0.333333|0.50|0.60|0.70|0.80|0.90|0.95|0.98|0.99|1.00,59,590,1.0,1.0,590,59,0.11864406779661014,0.0,0,0,True,True,mean paired gain aggregated over all ten strengths and training trials,False
B2,A|B1,MEDIUM,FROZEN_GATE_SHARED_THRESHOLD,0.45,0.1,0.5,0.4,10,0.333333|0.50|0.60|0.70|0.80|0.90|0.95|0.98|0.99|1.00,59,590,1.0,1.0,590,59,0.26220338983050845,0.10000000000000009,0,0,True,True,mean paired gain aggregated over all ten strengths and training trials,False
B2,A|B1,MEDIUM,FROZEN_GATE_SHARED_THRESHOLD,0.45,0.1,0.7,0.4,10,0.333333|0.50|0.60|0.70|0.80|0.90|0.95|0.98|0.99|1.00,59,590,1.0,1.0,590,59,0.17677966101694909,0.0,0,0,True,True,mean paired gain aggregated over all ten strengths and training trials,False
B2,A|B1,MEDIUM,FROZEN_GATE_SHARED_THRESHOLD,0.45,0.1,0.9,0.4,10,0.333333|0.50|0.60|0.70|0.80|0.90|0.95|0.98|0.99|1.00,59,590,1.0,1.0,590,59,0.11864406779661014,0.0,0,0,True,True,mean paired gain aggregated over all ten strengths and training trials,False
B2,A|B1,MEDIUM,FROZEN_GATE_SHARED_THRESHOLD,0.45,0.15,0.5,0.4,10,0.333333|0.50|0.60|0.70|0.80|0.90|0.95|0.98|0.99|1.00,59,590,1.0,1.0,590,59,0.26220338983050845,0.10000000000000009,0,0,True,True,mean paired gain aggregated over all ten strengths and training trials,False
B2,A|B1,MEDIUM,FROZEN_GATE_SHARED_THRESHOLD,0.45,0.15,0.7,0.4,10,0.333333|0.50|0.60|0.70|0.80|0.90|0.95|0.98|0.99|1.00,59,590,1.0,1.0,590,59,0.17677966101694909,0.0,0,0,True,True,mean paired gain aggregated over all ten strengths and training trials,False
B2,A|B1,MEDIUM,FROZEN_GATE_SHARED_THRESHOLD,0.45,0.15,0.9,0.4,10,0.333333|0.50|0.60|0.70|0.80|0.90|0.95|0.98|0.99|1.00,59,590,1.0,1.0,590,59,0.11864406779661014,0.0,0,0,True,True,mean paired gain aggregated over all ten strengths and training trials,False
B2,A|B1,MEDIUM,FROZEN_GATE_SHARED_THRESHOLD,0.45,0.2,0.5,0.4,10,0.333333|0.50|0.60|0.70|0.80|0.90|0.95|0.98|0.99|1.00,59,590,1.0,1.0,590,59,0.26220338983050845,0.10000000000000009,0,0,True,True,mean paired gain aggregated over all ten strengths and training trials,False
B2,A|B1,MEDIUM,FROZEN_GATE_SHARED_THRESHOLD,0.45,0.2,0.7,0.4,10,0.333333|0.50|0.60|0.70|0.80|0.90|0.95|0.98|0.99|1.00,59,590,1.0,1.0,590,59,0.17677966101694909,0.0,0,0,True,True,mean paired gain aggregated over all ten strengths and training trials,False
B2,A|B1,MEDIUM,FROZEN_GATE_SHARED_THRESHOLD,0.45,0.2,0.9,0.4,10,0.333333|0.50|0.60|0.70|0.80|0.90|0.95|0.98|0.99|1.00,59,590,1.0,1.0,590,59,0.11864406779661014,0.0,0,0,True,True,mean paired gain aggregated over all ten strengths and training trials,False
B2,A|B1,MEDIUM,FROZEN_GATE_SHARED_THRESHOLD,0.5,0.01,0.5,0.4,10,0.333333|0.50|0.60|0.70|0.80|0.90|0.95|0.98|0.99|1.00,59,590,1.0,1.0,590,59,0.26220338983050845,0.10000000000000009,0,0,True,True,mean paired gain aggregated over all ten strengths and training trials,False
B2,A|B1,MEDIUM,FROZEN_GATE_SHARED_THRESHOLD,0.5,0.01,0.7,0.4,10,0.333333|0.50|0.60|0.70|0.80|0.90|0.95|0.98|0.99|1.00,59,590,1.0,1.0,590,59,0.17677966101694909,0.0,0,0,True,True,mean paired gain aggregated over all ten strengths and training trials,False
B2,A|B1,MEDIUM,FROZEN_GATE_SHARED_THRESHOLD,0.5,0.01,0.9,0.4,10,0.333333|0.50|0.60|0.70|0.80|0.90|0.95|0.98|0.99|1.00,59,590,1.0,1.0,590,59,0.11864406779661014,0.0,0,0,True,True,mean paired gain aggregated over all ten strengths and training trials,False
B2,A|B1,MEDIUM,FROZEN_GATE_SHARED_THRESHOLD,0.5,0.05,0.5,0.4,10,0.333333|0.50|0.60|0.70|0.80|0.90|0.95|0.98|0.99|1.00,59,590,1.0,1.0,590,59,0.26220338983050845,0.10000000000000009,0,0,True,True,mean paired gain aggregated over all ten strengths and training trials,False
B2,A|B1,MEDIUM,FROZEN_GATE_SHARED_THRESHOLD,0.5,0.05,0.7,0.4,10,0.333333|0.50|0.60|0.70|0.80|0.90|0.95|0.98|0.99|1.00,59,590,1.0,1.0,590,59,0.17677966101694909,0.0,0,0,True,True,mean paired gain aggregated over all ten strengths and training trials,False
B2,A|B1,MEDIUM,FROZEN_GATE_SHARED_THRESHOLD,0.5,0.05,0.9,0.4,10,0.333333|0.50|0.60|0.70|0.80|0.90|0.95|0.98|0.99|1.00,59,590,1.0,1.0,590,59,0.11864406779661014,0.0,0,0,True,True,mean paired gain aggregated over all ten strengths and training trials,False
B2,A|B1,MEDIUM,FROZEN_GATE_SHARED_THRESHOLD,0.5,0.1,0.5,0.4,10,0.333333|0.50|0.60|0.70|0.80|0.90|0.95|0.98|0.99|1.00,59,590,1.0,1.0,590,59,0.26220338983050845,0.10000000000000009,0,0,True,True,mean paired gain aggregated over all ten strengths and training trials,False
B2,A|B1,MEDIUM,FROZEN_GATE_SHARED_THRESHOLD,0.5,0.1,0.7,0.4,10,0.333333|0.50|0.60|0.70|0.80|0.90|0.95|0.98|0.99|1.00,59,590,1.0,1.0,590,59,0.17677966101694909,0.0,0,0,True,True,mean paired gain aggregated over all ten strengths and training trials,False
B2,A|B1,MEDIUM,FROZEN_GATE_SHARED_THRESHOLD,0.5,0.1,0.9,0.4,10,0.333333|0.50|0.60|0.70|0.80|0.90|0.95|0.98|0.99|1.00,59,590,1.0,1.0,590,59,0.11864406779661014,0.0,0,0,True,True,mean paired gain aggregated over all ten strengths and training trials,False
B2,A|B1,MEDIUM,FROZEN_GATE_SHARED_THRESHOLD,0.5,0.15,0.5,0.4,10,0.333333|0.50|0.60|0.70|0.80|0.90|0.95|0.98|0.99|1.00,59,590,1.0,1.0,590,59,0.26220338983050845,0.10000000000000009,0,0,True,True,mean paired gain aggregated over all ten strengths and training trials,False
B2,A|B1,MEDIUM,FROZEN_GATE_SHARED_THRESHOLD,0.5,0.15,0.7,0.4,10,0.333333|0.50|0.60|0.70|0.80|0.90|0.95|0.98|0.99|1.00,59,590,1.0,1.0,590,59,0.17677966101694909,0.0,0,0,True,True,mean paired gain aggregated over all ten strengths and training trials,False
B2,A|B1,MEDIUM,FROZEN_GATE_SHARED_THRESHOLD,0.5,0.15,0.9,0.4,10,0.333333|0.50|0.60|0.70|0.80|0.90|0.95|0.98|0.99|1.00,59,590,1.0,1.0,590,59,0.11864406779661014,0.0,0,0,True,True,mean paired gain aggregated over all ten strengths and training trials,False
B2,A|B1,MEDIUM,FROZEN_GATE_SHARED_THRESHOLD,0.5,0.2,0.5,0.4,10,0.333333|0.50|0.60|0.70|0.80|0.90|0.95|0.98|0.99|1.00,59,590,1.0,1.0,590,59,0.26220338983050845,0.10000000000000009,0,0,True,True,mean paired gain aggregated over all ten strengths and training trials,False
B2,A|B1,MEDIUM,FROZEN_GATE_SHARED_THRESHOLD,0.5,0.2,0.7,0.4,10,0.333333|0.50|0.60|0.70|0.80|0.90|0.95|0.98|0.99|1.00,59,590,1.0,1.0,590,59,0.17677966101694909,0.0,0,0,True,True,mean paired gain aggregated over all ten strengths and training trials,False
B2,A|B1,MEDIUM,FROZEN_GATE_SHARED_THRESHOLD,0.5,0.2,0.9,0.4,10,0.333333|0.50|0.60|0.70|0.80|0.90|0.95|0.98|0.99|1.00,59,590,1.0,1.0,590,59,0.11864406779661014,0.0,0,0,True,True,mean paired gain aggregated over all ten strengths and training trials,False
B2,A|B1,MEDIUM,FROZEN_GATE_SHARED_THRESHOLD,0.55,0.01,0.5,0.4,10,0.333333|0.50|0.60|0.70|0.80|0.90|0.95|0.98|0.99|1.00,59,590,1.0,1.0,590,59,0.26220338983050845,0.10000000000000009,0,0,True,True,mean paired gain aggregated over all ten strengths and training trials,False
B2,A|B1,MEDIUM,FROZEN_GATE_SHARED_THRESHOLD,0.55,0.01,0.7,0.4,10,0.333333|0.50|0.60|0.70|0.80|0.90|0.95|0.98|0.99|1.00,59,590,1.0,1.0,590,59,0.17677966101694909,0.0,0,0,True,True,mean paired gain aggregated over all ten strengths and training trials,False
B2,A|B1,MEDIUM,FROZEN_GATE_SHARED_THRESHOLD,0.55,0.01,0.9,0.4,10,0.333333|0.50|0.60|0.70|0.80|0.90|0.95|0.98|0.99|1.00,59,590,1.0,1.0,590,59,0.11864406779661014,0.0,0,0,True,True,mean paired gain aggregated over all ten strengths and training trials,False
B2,A|B1,MEDIUM,FROZEN_GATE_SHARED_THRESHOLD,0.55,0.05,0.5,0.4,10,0.333333|0.50|0.60|0.70|0.80|0.90|0.95|0.98|0.99|1.00,59,590,1.0,1.0,590,59,0.26220338983050845,0.10000000000000009,0,0,True,True,mean paired gain aggregated over all ten strengths and training trials,False
B2,A|B1,MEDIUM,FROZEN_GATE_SHARED_THRESHOLD,0.55,0.05,0.7,0.4,10,0.333333|0.50|0.60|0.70|0.80|0.90|0.95|0.98|0.99|1.00,59,590,1.0,1.0,590,59,0.17677966101694909,0.0,0,0,True,True,mean paired gain aggregated over all ten strengths and training trials,False
B2,A|B1,MEDIUM,FROZEN_GATE_SHARED_THRESHOLD,0.55,0.05,0.9,0.4,10,0.333333|0.50|0.60|0.70|0.80|0.90|0.95|0.98|0.99|1.00,59,590,1.0,1.0,590,59,0.11864406779661014,0.0,0,0,True,True,mean paired gain aggregated over all ten strengths and training trials,False
B2,A|B1,MEDIUM,FROZEN_GATE_SHARED_THRESHOLD,0.55,0.1,0.5,0.4,10,0.333333|0.50|0.60|0.70|0.80|0.90|0.95|0.98|0.99|1.00,59,590,1.0,1.0,590,59,0.26220338983050845,0.10000000000000009,0,0,True,True,mean paired gain aggregated over all ten strengths and training trials,False
B2,A|B1,MEDIUM,FROZEN_GATE_SHARED_THRESHOLD,0.55,0.1,0.7,0.4,10,0.333333|0.50|0.60|0.70|0.80|0.90|0.95|0.98|0.99|1.00,59,590,1.0,1.0,590,59,0.17677966101694909,0.0,0,0,True,True,mean paired gain aggregated over all ten strengths and training trials,False
B2,A|B1,MEDIUM,FROZEN_GATE_SHARED_THRESHOLD,0.55,0.1,0.9,0.4,10,0.333333|0.50|0.60|0.70|0.80|0.90|0.95|0.98|0.99|1.00,59,590,1.0,1.0,590,59,0.11864406779661014,0.0,0,0,True,True,mean paired gain aggregated over all ten strengths and training trials,False
B2,A|B1,MEDIUM,FROZEN_GATE_SHARED_THRESHOLD,0.55,0.15,0.5,0.4,10,0.333333|0.50|0.60|0.70|0.80|0.90|0.95|0.98|0.99|1.00,59,590,1.0,1.0,590,59,0.26220338983050845,0.10000000000000009,0,0,True,True,mean paired gain aggregated over all ten strengths and training trials,False
B2,A|B1,MEDIUM,FROZEN_GATE_SHARED_THRESHOLD,0.55,0.15,0.7,0.4,10,0.333333|0.50|0.60|0.70|0.80|0.90|0.95|0.98|0.99|1.00,59,590,1.0,1.0,590,59,0.17677966101694909,0.0,0,0,True,True,mean paired gain aggregated over all ten strengths and training trials,False
B2,A|B1,MEDIUM,FROZEN_GATE_SHARED_THRESHOLD,0.55,0.15,0.9,0.4,10,0.333333|0.50|0.60|0.70|0.80|0.90|0.95|0.98|0.99|1.00,59,590,1.0,1.0,590,59,0.11864406779661014,0.0,0,0,True,True,mean paired gain aggregated over all ten strengths and training trials,False
B2,A|B1,MEDIUM,FROZEN_GATE_SHARED_THRESHOLD,0.55,0.2,0.5,0.4,10,0.333333|0.50|0.60|0.70|0.80|0.90|0.95|0.98|0.99|1.00,59,590,1.0,1.0,590,59,0.26220338983050845,0.10000000000000009,0,0,True,True,mean paired gain aggregated over all ten strengths and training trials,True
B2,A|B1,MEDIUM,FROZEN_GATE_SHARED_THRESHOLD,0.55,0.2,0.7,0.4,10,0.333333|0.50|0.60|0.70|0.80|0.90|0.95|0.98|0.99|1.00,59,590,1.0,1.0,590,59,0.17677966101694909,0.0,0,0,True,True,mean paired gain aggregated over all ten strengths and training trials,False
B2,A|B1,MEDIUM,FROZEN_GATE_SHARED_THRESHOLD,0.55,0.2,0.9,0.4,10,0.333333|0.50|0.60|0.70|0.80|0.90|0.95|0.98|0.99|1.00,59,590,1.0,1.0,590,59,0.11864406779661014,0.0,0,0,True,True,mean paired gain aggregated over all ten strengths and training trials,False
B2,A|B1,MEDIUM,NONDEPLOYABLE_DECOUPLED_STRENGTH_GATE,0.4,0.01,0.5,0.4,10,0.333333|0.50|0.60|0.70|0.80|0.90|0.95|0.98|0.99|1.00,59,590,1.0,1.0,590,59,0.3494915254237288,0.20000000000000007,0,0,True,True,mean paired gain aggregated over all ten strengths and training trials,True
B2,A|B1,MEDIUM,NONDEPLOYABLE_DECOUPLED_STRENGTH_GATE,0.4,0.01,0.7,0.4,10,0.333333|0.50|0.60|0.70|0.80|0.90|0.95|0.98|0.99|1.00,59,590,1.0,1.0,590,59,0.23677966101694914,0.09999999999999987,0,0,True,True,mean paired gain aggregated over all ten strengths and training trials,False
B2,A|B1,MEDIUM,NONDEPLOYABLE_DECOUPLED_STRENGTH_GATE,0.4,0.01,0.9,0.4,10,0.333333|0.50|0.60|0.70|0.80|0.90|0.95|0.98|0.99|1.00,59,590,1.0,1.0,590,59,0.1583050847457627,0.0,0,0,True,True,mean paired gain aggregated over all ten strengths and training trials,False
B2,A|B1,MEDIUM,NONDEPLOYABLE_DECOUPLED_STRENGTH_GATE,0.4,0.05,0.5,0.4,10,0.333333|0.50|0.60|0.70|0.80|0.90|0.95|0.98|0.99|1.00,59,590,1.0,1.0,590,59,0.349322033898305,0.20000000000000007,0,0,True,True,mean paired gain aggregated over all ten strengths and training trials,False
B2,A|B1,MEDIUM,NONDEPLOYABLE_DECOUPLED_STRENGTH_GATE,0.4,0.05,0.7,0.4,10,0.333333|0.50|0.60|0.70|0.80|0.90|0.95|0.98|0.99|1.00,59,590,1.0,1.0,590,59,0.23677966101694914,0.09999999999999987,0,0,True,True,mean paired gain aggregated over all ten strengths and training trials,False
B2,A|B1,MEDIUM,NONDEPLOYABLE_DECOUPLED_STRENGTH_GATE,0.4,0.05,0.9,0.4,10,0.333333|0.50|0.60|0.70|0.80|0.90|0.95|0.98|0.99|1.00,59,590,1.0,1.0,590,59,0.1583050847457627,0.0,0,0,True,True,mean paired gain aggregated over all ten strengths and training trials,False
B2,A|B1,MEDIUM,NONDEPLOYABLE_DECOUPLED_STRENGTH_GATE,0.4,0.1,0.5,0.4,10,0.333333|0.50|0.60|0.70|0.80|0.90|0.95|0.98|0.99|1.00,59,590,1.0,1.0,590,59,0.33711864406779657,0.20000000000000007,0,0,True,True,mean paired gain aggregated over all ten strengths and training trials,False
B2,A|B1,MEDIUM,NONDEPLOYABLE_DECOUPLED_STRENGTH_GATE,0.4,0.1,0.7,0.4,10,0.333333|0.50|0.60|0.70|0.80|0.90|0.95|0.98|0.99|1.00,59,590,1.0,1.0,590,59,0.22728813559322028,0.09999999999999987,0,0,True,True,mean paired gain aggregated over all ten strengths and training trials,False
B2,A|B1,MEDIUM,NONDEPLOYABLE_DECOUPLED_STRENGTH_GATE,0.4,0.1,0.9,0.4,10,0.333333|0.50|0.60|0.70|0.80|0.90|0.95|0.98|0.99|1.00,59,590,1.0,1.0,590,59,0.1525423728813559,0.0,0,0,True,True,mean paired gain aggregated over all ten strengths and training trials,False
B2,A|B1,MEDIUM,NONDEPLOYABLE_DECOUPLED_STRENGTH_GATE,0.4,0.15,0.5,0.4,10,0.333333|0.50|0.60|0.70|0.80|0.90|0.95|0.98|0.99|1.00,59,590,1.0,1.0,590,59,0.33711864406779657,0.20000000000000007,0,0,True,True,mean paired gain aggregated over all ten strengths and training trials,False
B2,A|B1,MEDIUM,NONDEPLOYABLE_DECOUPLED_STRENGTH_GATE,0.4,0.15,0.7,0.4,10,0.333333|0.50|0.60|0.70|0.80|0.90|0.95|0.98|0.99|1.00,59,590,1.0,1.0,590,59,0.22728813559322028,0.09999999999999987,0,0,True,True,mean paired gain aggregated over all ten strengths and training trials,False
B2,A|B1,MEDIUM,NONDEPLOYABLE_DECOUPLED_STRENGTH_GATE,0.4,0.15,0.9,0.4,10,0.333333|0.50|0.60|0.70|0.80|0.90|0.95|0.98|0.99|1.00,59,590,1.0,1.0,590,59,0.1525423728813559,0.0,0,0,True,True,mean paired gain aggregated over all ten strengths and training trials,False
B2,A|B1,MEDIUM,NONDEPLOYABLE_DECOUPLED_STRENGTH_GATE,0.4,0.2,0.5,0.4,10,0.333333|0.50|0.60|0.70|0.80|0.90|0.95|0.98|0.99|1.00,59,590,1.0,1.0,590,59,0.33711864406779657,0.20000000000000007,0,0,True,True,mean paired gain aggregated over all ten strengths and training trials,False
B2,A|B1,MEDIUM,NONDEPLOYABLE_DECOUPLED_STRENGTH_GATE,0.4,0.2,0.7,0.4,10,0.333333|0.50|0.60|0.70|0.80|0.90|0.95|0.98|0.99|1.00,59,590,1.0,1.0,590,59,0.22728813559322028,0.09999999999999987,0,0,True,True,mean paired gain aggregated over all ten strengths and training trials,False
B2,A|B1,MEDIUM,NONDEPLOYABLE_DECOUPLED_STRENGTH_GATE,0.4,0.2,0.9,0.4,10,0.333333|0.50|0.60|0.70|0.80|0.90|0.95|0.98|0.99|1.00,59,590,1.0,1.0,590,59,0.1525423728813559,0.0,0,0,True,True,mean paired gain aggregated over all ten strengths and training trials,False
B2,A|B1,MEDIUM,NONDEPLOYABLE_DECOUPLED_STRENGTH_GATE,0.45,0.01,0.5,0.4,10,0.333333|0.50|0.60|0.70|0.80|0.90|0.95|0.98|0.99|1.00,59,590,1.0,1.0,590,59,0.33728813559322035,0.20000000000000007,0,0,True,True,mean paired gain aggregated over all ten strengths and training trials,False
B2,A|B1,MEDIUM,NONDEPLOYABLE_DECOUPLED_STRENGTH_GATE,0.45,0.01,0.7,0.4,10,0.333333|0.50|0.60|0.70|0.80|0.90|0.95|0.98|0.99|1.00,59,590,1.0,1.0,590,59,0.227457627118644,0.09999999999999987,0,0,True,True,mean paired gain aggregated over all ten strengths and training trials,False
B2,A|B1,MEDIUM,NONDEPLOYABLE_DECOUPLED_STRENGTH_GATE,0.45,0.01,0.9,0.4,10,0.333333|0.50|0.60|0.70|0.80|0.90|0.95|0.98|0.99|1.00,59,590,1.0,1.0,590,59,0.1527118644067796,0.0,0,0,True,True,mean paired gain aggregated over all ten strengths and training trials,False
B2,A|B1,MEDIUM,NONDEPLOYABLE_DECOUPLED_STRENGTH_GATE,0.45,0.05,0.5,0.4,10,0.333333|0.50|0.60|0.70|0.80|0.90|0.95|0.98|0.99|1.00,59,590,1.0,1.0,590,59,0.33728813559322035,0.20000000000000007,0,0,True,True,mean paired gain aggregated over all ten strengths and training trials,False
B2,A|B1,MEDIUM,NONDEPLOYABLE_DECOUPLED_STRENGTH_GATE,0.45,0.05,0.7,0.4,10,0.333333|0.50|0.60|0.70|0.80|0.90|0.95|0.98|0.99|1.00,59,590,1.0,1.0,590,59,0.227457627118644,0.09999999999999987,0,0,True,True,mean paired gain aggregated over all ten strengths and training trials,False
B2,A|B1,MEDIUM,NONDEPLOYABLE_DECOUPLED_STRENGTH_GATE,0.45,0.05,0.9,0.4,10,0.333333|0.50|0.60|0.70|0.80|0.90|0.95|0.98|0.99|1.00,59,590,1.0,1.0,590,59,0.1527118644067796,0.0,0,0,True,True,mean paired gain aggregated over all ten strengths and training trials,False
B2,A|B1,MEDIUM,NONDEPLOYABLE_DECOUPLED_STRENGTH_GATE,0.45,0.1,0.5,0.4,10,0.333333|0.50|0.60|0.70|0.80|0.90|0.95|0.98|0.99|1.00,59,590,1.0,1.0,590,59,0.33711864406779657,0.20000000000000007,0,0,True,True,mean paired gain aggregated over all ten strengths and training trials,False
B2,A|B1,MEDIUM,NONDEPLOYABLE_DECOUPLED_STRENGTH_GATE,0.45,0.1,0.7,0.4,10,0.333333|0.50|0.60|0.70|0.80|0.90|0.95|0.98|0.99|1.00,59,590,1.0,1.0,590,59,0.22728813559322028,0.09999999999999987,0,0,True,True,mean paired gain aggregated over all ten strengths and training trials,False
B2,A|B1,MEDIUM,NONDEPLOYABLE_DECOUPLED_STRENGTH_GATE,0.45,0.1,0.9,0.4,10,0.333333|0.50|0.60|0.70|0.80|0.90|0.95|0.98|0.99|1.00,59,590,1.0,1.0,590,59,0.1525423728813559,0.0,0,0,True,True,mean paired gain aggregated over all ten strengths and training trials,False
B2,A|B1,MEDIUM,NONDEPLOYABLE_DECOUPLED_STRENGTH_GATE,0.45,0.15,0.5,0.4,10,0.333333|0.50|0.60|0.70|0.80|0.90|0.95|0.98|0.99|1.00,59,590,1.0,1.0,590,59,0.33711864406779657,0.20000000000000007,0,0,True,True,mean paired gain aggregated over all ten strengths and training trials,False
B2,A|B1,MEDIUM,NONDEPLOYABLE_DECOUPLED_STRENGTH_GATE,0.45,0.15,0.7,0.4,10,0.333333|0.50|0.60|0.70|0.80|0.90|0.95|0.98|0.99|1.00,59,590,1.0,1.0,590,59,0.22728813559322028,0.09999999999999987,0,0,True,True,mean paired gain aggregated over all ten strengths and training trials,False
B2,A|B1,MEDIUM,NONDEPLOYABLE_DECOUPLED_STRENGTH_GATE,0.45,0.15,0.9,0.4,10,0.333333|0.50|0.60|0.70|0.80|0.90|0.95|0.98|0.99|1.00,59,590,1.0,1.0,590,59,0.1525423728813559,0.0,0,0,True,True,mean paired gain aggregated over all ten strengths and training trials,False
B2,A|B1,MEDIUM,NONDEPLOYABLE_DECOUPLED_STRENGTH_GATE,0.45,0.2,0.5,0.4,10,0.333333|0.50|0.60|0.70|0.80|0.90|0.95|0.98|0.99|1.00,59,590,1.0,1.0,590,59,0.33711864406779657,0.20000000000000007,0,0,True,True,mean paired gain aggregated over all ten strengths and training trials,False
B2,A|B1,MEDIUM,NONDEPLOYABLE_DECOUPLED_STRENGTH_GATE,0.45,0.2,0.7,0.4,10,0.333333|0.50|0.60|0.70|0.80|0.90|0.95|0.98|0.99|1.00,59,590,1.0,1.0,590,59,0.22728813559322028,0.09999999999999987,0,0,True,True,mean paired gain aggregated over all ten strengths and training trials,False
B2,A|B1,MEDIUM,NONDEPLOYABLE_DECOUPLED_STRENGTH_GATE,0.45,0.2,0.9,0.4,10,0.333333|0.50|0.60|0.70|0.80|0.90|0.95|0.98|0.99|1.00,59,590,1.0,1.0,590,59,0.1525423728813559,0.0,0,0,True,True,mean paired gain aggregated over all ten strengths and training trials,False
B2,A|B1,MEDIUM,NONDEPLOYABLE_DECOUPLED_STRENGTH_GATE,0.5,0.01,0.5,0.4,10,0.333333|0.50|0.60|0.70|0.80|0.90|0.95|0.98|0.99|1.00,59,590,1.0,1.0,590,59,0.33711864406779657,0.20000000000000007,0,0,True,True,mean paired gain aggregated over all ten strengths and training trials,False
B2,A|B1,MEDIUM,NONDEPLOYABLE_DECOUPLED_STRENGTH_GATE,0.5,0.01,0.7,0.4,10,0.333333|0.50|0.60|0.70|0.80|0.90|0.95|0.98|0.99|1.00,59,590,1.0,1.0,590,59,0.22728813559322028,0.09999999999999987,0,0,True,True,mean paired gain aggregated over all ten strengths and training trials,False
B2,A|B1,MEDIUM,NONDEPLOYABLE_DECOUPLED_STRENGTH_GATE,0.5,0.01,0.9,0.4,10,0.333333|0.50|0.60|0.70|0.80|0.90|0.95|0.98|0.99|1.00,59,590,1.0,1.0,590,59,0.1525423728813559,0.0,0,0,True,True,mean paired gain aggregated over all ten strengths and training trials,False
B2,A|B1,MEDIUM,NONDEPLOYABLE_DECOUPLED_STRENGTH_GATE,0.5,0.05,0.5,0.4,10,0.333333|0.50|0.60|0.70|0.80|0.90|0.95|0.98|0.99|1.00,59,590,1.0,1.0,590,59,0.33711864406779657,0.20000000000000007,0,0,True,True,mean paired gain aggregated over all ten strengths and training trials,False
B2,A|B1,MEDIUM,NONDEPLOYABLE_DECOUPLED_STRENGTH_GATE,0.5,0.05,0.7,0.4,10,0.333333|0.50|0.60|0.70|0.80|0.90|0.95|0.98|0.99|1.00,59,590,1.0,1.0,590,59,0.22728813559322028,0.09999999999999987,0,0,True,True,mean paired gain aggregated over all ten strengths and training trials,False
B2,A|B1,MEDIUM,NONDEPLOYABLE_DECOUPLED_STRENGTH_GATE,0.5,0.05,0.9,0.4,10,0.333333|0.50|0.60|0.70|0.80|0.90|0.95|0.98|0.99|1.00,59,590,1.0,1.0,590,59,0.1525423728813559,0.0,0,0,True,True,mean paired gain aggregated over all ten strengths and training trials,False
B2,A|B1,MEDIUM,NONDEPLOYABLE_DECOUPLED_STRENGTH_GATE,0.5,0.1,0.5,0.4,10,0.333333|0.50|0.60|0.70|0.80|0.90|0.95|0.98|0.99|1.00,59,590,1.0,1.0,590,59,0.33711864406779657,0.20000000000000007,0,0,True,True,mean paired gain aggregated over all ten strengths and training trials,False
B2,A|B1,MEDIUM,NONDEPLOYABLE_DECOUPLED_STRENGTH_GATE,0.5,0.1,0.7,0.4,10,0.333333|0.50|0.60|0.70|0.80|0.90|0.95|0.98|0.99|1.00,59,590,1.0,1.0,590,59,0.22728813559322028,0.09999999999999987,0,0,True,True,mean paired gain aggregated over all ten strengths and training trials,False
B2,A|B1,MEDIUM,NONDEPLOYABLE_DECOUPLED_STRENGTH_GATE,0.5,0.1,0.9,0.4,10,0.333333|0.50|0.60|0.70|0.80|0.90|0.95|0.98|0.99|1.00,59,590,1.0,1.0,590,59,0.1525423728813559,0.0,0,0,True,True,mean paired gain aggregated over all ten strengths and training trials,False
B2,A|B1,MEDIUM,NONDEPLOYABLE_DECOUPLED_STRENGTH_GATE,0.5,0.15,0.5,0.4,10,0.333333|0.50|0.60|0.70|0.80|0.90|0.95|0.98|0.99|1.00,59,590,1.0,1.0,590,59,0.33711864406779657,0.20000000000000007,0,0,True,True,mean paired gain aggregated over all ten strengths and training trials,False
B2,A|B1,MEDIUM,NONDEPLOYABLE_DECOUPLED_STRENGTH_GATE,0.5,0.15,0.7,0.4,10,0.333333|0.50|0.60|0.70|0.80|0.90|0.95|0.98|0.99|1.00,59,590,1.0,1.0,590,59,0.22728813559322028,0.09999999999999987,0,0,True,True,mean paired gain aggregated over all ten strengths and training trials,False
B2,A|B1,MEDIUM,NONDEPLOYABLE_DECOUPLED_STRENGTH_GATE,0.5,0.15,0.9,0.4,10,0.333333|0.50|0.60|0.70|0.80|0.90|0.95|0.98|0.99|1.00,59,590,1.0,1.0,590,59,0.1525423728813559,0.0,0,0,True,True,mean paired gain aggregated over all ten strengths and training trials,False
B2,A|B1,MEDIUM,NONDEPLOYABLE_DECOUPLED_STRENGTH_GATE,0.5,0.2,0.5,0.4,10,0.333333|0.50|0.60|0.70|0.80|0.90|0.95|0.98|0.99|1.00,59,590,1.0,1.0,590,59,0.33711864406779657,0.20000000000000007,0,0,True,True,mean paired gain aggregated over all ten strengths and training trials,False
B2,A|B1,MEDIUM,NONDEPLOYABLE_DECOUPLED_STRENGTH_GATE,0.5,0.2,0.7,0.4,10,0.333333|0.50|0.60|0.70|0.80|0.90|0.95|0.98|0.99|1.00,59,590,1.0,1.0,590,59,0.22728813559322028,0.09999999999999987,0,0,True,True,mean paired gain aggregated over all ten strengths and training trials,False
B2,A|B1,MEDIUM,NONDEPLOYABLE_DECOUPLED_STRENGTH_GATE,0.5,0.2,0.9,0.4,10,0.333333|0.50|0.60|0.70|0.80|0.90|0.95|0.98|0.99|1.00,59,590,1.0,1.0,590,59,0.1525423728813559,0.0,0,0,True,True,mean paired gain aggregated over all ten strengths and training trials,False
B2,A|B1,MEDIUM,NONDEPLOYABLE_DECOUPLED_STRENGTH_GATE,0.55,0.01,0.5,0.4,10,0.333333|0.50|0.60|0.70|0.80|0.90|0.95|0.98|0.99|1.00,59,590,1.0,1.0,590,59,0.3288135593220339,0.20000000000000007,0,0,True,True,mean paired gain aggregated over all ten strengths and training trials,False
B2,A|B1,MEDIUM,NONDEPLOYABLE_DECOUPLED_STRENGTH_GATE,0.55,0.01,0.7,0.4,10,0.333333|0.50|0.60|0.70|0.80|0.90|0.95|0.98|0.99|1.00,59,590,1.0,1.0,590,59,0.2233898305084745,0.09999999999999987,0,0,True,True,mean paired gain aggregated over all ten strengths and training trials,False
B2,A|B1,MEDIUM,NONDEPLOYABLE_DECOUPLED_STRENGTH_GATE,0.55,0.01,0.9,0.4,10,0.333333|0.50|0.60|0.70|0.80|0.90|0.95|0.98|0.99|1.00,59,590,1.0,1.0,590,59,0.14745762711864405,0.0,0,0,True,True,mean paired gain aggregated over all ten strengths and training trials,False
B2,A|B1,MEDIUM,NONDEPLOYABLE_DECOUPLED_STRENGTH_GATE,0.55,0.05,0.5,0.4,10,0.333333|0.50|0.60|0.70|0.80|0.90|0.95|0.98|0.99|1.00,59,590,1.0,1.0,590,59,0.3288135593220339,0.20000000000000007,0,0,True,True,mean paired gain aggregated over all ten strengths and training trials,False
B2,A|B1,MEDIUM,NONDEPLOYABLE_DECOUPLED_STRENGTH_GATE,0.55,0.05,0.7,0.4,10,0.333333|0.50|0.60|0.70|0.80|0.90|0.95|0.98|0.99|1.00,59,590,1.0,1.0,590,59,0.2233898305084745,0.09999999999999987,0,0,True,True,mean paired gain aggregated over all ten strengths and training trials,False
B2,A|B1,MEDIUM,NONDEPLOYABLE_DECOUPLED_STRENGTH_GATE,0.55,0.05,0.9,0.4,10,0.333333|0.50|0.60|0.70|0.80|0.90|0.95|0.98|0.99|1.00,59,590,1.0,1.0,590,59,0.14745762711864405,0.0,0,0,True,True,mean paired gain aggregated over all ten strengths and training trials,False
B2,A|B1,MEDIUM,NONDEPLOYABLE_DECOUPLED_STRENGTH_GATE,0.55,0.1,0.5,0.4,10,0.333333|0.50|0.60|0.70|0.80|0.90|0.95|0.98|0.99|1.00,59,590,1.0,1.0,590,59,0.3288135593220339,0.20000000000000007,0,0,True,True,mean paired gain aggregated over all ten strengths and training trials,False
B2,A|B1,MEDIUM,NONDEPLOYABLE_DECOUPLED_STRENGTH_GATE,0.55,0.1,0.7,0.4,10,0.333333|0.50|0.60|0.70|0.80|0.90|0.95|0.98|0.99|1.00,59,590,1.0,1.0,590,59,0.2233898305084745,0.09999999999999987,0,0,True,True,mean paired gain aggregated over all ten strengths and training trials,False
B2,A|B1,MEDIUM,NONDEPLOYABLE_DECOUPLED_STRENGTH_GATE,0.55,0.1,0.9,0.4,10,0.333333|0.50|0.60|0.70|0.80|0.90|0.95|0.98|0.99|1.00,59,590,1.0,1.0,590,59,0.14745762711864405,0.0,0,0,True,True,mean paired gain aggregated over all ten strengths and training trials,False
B2,A|B1,MEDIUM,NONDEPLOYABLE_DECOUPLED_STRENGTH_GATE,0.55,0.15,0.5,0.4,10,0.333333|0.50|0.60|0.70|0.80|0.90|0.95|0.98|0.99|1.00,59,590,1.0,1.0,590,59,0.3288135593220339,0.20000000000000007,0,0,True,True,mean paired gain aggregated over all ten strengths and training trials,False
B2,A|B1,MEDIUM,NONDEPLOYABLE_DECOUPLED_STRENGTH_GATE,0.55,0.15,0.7,0.4,10,0.333333|0.50|0.60|0.70|0.80|0.90|0.95|0.98|0.99|1.00,59,590,1.0,1.0,590,59,0.2233898305084745,0.09999999999999987,0,0,True,True,mean paired gain aggregated over all ten strengths and training trials,False
B2,A|B1,MEDIUM,NONDEPLOYABLE_DECOUPLED_STRENGTH_GATE,0.55,0.15,0.9,0.4,10,0.333333|0.50|0.60|0.70|0.80|0.90|0.95|0.98|0.99|1.00,59,590,1.0,1.0,590,59,0.14745762711864405,0.0,0,0,True,True,mean paired gain aggregated over all ten strengths and training trials,False
B2,A|B1,MEDIUM,NONDEPLOYABLE_DECOUPLED_STRENGTH_GATE,0.55,0.2,0.5,0.4,10,0.333333|0.50|0.60|0.70|0.80|0.90|0.95|0.98|0.99|1.00,59,590,1.0,1.0,590,59,0.3288135593220339,0.20000000000000007,0,0,True,True,mean paired gain aggregated over all ten strengths and training trials,False
B2,A|B1,MEDIUM,NONDEPLOYABLE_DECOUPLED_STRENGTH_GATE,0.55,0.2,0.7,0.4,10,0.333333|0.50|0.60|0.70|0.80|0.90|0.95|0.98|0.99|1.00,59,590,1.0,1.0,590,59,0.2233898305084745,0.09999999999999987,0,0,True,True,mean paired gain aggregated over all ten strengths and training trials,False
B2,A|B1,MEDIUM,NONDEPLOYABLE_DECOUPLED_STRENGTH_GATE,0.55,0.2,0.9,0.4,10,0.333333|0.50|0.60|0.70|0.80|0.90|0.95|0.98|0.99|1.00,59,590,1.0,1.0,590,59,0.14745762711864405,0.0,0,0,True,True,mean paired gain aggregated over all ten strengths and training trials,False
B2,A|B1,CONSERVATIVE,FROZEN_GATE_SHARED_THRESHOLD,0.4,0.01,0.5,0.4,10,0.333333|0.50|0.60|0.70|0.80|0.90|0.95|0.98|0.99|1.00,59,590,1.0,1.0,590,59,0.41169491525423724,0.29999999999999993,0,0,True,True,mean paired gain aggregated over all ten strengths and training trials,False
B2,A|B1,CONSERVATIVE,FROZEN_GATE_SHARED_THRESHOLD,0.4,0.01,0.7,0.4,10,0.333333|0.50|0.60|0.70|0.80|0.90|0.95|0.98|0.99|1.00,59,590,1.0,1.0,590,59,0.30372881355932196,0.19999999999999996,0,0,True,True,mean paired gain aggregated over all ten strengths and training trials,False
B2,A|B1,CONSERVATIVE,FROZEN_GATE_SHARED_THRESHOLD,0.4,0.01,0.9,0.4,10,0.333333|0.50|0.60|0.70|0.80|0.90|0.95|0.98|0.99|1.00,59,590,1.0,1.0,590,59,0.20762711864406774,0.0,0,0,True,True,mean paired gain aggregated over all ten strengths and training trials,False
B2,A|B1,CONSERVATIVE,FROZEN_GATE_SHARED_THRESHOLD,0.4,0.05,0.5,0.4,10,0.333333|0.50|0.60|0.70|0.80|0.90|0.95|0.98|0.99|1.00,59,590,1.0,1.0,590,59,0.41169491525423724,0.29999999999999993,0,0,True,True,mean paired gain aggregated over all ten strengths and training trials,False
B2,A|B1,CONSERVATIVE,FROZEN_GATE_SHARED_THRESHOLD,0.4,0.05,0.7,0.4,10,0.333333|0.50|0.60|0.70|0.80|0.90|0.95|0.98|0.99|1.00,59,590,1.0,1.0,590,59,0.30372881355932196,0.19999999999999996,0,0,True,True,mean paired gain aggregated over all ten strengths and training trials,False
B2,A|B1,CONSERVATIVE,FROZEN_GATE_SHARED_THRESHOLD,0.4,0.05,0.9,0.4,10,0.333333|0.50|0.60|0.70|0.80|0.90|0.95|0.98|0.99|1.00,59,590,1.0,1.0,590,59,0.20762711864406774,0.0,0,0,True,True,mean paired gain aggregated over all ten strengths and training trials,False
B2,A|B1,CONSERVATIVE,FROZEN_GATE_SHARED_THRESHOLD,0.4,0.1,0.5,0.4,10,0.333333|0.50|0.60|0.70|0.80|0.90|0.95|0.98|0.99|1.00,59,590,1.0,1.0,590,59,0.41169491525423724,0.29999999999999993,0,0,True,True,mean paired gain aggregated over all ten strengths and training trials,False
B2,A|B1,CONSERVATIVE,FROZEN_GATE_SHARED_THRESHOLD,0.4,0.1,0.7,0.4,10,0.333333|0.50|0.60|0.70|0.80|0.90|0.95|0.98|0.99|1.00,59,590,1.0,1.0,590,59,0.30372881355932196,0.19999999999999996,0,0,True,True,mean paired gain aggregated over all ten strengths and training trials,False
B2,A|B1,CONSERVATIVE,FROZEN_GATE_SHARED_THRESHOLD,0.4,0.1,0.9,0.4,10,0.333333|0.50|0.60|0.70|0.80|0.90|0.95|0.98|0.99|1.00,59,590,1.0,1.0,590,59,0.20762711864406774,0.0,0,0,True,True,mean paired gain aggregated over all ten strengths and training trials,False
B2,A|B1,CONSERVATIVE,FROZEN_GATE_SHARED_THRESHOLD,0.4,0.15,0.5,0.4,10,0.333333|0.50|0.60|0.70|0.80|0.90|0.95|0.98|0.99|1.00,59,590,1.0,1.0,590,59,0.41169491525423724,0.29999999999999993,0,0,True,True,mean paired gain aggregated over all ten strengths and training trials,False
B2,A|B1,CONSERVATIVE,FROZEN_GATE_SHARED_THRESHOLD,0.4,0.15,0.7,0.4,10,0.333333|0.50|0.60|0.70|0.80|0.90|0.95|0.98|0.99|1.00,59,590,1.0,1.0,590,59,0.30372881355932196,0.19999999999999996,0,0,True,True,mean paired gain aggregated over all ten strengths and training trials,False
B2,A|B1,CONSERVATIVE,FROZEN_GATE_SHARED_THRESHOLD,0.4,0.15,0.9,0.4,10,0.333333|0.50|0.60|0.70|0.80|0.90|0.95|0.98|0.99|1.00,59,590,1.0,1.0,590,59,0.20762711864406774,0.0,0,0,True,True,mean paired gain aggregated over all ten strengths and training trials,False
B2,A|B1,CONSERVATIVE,FROZEN_GATE_SHARED_THRESHOLD,0.4,0.2,0.5,0.4,10,0.333333|0.50|0.60|0.70|0.80|0.90|0.95|0.98|0.99|1.00,59,590,1.0,1.0,590,59,0.41169491525423724,0.29999999999999993,0,0,True,True,mean paired gain aggregated over all ten strengths and training trials,False
B2,A|B1,CONSERVATIVE,FROZEN_GATE_SHARED_THRESHOLD,0.4,0.2,0.7,0.4,10,0.333333|0.50|0.60|0.70|0.80|0.90|0.95|0.98|0.99|1.00,59,590,1.0,1.0,590,59,0.30372881355932196,0.19999999999999996,0,0,True,True,mean paired gain aggregated over all ten strengths and training trials,False
B2,A|B1,CONSERVATIVE,FROZEN_GATE_SHARED_THRESHOLD,0.4,0.2,0.9,0.4,10,0.333333|0.50|0.60|0.70|0.80|0.90|0.95|0.98|0.99|1.00,59,590,1.0,1.0,590,59,0.20762711864406774,0.0,0,0,True,True,mean paired gain aggregated over all ten strengths and training trials,False
B2,A|B1,CONSERVATIVE,FROZEN_GATE_SHARED_THRESHOLD,0.45,0.01,0.5,0.4,10,0.333333|0.50|0.60|0.70|0.80|0.90|0.95|0.98|0.99|1.00,59,590,1.0,1.0,590,59,0.41169491525423724,0.29999999999999993,0,0,True,True,mean paired gain aggregated over all ten strengths and training trials,False
B2,A|B1,CONSERVATIVE,FROZEN_GATE_SHARED_THRESHOLD,0.45,0.01,0.7,0.4,10,0.333333|0.50|0.60|0.70|0.80|0.90|0.95|0.98|0.99|1.00,59,590,1.0,1.0,590,59,0.30372881355932196,0.19999999999999996,0,0,True,True,mean paired gain aggregated over all ten strengths and training trials,False
B2,A|B1,CONSERVATIVE,FROZEN_GATE_SHARED_THRESHOLD,0.45,0.01,0.9,0.4,10,0.333333|0.50|0.60|0.70|0.80|0.90|0.95|0.98|0.99|1.00,59,590,1.0,1.0,590,59,0.20762711864406774,0.0,0,0,True,True,mean paired gain aggregated over all ten strengths and training trials,False
B2,A|B1,CONSERVATIVE,FROZEN_GATE_SHARED_THRESHOLD,0.45,0.05,0.5,0.4,10,0.333333|0.50|0.60|0.70|0.80|0.90|0.95|0.98|0.99|1.00,59,590,1.0,1.0,590,59,0.41169491525423724,0.29999999999999993,0,0,True,True,mean paired gain aggregated over all ten strengths and training trials,False
B2,A|B1,CONSERVATIVE,FROZEN_GATE_SHARED_THRESHOLD,0.45,0.05,0.7,0.4,10,0.333333|0.50|0.60|0.70|0.80|0.90|0.95|0.98|0.99|1.00,59,590,1.0,1.0,590,59,0.30372881355932196,0.19999999999999996,0,0,True,True,mean paired gain aggregated over all ten strengths and training trials,False
B2,A|B1,CONSERVATIVE,FROZEN_GATE_SHARED_THRESHOLD,0.45,0.05,0.9,0.4,10,0.333333|0.50|0.60|0.70|0.80|0.90|0.95|0.98|0.99|1.00,59,590,1.0,1.0,590,59,0.20762711864406774,0.0,0,0,True,True,mean paired gain aggregated over all ten strengths and training trials,False
B2,A|B1,CONSERVATIVE,FROZEN_GATE_SHARED_THRESHOLD,0.45,0.1,0.5,0.4,10,0.333333|0.50|0.60|0.70|0.80|0.90|0.95|0.98|0.99|1.00,59,590,1.0,1.0,590,59,0.41169491525423724,0.29999999999999993,0,0,True,True,mean paired gain aggregated over all ten strengths and training trials,False
B2,A|B1,CONSERVATIVE,FROZEN_GATE_SHARED_THRESHOLD,0.45,0.1,0.7,0.4,10,0.333333|0.50|0.60|0.70|0.80|0.90|0.95|0.98|0.99|1.00,59,590,1.0,1.0,590,59,0.30372881355932196,0.19999999999999996,0,0,True,True,mean paired gain aggregated over all ten strengths and training trials,False
B2,A|B1,CONSERVATIVE,FROZEN_GATE_SHARED_THRESHOLD,0.45,0.1,0.9,0.4,10,0.333333|0.50|0.60|0.70|0.80|0.90|0.95|0.98|0.99|1.00,59,590,1.0,1.0,590,59,0.20762711864406774,0.0,0,0,True,True,mean paired gain aggregated over all ten strengths and training trials,False
B2,A|B1,CONSERVATIVE,FROZEN_GATE_SHARED_THRESHOLD,0.45,0.15,0.5,0.4,10,0.333333|0.50|0.60|0.70|0.80|0.90|0.95|0.98|0.99|1.00,59,590,1.0,1.0,590,59,0.41169491525423724,0.29999999999999993,0,0,True,True,mean paired gain aggregated over all ten strengths and training trials,False
B2,A|B1,CONSERVATIVE,FROZEN_GATE_SHARED_THRESHOLD,0.45,0.15,0.7,0.4,10,0.333333|0.50|0.60|0.70|0.80|0.90|0.95|0.98|0.99|1.00,59,590,1.0,1.0,590,59,0.30372881355932196,0.19999999999999996,0,0,True,True,mean paired gain aggregated over all ten strengths and training trials,False
B2,A|B1,CONSERVATIVE,FROZEN_GATE_SHARED_THRESHOLD,0.45,0.15,0.9,0.4,10,0.333333|0.50|0.60|0.70|0.80|0.90|0.95|0.98|0.99|1.00,59,590,1.0,1.0,590,59,0.20762711864406774,0.0,0,0,True,True,mean paired gain aggregated over all ten strengths and training trials,False
B2,A|B1,CONSERVATIVE,FROZEN_GATE_SHARED_THRESHOLD,0.45,0.2,0.5,0.4,10,0.333333|0.50|0.60|0.70|0.80|0.90|0.95|0.98|0.99|1.00,59,590,1.0,1.0,590,59,0.41169491525423724,0.29999999999999993,0,0,True,True,mean paired gain aggregated over all ten strengths and training trials,False
B2,A|B1,CONSERVATIVE,FROZEN_GATE_SHARED_THRESHOLD,0.45,0.2,0.7,0.4,10,0.333333|0.50|0.60|0.70|0.80|0.90|0.95|0.98|0.99|1.00,59,590,1.0,1.0,590,59,0.30372881355932196,0.19999999999999996,0,0,True,True,mean paired gain aggregated over all ten strengths and training trials,False
B2,A|B1,CONSERVATIVE,FROZEN_GATE_SHARED_THRESHOLD,0.45,0.2,0.9,0.4,10,0.333333|0.50|0.60|0.70|0.80|0.90|0.95|0.98|0.99|1.00,59,590,1.0,1.0,590,59,0.20762711864406774,0.0,0,0,True,True,mean paired gain aggregated over all ten strengths and training trials,False
B2,A|B1,CONSERVATIVE,FROZEN_GATE_SHARED_THRESHOLD,0.5,0.01,0.5,0.4,10,0.333333|0.50|0.60|0.70|0.80|0.90|0.95|0.98|0.99|1.00,59,590,1.0,1.0,590,59,0.41169491525423724,0.29999999999999993,0,0,True,True,mean paired gain aggregated over all ten strengths and training trials,False
B2,A|B1,CONSERVATIVE,FROZEN_GATE_SHARED_THRESHOLD,0.5,0.01,0.7,0.4,10,0.333333|0.50|0.60|0.70|0.80|0.90|0.95|0.98|0.99|1.00,59,590,1.0,1.0,590,59,0.30372881355932196,0.19999999999999996,0,0,True,True,mean paired gain aggregated over all ten strengths and training trials,False
B2,A|B1,CONSERVATIVE,FROZEN_GATE_SHARED_THRESHOLD,0.5,0.01,0.9,0.4,10,0.333333|0.50|0.60|0.70|0.80|0.90|0.95|0.98|0.99|1.00,59,590,1.0,1.0,590,59,0.20762711864406774,0.0,0,0,True,True,mean paired gain aggregated over all ten strengths and training trials,False
B2,A|B1,CONSERVATIVE,FROZEN_GATE_SHARED_THRESHOLD,0.5,0.05,0.5,0.4,10,0.333333|0.50|0.60|0.70|0.80|0.90|0.95|0.98|0.99|1.00,59,590,1.0,1.0,590,59,0.41169491525423724,0.29999999999999993,0,0,True,True,mean paired gain aggregated over all ten strengths and training trials,False
B2,A|B1,CONSERVATIVE,FROZEN_GATE_SHARED_THRESHOLD,0.5,0.05,0.7,0.4,10,0.333333|0.50|0.60|0.70|0.80|0.90|0.95|0.98|0.99|1.00,59,590,1.0,1.0,590,59,0.30372881355932196,0.19999999999999996,0,0,True,True,mean paired gain aggregated over all ten strengths and training trials,False
B2,A|B1,CONSERVATIVE,FROZEN_GATE_SHARED_THRESHOLD,0.5,0.05,0.9,0.4,10,0.333333|0.50|0.60|0.70|0.80|0.90|0.95|0.98|0.99|1.00,59,590,1.0,1.0,590,59,0.20762711864406774,0.0,0,0,True,True,mean paired gain aggregated over all ten strengths and training trials,False
B2,A|B1,CONSERVATIVE,FROZEN_GATE_SHARED_THRESHOLD,0.5,0.1,0.5,0.4,10,0.333333|0.50|0.60|0.70|0.80|0.90|0.95|0.98|0.99|1.00,59,590,1.0,1.0,590,59,0.41169491525423724,0.29999999999999993,0,0,True,True,mean paired gain aggregated over all ten strengths and training trials,False
B2,A|B1,CONSERVATIVE,FROZEN_GATE_SHARED_THRESHOLD,0.5,0.1,0.7,0.4,10,0.333333|0.50|0.60|0.70|0.80|0.90|0.95|0.98|0.99|1.00,59,590,1.0,1.0,590,59,0.30372881355932196,0.19999999999999996,0,0,True,True,mean paired gain aggregated over all ten strengths and training trials,False
B2,A|B1,CONSERVATIVE,FROZEN_GATE_SHARED_THRESHOLD,0.5,0.1,0.9,0.4,10,0.333333|0.50|0.60|0.70|0.80|0.90|0.95|0.98|0.99|1.00,59,590,1.0,1.0,590,59,0.20762711864406774,0.0,0,0,True,True,mean paired gain aggregated over all ten strengths and training trials,False
B2,A|B1,CONSERVATIVE,FROZEN_GATE_SHARED_THRESHOLD,0.5,0.15,0.5,0.4,10,0.333333|0.50|0.60|0.70|0.80|0.90|0.95|0.98|0.99|1.00,59,590,1.0,1.0,590,59,0.41169491525423724,0.29999999999999993,0,0,True,True,mean paired gain aggregated over all ten strengths and training trials,False
B2,A|B1,CONSERVATIVE,FROZEN_GATE_SHARED_THRESHOLD,0.5,0.15,0.7,0.4,10,0.333333|0.50|0.60|0.70|0.80|0.90|0.95|0.98|0.99|1.00,59,590,1.0,1.0,590,59,0.30372881355932196,0.19999999999999996,0,0,True,True,mean paired gain aggregated over all ten strengths and training trials,False
B2,A|B1,CONSERVATIVE,FROZEN_GATE_SHARED_THRESHOLD,0.5,0.15,0.9,0.4,10,0.333333|0.50|0.60|0.70|0.80|0.90|0.95|0.98|0.99|1.00,59,590,1.0,1.0,590,59,0.20762711864406774,0.0,0,0,True,True,mean paired gain aggregated over all ten strengths and training trials,False
B2,A|B1,CONSERVATIVE,FROZEN_GATE_SHARED_THRESHOLD,0.5,0.2,0.5,0.4,10,0.333333|0.50|0.60|0.70|0.80|0.90|0.95|0.98|0.99|1.00,59,590,1.0,1.0,590,59,0.41169491525423724,0.29999999999999993,0,0,True,True,mean paired gain aggregated over all ten strengths and training trials,False
B2,A|B1,CONSERVATIVE,FROZEN_GATE_SHARED_THRESHOLD,0.5,0.2,0.7,0.4,10,0.333333|0.50|0.60|0.70|0.80|0.90|0.95|0.98|0.99|1.00,59,590,1.0,1.0,590,59,0.30372881355932196,0.19999999999999996,0,0,True,True,mean paired gain aggregated over all ten strengths and training trials,False
B2,A|B1,CONSERVATIVE,FROZEN_GATE_SHARED_THRESHOLD,0.5,0.2,0.9,0.4,10,0.333333|0.50|0.60|0.70|0.80|0.90|0.95|0.98|0.99|1.00,59,590,1.0,1.0,590,59,0.20762711864406774,0.0,0,0,True,True,mean paired gain aggregated over all ten strengths and training trials,False
B2,A|B1,CONSERVATIVE,FROZEN_GATE_SHARED_THRESHOLD,0.55,0.01,0.5,0.4,10,0.333333|0.50|0.60|0.70|0.80|0.90|0.95|0.98|0.99|1.00,59,590,1.0,1.0,590,59,0.41169491525423724,0.29999999999999993,0,0,True,True,mean paired gain aggregated over all ten strengths and training trials,False
B2,A|B1,CONSERVATIVE,FROZEN_GATE_SHARED_THRESHOLD,0.55,0.01,0.7,0.4,10,0.333333|0.50|0.60|0.70|0.80|0.90|0.95|0.98|0.99|1.00,59,590,1.0,1.0,590,59,0.30372881355932196,0.19999999999999996,0,0,True,True,mean paired gain aggregated over all ten strengths and training trials,False
B2,A|B1,CONSERVATIVE,FROZEN_GATE_SHARED_THRESHOLD,0.55,0.01,0.9,0.4,10,0.333333|0.50|0.60|0.70|0.80|0.90|0.95|0.98|0.99|1.00,59,590,1.0,1.0,590,59,0.20762711864406774,0.0,0,0,True,True,mean paired gain aggregated over all ten strengths and training trials,False
B2,A|B1,CONSERVATIVE,FROZEN_GATE_SHARED_THRESHOLD,0.55,0.05,0.5,0.4,10,0.333333|0.50|0.60|0.70|0.80|0.90|0.95|0.98|0.99|1.00,59,590,1.0,1.0,590,59,0.41169491525423724,0.29999999999999993,0,0,True,True,mean paired gain aggregated over all ten strengths and training trials,False
B2,A|B1,CONSERVATIVE,FROZEN_GATE_SHARED_THRESHOLD,0.55,0.05,0.7,0.4,10,0.333333|0.50|0.60|0.70|0.80|0.90|0.95|0.98|0.99|1.00,59,590,1.0,1.0,590,59,0.30372881355932196,0.19999999999999996,0,0,True,True,mean paired gain aggregated over all ten strengths and training trials,False
B2,A|B1,CONSERVATIVE,FROZEN_GATE_SHARED_THRESHOLD,0.55,0.05,0.9,0.4,10,0.333333|0.50|0.60|0.70|0.80|0.90|0.95|0.98|0.99|1.00,59,590,1.0,1.0,590,59,0.20762711864406774,0.0,0,0,True,True,mean paired gain aggregated over all ten strengths and training trials,False
B2,A|B1,CONSERVATIVE,FROZEN_GATE_SHARED_THRESHOLD,0.55,0.1,0.5,0.4,10,0.333333|0.50|0.60|0.70|0.80|0.90|0.95|0.98|0.99|1.00,59,590,1.0,1.0,590,59,0.41169491525423724,0.29999999999999993,0,0,True,True,mean paired gain aggregated over all ten strengths and training trials,False
B2,A|B1,CONSERVATIVE,FROZEN_GATE_SHARED_THRESHOLD,0.55,0.1,0.7,0.4,10,0.333333|0.50|0.60|0.70|0.80|0.90|0.95|0.98|0.99|1.00,59,590,1.0,1.0,590,59,0.30372881355932196,0.19999999999999996,0,0,True,True,mean paired gain aggregated over all ten strengths and training trials,False
B2,A|B1,CONSERVATIVE,FROZEN_GATE_SHARED_THRESHOLD,0.55,0.1,0.9,0.4,10,0.333333|0.50|0.60|0.70|0.80|0.90|0.95|0.98|0.99|1.00,59,590,1.0,1.0,590,59,0.20762711864406774,0.0,0,0,True,True,mean paired gain aggregated over all ten strengths and training trials,False
B2,A|B1,CONSERVATIVE,FROZEN_GATE_SHARED_THRESHOLD,0.55,0.15,0.5,0.4,10,0.333333|0.50|0.60|0.70|0.80|0.90|0.95|0.98|0.99|1.00,59,590,1.0,1.0,590,59,0.41169491525423724,0.29999999999999993,0,0,True,True,mean paired gain aggregated over all ten strengths and training trials,False
B2,A|B1,CONSERVATIVE,FROZEN_GATE_SHARED_THRESHOLD,0.55,0.15,0.7,0.4,10,0.333333|0.50|0.60|0.70|0.80|0.90|0.95|0.98|0.99|1.00,59,590,1.0,1.0,590,59,0.30372881355932196,0.19999999999999996,0,0,True,True,mean paired gain aggregated over all ten strengths and training trials,False
B2,A|B1,CONSERVATIVE,FROZEN_GATE_SHARED_THRESHOLD,0.55,0.15,0.9,0.4,10,0.333333|0.50|0.60|0.70|0.80|0.90|0.95|0.98|0.99|1.00,59,590,1.0,1.0,590,59,0.20762711864406774,0.0,0,0,True,True,mean paired gain aggregated over all ten strengths and training trials,False
B2,A|B1,CONSERVATIVE,FROZEN_GATE_SHARED_THRESHOLD,0.55,0.2,0.5,0.4,10,0.333333|0.50|0.60|0.70|0.80|0.90|0.95|0.98|0.99|1.00,59,590,1.0,1.0,590,59,0.41169491525423724,0.29999999999999993,0,0,True,True,mean paired gain aggregated over all ten strengths and training trials,True
B2,A|B1,CONSERVATIVE,FROZEN_GATE_SHARED_THRESHOLD,0.55,0.2,0.7,0.4,10,0.333333|0.50|0.60|0.70|0.80|0.90|0.95|0.98|0.99|1.00,59,590,1.0,1.0,590,59,0.30372881355932196,0.19999999999999996,0,0,True,True,mean paired gain aggregated over all ten strengths and training trials,False
B2,A|B1,CONSERVATIVE,FROZEN_GATE_SHARED_THRESHOLD,0.55,0.2,0.9,0.4,10,0.333333|0.50|0.60|0.70|0.80|0.90|0.95|0.98|0.99|1.00,59,590,1.0,1.0,590,59,0.20762711864406774,0.0,0,0,True,True,mean paired gain aggregated over all ten strengths and training trials,False
B2,A|B1,CONSERVATIVE,NONDEPLOYABLE_DECOUPLED_STRENGTH_GATE,0.4,0.01,0.5,0.4,10,0.333333|0.50|0.60|0.70|0.80|0.90|0.95|0.98|0.99|1.00,59,590,1.0,1.0,590,59,0.5630508474576271,0.5,0,0,True,True,mean paired gain aggregated over all ten strengths and training trials,True
B2,A|B1,CONSERVATIVE,NONDEPLOYABLE_DECOUPLED_STRENGTH_GATE,0.4,0.01,0.7,0.4,10,0.333333|0.50|0.60|0.70|0.80|0.90|0.95|0.98|0.99|1.00,59,590,1.0,1.0,590,59,0.4181355932203389,0.3999999999999999,0,0,True,True,mean paired gain aggregated over all ten strengths and training trials,False
B2,A|B1,CONSERVATIVE,NONDEPLOYABLE_DECOUPLED_STRENGTH_GATE,0.4,0.01,0.9,0.4,10,0.333333|0.50|0.60|0.70|0.80|0.90|0.95|0.98|0.99|1.00,59,590,1.0,1.0,590,59,0.2854237288135592,0.30000000000000004,0,0,True,True,mean paired gain aggregated over all ten strengths and training trials,False
B2,A|B1,CONSERVATIVE,NONDEPLOYABLE_DECOUPLED_STRENGTH_GATE,0.4,0.05,0.5,0.4,10,0.333333|0.50|0.60|0.70|0.80|0.90|0.95|0.98|0.99|1.00,59,590,1.0,1.0,590,59,0.5628813559322035,0.5,0,0,True,True,mean paired gain aggregated over all ten strengths and training trials,False
B2,A|B1,CONSERVATIVE,NONDEPLOYABLE_DECOUPLED_STRENGTH_GATE,0.4,0.05,0.7,0.4,10,0.333333|0.50|0.60|0.70|0.80|0.90|0.95|0.98|0.99|1.00,59,590,1.0,1.0,590,59,0.4181355932203389,0.3999999999999999,0,0,True,True,mean paired gain aggregated over all ten strengths and training trials,False
B2,A|B1,CONSERVATIVE,NONDEPLOYABLE_DECOUPLED_STRENGTH_GATE,0.4,0.05,0.9,0.4,10,0.333333|0.50|0.60|0.70|0.80|0.90|0.95|0.98|0.99|1.00,59,590,1.0,1.0,590,59,0.2854237288135592,0.30000000000000004,0,0,True,True,mean paired gain aggregated over all ten strengths and training trials,False
B2,A|B1,CONSERVATIVE,NONDEPLOYABLE_DECOUPLED_STRENGTH_GATE,0.4,0.1,0.5,0.4,10,0.333333|0.50|0.60|0.70|0.80|0.90|0.95|0.98|0.99|1.00,59,590,1.0,1.0,590,59,0.5506779661016948,0.5,0,0,True,True,mean paired gain aggregated over all ten strengths and training trials,False
B2,A|B1,CONSERVATIVE,NONDEPLOYABLE_DECOUPLED_STRENGTH_GATE,0.4,0.1,0.7,0.4,10,0.333333|0.50|0.60|0.70|0.80|0.90|0.95|0.98|0.99|1.00,59,590,1.0,1.0,590,59,0.4086440677966101,0.3999999999999999,0,0,True,True,mean paired gain aggregated over all ten strengths and training trials,False
B2,A|B1,CONSERVATIVE,NONDEPLOYABLE_DECOUPLED_STRENGTH_GATE,0.4,0.1,0.9,0.4,10,0.333333|0.50|0.60|0.70|0.80|0.90|0.95|0.98|0.99|1.00,59,590,1.0,1.0,590,59,0.2796610169491525,0.19999999999999996,0,0,True,True,mean paired gain aggregated over all ten strengths and training trials,False
B2,A|B1,CONSERVATIVE,NONDEPLOYABLE_DECOUPLED_STRENGTH_GATE,0.4,0.15,0.5,0.4,10,0.333333|0.50|0.60|0.70|0.80|0.90|0.95|0.98|0.99|1.00,59,590,1.0,1.0,590,59,0.5322033898305085,0.5,0,0,True,True,mean paired gain aggregated over all ten strengths and training trials,False
B2,A|B1,CONSERVATIVE,NONDEPLOYABLE_DECOUPLED_STRENGTH_GATE,0.4,0.15,0.7,0.4,10,0.333333|0.50|0.60|0.70|0.80|0.90|0.95|0.98|0.99|1.00,59,590,1.0,1.0,590,59,0.39338983050847454,0.3999999999999999,0,0,True,True,mean paired gain aggregated over all ten strengths and training trials,False
B2,A|B1,CONSERVATIVE,NONDEPLOYABLE_DECOUPLED_STRENGTH_GATE,0.4,0.15,0.9,0.4,10,0.333333|0.50|0.60|0.70|0.80|0.90|0.95|0.98|0.99|1.00,59,590,1.0,1.0,590,59,0.2696610169491525,0.19999999999999996,0,0,True,True,mean paired gain aggregated over all ten strengths and training trials,False
B2,A|B1,CONSERVATIVE,NONDEPLOYABLE_DECOUPLED_STRENGTH_GATE,0.4,0.2,0.5,0.4,10,0.333333|0.50|0.60|0.70|0.80|0.90|0.95|0.98|0.99|1.00,59,590,1.0,1.0,590,59,0.5293220338983051,0.5,0,0,True,True,mean paired gain aggregated over all ten strengths and training trials,False
B2,A|B1,CONSERVATIVE,NONDEPLOYABLE_DECOUPLED_STRENGTH_GATE,0.4,0.2,0.7,0.4,10,0.333333|0.50|0.60|0.70|0.80|0.90|0.95|0.98|0.99|1.00,59,590,1.0,1.0,590,59,0.390508474576271,0.3999999999999999,0,0,True,True,mean paired gain aggregated over all ten strengths and training trials,False
B2,A|B1,CONSERVATIVE,NONDEPLOYABLE_DECOUPLED_STRENGTH_GATE,0.4,0.2,0.9,0.4,10,0.333333|0.50|0.60|0.70|0.80|0.90|0.95|0.98|0.99|1.00,59,590,1.0,1.0,590,59,0.26694915254237284,0.19999999999999996,0,0,True,True,mean paired gain aggregated over all ten strengths and training trials,False
B2,A|B1,CONSERVATIVE,NONDEPLOYABLE_DECOUPLED_STRENGTH_GATE,0.45,0.01,0.5,0.4,10,0.333333|0.50|0.60|0.70|0.80|0.90|0.95|0.98|0.99|1.00,59,590,1.0,1.0,590,59,0.5294915254237288,0.5,0,0,True,True,mean paired gain aggregated over all ten strengths and training trials,False
B2,A|B1,CONSERVATIVE,NONDEPLOYABLE_DECOUPLED_STRENGTH_GATE,0.45,0.01,0.7,0.4,10,0.333333|0.50|0.60|0.70|0.80|0.90|0.95|0.98|0.99|1.00,59,590,1.0,1.0,590,59,0.3906779661016948,0.3999999999999999,0,0,True,True,mean paired gain aggregated over all ten strengths and training trials,False
B2,A|B1,CONSERVATIVE,NONDEPLOYABLE_DECOUPLED_STRENGTH_GATE,0.45,0.01,0.9,0.4,10,0.333333|0.50|0.60|0.70|0.80|0.90|0.95|0.98|0.99|1.00,59,590,1.0,1.0,590,59,0.26711864406779656,0.19999999999999996,0,0,True,True,mean paired gain aggregated over all ten strengths and training trials,False
B2,A|B1,CONSERVATIVE,NONDEPLOYABLE_DECOUPLED_STRENGTH_GATE,0.45,0.05,0.5,0.4,10,0.333333|0.50|0.60|0.70|0.80|0.90|0.95|0.98|0.99|1.00,59,590,1.0,1.0,590,59,0.5294915254237288,0.5,0,0,True,True,mean paired gain aggregated over all ten strengths and training trials,False
B2,A|B1,CONSERVATIVE,NONDEPLOYABLE_DECOUPLED_STRENGTH_GATE,0.45,0.05,0.7,0.4,10,0.333333|0.50|0.60|0.70|0.80|0.90|0.95|0.98|0.99|1.00,59,590,1.0,1.0,590,59,0.3906779661016948,0.3999999999999999,0,0,True,True,mean paired gain aggregated over all ten strengths and training trials,False
B2,A|B1,CONSERVATIVE,NONDEPLOYABLE_DECOUPLED_STRENGTH_GATE,0.45,0.05,0.9,0.4,10,0.333333|0.50|0.60|0.70|0.80|0.90|0.95|0.98|0.99|1.00,59,590,1.0,1.0,590,59,0.26711864406779656,0.19999999999999996,0,0,True,True,mean paired gain aggregated over all ten strengths and training trials,False
B2,A|B1,CONSERVATIVE,NONDEPLOYABLE_DECOUPLED_STRENGTH_GATE,0.45,0.1,0.5,0.4,10,0.333333|0.50|0.60|0.70|0.80|0.90|0.95|0.98|0.99|1.00,59,590,1.0,1.0,590,59,0.5293220338983051,0.5,0,0,True,True,mean paired gain aggregated over all ten strengths and training trials,False
B2,A|B1,CONSERVATIVE,NONDEPLOYABLE_DECOUPLED_STRENGTH_GATE,0.45,0.1,0.7,0.4,10,0.333333|0.50|0.60|0.70|0.80|0.90|0.95|0.98|0.99|1.00,59,590,1.0,1.0,590,59,0.390508474576271,0.3999999999999999,0,0,True,True,mean paired gain aggregated over all ten strengths and training trials,False
B2,A|B1,CONSERVATIVE,NONDEPLOYABLE_DECOUPLED_STRENGTH_GATE,0.45,0.1,0.9,0.4,10,0.333333|0.50|0.60|0.70|0.80|0.90|0.95|0.98|0.99|1.00,59,590,1.0,1.0,590,59,0.26694915254237284,0.19999999999999996,0,0,True,True,mean paired gain aggregated over all ten strengths and training trials,False
B2,A|B1,CONSERVATIVE,NONDEPLOYABLE_DECOUPLED_STRENGTH_GATE,0.45,0.15,0.5,0.4,10,0.333333|0.50|0.60|0.70|0.80|0.90|0.95|0.98|0.99|1.00,59,590,1.0,1.0,590,59,0.5293220338983051,0.5,0,0,True,True,mean paired gain aggregated over all ten strengths and training trials,False
B2,A|B1,CONSERVATIVE,NONDEPLOYABLE_DECOUPLED_STRENGTH_GATE,0.45,0.15,0.7,0.4,10,0.333333|0.50|0.60|0.70|0.80|0.90|0.95|0.98|0.99|1.00,59,590,1.0,1.0,590,59,0.390508474576271,0.3999999999999999,0,0,True,True,mean paired gain aggregated over all ten strengths and training trials,False
B2,A|B1,CONSERVATIVE,NONDEPLOYABLE_DECOUPLED_STRENGTH_GATE,0.45,0.15,0.9,0.4,10,0.333333|0.50|0.60|0.70|0.80|0.90|0.95|0.98|0.99|1.00,59,590,1.0,1.0,590,59,0.26694915254237284,0.19999999999999996,0,0,True,True,mean paired gain aggregated over all ten strengths and training trials,False
B2,A|B1,CONSERVATIVE,NONDEPLOYABLE_DECOUPLED_STRENGTH_GATE,0.45,0.2,0.5,0.4,10,0.333333|0.50|0.60|0.70|0.80|0.90|0.95|0.98|0.99|1.00,59,590,1.0,1.0,590,59,0.5293220338983051,0.5,0,0,True,True,mean paired gain aggregated over all ten strengths and training trials,False
B2,A|B1,CONSERVATIVE,NONDEPLOYABLE_DECOUPLED_STRENGTH_GATE,0.45,0.2,0.7,0.4,10,0.333333|0.50|0.60|0.70|0.80|0.90|0.95|0.98|0.99|1.00,59,590,1.0,1.0,590,59,0.390508474576271,0.3999999999999999,0,0,True,True,mean paired gain aggregated over all ten strengths and training trials,False
B2,A|B1,CONSERVATIVE,NONDEPLOYABLE_DECOUPLED_STRENGTH_GATE,0.45,0.2,0.9,0.4,10,0.333333|0.50|0.60|0.70|0.80|0.90|0.95|0.98|0.99|1.00,59,590,1.0,1.0,590,59,0.26694915254237284,0.19999999999999996,0,0,True,True,mean paired gain aggregated over all ten strengths and training trials,False
B2,A|B1,CONSERVATIVE,NONDEPLOYABLE_DECOUPLED_STRENGTH_GATE,0.5,0.01,0.5,0.4,10,0.333333|0.50|0.60|0.70|0.80|0.90|0.95|0.98|0.99|1.00,59,590,1.0,1.0,590,59,0.5293220338983051,0.5,0,0,True,True,mean paired gain aggregated over all ten strengths and training trials,False
B2,A|B1,CONSERVATIVE,NONDEPLOYABLE_DECOUPLED_STRENGTH_GATE,0.5,0.01,0.7,0.4,10,0.333333|0.50|0.60|0.70|0.80|0.90|0.95|0.98|0.99|1.00,59,590,1.0,1.0,590,59,0.390508474576271,0.3999999999999999,0,0,True,True,mean paired gain aggregated over all ten strengths and training trials,False
B2,A|B1,CONSERVATIVE,NONDEPLOYABLE_DECOUPLED_STRENGTH_GATE,0.5,0.01,0.9,0.4,10,0.333333|0.50|0.60|0.70|0.80|0.90|0.95|0.98|0.99|1.00,59,590,1.0,1.0,590,59,0.26694915254237284,0.19999999999999996,0,0,True,True,mean paired gain aggregated over all ten strengths and training trials,False
B2,A|B1,CONSERVATIVE,NONDEPLOYABLE_DECOUPLED_STRENGTH_GATE,0.5,0.05,0.5,0.4,10,0.333333|0.50|0.60|0.70|0.80|0.90|0.95|0.98|0.99|1.00,59,590,1.0,1.0,590,59,0.5293220338983051,0.5,0,0,True,True,mean paired gain aggregated over all ten strengths and training trials,False
B2,A|B1,CONSERVATIVE,NONDEPLOYABLE_DECOUPLED_STRENGTH_GATE,0.5,0.05,0.7,0.4,10,0.333333|0.50|0.60|0.70|0.80|0.90|0.95|0.98|0.99|1.00,59,590,1.0,1.0,590,59,0.390508474576271,0.3999999999999999,0,0,True,True,mean paired gain aggregated over all ten strengths and training trials,False
B2,A|B1,CONSERVATIVE,NONDEPLOYABLE_DECOUPLED_STRENGTH_GATE,0.5,0.05,0.9,0.4,10,0.333333|0.50|0.60|0.70|0.80|0.90|0.95|0.98|0.99|1.00,59,590,1.0,1.0,590,59,0.26694915254237284,0.19999999999999996,0,0,True,True,mean paired gain aggregated over all ten strengths and training trials,False
B2,A|B1,CONSERVATIVE,NONDEPLOYABLE_DECOUPLED_STRENGTH_GATE,0.5,0.1,0.5,0.4,10,0.333333|0.50|0.60|0.70|0.80|0.90|0.95|0.98|0.99|1.00,59,590,1.0,1.0,590,59,0.5293220338983051,0.5,0,0,True,True,mean paired gain aggregated over all ten strengths and training trials,False
B2,A|B1,CONSERVATIVE,NONDEPLOYABLE_DECOUPLED_STRENGTH_GATE,0.5,0.1,0.7,0.4,10,0.333333|0.50|0.60|0.70|0.80|0.90|0.95|0.98|0.99|1.00,59,590,1.0,1.0,590,59,0.390508474576271,0.3999999999999999,0,0,True,True,mean paired gain aggregated over all ten strengths and training trials,False
B2,A|B1,CONSERVATIVE,NONDEPLOYABLE_DECOUPLED_STRENGTH_GATE,0.5,0.1,0.9,0.4,10,0.333333|0.50|0.60|0.70|0.80|0.90|0.95|0.98|0.99|1.00,59,590,1.0,1.0,590,59,0.26694915254237284,0.19999999999999996,0,0,True,True,mean paired gain aggregated over all ten strengths and training trials,False
B2,A|B1,CONSERVATIVE,NONDEPLOYABLE_DECOUPLED_STRENGTH_GATE,0.5,0.15,0.5,0.4,10,0.333333|0.50|0.60|0.70|0.80|0.90|0.95|0.98|0.99|1.00,59,590,1.0,1.0,590,59,0.5293220338983051,0.5,0,0,True,True,mean paired gain aggregated over all ten strengths and training trials,False
B2,A|B1,CONSERVATIVE,NONDEPLOYABLE_DECOUPLED_STRENGTH_GATE,0.5,0.15,0.7,0.4,10,0.333333|0.50|0.60|0.70|0.80|0.90|0.95|0.98|0.99|1.00,59,590,1.0,1.0,590,59,0.390508474576271,0.3999999999999999,0,0,True,True,mean paired gain aggregated over all ten strengths and training trials,False
B2,A|B1,CONSERVATIVE,NONDEPLOYABLE_DECOUPLED_STRENGTH_GATE,0.5,0.15,0.9,0.4,10,0.333333|0.50|0.60|0.70|0.80|0.90|0.95|0.98|0.99|1.00,59,590,1.0,1.0,590,59,0.26694915254237284,0.19999999999999996,0,0,True,True,mean paired gain aggregated over all ten strengths and training trials,False
B2,A|B1,CONSERVATIVE,NONDEPLOYABLE_DECOUPLED_STRENGTH_GATE,0.5,0.2,0.5,0.4,10,0.333333|0.50|0.60|0.70|0.80|0.90|0.95|0.98|0.99|1.00,59,590,1.0,1.0,590,59,0.5293220338983051,0.5,0,0,True,True,mean paired gain aggregated over all ten strengths and training trials,False
B2,A|B1,CONSERVATIVE,NONDEPLOYABLE_DECOUPLED_STRENGTH_GATE,0.5,0.2,0.7,0.4,10,0.333333|0.50|0.60|0.70|0.80|0.90|0.95|0.98|0.99|1.00,59,590,1.0,1.0,590,59,0.390508474576271,0.3999999999999999,0,0,True,True,mean paired gain aggregated over all ten strengths and training trials,False
B2,A|B1,CONSERVATIVE,NONDEPLOYABLE_DECOUPLED_STRENGTH_GATE,0.5,0.2,0.9,0.4,10,0.333333|0.50|0.60|0.70|0.80|0.90|0.95|0.98|0.99|1.00,59,590,1.0,1.0,590,59,0.26694915254237284,0.19999999999999996,0,0,True,True,mean paired gain aggregated over all ten strengths and training trials,False
B2,A|B1,CONSERVATIVE,NONDEPLOYABLE_DECOUPLED_STRENGTH_GATE,0.55,0.01,0.5,0.4,10,0.333333|0.50|0.60|0.70|0.80|0.90|0.95|0.98|0.99|1.00,59,590,1.0,1.0,590,59,0.5210169491525424,0.4999999999999999,0,0,True,True,mean paired gain aggregated over all ten strengths and training trials,False
B2,A|B1,CONSERVATIVE,NONDEPLOYABLE_DECOUPLED_STRENGTH_GATE,0.55,0.01,0.7,0.4,10,0.333333|0.50|0.60|0.70|0.80|0.90|0.95|0.98|0.99|1.00,59,590,1.0,1.0,590,59,0.38661016949152527,0.3999999999999999,0,0,True,True,mean paired gain aggregated over all ten strengths and training trials,False
B2,A|B1,CONSERVATIVE,NONDEPLOYABLE_DECOUPLED_STRENGTH_GATE,0.55,0.01,0.9,0.4,10,0.333333|0.50|0.60|0.70|0.80|0.90|0.95|0.98|0.99|1.00,59,590,1.0,1.0,590,59,0.26186440677966094,0.19999999999999996,0,0,True,True,mean paired gain aggregated over all ten strengths and training trials,False
B2,A|B1,CONSERVATIVE,NONDEPLOYABLE_DECOUPLED_STRENGTH_GATE,0.55,0.05,0.5,0.4,10,0.333333|0.50|0.60|0.70|0.80|0.90|0.95|0.98|0.99|1.00,59,590,1.0,1.0,590,59,0.5210169491525424,0.4999999999999999,0,0,True,True,mean paired gain aggregated over all ten strengths and training trials,False
B2,A|B1,CONSERVATIVE,NONDEPLOYABLE_DECOUPLED_STRENGTH_GATE,0.55,0.05,0.7,0.4,10,0.333333|0.50|0.60|0.70|0.80|0.90|0.95|0.98|0.99|1.00,59,590,1.0,1.0,590,59,0.38661016949152527,0.3999999999999999,0,0,True,True,mean paired gain aggregated over all ten strengths and training trials,False
B2,A|B1,CONSERVATIVE,NONDEPLOYABLE_DECOUPLED_STRENGTH_GATE,0.55,0.05,0.9,0.4,10,0.333333|0.50|0.60|0.70|0.80|0.90|0.95|0.98|0.99|1.00,59,590,1.0,1.0,590,59,0.26186440677966094,0.19999999999999996,0,0,True,True,mean paired gain aggregated over all ten strengths and training trials,False
B2,A|B1,CONSERVATIVE,NONDEPLOYABLE_DECOUPLED_STRENGTH_GATE,0.55,0.1,0.5,0.4,10,0.333333|0.50|0.60|0.70|0.80|0.90|0.95|0.98|0.99|1.00,59,590,1.0,1.0,590,59,0.5210169491525424,0.4999999999999999,0,0,True,True,mean paired gain aggregated over all ten strengths and training trials,False
B2,A|B1,CONSERVATIVE,NONDEPLOYABLE_DECOUPLED_STRENGTH_GATE,0.55,0.1,0.7,0.4,10,0.333333|0.50|0.60|0.70|0.80|0.90|0.95|0.98|0.99|1.00,59,590,1.0,1.0,590,59,0.38661016949152527,0.3999999999999999,0,0,True,True,mean paired gain aggregated over all ten strengths and training trials,False
B2,A|B1,CONSERVATIVE,NONDEPLOYABLE_DECOUPLED_STRENGTH_GATE,0.55,0.1,0.9,0.4,10,0.333333|0.50|0.60|0.70|0.80|0.90|0.95|0.98|0.99|1.00,59,590,1.0,1.0,590,59,0.26186440677966094,0.19999999999999996,0,0,True,True,mean paired gain aggregated over all ten strengths and training trials,False
B2,A|B1,CONSERVATIVE,NONDEPLOYABLE_DECOUPLED_STRENGTH_GATE,0.55,0.15,0.5,0.4,10,0.333333|0.50|0.60|0.70|0.80|0.90|0.95|0.98|0.99|1.00,59,590,1.0,1.0,590,59,0.5210169491525424,0.4999999999999999,0,0,True,True,mean paired gain aggregated over all ten strengths and training trials,False
B2,A|B1,CONSERVATIVE,NONDEPLOYABLE_DECOUPLED_STRENGTH_GATE,0.55,0.15,0.7,0.4,10,0.333333|0.50|0.60|0.70|0.80|0.90|0.95|0.98|0.99|1.00,59,590,1.0,1.0,590,59,0.38661016949152527,0.3999999999999999,0,0,True,True,mean paired gain aggregated over all ten strengths and training trials,False
B2,A|B1,CONSERVATIVE,NONDEPLOYABLE_DECOUPLED_STRENGTH_GATE,0.55,0.15,0.9,0.4,10,0.333333|0.50|0.60|0.70|0.80|0.90|0.95|0.98|0.99|1.00,59,590,1.0,1.0,590,59,0.26186440677966094,0.19999999999999996,0,0,True,True,mean paired gain aggregated over all ten strengths and training trials,False
B2,A|B1,CONSERVATIVE,NONDEPLOYABLE_DECOUPLED_STRENGTH_GATE,0.55,0.2,0.5,0.4,10,0.333333|0.50|0.60|0.70|0.80|0.90|0.95|0.98|0.99|1.00,59,590,1.0,1.0,590,59,0.5210169491525424,0.4999999999999999,0,0,True,True,mean paired gain aggregated over all ten strengths and training trials,False
B2,A|B1,CONSERVATIVE,NONDEPLOYABLE_DECOUPLED_STRENGTH_GATE,0.55,0.2,0.7,0.4,10,0.333333|0.50|0.60|0.70|0.80|0.90|0.95|0.98|0.99|1.00,59,590,1.0,1.0,590,59,0.38661016949152527,0.3999999999999999,0,0,True,True,mean paired gain aggregated over all ten strengths and training trials,False
B2,A|B1,CONSERVATIVE,NONDEPLOYABLE_DECOUPLED_STRENGTH_GATE,0.55,0.2,0.9,0.4,10,0.333333|0.50|0.60|0.70|0.80|0.90|0.95|0.98|0.99|1.00,59,590,1.0,1.0,590,59,0.26186440677966094,0.19999999999999996,0,0,True,True,mean paired gain aggregated over all ten strengths and training trials,False
