recordType,heldOutSession,session,trialId,operatingPoint,strength,strengthLabel,trueClass,wrongContextTopClass,wrongContextHashRule,thresholdSelectionUsedWrongContext,examinedPointsBeforeBaseline,rawTopDisagreementRejectedPoints,wrongContextAgreedWithTemporarilyWrongRawTopPoints,hadAnyAgreement,earliestAgreementSeconds,wrongEarlyStop,earliestFailureTimeSeconds,pairedBaselineStopSeconds,contextStopSeconds,contextAuthorizedPointCount,rawMarginAtFailureOrFirstAgreement,normalizedTopProbabilityAtFailureOrFirstAgreement,normalizedEntropyAtFailureOrFirstAgreement,rawTopFlipsWithin040AtFailureOrFirstAgreement,sameTopDurationSecondsAtFailureOrFirstAgreement,spearmanMarginWithWrongStop,spearmanEntropyWithWrongStop,spearmanFlipsWithWrongStop,spearmanSameTopDurationWithWrongStop
TRIAL,A,A,m6_1b-trial-001,FAST,0.7,0.70,target_right,target_center,"m25-wrong-context-v1 SHA256(session|trialId), offset 1 or 2 modulo 3",False,5,5,0,False,,False,,0.9,0.9,0,,,,,,,,,
TRIAL,A,A,m6_1b-trial-001,FAST,0.8,0.80,target_right,target_center,"m25-wrong-context-v1 SHA256(session|trialId), offset 1 or 2 modulo 3",False,5,5,0,False,,False,,0.9,0.9,0,,,,,,,,,
TRIAL,A,A,m6_1b-trial-001,FAST,0.9,0.90,target_right,target_center,"m25-wrong-context-v1 SHA256(session|trialId), offset 1 or 2 modulo 3",False,5,5,0,False,,False,,0.9,0.9,0,,,,,,,,,
TRIAL,A,A,m6_1b-trial-001,FAST,0.95,0.95,target_right,target_center,"m25-wrong-context-v1 SHA256(session|trialId), offset 1 or 2 modulo 3",False,5,5,0,False,,False,,0.9,0.9,0,,,,,,,,,
TRIAL,A,A,m6_1b-trial-001,FAST,0.99,0.99,target_right,target_center,"m25-wrong-context-v1 SHA256(session|trialId), offset 1 or 2 modulo 3",False,5,5,0,False,,False,,0.9,0.9,0,,,,,,,,,
TRIAL,A,A,m6_1b-trial-001,FAST,1.0,1.00,target_right,target_center,"m25-wrong-context-v1 SHA256(session|trialId), offset 1 or 2 modulo 3",False,5,5,0,False,,False,,0.9,0.9,0,,,,,,,,,
TRIAL,A,A,m6_1b-trial-002,FAST,0.7,0.70,target_center,target_right,"m25-wrong-context-v1 SHA256(session|trialId), offset 1 or 2 modulo 3",False,8,8,0,False,,False,,1.2,1.2,0,,,,,,,,,
TRIAL,A,A,m6_1b-trial-002,FAST,0.8,0.80,target_center,target_right,"m25-wrong-context-v1 SHA256(session|trialId), offset 1 or 2 modulo 3",False,8,8,0,False,,False,,1.2,1.2,0,,,,,,,,,
TRIAL,A,A,m6_1b-trial-002,FAST,0.9,0.90,target_center,target_right,"m25-wrong-context-v1 SHA256(session|trialId), offset 1 or 2 modulo 3",False,8,8,0,False,,False,,1.2,1.2,0,,,,,,,,,
TRIAL,A,A,m6_1b-trial-002,FAST,0.95,0.95,target_center,target_right,"m25-wrong-context-v1 SHA256(session|trialId), offset 1 or 2 modulo 3",False,8,8,0,False,,False,,1.2,1.2,0,,,,,,,,,
TRIAL,A,A,m6_1b-trial-002,FAST,0.99,0.99,target_center,target_right,"m25-wrong-context-v1 SHA256(session|trialId), offset 1 or 2 modulo 3",False,8,8,0,False,,False,,1.2,1.2,0,,,,,,,,,
TRIAL,A,A,m6_1b-trial-002,FAST,1.0,1.00,target_center,target_right,"m25-wrong-context-v1 SHA256(session|trialId), offset 1 or 2 modulo 3",False,8,8,0,False,,False,,1.2,1.2,0,,,,,,,,,
TRIAL,A,A,m6_1b-trial-003,FAST,0.7,0.70,target_right,target_center,"m25-wrong-context-v1 SHA256(session|trialId), offset 1 or 2 modulo 3",False,10,8,2,True,0.5,False,,1.4,1.4,2,0.008798360234327618,0.367242809897155,0.9925759195147452,0,0.0,,,,
TRIAL,A,A,m6_1b-trial-003,FAST,0.8,0.80,target_right,target_center,"m25-wrong-context-v1 SHA256(session|trialId), offset 1 or 2 modulo 3",False,10,8,2,True,0.5,False,,1.4,1.4,2,0.008798360234327618,0.367242809897155,0.9925759195147452,0,0.0,,,,
TRIAL,A,A,m6_1b-trial-003,FAST,0.9,0.90,target_right,target_center,"m25-wrong-context-v1 SHA256(session|trialId), offset 1 or 2 modulo 3",False,10,8,2,True,0.5,False,,1.4,1.4,2,0.008798360234327618,0.367242809897155,0.9925759195147452,0,0.0,,,,
TRIAL,A,A,m6_1b-trial-003,FAST,0.95,0.95,target_right,target_center,"m25-wrong-context-v1 SHA256(session|trialId), offset 1 or 2 modulo 3",False,10,8,2,True,0.5,False,,1.4,1.4,2,0.008798360234327618,0.367242809897155,0.9925759195147452,0,0.0,,,,
TRIAL,A,A,m6_1b-trial-003,FAST,0.99,0.99,target_right,target_center,"m25-wrong-context-v1 SHA256(session|trialId), offset 1 or 2 modulo 3",False,10,8,2,True,0.5,False,,1.4,1.4,2,0.008798360234327618,0.367242809897155,0.9925759195147452,0,0.0,,,,
TRIAL,A,A,m6_1b-trial-003,FAST,1.0,1.00,target_right,target_center,"m25-wrong-context-v1 SHA256(session|trialId), offset 1 or 2 modulo 3",False,10,8,2,True,0.5,False,,1.4,1.4,2,0.008798360234327618,0.367242809897155,0.9925759195147452,0,0.0,,,,
TRIAL,A,A,m6_1b-trial-004,FAST,0.7,0.70,target_left,target_right,"m25-wrong-context-v1 SHA256(session|trialId), offset 1 or 2 modulo 3",False,5,5,0,False,,False,,0.9,0.9,0,,,,,,,,,
TRIAL,A,A,m6_1b-trial-004,FAST,0.8,0.80,target_left,target_right,"m25-wrong-context-v1 SHA256(session|trialId), offset 1 or 2 modulo 3",False,5,5,0,False,,False,,0.9,0.9,0,,,,,,,,,
TRIAL,A,A,m6_1b-trial-004,FAST,0.9,0.90,target_left,target_right,"m25-wrong-context-v1 SHA256(session|trialId), offset 1 or 2 modulo 3",False,5,5,0,False,,False,,0.9,0.9,0,,,,,,,,,
TRIAL,A,A,m6_1b-trial-004,FAST,0.95,0.95,target_left,target_right,"m25-wrong-context-v1 SHA256(session|trialId), offset 1 or 2 modulo 3",False,5,5,0,False,,False,,0.9,0.9,0,,,,,,,,,
TRIAL,A,A,m6_1b-trial-004,FAST,0.99,0.99,target_left,target_right,"m25-wrong-context-v1 SHA256(session|trialId), offset 1 or 2 modulo 3",False,5,5,0,False,,False,,0.9,0.9,0,,,,,,,,,
TRIAL,A,A,m6_1b-trial-004,FAST,1.0,1.00,target_left,target_right,"m25-wrong-context-v1 SHA256(session|trialId), offset 1 or 2 modulo 3",False,5,5,0,False,,False,,0.9,0.9,0,,,,,,,,,
TRIAL,A,A,m6_1b-trial-005,FAST,0.7,0.70,target_center,target_right,"m25-wrong-context-v1 SHA256(session|trialId), offset 1 or 2 modulo 3",False,6,6,0,False,,False,,1.0,1.0,0,,,,,,,,,
TRIAL,A,A,m6_1b-trial-005,FAST,0.8,0.80,target_center,target_right,"m25-wrong-context-v1 SHA256(session|trialId), offset 1 or 2 modulo 3",False,6,6,0,False,,False,,1.0,1.0,0,,,,,,,,,
TRIAL,A,A,m6_1b-trial-005,FAST,0.9,0.90,target_center,target_right,"m25-wrong-context-v1 SHA256(session|trialId), offset 1 or 2 modulo 3",False,6,6,0,False,,False,,1.0,1.0,0,,,,,,,,,
TRIAL,A,A,m6_1b-trial-005,FAST,0.95,0.95,target_center,target_right,"m25-wrong-context-v1 SHA256(session|trialId), offset 1 or 2 modulo 3",False,6,6,0,False,,False,,1.0,1.0,0,,,,,,,,,
TRIAL,A,A,m6_1b-trial-005,FAST,0.99,0.99,target_center,target_right,"m25-wrong-context-v1 SHA256(session|trialId), offset 1 or 2 modulo 3",False,6,6,0,False,,False,,1.0,1.0,0,,,,,,,,,
TRIAL,A,A,m6_1b-trial-005,FAST,1.0,1.00,target_center,target_right,"m25-wrong-context-v1 SHA256(session|trialId), offset 1 or 2 modulo 3",False,6,6,0,False,,False,,1.0,1.0,0,,,,,,,,,
TRIAL,A,A,m6_1b-trial-006,FAST,0.7,0.70,target_right,target_center,"m25-wrong-context-v1 SHA256(session|trialId), offset 1 or 2 modulo 3",False,9,9,0,False,,False,,1.3,1.3,0,,,,,,,,,
TRIAL,A,A,m6_1b-trial-006,FAST,0.8,0.80,target_right,target_center,"m25-wrong-context-v1 SHA256(session|trialId), offset 1 or 2 modulo 3",False,9,9,0,False,,False,,1.3,1.3,0,,,,,,,,,
TRIAL,A,A,m6_1b-trial-006,FAST,0.9,0.90,target_right,target_center,"m25-wrong-context-v1 SHA256(session|trialId), offset 1 or 2 modulo 3",False,9,9,0,False,,False,,1.3,1.3,0,,,,,,,,,
TRIAL,A,A,m6_1b-trial-006,FAST,0.95,0.95,target_right,target_center,"m25-wrong-context-v1 SHA256(session|trialId), offset 1 or 2 modulo 3",False,9,9,0,False,,False,,1.3,1.3,0,,,,,,,,,
TRIAL,A,A,m6_1b-trial-006,FAST,0.99,0.99,target_right,target_center,"m25-wrong-context-v1 SHA256(session|trialId), offset 1 or 2 modulo 3",False,9,9,0,False,,False,,1.3,1.3,0,,,,,,,,,
TRIAL,A,A,m6_1b-trial-006,FAST,1.0,1.00,target_right,target_center,"m25-wrong-context-v1 SHA256(session|trialId), offset 1 or 2 modulo 3",False,9,9,0,False,,False,,1.3,1.3,0,,,,,,,,,
TRIAL,A,A,m6_1b-trial-007,FAST,0.7,0.70,target_center,target_left,"m25-wrong-context-v1 SHA256(session|trialId), offset 1 or 2 modulo 3",False,8,8,0,False,,False,,1.2,1.2,0,,,,,,,,,
TRIAL,A,A,m6_1b-trial-007,FAST,0.8,0.80,target_center,target_left,"m25-wrong-context-v1 SHA256(session|trialId), offset 1 or 2 modulo 3",False,8,8,0,False,,False,,1.2,1.2,0,,,,,,,,,
TRIAL,A,A,m6_1b-trial-007,FAST,0.9,0.90,target_center,target_left,"m25-wrong-context-v1 SHA256(session|trialId), offset 1 or 2 modulo 3",False,8,8,0,False,,False,,1.2,1.2,0,,,,,,,,,
TRIAL,A,A,m6_1b-trial-007,FAST,0.95,0.95,target_center,target_left,"m25-wrong-context-v1 SHA256(session|trialId), offset 1 or 2 modulo 3",False,8,8,0,False,,False,,1.2,1.2,0,,,,,,,,,
TRIAL,A,A,m6_1b-trial-007,FAST,0.99,0.99,target_center,target_left,"m25-wrong-context-v1 SHA256(session|trialId), offset 1 or 2 modulo 3",False,8,8,0,False,,False,,1.2,1.2,0,,,,,,,,,
TRIAL,A,A,m6_1b-trial-007,FAST,1.0,1.00,target_center,target_left,"m25-wrong-context-v1 SHA256(session|trialId), offset 1 or 2 modulo 3",False,8,8,0,False,,False,,1.2,1.2,0,,,,,,,,,
TRIAL,A,A,m6_1b-trial-008,FAST,0.7,0.70,target_right,target_left,"m25-wrong-context-v1 SHA256(session|trialId), offset 1 or 2 modulo 3",False,15,15,0,False,,False,,1.9,1.9,0,,,,,,,,,
TRIAL,A,A,m6_1b-trial-008,FAST,0.8,0.80,target_right,target_left,"m25-wrong-context-v1 SHA256(session|trialId), offset 1 or 2 modulo 3",False,15,15,0,False,,False,,1.9,1.9,0,,,,,,,,,
TRIAL,A,A,m6_1b-trial-008,FAST,0.9,0.90,target_right,target_left,"m25-wrong-context-v1 SHA256(session|trialId), offset 1 or 2 modulo 3",False,15,15,0,False,,False,,1.9,1.9,0,,,,,,,,,
TRIAL,A,A,m6_1b-trial-008,FAST,0.95,0.95,target_right,target_left,"m25-wrong-context-v1 SHA256(session|trialId), offset 1 or 2 modulo 3",False,15,15,0,False,,False,,1.9,1.9,0,,,,,,,,,
TRIAL,A,A,m6_1b-trial-008,FAST,0.99,0.99,target_right,target_left,"m25-wrong-context-v1 SHA256(session|trialId), offset 1 or 2 modulo 3",False,15,15,0,False,,False,,1.9,1.9,0,,,,,,,,,
TRIAL,A,A,m6_1b-trial-008,FAST,1.0,1.00,target_right,target_left,"m25-wrong-context-v1 SHA256(session|trialId), offset 1 or 2 modulo 3",False,15,15,0,False,,False,,1.9,1.9,0,,,,,,,,,
TRIAL,A,A,m6_1b-trial-009,FAST,0.7,0.70,target_left,target_right,"m25-wrong-context-v1 SHA256(session|trialId), offset 1 or 2 modulo 3",False,8,6,2,True,0.5,False,,1.2,1.2,2,0.025022476950568695,0.38065804043513995,0.9892777263737381,0,0.0,,,,
TRIAL,A,A,m6_1b-trial-009,FAST,0.8,0.80,target_left,target_right,"m25-wrong-context-v1 SHA256(session|trialId), offset 1 or 2 modulo 3",False,8,6,2,True,0.5,False,,1.2,1.2,2,0.025022476950568695,0.38065804043513995,0.9892777263737381,0,0.0,,,,
TRIAL,A,A,m6_1b-trial-009,FAST,0.9,0.90,target_left,target_right,"m25-wrong-context-v1 SHA256(session|trialId), offset 1 or 2 modulo 3",False,8,6,2,True,0.5,False,,1.2,1.2,2,0.025022476950568695,0.38065804043513995,0.9892777263737381,0,0.0,,,,
TRIAL,A,A,m6_1b-trial-009,FAST,0.95,0.95,target_left,target_right,"m25-wrong-context-v1 SHA256(session|trialId), offset 1 or 2 modulo 3",False,8,6,2,True,0.5,False,,1.2,1.2,2,0.025022476950568695,0.38065804043513995,0.9892777263737381,0,0.0,,,,
TRIAL,A,A,m6_1b-trial-009,FAST,0.99,0.99,target_left,target_right,"m25-wrong-context-v1 SHA256(session|trialId), offset 1 or 2 modulo 3",False,8,6,2,True,0.5,False,,1.2,1.2,2,0.025022476950568695,0.38065804043513995,0.9892777263737381,0,0.0,,,,
TRIAL,A,A,m6_1b-trial-009,FAST,1.0,1.00,target_left,target_right,"m25-wrong-context-v1 SHA256(session|trialId), offset 1 or 2 modulo 3",False,8,6,2,True,0.5,False,,1.2,1.2,2,0.025022476950568695,0.38065804043513995,0.9892777263737381,0,0.0,,,,
TRIAL,A,A,m6_1b-trial-010,FAST,0.7,0.70,target_right,target_center,"m25-wrong-context-v1 SHA256(session|trialId), offset 1 or 2 modulo 3",False,7,7,0,False,,False,,1.1,1.1,0,,,,,,,,,
TRIAL,A,A,m6_1b-trial-010,FAST,0.8,0.80,target_right,target_center,"m25-wrong-context-v1 SHA256(session|trialId), offset 1 or 2 modulo 3",False,7,7,0,False,,False,,1.1,1.1,0,,,,,,,,,
TRIAL,A,A,m6_1b-trial-010,FAST,0.9,0.90,target_right,target_center,"m25-wrong-context-v1 SHA256(session|trialId), offset 1 or 2 modulo 3",False,7,7,0,False,,False,,1.1,1.1,0,,,,,,,,,
TRIAL,A,A,m6_1b-trial-010,FAST,0.95,0.95,target_right,target_center,"m25-wrong-context-v1 SHA256(session|trialId), offset 1 or 2 modulo 3",False,7,7,0,False,,False,,1.1,1.1,0,,,,,,,,,
TRIAL,A,A,m6_1b-trial-010,FAST,0.99,0.99,target_right,target_center,"m25-wrong-context-v1 SHA256(session|trialId), offset 1 or 2 modulo 3",False,7,7,0,False,,False,,1.1,1.1,0,,,,,,,,,
TRIAL,A,A,m6_1b-trial-010,FAST,1.0,1.00,target_right,target_center,"m25-wrong-context-v1 SHA256(session|trialId), offset 1 or 2 modulo 3",False,7,7,0,False,,False,,1.1,1.1,0,,,,,,,,,
TRIAL,A,A,m6_1b-trial-011,FAST,0.7,0.70,target_center,target_left,"m25-wrong-context-v1 SHA256(session|trialId), offset 1 or 2 modulo 3",False,15,11,4,True,0.5,False,,1.9,1.9,4,0.026415809687898417,0.3717522219740994,0.9942027154376999,0,0.0,,,,
TRIAL,A,A,m6_1b-trial-011,FAST,0.8,0.80,target_center,target_left,"m25-wrong-context-v1 SHA256(session|trialId), offset 1 or 2 modulo 3",False,15,11,4,True,0.5,False,,1.9,1.9,4,0.026415809687898417,0.3717522219740994,0.9942027154376999,0,0.0,,,,
TRIAL,A,A,m6_1b-trial-011,FAST,0.9,0.90,target_center,target_left,"m25-wrong-context-v1 SHA256(session|trialId), offset 1 or 2 modulo 3",False,15,11,4,True,0.5,False,,1.9,1.9,4,0.026415809687898417,0.3717522219740994,0.9942027154376999,0,0.0,,,,
TRIAL,A,A,m6_1b-trial-011,FAST,0.95,0.95,target_center,target_left,"m25-wrong-context-v1 SHA256(session|trialId), offset 1 or 2 modulo 3",False,15,11,4,True,0.5,False,,1.9,1.9,4,0.026415809687898417,0.3717522219740994,0.9942027154376999,0,0.0,,,,
TRIAL,A,A,m6_1b-trial-011,FAST,0.99,0.99,target_center,target_left,"m25-wrong-context-v1 SHA256(session|trialId), offset 1 or 2 modulo 3",False,15,11,4,True,0.5,False,,1.9,1.9,4,0.026415809687898417,0.3717522219740994,0.9942027154376999,0,0.0,,,,
TRIAL,A,A,m6_1b-trial-011,FAST,1.0,1.00,target_center,target_left,"m25-wrong-context-v1 SHA256(session|trialId), offset 1 or 2 modulo 3",False,15,11,4,True,0.5,False,,1.9,1.9,4,0.026415809687898417,0.3717522219740994,0.9942027154376999,0,0.0,,,,
TRIAL,A,A,m6_1b-trial-012,FAST,0.7,0.70,target_center,target_left,"m25-wrong-context-v1 SHA256(session|trialId), offset 1 or 2 modulo 3",False,8,8,0,False,,False,,1.2,1.2,0,,,,,,,,,
TRIAL,A,A,m6_1b-trial-012,FAST,0.8,0.80,target_center,target_left,"m25-wrong-context-v1 SHA256(session|trialId), offset 1 or 2 modulo 3",False,8,8,0,False,,False,,1.2,1.2,0,,,,,,,,,
TRIAL,A,A,m6_1b-trial-012,FAST,0.9,0.90,target_center,target_left,"m25-wrong-context-v1 SHA256(session|trialId), offset 1 or 2 modulo 3",False,8,8,0,False,,False,,1.2,1.2,0,,,,,,,,,
TRIAL,A,A,m6_1b-trial-012,FAST,0.95,0.95,target_center,target_left,"m25-wrong-context-v1 SHA256(session|trialId), offset 1 or 2 modulo 3",False,8,8,0,False,,False,,1.2,1.2,0,,,,,,,,,
TRIAL,A,A,m6_1b-trial-012,FAST,0.99,0.99,target_center,target_left,"m25-wrong-context-v1 SHA256(session|trialId), offset 1 or 2 modulo 3",False,8,8,0,False,,False,,1.2,1.2,0,,,,,,,,,
TRIAL,A,A,m6_1b-trial-012,FAST,1.0,1.00,target_center,target_left,"m25-wrong-context-v1 SHA256(session|trialId), offset 1 or 2 modulo 3",False,8,8,0,False,,False,,1.2,1.2,0,,,,,,,,,
TRIAL,A,A,m6_1b-trial-013,FAST,0.7,0.70,target_left,target_right,"m25-wrong-context-v1 SHA256(session|trialId), offset 1 or 2 modulo 3",False,5,5,0,False,,False,,0.9,0.9,0,,,,,,,,,
TRIAL,A,A,m6_1b-trial-013,FAST,0.8,0.80,target_left,target_right,"m25-wrong-context-v1 SHA256(session|trialId), offset 1 or 2 modulo 3",False,5,5,0,False,,False,,0.9,0.9,0,,,,,,,,,
TRIAL,A,A,m6_1b-trial-013,FAST,0.9,0.90,target_left,target_right,"m25-wrong-context-v1 SHA256(session|trialId), offset 1 or 2 modulo 3",False,5,5,0,False,,False,,0.9,0.9,0,,,,,,,,,
TRIAL,A,A,m6_1b-trial-013,FAST,0.95,0.95,target_left,target_right,"m25-wrong-context-v1 SHA256(session|trialId), offset 1 or 2 modulo 3",False,5,5,0,False,,False,,0.9,0.9,0,,,,,,,,,
TRIAL,A,A,m6_1b-trial-013,FAST,0.99,0.99,target_left,target_right,"m25-wrong-context-v1 SHA256(session|trialId), offset 1 or 2 modulo 3",False,5,5,0,False,,False,,0.9,0.9,0,,,,,,,,,
TRIAL,A,A,m6_1b-trial-013,FAST,1.0,1.00,target_left,target_right,"m25-wrong-context-v1 SHA256(session|trialId), offset 1 or 2 modulo 3",False,5,5,0,False,,False,,0.9,0.9,0,,,,,,,,,
TRIAL,A,A,m6_1b-trial-014,FAST,0.7,0.70,target_center,target_right,"m25-wrong-context-v1 SHA256(session|trialId), offset 1 or 2 modulo 3",False,12,12,0,False,,False,,1.6,1.6,0,,,,,,,,,
TRIAL,A,A,m6_1b-trial-014,FAST,0.8,0.80,target_center,target_right,"m25-wrong-context-v1 SHA256(session|trialId), offset 1 or 2 modulo 3",False,12,12,0,False,,False,,1.6,1.6,0,,,,,,,,,
TRIAL,A,A,m6_1b-trial-014,FAST,0.9,0.90,target_center,target_right,"m25-wrong-context-v1 SHA256(session|trialId), offset 1 or 2 modulo 3",False,12,12,0,False,,False,,1.6,1.6,0,,,,,,,,,
TRIAL,A,A,m6_1b-trial-014,FAST,0.95,0.95,target_center,target_right,"m25-wrong-context-v1 SHA256(session|trialId), offset 1 or 2 modulo 3",False,12,12,0,False,,False,,1.6,1.6,0,,,,,,,,,
TRIAL,A,A,m6_1b-trial-014,FAST,0.99,0.99,target_center,target_right,"m25-wrong-context-v1 SHA256(session|trialId), offset 1 or 2 modulo 3",False,12,12,0,False,,False,,1.6,1.6,0,,,,,,,,,
TRIAL,A,A,m6_1b-trial-014,FAST,1.0,1.00,target_center,target_right,"m25-wrong-context-v1 SHA256(session|trialId), offset 1 or 2 modulo 3",False,12,12,0,False,,False,,1.6,1.6,0,,,,,,,,,
TRIAL,A,A,m6_1b-trial-015,FAST,0.7,0.70,target_left,target_right,"m25-wrong-context-v1 SHA256(session|trialId), offset 1 or 2 modulo 3",False,13,13,0,False,,False,,1.7,1.7,0,,,,,,,,,
TRIAL,A,A,m6_1b-trial-015,FAST,0.8,0.80,target_left,target_right,"m25-wrong-context-v1 SHA256(session|trialId), offset 1 or 2 modulo 3",False,13,13,0,False,,False,,1.7,1.7,0,,,,,,,,,
TRIAL,A,A,m6_1b-trial-015,FAST,0.9,0.90,target_left,target_right,"m25-wrong-context-v1 SHA256(session|trialId), offset 1 or 2 modulo 3",False,13,13,0,False,,False,,1.7,1.7,0,,,,,,,,,
TRIAL,A,A,m6_1b-trial-015,FAST,0.95,0.95,target_left,target_right,"m25-wrong-context-v1 SHA256(session|trialId), offset 1 or 2 modulo 3",False,13,13,0,False,,False,,1.7,1.7,0,,,,,,,,,
TRIAL,A,A,m6_1b-trial-015,FAST,0.99,0.99,target_left,target_right,"m25-wrong-context-v1 SHA256(session|trialId), offset 1 or 2 modulo 3",False,13,13,0,False,,False,,1.7,1.7,0,,,,,,,,,
TRIAL,A,A,m6_1b-trial-015,FAST,1.0,1.00,target_left,target_right,"m25-wrong-context-v1 SHA256(session|trialId), offset 1 or 2 modulo 3",False,13,13,0,False,,False,,1.7,1.7,0,,,,,,,,,
TRIAL,A,A,m6_1b-trial-016,FAST,0.7,0.70,target_left,target_right,"m25-wrong-context-v1 SHA256(session|trialId), offset 1 or 2 modulo 3",False,13,10,3,True,0.6,False,,1.7,1.7,3,0.0022649937967704203,0.37882884587219384,0.9829925154545579,1,0.0,,,,
TRIAL,A,A,m6_1b-trial-016,FAST,0.8,0.80,target_left,target_right,"m25-wrong-context-v1 SHA256(session|trialId), offset 1 or 2 modulo 3",False,13,10,3,True,0.6,False,,1.7,1.7,3,0.0022649937967704203,0.37882884587219384,0.9829925154545579,1,0.0,,,,
TRIAL,A,A,m6_1b-trial-016,FAST,0.9,0.90,target_left,target_right,"m25-wrong-context-v1 SHA256(session|trialId), offset 1 or 2 modulo 3",False,13,10,3,True,0.6,False,,1.7,1.7,3,0.0022649937967704203,0.37882884587219384,0.9829925154545579,1,0.0,,,,
TRIAL,A,A,m6_1b-trial-016,FAST,0.95,0.95,target_left,target_right,"m25-wrong-context-v1 SHA256(session|trialId), offset 1 or 2 modulo 3",False,13,10,3,True,0.6,False,,1.7,1.7,3,0.0022649937967704203,0.37882884587219384,0.9829925154545579,1,0.0,,,,
TRIAL,A,A,m6_1b-trial-016,FAST,0.99,0.99,target_left,target_right,"m25-wrong-context-v1 SHA256(session|trialId), offset 1 or 2 modulo 3",False,13,10,3,True,0.6,False,,1.7,1.7,3,0.0022649937967704203,0.37882884587219384,0.9829925154545579,1,0.0,,,,
TRIAL,A,A,m6_1b-trial-016,FAST,1.0,1.00,target_left,target_right,"m25-wrong-context-v1 SHA256(session|trialId), offset 1 or 2 modulo 3",False,13,10,3,True,0.6,False,,1.7,1.7,3,0.0022649937967704203,0.37882884587219384,0.9829925154545579,1,0.0,,,,
TRIAL,A,A,m6_1b-trial-017,FAST,0.7,0.70,target_center,target_left,"m25-wrong-context-v1 SHA256(session|trialId), offset 1 or 2 modulo 3",False,6,6,0,False,,False,,1.0,1.0,0,,,,,,,,,
TRIAL,A,A,m6_1b-trial-017,FAST,0.8,0.80,target_center,target_left,"m25-wrong-context-v1 SHA256(session|trialId), offset 1 or 2 modulo 3",False,6,6,0,False,,False,,1.0,1.0,0,,,,,,,,,
TRIAL,A,A,m6_1b-trial-017,FAST,0.9,0.90,target_center,target_left,"m25-wrong-context-v1 SHA256(session|trialId), offset 1 or 2 modulo 3",False,6,6,0,False,,False,,1.0,1.0,0,,,,,,,,,
TRIAL,A,A,m6_1b-trial-017,FAST,0.95,0.95,target_center,target_left,"m25-wrong-context-v1 SHA256(session|trialId), offset 1 or 2 modulo 3",False,6,6,0,False,,False,,1.0,1.0,0,,,,,,,,,
TRIAL,A,A,m6_1b-trial-017,FAST,0.99,0.99,target_center,target_left,"m25-wrong-context-v1 SHA256(session|trialId), offset 1 or 2 modulo 3",False,6,6,0,False,,False,,1.0,1.0,0,,,,,,,,,
TRIAL,A,A,m6_1b-trial-017,FAST,1.0,1.00,target_center,target_left,"m25-wrong-context-v1 SHA256(session|trialId), offset 1 or 2 modulo 3",False,6,6,0,False,,False,,1.0,1.0,0,,,,,,,,,
TRIAL,A,A,m6_1b-trial-018,FAST,0.7,0.70,target_left,target_right,"m25-wrong-context-v1 SHA256(session|trialId), offset 1 or 2 modulo 3",False,7,7,0,False,,False,,1.1,1.1,0,,,,,,,,,
TRIAL,A,A,m6_1b-trial-018,FAST,0.8,0.80,target_left,target_right,"m25-wrong-context-v1 SHA256(session|trialId), offset 1 or 2 modulo 3",False,7,7,0,False,,False,,1.1,1.1,0,,,,,,,,,
TRIAL,A,A,m6_1b-trial-018,FAST,0.9,0.90,target_left,target_right,"m25-wrong-context-v1 SHA256(session|trialId), offset 1 or 2 modulo 3",False,7,7,0,False,,False,,1.1,1.1,0,,,,,,,,,
TRIAL,A,A,m6_1b-trial-018,FAST,0.95,0.95,target_left,target_right,"m25-wrong-context-v1 SHA256(session|trialId), offset 1 or 2 modulo 3",False,7,7,0,False,,False,,1.1,1.1,0,,,,,,,,,
TRIAL,A,A,m6_1b-trial-018,FAST,0.99,0.99,target_left,target_right,"m25-wrong-context-v1 SHA256(session|trialId), offset 1 or 2 modulo 3",False,7,7,0,False,,False,,1.1,1.1,0,,,,,,,,,
TRIAL,A,A,m6_1b-trial-018,FAST,1.0,1.00,target_left,target_right,"m25-wrong-context-v1 SHA256(session|trialId), offset 1 or 2 modulo 3",False,7,7,0,False,,False,,1.1,1.1,0,,,,,,,,,
TRIAL,A,A,m6_1b-trial-019,FAST,0.7,0.70,target_right,target_left,"m25-wrong-context-v1 SHA256(session|trialId), offset 1 or 2 modulo 3",False,7,7,0,False,,False,,1.1,1.1,0,,,,,,,,,
TRIAL,A,A,m6_1b-trial-019,FAST,0.8,0.80,target_right,target_left,"m25-wrong-context-v1 SHA256(session|trialId), offset 1 or 2 modulo 3",False,7,7,0,False,,False,,1.1,1.1,0,,,,,,,,,
TRIAL,A,A,m6_1b-trial-019,FAST,0.9,0.90,target_right,target_left,"m25-wrong-context-v1 SHA256(session|trialId), offset 1 or 2 modulo 3",False,7,7,0,False,,False,,1.1,1.1,0,,,,,,,,,
TRIAL,A,A,m6_1b-trial-019,FAST,0.95,0.95,target_right,target_left,"m25-wrong-context-v1 SHA256(session|trialId), offset 1 or 2 modulo 3",False,7,7,0,False,,False,,1.1,1.1,0,,,,,,,,,
TRIAL,A,A,m6_1b-trial-019,FAST,0.99,0.99,target_right,target_left,"m25-wrong-context-v1 SHA256(session|trialId), offset 1 or 2 modulo 3",False,7,7,0,False,,False,,1.1,1.1,0,,,,,,,,,
TRIAL,A,A,m6_1b-trial-019,FAST,1.0,1.00,target_right,target_left,"m25-wrong-context-v1 SHA256(session|trialId), offset 1 or 2 modulo 3",False,7,7,0,False,,False,,1.1,1.1,0,,,,,,,,,
TRIAL,A,A,m6_1b-trial-020,FAST,0.7,0.70,target_right,target_center,"m25-wrong-context-v1 SHA256(session|trialId), offset 1 or 2 modulo 3",False,5,5,0,False,,False,,0.9,0.9,0,,,,,,,,,
TRIAL,A,A,m6_1b-trial-020,FAST,0.8,0.80,target_right,target_center,"m25-wrong-context-v1 SHA256(session|trialId), offset 1 or 2 modulo 3",False,5,5,0,False,,False,,0.9,0.9,0,,,,,,,,,
TRIAL,A,A,m6_1b-trial-020,FAST,0.9,0.90,target_right,target_center,"m25-wrong-context-v1 SHA256(session|trialId), offset 1 or 2 modulo 3",False,5,5,0,False,,False,,0.9,0.9,0,,,,,,,,,
TRIAL,A,A,m6_1b-trial-020,FAST,0.95,0.95,target_right,target_center,"m25-wrong-context-v1 SHA256(session|trialId), offset 1 or 2 modulo 3",False,5,5,0,False,,False,,0.9,0.9,0,,,,,,,,,
TRIAL,A,A,m6_1b-trial-020,FAST,0.99,0.99,target_right,target_center,"m25-wrong-context-v1 SHA256(session|trialId), offset 1 or 2 modulo 3",False,5,5,0,False,,False,,0.9,0.9,0,,,,,,,,,
TRIAL,A,A,m6_1b-trial-020,FAST,1.0,1.00,target_right,target_center,"m25-wrong-context-v1 SHA256(session|trialId), offset 1 or 2 modulo 3",False,5,5,0,False,,False,,0.9,0.9,0,,,,,,,,,
TRIAL,A,A,m6_1b-trial-021,FAST,0.7,0.70,target_left,target_center,"m25-wrong-context-v1 SHA256(session|trialId), offset 1 or 2 modulo 3",False,9,9,0,False,,False,,1.3,1.3,0,,,,,,,,,
TRIAL,A,A,m6_1b-trial-021,FAST,0.8,0.80,target_left,target_center,"m25-wrong-context-v1 SHA256(session|trialId), offset 1 or 2 modulo 3",False,9,9,0,False,,False,,1.3,1.3,0,,,,,,,,,
TRIAL,A,A,m6_1b-trial-021,FAST,0.9,0.90,target_left,target_center,"m25-wrong-context-v1 SHA256(session|trialId), offset 1 or 2 modulo 3",False,9,9,0,False,,False,,1.3,1.3,0,,,,,,,,,
TRIAL,A,A,m6_1b-trial-021,FAST,0.95,0.95,target_left,target_center,"m25-wrong-context-v1 SHA256(session|trialId), offset 1 or 2 modulo 3",False,9,9,0,False,,False,,1.3,1.3,0,,,,,,,,,
TRIAL,A,A,m6_1b-trial-021,FAST,0.99,0.99,target_left,target_center,"m25-wrong-context-v1 SHA256(session|trialId), offset 1 or 2 modulo 3",False,9,9,0,False,,False,,1.3,1.3,0,,,,,,,,,
TRIAL,A,A,m6_1b-trial-021,FAST,1.0,1.00,target_left,target_center,"m25-wrong-context-v1 SHA256(session|trialId), offset 1 or 2 modulo 3",False,9,9,0,False,,False,,1.3,1.3,0,,,,,,,,,
TRIAL,A,A,m6_1b-trial-022,FAST,0.7,0.70,target_center,target_right,"m25-wrong-context-v1 SHA256(session|trialId), offset 1 or 2 modulo 3",False,5,5,0,False,,False,,0.9,0.9,0,,,,,,,,,
TRIAL,A,A,m6_1b-trial-022,FAST,0.8,0.80,target_center,target_right,"m25-wrong-context-v1 SHA256(session|trialId), offset 1 or 2 modulo 3",False,5,5,0,False,,False,,0.9,0.9,0,,,,,,,,,
TRIAL,A,A,m6_1b-trial-022,FAST,0.9,0.90,target_center,target_right,"m25-wrong-context-v1 SHA256(session|trialId), offset 1 or 2 modulo 3",False,5,5,0,False,,False,,0.9,0.9,0,,,,,,,,,
TRIAL,A,A,m6_1b-trial-022,FAST,0.95,0.95,target_center,target_right,"m25-wrong-context-v1 SHA256(session|trialId), offset 1 or 2 modulo 3",False,5,5,0,False,,False,,0.9,0.9,0,,,,,,,,,
TRIAL,A,A,m6_1b-trial-022,FAST,0.99,0.99,target_center,target_right,"m25-wrong-context-v1 SHA256(session|trialId), offset 1 or 2 modulo 3",False,5,5,0,False,,False,,0.9,0.9,0,,,,,,,,,
TRIAL,A,A,m6_1b-trial-022,FAST,1.0,1.00,target_center,target_right,"m25-wrong-context-v1 SHA256(session|trialId), offset 1 or 2 modulo 3",False,5,5,0,False,,False,,0.9,0.9,0,,,,,,,,,
TRIAL,A,A,m6_1b-trial-023,FAST,0.7,0.70,target_right,target_center,"m25-wrong-context-v1 SHA256(session|trialId), offset 1 or 2 modulo 3",False,7,7,0,False,,False,,1.1,1.1,0,,,,,,,,,
TRIAL,A,A,m6_1b-trial-023,FAST,0.8,0.80,target_right,target_center,"m25-wrong-context-v1 SHA256(session|trialId), offset 1 or 2 modulo 3",False,7,7,0,False,,False,,1.1,1.1,0,,,,,,,,,
TRIAL,A,A,m6_1b-trial-023,FAST,0.9,0.90,target_right,target_center,"m25-wrong-context-v1 SHA256(session|trialId), offset 1 or 2 modulo 3",False,7,7,0,False,,False,,1.1,1.1,0,,,,,,,,,
TRIAL,A,A,m6_1b-trial-023,FAST,0.95,0.95,target_right,target_center,"m25-wrong-context-v1 SHA256(session|trialId), offset 1 or 2 modulo 3",False,7,7,0,False,,False,,1.1,1.1,0,,,,,,,,,
TRIAL,A,A,m6_1b-trial-023,FAST,0.99,0.99,target_right,target_center,"m25-wrong-context-v1 SHA256(session|trialId), offset 1 or 2 modulo 3",False,7,7,0,False,,False,,1.1,1.1,0,,,,,,,,,
TRIAL,A,A,m6_1b-trial-023,FAST,1.0,1.00,target_right,target_center,"m25-wrong-context-v1 SHA256(session|trialId), offset 1 or 2 modulo 3",False,7,7,0,False,,False,,1.1,1.1,0,,,,,,,,,
TRIAL,A,A,m6_1b-trial-024,FAST,0.7,0.70,target_right,target_left,"m25-wrong-context-v1 SHA256(session|trialId), offset 1 or 2 modulo 3",False,9,9,0,False,,False,,1.3,1.3,0,,,,,,,,,
TRIAL,A,A,m6_1b-trial-024,FAST,0.8,0.80,target_right,target_left,"m25-wrong-context-v1 SHA256(session|trialId), offset 1 or 2 modulo 3",False,9,9,0,False,,False,,1.3,1.3,0,,,,,,,,,
TRIAL,A,A,m6_1b-trial-024,FAST,0.9,0.90,target_right,target_left,"m25-wrong-context-v1 SHA256(session|trialId), offset 1 or 2 modulo 3",False,9,9,0,False,,False,,1.3,1.3,0,,,,,,,,,
TRIAL,A,A,m6_1b-trial-024,FAST,0.95,0.95,target_right,target_left,"m25-wrong-context-v1 SHA256(session|trialId), offset 1 or 2 modulo 3",False,9,9,0,False,,False,,1.3,1.3,0,,,,,,,,,
TRIAL,A,A,m6_1b-trial-024,FAST,0.99,0.99,target_right,target_left,"m25-wrong-context-v1 SHA256(session|trialId), offset 1 or 2 modulo 3",False,9,9,0,False,,False,,1.3,1.3,0,,,,,,,,,
TRIAL,A,A,m6_1b-trial-024,FAST,1.0,1.00,target_right,target_left,"m25-wrong-context-v1 SHA256(session|trialId), offset 1 or 2 modulo 3",False,9,9,0,False,,False,,1.3,1.3,0,,,,,,,,,
TRIAL,A,A,m6_1b-trial-025,FAST,0.7,0.70,target_left,target_center,"m25-wrong-context-v1 SHA256(session|trialId), offset 1 or 2 modulo 3",False,7,7,0,False,,False,,1.1,1.1,0,,,,,,,,,
TRIAL,A,A,m6_1b-trial-025,FAST,0.8,0.80,target_left,target_center,"m25-wrong-context-v1 SHA256(session|trialId), offset 1 or 2 modulo 3",False,7,7,0,False,,False,,1.1,1.1,0,,,,,,,,,
TRIAL,A,A,m6_1b-trial-025,FAST,0.9,0.90,target_left,target_center,"m25-wrong-context-v1 SHA256(session|trialId), offset 1 or 2 modulo 3",False,7,7,0,False,,False,,1.1,1.1,0,,,,,,,,,
TRIAL,A,A,m6_1b-trial-025,FAST,0.95,0.95,target_left,target_center,"m25-wrong-context-v1 SHA256(session|trialId), offset 1 or 2 modulo 3",False,7,7,0,False,,False,,1.1,1.1,0,,,,,,,,,
TRIAL,A,A,m6_1b-trial-025,FAST,0.99,0.99,target_left,target_center,"m25-wrong-context-v1 SHA256(session|trialId), offset 1 or 2 modulo 3",False,7,7,0,False,,False,,1.1,1.1,0,,,,,,,,,
TRIAL,A,A,m6_1b-trial-025,FAST,1.0,1.00,target_left,target_center,"m25-wrong-context-v1 SHA256(session|trialId), offset 1 or 2 modulo 3",False,7,7,0,False,,False,,1.1,1.1,0,,,,,,,,,
TRIAL,A,A,m6_1b-trial-026,FAST,0.7,0.70,target_left,target_center,"m25-wrong-context-v1 SHA256(session|trialId), offset 1 or 2 modulo 3",False,8,8,0,False,,False,,1.2,1.2,0,,,,,,,,,
TRIAL,A,A,m6_1b-trial-026,FAST,0.8,0.80,target_left,target_center,"m25-wrong-context-v1 SHA256(session|trialId), offset 1 or 2 modulo 3",False,8,8,0,False,,False,,1.2,1.2,0,,,,,,,,,
TRIAL,A,A,m6_1b-trial-026,FAST,0.9,0.90,target_left,target_center,"m25-wrong-context-v1 SHA256(session|trialId), offset 1 or 2 modulo 3",False,8,8,0,False,,False,,1.2,1.2,0,,,,,,,,,
TRIAL,A,A,m6_1b-trial-026,FAST,0.95,0.95,target_left,target_center,"m25-wrong-context-v1 SHA256(session|trialId), offset 1 or 2 modulo 3",False,8,8,0,False,,False,,1.2,1.2,0,,,,,,,,,
TRIAL,A,A,m6_1b-trial-026,FAST,0.99,0.99,target_left,target_center,"m25-wrong-context-v1 SHA256(session|trialId), offset 1 or 2 modulo 3",False,8,8,0,False,,False,,1.2,1.2,0,,,,,,,,,
TRIAL,A,A,m6_1b-trial-026,FAST,1.0,1.00,target_left,target_center,"m25-wrong-context-v1 SHA256(session|trialId), offset 1 or 2 modulo 3",False,8,8,0,False,,False,,1.2,1.2,0,,,,,,,,,
TRIAL,A,A,m6_1b-trial-027,FAST,0.7,0.70,target_center,target_left,"m25-wrong-context-v1 SHA256(session|trialId), offset 1 or 2 modulo 3",False,9,5,4,True,0.5,False,,1.3,1.3,4,0.01034359424422826,0.4057238880198718,0.9594687995291383,0,0.0,,,,
TRIAL,A,A,m6_1b-trial-027,FAST,0.8,0.80,target_center,target_left,"m25-wrong-context-v1 SHA256(session|trialId), offset 1 or 2 modulo 3",False,9,5,4,True,0.5,False,,1.3,1.3,4,0.01034359424422826,0.4057238880198718,0.9594687995291383,0,0.0,,,,
TRIAL,A,A,m6_1b-trial-027,FAST,0.9,0.90,target_center,target_left,"m25-wrong-context-v1 SHA256(session|trialId), offset 1 or 2 modulo 3",False,9,5,4,True,0.5,False,,1.3,1.3,4,0.01034359424422826,0.4057238880198718,0.9594687995291383,0,0.0,,,,
TRIAL,A,A,m6_1b-trial-027,FAST,0.95,0.95,target_center,target_left,"m25-wrong-context-v1 SHA256(session|trialId), offset 1 or 2 modulo 3",False,9,5,4,True,0.5,False,,1.3,1.3,4,0.01034359424422826,0.4057238880198718,0.9594687995291383,0,0.0,,,,
TRIAL,A,A,m6_1b-trial-027,FAST,0.99,0.99,target_center,target_left,"m25-wrong-context-v1 SHA256(session|trialId), offset 1 or 2 modulo 3",False,9,5,4,True,0.5,False,,1.3,1.3,4,0.01034359424422826,0.4057238880198718,0.9594687995291383,0,0.0,,,,
TRIAL,A,A,m6_1b-trial-027,FAST,1.0,1.00,target_center,target_left,"m25-wrong-context-v1 SHA256(session|trialId), offset 1 or 2 modulo 3",False,9,5,4,True,0.5,False,,1.3,1.3,4,0.01034359424422826,0.4057238880198718,0.9594687995291383,0,0.0,,,,
TRIAL,A,A,m6_1b-trial-028,FAST,0.7,0.70,target_right,target_left,"m25-wrong-context-v1 SHA256(session|trialId), offset 1 or 2 modulo 3",False,7,7,0,False,,False,,1.1,1.1,0,,,,,,,,,
TRIAL,A,A,m6_1b-trial-028,FAST,0.8,0.80,target_right,target_left,"m25-wrong-context-v1 SHA256(session|trialId), offset 1 or 2 modulo 3",False,7,7,0,False,,False,,1.1,1.1,0,,,,,,,,,
TRIAL,A,A,m6_1b-trial-028,FAST,0.9,0.90,target_right,target_left,"m25-wrong-context-v1 SHA256(session|trialId), offset 1 or 2 modulo 3",False,7,7,0,False,,False,,1.1,1.1,0,,,,,,,,,
TRIAL,A,A,m6_1b-trial-028,FAST,0.95,0.95,target_right,target_left,"m25-wrong-context-v1 SHA256(session|trialId), offset 1 or 2 modulo 3",False,7,7,0,False,,False,,1.1,1.1,0,,,,,,,,,
TRIAL,A,A,m6_1b-trial-028,FAST,0.99,0.99,target_right,target_left,"m25-wrong-context-v1 SHA256(session|trialId), offset 1 or 2 modulo 3",False,7,7,0,False,,False,,1.1,1.1,0,,,,,,,,,
TRIAL,A,A,m6_1b-trial-028,FAST,1.0,1.00,target_right,target_left,"m25-wrong-context-v1 SHA256(session|trialId), offset 1 or 2 modulo 3",False,7,7,0,False,,False,,1.1,1.1,0,,,,,,,,,
TRIAL,A,A,m6_1b-trial-029,FAST,0.7,0.70,target_left,target_right,"m25-wrong-context-v1 SHA256(session|trialId), offset 1 or 2 modulo 3",False,13,12,1,True,0.5,False,,1.7,1.7,1,0.026033647769806267,0.36086842741777814,0.997802994311314,0,0.0,,,,
TRIAL,A,A,m6_1b-trial-029,FAST,0.8,0.80,target_left,target_right,"m25-wrong-context-v1 SHA256(session|trialId), offset 1 or 2 modulo 3",False,13,12,1,True,0.5,False,,1.7,1.7,1,0.026033647769806267,0.36086842741777814,0.997802994311314,0,0.0,,,,
TRIAL,A,A,m6_1b-trial-029,FAST,0.9,0.90,target_left,target_right,"m25-wrong-context-v1 SHA256(session|trialId), offset 1 or 2 modulo 3",False,13,12,1,True,0.5,False,,1.7,1.7,1,0.026033647769806267,0.36086842741777814,0.997802994311314,0,0.0,,,,
TRIAL,A,A,m6_1b-trial-029,FAST,0.95,0.95,target_left,target_right,"m25-wrong-context-v1 SHA256(session|trialId), offset 1 or 2 modulo 3",False,13,12,1,True,0.5,False,,1.7,1.7,1,0.026033647769806267,0.36086842741777814,0.997802994311314,0,0.0,,,,
TRIAL,A,A,m6_1b-trial-029,FAST,0.99,0.99,target_left,target_right,"m25-wrong-context-v1 SHA256(session|trialId), offset 1 or 2 modulo 3",False,13,12,1,True,0.5,False,,1.7,1.7,1,0.026033647769806267,0.36086842741777814,0.997802994311314,0,0.0,,,,
TRIAL,A,A,m6_1b-trial-029,FAST,1.0,1.00,target_left,target_right,"m25-wrong-context-v1 SHA256(session|trialId), offset 1 or 2 modulo 3",False,13,12,1,True,0.5,False,,1.7,1.7,1,0.026033647769806267,0.36086842741777814,0.997802994311314,0,0.0,,,,
TRIAL,A,A,m6_1b-trial-030,FAST,0.7,0.70,target_center,target_right,"m25-wrong-context-v1 SHA256(session|trialId), offset 1 or 2 modulo 3",False,7,7,0,False,,False,,1.1,1.1,0,,,,,,,,,
TRIAL,A,A,m6_1b-trial-030,FAST,0.8,0.80,target_center,target_right,"m25-wrong-context-v1 SHA256(session|trialId), offset 1 or 2 modulo 3",False,7,7,0,False,,False,,1.1,1.1,0,,,,,,,,,
TRIAL,A,A,m6_1b-trial-030,FAST,0.9,0.90,target_center,target_right,"m25-wrong-context-v1 SHA256(session|trialId), offset 1 or 2 modulo 3",False,7,7,0,False,,False,,1.1,1.1,0,,,,,,,,,
TRIAL,A,A,m6_1b-trial-030,FAST,0.95,0.95,target_center,target_right,"m25-wrong-context-v1 SHA256(session|trialId), offset 1 or 2 modulo 3",False,7,7,0,False,,False,,1.1,1.1,0,,,,,,,,,
TRIAL,A,A,m6_1b-trial-030,FAST,0.99,0.99,target_center,target_right,"m25-wrong-context-v1 SHA256(session|trialId), offset 1 or 2 modulo 3",False,7,7,0,False,,False,,1.1,1.1,0,,,,,,,,,
TRIAL,A,A,m6_1b-trial-030,FAST,1.0,1.00,target_center,target_right,"m25-wrong-context-v1 SHA256(session|trialId), offset 1 or 2 modulo 3",False,7,7,0,False,,False,,1.1,1.1,0,,,,,,,,,
TRIAL,A,A,m6_1b-trial-001,MEDIUM,0.7,0.70,target_right,target_center,"m25-wrong-context-v1 SHA256(session|trialId), offset 1 or 2 modulo 3",False,7,7,0,False,,False,,1.1,1.1,0,,,,,,,,,
TRIAL,A,A,m6_1b-trial-001,MEDIUM,0.8,0.80,target_right,target_center,"m25-wrong-context-v1 SHA256(session|trialId), offset 1 or 2 modulo 3",False,7,7,0,False,,False,,1.1,1.1,0,,,,,,,,,
TRIAL,A,A,m6_1b-trial-001,MEDIUM,0.9,0.90,target_right,target_center,"m25-wrong-context-v1 SHA256(session|trialId), offset 1 or 2 modulo 3",False,7,7,0,False,,False,,1.1,1.1,0,,,,,,,,,
TRIAL,A,A,m6_1b-trial-001,MEDIUM,0.95,0.95,target_right,target_center,"m25-wrong-context-v1 SHA256(session|trialId), offset 1 or 2 modulo 3",False,7,7,0,False,,False,,1.1,1.1,0,,,,,,,,,
TRIAL,A,A,m6_1b-trial-001,MEDIUM,0.99,0.99,target_right,target_center,"m25-wrong-context-v1 SHA256(session|trialId), offset 1 or 2 modulo 3",False,7,7,0,False,,False,,1.1,1.1,0,,,,,,,,,
TRIAL,A,A,m6_1b-trial-001,MEDIUM,1.0,1.00,target_right,target_center,"m25-wrong-context-v1 SHA256(session|trialId), offset 1 or 2 modulo 3",False,7,7,0,False,,False,,1.1,1.1,0,,,,,,,,,
TRIAL,A,A,m6_1b-trial-002,MEDIUM,0.7,0.70,target_center,target_right,"m25-wrong-context-v1 SHA256(session|trialId), offset 1 or 2 modulo 3",False,8,8,0,False,,False,,1.2,1.2,0,,,,,,,,,
TRIAL,A,A,m6_1b-trial-002,MEDIUM,0.8,0.80,target_center,target_right,"m25-wrong-context-v1 SHA256(session|trialId), offset 1 or 2 modulo 3",False,8,8,0,False,,False,,1.2,1.2,0,,,,,,,,,
TRIAL,A,A,m6_1b-trial-002,MEDIUM,0.9,0.90,target_center,target_right,"m25-wrong-context-v1 SHA256(session|trialId), offset 1 or 2 modulo 3",False,8,8,0,False,,False,,1.2,1.2,0,,,,,,,,,
TRIAL,A,A,m6_1b-trial-002,MEDIUM,0.95,0.95,target_center,target_right,"m25-wrong-context-v1 SHA256(session|trialId), offset 1 or 2 modulo 3",False,8,8,0,False,,False,,1.2,1.2,0,,,,,,,,,
TRIAL,A,A,m6_1b-trial-002,MEDIUM,0.99,0.99,target_center,target_right,"m25-wrong-context-v1 SHA256(session|trialId), offset 1 or 2 modulo 3",False,8,8,0,False,,False,,1.2,1.2,0,,,,,,,,,
TRIAL,A,A,m6_1b-trial-002,MEDIUM,1.0,1.00,target_center,target_right,"m25-wrong-context-v1 SHA256(session|trialId), offset 1 or 2 modulo 3",False,8,8,0,False,,False,,1.2,1.2,0,,,,,,,,,
TRIAL,A,A,m6_1b-trial-003,MEDIUM,0.7,0.70,target_right,target_center,"m25-wrong-context-v1 SHA256(session|trialId), offset 1 or 2 modulo 3",False,12,10,2,True,0.5,False,,1.6,1.6,2,0.008798360234327618,0.367242809897155,0.9925759195147452,0,0.0,,,,
TRIAL,A,A,m6_1b-trial-003,MEDIUM,0.8,0.80,target_right,target_center,"m25-wrong-context-v1 SHA256(session|trialId), offset 1 or 2 modulo 3",False,12,10,2,True,0.5,False,,1.6,1.6,2,0.008798360234327618,0.367242809897155,0.9925759195147452,0,0.0,,,,
TRIAL,A,A,m6_1b-trial-003,MEDIUM,0.9,0.90,target_right,target_center,"m25-wrong-context-v1 SHA256(session|trialId), offset 1 or 2 modulo 3",False,12,10,2,True,0.5,False,,1.6,1.6,2,0.008798360234327618,0.367242809897155,0.9925759195147452,0,0.0,,,,
TRIAL,A,A,m6_1b-trial-003,MEDIUM,0.95,0.95,target_right,target_center,"m25-wrong-context-v1 SHA256(session|trialId), offset 1 or 2 modulo 3",False,12,10,2,True,0.5,False,,1.6,1.6,2,0.008798360234327618,0.367242809897155,0.9925759195147452,0,0.0,,,,
TRIAL,A,A,m6_1b-trial-003,MEDIUM,0.99,0.99,target_right,target_center,"m25-wrong-context-v1 SHA256(session|trialId), offset 1 or 2 modulo 3",False,12,10,2,True,0.5,False,,1.6,1.6,2,0.008798360234327618,0.367242809897155,0.9925759195147452,0,0.0,,,,
TRIAL,A,A,m6_1b-trial-003,MEDIUM,1.0,1.00,target_right,target_center,"m25-wrong-context-v1 SHA256(session|trialId), offset 1 or 2 modulo 3",False,12,10,2,True,0.5,False,,1.6,1.6,2,0.008798360234327618,0.367242809897155,0.9925759195147452,0,0.0,,,,
TRIAL,A,A,m6_1b-trial-004,MEDIUM,0.7,0.70,target_left,target_right,"m25-wrong-context-v1 SHA256(session|trialId), offset 1 or 2 modulo 3",False,7,7,0,False,,False,,1.1,1.1,0,,,,,,,,,
TRIAL,A,A,m6_1b-trial-004,MEDIUM,0.8,0.80,target_left,target_right,"m25-wrong-context-v1 SHA256(session|trialId), offset 1 or 2 modulo 3",False,7,7,0,False,,False,,1.1,1.1,0,,,,,,,,,
TRIAL,A,A,m6_1b-trial-004,MEDIUM,0.9,0.90,target_left,target_right,"m25-wrong-context-v1 SHA256(session|trialId), offset 1 or 2 modulo 3",False,7,7,0,False,,False,,1.1,1.1,0,,,,,,,,,
TRIAL,A,A,m6_1b-trial-004,MEDIUM,0.95,0.95,target_left,target_right,"m25-wrong-context-v1 SHA256(session|trialId), offset 1 or 2 modulo 3",False,7,7,0,False,,False,,1.1,1.1,0,,,,,,,,,
TRIAL,A,A,m6_1b-trial-004,MEDIUM,0.99,0.99,target_left,target_right,"m25-wrong-context-v1 SHA256(session|trialId), offset 1 or 2 modulo 3",False,7,7,0,False,,False,,1.1,1.1,0,,,,,,,,,
TRIAL,A,A,m6_1b-trial-004,MEDIUM,1.0,1.00,target_left,target_right,"m25-wrong-context-v1 SHA256(session|trialId), offset 1 or 2 modulo 3",False,7,7,0,False,,False,,1.1,1.1,0,,,,,,,,,
TRIAL,A,A,m6_1b-trial-005,MEDIUM,0.7,0.70,target_center,target_right,"m25-wrong-context-v1 SHA256(session|trialId), offset 1 or 2 modulo 3",False,8,8,0,False,,False,,1.2,1.2,0,,,,,,,,,
TRIAL,A,A,m6_1b-trial-005,MEDIUM,0.8,0.80,target_center,target_right,"m25-wrong-context-v1 SHA256(session|trialId), offset 1 or 2 modulo 3",False,8,8,0,False,,False,,1.2,1.2,0,,,,,,,,,
TRIAL,A,A,m6_1b-trial-005,MEDIUM,0.9,0.90,target_center,target_right,"m25-wrong-context-v1 SHA256(session|trialId), offset 1 or 2 modulo 3",False,8,8,0,False,,False,,1.2,1.2,0,,,,,,,,,
TRIAL,A,A,m6_1b-trial-005,MEDIUM,0.95,0.95,target_center,target_right,"m25-wrong-context-v1 SHA256(session|trialId), offset 1 or 2 modulo 3",False,8,8,0,False,,False,,1.2,1.2,0,,,,,,,,,
TRIAL,A,A,m6_1b-trial-005,MEDIUM,0.99,0.99,target_center,target_right,"m25-wrong-context-v1 SHA256(session|trialId), offset 1 or 2 modulo 3",False,8,8,0,False,,False,,1.2,1.2,0,,,,,,,,,
TRIAL,A,A,m6_1b-trial-005,MEDIUM,1.0,1.00,target_center,target_right,"m25-wrong-context-v1 SHA256(session|trialId), offset 1 or 2 modulo 3",False,8,8,0,False,,False,,1.2,1.2,0,,,,,,,,,
TRIAL,A,A,m6_1b-trial-006,MEDIUM,0.7,0.70,target_right,target_center,"m25-wrong-context-v1 SHA256(session|trialId), offset 1 or 2 modulo 3",False,15,15,0,False,,False,,1.9,1.9,0,,,,,,,,,
TRIAL,A,A,m6_1b-trial-006,MEDIUM,0.8,0.80,target_right,target_center,"m25-wrong-context-v1 SHA256(session|trialId), offset 1 or 2 modulo 3",False,15,15,0,False,,False,,1.9,1.9,0,,,,,,,,,
TRIAL,A,A,m6_1b-trial-006,MEDIUM,0.9,0.90,target_right,target_center,"m25-wrong-context-v1 SHA256(session|trialId), offset 1 or 2 modulo 3",False,15,15,0,False,,False,,1.9,1.9,0,,,,,,,,,
TRIAL,A,A,m6_1b-trial-006,MEDIUM,0.95,0.95,target_right,target_center,"m25-wrong-context-v1 SHA256(session|trialId), offset 1 or 2 modulo 3",False,15,15,0,False,,False,,1.9,1.9,0,,,,,,,,,
TRIAL,A,A,m6_1b-trial-006,MEDIUM,0.99,0.99,target_right,target_center,"m25-wrong-context-v1 SHA256(session|trialId), offset 1 or 2 modulo 3",False,15,15,0,False,,False,,1.9,1.9,0,,,,,,,,,
TRIAL,A,A,m6_1b-trial-006,MEDIUM,1.0,1.00,target_right,target_center,"m25-wrong-context-v1 SHA256(session|trialId), offset 1 or 2 modulo 3",False,15,15,0,False,,False,,1.9,1.9,0,,,,,,,,,
TRIAL,A,A,m6_1b-trial-007,MEDIUM,0.7,0.70,target_center,target_left,"m25-wrong-context-v1 SHA256(session|trialId), offset 1 or 2 modulo 3",False,9,9,0,False,,False,,1.3,1.3,0,,,,,,,,,
TRIAL,A,A,m6_1b-trial-007,MEDIUM,0.8,0.80,target_center,target_left,"m25-wrong-context-v1 SHA256(session|trialId), offset 1 or 2 modulo 3",False,9,9,0,False,,False,,1.3,1.3,0,,,,,,,,,
TRIAL,A,A,m6_1b-trial-007,MEDIUM,0.9,0.90,target_center,target_left,"m25-wrong-context-v1 SHA256(session|trialId), offset 1 or 2 modulo 3",False,9,9,0,False,,False,,1.3,1.3,0,,,,,,,,,
TRIAL,A,A,m6_1b-trial-007,MEDIUM,0.95,0.95,target_center,target_left,"m25-wrong-context-v1 SHA256(session|trialId), offset 1 or 2 modulo 3",False,9,9,0,False,,False,,1.3,1.3,0,,,,,,,,,
TRIAL,A,A,m6_1b-trial-007,MEDIUM,0.99,0.99,target_center,target_left,"m25-wrong-context-v1 SHA256(session|trialId), offset 1 or 2 modulo 3",False,9,9,0,False,,False,,1.3,1.3,0,,,,,,,,,
TRIAL,A,A,m6_1b-trial-007,MEDIUM,1.0,1.00,target_center,target_left,"m25-wrong-context-v1 SHA256(session|trialId), offset 1 or 2 modulo 3",False,9,9,0,False,,False,,1.3,1.3,0,,,,,,,,,
TRIAL,A,A,m6_1b-trial-008,MEDIUM,0.7,0.70,target_right,target_left,"m25-wrong-context-v1 SHA256(session|trialId), offset 1 or 2 modulo 3",False,15,15,0,False,,False,,1.9,1.9,0,,,,,,,,,
TRIAL,A,A,m6_1b-trial-008,MEDIUM,0.8,0.80,target_right,target_left,"m25-wrong-context-v1 SHA256(session|trialId), offset 1 or 2 modulo 3",False,15,15,0,False,,False,,1.9,1.9,0,,,,,,,,,
TRIAL,A,A,m6_1b-trial-008,MEDIUM,0.9,0.90,target_right,target_left,"m25-wrong-context-v1 SHA256(session|trialId), offset 1 or 2 modulo 3",False,15,15,0,False,,False,,1.9,1.9,0,,,,,,,,,
TRIAL,A,A,m6_1b-trial-008,MEDIUM,0.95,0.95,target_right,target_left,"m25-wrong-context-v1 SHA256(session|trialId), offset 1 or 2 modulo 3",False,15,15,0,False,,False,,1.9,1.9,0,,,,,,,,,
TRIAL,A,A,m6_1b-trial-008,MEDIUM,0.99,0.99,target_right,target_left,"m25-wrong-context-v1 SHA256(session|trialId), offset 1 or 2 modulo 3",False,15,15,0,False,,False,,1.9,1.9,0,,,,,,,,,
TRIAL,A,A,m6_1b-trial-008,MEDIUM,1.0,1.00,target_right,target_left,"m25-wrong-context-v1 SHA256(session|trialId), offset 1 or 2 modulo 3",False,15,15,0,False,,False,,1.9,1.9,0,,,,,,,,,
TRIAL,A,A,m6_1b-trial-009,MEDIUM,0.7,0.70,target_left,target_right,"m25-wrong-context-v1 SHA256(session|trialId), offset 1 or 2 modulo 3",False,8,6,2,True,0.5,False,,1.2,1.2,2,0.025022476950568695,0.38065804043513995,0.9892777263737381,0,0.0,,,,
TRIAL,A,A,m6_1b-trial-009,MEDIUM,0.8,0.80,target_left,target_right,"m25-wrong-context-v1 SHA256(session|trialId), offset 1 or 2 modulo 3",False,8,6,2,True,0.5,False,,1.2,1.2,2,0.025022476950568695,0.38065804043513995,0.9892777263737381,0,0.0,,,,
TRIAL,A,A,m6_1b-trial-009,MEDIUM,0.9,0.90,target_left,target_right,"m25-wrong-context-v1 SHA256(session|trialId), offset 1 or 2 modulo 3",False,8,6,2,True,0.5,False,,1.2,1.2,2,0.025022476950568695,0.38065804043513995,0.9892777263737381,0,0.0,,,,
TRIAL,A,A,m6_1b-trial-009,MEDIUM,0.95,0.95,target_left,target_right,"m25-wrong-context-v1 SHA256(session|trialId), offset 1 or 2 modulo 3",False,8,6,2,True,0.5,False,,1.2,1.2,2,0.025022476950568695,0.38065804043513995,0.9892777263737381,0,0.0,,,,
TRIAL,A,A,m6_1b-trial-009,MEDIUM,0.99,0.99,target_left,target_right,"m25-wrong-context-v1 SHA256(session|trialId), offset 1 or 2 modulo 3",False,8,6,2,True,0.5,False,,1.2,1.2,2,0.025022476950568695,0.38065804043513995,0.9892777263737381,0,0.0,,,,
TRIAL,A,A,m6_1b-trial-009,MEDIUM,1.0,1.00,target_left,target_right,"m25-wrong-context-v1 SHA256(session|trialId), offset 1 or 2 modulo 3",False,8,6,2,True,0.5,False,,1.2,1.2,2,0.025022476950568695,0.38065804043513995,0.9892777263737381,0,0.0,,,,
TRIAL,A,A,m6_1b-trial-010,MEDIUM,0.7,0.70,target_right,target_center,"m25-wrong-context-v1 SHA256(session|trialId), offset 1 or 2 modulo 3",False,7,7,0,False,,False,,1.1,1.1,0,,,,,,,,,
TRIAL,A,A,m6_1b-trial-010,MEDIUM,0.8,0.80,target_right,target_center,"m25-wrong-context-v1 SHA256(session|trialId), offset 1 or 2 modulo 3",False,7,7,0,False,,False,,1.1,1.1,0,,,,,,,,,
TRIAL,A,A,m6_1b-trial-010,MEDIUM,0.9,0.90,target_right,target_center,"m25-wrong-context-v1 SHA256(session|trialId), offset 1 or 2 modulo 3",False,7,7,0,False,,False,,1.1,1.1,0,,,,,,,,,
TRIAL,A,A,m6_1b-trial-010,MEDIUM,0.95,0.95,target_right,target_center,"m25-wrong-context-v1 SHA256(session|trialId), offset 1 or 2 modulo 3",False,7,7,0,False,,False,,1.1,1.1,0,,,,,,,,,
TRIAL,A,A,m6_1b-trial-010,MEDIUM,0.99,0.99,target_right,target_center,"m25-wrong-context-v1 SHA256(session|trialId), offset 1 or 2 modulo 3",False,7,7,0,False,,False,,1.1,1.1,0,,,,,,,,,
TRIAL,A,A,m6_1b-trial-010,MEDIUM,1.0,1.00,target_right,target_center,"m25-wrong-context-v1 SHA256(session|trialId), offset 1 or 2 modulo 3",False,7,7,0,False,,False,,1.1,1.1,0,,,,,,,,,
TRIAL,A,A,m6_1b-trial-011,MEDIUM,0.7,0.70,target_center,target_left,"m25-wrong-context-v1 SHA256(session|trialId), offset 1 or 2 modulo 3",False,15,11,4,True,0.5,False,,1.9,1.9,4,0.026415809687898417,0.3717522219740994,0.9942027154376999,0,0.0,,,,
TRIAL,A,A,m6_1b-trial-011,MEDIUM,0.8,0.80,target_center,target_left,"m25-wrong-context-v1 SHA256(session|trialId), offset 1 or 2 modulo 3",False,15,11,4,True,0.5,False,,1.9,1.9,4,0.026415809687898417,0.3717522219740994,0.9942027154376999,0,0.0,,,,
TRIAL,A,A,m6_1b-trial-011,MEDIUM,0.9,0.90,target_center,target_left,"m25-wrong-context-v1 SHA256(session|trialId), offset 1 or 2 modulo 3",False,15,11,4,True,0.5,False,,1.9,1.9,4,0.026415809687898417,0.3717522219740994,0.9942027154376999,0,0.0,,,,
TRIAL,A,A,m6_1b-trial-011,MEDIUM,0.95,0.95,target_center,target_left,"m25-wrong-context-v1 SHA256(session|trialId), offset 1 or 2 modulo 3",False,15,11,4,True,0.5,False,,1.9,1.9,4,0.026415809687898417,0.3717522219740994,0.9942027154376999,0,0.0,,,,
TRIAL,A,A,m6_1b-trial-011,MEDIUM,0.99,0.99,target_center,target_left,"m25-wrong-context-v1 SHA256(session|trialId), offset 1 or 2 modulo 3",False,15,11,4,True,0.5,False,,1.9,1.9,4,0.026415809687898417,0.3717522219740994,0.9942027154376999,0,0.0,,,,
TRIAL,A,A,m6_1b-trial-011,MEDIUM,1.0,1.00,target_center,target_left,"m25-wrong-context-v1 SHA256(session|trialId), offset 1 or 2 modulo 3",False,15,11,4,True,0.5,False,,1.9,1.9,4,0.026415809687898417,0.3717522219740994,0.9942027154376999,0,0.0,,,,
TRIAL,A,A,m6_1b-trial-012,MEDIUM,0.7,0.70,target_center,target_left,"m25-wrong-context-v1 SHA256(session|trialId), offset 1 or 2 modulo 3",False,10,10,0,False,,False,,1.4,1.4,0,,,,,,,,,
TRIAL,A,A,m6_1b-trial-012,MEDIUM,0.8,0.80,target_center,target_left,"m25-wrong-context-v1 SHA256(session|trialId), offset 1 or 2 modulo 3",False,10,10,0,False,,False,,1.4,1.4,0,,,,,,,,,
TRIAL,A,A,m6_1b-trial-012,MEDIUM,0.9,0.90,target_center,target_left,"m25-wrong-context-v1 SHA256(session|trialId), offset 1 or 2 modulo 3",False,10,10,0,False,,False,,1.4,1.4,0,,,,,,,,,
TRIAL,A,A,m6_1b-trial-012,MEDIUM,0.95,0.95,target_center,target_left,"m25-wrong-context-v1 SHA256(session|trialId), offset 1 or 2 modulo 3",False,10,10,0,False,,False,,1.4,1.4,0,,,,,,,,,
TRIAL,A,A,m6_1b-trial-012,MEDIUM,0.99,0.99,target_center,target_left,"m25-wrong-context-v1 SHA256(session|trialId), offset 1 or 2 modulo 3",False,10,10,0,False,,False,,1.4,1.4,0,,,,,,,,,
TRIAL,A,A,m6_1b-trial-012,MEDIUM,1.0,1.00,target_center,target_left,"m25-wrong-context-v1 SHA256(session|trialId), offset 1 or 2 modulo 3",False,10,10,0,False,,False,,1.4,1.4,0,,,,,,,,,
TRIAL,A,A,m6_1b-trial-013,MEDIUM,0.7,0.70,target_left,target_right,"m25-wrong-context-v1 SHA256(session|trialId), offset 1 or 2 modulo 3",False,6,6,0,False,,False,,1.0,1.0,0,,,,,,,,,
TRIAL,A,A,m6_1b-trial-013,MEDIUM,0.8,0.80,target_left,target_right,"m25-wrong-context-v1 SHA256(session|trialId), offset 1 or 2 modulo 3",False,6,6,0,False,,False,,1.0,1.0,0,,,,,,,,,
TRIAL,A,A,m6_1b-trial-013,MEDIUM,0.9,0.90,target_left,target_right,"m25-wrong-context-v1 SHA256(session|trialId), offset 1 or 2 modulo 3",False,6,6,0,False,,False,,1.0,1.0,0,,,,,,,,,
TRIAL,A,A,m6_1b-trial-013,MEDIUM,0.95,0.95,target_left,target_right,"m25-wrong-context-v1 SHA256(session|trialId), offset 1 or 2 modulo 3",False,6,6,0,False,,False,,1.0,1.0,0,,,,,,,,,
TRIAL,A,A,m6_1b-trial-013,MEDIUM,0.99,0.99,target_left,target_right,"m25-wrong-context-v1 SHA256(session|trialId), offset 1 or 2 modulo 3",False,6,6,0,False,,False,,1.0,1.0,0,,,,,,,,,
TRIAL,A,A,m6_1b-trial-013,MEDIUM,1.0,1.00,target_left,target_right,"m25-wrong-context-v1 SHA256(session|trialId), offset 1 or 2 modulo 3",False,6,6,0,False,,False,,1.0,1.0,0,,,,,,,,,
TRIAL,A,A,m6_1b-trial-014,MEDIUM,0.7,0.70,target_center,target_right,"m25-wrong-context-v1 SHA256(session|trialId), offset 1 or 2 modulo 3",False,15,15,0,False,,False,,1.9,1.9,0,,,,,,,,,
TRIAL,A,A,m6_1b-trial-014,MEDIUM,0.8,0.80,target_center,target_right,"m25-wrong-context-v1 SHA256(session|trialId), offset 1 or 2 modulo 3",False,15,15,0,False,,False,,1.9,1.9,0,,,,,,,,,
TRIAL,A,A,m6_1b-trial-014,MEDIUM,0.9,0.90,target_center,target_right,"m25-wrong-context-v1 SHA256(session|trialId), offset 1 or 2 modulo 3",False,15,15,0,False,,False,,1.9,1.9,0,,,,,,,,,
TRIAL,A,A,m6_1b-trial-014,MEDIUM,0.95,0.95,target_center,target_right,"m25-wrong-context-v1 SHA256(session|trialId), offset 1 or 2 modulo 3",False,15,15,0,False,,False,,1.9,1.9,0,,,,,,,,,
TRIAL,A,A,m6_1b-trial-014,MEDIUM,0.99,0.99,target_center,target_right,"m25-wrong-context-v1 SHA256(session|trialId), offset 1 or 2 modulo 3",False,15,15,0,False,,False,,1.9,1.9,0,,,,,,,,,
TRIAL,A,A,m6_1b-trial-014,MEDIUM,1.0,1.00,target_center,target_right,"m25-wrong-context-v1 SHA256(session|trialId), offset 1 or 2 modulo 3",False,15,15,0,False,,False,,1.9,1.9,0,,,,,,,,,
TRIAL,A,A,m6_1b-trial-015,MEDIUM,0.7,0.70,target_left,target_right,"m25-wrong-context-v1 SHA256(session|trialId), offset 1 or 2 modulo 3",False,15,15,0,False,,False,,1.9,1.9,0,,,,,,,,,
TRIAL,A,A,m6_1b-trial-015,MEDIUM,0.8,0.80,target_left,target_right,"m25-wrong-context-v1 SHA256(session|trialId), offset 1 or 2 modulo 3",False,15,15,0,False,,False,,1.9,1.9,0,,,,,,,,,
TRIAL,A,A,m6_1b-trial-015,MEDIUM,0.9,0.90,target_left,target_right,"m25-wrong-context-v1 SHA256(session|trialId), offset 1 or 2 modulo 3",False,15,15,0,False,,False,,1.9,1.9,0,,,,,,,,,
TRIAL,A,A,m6_1b-trial-015,MEDIUM,0.95,0.95,target_left,target_right,"m25-wrong-context-v1 SHA256(session|trialId), offset 1 or 2 modulo 3",False,15,15,0,False,,False,,1.9,1.9,0,,,,,,,,,
TRIAL,A,A,m6_1b-trial-015,MEDIUM,0.99,0.99,target_left,target_right,"m25-wrong-context-v1 SHA256(session|trialId), offset 1 or 2 modulo 3",False,15,15,0,False,,False,,1.9,1.9,0,,,,,,,,,
TRIAL,A,A,m6_1b-trial-015,MEDIUM,1.0,1.00,target_left,target_right,"m25-wrong-context-v1 SHA256(session|trialId), offset 1 or 2 modulo 3",False,15,15,0,False,,False,,1.9,1.9,0,,,,,,,,,
TRIAL,A,A,m6_1b-trial-016,MEDIUM,0.7,0.70,target_left,target_right,"m25-wrong-context-v1 SHA256(session|trialId), offset 1 or 2 modulo 3",False,15,12,3,True,0.6,False,,1.9,1.9,3,0.0022649937967704203,0.37882884587219384,0.9829925154545579,1,0.0,,,,
TRIAL,A,A,m6_1b-trial-016,MEDIUM,0.8,0.80,target_left,target_right,"m25-wrong-context-v1 SHA256(session|trialId), offset 1 or 2 modulo 3",False,15,12,3,True,0.6,False,,1.9,1.9,3,0.0022649937967704203,0.37882884587219384,0.9829925154545579,1,0.0,,,,
TRIAL,A,A,m6_1b-trial-016,MEDIUM,0.9,0.90,target_left,target_right,"m25-wrong-context-v1 SHA256(session|trialId), offset 1 or 2 modulo 3",False,15,12,3,True,0.6,False,,1.9,1.9,3,0.0022649937967704203,0.37882884587219384,0.9829925154545579,1,0.0,,,,
TRIAL,A,A,m6_1b-trial-016,MEDIUM,0.95,0.95,target_left,target_right,"m25-wrong-context-v1 SHA256(session|trialId), offset 1 or 2 modulo 3",False,15,12,3,True,0.6,False,,1.9,1.9,3,0.0022649937967704203,0.37882884587219384,0.9829925154545579,1,0.0,,,,
TRIAL,A,A,m6_1b-trial-016,MEDIUM,0.99,0.99,target_left,target_right,"m25-wrong-context-v1 SHA256(session|trialId), offset 1 or 2 modulo 3",False,15,12,3,True,0.6,False,,1.9,1.9,3,0.0022649937967704203,0.37882884587219384,0.9829925154545579,1,0.0,,,,
TRIAL,A,A,m6_1b-trial-016,MEDIUM,1.0,1.00,target_left,target_right,"m25-wrong-context-v1 SHA256(session|trialId), offset 1 or 2 modulo 3",False,15,12,3,True,0.6,False,,1.9,1.9,3,0.0022649937967704203,0.37882884587219384,0.9829925154545579,1,0.0,,,,
TRIAL,A,A,m6_1b-trial-017,MEDIUM,0.7,0.70,target_center,target_left,"m25-wrong-context-v1 SHA256(session|trialId), offset 1 or 2 modulo 3",False,6,6,0,False,,False,,1.0,1.0,0,,,,,,,,,
TRIAL,A,A,m6_1b-trial-017,MEDIUM,0.8,0.80,target_center,target_left,"m25-wrong-context-v1 SHA256(session|trialId), offset 1 or 2 modulo 3",False,6,6,0,False,,False,,1.0,1.0,0,,,,,,,,,
TRIAL,A,A,m6_1b-trial-017,MEDIUM,0.9,0.90,target_center,target_left,"m25-wrong-context-v1 SHA256(session|trialId), offset 1 or 2 modulo 3",False,6,6,0,False,,False,,1.0,1.0,0,,,,,,,,,
TRIAL,A,A,m6_1b-trial-017,MEDIUM,0.95,0.95,target_center,target_left,"m25-wrong-context-v1 SHA256(session|trialId), offset 1 or 2 modulo 3",False,6,6,0,False,,False,,1.0,1.0,0,,,,,,,,,
TRIAL,A,A,m6_1b-trial-017,MEDIUM,0.99,0.99,target_center,target_left,"m25-wrong-context-v1 SHA256(session|trialId), offset 1 or 2 modulo 3",False,6,6,0,False,,False,,1.0,1.0,0,,,,,,,,,
TRIAL,A,A,m6_1b-trial-017,MEDIUM,1.0,1.00,target_center,target_left,"m25-wrong-context-v1 SHA256(session|trialId), offset 1 or 2 modulo 3",False,6,6,0,False,,False,,1.0,1.0,0,,,,,,,,,
TRIAL,A,A,m6_1b-trial-018,MEDIUM,0.7,0.70,target_left,target_right,"m25-wrong-context-v1 SHA256(session|trialId), offset 1 or 2 modulo 3",False,15,15,0,False,,False,,1.9,1.9,0,,,,,,,,,
TRIAL,A,A,m6_1b-trial-018,MEDIUM,0.8,0.80,target_left,target_right,"m25-wrong-context-v1 SHA256(session|trialId), offset 1 or 2 modulo 3",False,15,15,0,False,,False,,1.9,1.9,0,,,,,,,,,
TRIAL,A,A,m6_1b-trial-018,MEDIUM,0.9,0.90,target_left,target_right,"m25-wrong-context-v1 SHA256(session|trialId), offset 1 or 2 modulo 3",False,15,15,0,False,,False,,1.9,1.9,0,,,,,,,,,
TRIAL,A,A,m6_1b-trial-018,MEDIUM,0.95,0.95,target_left,target_right,"m25-wrong-context-v1 SHA256(session|trialId), offset 1 or 2 modulo 3",False,15,15,0,False,,False,,1.9,1.9,0,,,,,,,,,
TRIAL,A,A,m6_1b-trial-018,MEDIUM,0.99,0.99,target_left,target_right,"m25-wrong-context-v1 SHA256(session|trialId), offset 1 or 2 modulo 3",False,15,15,0,False,,False,,1.9,1.9,0,,,,,,,,,
TRIAL,A,A,m6_1b-trial-018,MEDIUM,1.0,1.00,target_left,target_right,"m25-wrong-context-v1 SHA256(session|trialId), offset 1 or 2 modulo 3",False,15,15,0,False,,False,,1.9,1.9,0,,,,,,,,,
TRIAL,A,A,m6_1b-trial-019,MEDIUM,0.7,0.70,target_right,target_left,"m25-wrong-context-v1 SHA256(session|trialId), offset 1 or 2 modulo 3",False,7,7,0,False,,False,,1.1,1.1,0,,,,,,,,,
TRIAL,A,A,m6_1b-trial-019,MEDIUM,0.8,0.80,target_right,target_left,"m25-wrong-context-v1 SHA256(session|trialId), offset 1 or 2 modulo 3",False,7,7,0,False,,False,,1.1,1.1,0,,,,,,,,,
TRIAL,A,A,m6_1b-trial-019,MEDIUM,0.9,0.90,target_right,target_left,"m25-wrong-context-v1 SHA256(session|trialId), offset 1 or 2 modulo 3",False,7,7,0,False,,False,,1.1,1.1,0,,,,,,,,,
TRIAL,A,A,m6_1b-trial-019,MEDIUM,0.95,0.95,target_right,target_left,"m25-wrong-context-v1 SHA256(session|trialId), offset 1 or 2 modulo 3",False,7,7,0,False,,False,,1.1,1.1,0,,,,,,,,,
TRIAL,A,A,m6_1b-trial-019,MEDIUM,0.99,0.99,target_right,target_left,"m25-wrong-context-v1 SHA256(session|trialId), offset 1 or 2 modulo 3",False,7,7,0,False,,False,,1.1,1.1,0,,,,,,,,,
TRIAL,A,A,m6_1b-trial-019,MEDIUM,1.0,1.00,target_right,target_left,"m25-wrong-context-v1 SHA256(session|trialId), offset 1 or 2 modulo 3",False,7,7,0,False,,False,,1.1,1.1,0,,,,,,,,,
TRIAL,A,A,m6_1b-trial-020,MEDIUM,0.7,0.70,target_right,target_center,"m25-wrong-context-v1 SHA256(session|trialId), offset 1 or 2 modulo 3",False,5,5,0,False,,False,,0.9,0.9,0,,,,,,,,,
TRIAL,A,A,m6_1b-trial-020,MEDIUM,0.8,0.80,target_right,target_center,"m25-wrong-context-v1 SHA256(session|trialId), offset 1 or 2 modulo 3",False,5,5,0,False,,False,,0.9,0.9,0,,,,,,,,,
TRIAL,A,A,m6_1b-trial-020,MEDIUM,0.9,0.90,target_right,target_center,"m25-wrong-context-v1 SHA256(session|trialId), offset 1 or 2 modulo 3",False,5,5,0,False,,False,,0.9,0.9,0,,,,,,,,,
TRIAL,A,A,m6_1b-trial-020,MEDIUM,0.95,0.95,target_right,target_center,"m25-wrong-context-v1 SHA256(session|trialId), offset 1 or 2 modulo 3",False,5,5,0,False,,False,,0.9,0.9,0,,,,,,,,,
TRIAL,A,A,m6_1b-trial-020,MEDIUM,0.99,0.99,target_right,target_center,"m25-wrong-context-v1 SHA256(session|trialId), offset 1 or 2 modulo 3",False,5,5,0,False,,False,,0.9,0.9,0,,,,,,,,,
TRIAL,A,A,m6_1b-trial-020,MEDIUM,1.0,1.00,target_right,target_center,"m25-wrong-context-v1 SHA256(session|trialId), offset 1 or 2 modulo 3",False,5,5,0,False,,False,,0.9,0.9,0,,,,,,,,,
TRIAL,A,A,m6_1b-trial-021,MEDIUM,0.7,0.70,target_left,target_center,"m25-wrong-context-v1 SHA256(session|trialId), offset 1 or 2 modulo 3",False,12,12,0,False,,False,,1.6,1.6,0,,,,,,,,,
TRIAL,A,A,m6_1b-trial-021,MEDIUM,0.8,0.80,target_left,target_center,"m25-wrong-context-v1 SHA256(session|trialId), offset 1 or 2 modulo 3",False,12,12,0,False,,False,,1.6,1.6,0,,,,,,,,,
TRIAL,A,A,m6_1b-trial-021,MEDIUM,0.9,0.90,target_left,target_center,"m25-wrong-context-v1 SHA256(session|trialId), offset 1 or 2 modulo 3",False,12,12,0,False,,False,,1.6,1.6,0,,,,,,,,,
TRIAL,A,A,m6_1b-trial-021,MEDIUM,0.95,0.95,target_left,target_center,"m25-wrong-context-v1 SHA256(session|trialId), offset 1 or 2 modulo 3",False,12,12,0,False,,False,,1.6,1.6,0,,,,,,,,,
TRIAL,A,A,m6_1b-trial-021,MEDIUM,0.99,0.99,target_left,target_center,"m25-wrong-context-v1 SHA256(session|trialId), offset 1 or 2 modulo 3",False,12,12,0,False,,False,,1.6,1.6,0,,,,,,,,,
TRIAL,A,A,m6_1b-trial-021,MEDIUM,1.0,1.00,target_left,target_center,"m25-wrong-context-v1 SHA256(session|trialId), offset 1 or 2 modulo 3",False,12,12,0,False,,False,,1.6,1.6,0,,,,,,,,,
TRIAL,A,A,m6_1b-trial-022,MEDIUM,0.7,0.70,target_center,target_right,"m25-wrong-context-v1 SHA256(session|trialId), offset 1 or 2 modulo 3",False,5,5,0,False,,False,,0.9,0.9,0,,,,,,,,,
TRIAL,A,A,m6_1b-trial-022,MEDIUM,0.8,0.80,target_center,target_right,"m25-wrong-context-v1 SHA256(session|trialId), offset 1 or 2 modulo 3",False,5,5,0,False,,False,,0.9,0.9,0,,,,,,,,,
TRIAL,A,A,m6_1b-trial-022,MEDIUM,0.9,0.90,target_center,target_right,"m25-wrong-context-v1 SHA256(session|trialId), offset 1 or 2 modulo 3",False,5,5,0,False,,False,,0.9,0.9,0,,,,,,,,,
TRIAL,A,A,m6_1b-trial-022,MEDIUM,0.95,0.95,target_center,target_right,"m25-wrong-context-v1 SHA256(session|trialId), offset 1 or 2 modulo 3",False,5,5,0,False,,False,,0.9,0.9,0,,,,,,,,,
TRIAL,A,A,m6_1b-trial-022,MEDIUM,0.99,0.99,target_center,target_right,"m25-wrong-context-v1 SHA256(session|trialId), offset 1 or 2 modulo 3",False,5,5,0,False,,False,,0.9,0.9,0,,,,,,,,,
TRIAL,A,A,m6_1b-trial-022,MEDIUM,1.0,1.00,target_center,target_right,"m25-wrong-context-v1 SHA256(session|trialId), offset 1 or 2 modulo 3",False,5,5,0,False,,False,,0.9,0.9,0,,,,,,,,,
TRIAL,A,A,m6_1b-trial-023,MEDIUM,0.7,0.70,target_right,target_center,"m25-wrong-context-v1 SHA256(session|trialId), offset 1 or 2 modulo 3",False,10,10,0,False,,False,,1.4,1.4,0,,,,,,,,,
TRIAL,A,A,m6_1b-trial-023,MEDIUM,0.8,0.80,target_right,target_center,"m25-wrong-context-v1 SHA256(session|trialId), offset 1 or 2 modulo 3",False,10,10,0,False,,False,,1.4,1.4,0,,,,,,,,,
TRIAL,A,A,m6_1b-trial-023,MEDIUM,0.9,0.90,target_right,target_center,"m25-wrong-context-v1 SHA256(session|trialId), offset 1 or 2 modulo 3",False,10,10,0,False,,False,,1.4,1.4,0,,,,,,,,,
TRIAL,A,A,m6_1b-trial-023,MEDIUM,0.95,0.95,target_right,target_center,"m25-wrong-context-v1 SHA256(session|trialId), offset 1 or 2 modulo 3",False,10,10,0,False,,False,,1.4,1.4,0,,,,,,,,,
TRIAL,A,A,m6_1b-trial-023,MEDIUM,0.99,0.99,target_right,target_center,"m25-wrong-context-v1 SHA256(session|trialId), offset 1 or 2 modulo 3",False,10,10,0,False,,False,,1.4,1.4,0,,,,,,,,,
TRIAL,A,A,m6_1b-trial-023,MEDIUM,1.0,1.00,target_right,target_center,"m25-wrong-context-v1 SHA256(session|trialId), offset 1 or 2 modulo 3",False,10,10,0,False,,False,,1.4,1.4,0,,,,,,,,,
TRIAL,A,A,m6_1b-trial-024,MEDIUM,0.7,0.70,target_right,target_left,"m25-wrong-context-v1 SHA256(session|trialId), offset 1 or 2 modulo 3",False,9,9,0,False,,False,,1.3,1.3,0,,,,,,,,,
TRIAL,A,A,m6_1b-trial-024,MEDIUM,0.8,0.80,target_right,target_left,"m25-wrong-context-v1 SHA256(session|trialId), offset 1 or 2 modulo 3",False,9,9,0,False,,False,,1.3,1.3,0,,,,,,,,,
TRIAL,A,A,m6_1b-trial-024,MEDIUM,0.9,0.90,target_right,target_left,"m25-wrong-context-v1 SHA256(session|trialId), offset 1 or 2 modulo 3",False,9,9,0,False,,False,,1.3,1.3,0,,,,,,,,,
TRIAL,A,A,m6_1b-trial-024,MEDIUM,0.95,0.95,target_right,target_left,"m25-wrong-context-v1 SHA256(session|trialId), offset 1 or 2 modulo 3",False,9,9,0,False,,False,,1.3,1.3,0,,,,,,,,,
TRIAL,A,A,m6_1b-trial-024,MEDIUM,0.99,0.99,target_right,target_left,"m25-wrong-context-v1 SHA256(session|trialId), offset 1 or 2 modulo 3",False,9,9,0,False,,False,,1.3,1.3,0,,,,,,,,,
TRIAL,A,A,m6_1b-trial-024,MEDIUM,1.0,1.00,target_right,target_left,"m25-wrong-context-v1 SHA256(session|trialId), offset 1 or 2 modulo 3",False,9,9,0,False,,False,,1.3,1.3,0,,,,,,,,,
TRIAL,A,A,m6_1b-trial-025,MEDIUM,0.7,0.70,target_left,target_center,"m25-wrong-context-v1 SHA256(session|trialId), offset 1 or 2 modulo 3",False,9,9,0,False,,False,,1.3,1.3,0,,,,,,,,,
TRIAL,A,A,m6_1b-trial-025,MEDIUM,0.8,0.80,target_left,target_center,"m25-wrong-context-v1 SHA256(session|trialId), offset 1 or 2 modulo 3",False,9,9,0,False,,False,,1.3,1.3,0,,,,,,,,,
TRIAL,A,A,m6_1b-trial-025,MEDIUM,0.9,0.90,target_left,target_center,"m25-wrong-context-v1 SHA256(session|trialId), offset 1 or 2 modulo 3",False,9,9,0,False,,False,,1.3,1.3,0,,,,,,,,,
TRIAL,A,A,m6_1b-trial-025,MEDIUM,0.95,0.95,target_left,target_center,"m25-wrong-context-v1 SHA256(session|trialId), offset 1 or 2 modulo 3",False,9,9,0,False,,False,,1.3,1.3,0,,,,,,,,,
TRIAL,A,A,m6_1b-trial-025,MEDIUM,0.99,0.99,target_left,target_center,"m25-wrong-context-v1 SHA256(session|trialId), offset 1 or 2 modulo 3",False,9,9,0,False,,False,,1.3,1.3,0,,,,,,,,,
TRIAL,A,A,m6_1b-trial-025,MEDIUM,1.0,1.00,target_left,target_center,"m25-wrong-context-v1 SHA256(session|trialId), offset 1 or 2 modulo 3",False,9,9,0,False,,False,,1.3,1.3,0,,,,,,,,,
TRIAL,A,A,m6_1b-trial-026,MEDIUM,0.7,0.70,target_left,target_center,"m25-wrong-context-v1 SHA256(session|trialId), offset 1 or 2 modulo 3",False,15,15,0,False,,False,,1.9,1.9,0,,,,,,,,,
TRIAL,A,A,m6_1b-trial-026,MEDIUM,0.8,0.80,target_left,target_center,"m25-wrong-context-v1 SHA256(session|trialId), offset 1 or 2 modulo 3",False,15,15,0,False,,False,,1.9,1.9,0,,,,,,,,,
TRIAL,A,A,m6_1b-trial-026,MEDIUM,0.9,0.90,target_left,target_center,"m25-wrong-context-v1 SHA256(session|trialId), offset 1 or 2 modulo 3",False,15,15,0,False,,False,,1.9,1.9,0,,,,,,,,,
TRIAL,A,A,m6_1b-trial-026,MEDIUM,0.95,0.95,target_left,target_center,"m25-wrong-context-v1 SHA256(session|trialId), offset 1 or 2 modulo 3",False,15,15,0,False,,False,,1.9,1.9,0,,,,,,,,,
TRIAL,A,A,m6_1b-trial-026,MEDIUM,0.99,0.99,target_left,target_center,"m25-wrong-context-v1 SHA256(session|trialId), offset 1 or 2 modulo 3",False,15,15,0,False,,False,,1.9,1.9,0,,,,,,,,,
TRIAL,A,A,m6_1b-trial-026,MEDIUM,1.0,1.00,target_left,target_center,"m25-wrong-context-v1 SHA256(session|trialId), offset 1 or 2 modulo 3",False,15,15,0,False,,False,,1.9,1.9,0,,,,,,,,,
TRIAL,A,A,m6_1b-trial-027,MEDIUM,0.7,0.70,target_center,target_left,"m25-wrong-context-v1 SHA256(session|trialId), offset 1 or 2 modulo 3",False,11,7,4,True,0.5,False,,1.5,1.5,4,0.01034359424422826,0.4057238880198718,0.9594687995291383,0,0.0,,,,
TRIAL,A,A,m6_1b-trial-027,MEDIUM,0.8,0.80,target_center,target_left,"m25-wrong-context-v1 SHA256(session|trialId), offset 1 or 2 modulo 3",False,11,7,4,True,0.5,False,,1.5,1.5,4,0.01034359424422826,0.4057238880198718,0.9594687995291383,0,0.0,,,,
TRIAL,A,A,m6_1b-trial-027,MEDIUM,0.9,0.90,target_center,target_left,"m25-wrong-context-v1 SHA256(session|trialId), offset 1 or 2 modulo 3",False,11,7,4,True,0.5,False,,1.5,1.5,4,0.01034359424422826,0.4057238880198718,0.9594687995291383,0,0.0,,,,
TRIAL,A,A,m6_1b-trial-027,MEDIUM,0.95,0.95,target_center,target_left,"m25-wrong-context-v1 SHA256(session|trialId), offset 1 or 2 modulo 3",False,11,7,4,True,0.5,False,,1.5,1.5,4,0.01034359424422826,0.4057238880198718,0.9594687995291383,0,0.0,,,,
TRIAL,A,A,m6_1b-trial-027,MEDIUM,0.99,0.99,target_center,target_left,"m25-wrong-context-v1 SHA256(session|trialId), offset 1 or 2 modulo 3",False,11,7,4,True,0.5,False,,1.5,1.5,4,0.01034359424422826,0.4057238880198718,0.9594687995291383,0,0.0,,,,
TRIAL,A,A,m6_1b-trial-027,MEDIUM,1.0,1.00,target_center,target_left,"m25-wrong-context-v1 SHA256(session|trialId), offset 1 or 2 modulo 3",False,11,7,4,True,0.5,False,,1.5,1.5,4,0.01034359424422826,0.4057238880198718,0.9594687995291383,0,0.0,,,,
TRIAL,A,A,m6_1b-trial-028,MEDIUM,0.7,0.70,target_right,target_left,"m25-wrong-context-v1 SHA256(session|trialId), offset 1 or 2 modulo 3",False,8,8,0,False,,False,,1.2,1.2,0,,,,,,,,,
TRIAL,A,A,m6_1b-trial-028,MEDIUM,0.8,0.80,target_right,target_left,"m25-wrong-context-v1 SHA256(session|trialId), offset 1 or 2 modulo 3",False,8,8,0,False,,False,,1.2,1.2,0,,,,,,,,,
TRIAL,A,A,m6_1b-trial-028,MEDIUM,0.9,0.90,target_right,target_left,"m25-wrong-context-v1 SHA256(session|trialId), offset 1 or 2 modulo 3",False,8,8,0,False,,False,,1.2,1.2,0,,,,,,,,,
TRIAL,A,A,m6_1b-trial-028,MEDIUM,0.95,0.95,target_right,target_left,"m25-wrong-context-v1 SHA256(session|trialId), offset 1 or 2 modulo 3",False,8,8,0,False,,False,,1.2,1.2,0,,,,,,,,,
TRIAL,A,A,m6_1b-trial-028,MEDIUM,0.99,0.99,target_right,target_left,"m25-wrong-context-v1 SHA256(session|trialId), offset 1 or 2 modulo 3",False,8,8,0,False,,False,,1.2,1.2,0,,,,,,,,,
TRIAL,A,A,m6_1b-trial-028,MEDIUM,1.0,1.00,target_right,target_left,"m25-wrong-context-v1 SHA256(session|trialId), offset 1 or 2 modulo 3",False,8,8,0,False,,False,,1.2,1.2,0,,,,,,,,,
TRIAL,A,A,m6_1b-trial-029,MEDIUM,0.7,0.70,target_left,target_right,"m25-wrong-context-v1 SHA256(session|trialId), offset 1 or 2 modulo 3",False,15,14,1,True,0.5,False,,1.9,1.9,1,0.026033647769806267,0.36086842741777814,0.997802994311314,0,0.0,,,,
TRIAL,A,A,m6_1b-trial-029,MEDIUM,0.8,0.80,target_left,target_right,"m25-wrong-context-v1 SHA256(session|trialId), offset 1 or 2 modulo 3",False,15,14,1,True,0.5,False,,1.9,1.9,1,0.026033647769806267,0.36086842741777814,0.997802994311314,0,0.0,,,,
TRIAL,A,A,m6_1b-trial-029,MEDIUM,0.9,0.90,target_left,target_right,"m25-wrong-context-v1 SHA256(session|trialId), offset 1 or 2 modulo 3",False,15,14,1,True,0.5,False,,1.9,1.9,1,0.026033647769806267,0.36086842741777814,0.997802994311314,0,0.0,,,,
TRIAL,A,A,m6_1b-trial-029,MEDIUM,0.95,0.95,target_left,target_right,"m25-wrong-context-v1 SHA256(session|trialId), offset 1 or 2 modulo 3",False,15,14,1,True,0.5,False,,1.9,1.9,1,0.026033647769806267,0.36086842741777814,0.997802994311314,0,0.0,,,,
TRIAL,A,A,m6_1b-trial-029,MEDIUM,0.99,0.99,target_left,target_right,"m25-wrong-context-v1 SHA256(session|trialId), offset 1 or 2 modulo 3",False,15,14,1,True,0.5,False,,1.9,1.9,1,0.026033647769806267,0.36086842741777814,0.997802994311314,0,0.0,,,,
TRIAL,A,A,m6_1b-trial-029,MEDIUM,1.0,1.00,target_left,target_right,"m25-wrong-context-v1 SHA256(session|trialId), offset 1 or 2 modulo 3",False,15,14,1,True,0.5,False,,1.9,1.9,1,0.026033647769806267,0.36086842741777814,0.997802994311314,0,0.0,,,,
TRIAL,A,A,m6_1b-trial-030,MEDIUM,0.7,0.70,target_center,target_right,"m25-wrong-context-v1 SHA256(session|trialId), offset 1 or 2 modulo 3",False,7,7,0,False,,False,,1.1,1.1,0,,,,,,,,,
TRIAL,A,A,m6_1b-trial-030,MEDIUM,0.8,0.80,target_center,target_right,"m25-wrong-context-v1 SHA256(session|trialId), offset 1 or 2 modulo 3",False,7,7,0,False,,False,,1.1,1.1,0,,,,,,,,,
TRIAL,A,A,m6_1b-trial-030,MEDIUM,0.9,0.90,target_center,target_right,"m25-wrong-context-v1 SHA256(session|trialId), offset 1 or 2 modulo 3",False,7,7,0,False,,False,,1.1,1.1,0,,,,,,,,,
TRIAL,A,A,m6_1b-trial-030,MEDIUM,0.95,0.95,target_center,target_right,"m25-wrong-context-v1 SHA256(session|trialId), offset 1 or 2 modulo 3",False,7,7,0,False,,False,,1.1,1.1,0,,,,,,,,,
TRIAL,A,A,m6_1b-trial-030,MEDIUM,0.99,0.99,target_center,target_right,"m25-wrong-context-v1 SHA256(session|trialId), offset 1 or 2 modulo 3",False,7,7,0,False,,False,,1.1,1.1,0,,,,,,,,,
TRIAL,A,A,m6_1b-trial-030,MEDIUM,1.0,1.00,target_center,target_right,"m25-wrong-context-v1 SHA256(session|trialId), offset 1 or 2 modulo 3",False,7,7,0,False,,False,,1.1,1.1,0,,,,,,,,,
TRIAL,A,A,m6_1b-trial-001,CONSERVATIVE,0.7,0.70,target_right,target_center,"m25-wrong-context-v1 SHA256(session|trialId), offset 1 or 2 modulo 3",False,9,9,0,False,,False,,1.3,1.3,0,,,,,,,,,
TRIAL,A,A,m6_1b-trial-001,CONSERVATIVE,0.8,0.80,target_right,target_center,"m25-wrong-context-v1 SHA256(session|trialId), offset 1 or 2 modulo 3",False,9,9,0,False,,False,,1.3,1.3,0,,,,,,,,,
TRIAL,A,A,m6_1b-trial-001,CONSERVATIVE,0.9,0.90,target_right,target_center,"m25-wrong-context-v1 SHA256(session|trialId), offset 1 or 2 modulo 3",False,9,9,0,False,,False,,1.3,1.3,0,,,,,,,,,
TRIAL,A,A,m6_1b-trial-001,CONSERVATIVE,0.95,0.95,target_right,target_center,"m25-wrong-context-v1 SHA256(session|trialId), offset 1 or 2 modulo 3",False,9,9,0,False,,False,,1.3,1.3,0,,,,,,,,,
TRIAL,A,A,m6_1b-trial-001,CONSERVATIVE,0.99,0.99,target_right,target_center,"m25-wrong-context-v1 SHA256(session|trialId), offset 1 or 2 modulo 3",False,9,9,0,False,,False,,1.3,1.3,0,,,,,,,,,
TRIAL,A,A,m6_1b-trial-001,CONSERVATIVE,1.0,1.00,target_right,target_center,"m25-wrong-context-v1 SHA256(session|trialId), offset 1 or 2 modulo 3",False,9,9,0,False,,False,,1.3,1.3,0,,,,,,,,,
TRIAL,A,A,m6_1b-trial-002,CONSERVATIVE,0.7,0.70,target_center,target_right,"m25-wrong-context-v1 SHA256(session|trialId), offset 1 or 2 modulo 3",False,12,12,0,False,,False,,1.6,1.6,0,,,,,,,,,
TRIAL,A,A,m6_1b-trial-002,CONSERVATIVE,0.8,0.80,target_center,target_right,"m25-wrong-context-v1 SHA256(session|trialId), offset 1 or 2 modulo 3",False,12,12,0,False,,False,,1.6,1.6,0,,,,,,,,,
TRIAL,A,A,m6_1b-trial-002,CONSERVATIVE,0.9,0.90,target_center,target_right,"m25-wrong-context-v1 SHA256(session|trialId), offset 1 or 2 modulo 3",False,12,12,0,False,,False,,1.6,1.6,0,,,,,,,,,
TRIAL,A,A,m6_1b-trial-002,CONSERVATIVE,0.95,0.95,target_center,target_right,"m25-wrong-context-v1 SHA256(session|trialId), offset 1 or 2 modulo 3",False,12,12,0,False,,False,,1.6,1.6,0,,,,,,,,,
TRIAL,A,A,m6_1b-trial-002,CONSERVATIVE,0.99,0.99,target_center,target_right,"m25-wrong-context-v1 SHA256(session|trialId), offset 1 or 2 modulo 3",False,12,12,0,False,,False,,1.6,1.6,0,,,,,,,,,
TRIAL,A,A,m6_1b-trial-002,CONSERVATIVE,1.0,1.00,target_center,target_right,"m25-wrong-context-v1 SHA256(session|trialId), offset 1 or 2 modulo 3",False,12,12,0,False,,False,,1.6,1.6,0,,,,,,,,,
TRIAL,A,A,m6_1b-trial-003,CONSERVATIVE,0.7,0.70,target_right,target_center,"m25-wrong-context-v1 SHA256(session|trialId), offset 1 or 2 modulo 3",False,15,13,2,True,0.5,False,,1.9,1.9,2,0.008798360234327618,0.367242809897155,0.9925759195147452,0,0.0,,,,
TRIAL,A,A,m6_1b-trial-003,CONSERVATIVE,0.8,0.80,target_right,target_center,"m25-wrong-context-v1 SHA256(session|trialId), offset 1 or 2 modulo 3",False,15,13,2,True,0.5,False,,1.9,1.9,2,0.008798360234327618,0.367242809897155,0.9925759195147452,0,0.0,,,,
TRIAL,A,A,m6_1b-trial-003,CONSERVATIVE,0.9,0.90,target_right,target_center,"m25-wrong-context-v1 SHA256(session|trialId), offset 1 or 2 modulo 3",False,15,13,2,True,0.5,False,,1.9,1.9,2,0.008798360234327618,0.367242809897155,0.9925759195147452,0,0.0,,,,
TRIAL,A,A,m6_1b-trial-003,CONSERVATIVE,0.95,0.95,target_right,target_center,"m25-wrong-context-v1 SHA256(session|trialId), offset 1 or 2 modulo 3",False,15,13,2,True,0.5,False,,1.9,1.9,2,0.008798360234327618,0.367242809897155,0.9925759195147452,0,0.0,,,,
TRIAL,A,A,m6_1b-trial-003,CONSERVATIVE,0.99,0.99,target_right,target_center,"m25-wrong-context-v1 SHA256(session|trialId), offset 1 or 2 modulo 3",False,15,13,2,True,0.5,False,,1.9,1.9,2,0.008798360234327618,0.367242809897155,0.9925759195147452,0,0.0,,,,
TRIAL,A,A,m6_1b-trial-003,CONSERVATIVE,1.0,1.00,target_right,target_center,"m25-wrong-context-v1 SHA256(session|trialId), offset 1 or 2 modulo 3",False,15,13,2,True,0.5,False,,1.9,1.9,2,0.008798360234327618,0.367242809897155,0.9925759195147452,0,0.0,,,,
TRIAL,A,A,m6_1b-trial-004,CONSERVATIVE,0.7,0.70,target_left,target_right,"m25-wrong-context-v1 SHA256(session|trialId), offset 1 or 2 modulo 3",False,15,15,0,False,,False,,1.9,1.9,0,,,,,,,,,
TRIAL,A,A,m6_1b-trial-004,CONSERVATIVE,0.8,0.80,target_left,target_right,"m25-wrong-context-v1 SHA256(session|trialId), offset 1 or 2 modulo 3",False,15,15,0,False,,False,,1.9,1.9,0,,,,,,,,,
TRIAL,A,A,m6_1b-trial-004,CONSERVATIVE,0.9,0.90,target_left,target_right,"m25-wrong-context-v1 SHA256(session|trialId), offset 1 or 2 modulo 3",False,15,15,0,False,,False,,1.9,1.9,0,,,,,,,,,
TRIAL,A,A,m6_1b-trial-004,CONSERVATIVE,0.95,0.95,target_left,target_right,"m25-wrong-context-v1 SHA256(session|trialId), offset 1 or 2 modulo 3",False,15,15,0,False,,False,,1.9,1.9,0,,,,,,,,,
TRIAL,A,A,m6_1b-trial-004,CONSERVATIVE,0.99,0.99,target_left,target_right,"m25-wrong-context-v1 SHA256(session|trialId), offset 1 or 2 modulo 3",False,15,15,0,False,,False,,1.9,1.9,0,,,,,,,,,
TRIAL,A,A,m6_1b-trial-004,CONSERVATIVE,1.0,1.00,target_left,target_right,"m25-wrong-context-v1 SHA256(session|trialId), offset 1 or 2 modulo 3",False,15,15,0,False,,False,,1.9,1.9,0,,,,,,,,,
TRIAL,A,A,m6_1b-trial-005,CONSERVATIVE,0.7,0.70,target_center,target_right,"m25-wrong-context-v1 SHA256(session|trialId), offset 1 or 2 modulo 3",False,10,10,0,False,,False,,1.4,1.4,0,,,,,,,,,
TRIAL,A,A,m6_1b-trial-005,CONSERVATIVE,0.8,0.80,target_center,target_right,"m25-wrong-context-v1 SHA256(session|trialId), offset 1 or 2 modulo 3",False,10,10,0,False,,False,,1.4,1.4,0,,,,,,,,,
TRIAL,A,A,m6_1b-trial-005,CONSERVATIVE,0.9,0.90,target_center,target_right,"m25-wrong-context-v1 SHA256(session|trialId), offset 1 or 2 modulo 3",False,10,10,0,False,,False,,1.4,1.4,0,,,,,,,,,
TRIAL,A,A,m6_1b-trial-005,CONSERVATIVE,0.95,0.95,target_center,target_right,"m25-wrong-context-v1 SHA256(session|trialId), offset 1 or 2 modulo 3",False,10,10,0,False,,False,,1.4,1.4,0,,,,,,,,,
TRIAL,A,A,m6_1b-trial-005,CONSERVATIVE,0.99,0.99,target_center,target_right,"m25-wrong-context-v1 SHA256(session|trialId), offset 1 or 2 modulo 3",False,10,10,0,False,,False,,1.4,1.4,0,,,,,,,,,
TRIAL,A,A,m6_1b-trial-005,CONSERVATIVE,1.0,1.00,target_center,target_right,"m25-wrong-context-v1 SHA256(session|trialId), offset 1 or 2 modulo 3",False,10,10,0,False,,False,,1.4,1.4,0,,,,,,,,,
TRIAL,A,A,m6_1b-trial-006,CONSERVATIVE,0.7,0.70,target_right,target_center,"m25-wrong-context-v1 SHA256(session|trialId), offset 1 or 2 modulo 3",False,15,15,0,False,,False,,1.9,1.9,0,,,,,,,,,
TRIAL,A,A,m6_1b-trial-006,CONSERVATIVE,0.8,0.80,target_right,target_center,"m25-wrong-context-v1 SHA256(session|trialId), offset 1 or 2 modulo 3",False,15,15,0,False,,False,,1.9,1.9,0,,,,,,,,,
TRIAL,A,A,m6_1b-trial-006,CONSERVATIVE,0.9,0.90,target_right,target_center,"m25-wrong-context-v1 SHA256(session|trialId), offset 1 or 2 modulo 3",False,15,15,0,False,,False,,1.9,1.9,0,,,,,,,,,
TRIAL,A,A,m6_1b-trial-006,CONSERVATIVE,0.95,0.95,target_right,target_center,"m25-wrong-context-v1 SHA256(session|trialId), offset 1 or 2 modulo 3",False,15,15,0,False,,False,,1.9,1.9,0,,,,,,,,,
TRIAL,A,A,m6_1b-trial-006,CONSERVATIVE,0.99,0.99,target_right,target_center,"m25-wrong-context-v1 SHA256(session|trialId), offset 1 or 2 modulo 3",False,15,15,0,False,,False,,1.9,1.9,0,,,,,,,,,
TRIAL,A,A,m6_1b-trial-006,CONSERVATIVE,1.0,1.00,target_right,target_center,"m25-wrong-context-v1 SHA256(session|trialId), offset 1 or 2 modulo 3",False,15,15,0,False,,False,,1.9,1.9,0,,,,,,,,,
TRIAL,A,A,m6_1b-trial-007,CONSERVATIVE,0.7,0.70,target_center,target_left,"m25-wrong-context-v1 SHA256(session|trialId), offset 1 or 2 modulo 3",False,15,15,0,False,,False,,1.9,1.9,0,,,,,,,,,
TRIAL,A,A,m6_1b-trial-007,CONSERVATIVE,0.8,0.80,target_center,target_left,"m25-wrong-context-v1 SHA256(session|trialId), offset 1 or 2 modulo 3",False,15,15,0,False,,False,,1.9,1.9,0,,,,,,,,,
TRIAL,A,A,m6_1b-trial-007,CONSERVATIVE,0.9,0.90,target_center,target_left,"m25-wrong-context-v1 SHA256(session|trialId), offset 1 or 2 modulo 3",False,15,15,0,False,,False,,1.9,1.9,0,,,,,,,,,
TRIAL,A,A,m6_1b-trial-007,CONSERVATIVE,0.95,0.95,target_center,target_left,"m25-wrong-context-v1 SHA256(session|trialId), offset 1 or 2 modulo 3",False,15,15,0,False,,False,,1.9,1.9,0,,,,,,,,,
TRIAL,A,A,m6_1b-trial-007,CONSERVATIVE,0.99,0.99,target_center,target_left,"m25-wrong-context-v1 SHA256(session|trialId), offset 1 or 2 modulo 3",False,15,15,0,False,,False,,1.9,1.9,0,,,,,,,,,
TRIAL,A,A,m6_1b-trial-007,CONSERVATIVE,1.0,1.00,target_center,target_left,"m25-wrong-context-v1 SHA256(session|trialId), offset 1 or 2 modulo 3",False,15,15,0,False,,False,,1.9,1.9,0,,,,,,,,,
TRIAL,A,A,m6_1b-trial-008,CONSERVATIVE,0.7,0.70,target_right,target_left,"m25-wrong-context-v1 SHA256(session|trialId), offset 1 or 2 modulo 3",False,15,15,0,False,,False,,1.9,1.9,0,,,,,,,,,
TRIAL,A,A,m6_1b-trial-008,CONSERVATIVE,0.8,0.80,target_right,target_left,"m25-wrong-context-v1 SHA256(session|trialId), offset 1 or 2 modulo 3",False,15,15,0,False,,False,,1.9,1.9,0,,,,,,,,,
TRIAL,A,A,m6_1b-trial-008,CONSERVATIVE,0.9,0.90,target_right,target_left,"m25-wrong-context-v1 SHA256(session|trialId), offset 1 or 2 modulo 3",False,15,15,0,False,,False,,1.9,1.9,0,,,,,,,,,
TRIAL,A,A,m6_1b-trial-008,CONSERVATIVE,0.95,0.95,target_right,target_left,"m25-wrong-context-v1 SHA256(session|trialId), offset 1 or 2 modulo 3",False,15,15,0,False,,False,,1.9,1.9,0,,,,,,,,,
TRIAL,A,A,m6_1b-trial-008,CONSERVATIVE,0.99,0.99,target_right,target_left,"m25-wrong-context-v1 SHA256(session|trialId), offset 1 or 2 modulo 3",False,15,15,0,False,,False,,1.9,1.9,0,,,,,,,,,
TRIAL,A,A,m6_1b-trial-008,CONSERVATIVE,1.0,1.00,target_right,target_left,"m25-wrong-context-v1 SHA256(session|trialId), offset 1 or 2 modulo 3",False,15,15,0,False,,False,,1.9,1.9,0,,,,,,,,,
TRIAL,A,A,m6_1b-trial-009,CONSERVATIVE,0.7,0.70,target_left,target_right,"m25-wrong-context-v1 SHA256(session|trialId), offset 1 or 2 modulo 3",False,9,7,2,True,0.5,False,,1.3,1.3,2,0.025022476950568695,0.38065804043513995,0.9892777263737381,0,0.0,,,,
TRIAL,A,A,m6_1b-trial-009,CONSERVATIVE,0.8,0.80,target_left,target_right,"m25-wrong-context-v1 SHA256(session|trialId), offset 1 or 2 modulo 3",False,9,7,2,True,0.5,False,,1.3,1.3,2,0.025022476950568695,0.38065804043513995,0.9892777263737381,0,0.0,,,,
TRIAL,A,A,m6_1b-trial-009,CONSERVATIVE,0.9,0.90,target_left,target_right,"m25-wrong-context-v1 SHA256(session|trialId), offset 1 or 2 modulo 3",False,9,7,2,True,0.5,False,,1.3,1.3,2,0.025022476950568695,0.38065804043513995,0.9892777263737381,0,0.0,,,,
TRIAL,A,A,m6_1b-trial-009,CONSERVATIVE,0.95,0.95,target_left,target_right,"m25-wrong-context-v1 SHA256(session|trialId), offset 1 or 2 modulo 3",False,9,7,2,True,0.5,False,,1.3,1.3,2,0.025022476950568695,0.38065804043513995,0.9892777263737381,0,0.0,,,,
TRIAL,A,A,m6_1b-trial-009,CONSERVATIVE,0.99,0.99,target_left,target_right,"m25-wrong-context-v1 SHA256(session|trialId), offset 1 or 2 modulo 3",False,9,7,2,True,0.5,False,,1.3,1.3,2,0.025022476950568695,0.38065804043513995,0.9892777263737381,0,0.0,,,,
TRIAL,A,A,m6_1b-trial-009,CONSERVATIVE,1.0,1.00,target_left,target_right,"m25-wrong-context-v1 SHA256(session|trialId), offset 1 or 2 modulo 3",False,9,7,2,True,0.5,False,,1.3,1.3,2,0.025022476950568695,0.38065804043513995,0.9892777263737381,0,0.0,,,,
TRIAL,A,A,m6_1b-trial-010,CONSERVATIVE,0.7,0.70,target_right,target_center,"m25-wrong-context-v1 SHA256(session|trialId), offset 1 or 2 modulo 3",False,11,11,0,False,,False,,1.5,1.5,0,,,,,,,,,
TRIAL,A,A,m6_1b-trial-010,CONSERVATIVE,0.8,0.80,target_right,target_center,"m25-wrong-context-v1 SHA256(session|trialId), offset 1 or 2 modulo 3",False,11,11,0,False,,False,,1.5,1.5,0,,,,,,,,,
TRIAL,A,A,m6_1b-trial-010,CONSERVATIVE,0.9,0.90,target_right,target_center,"m25-wrong-context-v1 SHA256(session|trialId), offset 1 or 2 modulo 3",False,11,11,0,False,,False,,1.5,1.5,0,,,,,,,,,
TRIAL,A,A,m6_1b-trial-010,CONSERVATIVE,0.95,0.95,target_right,target_center,"m25-wrong-context-v1 SHA256(session|trialId), offset 1 or 2 modulo 3",False,11,11,0,False,,False,,1.5,1.5,0,,,,,,,,,
TRIAL,A,A,m6_1b-trial-010,CONSERVATIVE,0.99,0.99,target_right,target_center,"m25-wrong-context-v1 SHA256(session|trialId), offset 1 or 2 modulo 3",False,11,11,0,False,,False,,1.5,1.5,0,,,,,,,,,
TRIAL,A,A,m6_1b-trial-010,CONSERVATIVE,1.0,1.00,target_right,target_center,"m25-wrong-context-v1 SHA256(session|trialId), offset 1 or 2 modulo 3",False,11,11,0,False,,False,,1.5,1.5,0,,,,,,,,,
TRIAL,A,A,m6_1b-trial-011,CONSERVATIVE,0.7,0.70,target_center,target_left,"m25-wrong-context-v1 SHA256(session|trialId), offset 1 or 2 modulo 3",False,15,11,4,True,0.5,False,,1.9,1.9,4,0.026415809687898417,0.3717522219740994,0.9942027154376999,0,0.0,,,,
TRIAL,A,A,m6_1b-trial-011,CONSERVATIVE,0.8,0.80,target_center,target_left,"m25-wrong-context-v1 SHA256(session|trialId), offset 1 or 2 modulo 3",False,15,11,4,True,0.5,False,,1.9,1.9,4,0.026415809687898417,0.3717522219740994,0.9942027154376999,0,0.0,,,,
TRIAL,A,A,m6_1b-trial-011,CONSERVATIVE,0.9,0.90,target_center,target_left,"m25-wrong-context-v1 SHA256(session|trialId), offset 1 or 2 modulo 3",False,15,11,4,True,0.5,False,,1.9,1.9,4,0.026415809687898417,0.3717522219740994,0.9942027154376999,0,0.0,,,,
TRIAL,A,A,m6_1b-trial-011,CONSERVATIVE,0.95,0.95,target_center,target_left,"m25-wrong-context-v1 SHA256(session|trialId), offset 1 or 2 modulo 3",False,15,11,4,True,0.5,False,,1.9,1.9,4,0.026415809687898417,0.3717522219740994,0.9942027154376999,0,0.0,,,,
TRIAL,A,A,m6_1b-trial-011,CONSERVATIVE,0.99,0.99,target_center,target_left,"m25-wrong-context-v1 SHA256(session|trialId), offset 1 or 2 modulo 3",False,15,11,4,True,0.5,False,,1.9,1.9,4,0.026415809687898417,0.3717522219740994,0.9942027154376999,0,0.0,,,,
TRIAL,A,A,m6_1b-trial-011,CONSERVATIVE,1.0,1.00,target_center,target_left,"m25-wrong-context-v1 SHA256(session|trialId), offset 1 or 2 modulo 3",False,15,11,4,True,0.5,False,,1.9,1.9,4,0.026415809687898417,0.3717522219740994,0.9942027154376999,0,0.0,,,,
TRIAL,A,A,m6_1b-trial-012,CONSERVATIVE,0.7,0.70,target_center,target_left,"m25-wrong-context-v1 SHA256(session|trialId), offset 1 or 2 modulo 3",False,13,13,0,False,,False,,1.7,1.7,0,,,,,,,,,
TRIAL,A,A,m6_1b-trial-012,CONSERVATIVE,0.8,0.80,target_center,target_left,"m25-wrong-context-v1 SHA256(session|trialId), offset 1 or 2 modulo 3",False,13,13,0,False,,False,,1.7,1.7,0,,,,,,,,,
TRIAL,A,A,m6_1b-trial-012,CONSERVATIVE,0.9,0.90,target_center,target_left,"m25-wrong-context-v1 SHA256(session|trialId), offset 1 or 2 modulo 3",False,13,13,0,False,,False,,1.7,1.7,0,,,,,,,,,
TRIAL,A,A,m6_1b-trial-012,CONSERVATIVE,0.95,0.95,target_center,target_left,"m25-wrong-context-v1 SHA256(session|trialId), offset 1 or 2 modulo 3",False,13,13,0,False,,False,,1.7,1.7,0,,,,,,,,,
TRIAL,A,A,m6_1b-trial-012,CONSERVATIVE,0.99,0.99,target_center,target_left,"m25-wrong-context-v1 SHA256(session|trialId), offset 1 or 2 modulo 3",False,13,13,0,False,,False,,1.7,1.7,0,,,,,,,,,
TRIAL,A,A,m6_1b-trial-012,CONSERVATIVE,1.0,1.00,target_center,target_left,"m25-wrong-context-v1 SHA256(session|trialId), offset 1 or 2 modulo 3",False,13,13,0,False,,False,,1.7,1.7,0,,,,,,,,,
TRIAL,A,A,m6_1b-trial-013,CONSERVATIVE,0.7,0.70,target_left,target_right,"m25-wrong-context-v1 SHA256(session|trialId), offset 1 or 2 modulo 3",False,9,9,0,False,,False,,1.3,1.3,0,,,,,,,,,
TRIAL,A,A,m6_1b-trial-013,CONSERVATIVE,0.8,0.80,target_left,target_right,"m25-wrong-context-v1 SHA256(session|trialId), offset 1 or 2 modulo 3",False,9,9,0,False,,False,,1.3,1.3,0,,,,,,,,,
TRIAL,A,A,m6_1b-trial-013,CONSERVATIVE,0.9,0.90,target_left,target_right,"m25-wrong-context-v1 SHA256(session|trialId), offset 1 or 2 modulo 3",False,9,9,0,False,,False,,1.3,1.3,0,,,,,,,,,
TRIAL,A,A,m6_1b-trial-013,CONSERVATIVE,0.95,0.95,target_left,target_right,"m25-wrong-context-v1 SHA256(session|trialId), offset 1 or 2 modulo 3",False,9,9,0,False,,False,,1.3,1.3,0,,,,,,,,,
TRIAL,A,A,m6_1b-trial-013,CONSERVATIVE,0.99,0.99,target_left,target_right,"m25-wrong-context-v1 SHA256(session|trialId), offset 1 or 2 modulo 3",False,9,9,0,False,,False,,1.3,1.3,0,,,,,,,,,
TRIAL,A,A,m6_1b-trial-013,CONSERVATIVE,1.0,1.00,target_left,target_right,"m25-wrong-context-v1 SHA256(session|trialId), offset 1 or 2 modulo 3",False,9,9,0,False,,False,,1.3,1.3,0,,,,,,,,,
TRIAL,A,A,m6_1b-trial-014,CONSERVATIVE,0.7,0.70,target_center,target_right,"m25-wrong-context-v1 SHA256(session|trialId), offset 1 or 2 modulo 3",False,15,15,0,False,,False,,1.9,1.9,0,,,,,,,,,
TRIAL,A,A,m6_1b-trial-014,CONSERVATIVE,0.8,0.80,target_center,target_right,"m25-wrong-context-v1 SHA256(session|trialId), offset 1 or 2 modulo 3",False,15,15,0,False,,False,,1.9,1.9,0,,,,,,,,,
TRIAL,A,A,m6_1b-trial-014,CONSERVATIVE,0.9,0.90,target_center,target_right,"m25-wrong-context-v1 SHA256(session|trialId), offset 1 or 2 modulo 3",False,15,15,0,False,,False,,1.9,1.9,0,,,,,,,,,
TRIAL,A,A,m6_1b-trial-014,CONSERVATIVE,0.95,0.95,target_center,target_right,"m25-wrong-context-v1 SHA256(session|trialId), offset 1 or 2 modulo 3",False,15,15,0,False,,False,,1.9,1.9,0,,,,,,,,,
TRIAL,A,A,m6_1b-trial-014,CONSERVATIVE,0.99,0.99,target_center,target_right,"m25-wrong-context-v1 SHA256(session|trialId), offset 1 or 2 modulo 3",False,15,15,0,False,,False,,1.9,1.9,0,,,,,,,,,
TRIAL,A,A,m6_1b-trial-014,CONSERVATIVE,1.0,1.00,target_center,target_right,"m25-wrong-context-v1 SHA256(session|trialId), offset 1 or 2 modulo 3",False,15,15,0,False,,False,,1.9,1.9,0,,,,,,,,,
TRIAL,A,A,m6_1b-trial-015,CONSERVATIVE,0.7,0.70,target_left,target_right,"m25-wrong-context-v1 SHA256(session|trialId), offset 1 or 2 modulo 3",False,15,15,0,False,,False,,1.9,1.9,0,,,,,,,,,
TRIAL,A,A,m6_1b-trial-015,CONSERVATIVE,0.8,0.80,target_left,target_right,"m25-wrong-context-v1 SHA256(session|trialId), offset 1 or 2 modulo 3",False,15,15,0,False,,False,,1.9,1.9,0,,,,,,,,,
TRIAL,A,A,m6_1b-trial-015,CONSERVATIVE,0.9,0.90,target_left,target_right,"m25-wrong-context-v1 SHA256(session|trialId), offset 1 or 2 modulo 3",False,15,15,0,False,,False,,1.9,1.9,0,,,,,,,,,
TRIAL,A,A,m6_1b-trial-015,CONSERVATIVE,0.95,0.95,target_left,target_right,"m25-wrong-context-v1 SHA256(session|trialId), offset 1 or 2 modulo 3",False,15,15,0,False,,False,,1.9,1.9,0,,,,,,,,,
TRIAL,A,A,m6_1b-trial-015,CONSERVATIVE,0.99,0.99,target_left,target_right,"m25-wrong-context-v1 SHA256(session|trialId), offset 1 or 2 modulo 3",False,15,15,0,False,,False,,1.9,1.9,0,,,,,,,,,
TRIAL,A,A,m6_1b-trial-015,CONSERVATIVE,1.0,1.00,target_left,target_right,"m25-wrong-context-v1 SHA256(session|trialId), offset 1 or 2 modulo 3",False,15,15,0,False,,False,,1.9,1.9,0,,,,,,,,,
TRIAL,A,A,m6_1b-trial-016,CONSERVATIVE,0.7,0.70,target_left,target_right,"m25-wrong-context-v1 SHA256(session|trialId), offset 1 or 2 modulo 3",False,15,12,3,True,0.6,False,,1.9,1.9,3,0.0022649937967704203,0.37882884587219384,0.9829925154545579,1,0.0,,,,
TRIAL,A,A,m6_1b-trial-016,CONSERVATIVE,0.8,0.80,target_left,target_right,"m25-wrong-context-v1 SHA256(session|trialId), offset 1 or 2 modulo 3",False,15,12,3,True,0.6,False,,1.9,1.9,3,0.0022649937967704203,0.37882884587219384,0.9829925154545579,1,0.0,,,,
TRIAL,A,A,m6_1b-trial-016,CONSERVATIVE,0.9,0.90,target_left,target_right,"m25-wrong-context-v1 SHA256(session|trialId), offset 1 or 2 modulo 3",False,15,12,3,True,0.6,False,,1.9,1.9,3,0.0022649937967704203,0.37882884587219384,0.9829925154545579,1,0.0,,,,
TRIAL,A,A,m6_1b-trial-016,CONSERVATIVE,0.95,0.95,target_left,target_right,"m25-wrong-context-v1 SHA256(session|trialId), offset 1 or 2 modulo 3",False,15,12,3,True,0.6,False,,1.9,1.9,3,0.0022649937967704203,0.37882884587219384,0.9829925154545579,1,0.0,,,,
TRIAL,A,A,m6_1b-trial-016,CONSERVATIVE,0.99,0.99,target_left,target_right,"m25-wrong-context-v1 SHA256(session|trialId), offset 1 or 2 modulo 3",False,15,12,3,True,0.6,False,,1.9,1.9,3,0.0022649937967704203,0.37882884587219384,0.9829925154545579,1,0.0,,,,
TRIAL,A,A,m6_1b-trial-016,CONSERVATIVE,1.0,1.00,target_left,target_right,"m25-wrong-context-v1 SHA256(session|trialId), offset 1 or 2 modulo 3",False,15,12,3,True,0.6,False,,1.9,1.9,3,0.0022649937967704203,0.37882884587219384,0.9829925154545579,1,0.0,,,,
TRIAL,A,A,m6_1b-trial-017,CONSERVATIVE,0.7,0.70,target_center,target_left,"m25-wrong-context-v1 SHA256(session|trialId), offset 1 or 2 modulo 3",False,13,13,0,False,,False,,1.7,1.7,0,,,,,,,,,
TRIAL,A,A,m6_1b-trial-017,CONSERVATIVE,0.8,0.80,target_center,target_left,"m25-wrong-context-v1 SHA256(session|trialId), offset 1 or 2 modulo 3",False,13,13,0,False,,False,,1.7,1.7,0,,,,,,,,,
TRIAL,A,A,m6_1b-trial-017,CONSERVATIVE,0.9,0.90,target_center,target_left,"m25-wrong-context-v1 SHA256(session|trialId), offset 1 or 2 modulo 3",False,13,13,0,False,,False,,1.7,1.7,0,,,,,,,,,
TRIAL,A,A,m6_1b-trial-017,CONSERVATIVE,0.95,0.95,target_center,target_left,"m25-wrong-context-v1 SHA256(session|trialId), offset 1 or 2 modulo 3",False,13,13,0,False,,False,,1.7,1.7,0,,,,,,,,,
TRIAL,A,A,m6_1b-trial-017,CONSERVATIVE,0.99,0.99,target_center,target_left,"m25-wrong-context-v1 SHA256(session|trialId), offset 1 or 2 modulo 3",False,13,13,0,False,,False,,1.7,1.7,0,,,,,,,,,
TRIAL,A,A,m6_1b-trial-017,CONSERVATIVE,1.0,1.00,target_center,target_left,"m25-wrong-context-v1 SHA256(session|trialId), offset 1 or 2 modulo 3",False,13,13,0,False,,False,,1.7,1.7,0,,,,,,,,,
TRIAL,A,A,m6_1b-trial-018,CONSERVATIVE,0.7,0.70,target_left,target_right,"m25-wrong-context-v1 SHA256(session|trialId), offset 1 or 2 modulo 3",False,15,15,0,False,,False,,1.9,1.9,0,,,,,,,,,
TRIAL,A,A,m6_1b-trial-018,CONSERVATIVE,0.8,0.80,target_left,target_right,"m25-wrong-context-v1 SHA256(session|trialId), offset 1 or 2 modulo 3",False,15,15,0,False,,False,,1.9,1.9,0,,,,,,,,,
TRIAL,A,A,m6_1b-trial-018,CONSERVATIVE,0.9,0.90,target_left,target_right,"m25-wrong-context-v1 SHA256(session|trialId), offset 1 or 2 modulo 3",False,15,15,0,False,,False,,1.9,1.9,0,,,,,,,,,
TRIAL,A,A,m6_1b-trial-018,CONSERVATIVE,0.95,0.95,target_left,target_right,"m25-wrong-context-v1 SHA256(session|trialId), offset 1 or 2 modulo 3",False,15,15,0,False,,False,,1.9,1.9,0,,,,,,,,,
TRIAL,A,A,m6_1b-trial-018,CONSERVATIVE,0.99,0.99,target_left,target_right,"m25-wrong-context-v1 SHA256(session|trialId), offset 1 or 2 modulo 3",False,15,15,0,False,,False,,1.9,1.9,0,,,,,,,,,
TRIAL,A,A,m6_1b-trial-018,CONSERVATIVE,1.0,1.00,target_left,target_right,"m25-wrong-context-v1 SHA256(session|trialId), offset 1 or 2 modulo 3",False,15,15,0,False,,False,,1.9,1.9,0,,,,,,,,,
TRIAL,A,A,m6_1b-trial-019,CONSERVATIVE,0.7,0.70,target_right,target_left,"m25-wrong-context-v1 SHA256(session|trialId), offset 1 or 2 modulo 3",False,10,10,0,False,,False,,1.4,1.4,0,,,,,,,,,
TRIAL,A,A,m6_1b-trial-019,CONSERVATIVE,0.8,0.80,target_right,target_left,"m25-wrong-context-v1 SHA256(session|trialId), offset 1 or 2 modulo 3",False,10,10,0,False,,False,,1.4,1.4,0,,,,,,,,,
TRIAL,A,A,m6_1b-trial-019,CONSERVATIVE,0.9,0.90,target_right,target_left,"m25-wrong-context-v1 SHA256(session|trialId), offset 1 or 2 modulo 3",False,10,10,0,False,,False,,1.4,1.4,0,,,,,,,,,
TRIAL,A,A,m6_1b-trial-019,CONSERVATIVE,0.95,0.95,target_right,target_left,"m25-wrong-context-v1 SHA256(session|trialId), offset 1 or 2 modulo 3",False,10,10,0,False,,False,,1.4,1.4,0,,,,,,,,,
TRIAL,A,A,m6_1b-trial-019,CONSERVATIVE,0.99,0.99,target_right,target_left,"m25-wrong-context-v1 SHA256(session|trialId), offset 1 or 2 modulo 3",False,10,10,0,False,,False,,1.4,1.4,0,,,,,,,,,
TRIAL,A,A,m6_1b-trial-019,CONSERVATIVE,1.0,1.00,target_right,target_left,"m25-wrong-context-v1 SHA256(session|trialId), offset 1 or 2 modulo 3",False,10,10,0,False,,False,,1.4,1.4,0,,,,,,,,,
TRIAL,A,A,m6_1b-trial-020,CONSERVATIVE,0.7,0.70,target_right,target_center,"m25-wrong-context-v1 SHA256(session|trialId), offset 1 or 2 modulo 3",False,6,6,0,False,,False,,1.0,1.0,0,,,,,,,,,
TRIAL,A,A,m6_1b-trial-020,CONSERVATIVE,0.8,0.80,target_right,target_center,"m25-wrong-context-v1 SHA256(session|trialId), offset 1 or 2 modulo 3",False,6,6,0,False,,False,,1.0,1.0,0,,,,,,,,,
TRIAL,A,A,m6_1b-trial-020,CONSERVATIVE,0.9,0.90,target_right,target_center,"m25-wrong-context-v1 SHA256(session|trialId), offset 1 or 2 modulo 3",False,6,6,0,False,,False,,1.0,1.0,0,,,,,,,,,
TRIAL,A,A,m6_1b-trial-020,CONSERVATIVE,0.95,0.95,target_right,target_center,"m25-wrong-context-v1 SHA256(session|trialId), offset 1 or 2 modulo 3",False,6,6,0,False,,False,,1.0,1.0,0,,,,,,,,,
TRIAL,A,A,m6_1b-trial-020,CONSERVATIVE,0.99,0.99,target_right,target_center,"m25-wrong-context-v1 SHA256(session|trialId), offset 1 or 2 modulo 3",False,6,6,0,False,,False,,1.0,1.0,0,,,,,,,,,
TRIAL,A,A,m6_1b-trial-020,CONSERVATIVE,1.0,1.00,target_right,target_center,"m25-wrong-context-v1 SHA256(session|trialId), offset 1 or 2 modulo 3",False,6,6,0,False,,False,,1.0,1.0,0,,,,,,,,,
TRIAL,A,A,m6_1b-trial-021,CONSERVATIVE,0.7,0.70,target_left,target_center,"m25-wrong-context-v1 SHA256(session|trialId), offset 1 or 2 modulo 3",False,15,15,0,False,,False,,1.9,1.9,0,,,,,,,,,
TRIAL,A,A,m6_1b-trial-021,CONSERVATIVE,0.8,0.80,target_left,target_center,"m25-wrong-context-v1 SHA256(session|trialId), offset 1 or 2 modulo 3",False,15,15,0,False,,False,,1.9,1.9,0,,,,,,,,,
TRIAL,A,A,m6_1b-trial-021,CONSERVATIVE,0.9,0.90,target_left,target_center,"m25-wrong-context-v1 SHA256(session|trialId), offset 1 or 2 modulo 3",False,15,15,0,False,,False,,1.9,1.9,0,,,,,,,,,
TRIAL,A,A,m6_1b-trial-021,CONSERVATIVE,0.95,0.95,target_left,target_center,"m25-wrong-context-v1 SHA256(session|trialId), offset 1 or 2 modulo 3",False,15,15,0,False,,False,,1.9,1.9,0,,,,,,,,,
TRIAL,A,A,m6_1b-trial-021,CONSERVATIVE,0.99,0.99,target_left,target_center,"m25-wrong-context-v1 SHA256(session|trialId), offset 1 or 2 modulo 3",False,15,15,0,False,,False,,1.9,1.9,0,,,,,,,,,
TRIAL,A,A,m6_1b-trial-021,CONSERVATIVE,1.0,1.00,target_left,target_center,"m25-wrong-context-v1 SHA256(session|trialId), offset 1 or 2 modulo 3",False,15,15,0,False,,False,,1.9,1.9,0,,,,,,,,,
TRIAL,A,A,m6_1b-trial-022,CONSERVATIVE,0.7,0.70,target_center,target_right,"m25-wrong-context-v1 SHA256(session|trialId), offset 1 or 2 modulo 3",False,11,11,0,False,,False,,1.5,1.5,0,,,,,,,,,
TRIAL,A,A,m6_1b-trial-022,CONSERVATIVE,0.8,0.80,target_center,target_right,"m25-wrong-context-v1 SHA256(session|trialId), offset 1 or 2 modulo 3",False,11,11,0,False,,False,,1.5,1.5,0,,,,,,,,,
TRIAL,A,A,m6_1b-trial-022,CONSERVATIVE,0.9,0.90,target_center,target_right,"m25-wrong-context-v1 SHA256(session|trialId), offset 1 or 2 modulo 3",False,11,11,0,False,,False,,1.5,1.5,0,,,,,,,,,
TRIAL,A,A,m6_1b-trial-022,CONSERVATIVE,0.95,0.95,target_center,target_right,"m25-wrong-context-v1 SHA256(session|trialId), offset 1 or 2 modulo 3",False,11,11,0,False,,False,,1.5,1.5,0,,,,,,,,,
TRIAL,A,A,m6_1b-trial-022,CONSERVATIVE,0.99,0.99,target_center,target_right,"m25-wrong-context-v1 SHA256(session|trialId), offset 1 or 2 modulo 3",False,11,11,0,False,,False,,1.5,1.5,0,,,,,,,,,
TRIAL,A,A,m6_1b-trial-022,CONSERVATIVE,1.0,1.00,target_center,target_right,"m25-wrong-context-v1 SHA256(session|trialId), offset 1 or 2 modulo 3",False,11,11,0,False,,False,,1.5,1.5,0,,,,,,,,,
TRIAL,A,A,m6_1b-trial-023,CONSERVATIVE,0.7,0.70,target_right,target_center,"m25-wrong-context-v1 SHA256(session|trialId), offset 1 or 2 modulo 3",False,15,15,0,False,,False,,1.9,1.9,0,,,,,,,,,
TRIAL,A,A,m6_1b-trial-023,CONSERVATIVE,0.8,0.80,target_right,target_center,"m25-wrong-context-v1 SHA256(session|trialId), offset 1 or 2 modulo 3",False,15,15,0,False,,False,,1.9,1.9,0,,,,,,,,,
TRIAL,A,A,m6_1b-trial-023,CONSERVATIVE,0.9,0.90,target_right,target_center,"m25-wrong-context-v1 SHA256(session|trialId), offset 1 or 2 modulo 3",False,15,15,0,False,,False,,1.9,1.9,0,,,,,,,,,
TRIAL,A,A,m6_1b-trial-023,CONSERVATIVE,0.95,0.95,target_right,target_center,"m25-wrong-context-v1 SHA256(session|trialId), offset 1 or 2 modulo 3",False,15,15,0,False,,False,,1.9,1.9,0,,,,,,,,,
TRIAL,A,A,m6_1b-trial-023,CONSERVATIVE,0.99,0.99,target_right,target_center,"m25-wrong-context-v1 SHA256(session|trialId), offset 1 or 2 modulo 3",False,15,15,0,False,,False,,1.9,1.9,0,,,,,,,,,
TRIAL,A,A,m6_1b-trial-023,CONSERVATIVE,1.0,1.00,target_right,target_center,"m25-wrong-context-v1 SHA256(session|trialId), offset 1 or 2 modulo 3",False,15,15,0,False,,False,,1.9,1.9,0,,,,,,,,,
TRIAL,A,A,m6_1b-trial-024,CONSERVATIVE,0.7,0.70,target_right,target_left,"m25-wrong-context-v1 SHA256(session|trialId), offset 1 or 2 modulo 3",False,12,12,0,False,,False,,1.6,1.6,0,,,,,,,,,
TRIAL,A,A,m6_1b-trial-024,CONSERVATIVE,0.8,0.80,target_right,target_left,"m25-wrong-context-v1 SHA256(session|trialId), offset 1 or 2 modulo 3",False,12,12,0,False,,False,,1.6,1.6,0,,,,,,,,,
TRIAL,A,A,m6_1b-trial-024,CONSERVATIVE,0.9,0.90,target_right,target_left,"m25-wrong-context-v1 SHA256(session|trialId), offset 1 or 2 modulo 3",False,12,12,0,False,,False,,1.6,1.6,0,,,,,,,,,
TRIAL,A,A,m6_1b-trial-024,CONSERVATIVE,0.95,0.95,target_right,target_left,"m25-wrong-context-v1 SHA256(session|trialId), offset 1 or 2 modulo 3",False,12,12,0,False,,False,,1.6,1.6,0,,,,,,,,,
TRIAL,A,A,m6_1b-trial-024,CONSERVATIVE,0.99,0.99,target_right,target_left,"m25-wrong-context-v1 SHA256(session|trialId), offset 1 or 2 modulo 3",False,12,12,0,False,,False,,1.6,1.6,0,,,,,,,,,
TRIAL,A,A,m6_1b-trial-024,CONSERVATIVE,1.0,1.00,target_right,target_left,"m25-wrong-context-v1 SHA256(session|trialId), offset 1 or 2 modulo 3",False,12,12,0,False,,False,,1.6,1.6,0,,,,,,,,,
TRIAL,A,A,m6_1b-trial-025,CONSERVATIVE,0.7,0.70,target_left,target_center,"m25-wrong-context-v1 SHA256(session|trialId), offset 1 or 2 modulo 3",False,11,11,0,False,,False,,1.5,1.5,0,,,,,,,,,
TRIAL,A,A,m6_1b-trial-025,CONSERVATIVE,0.8,0.80,target_left,target_center,"m25-wrong-context-v1 SHA256(session|trialId), offset 1 or 2 modulo 3",False,11,11,0,False,,False,,1.5,1.5,0,,,,,,,,,
TRIAL,A,A,m6_1b-trial-025,CONSERVATIVE,0.9,0.90,target_left,target_center,"m25-wrong-context-v1 SHA256(session|trialId), offset 1 or 2 modulo 3",False,11,11,0,False,,False,,1.5,1.5,0,,,,,,,,,
TRIAL,A,A,m6_1b-trial-025,CONSERVATIVE,0.95,0.95,target_left,target_center,"m25-wrong-context-v1 SHA256(session|trialId), offset 1 or 2 modulo 3",False,11,11,0,False,,False,,1.5,1.5,0,,,,,,,,,
TRIAL,A,A,m6_1b-trial-025,CONSERVATIVE,0.99,0.99,target_left,target_center,"m25-wrong-context-v1 SHA256(session|trialId), offset 1 or 2 modulo 3",False,11,11,0,False,,False,,1.5,1.5,0,,,,,,,,,
TRIAL,A,A,m6_1b-trial-025,CONSERVATIVE,1.0,1.00,target_left,target_center,"m25-wrong-context-v1 SHA256(session|trialId), offset 1 or 2 modulo 3",False,11,11,0,False,,False,,1.5,1.5,0,,,,,,,,,
TRIAL,A,A,m6_1b-trial-026,CONSERVATIVE,0.7,0.70,target_left,target_center,"m25-wrong-context-v1 SHA256(session|trialId), offset 1 or 2 modulo 3",False,15,15,0,False,,False,,1.9,1.9,0,,,,,,,,,
TRIAL,A,A,m6_1b-trial-026,CONSERVATIVE,0.8,0.80,target_left,target_center,"m25-wrong-context-v1 SHA256(session|trialId), offset 1 or 2 modulo 3",False,15,15,0,False,,False,,1.9,1.9,0,,,,,,,,,
TRIAL,A,A,m6_1b-trial-026,CONSERVATIVE,0.9,0.90,target_left,target_center,"m25-wrong-context-v1 SHA256(session|trialId), offset 1 or 2 modulo 3",False,15,15,0,False,,False,,1.9,1.9,0,,,,,,,,,
TRIAL,A,A,m6_1b-trial-026,CONSERVATIVE,0.95,0.95,target_left,target_center,"m25-wrong-context-v1 SHA256(session|trialId), offset 1 or 2 modulo 3",False,15,15,0,False,,False,,1.9,1.9,0,,,,,,,,,
TRIAL,A,A,m6_1b-trial-026,CONSERVATIVE,0.99,0.99,target_left,target_center,"m25-wrong-context-v1 SHA256(session|trialId), offset 1 or 2 modulo 3",False,15,15,0,False,,False,,1.9,1.9,0,,,,,,,,,
TRIAL,A,A,m6_1b-trial-026,CONSERVATIVE,1.0,1.00,target_left,target_center,"m25-wrong-context-v1 SHA256(session|trialId), offset 1 or 2 modulo 3",False,15,15,0,False,,False,,1.9,1.9,0,,,,,,,,,
TRIAL,A,A,m6_1b-trial-027,CONSERVATIVE,0.7,0.70,target_center,target_left,"m25-wrong-context-v1 SHA256(session|trialId), offset 1 or 2 modulo 3",False,14,10,4,True,0.5,False,,1.8,1.8,4,0.01034359424422826,0.4057238880198718,0.9594687995291383,0,0.0,,,,
TRIAL,A,A,m6_1b-trial-027,CONSERVATIVE,0.8,0.80,target_center,target_left,"m25-wrong-context-v1 SHA256(session|trialId), offset 1 or 2 modulo 3",False,14,10,4,True,0.5,False,,1.8,1.8,4,0.01034359424422826,0.4057238880198718,0.9594687995291383,0,0.0,,,,
TRIAL,A,A,m6_1b-trial-027,CONSERVATIVE,0.9,0.90,target_center,target_left,"m25-wrong-context-v1 SHA256(session|trialId), offset 1 or 2 modulo 3",False,14,10,4,True,0.5,False,,1.8,1.8,4,0.01034359424422826,0.4057238880198718,0.9594687995291383,0,0.0,,,,
TRIAL,A,A,m6_1b-trial-027,CONSERVATIVE,0.95,0.95,target_center,target_left,"m25-wrong-context-v1 SHA256(session|trialId), offset 1 or 2 modulo 3",False,14,10,4,True,0.5,False,,1.8,1.8,4,0.01034359424422826,0.4057238880198718,0.9594687995291383,0,0.0,,,,
TRIAL,A,A,m6_1b-trial-027,CONSERVATIVE,0.99,0.99,target_center,target_left,"m25-wrong-context-v1 SHA256(session|trialId), offset 1 or 2 modulo 3",False,14,10,4,True,0.5,False,,1.8,1.8,4,0.01034359424422826,0.4057238880198718,0.9594687995291383,0,0.0,,,,
TRIAL,A,A,m6_1b-trial-027,CONSERVATIVE,1.0,1.00,target_center,target_left,"m25-wrong-context-v1 SHA256(session|trialId), offset 1 or 2 modulo 3",False,14,10,4,True,0.5,False,,1.8,1.8,4,0.01034359424422826,0.4057238880198718,0.9594687995291383,0,0.0,,,,
TRIAL,A,A,m6_1b-trial-028,CONSERVATIVE,0.7,0.70,target_right,target_left,"m25-wrong-context-v1 SHA256(session|trialId), offset 1 or 2 modulo 3",False,8,8,0,False,,False,,1.2,1.2,0,,,,,,,,,
TRIAL,A,A,m6_1b-trial-028,CONSERVATIVE,0.8,0.80,target_right,target_left,"m25-wrong-context-v1 SHA256(session|trialId), offset 1 or 2 modulo 3",False,8,8,0,False,,False,,1.2,1.2,0,,,,,,,,,
TRIAL,A,A,m6_1b-trial-028,CONSERVATIVE,0.9,0.90,target_right,target_left,"m25-wrong-context-v1 SHA256(session|trialId), offset 1 or 2 modulo 3",False,8,8,0,False,,False,,1.2,1.2,0,,,,,,,,,
TRIAL,A,A,m6_1b-trial-028,CONSERVATIVE,0.95,0.95,target_right,target_left,"m25-wrong-context-v1 SHA256(session|trialId), offset 1 or 2 modulo 3",False,8,8,0,False,,False,,1.2,1.2,0,,,,,,,,,
TRIAL,A,A,m6_1b-trial-028,CONSERVATIVE,0.99,0.99,target_right,target_left,"m25-wrong-context-v1 SHA256(session|trialId), offset 1 or 2 modulo 3",False,8,8,0,False,,False,,1.2,1.2,0,,,,,,,,,
TRIAL,A,A,m6_1b-trial-028,CONSERVATIVE,1.0,1.00,target_right,target_left,"m25-wrong-context-v1 SHA256(session|trialId), offset 1 or 2 modulo 3",False,8,8,0,False,,False,,1.2,1.2,0,,,,,,,,,
TRIAL,A,A,m6_1b-trial-029,CONSERVATIVE,0.7,0.70,target_left,target_right,"m25-wrong-context-v1 SHA256(session|trialId), offset 1 or 2 modulo 3",False,15,14,1,True,0.5,False,,1.9,1.9,1,0.026033647769806267,0.36086842741777814,0.997802994311314,0,0.0,,,,
TRIAL,A,A,m6_1b-trial-029,CONSERVATIVE,0.8,0.80,target_left,target_right,"m25-wrong-context-v1 SHA256(session|trialId), offset 1 or 2 modulo 3",False,15,14,1,True,0.5,False,,1.9,1.9,1,0.026033647769806267,0.36086842741777814,0.997802994311314,0,0.0,,,,
TRIAL,A,A,m6_1b-trial-029,CONSERVATIVE,0.9,0.90,target_left,target_right,"m25-wrong-context-v1 SHA256(session|trialId), offset 1 or 2 modulo 3",False,15,14,1,True,0.5,False,,1.9,1.9,1,0.026033647769806267,0.36086842741777814,0.997802994311314,0,0.0,,,,
TRIAL,A,A,m6_1b-trial-029,CONSERVATIVE,0.95,0.95,target_left,target_right,"m25-wrong-context-v1 SHA256(session|trialId), offset 1 or 2 modulo 3",False,15,14,1,True,0.5,False,,1.9,1.9,1,0.026033647769806267,0.36086842741777814,0.997802994311314,0,0.0,,,,
TRIAL,A,A,m6_1b-trial-029,CONSERVATIVE,0.99,0.99,target_left,target_right,"m25-wrong-context-v1 SHA256(session|trialId), offset 1 or 2 modulo 3",False,15,14,1,True,0.5,False,,1.9,1.9,1,0.026033647769806267,0.36086842741777814,0.997802994311314,0,0.0,,,,
TRIAL,A,A,m6_1b-trial-029,CONSERVATIVE,1.0,1.00,target_left,target_right,"m25-wrong-context-v1 SHA256(session|trialId), offset 1 or 2 modulo 3",False,15,14,1,True,0.5,False,,1.9,1.9,1,0.026033647769806267,0.36086842741777814,0.997802994311314,0,0.0,,,,
TRIAL,A,A,m6_1b-trial-030,CONSERVATIVE,0.7,0.70,target_center,target_right,"m25-wrong-context-v1 SHA256(session|trialId), offset 1 or 2 modulo 3",False,8,8,0,False,,False,,1.2,1.2,0,,,,,,,,,
TRIAL,A,A,m6_1b-trial-030,CONSERVATIVE,0.8,0.80,target_center,target_right,"m25-wrong-context-v1 SHA256(session|trialId), offset 1 or 2 modulo 3",False,8,8,0,False,,False,,1.2,1.2,0,,,,,,,,,
TRIAL,A,A,m6_1b-trial-030,CONSERVATIVE,0.9,0.90,target_center,target_right,"m25-wrong-context-v1 SHA256(session|trialId), offset 1 or 2 modulo 3",False,8,8,0,False,,False,,1.2,1.2,0,,,,,,,,,
TRIAL,A,A,m6_1b-trial-030,CONSERVATIVE,0.95,0.95,target_center,target_right,"m25-wrong-context-v1 SHA256(session|trialId), offset 1 or 2 modulo 3",False,8,8,0,False,,False,,1.2,1.2,0,,,,,,,,,
TRIAL,A,A,m6_1b-trial-030,CONSERVATIVE,0.99,0.99,target_center,target_right,"m25-wrong-context-v1 SHA256(session|trialId), offset 1 or 2 modulo 3",False,8,8,0,False,,False,,1.2,1.2,0,,,,,,,,,
TRIAL,A,A,m6_1b-trial-030,CONSERVATIVE,1.0,1.00,target_center,target_right,"m25-wrong-context-v1 SHA256(session|trialId), offset 1 or 2 modulo 3",False,8,8,0,False,,False,,1.2,1.2,0,,,,,,,,,
TRIAL,B1,B1,m6_4-trial-001,FAST,0.7,0.70,target_left,target_right,"m25-wrong-context-v1 SHA256(session|trialId), offset 1 or 2 modulo 3",False,15,12,3,True,0.7,False,,1.9,1.9,3,0.059486961999290655,0.39018008426588424,0.9915606359185641,1,0.0,,,,
TRIAL,B1,B1,m6_4-trial-001,FAST,0.8,0.80,target_left,target_right,"m25-wrong-context-v1 SHA256(session|trialId), offset 1 or 2 modulo 3",False,15,12,3,True,0.7,False,,1.9,1.9,3,0.059486961999290655,0.39018008426588424,0.9915606359185641,1,0.0,,,,
TRIAL,B1,B1,m6_4-trial-001,FAST,0.9,0.90,target_left,target_right,"m25-wrong-context-v1 SHA256(session|trialId), offset 1 or 2 modulo 3",False,15,12,3,True,0.7,False,,1.9,1.9,3,0.059486961999290655,0.39018008426588424,0.9915606359185641,1,0.0,,,,
TRIAL,B1,B1,m6_4-trial-001,FAST,0.95,0.95,target_left,target_right,"m25-wrong-context-v1 SHA256(session|trialId), offset 1 or 2 modulo 3",False,15,12,3,True,0.7,False,,1.9,1.9,3,0.059486961999290655,0.39018008426588424,0.9915606359185641,1,0.0,,,,
TRIAL,B1,B1,m6_4-trial-001,FAST,0.99,0.99,target_left,target_right,"m25-wrong-context-v1 SHA256(session|trialId), offset 1 or 2 modulo 3",False,15,12,3,True,0.7,False,,1.9,1.9,3,0.059486961999290655,0.39018008426588424,0.9915606359185641,1,0.0,,,,
TRIAL,B1,B1,m6_4-trial-001,FAST,1.0,1.00,target_left,target_right,"m25-wrong-context-v1 SHA256(session|trialId), offset 1 or 2 modulo 3",False,15,12,3,True,0.7,False,,1.9,1.9,3,0.059486961999290655,0.39018008426588424,0.9915606359185641,1,0.0,,,,
TRIAL,B1,B1,m6_4-trial-002,FAST,0.7,0.70,target_right,target_left,"m25-wrong-context-v1 SHA256(session|trialId), offset 1 or 2 modulo 3",False,5,5,0,False,,False,,0.9,0.9,0,,,,,,,,,
TRIAL,B1,B1,m6_4-trial-002,FAST,0.8,0.80,target_right,target_left,"m25-wrong-context-v1 SHA256(session|trialId), offset 1 or 2 modulo 3",False,5,5,0,False,,False,,0.9,0.9,0,,,,,,,,,
TRIAL,B1,B1,m6_4-trial-002,FAST,0.9,0.90,target_right,target_left,"m25-wrong-context-v1 SHA256(session|trialId), offset 1 or 2 modulo 3",False,5,5,0,False,,False,,0.9,0.9,0,,,,,,,,,
TRIAL,B1,B1,m6_4-trial-002,FAST,0.95,0.95,target_right,target_left,"m25-wrong-context-v1 SHA256(session|trialId), offset 1 or 2 modulo 3",False,5,5,0,False,,False,,0.9,0.9,0,,,,,,,,,
TRIAL,B1,B1,m6_4-trial-002,FAST,0.99,0.99,target_right,target_left,"m25-wrong-context-v1 SHA256(session|trialId), offset 1 or 2 modulo 3",False,5,5,0,False,,False,,0.9,0.9,0,,,,,,,,,
TRIAL,B1,B1,m6_4-trial-002,FAST,1.0,1.00,target_right,target_left,"m25-wrong-context-v1 SHA256(session|trialId), offset 1 or 2 modulo 3",False,5,5,0,False,,False,,0.9,0.9,0,,,,,,,,,
TRIAL,B1,B1,m6_4-trial-003,FAST,0.7,0.70,target_right,target_left,"m25-wrong-context-v1 SHA256(session|trialId), offset 1 or 2 modulo 3",False,6,5,1,True,0.5,False,,1.0,1.0,1,0.02130868816679332,0.39226020973012876,0.9794811448317691,0,0.0,,,,
TRIAL,B1,B1,m6_4-trial-003,FAST,0.8,0.80,target_right,target_left,"m25-wrong-context-v1 SHA256(session|trialId), offset 1 or 2 modulo 3",False,6,5,1,True,0.5,False,,1.0,1.0,1,0.02130868816679332,0.39226020973012876,0.9794811448317691,0,0.0,,,,
TRIAL,B1,B1,m6_4-trial-003,FAST,0.9,0.90,target_right,target_left,"m25-wrong-context-v1 SHA256(session|trialId), offset 1 or 2 modulo 3",False,6,5,1,True,0.5,False,,1.0,1.0,1,0.02130868816679332,0.39226020973012876,0.9794811448317691,0,0.0,,,,
TRIAL,B1,B1,m6_4-trial-003,FAST,0.95,0.95,target_right,target_left,"m25-wrong-context-v1 SHA256(session|trialId), offset 1 or 2 modulo 3",False,6,5,1,True,0.5,False,,1.0,1.0,1,0.02130868816679332,0.39226020973012876,0.9794811448317691,0,0.0,,,,
TRIAL,B1,B1,m6_4-trial-003,FAST,0.99,0.99,target_right,target_left,"m25-wrong-context-v1 SHA256(session|trialId), offset 1 or 2 modulo 3",False,6,5,1,True,0.5,False,,1.0,1.0,1,0.02130868816679332,0.39226020973012876,0.9794811448317691,0,0.0,,,,
TRIAL,B1,B1,m6_4-trial-003,FAST,1.0,1.00,target_right,target_left,"m25-wrong-context-v1 SHA256(session|trialId), offset 1 or 2 modulo 3",False,6,5,1,True,0.5,False,,1.0,1.0,1,0.02130868816679332,0.39226020973012876,0.9794811448317691,0,0.0,,,,
TRIAL,B1,B1,m6_4-trial-004,FAST,0.7,0.70,target_left,target_center,"m25-wrong-context-v1 SHA256(session|trialId), offset 1 or 2 modulo 3",False,6,6,0,False,,False,,1.0,1.0,0,,,,,,,,,
TRIAL,B1,B1,m6_4-trial-004,FAST,0.8,0.80,target_left,target_center,"m25-wrong-context-v1 SHA256(session|trialId), offset 1 or 2 modulo 3",False,6,6,0,False,,False,,1.0,1.0,0,,,,,,,,,
TRIAL,B1,B1,m6_4-trial-004,FAST,0.9,0.90,target_left,target_center,"m25-wrong-context-v1 SHA256(session|trialId), offset 1 or 2 modulo 3",False,6,6,0,False,,False,,1.0,1.0,0,,,,,,,,,
TRIAL,B1,B1,m6_4-trial-004,FAST,0.95,0.95,target_left,target_center,"m25-wrong-context-v1 SHA256(session|trialId), offset 1 or 2 modulo 3",False,6,6,0,False,,False,,1.0,1.0,0,,,,,,,,,
TRIAL,B1,B1,m6_4-trial-004,FAST,0.99,0.99,target_left,target_center,"m25-wrong-context-v1 SHA256(session|trialId), offset 1 or 2 modulo 3",False,6,6,0,False,,False,,1.0,1.0,0,,,,,,,,,
TRIAL,B1,B1,m6_4-trial-004,FAST,1.0,1.00,target_left,target_center,"m25-wrong-context-v1 SHA256(session|trialId), offset 1 or 2 modulo 3",False,6,6,0,False,,False,,1.0,1.0,0,,,,,,,,,
TRIAL,B1,B1,m6_4-trial-005,FAST,0.7,0.70,target_center,target_left,"m25-wrong-context-v1 SHA256(session|trialId), offset 1 or 2 modulo 3",False,15,15,0,False,,False,,1.9,1.9,0,,,,,,,,,
TRIAL,B1,B1,m6_4-trial-005,FAST,0.8,0.80,target_center,target_left,"m25-wrong-context-v1 SHA256(session|trialId), offset 1 or 2 modulo 3",False,15,15,0,False,,False,,1.9,1.9,0,,,,,,,,,
TRIAL,B1,B1,m6_4-trial-005,FAST,0.9,0.90,target_center,target_left,"m25-wrong-context-v1 SHA256(session|trialId), offset 1 or 2 modulo 3",False,15,15,0,False,,False,,1.9,1.9,0,,,,,,,,,
TRIAL,B1,B1,m6_4-trial-005,FAST,0.95,0.95,target_center,target_left,"m25-wrong-context-v1 SHA256(session|trialId), offset 1 or 2 modulo 3",False,15,15,0,False,,False,,1.9,1.9,0,,,,,,,,,
TRIAL,B1,B1,m6_4-trial-005,FAST,0.99,0.99,target_center,target_left,"m25-wrong-context-v1 SHA256(session|trialId), offset 1 or 2 modulo 3",False,15,15,0,False,,False,,1.9,1.9,0,,,,,,,,,
TRIAL,B1,B1,m6_4-trial-005,FAST,1.0,1.00,target_center,target_left,"m25-wrong-context-v1 SHA256(session|trialId), offset 1 or 2 modulo 3",False,15,15,0,False,,False,,1.9,1.9,0,,,,,,,,,
TRIAL,B1,B1,m6_4-trial-006,FAST,0.7,0.70,target_center,target_left,"m25-wrong-context-v1 SHA256(session|trialId), offset 1 or 2 modulo 3",False,5,5,0,False,,False,,0.9,0.9,0,,,,,,,,,
TRIAL,B1,B1,m6_4-trial-006,FAST,0.8,0.80,target_center,target_left,"m25-wrong-context-v1 SHA256(session|trialId), offset 1 or 2 modulo 3",False,5,5,0,False,,False,,0.9,0.9,0,,,,,,,,,
TRIAL,B1,B1,m6_4-trial-006,FAST,0.9,0.90,target_center,target_left,"m25-wrong-context-v1 SHA256(session|trialId), offset 1 or 2 modulo 3",False,5,5,0,False,,False,,0.9,0.9,0,,,,,,,,,
TRIAL,B1,B1,m6_4-trial-006,FAST,0.95,0.95,target_center,target_left,"m25-wrong-context-v1 SHA256(session|trialId), offset 1 or 2 modulo 3",False,5,5,0,False,,False,,0.9,0.9,0,,,,,,,,,
TRIAL,B1,B1,m6_4-trial-006,FAST,0.99,0.99,target_center,target_left,"m25-wrong-context-v1 SHA256(session|trialId), offset 1 or 2 modulo 3",False,5,5,0,False,,False,,0.9,0.9,0,,,,,,,,,
TRIAL,B1,B1,m6_4-trial-006,FAST,1.0,1.00,target_center,target_left,"m25-wrong-context-v1 SHA256(session|trialId), offset 1 or 2 modulo 3",False,5,5,0,False,,False,,0.9,0.9,0,,,,,,,,,
TRIAL,B1,B1,m6_4-trial-007,FAST,0.7,0.70,target_right,target_center,"m25-wrong-context-v1 SHA256(session|trialId), offset 1 or 2 modulo 3",False,5,5,0,False,,False,,0.9,0.9,0,,,,,,,,,
TRIAL,B1,B1,m6_4-trial-007,FAST,0.8,0.80,target_right,target_center,"m25-wrong-context-v1 SHA256(session|trialId), offset 1 or 2 modulo 3",False,5,5,0,False,,False,,0.9,0.9,0,,,,,,,,,
TRIAL,B1,B1,m6_4-trial-007,FAST,0.9,0.90,target_right,target_center,"m25-wrong-context-v1 SHA256(session|trialId), offset 1 or 2 modulo 3",False,5,5,0,False,,False,,0.9,0.9,0,,,,,,,,,
TRIAL,B1,B1,m6_4-trial-007,FAST,0.95,0.95,target_right,target_center,"m25-wrong-context-v1 SHA256(session|trialId), offset 1 or 2 modulo 3",False,5,5,0,False,,False,,0.9,0.9,0,,,,,,,,,
TRIAL,B1,B1,m6_4-trial-007,FAST,0.99,0.99,target_right,target_center,"m25-wrong-context-v1 SHA256(session|trialId), offset 1 or 2 modulo 3",False,5,5,0,False,,False,,0.9,0.9,0,,,,,,,,,
TRIAL,B1,B1,m6_4-trial-007,FAST,1.0,1.00,target_right,target_center,"m25-wrong-context-v1 SHA256(session|trialId), offset 1 or 2 modulo 3",False,5,5,0,False,,False,,0.9,0.9,0,,,,,,,,,
TRIAL,B1,B1,m6_4-trial-008,FAST,0.7,0.70,target_right,target_center,"m25-wrong-context-v1 SHA256(session|trialId), offset 1 or 2 modulo 3",False,8,8,0,False,,False,,1.2,1.2,0,,,,,,,,,
TRIAL,B1,B1,m6_4-trial-008,FAST,0.8,0.80,target_right,target_center,"m25-wrong-context-v1 SHA256(session|trialId), offset 1 or 2 modulo 3",False,8,8,0,False,,False,,1.2,1.2,0,,,,,,,,,
TRIAL,B1,B1,m6_4-trial-008,FAST,0.9,0.90,target_right,target_center,"m25-wrong-context-v1 SHA256(session|trialId), offset 1 or 2 modulo 3",False,8,8,0,False,,False,,1.2,1.2,0,,,,,,,,,
TRIAL,B1,B1,m6_4-trial-008,FAST,0.95,0.95,target_right,target_center,"m25-wrong-context-v1 SHA256(session|trialId), offset 1 or 2 modulo 3",False,8,8,0,False,,False,,1.2,1.2,0,,,,,,,,,
TRIAL,B1,B1,m6_4-trial-008,FAST,0.99,0.99,target_right,target_center,"m25-wrong-context-v1 SHA256(session|trialId), offset 1 or 2 modulo 3",False,8,8,0,False,,False,,1.2,1.2,0,,,,,,,,,
TRIAL,B1,B1,m6_4-trial-008,FAST,1.0,1.00,target_right,target_center,"m25-wrong-context-v1 SHA256(session|trialId), offset 1 or 2 modulo 3",False,8,8,0,False,,False,,1.2,1.2,0,,,,,,,,,
TRIAL,B1,B1,m6_4-trial-009,FAST,0.7,0.70,target_left,target_right,"m25-wrong-context-v1 SHA256(session|trialId), offset 1 or 2 modulo 3",False,6,6,0,False,,False,,1.0,1.0,0,,,,,,,,,
TRIAL,B1,B1,m6_4-trial-009,FAST,0.8,0.80,target_left,target_right,"m25-wrong-context-v1 SHA256(session|trialId), offset 1 or 2 modulo 3",False,6,6,0,False,,False,,1.0,1.0,0,,,,,,,,,
TRIAL,B1,B1,m6_4-trial-009,FAST,0.9,0.90,target_left,target_right,"m25-wrong-context-v1 SHA256(session|trialId), offset 1 or 2 modulo 3",False,6,6,0,False,,False,,1.0,1.0,0,,,,,,,,,
TRIAL,B1,B1,m6_4-trial-009,FAST,0.95,0.95,target_left,target_right,"m25-wrong-context-v1 SHA256(session|trialId), offset 1 or 2 modulo 3",False,6,6,0,False,,False,,1.0,1.0,0,,,,,,,,,
TRIAL,B1,B1,m6_4-trial-009,FAST,0.99,0.99,target_left,target_right,"m25-wrong-context-v1 SHA256(session|trialId), offset 1 or 2 modulo 3",False,6,6,0,False,,False,,1.0,1.0,0,,,,,,,,,
TRIAL,B1,B1,m6_4-trial-009,FAST,1.0,1.00,target_left,target_right,"m25-wrong-context-v1 SHA256(session|trialId), offset 1 or 2 modulo 3",False,6,6,0,False,,False,,1.0,1.0,0,,,,,,,,,
TRIAL,B1,B1,m6_4-trial-010,FAST,0.7,0.70,target_right,target_center,"m25-wrong-context-v1 SHA256(session|trialId), offset 1 or 2 modulo 3",False,5,5,0,False,,False,,0.9,0.9,0,,,,,,,,,
TRIAL,B1,B1,m6_4-trial-010,FAST,0.8,0.80,target_right,target_center,"m25-wrong-context-v1 SHA256(session|trialId), offset 1 or 2 modulo 3",False,5,5,0,False,,False,,0.9,0.9,0,,,,,,,,,
TRIAL,B1,B1,m6_4-trial-010,FAST,0.9,0.90,target_right,target_center,"m25-wrong-context-v1 SHA256(session|trialId), offset 1 or 2 modulo 3",False,5,5,0,False,,False,,0.9,0.9,0,,,,,,,,,
TRIAL,B1,B1,m6_4-trial-010,FAST,0.95,0.95,target_right,target_center,"m25-wrong-context-v1 SHA256(session|trialId), offset 1 or 2 modulo 3",False,5,5,0,False,,False,,0.9,0.9,0,,,,,,,,,
TRIAL,B1,B1,m6_4-trial-010,FAST,0.99,0.99,target_right,target_center,"m25-wrong-context-v1 SHA256(session|trialId), offset 1 or 2 modulo 3",False,5,5,0,False,,False,,0.9,0.9,0,,,,,,,,,
TRIAL,B1,B1,m6_4-trial-010,FAST,1.0,1.00,target_right,target_center,"m25-wrong-context-v1 SHA256(session|trialId), offset 1 or 2 modulo 3",False,5,5,0,False,,False,,0.9,0.9,0,,,,,,,,,
TRIAL,B1,B1,m6_4-trial-012,FAST,0.7,0.70,target_left,target_center,"m25-wrong-context-v1 SHA256(session|trialId), offset 1 or 2 modulo 3",False,5,5,0,False,,False,,0.9,0.9,0,,,,,,,,,
TRIAL,B1,B1,m6_4-trial-012,FAST,0.8,0.80,target_left,target_center,"m25-wrong-context-v1 SHA256(session|trialId), offset 1 or 2 modulo 3",False,5,5,0,False,,False,,0.9,0.9,0,,,,,,,,,
TRIAL,B1,B1,m6_4-trial-012,FAST,0.9,0.90,target_left,target_center,"m25-wrong-context-v1 SHA256(session|trialId), offset 1 or 2 modulo 3",False,5,5,0,False,,False,,0.9,0.9,0,,,,,,,,,
TRIAL,B1,B1,m6_4-trial-012,FAST,0.95,0.95,target_left,target_center,"m25-wrong-context-v1 SHA256(session|trialId), offset 1 or 2 modulo 3",False,5,5,0,False,,False,,0.9,0.9,0,,,,,,,,,
TRIAL,B1,B1,m6_4-trial-012,FAST,0.99,0.99,target_left,target_center,"m25-wrong-context-v1 SHA256(session|trialId), offset 1 or 2 modulo 3",False,5,5,0,False,,False,,0.9,0.9,0,,,,,,,,,
TRIAL,B1,B1,m6_4-trial-012,FAST,1.0,1.00,target_left,target_center,"m25-wrong-context-v1 SHA256(session|trialId), offset 1 or 2 modulo 3",False,5,5,0,False,,False,,0.9,0.9,0,,,,,,,,,
TRIAL,B1,B1,m6_4-trial-013,FAST,0.7,0.70,target_left,target_center,"m25-wrong-context-v1 SHA256(session|trialId), offset 1 or 2 modulo 3",False,15,15,0,False,,False,,1.9,1.9,0,,,,,,,,,
TRIAL,B1,B1,m6_4-trial-013,FAST,0.8,0.80,target_left,target_center,"m25-wrong-context-v1 SHA256(session|trialId), offset 1 or 2 modulo 3",False,15,15,0,False,,False,,1.9,1.9,0,,,,,,,,,
TRIAL,B1,B1,m6_4-trial-013,FAST,0.9,0.90,target_left,target_center,"m25-wrong-context-v1 SHA256(session|trialId), offset 1 or 2 modulo 3",False,15,15,0,False,,False,,1.9,1.9,0,,,,,,,,,
TRIAL,B1,B1,m6_4-trial-013,FAST,0.95,0.95,target_left,target_center,"m25-wrong-context-v1 SHA256(session|trialId), offset 1 or 2 modulo 3",False,15,15,0,False,,False,,1.9,1.9,0,,,,,,,,,
TRIAL,B1,B1,m6_4-trial-013,FAST,0.99,0.99,target_left,target_center,"m25-wrong-context-v1 SHA256(session|trialId), offset 1 or 2 modulo 3",False,15,15,0,False,,False,,1.9,1.9,0,,,,,,,,,
TRIAL,B1,B1,m6_4-trial-013,FAST,1.0,1.00,target_left,target_center,"m25-wrong-context-v1 SHA256(session|trialId), offset 1 or 2 modulo 3",False,15,15,0,False,,False,,1.9,1.9,0,,,,,,,,,
TRIAL,B1,B1,m6_4-trial-014,FAST,0.7,0.70,target_center,target_right,"m25-wrong-context-v1 SHA256(session|trialId), offset 1 or 2 modulo 3",False,13,10,3,True,0.7,False,,1.7,1.7,3,0.029206757087031132,0.3624322836698902,0.9976937523537694,1,0.0,,,,
TRIAL,B1,B1,m6_4-trial-014,FAST,0.8,0.80,target_center,target_right,"m25-wrong-context-v1 SHA256(session|trialId), offset 1 or 2 modulo 3",False,13,10,3,True,0.7,False,,1.7,1.7,3,0.029206757087031132,0.3624322836698902,0.9976937523537694,1,0.0,,,,
TRIAL,B1,B1,m6_4-trial-014,FAST,0.9,0.90,target_center,target_right,"m25-wrong-context-v1 SHA256(session|trialId), offset 1 or 2 modulo 3",False,13,10,3,True,0.7,False,,1.7,1.7,3,0.029206757087031132,0.3624322836698902,0.9976937523537694,1,0.0,,,,
TRIAL,B1,B1,m6_4-trial-014,FAST,0.95,0.95,target_center,target_right,"m25-wrong-context-v1 SHA256(session|trialId), offset 1 or 2 modulo 3",False,13,10,3,True,0.7,False,,1.7,1.7,3,0.029206757087031132,0.3624322836698902,0.9976937523537694,1,0.0,,,,
TRIAL,B1,B1,m6_4-trial-014,FAST,0.99,0.99,target_center,target_right,"m25-wrong-context-v1 SHA256(session|trialId), offset 1 or 2 modulo 3",False,13,10,3,True,0.7,False,,1.7,1.7,3,0.029206757087031132,0.3624322836698902,0.9976937523537694,1,0.0,,,,
TRIAL,B1,B1,m6_4-trial-014,FAST,1.0,1.00,target_center,target_right,"m25-wrong-context-v1 SHA256(session|trialId), offset 1 or 2 modulo 3",False,13,10,3,True,0.7,False,,1.7,1.7,3,0.029206757087031132,0.3624322836698902,0.9976937523537694,1,0.0,,,,
TRIAL,B1,B1,m6_4-trial-015,FAST,0.7,0.70,target_right,target_left,"m25-wrong-context-v1 SHA256(session|trialId), offset 1 or 2 modulo 3",False,6,6,0,False,,False,,1.0,1.0,0,,,,,,,,,
TRIAL,B1,B1,m6_4-trial-015,FAST,0.8,0.80,target_right,target_left,"m25-wrong-context-v1 SHA256(session|trialId), offset 1 or 2 modulo 3",False,6,6,0,False,,False,,1.0,1.0,0,,,,,,,,,
TRIAL,B1,B1,m6_4-trial-015,FAST,0.9,0.90,target_right,target_left,"m25-wrong-context-v1 SHA256(session|trialId), offset 1 or 2 modulo 3",False,6,6,0,False,,False,,1.0,1.0,0,,,,,,,,,
TRIAL,B1,B1,m6_4-trial-015,FAST,0.95,0.95,target_right,target_left,"m25-wrong-context-v1 SHA256(session|trialId), offset 1 or 2 modulo 3",False,6,6,0,False,,False,,1.0,1.0,0,,,,,,,,,
TRIAL,B1,B1,m6_4-trial-015,FAST,0.99,0.99,target_right,target_left,"m25-wrong-context-v1 SHA256(session|trialId), offset 1 or 2 modulo 3",False,6,6,0,False,,False,,1.0,1.0,0,,,,,,,,,
TRIAL,B1,B1,m6_4-trial-015,FAST,1.0,1.00,target_right,target_left,"m25-wrong-context-v1 SHA256(session|trialId), offset 1 or 2 modulo 3",False,6,6,0,False,,False,,1.0,1.0,0,,,,,,,,,
TRIAL,B1,B1,m6_4-trial-016,FAST,0.7,0.70,target_center,target_right,"m25-wrong-context-v1 SHA256(session|trialId), offset 1 or 2 modulo 3",False,8,8,0,False,,False,,1.2,1.2,0,,,,,,,,,
TRIAL,B1,B1,m6_4-trial-016,FAST,0.8,0.80,target_center,target_right,"m25-wrong-context-v1 SHA256(session|trialId), offset 1 or 2 modulo 3",False,8,8,0,False,,False,,1.2,1.2,0,,,,,,,,,
TRIAL,B1,B1,m6_4-trial-016,FAST,0.9,0.90,target_center,target_right,"m25-wrong-context-v1 SHA256(session|trialId), offset 1 or 2 modulo 3",False,8,8,0,False,,False,,1.2,1.2,0,,,,,,,,,
TRIAL,B1,B1,m6_4-trial-016,FAST,0.95,0.95,target_center,target_right,"m25-wrong-context-v1 SHA256(session|trialId), offset 1 or 2 modulo 3",False,8,8,0,False,,False,,1.2,1.2,0,,,,,,,,,
TRIAL,B1,B1,m6_4-trial-016,FAST,0.99,0.99,target_center,target_right,"m25-wrong-context-v1 SHA256(session|trialId), offset 1 or 2 modulo 3",False,8,8,0,False,,False,,1.2,1.2,0,,,,,,,,,
TRIAL,B1,B1,m6_4-trial-016,FAST,1.0,1.00,target_center,target_right,"m25-wrong-context-v1 SHA256(session|trialId), offset 1 or 2 modulo 3",False,8,8,0,False,,False,,1.2,1.2,0,,,,,,,,,
TRIAL,B1,B1,m6_4-trial-017,FAST,0.7,0.70,target_right,target_left,"m25-wrong-context-v1 SHA256(session|trialId), offset 1 or 2 modulo 3",False,5,5,0,False,,False,,0.9,0.9,0,,,,,,,,,
TRIAL,B1,B1,m6_4-trial-017,FAST,0.8,0.80,target_right,target_left,"m25-wrong-context-v1 SHA256(session|trialId), offset 1 or 2 modulo 3",False,5,5,0,False,,False,,0.9,0.9,0,,,,,,,,,
TRIAL,B1,B1,m6_4-trial-017,FAST,0.9,0.90,target_right,target_left,"m25-wrong-context-v1 SHA256(session|trialId), offset 1 or 2 modulo 3",False,5,5,0,False,,False,,0.9,0.9,0,,,,,,,,,
TRIAL,B1,B1,m6_4-trial-017,FAST,0.95,0.95,target_right,target_left,"m25-wrong-context-v1 SHA256(session|trialId), offset 1 or 2 modulo 3",False,5,5,0,False,,False,,0.9,0.9,0,,,,,,,,,
TRIAL,B1,B1,m6_4-trial-017,FAST,0.99,0.99,target_right,target_left,"m25-wrong-context-v1 SHA256(session|trialId), offset 1 or 2 modulo 3",False,5,5,0,False,,False,,0.9,0.9,0,,,,,,,,,
TRIAL,B1,B1,m6_4-trial-017,FAST,1.0,1.00,target_right,target_left,"m25-wrong-context-v1 SHA256(session|trialId), offset 1 or 2 modulo 3",False,5,5,0,False,,False,,0.9,0.9,0,,,,,,,,,
TRIAL,B1,B1,m6_4-trial-018,FAST,0.7,0.70,target_left,target_center,"m25-wrong-context-v1 SHA256(session|trialId), offset 1 or 2 modulo 3",False,5,5,0,False,,False,,0.9,0.9,0,,,,,,,,,
TRIAL,B1,B1,m6_4-trial-018,FAST,0.8,0.80,target_left,target_center,"m25-wrong-context-v1 SHA256(session|trialId), offset 1 or 2 modulo 3",False,5,5,0,False,,False,,0.9,0.9,0,,,,,,,,,
TRIAL,B1,B1,m6_4-trial-018,FAST,0.9,0.90,target_left,target_center,"m25-wrong-context-v1 SHA256(session|trialId), offset 1 or 2 modulo 3",False,5,5,0,False,,False,,0.9,0.9,0,,,,,,,,,
TRIAL,B1,B1,m6_4-trial-018,FAST,0.95,0.95,target_left,target_center,"m25-wrong-context-v1 SHA256(session|trialId), offset 1 or 2 modulo 3",False,5,5,0,False,,False,,0.9,0.9,0,,,,,,,,,
TRIAL,B1,B1,m6_4-trial-018,FAST,0.99,0.99,target_left,target_center,"m25-wrong-context-v1 SHA256(session|trialId), offset 1 or 2 modulo 3",False,5,5,0,False,,False,,0.9,0.9,0,,,,,,,,,
TRIAL,B1,B1,m6_4-trial-018,FAST,1.0,1.00,target_left,target_center,"m25-wrong-context-v1 SHA256(session|trialId), offset 1 or 2 modulo 3",False,5,5,0,False,,False,,0.9,0.9,0,,,,,,,,,
TRIAL,B1,B1,m6_4-trial-019,FAST,0.7,0.70,target_right,target_left,"m25-wrong-context-v1 SHA256(session|trialId), offset 1 or 2 modulo 3",False,5,5,0,False,,False,,0.9,0.9,0,,,,,,,,,
TRIAL,B1,B1,m6_4-trial-019,FAST,0.8,0.80,target_right,target_left,"m25-wrong-context-v1 SHA256(session|trialId), offset 1 or 2 modulo 3",False,5,5,0,False,,False,,0.9,0.9,0,,,,,,,,,
TRIAL,B1,B1,m6_4-trial-019,FAST,0.9,0.90,target_right,target_left,"m25-wrong-context-v1 SHA256(session|trialId), offset 1 or 2 modulo 3",False,5,5,0,False,,False,,0.9,0.9,0,,,,,,,,,
TRIAL,B1,B1,m6_4-trial-019,FAST,0.95,0.95,target_right,target_left,"m25-wrong-context-v1 SHA256(session|trialId), offset 1 or 2 modulo 3",False,5,5,0,False,,False,,0.9,0.9,0,,,,,,,,,
TRIAL,B1,B1,m6_4-trial-019,FAST,0.99,0.99,target_right,target_left,"m25-wrong-context-v1 SHA256(session|trialId), offset 1 or 2 modulo 3",False,5,5,0,False,,False,,0.9,0.9,0,,,,,,,,,
TRIAL,B1,B1,m6_4-trial-019,FAST,1.0,1.00,target_right,target_left,"m25-wrong-context-v1 SHA256(session|trialId), offset 1 or 2 modulo 3",False,5,5,0,False,,False,,0.9,0.9,0,,,,,,,,,
TRIAL,B1,B1,m6_4-trial-020,FAST,0.7,0.70,target_center,target_right,"m25-wrong-context-v1 SHA256(session|trialId), offset 1 or 2 modulo 3",False,12,12,0,False,,False,,1.6,1.6,0,,,,,,,,,
TRIAL,B1,B1,m6_4-trial-020,FAST,0.8,0.80,target_center,target_right,"m25-wrong-context-v1 SHA256(session|trialId), offset 1 or 2 modulo 3",False,12,12,0,False,,False,,1.6,1.6,0,,,,,,,,,
TRIAL,B1,B1,m6_4-trial-020,FAST,0.9,0.90,target_center,target_right,"m25-wrong-context-v1 SHA256(session|trialId), offset 1 or 2 modulo 3",False,12,12,0,False,,False,,1.6,1.6,0,,,,,,,,,
TRIAL,B1,B1,m6_4-trial-020,FAST,0.95,0.95,target_center,target_right,"m25-wrong-context-v1 SHA256(session|trialId), offset 1 or 2 modulo 3",False,12,12,0,False,,False,,1.6,1.6,0,,,,,,,,,
TRIAL,B1,B1,m6_4-trial-020,FAST,0.99,0.99,target_center,target_right,"m25-wrong-context-v1 SHA256(session|trialId), offset 1 or 2 modulo 3",False,12,12,0,False,,False,,1.6,1.6,0,,,,,,,,,
TRIAL,B1,B1,m6_4-trial-020,FAST,1.0,1.00,target_center,target_right,"m25-wrong-context-v1 SHA256(session|trialId), offset 1 or 2 modulo 3",False,12,12,0,False,,False,,1.6,1.6,0,,,,,,,,,
TRIAL,B1,B1,m6_4-trial-021,FAST,0.7,0.70,target_center,target_right,"m25-wrong-context-v1 SHA256(session|trialId), offset 1 or 2 modulo 3",False,9,9,0,False,,False,,1.3,1.3,0,,,,,,,,,
TRIAL,B1,B1,m6_4-trial-021,FAST,0.8,0.80,target_center,target_right,"m25-wrong-context-v1 SHA256(session|trialId), offset 1 or 2 modulo 3",False,9,9,0,False,,False,,1.3,1.3,0,,,,,,,,,
TRIAL,B1,B1,m6_4-trial-021,FAST,0.9,0.90,target_center,target_right,"m25-wrong-context-v1 SHA256(session|trialId), offset 1 or 2 modulo 3",False,9,9,0,False,,False,,1.3,1.3,0,,,,,,,,,
TRIAL,B1,B1,m6_4-trial-021,FAST,0.95,0.95,target_center,target_right,"m25-wrong-context-v1 SHA256(session|trialId), offset 1 or 2 modulo 3",False,9,9,0,False,,False,,1.3,1.3,0,,,,,,,,,
TRIAL,B1,B1,m6_4-trial-021,FAST,0.99,0.99,target_center,target_right,"m25-wrong-context-v1 SHA256(session|trialId), offset 1 or 2 modulo 3",False,9,9,0,False,,False,,1.3,1.3,0,,,,,,,,,
TRIAL,B1,B1,m6_4-trial-021,FAST,1.0,1.00,target_center,target_right,"m25-wrong-context-v1 SHA256(session|trialId), offset 1 or 2 modulo 3",False,9,9,0,False,,False,,1.3,1.3,0,,,,,,,,,
TRIAL,B1,B1,m6_4-trial-022,FAST,0.7,0.70,target_left,target_right,"m25-wrong-context-v1 SHA256(session|trialId), offset 1 or 2 modulo 3",False,15,15,0,False,,False,,1.9,1.9,0,,,,,,,,,
TRIAL,B1,B1,m6_4-trial-022,FAST,0.8,0.80,target_left,target_right,"m25-wrong-context-v1 SHA256(session|trialId), offset 1 or 2 modulo 3",False,15,15,0,False,,False,,1.9,1.9,0,,,,,,,,,
TRIAL,B1,B1,m6_4-trial-022,FAST,0.9,0.90,target_left,target_right,"m25-wrong-context-v1 SHA256(session|trialId), offset 1 or 2 modulo 3",False,15,15,0,False,,False,,1.9,1.9,0,,,,,,,,,
TRIAL,B1,B1,m6_4-trial-022,FAST,0.95,0.95,target_left,target_right,"m25-wrong-context-v1 SHA256(session|trialId), offset 1 or 2 modulo 3",False,15,15,0,False,,False,,1.9,1.9,0,,,,,,,,,
TRIAL,B1,B1,m6_4-trial-022,FAST,0.99,0.99,target_left,target_right,"m25-wrong-context-v1 SHA256(session|trialId), offset 1 or 2 modulo 3",False,15,15,0,False,,False,,1.9,1.9,0,,,,,,,,,
TRIAL,B1,B1,m6_4-trial-022,FAST,1.0,1.00,target_left,target_right,"m25-wrong-context-v1 SHA256(session|trialId), offset 1 or 2 modulo 3",False,15,15,0,False,,False,,1.9,1.9,0,,,,,,,,,
TRIAL,B1,B1,m6_4-trial-023,FAST,0.7,0.70,target_center,target_right,"m25-wrong-context-v1 SHA256(session|trialId), offset 1 or 2 modulo 3",False,6,6,0,False,,False,,1.0,1.0,0,,,,,,,,,
TRIAL,B1,B1,m6_4-trial-023,FAST,0.8,0.80,target_center,target_right,"m25-wrong-context-v1 SHA256(session|trialId), offset 1 or 2 modulo 3",False,6,6,0,False,,False,,1.0,1.0,0,,,,,,,,,
TRIAL,B1,B1,m6_4-trial-023,FAST,0.9,0.90,target_center,target_right,"m25-wrong-context-v1 SHA256(session|trialId), offset 1 or 2 modulo 3",False,6,6,0,False,,False,,1.0,1.0,0,,,,,,,,,
TRIAL,B1,B1,m6_4-trial-023,FAST,0.95,0.95,target_center,target_right,"m25-wrong-context-v1 SHA256(session|trialId), offset 1 or 2 modulo 3",False,6,6,0,False,,False,,1.0,1.0,0,,,,,,,,,
TRIAL,B1,B1,m6_4-trial-023,FAST,0.99,0.99,target_center,target_right,"m25-wrong-context-v1 SHA256(session|trialId), offset 1 or 2 modulo 3",False,6,6,0,False,,False,,1.0,1.0,0,,,,,,,,,
TRIAL,B1,B1,m6_4-trial-023,FAST,1.0,1.00,target_center,target_right,"m25-wrong-context-v1 SHA256(session|trialId), offset 1 or 2 modulo 3",False,6,6,0,False,,False,,1.0,1.0,0,,,,,,,,,
TRIAL,B1,B1,m6_4-trial-024,FAST,0.7,0.70,target_right,target_center,"m25-wrong-context-v1 SHA256(session|trialId), offset 1 or 2 modulo 3",False,5,5,0,False,,False,,0.9,0.9,0,,,,,,,,,
TRIAL,B1,B1,m6_4-trial-024,FAST,0.8,0.80,target_right,target_center,"m25-wrong-context-v1 SHA256(session|trialId), offset 1 or 2 modulo 3",False,5,5,0,False,,False,,0.9,0.9,0,,,,,,,,,
TRIAL,B1,B1,m6_4-trial-024,FAST,0.9,0.90,target_right,target_center,"m25-wrong-context-v1 SHA256(session|trialId), offset 1 or 2 modulo 3",False,5,5,0,False,,False,,0.9,0.9,0,,,,,,,,,
TRIAL,B1,B1,m6_4-trial-024,FAST,0.95,0.95,target_right,target_center,"m25-wrong-context-v1 SHA256(session|trialId), offset 1 or 2 modulo 3",False,5,5,0,False,,False,,0.9,0.9,0,,,,,,,,,
TRIAL,B1,B1,m6_4-trial-024,FAST,0.99,0.99,target_right,target_center,"m25-wrong-context-v1 SHA256(session|trialId), offset 1 or 2 modulo 3",False,5,5,0,False,,False,,0.9,0.9,0,,,,,,,,,
TRIAL,B1,B1,m6_4-trial-024,FAST,1.0,1.00,target_right,target_center,"m25-wrong-context-v1 SHA256(session|trialId), offset 1 or 2 modulo 3",False,5,5,0,False,,False,,0.9,0.9,0,,,,,,,,,
TRIAL,B1,B1,m6_4-trial-025,FAST,0.7,0.70,target_left,target_center,"m25-wrong-context-v1 SHA256(session|trialId), offset 1 or 2 modulo 3",False,7,7,0,False,,False,,1.1,1.1,0,,,,,,,,,
TRIAL,B1,B1,m6_4-trial-025,FAST,0.8,0.80,target_left,target_center,"m25-wrong-context-v1 SHA256(session|trialId), offset 1 or 2 modulo 3",False,7,7,0,False,,False,,1.1,1.1,0,,,,,,,,,
TRIAL,B1,B1,m6_4-trial-025,FAST,0.9,0.90,target_left,target_center,"m25-wrong-context-v1 SHA256(session|trialId), offset 1 or 2 modulo 3",False,7,7,0,False,,False,,1.1,1.1,0,,,,,,,,,
TRIAL,B1,B1,m6_4-trial-025,FAST,0.95,0.95,target_left,target_center,"m25-wrong-context-v1 SHA256(session|trialId), offset 1 or 2 modulo 3",False,7,7,0,False,,False,,1.1,1.1,0,,,,,,,,,
TRIAL,B1,B1,m6_4-trial-025,FAST,0.99,0.99,target_left,target_center,"m25-wrong-context-v1 SHA256(session|trialId), offset 1 or 2 modulo 3",False,7,7,0,False,,False,,1.1,1.1,0,,,,,,,,,
TRIAL,B1,B1,m6_4-trial-025,FAST,1.0,1.00,target_left,target_center,"m25-wrong-context-v1 SHA256(session|trialId), offset 1 or 2 modulo 3",False,7,7,0,False,,False,,1.1,1.1,0,,,,,,,,,
TRIAL,B1,B1,m6_4-trial-026,FAST,0.7,0.70,target_left,target_right,"m25-wrong-context-v1 SHA256(session|trialId), offset 1 or 2 modulo 3",False,5,5,0,False,,False,,0.9,0.9,0,,,,,,,,,
TRIAL,B1,B1,m6_4-trial-026,FAST,0.8,0.80,target_left,target_right,"m25-wrong-context-v1 SHA256(session|trialId), offset 1 or 2 modulo 3",False,5,5,0,False,,False,,0.9,0.9,0,,,,,,,,,
TRIAL,B1,B1,m6_4-trial-026,FAST,0.9,0.90,target_left,target_right,"m25-wrong-context-v1 SHA256(session|trialId), offset 1 or 2 modulo 3",False,5,5,0,False,,False,,0.9,0.9,0,,,,,,,,,
TRIAL,B1,B1,m6_4-trial-026,FAST,0.95,0.95,target_left,target_right,"m25-wrong-context-v1 SHA256(session|trialId), offset 1 or 2 modulo 3",False,5,5,0,False,,False,,0.9,0.9,0,,,,,,,,,
TRIAL,B1,B1,m6_4-trial-026,FAST,0.99,0.99,target_left,target_right,"m25-wrong-context-v1 SHA256(session|trialId), offset 1 or 2 modulo 3",False,5,5,0,False,,False,,0.9,0.9,0,,,,,,,,,
TRIAL,B1,B1,m6_4-trial-026,FAST,1.0,1.00,target_left,target_right,"m25-wrong-context-v1 SHA256(session|trialId), offset 1 or 2 modulo 3",False,5,5,0,False,,False,,0.9,0.9,0,,,,,,,,,
TRIAL,B1,B1,m6_4-trial-027,FAST,0.7,0.70,target_center,target_right,"m25-wrong-context-v1 SHA256(session|trialId), offset 1 or 2 modulo 3",False,5,5,0,False,,False,,0.9,0.9,0,,,,,,,,,
TRIAL,B1,B1,m6_4-trial-027,FAST,0.8,0.80,target_center,target_right,"m25-wrong-context-v1 SHA256(session|trialId), offset 1 or 2 modulo 3",False,5,5,0,False,,False,,0.9,0.9,0,,,,,,,,,
TRIAL,B1,B1,m6_4-trial-027,FAST,0.9,0.90,target_center,target_right,"m25-wrong-context-v1 SHA256(session|trialId), offset 1 or 2 modulo 3",False,5,5,0,False,,False,,0.9,0.9,0,,,,,,,,,
TRIAL,B1,B1,m6_4-trial-027,FAST,0.95,0.95,target_center,target_right,"m25-wrong-context-v1 SHA256(session|trialId), offset 1 or 2 modulo 3",False,5,5,0,False,,False,,0.9,0.9,0,,,,,,,,,
TRIAL,B1,B1,m6_4-trial-027,FAST,0.99,0.99,target_center,target_right,"m25-wrong-context-v1 SHA256(session|trialId), offset 1 or 2 modulo 3",False,5,5,0,False,,False,,0.9,0.9,0,,,,,,,,,
TRIAL,B1,B1,m6_4-trial-027,FAST,1.0,1.00,target_center,target_right,"m25-wrong-context-v1 SHA256(session|trialId), offset 1 or 2 modulo 3",False,5,5,0,False,,False,,0.9,0.9,0,,,,,,,,,
TRIAL,B1,B1,m6_4-trial-028,FAST,0.7,0.70,target_center,target_left,"m25-wrong-context-v1 SHA256(session|trialId), offset 1 or 2 modulo 3",False,6,5,1,True,0.5,False,,1.0,1.0,1,0.0001418734403107469,0.362738094231334,0.9927140307985455,0,0.0,,,,
TRIAL,B1,B1,m6_4-trial-028,FAST,0.8,0.80,target_center,target_left,"m25-wrong-context-v1 SHA256(session|trialId), offset 1 or 2 modulo 3",False,6,5,1,True,0.5,False,,1.0,1.0,1,0.0001418734403107469,0.362738094231334,0.9927140307985455,0,0.0,,,,
TRIAL,B1,B1,m6_4-trial-028,FAST,0.9,0.90,target_center,target_left,"m25-wrong-context-v1 SHA256(session|trialId), offset 1 or 2 modulo 3",False,6,5,1,True,0.5,False,,1.0,1.0,1,0.0001418734403107469,0.362738094231334,0.9927140307985455,0,0.0,,,,
TRIAL,B1,B1,m6_4-trial-028,FAST,0.95,0.95,target_center,target_left,"m25-wrong-context-v1 SHA256(session|trialId), offset 1 or 2 modulo 3",False,6,5,1,True,0.5,False,,1.0,1.0,1,0.0001418734403107469,0.362738094231334,0.9927140307985455,0,0.0,,,,
TRIAL,B1,B1,m6_4-trial-028,FAST,0.99,0.99,target_center,target_left,"m25-wrong-context-v1 SHA256(session|trialId), offset 1 or 2 modulo 3",False,6,5,1,True,0.5,False,,1.0,1.0,1,0.0001418734403107469,0.362738094231334,0.9927140307985455,0,0.0,,,,
TRIAL,B1,B1,m6_4-trial-028,FAST,1.0,1.00,target_center,target_left,"m25-wrong-context-v1 SHA256(session|trialId), offset 1 or 2 modulo 3",False,6,5,1,True,0.5,False,,1.0,1.0,1,0.0001418734403107469,0.362738094231334,0.9927140307985455,0,0.0,,,,
TRIAL,B1,B1,m6_4-trial-029,FAST,0.7,0.70,target_left,target_center,"m25-wrong-context-v1 SHA256(session|trialId), offset 1 or 2 modulo 3",False,14,14,0,False,,False,,1.8,1.8,0,,,,,,,,,
TRIAL,B1,B1,m6_4-trial-029,FAST,0.8,0.80,target_left,target_center,"m25-wrong-context-v1 SHA256(session|trialId), offset 1 or 2 modulo 3",False,14,14,0,False,,False,,1.8,1.8,0,,,,,,,,,
TRIAL,B1,B1,m6_4-trial-029,FAST,0.9,0.90,target_left,target_center,"m25-wrong-context-v1 SHA256(session|trialId), offset 1 or 2 modulo 3",False,14,14,0,False,,False,,1.8,1.8,0,,,,,,,,,
TRIAL,B1,B1,m6_4-trial-029,FAST,0.95,0.95,target_left,target_center,"m25-wrong-context-v1 SHA256(session|trialId), offset 1 or 2 modulo 3",False,14,14,0,False,,False,,1.8,1.8,0,,,,,,,,,
TRIAL,B1,B1,m6_4-trial-029,FAST,0.99,0.99,target_left,target_center,"m25-wrong-context-v1 SHA256(session|trialId), offset 1 or 2 modulo 3",False,14,14,0,False,,False,,1.8,1.8,0,,,,,,,,,
TRIAL,B1,B1,m6_4-trial-029,FAST,1.0,1.00,target_left,target_center,"m25-wrong-context-v1 SHA256(session|trialId), offset 1 or 2 modulo 3",False,14,14,0,False,,False,,1.8,1.8,0,,,,,,,,,
TRIAL,B1,B1,m6_4-trial-030,FAST,0.7,0.70,target_right,target_center,"m25-wrong-context-v1 SHA256(session|trialId), offset 1 or 2 modulo 3",False,5,5,0,False,,False,,0.9,0.9,0,,,,,,,,,
TRIAL,B1,B1,m6_4-trial-030,FAST,0.8,0.80,target_right,target_center,"m25-wrong-context-v1 SHA256(session|trialId), offset 1 or 2 modulo 3",False,5,5,0,False,,False,,0.9,0.9,0,,,,,,,,,
TRIAL,B1,B1,m6_4-trial-030,FAST,0.9,0.90,target_right,target_center,"m25-wrong-context-v1 SHA256(session|trialId), offset 1 or 2 modulo 3",False,5,5,0,False,,False,,0.9,0.9,0,,,,,,,,,
TRIAL,B1,B1,m6_4-trial-030,FAST,0.95,0.95,target_right,target_center,"m25-wrong-context-v1 SHA256(session|trialId), offset 1 or 2 modulo 3",False,5,5,0,False,,False,,0.9,0.9,0,,,,,,,,,
TRIAL,B1,B1,m6_4-trial-030,FAST,0.99,0.99,target_right,target_center,"m25-wrong-context-v1 SHA256(session|trialId), offset 1 or 2 modulo 3",False,5,5,0,False,,False,,0.9,0.9,0,,,,,,,,,
TRIAL,B1,B1,m6_4-trial-030,FAST,1.0,1.00,target_right,target_center,"m25-wrong-context-v1 SHA256(session|trialId), offset 1 or 2 modulo 3",False,5,5,0,False,,False,,0.9,0.9,0,,,,,,,,,
TRIAL,B1,B1,m6_4-trial-001,MEDIUM,0.7,0.70,target_left,target_right,"m25-wrong-context-v1 SHA256(session|trialId), offset 1 or 2 modulo 3",False,15,12,3,True,0.7,False,,1.9,1.9,3,0.059486961999290655,0.39018008426588424,0.9915606359185641,1,0.0,,,,
TRIAL,B1,B1,m6_4-trial-001,MEDIUM,0.8,0.80,target_left,target_right,"m25-wrong-context-v1 SHA256(session|trialId), offset 1 or 2 modulo 3",False,15,12,3,True,0.7,False,,1.9,1.9,3,0.059486961999290655,0.39018008426588424,0.9915606359185641,1,0.0,,,,
TRIAL,B1,B1,m6_4-trial-001,MEDIUM,0.9,0.90,target_left,target_right,"m25-wrong-context-v1 SHA256(session|trialId), offset 1 or 2 modulo 3",False,15,12,3,True,0.7,False,,1.9,1.9,3,0.059486961999290655,0.39018008426588424,0.9915606359185641,1,0.0,,,,
TRIAL,B1,B1,m6_4-trial-001,MEDIUM,0.95,0.95,target_left,target_right,"m25-wrong-context-v1 SHA256(session|trialId), offset 1 or 2 modulo 3",False,15,12,3,True,0.7,False,,1.9,1.9,3,0.059486961999290655,0.39018008426588424,0.9915606359185641,1,0.0,,,,
TRIAL,B1,B1,m6_4-trial-001,MEDIUM,0.99,0.99,target_left,target_right,"m25-wrong-context-v1 SHA256(session|trialId), offset 1 or 2 modulo 3",False,15,12,3,True,0.7,False,,1.9,1.9,3,0.059486961999290655,0.39018008426588424,0.9915606359185641,1,0.0,,,,
TRIAL,B1,B1,m6_4-trial-001,MEDIUM,1.0,1.00,target_left,target_right,"m25-wrong-context-v1 SHA256(session|trialId), offset 1 or 2 modulo 3",False,15,12,3,True,0.7,False,,1.9,1.9,3,0.059486961999290655,0.39018008426588424,0.9915606359185641,1,0.0,,,,
TRIAL,B1,B1,m6_4-trial-002,MEDIUM,0.7,0.70,target_right,target_left,"m25-wrong-context-v1 SHA256(session|trialId), offset 1 or 2 modulo 3",False,5,5,0,False,,False,,0.9,0.9,0,,,,,,,,,
TRIAL,B1,B1,m6_4-trial-002,MEDIUM,0.8,0.80,target_right,target_left,"m25-wrong-context-v1 SHA256(session|trialId), offset 1 or 2 modulo 3",False,5,5,0,False,,False,,0.9,0.9,0,,,,,,,,,
TRIAL,B1,B1,m6_4-trial-002,MEDIUM,0.9,0.90,target_right,target_left,"m25-wrong-context-v1 SHA256(session|trialId), offset 1 or 2 modulo 3",False,5,5,0,False,,False,,0.9,0.9,0,,,,,,,,,
TRIAL,B1,B1,m6_4-trial-002,MEDIUM,0.95,0.95,target_right,target_left,"m25-wrong-context-v1 SHA256(session|trialId), offset 1 or 2 modulo 3",False,5,5,0,False,,False,,0.9,0.9,0,,,,,,,,,
TRIAL,B1,B1,m6_4-trial-002,MEDIUM,0.99,0.99,target_right,target_left,"m25-wrong-context-v1 SHA256(session|trialId), offset 1 or 2 modulo 3",False,5,5,0,False,,False,,0.9,0.9,0,,,,,,,,,
TRIAL,B1,B1,m6_4-trial-002,MEDIUM,1.0,1.00,target_right,target_left,"m25-wrong-context-v1 SHA256(session|trialId), offset 1 or 2 modulo 3",False,5,5,0,False,,False,,0.9,0.9,0,,,,,,,,,
TRIAL,B1,B1,m6_4-trial-003,MEDIUM,0.7,0.70,target_right,target_left,"m25-wrong-context-v1 SHA256(session|trialId), offset 1 or 2 modulo 3",False,8,7,1,True,0.5,False,,1.2,1.2,1,0.02130868816679332,0.39226020973012876,0.9794811448317691,0,0.0,,,,
TRIAL,B1,B1,m6_4-trial-003,MEDIUM,0.8,0.80,target_right,target_left,"m25-wrong-context-v1 SHA256(session|trialId), offset 1 or 2 modulo 3",False,8,7,1,True,0.5,False,,1.2,1.2,1,0.02130868816679332,0.39226020973012876,0.9794811448317691,0,0.0,,,,
TRIAL,B1,B1,m6_4-trial-003,MEDIUM,0.9,0.90,target_right,target_left,"m25-wrong-context-v1 SHA256(session|trialId), offset 1 or 2 modulo 3",False,8,7,1,True,0.5,False,,1.2,1.2,1,0.02130868816679332,0.39226020973012876,0.9794811448317691,0,0.0,,,,
TRIAL,B1,B1,m6_4-trial-003,MEDIUM,0.95,0.95,target_right,target_left,"m25-wrong-context-v1 SHA256(session|trialId), offset 1 or 2 modulo 3",False,8,7,1,True,0.5,False,,1.2,1.2,1,0.02130868816679332,0.39226020973012876,0.9794811448317691,0,0.0,,,,
TRIAL,B1,B1,m6_4-trial-003,MEDIUM,0.99,0.99,target_right,target_left,"m25-wrong-context-v1 SHA256(session|trialId), offset 1 or 2 modulo 3",False,8,7,1,True,0.5,False,,1.2,1.2,1,0.02130868816679332,0.39226020973012876,0.9794811448317691,0,0.0,,,,
TRIAL,B1,B1,m6_4-trial-003,MEDIUM,1.0,1.00,target_right,target_left,"m25-wrong-context-v1 SHA256(session|trialId), offset 1 or 2 modulo 3",False,8,7,1,True,0.5,False,,1.2,1.2,1,0.02130868816679332,0.39226020973012876,0.9794811448317691,0,0.0,,,,
TRIAL,B1,B1,m6_4-trial-004,MEDIUM,0.7,0.70,target_left,target_center,"m25-wrong-context-v1 SHA256(session|trialId), offset 1 or 2 modulo 3",False,6,6,0,False,,False,,1.0,1.0,0,,,,,,,,,
TRIAL,B1,B1,m6_4-trial-004,MEDIUM,0.8,0.80,target_left,target_center,"m25-wrong-context-v1 SHA256(session|trialId), offset 1 or 2 modulo 3",False,6,6,0,False,,False,,1.0,1.0,0,,,,,,,,,
TRIAL,B1,B1,m6_4-trial-004,MEDIUM,0.9,0.90,target_left,target_center,"m25-wrong-context-v1 SHA256(session|trialId), offset 1 or 2 modulo 3",False,6,6,0,False,,False,,1.0,1.0,0,,,,,,,,,
TRIAL,B1,B1,m6_4-trial-004,MEDIUM,0.95,0.95,target_left,target_center,"m25-wrong-context-v1 SHA256(session|trialId), offset 1 or 2 modulo 3",False,6,6,0,False,,False,,1.0,1.0,0,,,,,,,,,
TRIAL,B1,B1,m6_4-trial-004,MEDIUM,0.99,0.99,target_left,target_center,"m25-wrong-context-v1 SHA256(session|trialId), offset 1 or 2 modulo 3",False,6,6,0,False,,False,,1.0,1.0,0,,,,,,,,,
TRIAL,B1,B1,m6_4-trial-004,MEDIUM,1.0,1.00,target_left,target_center,"m25-wrong-context-v1 SHA256(session|trialId), offset 1 or 2 modulo 3",False,6,6,0,False,,False,,1.0,1.0,0,,,,,,,,,
TRIAL,B1,B1,m6_4-trial-005,MEDIUM,0.7,0.70,target_center,target_left,"m25-wrong-context-v1 SHA256(session|trialId), offset 1 or 2 modulo 3",False,15,15,0,False,,False,,1.9,1.9,0,,,,,,,,,
TRIAL,B1,B1,m6_4-trial-005,MEDIUM,0.8,0.80,target_center,target_left,"m25-wrong-context-v1 SHA256(session|trialId), offset 1 or 2 modulo 3",False,15,15,0,False,,False,,1.9,1.9,0,,,,,,,,,
TRIAL,B1,B1,m6_4-trial-005,MEDIUM,0.9,0.90,target_center,target_left,"m25-wrong-context-v1 SHA256(session|trialId), offset 1 or 2 modulo 3",False,15,15,0,False,,False,,1.9,1.9,0,,,,,,,,,
TRIAL,B1,B1,m6_4-trial-005,MEDIUM,0.95,0.95,target_center,target_left,"m25-wrong-context-v1 SHA256(session|trialId), offset 1 or 2 modulo 3",False,15,15,0,False,,False,,1.9,1.9,0,,,,,,,,,
TRIAL,B1,B1,m6_4-trial-005,MEDIUM,0.99,0.99,target_center,target_left,"m25-wrong-context-v1 SHA256(session|trialId), offset 1 or 2 modulo 3",False,15,15,0,False,,False,,1.9,1.9,0,,,,,,,,,
TRIAL,B1,B1,m6_4-trial-005,MEDIUM,1.0,1.00,target_center,target_left,"m25-wrong-context-v1 SHA256(session|trialId), offset 1 or 2 modulo 3",False,15,15,0,False,,False,,1.9,1.9,0,,,,,,,,,
TRIAL,B1,B1,m6_4-trial-006,MEDIUM,0.7,0.70,target_center,target_left,"m25-wrong-context-v1 SHA256(session|trialId), offset 1 or 2 modulo 3",False,5,5,0,False,,False,,0.9,0.9,0,,,,,,,,,
TRIAL,B1,B1,m6_4-trial-006,MEDIUM,0.8,0.80,target_center,target_left,"m25-wrong-context-v1 SHA256(session|trialId), offset 1 or 2 modulo 3",False,5,5,0,False,,False,,0.9,0.9,0,,,,,,,,,
TRIAL,B1,B1,m6_4-trial-006,MEDIUM,0.9,0.90,target_center,target_left,"m25-wrong-context-v1 SHA256(session|trialId), offset 1 or 2 modulo 3",False,5,5,0,False,,False,,0.9,0.9,0,,,,,,,,,
TRIAL,B1,B1,m6_4-trial-006,MEDIUM,0.95,0.95,target_center,target_left,"m25-wrong-context-v1 SHA256(session|trialId), offset 1 or 2 modulo 3",False,5,5,0,False,,False,,0.9,0.9,0,,,,,,,,,
TRIAL,B1,B1,m6_4-trial-006,MEDIUM,0.99,0.99,target_center,target_left,"m25-wrong-context-v1 SHA256(session|trialId), offset 1 or 2 modulo 3",False,5,5,0,False,,False,,0.9,0.9,0,,,,,,,,,
TRIAL,B1,B1,m6_4-trial-006,MEDIUM,1.0,1.00,target_center,target_left,"m25-wrong-context-v1 SHA256(session|trialId), offset 1 or 2 modulo 3",False,5,5,0,False,,False,,0.9,0.9,0,,,,,,,,,
TRIAL,B1,B1,m6_4-trial-007,MEDIUM,0.7,0.70,target_right,target_center,"m25-wrong-context-v1 SHA256(session|trialId), offset 1 or 2 modulo 3",False,7,7,0,False,,False,,1.1,1.1,0,,,,,,,,,
TRIAL,B1,B1,m6_4-trial-007,MEDIUM,0.8,0.80,target_right,target_center,"m25-wrong-context-v1 SHA256(session|trialId), offset 1 or 2 modulo 3",False,7,7,0,False,,False,,1.1,1.1,0,,,,,,,,,
TRIAL,B1,B1,m6_4-trial-007,MEDIUM,0.9,0.90,target_right,target_center,"m25-wrong-context-v1 SHA256(session|trialId), offset 1 or 2 modulo 3",False,7,7,0,False,,False,,1.1,1.1,0,,,,,,,,,
TRIAL,B1,B1,m6_4-trial-007,MEDIUM,0.95,0.95,target_right,target_center,"m25-wrong-context-v1 SHA256(session|trialId), offset 1 or 2 modulo 3",False,7,7,0,False,,False,,1.1,1.1,0,,,,,,,,,
TRIAL,B1,B1,m6_4-trial-007,MEDIUM,0.99,0.99,target_right,target_center,"m25-wrong-context-v1 SHA256(session|trialId), offset 1 or 2 modulo 3",False,7,7,0,False,,False,,1.1,1.1,0,,,,,,,,,
TRIAL,B1,B1,m6_4-trial-007,MEDIUM,1.0,1.00,target_right,target_center,"m25-wrong-context-v1 SHA256(session|trialId), offset 1 or 2 modulo 3",False,7,7,0,False,,False,,1.1,1.1,0,,,,,,,,,
TRIAL,B1,B1,m6_4-trial-008,MEDIUM,0.7,0.70,target_right,target_center,"m25-wrong-context-v1 SHA256(session|trialId), offset 1 or 2 modulo 3",False,8,8,0,False,,False,,1.2,1.2,0,,,,,,,,,
TRIAL,B1,B1,m6_4-trial-008,MEDIUM,0.8,0.80,target_right,target_center,"m25-wrong-context-v1 SHA256(session|trialId), offset 1 or 2 modulo 3",False,8,8,0,False,,False,,1.2,1.2,0,,,,,,,,,
TRIAL,B1,B1,m6_4-trial-008,MEDIUM,0.9,0.90,target_right,target_center,"m25-wrong-context-v1 SHA256(session|trialId), offset 1 or 2 modulo 3",False,8,8,0,False,,False,,1.2,1.2,0,,,,,,,,,
TRIAL,B1,B1,m6_4-trial-008,MEDIUM,0.95,0.95,target_right,target_center,"m25-wrong-context-v1 SHA256(session|trialId), offset 1 or 2 modulo 3",False,8,8,0,False,,False,,1.2,1.2,0,,,,,,,,,
TRIAL,B1,B1,m6_4-trial-008,MEDIUM,0.99,0.99,target_right,target_center,"m25-wrong-context-v1 SHA256(session|trialId), offset 1 or 2 modulo 3",False,8,8,0,False,,False,,1.2,1.2,0,,,,,,,,,
TRIAL,B1,B1,m6_4-trial-008,MEDIUM,1.0,1.00,target_right,target_center,"m25-wrong-context-v1 SHA256(session|trialId), offset 1 or 2 modulo 3",False,8,8,0,False,,False,,1.2,1.2,0,,,,,,,,,
TRIAL,B1,B1,m6_4-trial-009,MEDIUM,0.7,0.70,target_left,target_right,"m25-wrong-context-v1 SHA256(session|trialId), offset 1 or 2 modulo 3",False,7,7,0,False,,False,,1.1,1.1,0,,,,,,,,,
TRIAL,B1,B1,m6_4-trial-009,MEDIUM,0.8,0.80,target_left,target_right,"m25-wrong-context-v1 SHA256(session|trialId), offset 1 or 2 modulo 3",False,7,7,0,False,,False,,1.1,1.1,0,,,,,,,,,
TRIAL,B1,B1,m6_4-trial-009,MEDIUM,0.9,0.90,target_left,target_right,"m25-wrong-context-v1 SHA256(session|trialId), offset 1 or 2 modulo 3",False,7,7,0,False,,False,,1.1,1.1,0,,,,,,,,,
TRIAL,B1,B1,m6_4-trial-009,MEDIUM,0.95,0.95,target_left,target_right,"m25-wrong-context-v1 SHA256(session|trialId), offset 1 or 2 modulo 3",False,7,7,0,False,,False,,1.1,1.1,0,,,,,,,,,
TRIAL,B1,B1,m6_4-trial-009,MEDIUM,0.99,0.99,target_left,target_right,"m25-wrong-context-v1 SHA256(session|trialId), offset 1 or 2 modulo 3",False,7,7,0,False,,False,,1.1,1.1,0,,,,,,,,,
TRIAL,B1,B1,m6_4-trial-009,MEDIUM,1.0,1.00,target_left,target_right,"m25-wrong-context-v1 SHA256(session|trialId), offset 1 or 2 modulo 3",False,7,7,0,False,,False,,1.1,1.1,0,,,,,,,,,
TRIAL,B1,B1,m6_4-trial-010,MEDIUM,0.7,0.70,target_right,target_center,"m25-wrong-context-v1 SHA256(session|trialId), offset 1 or 2 modulo 3",False,6,6,0,False,,False,,1.0,1.0,0,,,,,,,,,
TRIAL,B1,B1,m6_4-trial-010,MEDIUM,0.8,0.80,target_right,target_center,"m25-wrong-context-v1 SHA256(session|trialId), offset 1 or 2 modulo 3",False,6,6,0,False,,False,,1.0,1.0,0,,,,,,,,,
TRIAL,B1,B1,m6_4-trial-010,MEDIUM,0.9,0.90,target_right,target_center,"m25-wrong-context-v1 SHA256(session|trialId), offset 1 or 2 modulo 3",False,6,6,0,False,,False,,1.0,1.0,0,,,,,,,,,
TRIAL,B1,B1,m6_4-trial-010,MEDIUM,0.95,0.95,target_right,target_center,"m25-wrong-context-v1 SHA256(session|trialId), offset 1 or 2 modulo 3",False,6,6,0,False,,False,,1.0,1.0,0,,,,,,,,,
TRIAL,B1,B1,m6_4-trial-010,MEDIUM,0.99,0.99,target_right,target_center,"m25-wrong-context-v1 SHA256(session|trialId), offset 1 or 2 modulo 3",False,6,6,0,False,,False,,1.0,1.0,0,,,,,,,,,
TRIAL,B1,B1,m6_4-trial-010,MEDIUM,1.0,1.00,target_right,target_center,"m25-wrong-context-v1 SHA256(session|trialId), offset 1 or 2 modulo 3",False,6,6,0,False,,False,,1.0,1.0,0,,,,,,,,,
TRIAL,B1,B1,m6_4-trial-012,MEDIUM,0.7,0.70,target_left,target_center,"m25-wrong-context-v1 SHA256(session|trialId), offset 1 or 2 modulo 3",False,5,5,0,False,,False,,0.9,0.9,0,,,,,,,,,
TRIAL,B1,B1,m6_4-trial-012,MEDIUM,0.8,0.80,target_left,target_center,"m25-wrong-context-v1 SHA256(session|trialId), offset 1 or 2 modulo 3",False,5,5,0,False,,False,,0.9,0.9,0,,,,,,,,,
TRIAL,B1,B1,m6_4-trial-012,MEDIUM,0.9,0.90,target_left,target_center,"m25-wrong-context-v1 SHA256(session|trialId), offset 1 or 2 modulo 3",False,5,5,0,False,,False,,0.9,0.9,0,,,,,,,,,
TRIAL,B1,B1,m6_4-trial-012,MEDIUM,0.95,0.95,target_left,target_center,"m25-wrong-context-v1 SHA256(session|trialId), offset 1 or 2 modulo 3",False,5,5,0,False,,False,,0.9,0.9,0,,,,,,,,,
TRIAL,B1,B1,m6_4-trial-012,MEDIUM,0.99,0.99,target_left,target_center,"m25-wrong-context-v1 SHA256(session|trialId), offset 1 or 2 modulo 3",False,5,5,0,False,,False,,0.9,0.9,0,,,,,,,,,
TRIAL,B1,B1,m6_4-trial-012,MEDIUM,1.0,1.00,target_left,target_center,"m25-wrong-context-v1 SHA256(session|trialId), offset 1 or 2 modulo 3",False,5,5,0,False,,False,,0.9,0.9,0,,,,,,,,,
TRIAL,B1,B1,m6_4-trial-013,MEDIUM,0.7,0.70,target_left,target_center,"m25-wrong-context-v1 SHA256(session|trialId), offset 1 or 2 modulo 3",False,15,15,0,False,,False,,1.9,1.9,0,,,,,,,,,
TRIAL,B1,B1,m6_4-trial-013,MEDIUM,0.8,0.80,target_left,target_center,"m25-wrong-context-v1 SHA256(session|trialId), offset 1 or 2 modulo 3",False,15,15,0,False,,False,,1.9,1.9,0,,,,,,,,,
TRIAL,B1,B1,m6_4-trial-013,MEDIUM,0.9,0.90,target_left,target_center,"m25-wrong-context-v1 SHA256(session|trialId), offset 1 or 2 modulo 3",False,15,15,0,False,,False,,1.9,1.9,0,,,,,,,,,
TRIAL,B1,B1,m6_4-trial-013,MEDIUM,0.95,0.95,target_left,target_center,"m25-wrong-context-v1 SHA256(session|trialId), offset 1 or 2 modulo 3",False,15,15,0,False,,False,,1.9,1.9,0,,,,,,,,,
TRIAL,B1,B1,m6_4-trial-013,MEDIUM,0.99,0.99,target_left,target_center,"m25-wrong-context-v1 SHA256(session|trialId), offset 1 or 2 modulo 3",False,15,15,0,False,,False,,1.9,1.9,0,,,,,,,,,
TRIAL,B1,B1,m6_4-trial-013,MEDIUM,1.0,1.00,target_left,target_center,"m25-wrong-context-v1 SHA256(session|trialId), offset 1 or 2 modulo 3",False,15,15,0,False,,False,,1.9,1.9,0,,,,,,,,,
TRIAL,B1,B1,m6_4-trial-014,MEDIUM,0.7,0.70,target_center,target_right,"m25-wrong-context-v1 SHA256(session|trialId), offset 1 or 2 modulo 3",False,15,12,3,True,0.7,False,,1.9,1.9,3,0.029206757087031132,0.3624322836698902,0.9976937523537694,1,0.0,,,,
TRIAL,B1,B1,m6_4-trial-014,MEDIUM,0.8,0.80,target_center,target_right,"m25-wrong-context-v1 SHA256(session|trialId), offset 1 or 2 modulo 3",False,15,12,3,True,0.7,False,,1.9,1.9,3,0.029206757087031132,0.3624322836698902,0.9976937523537694,1,0.0,,,,
TRIAL,B1,B1,m6_4-trial-014,MEDIUM,0.9,0.90,target_center,target_right,"m25-wrong-context-v1 SHA256(session|trialId), offset 1 or 2 modulo 3",False,15,12,3,True,0.7,False,,1.9,1.9,3,0.029206757087031132,0.3624322836698902,0.9976937523537694,1,0.0,,,,
TRIAL,B1,B1,m6_4-trial-014,MEDIUM,0.95,0.95,target_center,target_right,"m25-wrong-context-v1 SHA256(session|trialId), offset 1 or 2 modulo 3",False,15,12,3,True,0.7,False,,1.9,1.9,3,0.029206757087031132,0.3624322836698902,0.9976937523537694,1,0.0,,,,
TRIAL,B1,B1,m6_4-trial-014,MEDIUM,0.99,0.99,target_center,target_right,"m25-wrong-context-v1 SHA256(session|trialId), offset 1 or 2 modulo 3",False,15,12,3,True,0.7,False,,1.9,1.9,3,0.029206757087031132,0.3624322836698902,0.9976937523537694,1,0.0,,,,
TRIAL,B1,B1,m6_4-trial-014,MEDIUM,1.0,1.00,target_center,target_right,"m25-wrong-context-v1 SHA256(session|trialId), offset 1 or 2 modulo 3",False,15,12,3,True,0.7,False,,1.9,1.9,3,0.029206757087031132,0.3624322836698902,0.9976937523537694,1,0.0,,,,
TRIAL,B1,B1,m6_4-trial-015,MEDIUM,0.7,0.70,target_right,target_left,"m25-wrong-context-v1 SHA256(session|trialId), offset 1 or 2 modulo 3",False,10,10,0,False,,False,,1.4,1.4,0,,,,,,,,,
TRIAL,B1,B1,m6_4-trial-015,MEDIUM,0.8,0.80,target_right,target_left,"m25-wrong-context-v1 SHA256(session|trialId), offset 1 or 2 modulo 3",False,10,10,0,False,,False,,1.4,1.4,0,,,,,,,,,
TRIAL,B1,B1,m6_4-trial-015,MEDIUM,0.9,0.90,target_right,target_left,"m25-wrong-context-v1 SHA256(session|trialId), offset 1 or 2 modulo 3",False,10,10,0,False,,False,,1.4,1.4,0,,,,,,,,,
TRIAL,B1,B1,m6_4-trial-015,MEDIUM,0.95,0.95,target_right,target_left,"m25-wrong-context-v1 SHA256(session|trialId), offset 1 or 2 modulo 3",False,10,10,0,False,,False,,1.4,1.4,0,,,,,,,,,
TRIAL,B1,B1,m6_4-trial-015,MEDIUM,0.99,0.99,target_right,target_left,"m25-wrong-context-v1 SHA256(session|trialId), offset 1 or 2 modulo 3",False,10,10,0,False,,False,,1.4,1.4,0,,,,,,,,,
TRIAL,B1,B1,m6_4-trial-015,MEDIUM,1.0,1.00,target_right,target_left,"m25-wrong-context-v1 SHA256(session|trialId), offset 1 or 2 modulo 3",False,10,10,0,False,,False,,1.4,1.4,0,,,,,,,,,
TRIAL,B1,B1,m6_4-trial-016,MEDIUM,0.7,0.70,target_center,target_right,"m25-wrong-context-v1 SHA256(session|trialId), offset 1 or 2 modulo 3",False,9,9,0,False,,False,,1.3,1.3,0,,,,,,,,,
TRIAL,B1,B1,m6_4-trial-016,MEDIUM,0.8,0.80,target_center,target_right,"m25-wrong-context-v1 SHA256(session|trialId), offset 1 or 2 modulo 3",False,9,9,0,False,,False,,1.3,1.3,0,,,,,,,,,
TRIAL,B1,B1,m6_4-trial-016,MEDIUM,0.9,0.90,target_center,target_right,"m25-wrong-context-v1 SHA256(session|trialId), offset 1 or 2 modulo 3",False,9,9,0,False,,False,,1.3,1.3,0,,,,,,,,,
TRIAL,B1,B1,m6_4-trial-016,MEDIUM,0.95,0.95,target_center,target_right,"m25-wrong-context-v1 SHA256(session|trialId), offset 1 or 2 modulo 3",False,9,9,0,False,,False,,1.3,1.3,0,,,,,,,,,
TRIAL,B1,B1,m6_4-trial-016,MEDIUM,0.99,0.99,target_center,target_right,"m25-wrong-context-v1 SHA256(session|trialId), offset 1 or 2 modulo 3",False,9,9,0,False,,False,,1.3,1.3,0,,,,,,,,,
TRIAL,B1,B1,m6_4-trial-016,MEDIUM,1.0,1.00,target_center,target_right,"m25-wrong-context-v1 SHA256(session|trialId), offset 1 or 2 modulo 3",False,9,9,0,False,,False,,1.3,1.3,0,,,,,,,,,
TRIAL,B1,B1,m6_4-trial-017,MEDIUM,0.7,0.70,target_right,target_left,"m25-wrong-context-v1 SHA256(session|trialId), offset 1 or 2 modulo 3",False,5,5,0,False,,False,,0.9,0.9,0,,,,,,,,,
TRIAL,B1,B1,m6_4-trial-017,MEDIUM,0.8,0.80,target_right,target_left,"m25-wrong-context-v1 SHA256(session|trialId), offset 1 or 2 modulo 3",False,5,5,0,False,,False,,0.9,0.9,0,,,,,,,,,
TRIAL,B1,B1,m6_4-trial-017,MEDIUM,0.9,0.90,target_right,target_left,"m25-wrong-context-v1 SHA256(session|trialId), offset 1 or 2 modulo 3",False,5,5,0,False,,False,,0.9,0.9,0,,,,,,,,,
TRIAL,B1,B1,m6_4-trial-017,MEDIUM,0.95,0.95,target_right,target_left,"m25-wrong-context-v1 SHA256(session|trialId), offset 1 or 2 modulo 3",False,5,5,0,False,,False,,0.9,0.9,0,,,,,,,,,
TRIAL,B1,B1,m6_4-trial-017,MEDIUM,0.99,0.99,target_right,target_left,"m25-wrong-context-v1 SHA256(session|trialId), offset 1 or 2 modulo 3",False,5,5,0,False,,False,,0.9,0.9,0,,,,,,,,,
TRIAL,B1,B1,m6_4-trial-017,MEDIUM,1.0,1.00,target_right,target_left,"m25-wrong-context-v1 SHA256(session|trialId), offset 1 or 2 modulo 3",False,5,5,0,False,,False,,0.9,0.9,0,,,,,,,,,
TRIAL,B1,B1,m6_4-trial-018,MEDIUM,0.7,0.70,target_left,target_center,"m25-wrong-context-v1 SHA256(session|trialId), offset 1 or 2 modulo 3",False,5,5,0,False,,False,,0.9,0.9,0,,,,,,,,,
TRIAL,B1,B1,m6_4-trial-018,MEDIUM,0.8,0.80,target_left,target_center,"m25-wrong-context-v1 SHA256(session|trialId), offset 1 or 2 modulo 3",False,5,5,0,False,,False,,0.9,0.9,0,,,,,,,,,
TRIAL,B1,B1,m6_4-trial-018,MEDIUM,0.9,0.90,target_left,target_center,"m25-wrong-context-v1 SHA256(session|trialId), offset 1 or 2 modulo 3",False,5,5,0,False,,False,,0.9,0.9,0,,,,,,,,,
TRIAL,B1,B1,m6_4-trial-018,MEDIUM,0.95,0.95,target_left,target_center,"m25-wrong-context-v1 SHA256(session|trialId), offset 1 or 2 modulo 3",False,5,5,0,False,,False,,0.9,0.9,0,,,,,,,,,
TRIAL,B1,B1,m6_4-trial-018,MEDIUM,0.99,0.99,target_left,target_center,"m25-wrong-context-v1 SHA256(session|trialId), offset 1 or 2 modulo 3",False,5,5,0,False,,False,,0.9,0.9,0,,,,,,,,,
TRIAL,B1,B1,m6_4-trial-018,MEDIUM,1.0,1.00,target_left,target_center,"m25-wrong-context-v1 SHA256(session|trialId), offset 1 or 2 modulo 3",False,5,5,0,False,,False,,0.9,0.9,0,,,,,,,,,
TRIAL,B1,B1,m6_4-trial-019,MEDIUM,0.7,0.70,target_right,target_left,"m25-wrong-context-v1 SHA256(session|trialId), offset 1 or 2 modulo 3",False,6,6,0,False,,False,,1.0,1.0,0,,,,,,,,,
TRIAL,B1,B1,m6_4-trial-019,MEDIUM,0.8,0.80,target_right,target_left,"m25-wrong-context-v1 SHA256(session|trialId), offset 1 or 2 modulo 3",False,6,6,0,False,,False,,1.0,1.0,0,,,,,,,,,
TRIAL,B1,B1,m6_4-trial-019,MEDIUM,0.9,0.90,target_right,target_left,"m25-wrong-context-v1 SHA256(session|trialId), offset 1 or 2 modulo 3",False,6,6,0,False,,False,,1.0,1.0,0,,,,,,,,,
TRIAL,B1,B1,m6_4-trial-019,MEDIUM,0.95,0.95,target_right,target_left,"m25-wrong-context-v1 SHA256(session|trialId), offset 1 or 2 modulo 3",False,6,6,0,False,,False,,1.0,1.0,0,,,,,,,,,
TRIAL,B1,B1,m6_4-trial-019,MEDIUM,0.99,0.99,target_right,target_left,"m25-wrong-context-v1 SHA256(session|trialId), offset 1 or 2 modulo 3",False,6,6,0,False,,False,,1.0,1.0,0,,,,,,,,,
TRIAL,B1,B1,m6_4-trial-019,MEDIUM,1.0,1.00,target_right,target_left,"m25-wrong-context-v1 SHA256(session|trialId), offset 1 or 2 modulo 3",False,6,6,0,False,,False,,1.0,1.0,0,,,,,,,,,
TRIAL,B1,B1,m6_4-trial-020,MEDIUM,0.7,0.70,target_center,target_right,"m25-wrong-context-v1 SHA256(session|trialId), offset 1 or 2 modulo 3",False,12,12,0,False,,False,,1.6,1.6,0,,,,,,,,,
TRIAL,B1,B1,m6_4-trial-020,MEDIUM,0.8,0.80,target_center,target_right,"m25-wrong-context-v1 SHA256(session|trialId), offset 1 or 2 modulo 3",False,12,12,0,False,,False,,1.6,1.6,0,,,,,,,,,
TRIAL,B1,B1,m6_4-trial-020,MEDIUM,0.9,0.90,target_center,target_right,"m25-wrong-context-v1 SHA256(session|trialId), offset 1 or 2 modulo 3",False,12,12,0,False,,False,,1.6,1.6,0,,,,,,,,,
TRIAL,B1,B1,m6_4-trial-020,MEDIUM,0.95,0.95,target_center,target_right,"m25-wrong-context-v1 SHA256(session|trialId), offset 1 or 2 modulo 3",False,12,12,0,False,,False,,1.6,1.6,0,,,,,,,,,
TRIAL,B1,B1,m6_4-trial-020,MEDIUM,0.99,0.99,target_center,target_right,"m25-wrong-context-v1 SHA256(session|trialId), offset 1 or 2 modulo 3",False,12,12,0,False,,False,,1.6,1.6,0,,,,,,,,,
TRIAL,B1,B1,m6_4-trial-020,MEDIUM,1.0,1.00,target_center,target_right,"m25-wrong-context-v1 SHA256(session|trialId), offset 1 or 2 modulo 3",False,12,12,0,False,,False,,1.6,1.6,0,,,,,,,,,
TRIAL,B1,B1,m6_4-trial-021,MEDIUM,0.7,0.70,target_center,target_right,"m25-wrong-context-v1 SHA256(session|trialId), offset 1 or 2 modulo 3",False,9,9,0,False,,False,,1.3,1.3,0,,,,,,,,,
TRIAL,B1,B1,m6_4-trial-021,MEDIUM,0.8,0.80,target_center,target_right,"m25-wrong-context-v1 SHA256(session|trialId), offset 1 or 2 modulo 3",False,9,9,0,False,,False,,1.3,1.3,0,,,,,,,,,
TRIAL,B1,B1,m6_4-trial-021,MEDIUM,0.9,0.90,target_center,target_right,"m25-wrong-context-v1 SHA256(session|trialId), offset 1 or 2 modulo 3",False,9,9,0,False,,False,,1.3,1.3,0,,,,,,,,,
TRIAL,B1,B1,m6_4-trial-021,MEDIUM,0.95,0.95,target_center,target_right,"m25-wrong-context-v1 SHA256(session|trialId), offset 1 or 2 modulo 3",False,9,9,0,False,,False,,1.3,1.3,0,,,,,,,,,
TRIAL,B1,B1,m6_4-trial-021,MEDIUM,0.99,0.99,target_center,target_right,"m25-wrong-context-v1 SHA256(session|trialId), offset 1 or 2 modulo 3",False,9,9,0,False,,False,,1.3,1.3,0,,,,,,,,,
TRIAL,B1,B1,m6_4-trial-021,MEDIUM,1.0,1.00,target_center,target_right,"m25-wrong-context-v1 SHA256(session|trialId), offset 1 or 2 modulo 3",False,9,9,0,False,,False,,1.3,1.3,0,,,,,,,,,
TRIAL,B1,B1,m6_4-trial-022,MEDIUM,0.7,0.70,target_left,target_right,"m25-wrong-context-v1 SHA256(session|trialId), offset 1 or 2 modulo 3",False,15,15,0,False,,False,,1.9,1.9,0,,,,,,,,,
TRIAL,B1,B1,m6_4-trial-022,MEDIUM,0.8,0.80,target_left,target_right,"m25-wrong-context-v1 SHA256(session|trialId), offset 1 or 2 modulo 3",False,15,15,0,False,,False,,1.9,1.9,0,,,,,,,,,
TRIAL,B1,B1,m6_4-trial-022,MEDIUM,0.9,0.90,target_left,target_right,"m25-wrong-context-v1 SHA256(session|trialId), offset 1 or 2 modulo 3",False,15,15,0,False,,False,,1.9,1.9,0,,,,,,,,,
TRIAL,B1,B1,m6_4-trial-022,MEDIUM,0.95,0.95,target_left,target_right,"m25-wrong-context-v1 SHA256(session|trialId), offset 1 or 2 modulo 3",False,15,15,0,False,,False,,1.9,1.9,0,,,,,,,,,
TRIAL,B1,B1,m6_4-trial-022,MEDIUM,0.99,0.99,target_left,target_right,"m25-wrong-context-v1 SHA256(session|trialId), offset 1 or 2 modulo 3",False,15,15,0,False,,False,,1.9,1.9,0,,,,,,,,,
TRIAL,B1,B1,m6_4-trial-022,MEDIUM,1.0,1.00,target_left,target_right,"m25-wrong-context-v1 SHA256(session|trialId), offset 1 or 2 modulo 3",False,15,15,0,False,,False,,1.9,1.9,0,,,,,,,,,
TRIAL,B1,B1,m6_4-trial-023,MEDIUM,0.7,0.70,target_center,target_right,"m25-wrong-context-v1 SHA256(session|trialId), offset 1 or 2 modulo 3",False,8,8,0,False,,False,,1.2,1.2,0,,,,,,,,,
TRIAL,B1,B1,m6_4-trial-023,MEDIUM,0.8,0.80,target_center,target_right,"m25-wrong-context-v1 SHA256(session|trialId), offset 1 or 2 modulo 3",False,8,8,0,False,,False,,1.2,1.2,0,,,,,,,,,
TRIAL,B1,B1,m6_4-trial-023,MEDIUM,0.9,0.90,target_center,target_right,"m25-wrong-context-v1 SHA256(session|trialId), offset 1 or 2 modulo 3",False,8,8,0,False,,False,,1.2,1.2,0,,,,,,,,,
TRIAL,B1,B1,m6_4-trial-023,MEDIUM,0.95,0.95,target_center,target_right,"m25-wrong-context-v1 SHA256(session|trialId), offset 1 or 2 modulo 3",False,8,8,0,False,,False,,1.2,1.2,0,,,,,,,,,
TRIAL,B1,B1,m6_4-trial-023,MEDIUM,0.99,0.99,target_center,target_right,"m25-wrong-context-v1 SHA256(session|trialId), offset 1 or 2 modulo 3",False,8,8,0,False,,False,,1.2,1.2,0,,,,,,,,,
TRIAL,B1,B1,m6_4-trial-023,MEDIUM,1.0,1.00,target_center,target_right,"m25-wrong-context-v1 SHA256(session|trialId), offset 1 or 2 modulo 3",False,8,8,0,False,,False,,1.2,1.2,0,,,,,,,,,
TRIAL,B1,B1,m6_4-trial-024,MEDIUM,0.7,0.70,target_right,target_center,"m25-wrong-context-v1 SHA256(session|trialId), offset 1 or 2 modulo 3",False,5,5,0,False,,False,,0.9,0.9,0,,,,,,,,,
TRIAL,B1,B1,m6_4-trial-024,MEDIUM,0.8,0.80,target_right,target_center,"m25-wrong-context-v1 SHA256(session|trialId), offset 1 or 2 modulo 3",False,5,5,0,False,,False,,0.9,0.9,0,,,,,,,,,
TRIAL,B1,B1,m6_4-trial-024,MEDIUM,0.9,0.90,target_right,target_center,"m25-wrong-context-v1 SHA256(session|trialId), offset 1 or 2 modulo 3",False,5,5,0,False,,False,,0.9,0.9,0,,,,,,,,,
TRIAL,B1,B1,m6_4-trial-024,MEDIUM,0.95,0.95,target_right,target_center,"m25-wrong-context-v1 SHA256(session|trialId), offset 1 or 2 modulo 3",False,5,5,0,False,,False,,0.9,0.9,0,,,,,,,,,
TRIAL,B1,B1,m6_4-trial-024,MEDIUM,0.99,0.99,target_right,target_center,"m25-wrong-context-v1 SHA256(session|trialId), offset 1 or 2 modulo 3",False,5,5,0,False,,False,,0.9,0.9,0,,,,,,,,,
TRIAL,B1,B1,m6_4-trial-024,MEDIUM,1.0,1.00,target_right,target_center,"m25-wrong-context-v1 SHA256(session|trialId), offset 1 or 2 modulo 3",False,5,5,0,False,,False,,0.9,0.9,0,,,,,,,,,
TRIAL,B1,B1,m6_4-trial-025,MEDIUM,0.7,0.70,target_left,target_center,"m25-wrong-context-v1 SHA256(session|trialId), offset 1 or 2 modulo 3",False,7,7,0,False,,False,,1.1,1.1,0,,,,,,,,,
TRIAL,B1,B1,m6_4-trial-025,MEDIUM,0.8,0.80,target_left,target_center,"m25-wrong-context-v1 SHA256(session|trialId), offset 1 or 2 modulo 3",False,7,7,0,False,,False,,1.1,1.1,0,,,,,,,,,
TRIAL,B1,B1,m6_4-trial-025,MEDIUM,0.9,0.90,target_left,target_center,"m25-wrong-context-v1 SHA256(session|trialId), offset 1 or 2 modulo 3",False,7,7,0,False,,False,,1.1,1.1,0,,,,,,,,,
TRIAL,B1,B1,m6_4-trial-025,MEDIUM,0.95,0.95,target_left,target_center,"m25-wrong-context-v1 SHA256(session|trialId), offset 1 or 2 modulo 3",False,7,7,0,False,,False,,1.1,1.1,0,,,,,,,,,
TRIAL,B1,B1,m6_4-trial-025,MEDIUM,0.99,0.99,target_left,target_center,"m25-wrong-context-v1 SHA256(session|trialId), offset 1 or 2 modulo 3",False,7,7,0,False,,False,,1.1,1.1,0,,,,,,,,,
TRIAL,B1,B1,m6_4-trial-025,MEDIUM,1.0,1.00,target_left,target_center,"m25-wrong-context-v1 SHA256(session|trialId), offset 1 or 2 modulo 3",False,7,7,0,False,,False,,1.1,1.1,0,,,,,,,,,
TRIAL,B1,B1,m6_4-trial-026,MEDIUM,0.7,0.70,target_left,target_right,"m25-wrong-context-v1 SHA256(session|trialId), offset 1 or 2 modulo 3",False,5,5,0,False,,False,,0.9,0.9,0,,,,,,,,,
TRIAL,B1,B1,m6_4-trial-026,MEDIUM,0.8,0.80,target_left,target_right,"m25-wrong-context-v1 SHA256(session|trialId), offset 1 or 2 modulo 3",False,5,5,0,False,,False,,0.9,0.9,0,,,,,,,,,
TRIAL,B1,B1,m6_4-trial-026,MEDIUM,0.9,0.90,target_left,target_right,"m25-wrong-context-v1 SHA256(session|trialId), offset 1 or 2 modulo 3",False,5,5,0,False,,False,,0.9,0.9,0,,,,,,,,,
TRIAL,B1,B1,m6_4-trial-026,MEDIUM,0.95,0.95,target_left,target_right,"m25-wrong-context-v1 SHA256(session|trialId), offset 1 or 2 modulo 3",False,5,5,0,False,,False,,0.9,0.9,0,,,,,,,,,
TRIAL,B1,B1,m6_4-trial-026,MEDIUM,0.99,0.99,target_left,target_right,"m25-wrong-context-v1 SHA256(session|trialId), offset 1 or 2 modulo 3",False,5,5,0,False,,False,,0.9,0.9,0,,,,,,,,,
TRIAL,B1,B1,m6_4-trial-026,MEDIUM,1.0,1.00,target_left,target_right,"m25-wrong-context-v1 SHA256(session|trialId), offset 1 or 2 modulo 3",False,5,5,0,False,,False,,0.9,0.9,0,,,,,,,,,
TRIAL,B1,B1,m6_4-trial-027,MEDIUM,0.7,0.70,target_center,target_right,"m25-wrong-context-v1 SHA256(session|trialId), offset 1 or 2 modulo 3",False,7,7,0,False,,False,,1.1,1.1,0,,,,,,,,,
TRIAL,B1,B1,m6_4-trial-027,MEDIUM,0.8,0.80,target_center,target_right,"m25-wrong-context-v1 SHA256(session|trialId), offset 1 or 2 modulo 3",False,7,7,0,False,,False,,1.1,1.1,0,,,,,,,,,
TRIAL,B1,B1,m6_4-trial-027,MEDIUM,0.9,0.90,target_center,target_right,"m25-wrong-context-v1 SHA256(session|trialId), offset 1 or 2 modulo 3",False,7,7,0,False,,False,,1.1,1.1,0,,,,,,,,,
TRIAL,B1,B1,m6_4-trial-027,MEDIUM,0.95,0.95,target_center,target_right,"m25-wrong-context-v1 SHA256(session|trialId), offset 1 or 2 modulo 3",False,7,7,0,False,,False,,1.1,1.1,0,,,,,,,,,
TRIAL,B1,B1,m6_4-trial-027,MEDIUM,0.99,0.99,target_center,target_right,"m25-wrong-context-v1 SHA256(session|trialId), offset 1 or 2 modulo 3",False,7,7,0,False,,False,,1.1,1.1,0,,,,,,,,,
TRIAL,B1,B1,m6_4-trial-027,MEDIUM,1.0,1.00,target_center,target_right,"m25-wrong-context-v1 SHA256(session|trialId), offset 1 or 2 modulo 3",False,7,7,0,False,,False,,1.1,1.1,0,,,,,,,,,
TRIAL,B1,B1,m6_4-trial-028,MEDIUM,0.7,0.70,target_center,target_left,"m25-wrong-context-v1 SHA256(session|trialId), offset 1 or 2 modulo 3",False,7,6,1,True,0.5,False,,1.1,1.1,1,0.0001418734403107469,0.362738094231334,0.9927140307985455,0,0.0,,,,
TRIAL,B1,B1,m6_4-trial-028,MEDIUM,0.8,0.80,target_center,target_left,"m25-wrong-context-v1 SHA256(session|trialId), offset 1 or 2 modulo 3",False,7,6,1,True,0.5,False,,1.1,1.1,1,0.0001418734403107469,0.362738094231334,0.9927140307985455,0,0.0,,,,
TRIAL,B1,B1,m6_4-trial-028,MEDIUM,0.9,0.90,target_center,target_left,"m25-wrong-context-v1 SHA256(session|trialId), offset 1 or 2 modulo 3",False,7,6,1,True,0.5,False,,1.1,1.1,1,0.0001418734403107469,0.362738094231334,0.9927140307985455,0,0.0,,,,
TRIAL,B1,B1,m6_4-trial-028,MEDIUM,0.95,0.95,target_center,target_left,"m25-wrong-context-v1 SHA256(session|trialId), offset 1 or 2 modulo 3",False,7,6,1,True,0.5,False,,1.1,1.1,1,0.0001418734403107469,0.362738094231334,0.9927140307985455,0,0.0,,,,
TRIAL,B1,B1,m6_4-trial-028,MEDIUM,0.99,0.99,target_center,target_left,"m25-wrong-context-v1 SHA256(session|trialId), offset 1 or 2 modulo 3",False,7,6,1,True,0.5,False,,1.1,1.1,1,0.0001418734403107469,0.362738094231334,0.9927140307985455,0,0.0,,,,
TRIAL,B1,B1,m6_4-trial-028,MEDIUM,1.0,1.00,target_center,target_left,"m25-wrong-context-v1 SHA256(session|trialId), offset 1 or 2 modulo 3",False,7,6,1,True,0.5,False,,1.1,1.1,1,0.0001418734403107469,0.362738094231334,0.9927140307985455,0,0.0,,,,
TRIAL,B1,B1,m6_4-trial-029,MEDIUM,0.7,0.70,target_left,target_center,"m25-wrong-context-v1 SHA256(session|trialId), offset 1 or 2 modulo 3",False,15,15,0,False,,False,,1.9,1.9,0,,,,,,,,,
TRIAL,B1,B1,m6_4-trial-029,MEDIUM,0.8,0.80,target_left,target_center,"m25-wrong-context-v1 SHA256(session|trialId), offset 1 or 2 modulo 3",False,15,15,0,False,,False,,1.9,1.9,0,,,,,,,,,
TRIAL,B1,B1,m6_4-trial-029,MEDIUM,0.9,0.90,target_left,target_center,"m25-wrong-context-v1 SHA256(session|trialId), offset 1 or 2 modulo 3",False,15,15,0,False,,False,,1.9,1.9,0,,,,,,,,,
TRIAL,B1,B1,m6_4-trial-029,MEDIUM,0.95,0.95,target_left,target_center,"m25-wrong-context-v1 SHA256(session|trialId), offset 1 or 2 modulo 3",False,15,15,0,False,,False,,1.9,1.9,0,,,,,,,,,
TRIAL,B1,B1,m6_4-trial-029,MEDIUM,0.99,0.99,target_left,target_center,"m25-wrong-context-v1 SHA256(session|trialId), offset 1 or 2 modulo 3",False,15,15,0,False,,False,,1.9,1.9,0,,,,,,,,,
TRIAL,B1,B1,m6_4-trial-029,MEDIUM,1.0,1.00,target_left,target_center,"m25-wrong-context-v1 SHA256(session|trialId), offset 1 or 2 modulo 3",False,15,15,0,False,,False,,1.9,1.9,0,,,,,,,,,
TRIAL,B1,B1,m6_4-trial-030,MEDIUM,0.7,0.70,target_right,target_center,"m25-wrong-context-v1 SHA256(session|trialId), offset 1 or 2 modulo 3",False,5,5,0,False,,False,,0.9,0.9,0,,,,,,,,,
TRIAL,B1,B1,m6_4-trial-030,MEDIUM,0.8,0.80,target_right,target_center,"m25-wrong-context-v1 SHA256(session|trialId), offset 1 or 2 modulo 3",False,5,5,0,False,,False,,0.9,0.9,0,,,,,,,,,
TRIAL,B1,B1,m6_4-trial-030,MEDIUM,0.9,0.90,target_right,target_center,"m25-wrong-context-v1 SHA256(session|trialId), offset 1 or 2 modulo 3",False,5,5,0,False,,False,,0.9,0.9,0,,,,,,,,,
TRIAL,B1,B1,m6_4-trial-030,MEDIUM,0.95,0.95,target_right,target_center,"m25-wrong-context-v1 SHA256(session|trialId), offset 1 or 2 modulo 3",False,5,5,0,False,,False,,0.9,0.9,0,,,,,,,,,
TRIAL,B1,B1,m6_4-trial-030,MEDIUM,0.99,0.99,target_right,target_center,"m25-wrong-context-v1 SHA256(session|trialId), offset 1 or 2 modulo 3",False,5,5,0,False,,False,,0.9,0.9,0,,,,,,,,,
TRIAL,B1,B1,m6_4-trial-030,MEDIUM,1.0,1.00,target_right,target_center,"m25-wrong-context-v1 SHA256(session|trialId), offset 1 or 2 modulo 3",False,5,5,0,False,,False,,0.9,0.9,0,,,,,,,,,
TRIAL,B1,B1,m6_4-trial-001,CONSERVATIVE,0.7,0.70,target_left,target_right,"m25-wrong-context-v1 SHA256(session|trialId), offset 1 or 2 modulo 3",False,15,12,3,True,0.7,False,,1.9,1.9,3,0.059486961999290655,0.39018008426588424,0.9915606359185641,1,0.0,,,,
TRIAL,B1,B1,m6_4-trial-001,CONSERVATIVE,0.8,0.80,target_left,target_right,"m25-wrong-context-v1 SHA256(session|trialId), offset 1 or 2 modulo 3",False,15,12,3,True,0.7,False,,1.9,1.9,3,0.059486961999290655,0.39018008426588424,0.9915606359185641,1,0.0,,,,
TRIAL,B1,B1,m6_4-trial-001,CONSERVATIVE,0.9,0.90,target_left,target_right,"m25-wrong-context-v1 SHA256(session|trialId), offset 1 or 2 modulo 3",False,15,12,3,True,0.7,False,,1.9,1.9,3,0.059486961999290655,0.39018008426588424,0.9915606359185641,1,0.0,,,,
TRIAL,B1,B1,m6_4-trial-001,CONSERVATIVE,0.95,0.95,target_left,target_right,"m25-wrong-context-v1 SHA256(session|trialId), offset 1 or 2 modulo 3",False,15,12,3,True,0.7,False,,1.9,1.9,3,0.059486961999290655,0.39018008426588424,0.9915606359185641,1,0.0,,,,
TRIAL,B1,B1,m6_4-trial-001,CONSERVATIVE,0.99,0.99,target_left,target_right,"m25-wrong-context-v1 SHA256(session|trialId), offset 1 or 2 modulo 3",False,15,12,3,True,0.7,False,,1.9,1.9,3,0.059486961999290655,0.39018008426588424,0.9915606359185641,1,0.0,,,,
TRIAL,B1,B1,m6_4-trial-001,CONSERVATIVE,1.0,1.00,target_left,target_right,"m25-wrong-context-v1 SHA256(session|trialId), offset 1 or 2 modulo 3",False,15,12,3,True,0.7,False,,1.9,1.9,3,0.059486961999290655,0.39018008426588424,0.9915606359185641,1,0.0,,,,
TRIAL,B1,B1,m6_4-trial-002,CONSERVATIVE,0.7,0.70,target_right,target_left,"m25-wrong-context-v1 SHA256(session|trialId), offset 1 or 2 modulo 3",False,6,6,0,False,,False,,1.0,1.0,0,,,,,,,,,
TRIAL,B1,B1,m6_4-trial-002,CONSERVATIVE,0.8,0.80,target_right,target_left,"m25-wrong-context-v1 SHA256(session|trialId), offset 1 or 2 modulo 3",False,6,6,0,False,,False,,1.0,1.0,0,,,,,,,,,
TRIAL,B1,B1,m6_4-trial-002,CONSERVATIVE,0.9,0.90,target_right,target_left,"m25-wrong-context-v1 SHA256(session|trialId), offset 1 or 2 modulo 3",False,6,6,0,False,,False,,1.0,1.0,0,,,,,,,,,
TRIAL,B1,B1,m6_4-trial-002,CONSERVATIVE,0.95,0.95,target_right,target_left,"m25-wrong-context-v1 SHA256(session|trialId), offset 1 or 2 modulo 3",False,6,6,0,False,,False,,1.0,1.0,0,,,,,,,,,
TRIAL,B1,B1,m6_4-trial-002,CONSERVATIVE,0.99,0.99,target_right,target_left,"m25-wrong-context-v1 SHA256(session|trialId), offset 1 or 2 modulo 3",False,6,6,0,False,,False,,1.0,1.0,0,,,,,,,,,
TRIAL,B1,B1,m6_4-trial-002,CONSERVATIVE,1.0,1.00,target_right,target_left,"m25-wrong-context-v1 SHA256(session|trialId), offset 1 or 2 modulo 3",False,6,6,0,False,,False,,1.0,1.0,0,,,,,,,,,
TRIAL,B1,B1,m6_4-trial-003,CONSERVATIVE,0.7,0.70,target_right,target_left,"m25-wrong-context-v1 SHA256(session|trialId), offset 1 or 2 modulo 3",False,8,7,1,True,0.5,False,,1.2,1.2,1,0.02130868816679332,0.39226020973012876,0.9794811448317691,0,0.0,,,,
TRIAL,B1,B1,m6_4-trial-003,CONSERVATIVE,0.8,0.80,target_right,target_left,"m25-wrong-context-v1 SHA256(session|trialId), offset 1 or 2 modulo 3",False,8,7,1,True,0.5,False,,1.2,1.2,1,0.02130868816679332,0.39226020973012876,0.9794811448317691,0,0.0,,,,
TRIAL,B1,B1,m6_4-trial-003,CONSERVATIVE,0.9,0.90,target_right,target_left,"m25-wrong-context-v1 SHA256(session|trialId), offset 1 or 2 modulo 3",False,8,7,1,True,0.5,False,,1.2,1.2,1,0.02130868816679332,0.39226020973012876,0.9794811448317691,0,0.0,,,,
TRIAL,B1,B1,m6_4-trial-003,CONSERVATIVE,0.95,0.95,target_right,target_left,"m25-wrong-context-v1 SHA256(session|trialId), offset 1 or 2 modulo 3",False,8,7,1,True,0.5,False,,1.2,1.2,1,0.02130868816679332,0.39226020973012876,0.9794811448317691,0,0.0,,,,
TRIAL,B1,B1,m6_4-trial-003,CONSERVATIVE,0.99,0.99,target_right,target_left,"m25-wrong-context-v1 SHA256(session|trialId), offset 1 or 2 modulo 3",False,8,7,1,True,0.5,False,,1.2,1.2,1,0.02130868816679332,0.39226020973012876,0.9794811448317691,0,0.0,,,,
TRIAL,B1,B1,m6_4-trial-003,CONSERVATIVE,1.0,1.00,target_right,target_left,"m25-wrong-context-v1 SHA256(session|trialId), offset 1 or 2 modulo 3",False,8,7,1,True,0.5,False,,1.2,1.2,1,0.02130868816679332,0.39226020973012876,0.9794811448317691,0,0.0,,,,
TRIAL,B1,B1,m6_4-trial-004,CONSERVATIVE,0.7,0.70,target_left,target_center,"m25-wrong-context-v1 SHA256(session|trialId), offset 1 or 2 modulo 3",False,9,9,0,False,,False,,1.3,1.3,0,,,,,,,,,
TRIAL,B1,B1,m6_4-trial-004,CONSERVATIVE,0.8,0.80,target_left,target_center,"m25-wrong-context-v1 SHA256(session|trialId), offset 1 or 2 modulo 3",False,9,9,0,False,,False,,1.3,1.3,0,,,,,,,,,
TRIAL,B1,B1,m6_4-trial-004,CONSERVATIVE,0.9,0.90,target_left,target_center,"m25-wrong-context-v1 SHA256(session|trialId), offset 1 or 2 modulo 3",False,9,9,0,False,,False,,1.3,1.3,0,,,,,,,,,
TRIAL,B1,B1,m6_4-trial-004,CONSERVATIVE,0.95,0.95,target_left,target_center,"m25-wrong-context-v1 SHA256(session|trialId), offset 1 or 2 modulo 3",False,9,9,0,False,,False,,1.3,1.3,0,,,,,,,,,
TRIAL,B1,B1,m6_4-trial-004,CONSERVATIVE,0.99,0.99,target_left,target_center,"m25-wrong-context-v1 SHA256(session|trialId), offset 1 or 2 modulo 3",False,9,9,0,False,,False,,1.3,1.3,0,,,,,,,,,
TRIAL,B1,B1,m6_4-trial-004,CONSERVATIVE,1.0,1.00,target_left,target_center,"m25-wrong-context-v1 SHA256(session|trialId), offset 1 or 2 modulo 3",False,9,9,0,False,,False,,1.3,1.3,0,,,,,,,,,
TRIAL,B1,B1,m6_4-trial-005,CONSERVATIVE,0.7,0.70,target_center,target_left,"m25-wrong-context-v1 SHA256(session|trialId), offset 1 or 2 modulo 3",False,15,15,0,False,,False,,1.9,1.9,0,,,,,,,,,
TRIAL,B1,B1,m6_4-trial-005,CONSERVATIVE,0.8,0.80,target_center,target_left,"m25-wrong-context-v1 SHA256(session|trialId), offset 1 or 2 modulo 3",False,15,15,0,False,,False,,1.9,1.9,0,,,,,,,,,
TRIAL,B1,B1,m6_4-trial-005,CONSERVATIVE,0.9,0.90,target_center,target_left,"m25-wrong-context-v1 SHA256(session|trialId), offset 1 or 2 modulo 3",False,15,15,0,False,,False,,1.9,1.9,0,,,,,,,,,
TRIAL,B1,B1,m6_4-trial-005,CONSERVATIVE,0.95,0.95,target_center,target_left,"m25-wrong-context-v1 SHA256(session|trialId), offset 1 or 2 modulo 3",False,15,15,0,False,,False,,1.9,1.9,0,,,,,,,,,
TRIAL,B1,B1,m6_4-trial-005,CONSERVATIVE,0.99,0.99,target_center,target_left,"m25-wrong-context-v1 SHA256(session|trialId), offset 1 or 2 modulo 3",False,15,15,0,False,,False,,1.9,1.9,0,,,,,,,,,
TRIAL,B1,B1,m6_4-trial-005,CONSERVATIVE,1.0,1.00,target_center,target_left,"m25-wrong-context-v1 SHA256(session|trialId), offset 1 or 2 modulo 3",False,15,15,0,False,,False,,1.9,1.9,0,,,,,,,,,
TRIAL,B1,B1,m6_4-trial-006,CONSERVATIVE,0.7,0.70,target_center,target_left,"m25-wrong-context-v1 SHA256(session|trialId), offset 1 or 2 modulo 3",False,8,8,0,False,,False,,1.2,1.2,0,,,,,,,,,
TRIAL,B1,B1,m6_4-trial-006,CONSERVATIVE,0.8,0.80,target_center,target_left,"m25-wrong-context-v1 SHA256(session|trialId), offset 1 or 2 modulo 3",False,8,8,0,False,,False,,1.2,1.2,0,,,,,,,,,
TRIAL,B1,B1,m6_4-trial-006,CONSERVATIVE,0.9,0.90,target_center,target_left,"m25-wrong-context-v1 SHA256(session|trialId), offset 1 or 2 modulo 3",False,8,8,0,False,,False,,1.2,1.2,0,,,,,,,,,
TRIAL,B1,B1,m6_4-trial-006,CONSERVATIVE,0.95,0.95,target_center,target_left,"m25-wrong-context-v1 SHA256(session|trialId), offset 1 or 2 modulo 3",False,8,8,0,False,,False,,1.2,1.2,0,,,,,,,,,
TRIAL,B1,B1,m6_4-trial-006,CONSERVATIVE,0.99,0.99,target_center,target_left,"m25-wrong-context-v1 SHA256(session|trialId), offset 1 or 2 modulo 3",False,8,8,0,False,,False,,1.2,1.2,0,,,,,,,,,
TRIAL,B1,B1,m6_4-trial-006,CONSERVATIVE,1.0,1.00,target_center,target_left,"m25-wrong-context-v1 SHA256(session|trialId), offset 1 or 2 modulo 3",False,8,8,0,False,,False,,1.2,1.2,0,,,,,,,,,
TRIAL,B1,B1,m6_4-trial-007,CONSERVATIVE,0.7,0.70,target_right,target_center,"m25-wrong-context-v1 SHA256(session|trialId), offset 1 or 2 modulo 3",False,7,7,0,False,,False,,1.1,1.1,0,,,,,,,,,
TRIAL,B1,B1,m6_4-trial-007,CONSERVATIVE,0.8,0.80,target_right,target_center,"m25-wrong-context-v1 SHA256(session|trialId), offset 1 or 2 modulo 3",False,7,7,0,False,,False,,1.1,1.1,0,,,,,,,,,
TRIAL,B1,B1,m6_4-trial-007,CONSERVATIVE,0.9,0.90,target_right,target_center,"m25-wrong-context-v1 SHA256(session|trialId), offset 1 or 2 modulo 3",False,7,7,0,False,,False,,1.1,1.1,0,,,,,,,,,
TRIAL,B1,B1,m6_4-trial-007,CONSERVATIVE,0.95,0.95,target_right,target_center,"m25-wrong-context-v1 SHA256(session|trialId), offset 1 or 2 modulo 3",False,7,7,0,False,,False,,1.1,1.1,0,,,,,,,,,
TRIAL,B1,B1,m6_4-trial-007,CONSERVATIVE,0.99,0.99,target_right,target_center,"m25-wrong-context-v1 SHA256(session|trialId), offset 1 or 2 modulo 3",False,7,7,0,False,,False,,1.1,1.1,0,,,,,,,,,
TRIAL,B1,B1,m6_4-trial-007,CONSERVATIVE,1.0,1.00,target_right,target_center,"m25-wrong-context-v1 SHA256(session|trialId), offset 1 or 2 modulo 3",False,7,7,0,False,,False,,1.1,1.1,0,,,,,,,,,
TRIAL,B1,B1,m6_4-trial-008,CONSERVATIVE,0.7,0.70,target_right,target_center,"m25-wrong-context-v1 SHA256(session|trialId), offset 1 or 2 modulo 3",False,10,10,0,False,,False,,1.4,1.4,0,,,,,,,,,
TRIAL,B1,B1,m6_4-trial-008,CONSERVATIVE,0.8,0.80,target_right,target_center,"m25-wrong-context-v1 SHA256(session|trialId), offset 1 or 2 modulo 3",False,10,10,0,False,,False,,1.4,1.4,0,,,,,,,,,
TRIAL,B1,B1,m6_4-trial-008,CONSERVATIVE,0.9,0.90,target_right,target_center,"m25-wrong-context-v1 SHA256(session|trialId), offset 1 or 2 modulo 3",False,10,10,0,False,,False,,1.4,1.4,0,,,,,,,,,
TRIAL,B1,B1,m6_4-trial-008,CONSERVATIVE,0.95,0.95,target_right,target_center,"m25-wrong-context-v1 SHA256(session|trialId), offset 1 or 2 modulo 3",False,10,10,0,False,,False,,1.4,1.4,0,,,,,,,,,
TRIAL,B1,B1,m6_4-trial-008,CONSERVATIVE,0.99,0.99,target_right,target_center,"m25-wrong-context-v1 SHA256(session|trialId), offset 1 or 2 modulo 3",False,10,10,0,False,,False,,1.4,1.4,0,,,,,,,,,
TRIAL,B1,B1,m6_4-trial-008,CONSERVATIVE,1.0,1.00,target_right,target_center,"m25-wrong-context-v1 SHA256(session|trialId), offset 1 or 2 modulo 3",False,10,10,0,False,,False,,1.4,1.4,0,,,,,,,,,
TRIAL,B1,B1,m6_4-trial-009,CONSERVATIVE,0.7,0.70,target_left,target_right,"m25-wrong-context-v1 SHA256(session|trialId), offset 1 or 2 modulo 3",False,12,12,0,False,,False,,1.6,1.6,0,,,,,,,,,
TRIAL,B1,B1,m6_4-trial-009,CONSERVATIVE,0.8,0.80,target_left,target_right,"m25-wrong-context-v1 SHA256(session|trialId), offset 1 or 2 modulo 3",False,12,12,0,False,,False,,1.6,1.6,0,,,,,,,,,
TRIAL,B1,B1,m6_4-trial-009,CONSERVATIVE,0.9,0.90,target_left,target_right,"m25-wrong-context-v1 SHA256(session|trialId), offset 1 or 2 modulo 3",False,12,12,0,False,,False,,1.6,1.6,0,,,,,,,,,
TRIAL,B1,B1,m6_4-trial-009,CONSERVATIVE,0.95,0.95,target_left,target_right,"m25-wrong-context-v1 SHA256(session|trialId), offset 1 or 2 modulo 3",False,12,12,0,False,,False,,1.6,1.6,0,,,,,,,,,
TRIAL,B1,B1,m6_4-trial-009,CONSERVATIVE,0.99,0.99,target_left,target_right,"m25-wrong-context-v1 SHA256(session|trialId), offset 1 or 2 modulo 3",False,12,12,0,False,,False,,1.6,1.6,0,,,,,,,,,
TRIAL,B1,B1,m6_4-trial-009,CONSERVATIVE,1.0,1.00,target_left,target_right,"m25-wrong-context-v1 SHA256(session|trialId), offset 1 or 2 modulo 3",False,12,12,0,False,,False,,1.6,1.6,0,,,,,,,,,
TRIAL,B1,B1,m6_4-trial-010,CONSERVATIVE,0.7,0.70,target_right,target_center,"m25-wrong-context-v1 SHA256(session|trialId), offset 1 or 2 modulo 3",False,7,7,0,False,,False,,1.1,1.1,0,,,,,,,,,
TRIAL,B1,B1,m6_4-trial-010,CONSERVATIVE,0.8,0.80,target_right,target_center,"m25-wrong-context-v1 SHA256(session|trialId), offset 1 or 2 modulo 3",False,7,7,0,False,,False,,1.1,1.1,0,,,,,,,,,
TRIAL,B1,B1,m6_4-trial-010,CONSERVATIVE,0.9,0.90,target_right,target_center,"m25-wrong-context-v1 SHA256(session|trialId), offset 1 or 2 modulo 3",False,7,7,0,False,,False,,1.1,1.1,0,,,,,,,,,
TRIAL,B1,B1,m6_4-trial-010,CONSERVATIVE,0.95,0.95,target_right,target_center,"m25-wrong-context-v1 SHA256(session|trialId), offset 1 or 2 modulo 3",False,7,7,0,False,,False,,1.1,1.1,0,,,,,,,,,
TRIAL,B1,B1,m6_4-trial-010,CONSERVATIVE,0.99,0.99,target_right,target_center,"m25-wrong-context-v1 SHA256(session|trialId), offset 1 or 2 modulo 3",False,7,7,0,False,,False,,1.1,1.1,0,,,,,,,,,
TRIAL,B1,B1,m6_4-trial-010,CONSERVATIVE,1.0,1.00,target_right,target_center,"m25-wrong-context-v1 SHA256(session|trialId), offset 1 or 2 modulo 3",False,7,7,0,False,,False,,1.1,1.1,0,,,,,,,,,
TRIAL,B1,B1,m6_4-trial-012,CONSERVATIVE,0.7,0.70,target_left,target_center,"m25-wrong-context-v1 SHA256(session|trialId), offset 1 or 2 modulo 3",False,8,8,0,False,,False,,1.2,1.2,0,,,,,,,,,
TRIAL,B1,B1,m6_4-trial-012,CONSERVATIVE,0.8,0.80,target_left,target_center,"m25-wrong-context-v1 SHA256(session|trialId), offset 1 or 2 modulo 3",False,8,8,0,False,,False,,1.2,1.2,0,,,,,,,,,
TRIAL,B1,B1,m6_4-trial-012,CONSERVATIVE,0.9,0.90,target_left,target_center,"m25-wrong-context-v1 SHA256(session|trialId), offset 1 or 2 modulo 3",False,8,8,0,False,,False,,1.2,1.2,0,,,,,,,,,
TRIAL,B1,B1,m6_4-trial-012,CONSERVATIVE,0.95,0.95,target_left,target_center,"m25-wrong-context-v1 SHA256(session|trialId), offset 1 or 2 modulo 3",False,8,8,0,False,,False,,1.2,1.2,0,,,,,,,,,
TRIAL,B1,B1,m6_4-trial-012,CONSERVATIVE,0.99,0.99,target_left,target_center,"m25-wrong-context-v1 SHA256(session|trialId), offset 1 or 2 modulo 3",False,8,8,0,False,,False,,1.2,1.2,0,,,,,,,,,
TRIAL,B1,B1,m6_4-trial-012,CONSERVATIVE,1.0,1.00,target_left,target_center,"m25-wrong-context-v1 SHA256(session|trialId), offset 1 or 2 modulo 3",False,8,8,0,False,,False,,1.2,1.2,0,,,,,,,,,
TRIAL,B1,B1,m6_4-trial-013,CONSERVATIVE,0.7,0.70,target_left,target_center,"m25-wrong-context-v1 SHA256(session|trialId), offset 1 or 2 modulo 3",False,15,15,0,False,,False,,1.9,1.9,0,,,,,,,,,
TRIAL,B1,B1,m6_4-trial-013,CONSERVATIVE,0.8,0.80,target_left,target_center,"m25-wrong-context-v1 SHA256(session|trialId), offset 1 or 2 modulo 3",False,15,15,0,False,,False,,1.9,1.9,0,,,,,,,,,
TRIAL,B1,B1,m6_4-trial-013,CONSERVATIVE,0.9,0.90,target_left,target_center,"m25-wrong-context-v1 SHA256(session|trialId), offset 1 or 2 modulo 3",False,15,15,0,False,,False,,1.9,1.9,0,,,,,,,,,
TRIAL,B1,B1,m6_4-trial-013,CONSERVATIVE,0.95,0.95,target_left,target_center,"m25-wrong-context-v1 SHA256(session|trialId), offset 1 or 2 modulo 3",False,15,15,0,False,,False,,1.9,1.9,0,,,,,,,,,
TRIAL,B1,B1,m6_4-trial-013,CONSERVATIVE,0.99,0.99,target_left,target_center,"m25-wrong-context-v1 SHA256(session|trialId), offset 1 or 2 modulo 3",False,15,15,0,False,,False,,1.9,1.9,0,,,,,,,,,
TRIAL,B1,B1,m6_4-trial-013,CONSERVATIVE,1.0,1.00,target_left,target_center,"m25-wrong-context-v1 SHA256(session|trialId), offset 1 or 2 modulo 3",False,15,15,0,False,,False,,1.9,1.9,0,,,,,,,,,
TRIAL,B1,B1,m6_4-trial-014,CONSERVATIVE,0.7,0.70,target_center,target_right,"m25-wrong-context-v1 SHA256(session|trialId), offset 1 or 2 modulo 3",False,15,12,3,True,0.7,False,,1.9,1.9,3,0.029206757087031132,0.3624322836698902,0.9976937523537694,1,0.0,,,,
TRIAL,B1,B1,m6_4-trial-014,CONSERVATIVE,0.8,0.80,target_center,target_right,"m25-wrong-context-v1 SHA256(session|trialId), offset 1 or 2 modulo 3",False,15,12,3,True,0.7,False,,1.9,1.9,3,0.029206757087031132,0.3624322836698902,0.9976937523537694,1,0.0,,,,
TRIAL,B1,B1,m6_4-trial-014,CONSERVATIVE,0.9,0.90,target_center,target_right,"m25-wrong-context-v1 SHA256(session|trialId), offset 1 or 2 modulo 3",False,15,12,3,True,0.7,False,,1.9,1.9,3,0.029206757087031132,0.3624322836698902,0.9976937523537694,1,0.0,,,,
TRIAL,B1,B1,m6_4-trial-014,CONSERVATIVE,0.95,0.95,target_center,target_right,"m25-wrong-context-v1 SHA256(session|trialId), offset 1 or 2 modulo 3",False,15,12,3,True,0.7,False,,1.9,1.9,3,0.029206757087031132,0.3624322836698902,0.9976937523537694,1,0.0,,,,
TRIAL,B1,B1,m6_4-trial-014,CONSERVATIVE,0.99,0.99,target_center,target_right,"m25-wrong-context-v1 SHA256(session|trialId), offset 1 or 2 modulo 3",False,15,12,3,True,0.7,False,,1.9,1.9,3,0.029206757087031132,0.3624322836698902,0.9976937523537694,1,0.0,,,,
TRIAL,B1,B1,m6_4-trial-014,CONSERVATIVE,1.0,1.00,target_center,target_right,"m25-wrong-context-v1 SHA256(session|trialId), offset 1 or 2 modulo 3",False,15,12,3,True,0.7,False,,1.9,1.9,3,0.029206757087031132,0.3624322836698902,0.9976937523537694,1,0.0,,,,
TRIAL,B1,B1,m6_4-trial-015,CONSERVATIVE,0.7,0.70,target_right,target_left,"m25-wrong-context-v1 SHA256(session|trialId), offset 1 or 2 modulo 3",False,11,11,0,False,,False,,1.5,1.5,0,,,,,,,,,
TRIAL,B1,B1,m6_4-trial-015,CONSERVATIVE,0.8,0.80,target_right,target_left,"m25-wrong-context-v1 SHA256(session|trialId), offset 1 or 2 modulo 3",False,11,11,0,False,,False,,1.5,1.5,0,,,,,,,,,
TRIAL,B1,B1,m6_4-trial-015,CONSERVATIVE,0.9,0.90,target_right,target_left,"m25-wrong-context-v1 SHA256(session|trialId), offset 1 or 2 modulo 3",False,11,11,0,False,,False,,1.5,1.5,0,,,,,,,,,
TRIAL,B1,B1,m6_4-trial-015,CONSERVATIVE,0.95,0.95,target_right,target_left,"m25-wrong-context-v1 SHA256(session|trialId), offset 1 or 2 modulo 3",False,11,11,0,False,,False,,1.5,1.5,0,,,,,,,,,
TRIAL,B1,B1,m6_4-trial-015,CONSERVATIVE,0.99,0.99,target_right,target_left,"m25-wrong-context-v1 SHA256(session|trialId), offset 1 or 2 modulo 3",False,11,11,0,False,,False,,1.5,1.5,0,,,,,,,,,
TRIAL,B1,B1,m6_4-trial-015,CONSERVATIVE,1.0,1.00,target_right,target_left,"m25-wrong-context-v1 SHA256(session|trialId), offset 1 or 2 modulo 3",False,11,11,0,False,,False,,1.5,1.5,0,,,,,,,,,
TRIAL,B1,B1,m6_4-trial-016,CONSERVATIVE,0.7,0.70,target_center,target_right,"m25-wrong-context-v1 SHA256(session|trialId), offset 1 or 2 modulo 3",False,15,15,0,False,,False,,1.9,1.9,0,,,,,,,,,
TRIAL,B1,B1,m6_4-trial-016,CONSERVATIVE,0.8,0.80,target_center,target_right,"m25-wrong-context-v1 SHA256(session|trialId), offset 1 or 2 modulo 3",False,15,15,0,False,,False,,1.9,1.9,0,,,,,,,,,
TRIAL,B1,B1,m6_4-trial-016,CONSERVATIVE,0.9,0.90,target_center,target_right,"m25-wrong-context-v1 SHA256(session|trialId), offset 1 or 2 modulo 3",False,15,15,0,False,,False,,1.9,1.9,0,,,,,,,,,
TRIAL,B1,B1,m6_4-trial-016,CONSERVATIVE,0.95,0.95,target_center,target_right,"m25-wrong-context-v1 SHA256(session|trialId), offset 1 or 2 modulo 3",False,15,15,0,False,,False,,1.9,1.9,0,,,,,,,,,
TRIAL,B1,B1,m6_4-trial-016,CONSERVATIVE,0.99,0.99,target_center,target_right,"m25-wrong-context-v1 SHA256(session|trialId), offset 1 or 2 modulo 3",False,15,15,0,False,,False,,1.9,1.9,0,,,,,,,,,
TRIAL,B1,B1,m6_4-trial-016,CONSERVATIVE,1.0,1.00,target_center,target_right,"m25-wrong-context-v1 SHA256(session|trialId), offset 1 or 2 modulo 3",False,15,15,0,False,,False,,1.9,1.9,0,,,,,,,,,
TRIAL,B1,B1,m6_4-trial-017,CONSERVATIVE,0.7,0.70,target_right,target_left,"m25-wrong-context-v1 SHA256(session|trialId), offset 1 or 2 modulo 3",False,6,6,0,False,,False,,1.0,1.0,0,,,,,,,,,
TRIAL,B1,B1,m6_4-trial-017,CONSERVATIVE,0.8,0.80,target_right,target_left,"m25-wrong-context-v1 SHA256(session|trialId), offset 1 or 2 modulo 3",False,6,6,0,False,,False,,1.0,1.0,0,,,,,,,,,
TRIAL,B1,B1,m6_4-trial-017,CONSERVATIVE,0.9,0.90,target_right,target_left,"m25-wrong-context-v1 SHA256(session|trialId), offset 1 or 2 modulo 3",False,6,6,0,False,,False,,1.0,1.0,0,,,,,,,,,
TRIAL,B1,B1,m6_4-trial-017,CONSERVATIVE,0.95,0.95,target_right,target_left,"m25-wrong-context-v1 SHA256(session|trialId), offset 1 or 2 modulo 3",False,6,6,0,False,,False,,1.0,1.0,0,,,,,,,,,
TRIAL,B1,B1,m6_4-trial-017,CONSERVATIVE,0.99,0.99,target_right,target_left,"m25-wrong-context-v1 SHA256(session|trialId), offset 1 or 2 modulo 3",False,6,6,0,False,,False,,1.0,1.0,0,,,,,,,,,
TRIAL,B1,B1,m6_4-trial-017,CONSERVATIVE,1.0,1.00,target_right,target_left,"m25-wrong-context-v1 SHA256(session|trialId), offset 1 or 2 modulo 3",False,6,6,0,False,,False,,1.0,1.0,0,,,,,,,,,
TRIAL,B1,B1,m6_4-trial-018,CONSERVATIVE,0.7,0.70,target_left,target_center,"m25-wrong-context-v1 SHA256(session|trialId), offset 1 or 2 modulo 3",False,9,9,0,False,,False,,1.3,1.3,0,,,,,,,,,
TRIAL,B1,B1,m6_4-trial-018,CONSERVATIVE,0.8,0.80,target_left,target_center,"m25-wrong-context-v1 SHA256(session|trialId), offset 1 or 2 modulo 3",False,9,9,0,False,,False,,1.3,1.3,0,,,,,,,,,
TRIAL,B1,B1,m6_4-trial-018,CONSERVATIVE,0.9,0.90,target_left,target_center,"m25-wrong-context-v1 SHA256(session|trialId), offset 1 or 2 modulo 3",False,9,9,0,False,,False,,1.3,1.3,0,,,,,,,,,
TRIAL,B1,B1,m6_4-trial-018,CONSERVATIVE,0.95,0.95,target_left,target_center,"m25-wrong-context-v1 SHA256(session|trialId), offset 1 or 2 modulo 3",False,9,9,0,False,,False,,1.3,1.3,0,,,,,,,,,
TRIAL,B1,B1,m6_4-trial-018,CONSERVATIVE,0.99,0.99,target_left,target_center,"m25-wrong-context-v1 SHA256(session|trialId), offset 1 or 2 modulo 3",False,9,9,0,False,,False,,1.3,1.3,0,,,,,,,,,
TRIAL,B1,B1,m6_4-trial-018,CONSERVATIVE,1.0,1.00,target_left,target_center,"m25-wrong-context-v1 SHA256(session|trialId), offset 1 or 2 modulo 3",False,9,9,0,False,,False,,1.3,1.3,0,,,,,,,,,
TRIAL,B1,B1,m6_4-trial-019,CONSERVATIVE,0.7,0.70,target_right,target_left,"m25-wrong-context-v1 SHA256(session|trialId), offset 1 or 2 modulo 3",False,6,6,0,False,,False,,1.0,1.0,0,,,,,,,,,
TRIAL,B1,B1,m6_4-trial-019,CONSERVATIVE,0.8,0.80,target_right,target_left,"m25-wrong-context-v1 SHA256(session|trialId), offset 1 or 2 modulo 3",False,6,6,0,False,,False,,1.0,1.0,0,,,,,,,,,
TRIAL,B1,B1,m6_4-trial-019,CONSERVATIVE,0.9,0.90,target_right,target_left,"m25-wrong-context-v1 SHA256(session|trialId), offset 1 or 2 modulo 3",False,6,6,0,False,,False,,1.0,1.0,0,,,,,,,,,
TRIAL,B1,B1,m6_4-trial-019,CONSERVATIVE,0.95,0.95,target_right,target_left,"m25-wrong-context-v1 SHA256(session|trialId), offset 1 or 2 modulo 3",False,6,6,0,False,,False,,1.0,1.0,0,,,,,,,,,
TRIAL,B1,B1,m6_4-trial-019,CONSERVATIVE,0.99,0.99,target_right,target_left,"m25-wrong-context-v1 SHA256(session|trialId), offset 1 or 2 modulo 3",False,6,6,0,False,,False,,1.0,1.0,0,,,,,,,,,
TRIAL,B1,B1,m6_4-trial-019,CONSERVATIVE,1.0,1.00,target_right,target_left,"m25-wrong-context-v1 SHA256(session|trialId), offset 1 or 2 modulo 3",False,6,6,0,False,,False,,1.0,1.0,0,,,,,,,,,
TRIAL,B1,B1,m6_4-trial-020,CONSERVATIVE,0.7,0.70,target_center,target_right,"m25-wrong-context-v1 SHA256(session|trialId), offset 1 or 2 modulo 3",False,14,14,0,False,,False,,1.8,1.8,0,,,,,,,,,
TRIAL,B1,B1,m6_4-trial-020,CONSERVATIVE,0.8,0.80,target_center,target_right,"m25-wrong-context-v1 SHA256(session|trialId), offset 1 or 2 modulo 3",False,14,14,0,False,,False,,1.8,1.8,0,,,,,,,,,
TRIAL,B1,B1,m6_4-trial-020,CONSERVATIVE,0.9,0.90,target_center,target_right,"m25-wrong-context-v1 SHA256(session|trialId), offset 1 or 2 modulo 3",False,14,14,0,False,,False,,1.8,1.8,0,,,,,,,,,
TRIAL,B1,B1,m6_4-trial-020,CONSERVATIVE,0.95,0.95,target_center,target_right,"m25-wrong-context-v1 SHA256(session|trialId), offset 1 or 2 modulo 3",False,14,14,0,False,,False,,1.8,1.8,0,,,,,,,,,
TRIAL,B1,B1,m6_4-trial-020,CONSERVATIVE,0.99,0.99,target_center,target_right,"m25-wrong-context-v1 SHA256(session|trialId), offset 1 or 2 modulo 3",False,14,14,0,False,,False,,1.8,1.8,0,,,,,,,,,
TRIAL,B1,B1,m6_4-trial-020,CONSERVATIVE,1.0,1.00,target_center,target_right,"m25-wrong-context-v1 SHA256(session|trialId), offset 1 or 2 modulo 3",False,14,14,0,False,,False,,1.8,1.8,0,,,,,,,,,
TRIAL,B1,B1,m6_4-trial-021,CONSERVATIVE,0.7,0.70,target_center,target_right,"m25-wrong-context-v1 SHA256(session|trialId), offset 1 or 2 modulo 3",False,13,13,0,False,,False,,1.7,1.7,0,,,,,,,,,
TRIAL,B1,B1,m6_4-trial-021,CONSERVATIVE,0.8,0.80,target_center,target_right,"m25-wrong-context-v1 SHA256(session|trialId), offset 1 or 2 modulo 3",False,13,13,0,False,,False,,1.7,1.7,0,,,,,,,,,
TRIAL,B1,B1,m6_4-trial-021,CONSERVATIVE,0.9,0.90,target_center,target_right,"m25-wrong-context-v1 SHA256(session|trialId), offset 1 or 2 modulo 3",False,13,13,0,False,,False,,1.7,1.7,0,,,,,,,,,
TRIAL,B1,B1,m6_4-trial-021,CONSERVATIVE,0.95,0.95,target_center,target_right,"m25-wrong-context-v1 SHA256(session|trialId), offset 1 or 2 modulo 3",False,13,13,0,False,,False,,1.7,1.7,0,,,,,,,,,
TRIAL,B1,B1,m6_4-trial-021,CONSERVATIVE,0.99,0.99,target_center,target_right,"m25-wrong-context-v1 SHA256(session|trialId), offset 1 or 2 modulo 3",False,13,13,0,False,,False,,1.7,1.7,0,,,,,,,,,
TRIAL,B1,B1,m6_4-trial-021,CONSERVATIVE,1.0,1.00,target_center,target_right,"m25-wrong-context-v1 SHA256(session|trialId), offset 1 or 2 modulo 3",False,13,13,0,False,,False,,1.7,1.7,0,,,,,,,,,
TRIAL,B1,B1,m6_4-trial-022,CONSERVATIVE,0.7,0.70,target_left,target_right,"m25-wrong-context-v1 SHA256(session|trialId), offset 1 or 2 modulo 3",False,15,15,0,False,,False,,1.9,1.9,0,,,,,,,,,
TRIAL,B1,B1,m6_4-trial-022,CONSERVATIVE,0.8,0.80,target_left,target_right,"m25-wrong-context-v1 SHA256(session|trialId), offset 1 or 2 modulo 3",False,15,15,0,False,,False,,1.9,1.9,0,,,,,,,,,
TRIAL,B1,B1,m6_4-trial-022,CONSERVATIVE,0.9,0.90,target_left,target_right,"m25-wrong-context-v1 SHA256(session|trialId), offset 1 or 2 modulo 3",False,15,15,0,False,,False,,1.9,1.9,0,,,,,,,,,
TRIAL,B1,B1,m6_4-trial-022,CONSERVATIVE,0.95,0.95,target_left,target_right,"m25-wrong-context-v1 SHA256(session|trialId), offset 1 or 2 modulo 3",False,15,15,0,False,,False,,1.9,1.9,0,,,,,,,,,
TRIAL,B1,B1,m6_4-trial-022,CONSERVATIVE,0.99,0.99,target_left,target_right,"m25-wrong-context-v1 SHA256(session|trialId), offset 1 or 2 modulo 3",False,15,15,0,False,,False,,1.9,1.9,0,,,,,,,,,
TRIAL,B1,B1,m6_4-trial-022,CONSERVATIVE,1.0,1.00,target_left,target_right,"m25-wrong-context-v1 SHA256(session|trialId), offset 1 or 2 modulo 3",False,15,15,0,False,,False,,1.9,1.9,0,,,,,,,,,
TRIAL,B1,B1,m6_4-trial-023,CONSERVATIVE,0.7,0.70,target_center,target_right,"m25-wrong-context-v1 SHA256(session|trialId), offset 1 or 2 modulo 3",False,12,12,0,False,,False,,1.6,1.6,0,,,,,,,,,
TRIAL,B1,B1,m6_4-trial-023,CONSERVATIVE,0.8,0.80,target_center,target_right,"m25-wrong-context-v1 SHA256(session|trialId), offset 1 or 2 modulo 3",False,12,12,0,False,,False,,1.6,1.6,0,,,,,,,,,
TRIAL,B1,B1,m6_4-trial-023,CONSERVATIVE,0.9,0.90,target_center,target_right,"m25-wrong-context-v1 SHA256(session|trialId), offset 1 or 2 modulo 3",False,12,12,0,False,,False,,1.6,1.6,0,,,,,,,,,
TRIAL,B1,B1,m6_4-trial-023,CONSERVATIVE,0.95,0.95,target_center,target_right,"m25-wrong-context-v1 SHA256(session|trialId), offset 1 or 2 modulo 3",False,12,12,0,False,,False,,1.6,1.6,0,,,,,,,,,
TRIAL,B1,B1,m6_4-trial-023,CONSERVATIVE,0.99,0.99,target_center,target_right,"m25-wrong-context-v1 SHA256(session|trialId), offset 1 or 2 modulo 3",False,12,12,0,False,,False,,1.6,1.6,0,,,,,,,,,
TRIAL,B1,B1,m6_4-trial-023,CONSERVATIVE,1.0,1.00,target_center,target_right,"m25-wrong-context-v1 SHA256(session|trialId), offset 1 or 2 modulo 3",False,12,12,0,False,,False,,1.6,1.6,0,,,,,,,,,
TRIAL,B1,B1,m6_4-trial-024,CONSERVATIVE,0.7,0.70,target_right,target_center,"m25-wrong-context-v1 SHA256(session|trialId), offset 1 or 2 modulo 3",False,6,6,0,False,,False,,1.0,1.0,0,,,,,,,,,
TRIAL,B1,B1,m6_4-trial-024,CONSERVATIVE,0.8,0.80,target_right,target_center,"m25-wrong-context-v1 SHA256(session|trialId), offset 1 or 2 modulo 3",False,6,6,0,False,,False,,1.0,1.0,0,,,,,,,,,
TRIAL,B1,B1,m6_4-trial-024,CONSERVATIVE,0.9,0.90,target_right,target_center,"m25-wrong-context-v1 SHA256(session|trialId), offset 1 or 2 modulo 3",False,6,6,0,False,,False,,1.0,1.0,0,,,,,,,,,
TRIAL,B1,B1,m6_4-trial-024,CONSERVATIVE,0.95,0.95,target_right,target_center,"m25-wrong-context-v1 SHA256(session|trialId), offset 1 or 2 modulo 3",False,6,6,0,False,,False,,1.0,1.0,0,,,,,,,,,
TRIAL,B1,B1,m6_4-trial-024,CONSERVATIVE,0.99,0.99,target_right,target_center,"m25-wrong-context-v1 SHA256(session|trialId), offset 1 or 2 modulo 3",False,6,6,0,False,,False,,1.0,1.0,0,,,,,,,,,
TRIAL,B1,B1,m6_4-trial-024,CONSERVATIVE,1.0,1.00,target_right,target_center,"m25-wrong-context-v1 SHA256(session|trialId), offset 1 or 2 modulo 3",False,6,6,0,False,,False,,1.0,1.0,0,,,,,,,,,
TRIAL,B1,B1,m6_4-trial-025,CONSERVATIVE,0.7,0.70,target_left,target_center,"m25-wrong-context-v1 SHA256(session|trialId), offset 1 or 2 modulo 3",False,9,9,0,False,,False,,1.3,1.3,0,,,,,,,,,
TRIAL,B1,B1,m6_4-trial-025,CONSERVATIVE,0.8,0.80,target_left,target_center,"m25-wrong-context-v1 SHA256(session|trialId), offset 1 or 2 modulo 3",False,9,9,0,False,,False,,1.3,1.3,0,,,,,,,,,
TRIAL,B1,B1,m6_4-trial-025,CONSERVATIVE,0.9,0.90,target_left,target_center,"m25-wrong-context-v1 SHA256(session|trialId), offset 1 or 2 modulo 3",False,9,9,0,False,,False,,1.3,1.3,0,,,,,,,,,
TRIAL,B1,B1,m6_4-trial-025,CONSERVATIVE,0.95,0.95,target_left,target_center,"m25-wrong-context-v1 SHA256(session|trialId), offset 1 or 2 modulo 3",False,9,9,0,False,,False,,1.3,1.3,0,,,,,,,,,
TRIAL,B1,B1,m6_4-trial-025,CONSERVATIVE,0.99,0.99,target_left,target_center,"m25-wrong-context-v1 SHA256(session|trialId), offset 1 or 2 modulo 3",False,9,9,0,False,,False,,1.3,1.3,0,,,,,,,,,
TRIAL,B1,B1,m6_4-trial-025,CONSERVATIVE,1.0,1.00,target_left,target_center,"m25-wrong-context-v1 SHA256(session|trialId), offset 1 or 2 modulo 3",False,9,9,0,False,,False,,1.3,1.3,0,,,,,,,,,
TRIAL,B1,B1,m6_4-trial-026,CONSERVATIVE,0.7,0.70,target_left,target_right,"m25-wrong-context-v1 SHA256(session|trialId), offset 1 or 2 modulo 3",False,7,7,0,False,,False,,1.1,1.1,0,,,,,,,,,
TRIAL,B1,B1,m6_4-trial-026,CONSERVATIVE,0.8,0.80,target_left,target_right,"m25-wrong-context-v1 SHA256(session|trialId), offset 1 or 2 modulo 3",False,7,7,0,False,,False,,1.1,1.1,0,,,,,,,,,
TRIAL,B1,B1,m6_4-trial-026,CONSERVATIVE,0.9,0.90,target_left,target_right,"m25-wrong-context-v1 SHA256(session|trialId), offset 1 or 2 modulo 3",False,7,7,0,False,,False,,1.1,1.1,0,,,,,,,,,
TRIAL,B1,B1,m6_4-trial-026,CONSERVATIVE,0.95,0.95,target_left,target_right,"m25-wrong-context-v1 SHA256(session|trialId), offset 1 or 2 modulo 3",False,7,7,0,False,,False,,1.1,1.1,0,,,,,,,,,
TRIAL,B1,B1,m6_4-trial-026,CONSERVATIVE,0.99,0.99,target_left,target_right,"m25-wrong-context-v1 SHA256(session|trialId), offset 1 or 2 modulo 3",False,7,7,0,False,,False,,1.1,1.1,0,,,,,,,,,
TRIAL,B1,B1,m6_4-trial-026,CONSERVATIVE,1.0,1.00,target_left,target_right,"m25-wrong-context-v1 SHA256(session|trialId), offset 1 or 2 modulo 3",False,7,7,0,False,,False,,1.1,1.1,0,,,,,,,,,
TRIAL,B1,B1,m6_4-trial-027,CONSERVATIVE,0.7,0.70,target_center,target_right,"m25-wrong-context-v1 SHA256(session|trialId), offset 1 or 2 modulo 3",False,12,12,0,False,,False,,1.6,1.6,0,,,,,,,,,
TRIAL,B1,B1,m6_4-trial-027,CONSERVATIVE,0.8,0.80,target_center,target_right,"m25-wrong-context-v1 SHA256(session|trialId), offset 1 or 2 modulo 3",False,12,12,0,False,,False,,1.6,1.6,0,,,,,,,,,
TRIAL,B1,B1,m6_4-trial-027,CONSERVATIVE,0.9,0.90,target_center,target_right,"m25-wrong-context-v1 SHA256(session|trialId), offset 1 or 2 modulo 3",False,12,12,0,False,,False,,1.6,1.6,0,,,,,,,,,
TRIAL,B1,B1,m6_4-trial-027,CONSERVATIVE,0.95,0.95,target_center,target_right,"m25-wrong-context-v1 SHA256(session|trialId), offset 1 or 2 modulo 3",False,12,12,0,False,,False,,1.6,1.6,0,,,,,,,,,
TRIAL,B1,B1,m6_4-trial-027,CONSERVATIVE,0.99,0.99,target_center,target_right,"m25-wrong-context-v1 SHA256(session|trialId), offset 1 or 2 modulo 3",False,12,12,0,False,,False,,1.6,1.6,0,,,,,,,,,
TRIAL,B1,B1,m6_4-trial-027,CONSERVATIVE,1.0,1.00,target_center,target_right,"m25-wrong-context-v1 SHA256(session|trialId), offset 1 or 2 modulo 3",False,12,12,0,False,,False,,1.6,1.6,0,,,,,,,,,
TRIAL,B1,B1,m6_4-trial-028,CONSERVATIVE,0.7,0.70,target_center,target_left,"m25-wrong-context-v1 SHA256(session|trialId), offset 1 or 2 modulo 3",False,15,14,1,True,0.5,False,,1.9,1.9,1,0.0001418734403107469,0.362738094231334,0.9927140307985455,0,0.0,,,,
TRIAL,B1,B1,m6_4-trial-028,CONSERVATIVE,0.8,0.80,target_center,target_left,"m25-wrong-context-v1 SHA256(session|trialId), offset 1 or 2 modulo 3",False,15,14,1,True,0.5,False,,1.9,1.9,1,0.0001418734403107469,0.362738094231334,0.9927140307985455,0,0.0,,,,
TRIAL,B1,B1,m6_4-trial-028,CONSERVATIVE,0.9,0.90,target_center,target_left,"m25-wrong-context-v1 SHA256(session|trialId), offset 1 or 2 modulo 3",False,15,14,1,True,0.5,False,,1.9,1.9,1,0.0001418734403107469,0.362738094231334,0.9927140307985455,0,0.0,,,,
TRIAL,B1,B1,m6_4-trial-028,CONSERVATIVE,0.95,0.95,target_center,target_left,"m25-wrong-context-v1 SHA256(session|trialId), offset 1 or 2 modulo 3",False,15,14,1,True,0.5,False,,1.9,1.9,1,0.0001418734403107469,0.362738094231334,0.9927140307985455,0,0.0,,,,
TRIAL,B1,B1,m6_4-trial-028,CONSERVATIVE,0.99,0.99,target_center,target_left,"m25-wrong-context-v1 SHA256(session|trialId), offset 1 or 2 modulo 3",False,15,14,1,True,0.5,False,,1.9,1.9,1,0.0001418734403107469,0.362738094231334,0.9927140307985455,0,0.0,,,,
TRIAL,B1,B1,m6_4-trial-028,CONSERVATIVE,1.0,1.00,target_center,target_left,"m25-wrong-context-v1 SHA256(session|trialId), offset 1 or 2 modulo 3",False,15,14,1,True,0.5,False,,1.9,1.9,1,0.0001418734403107469,0.362738094231334,0.9927140307985455,0,0.0,,,,
TRIAL,B1,B1,m6_4-trial-029,CONSERVATIVE,0.7,0.70,target_left,target_center,"m25-wrong-context-v1 SHA256(session|trialId), offset 1 or 2 modulo 3",False,15,15,0,False,,False,,1.9,1.9,0,,,,,,,,,
TRIAL,B1,B1,m6_4-trial-029,CONSERVATIVE,0.8,0.80,target_left,target_center,"m25-wrong-context-v1 SHA256(session|trialId), offset 1 or 2 modulo 3",False,15,15,0,False,,False,,1.9,1.9,0,,,,,,,,,
TRIAL,B1,B1,m6_4-trial-029,CONSERVATIVE,0.9,0.90,target_left,target_center,"m25-wrong-context-v1 SHA256(session|trialId), offset 1 or 2 modulo 3",False,15,15,0,False,,False,,1.9,1.9,0,,,,,,,,,
TRIAL,B1,B1,m6_4-trial-029,CONSERVATIVE,0.95,0.95,target_left,target_center,"m25-wrong-context-v1 SHA256(session|trialId), offset 1 or 2 modulo 3",False,15,15,0,False,,False,,1.9,1.9,0,,,,,,,,,
TRIAL,B1,B1,m6_4-trial-029,CONSERVATIVE,0.99,0.99,target_left,target_center,"m25-wrong-context-v1 SHA256(session|trialId), offset 1 or 2 modulo 3",False,15,15,0,False,,False,,1.9,1.9,0,,,,,,,,,
TRIAL,B1,B1,m6_4-trial-029,CONSERVATIVE,1.0,1.00,target_left,target_center,"m25-wrong-context-v1 SHA256(session|trialId), offset 1 or 2 modulo 3",False,15,15,0,False,,False,,1.9,1.9,0,,,,,,,,,
TRIAL,B1,B1,m6_4-trial-030,CONSERVATIVE,0.7,0.70,target_right,target_center,"m25-wrong-context-v1 SHA256(session|trialId), offset 1 or 2 modulo 3",False,6,6,0,False,,False,,1.0,1.0,0,,,,,,,,,
TRIAL,B1,B1,m6_4-trial-030,CONSERVATIVE,0.8,0.80,target_right,target_center,"m25-wrong-context-v1 SHA256(session|trialId), offset 1 or 2 modulo 3",False,6,6,0,False,,False,,1.0,1.0,0,,,,,,,,,
TRIAL,B1,B1,m6_4-trial-030,CONSERVATIVE,0.9,0.90,target_right,target_center,"m25-wrong-context-v1 SHA256(session|trialId), offset 1 or 2 modulo 3",False,6,6,0,False,,False,,1.0,1.0,0,,,,,,,,,
TRIAL,B1,B1,m6_4-trial-030,CONSERVATIVE,0.95,0.95,target_right,target_center,"m25-wrong-context-v1 SHA256(session|trialId), offset 1 or 2 modulo 3",False,6,6,0,False,,False,,1.0,1.0,0,,,,,,,,,
TRIAL,B1,B1,m6_4-trial-030,CONSERVATIVE,0.99,0.99,target_right,target_center,"m25-wrong-context-v1 SHA256(session|trialId), offset 1 or 2 modulo 3",False,6,6,0,False,,False,,1.0,1.0,0,,,,,,,,,
TRIAL,B1,B1,m6_4-trial-030,CONSERVATIVE,1.0,1.00,target_right,target_center,"m25-wrong-context-v1 SHA256(session|trialId), offset 1 or 2 modulo 3",False,6,6,0,False,,False,,1.0,1.0,0,,,,,,,,,
TRIAL,B2,B2,m6_4-trial-001,FAST,0.7,0.70,target_right,target_center,"m25-wrong-context-v1 SHA256(session|trialId), offset 1 or 2 modulo 3",False,15,8,7,True,1.0,True,1.4,1.9,1.4,5,0.014823598300655771,0.3633336940816957,0.9955747699752004,0,0.3999999999999999,,,,
TRIAL,B2,B2,m6_4-trial-001,FAST,0.8,0.80,target_right,target_center,"m25-wrong-context-v1 SHA256(session|trialId), offset 1 or 2 modulo 3",False,15,8,7,True,1.0,True,1.4,1.9,1.4,5,0.014823598300655771,0.3633336940816957,0.9955747699752004,0,0.3999999999999999,,,,
TRIAL,B2,B2,m6_4-trial-001,FAST,0.9,0.90,target_right,target_center,"m25-wrong-context-v1 SHA256(session|trialId), offset 1 or 2 modulo 3",False,15,8,7,True,1.0,True,1.4,1.9,1.4,5,0.014823598300655771,0.3633336940816957,0.9955747699752004,0,0.3999999999999999,,,,
TRIAL,B2,B2,m6_4-trial-001,FAST,0.95,0.95,target_right,target_center,"m25-wrong-context-v1 SHA256(session|trialId), offset 1 or 2 modulo 3",False,15,8,7,True,1.0,True,1.4,1.9,1.4,5,0.014823598300655771,0.3633336940816957,0.9955747699752004,0,0.3999999999999999,,,,
TRIAL,B2,B2,m6_4-trial-001,FAST,0.99,0.99,target_right,target_center,"m25-wrong-context-v1 SHA256(session|trialId), offset 1 or 2 modulo 3",False,15,8,7,True,1.0,True,1.4,1.9,1.4,5,0.014823598300655771,0.3633336940816957,0.9955747699752004,0,0.3999999999999999,,,,
TRIAL,B2,B2,m6_4-trial-001,FAST,1.0,1.00,target_right,target_center,"m25-wrong-context-v1 SHA256(session|trialId), offset 1 or 2 modulo 3",False,15,8,7,True,1.0,True,1.4,1.9,1.4,5,0.014823598300655771,0.3633336940816957,0.9955747699752004,0,0.3999999999999999,,,,
TRIAL,B2,B2,m6_4-trial-002,FAST,0.7,0.70,target_left,target_center,"m25-wrong-context-v1 SHA256(session|trialId), offset 1 or 2 modulo 3",False,8,8,0,False,,False,,1.2,1.2,0,,,,,,,,,
TRIAL,B2,B2,m6_4-trial-002,FAST,0.8,0.80,target_left,target_center,"m25-wrong-context-v1 SHA256(session|trialId), offset 1 or 2 modulo 3",False,8,8,0,False,,False,,1.2,1.2,0,,,,,,,,,
TRIAL,B2,B2,m6_4-trial-002,FAST,0.9,0.90,target_left,target_center,"m25-wrong-context-v1 SHA256(session|trialId), offset 1 or 2 modulo 3",False,8,8,0,False,,False,,1.2,1.2,0,,,,,,,,,
TRIAL,B2,B2,m6_4-trial-002,FAST,0.95,0.95,target_left,target_center,"m25-wrong-context-v1 SHA256(session|trialId), offset 1 or 2 modulo 3",False,8,8,0,False,,False,,1.2,1.2,0,,,,,,,,,
TRIAL,B2,B2,m6_4-trial-002,FAST,0.99,0.99,target_left,target_center,"m25-wrong-context-v1 SHA256(session|trialId), offset 1 or 2 modulo 3",False,8,8,0,False,,False,,1.2,1.2,0,,,,,,,,,
TRIAL,B2,B2,m6_4-trial-002,FAST,1.0,1.00,target_left,target_center,"m25-wrong-context-v1 SHA256(session|trialId), offset 1 or 2 modulo 3",False,8,8,0,False,,False,,1.2,1.2,0,,,,,,,,,
TRIAL,B2,B2,m6_4-trial-003,FAST,0.7,0.70,target_center,target_left,"m25-wrong-context-v1 SHA256(session|trialId), offset 1 or 2 modulo 3",False,5,5,0,False,,False,,0.9,0.9,0,,,,,,,,,
TRIAL,B2,B2,m6_4-trial-003,FAST,0.8,0.80,target_center,target_left,"m25-wrong-context-v1 SHA256(session|trialId), offset 1 or 2 modulo 3",False,5,5,0,False,,False,,0.9,0.9,0,,,,,,,,,
TRIAL,B2,B2,m6_4-trial-003,FAST,0.9,0.90,target_center,target_left,"m25-wrong-context-v1 SHA256(session|trialId), offset 1 or 2 modulo 3",False,5,5,0,False,,False,,0.9,0.9,0,,,,,,,,,
TRIAL,B2,B2,m6_4-trial-003,FAST,0.95,0.95,target_center,target_left,"m25-wrong-context-v1 SHA256(session|trialId), offset 1 or 2 modulo 3",False,5,5,0,False,,False,,0.9,0.9,0,,,,,,,,,
TRIAL,B2,B2,m6_4-trial-003,FAST,0.99,0.99,target_center,target_left,"m25-wrong-context-v1 SHA256(session|trialId), offset 1 or 2 modulo 3",False,5,5,0,False,,False,,0.9,0.9,0,,,,,,,,,
TRIAL,B2,B2,m6_4-trial-003,FAST,1.0,1.00,target_center,target_left,"m25-wrong-context-v1 SHA256(session|trialId), offset 1 or 2 modulo 3",False,5,5,0,False,,False,,0.9,0.9,0,,,,,,,,,
TRIAL,B2,B2,m6_4-trial-004,FAST,0.7,0.70,target_right,target_center,"m25-wrong-context-v1 SHA256(session|trialId), offset 1 or 2 modulo 3",False,5,5,0,False,,False,,0.9,0.9,0,,,,,,,,,
TRIAL,B2,B2,m6_4-trial-004,FAST,0.8,0.80,target_right,target_center,"m25-wrong-context-v1 SHA256(session|trialId), offset 1 or 2 modulo 3",False,5,5,0,False,,False,,0.9,0.9,0,,,,,,,,,
TRIAL,B2,B2,m6_4-trial-004,FAST,0.9,0.90,target_right,target_center,"m25-wrong-context-v1 SHA256(session|trialId), offset 1 or 2 modulo 3",False,5,5,0,False,,False,,0.9,0.9,0,,,,,,,,,
TRIAL,B2,B2,m6_4-trial-004,FAST,0.95,0.95,target_right,target_center,"m25-wrong-context-v1 SHA256(session|trialId), offset 1 or 2 modulo 3",False,5,5,0,False,,False,,0.9,0.9,0,,,,,,,,,
TRIAL,B2,B2,m6_4-trial-004,FAST,0.99,0.99,target_right,target_center,"m25-wrong-context-v1 SHA256(session|trialId), offset 1 or 2 modulo 3",False,5,5,0,False,,False,,0.9,0.9,0,,,,,,,,,
TRIAL,B2,B2,m6_4-trial-004,FAST,1.0,1.00,target_right,target_center,"m25-wrong-context-v1 SHA256(session|trialId), offset 1 or 2 modulo 3",False,5,5,0,False,,False,,0.9,0.9,0,,,,,,,,,
TRIAL,B2,B2,m6_4-trial-005,FAST,0.7,0.70,target_center,target_left,"m25-wrong-context-v1 SHA256(session|trialId), offset 1 or 2 modulo 3",False,5,5,0,False,,False,,0.9,0.9,0,,,,,,,,,
TRIAL,B2,B2,m6_4-trial-005,FAST,0.8,0.80,target_center,target_left,"m25-wrong-context-v1 SHA256(session|trialId), offset 1 or 2 modulo 3",False,5,5,0,False,,False,,0.9,0.9,0,,,,,,,,,
TRIAL,B2,B2,m6_4-trial-005,FAST,0.9,0.90,target_center,target_left,"m25-wrong-context-v1 SHA256(session|trialId), offset 1 or 2 modulo 3",False,5,5,0,False,,False,,0.9,0.9,0,,,,,,,,,
TRIAL,B2,B2,m6_4-trial-005,FAST,0.95,0.95,target_center,target_left,"m25-wrong-context-v1 SHA256(session|trialId), offset 1 or 2 modulo 3",False,5,5,0,False,,False,,0.9,0.9,0,,,,,,,,,
TRIAL,B2,B2,m6_4-trial-005,FAST,0.99,0.99,target_center,target_left,"m25-wrong-context-v1 SHA256(session|trialId), offset 1 or 2 modulo 3",False,5,5,0,False,,False,,0.9,0.9,0,,,,,,,,,
TRIAL,B2,B2,m6_4-trial-005,FAST,1.0,1.00,target_center,target_left,"m25-wrong-context-v1 SHA256(session|trialId), offset 1 or 2 modulo 3",False,5,5,0,False,,False,,0.9,0.9,0,,,,,,,,,
TRIAL,B2,B2,m6_4-trial-006,FAST,0.7,0.70,target_left,target_center,"m25-wrong-context-v1 SHA256(session|trialId), offset 1 or 2 modulo 3",False,5,5,0,False,,False,,0.9,0.9,0,,,,,,,,,
TRIAL,B2,B2,m6_4-trial-006,FAST,0.8,0.80,target_left,target_center,"m25-wrong-context-v1 SHA256(session|trialId), offset 1 or 2 modulo 3",False,5,5,0,False,,False,,0.9,0.9,0,,,,,,,,,
TRIAL,B2,B2,m6_4-trial-006,FAST,0.9,0.90,target_left,target_center,"m25-wrong-context-v1 SHA256(session|trialId), offset 1 or 2 modulo 3",False,5,5,0,False,,False,,0.9,0.9,0,,,,,,,,,
TRIAL,B2,B2,m6_4-trial-006,FAST,0.95,0.95,target_left,target_center,"m25-wrong-context-v1 SHA256(session|trialId), offset 1 or 2 modulo 3",False,5,5,0,False,,False,,0.9,0.9,0,,,,,,,,,
TRIAL,B2,B2,m6_4-trial-006,FAST,0.99,0.99,target_left,target_center,"m25-wrong-context-v1 SHA256(session|trialId), offset 1 or 2 modulo 3",False,5,5,0,False,,False,,0.9,0.9,0,,,,,,,,,
TRIAL,B2,B2,m6_4-trial-006,FAST,1.0,1.00,target_left,target_center,"m25-wrong-context-v1 SHA256(session|trialId), offset 1 or 2 modulo 3",False,5,5,0,False,,False,,0.9,0.9,0,,,,,,,,,
TRIAL,B2,B2,m6_4-trial-007,FAST,0.7,0.70,target_center,target_right,"m25-wrong-context-v1 SHA256(session|trialId), offset 1 or 2 modulo 3",False,6,6,0,False,,False,,1.0,1.0,0,,,,,,,,,
TRIAL,B2,B2,m6_4-trial-007,FAST,0.8,0.80,target_center,target_right,"m25-wrong-context-v1 SHA256(session|trialId), offset 1 or 2 modulo 3",False,6,6,0,False,,False,,1.0,1.0,0,,,,,,,,,
TRIAL,B2,B2,m6_4-trial-007,FAST,0.9,0.90,target_center,target_right,"m25-wrong-context-v1 SHA256(session|trialId), offset 1 or 2 modulo 3",False,6,6,0,False,,False,,1.0,1.0,0,,,,,,,,,
TRIAL,B2,B2,m6_4-trial-007,FAST,0.95,0.95,target_center,target_right,"m25-wrong-context-v1 SHA256(session|trialId), offset 1 or 2 modulo 3",False,6,6,0,False,,False,,1.0,1.0,0,,,,,,,,,
TRIAL,B2,B2,m6_4-trial-007,FAST,0.99,0.99,target_center,target_right,"m25-wrong-context-v1 SHA256(session|trialId), offset 1 or 2 modulo 3",False,6,6,0,False,,False,,1.0,1.0,0,,,,,,,,,
TRIAL,B2,B2,m6_4-trial-007,FAST,1.0,1.00,target_center,target_right,"m25-wrong-context-v1 SHA256(session|trialId), offset 1 or 2 modulo 3",False,6,6,0,False,,False,,1.0,1.0,0,,,,,,,,,
TRIAL,B2,B2,m6_4-trial-008,FAST,0.7,0.70,target_right,target_left,"m25-wrong-context-v1 SHA256(session|trialId), offset 1 or 2 modulo 3",False,6,6,0,False,,False,,1.0,1.0,0,,,,,,,,,
TRIAL,B2,B2,m6_4-trial-008,FAST,0.8,0.80,target_right,target_left,"m25-wrong-context-v1 SHA256(session|trialId), offset 1 or 2 modulo 3",False,6,6,0,False,,False,,1.0,1.0,0,,,,,,,,,
TRIAL,B2,B2,m6_4-trial-008,FAST,0.9,0.90,target_right,target_left,"m25-wrong-context-v1 SHA256(session|trialId), offset 1 or 2 modulo 3",False,6,6,0,False,,False,,1.0,1.0,0,,,,,,,,,
TRIAL,B2,B2,m6_4-trial-008,FAST,0.95,0.95,target_right,target_left,"m25-wrong-context-v1 SHA256(session|trialId), offset 1 or 2 modulo 3",False,6,6,0,False,,False,,1.0,1.0,0,,,,,,,,,
TRIAL,B2,B2,m6_4-trial-008,FAST,0.99,0.99,target_right,target_left,"m25-wrong-context-v1 SHA256(session|trialId), offset 1 or 2 modulo 3",False,6,6,0,False,,False,,1.0,1.0,0,,,,,,,,,
TRIAL,B2,B2,m6_4-trial-008,FAST,1.0,1.00,target_right,target_left,"m25-wrong-context-v1 SHA256(session|trialId), offset 1 or 2 modulo 3",False,6,6,0,False,,False,,1.0,1.0,0,,,,,,,,,
TRIAL,B2,B2,m6_4-trial-009,FAST,0.7,0.70,target_right,target_center,"m25-wrong-context-v1 SHA256(session|trialId), offset 1 or 2 modulo 3",False,5,5,0,False,,False,,0.9,0.9,0,,,,,,,,,
TRIAL,B2,B2,m6_4-trial-009,FAST,0.8,0.80,target_right,target_center,"m25-wrong-context-v1 SHA256(session|trialId), offset 1 or 2 modulo 3",False,5,5,0,False,,False,,0.9,0.9,0,,,,,,,,,
TRIAL,B2,B2,m6_4-trial-009,FAST,0.9,0.90,target_right,target_center,"m25-wrong-context-v1 SHA256(session|trialId), offset 1 or 2 modulo 3",False,5,5,0,False,,False,,0.9,0.9,0,,,,,,,,,
TRIAL,B2,B2,m6_4-trial-009,FAST,0.95,0.95,target_right,target_center,"m25-wrong-context-v1 SHA256(session|trialId), offset 1 or 2 modulo 3",False,5,5,0,False,,False,,0.9,0.9,0,,,,,,,,,
TRIAL,B2,B2,m6_4-trial-009,FAST,0.99,0.99,target_right,target_center,"m25-wrong-context-v1 SHA256(session|trialId), offset 1 or 2 modulo 3",False,5,5,0,False,,False,,0.9,0.9,0,,,,,,,,,
TRIAL,B2,B2,m6_4-trial-009,FAST,1.0,1.00,target_right,target_center,"m25-wrong-context-v1 SHA256(session|trialId), offset 1 or 2 modulo 3",False,5,5,0,False,,False,,0.9,0.9,0,,,,,,,,,
TRIAL,B2,B2,m6_4-trial-010,FAST,0.7,0.70,target_center,target_right,"m25-wrong-context-v1 SHA256(session|trialId), offset 1 or 2 modulo 3",False,8,8,0,False,,False,,1.2,1.2,0,,,,,,,,,
TRIAL,B2,B2,m6_4-trial-010,FAST,0.8,0.80,target_center,target_right,"m25-wrong-context-v1 SHA256(session|trialId), offset 1 or 2 modulo 3",False,8,8,0,False,,False,,1.2,1.2,0,,,,,,,,,
TRIAL,B2,B2,m6_4-trial-010,FAST,0.9,0.90,target_center,target_right,"m25-wrong-context-v1 SHA256(session|trialId), offset 1 or 2 modulo 3",False,8,8,0,False,,False,,1.2,1.2,0,,,,,,,,,
TRIAL,B2,B2,m6_4-trial-010,FAST,0.95,0.95,target_center,target_right,"m25-wrong-context-v1 SHA256(session|trialId), offset 1 or 2 modulo 3",False,8,8,0,False,,False,,1.2,1.2,0,,,,,,,,,
TRIAL,B2,B2,m6_4-trial-010,FAST,0.99,0.99,target_center,target_right,"m25-wrong-context-v1 SHA256(session|trialId), offset 1 or 2 modulo 3",False,8,8,0,False,,False,,1.2,1.2,0,,,,,,,,,
TRIAL,B2,B2,m6_4-trial-010,FAST,1.0,1.00,target_center,target_right,"m25-wrong-context-v1 SHA256(session|trialId), offset 1 or 2 modulo 3",False,8,8,0,False,,False,,1.2,1.2,0,,,,,,,,,
TRIAL,B2,B2,m6_4-trial-011,FAST,0.7,0.70,target_left,target_center,"m25-wrong-context-v1 SHA256(session|trialId), offset 1 or 2 modulo 3",False,10,10,0,False,,False,,1.4,1.4,0,,,,,,,,,
TRIAL,B2,B2,m6_4-trial-011,FAST,0.8,0.80,target_left,target_center,"m25-wrong-context-v1 SHA256(session|trialId), offset 1 or 2 modulo 3",False,10,10,0,False,,False,,1.4,1.4,0,,,,,,,,,
TRIAL,B2,B2,m6_4-trial-011,FAST,0.9,0.90,target_left,target_center,"m25-wrong-context-v1 SHA256(session|trialId), offset 1 or 2 modulo 3",False,10,10,0,False,,False,,1.4,1.4,0,,,,,,,,,
TRIAL,B2,B2,m6_4-trial-011,FAST,0.95,0.95,target_left,target_center,"m25-wrong-context-v1 SHA256(session|trialId), offset 1 or 2 modulo 3",False,10,10,0,False,,False,,1.4,1.4,0,,,,,,,,,
TRIAL,B2,B2,m6_4-trial-011,FAST,0.99,0.99,target_left,target_center,"m25-wrong-context-v1 SHA256(session|trialId), offset 1 or 2 modulo 3",False,10,10,0,False,,False,,1.4,1.4,0,,,,,,,,,
TRIAL,B2,B2,m6_4-trial-011,FAST,1.0,1.00,target_left,target_center,"m25-wrong-context-v1 SHA256(session|trialId), offset 1 or 2 modulo 3",False,10,10,0,False,,False,,1.4,1.4,0,,,,,,,,,
TRIAL,B2,B2,m6_4-trial-012,FAST,0.7,0.70,target_left,target_right,"m25-wrong-context-v1 SHA256(session|trialId), offset 1 or 2 modulo 3",False,8,8,0,False,,False,,1.2,1.2,0,,,,,,,,,
TRIAL,B2,B2,m6_4-trial-012,FAST,0.8,0.80,target_left,target_right,"m25-wrong-context-v1 SHA256(session|trialId), offset 1 or 2 modulo 3",False,8,8,0,False,,False,,1.2,1.2,0,,,,,,,,,
TRIAL,B2,B2,m6_4-trial-012,FAST,0.9,0.90,target_left,target_right,"m25-wrong-context-v1 SHA256(session|trialId), offset 1 or 2 modulo 3",False,8,8,0,False,,False,,1.2,1.2,0,,,,,,,,,
TRIAL,B2,B2,m6_4-trial-012,FAST,0.95,0.95,target_left,target_right,"m25-wrong-context-v1 SHA256(session|trialId), offset 1 or 2 modulo 3",False,8,8,0,False,,False,,1.2,1.2,0,,,,,,,,,
TRIAL,B2,B2,m6_4-trial-012,FAST,0.99,0.99,target_left,target_right,"m25-wrong-context-v1 SHA256(session|trialId), offset 1 or 2 modulo 3",False,8,8,0,False,,False,,1.2,1.2,0,,,,,,,,,
TRIAL,B2,B2,m6_4-trial-012,FAST,1.0,1.00,target_left,target_right,"m25-wrong-context-v1 SHA256(session|trialId), offset 1 or 2 modulo 3",False,8,8,0,False,,False,,1.2,1.2,0,,,,,,,,,
TRIAL,B2,B2,m6_4-trial-013,FAST,0.7,0.70,target_center,target_right,"m25-wrong-context-v1 SHA256(session|trialId), offset 1 or 2 modulo 3",False,5,5,0,False,,False,,0.9,0.9,0,,,,,,,,,
TRIAL,B2,B2,m6_4-trial-013,FAST,0.8,0.80,target_center,target_right,"m25-wrong-context-v1 SHA256(session|trialId), offset 1 or 2 modulo 3",False,5,5,0,False,,False,,0.9,0.9,0,,,,,,,,,
TRIAL,B2,B2,m6_4-trial-013,FAST,0.9,0.90,target_center,target_right,"m25-wrong-context-v1 SHA256(session|trialId), offset 1 or 2 modulo 3",False,5,5,0,False,,False,,0.9,0.9,0,,,,,,,,,
TRIAL,B2,B2,m6_4-trial-013,FAST,0.95,0.95,target_center,target_right,"m25-wrong-context-v1 SHA256(session|trialId), offset 1 or 2 modulo 3",False,5,5,0,False,,False,,0.9,0.9,0,,,,,,,,,
TRIAL,B2,B2,m6_4-trial-013,FAST,0.99,0.99,target_center,target_right,"m25-wrong-context-v1 SHA256(session|trialId), offset 1 or 2 modulo 3",False,5,5,0,False,,False,,0.9,0.9,0,,,,,,,,,
TRIAL,B2,B2,m6_4-trial-013,FAST,1.0,1.00,target_center,target_right,"m25-wrong-context-v1 SHA256(session|trialId), offset 1 or 2 modulo 3",False,5,5,0,False,,False,,0.9,0.9,0,,,,,,,,,
TRIAL,B2,B2,m6_4-trial-014,FAST,0.7,0.70,target_left,target_right,"m25-wrong-context-v1 SHA256(session|trialId), offset 1 or 2 modulo 3",False,5,5,0,False,,False,,0.9,0.9,0,,,,,,,,,
TRIAL,B2,B2,m6_4-trial-014,FAST,0.8,0.80,target_left,target_right,"m25-wrong-context-v1 SHA256(session|trialId), offset 1 or 2 modulo 3",False,5,5,0,False,,False,,0.9,0.9,0,,,,,,,,,
TRIAL,B2,B2,m6_4-trial-014,FAST,0.9,0.90,target_left,target_right,"m25-wrong-context-v1 SHA256(session|trialId), offset 1 or 2 modulo 3",False,5,5,0,False,,False,,0.9,0.9,0,,,,,,,,,
TRIAL,B2,B2,m6_4-trial-014,FAST,0.95,0.95,target_left,target_right,"m25-wrong-context-v1 SHA256(session|trialId), offset 1 or 2 modulo 3",False,5,5,0,False,,False,,0.9,0.9,0,,,,,,,,,
TRIAL,B2,B2,m6_4-trial-014,FAST,0.99,0.99,target_left,target_right,"m25-wrong-context-v1 SHA256(session|trialId), offset 1 or 2 modulo 3",False,5,5,0,False,,False,,0.9,0.9,0,,,,,,,,,
TRIAL,B2,B2,m6_4-trial-014,FAST,1.0,1.00,target_left,target_right,"m25-wrong-context-v1 SHA256(session|trialId), offset 1 or 2 modulo 3",False,5,5,0,False,,False,,0.9,0.9,0,,,,,,,,,
TRIAL,B2,B2,m6_4-trial-015,FAST,0.7,0.70,target_center,target_right,"m25-wrong-context-v1 SHA256(session|trialId), offset 1 or 2 modulo 3",False,5,5,0,False,,False,,0.9,0.9,0,,,,,,,,,
TRIAL,B2,B2,m6_4-trial-015,FAST,0.8,0.80,target_center,target_right,"m25-wrong-context-v1 SHA256(session|trialId), offset 1 or 2 modulo 3",False,5,5,0,False,,False,,0.9,0.9,0,,,,,,,,,
TRIAL,B2,B2,m6_4-trial-015,FAST,0.9,0.90,target_center,target_right,"m25-wrong-context-v1 SHA256(session|trialId), offset 1 or 2 modulo 3",False,5,5,0,False,,False,,0.9,0.9,0,,,,,,,,,
TRIAL,B2,B2,m6_4-trial-015,FAST,0.95,0.95,target_center,target_right,"m25-wrong-context-v1 SHA256(session|trialId), offset 1 or 2 modulo 3",False,5,5,0,False,,False,,0.9,0.9,0,,,,,,,,,
TRIAL,B2,B2,m6_4-trial-015,FAST,0.99,0.99,target_center,target_right,"m25-wrong-context-v1 SHA256(session|trialId), offset 1 or 2 modulo 3",False,5,5,0,False,,False,,0.9,0.9,0,,,,,,,,,
TRIAL,B2,B2,m6_4-trial-015,FAST,1.0,1.00,target_center,target_right,"m25-wrong-context-v1 SHA256(session|trialId), offset 1 or 2 modulo 3",False,5,5,0,False,,False,,0.9,0.9,0,,,,,,,,,
TRIAL,B2,B2,m6_4-trial-016,FAST,0.7,0.70,target_left,target_right,"m25-wrong-context-v1 SHA256(session|trialId), offset 1 or 2 modulo 3",False,5,5,0,False,,False,,0.9,0.9,0,,,,,,,,,
TRIAL,B2,B2,m6_4-trial-016,FAST,0.8,0.80,target_left,target_right,"m25-wrong-context-v1 SHA256(session|trialId), offset 1 or 2 modulo 3",False,5,5,0,False,,False,,0.9,0.9,0,,,,,,,,,
TRIAL,B2,B2,m6_4-trial-016,FAST,0.9,0.90,target_left,target_right,"m25-wrong-context-v1 SHA256(session|trialId), offset 1 or 2 modulo 3",False,5,5,0,False,,False,,0.9,0.9,0,,,,,,,,,
TRIAL,B2,B2,m6_4-trial-016,FAST,0.95,0.95,target_left,target_right,"m25-wrong-context-v1 SHA256(session|trialId), offset 1 or 2 modulo 3",False,5,5,0,False,,False,,0.9,0.9,0,,,,,,,,,
TRIAL,B2,B2,m6_4-trial-016,FAST,0.99,0.99,target_left,target_right,"m25-wrong-context-v1 SHA256(session|trialId), offset 1 or 2 modulo 3",False,5,5,0,False,,False,,0.9,0.9,0,,,,,,,,,
TRIAL,B2,B2,m6_4-trial-016,FAST,1.0,1.00,target_left,target_right,"m25-wrong-context-v1 SHA256(session|trialId), offset 1 or 2 modulo 3",False,5,5,0,False,,False,,0.9,0.9,0,,,,,,,,,
TRIAL,B2,B2,m6_4-trial-017,FAST,0.7,0.70,target_right,target_left,"m25-wrong-context-v1 SHA256(session|trialId), offset 1 or 2 modulo 3",False,5,5,0,False,,False,,0.9,0.9,0,,,,,,,,,
TRIAL,B2,B2,m6_4-trial-017,FAST,0.8,0.80,target_right,target_left,"m25-wrong-context-v1 SHA256(session|trialId), offset 1 or 2 modulo 3",False,5,5,0,False,,False,,0.9,0.9,0,,,,,,,,,
TRIAL,B2,B2,m6_4-trial-017,FAST,0.9,0.90,target_right,target_left,"m25-wrong-context-v1 SHA256(session|trialId), offset 1 or 2 modulo 3",False,5,5,0,False,,False,,0.9,0.9,0,,,,,,,,,
TRIAL,B2,B2,m6_4-trial-017,FAST,0.95,0.95,target_right,target_left,"m25-wrong-context-v1 SHA256(session|trialId), offset 1 or 2 modulo 3",False,5,5,0,False,,False,,0.9,0.9,0,,,,,,,,,
TRIAL,B2,B2,m6_4-trial-017,FAST,0.99,0.99,target_right,target_left,"m25-wrong-context-v1 SHA256(session|trialId), offset 1 or 2 modulo 3",False,5,5,0,False,,False,,0.9,0.9,0,,,,,,,,,
TRIAL,B2,B2,m6_4-trial-017,FAST,1.0,1.00,target_right,target_left,"m25-wrong-context-v1 SHA256(session|trialId), offset 1 or 2 modulo 3",False,5,5,0,False,,False,,0.9,0.9,0,,,,,,,,,
TRIAL,B2,B2,m6_4-trial-018,FAST,0.7,0.70,target_center,target_left,"m25-wrong-context-v1 SHA256(session|trialId), offset 1 or 2 modulo 3",False,9,9,0,False,,False,,1.3,1.3,0,,,,,,,,,
TRIAL,B2,B2,m6_4-trial-018,FAST,0.8,0.80,target_center,target_left,"m25-wrong-context-v1 SHA256(session|trialId), offset 1 or 2 modulo 3",False,9,9,0,False,,False,,1.3,1.3,0,,,,,,,,,
TRIAL,B2,B2,m6_4-trial-018,FAST,0.9,0.90,target_center,target_left,"m25-wrong-context-v1 SHA256(session|trialId), offset 1 or 2 modulo 3",False,9,9,0,False,,False,,1.3,1.3,0,,,,,,,,,
TRIAL,B2,B2,m6_4-trial-018,FAST,0.95,0.95,target_center,target_left,"m25-wrong-context-v1 SHA256(session|trialId), offset 1 or 2 modulo 3",False,9,9,0,False,,False,,1.3,1.3,0,,,,,,,,,
TRIAL,B2,B2,m6_4-trial-018,FAST,0.99,0.99,target_center,target_left,"m25-wrong-context-v1 SHA256(session|trialId), offset 1 or 2 modulo 3",False,9,9,0,False,,False,,1.3,1.3,0,,,,,,,,,
TRIAL,B2,B2,m6_4-trial-018,FAST,1.0,1.00,target_center,target_left,"m25-wrong-context-v1 SHA256(session|trialId), offset 1 or 2 modulo 3",False,9,9,0,False,,False,,1.3,1.3,0,,,,,,,,,
TRIAL,B2,B2,m6_4-trial-019,FAST,0.7,0.70,target_center,target_right,"m25-wrong-context-v1 SHA256(session|trialId), offset 1 or 2 modulo 3",False,15,15,0,False,,False,,1.9,1.9,0,,,,,,,,,
TRIAL,B2,B2,m6_4-trial-019,FAST,0.8,0.80,target_center,target_right,"m25-wrong-context-v1 SHA256(session|trialId), offset 1 or 2 modulo 3",False,15,15,0,False,,False,,1.9,1.9,0,,,,,,,,,
TRIAL,B2,B2,m6_4-trial-019,FAST,0.9,0.90,target_center,target_right,"m25-wrong-context-v1 SHA256(session|trialId), offset 1 or 2 modulo 3",False,15,15,0,False,,False,,1.9,1.9,0,,,,,,,,,
TRIAL,B2,B2,m6_4-trial-019,FAST,0.95,0.95,target_center,target_right,"m25-wrong-context-v1 SHA256(session|trialId), offset 1 or 2 modulo 3",False,15,15,0,False,,False,,1.9,1.9,0,,,,,,,,,
TRIAL,B2,B2,m6_4-trial-019,FAST,0.99,0.99,target_center,target_right,"m25-wrong-context-v1 SHA256(session|trialId), offset 1 or 2 modulo 3",False,15,15,0,False,,False,,1.9,1.9,0,,,,,,,,,
TRIAL,B2,B2,m6_4-trial-019,FAST,1.0,1.00,target_center,target_right,"m25-wrong-context-v1 SHA256(session|trialId), offset 1 or 2 modulo 3",False,15,15,0,False,,False,,1.9,1.9,0,,,,,,,,,
TRIAL,B2,B2,m6_4-trial-020,FAST,0.7,0.70,target_right,target_center,"m25-wrong-context-v1 SHA256(session|trialId), offset 1 or 2 modulo 3",False,5,5,0,False,,False,,0.9,0.9,0,,,,,,,,,
TRIAL,B2,B2,m6_4-trial-020,FAST,0.8,0.80,target_right,target_center,"m25-wrong-context-v1 SHA256(session|trialId), offset 1 or 2 modulo 3",False,5,5,0,False,,False,,0.9,0.9,0,,,,,,,,,
TRIAL,B2,B2,m6_4-trial-020,FAST,0.9,0.90,target_right,target_center,"m25-wrong-context-v1 SHA256(session|trialId), offset 1 or 2 modulo 3",False,5,5,0,False,,False,,0.9,0.9,0,,,,,,,,,
TRIAL,B2,B2,m6_4-trial-020,FAST,0.95,0.95,target_right,target_center,"m25-wrong-context-v1 SHA256(session|trialId), offset 1 or 2 modulo 3",False,5,5,0,False,,False,,0.9,0.9,0,,,,,,,,,
TRIAL,B2,B2,m6_4-trial-020,FAST,0.99,0.99,target_right,target_center,"m25-wrong-context-v1 SHA256(session|trialId), offset 1 or 2 modulo 3",False,5,5,0,False,,False,,0.9,0.9,0,,,,,,,,,
TRIAL,B2,B2,m6_4-trial-020,FAST,1.0,1.00,target_right,target_center,"m25-wrong-context-v1 SHA256(session|trialId), offset 1 or 2 modulo 3",False,5,5,0,False,,False,,0.9,0.9,0,,,,,,,,,
TRIAL,B2,B2,m6_4-trial-021,FAST,0.7,0.70,target_left,target_right,"m25-wrong-context-v1 SHA256(session|trialId), offset 1 or 2 modulo 3",False,10,6,4,True,0.5,False,,1.4,1.4,4,0.10032326793770913,0.41355477296688387,0.9860190947131696,0,0.0,,,,
TRIAL,B2,B2,m6_4-trial-021,FAST,0.8,0.80,target_left,target_right,"m25-wrong-context-v1 SHA256(session|trialId), offset 1 or 2 modulo 3",False,10,6,4,True,0.5,False,,1.4,1.4,4,0.10032326793770913,0.41355477296688387,0.9860190947131696,0,0.0,,,,
TRIAL,B2,B2,m6_4-trial-021,FAST,0.9,0.90,target_left,target_right,"m25-wrong-context-v1 SHA256(session|trialId), offset 1 or 2 modulo 3",False,10,6,4,True,0.5,False,,1.4,1.4,4,0.10032326793770913,0.41355477296688387,0.9860190947131696,0,0.0,,,,
TRIAL,B2,B2,m6_4-trial-021,FAST,0.95,0.95,target_left,target_right,"m25-wrong-context-v1 SHA256(session|trialId), offset 1 or 2 modulo 3",False,10,6,4,True,0.5,False,,1.4,1.4,4,0.10032326793770913,0.41355477296688387,0.9860190947131696,0,0.0,,,,
TRIAL,B2,B2,m6_4-trial-021,FAST,0.99,0.99,target_left,target_right,"m25-wrong-context-v1 SHA256(session|trialId), offset 1 or 2 modulo 3",False,10,6,4,True,0.5,False,,1.4,1.4,4,0.10032326793770913,0.41355477296688387,0.9860190947131696,0,0.0,,,,
TRIAL,B2,B2,m6_4-trial-021,FAST,1.0,1.00,target_left,target_right,"m25-wrong-context-v1 SHA256(session|trialId), offset 1 or 2 modulo 3",False,10,6,4,True,0.5,False,,1.4,1.4,4,0.10032326793770913,0.41355477296688387,0.9860190947131696,0,0.0,,,,
TRIAL,B2,B2,m6_4-trial-022,FAST,0.7,0.70,target_right,target_left,"m25-wrong-context-v1 SHA256(session|trialId), offset 1 or 2 modulo 3",False,5,5,0,False,,False,,0.9,0.9,0,,,,,,,,,
TRIAL,B2,B2,m6_4-trial-022,FAST,0.8,0.80,target_right,target_left,"m25-wrong-context-v1 SHA256(session|trialId), offset 1 or 2 modulo 3",False,5,5,0,False,,False,,0.9,0.9,0,,,,,,,,,
TRIAL,B2,B2,m6_4-trial-022,FAST,0.9,0.90,target_right,target_left,"m25-wrong-context-v1 SHA256(session|trialId), offset 1 or 2 modulo 3",False,5,5,0,False,,False,,0.9,0.9,0,,,,,,,,,
TRIAL,B2,B2,m6_4-trial-022,FAST,0.95,0.95,target_right,target_left,"m25-wrong-context-v1 SHA256(session|trialId), offset 1 or 2 modulo 3",False,5,5,0,False,,False,,0.9,0.9,0,,,,,,,,,
TRIAL,B2,B2,m6_4-trial-022,FAST,0.99,0.99,target_right,target_left,"m25-wrong-context-v1 SHA256(session|trialId), offset 1 or 2 modulo 3",False,5,5,0,False,,False,,0.9,0.9,0,,,,,,,,,
TRIAL,B2,B2,m6_4-trial-022,FAST,1.0,1.00,target_right,target_left,"m25-wrong-context-v1 SHA256(session|trialId), offset 1 or 2 modulo 3",False,5,5,0,False,,False,,0.9,0.9,0,,,,,,,,,
TRIAL,B2,B2,m6_4-trial-024,FAST,0.7,0.70,target_left,target_right,"m25-wrong-context-v1 SHA256(session|trialId), offset 1 or 2 modulo 3",False,5,5,0,False,,False,,0.9,0.9,0,,,,,,,,,
TRIAL,B2,B2,m6_4-trial-024,FAST,0.8,0.80,target_left,target_right,"m25-wrong-context-v1 SHA256(session|trialId), offset 1 or 2 modulo 3",False,5,5,0,False,,False,,0.9,0.9,0,,,,,,,,,
TRIAL,B2,B2,m6_4-trial-024,FAST,0.9,0.90,target_left,target_right,"m25-wrong-context-v1 SHA256(session|trialId), offset 1 or 2 modulo 3",False,5,5,0,False,,False,,0.9,0.9,0,,,,,,,,,
TRIAL,B2,B2,m6_4-trial-024,FAST,0.95,0.95,target_left,target_right,"m25-wrong-context-v1 SHA256(session|trialId), offset 1 or 2 modulo 3",False,5,5,0,False,,False,,0.9,0.9,0,,,,,,,,,
TRIAL,B2,B2,m6_4-trial-024,FAST,0.99,0.99,target_left,target_right,"m25-wrong-context-v1 SHA256(session|trialId), offset 1 or 2 modulo 3",False,5,5,0,False,,False,,0.9,0.9,0,,,,,,,,,
TRIAL,B2,B2,m6_4-trial-024,FAST,1.0,1.00,target_left,target_right,"m25-wrong-context-v1 SHA256(session|trialId), offset 1 or 2 modulo 3",False,5,5,0,False,,False,,0.9,0.9,0,,,,,,,,,
TRIAL,B2,B2,m6_4-trial-025,FAST,0.7,0.70,target_center,target_left,"m25-wrong-context-v1 SHA256(session|trialId), offset 1 or 2 modulo 3",False,5,5,0,False,,False,,0.9,0.9,0,,,,,,,,,
TRIAL,B2,B2,m6_4-trial-025,FAST,0.8,0.80,target_center,target_left,"m25-wrong-context-v1 SHA256(session|trialId), offset 1 or 2 modulo 3",False,5,5,0,False,,False,,0.9,0.9,0,,,,,,,,,
TRIAL,B2,B2,m6_4-trial-025,FAST,0.9,0.90,target_center,target_left,"m25-wrong-context-v1 SHA256(session|trialId), offset 1 or 2 modulo 3",False,5,5,0,False,,False,,0.9,0.9,0,,,,,,,,,
TRIAL,B2,B2,m6_4-trial-025,FAST,0.95,0.95,target_center,target_left,"m25-wrong-context-v1 SHA256(session|trialId), offset 1 or 2 modulo 3",False,5,5,0,False,,False,,0.9,0.9,0,,,,,,,,,
TRIAL,B2,B2,m6_4-trial-025,FAST,0.99,0.99,target_center,target_left,"m25-wrong-context-v1 SHA256(session|trialId), offset 1 or 2 modulo 3",False,5,5,0,False,,False,,0.9,0.9,0,,,,,,,,,
TRIAL,B2,B2,m6_4-trial-025,FAST,1.0,1.00,target_center,target_left,"m25-wrong-context-v1 SHA256(session|trialId), offset 1 or 2 modulo 3",False,5,5,0,False,,False,,0.9,0.9,0,,,,,,,,,
TRIAL,B2,B2,m6_4-trial-026,FAST,0.7,0.70,target_right,target_left,"m25-wrong-context-v1 SHA256(session|trialId), offset 1 or 2 modulo 3",False,5,5,0,False,,False,,0.9,0.9,0,,,,,,,,,
TRIAL,B2,B2,m6_4-trial-026,FAST,0.8,0.80,target_right,target_left,"m25-wrong-context-v1 SHA256(session|trialId), offset 1 or 2 modulo 3",False,5,5,0,False,,False,,0.9,0.9,0,,,,,,,,,
TRIAL,B2,B2,m6_4-trial-026,FAST,0.9,0.90,target_right,target_left,"m25-wrong-context-v1 SHA256(session|trialId), offset 1 or 2 modulo 3",False,5,5,0,False,,False,,0.9,0.9,0,,,,,,,,,
TRIAL,B2,B2,m6_4-trial-026,FAST,0.95,0.95,target_right,target_left,"m25-wrong-context-v1 SHA256(session|trialId), offset 1 or 2 modulo 3",False,5,5,0,False,,False,,0.9,0.9,0,,,,,,,,,
TRIAL,B2,B2,m6_4-trial-026,FAST,0.99,0.99,target_right,target_left,"m25-wrong-context-v1 SHA256(session|trialId), offset 1 or 2 modulo 3",False,5,5,0,False,,False,,0.9,0.9,0,,,,,,,,,
TRIAL,B2,B2,m6_4-trial-026,FAST,1.0,1.00,target_right,target_left,"m25-wrong-context-v1 SHA256(session|trialId), offset 1 or 2 modulo 3",False,5,5,0,False,,False,,0.9,0.9,0,,,,,,,,,
TRIAL,B2,B2,m6_4-trial-027,FAST,0.7,0.70,target_left,target_center,"m25-wrong-context-v1 SHA256(session|trialId), offset 1 or 2 modulo 3",False,13,13,0,False,,False,,1.7,1.7,0,,,,,,,,,
TRIAL,B2,B2,m6_4-trial-027,FAST,0.8,0.80,target_left,target_center,"m25-wrong-context-v1 SHA256(session|trialId), offset 1 or 2 modulo 3",False,13,13,0,False,,False,,1.7,1.7,0,,,,,,,,,
TRIAL,B2,B2,m6_4-trial-027,FAST,0.9,0.90,target_left,target_center,"m25-wrong-context-v1 SHA256(session|trialId), offset 1 or 2 modulo 3",False,13,13,0,False,,False,,1.7,1.7,0,,,,,,,,,
TRIAL,B2,B2,m6_4-trial-027,FAST,0.95,0.95,target_left,target_center,"m25-wrong-context-v1 SHA256(session|trialId), offset 1 or 2 modulo 3",False,13,13,0,False,,False,,1.7,1.7,0,,,,,,,,,
TRIAL,B2,B2,m6_4-trial-027,FAST,0.99,0.99,target_left,target_center,"m25-wrong-context-v1 SHA256(session|trialId), offset 1 or 2 modulo 3",False,13,13,0,False,,False,,1.7,1.7,0,,,,,,,,,
TRIAL,B2,B2,m6_4-trial-027,FAST,1.0,1.00,target_left,target_center,"m25-wrong-context-v1 SHA256(session|trialId), offset 1 or 2 modulo 3",False,13,13,0,False,,False,,1.7,1.7,0,,,,,,,,,
TRIAL,B2,B2,m6_4-trial-028,FAST,0.7,0.70,target_center,target_left,"m25-wrong-context-v1 SHA256(session|trialId), offset 1 or 2 modulo 3",False,10,10,0,False,,False,,1.4,1.4,0,,,,,,,,,
TRIAL,B2,B2,m6_4-trial-028,FAST,0.8,0.80,target_center,target_left,"m25-wrong-context-v1 SHA256(session|trialId), offset 1 or 2 modulo 3",False,10,10,0,False,,False,,1.4,1.4,0,,,,,,,,,
TRIAL,B2,B2,m6_4-trial-028,FAST,0.9,0.90,target_center,target_left,"m25-wrong-context-v1 SHA256(session|trialId), offset 1 or 2 modulo 3",False,10,10,0,False,,False,,1.4,1.4,0,,,,,,,,,
TRIAL,B2,B2,m6_4-trial-028,FAST,0.95,0.95,target_center,target_left,"m25-wrong-context-v1 SHA256(session|trialId), offset 1 or 2 modulo 3",False,10,10,0,False,,False,,1.4,1.4,0,,,,,,,,,
TRIAL,B2,B2,m6_4-trial-028,FAST,0.99,0.99,target_center,target_left,"m25-wrong-context-v1 SHA256(session|trialId), offset 1 or 2 modulo 3",False,10,10,0,False,,False,,1.4,1.4,0,,,,,,,,,
TRIAL,B2,B2,m6_4-trial-028,FAST,1.0,1.00,target_center,target_left,"m25-wrong-context-v1 SHA256(session|trialId), offset 1 or 2 modulo 3",False,10,10,0,False,,False,,1.4,1.4,0,,,,,,,,,
TRIAL,B2,B2,m6_4-trial-029,FAST,0.7,0.70,target_left,target_center,"m25-wrong-context-v1 SHA256(session|trialId), offset 1 or 2 modulo 3",False,10,10,0,False,,False,,1.4,1.4,0,,,,,,,,,
TRIAL,B2,B2,m6_4-trial-029,FAST,0.8,0.80,target_left,target_center,"m25-wrong-context-v1 SHA256(session|trialId), offset 1 or 2 modulo 3",False,10,10,0,False,,False,,1.4,1.4,0,,,,,,,,,
TRIAL,B2,B2,m6_4-trial-029,FAST,0.9,0.90,target_left,target_center,"m25-wrong-context-v1 SHA256(session|trialId), offset 1 or 2 modulo 3",False,10,10,0,False,,False,,1.4,1.4,0,,,,,,,,,
TRIAL,B2,B2,m6_4-trial-029,FAST,0.95,0.95,target_left,target_center,"m25-wrong-context-v1 SHA256(session|trialId), offset 1 or 2 modulo 3",False,10,10,0,False,,False,,1.4,1.4,0,,,,,,,,,
TRIAL,B2,B2,m6_4-trial-029,FAST,0.99,0.99,target_left,target_center,"m25-wrong-context-v1 SHA256(session|trialId), offset 1 or 2 modulo 3",False,10,10,0,False,,False,,1.4,1.4,0,,,,,,,,,
TRIAL,B2,B2,m6_4-trial-029,FAST,1.0,1.00,target_left,target_center,"m25-wrong-context-v1 SHA256(session|trialId), offset 1 or 2 modulo 3",False,10,10,0,False,,False,,1.4,1.4,0,,,,,,,,,
TRIAL,B2,B2,m6_4-trial-030,FAST,0.7,0.70,target_right,target_left,"m25-wrong-context-v1 SHA256(session|trialId), offset 1 or 2 modulo 3",False,5,5,0,False,,False,,0.9,0.9,0,,,,,,,,,
TRIAL,B2,B2,m6_4-trial-030,FAST,0.8,0.80,target_right,target_left,"m25-wrong-context-v1 SHA256(session|trialId), offset 1 or 2 modulo 3",False,5,5,0,False,,False,,0.9,0.9,0,,,,,,,,,
TRIAL,B2,B2,m6_4-trial-030,FAST,0.9,0.90,target_right,target_left,"m25-wrong-context-v1 SHA256(session|trialId), offset 1 or 2 modulo 3",False,5,5,0,False,,False,,0.9,0.9,0,,,,,,,,,
TRIAL,B2,B2,m6_4-trial-030,FAST,0.95,0.95,target_right,target_left,"m25-wrong-context-v1 SHA256(session|trialId), offset 1 or 2 modulo 3",False,5,5,0,False,,False,,0.9,0.9,0,,,,,,,,,
TRIAL,B2,B2,m6_4-trial-030,FAST,0.99,0.99,target_right,target_left,"m25-wrong-context-v1 SHA256(session|trialId), offset 1 or 2 modulo 3",False,5,5,0,False,,False,,0.9,0.9,0,,,,,,,,,
TRIAL,B2,B2,m6_4-trial-030,FAST,1.0,1.00,target_right,target_left,"m25-wrong-context-v1 SHA256(session|trialId), offset 1 or 2 modulo 3",False,5,5,0,False,,False,,0.9,0.9,0,,,,,,,,,
TRIAL,B2,B2,m6_4-trial-001,MEDIUM,0.7,0.70,target_right,target_center,"m25-wrong-context-v1 SHA256(session|trialId), offset 1 or 2 modulo 3",False,15,8,7,True,1.0,True,1.4,1.9,1.4,5,0.014823598300655771,0.3633336940816957,0.9955747699752004,0,0.3999999999999999,,,,
TRIAL,B2,B2,m6_4-trial-001,MEDIUM,0.8,0.80,target_right,target_center,"m25-wrong-context-v1 SHA256(session|trialId), offset 1 or 2 modulo 3",False,15,8,7,True,1.0,True,1.4,1.9,1.4,5,0.014823598300655771,0.3633336940816957,0.9955747699752004,0,0.3999999999999999,,,,
TRIAL,B2,B2,m6_4-trial-001,MEDIUM,0.9,0.90,target_right,target_center,"m25-wrong-context-v1 SHA256(session|trialId), offset 1 or 2 modulo 3",False,15,8,7,True,1.0,True,1.4,1.9,1.4,5,0.014823598300655771,0.3633336940816957,0.9955747699752004,0,0.3999999999999999,,,,
TRIAL,B2,B2,m6_4-trial-001,MEDIUM,0.95,0.95,target_right,target_center,"m25-wrong-context-v1 SHA256(session|trialId), offset 1 or 2 modulo 3",False,15,8,7,True,1.0,True,1.4,1.9,1.4,5,0.014823598300655771,0.3633336940816957,0.9955747699752004,0,0.3999999999999999,,,,
TRIAL,B2,B2,m6_4-trial-001,MEDIUM,0.99,0.99,target_right,target_center,"m25-wrong-context-v1 SHA256(session|trialId), offset 1 or 2 modulo 3",False,15,8,7,True,1.0,True,1.4,1.9,1.4,5,0.014823598300655771,0.3633336940816957,0.9955747699752004,0,0.3999999999999999,,,,
TRIAL,B2,B2,m6_4-trial-001,MEDIUM,1.0,1.00,target_right,target_center,"m25-wrong-context-v1 SHA256(session|trialId), offset 1 or 2 modulo 3",False,15,8,7,True,1.0,True,1.4,1.9,1.4,5,0.014823598300655771,0.3633336940816957,0.9955747699752004,0,0.3999999999999999,,,,
TRIAL,B2,B2,m6_4-trial-002,MEDIUM,0.7,0.70,target_left,target_center,"m25-wrong-context-v1 SHA256(session|trialId), offset 1 or 2 modulo 3",False,10,10,0,False,,False,,1.4,1.4,0,,,,,,,,,
TRIAL,B2,B2,m6_4-trial-002,MEDIUM,0.8,0.80,target_left,target_center,"m25-wrong-context-v1 SHA256(session|trialId), offset 1 or 2 modulo 3",False,10,10,0,False,,False,,1.4,1.4,0,,,,,,,,,
TRIAL,B2,B2,m6_4-trial-002,MEDIUM,0.9,0.90,target_left,target_center,"m25-wrong-context-v1 SHA256(session|trialId), offset 1 or 2 modulo 3",False,10,10,0,False,,False,,1.4,1.4,0,,,,,,,,,
TRIAL,B2,B2,m6_4-trial-002,MEDIUM,0.95,0.95,target_left,target_center,"m25-wrong-context-v1 SHA256(session|trialId), offset 1 or 2 modulo 3",False,10,10,0,False,,False,,1.4,1.4,0,,,,,,,,,
TRIAL,B2,B2,m6_4-trial-002,MEDIUM,0.99,0.99,target_left,target_center,"m25-wrong-context-v1 SHA256(session|trialId), offset 1 or 2 modulo 3",False,10,10,0,False,,False,,1.4,1.4,0,,,,,,,,,
TRIAL,B2,B2,m6_4-trial-002,MEDIUM,1.0,1.00,target_left,target_center,"m25-wrong-context-v1 SHA256(session|trialId), offset 1 or 2 modulo 3",False,10,10,0,False,,False,,1.4,1.4,0,,,,,,,,,
TRIAL,B2,B2,m6_4-trial-003,MEDIUM,0.7,0.70,target_center,target_left,"m25-wrong-context-v1 SHA256(session|trialId), offset 1 or 2 modulo 3",False,5,5,0,False,,False,,0.9,0.9,0,,,,,,,,,
TRIAL,B2,B2,m6_4-trial-003,MEDIUM,0.8,0.80,target_center,target_left,"m25-wrong-context-v1 SHA256(session|trialId), offset 1 or 2 modulo 3",False,5,5,0,False,,False,,0.9,0.9,0,,,,,,,,,
TRIAL,B2,B2,m6_4-trial-003,MEDIUM,0.9,0.90,target_center,target_left,"m25-wrong-context-v1 SHA256(session|trialId), offset 1 or 2 modulo 3",False,5,5,0,False,,False,,0.9,0.9,0,,,,,,,,,
TRIAL,B2,B2,m6_4-trial-003,MEDIUM,0.95,0.95,target_center,target_left,"m25-wrong-context-v1 SHA256(session|trialId), offset 1 or 2 modulo 3",False,5,5,0,False,,False,,0.9,0.9,0,,,,,,,,,
TRIAL,B2,B2,m6_4-trial-003,MEDIUM,0.99,0.99,target_center,target_left,"m25-wrong-context-v1 SHA256(session|trialId), offset 1 or 2 modulo 3",False,5,5,0,False,,False,,0.9,0.9,0,,,,,,,,,
TRIAL,B2,B2,m6_4-trial-003,MEDIUM,1.0,1.00,target_center,target_left,"m25-wrong-context-v1 SHA256(session|trialId), offset 1 or 2 modulo 3",False,5,5,0,False,,False,,0.9,0.9,0,,,,,,,,,
TRIAL,B2,B2,m6_4-trial-004,MEDIUM,0.7,0.70,target_right,target_center,"m25-wrong-context-v1 SHA256(session|trialId), offset 1 or 2 modulo 3",False,5,5,0,False,,False,,0.9,0.9,0,,,,,,,,,
TRIAL,B2,B2,m6_4-trial-004,MEDIUM,0.8,0.80,target_right,target_center,"m25-wrong-context-v1 SHA256(session|trialId), offset 1 or 2 modulo 3",False,5,5,0,False,,False,,0.9,0.9,0,,,,,,,,,
TRIAL,B2,B2,m6_4-trial-004,MEDIUM,0.9,0.90,target_right,target_center,"m25-wrong-context-v1 SHA256(session|trialId), offset 1 or 2 modulo 3",False,5,5,0,False,,False,,0.9,0.9,0,,,,,,,,,
TRIAL,B2,B2,m6_4-trial-004,MEDIUM,0.95,0.95,target_right,target_center,"m25-wrong-context-v1 SHA256(session|trialId), offset 1 or 2 modulo 3",False,5,5,0,False,,False,,0.9,0.9,0,,,,,,,,,
TRIAL,B2,B2,m6_4-trial-004,MEDIUM,0.99,0.99,target_right,target_center,"m25-wrong-context-v1 SHA256(session|trialId), offset 1 or 2 modulo 3",False,5,5,0,False,,False,,0.9,0.9,0,,,,,,,,,
TRIAL,B2,B2,m6_4-trial-004,MEDIUM,1.0,1.00,target_right,target_center,"m25-wrong-context-v1 SHA256(session|trialId), offset 1 or 2 modulo 3",False,5,5,0,False,,False,,0.9,0.9,0,,,,,,,,,
TRIAL,B2,B2,m6_4-trial-005,MEDIUM,0.7,0.70,target_center,target_left,"m25-wrong-context-v1 SHA256(session|trialId), offset 1 or 2 modulo 3",False,5,5,0,False,,False,,0.9,0.9,0,,,,,,,,,
TRIAL,B2,B2,m6_4-trial-005,MEDIUM,0.8,0.80,target_center,target_left,"m25-wrong-context-v1 SHA256(session|trialId), offset 1 or 2 modulo 3",False,5,5,0,False,,False,,0.9,0.9,0,,,,,,,,,
TRIAL,B2,B2,m6_4-trial-005,MEDIUM,0.9,0.90,target_center,target_left,"m25-wrong-context-v1 SHA256(session|trialId), offset 1 or 2 modulo 3",False,5,5,0,False,,False,,0.9,0.9,0,,,,,,,,,
TRIAL,B2,B2,m6_4-trial-005,MEDIUM,0.95,0.95,target_center,target_left,"m25-wrong-context-v1 SHA256(session|trialId), offset 1 or 2 modulo 3",False,5,5,0,False,,False,,0.9,0.9,0,,,,,,,,,
TRIAL,B2,B2,m6_4-trial-005,MEDIUM,0.99,0.99,target_center,target_left,"m25-wrong-context-v1 SHA256(session|trialId), offset 1 or 2 modulo 3",False,5,5,0,False,,False,,0.9,0.9,0,,,,,,,,,
TRIAL,B2,B2,m6_4-trial-005,MEDIUM,1.0,1.00,target_center,target_left,"m25-wrong-context-v1 SHA256(session|trialId), offset 1 or 2 modulo 3",False,5,5,0,False,,False,,0.9,0.9,0,,,,,,,,,
TRIAL,B2,B2,m6_4-trial-006,MEDIUM,0.7,0.70,target_left,target_center,"m25-wrong-context-v1 SHA256(session|trialId), offset 1 or 2 modulo 3",False,5,5,0,False,,False,,0.9,0.9,0,,,,,,,,,
TRIAL,B2,B2,m6_4-trial-006,MEDIUM,0.8,0.80,target_left,target_center,"m25-wrong-context-v1 SHA256(session|trialId), offset 1 or 2 modulo 3",False,5,5,0,False,,False,,0.9,0.9,0,,,,,,,,,
TRIAL,B2,B2,m6_4-trial-006,MEDIUM,0.9,0.90,target_left,target_center,"m25-wrong-context-v1 SHA256(session|trialId), offset 1 or 2 modulo 3",False,5,5,0,False,,False,,0.9,0.9,0,,,,,,,,,
TRIAL,B2,B2,m6_4-trial-006,MEDIUM,0.95,0.95,target_left,target_center,"m25-wrong-context-v1 SHA256(session|trialId), offset 1 or 2 modulo 3",False,5,5,0,False,,False,,0.9,0.9,0,,,,,,,,,
TRIAL,B2,B2,m6_4-trial-006,MEDIUM,0.99,0.99,target_left,target_center,"m25-wrong-context-v1 SHA256(session|trialId), offset 1 or 2 modulo 3",False,5,5,0,False,,False,,0.9,0.9,0,,,,,,,,,
TRIAL,B2,B2,m6_4-trial-006,MEDIUM,1.0,1.00,target_left,target_center,"m25-wrong-context-v1 SHA256(session|trialId), offset 1 or 2 modulo 3",False,5,5,0,False,,False,,0.9,0.9,0,,,,,,,,,
TRIAL,B2,B2,m6_4-trial-007,MEDIUM,0.7,0.70,target_center,target_right,"m25-wrong-context-v1 SHA256(session|trialId), offset 1 or 2 modulo 3",False,7,7,0,False,,False,,1.1,1.1,0,,,,,,,,,
TRIAL,B2,B2,m6_4-trial-007,MEDIUM,0.8,0.80,target_center,target_right,"m25-wrong-context-v1 SHA256(session|trialId), offset 1 or 2 modulo 3",False,7,7,0,False,,False,,1.1,1.1,0,,,,,,,,,
TRIAL,B2,B2,m6_4-trial-007,MEDIUM,0.9,0.90,target_center,target_right,"m25-wrong-context-v1 SHA256(session|trialId), offset 1 or 2 modulo 3",False,7,7,0,False,,False,,1.1,1.1,0,,,,,,,,,
TRIAL,B2,B2,m6_4-trial-007,MEDIUM,0.95,0.95,target_center,target_right,"m25-wrong-context-v1 SHA256(session|trialId), offset 1 or 2 modulo 3",False,7,7,0,False,,False,,1.1,1.1,0,,,,,,,,,
TRIAL,B2,B2,m6_4-trial-007,MEDIUM,0.99,0.99,target_center,target_right,"m25-wrong-context-v1 SHA256(session|trialId), offset 1 or 2 modulo 3",False,7,7,0,False,,False,,1.1,1.1,0,,,,,,,,,
TRIAL,B2,B2,m6_4-trial-007,MEDIUM,1.0,1.00,target_center,target_right,"m25-wrong-context-v1 SHA256(session|trialId), offset 1 or 2 modulo 3",False,7,7,0,False,,False,,1.1,1.1,0,,,,,,,,,
TRIAL,B2,B2,m6_4-trial-008,MEDIUM,0.7,0.70,target_right,target_left,"m25-wrong-context-v1 SHA256(session|trialId), offset 1 or 2 modulo 3",False,6,6,0,False,,False,,1.0,1.0,0,,,,,,,,,
TRIAL,B2,B2,m6_4-trial-008,MEDIUM,0.8,0.80,target_right,target_left,"m25-wrong-context-v1 SHA256(session|trialId), offset 1 or 2 modulo 3",False,6,6,0,False,,False,,1.0,1.0,0,,,,,,,,,
TRIAL,B2,B2,m6_4-trial-008,MEDIUM,0.9,0.90,target_right,target_left,"m25-wrong-context-v1 SHA256(session|trialId), offset 1 or 2 modulo 3",False,6,6,0,False,,False,,1.0,1.0,0,,,,,,,,,
TRIAL,B2,B2,m6_4-trial-008,MEDIUM,0.95,0.95,target_right,target_left,"m25-wrong-context-v1 SHA256(session|trialId), offset 1 or 2 modulo 3",False,6,6,0,False,,False,,1.0,1.0,0,,,,,,,,,
TRIAL,B2,B2,m6_4-trial-008,MEDIUM,0.99,0.99,target_right,target_left,"m25-wrong-context-v1 SHA256(session|trialId), offset 1 or 2 modulo 3",False,6,6,0,False,,False,,1.0,1.0,0,,,,,,,,,
TRIAL,B2,B2,m6_4-trial-008,MEDIUM,1.0,1.00,target_right,target_left,"m25-wrong-context-v1 SHA256(session|trialId), offset 1 or 2 modulo 3",False,6,6,0,False,,False,,1.0,1.0,0,,,,,,,,,
TRIAL,B2,B2,m6_4-trial-009,MEDIUM,0.7,0.70,target_right,target_center,"m25-wrong-context-v1 SHA256(session|trialId), offset 1 or 2 modulo 3",False,5,5,0,False,,False,,0.9,0.9,0,,,,,,,,,
TRIAL,B2,B2,m6_4-trial-009,MEDIUM,0.8,0.80,target_right,target_center,"m25-wrong-context-v1 SHA256(session|trialId), offset 1 or 2 modulo 3",False,5,5,0,False,,False,,0.9,0.9,0,,,,,,,,,
TRIAL,B2,B2,m6_4-trial-009,MEDIUM,0.9,0.90,target_right,target_center,"m25-wrong-context-v1 SHA256(session|trialId), offset 1 or 2 modulo 3",False,5,5,0,False,,False,,0.9,0.9,0,,,,,,,,,
TRIAL,B2,B2,m6_4-trial-009,MEDIUM,0.95,0.95,target_right,target_center,"m25-wrong-context-v1 SHA256(session|trialId), offset 1 or 2 modulo 3",False,5,5,0,False,,False,,0.9,0.9,0,,,,,,,,,
TRIAL,B2,B2,m6_4-trial-009,MEDIUM,0.99,0.99,target_right,target_center,"m25-wrong-context-v1 SHA256(session|trialId), offset 1 or 2 modulo 3",False,5,5,0,False,,False,,0.9,0.9,0,,,,,,,,,
TRIAL,B2,B2,m6_4-trial-009,MEDIUM,1.0,1.00,target_right,target_center,"m25-wrong-context-v1 SHA256(session|trialId), offset 1 or 2 modulo 3",False,5,5,0,False,,False,,0.9,0.9,0,,,,,,,,,
TRIAL,B2,B2,m6_4-trial-010,MEDIUM,0.7,0.70,target_center,target_right,"m25-wrong-context-v1 SHA256(session|trialId), offset 1 or 2 modulo 3",False,8,8,0,False,,False,,1.2,1.2,0,,,,,,,,,
TRIAL,B2,B2,m6_4-trial-010,MEDIUM,0.8,0.80,target_center,target_right,"m25-wrong-context-v1 SHA256(session|trialId), offset 1 or 2 modulo 3",False,8,8,0,False,,False,,1.2,1.2,0,,,,,,,,,
TRIAL,B2,B2,m6_4-trial-010,MEDIUM,0.9,0.90,target_center,target_right,"m25-wrong-context-v1 SHA256(session|trialId), offset 1 or 2 modulo 3",False,8,8,0,False,,False,,1.2,1.2,0,,,,,,,,,
TRIAL,B2,B2,m6_4-trial-010,MEDIUM,0.95,0.95,target_center,target_right,"m25-wrong-context-v1 SHA256(session|trialId), offset 1 or 2 modulo 3",False,8,8,0,False,,False,,1.2,1.2,0,,,,,,,,,
TRIAL,B2,B2,m6_4-trial-010,MEDIUM,0.99,0.99,target_center,target_right,"m25-wrong-context-v1 SHA256(session|trialId), offset 1 or 2 modulo 3",False,8,8,0,False,,False,,1.2,1.2,0,,,,,,,,,
TRIAL,B2,B2,m6_4-trial-010,MEDIUM,1.0,1.00,target_center,target_right,"m25-wrong-context-v1 SHA256(session|trialId), offset 1 or 2 modulo 3",False,8,8,0,False,,False,,1.2,1.2,0,,,,,,,,,
TRIAL,B2,B2,m6_4-trial-011,MEDIUM,0.7,0.70,target_left,target_center,"m25-wrong-context-v1 SHA256(session|trialId), offset 1 or 2 modulo 3",False,12,12,0,False,,False,,1.6,1.6,0,,,,,,,,,
TRIAL,B2,B2,m6_4-trial-011,MEDIUM,0.8,0.80,target_left,target_center,"m25-wrong-context-v1 SHA256(session|trialId), offset 1 or 2 modulo 3",False,12,12,0,False,,False,,1.6,1.6,0,,,,,,,,,
TRIAL,B2,B2,m6_4-trial-011,MEDIUM,0.9,0.90,target_left,target_center,"m25-wrong-context-v1 SHA256(session|trialId), offset 1 or 2 modulo 3",False,12,12,0,False,,False,,1.6,1.6,0,,,,,,,,,
TRIAL,B2,B2,m6_4-trial-011,MEDIUM,0.95,0.95,target_left,target_center,"m25-wrong-context-v1 SHA256(session|trialId), offset 1 or 2 modulo 3",False,12,12,0,False,,False,,1.6,1.6,0,,,,,,,,,
TRIAL,B2,B2,m6_4-trial-011,MEDIUM,0.99,0.99,target_left,target_center,"m25-wrong-context-v1 SHA256(session|trialId), offset 1 or 2 modulo 3",False,12,12,0,False,,False,,1.6,1.6,0,,,,,,,,,
TRIAL,B2,B2,m6_4-trial-011,MEDIUM,1.0,1.00,target_left,target_center,"m25-wrong-context-v1 SHA256(session|trialId), offset 1 or 2 modulo 3",False,12,12,0,False,,False,,1.6,1.6,0,,,,,,,,,
TRIAL,B2,B2,m6_4-trial-012,MEDIUM,0.7,0.70,target_left,target_right,"m25-wrong-context-v1 SHA256(session|trialId), offset 1 or 2 modulo 3",False,9,9,0,False,,False,,1.3,1.3,0,,,,,,,,,
TRIAL,B2,B2,m6_4-trial-012,MEDIUM,0.8,0.80,target_left,target_right,"m25-wrong-context-v1 SHA256(session|trialId), offset 1 or 2 modulo 3",False,9,9,0,False,,False,,1.3,1.3,0,,,,,,,,,
TRIAL,B2,B2,m6_4-trial-012,MEDIUM,0.9,0.90,target_left,target_right,"m25-wrong-context-v1 SHA256(session|trialId), offset 1 or 2 modulo 3",False,9,9,0,False,,False,,1.3,1.3,0,,,,,,,,,
TRIAL,B2,B2,m6_4-trial-012,MEDIUM,0.95,0.95,target_left,target_right,"m25-wrong-context-v1 SHA256(session|trialId), offset 1 or 2 modulo 3",False,9,9,0,False,,False,,1.3,1.3,0,,,,,,,,,
TRIAL,B2,B2,m6_4-trial-012,MEDIUM,0.99,0.99,target_left,target_right,"m25-wrong-context-v1 SHA256(session|trialId), offset 1 or 2 modulo 3",False,9,9,0,False,,False,,1.3,1.3,0,,,,,,,,,
TRIAL,B2,B2,m6_4-trial-012,MEDIUM,1.0,1.00,target_left,target_right,"m25-wrong-context-v1 SHA256(session|trialId), offset 1 or 2 modulo 3",False,9,9,0,False,,False,,1.3,1.3,0,,,,,,,,,
TRIAL,B2,B2,m6_4-trial-013,MEDIUM,0.7,0.70,target_center,target_right,"m25-wrong-context-v1 SHA256(session|trialId), offset 1 or 2 modulo 3",False,5,5,0,False,,False,,0.9,0.9,0,,,,,,,,,
TRIAL,B2,B2,m6_4-trial-013,MEDIUM,0.8,0.80,target_center,target_right,"m25-wrong-context-v1 SHA256(session|trialId), offset 1 or 2 modulo 3",False,5,5,0,False,,False,,0.9,0.9,0,,,,,,,,,
TRIAL,B2,B2,m6_4-trial-013,MEDIUM,0.9,0.90,target_center,target_right,"m25-wrong-context-v1 SHA256(session|trialId), offset 1 or 2 modulo 3",False,5,5,0,False,,False,,0.9,0.9,0,,,,,,,,,
TRIAL,B2,B2,m6_4-trial-013,MEDIUM,0.95,0.95,target_center,target_right,"m25-wrong-context-v1 SHA256(session|trialId), offset 1 or 2 modulo 3",False,5,5,0,False,,False,,0.9,0.9,0,,,,,,,,,
TRIAL,B2,B2,m6_4-trial-013,MEDIUM,0.99,0.99,target_center,target_right,"m25-wrong-context-v1 SHA256(session|trialId), offset 1 or 2 modulo 3",False,5,5,0,False,,False,,0.9,0.9,0,,,,,,,,,
TRIAL,B2,B2,m6_4-trial-013,MEDIUM,1.0,1.00,target_center,target_right,"m25-wrong-context-v1 SHA256(session|trialId), offset 1 or 2 modulo 3",False,5,5,0,False,,False,,0.9,0.9,0,,,,,,,,,
TRIAL,B2,B2,m6_4-trial-014,MEDIUM,0.7,0.70,target_left,target_right,"m25-wrong-context-v1 SHA256(session|trialId), offset 1 or 2 modulo 3",False,5,5,0,False,,False,,0.9,0.9,0,,,,,,,,,
TRIAL,B2,B2,m6_4-trial-014,MEDIUM,0.8,0.80,target_left,target_right,"m25-wrong-context-v1 SHA256(session|trialId), offset 1 or 2 modulo 3",False,5,5,0,False,,False,,0.9,0.9,0,,,,,,,,,
TRIAL,B2,B2,m6_4-trial-014,MEDIUM,0.9,0.90,target_left,target_right,"m25-wrong-context-v1 SHA256(session|trialId), offset 1 or 2 modulo 3",False,5,5,0,False,,False,,0.9,0.9,0,,,,,,,,,
TRIAL,B2,B2,m6_4-trial-014,MEDIUM,0.95,0.95,target_left,target_right,"m25-wrong-context-v1 SHA256(session|trialId), offset 1 or 2 modulo 3",False,5,5,0,False,,False,,0.9,0.9,0,,,,,,,,,
TRIAL,B2,B2,m6_4-trial-014,MEDIUM,0.99,0.99,target_left,target_right,"m25-wrong-context-v1 SHA256(session|trialId), offset 1 or 2 modulo 3",False,5,5,0,False,,False,,0.9,0.9,0,,,,,,,,,
TRIAL,B2,B2,m6_4-trial-014,MEDIUM,1.0,1.00,target_left,target_right,"m25-wrong-context-v1 SHA256(session|trialId), offset 1 or 2 modulo 3",False,5,5,0,False,,False,,0.9,0.9,0,,,,,,,,,
TRIAL,B2,B2,m6_4-trial-015,MEDIUM,0.7,0.70,target_center,target_right,"m25-wrong-context-v1 SHA256(session|trialId), offset 1 or 2 modulo 3",False,7,7,0,False,,False,,1.1,1.1,0,,,,,,,,,
TRIAL,B2,B2,m6_4-trial-015,MEDIUM,0.8,0.80,target_center,target_right,"m25-wrong-context-v1 SHA256(session|trialId), offset 1 or 2 modulo 3",False,7,7,0,False,,False,,1.1,1.1,0,,,,,,,,,
TRIAL,B2,B2,m6_4-trial-015,MEDIUM,0.9,0.90,target_center,target_right,"m25-wrong-context-v1 SHA256(session|trialId), offset 1 or 2 modulo 3",False,7,7,0,False,,False,,1.1,1.1,0,,,,,,,,,
TRIAL,B2,B2,m6_4-trial-015,MEDIUM,0.95,0.95,target_center,target_right,"m25-wrong-context-v1 SHA256(session|trialId), offset 1 or 2 modulo 3",False,7,7,0,False,,False,,1.1,1.1,0,,,,,,,,,
TRIAL,B2,B2,m6_4-trial-015,MEDIUM,0.99,0.99,target_center,target_right,"m25-wrong-context-v1 SHA256(session|trialId), offset 1 or 2 modulo 3",False,7,7,0,False,,False,,1.1,1.1,0,,,,,,,,,
TRIAL,B2,B2,m6_4-trial-015,MEDIUM,1.0,1.00,target_center,target_right,"m25-wrong-context-v1 SHA256(session|trialId), offset 1 or 2 modulo 3",False,7,7,0,False,,False,,1.1,1.1,0,,,,,,,,,
TRIAL,B2,B2,m6_4-trial-016,MEDIUM,0.7,0.70,target_left,target_right,"m25-wrong-context-v1 SHA256(session|trialId), offset 1 or 2 modulo 3",False,11,11,0,False,,False,,1.5,1.5,0,,,,,,,,,
TRIAL,B2,B2,m6_4-trial-016,MEDIUM,0.8,0.80,target_left,target_right,"m25-wrong-context-v1 SHA256(session|trialId), offset 1 or 2 modulo 3",False,11,11,0,False,,False,,1.5,1.5,0,,,,,,,,,
TRIAL,B2,B2,m6_4-trial-016,MEDIUM,0.9,0.90,target_left,target_right,"m25-wrong-context-v1 SHA256(session|trialId), offset 1 or 2 modulo 3",False,11,11,0,False,,False,,1.5,1.5,0,,,,,,,,,
TRIAL,B2,B2,m6_4-trial-016,MEDIUM,0.95,0.95,target_left,target_right,"m25-wrong-context-v1 SHA256(session|trialId), offset 1 or 2 modulo 3",False,11,11,0,False,,False,,1.5,1.5,0,,,,,,,,,
TRIAL,B2,B2,m6_4-trial-016,MEDIUM,0.99,0.99,target_left,target_right,"m25-wrong-context-v1 SHA256(session|trialId), offset 1 or 2 modulo 3",False,11,11,0,False,,False,,1.5,1.5,0,,,,,,,,,
TRIAL,B2,B2,m6_4-trial-016,MEDIUM,1.0,1.00,target_left,target_right,"m25-wrong-context-v1 SHA256(session|trialId), offset 1 or 2 modulo 3",False,11,11,0,False,,False,,1.5,1.5,0,,,,,,,,,
TRIAL,B2,B2,m6_4-trial-017,MEDIUM,0.7,0.70,target_right,target_left,"m25-wrong-context-v1 SHA256(session|trialId), offset 1 or 2 modulo 3",False,5,5,0,False,,False,,0.9,0.9,0,,,,,,,,,
TRIAL,B2,B2,m6_4-trial-017,MEDIUM,0.8,0.80,target_right,target_left,"m25-wrong-context-v1 SHA256(session|trialId), offset 1 or 2 modulo 3",False,5,5,0,False,,False,,0.9,0.9,0,,,,,,,,,
TRIAL,B2,B2,m6_4-trial-017,MEDIUM,0.9,0.90,target_right,target_left,"m25-wrong-context-v1 SHA256(session|trialId), offset 1 or 2 modulo 3",False,5,5,0,False,,False,,0.9,0.9,0,,,,,,,,,
TRIAL,B2,B2,m6_4-trial-017,MEDIUM,0.95,0.95,target_right,target_left,"m25-wrong-context-v1 SHA256(session|trialId), offset 1 or 2 modulo 3",False,5,5,0,False,,False,,0.9,0.9,0,,,,,,,,,
TRIAL,B2,B2,m6_4-trial-017,MEDIUM,0.99,0.99,target_right,target_left,"m25-wrong-context-v1 SHA256(session|trialId), offset 1 or 2 modulo 3",False,5,5,0,False,,False,,0.9,0.9,0,,,,,,,,,
TRIAL,B2,B2,m6_4-trial-017,MEDIUM,1.0,1.00,target_right,target_left,"m25-wrong-context-v1 SHA256(session|trialId), offset 1 or 2 modulo 3",False,5,5,0,False,,False,,0.9,0.9,0,,,,,,,,,
TRIAL,B2,B2,m6_4-trial-018,MEDIUM,0.7,0.70,target_center,target_left,"m25-wrong-context-v1 SHA256(session|trialId), offset 1 or 2 modulo 3",False,13,13,0,False,,False,,1.7,1.7,0,,,,,,,,,
TRIAL,B2,B2,m6_4-trial-018,MEDIUM,0.8,0.80,target_center,target_left,"m25-wrong-context-v1 SHA256(session|trialId), offset 1 or 2 modulo 3",False,13,13,0,False,,False,,1.7,1.7,0,,,,,,,,,
TRIAL,B2,B2,m6_4-trial-018,MEDIUM,0.9,0.90,target_center,target_left,"m25-wrong-context-v1 SHA256(session|trialId), offset 1 or 2 modulo 3",False,13,13,0,False,,False,,1.7,1.7,0,,,,,,,,,
TRIAL,B2,B2,m6_4-trial-018,MEDIUM,0.95,0.95,target_center,target_left,"m25-wrong-context-v1 SHA256(session|trialId), offset 1 or 2 modulo 3",False,13,13,0,False,,False,,1.7,1.7,0,,,,,,,,,
TRIAL,B2,B2,m6_4-trial-018,MEDIUM,0.99,0.99,target_center,target_left,"m25-wrong-context-v1 SHA256(session|trialId), offset 1 or 2 modulo 3",False,13,13,0,False,,False,,1.7,1.7,0,,,,,,,,,
TRIAL,B2,B2,m6_4-trial-018,MEDIUM,1.0,1.00,target_center,target_left,"m25-wrong-context-v1 SHA256(session|trialId), offset 1 or 2 modulo 3",False,13,13,0,False,,False,,1.7,1.7,0,,,,,,,,,
TRIAL,B2,B2,m6_4-trial-019,MEDIUM,0.7,0.70,target_center,target_right,"m25-wrong-context-v1 SHA256(session|trialId), offset 1 or 2 modulo 3",False,15,15,0,False,,False,,1.9,1.9,0,,,,,,,,,
TRIAL,B2,B2,m6_4-trial-019,MEDIUM,0.8,0.80,target_center,target_right,"m25-wrong-context-v1 SHA256(session|trialId), offset 1 or 2 modulo 3",False,15,15,0,False,,False,,1.9,1.9,0,,,,,,,,,
TRIAL,B2,B2,m6_4-trial-019,MEDIUM,0.9,0.90,target_center,target_right,"m25-wrong-context-v1 SHA256(session|trialId), offset 1 or 2 modulo 3",False,15,15,0,False,,False,,1.9,1.9,0,,,,,,,,,
TRIAL,B2,B2,m6_4-trial-019,MEDIUM,0.95,0.95,target_center,target_right,"m25-wrong-context-v1 SHA256(session|trialId), offset 1 or 2 modulo 3",False,15,15,0,False,,False,,1.9,1.9,0,,,,,,,,,
TRIAL,B2,B2,m6_4-trial-019,MEDIUM,0.99,0.99,target_center,target_right,"m25-wrong-context-v1 SHA256(session|trialId), offset 1 or 2 modulo 3",False,15,15,0,False,,False,,1.9,1.9,0,,,,,,,,,
TRIAL,B2,B2,m6_4-trial-019,MEDIUM,1.0,1.00,target_center,target_right,"m25-wrong-context-v1 SHA256(session|trialId), offset 1 or 2 modulo 3",False,15,15,0,False,,False,,1.9,1.9,0,,,,,,,,,
TRIAL,B2,B2,m6_4-trial-020,MEDIUM,0.7,0.70,target_right,target_center,"m25-wrong-context-v1 SHA256(session|trialId), offset 1 or 2 modulo 3",False,5,5,0,False,,False,,0.9,0.9,0,,,,,,,,,
TRIAL,B2,B2,m6_4-trial-020,MEDIUM,0.8,0.80,target_right,target_center,"m25-wrong-context-v1 SHA256(session|trialId), offset 1 or 2 modulo 3",False,5,5,0,False,,False,,0.9,0.9,0,,,,,,,,,
TRIAL,B2,B2,m6_4-trial-020,MEDIUM,0.9,0.90,target_right,target_center,"m25-wrong-context-v1 SHA256(session|trialId), offset 1 or 2 modulo 3",False,5,5,0,False,,False,,0.9,0.9,0,,,,,,,,,
TRIAL,B2,B2,m6_4-trial-020,MEDIUM,0.95,0.95,target_right,target_center,"m25-wrong-context-v1 SHA256(session|trialId), offset 1 or 2 modulo 3",False,5,5,0,False,,False,,0.9,0.9,0,,,,,,,,,
TRIAL,B2,B2,m6_4-trial-020,MEDIUM,0.99,0.99,target_right,target_center,"m25-wrong-context-v1 SHA256(session|trialId), offset 1 or 2 modulo 3",False,5,5,0,False,,False,,0.9,0.9,0,,,,,,,,,
TRIAL,B2,B2,m6_4-trial-020,MEDIUM,1.0,1.00,target_right,target_center,"m25-wrong-context-v1 SHA256(session|trialId), offset 1 or 2 modulo 3",False,5,5,0,False,,False,,0.9,0.9,0,,,,,,,,,
TRIAL,B2,B2,m6_4-trial-021,MEDIUM,0.7,0.70,target_left,target_right,"m25-wrong-context-v1 SHA256(session|trialId), offset 1 or 2 modulo 3",False,11,7,4,True,0.5,False,,1.5,1.5,4,0.10032326793770913,0.41355477296688387,0.9860190947131696,0,0.0,,,,
TRIAL,B2,B2,m6_4-trial-021,MEDIUM,0.8,0.80,target_left,target_right,"m25-wrong-context-v1 SHA256(session|trialId), offset 1 or 2 modulo 3",False,11,7,4,True,0.5,False,,1.5,1.5,4,0.10032326793770913,0.41355477296688387,0.9860190947131696,0,0.0,,,,
TRIAL,B2,B2,m6_4-trial-021,MEDIUM,0.9,0.90,target_left,target_right,"m25-wrong-context-v1 SHA256(session|trialId), offset 1 or 2 modulo 3",False,11,7,4,True,0.5,False,,1.5,1.5,4,0.10032326793770913,0.41355477296688387,0.9860190947131696,0,0.0,,,,
TRIAL,B2,B2,m6_4-trial-021,MEDIUM,0.95,0.95,target_left,target_right,"m25-wrong-context-v1 SHA256(session|trialId), offset 1 or 2 modulo 3",False,11,7,4,True,0.5,False,,1.5,1.5,4,0.10032326793770913,0.41355477296688387,0.9860190947131696,0,0.0,,,,
TRIAL,B2,B2,m6_4-trial-021,MEDIUM,0.99,0.99,target_left,target_right,"m25-wrong-context-v1 SHA256(session|trialId), offset 1 or 2 modulo 3",False,11,7,4,True,0.5,False,,1.5,1.5,4,0.10032326793770913,0.41355477296688387,0.9860190947131696,0,0.0,,,,
TRIAL,B2,B2,m6_4-trial-021,MEDIUM,1.0,1.00,target_left,target_right,"m25-wrong-context-v1 SHA256(session|trialId), offset 1 or 2 modulo 3",False,11,7,4,True,0.5,False,,1.5,1.5,4,0.10032326793770913,0.41355477296688387,0.9860190947131696,0,0.0,,,,
TRIAL,B2,B2,m6_4-trial-022,MEDIUM,0.7,0.70,target_right,target_left,"m25-wrong-context-v1 SHA256(session|trialId), offset 1 or 2 modulo 3",False,5,5,0,False,,False,,0.9,0.9,0,,,,,,,,,
TRIAL,B2,B2,m6_4-trial-022,MEDIUM,0.8,0.80,target_right,target_left,"m25-wrong-context-v1 SHA256(session|trialId), offset 1 or 2 modulo 3",False,5,5,0,False,,False,,0.9,0.9,0,,,,,,,,,
TRIAL,B2,B2,m6_4-trial-022,MEDIUM,0.9,0.90,target_right,target_left,"m25-wrong-context-v1 SHA256(session|trialId), offset 1 or 2 modulo 3",False,5,5,0,False,,False,,0.9,0.9,0,,,,,,,,,
TRIAL,B2,B2,m6_4-trial-022,MEDIUM,0.95,0.95,target_right,target_left,"m25-wrong-context-v1 SHA256(session|trialId), offset 1 or 2 modulo 3",False,5,5,0,False,,False,,0.9,0.9,0,,,,,,,,,
TRIAL,B2,B2,m6_4-trial-022,MEDIUM,0.99,0.99,target_right,target_left,"m25-wrong-context-v1 SHA256(session|trialId), offset 1 or 2 modulo 3",False,5,5,0,False,,False,,0.9,0.9,0,,,,,,,,,
TRIAL,B2,B2,m6_4-trial-022,MEDIUM,1.0,1.00,target_right,target_left,"m25-wrong-context-v1 SHA256(session|trialId), offset 1 or 2 modulo 3",False,5,5,0,False,,False,,0.9,0.9,0,,,,,,,,,
TRIAL,B2,B2,m6_4-trial-024,MEDIUM,0.7,0.70,target_left,target_right,"m25-wrong-context-v1 SHA256(session|trialId), offset 1 or 2 modulo 3",False,7,7,0,False,,False,,1.1,1.1,0,,,,,,,,,
TRIAL,B2,B2,m6_4-trial-024,MEDIUM,0.8,0.80,target_left,target_right,"m25-wrong-context-v1 SHA256(session|trialId), offset 1 or 2 modulo 3",False,7,7,0,False,,False,,1.1,1.1,0,,,,,,,,,
TRIAL,B2,B2,m6_4-trial-024,MEDIUM,0.9,0.90,target_left,target_right,"m25-wrong-context-v1 SHA256(session|trialId), offset 1 or 2 modulo 3",False,7,7,0,False,,False,,1.1,1.1,0,,,,,,,,,
TRIAL,B2,B2,m6_4-trial-024,MEDIUM,0.95,0.95,target_left,target_right,"m25-wrong-context-v1 SHA256(session|trialId), offset 1 or 2 modulo 3",False,7,7,0,False,,False,,1.1,1.1,0,,,,,,,,,
TRIAL,B2,B2,m6_4-trial-024,MEDIUM,0.99,0.99,target_left,target_right,"m25-wrong-context-v1 SHA256(session|trialId), offset 1 or 2 modulo 3",False,7,7,0,False,,False,,1.1,1.1,0,,,,,,,,,
TRIAL,B2,B2,m6_4-trial-024,MEDIUM,1.0,1.00,target_left,target_right,"m25-wrong-context-v1 SHA256(session|trialId), offset 1 or 2 modulo 3",False,7,7,0,False,,False,,1.1,1.1,0,,,,,,,,,
TRIAL,B2,B2,m6_4-trial-025,MEDIUM,0.7,0.70,target_center,target_left,"m25-wrong-context-v1 SHA256(session|trialId), offset 1 or 2 modulo 3",False,5,5,0,False,,False,,0.9,0.9,0,,,,,,,,,
TRIAL,B2,B2,m6_4-trial-025,MEDIUM,0.8,0.80,target_center,target_left,"m25-wrong-context-v1 SHA256(session|trialId), offset 1 or 2 modulo 3",False,5,5,0,False,,False,,0.9,0.9,0,,,,,,,,,
TRIAL,B2,B2,m6_4-trial-025,MEDIUM,0.9,0.90,target_center,target_left,"m25-wrong-context-v1 SHA256(session|trialId), offset 1 or 2 modulo 3",False,5,5,0,False,,False,,0.9,0.9,0,,,,,,,,,
TRIAL,B2,B2,m6_4-trial-025,MEDIUM,0.95,0.95,target_center,target_left,"m25-wrong-context-v1 SHA256(session|trialId), offset 1 or 2 modulo 3",False,5,5,0,False,,False,,0.9,0.9,0,,,,,,,,,
TRIAL,B2,B2,m6_4-trial-025,MEDIUM,0.99,0.99,target_center,target_left,"m25-wrong-context-v1 SHA256(session|trialId), offset 1 or 2 modulo 3",False,5,5,0,False,,False,,0.9,0.9,0,,,,,,,,,
TRIAL,B2,B2,m6_4-trial-025,MEDIUM,1.0,1.00,target_center,target_left,"m25-wrong-context-v1 SHA256(session|trialId), offset 1 or 2 modulo 3",False,5,5,0,False,,False,,0.9,0.9,0,,,,,,,,,
TRIAL,B2,B2,m6_4-trial-026,MEDIUM,0.7,0.70,target_right,target_left,"m25-wrong-context-v1 SHA256(session|trialId), offset 1 or 2 modulo 3",False,6,6,0,False,,False,,1.0,1.0,0,,,,,,,,,
TRIAL,B2,B2,m6_4-trial-026,MEDIUM,0.8,0.80,target_right,target_left,"m25-wrong-context-v1 SHA256(session|trialId), offset 1 or 2 modulo 3",False,6,6,0,False,,False,,1.0,1.0,0,,,,,,,,,
TRIAL,B2,B2,m6_4-trial-026,MEDIUM,0.9,0.90,target_right,target_left,"m25-wrong-context-v1 SHA256(session|trialId), offset 1 or 2 modulo 3",False,6,6,0,False,,False,,1.0,1.0,0,,,,,,,,,
TRIAL,B2,B2,m6_4-trial-026,MEDIUM,0.95,0.95,target_right,target_left,"m25-wrong-context-v1 SHA256(session|trialId), offset 1 or 2 modulo 3",False,6,6,0,False,,False,,1.0,1.0,0,,,,,,,,,
TRIAL,B2,B2,m6_4-trial-026,MEDIUM,0.99,0.99,target_right,target_left,"m25-wrong-context-v1 SHA256(session|trialId), offset 1 or 2 modulo 3",False,6,6,0,False,,False,,1.0,1.0,0,,,,,,,,,
TRIAL,B2,B2,m6_4-trial-026,MEDIUM,1.0,1.00,target_right,target_left,"m25-wrong-context-v1 SHA256(session|trialId), offset 1 or 2 modulo 3",False,6,6,0,False,,False,,1.0,1.0,0,,,,,,,,,
TRIAL,B2,B2,m6_4-trial-027,MEDIUM,0.7,0.70,target_left,target_center,"m25-wrong-context-v1 SHA256(session|trialId), offset 1 or 2 modulo 3",False,13,13,0,False,,False,,1.7,1.7,0,,,,,,,,,
TRIAL,B2,B2,m6_4-trial-027,MEDIUM,0.8,0.80,target_left,target_center,"m25-wrong-context-v1 SHA256(session|trialId), offset 1 or 2 modulo 3",False,13,13,0,False,,False,,1.7,1.7,0,,,,,,,,,
TRIAL,B2,B2,m6_4-trial-027,MEDIUM,0.9,0.90,target_left,target_center,"m25-wrong-context-v1 SHA256(session|trialId), offset 1 or 2 modulo 3",False,13,13,0,False,,False,,1.7,1.7,0,,,,,,,,,
TRIAL,B2,B2,m6_4-trial-027,MEDIUM,0.95,0.95,target_left,target_center,"m25-wrong-context-v1 SHA256(session|trialId), offset 1 or 2 modulo 3",False,13,13,0,False,,False,,1.7,1.7,0,,,,,,,,,
TRIAL,B2,B2,m6_4-trial-027,MEDIUM,0.99,0.99,target_left,target_center,"m25-wrong-context-v1 SHA256(session|trialId), offset 1 or 2 modulo 3",False,13,13,0,False,,False,,1.7,1.7,0,,,,,,,,,
TRIAL,B2,B2,m6_4-trial-027,MEDIUM,1.0,1.00,target_left,target_center,"m25-wrong-context-v1 SHA256(session|trialId), offset 1 or 2 modulo 3",False,13,13,0,False,,False,,1.7,1.7,0,,,,,,,,,
TRIAL,B2,B2,m6_4-trial-028,MEDIUM,0.7,0.70,target_center,target_left,"m25-wrong-context-v1 SHA256(session|trialId), offset 1 or 2 modulo 3",False,13,13,0,False,,False,,1.7,1.7,0,,,,,,,,,
TRIAL,B2,B2,m6_4-trial-028,MEDIUM,0.8,0.80,target_center,target_left,"m25-wrong-context-v1 SHA256(session|trialId), offset 1 or 2 modulo 3",False,13,13,0,False,,False,,1.7,1.7,0,,,,,,,,,
TRIAL,B2,B2,m6_4-trial-028,MEDIUM,0.9,0.90,target_center,target_left,"m25-wrong-context-v1 SHA256(session|trialId), offset 1 or 2 modulo 3",False,13,13,0,False,,False,,1.7,1.7,0,,,,,,,,,
TRIAL,B2,B2,m6_4-trial-028,MEDIUM,0.95,0.95,target_center,target_left,"m25-wrong-context-v1 SHA256(session|trialId), offset 1 or 2 modulo 3",False,13,13,0,False,,False,,1.7,1.7,0,,,,,,,,,
TRIAL,B2,B2,m6_4-trial-028,MEDIUM,0.99,0.99,target_center,target_left,"m25-wrong-context-v1 SHA256(session|trialId), offset 1 or 2 modulo 3",False,13,13,0,False,,False,,1.7,1.7,0,,,,,,,,,
TRIAL,B2,B2,m6_4-trial-028,MEDIUM,1.0,1.00,target_center,target_left,"m25-wrong-context-v1 SHA256(session|trialId), offset 1 or 2 modulo 3",False,13,13,0,False,,False,,1.7,1.7,0,,,,,,,,,
TRIAL,B2,B2,m6_4-trial-029,MEDIUM,0.7,0.70,target_left,target_center,"m25-wrong-context-v1 SHA256(session|trialId), offset 1 or 2 modulo 3",False,11,11,0,False,,False,,1.5,1.5,0,,,,,,,,,
TRIAL,B2,B2,m6_4-trial-029,MEDIUM,0.8,0.80,target_left,target_center,"m25-wrong-context-v1 SHA256(session|trialId), offset 1 or 2 modulo 3",False,11,11,0,False,,False,,1.5,1.5,0,,,,,,,,,
TRIAL,B2,B2,m6_4-trial-029,MEDIUM,0.9,0.90,target_left,target_center,"m25-wrong-context-v1 SHA256(session|trialId), offset 1 or 2 modulo 3",False,11,11,0,False,,False,,1.5,1.5,0,,,,,,,,,
TRIAL,B2,B2,m6_4-trial-029,MEDIUM,0.95,0.95,target_left,target_center,"m25-wrong-context-v1 SHA256(session|trialId), offset 1 or 2 modulo 3",False,11,11,0,False,,False,,1.5,1.5,0,,,,,,,,,
TRIAL,B2,B2,m6_4-trial-029,MEDIUM,0.99,0.99,target_left,target_center,"m25-wrong-context-v1 SHA256(session|trialId), offset 1 or 2 modulo 3",False,11,11,0,False,,False,,1.5,1.5,0,,,,,,,,,
TRIAL,B2,B2,m6_4-trial-029,MEDIUM,1.0,1.00,target_left,target_center,"m25-wrong-context-v1 SHA256(session|trialId), offset 1 or 2 modulo 3",False,11,11,0,False,,False,,1.5,1.5,0,,,,,,,,,
TRIAL,B2,B2,m6_4-trial-030,MEDIUM,0.7,0.70,target_right,target_left,"m25-wrong-context-v1 SHA256(session|trialId), offset 1 or 2 modulo 3",False,5,5,0,False,,False,,0.9,0.9,0,,,,,,,,,
TRIAL,B2,B2,m6_4-trial-030,MEDIUM,0.8,0.80,target_right,target_left,"m25-wrong-context-v1 SHA256(session|trialId), offset 1 or 2 modulo 3",False,5,5,0,False,,False,,0.9,0.9,0,,,,,,,,,
TRIAL,B2,B2,m6_4-trial-030,MEDIUM,0.9,0.90,target_right,target_left,"m25-wrong-context-v1 SHA256(session|trialId), offset 1 or 2 modulo 3",False,5,5,0,False,,False,,0.9,0.9,0,,,,,,,,,
TRIAL,B2,B2,m6_4-trial-030,MEDIUM,0.95,0.95,target_right,target_left,"m25-wrong-context-v1 SHA256(session|trialId), offset 1 or 2 modulo 3",False,5,5,0,False,,False,,0.9,0.9,0,,,,,,,,,
TRIAL,B2,B2,m6_4-trial-030,MEDIUM,0.99,0.99,target_right,target_left,"m25-wrong-context-v1 SHA256(session|trialId), offset 1 or 2 modulo 3",False,5,5,0,False,,False,,0.9,0.9,0,,,,,,,,,
TRIAL,B2,B2,m6_4-trial-030,MEDIUM,1.0,1.00,target_right,target_left,"m25-wrong-context-v1 SHA256(session|trialId), offset 1 or 2 modulo 3",False,5,5,0,False,,False,,0.9,0.9,0,,,,,,,,,
TRIAL,B2,B2,m6_4-trial-001,CONSERVATIVE,0.7,0.70,target_right,target_center,"m25-wrong-context-v1 SHA256(session|trialId), offset 1 or 2 modulo 3",False,15,8,7,True,1.0,True,1.4,1.9,1.4,5,0.014823598300655771,0.3633336940816957,0.9955747699752004,0,0.3999999999999999,,,,
TRIAL,B2,B2,m6_4-trial-001,CONSERVATIVE,0.8,0.80,target_right,target_center,"m25-wrong-context-v1 SHA256(session|trialId), offset 1 or 2 modulo 3",False,15,8,7,True,1.0,True,1.4,1.9,1.4,5,0.014823598300655771,0.3633336940816957,0.9955747699752004,0,0.3999999999999999,,,,
TRIAL,B2,B2,m6_4-trial-001,CONSERVATIVE,0.9,0.90,target_right,target_center,"m25-wrong-context-v1 SHA256(session|trialId), offset 1 or 2 modulo 3",False,15,8,7,True,1.0,True,1.4,1.9,1.4,5,0.014823598300655771,0.3633336940816957,0.9955747699752004,0,0.3999999999999999,,,,
TRIAL,B2,B2,m6_4-trial-001,CONSERVATIVE,0.95,0.95,target_right,target_center,"m25-wrong-context-v1 SHA256(session|trialId), offset 1 or 2 modulo 3",False,15,8,7,True,1.0,True,1.4,1.9,1.4,5,0.014823598300655771,0.3633336940816957,0.9955747699752004,0,0.3999999999999999,,,,
TRIAL,B2,B2,m6_4-trial-001,CONSERVATIVE,0.99,0.99,target_right,target_center,"m25-wrong-context-v1 SHA256(session|trialId), offset 1 or 2 modulo 3",False,15,8,7,True,1.0,True,1.4,1.9,1.4,5,0.014823598300655771,0.3633336940816957,0.9955747699752004,0,0.3999999999999999,,,,
TRIAL,B2,B2,m6_4-trial-001,CONSERVATIVE,1.0,1.00,target_right,target_center,"m25-wrong-context-v1 SHA256(session|trialId), offset 1 or 2 modulo 3",False,15,8,7,True,1.0,True,1.4,1.9,1.4,5,0.014823598300655771,0.3633336940816957,0.9955747699752004,0,0.3999999999999999,,,,
TRIAL,B2,B2,m6_4-trial-002,CONSERVATIVE,0.7,0.70,target_left,target_center,"m25-wrong-context-v1 SHA256(session|trialId), offset 1 or 2 modulo 3",False,15,15,0,False,,False,,1.9,1.9,0,,,,,,,,,
TRIAL,B2,B2,m6_4-trial-002,CONSERVATIVE,0.8,0.80,target_left,target_center,"m25-wrong-context-v1 SHA256(session|trialId), offset 1 or 2 modulo 3",False,15,15,0,False,,False,,1.9,1.9,0,,,,,,,,,
TRIAL,B2,B2,m6_4-trial-002,CONSERVATIVE,0.9,0.90,target_left,target_center,"m25-wrong-context-v1 SHA256(session|trialId), offset 1 or 2 modulo 3",False,15,15,0,False,,False,,1.9,1.9,0,,,,,,,,,
TRIAL,B2,B2,m6_4-trial-002,CONSERVATIVE,0.95,0.95,target_left,target_center,"m25-wrong-context-v1 SHA256(session|trialId), offset 1 or 2 modulo 3",False,15,15,0,False,,False,,1.9,1.9,0,,,,,,,,,
TRIAL,B2,B2,m6_4-trial-002,CONSERVATIVE,0.99,0.99,target_left,target_center,"m25-wrong-context-v1 SHA256(session|trialId), offset 1 or 2 modulo 3",False,15,15,0,False,,False,,1.9,1.9,0,,,,,,,,,
TRIAL,B2,B2,m6_4-trial-002,CONSERVATIVE,1.0,1.00,target_left,target_center,"m25-wrong-context-v1 SHA256(session|trialId), offset 1 or 2 modulo 3",False,15,15,0,False,,False,,1.9,1.9,0,,,,,,,,,
TRIAL,B2,B2,m6_4-trial-003,CONSERVATIVE,0.7,0.70,target_center,target_left,"m25-wrong-context-v1 SHA256(session|trialId), offset 1 or 2 modulo 3",False,8,8,0,False,,False,,1.2,1.2,0,,,,,,,,,
TRIAL,B2,B2,m6_4-trial-003,CONSERVATIVE,0.8,0.80,target_center,target_left,"m25-wrong-context-v1 SHA256(session|trialId), offset 1 or 2 modulo 3",False,8,8,0,False,,False,,1.2,1.2,0,,,,,,,,,
TRIAL,B2,B2,m6_4-trial-003,CONSERVATIVE,0.9,0.90,target_center,target_left,"m25-wrong-context-v1 SHA256(session|trialId), offset 1 or 2 modulo 3",False,8,8,0,False,,False,,1.2,1.2,0,,,,,,,,,
TRIAL,B2,B2,m6_4-trial-003,CONSERVATIVE,0.95,0.95,target_center,target_left,"m25-wrong-context-v1 SHA256(session|trialId), offset 1 or 2 modulo 3",False,8,8,0,False,,False,,1.2,1.2,0,,,,,,,,,
TRIAL,B2,B2,m6_4-trial-003,CONSERVATIVE,0.99,0.99,target_center,target_left,"m25-wrong-context-v1 SHA256(session|trialId), offset 1 or 2 modulo 3",False,8,8,0,False,,False,,1.2,1.2,0,,,,,,,,,
TRIAL,B2,B2,m6_4-trial-003,CONSERVATIVE,1.0,1.00,target_center,target_left,"m25-wrong-context-v1 SHA256(session|trialId), offset 1 or 2 modulo 3",False,8,8,0,False,,False,,1.2,1.2,0,,,,,,,,,
TRIAL,B2,B2,m6_4-trial-004,CONSERVATIVE,0.7,0.70,target_right,target_center,"m25-wrong-context-v1 SHA256(session|trialId), offset 1 or 2 modulo 3",False,5,5,0,False,,False,,0.9,0.9,0,,,,,,,,,
TRIAL,B2,B2,m6_4-trial-004,CONSERVATIVE,0.8,0.80,target_right,target_center,"m25-wrong-context-v1 SHA256(session|trialId), offset 1 or 2 modulo 3",False,5,5,0,False,,False,,0.9,0.9,0,,,,,,,,,
TRIAL,B2,B2,m6_4-trial-004,CONSERVATIVE,0.9,0.90,target_right,target_center,"m25-wrong-context-v1 SHA256(session|trialId), offset 1 or 2 modulo 3",False,5,5,0,False,,False,,0.9,0.9,0,,,,,,,,,
TRIAL,B2,B2,m6_4-trial-004,CONSERVATIVE,0.95,0.95,target_right,target_center,"m25-wrong-context-v1 SHA256(session|trialId), offset 1 or 2 modulo 3",False,5,5,0,False,,False,,0.9,0.9,0,,,,,,,,,
TRIAL,B2,B2,m6_4-trial-004,CONSERVATIVE,0.99,0.99,target_right,target_center,"m25-wrong-context-v1 SHA256(session|trialId), offset 1 or 2 modulo 3",False,5,5,0,False,,False,,0.9,0.9,0,,,,,,,,,
TRIAL,B2,B2,m6_4-trial-004,CONSERVATIVE,1.0,1.00,target_right,target_center,"m25-wrong-context-v1 SHA256(session|trialId), offset 1 or 2 modulo 3",False,5,5,0,False,,False,,0.9,0.9,0,,,,,,,,,
TRIAL,B2,B2,m6_4-trial-005,CONSERVATIVE,0.7,0.70,target_center,target_left,"m25-wrong-context-v1 SHA256(session|trialId), offset 1 or 2 modulo 3",False,7,7,0,False,,False,,1.1,1.1,0,,,,,,,,,
TRIAL,B2,B2,m6_4-trial-005,CONSERVATIVE,0.8,0.80,target_center,target_left,"m25-wrong-context-v1 SHA256(session|trialId), offset 1 or 2 modulo 3",False,7,7,0,False,,False,,1.1,1.1,0,,,,,,,,,
TRIAL,B2,B2,m6_4-trial-005,CONSERVATIVE,0.9,0.90,target_center,target_left,"m25-wrong-context-v1 SHA256(session|trialId), offset 1 or 2 modulo 3",False,7,7,0,False,,False,,1.1,1.1,0,,,,,,,,,
TRIAL,B2,B2,m6_4-trial-005,CONSERVATIVE,0.95,0.95,target_center,target_left,"m25-wrong-context-v1 SHA256(session|trialId), offset 1 or 2 modulo 3",False,7,7,0,False,,False,,1.1,1.1,0,,,,,,,,,
TRIAL,B2,B2,m6_4-trial-005,CONSERVATIVE,0.99,0.99,target_center,target_left,"m25-wrong-context-v1 SHA256(session|trialId), offset 1 or 2 modulo 3",False,7,7,0,False,,False,,1.1,1.1,0,,,,,,,,,
TRIAL,B2,B2,m6_4-trial-005,CONSERVATIVE,1.0,1.00,target_center,target_left,"m25-wrong-context-v1 SHA256(session|trialId), offset 1 or 2 modulo 3",False,7,7,0,False,,False,,1.1,1.1,0,,,,,,,,,
TRIAL,B2,B2,m6_4-trial-006,CONSERVATIVE,0.7,0.70,target_left,target_center,"m25-wrong-context-v1 SHA256(session|trialId), offset 1 or 2 modulo 3",False,9,9,0,False,,False,,1.3,1.3,0,,,,,,,,,
TRIAL,B2,B2,m6_4-trial-006,CONSERVATIVE,0.8,0.80,target_left,target_center,"m25-wrong-context-v1 SHA256(session|trialId), offset 1 or 2 modulo 3",False,9,9,0,False,,False,,1.3,1.3,0,,,,,,,,,
TRIAL,B2,B2,m6_4-trial-006,CONSERVATIVE,0.9,0.90,target_left,target_center,"m25-wrong-context-v1 SHA256(session|trialId), offset 1 or 2 modulo 3",False,9,9,0,False,,False,,1.3,1.3,0,,,,,,,,,
TRIAL,B2,B2,m6_4-trial-006,CONSERVATIVE,0.95,0.95,target_left,target_center,"m25-wrong-context-v1 SHA256(session|trialId), offset 1 or 2 modulo 3",False,9,9,0,False,,False,,1.3,1.3,0,,,,,,,,,
TRIAL,B2,B2,m6_4-trial-006,CONSERVATIVE,0.99,0.99,target_left,target_center,"m25-wrong-context-v1 SHA256(session|trialId), offset 1 or 2 modulo 3",False,9,9,0,False,,False,,1.3,1.3,0,,,,,,,,,
TRIAL,B2,B2,m6_4-trial-006,CONSERVATIVE,1.0,1.00,target_left,target_center,"m25-wrong-context-v1 SHA256(session|trialId), offset 1 or 2 modulo 3",False,9,9,0,False,,False,,1.3,1.3,0,,,,,,,,,
TRIAL,B2,B2,m6_4-trial-007,CONSERVATIVE,0.7,0.70,target_center,target_right,"m25-wrong-context-v1 SHA256(session|trialId), offset 1 or 2 modulo 3",False,10,10,0,False,,False,,1.4,1.4,0,,,,,,,,,
TRIAL,B2,B2,m6_4-trial-007,CONSERVATIVE,0.8,0.80,target_center,target_right,"m25-wrong-context-v1 SHA256(session|trialId), offset 1 or 2 modulo 3",False,10,10,0,False,,False,,1.4,1.4,0,,,,,,,,,
TRIAL,B2,B2,m6_4-trial-007,CONSERVATIVE,0.9,0.90,target_center,target_right,"m25-wrong-context-v1 SHA256(session|trialId), offset 1 or 2 modulo 3",False,10,10,0,False,,False,,1.4,1.4,0,,,,,,,,,
TRIAL,B2,B2,m6_4-trial-007,CONSERVATIVE,0.95,0.95,target_center,target_right,"m25-wrong-context-v1 SHA256(session|trialId), offset 1 or 2 modulo 3",False,10,10,0,False,,False,,1.4,1.4,0,,,,,,,,,
TRIAL,B2,B2,m6_4-trial-007,CONSERVATIVE,0.99,0.99,target_center,target_right,"m25-wrong-context-v1 SHA256(session|trialId), offset 1 or 2 modulo 3",False,10,10,0,False,,False,,1.4,1.4,0,,,,,,,,,
TRIAL,B2,B2,m6_4-trial-007,CONSERVATIVE,1.0,1.00,target_center,target_right,"m25-wrong-context-v1 SHA256(session|trialId), offset 1 or 2 modulo 3",False,10,10,0,False,,False,,1.4,1.4,0,,,,,,,,,
TRIAL,B2,B2,m6_4-trial-008,CONSERVATIVE,0.7,0.70,target_right,target_left,"m25-wrong-context-v1 SHA256(session|trialId), offset 1 or 2 modulo 3",False,6,6,0,False,,False,,1.0,1.0,0,,,,,,,,,
TRIAL,B2,B2,m6_4-trial-008,CONSERVATIVE,0.8,0.80,target_right,target_left,"m25-wrong-context-v1 SHA256(session|trialId), offset 1 or 2 modulo 3",False,6,6,0,False,,False,,1.0,1.0,0,,,,,,,,,
TRIAL,B2,B2,m6_4-trial-008,CONSERVATIVE,0.9,0.90,target_right,target_left,"m25-wrong-context-v1 SHA256(session|trialId), offset 1 or 2 modulo 3",False,6,6,0,False,,False,,1.0,1.0,0,,,,,,,,,
TRIAL,B2,B2,m6_4-trial-008,CONSERVATIVE,0.95,0.95,target_right,target_left,"m25-wrong-context-v1 SHA256(session|trialId), offset 1 or 2 modulo 3",False,6,6,0,False,,False,,1.0,1.0,0,,,,,,,,,
TRIAL,B2,B2,m6_4-trial-008,CONSERVATIVE,0.99,0.99,target_right,target_left,"m25-wrong-context-v1 SHA256(session|trialId), offset 1 or 2 modulo 3",False,6,6,0,False,,False,,1.0,1.0,0,,,,,,,,,
TRIAL,B2,B2,m6_4-trial-008,CONSERVATIVE,1.0,1.00,target_right,target_left,"m25-wrong-context-v1 SHA256(session|trialId), offset 1 or 2 modulo 3",False,6,6,0,False,,False,,1.0,1.0,0,,,,,,,,,
TRIAL,B2,B2,m6_4-trial-009,CONSERVATIVE,0.7,0.70,target_right,target_center,"m25-wrong-context-v1 SHA256(session|trialId), offset 1 or 2 modulo 3",False,6,6,0,False,,False,,1.0,1.0,0,,,,,,,,,
TRIAL,B2,B2,m6_4-trial-009,CONSERVATIVE,0.8,0.80,target_right,target_center,"m25-wrong-context-v1 SHA256(session|trialId), offset 1 or 2 modulo 3",False,6,6,0,False,,False,,1.0,1.0,0,,,,,,,,,
TRIAL,B2,B2,m6_4-trial-009,CONSERVATIVE,0.9,0.90,target_right,target_center,"m25-wrong-context-v1 SHA256(session|trialId), offset 1 or 2 modulo 3",False,6,6,0,False,,False,,1.0,1.0,0,,,,,,,,,
TRIAL,B2,B2,m6_4-trial-009,CONSERVATIVE,0.95,0.95,target_right,target_center,"m25-wrong-context-v1 SHA256(session|trialId), offset 1 or 2 modulo 3",False,6,6,0,False,,False,,1.0,1.0,0,,,,,,,,,
TRIAL,B2,B2,m6_4-trial-009,CONSERVATIVE,0.99,0.99,target_right,target_center,"m25-wrong-context-v1 SHA256(session|trialId), offset 1 or 2 modulo 3",False,6,6,0,False,,False,,1.0,1.0,0,,,,,,,,,
TRIAL,B2,B2,m6_4-trial-009,CONSERVATIVE,1.0,1.00,target_right,target_center,"m25-wrong-context-v1 SHA256(session|trialId), offset 1 or 2 modulo 3",False,6,6,0,False,,False,,1.0,1.0,0,,,,,,,,,
TRIAL,B2,B2,m6_4-trial-010,CONSERVATIVE,0.7,0.70,target_center,target_right,"m25-wrong-context-v1 SHA256(session|trialId), offset 1 or 2 modulo 3",False,15,15,0,False,,False,,1.9,1.9,0,,,,,,,,,
TRIAL,B2,B2,m6_4-trial-010,CONSERVATIVE,0.8,0.80,target_center,target_right,"m25-wrong-context-v1 SHA256(session|trialId), offset 1 or 2 modulo 3",False,15,15,0,False,,False,,1.9,1.9,0,,,,,,,,,
TRIAL,B2,B2,m6_4-trial-010,CONSERVATIVE,0.9,0.90,target_center,target_right,"m25-wrong-context-v1 SHA256(session|trialId), offset 1 or 2 modulo 3",False,15,15,0,False,,False,,1.9,1.9,0,,,,,,,,,
TRIAL,B2,B2,m6_4-trial-010,CONSERVATIVE,0.95,0.95,target_center,target_right,"m25-wrong-context-v1 SHA256(session|trialId), offset 1 or 2 modulo 3",False,15,15,0,False,,False,,1.9,1.9,0,,,,,,,,,
TRIAL,B2,B2,m6_4-trial-010,CONSERVATIVE,0.99,0.99,target_center,target_right,"m25-wrong-context-v1 SHA256(session|trialId), offset 1 or 2 modulo 3",False,15,15,0,False,,False,,1.9,1.9,0,,,,,,,,,
TRIAL,B2,B2,m6_4-trial-010,CONSERVATIVE,1.0,1.00,target_center,target_right,"m25-wrong-context-v1 SHA256(session|trialId), offset 1 or 2 modulo 3",False,15,15,0,False,,False,,1.9,1.9,0,,,,,,,,,
TRIAL,B2,B2,m6_4-trial-011,CONSERVATIVE,0.7,0.70,target_left,target_center,"m25-wrong-context-v1 SHA256(session|trialId), offset 1 or 2 modulo 3",False,14,14,0,False,,False,,1.8,1.8,0,,,,,,,,,
TRIAL,B2,B2,m6_4-trial-011,CONSERVATIVE,0.8,0.80,target_left,target_center,"m25-wrong-context-v1 SHA256(session|trialId), offset 1 or 2 modulo 3",False,14,14,0,False,,False,,1.8,1.8,0,,,,,,,,,
TRIAL,B2,B2,m6_4-trial-011,CONSERVATIVE,0.9,0.90,target_left,target_center,"m25-wrong-context-v1 SHA256(session|trialId), offset 1 or 2 modulo 3",False,14,14,0,False,,False,,1.8,1.8,0,,,,,,,,,
TRIAL,B2,B2,m6_4-trial-011,CONSERVATIVE,0.95,0.95,target_left,target_center,"m25-wrong-context-v1 SHA256(session|trialId), offset 1 or 2 modulo 3",False,14,14,0,False,,False,,1.8,1.8,0,,,,,,,,,
TRIAL,B2,B2,m6_4-trial-011,CONSERVATIVE,0.99,0.99,target_left,target_center,"m25-wrong-context-v1 SHA256(session|trialId), offset 1 or 2 modulo 3",False,14,14,0,False,,False,,1.8,1.8,0,,,,,,,,,
TRIAL,B2,B2,m6_4-trial-011,CONSERVATIVE,1.0,1.00,target_left,target_center,"m25-wrong-context-v1 SHA256(session|trialId), offset 1 or 2 modulo 3",False,14,14,0,False,,False,,1.8,1.8,0,,,,,,,,,
TRIAL,B2,B2,m6_4-trial-012,CONSERVATIVE,0.7,0.70,target_left,target_right,"m25-wrong-context-v1 SHA256(session|trialId), offset 1 or 2 modulo 3",False,10,10,0,False,,False,,1.4,1.4,0,,,,,,,,,
TRIAL,B2,B2,m6_4-trial-012,CONSERVATIVE,0.8,0.80,target_left,target_right,"m25-wrong-context-v1 SHA256(session|trialId), offset 1 or 2 modulo 3",False,10,10,0,False,,False,,1.4,1.4,0,,,,,,,,,
TRIAL,B2,B2,m6_4-trial-012,CONSERVATIVE,0.9,0.90,target_left,target_right,"m25-wrong-context-v1 SHA256(session|trialId), offset 1 or 2 modulo 3",False,10,10,0,False,,False,,1.4,1.4,0,,,,,,,,,
TRIAL,B2,B2,m6_4-trial-012,CONSERVATIVE,0.95,0.95,target_left,target_right,"m25-wrong-context-v1 SHA256(session|trialId), offset 1 or 2 modulo 3",False,10,10,0,False,,False,,1.4,1.4,0,,,,,,,,,
TRIAL,B2,B2,m6_4-trial-012,CONSERVATIVE,0.99,0.99,target_left,target_right,"m25-wrong-context-v1 SHA256(session|trialId), offset 1 or 2 modulo 3",False,10,10,0,False,,False,,1.4,1.4,0,,,,,,,,,
TRIAL,B2,B2,m6_4-trial-012,CONSERVATIVE,1.0,1.00,target_left,target_right,"m25-wrong-context-v1 SHA256(session|trialId), offset 1 or 2 modulo 3",False,10,10,0,False,,False,,1.4,1.4,0,,,,,,,,,
TRIAL,B2,B2,m6_4-trial-013,CONSERVATIVE,0.7,0.70,target_center,target_right,"m25-wrong-context-v1 SHA256(session|trialId), offset 1 or 2 modulo 3",False,14,14,0,False,,False,,1.8,1.8,0,,,,,,,,,
TRIAL,B2,B2,m6_4-trial-013,CONSERVATIVE,0.8,0.80,target_center,target_right,"m25-wrong-context-v1 SHA256(session|trialId), offset 1 or 2 modulo 3",False,14,14,0,False,,False,,1.8,1.8,0,,,,,,,,,
TRIAL,B2,B2,m6_4-trial-013,CONSERVATIVE,0.9,0.90,target_center,target_right,"m25-wrong-context-v1 SHA256(session|trialId), offset 1 or 2 modulo 3",False,14,14,0,False,,False,,1.8,1.8,0,,,,,,,,,
TRIAL,B2,B2,m6_4-trial-013,CONSERVATIVE,0.95,0.95,target_center,target_right,"m25-wrong-context-v1 SHA256(session|trialId), offset 1 or 2 modulo 3",False,14,14,0,False,,False,,1.8,1.8,0,,,,,,,,,
TRIAL,B2,B2,m6_4-trial-013,CONSERVATIVE,0.99,0.99,target_center,target_right,"m25-wrong-context-v1 SHA256(session|trialId), offset 1 or 2 modulo 3",False,14,14,0,False,,False,,1.8,1.8,0,,,,,,,,,
TRIAL,B2,B2,m6_4-trial-013,CONSERVATIVE,1.0,1.00,target_center,target_right,"m25-wrong-context-v1 SHA256(session|trialId), offset 1 or 2 modulo 3",False,14,14,0,False,,False,,1.8,1.8,0,,,,,,,,,
TRIAL,B2,B2,m6_4-trial-014,CONSERVATIVE,0.7,0.70,target_left,target_right,"m25-wrong-context-v1 SHA256(session|trialId), offset 1 or 2 modulo 3",False,5,5,0,False,,False,,0.9,0.9,0,,,,,,,,,
TRIAL,B2,B2,m6_4-trial-014,CONSERVATIVE,0.8,0.80,target_left,target_right,"m25-wrong-context-v1 SHA256(session|trialId), offset 1 or 2 modulo 3",False,5,5,0,False,,False,,0.9,0.9,0,,,,,,,,,
TRIAL,B2,B2,m6_4-trial-014,CONSERVATIVE,0.9,0.90,target_left,target_right,"m25-wrong-context-v1 SHA256(session|trialId), offset 1 or 2 modulo 3",False,5,5,0,False,,False,,0.9,0.9,0,,,,,,,,,
TRIAL,B2,B2,m6_4-trial-014,CONSERVATIVE,0.95,0.95,target_left,target_right,"m25-wrong-context-v1 SHA256(session|trialId), offset 1 or 2 modulo 3",False,5,5,0,False,,False,,0.9,0.9,0,,,,,,,,,
TRIAL,B2,B2,m6_4-trial-014,CONSERVATIVE,0.99,0.99,target_left,target_right,"m25-wrong-context-v1 SHA256(session|trialId), offset 1 or 2 modulo 3",False,5,5,0,False,,False,,0.9,0.9,0,,,,,,,,,
TRIAL,B2,B2,m6_4-trial-014,CONSERVATIVE,1.0,1.00,target_left,target_right,"m25-wrong-context-v1 SHA256(session|trialId), offset 1 or 2 modulo 3",False,5,5,0,False,,False,,0.9,0.9,0,,,,,,,,,
TRIAL,B2,B2,m6_4-trial-015,CONSERVATIVE,0.7,0.70,target_center,target_right,"m25-wrong-context-v1 SHA256(session|trialId), offset 1 or 2 modulo 3",False,7,7,0,False,,False,,1.1,1.1,0,,,,,,,,,
TRIAL,B2,B2,m6_4-trial-015,CONSERVATIVE,0.8,0.80,target_center,target_right,"m25-wrong-context-v1 SHA256(session|trialId), offset 1 or 2 modulo 3",False,7,7,0,False,,False,,1.1,1.1,0,,,,,,,,,
TRIAL,B2,B2,m6_4-trial-015,CONSERVATIVE,0.9,0.90,target_center,target_right,"m25-wrong-context-v1 SHA256(session|trialId), offset 1 or 2 modulo 3",False,7,7,0,False,,False,,1.1,1.1,0,,,,,,,,,
TRIAL,B2,B2,m6_4-trial-015,CONSERVATIVE,0.95,0.95,target_center,target_right,"m25-wrong-context-v1 SHA256(session|trialId), offset 1 or 2 modulo 3",False,7,7,0,False,,False,,1.1,1.1,0,,,,,,,,,
TRIAL,B2,B2,m6_4-trial-015,CONSERVATIVE,0.99,0.99,target_center,target_right,"m25-wrong-context-v1 SHA256(session|trialId), offset 1 or 2 modulo 3",False,7,7,0,False,,False,,1.1,1.1,0,,,,,,,,,
TRIAL,B2,B2,m6_4-trial-015,CONSERVATIVE,1.0,1.00,target_center,target_right,"m25-wrong-context-v1 SHA256(session|trialId), offset 1 or 2 modulo 3",False,7,7,0,False,,False,,1.1,1.1,0,,,,,,,,,
TRIAL,B2,B2,m6_4-trial-016,CONSERVATIVE,0.7,0.70,target_left,target_right,"m25-wrong-context-v1 SHA256(session|trialId), offset 1 or 2 modulo 3",False,11,11,0,False,,False,,1.5,1.5,0,,,,,,,,,
TRIAL,B2,B2,m6_4-trial-016,CONSERVATIVE,0.8,0.80,target_left,target_right,"m25-wrong-context-v1 SHA256(session|trialId), offset 1 or 2 modulo 3",False,11,11,0,False,,False,,1.5,1.5,0,,,,,,,,,
TRIAL,B2,B2,m6_4-trial-016,CONSERVATIVE,0.9,0.90,target_left,target_right,"m25-wrong-context-v1 SHA256(session|trialId), offset 1 or 2 modulo 3",False,11,11,0,False,,False,,1.5,1.5,0,,,,,,,,,
TRIAL,B2,B2,m6_4-trial-016,CONSERVATIVE,0.95,0.95,target_left,target_right,"m25-wrong-context-v1 SHA256(session|trialId), offset 1 or 2 modulo 3",False,11,11,0,False,,False,,1.5,1.5,0,,,,,,,,,
TRIAL,B2,B2,m6_4-trial-016,CONSERVATIVE,0.99,0.99,target_left,target_right,"m25-wrong-context-v1 SHA256(session|trialId), offset 1 or 2 modulo 3",False,11,11,0,False,,False,,1.5,1.5,0,,,,,,,,,
TRIAL,B2,B2,m6_4-trial-016,CONSERVATIVE,1.0,1.00,target_left,target_right,"m25-wrong-context-v1 SHA256(session|trialId), offset 1 or 2 modulo 3",False,11,11,0,False,,False,,1.5,1.5,0,,,,,,,,,
TRIAL,B2,B2,m6_4-trial-017,CONSERVATIVE,0.7,0.70,target_right,target_left,"m25-wrong-context-v1 SHA256(session|trialId), offset 1 or 2 modulo 3",False,5,5,0,False,,False,,0.9,0.9,0,,,,,,,,,
TRIAL,B2,B2,m6_4-trial-017,CONSERVATIVE,0.8,0.80,target_right,target_left,"m25-wrong-context-v1 SHA256(session|trialId), offset 1 or 2 modulo 3",False,5,5,0,False,,False,,0.9,0.9,0,,,,,,,,,
TRIAL,B2,B2,m6_4-trial-017,CONSERVATIVE,0.9,0.90,target_right,target_left,"m25-wrong-context-v1 SHA256(session|trialId), offset 1 or 2 modulo 3",False,5,5,0,False,,False,,0.9,0.9,0,,,,,,,,,
TRIAL,B2,B2,m6_4-trial-017,CONSERVATIVE,0.95,0.95,target_right,target_left,"m25-wrong-context-v1 SHA256(session|trialId), offset 1 or 2 modulo 3",False,5,5,0,False,,False,,0.9,0.9,0,,,,,,,,,
TRIAL,B2,B2,m6_4-trial-017,CONSERVATIVE,0.99,0.99,target_right,target_left,"m25-wrong-context-v1 SHA256(session|trialId), offset 1 or 2 modulo 3",False,5,5,0,False,,False,,0.9,0.9,0,,,,,,,,,
TRIAL,B2,B2,m6_4-trial-017,CONSERVATIVE,1.0,1.00,target_right,target_left,"m25-wrong-context-v1 SHA256(session|trialId), offset 1 or 2 modulo 3",False,5,5,0,False,,False,,0.9,0.9,0,,,,,,,,,
TRIAL,B2,B2,m6_4-trial-018,CONSERVATIVE,0.7,0.70,target_center,target_left,"m25-wrong-context-v1 SHA256(session|trialId), offset 1 or 2 modulo 3",False,15,15,0,False,,False,,1.9,1.9,0,,,,,,,,,
TRIAL,B2,B2,m6_4-trial-018,CONSERVATIVE,0.8,0.80,target_center,target_left,"m25-wrong-context-v1 SHA256(session|trialId), offset 1 or 2 modulo 3",False,15,15,0,False,,False,,1.9,1.9,0,,,,,,,,,
TRIAL,B2,B2,m6_4-trial-018,CONSERVATIVE,0.9,0.90,target_center,target_left,"m25-wrong-context-v1 SHA256(session|trialId), offset 1 or 2 modulo 3",False,15,15,0,False,,False,,1.9,1.9,0,,,,,,,,,
TRIAL,B2,B2,m6_4-trial-018,CONSERVATIVE,0.95,0.95,target_center,target_left,"m25-wrong-context-v1 SHA256(session|trialId), offset 1 or 2 modulo 3",False,15,15,0,False,,False,,1.9,1.9,0,,,,,,,,,
TRIAL,B2,B2,m6_4-trial-018,CONSERVATIVE,0.99,0.99,target_center,target_left,"m25-wrong-context-v1 SHA256(session|trialId), offset 1 or 2 modulo 3",False,15,15,0,False,,False,,1.9,1.9,0,,,,,,,,,
TRIAL,B2,B2,m6_4-trial-018,CONSERVATIVE,1.0,1.00,target_center,target_left,"m25-wrong-context-v1 SHA256(session|trialId), offset 1 or 2 modulo 3",False,15,15,0,False,,False,,1.9,1.9,0,,,,,,,,,
TRIAL,B2,B2,m6_4-trial-019,CONSERVATIVE,0.7,0.70,target_center,target_right,"m25-wrong-context-v1 SHA256(session|trialId), offset 1 or 2 modulo 3",False,15,15,0,False,,False,,1.9,1.9,0,,,,,,,,,
TRIAL,B2,B2,m6_4-trial-019,CONSERVATIVE,0.8,0.80,target_center,target_right,"m25-wrong-context-v1 SHA256(session|trialId), offset 1 or 2 modulo 3",False,15,15,0,False,,False,,1.9,1.9,0,,,,,,,,,
TRIAL,B2,B2,m6_4-trial-019,CONSERVATIVE,0.9,0.90,target_center,target_right,"m25-wrong-context-v1 SHA256(session|trialId), offset 1 or 2 modulo 3",False,15,15,0,False,,False,,1.9,1.9,0,,,,,,,,,
TRIAL,B2,B2,m6_4-trial-019,CONSERVATIVE,0.95,0.95,target_center,target_right,"m25-wrong-context-v1 SHA256(session|trialId), offset 1 or 2 modulo 3",False,15,15,0,False,,False,,1.9,1.9,0,,,,,,,,,
TRIAL,B2,B2,m6_4-trial-019,CONSERVATIVE,0.99,0.99,target_center,target_right,"m25-wrong-context-v1 SHA256(session|trialId), offset 1 or 2 modulo 3",False,15,15,0,False,,False,,1.9,1.9,0,,,,,,,,,
TRIAL,B2,B2,m6_4-trial-019,CONSERVATIVE,1.0,1.00,target_center,target_right,"m25-wrong-context-v1 SHA256(session|trialId), offset 1 or 2 modulo 3",False,15,15,0,False,,False,,1.9,1.9,0,,,,,,,,,
TRIAL,B2,B2,m6_4-trial-020,CONSERVATIVE,0.7,0.70,target_right,target_center,"m25-wrong-context-v1 SHA256(session|trialId), offset 1 or 2 modulo 3",False,5,5,0,False,,False,,0.9,0.9,0,,,,,,,,,
TRIAL,B2,B2,m6_4-trial-020,CONSERVATIVE,0.8,0.80,target_right,target_center,"m25-wrong-context-v1 SHA256(session|trialId), offset 1 or 2 modulo 3",False,5,5,0,False,,False,,0.9,0.9,0,,,,,,,,,
TRIAL,B2,B2,m6_4-trial-020,CONSERVATIVE,0.9,0.90,target_right,target_center,"m25-wrong-context-v1 SHA256(session|trialId), offset 1 or 2 modulo 3",False,5,5,0,False,,False,,0.9,0.9,0,,,,,,,,,
TRIAL,B2,B2,m6_4-trial-020,CONSERVATIVE,0.95,0.95,target_right,target_center,"m25-wrong-context-v1 SHA256(session|trialId), offset 1 or 2 modulo 3",False,5,5,0,False,,False,,0.9,0.9,0,,,,,,,,,
TRIAL,B2,B2,m6_4-trial-020,CONSERVATIVE,0.99,0.99,target_right,target_center,"m25-wrong-context-v1 SHA256(session|trialId), offset 1 or 2 modulo 3",False,5,5,0,False,,False,,0.9,0.9,0,,,,,,,,,
TRIAL,B2,B2,m6_4-trial-020,CONSERVATIVE,1.0,1.00,target_right,target_center,"m25-wrong-context-v1 SHA256(session|trialId), offset 1 or 2 modulo 3",False,5,5,0,False,,False,,0.9,0.9,0,,,,,,,,,
TRIAL,B2,B2,m6_4-trial-021,CONSERVATIVE,0.7,0.70,target_left,target_right,"m25-wrong-context-v1 SHA256(session|trialId), offset 1 or 2 modulo 3",False,14,10,4,True,0.5,False,,1.8,1.8,4,0.10032326793770913,0.41355477296688387,0.9860190947131696,0,0.0,,,,
TRIAL,B2,B2,m6_4-trial-021,CONSERVATIVE,0.8,0.80,target_left,target_right,"m25-wrong-context-v1 SHA256(session|trialId), offset 1 or 2 modulo 3",False,14,10,4,True,0.5,False,,1.8,1.8,4,0.10032326793770913,0.41355477296688387,0.9860190947131696,0,0.0,,,,
TRIAL,B2,B2,m6_4-trial-021,CONSERVATIVE,0.9,0.90,target_left,target_right,"m25-wrong-context-v1 SHA256(session|trialId), offset 1 or 2 modulo 3",False,14,10,4,True,0.5,False,,1.8,1.8,4,0.10032326793770913,0.41355477296688387,0.9860190947131696,0,0.0,,,,
TRIAL,B2,B2,m6_4-trial-021,CONSERVATIVE,0.95,0.95,target_left,target_right,"m25-wrong-context-v1 SHA256(session|trialId), offset 1 or 2 modulo 3",False,14,10,4,True,0.5,False,,1.8,1.8,4,0.10032326793770913,0.41355477296688387,0.9860190947131696,0,0.0,,,,
TRIAL,B2,B2,m6_4-trial-021,CONSERVATIVE,0.99,0.99,target_left,target_right,"m25-wrong-context-v1 SHA256(session|trialId), offset 1 or 2 modulo 3",False,14,10,4,True,0.5,False,,1.8,1.8,4,0.10032326793770913,0.41355477296688387,0.9860190947131696,0,0.0,,,,
TRIAL,B2,B2,m6_4-trial-021,CONSERVATIVE,1.0,1.00,target_left,target_right,"m25-wrong-context-v1 SHA256(session|trialId), offset 1 or 2 modulo 3",False,14,10,4,True,0.5,False,,1.8,1.8,4,0.10032326793770913,0.41355477296688387,0.9860190947131696,0,0.0,,,,
TRIAL,B2,B2,m6_4-trial-022,CONSERVATIVE,0.7,0.70,target_right,target_left,"m25-wrong-context-v1 SHA256(session|trialId), offset 1 or 2 modulo 3",False,8,8,0,False,,False,,1.2,1.2,0,,,,,,,,,
TRIAL,B2,B2,m6_4-trial-022,CONSERVATIVE,0.8,0.80,target_right,target_left,"m25-wrong-context-v1 SHA256(session|trialId), offset 1 or 2 modulo 3",False,8,8,0,False,,False,,1.2,1.2,0,,,,,,,,,
TRIAL,B2,B2,m6_4-trial-022,CONSERVATIVE,0.9,0.90,target_right,target_left,"m25-wrong-context-v1 SHA256(session|trialId), offset 1 or 2 modulo 3",False,8,8,0,False,,False,,1.2,1.2,0,,,,,,,,,
TRIAL,B2,B2,m6_4-trial-022,CONSERVATIVE,0.95,0.95,target_right,target_left,"m25-wrong-context-v1 SHA256(session|trialId), offset 1 or 2 modulo 3",False,8,8,0,False,,False,,1.2,1.2,0,,,,,,,,,
TRIAL,B2,B2,m6_4-trial-022,CONSERVATIVE,0.99,0.99,target_right,target_left,"m25-wrong-context-v1 SHA256(session|trialId), offset 1 or 2 modulo 3",False,8,8,0,False,,False,,1.2,1.2,0,,,,,,,,,
TRIAL,B2,B2,m6_4-trial-022,CONSERVATIVE,1.0,1.00,target_right,target_left,"m25-wrong-context-v1 SHA256(session|trialId), offset 1 or 2 modulo 3",False,8,8,0,False,,False,,1.2,1.2,0,,,,,,,,,
TRIAL,B2,B2,m6_4-trial-024,CONSERVATIVE,0.7,0.70,target_left,target_right,"m25-wrong-context-v1 SHA256(session|trialId), offset 1 or 2 modulo 3",False,10,10,0,False,,False,,1.4,1.4,0,,,,,,,,,
TRIAL,B2,B2,m6_4-trial-024,CONSERVATIVE,0.8,0.80,target_left,target_right,"m25-wrong-context-v1 SHA256(session|trialId), offset 1 or 2 modulo 3",False,10,10,0,False,,False,,1.4,1.4,0,,,,,,,,,
TRIAL,B2,B2,m6_4-trial-024,CONSERVATIVE,0.9,0.90,target_left,target_right,"m25-wrong-context-v1 SHA256(session|trialId), offset 1 or 2 modulo 3",False,10,10,0,False,,False,,1.4,1.4,0,,,,,,,,,
TRIAL,B2,B2,m6_4-trial-024,CONSERVATIVE,0.95,0.95,target_left,target_right,"m25-wrong-context-v1 SHA256(session|trialId), offset 1 or 2 modulo 3",False,10,10,0,False,,False,,1.4,1.4,0,,,,,,,,,
TRIAL,B2,B2,m6_4-trial-024,CONSERVATIVE,0.99,0.99,target_left,target_right,"m25-wrong-context-v1 SHA256(session|trialId), offset 1 or 2 modulo 3",False,10,10,0,False,,False,,1.4,1.4,0,,,,,,,,,
TRIAL,B2,B2,m6_4-trial-024,CONSERVATIVE,1.0,1.00,target_left,target_right,"m25-wrong-context-v1 SHA256(session|trialId), offset 1 or 2 modulo 3",False,10,10,0,False,,False,,1.4,1.4,0,,,,,,,,,
TRIAL,B2,B2,m6_4-trial-025,CONSERVATIVE,0.7,0.70,target_center,target_left,"m25-wrong-context-v1 SHA256(session|trialId), offset 1 or 2 modulo 3",False,9,9,0,False,,False,,1.3,1.3,0,,,,,,,,,
TRIAL,B2,B2,m6_4-trial-025,CONSERVATIVE,0.8,0.80,target_center,target_left,"m25-wrong-context-v1 SHA256(session|trialId), offset 1 or 2 modulo 3",False,9,9,0,False,,False,,1.3,1.3,0,,,,,,,,,
TRIAL,B2,B2,m6_4-trial-025,CONSERVATIVE,0.9,0.90,target_center,target_left,"m25-wrong-context-v1 SHA256(session|trialId), offset 1 or 2 modulo 3",False,9,9,0,False,,False,,1.3,1.3,0,,,,,,,,,
TRIAL,B2,B2,m6_4-trial-025,CONSERVATIVE,0.95,0.95,target_center,target_left,"m25-wrong-context-v1 SHA256(session|trialId), offset 1 or 2 modulo 3",False,9,9,0,False,,False,,1.3,1.3,0,,,,,,,,,
TRIAL,B2,B2,m6_4-trial-025,CONSERVATIVE,0.99,0.99,target_center,target_left,"m25-wrong-context-v1 SHA256(session|trialId), offset 1 or 2 modulo 3",False,9,9,0,False,,False,,1.3,1.3,0,,,,,,,,,
TRIAL,B2,B2,m6_4-trial-025,CONSERVATIVE,1.0,1.00,target_center,target_left,"m25-wrong-context-v1 SHA256(session|trialId), offset 1 or 2 modulo 3",False,9,9,0,False,,False,,1.3,1.3,0,,,,,,,,,
TRIAL,B2,B2,m6_4-trial-026,CONSERVATIVE,0.7,0.70,target_right,target_left,"m25-wrong-context-v1 SHA256(session|trialId), offset 1 or 2 modulo 3",False,8,8,0,False,,False,,1.2,1.2,0,,,,,,,,,
TRIAL,B2,B2,m6_4-trial-026,CONSERVATIVE,0.8,0.80,target_right,target_left,"m25-wrong-context-v1 SHA256(session|trialId), offset 1 or 2 modulo 3",False,8,8,0,False,,False,,1.2,1.2,0,,,,,,,,,
TRIAL,B2,B2,m6_4-trial-026,CONSERVATIVE,0.9,0.90,target_right,target_left,"m25-wrong-context-v1 SHA256(session|trialId), offset 1 or 2 modulo 3",False,8,8,0,False,,False,,1.2,1.2,0,,,,,,,,,
TRIAL,B2,B2,m6_4-trial-026,CONSERVATIVE,0.95,0.95,target_right,target_left,"m25-wrong-context-v1 SHA256(session|trialId), offset 1 or 2 modulo 3",False,8,8,0,False,,False,,1.2,1.2,0,,,,,,,,,
TRIAL,B2,B2,m6_4-trial-026,CONSERVATIVE,0.99,0.99,target_right,target_left,"m25-wrong-context-v1 SHA256(session|trialId), offset 1 or 2 modulo 3",False,8,8,0,False,,False,,1.2,1.2,0,,,,,,,,,
TRIAL,B2,B2,m6_4-trial-026,CONSERVATIVE,1.0,1.00,target_right,target_left,"m25-wrong-context-v1 SHA256(session|trialId), offset 1 or 2 modulo 3",False,8,8,0,False,,False,,1.2,1.2,0,,,,,,,,,
TRIAL,B2,B2,m6_4-trial-027,CONSERVATIVE,0.7,0.70,target_left,target_center,"m25-wrong-context-v1 SHA256(session|trialId), offset 1 or 2 modulo 3",False,15,15,0,False,,False,,1.9,1.9,0,,,,,,,,,
TRIAL,B2,B2,m6_4-trial-027,CONSERVATIVE,0.8,0.80,target_left,target_center,"m25-wrong-context-v1 SHA256(session|trialId), offset 1 or 2 modulo 3",False,15,15,0,False,,False,,1.9,1.9,0,,,,,,,,,
TRIAL,B2,B2,m6_4-trial-027,CONSERVATIVE,0.9,0.90,target_left,target_center,"m25-wrong-context-v1 SHA256(session|trialId), offset 1 or 2 modulo 3",False,15,15,0,False,,False,,1.9,1.9,0,,,,,,,,,
TRIAL,B2,B2,m6_4-trial-027,CONSERVATIVE,0.95,0.95,target_left,target_center,"m25-wrong-context-v1 SHA256(session|trialId), offset 1 or 2 modulo 3",False,15,15,0,False,,False,,1.9,1.9,0,,,,,,,,,
TRIAL,B2,B2,m6_4-trial-027,CONSERVATIVE,0.99,0.99,target_left,target_center,"m25-wrong-context-v1 SHA256(session|trialId), offset 1 or 2 modulo 3",False,15,15,0,False,,False,,1.9,1.9,0,,,,,,,,,
TRIAL,B2,B2,m6_4-trial-027,CONSERVATIVE,1.0,1.00,target_left,target_center,"m25-wrong-context-v1 SHA256(session|trialId), offset 1 or 2 modulo 3",False,15,15,0,False,,False,,1.9,1.9,0,,,,,,,,,
TRIAL,B2,B2,m6_4-trial-028,CONSERVATIVE,0.7,0.70,target_center,target_left,"m25-wrong-context-v1 SHA256(session|trialId), offset 1 or 2 modulo 3",False,15,15,0,False,,False,,1.9,1.9,0,,,,,,,,,
TRIAL,B2,B2,m6_4-trial-028,CONSERVATIVE,0.8,0.80,target_center,target_left,"m25-wrong-context-v1 SHA256(session|trialId), offset 1 or 2 modulo 3",False,15,15,0,False,,False,,1.9,1.9,0,,,,,,,,,
TRIAL,B2,B2,m6_4-trial-028,CONSERVATIVE,0.9,0.90,target_center,target_left,"m25-wrong-context-v1 SHA256(session|trialId), offset 1 or 2 modulo 3",False,15,15,0,False,,False,,1.9,1.9,0,,,,,,,,,
TRIAL,B2,B2,m6_4-trial-028,CONSERVATIVE,0.95,0.95,target_center,target_left,"m25-wrong-context-v1 SHA256(session|trialId), offset 1 or 2 modulo 3",False,15,15,0,False,,False,,1.9,1.9,0,,,,,,,,,
TRIAL,B2,B2,m6_4-trial-028,CONSERVATIVE,0.99,0.99,target_center,target_left,"m25-wrong-context-v1 SHA256(session|trialId), offset 1 or 2 modulo 3",False,15,15,0,False,,False,,1.9,1.9,0,,,,,,,,,
TRIAL,B2,B2,m6_4-trial-028,CONSERVATIVE,1.0,1.00,target_center,target_left,"m25-wrong-context-v1 SHA256(session|trialId), offset 1 or 2 modulo 3",False,15,15,0,False,,False,,1.9,1.9,0,,,,,,,,,
TRIAL,B2,B2,m6_4-trial-029,CONSERVATIVE,0.7,0.70,target_left,target_center,"m25-wrong-context-v1 SHA256(session|trialId), offset 1 or 2 modulo 3",False,11,11,0,False,,False,,1.5,1.5,0,,,,,,,,,
TRIAL,B2,B2,m6_4-trial-029,CONSERVATIVE,0.8,0.80,target_left,target_center,"m25-wrong-context-v1 SHA256(session|trialId), offset 1 or 2 modulo 3",False,11,11,0,False,,False,,1.5,1.5,0,,,,,,,,,
TRIAL,B2,B2,m6_4-trial-029,CONSERVATIVE,0.9,0.90,target_left,target_center,"m25-wrong-context-v1 SHA256(session|trialId), offset 1 or 2 modulo 3",False,11,11,0,False,,False,,1.5,1.5,0,,,,,,,,,
TRIAL,B2,B2,m6_4-trial-029,CONSERVATIVE,0.95,0.95,target_left,target_center,"m25-wrong-context-v1 SHA256(session|trialId), offset 1 or 2 modulo 3",False,11,11,0,False,,False,,1.5,1.5,0,,,,,,,,,
TRIAL,B2,B2,m6_4-trial-029,CONSERVATIVE,0.99,0.99,target_left,target_center,"m25-wrong-context-v1 SHA256(session|trialId), offset 1 or 2 modulo 3",False,11,11,0,False,,False,,1.5,1.5,0,,,,,,,,,
TRIAL,B2,B2,m6_4-trial-029,CONSERVATIVE,1.0,1.00,target_left,target_center,"m25-wrong-context-v1 SHA256(session|trialId), offset 1 or 2 modulo 3",False,11,11,0,False,,False,,1.5,1.5,0,,,,,,,,,
TRIAL,B2,B2,m6_4-trial-030,CONSERVATIVE,0.7,0.70,target_right,target_left,"m25-wrong-context-v1 SHA256(session|trialId), offset 1 or 2 modulo 3",False,8,8,0,False,,False,,1.2,1.2,0,,,,,,,,,
TRIAL,B2,B2,m6_4-trial-030,CONSERVATIVE,0.8,0.80,target_right,target_left,"m25-wrong-context-v1 SHA256(session|trialId), offset 1 or 2 modulo 3",False,8,8,0,False,,False,,1.2,1.2,0,,,,,,,,,
TRIAL,B2,B2,m6_4-trial-030,CONSERVATIVE,0.9,0.90,target_right,target_left,"m25-wrong-context-v1 SHA256(session|trialId), offset 1 or 2 modulo 3",False,8,8,0,False,,False,,1.2,1.2,0,,,,,,,,,
TRIAL,B2,B2,m6_4-trial-030,CONSERVATIVE,0.95,0.95,target_right,target_left,"m25-wrong-context-v1 SHA256(session|trialId), offset 1 or 2 modulo 3",False,8,8,0,False,,False,,1.2,1.2,0,,,,,,,,,
TRIAL,B2,B2,m6_4-trial-030,CONSERVATIVE,0.99,0.99,target_right,target_left,"m25-wrong-context-v1 SHA256(session|trialId), offset 1 or 2 modulo 3",False,8,8,0,False,,False,,1.2,1.2,0,,,,,,,,,
TRIAL,B2,B2,m6_4-trial-030,CONSERVATIVE,1.0,1.00,target_right,target_left,"m25-wrong-context-v1 SHA256(session|trialId), offset 1 or 2 modulo 3",False,8,8,0,False,,False,,1.2,1.2,0,,,,,,,,,
SUMMARY,ALL,ALL,,FAST,0.7,0.70,,,,False,688,653,35,12,,1,1.4,,,,,,,,,-0.13101394402234404,0.30569920271880274,-0.17407765595569785,1.0
SUMMARY,ALL,ALL,,FAST,0.8,0.80,,,,False,688,653,35,12,,1,1.4,,,,,,,,,-0.13101394402234404,0.30569920271880274,-0.17407765595569785,1.0
SUMMARY,ALL,ALL,,FAST,0.9,0.90,,,,False,688,653,35,12,,1,1.4,,,,,,,,,-0.13101394402234404,0.30569920271880274,-0.17407765595569785,1.0
SUMMARY,ALL,ALL,,FAST,0.95,0.95,,,,False,688,653,35,12,,1,1.4,,,,,,,,,-0.13101394402234404,0.30569920271880274,-0.17407765595569785,1.0
SUMMARY,ALL,ALL,,FAST,0.99,0.99,,,,False,688,653,35,12,,1,1.4,,,,,,,,,-0.13101394402234404,0.30569920271880274,-0.17407765595569785,1.0
SUMMARY,ALL,ALL,,FAST,1.0,1.00,,,,False,688,653,35,12,,1,1.4,,,,,,,,,-0.13101394402234404,0.30569920271880274,-0.17407765595569785,1.0
SUMMARY,ALL,ALL,,MEDIUM,0.7,0.70,,,,False,787,752,35,12,,1,1.4,,,,,,,,,-0.13101394402234404,0.30569920271880274,-0.17407765595569785,1.0
SUMMARY,ALL,ALL,,MEDIUM,0.8,0.80,,,,False,787,752,35,12,,1,1.4,,,,,,,,,-0.13101394402234404,0.30569920271880274,-0.17407765595569785,1.0
SUMMARY,ALL,ALL,,MEDIUM,0.9,0.90,,,,False,787,752,35,12,,1,1.4,,,,,,,,,-0.13101394402234404,0.30569920271880274,-0.17407765595569785,1.0
SUMMARY,ALL,ALL,,MEDIUM,0.95,0.95,,,,False,787,752,35,12,,1,1.4,,,,,,,,,-0.13101394402234404,0.30569920271880274,-0.17407765595569785,1.0
SUMMARY,ALL,ALL,,MEDIUM,0.99,0.99,,,,False,787,752,35,12,,1,1.4,,,,,,,,,-0.13101394402234404,0.30569920271880274,-0.17407765595569785,1.0
SUMMARY,ALL,ALL,,MEDIUM,1.0,1.00,,,,False,787,752,35,12,,1,1.4,,,,,,,,,-0.13101394402234404,0.30569920271880274,-0.17407765595569785,1.0
SUMMARY,ALL,ALL,,CONSERVATIVE,0.7,0.70,,,,False,977,942,35,12,,1,1.4,,,,,,,,,-0.13101394402234404,0.30569920271880274,-0.17407765595569785,1.0
SUMMARY,ALL,ALL,,CONSERVATIVE,0.8,0.80,,,,False,977,942,35,12,,1,1.4,,,,,,,,,-0.13101394402234404,0.30569920271880274,-0.17407765595569785,1.0
SUMMARY,ALL,ALL,,CONSERVATIVE,0.9,0.90,,,,False,977,942,35,12,,1,1.4,,,,,,,,,-0.13101394402234404,0.30569920271880274,-0.17407765595569785,1.0
SUMMARY,ALL,ALL,,CONSERVATIVE,0.95,0.95,,,,False,977,942,35,12,,1,1.4,,,,,,,,,-0.13101394402234404,0.30569920271880274,-0.17407765595569785,1.0
SUMMARY,ALL,ALL,,CONSERVATIVE,0.99,0.99,,,,False,977,942,35,12,,1,1.4,,,,,,,,,-0.13101394402234404,0.30569920271880274,-0.17407765595569785,1.0
SUMMARY,ALL,ALL,,CONSERVATIVE,1.0,1.00,,,,False,977,942,35,12,,1,1.4,,,,,,,,,-0.13101394402234404,0.30569920271880274,-0.17407765595569785,1.0
