evidence_type,precision_assumption,coverage_assumption,prior_top_mass,availability_seconds,operatingPoint,seed_count,mean_all_trial_gain_seconds,seed_interval_95_lower,seed_interval_95_upper,mean_accuracy_delta_vs_eeg_only,wrong_early_stop_count,context_caused_error_count,context_applied_rate,zero_wrong_no_accuracy_loss,supports_0.30s,supports_0.40s,supports_0.50s
synthetic_required_quality_frontier_not_engine_result,0.8,0.25,0.6,0.0,FAST,24,0.0,0.0,0.0,0.0,0,0,0.0,True,False,False,False
synthetic_required_quality_frontier_not_engine_result,0.8,0.25,0.6,0.0,MEDIUM,24,0.0,0.0,0.0,0.0,0,0,0.0,True,False,False,False
synthetic_required_quality_frontier_not_engine_result,0.8,0.25,0.6,0.0,CONSERVATIVE,24,0.0,0.0,0.0,0.0,0,0,0.0,True,False,False,False
synthetic_required_quality_frontier_not_engine_result,0.8,0.25,0.6,0.2,FAST,24,0.0,0.0,0.0,0.0,0,0,0.0,True,False,False,False
synthetic_required_quality_frontier_not_engine_result,0.8,0.25,0.6,0.2,MEDIUM,24,0.0,0.0,0.0,0.0,0,0,0.0,True,False,False,False
synthetic_required_quality_frontier_not_engine_result,0.8,0.25,0.6,0.2,CONSERVATIVE,24,0.0,0.0,0.0,0.0,0,0,0.0,True,False,False,False
synthetic_required_quality_frontier_not_engine_result,0.8,0.25,0.6,0.4,FAST,24,0.0,0.0,0.0,0.0,0,0,0.0,True,False,False,False
synthetic_required_quality_frontier_not_engine_result,0.8,0.25,0.6,0.4,MEDIUM,24,0.0,0.0,0.0,0.0,0,0,0.0,True,False,False,False
synthetic_required_quality_frontier_not_engine_result,0.8,0.25,0.6,0.4,CONSERVATIVE,24,0.0,0.0,0.0,0.0,0,0,0.0,True,False,False,False
synthetic_required_quality_frontier_not_engine_result,0.8,0.25,0.6,0.6,FAST,24,0.0,0.0,0.0,0.0,0,0,0.0,True,False,False,False
synthetic_required_quality_frontier_not_engine_result,0.8,0.25,0.6,0.6,MEDIUM,24,0.0,0.0,0.0,0.0,0,0,0.0,True,False,False,False
synthetic_required_quality_frontier_not_engine_result,0.8,0.25,0.6,0.6,CONSERVATIVE,24,0.0,0.0,0.0,0.0,0,0,0.0,True,False,False,False
synthetic_required_quality_frontier_not_engine_result,0.8,0.25,0.6,0.8,FAST,24,0.0,0.0,0.0,0.0,0,0,0.0,True,False,False,False
synthetic_required_quality_frontier_not_engine_result,0.8,0.25,0.6,0.8,MEDIUM,24,0.0,0.0,0.0,0.0,0,0,0.0,True,False,False,False
synthetic_required_quality_frontier_not_engine_result,0.8,0.25,0.6,0.8,CONSERVATIVE,24,0.0,0.0,0.0,0.0,0,0,0.0,True,False,False,False
synthetic_required_quality_frontier_not_engine_result,0.8,0.25,0.7,0.0,FAST,24,0.044554924242424236,0.02727272727272727,0.06636363636363636,-0.00047348484848484806,1,1,0.11221590909090909,False,False,False,False
synthetic_required_quality_frontier_not_engine_result,0.8,0.25,0.7,0.0,MEDIUM,24,0.06505681818181817,0.03232954545454545,0.09366477272727272,-0.00047348484848484806,1,1,0.14583333333333334,False,False,False,False
synthetic_required_quality_frontier_not_engine_result,0.8,0.25,0.7,0.0,CONSERVATIVE,24,0.1024621212121212,0.058124999999999996,0.13551136363636362,0.0,0,0,0.17992424242424243,True,False,False,False
synthetic_required_quality_frontier_not_engine_result,0.8,0.25,0.7,0.2,FAST,24,0.047253787878787874,0.01477272727272727,0.08147727272727272,-0.00047348484848484806,1,1,0.12357954545454546,False,False,False,False
synthetic_required_quality_frontier_not_engine_result,0.8,0.25,0.7,0.2,MEDIUM,24,0.07410037878787878,0.038323863636363635,0.12201704545454546,-0.00047348484848484806,1,1,0.16003787878787878,False,False,False,False
synthetic_required_quality_frontier_not_engine_result,0.8,0.25,0.7,0.2,CONSERVATIVE,24,0.10421401515151514,0.056335227272727266,0.1532102272727273,-0.0014204545454545442,3,3,0.17897727272727273,False,False,False,False
synthetic_required_quality_frontier_not_engine_result,0.8,0.25,0.7,0.4,FAST,24,0.03839962121212121,0.019488636363636364,0.06355113636363638,0.0,0,0,0.10369318181818182,True,False,False,False
synthetic_required_quality_frontier_not_engine_result,0.8,0.25,0.7,0.4,MEDIUM,24,0.06581439393939394,0.024375,0.08875000000000001,-0.00047348484848484806,1,1,0.15246212121212122,False,False,False,False
synthetic_required_quality_frontier_not_engine_result,0.8,0.25,0.7,0.4,CONSERVATIVE,24,0.10336174242424241,0.06400568181818181,0.1484375,-0.00047348484848484806,1,1,0.17613636363636365,False,False,False,False
synthetic_required_quality_frontier_not_engine_result,0.8,0.25,0.7,0.6,FAST,24,0.036268939393939395,0.01542613636363636,0.05892045454545454,0.0,0,0,0.10085227272727272,True,False,False,False
synthetic_required_quality_frontier_not_engine_result,0.8,0.25,0.7,0.6,MEDIUM,24,0.06017992424242424,0.02809659090909091,0.08099431818181818,0.0,0,0,0.14725378787878787,True,False,False,False
synthetic_required_quality_frontier_not_engine_result,0.8,0.25,0.7,0.6,CONSERVATIVE,24,0.09237689393939394,0.047755681818181815,0.17178977272727275,-0.00047348484848484806,1,1,0.16477272727272727,False,False,False,False
synthetic_required_quality_frontier_not_engine_result,0.8,0.25,0.7,0.8,FAST,24,0.024147727272727272,0.006363636363636363,0.042045454545454546,-0.00047348484848484806,1,1,0.0625,False,False,False,False
synthetic_required_quality_frontier_not_engine_result,0.8,0.25,0.7,0.8,MEDIUM,24,0.03276515151515152,0.013011363636363637,0.05988636363636364,0.0,0,0,0.07954545454545454,True,False,False,False
synthetic_required_quality_frontier_not_engine_result,0.8,0.25,0.7,0.8,CONSERVATIVE,24,0.07215909090909091,0.03832386363636364,0.11017045454545456,0.0,0,0,0.14393939393939395,True,False,False,False
synthetic_required_quality_frontier_not_engine_result,0.8,0.25,0.8,0.0,FAST,24,0.041477272727272724,0.019318181818181818,0.0722159090909091,-0.0009469696969696961,2,2,0.109375,False,False,False,False
synthetic_required_quality_frontier_not_engine_result,0.8,0.25,0.8,0.0,MEDIUM,24,0.06302083333333333,0.033607954545454545,0.09536931818181821,-0.00047348484848484806,1,1,0.13825757575757575,False,False,False,False
synthetic_required_quality_frontier_not_engine_result,0.8,0.25,0.8,0.0,CONSERVATIVE,24,0.10795454545454544,0.05397727272727272,0.16082386363636364,-0.00047348484848484806,1,1,0.18276515151515152,False,False,False,False
synthetic_required_quality_frontier_not_engine_result,0.8,0.25,0.8,0.2,FAST,24,0.04270833333333333,0.021448863636363637,0.07267045454545455,0.0,0,0,0.11174242424242424,True,False,False,False
synthetic_required_quality_frontier_not_engine_result,0.8,0.25,0.8,0.2,MEDIUM,24,0.06448863636363636,0.043522727272727275,0.0868465909090909,0.0,0,0,0.14535984848484848,True,False,False,False
synthetic_required_quality_frontier_not_engine_result,0.8,0.25,0.8,0.2,CONSERVATIVE,24,0.10269886363636363,0.055738636363636365,0.13744318181818183,-0.0014204545454545442,3,3,0.18418560606060605,False,False,False,False
synthetic_required_quality_frontier_not_engine_result,0.8,0.25,0.8,0.4,FAST,24,0.04157196969696969,0.011704545454545454,0.06346590909090909,-0.00047348484848484806,1,1,0.11126893939393939,False,False,False,False
synthetic_required_quality_frontier_not_engine_result,0.8,0.25,0.8,0.4,MEDIUM,24,0.07414772727272727,0.030738636363636364,0.11636363636363636,-0.0018939393939393923,4,4,0.16145833333333334,False,False,False,False
synthetic_required_quality_frontier_not_engine_result,0.8,0.25,0.8,0.4,CONSERVATIVE,24,0.1127840909090909,0.07193181818181817,0.17230113636363636,0.0,0,0,0.19886363636363635,True,False,False,False
synthetic_required_quality_frontier_not_engine_result,0.8,0.25,0.8,0.6,FAST,24,0.0390625,0.016761363636363637,0.06866477272727273,-0.00047348484848484806,1,1,0.09801136363636363,False,False,False,False
synthetic_required_quality_frontier_not_engine_result,0.8,0.25,0.8,0.6,MEDIUM,24,0.056960227272727273,0.02306818181818182,0.08795454545454547,0.0,0,0,0.13920454545454544,True,False,False,False
synthetic_required_quality_frontier_not_engine_result,0.8,0.25,0.8,0.6,CONSERVATIVE,24,0.09644886363636362,0.05670454545454545,0.1434659090909091,0.0,0,0,0.1747159090909091,True,False,False,False
synthetic_required_quality_frontier_not_engine_result,0.8,0.25,0.8,0.8,FAST,24,0.02400568181818182,0.008125000000000002,0.037329545454545456,-0.0009469696969696961,2,2,0.054450757575757576,False,False,False,False
synthetic_required_quality_frontier_not_engine_result,0.8,0.25,0.8,0.8,MEDIUM,24,0.033522727272727273,0.011534090909090909,0.049318181818181824,-0.00047348484848484806,1,1,0.08001893939393939,False,False,False,False
synthetic_required_quality_frontier_not_engine_result,0.8,0.25,0.8,0.8,CONSERVATIVE,24,0.06401515151515151,0.04059659090909091,0.0878125,-0.00047348484848484806,1,1,0.13636363636363635,False,False,False,False
synthetic_required_quality_frontier_not_engine_result,0.8,0.25,0.9,0.0,FAST,24,0.049289772727272724,0.027443181818181818,0.08321022727272728,0.0,0,0,0.12026515151515152,True,False,False,False
synthetic_required_quality_frontier_not_engine_result,0.8,0.25,0.9,0.0,MEDIUM,24,0.07258522727272727,0.039630681818181815,0.09738636363636363,-0.0009469696969696961,2,2,0.15388257575757575,False,False,False,False
synthetic_required_quality_frontier_not_engine_result,0.8,0.25,0.9,0.0,CONSERVATIVE,24,0.10814393939393939,0.06545454545454545,0.15454545454545454,-0.00047348484848484806,1,1,0.19176136363636365,False,False,False,False
synthetic_required_quality_frontier_not_engine_result,0.8,0.25,0.9,0.2,FAST,24,0.046590909090909086,0.022613636363636364,0.07872159090909091,-0.00047348484848484806,1,1,0.12073863636363637,False,False,False,False
synthetic_required_quality_frontier_not_engine_result,0.8,0.25,0.9,0.2,MEDIUM,24,0.07391098484848484,0.041249999999999995,0.09738636363636363,-0.00047348484848484806,1,1,0.1543560606060606,False,False,False,False
synthetic_required_quality_frontier_not_engine_result,0.8,0.25,0.9,0.2,CONSERVATIVE,24,0.1102746212121212,0.06258522727272728,0.15874999999999997,-0.0014204545454545442,3,3,0.19554924242424243,False,False,False,False
synthetic_required_quality_frontier_not_engine_result,0.8,0.25,0.9,0.4,FAST,24,0.04228219696969697,0.02647727272727272,0.06946022727272727,-0.00047348484848484806,1,1,0.11316287878787878,False,False,False,False
synthetic_required_quality_frontier_not_engine_result,0.8,0.25,0.9,0.4,MEDIUM,24,0.06254734848484848,0.026477272727272728,0.10096590909090908,-0.00047348484848484806,1,1,0.13825757575757575,False,False,False,False
synthetic_required_quality_frontier_not_engine_result,0.8,0.25,0.9,0.4,CONSERVATIVE,24,0.09805871212121212,0.06039772727272727,0.1553125,-0.00047348484848484806,1,1,0.17518939393939395,False,False,False,False
synthetic_required_quality_frontier_not_engine_result,0.8,0.25,0.9,0.6,FAST,24,0.033191287878787876,0.01690340909090909,0.058380681818181825,-0.00047348484848484806,1,1,0.10511363636363637,False,False,False,False
synthetic_required_quality_frontier_not_engine_result,0.8,0.25,0.9,0.6,MEDIUM,24,0.056297348484848485,0.018721590909090913,0.08667613636363636,0.0,0,0,0.12878787878787878,True,False,False,False
synthetic_required_quality_frontier_not_engine_result,0.8,0.25,0.9,0.6,CONSERVATIVE,24,0.09535984848484848,0.04951704545454545,0.15963068181818182,-0.0009469696969696961,2,2,0.17140151515151514,False,False,False,False
synthetic_required_quality_frontier_not_engine_result,0.8,0.25,0.9,0.8,FAST,24,0.017708333333333333,0.005198863636363636,0.03505681818181818,-0.00047348484848484806,1,1,0.045454545454545456,False,False,False,False
synthetic_required_quality_frontier_not_engine_result,0.8,0.25,0.9,0.8,MEDIUM,24,0.034043560606060605,0.018522727272727274,0.057556818181818195,-0.00047348484848484806,1,1,0.07765151515151515,False,False,False,False
synthetic_required_quality_frontier_not_engine_result,0.8,0.25,0.9,0.8,CONSERVATIVE,24,0.06832386363636364,0.04269886363636364,0.09252840909090909,-0.00047348484848484806,1,1,0.14299242424242425,False,False,False,False
synthetic_required_quality_frontier_not_engine_result,0.8,0.475,0.6,0.0,FAST,24,0.0,0.0,0.0,0.0,0,0,0.0,True,False,False,False
synthetic_required_quality_frontier_not_engine_result,0.8,0.475,0.6,0.0,MEDIUM,24,0.0,0.0,0.0,0.0,0,0,0.0,True,False,False,False
synthetic_required_quality_frontier_not_engine_result,0.8,0.475,0.6,0.0,CONSERVATIVE,24,0.0,0.0,0.0,0.0,0,0,0.0,True,False,False,False
synthetic_required_quality_frontier_not_engine_result,0.8,0.475,0.6,0.2,FAST,24,0.0,0.0,0.0,0.0,0,0,0.0,True,False,False,False
synthetic_required_quality_frontier_not_engine_result,0.8,0.475,0.6,0.2,MEDIUM,24,0.0,0.0,0.0,0.0,0,0,0.0,True,False,False,False
synthetic_required_quality_frontier_not_engine_result,0.8,0.475,0.6,0.2,CONSERVATIVE,24,0.0,0.0,0.0,0.0,0,0,0.0,True,False,False,False
synthetic_required_quality_frontier_not_engine_result,0.8,0.475,0.6,0.4,FAST,24,0.0,0.0,0.0,0.0,0,0,0.0,True,False,False,False
synthetic_required_quality_frontier_not_engine_result,0.8,0.475,0.6,0.4,MEDIUM,24,0.0,0.0,0.0,0.0,0,0,0.0,True,False,False,False
synthetic_required_quality_frontier_not_engine_result,0.8,0.475,0.6,0.4,CONSERVATIVE,24,0.0,0.0,0.0,0.0,0,0,0.0,True,False,False,False
synthetic_required_quality_frontier_not_engine_result,0.8,0.475,0.6,0.6,FAST,24,0.0,0.0,0.0,0.0,0,0,0.0,True,False,False,False
synthetic_required_quality_frontier_not_engine_result,0.8,0.475,0.6,0.6,MEDIUM,24,0.0,0.0,0.0,0.0,0,0,0.0,True,False,False,False
synthetic_required_quality_frontier_not_engine_result,0.8,0.475,0.6,0.6,CONSERVATIVE,24,0.0,0.0,0.0,0.0,0,0,0.0,True,False,False,False
synthetic_required_quality_frontier_not_engine_result,0.8,0.475,0.6,0.8,FAST,24,0.0,0.0,0.0,0.0,0,0,0.0,True,False,False,False
synthetic_required_quality_frontier_not_engine_result,0.8,0.475,0.6,0.8,MEDIUM,24,0.0,0.0,0.0,0.0,0,0,0.0,True,False,False,False
synthetic_required_quality_frontier_not_engine_result,0.8,0.475,0.6,0.8,CONSERVATIVE,24,0.0,0.0,0.0,0.0,0,0,0.0,True,False,False,False
synthetic_required_quality_frontier_not_engine_result,0.8,0.475,0.7,0.0,FAST,24,0.08712121212121211,0.05360795454545454,0.11232954545454545,0.0,0,0,0.22395833333333334,True,False,False,False
synthetic_required_quality_frontier_not_engine_result,0.8,0.475,0.7,0.0,MEDIUM,24,0.12381628787878787,0.08588068181818181,0.17107954545454546,-0.0009469696969696961,2,2,0.2760416666666667,False,False,False,False
synthetic_required_quality_frontier_not_engine_result,0.8,0.475,0.7,0.0,CONSERVATIVE,24,0.20601325757575756,0.14514204545454543,0.26781249999999995,-0.0014204545454545442,3,3,0.359375,False,False,False,False
synthetic_required_quality_frontier_not_engine_result,0.8,0.475,0.7,0.2,FAST,24,0.08162878787878787,0.05619318181818181,0.11005681818181817,-0.0018939393939393923,4,4,0.20359848484848486,False,False,False,False
synthetic_required_quality_frontier_not_engine_result,0.8,0.475,0.7,0.2,MEDIUM,24,0.12045454545454545,0.09142045454545454,0.1572443181818182,-0.0009469696969696961,2,2,0.27509469696969696,False,False,False,False
synthetic_required_quality_frontier_not_engine_result,0.8,0.475,0.7,0.2,CONSERVATIVE,24,0.2242897727272727,0.15605113636363635,0.30210227272727275,-0.0009469696969696961,2,2,0.38446969696969696,False,False,False,False
synthetic_required_quality_frontier_not_engine_result,0.8,0.475,0.7,0.4,FAST,24,0.0828125,0.04886363636363636,0.11394886363636363,0.0,0,0,0.2215909090909091,True,False,False,False
synthetic_required_quality_frontier_not_engine_result,0.8,0.475,0.7,0.4,MEDIUM,24,0.1340435606060606,0.10340909090909091,0.175625,-0.00047348484848484806,1,1,0.296875,False,False,False,False
synthetic_required_quality_frontier_not_engine_result,0.8,0.475,0.7,0.4,CONSERVATIVE,24,0.19753787878787876,0.14758522727272727,0.2646590909090909,-0.00047348484848484806,1,1,0.3399621212121212,False,False,False,False
synthetic_required_quality_frontier_not_engine_result,0.8,0.475,0.7,0.6,FAST,24,0.07026515151515152,0.042045454545454546,0.09948863636363636,-0.00047348484848484806,1,1,0.19365530303030304,False,False,False,False
synthetic_required_quality_frontier_not_engine_result,0.8,0.475,0.7,0.6,MEDIUM,24,0.1008996212121212,0.04497159090909091,0.13667613636363637,-0.00047348484848484806,1,1,0.24479166666666666,False,False,False,False
synthetic_required_quality_frontier_not_engine_result,0.8,0.475,0.7,0.6,CONSERVATIVE,24,0.18887310606060606,0.1268181818181818,0.23633522727272727,0.0,0,0,0.34327651515151514,True,False,False,False
synthetic_required_quality_frontier_not_engine_result,0.8,0.475,0.7,0.8,FAST,24,0.03612689393939394,0.019971590909090908,0.056448863636363644,-0.00047348484848484806,1,1,0.09659090909090909,False,False,False,False
synthetic_required_quality_frontier_not_engine_result,0.8,0.475,0.7,0.8,MEDIUM,24,0.07026515151515152,0.03590909090909092,0.10545454545454547,-0.00047348484848484806,1,1,0.16429924242424243,False,False,False,False
synthetic_required_quality_frontier_not_engine_result,0.8,0.475,0.7,0.8,CONSERVATIVE,24,0.1256155303030303,0.09107954545454545,0.16732954545454545,-0.0009469696969696961,2,2,0.2585227272727273,False,False,False,False
synthetic_required_quality_frontier_not_engine_result,0.8,0.475,0.8,0.0,FAST,24,0.0777935606060606,0.04289772727272727,0.12181818181818183,-0.0014204545454545442,3,3,0.2178030303030303,False,False,False,False
synthetic_required_quality_frontier_not_engine_result,0.8,0.475,0.8,0.0,MEDIUM,24,0.11898674242424243,0.0815340909090909,0.16204545454545455,-0.0018939393939393923,4,4,0.2784090909090909,False,False,False,False
synthetic_required_quality_frontier_not_engine_result,0.8,0.475,0.8,0.0,CONSERVATIVE,24,0.20700757575757575,0.15147727272727274,0.2665340909090909,-0.00047348484848484806,1,1,0.35700757575757575,False,False,False,False
synthetic_required_quality_frontier_not_engine_result,0.8,0.475,0.8,0.2,FAST,24,0.07973484848484848,0.04727272727272727,0.10551136363636363,-0.0014204545454545442,3,3,0.21354166666666666,False,False,False,False
synthetic_required_quality_frontier_not_engine_result,0.8,0.475,0.8,0.2,MEDIUM,24,0.1327651515151515,0.10556818181818181,0.16443181818181815,-0.0014204545454545442,3,3,0.28929924242424243,False,False,False,False
synthetic_required_quality_frontier_not_engine_result,0.8,0.475,0.8,0.2,CONSERVATIVE,24,0.1955965909090909,0.1525,0.2557670454545455,-0.00047348484848484806,1,1,0.3494318181818182,False,False,False,False
synthetic_required_quality_frontier_not_engine_result,0.8,0.475,0.8,0.4,FAST,24,0.0865530303030303,0.05553977272727272,0.11471590909090909,-0.0018939393939393923,4,4,0.22537878787878787,False,False,False,False
synthetic_required_quality_frontier_not_engine_result,0.8,0.475,0.8,0.4,MEDIUM,24,0.1268465909090909,0.0905965909090909,0.1702840909090909,0.0,0,0,0.2831439393939394,True,False,False,False
synthetic_required_quality_frontier_not_engine_result,0.8,0.475,0.8,0.4,CONSERVATIVE,24,0.22102272727272726,0.1624715909090909,0.2858522727272727,-0.0009469696969696961,2,2,0.3802083333333333,False,False,False,False
synthetic_required_quality_frontier_not_engine_result,0.8,0.475,0.8,0.6,FAST,24,0.06013257575757576,0.040795454545454544,0.08846590909090908,-0.00047348484848484806,1,1,0.17945075757575757,False,False,False,False
synthetic_required_quality_frontier_not_engine_result,0.8,0.475,0.8,0.6,MEDIUM,24,0.09848484848484848,0.06156250000000001,0.1334375,-0.00047348484848484806,1,1,0.24242424242424243,False,False,False,False
synthetic_required_quality_frontier_not_engine_result,0.8,0.475,0.8,0.6,CONSERVATIVE,24,0.17850378787878787,0.1366193181818182,0.22295454545454546,-0.00047348484848484806,1,1,0.32575757575757575,False,False,False,False
synthetic_required_quality_frontier_not_engine_result,0.8,0.475,0.8,0.8,FAST,24,0.04057765151515152,0.0196875,0.06136363636363636,-0.00047348484848484806,1,1,0.10748106060606061,False,False,False,False
synthetic_required_quality_frontier_not_engine_result,0.8,0.475,0.8,0.8,MEDIUM,24,0.06401515151515151,0.036704545454545455,0.08730113636363637,-0.0009469696969696961,2,2,0.15151515151515152,False,False,False,False
synthetic_required_quality_frontier_not_engine_result,0.8,0.475,0.8,0.8,CONSERVATIVE,24,0.12258522727272728,0.10017045454545455,0.15687500000000001,0.0,0,0,0.2694128787878788,True,False,False,False
synthetic_required_quality_frontier_not_engine_result,0.8,0.475,0.9,0.0,FAST,24,0.07542613636363636,0.032357954545454544,0.11880681818181818,-0.0018939393939393923,4,4,0.19649621212121213,False,False,False,False
synthetic_required_quality_frontier_not_engine_result,0.8,0.475,0.9,0.0,MEDIUM,24,0.12343749999999999,0.08701704545454546,0.15551136363636364,-0.0014204545454545442,3,3,0.2831439393939394,False,False,False,False
synthetic_required_quality_frontier_not_engine_result,0.8,0.475,0.9,0.0,CONSERVATIVE,24,0.20814393939393938,0.15164772727272727,0.2591477272727273,-0.00047348484848484806,1,1,0.3560606060606061,False,False,False,False
synthetic_required_quality_frontier_not_engine_result,0.8,0.475,0.9,0.2,FAST,24,0.08229166666666667,0.054573863636363636,0.109375,0.0,0,0,0.21070075757575757,True,False,False,False
synthetic_required_quality_frontier_not_engine_result,0.8,0.475,0.9,0.2,MEDIUM,24,0.12940340909090908,0.08980113636363636,0.16914772727272728,-0.0014204545454545442,3,3,0.2921401515151515,False,False,False,False
synthetic_required_quality_frontier_not_engine_result,0.8,0.475,0.9,0.2,CONSERVATIVE,24,0.20549242424242423,0.15732954545454544,0.25823863636363636,-0.0018939393939393923,4,4,0.359375,False,False,False,False
synthetic_required_quality_frontier_not_engine_result,0.8,0.475,0.9,0.4,FAST,24,0.0759469696969697,0.03852272727272727,0.10806818181818183,-0.00047348484848484806,1,1,0.19839015151515152,False,False,False,False
synthetic_required_quality_frontier_not_engine_result,0.8,0.475,0.9,0.4,MEDIUM,24,0.1240056818181818,0.08264204545454545,0.19644886363636366,-0.0018939393939393923,4,4,0.27888257575757575,False,False,False,False
synthetic_required_quality_frontier_not_engine_result,0.8,0.475,0.9,0.4,CONSERVATIVE,24,0.2184185606060606,0.17079545454545453,0.275,-0.0014204545454545442,3,3,0.3740530303030303,False,False,False,False
synthetic_required_quality_frontier_not_engine_result,0.8,0.475,0.9,0.6,FAST,24,0.06321022727272727,0.036875,0.08974431818181819,0.0,0,0,0.17045454545454544,True,False,False,False
synthetic_required_quality_frontier_not_engine_result,0.8,0.475,0.9,0.6,MEDIUM,24,0.10625,0.07261363636363637,0.13678977272727275,-0.00047348484848484806,1,1,0.2547348484848485,False,False,False,False
synthetic_required_quality_frontier_not_engine_result,0.8,0.475,0.9,0.6,CONSERVATIVE,24,0.18593749999999998,0.12923295454545453,0.2424715909090909,-0.00047348484848484806,1,1,0.33049242424242425,False,False,False,False
synthetic_required_quality_frontier_not_engine_result,0.8,0.475,0.9,0.8,FAST,24,0.03759469696969697,0.01590909090909091,0.062301136363636364,0.0,0,0,0.10511363636363637,True,False,False,False
synthetic_required_quality_frontier_not_engine_result,0.8,0.475,0.9,0.8,MEDIUM,24,0.06837121212121212,0.04255681818181818,0.09650568181818184,-0.00047348484848484806,1,1,0.16003787878787878,False,False,False,False
synthetic_required_quality_frontier_not_engine_result,0.8,0.475,0.9,0.8,CONSERVATIVE,24,0.1263257575757576,0.07926136363636364,0.1609659090909091,-0.0009469696969696961,2,2,0.2755681818181818,False,False,False,False
synthetic_required_quality_frontier_not_engine_result,0.8,0.75,0.6,0.0,FAST,24,0.0,0.0,0.0,0.0,0,0,0.0,True,False,False,False
synthetic_required_quality_frontier_not_engine_result,0.8,0.75,0.6,0.0,MEDIUM,24,0.0,0.0,0.0,0.0,0,0,0.0,True,False,False,False
synthetic_required_quality_frontier_not_engine_result,0.8,0.75,0.6,0.0,CONSERVATIVE,24,0.0,0.0,0.0,0.0,0,0,0.0,True,False,False,False
synthetic_required_quality_frontier_not_engine_result,0.8,0.75,0.6,0.2,FAST,24,0.0,0.0,0.0,0.0,0,0,0.0,True,False,False,False
synthetic_required_quality_frontier_not_engine_result,0.8,0.75,0.6,0.2,MEDIUM,24,0.0,0.0,0.0,0.0,0,0,0.0,True,False,False,False
synthetic_required_quality_frontier_not_engine_result,0.8,0.75,0.6,0.2,CONSERVATIVE,24,0.0,0.0,0.0,0.0,0,0,0.0,True,False,False,False
synthetic_required_quality_frontier_not_engine_result,0.8,0.75,0.6,0.4,FAST,24,0.0,0.0,0.0,0.0,0,0,0.0,True,False,False,False
synthetic_required_quality_frontier_not_engine_result,0.8,0.75,0.6,0.4,MEDIUM,24,0.0,0.0,0.0,0.0,0,0,0.0,True,False,False,False
synthetic_required_quality_frontier_not_engine_result,0.8,0.75,0.6,0.4,CONSERVATIVE,24,0.0,0.0,0.0,0.0,0,0,0.0,True,False,False,False
synthetic_required_quality_frontier_not_engine_result,0.8,0.75,0.6,0.6,FAST,24,0.0,0.0,0.0,0.0,0,0,0.0,True,False,False,False
synthetic_required_quality_frontier_not_engine_result,0.8,0.75,0.6,0.6,MEDIUM,24,0.0,0.0,0.0,0.0,0,0,0.0,True,False,False,False
synthetic_required_quality_frontier_not_engine_result,0.8,0.75,0.6,0.6,CONSERVATIVE,24,0.0,0.0,0.0,0.0,0,0,0.0,True,False,False,False
synthetic_required_quality_frontier_not_engine_result,0.8,0.75,0.6,0.8,FAST,24,0.0,0.0,0.0,0.0,0,0,0.0,True,False,False,False
synthetic_required_quality_frontier_not_engine_result,0.8,0.75,0.6,0.8,MEDIUM,24,0.0,0.0,0.0,0.0,0,0,0.0,True,False,False,False
synthetic_required_quality_frontier_not_engine_result,0.8,0.75,0.6,0.8,CONSERVATIVE,24,0.0,0.0,0.0,0.0,0,0,0.0,True,False,False,False
synthetic_required_quality_frontier_not_engine_result,0.8,0.75,0.7,0.0,FAST,24,0.13072916666666665,0.1065056818181818,0.16136363636363635,-0.0014204545454545442,3,3,0.34138257575757575,False,False,False,False
synthetic_required_quality_frontier_not_engine_result,0.8,0.75,0.7,0.0,MEDIUM,24,0.2008522727272727,0.16315340909090909,0.24284090909090908,-0.0037878787878787845,8,8,0.45454545454545453,False,False,False,False
synthetic_required_quality_frontier_not_engine_result,0.8,0.75,0.7,0.0,CONSERVATIVE,24,0.32353219696969693,0.2774431818181818,0.3707670454545454,-0.0018939393939393923,4,4,0.556344696969697,False,False,False,False
synthetic_required_quality_frontier_not_engine_result,0.8,0.75,0.7,0.2,FAST,24,0.13096590909090908,0.09920454545454545,0.16392045454545454,-0.0018939393939393923,4,4,0.34327651515151514,False,False,False,False
synthetic_required_quality_frontier_not_engine_result,0.8,0.75,0.7,0.2,MEDIUM,24,0.19734848484848483,0.15488636363636363,0.23326704545454546,-0.0014204545454545442,3,3,0.4540719696969697,False,False,False,False
synthetic_required_quality_frontier_not_engine_result,0.8,0.75,0.7,0.2,CONSERVATIVE,24,0.32571022727272725,0.2690340909090909,0.38923295454545453,-0.0014204545454545442,3,3,0.5591856060606061,False,False,False,False
synthetic_required_quality_frontier_not_engine_result,0.8,0.75,0.7,0.4,FAST,24,0.1340435606060606,0.09784090909090909,0.17482954545454546,-0.0009469696969696961,2,2,0.34990530303030304,False,False,False,False
synthetic_required_quality_frontier_not_engine_result,0.8,0.75,0.7,0.4,MEDIUM,24,0.19734848484848483,0.1588068181818182,0.23977272727272725,-0.0009469696969696961,2,2,0.4502840909090909,False,False,False,False
synthetic_required_quality_frontier_not_engine_result,0.8,0.75,0.7,0.4,CONSERVATIVE,24,0.3209753787878788,0.2808522727272727,0.3790340909090909,-0.0009469696969696961,2,2,0.5582386363636364,False,False,False,False
synthetic_required_quality_frontier_not_engine_result,0.8,0.75,0.7,0.6,FAST,24,0.10378787878787879,0.07289772727272728,0.13667613636363637,-0.0009469696969696961,2,2,0.29450757575757575,False,False,False,False
synthetic_required_quality_frontier_not_engine_result,0.8,0.75,0.7,0.6,MEDIUM,24,0.1666193181818182,0.140625,0.196875,-0.0009469696969696961,2,2,0.3963068181818182,False,False,False,False
synthetic_required_quality_frontier_not_engine_result,0.8,0.75,0.7,0.6,CONSERVATIVE,24,0.2881628787878788,0.23363636363636361,0.3413636363636363,-0.0023674242424242403,5,5,0.521780303030303,False,False,False,False
synthetic_required_quality_frontier_not_engine_result,0.8,0.75,0.7,0.8,FAST,24,0.061553030303030304,0.03636363636363637,0.08602272727272728,-0.0009469696969696961,2,2,0.16240530303030304,False,False,False,False
synthetic_required_quality_frontier_not_engine_result,0.8,0.75,0.7,0.8,MEDIUM,24,0.10179924242424243,0.07130681818181818,0.1231818181818182,-0.0018939393939393923,4,4,0.24005681818181818,False,False,False,False
synthetic_required_quality_frontier_not_engine_result,0.8,0.75,0.7,0.8,CONSERVATIVE,24,0.2028409090909091,0.1685227272727273,0.23176136363636365,-0.0009469696969696961,2,2,0.4285037878787879,False,False,False,False
synthetic_required_quality_frontier_not_engine_result,0.8,0.75,0.8,0.0,FAST,24,0.13162878787878787,0.08224431818181818,0.16602272727272727,0.0,0,0,0.34375,True,False,False,False
synthetic_required_quality_frontier_not_engine_result,0.8,0.75,0.8,0.0,MEDIUM,24,0.19289772727272725,0.1383806818181818,0.24647727272727274,-0.0018939393939393923,4,4,0.4346590909090909,False,False,False,False
synthetic_required_quality_frontier_not_engine_result,0.8,0.75,0.8,0.0,CONSERVATIVE,24,0.32121212121212117,0.24389204545454543,0.376875,-0.0009469696969696961,2,2,0.5549242424242424,False,False,False,False
synthetic_required_quality_frontier_not_engine_result,0.8,0.75,0.8,0.2,FAST,24,0.12826704545454545,0.09789772727272726,0.1640909090909091,-0.0014204545454545442,3,3,0.33948863636363635,False,False,False,False
synthetic_required_quality_frontier_not_engine_result,0.8,0.75,0.8,0.2,MEDIUM,24,0.20894886363636364,0.17551136363636363,0.25869318181818185,-0.0023674242424242403,5,5,0.4654356060606061,False,False,False,False
synthetic_required_quality_frontier_not_engine_result,0.8,0.75,0.8,0.2,CONSERVATIVE,24,0.33721590909090904,0.28639204545454544,0.3746590909090909,-0.0014204545454545442,3,3,0.5776515151515151,False,False,False,False
synthetic_required_quality_frontier_not_engine_result,0.8,0.75,0.8,0.4,FAST,24,0.13555871212121212,0.10017045454545453,0.16522727272727272,-0.0014204545454545442,3,3,0.35132575757575757,False,False,False,False
synthetic_required_quality_frontier_not_engine_result,0.8,0.75,0.8,0.4,MEDIUM,24,0.20033143939393938,0.16349431818181817,0.23602272727272725,-0.0037878787878787845,8,8,0.44554924242424243,False,False,False,False
synthetic_required_quality_frontier_not_engine_result,0.8,0.75,0.8,0.4,CONSERVATIVE,24,0.33551136363636364,0.2786647727272727,0.388125,-0.0028409090909090884,6,6,0.5776515151515151,False,False,False,False
synthetic_required_quality_frontier_not_engine_result,0.8,0.75,0.8,0.6,FAST,24,0.09895833333333333,0.0797159090909091,0.1277556818181818,-0.0009469696969696961,2,2,0.2722537878787879,False,False,False,False
synthetic_required_quality_frontier_not_engine_result,0.8,0.75,0.8,0.6,MEDIUM,24,0.1647253787878788,0.11448863636363636,0.20806818181818182,-0.00047348484848484806,1,1,0.3939393939393939,False,False,False,False
synthetic_required_quality_frontier_not_engine_result,0.8,0.75,0.8,0.6,CONSERVATIVE,24,0.28068181818181814,0.24809659090909092,0.32076704545454543,-0.0014204545454545442,3,3,0.5085227272727273,False,False,False,False
synthetic_required_quality_frontier_not_engine_result,0.8,0.75,0.8,0.8,FAST,24,0.05847537878787879,0.036875000000000005,0.08051136363636363,0.0,0,0,0.15388257575757575,True,False,False,False
synthetic_required_quality_frontier_not_engine_result,0.8,0.75,0.8,0.8,MEDIUM,24,0.10890151515151515,0.09514204545454547,0.13457386363636364,-0.0009469696969696961,2,2,0.25757575757575757,False,False,False,False
synthetic_required_quality_frontier_not_engine_result,0.8,0.75,0.8,0.8,CONSERVATIVE,24,0.1956439393939394,0.14857954545454546,0.2334375,0.0,0,0,0.4114583333333333,True,False,False,False
synthetic_required_quality_frontier_not_engine_result,0.8,0.75,0.9,0.0,FAST,24,0.1337594696969697,0.10522727272727272,0.15548295454545455,-0.0023674242424242403,5,5,0.35321969696969696,False,False,False,False
synthetic_required_quality_frontier_not_engine_result,0.8,0.75,0.9,0.0,MEDIUM,24,0.1983901515151515,0.1696590909090909,0.23423295454545454,-0.0009469696969696961,2,2,0.43986742424242425,False,False,False,False
synthetic_required_quality_frontier_not_engine_result,0.8,0.75,0.9,0.0,CONSERVATIVE,24,0.33016098484848483,0.26125,0.37431818181818177,-0.0009469696969696961,2,2,0.5705492424242424,False,False,False,False
synthetic_required_quality_frontier_not_engine_result,0.8,0.75,0.9,0.2,FAST,24,0.12869318181818182,0.09886363636363636,0.15923295454545452,-0.0023674242424242403,5,5,0.3446969696969697,False,False,False,False
synthetic_required_quality_frontier_not_engine_result,0.8,0.75,0.9,0.2,MEDIUM,24,0.2002840909090909,0.15357954545454544,0.25772727272727275,-0.00047348484848484806,1,1,0.4483901515151515,False,False,False,False
synthetic_required_quality_frontier_not_engine_result,0.8,0.75,0.9,0.2,CONSERVATIVE,24,0.3084280303030303,0.2396590909090909,0.37017045454545455,-0.0014204545454545442,3,3,0.5388257575757576,False,False,False,False
synthetic_required_quality_frontier_not_engine_result,0.8,0.75,0.9,0.4,FAST,24,0.13366477272727273,0.10781249999999999,0.1774147727272727,-0.0018939393939393923,4,4,0.34801136363636365,False,False,False,False
synthetic_required_quality_frontier_not_engine_result,0.8,0.75,0.9,0.4,MEDIUM,24,0.1984848484848485,0.16883522727272726,0.2405681818181818,0.0,0,0,0.45265151515151514,True,False,False,False
synthetic_required_quality_frontier_not_engine_result,0.8,0.75,0.9,0.4,CONSERVATIVE,24,0.32760416666666664,0.26352272727272724,0.3671875,-0.0033143939393939365,7,7,0.5696022727272727,False,False,False,False
synthetic_required_quality_frontier_not_engine_result,0.8,0.75,0.9,0.6,FAST,24,0.10407196969696969,0.07519886363636363,0.14025568181818182,-0.00047348484848484806,1,1,0.28267045454545453,False,False,False,False
synthetic_required_quality_frontier_not_engine_result,0.8,0.75,0.9,0.6,MEDIUM,24,0.17107007575757577,0.13332386363636364,0.21232954545454547,-0.0009469696969696961,2,2,0.4071969696969697,False,False,False,False
synthetic_required_quality_frontier_not_engine_result,0.8,0.75,0.9,0.6,CONSERVATIVE,24,0.2804924242424242,0.24292613636363633,0.32701704545454546,-0.0023674242424242403,5,5,0.5085227272727273,False,False,False,False
synthetic_required_quality_frontier_not_engine_result,0.8,0.75,0.9,0.8,FAST,24,0.06652462121212122,0.048380681818181816,0.08505681818181818,0.0,0,0,0.1699810606060606,True,False,False,False
synthetic_required_quality_frontier_not_engine_result,0.8,0.75,0.9,0.8,MEDIUM,24,0.10861742424242424,0.08377840909090908,0.1287215909090909,-0.0023674242424242403,5,5,0.24952651515151514,False,False,False,False
synthetic_required_quality_frontier_not_engine_result,0.8,0.75,0.9,0.8,CONSERVATIVE,24,0.19460227272727273,0.14857954545454546,0.24167613636363638,-0.0018939393939393923,4,4,0.4209280303030303,False,False,False,False
synthetic_required_quality_frontier_not_engine_result,0.8,1.0,0.6,0.0,FAST,24,0.0,0.0,0.0,0.0,0,0,0.0,True,False,False,False
synthetic_required_quality_frontier_not_engine_result,0.8,1.0,0.6,0.0,MEDIUM,24,0.0,0.0,0.0,0.0,0,0,0.0,True,False,False,False
synthetic_required_quality_frontier_not_engine_result,0.8,1.0,0.6,0.0,CONSERVATIVE,24,0.0,0.0,0.0,0.0,0,0,0.0,True,False,False,False
synthetic_required_quality_frontier_not_engine_result,0.8,1.0,0.6,0.2,FAST,24,0.0,0.0,0.0,0.0,0,0,0.0,True,False,False,False
synthetic_required_quality_frontier_not_engine_result,0.8,1.0,0.6,0.2,MEDIUM,24,0.0,0.0,0.0,0.0,0,0,0.0,True,False,False,False
synthetic_required_quality_frontier_not_engine_result,0.8,1.0,0.6,0.2,CONSERVATIVE,24,0.0,0.0,0.0,0.0,0,0,0.0,True,False,False,False
synthetic_required_quality_frontier_not_engine_result,0.8,1.0,0.6,0.4,FAST,24,0.0,0.0,0.0,0.0,0,0,0.0,True,False,False,False
synthetic_required_quality_frontier_not_engine_result,0.8,1.0,0.6,0.4,MEDIUM,24,0.0,0.0,0.0,0.0,0,0,0.0,True,False,False,False
synthetic_required_quality_frontier_not_engine_result,0.8,1.0,0.6,0.4,CONSERVATIVE,24,0.0,0.0,0.0,0.0,0,0,0.0,True,False,False,False
synthetic_required_quality_frontier_not_engine_result,0.8,1.0,0.6,0.6,FAST,24,0.0,0.0,0.0,0.0,0,0,0.0,True,False,False,False
synthetic_required_quality_frontier_not_engine_result,0.8,1.0,0.6,0.6,MEDIUM,24,0.0,0.0,0.0,0.0,0,0,0.0,True,False,False,False
synthetic_required_quality_frontier_not_engine_result,0.8,1.0,0.6,0.6,CONSERVATIVE,24,0.0,0.0,0.0,0.0,0,0,0.0,True,False,False,False
synthetic_required_quality_frontier_not_engine_result,0.8,1.0,0.6,0.8,FAST,24,0.0,0.0,0.0,0.0,0,0,0.0,True,False,False,False
synthetic_required_quality_frontier_not_engine_result,0.8,1.0,0.6,0.8,MEDIUM,24,0.0,0.0,0.0,0.0,0,0,0.0,True,False,False,False
synthetic_required_quality_frontier_not_engine_result,0.8,1.0,0.6,0.8,CONSERVATIVE,24,0.0,0.0,0.0,0.0,0,0,0.0,True,False,False,False
synthetic_required_quality_frontier_not_engine_result,0.8,1.0,0.7,0.0,FAST,24,0.17097537878787877,0.14954545454545454,0.19218749999999998,-0.0018939393939393923,4,4,0.4550189393939394,False,False,False,False
synthetic_required_quality_frontier_not_engine_result,0.8,1.0,0.7,0.0,MEDIUM,24,0.26330492424242424,0.22082386363636364,0.3046590909090909,-0.0037878787878787845,8,8,0.5880681818181818,False,False,False,False
synthetic_required_quality_frontier_not_engine_result,0.8,1.0,0.7,0.0,CONSERVATIVE,24,0.42911931818181814,0.3943181818181818,0.47889204545454545,-0.0033143939393939365,7,7,0.7452651515151515,False,False,False,False
synthetic_required_quality_frontier_not_engine_result,0.8,1.0,0.7,0.2,FAST,24,0.17367424242424243,0.1449715909090909,0.2046875,-0.0018939393939393923,4,4,0.45359848484848486,False,False,False,False
synthetic_required_quality_frontier_not_engine_result,0.8,1.0,0.7,0.2,MEDIUM,24,0.27291666666666664,0.24014204545454546,0.30727272727272725,-0.0018939393939393923,4,4,0.6074810606060606,False,False,False,False
synthetic_required_quality_frontier_not_engine_result,0.8,1.0,0.7,0.2,CONSERVATIVE,24,0.4380208333333333,0.3732386363636363,0.47755681818181817,-0.0018939393939393923,4,4,0.7627840909090909,False,False,False,False
synthetic_required_quality_frontier_not_engine_result,0.8,1.0,0.7,0.4,FAST,24,0.17760416666666665,0.136875,0.19821022727272727,-0.0033143939393939365,7,7,0.4696969696969697,False,False,False,False
synthetic_required_quality_frontier_not_engine_result,0.8,1.0,0.7,0.4,MEDIUM,24,0.26510416666666664,0.2318181818181818,0.288125,-0.0028409090909090884,6,6,0.5965909090909091,False,False,False,False
synthetic_required_quality_frontier_not_engine_result,0.8,1.0,0.7,0.4,CONSERVATIVE,24,0.43915719696969696,0.38,0.48926136363636363,-0.0018939393939393923,4,4,0.7566287878787878,False,False,False,False
synthetic_required_quality_frontier_not_engine_result,0.8,1.0,0.7,0.6,FAST,24,0.14228219696969696,0.1121875,0.16360795454545454,-0.0014204545454545442,3,3,0.3854166666666667,False,False,False,False
synthetic_required_quality_frontier_not_engine_result,0.8,1.0,0.7,0.6,MEDIUM,24,0.2180871212121212,0.19082386363636364,0.24136363636363636,-0.0009469696969696961,2,2,0.5260416666666666,False,False,False,False
synthetic_required_quality_frontier_not_engine_result,0.8,1.0,0.7,0.6,CONSERVATIVE,24,0.3642992424242424,0.3302272727272727,0.39673295454545454,-0.00047348484848484806,1,1,0.6642992424242424,False,False,False,False
synthetic_required_quality_frontier_not_engine_result,0.8,1.0,0.7,0.8,FAST,24,0.08385416666666667,0.06088068181818182,0.10079545454545455,-0.0009469696969696961,2,2,0.2168560606060606,False,False,False,False
synthetic_required_quality_frontier_not_engine_result,0.8,1.0,0.7,0.8,MEDIUM,24,0.1425662878787879,0.11789772727272728,0.16329545454545455,0.0,0,0,0.33759469696969696,True,False,False,False
synthetic_required_quality_frontier_not_engine_result,0.8,1.0,0.7,0.8,CONSERVATIVE,24,0.2593276515151515,0.22954545454545455,0.2891193181818182,-0.0009469696969696961,2,2,0.5516098484848485,False,False,False,False
synthetic_required_quality_frontier_not_engine_result,0.8,1.0,0.8,0.0,FAST,24,0.17660984848484848,0.14383522727272727,0.21102272727272725,-0.0023674242424242403,5,5,0.4597537878787879,False,False,False,False
synthetic_required_quality_frontier_not_engine_result,0.8,1.0,0.8,0.0,MEDIUM,24,0.25757575757575757,0.22698863636363636,0.27968750000000003,-0.0018939393939393923,4,4,0.5757575757575758,False,False,False,False
synthetic_required_quality_frontier_not_engine_result,0.8,1.0,0.8,0.0,CONSERVATIVE,24,0.43825757575757573,0.3904261363636363,0.48383522727272726,-0.0014204545454545442,3,3,0.7566287878787878,False,False,False,False
synthetic_required_quality_frontier_not_engine_result,0.8,1.0,0.8,0.2,FAST,24,0.1796875,0.15198863636363635,0.20227272727272727,-0.0028409090909090884,6,6,0.47017045454545453,False,False,False,False
synthetic_required_quality_frontier_not_engine_result,0.8,1.0,0.8,0.2,MEDIUM,24,0.26515151515151514,0.21789772727272727,0.2993465909090909,-0.0033143939393939365,7,7,0.5923295454545454,False,False,False,False
synthetic_required_quality_frontier_not_engine_result,0.8,1.0,0.8,0.2,CONSERVATIVE,24,0.4348011363636363,0.3862784090909091,0.4733522727272727,-0.0023674242424242403,5,5,0.7504734848484849,False,False,False,False
synthetic_required_quality_frontier_not_engine_result,0.8,1.0,0.8,0.4,FAST,24,0.17547348484848485,0.13670454545454547,0.20420454545454544,-0.0033143939393939365,7,7,0.46117424242424243,False,False,False,False
synthetic_required_quality_frontier_not_engine_result,0.8,1.0,0.8,0.4,MEDIUM,24,0.2643465909090909,0.23207386363636362,0.29914772727272726,-0.0023674242424242403,5,5,0.5928030303030303,False,False,False,False
synthetic_required_quality_frontier_not_engine_result,0.8,1.0,0.8,0.4,CONSERVATIVE,24,0.4413825757575757,0.39826704545454544,0.48730113636363637,-0.0014204545454545442,3,3,0.7556818181818182,False,False,False,False
synthetic_required_quality_frontier_not_engine_result,0.8,1.0,0.8,0.6,FAST,24,0.13385416666666666,0.11284090909090909,0.15241477272727272,-0.00047348484848484806,1,1,0.3740530303030303,False,False,False,False
synthetic_required_quality_frontier_not_engine_result,0.8,1.0,0.8,0.6,MEDIUM,24,0.22381628787878788,0.18738636363636363,0.2469034090909091,-0.0009469696969696961,2,2,0.5378787878787878,False,False,False,False
synthetic_required_quality_frontier_not_engine_result,0.8,1.0,0.8,0.6,CONSERVATIVE,24,0.3708333333333333,0.33866477272727274,0.4095454545454545,-0.0014204545454545442,3,3,0.6818181818181818,False,False,False,False
synthetic_required_quality_frontier_not_engine_result,0.8,1.0,0.8,0.8,FAST,24,0.08570075757575758,0.07110795454545454,0.10238636363636365,-0.0018939393939393923,4,4,0.22206439393939395,False,False,False,False
synthetic_required_quality_frontier_not_engine_result,0.8,1.0,0.8,0.8,MEDIUM,24,0.14393939393939395,0.12565340909090908,0.16360795454545454,-0.0009469696969696961,2,2,0.33759469696969696,False,False,False,False
synthetic_required_quality_frontier_not_engine_result,0.8,1.0,0.8,0.8,CONSERVATIVE,24,0.2668560606060606,0.22619318181818182,0.29607954545454546,-0.0023674242424242403,5,5,0.5677083333333334,False,False,False,False
synthetic_required_quality_frontier_not_engine_result,0.8,1.0,0.9,0.0,FAST,24,0.17689393939393938,0.14079545454545453,0.19707386363636362,-0.0028409090909090884,6,6,0.4621212121212121,False,False,False,False
synthetic_required_quality_frontier_not_engine_result,0.8,1.0,0.9,0.0,MEDIUM,24,0.2602272727272727,0.22176136363636362,0.2910511363636364,-0.0028409090909090884,6,6,0.5857007575757576,False,False,False,False
synthetic_required_quality_frontier_not_engine_result,0.8,1.0,0.9,0.0,CONSERVATIVE,24,0.4366477272727272,0.3823863636363636,0.4805113636363636,-0.0033143939393939365,7,7,0.7608901515151515,False,False,False,False
synthetic_required_quality_frontier_not_engine_result,0.8,1.0,0.9,0.2,FAST,24,0.17320075757575756,0.15068181818181817,0.19204545454545452,-0.0023674242424242403,5,5,0.45928030303030304,False,False,False,False
synthetic_required_quality_frontier_not_engine_result,0.8,1.0,0.9,0.2,MEDIUM,24,0.25662878787878785,0.22664772727272725,0.2865056818181818,-0.0023674242424242403,5,5,0.5833333333333334,False,False,False,False
synthetic_required_quality_frontier_not_engine_result,0.8,1.0,0.9,0.2,CONSERVATIVE,24,0.44412878787878785,0.39579545454545456,0.48107954545454545,-0.0028409090909090884,6,6,0.7675189393939394,False,False,False,False
synthetic_required_quality_frontier_not_engine_result,0.8,1.0,0.9,0.4,FAST,24,0.17286931818181817,0.14531249999999998,0.19852272727272724,-0.0023674242424242403,5,5,0.453125,False,False,False,False
synthetic_required_quality_frontier_not_engine_result,0.8,1.0,0.9,0.4,MEDIUM,24,0.26548295454545456,0.2315056818181818,0.2921875,-0.0014204545454545442,3,3,0.5956439393939394,False,False,False,False
synthetic_required_quality_frontier_not_engine_result,0.8,1.0,0.9,0.4,CONSERVATIVE,24,0.43892045454545453,0.3974431818181818,0.4932670454545454,-0.0037878787878787845,8,8,0.7604166666666666,False,False,False,False
synthetic_required_quality_frontier_not_engine_result,0.8,1.0,0.9,0.6,FAST,24,0.14195075757575756,0.12127840909090909,0.16363636363636364,-0.0009469696969696961,2,2,0.38115530303030304,False,False,False,False
synthetic_required_quality_frontier_not_engine_result,0.8,1.0,0.9,0.6,MEDIUM,24,0.22320075757575758,0.1864772727272727,0.24673295454545455,-0.00047348484848484806,1,1,0.5321969696969697,False,False,False,False
synthetic_required_quality_frontier_not_engine_result,0.8,1.0,0.9,0.6,CONSERVATIVE,24,0.3755208333333333,0.3338068181818182,0.41517045454545454,-0.00047348484848484806,1,1,0.6827651515151515,False,False,False,False
synthetic_required_quality_frontier_not_engine_result,0.8,1.0,0.9,0.8,FAST,24,0.08134469696969697,0.06153409090909091,0.10389204545454546,-0.00047348484848484806,1,1,0.21259469696969696,False,False,False,False
synthetic_required_quality_frontier_not_engine_result,0.8,1.0,0.9,0.8,MEDIUM,24,0.14209280303030303,0.11511363636363636,0.1650852272727273,-0.00047348484848484806,1,1,0.3333333333333333,False,False,False,False
synthetic_required_quality_frontier_not_engine_result,0.8,1.0,0.9,0.8,CONSERVATIVE,24,0.2578598484848485,0.22227272727272726,0.28667613636363637,-0.0009469696969696961,2,2,0.5501893939393939,False,False,False,False
synthetic_required_quality_frontier_not_engine_result,0.9,0.25,0.6,0.0,FAST,24,0.0,0.0,0.0,0.0,0,0,0.0,True,False,False,False
synthetic_required_quality_frontier_not_engine_result,0.9,0.25,0.6,0.0,MEDIUM,24,0.0,0.0,0.0,0.0,0,0,0.0,True,False,False,False
synthetic_required_quality_frontier_not_engine_result,0.9,0.25,0.6,0.0,CONSERVATIVE,24,0.0,0.0,0.0,0.0,0,0,0.0,True,False,False,False
synthetic_required_quality_frontier_not_engine_result,0.9,0.25,0.6,0.2,FAST,24,0.0,0.0,0.0,0.0,0,0,0.0,True,False,False,False
synthetic_required_quality_frontier_not_engine_result,0.9,0.25,0.6,0.2,MEDIUM,24,0.0,0.0,0.0,0.0,0,0,0.0,True,False,False,False
synthetic_required_quality_frontier_not_engine_result,0.9,0.25,0.6,0.2,CONSERVATIVE,24,0.0,0.0,0.0,0.0,0,0,0.0,True,False,False,False
synthetic_required_quality_frontier_not_engine_result,0.9,0.25,0.6,0.4,FAST,24,0.0,0.0,0.0,0.0,0,0,0.0,True,False,False,False
synthetic_required_quality_frontier_not_engine_result,0.9,0.25,0.6,0.4,MEDIUM,24,0.0,0.0,0.0,0.0,0,0,0.0,True,False,False,False
synthetic_required_quality_frontier_not_engine_result,0.9,0.25,0.6,0.4,CONSERVATIVE,24,0.0,0.0,0.0,0.0,0,0,0.0,True,False,False,False
synthetic_required_quality_frontier_not_engine_result,0.9,0.25,0.6,0.6,FAST,24,0.0,0.0,0.0,0.0,0,0,0.0,True,False,False,False
synthetic_required_quality_frontier_not_engine_result,0.9,0.25,0.6,0.6,MEDIUM,24,0.0,0.0,0.0,0.0,0,0,0.0,True,False,False,False
synthetic_required_quality_frontier_not_engine_result,0.9,0.25,0.6,0.6,CONSERVATIVE,24,0.0,0.0,0.0,0.0,0,0,0.0,True,False,False,False
synthetic_required_quality_frontier_not_engine_result,0.9,0.25,0.6,0.8,FAST,24,0.0,0.0,0.0,0.0,0,0,0.0,True,False,False,False
synthetic_required_quality_frontier_not_engine_result,0.9,0.25,0.6,0.8,MEDIUM,24,0.0,0.0,0.0,0.0,0,0,0.0,True,False,False,False
synthetic_required_quality_frontier_not_engine_result,0.9,0.25,0.6,0.8,CONSERVATIVE,24,0.0,0.0,0.0,0.0,0,0,0.0,True,False,False,False
synthetic_required_quality_frontier_not_engine_result,0.9,0.25,0.7,0.0,FAST,24,0.050331439393939394,0.024857954545454544,0.07741477272727272,-0.00047348484848484806,1,1,0.12926136363636365,False,False,False,False
synthetic_required_quality_frontier_not_engine_result,0.9,0.25,0.7,0.0,MEDIUM,24,0.07632575757575757,0.048295454545454544,0.1128693181818182,-0.00047348484848484806,1,1,0.16524621212121213,False,False,False,False
synthetic_required_quality_frontier_not_engine_result,0.9,0.25,0.7,0.0,CONSERVATIVE,24,0.12646780303030303,0.08321022727272727,0.16920454545454547,0.0,0,0,0.21259469696969696,True,False,False,False
synthetic_required_quality_frontier_not_engine_result,0.9,0.25,0.7,0.2,FAST,24,0.04895833333333333,0.019971590909090908,0.07772727272727273,-0.00047348484848484806,1,1,0.12168560606060606,False,False,False,False
synthetic_required_quality_frontier_not_engine_result,0.9,0.25,0.7,0.2,MEDIUM,24,0.06927083333333334,0.03815340909090909,0.10576704545454546,0.0,0,0,0.1571969696969697,True,False,False,False
synthetic_required_quality_frontier_not_engine_result,0.9,0.25,0.7,0.2,CONSERVATIVE,24,0.11917613636363636,0.07213068181818182,0.17730113636363637,0.0,0,0,0.20928030303030304,True,False,False,False
synthetic_required_quality_frontier_not_engine_result,0.9,0.25,0.7,0.4,FAST,24,0.052035984848484845,0.031818181818181815,0.08457386363636364,-0.0009469696969696961,2,2,0.13399621212121213,False,False,False,False
synthetic_required_quality_frontier_not_engine_result,0.9,0.25,0.7,0.4,MEDIUM,24,0.07353219696969697,0.044829545454545455,0.11423295454545455,-0.00047348484848484806,1,1,0.16714015151515152,False,False,False,False
synthetic_required_quality_frontier_not_engine_result,0.9,0.25,0.7,0.4,CONSERVATIVE,24,0.11912878787878788,0.06267045454545454,0.17139204545454545,-0.00047348484848484806,1,1,0.2040719696969697,False,False,False,False
synthetic_required_quality_frontier_not_engine_result,0.9,0.25,0.7,0.6,FAST,24,0.03892045454545454,0.014943181818181817,0.0653693181818182,0.0,0,0,0.10085227272727272,True,False,False,False
synthetic_required_quality_frontier_not_engine_result,0.9,0.25,0.7,0.6,MEDIUM,24,0.06349431818181818,0.034772727272727275,0.10011363636363636,0.0,0,0,0.14772727272727273,True,False,False,False
synthetic_required_quality_frontier_not_engine_result,0.9,0.25,0.7,0.6,CONSERVATIVE,24,0.11098484848484848,0.06934659090909091,0.16474431818181817,0.0,0,0,0.20691287878787878,True,False,False,False
synthetic_required_quality_frontier_not_engine_result,0.9,0.25,0.7,0.8,FAST,24,0.026609848484848486,0.004232954545454545,0.04414772727272727,0.0,0,0,0.06486742424242424,True,False,False,False
synthetic_required_quality_frontier_not_engine_result,0.9,0.25,0.7,0.8,MEDIUM,24,0.03996212121212121,0.008125000000000002,0.0647443181818182,0.0,0,0,0.09517045454545454,True,False,False,False
synthetic_required_quality_frontier_not_engine_result,0.9,0.25,0.7,0.8,CONSERVATIVE,24,0.07291666666666667,0.033153409090909094,0.12011363636363637,-0.00047348484848484806,1,1,0.15482954545454544,False,False,False,False
synthetic_required_quality_frontier_not_engine_result,0.9,0.25,0.8,0.0,FAST,24,0.05132575757575757,0.03474431818181818,0.08375,-0.0009469696969696961,2,2,0.13210227272727273,False,False,False,False
synthetic_required_quality_frontier_not_engine_result,0.9,0.25,0.8,0.0,MEDIUM,24,0.08181818181818182,0.04059659090909091,0.11298295454545454,0.0,0,0,0.17329545454545456,True,False,False,False
synthetic_required_quality_frontier_not_engine_result,0.9,0.25,0.8,0.0,CONSERVATIVE,24,0.1190340909090909,0.06286931818181818,0.1671590909090909,-0.00047348484848484806,1,1,0.19933712121212122,False,False,False,False
synthetic_required_quality_frontier_not_engine_result,0.9,0.25,0.8,0.2,FAST,24,0.04554924242424242,0.018522727272727274,0.06687499999999999,0.0,0,0,0.12642045454545456,True,False,False,False
synthetic_required_quality_frontier_not_engine_result,0.9,0.25,0.8,0.2,MEDIUM,24,0.0743844696969697,0.03852272727272727,0.11196022727272728,-0.0014204545454545442,3,3,0.16287878787878787,False,False,False,False
synthetic_required_quality_frontier_not_engine_result,0.9,0.25,0.8,0.2,CONSERVATIVE,24,0.12140151515151515,0.07860795454545454,0.15616477272727272,0.0,0,0,0.21117424242424243,True,False,False,False
synthetic_required_quality_frontier_not_engine_result,0.9,0.25,0.8,0.4,FAST,24,0.052225378787878786,0.019318181818181818,0.09690340909090908,0.0,0,0,0.12926136363636365,True,False,False,False
synthetic_required_quality_frontier_not_engine_result,0.9,0.25,0.8,0.4,MEDIUM,24,0.07353219696969697,0.02767045454545454,0.11505681818181819,-0.00047348484848484806,1,1,0.16145833333333334,False,False,False,False
synthetic_required_quality_frontier_not_engine_result,0.9,0.25,0.8,0.4,CONSERVATIVE,24,0.1161931818181818,0.07727272727272727,0.16071022727272727,-0.0009469696969696961,2,2,0.20454545454545456,False,False,False,False
synthetic_required_quality_frontier_not_engine_result,0.9,0.25,0.8,0.6,FAST,24,0.040482954545454544,0.024034090909090908,0.07366477272727273,0.0,0,0,0.1103219696969697,True,False,False,False
synthetic_required_quality_frontier_not_engine_result,0.9,0.25,0.8,0.6,MEDIUM,24,0.06197916666666667,0.02713068181818182,0.10042613636363637,-0.00047348484848484806,1,1,0.15056818181818182,False,False,False,False
synthetic_required_quality_frontier_not_engine_result,0.9,0.25,0.8,0.6,CONSERVATIVE,24,0.10857007575757575,0.0730965909090909,0.14252840909090908,0.0,0,0,0.19602272727272727,True,False,False,False
synthetic_required_quality_frontier_not_engine_result,0.9,0.25,0.8,0.8,FAST,24,0.021354166666666667,0.0065056818181818184,0.03860795454545455,0.0,0,0,0.056818181818181816,True,False,False,False
synthetic_required_quality_frontier_not_engine_result,0.9,0.25,0.8,0.8,MEDIUM,24,0.041524621212121214,0.013636363636363637,0.07801136363636366,0.0,0,0,0.10227272727272728,True,False,False,False
synthetic_required_quality_frontier_not_engine_result,0.9,0.25,0.8,0.8,CONSERVATIVE,24,0.07419507575757575,0.041732954545454545,0.11477272727272726,0.0,0,0,0.1571969696969697,True,False,False,False
synthetic_required_quality_frontier_not_engine_result,0.9,0.25,0.9,0.0,FAST,24,0.049005681818181816,0.015596590909090909,0.08321022727272728,0.0,0,0,0.13446969696969696,True,False,False,False
synthetic_required_quality_frontier_not_engine_result,0.9,0.25,0.9,0.0,MEDIUM,24,0.07646780303030302,0.046619318181818185,0.11036931818181818,-0.00047348484848484806,1,1,0.16429924242424243,False,False,False,False
synthetic_required_quality_frontier_not_engine_result,0.9,0.25,0.9,0.0,CONSERVATIVE,24,0.1161931818181818,0.07534090909090908,0.1562784090909091,0.0,0,0,0.20075757575757575,True,False,False,False
synthetic_required_quality_frontier_not_engine_result,0.9,0.25,0.9,0.2,FAST,24,0.046070075757575754,0.01886363636363636,0.07590909090909091,0.0,0,0,0.12215909090909091,True,False,False,False
synthetic_required_quality_frontier_not_engine_result,0.9,0.25,0.9,0.2,MEDIUM,24,0.08200757575757575,0.055198863636363636,0.11375,0.0,0,0,0.17566287878787878,True,False,False,False
synthetic_required_quality_frontier_not_engine_result,0.9,0.25,0.9,0.2,CONSERVATIVE,24,0.1296401515151515,0.09661931818181818,0.16928977272727272,0.0,0,0,0.22253787878787878,True,False,False,False
synthetic_required_quality_frontier_not_engine_result,0.9,0.25,0.9,0.4,FAST,24,0.05175189393939394,0.02809659090909091,0.08985795454545456,-0.00047348484848484806,1,1,0.13115530303030304,False,False,False,False
synthetic_required_quality_frontier_not_engine_result,0.9,0.25,0.9,0.4,MEDIUM,24,0.08162878787878787,0.043721590909090904,0.12724431818181817,-0.00047348484848484806,1,1,0.17424242424242425,False,False,False,False
synthetic_required_quality_frontier_not_engine_result,0.9,0.25,0.9,0.4,CONSERVATIVE,24,0.12736742424242423,0.08525568181818181,0.16508522727272726,0.0,0,0,0.22348484848484848,True,False,False,False
synthetic_required_quality_frontier_not_engine_result,0.9,0.25,0.9,0.6,FAST,24,0.04299242424242424,0.026335227272727274,0.06735795454545454,0.0,0,0,0.11079545454545454,True,False,False,False
synthetic_required_quality_frontier_not_engine_result,0.9,0.25,0.9,0.6,MEDIUM,24,0.05928030303030303,0.03318181818181819,0.09511363636363637,0.0,0,0,0.14109848484848486,True,False,False,False
synthetic_required_quality_frontier_not_engine_result,0.9,0.25,0.9,0.6,CONSERVATIVE,24,0.11074810606060606,0.074375,0.14801136363636364,0.0,0,0,0.19602272727272727,True,False,False,False
synthetic_required_quality_frontier_not_engine_result,0.9,0.25,0.9,0.8,FAST,24,0.02537878787878788,0.00974431818181818,0.044147727272727276,-0.00047348484848484806,1,1,0.06581439393939394,False,False,False,False
synthetic_required_quality_frontier_not_engine_result,0.9,0.25,0.9,0.8,MEDIUM,24,0.03555871212121212,0.016250000000000004,0.058551136363636375,0.0,0,0,0.08617424242424243,True,False,False,False
synthetic_required_quality_frontier_not_engine_result,0.9,0.25,0.9,0.8,CONSERVATIVE,24,0.0771780303030303,0.046931818181818186,0.12059659090909092,0.0,0,0,0.16477272727272727,True,False,False,False
synthetic_required_quality_frontier_not_engine_result,0.9,0.475,0.6,0.0,FAST,24,0.0,0.0,0.0,0.0,0,0,0.0,True,False,False,False
synthetic_required_quality_frontier_not_engine_result,0.9,0.475,0.6,0.0,MEDIUM,24,0.0,0.0,0.0,0.0,0,0,0.0,True,False,False,False
synthetic_required_quality_frontier_not_engine_result,0.9,0.475,0.6,0.0,CONSERVATIVE,24,0.0,0.0,0.0,0.0,0,0,0.0,True,False,False,False
synthetic_required_quality_frontier_not_engine_result,0.9,0.475,0.6,0.2,FAST,24,0.0,0.0,0.0,0.0,0,0,0.0,True,False,False,False
synthetic_required_quality_frontier_not_engine_result,0.9,0.475,0.6,0.2,MEDIUM,24,0.0,0.0,0.0,0.0,0,0,0.0,True,False,False,False
synthetic_required_quality_frontier_not_engine_result,0.9,0.475,0.6,0.2,CONSERVATIVE,24,0.0,0.0,0.0,0.0,0,0,0.0,True,False,False,False
synthetic_required_quality_frontier_not_engine_result,0.9,0.475,0.6,0.4,FAST,24,0.0,0.0,0.0,0.0,0,0,0.0,True,False,False,False
synthetic_required_quality_frontier_not_engine_result,0.9,0.475,0.6,0.4,MEDIUM,24,0.0,0.0,0.0,0.0,0,0,0.0,True,False,False,False
synthetic_required_quality_frontier_not_engine_result,0.9,0.475,0.6,0.4,CONSERVATIVE,24,0.0,0.0,0.0,0.0,0,0,0.0,True,False,False,False
synthetic_required_quality_frontier_not_engine_result,0.9,0.475,0.6,0.6,FAST,24,0.0,0.0,0.0,0.0,0,0,0.0,True,False,False,False
synthetic_required_quality_frontier_not_engine_result,0.9,0.475,0.6,0.6,MEDIUM,24,0.0,0.0,0.0,0.0,0,0,0.0,True,False,False,False
synthetic_required_quality_frontier_not_engine_result,0.9,0.475,0.6,0.6,CONSERVATIVE,24,0.0,0.0,0.0,0.0,0,0,0.0,True,False,False,False
synthetic_required_quality_frontier_not_engine_result,0.9,0.475,0.6,0.8,FAST,24,0.0,0.0,0.0,0.0,0,0,0.0,True,False,False,False
synthetic_required_quality_frontier_not_engine_result,0.9,0.475,0.6,0.8,MEDIUM,24,0.0,0.0,0.0,0.0,0,0,0.0,True,False,False,False
synthetic_required_quality_frontier_not_engine_result,0.9,0.475,0.6,0.8,CONSERVATIVE,24,0.0,0.0,0.0,0.0,0,0,0.0,True,False,False,False
synthetic_required_quality_frontier_not_engine_result,0.9,0.475,0.7,0.0,FAST,24,0.09857954545454545,0.06937499999999999,0.13647727272727272,-0.00047348484848484806,1,1,0.2490530303030303,False,False,False,False
synthetic_required_quality_frontier_not_engine_result,0.9,0.475,0.7,0.0,MEDIUM,24,0.14332386363636362,0.09193181818181817,0.19761363636363638,0.0,0,0,0.32386363636363635,True,False,False,False
synthetic_required_quality_frontier_not_engine_result,0.9,0.475,0.7,0.0,CONSERVATIVE,24,0.2271306818181818,0.16855113636363636,0.2715625,-0.0009469696969696961,2,2,0.4005681818181818,False,False,False,False
synthetic_required_quality_frontier_not_engine_result,0.9,0.475,0.7,0.2,FAST,24,0.09327651515151515,0.0534375,0.1322159090909091,0.0,0,0,0.24763257575757575,True,False,False,False
synthetic_required_quality_frontier_not_engine_result,0.9,0.475,0.7,0.2,MEDIUM,24,0.13854166666666665,0.0990625,0.1780681818181818,0.0,0,0,0.3106060606060606,True,False,False,False
synthetic_required_quality_frontier_not_engine_result,0.9,0.475,0.7,0.2,CONSERVATIVE,24,0.23413825757575757,0.168125,0.2944318181818182,-0.0009469696969696961,2,2,0.40482954545454547,False,False,False,False
synthetic_required_quality_frontier_not_engine_result,0.9,0.475,0.7,0.4,FAST,24,0.09621212121212121,0.0646590909090909,0.12383522727272726,0.0,0,0,0.25236742424242425,True,False,False,False
synthetic_required_quality_frontier_not_engine_result,0.9,0.475,0.7,0.4,MEDIUM,24,0.138967803030303,0.09988636363636363,0.1769034090909091,-0.00047348484848484806,1,1,0.3115530303030303,False,False,False,False
synthetic_required_quality_frontier_not_engine_result,0.9,0.475,0.7,0.4,CONSERVATIVE,24,0.2330018939393939,0.17607954545454546,0.3014204545454545,0.0,0,0,0.40009469696969696,True,False,False,False
synthetic_required_quality_frontier_not_engine_result,0.9,0.475,0.7,0.6,FAST,24,0.07476325757575758,0.045965909090909085,0.10940340909090908,0.0,0,0,0.19365530303030304,True,False,False,False
synthetic_required_quality_frontier_not_engine_result,0.9,0.475,0.7,0.6,MEDIUM,24,0.11330492424242423,0.0825,0.14204545454545453,0.0,0,0,0.28361742424242425,True,False,False,False
synthetic_required_quality_frontier_not_engine_result,0.9,0.475,0.7,0.6,CONSERVATIVE,24,0.2080965909090909,0.14056818181818181,0.2687215909090909,-0.00047348484848484806,1,1,0.37736742424242425,False,False,False,False
synthetic_required_quality_frontier_not_engine_result,0.9,0.475,0.7,0.8,FAST,24,0.0415719696969697,0.02051136363636364,0.05778409090909091,0.0,0,0,0.11174242424242424,True,False,False,False
synthetic_required_quality_frontier_not_engine_result,0.9,0.475,0.7,0.8,MEDIUM,24,0.07400568181818182,0.05099431818181818,0.10670454545454548,0.0,0,0,0.18418560606060605,True,False,False,False
synthetic_required_quality_frontier_not_engine_result,0.9,0.475,0.7,0.8,CONSERVATIVE,24,0.13731060606060605,0.0922159090909091,0.1709375,0.0,0,0,0.296875,True,False,False,False
synthetic_required_quality_frontier_not_engine_result,0.9,0.475,0.8,0.0,FAST,24,0.08347537878787878,0.0540625,0.11801136363636362,0.0,0,0,0.21875,True,False,False,False
synthetic_required_quality_frontier_not_engine_result,0.9,0.475,0.8,0.0,MEDIUM,24,0.13858901515151514,0.0865909090909091,0.17775568181818183,-0.00047348484848484806,1,1,0.31676136363636365,False,False,False,False
synthetic_required_quality_frontier_not_engine_result,0.9,0.475,0.8,0.0,CONSERVATIVE,24,0.23191287878787878,0.17096590909090909,0.2954545454545454,-0.0009469696969696961,2,2,0.41429924242424243,False,False,False,False
synthetic_required_quality_frontier_not_engine_result,0.9,0.475,0.8,0.2,FAST,24,0.0875,0.060909090909090906,0.1275,0.0,0,0,0.23390151515151514,True,False,False,False
synthetic_required_quality_frontier_not_engine_result,0.9,0.475,0.8,0.2,MEDIUM,24,0.13210227272727273,0.08627840909090909,0.18451704545454548,-0.0009469696969696961,2,2,0.3106060606060606,False,False,False,False
synthetic_required_quality_frontier_not_engine_result,0.9,0.475,0.8,0.2,CONSERVATIVE,24,0.23669507575757573,0.19630681818181817,0.2819318181818182,0.0,0,0,0.40767045454545453,True,False,False,False
synthetic_required_quality_frontier_not_engine_result,0.9,0.475,0.8,0.4,FAST,24,0.08963068181818182,0.05423295454545454,0.11931818181818181,-0.00047348484848484806,1,1,0.24526515151515152,False,False,False,False
synthetic_required_quality_frontier_not_engine_result,0.9,0.475,0.8,0.4,MEDIUM,24,0.14067234848484847,0.09985795454545454,0.18920454545454546,-0.0014204545454545442,3,3,0.3181818181818182,False,False,False,False
synthetic_required_quality_frontier_not_engine_result,0.9,0.475,0.8,0.4,CONSERVATIVE,24,0.23248106060606058,0.1990340909090909,0.2891193181818182,-0.00047348484848484806,1,1,0.4005681818181818,False,False,False,False
synthetic_required_quality_frontier_not_engine_result,0.9,0.475,0.8,0.6,FAST,24,0.08172348484848485,0.048551136363636366,0.10579545454545455,-0.00047348484848484806,1,1,0.22443181818181818,False,False,False,False
synthetic_required_quality_frontier_not_engine_result,0.9,0.475,0.8,0.6,MEDIUM,24,0.12253787878787879,0.07605113636363636,0.15551136363636364,0.0,0,0,0.2902462121212121,True,False,False,False
synthetic_required_quality_frontier_not_engine_result,0.9,0.475,0.8,0.6,CONSERVATIVE,24,0.20937499999999998,0.16829545454545455,0.25605113636363636,0.0,0,0,0.37452651515151514,True,False,False,False
synthetic_required_quality_frontier_not_engine_result,0.9,0.475,0.8,0.8,FAST,24,0.046070075757575754,0.019005681818181817,0.07758522727272728,0.0,0,0,0.11979166666666667,True,False,False,False
synthetic_required_quality_frontier_not_engine_result,0.9,0.475,0.8,0.8,MEDIUM,24,0.0747159090909091,0.04903409090909091,0.11798295454545454,0.0,0,0,0.17945075757575757,True,False,False,False
synthetic_required_quality_frontier_not_engine_result,0.9,0.475,0.8,0.8,CONSERVATIVE,24,0.14242424242424243,0.11235795454545455,0.1847159090909091,0.0,0,0,0.29734848484848486,True,False,False,False
synthetic_required_quality_frontier_not_engine_result,0.9,0.475,0.9,0.0,FAST,24,0.0912405303030303,0.05553977272727272,0.12335227272727271,-0.00047348484848484806,1,1,0.24479166666666666,False,False,False,False
synthetic_required_quality_frontier_not_engine_result,0.9,0.475,0.9,0.0,MEDIUM,24,0.14673295454545454,0.11105113636363637,0.1874715909090909,-0.0009469696969696961,2,2,0.3262310606060606,False,False,False,False
synthetic_required_quality_frontier_not_engine_result,0.9,0.475,0.9,0.0,CONSERVATIVE,24,0.22286931818181815,0.16999999999999998,0.2834659090909091,-0.0009469696969696961,2,2,0.3877840909090909,False,False,False,False
synthetic_required_quality_frontier_not_engine_result,0.9,0.475,0.9,0.2,FAST,24,0.09479166666666666,0.07599431818181818,0.12758522727272728,-0.00047348484848484806,1,1,0.24763257575757575,False,False,False,False
synthetic_required_quality_frontier_not_engine_result,0.9,0.475,0.9,0.2,MEDIUM,24,0.12793560606060606,0.08255681818181818,0.1615056818181818,0.0,0,0,0.2911931818181818,True,False,False,False
synthetic_required_quality_frontier_not_engine_result,0.9,0.475,0.9,0.2,CONSERVATIVE,24,0.2375,0.18394886363636362,0.28846590909090913,-0.00047348484848484806,1,1,0.4228219696969697,False,False,False,False
synthetic_required_quality_frontier_not_engine_result,0.9,0.475,0.9,0.4,FAST,24,0.0937026515151515,0.060596590909090906,0.12755681818181816,-0.0014204545454545442,3,3,0.24952651515151514,False,False,False,False
synthetic_required_quality_frontier_not_engine_result,0.9,0.475,0.9,0.4,MEDIUM,24,0.14195075757575756,0.09920454545454545,0.17448863636363635,-0.00047348484848484806,1,1,0.3229166666666667,False,False,False,False
synthetic_required_quality_frontier_not_engine_result,0.9,0.475,0.9,0.4,CONSERVATIVE,24,0.22381628787878788,0.1578125,0.2886931818181818,0.0,0,0,0.3934659090909091,True,False,False,False
synthetic_required_quality_frontier_not_engine_result,0.9,0.475,0.9,0.6,FAST,24,0.0712594696969697,0.04318181818181818,0.10090909090909092,0.0,0,0,0.19507575757575757,True,False,False,False
synthetic_required_quality_frontier_not_engine_result,0.9,0.475,0.9,0.6,MEDIUM,24,0.11306818181818182,0.09497159090909091,0.1519034090909091,0.0,0,0,0.27509469696969696,True,False,False,False
synthetic_required_quality_frontier_not_engine_result,0.9,0.475,0.9,0.6,CONSERVATIVE,24,0.20127840909090908,0.15392045454545453,0.2580681818181818,-0.00047348484848484806,1,1,0.3712121212121212,False,False,False,False
synthetic_required_quality_frontier_not_engine_result,0.9,0.475,0.9,0.8,FAST,24,0.04299242424242424,0.023551136363636364,0.060170454545454555,-0.0009469696969696961,2,2,0.11458333333333333,False,False,False,False
synthetic_required_quality_frontier_not_engine_result,0.9,0.475,0.9,0.8,MEDIUM,24,0.0712594696969697,0.04579545454545455,0.09781250000000001,-0.00047348484848484806,1,1,0.17140151515151514,False,False,False,False
synthetic_required_quality_frontier_not_engine_result,0.9,0.475,0.9,0.8,CONSERVATIVE,24,0.13546401515151515,0.0881818181818182,0.17181818181818184,0.0,0,0,0.2921401515151515,True,False,False,False
synthetic_required_quality_frontier_not_engine_result,0.9,0.75,0.6,0.0,FAST,24,0.0,0.0,0.0,0.0,0,0,0.0,True,False,False,False
synthetic_required_quality_frontier_not_engine_result,0.9,0.75,0.6,0.0,MEDIUM,24,0.0,0.0,0.0,0.0,0,0,0.0,True,False,False,False
synthetic_required_quality_frontier_not_engine_result,0.9,0.75,0.6,0.0,CONSERVATIVE,24,0.0,0.0,0.0,0.0,0,0,0.0,True,False,False,False
synthetic_required_quality_frontier_not_engine_result,0.9,0.75,0.6,0.2,FAST,24,0.0,0.0,0.0,0.0,0,0,0.0,True,False,False,False
synthetic_required_quality_frontier_not_engine_result,0.9,0.75,0.6,0.2,MEDIUM,24,0.0,0.0,0.0,0.0,0,0,0.0,True,False,False,False
synthetic_required_quality_frontier_not_engine_result,0.9,0.75,0.6,0.2,CONSERVATIVE,24,0.0,0.0,0.0,0.0,0,0,0.0,True,False,False,False
synthetic_required_quality_frontier_not_engine_result,0.9,0.75,0.6,0.4,FAST,24,0.0,0.0,0.0,0.0,0,0,0.0,True,False,False,False
synthetic_required_quality_frontier_not_engine_result,0.9,0.75,0.6,0.4,MEDIUM,24,0.0,0.0,0.0,0.0,0,0,0.0,True,False,False,False
synthetic_required_quality_frontier_not_engine_result,0.9,0.75,0.6,0.4,CONSERVATIVE,24,0.0,0.0,0.0,0.0,0,0,0.0,True,False,False,False
synthetic_required_quality_frontier_not_engine_result,0.9,0.75,0.6,0.6,FAST,24,0.0,0.0,0.0,0.0,0,0,0.0,True,False,False,False
synthetic_required_quality_frontier_not_engine_result,0.9,0.75,0.6,0.6,MEDIUM,24,0.0,0.0,0.0,0.0,0,0,0.0,True,False,False,False
synthetic_required_quality_frontier_not_engine_result,0.9,0.75,0.6,0.6,CONSERVATIVE,24,0.0,0.0,0.0,0.0,0,0,0.0,True,False,False,False
synthetic_required_quality_frontier_not_engine_result,0.9,0.75,0.6,0.8,FAST,24,0.0,0.0,0.0,0.0,0,0,0.0,True,False,False,False
synthetic_required_quality_frontier_not_engine_result,0.9,0.75,0.6,0.8,MEDIUM,24,0.0,0.0,0.0,0.0,0,0,0.0,True,False,False,False
synthetic_required_quality_frontier_not_engine_result,0.9,0.75,0.6,0.8,CONSERVATIVE,24,0.0,0.0,0.0,0.0,0,0,0.0,True,False,False,False
synthetic_required_quality_frontier_not_engine_result,0.9,0.75,0.7,0.0,FAST,24,0.14507575757575758,0.1165625,0.17397727272727273,-0.0018939393939393923,4,4,0.38636363636363635,False,False,False,False
synthetic_required_quality_frontier_not_engine_result,0.9,0.75,0.7,0.0,MEDIUM,24,0.2240056818181818,0.18579545454545454,0.25988636363636364,-0.00047348484848484806,1,1,0.49857954545454547,False,False,False,False
synthetic_required_quality_frontier_not_engine_result,0.9,0.75,0.7,0.0,CONSERVATIVE,24,0.3674715909090909,0.29196022727272725,0.41812499999999997,-0.0009469696969696961,2,2,0.6382575757575758,False,False,False,False
synthetic_required_quality_frontier_not_engine_result,0.9,0.75,0.7,0.2,FAST,24,0.1486742424242424,0.11826704545454544,0.18389204545454546,0.0,0,0,0.3873106060606061,True,False,False,False
synthetic_required_quality_frontier_not_engine_result,0.9,0.75,0.7,0.2,MEDIUM,24,0.21595643939393938,0.17110795454545452,0.2459375,-0.00047348484848484806,1,1,0.4947916666666667,False,False,False,False
synthetic_required_quality_frontier_not_engine_result,0.9,0.75,0.7,0.2,CONSERVATIVE,24,0.3812026515151515,0.3286647727272727,0.44130681818181816,-0.0023674242424242403,5,5,0.6595643939393939,False,False,False,False
synthetic_required_quality_frontier_not_engine_result,0.9,0.75,0.7,0.4,FAST,24,0.14706439393939394,0.10326704545454544,0.17238636363636362,-0.00047348484848484806,1,1,0.39299242424242425,False,False,False,False
synthetic_required_quality_frontier_not_engine_result,0.9,0.75,0.7,0.4,MEDIUM,24,0.2237215909090909,0.18556818181818183,0.2566193181818182,-0.0009469696969696961,2,2,0.5009469696969697,False,False,False,False
synthetic_required_quality_frontier_not_engine_result,0.9,0.75,0.7,0.4,CONSERVATIVE,24,0.3664299242424242,0.32360795454545455,0.4293465909090909,-0.00047348484848484806,1,1,0.6373106060606061,False,False,False,False
synthetic_required_quality_frontier_not_engine_result,0.9,0.75,0.7,0.6,FAST,24,0.12040719696969697,0.09872159090909091,0.15323863636363638,-0.00047348484848484806,1,1,0.3229166666666667,False,False,False,False
synthetic_required_quality_frontier_not_engine_result,0.9,0.75,0.7,0.6,MEDIUM,24,0.18357007575757575,0.14534090909090908,0.21264204545454546,-0.00047348484848484806,1,1,0.4356060606060606,False,False,False,False
synthetic_required_quality_frontier_not_engine_result,0.9,0.75,0.7,0.6,CONSERVATIVE,24,0.3121685606060606,0.2559090909090909,0.3601420454545454,0.0,0,0,0.5667613636363636,True,True,False,False
synthetic_required_quality_frontier_not_engine_result,0.9,0.75,0.7,0.8,FAST,24,0.07604166666666667,0.05863636363636364,0.08911931818181819,-0.00047348484848484806,1,1,0.19460227272727273,False,False,False,False
synthetic_required_quality_frontier_not_engine_result,0.9,0.75,0.7,0.8,MEDIUM,24,0.11515151515151516,0.08301136363636363,0.14380681818181817,-0.00047348484848484806,1,1,0.2784090909090909,False,False,False,False
synthetic_required_quality_frontier_not_engine_result,0.9,0.75,0.7,0.8,CONSERVATIVE,24,0.22277462121212122,0.19062500000000002,0.2522443181818182,-0.0023674242424242403,5,5,0.4678030303030303,False,False,False,False
synthetic_required_quality_frontier_not_engine_result,0.9,0.75,0.8,0.0,FAST,24,0.15004734848484846,0.12289772727272727,0.1830681818181818,-0.0009469696969696961,2,2,0.3953598484848485,False,False,False,False
synthetic_required_quality_frontier_not_engine_result,0.9,0.75,0.8,0.0,MEDIUM,24,0.23323863636363634,0.19173295454545453,0.2825284090909091,-0.0009469696969696961,2,2,0.5255681818181818,False,False,False,False
synthetic_required_quality_frontier_not_engine_result,0.9,0.75,0.8,0.0,CONSERVATIVE,24,0.3632575757575757,0.3115340909090909,0.4146022727272727,-0.0009469696969696961,2,2,0.6325757575757576,False,False,False,False
synthetic_required_quality_frontier_not_engine_result,0.9,0.75,0.8,0.2,FAST,24,0.14535984848484848,0.11042613636363635,0.17548295454545454,-0.0014204545454545442,3,3,0.3868371212121212,False,False,False,False
synthetic_required_quality_frontier_not_engine_result,0.9,0.75,0.8,0.2,MEDIUM,24,0.2140625,0.17505681818181817,0.2720738636363636,-0.0009469696969696961,2,2,0.4777462121212121,False,False,False,False
synthetic_required_quality_frontier_not_engine_result,0.9,0.75,0.8,0.2,CONSERVATIVE,24,0.368655303030303,0.3227272727272727,0.415,-0.0018939393939393923,4,4,0.6354166666666666,False,False,False,False
synthetic_required_quality_frontier_not_engine_result,0.9,0.75,0.8,0.4,FAST,24,0.14583333333333331,0.11428977272727273,0.17321022727272728,0.0,0,0,0.38636363636363635,True,False,False,False
synthetic_required_quality_frontier_not_engine_result,0.9,0.75,0.8,0.4,MEDIUM,24,0.22405303030303028,0.1771306818181818,0.2671590909090909,-0.0009469696969696961,2,2,0.5075757575757576,False,False,False,False
synthetic_required_quality_frontier_not_engine_result,0.9,0.75,0.8,0.4,CONSERVATIVE,24,0.3636363636363636,0.29517045454545454,0.41045454545454546,-0.0009469696969696961,2,2,0.6330492424242424,False,False,False,False
synthetic_required_quality_frontier_not_engine_result,0.9,0.75,0.8,0.6,FAST,24,0.11609848484848484,0.08923295454545455,0.13295454545454544,-0.00047348484848484806,1,1,0.31676136363636365,False,False,False,False
synthetic_required_quality_frontier_not_engine_result,0.9,0.75,0.8,0.6,MEDIUM,24,0.18390151515151515,0.1547159090909091,0.22136363636363637,0.0,0,0,0.4431818181818182,True,False,False,False
synthetic_required_quality_frontier_not_engine_result,0.9,0.75,0.8,0.6,CONSERVATIVE,24,0.3208806818181818,0.2511647727272727,0.3729545454545454,0.0,0,0,0.5871212121212122,True,True,False,False
synthetic_required_quality_frontier_not_engine_result,0.9,0.75,0.8,0.8,FAST,24,0.06837121212121212,0.045454545454545456,0.08911931818181819,0.0,0,0,0.18323863636363635,True,False,False,False
synthetic_required_quality_frontier_not_engine_result,0.9,0.75,0.8,0.8,MEDIUM,24,0.11803977272727273,0.09352272727272727,0.14105113636363636,0.0,0,0,0.2831439393939394,True,False,False,False
synthetic_required_quality_frontier_not_engine_result,0.9,0.75,0.8,0.8,CONSERVATIVE,24,0.2169034090909091,0.1815340909090909,0.25599431818181817,0.0,0,0,0.46070075757575757,True,False,False,False
synthetic_required_quality_frontier_not_engine_result,0.9,0.75,0.9,0.0,FAST,24,0.15118371212121212,0.12144886363636363,0.17886363636363636,-0.00047348484848484806,1,1,0.39015151515151514,False,False,False,False
synthetic_required_quality_frontier_not_engine_result,0.9,0.75,0.9,0.0,MEDIUM,24,0.21785037878787877,0.18380681818181818,0.2655113636363637,-0.0018939393939393923,4,4,0.49053030303030304,False,False,False,False
synthetic_required_quality_frontier_not_engine_result,0.9,0.75,0.9,0.0,CONSERVATIVE,24,0.36164772727272726,0.3158238636363636,0.42286931818181817,-0.00047348484848484806,1,1,0.6287878787878788,False,False,False,False
synthetic_required_quality_frontier_not_engine_result,0.9,0.75,0.9,0.2,FAST,24,0.14389204545454545,0.10877840909090909,0.16928977272727272,-0.0009469696969696961,2,2,0.38257575757575757,False,False,False,False
synthetic_required_quality_frontier_not_engine_result,0.9,0.75,0.9,0.2,MEDIUM,24,0.22509469696969697,0.1771875,0.24707386363636363,-0.00047348484848484806,1,1,0.5056818181818182,False,False,False,False
synthetic_required_quality_frontier_not_engine_result,0.9,0.75,0.9,0.2,CONSERVATIVE,24,0.36131628787878783,0.29761363636363636,0.41619318181818177,-0.00047348484848484806,1,1,0.6245265151515151,False,False,False,False
synthetic_required_quality_frontier_not_engine_result,0.9,0.75,0.9,0.4,FAST,24,0.1465435606060606,0.12161931818181818,0.1796875,-0.0009469696969696961,2,2,0.37926136363636365,False,False,False,False
synthetic_required_quality_frontier_not_engine_result,0.9,0.75,0.9,0.4,MEDIUM,24,0.22353219696969695,0.16463068181818183,0.26423295454545453,-0.0009469696969696961,2,2,0.5028409090909091,False,False,False,False
synthetic_required_quality_frontier_not_engine_result,0.9,0.75,0.9,0.4,CONSERVATIVE,24,0.37376893939393935,0.33102272727272725,0.4283238636363636,0.0,0,0,0.6505681818181818,True,True,False,False
synthetic_required_quality_frontier_not_engine_result,0.9,0.75,0.9,0.6,FAST,24,0.11974431818181817,0.09042613636363636,0.1465625,-0.00047348484848484806,1,1,0.3328598484848485,False,False,False,False
synthetic_required_quality_frontier_not_engine_result,0.9,0.75,0.9,0.6,MEDIUM,24,0.18167613636363636,0.15196022727272726,0.221875,-0.0009469696969696961,2,2,0.43797348484848486,False,False,False,False
synthetic_required_quality_frontier_not_engine_result,0.9,0.75,0.9,0.6,CONSERVATIVE,24,0.3112215909090909,0.2703693181818182,0.34917613636363637,0.0,0,0,0.5615530303030303,True,True,False,False
synthetic_required_quality_frontier_not_engine_result,0.9,0.75,0.9,0.8,FAST,24,0.06846590909090909,0.05392045454545455,0.09008522727272728,0.0,0,0,0.17850378787878787,True,False,False,False
synthetic_required_quality_frontier_not_engine_result,0.9,0.75,0.9,0.8,MEDIUM,24,0.1159090909090909,0.07957386363636364,0.14883522727272727,-0.0009469696969696961,2,2,0.2784090909090909,False,False,False,False
synthetic_required_quality_frontier_not_engine_result,0.9,0.75,0.9,0.8,CONSERVATIVE,24,0.22769886363636363,0.19090909090909092,0.2738352272727273,-0.00047348484848484806,1,1,0.47821969696969696,False,False,False,False
synthetic_required_quality_frontier_not_engine_result,0.9,1.0,0.6,0.0,FAST,24,0.0,0.0,0.0,0.0,0,0,0.0,True,False,False,False
synthetic_required_quality_frontier_not_engine_result,0.9,1.0,0.6,0.0,MEDIUM,24,0.0,0.0,0.0,0.0,0,0,0.0,True,False,False,False
synthetic_required_quality_frontier_not_engine_result,0.9,1.0,0.6,0.0,CONSERVATIVE,24,0.0,0.0,0.0,0.0,0,0,0.0,True,False,False,False
synthetic_required_quality_frontier_not_engine_result,0.9,1.0,0.6,0.2,FAST,24,0.0,0.0,0.0,0.0,0,0,0.0,True,False,False,False
synthetic_required_quality_frontier_not_engine_result,0.9,1.0,0.6,0.2,MEDIUM,24,0.0,0.0,0.0,0.0,0,0,0.0,True,False,False,False
synthetic_required_quality_frontier_not_engine_result,0.9,1.0,0.6,0.2,CONSERVATIVE,24,0.0,0.0,0.0,0.0,0,0,0.0,True,False,False,False
synthetic_required_quality_frontier_not_engine_result,0.9,1.0,0.6,0.4,FAST,24,0.0,0.0,0.0,0.0,0,0,0.0,True,False,False,False
synthetic_required_quality_frontier_not_engine_result,0.9,1.0,0.6,0.4,MEDIUM,24,0.0,0.0,0.0,0.0,0,0,0.0,True,False,False,False
synthetic_required_quality_frontier_not_engine_result,0.9,1.0,0.6,0.4,CONSERVATIVE,24,0.0,0.0,0.0,0.0,0,0,0.0,True,False,False,False
synthetic_required_quality_frontier_not_engine_result,0.9,1.0,0.6,0.6,FAST,24,0.0,0.0,0.0,0.0,0,0,0.0,True,False,False,False
synthetic_required_quality_frontier_not_engine_result,0.9,1.0,0.6,0.6,MEDIUM,24,0.0,0.0,0.0,0.0,0,0,0.0,True,False,False,False
synthetic_required_quality_frontier_not_engine_result,0.9,1.0,0.6,0.6,CONSERVATIVE,24,0.0,0.0,0.0,0.0,0,0,0.0,True,False,False,False
synthetic_required_quality_frontier_not_engine_result,0.9,1.0,0.6,0.8,FAST,24,0.0,0.0,0.0,0.0,0,0,0.0,True,False,False,False
synthetic_required_quality_frontier_not_engine_result,0.9,1.0,0.6,0.8,MEDIUM,24,0.0,0.0,0.0,0.0,0,0,0.0,True,False,False,False
synthetic_required_quality_frontier_not_engine_result,0.9,1.0,0.6,0.8,CONSERVATIVE,24,0.0,0.0,0.0,0.0,0,0,0.0,True,False,False,False
synthetic_required_quality_frontier_not_engine_result,0.9,1.0,0.7,0.0,FAST,24,0.1999526515151515,0.17696022727272726,0.2134659090909091,-0.0009469696969696961,2,2,0.5184659090909091,False,False,False,False
synthetic_required_quality_frontier_not_engine_result,0.9,1.0,0.7,0.0,MEDIUM,24,0.2987689393939394,0.2753409090909091,0.3235227272727273,-0.0023674242424242403,5,5,0.6751893939393939,False,False,False,False
synthetic_required_quality_frontier_not_engine_result,0.9,1.0,0.7,0.0,CONSERVATIVE,24,0.49171401515151514,0.4563068181818182,0.517528409090909,-0.0018939393939393923,4,4,0.8470643939393939,False,False,False,False
synthetic_required_quality_frontier_not_engine_result,0.9,1.0,0.7,0.2,FAST,24,0.1942708333333333,0.1699715909090909,0.2115056818181818,0.0,0,0,0.5113636363636364,True,False,False,False
synthetic_required_quality_frontier_not_engine_result,0.9,1.0,0.7,0.2,MEDIUM,24,0.29758522727272724,0.26627840909090905,0.3162215909090909,-0.0009469696969696961,2,2,0.665719696969697,False,False,False,False
synthetic_required_quality_frontier_not_engine_result,0.9,1.0,0.7,0.2,CONSERVATIVE,24,0.4924715909090909,0.46107954545454544,0.5179829545454545,0.0,0,0,0.8527462121212122,True,True,True,False
synthetic_required_quality_frontier_not_engine_result,0.9,1.0,0.7,0.4,FAST,24,0.1952651515151515,0.1746875,0.21167613636363636,-0.0023674242424242403,5,5,0.5108901515151515,False,False,False,False
synthetic_required_quality_frontier_not_engine_result,0.9,1.0,0.7,0.4,MEDIUM,24,0.30113636363636365,0.27988636363636366,0.3191477272727273,-0.0009469696969696961,2,2,0.6770833333333334,False,False,False,False
synthetic_required_quality_frontier_not_engine_result,0.9,1.0,0.7,0.4,CONSERVATIVE,24,0.4940340909090909,0.4579829545454545,0.5298011363636363,-0.0014204545454545442,3,3,0.8541666666666666,False,False,False,False
synthetic_required_quality_frontier_not_engine_result,0.9,1.0,0.7,0.6,FAST,24,0.15672348484848483,0.13119318181818182,0.17255681818181817,-0.0009469696969696961,2,2,0.43134469696969696,False,False,False,False
synthetic_required_quality_frontier_not_engine_result,0.9,1.0,0.7,0.6,MEDIUM,24,0.24370265151515152,0.21446022727272726,0.26394886363636366,-0.00047348484848484806,1,1,0.5885416666666666,False,False,False,False
synthetic_required_quality_frontier_not_engine_result,0.9,1.0,0.7,0.6,CONSERVATIVE,24,0.4270359848484848,0.3823579545454545,0.45289772727272726,0.0,0,0,0.7713068181818182,True,True,True,False
synthetic_required_quality_frontier_not_engine_result,0.9,1.0,0.7,0.8,FAST,24,0.09375,0.07403409090909091,0.10389204545454546,0.0,0,0,0.24384469696969696,True,False,False,False
synthetic_required_quality_frontier_not_engine_result,0.9,1.0,0.7,0.8,MEDIUM,24,0.16046401515151515,0.14204545454545456,0.17335227272727274,-0.00047348484848484806,1,1,0.3768939393939394,False,False,False,False
synthetic_required_quality_frontier_not_engine_result,0.9,1.0,0.7,0.8,CONSERVATIVE,24,0.2917613636363636,0.24857954545454547,0.3107102272727273,-0.0009469696969696961,2,2,0.6193181818181818,False,False,False,False
synthetic_required_quality_frontier_not_engine_result,0.9,1.0,0.8,0.0,FAST,24,0.1899621212121212,0.17014204545454545,0.2152556818181818,-0.0014204545454545442,3,3,0.5066287878787878,False,False,False,False
synthetic_required_quality_frontier_not_engine_result,0.9,1.0,0.8,0.0,MEDIUM,24,0.2973958333333333,0.27224431818181816,0.3173579545454545,-0.0014204545454545442,3,3,0.6671401515151515,False,False,False,False
synthetic_required_quality_frontier_not_engine_result,0.9,1.0,0.8,0.0,CONSERVATIVE,24,0.49251893939393937,0.45718749999999997,0.53,-0.0014204545454545442,3,3,0.8565340909090909,False,False,False,False
synthetic_required_quality_frontier_not_engine_result,0.9,1.0,0.8,0.2,FAST,24,0.1933712121212121,0.1628409090909091,0.21232954545454544,-0.0009469696969696961,2,2,0.5123106060606061,False,False,False,False
synthetic_required_quality_frontier_not_engine_result,0.9,1.0,0.8,0.2,MEDIUM,24,0.29043560606060603,0.2592897727272727,0.3084375,-0.0009469696969696961,2,2,0.650094696969697,False,False,False,False
synthetic_required_quality_frontier_not_engine_result,0.9,1.0,0.8,0.2,CONSERVATIVE,24,0.4874526515151515,0.4482386363636363,0.5197443181818182,-0.00047348484848484806,1,1,0.8456439393939394,False,False,False,False
synthetic_required_quality_frontier_not_engine_result,0.9,1.0,0.8,0.4,FAST,24,0.1946022727272727,0.17161931818181816,0.21477272727272725,-0.00047348484848484806,1,1,0.5108901515151515,False,False,False,False
synthetic_required_quality_frontier_not_engine_result,0.9,1.0,0.8,0.4,MEDIUM,24,0.28863636363636364,0.25065340909090905,0.3100284090909091,-0.00047348484848484806,1,1,0.6595643939393939,False,False,False,False
synthetic_required_quality_frontier_not_engine_result,0.9,1.0,0.8,0.4,CONSERVATIVE,24,0.487310606060606,0.44627840909090905,0.522528409090909,-0.00047348484848484806,1,1,0.8413825757575758,False,False,False,False
synthetic_required_quality_frontier_not_engine_result,0.9,1.0,0.8,0.6,FAST,24,0.1559659090909091,0.13088068181818183,0.17142045454545454,-0.0009469696969696961,2,2,0.42613636363636365,False,False,False,False
synthetic_required_quality_frontier_not_engine_result,0.9,1.0,0.8,0.6,MEDIUM,24,0.24616477272727272,0.22133522727272728,0.2697727272727273,-0.0009469696969696961,2,2,0.5904356060606061,False,False,False,False
synthetic_required_quality_frontier_not_engine_result,0.9,1.0,0.8,0.6,CONSERVATIVE,24,0.4203125,0.3797159090909091,0.44948863636363634,-0.00047348484848484806,1,1,0.7599431818181818,False,False,False,False
synthetic_required_quality_frontier_not_engine_result,0.9,1.0,0.8,0.8,FAST,24,0.09318181818181819,0.07306818181818181,0.10389204545454546,0.0,0,0,0.24195075757575757,True,False,False,False
synthetic_required_quality_frontier_not_engine_result,0.9,1.0,0.8,0.8,MEDIUM,24,0.15984848484848485,0.14107954545454546,0.1766193181818182,-0.00047348484848484806,1,1,0.3740530303030303,False,False,False,False
synthetic_required_quality_frontier_not_engine_result,0.9,1.0,0.8,0.8,CONSERVATIVE,24,0.2909090909090909,0.2714488636363636,0.3119886363636364,-0.0009469696969696961,2,2,0.6212121212121212,False,False,False,False
synthetic_required_quality_frontier_not_engine_result,0.9,1.0,0.9,0.0,FAST,24,0.19109848484848482,0.1733806818181818,0.2102272727272727,-0.0014204545454545442,3,3,0.5037878787878788,False,False,False,False
synthetic_required_quality_frontier_not_engine_result,0.9,1.0,0.9,0.0,MEDIUM,24,0.2959753787878788,0.26167613636363635,0.3191477272727273,-0.0018939393939393923,4,4,0.6633522727272727,False,False,False,False
synthetic_required_quality_frontier_not_engine_result,0.9,1.0,0.9,0.0,CONSERVATIVE,24,0.495217803030303,0.4647727272727272,0.524971590909091,-0.0014204545454545442,3,3,0.8551136363636364,False,False,False,False
synthetic_required_quality_frontier_not_engine_result,0.9,1.0,0.9,0.2,FAST,24,0.19900568181818182,0.1828125,0.21411931818181817,-0.00047348484848484806,1,1,0.5127840909090909,False,False,False,False
synthetic_required_quality_frontier_not_engine_result,0.9,1.0,0.9,0.2,MEDIUM,24,0.3037405303030303,0.28670454545454543,0.32661931818181816,-0.0009469696969696961,2,2,0.6747159090909091,False,False,False,False
synthetic_required_quality_frontier_not_engine_result,0.9,1.0,0.9,0.2,CONSERVATIVE,24,0.4828125,0.4385795454545454,0.5192897727272727,0.0,0,0,0.8352272727272727,True,True,True,False
synthetic_required_quality_frontier_not_engine_result,0.9,1.0,0.9,0.4,FAST,24,0.19147727272727272,0.17014204545454545,0.21071022727272726,-0.0014204545454545442,3,3,0.5056818181818182,False,False,False,False
synthetic_required_quality_frontier_not_engine_result,0.9,1.0,0.9,0.4,MEDIUM,24,0.29777462121212117,0.27102272727272725,0.3173579545454545,-0.0009469696969696961,2,2,0.665719696969697,False,False,False,False
synthetic_required_quality_frontier_not_engine_result,0.9,1.0,0.9,0.4,CONSERVATIVE,24,0.4866950757575757,0.45167613636363635,0.5228409090909091,-0.0009469696969696961,2,2,0.8442234848484849,False,False,False,False
synthetic_required_quality_frontier_not_engine_result,0.9,1.0,0.9,0.6,FAST,24,0.15610795454545454,0.1371875,0.17482954545454546,-0.00047348484848484806,1,1,0.4251893939393939,False,False,False,False
synthetic_required_quality_frontier_not_engine_result,0.9,1.0,0.9,0.6,MEDIUM,24,0.24625946969696969,0.22144886363636365,0.2661931818181818,-0.00047348484848484806,1,1,0.59375,False,False,False,False
synthetic_required_quality_frontier_not_engine_result,0.9,1.0,0.9,0.6,CONSERVATIVE,24,0.4275094696969697,0.4045738636363636,0.4537215909090909,-0.0009469696969696961,2,2,0.7732007575757576,False,False,False,False
synthetic_required_quality_frontier_not_engine_result,0.9,1.0,0.9,0.8,FAST,24,0.09398674242424243,0.07906250000000001,0.10454545454545455,-0.00047348484848484806,1,1,0.24384469696969696,False,False,False,False
synthetic_required_quality_frontier_not_engine_result,0.9,1.0,0.9,0.8,MEDIUM,24,0.16112689393939394,0.145625,0.17775568181818183,-0.00047348484848484806,1,1,0.3816287878787879,False,False,False,False
synthetic_required_quality_frontier_not_engine_result,0.9,1.0,0.9,0.8,CONSERVATIVE,24,0.2937026515151515,0.2578409090909091,0.3128125,-0.00047348484848484806,1,1,0.6264204545454546,False,False,False,False
synthetic_required_quality_frontier_not_engine_result,0.95,0.25,0.6,0.0,FAST,24,0.0,0.0,0.0,0.0,0,0,0.0,True,False,False,False
synthetic_required_quality_frontier_not_engine_result,0.95,0.25,0.6,0.0,MEDIUM,24,0.0,0.0,0.0,0.0,0,0,0.0,True,False,False,False
synthetic_required_quality_frontier_not_engine_result,0.95,0.25,0.6,0.0,CONSERVATIVE,24,0.0,0.0,0.0,0.0,0,0,0.0,True,False,False,False
synthetic_required_quality_frontier_not_engine_result,0.95,0.25,0.6,0.2,FAST,24,0.0,0.0,0.0,0.0,0,0,0.0,True,False,False,False
synthetic_required_quality_frontier_not_engine_result,0.95,0.25,0.6,0.2,MEDIUM,24,0.0,0.0,0.0,0.0,0,0,0.0,True,False,False,False
synthetic_required_quality_frontier_not_engine_result,0.95,0.25,0.6,0.2,CONSERVATIVE,24,0.0,0.0,0.0,0.0,0,0,0.0,True,False,False,False
synthetic_required_quality_frontier_not_engine_result,0.95,0.25,0.6,0.4,FAST,24,0.0,0.0,0.0,0.0,0,0,0.0,True,False,False,False
synthetic_required_quality_frontier_not_engine_result,0.95,0.25,0.6,0.4,MEDIUM,24,0.0,0.0,0.0,0.0,0,0,0.0,True,False,False,False
synthetic_required_quality_frontier_not_engine_result,0.95,0.25,0.6,0.4,CONSERVATIVE,24,0.0,0.0,0.0,0.0,0,0,0.0,True,False,False,False
synthetic_required_quality_frontier_not_engine_result,0.95,0.25,0.6,0.6,FAST,24,0.0,0.0,0.0,0.0,0,0,0.0,True,False,False,False
synthetic_required_quality_frontier_not_engine_result,0.95,0.25,0.6,0.6,MEDIUM,24,0.0,0.0,0.0,0.0,0,0,0.0,True,False,False,False
synthetic_required_quality_frontier_not_engine_result,0.95,0.25,0.6,0.6,CONSERVATIVE,24,0.0,0.0,0.0,0.0,0,0,0.0,True,False,False,False
synthetic_required_quality_frontier_not_engine_result,0.95,0.25,0.6,0.8,FAST,24,0.0,0.0,0.0,0.0,0,0,0.0,True,False,False,False
synthetic_required_quality_frontier_not_engine_result,0.95,0.25,0.6,0.8,MEDIUM,24,0.0,0.0,0.0,0.0,0,0,0.0,True,False,False,False
synthetic_required_quality_frontier_not_engine_result,0.95,0.25,0.6,0.8,CONSERVATIVE,24,0.0,0.0,0.0,0.0,0,0,0.0,True,False,False,False
synthetic_required_quality_frontier_not_engine_result,0.95,0.25,0.7,0.0,FAST,24,0.05317234848484848,0.026818181818181814,0.08400568181818183,0.0,0,0,0.13020833333333334,True,False,False,False
synthetic_required_quality_frontier_not_engine_result,0.95,0.25,0.7,0.0,MEDIUM,24,0.08082386363636364,0.05474431818181818,0.11423295454545455,0.0,0,0,0.17897727272727273,True,False,False,False
synthetic_required_quality_frontier_not_engine_result,0.95,0.25,0.7,0.0,CONSERVATIVE,24,0.1321496212121212,0.09872159090909091,0.1815909090909091,-0.00047348484848484806,1,1,0.21875,False,False,False,False
synthetic_required_quality_frontier_not_engine_result,0.95,0.25,0.7,0.2,FAST,24,0.052367424242424236,0.025170454545454544,0.08207386363636365,-0.00047348484848484806,1,1,0.1377840909090909,False,False,False,False
synthetic_required_quality_frontier_not_engine_result,0.95,0.25,0.7,0.2,MEDIUM,24,0.07604166666666666,0.02846590909090909,0.1243465909090909,0.0,0,0,0.17518939393939395,True,False,False,False
synthetic_required_quality_frontier_not_engine_result,0.95,0.25,0.7,0.2,CONSERVATIVE,24,0.1352746212121212,0.09335227272727273,0.16329545454545452,-0.00047348484848484806,1,1,0.23484848484848486,False,False,False,False
synthetic_required_quality_frontier_not_engine_result,0.95,0.25,0.7,0.4,FAST,24,0.04673295454545454,0.023380681818181814,0.08571022727272727,0.0,0,0,0.13541666666666666,True,False,False,False
synthetic_required_quality_frontier_not_engine_result,0.95,0.25,0.7,0.4,MEDIUM,24,0.0824810606060606,0.04113636363636364,0.11346590909090909,0.0,0,0,0.18087121212121213,True,False,False,False
synthetic_required_quality_frontier_not_engine_result,0.95,0.25,0.7,0.4,CONSERVATIVE,24,0.1380681818181818,0.09448863636363636,0.17369318181818183,0.0,0,0,0.2334280303030303,True,False,False,False
synthetic_required_quality_frontier_not_engine_result,0.95,0.25,0.7,0.6,FAST,24,0.03612689393939394,0.005056818181818182,0.06505681818181819,0.0,0,0,0.10132575757575757,True,False,False,False
synthetic_required_quality_frontier_not_engine_result,0.95,0.25,0.7,0.6,MEDIUM,24,0.06458333333333334,0.03832386363636364,0.096875,0.0,0,0,0.16287878787878787,True,False,False,False
synthetic_required_quality_frontier_not_engine_result,0.95,0.25,0.7,0.6,CONSERVATIVE,24,0.11486742424242424,0.05571022727272727,0.16553977272727274,0.0,0,0,0.21306818181818182,True,False,False,False
synthetic_required_quality_frontier_not_engine_result,0.95,0.25,0.7,0.8,FAST,24,0.02324810606060606,0.009261363636363637,0.044886363636363655,0.0,0,0,0.06202651515151515,True,False,False,False
synthetic_required_quality_frontier_not_engine_result,0.95,0.25,0.7,0.8,MEDIUM,24,0.03702651515151515,0.017045454545454548,0.05534090909090909,-0.00047348484848484806,1,1,0.08664772727272728,False,False,False,False
synthetic_required_quality_frontier_not_engine_result,0.95,0.25,0.7,0.8,CONSERVATIVE,24,0.0771780303030303,0.04448863636363636,0.11636363636363638,0.0,0,0,0.16571969696969696,True,False,False,False
synthetic_required_quality_frontier_not_engine_result,0.95,0.25,0.8,0.0,FAST,24,0.05511363636363636,0.03247159090909091,0.08068181818181817,0.0,0,0,0.1434659090909091,True,False,False,False
synthetic_required_quality_frontier_not_engine_result,0.95,0.25,0.8,0.0,MEDIUM,24,0.08233901515151515,0.052784090909090906,0.10730113636363636,-0.00047348484848484806,1,1,0.1846590909090909,False,False,False,False
synthetic_required_quality_frontier_not_engine_result,0.95,0.25,0.8,0.0,CONSERVATIVE,24,0.11898674242424241,0.07258522727272727,0.17579545454545453,0.0,0,0,0.20975378787878787,True,False,False,False
synthetic_required_quality_frontier_not_engine_result,0.95,0.25,0.8,0.2,FAST,24,0.048437499999999994,0.01852272727272727,0.07758522727272726,0.0,0,0,0.12926136363636365,True,False,False,False
synthetic_required_quality_frontier_not_engine_result,0.95,0.25,0.8,0.2,MEDIUM,24,0.07670454545454546,0.045,0.1100284090909091,0.0,0,0,0.17803030303030304,True,False,False,False
synthetic_required_quality_frontier_not_engine_result,0.95,0.25,0.8,0.2,CONSERVATIVE,24,0.11671401515151514,0.07616477272727272,0.1559375,0.0,0,0,0.19933712121212122,True,False,False,False
synthetic_required_quality_frontier_not_engine_result,0.95,0.25,0.8,0.4,FAST,24,0.047064393939393934,0.01786931818181818,0.07806818181818181,0.0,0,0,0.12310606060606061,True,False,False,False
synthetic_required_quality_frontier_not_engine_result,0.95,0.25,0.8,0.4,MEDIUM,24,0.08044507575757576,0.04076704545454545,0.11573863636363636,-0.00047348484848484806,1,1,0.17992424242424243,False,False,False,False
synthetic_required_quality_frontier_not_engine_result,0.95,0.25,0.8,0.4,CONSERVATIVE,24,0.12585227272727273,0.07403409090909091,0.17107954545454546,0.0,0,0,0.21543560606060605,True,False,False,False
synthetic_required_quality_frontier_not_engine_result,0.95,0.25,0.8,0.6,FAST,24,0.04128787878787879,0.022897727272727278,0.06605113636363637,0.0,0,0,0.11174242424242424,True,False,False,False
synthetic_required_quality_frontier_not_engine_result,0.95,0.25,0.8,0.6,MEDIUM,24,0.06178977272727273,0.030738636363636367,0.08732954545454545,-0.00047348484848484806,1,1,0.15056818181818182,False,False,False,False
synthetic_required_quality_frontier_not_engine_result,0.95,0.25,0.8,0.6,CONSERVATIVE,24,0.11524621212121211,0.06889204545454546,0.14349431818181818,0.0,0,0,0.20549242424242425,True,False,False,False
synthetic_required_quality_frontier_not_engine_result,0.95,0.25,0.8,0.8,FAST,24,0.027604166666666666,0.008125000000000002,0.042357954545454546,0.0,0,0,0.07244318181818182,True,False,False,False
synthetic_required_quality_frontier_not_engine_result,0.95,0.25,0.8,0.8,MEDIUM,24,0.04180871212121212,0.011704545454545457,0.06119318181818182,-0.00047348484848484806,1,1,0.09895833333333333,False,False,False,False
synthetic_required_quality_frontier_not_engine_result,0.95,0.25,0.8,0.8,CONSERVATIVE,24,0.07490530303030303,0.036704545454545455,0.10144886363636364,0.0,0,0,0.1571969696969697,True,False,False,False
synthetic_required_quality_frontier_not_engine_result,0.95,0.25,0.9,0.0,FAST,24,0.05336174242424242,0.025823863636363634,0.07869318181818181,0.0,0,0,0.13399621212121213,True,False,False,False
synthetic_required_quality_frontier_not_engine_result,0.95,0.25,0.9,0.0,MEDIUM,24,0.07736742424242424,0.05071022727272727,0.1065909090909091,0.0,0,0,0.17708333333333334,True,False,False,False
synthetic_required_quality_frontier_not_engine_result,0.95,0.25,0.9,0.0,CONSERVATIVE,24,0.13191287878787877,0.08477272727272726,0.1759659090909091,0.0,0,0,0.23106060606060605,True,False,False,False
synthetic_required_quality_frontier_not_engine_result,0.95,0.25,0.9,0.2,FAST,24,0.05298295454545454,0.018068181818181817,0.08798295454545454,0.0,0,0,0.13162878787878787,True,False,False,False
synthetic_required_quality_frontier_not_engine_result,0.95,0.25,0.9,0.2,MEDIUM,24,0.07462121212121212,0.027812499999999997,0.10758522727272728,-0.00047348484848484806,1,1,0.1747159090909091,False,False,False,False
synthetic_required_quality_frontier_not_engine_result,0.95,0.25,0.9,0.2,CONSERVATIVE,24,0.12660984848484846,0.07045454545454545,0.18048295454545454,-0.00047348484848484806,1,1,0.21401515151515152,False,False,False,False
synthetic_required_quality_frontier_not_engine_result,0.95,0.25,0.9,0.4,FAST,24,0.04791666666666666,0.027130681818181818,0.07125,0.0,0,0,0.13399621212121213,True,False,False,False
synthetic_required_quality_frontier_not_engine_result,0.95,0.25,0.9,0.4,MEDIUM,24,0.08167613636363635,0.04548295454545455,0.11036931818181818,0.0,0,0,0.17897727272727273,True,False,False,False
synthetic_required_quality_frontier_not_engine_result,0.95,0.25,0.9,0.4,CONSERVATIVE,24,0.1274621212121212,0.07,0.1686647727272727,0.0,0,0,0.21827651515151514,True,False,False,False
synthetic_required_quality_frontier_not_engine_result,0.95,0.25,0.9,0.6,FAST,24,0.040009469696969696,0.016590909090909094,0.07772727272727273,-0.00047348484848484806,1,1,0.10984848484848485,False,False,False,False
synthetic_required_quality_frontier_not_engine_result,0.95,0.25,0.9,0.6,MEDIUM,24,0.07073863636363636,0.041107954545454545,0.10647727272727273,0.0,0,0,0.17424242424242425,True,False,False,False
synthetic_required_quality_frontier_not_engine_result,0.95,0.25,0.9,0.6,CONSERVATIVE,24,0.11155303030303029,0.07292613636363636,0.16795454545454547,-0.00047348484848484806,1,1,0.2012310606060606,False,False,False,False
synthetic_required_quality_frontier_not_engine_result,0.95,0.25,0.9,0.8,FAST,24,0.028645833333333332,0.008125000000000002,0.04772727272727273,0.0,0,0,0.07291666666666667,True,False,False,False
synthetic_required_quality_frontier_not_engine_result,0.95,0.25,0.9,0.8,MEDIUM,24,0.04138257575757576,0.01997159090909091,0.0681534090909091,0.0,0,0,0.10132575757575757,True,False,False,False
synthetic_required_quality_frontier_not_engine_result,0.95,0.25,0.9,0.8,CONSERVATIVE,24,0.07840909090909091,0.0540625,0.1137784090909091,0.0,0,0,0.16666666666666666,True,False,False,False
synthetic_required_quality_frontier_not_engine_result,0.95,0.475,0.6,0.0,FAST,24,0.0,0.0,0.0,0.0,0,0,0.0,True,False,False,False
synthetic_required_quality_frontier_not_engine_result,0.95,0.475,0.6,0.0,MEDIUM,24,0.0,0.0,0.0,0.0,0,0,0.0,True,False,False,False
synthetic_required_quality_frontier_not_engine_result,0.95,0.475,0.6,0.0,CONSERVATIVE,24,0.0,0.0,0.0,0.0,0,0,0.0,True,False,False,False
synthetic_required_quality_frontier_not_engine_result,0.95,0.475,0.6,0.2,FAST,24,0.0,0.0,0.0,0.0,0,0,0.0,True,False,False,False
synthetic_required_quality_frontier_not_engine_result,0.95,0.475,0.6,0.2,MEDIUM,24,0.0,0.0,0.0,0.0,0,0,0.0,True,False,False,False
synthetic_required_quality_frontier_not_engine_result,0.95,0.475,0.6,0.2,CONSERVATIVE,24,0.0,0.0,0.0,0.0,0,0,0.0,True,False,False,False
synthetic_required_quality_frontier_not_engine_result,0.95,0.475,0.6,0.4,FAST,24,0.0,0.0,0.0,0.0,0,0,0.0,True,False,False,False
synthetic_required_quality_frontier_not_engine_result,0.95,0.475,0.6,0.4,MEDIUM,24,0.0,0.0,0.0,0.0,0,0,0.0,True,False,False,False
synthetic_required_quality_frontier_not_engine_result,0.95,0.475,0.6,0.4,CONSERVATIVE,24,0.0,0.0,0.0,0.0,0,0,0.0,True,False,False,False
synthetic_required_quality_frontier_not_engine_result,0.95,0.475,0.6,0.6,FAST,24,0.0,0.0,0.0,0.0,0,0,0.0,True,False,False,False
synthetic_required_quality_frontier_not_engine_result,0.95,0.475,0.6,0.6,MEDIUM,24,0.0,0.0,0.0,0.0,0,0,0.0,True,False,False,False
synthetic_required_quality_frontier_not_engine_result,0.95,0.475,0.6,0.6,CONSERVATIVE,24,0.0,0.0,0.0,0.0,0,0,0.0,True,False,False,False
synthetic_required_quality_frontier_not_engine_result,0.95,0.475,0.6,0.8,FAST,24,0.0,0.0,0.0,0.0,0,0,0.0,True,False,False,False
synthetic_required_quality_frontier_not_engine_result,0.95,0.475,0.6,0.8,MEDIUM,24,0.0,0.0,0.0,0.0,0,0,0.0,True,False,False,False
synthetic_required_quality_frontier_not_engine_result,0.95,0.475,0.6,0.8,CONSERVATIVE,24,0.0,0.0,0.0,0.0,0,0,0.0,True,False,False,False
synthetic_required_quality_frontier_not_engine_result,0.95,0.475,0.7,0.0,FAST,24,0.10307765151515151,0.07127840909090909,0.1327840909090909,0.0,0,0,0.2637310606060606,True,False,False,False
synthetic_required_quality_frontier_not_engine_result,0.95,0.475,0.7,0.0,MEDIUM,24,0.14791666666666667,0.1071875,0.1897159090909091,0.0,0,0,0.3309659090909091,True,False,False,False
synthetic_required_quality_frontier_not_engine_result,0.95,0.475,0.7,0.0,CONSERVATIVE,24,0.24232954545454544,0.19650568181818182,0.2964204545454545,0.0,0,0,0.4199810606060606,True,False,False,False
synthetic_required_quality_frontier_not_engine_result,0.95,0.475,0.7,0.2,FAST,24,0.09891098484848485,0.05909090909090909,0.12579545454545454,0.0,0,0,0.25804924242424243,True,False,False,False
synthetic_required_quality_frontier_not_engine_result,0.95,0.475,0.7,0.2,MEDIUM,24,0.14142992424242423,0.10602272727272727,0.19014204545454547,-0.0009469696969696961,2,2,0.32007575757575757,False,False,False,False
synthetic_required_quality_frontier_not_engine_result,0.95,0.475,0.7,0.2,CONSERVATIVE,24,0.2558712121212121,0.19732954545454545,0.32090909090909087,0.0,0,0,0.42613636363636365,True,False,False,False
synthetic_required_quality_frontier_not_engine_result,0.95,0.475,0.7,0.4,FAST,24,0.09919507575757575,0.0653125,0.13517045454545457,0.0,0,0,0.2637310606060606,True,False,False,False
synthetic_required_quality_frontier_not_engine_result,0.95,0.475,0.7,0.4,MEDIUM,24,0.15227272727272725,0.10556818181818181,0.18829545454545452,0.0,0,0,0.3338068181818182,True,False,False,False
synthetic_required_quality_frontier_not_engine_result,0.95,0.475,0.7,0.4,CONSERVATIVE,24,0.25004734848484844,0.18565340909090908,0.3137784090909091,-0.00047348484848484806,1,1,0.42992424242424243,False,False,False,False
synthetic_required_quality_frontier_not_engine_result,0.95,0.475,0.7,0.6,FAST,24,0.08001893939393939,0.048551136363636366,0.10840909090909091,-0.0009469696969696961,2,2,0.2168560606060606,False,False,False,False
synthetic_required_quality_frontier_not_engine_result,0.95,0.475,0.7,0.6,MEDIUM,24,0.13257575757575757,0.10977272727272727,0.16485795454545454,0.0,0,0,0.31107954545454547,True,False,False,False
synthetic_required_quality_frontier_not_engine_result,0.95,0.475,0.7,0.6,CONSERVATIVE,24,0.20265151515151514,0.1452272727272727,0.24508522727272727,0.0,0,0,0.36884469696969696,True,False,False,False
synthetic_required_quality_frontier_not_engine_result,0.95,0.475,0.7,0.8,FAST,24,0.04734848484848485,0.023863636363636365,0.07105113636363637,0.0,0,0,0.12263257575757576,True,False,False,False
synthetic_required_quality_frontier_not_engine_result,0.95,0.475,0.7,0.8,MEDIUM,24,0.0818655303030303,0.06022727272727273,0.10599431818181818,-0.00047348484848484806,1,1,0.19696969696969696,False,False,False,False
synthetic_required_quality_frontier_not_engine_result,0.95,0.475,0.7,0.8,CONSERVATIVE,24,0.14786931818181817,0.10036931818181818,0.19914772727272728,0.0,0,0,0.31202651515151514,True,False,False,False
synthetic_required_quality_frontier_not_engine_result,0.95,0.475,0.8,0.0,FAST,24,0.09417613636363636,0.07224431818181817,0.13369318181818182,0.0,0,0,0.25047348484848486,True,False,False,False
synthetic_required_quality_frontier_not_engine_result,0.95,0.475,0.8,0.0,MEDIUM,24,0.13664772727272725,0.08627840909090909,0.17463068181818184,-0.00047348484848484806,1,1,0.3162878787878788,False,False,False,False
synthetic_required_quality_frontier_not_engine_result,0.95,0.475,0.8,0.0,CONSERVATIVE,24,0.23944128787878788,0.19105113636363635,0.2884375,0.0,0,0,0.41571969696969696,True,False,False,False
synthetic_required_quality_frontier_not_engine_result,0.95,0.475,0.8,0.2,FAST,24,0.09232954545454546,0.0640340909090909,0.12159090909090908,0.0,0,0,0.25236742424242425,True,False,False,False
synthetic_required_quality_frontier_not_engine_result,0.95,0.475,0.8,0.2,MEDIUM,24,0.15767045454545453,0.12792613636363637,0.1983522727272727,0.0,0,0,0.34990530303030304,True,False,False,False
synthetic_required_quality_frontier_not_engine_result,0.95,0.475,0.8,0.2,CONSERVATIVE,24,0.243655303030303,0.2068181818181818,0.2743465909090909,0.0,0,0,0.42140151515151514,True,False,False,False
synthetic_required_quality_frontier_not_engine_result,0.95,0.475,0.8,0.4,FAST,24,0.09692234848484847,0.06139204545454545,0.12985795454545454,0.0,0,0,0.2589962121212121,True,False,False,False
synthetic_required_quality_frontier_not_engine_result,0.95,0.475,0.8,0.4,MEDIUM,24,0.14498106060606059,0.10292613636363636,0.17852272727272728,0.0,0,0,0.32954545454545453,True,False,False,False
synthetic_required_quality_frontier_not_engine_result,0.95,0.475,0.8,0.4,CONSERVATIVE,24,0.2537878787878788,0.19383522727272726,0.30451704545454544,0.0,0,0,0.44365530303030304,True,False,False,False
synthetic_required_quality_frontier_not_engine_result,0.95,0.475,0.8,0.6,FAST,24,0.07694128787878787,0.04957386363636364,0.10193181818181818,0.0,0,0,0.21354166666666666,True,False,False,False
synthetic_required_quality_frontier_not_engine_result,0.95,0.475,0.8,0.6,MEDIUM,24,0.12793560606060606,0.09210227272727273,0.17676136363636363,-0.00047348484848484806,1,1,0.3035037878787879,False,False,False,False
synthetic_required_quality_frontier_not_engine_result,0.95,0.475,0.8,0.6,CONSERVATIVE,24,0.21330492424242423,0.16190340909090908,0.26193181818181815,-0.00047348484848484806,1,1,0.3849431818181818,False,False,False,False
synthetic_required_quality_frontier_not_engine_result,0.95,0.475,0.8,0.8,FAST,24,0.04535984848484849,0.020625,0.07011363636363636,-0.00047348484848484806,1,1,0.12168560606060606,False,False,False,False
synthetic_required_quality_frontier_not_engine_result,0.95,0.475,0.8,0.8,MEDIUM,24,0.07826704545454545,0.05019886363636364,0.11792613636363639,0.0,0,0,0.18892045454545456,True,False,False,False
synthetic_required_quality_frontier_not_engine_result,0.95,0.475,0.8,0.8,CONSERVATIVE,24,0.14895833333333333,0.11528409090909092,0.18500000000000003,-0.00047348484848484806,1,1,0.3158143939393939,False,False,False,False
synthetic_required_quality_frontier_not_engine_result,0.95,0.475,0.9,0.0,FAST,24,0.09730113636363635,0.06562499999999999,0.14008522727272726,0.0,0,0,0.25804924242424243,True,False,False,False
synthetic_required_quality_frontier_not_engine_result,0.95,0.475,0.9,0.0,MEDIUM,24,0.13683712121212122,0.10292613636363636,0.1772159090909091,0.0,0,0,0.3096590909090909,True,False,False,False
synthetic_required_quality_frontier_not_engine_result,0.95,0.475,0.9,0.0,CONSERVATIVE,24,0.249905303030303,0.20099431818181818,0.3009375,-0.00047348484848484806,1,1,0.4322916666666667,False,False,False,False
synthetic_required_quality_frontier_not_engine_result,0.95,0.475,0.9,0.2,FAST,24,0.09592803030303029,0.07451704545454546,0.12159090909090908,0.0,0,0,0.2518939393939394,True,False,False,False
synthetic_required_quality_frontier_not_engine_result,0.95,0.475,0.9,0.2,MEDIUM,24,0.15165719696969696,0.1078125,0.191875,0.0,0,0,0.3366477272727273,True,False,False,False
synthetic_required_quality_frontier_not_engine_result,0.95,0.475,0.9,0.2,CONSERVATIVE,24,0.23892045454545452,0.1811931818181818,0.29073863636363634,0.0,0,0,0.4180871212121212,True,False,False,False
synthetic_required_quality_frontier_not_engine_result,0.95,0.475,0.9,0.4,FAST,24,0.09218749999999999,0.06576704545454545,0.11670454545454545,-0.0014204545454545442,3,3,0.24195075757575757,False,False,False,False
synthetic_required_quality_frontier_not_engine_result,0.95,0.475,0.9,0.4,MEDIUM,24,0.14857954545454544,0.09414772727272727,0.19085227272727273,0.0,0,0,0.3347537878787879,True,False,False,False
synthetic_required_quality_frontier_not_engine_result,0.95,0.475,0.9,0.4,CONSERVATIVE,24,0.240530303030303,0.188125,0.29295454545454547,0.0,0,0,0.4095643939393939,True,False,False,False
synthetic_required_quality_frontier_not_engine_result,0.95,0.475,0.9,0.6,FAST,24,0.07514204545454545,0.05130681818181818,0.10642045454545457,0.0,0,0,0.21117424242424243,True,False,False,False
synthetic_required_quality_frontier_not_engine_result,0.95,0.475,0.9,0.6,MEDIUM,24,0.12007575757575757,0.08105113636363637,0.14625,0.0,0,0,0.29640151515151514,True,False,False,False
synthetic_required_quality_frontier_not_engine_result,0.95,0.475,0.9,0.6,CONSERVATIVE,24,0.21382575757575756,0.15735795454545454,0.2540340909090909,0.0,0,0,0.38920454545454547,True,False,False,False
synthetic_required_quality_frontier_not_engine_result,0.95,0.475,0.9,0.8,FAST,24,0.0472064393939394,0.028920454545454548,0.06866477272727274,0.0,0,0,0.12215909090909091,True,False,False,False
synthetic_required_quality_frontier_not_engine_result,0.95,0.475,0.9,0.8,MEDIUM,24,0.0750473484848485,0.05201704545454546,0.10289772727272728,0.0,0,0,0.18039772727272727,True,False,False,False
synthetic_required_quality_frontier_not_engine_result,0.95,0.475,0.9,0.8,CONSERVATIVE,24,0.1428503787878788,0.10261363636363637,0.17448863636363637,0.0,0,0,0.30634469696969696,True,False,False,False
synthetic_required_quality_frontier_not_engine_result,0.95,0.75,0.6,0.0,FAST,24,0.0,0.0,0.0,0.0,0,0,0.0,True,False,False,False
synthetic_required_quality_frontier_not_engine_result,0.95,0.75,0.6,0.0,MEDIUM,24,0.0,0.0,0.0,0.0,0,0,0.0,True,False,False,False
synthetic_required_quality_frontier_not_engine_result,0.95,0.75,0.6,0.0,CONSERVATIVE,24,0.0,0.0,0.0,0.0,0,0,0.0,True,False,False,False
synthetic_required_quality_frontier_not_engine_result,0.95,0.75,0.6,0.2,FAST,24,0.0,0.0,0.0,0.0,0,0,0.0,True,False,False,False
synthetic_required_quality_frontier_not_engine_result,0.95,0.75,0.6,0.2,MEDIUM,24,0.0,0.0,0.0,0.0,0,0,0.0,True,False,False,False
synthetic_required_quality_frontier_not_engine_result,0.95,0.75,0.6,0.2,CONSERVATIVE,24,0.0,0.0,0.0,0.0,0,0,0.0,True,False,False,False
synthetic_required_quality_frontier_not_engine_result,0.95,0.75,0.6,0.4,FAST,24,0.0,0.0,0.0,0.0,0,0,0.0,True,False,False,False
synthetic_required_quality_frontier_not_engine_result,0.95,0.75,0.6,0.4,MEDIUM,24,0.0,0.0,0.0,0.0,0,0,0.0,True,False,False,False
synthetic_required_quality_frontier_not_engine_result,0.95,0.75,0.6,0.4,CONSERVATIVE,24,0.0,0.0,0.0,0.0,0,0,0.0,True,False,False,False
synthetic_required_quality_frontier_not_engine_result,0.95,0.75,0.6,0.6,FAST,24,0.0,0.0,0.0,0.0,0,0,0.0,True,False,False,False
synthetic_required_quality_frontier_not_engine_result,0.95,0.75,0.6,0.6,MEDIUM,24,0.0,0.0,0.0,0.0,0,0,0.0,True,False,False,False
synthetic_required_quality_frontier_not_engine_result,0.95,0.75,0.6,0.6,CONSERVATIVE,24,0.0,0.0,0.0,0.0,0,0,0.0,True,False,False,False
synthetic_required_quality_frontier_not_engine_result,0.95,0.75,0.6,0.8,FAST,24,0.0,0.0,0.0,0.0,0,0,0.0,True,False,False,False
synthetic_required_quality_frontier_not_engine_result,0.95,0.75,0.6,0.8,MEDIUM,24,0.0,0.0,0.0,0.0,0,0,0.0,True,False,False,False
synthetic_required_quality_frontier_not_engine_result,0.95,0.75,0.6,0.8,CONSERVATIVE,24,0.0,0.0,0.0,0.0,0,0,0.0,True,False,False,False
synthetic_required_quality_frontier_not_engine_result,0.95,0.75,0.7,0.0,FAST,24,0.14815340909090907,0.12630681818181816,0.18667613636363636,-0.00047348484848484806,1,1,0.4024621212121212,False,False,False,False
synthetic_required_quality_frontier_not_engine_result,0.95,0.75,0.7,0.0,MEDIUM,24,0.23607954545454543,0.19093749999999998,0.2730397727272727,-0.00047348484848484806,1,1,0.5345643939393939,False,False,False,False
synthetic_required_quality_frontier_not_engine_result,0.95,0.75,0.7,0.0,CONSERVATIVE,24,0.39038825757575757,0.30752840909090906,0.4352272727272727,0.0,0,0,0.6709280303030303,True,True,False,False
synthetic_required_quality_frontier_not_engine_result,0.95,0.75,0.7,0.2,FAST,24,0.15288825757575755,0.12840909090909092,0.17545454545454545,0.0,0,0,0.40009469696969696,True,False,False,False
synthetic_required_quality_frontier_not_engine_result,0.95,0.75,0.7,0.2,MEDIUM,24,0.23281249999999998,0.19724431818181817,0.26670454545454547,0.0,0,0,0.53125,True,False,False,False
synthetic_required_quality_frontier_not_engine_result,0.95,0.75,0.7,0.2,CONSERVATIVE,24,0.3892518939393939,0.3381818181818182,0.4311363636363636,-0.00047348484848484806,1,1,0.678030303030303,False,False,False,False
synthetic_required_quality_frontier_not_engine_result,0.95,0.75,0.7,0.4,FAST,24,0.15568181818181817,0.12272727272727273,0.18355113636363635,-0.00047348484848484806,1,1,0.4114583333333333,False,False,False,False
synthetic_required_quality_frontier_not_engine_result,0.95,0.75,0.7,0.4,MEDIUM,24,0.24384469696969696,0.21414772727272727,0.2825852272727273,-0.00047348484848484806,1,1,0.540719696969697,False,False,False,False
synthetic_required_quality_frontier_not_engine_result,0.95,0.75,0.7,0.4,CONSERVATIVE,24,0.390435606060606,0.3396306818181818,0.4348579545454545,-0.00047348484848484806,1,1,0.6775568181818182,False,False,False,False
synthetic_required_quality_frontier_not_engine_result,0.95,0.75,0.7,0.6,FAST,24,0.12050189393939394,0.083125,0.14948863636363638,-0.00047348484848484806,1,1,0.3252840909090909,False,False,False,False
synthetic_required_quality_frontier_not_engine_result,0.95,0.75,0.7,0.6,MEDIUM,24,0.1924715909090909,0.1552272727272727,0.2259659090909091,0.0,0,0,0.46875,True,False,False,False
synthetic_required_quality_frontier_not_engine_result,0.95,0.75,0.7,0.6,CONSERVATIVE,24,0.34483901515151516,0.28420454545454543,0.3735227272727273,0.0,0,0,0.6283143939393939,True,True,False,False
synthetic_required_quality_frontier_not_engine_result,0.95,0.75,0.7,0.8,FAST,24,0.0771780303030303,0.05440340909090909,0.0912215909090909,-0.00047348484848484806,1,1,0.19791666666666666,False,False,False,False
synthetic_required_quality_frontier_not_engine_result,0.95,0.75,0.7,0.8,MEDIUM,24,0.13049242424242424,0.11559659090909091,0.15227272727272728,-0.00047348484848484806,1,1,0.30445075757575757,False,False,False,False
synthetic_required_quality_frontier_not_engine_result,0.95,0.75,0.7,0.8,CONSERVATIVE,24,0.23285984848484848,0.2044318181818182,0.2595454545454545,-0.00047348484848484806,1,1,0.4962121212121212,False,False,False,False
synthetic_required_quality_frontier_not_engine_result,0.95,0.75,0.8,0.0,FAST,24,0.15383522727272728,0.13068181818181818,0.1783806818181818,-0.0009469696969696961,2,2,0.4015151515151515,False,False,False,False
synthetic_required_quality_frontier_not_engine_result,0.95,0.75,0.8,0.0,MEDIUM,24,0.2383996212121212,0.2112215909090909,0.26866477272727274,-0.0018939393939393923,4,4,0.5298295454545454,False,False,False,False
synthetic_required_quality_frontier_not_engine_result,0.95,0.75,0.8,0.0,CONSERVATIVE,24,0.39228219696969696,0.33499999999999996,0.4441477272727272,-0.00047348484848484806,1,1,0.6860795454545454,False,False,False,False
synthetic_required_quality_frontier_not_engine_result,0.95,0.75,0.8,0.2,FAST,24,0.15113636363636362,0.12164772727272727,0.18440340909090908,-0.00047348484848484806,1,1,0.39204545454545453,False,False,False,False
synthetic_required_quality_frontier_not_engine_result,0.95,0.75,0.8,0.2,MEDIUM,24,0.2299715909090909,0.19724431818181817,0.2636363636363636,-0.0009469696969696961,2,2,0.5160984848484849,False,False,False,False
synthetic_required_quality_frontier_not_engine_result,0.95,0.75,0.8,0.2,CONSERVATIVE,24,0.39000946969696965,0.33980113636363635,0.4499715909090909,0.0,0,0,0.665719696969697,True,True,False,False
synthetic_required_quality_frontier_not_engine_result,0.95,0.75,0.8,0.4,FAST,24,0.15767045454545453,0.13639204545454545,0.17548295454545454,-0.0009469696969696961,2,2,0.41429924242424243,False,False,False,False
synthetic_required_quality_frontier_not_engine_result,0.95,0.75,0.8,0.4,MEDIUM,24,0.23148674242424241,0.1892897727272727,0.26846590909090906,0.0,0,0,0.5227272727272727,True,False,False,False
synthetic_required_quality_frontier_not_engine_result,0.95,0.75,0.8,0.4,CONSERVATIVE,24,0.3892045454545454,0.30457386363636363,0.44090909090909086,-0.0009469696969696961,2,2,0.6766098484848485,False,False,False,False
synthetic_required_quality_frontier_not_engine_result,0.95,0.75,0.8,0.6,FAST,24,0.12542613636363636,0.09875,0.15241477272727272,0.0,0,0,0.3456439393939394,True,False,False,False
synthetic_required_quality_frontier_not_engine_result,0.95,0.75,0.8,0.6,MEDIUM,24,0.18991477272727272,0.15974431818181817,0.21914772727272727,0.0,0,0,0.46259469696969696,True,False,False,False
synthetic_required_quality_frontier_not_engine_result,0.95,0.75,0.8,0.6,CONSERVATIVE,24,0.3362215909090909,0.29062499999999997,0.37124999999999997,-0.00047348484848484806,1,1,0.6145833333333334,False,False,False,False
synthetic_required_quality_frontier_not_engine_result,0.95,0.75,0.8,0.8,FAST,24,0.0737689393939394,0.05423295454545455,0.09477272727272729,0.0,0,0,0.19365530303030304,True,False,False,False
synthetic_required_quality_frontier_not_engine_result,0.95,0.75,0.8,0.8,MEDIUM,24,0.12698863636363636,0.09534090909090909,0.15306818181818183,0.0,0,0,0.3016098484848485,True,False,False,False
synthetic_required_quality_frontier_not_engine_result,0.95,0.75,0.8,0.8,CONSERVATIVE,24,0.23323863636363637,0.20585227272727274,0.2610227272727273,0.0,0,0,0.4928977272727273,True,False,False,False
synthetic_required_quality_frontier_not_engine_result,0.95,0.75,0.9,0.0,FAST,24,0.15165719696969696,0.12696022727272727,0.175,-0.0009469696969696961,2,2,0.4010416666666667,False,False,False,False
synthetic_required_quality_frontier_not_engine_result,0.95,0.75,0.9,0.0,MEDIUM,24,0.23413825757575757,0.20130681818181817,0.26360795454545455,-0.0009469696969696961,2,2,0.5241477272727273,False,False,False,False
synthetic_required_quality_frontier_not_engine_result,0.95,0.75,0.9,0.0,CONSERVATIVE,24,0.3896780303030303,0.3324147727272727,0.43278409090909087,0.0,0,0,0.6699810606060606,True,True,False,False
synthetic_required_quality_frontier_not_engine_result,0.95,0.75,0.9,0.2,FAST,24,0.15544507575757574,0.1267897727272727,0.1824431818181818,0.0,0,0,0.40482954545454547,True,False,False,False
synthetic_required_quality_frontier_not_engine_result,0.95,0.75,0.9,0.2,MEDIUM,24,0.2372159090909091,0.2065056818181818,0.27301136363636364,-0.00047348484848484806,1,1,0.537405303030303,False,False,False,False
synthetic_required_quality_frontier_not_engine_result,0.95,0.75,0.9,0.2,CONSERVATIVE,24,0.39081439393939393,0.33201704545454547,0.45454545454545453,0.0,0,0,0.6785037878787878,True,True,False,False
synthetic_required_quality_frontier_not_engine_result,0.95,0.75,0.9,0.4,FAST,24,0.1583806818181818,0.1358806818181818,0.18571022727272726,-0.0014204545454545442,3,3,0.41382575757575757,False,False,False,False
synthetic_required_quality_frontier_not_engine_result,0.95,0.75,0.9,0.4,MEDIUM,24,0.23352272727272727,0.19448863636363636,0.2767613636363636,-0.00047348484848484806,1,1,0.5265151515151515,False,False,False,False
synthetic_required_quality_frontier_not_engine_result,0.95,0.75,0.9,0.4,CONSERVATIVE,24,0.38125,0.33806818181818177,0.42661931818181814,0.0,0,0,0.6671401515151515,True,True,False,False
synthetic_required_quality_frontier_not_engine_result,0.95,0.75,0.9,0.6,FAST,24,0.12523674242424243,0.10082386363636363,0.1512784090909091,0.0,0,0,0.3399621212121212,True,False,False,False
synthetic_required_quality_frontier_not_engine_result,0.95,0.75,0.9,0.6,MEDIUM,24,0.19550189393939393,0.15539772727272727,0.23099431818181818,0.0,0,0,0.47490530303030304,True,False,False,False
synthetic_required_quality_frontier_not_engine_result,0.95,0.75,0.9,0.6,CONSERVATIVE,24,0.3273674242424242,0.2846022727272727,0.3659659090909091,0.0,0,0,0.6022727272727273,True,True,False,False
synthetic_required_quality_frontier_not_engine_result,0.95,0.75,0.9,0.8,FAST,24,0.07211174242424243,0.04647727272727273,0.091875,0.0,0,0,0.18702651515151514,True,False,False,False
synthetic_required_quality_frontier_not_engine_result,0.95,0.75,0.9,0.8,MEDIUM,24,0.1334753787878788,0.08883522727272727,0.16849431818181818,-0.00047348484848484806,1,1,0.3096590909090909,False,False,False,False
synthetic_required_quality_frontier_not_engine_result,0.95,0.75,0.9,0.8,CONSERVATIVE,24,0.23238636363636364,0.20292613636363638,0.26457386363636365,-0.00047348484848484806,1,1,0.4881628787878788,False,False,False,False
synthetic_required_quality_frontier_not_engine_result,0.95,1.0,0.6,0.0,FAST,24,0.0,0.0,0.0,0.0,0,0,0.0,True,False,False,False
synthetic_required_quality_frontier_not_engine_result,0.95,1.0,0.6,0.0,MEDIUM,24,0.0,0.0,0.0,0.0,0,0,0.0,True,False,False,False
synthetic_required_quality_frontier_not_engine_result,0.95,1.0,0.6,0.0,CONSERVATIVE,24,0.0,0.0,0.0,0.0,0,0,0.0,True,False,False,False
synthetic_required_quality_frontier_not_engine_result,0.95,1.0,0.6,0.2,FAST,24,0.0,0.0,0.0,0.0,0,0,0.0,True,False,False,False
synthetic_required_quality_frontier_not_engine_result,0.95,1.0,0.6,0.2,MEDIUM,24,0.0,0.0,0.0,0.0,0,0,0.0,True,False,False,False
synthetic_required_quality_frontier_not_engine_result,0.95,1.0,0.6,0.2,CONSERVATIVE,24,0.0,0.0,0.0,0.0,0,0,0.0,True,False,False,False
synthetic_required_quality_frontier_not_engine_result,0.95,1.0,0.6,0.4,FAST,24,0.0,0.0,0.0,0.0,0,0,0.0,True,False,False,False
synthetic_required_quality_frontier_not_engine_result,0.95,1.0,0.6,0.4,MEDIUM,24,0.0,0.0,0.0,0.0,0,0,0.0,True,False,False,False
synthetic_required_quality_frontier_not_engine_result,0.95,1.0,0.6,0.4,CONSERVATIVE,24,0.0,0.0,0.0,0.0,0,0,0.0,True,False,False,False
synthetic_required_quality_frontier_not_engine_result,0.95,1.0,0.6,0.6,FAST,24,0.0,0.0,0.0,0.0,0,0,0.0,True,False,False,False
synthetic_required_quality_frontier_not_engine_result,0.95,1.0,0.6,0.6,MEDIUM,24,0.0,0.0,0.0,0.0,0,0,0.0,True,False,False,False
synthetic_required_quality_frontier_not_engine_result,0.95,1.0,0.6,0.6,CONSERVATIVE,24,0.0,0.0,0.0,0.0,0,0,0.0,True,False,False,False
synthetic_required_quality_frontier_not_engine_result,0.95,1.0,0.6,0.8,FAST,24,0.0,0.0,0.0,0.0,0,0,0.0,True,False,False,False
synthetic_required_quality_frontier_not_engine_result,0.95,1.0,0.6,0.8,MEDIUM,24,0.0,0.0,0.0,0.0,0,0,0.0,True,False,False,False
synthetic_required_quality_frontier_not_engine_result,0.95,1.0,0.6,0.8,CONSERVATIVE,24,0.0,0.0,0.0,0.0,0,0,0.0,True,False,False,False
synthetic_required_quality_frontier_not_engine_result,0.95,1.0,0.7,0.0,FAST,24,0.20643939393939392,0.1865340909090909,0.21832386363636364,-0.0009469696969696961,2,2,0.5440340909090909,False,False,False,False
synthetic_required_quality_frontier_not_engine_result,0.95,1.0,0.7,0.0,MEDIUM,24,0.312405303030303,0.2870170454545454,0.3284090909090909,-0.00047348484848484806,1,1,0.703125,False,False,False,False
synthetic_required_quality_frontier_not_engine_result,0.95,1.0,0.7,0.0,CONSERVATIVE,24,0.5168560606060606,0.48636363636363633,0.5378124999999999,-0.0009469696969696961,2,2,0.8972537878787878,False,False,False,False
synthetic_required_quality_frontier_not_engine_result,0.95,1.0,0.7,0.2,FAST,24,0.2043560606060606,0.19076704545454545,0.21411931818181817,0.0,0,0,0.5369318181818182,True,False,False,False
synthetic_required_quality_frontier_not_engine_result,0.95,1.0,0.7,0.2,MEDIUM,24,0.311032196969697,0.2972443181818182,0.3271022727272727,0.0,0,0,0.6979166666666666,True,True,False,False
synthetic_required_quality_frontier_not_engine_result,0.95,1.0,0.7,0.2,CONSERVATIVE,24,0.5149147727272727,0.4833238636363636,0.5366761363636363,0.0,0,0,0.8929924242424242,True,True,True,True
synthetic_required_quality_frontier_not_engine_result,0.95,1.0,0.7,0.4,FAST,24,0.2053030303030303,0.18897727272727272,0.21590909090909088,0.0,0,0,0.5383522727272727,True,False,False,False
synthetic_required_quality_frontier_not_engine_result,0.95,1.0,0.7,0.4,MEDIUM,24,0.31145833333333334,0.2909090909090909,0.3271022727272727,0.0,0,0,0.6998106060606061,True,True,False,False
synthetic_required_quality_frontier_not_engine_result,0.95,1.0,0.7,0.4,CONSERVATIVE,24,0.5205965909090908,0.48542613636363635,0.5443181818181818,-0.0009469696969696961,2,2,0.9024621212121212,False,False,False,False
synthetic_required_quality_frontier_not_engine_result,0.95,1.0,0.7,0.6,FAST,24,0.1643939393939394,0.14724431818181818,0.17386363636363636,0.0,0,0,0.4512310606060606,True,False,False,False
synthetic_required_quality_frontier_not_engine_result,0.95,1.0,0.7,0.6,MEDIUM,24,0.2615530303030303,0.2375,0.27386363636363636,0.0,0,0,0.6278409090909091,True,False,False,False
synthetic_required_quality_frontier_not_engine_result,0.95,1.0,0.7,0.6,CONSERVATIVE,24,0.4431344696969697,0.4201420454545454,0.46781249999999996,-0.00047348484848484806,1,1,0.8072916666666666,False,False,False,False
synthetic_required_quality_frontier_not_engine_result,0.95,1.0,0.7,0.8,FAST,24,0.09895833333333334,0.08897727272727272,0.10454545454545455,0.0,0,0,0.2585227272727273,True,False,False,False
synthetic_required_quality_frontier_not_engine_result,0.95,1.0,0.7,0.8,MEDIUM,24,0.17239583333333333,0.1587784090909091,0.18082386363636363,-0.00047348484848484806,1,1,0.40625,False,False,False,False
synthetic_required_quality_frontier_not_engine_result,0.95,1.0,0.7,0.8,CONSERVATIVE,24,0.3098958333333333,0.2927272727272727,0.32028409090909093,0.0,0,0,0.6567234848484849,True,True,False,False
synthetic_required_quality_frontier_not_engine_result,0.95,1.0,0.8,0.0,FAST,24,0.20819128787878785,0.1953125,0.21590909090909088,0.0,0,0,0.5473484848484849,True,False,False,False
synthetic_required_quality_frontier_not_engine_result,0.95,1.0,0.8,0.0,MEDIUM,24,0.31392045454545453,0.2966193181818182,0.3284090909090909,-0.0014204545454545442,3,3,0.7064393939393939,False,False,False,False
synthetic_required_quality_frontier_not_engine_result,0.95,1.0,0.8,0.0,CONSERVATIVE,24,0.5192234848484848,0.4924147727272727,0.5436647727272726,0.0,0,0,0.8991477272727273,True,True,True,True
synthetic_required_quality_frontier_not_engine_result,0.95,1.0,0.8,0.2,FAST,24,0.20355113636363634,0.18377840909090906,0.21590909090909088,0.0,0,0,0.5378787878787878,True,False,False,False
synthetic_required_quality_frontier_not_engine_result,0.95,1.0,0.8,0.2,MEDIUM,24,0.3163352272727273,0.2962784090909091,0.32920454545454547,-0.00047348484848484806,1,1,0.709280303030303,False,False,False,False
synthetic_required_quality_frontier_not_engine_result,0.95,1.0,0.8,0.2,CONSERVATIVE,24,0.5209280303030303,0.49968749999999995,0.5378124999999999,-0.00047348484848484806,1,1,0.9043560606060606,False,False,False,False
synthetic_required_quality_frontier_not_engine_result,0.95,1.0,0.8,0.4,FAST,24,0.20288825757575757,0.18735795454545454,0.2134659090909091,-0.00047348484848484806,1,1,0.5345643939393939,False,False,False,False
synthetic_required_quality_frontier_not_engine_result,0.95,1.0,0.8,0.4,MEDIUM,24,0.310842803030303,0.2923863636363636,0.3284090909090909,-0.00047348484848484806,1,1,0.6988636363636364,False,False,False,False
synthetic_required_quality_frontier_not_engine_result,0.95,1.0,0.8,0.4,CONSERVATIVE,24,0.5164299242424242,0.4930681818181818,0.5326136363636363,-0.00047348484848484806,1,1,0.8944128787878788,False,False,False,False
synthetic_required_quality_frontier_not_engine_result,0.95,1.0,0.8,0.6,FAST,24,0.16875,0.1587784090909091,0.17386363636363636,0.0,0,0,0.4597537878787879,True,False,False,False
synthetic_required_quality_frontier_not_engine_result,0.95,1.0,0.8,0.6,MEDIUM,24,0.259280303030303,0.23769886363636364,0.2753125,-0.0009469696969696961,2,2,0.6268939393939394,False,False,False,False
synthetic_required_quality_frontier_not_engine_result,0.95,1.0,0.8,0.6,CONSERVATIVE,24,0.4498579545454545,0.4177556818181818,0.46735795454545453,-0.0009469696969696961,2,2,0.8139204545454546,False,False,False,False
synthetic_required_quality_frontier_not_engine_result,0.95,1.0,0.8,0.8,FAST,24,0.10037878787878789,0.09042613636363636,0.1050284090909091,-0.00047348484848484806,1,1,0.2618371212121212,False,False,False,False
synthetic_required_quality_frontier_not_engine_result,0.95,1.0,0.8,0.8,MEDIUM,24,0.16770833333333335,0.15681818181818183,0.17727272727272728,0.0,0,0,0.3963068181818182,True,False,False,False
synthetic_required_quality_frontier_not_engine_result,0.95,1.0,0.8,0.8,CONSERVATIVE,24,0.31221590909090907,0.2990340909090909,0.3285511363636364,-0.0014204545454545442,3,3,0.665719696969697,False,False,False,False
synthetic_required_quality_frontier_not_engine_result,0.95,1.0,0.9,0.0,FAST,24,0.20459280303030303,0.1909090909090909,0.21914772727272727,-0.0009469696969696961,2,2,0.5378787878787878,False,False,False,False
synthetic_required_quality_frontier_not_engine_result,0.95,1.0,0.9,0.0,MEDIUM,24,0.31164772727272727,0.2846022727272727,0.3284090909090909,-0.00047348484848484806,1,1,0.6979166666666666,False,False,False,False
synthetic_required_quality_frontier_not_engine_result,0.95,1.0,0.9,0.0,CONSERVATIVE,24,0.5213541666666667,0.49531249999999993,0.5410511363636363,0.0,0,0,0.9010416666666666,True,True,True,True
synthetic_required_quality_frontier_not_engine_result,0.95,1.0,0.9,0.2,FAST,24,0.20350378787878787,0.1802272727272727,0.2152556818181818,0.0,0,0,0.5388257575757576,True,False,False,False
synthetic_required_quality_frontier_not_engine_result,0.95,1.0,0.9,0.2,MEDIUM,24,0.3142992424242424,0.3014772727272727,0.3308238636363636,-0.0009469696969696961,2,2,0.7069128787878788,False,False,False,False
synthetic_required_quality_frontier_not_engine_result,0.95,1.0,0.9,0.2,CONSERVATIVE,24,0.5236268939393939,0.5000568181818181,0.5402556818181817,-0.00047348484848484806,1,1,0.9071969696969697,False,False,False,False
synthetic_required_quality_frontier_not_engine_result,0.95,1.0,0.9,0.4,FAST,24,0.20639204545454545,0.19224431818181817,0.21477272727272725,0.0,0,0,0.5411931818181818,True,False,False,False
synthetic_required_quality_frontier_not_engine_result,0.95,1.0,0.9,0.4,MEDIUM,24,0.31387310606060603,0.29789772727272723,0.3284090909090909,0.0,0,0,0.7040719696969697,True,True,False,False
synthetic_required_quality_frontier_not_engine_result,0.95,1.0,0.9,0.4,CONSERVATIVE,24,0.5119791666666667,0.4904261363636363,0.5366477272727272,0.0,0,0,0.8873106060606061,True,True,True,True
synthetic_required_quality_frontier_not_engine_result,0.95,1.0,0.9,0.6,FAST,24,0.16321022727272727,0.14724431818181818,0.17321022727272728,0.0,0,0,0.44886363636363635,True,False,False,False
synthetic_required_quality_frontier_not_engine_result,0.95,1.0,0.9,0.6,MEDIUM,24,0.2616950757575758,0.24954545454545454,0.27207386363636366,-0.0009469696969696961,2,2,0.6283143939393939,False,False,False,False
synthetic_required_quality_frontier_not_engine_result,0.95,1.0,0.9,0.6,CONSERVATIVE,24,0.4405776515151515,0.41755681818181817,0.4611931818181818,0.0,0,0,0.8006628787878788,True,True,True,False
synthetic_required_quality_frontier_not_engine_result,0.95,1.0,0.9,0.8,FAST,24,0.09995265151515152,0.09107954545454545,0.10454545454545455,0.0,0,0,0.2618371212121212,True,False,False,False
synthetic_required_quality_frontier_not_engine_result,0.95,1.0,0.9,0.8,MEDIUM,24,0.1705965909090909,0.15457386363636363,0.1784090909090909,0.0,0,0,0.4005681818181818,True,False,False,False
synthetic_required_quality_frontier_not_engine_result,0.95,1.0,0.9,0.8,CONSERVATIVE,24,0.3103693181818182,0.2953409090909091,0.32482954545454545,0.0,0,0,0.6590909090909091,True,True,False,False
synthetic_required_quality_frontier_not_engine_result,1.0,0.25,0.6,0.0,FAST,24,0.0,0.0,0.0,0.0,0,0,0.0,True,False,False,False
synthetic_required_quality_frontier_not_engine_result,1.0,0.25,0.6,0.0,MEDIUM,24,0.0,0.0,0.0,0.0,0,0,0.0,True,False,False,False
synthetic_required_quality_frontier_not_engine_result,1.0,0.25,0.6,0.0,CONSERVATIVE,24,0.0,0.0,0.0,0.0,0,0,0.0,True,False,False,False
synthetic_required_quality_frontier_not_engine_result,1.0,0.25,0.6,0.2,FAST,24,0.0,0.0,0.0,0.0,0,0,0.0,True,False,False,False
synthetic_required_quality_frontier_not_engine_result,1.0,0.25,0.6,0.2,MEDIUM,24,0.0,0.0,0.0,0.0,0,0,0.0,True,False,False,False
synthetic_required_quality_frontier_not_engine_result,1.0,0.25,0.6,0.2,CONSERVATIVE,24,0.0,0.0,0.0,0.0,0,0,0.0,True,False,False,False
synthetic_required_quality_frontier_not_engine_result,1.0,0.25,0.6,0.4,FAST,24,0.0,0.0,0.0,0.0,0,0,0.0,True,False,False,False
synthetic_required_quality_frontier_not_engine_result,1.0,0.25,0.6,0.4,MEDIUM,24,0.0,0.0,0.0,0.0,0,0,0.0,True,False,False,False
synthetic_required_quality_frontier_not_engine_result,1.0,0.25,0.6,0.4,CONSERVATIVE,24,0.0,0.0,0.0,0.0,0,0,0.0,True,False,False,False
synthetic_required_quality_frontier_not_engine_result,1.0,0.25,0.6,0.6,FAST,24,0.0,0.0,0.0,0.0,0,0,0.0,True,False,False,False
synthetic_required_quality_frontier_not_engine_result,1.0,0.25,0.6,0.6,MEDIUM,24,0.0,0.0,0.0,0.0,0,0,0.0,True,False,False,False
synthetic_required_quality_frontier_not_engine_result,1.0,0.25,0.6,0.6,CONSERVATIVE,24,0.0,0.0,0.0,0.0,0,0,0.0,True,False,False,False
synthetic_required_quality_frontier_not_engine_result,1.0,0.25,0.6,0.8,FAST,24,0.0,0.0,0.0,0.0,0,0,0.0,True,False,False,False
synthetic_required_quality_frontier_not_engine_result,1.0,0.25,0.6,0.8,MEDIUM,24,0.0,0.0,0.0,0.0,0,0,0.0,True,False,False,False
synthetic_required_quality_frontier_not_engine_result,1.0,0.25,0.6,0.8,CONSERVATIVE,24,0.0,0.0,0.0,0.0,0,0,0.0,True,False,False,False
synthetic_required_quality_frontier_not_engine_result,1.0,0.25,0.7,0.0,FAST,24,0.05568181818181818,0.027982954545454547,0.0790340909090909,0.0,0,0,0.1425189393939394,True,False,False,False
synthetic_required_quality_frontier_not_engine_result,1.0,0.25,0.7,0.0,MEDIUM,24,0.08167613636363637,0.045,0.11525568181818181,0.0,0,0,0.19176136363636365,True,False,False,False
synthetic_required_quality_frontier_not_engine_result,1.0,0.25,0.7,0.0,CONSERVATIVE,24,0.13953598484848484,0.09417613636363636,0.1746306818181818,0.0,0,0,0.23958333333333334,True,False,False,False
synthetic_required_quality_frontier_not_engine_result,1.0,0.25,0.7,0.2,FAST,24,0.048484848484848485,0.022727272727272724,0.07676136363636363,0.0,0,0,0.13731060606060605,True,False,False,False
synthetic_required_quality_frontier_not_engine_result,1.0,0.25,0.7,0.2,MEDIUM,24,0.0768465909090909,0.03928977272727272,0.115,0.0,0,0,0.17329545454545456,True,False,False,False
synthetic_required_quality_frontier_not_engine_result,1.0,0.25,0.7,0.2,CONSERVATIVE,24,0.14422348484848485,0.08502840909090909,0.1865056818181818,0.0,0,0,0.24763257575757575,True,False,False,False
synthetic_required_quality_frontier_not_engine_result,1.0,0.25,0.7,0.4,FAST,24,0.05918560606060606,0.024573863636363637,0.09414772727272726,0.0,0,0,0.14441287878787878,True,False,False,False
synthetic_required_quality_frontier_not_engine_result,1.0,0.25,0.7,0.4,MEDIUM,24,0.08366477272727273,0.046619318181818185,0.13363636363636366,0.0,0,0,0.1846590909090909,True,False,False,False
synthetic_required_quality_frontier_not_engine_result,1.0,0.25,0.7,0.4,CONSERVATIVE,24,0.13749999999999998,0.075,0.21221590909090915,0.0,0,0,0.24289772727272727,True,False,False,False
synthetic_required_quality_frontier_not_engine_result,1.0,0.25,0.7,0.6,FAST,24,0.044081439393939395,0.01852272727272727,0.07948863636363637,0.0,0,0,0.12310606060606061,True,False,False,False
synthetic_required_quality_frontier_not_engine_result,1.0,0.25,0.7,0.6,MEDIUM,24,0.07230113636363636,0.033778409090909095,0.11082386363636365,0.0,0,0,0.17329545454545456,True,False,False,False
synthetic_required_quality_frontier_not_engine_result,1.0,0.25,0.7,0.6,CONSERVATIVE,24,0.12002840909090909,0.06363636363636364,0.1715340909090909,0.0,0,0,0.21164772727272727,True,False,False,False
synthetic_required_quality_frontier_not_engine_result,1.0,0.25,0.7,0.8,FAST,24,0.02528409090909091,0.004886363636363637,0.0472159090909091,0.0,0,0,0.06818181818181818,True,False,False,False
synthetic_required_quality_frontier_not_engine_result,1.0,0.25,0.7,0.8,MEDIUM,24,0.047679924242424246,0.03184659090909091,0.07482954545454545,0.0,0,0,0.11221590909090909,True,False,False,False
synthetic_required_quality_frontier_not_engine_result,1.0,0.25,0.7,0.8,CONSERVATIVE,24,0.08551136363636364,0.0540625,0.12053977272727276,0.0,0,0,0.18134469696969696,True,False,False,False
synthetic_required_quality_frontier_not_engine_result,1.0,0.25,0.8,0.0,FAST,24,0.05511363636363636,0.0328125,0.08142045454545455,0.0,0,0,0.1396780303030303,True,False,False,False
synthetic_required_quality_frontier_not_engine_result,1.0,0.25,0.8,0.0,MEDIUM,24,0.07869318181818181,0.04448863636363636,0.12431818181818183,0.0,0,0,0.18513257575757575,True,False,False,False
synthetic_required_quality_frontier_not_engine_result,1.0,0.25,0.8,0.0,CONSERVATIVE,24,0.13001893939393938,0.09011363636363635,0.19059659090909092,0.0,0,0,0.2215909090909091,True,False,False,False
synthetic_required_quality_frontier_not_engine_result,1.0,0.25,0.8,0.2,FAST,24,0.05298295454545454,0.029715909090909088,0.08667613636363636,0.0,0,0,0.14204545454545456,True,False,False,False
synthetic_required_quality_frontier_not_engine_result,1.0,0.25,0.8,0.2,MEDIUM,24,0.07750946969696969,0.04548295454545454,0.10465909090909091,0.0,0,0,0.1728219696969697,True,False,False,False
synthetic_required_quality_frontier_not_engine_result,1.0,0.25,0.8,0.2,CONSERVATIVE,24,0.13077651515151514,0.08352272727272726,0.1874715909090909,0.0,0,0,0.22821969696969696,True,False,False,False
synthetic_required_quality_frontier_not_engine_result,1.0,0.25,0.8,0.4,FAST,24,0.05137310606060606,0.025823863636363634,0.08519886363636363,0.0,0,0,0.14015151515151514,True,False,False,False
synthetic_required_quality_frontier_not_engine_result,1.0,0.25,0.8,0.4,MEDIUM,24,0.08513257575757575,0.05860795454545454,0.12463068181818182,0.0,0,0,0.1893939393939394,True,False,False,False
synthetic_required_quality_frontier_not_engine_result,1.0,0.25,0.8,0.4,CONSERVATIVE,24,0.13693181818181818,0.09286931818181818,0.21213068181818182,0.0,0,0,0.23674242424242425,True,False,False,False
synthetic_required_quality_frontier_not_engine_result,1.0,0.25,0.8,0.6,FAST,24,0.049479166666666664,0.02460227272727273,0.07335227272727272,0.0,0,0,0.12215909090909091,True,False,False,False
synthetic_required_quality_frontier_not_engine_result,1.0,0.25,0.8,0.6,MEDIUM,24,0.06581439393939394,0.03738636363636364,0.09366477272727274,0.0,0,0,0.16287878787878787,True,False,False,False
synthetic_required_quality_frontier_not_engine_result,1.0,0.25,0.8,0.6,CONSERVATIVE,24,0.1090435606060606,0.07258522727272727,0.15900568181818184,0.0,0,0,0.19886363636363635,True,False,False,False
synthetic_required_quality_frontier_not_engine_result,1.0,0.25,0.8,0.8,FAST,24,0.026420454545454546,0.010085227272727273,0.04025568181818182,0.0,0,0,0.07244318181818182,True,False,False,False
synthetic_required_quality_frontier_not_engine_result,1.0,0.25,0.8,0.8,MEDIUM,24,0.04242424242424243,0.021761363636363638,0.06343750000000001,0.0,0,0,0.10227272727272728,True,False,False,False
synthetic_required_quality_frontier_not_engine_result,1.0,0.25,0.8,0.8,CONSERVATIVE,24,0.08503787878787879,0.04647727272727273,0.11980113636363637,0.0,0,0,0.17897727272727273,True,False,False,False
synthetic_required_quality_frontier_not_engine_result,1.0,0.25,0.9,0.0,FAST,24,0.04767992424242424,0.023579545454545454,0.07818181818181819,0.0,0,0,0.13020833333333334,True,False,False,False
synthetic_required_quality_frontier_not_engine_result,1.0,0.25,0.9,0.0,MEDIUM,24,0.07784090909090909,0.041732954545454545,0.10968750000000001,0.0,0,0,0.17897727272727273,True,False,False,False
synthetic_required_quality_frontier_not_engine_result,1.0,0.25,0.9,0.0,CONSERVATIVE,24,0.14048295454545454,0.09693181818181817,0.19928977272727272,0.0,0,0,0.23816287878787878,True,False,False,False
synthetic_required_quality_frontier_not_engine_result,1.0,0.25,0.9,0.2,FAST,24,0.055776515151515146,0.033607954545454545,0.08934659090909093,0.0,0,0,0.14583333333333334,True,False,False,False
synthetic_required_quality_frontier_not_engine_result,1.0,0.25,0.9,0.2,MEDIUM,24,0.08868371212121212,0.05005681818181818,0.11053977272727272,0.0,0,0,0.19412878787878787,True,False,False,False
synthetic_required_quality_frontier_not_engine_result,1.0,0.25,0.9,0.2,CONSERVATIVE,24,0.13877840909090908,0.09582386363636362,0.1824431818181818,0.0,0,0,0.24100378787878787,True,False,False,False
synthetic_required_quality_frontier_not_engine_result,1.0,0.25,0.9,0.4,FAST,24,0.05132575757575757,0.02792613636363636,0.08335227272727273,0.0,0,0,0.14867424242424243,True,False,False,False
synthetic_required_quality_frontier_not_engine_result,1.0,0.25,0.9,0.4,MEDIUM,24,0.08726325757575758,0.04042613636363636,0.13602272727272727,0.0,0,0,0.18892045454545456,True,False,False,False
synthetic_required_quality_frontier_not_engine_result,1.0,0.25,0.9,0.4,CONSERVATIVE,24,0.13821022727272725,0.09872159090909091,0.21264204545454543,0.0,0,0,0.22774621212121213,True,False,False,False
synthetic_required_quality_frontier_not_engine_result,1.0,0.25,0.9,0.6,FAST,24,0.04692234848484848,0.023721590909090907,0.07125000000000001,0.0,0,0,0.11979166666666667,True,False,False,False
synthetic_required_quality_frontier_not_engine_result,1.0,0.25,0.9,0.6,MEDIUM,24,0.06983901515151515,0.04127840909090909,0.09835227272727273,0.0,0,0,0.16287878787878787,True,False,False,False
synthetic_required_quality_frontier_not_engine_result,1.0,0.25,0.9,0.6,CONSERVATIVE,24,0.1109375,0.05602272727272728,0.16928977272727272,0.0,0,0,0.203125,True,False,False,False
synthetic_required_quality_frontier_not_engine_result,1.0,0.25,0.9,0.8,FAST,24,0.025852272727272727,0.010227272727272727,0.04625,0.0,0,0,0.06770833333333333,True,False,False,False
synthetic_required_quality_frontier_not_engine_result,1.0,0.25,0.9,0.8,MEDIUM,24,0.04228219696969697,0.025170454545454544,0.06704545454545455,0.0,0,0,0.10321969696969698,True,False,False,False
synthetic_required_quality_frontier_not_engine_result,1.0,0.25,0.9,0.8,CONSERVATIVE,24,0.08712121212121213,0.04678977272727273,0.13696022727272728,0.0,0,0,0.1875,True,False,False,False
synthetic_required_quality_frontier_not_engine_result,1.0,0.475,0.6,0.0,FAST,24,0.0,0.0,0.0,0.0,0,0,0.0,True,False,False,False
synthetic_required_quality_frontier_not_engine_result,1.0,0.475,0.6,0.0,MEDIUM,24,0.0,0.0,0.0,0.0,0,0,0.0,True,False,False,False
synthetic_required_quality_frontier_not_engine_result,1.0,0.475,0.6,0.0,CONSERVATIVE,24,0.0,0.0,0.0,0.0,0,0,0.0,True,False,False,False
synthetic_required_quality_frontier_not_engine_result,1.0,0.475,0.6,0.2,FAST,24,0.0,0.0,0.0,0.0,0,0,0.0,True,False,False,False
synthetic_required_quality_frontier_not_engine_result,1.0,0.475,0.6,0.2,MEDIUM,24,0.0,0.0,0.0,0.0,0,0,0.0,True,False,False,False
synthetic_required_quality_frontier_not_engine_result,1.0,0.475,0.6,0.2,CONSERVATIVE,24,0.0,0.0,0.0,0.0,0,0,0.0,True,False,False,False
synthetic_required_quality_frontier_not_engine_result,1.0,0.475,0.6,0.4,FAST,24,0.0,0.0,0.0,0.0,0,0,0.0,True,False,False,False
synthetic_required_quality_frontier_not_engine_result,1.0,0.475,0.6,0.4,MEDIUM,24,0.0,0.0,0.0,0.0,0,0,0.0,True,False,False,False
synthetic_required_quality_frontier_not_engine_result,1.0,0.475,0.6,0.4,CONSERVATIVE,24,0.0,0.0,0.0,0.0,0,0,0.0,True,False,False,False
synthetic_required_quality_frontier_not_engine_result,1.0,0.475,0.6,0.6,FAST,24,0.0,0.0,0.0,0.0,0,0,0.0,True,False,False,False
synthetic_required_quality_frontier_not_engine_result,1.0,0.475,0.6,0.6,MEDIUM,24,0.0,0.0,0.0,0.0,0,0,0.0,True,False,False,False
synthetic_required_quality_frontier_not_engine_result,1.0,0.475,0.6,0.6,CONSERVATIVE,24,0.0,0.0,0.0,0.0,0,0,0.0,True,False,False,False
synthetic_required_quality_frontier_not_engine_result,1.0,0.475,0.6,0.8,FAST,24,0.0,0.0,0.0,0.0,0,0,0.0,True,False,False,False
synthetic_required_quality_frontier_not_engine_result,1.0,0.475,0.6,0.8,MEDIUM,24,0.0,0.0,0.0,0.0,0,0,0.0,True,False,False,False
synthetic_required_quality_frontier_not_engine_result,1.0,0.475,0.6,0.8,CONSERVATIVE,24,0.0,0.0,0.0,0.0,0,0,0.0,True,False,False,False
synthetic_required_quality_frontier_not_engine_result,1.0,0.475,0.7,0.0,FAST,24,0.10127840909090909,0.07289772727272727,0.12335227272727271,0.0,0,0,0.2665719696969697,True,False,False,False
synthetic_required_quality_frontier_not_engine_result,1.0,0.475,0.7,0.0,MEDIUM,24,0.15913825757575756,0.11923295454545454,0.2093465909090909,0.0,0,0,0.3503787878787879,True,False,False,False
synthetic_required_quality_frontier_not_engine_result,1.0,0.475,0.7,0.0,CONSERVATIVE,24,0.2555871212121212,0.21090909090909088,0.3145454545454545,0.0,0,0,0.4422348484848485,True,False,False,False
synthetic_required_quality_frontier_not_engine_result,1.0,0.475,0.7,0.2,FAST,24,0.10563446969696969,0.06951704545454546,0.14005681818181817,0.0,0,0,0.2755681818181818,True,False,False,False
synthetic_required_quality_frontier_not_engine_result,1.0,0.475,0.7,0.2,MEDIUM,24,0.1702651515151515,0.1302556818181818,0.19394886363636366,0.0,0,0,0.3650568181818182,True,False,False,False
synthetic_required_quality_frontier_not_engine_result,1.0,0.475,0.7,0.2,CONSERVATIVE,24,0.2551609848484848,0.19065340909090908,0.3171590909090909,0.0,0,0,0.4441287878787879,True,False,False,False
synthetic_required_quality_frontier_not_engine_result,1.0,0.475,0.7,0.4,FAST,24,0.10468749999999999,0.08360795454545454,0.13536931818181816,0.0,0,0,0.2675189393939394,True,False,False,False
synthetic_required_quality_frontier_not_engine_result,1.0,0.475,0.7,0.4,MEDIUM,24,0.1474431818181818,0.11948863636363637,0.18258522727272727,0.0,0,0,0.33570075757575757,True,False,False,False
synthetic_required_quality_frontier_not_engine_result,1.0,0.475,0.7,0.4,CONSERVATIVE,24,0.24853219696969694,0.20071022727272725,0.30792613636363636,0.0,0,0,0.4356060606060606,True,False,False,False
synthetic_required_quality_frontier_not_engine_result,1.0,0.475,0.7,0.6,FAST,24,0.08413825757575757,0.06380681818181819,0.10323863636363637,0.0,0,0,0.2353219696969697,True,False,False,False
synthetic_required_quality_frontier_not_engine_result,1.0,0.475,0.7,0.6,MEDIUM,24,0.12315340909090909,0.07906250000000001,0.16639204545454545,0.0,0,0,0.3068181818181818,True,False,False,False
synthetic_required_quality_frontier_not_engine_result,1.0,0.475,0.7,0.6,CONSERVATIVE,24,0.22073863636363636,0.18914772727272727,0.26670454545454547,0.0,0,0,0.4029356060606061,True,False,False,False
synthetic_required_quality_frontier_not_engine_result,1.0,0.475,0.7,0.8,FAST,24,0.05236742424242424,0.03215909090909091,0.07269886363636364,0.0,0,0,0.13589015151515152,True,False,False,False
synthetic_required_quality_frontier_not_engine_result,1.0,0.475,0.7,0.8,MEDIUM,24,0.0865530303030303,0.06136363636363637,0.10548295454545455,0.0,0,0,0.20075757575757575,True,False,False,False
synthetic_required_quality_frontier_not_engine_result,1.0,0.475,0.7,0.8,CONSERVATIVE,24,0.16420454545454546,0.1280965909090909,0.20349431818181818,0.0,0,0,0.34327651515151514,True,False,False,False
synthetic_required_quality_frontier_not_engine_result,1.0,0.475,0.8,0.0,FAST,24,0.10582386363636363,0.06551136363636363,0.13292613636363637,0.0,0,0,0.2703598484848485,True,False,False,False
synthetic_required_quality_frontier_not_engine_result,1.0,0.475,0.8,0.0,MEDIUM,24,0.15411931818181818,0.11335227272727272,0.18326704545454545,0.0,0,0,0.3503787878787879,True,False,False,False
synthetic_required_quality_frontier_not_engine_result,1.0,0.475,0.8,0.0,CONSERVATIVE,24,0.26652462121212117,0.1961647727272727,0.32661931818181816,0.0,0,0,0.4616477272727273,True,False,False,False
synthetic_required_quality_frontier_not_engine_result,1.0,0.475,0.8,0.2,FAST,24,0.09981060606060606,0.06951704545454546,0.13230113636363636,0.0,0,0,0.26704545454545453,True,False,False,False
synthetic_required_quality_frontier_not_engine_result,1.0,0.475,0.8,0.2,MEDIUM,24,0.15089962121212122,0.10718749999999999,0.1988068181818182,0.0,0,0,0.3409090909090909,True,False,False,False
synthetic_required_quality_frontier_not_engine_result,1.0,0.475,0.8,0.2,CONSERVATIVE,24,0.25018939393939393,0.1875,0.3103125,0.0,0,0,0.43607954545454547,True,False,False,False
synthetic_required_quality_frontier_not_engine_result,1.0,0.475,0.8,0.4,FAST,24,0.09999999999999999,0.06576704545454545,0.13051136363636365,0.0,0,0,0.2571022727272727,True,False,False,False
synthetic_required_quality_frontier_not_engine_result,1.0,0.475,0.8,0.4,MEDIUM,24,0.15833333333333333,0.11707386363636364,0.1996590909090909,0.0,0,0,0.3565340909090909,True,False,False,False
synthetic_required_quality_frontier_not_engine_result,1.0,0.475,0.8,0.4,CONSERVATIVE,24,0.2571022727272727,0.21451704545454545,0.2955681818181818,0.0,0,0,0.4479166666666667,True,False,False,False
synthetic_required_quality_frontier_not_engine_result,1.0,0.475,0.8,0.6,FAST,24,0.08167613636363637,0.06201704545454546,0.10565340909090909,0.0,0,0,0.22395833333333334,True,False,False,False
synthetic_required_quality_frontier_not_engine_result,1.0,0.475,0.8,0.6,MEDIUM,24,0.13669507575757575,0.09434659090909091,0.1806534090909091,0.0,0,0,0.3153409090909091,True,False,False,False
synthetic_required_quality_frontier_not_engine_result,1.0,0.475,0.8,0.6,CONSERVATIVE,24,0.22168560606060606,0.16463068181818183,0.27383522727272724,0.0,0,0,0.39820075757575757,True,False,False,False
synthetic_required_quality_frontier_not_engine_result,1.0,0.475,0.8,0.8,FAST,24,0.052272727272727276,0.02457386363636364,0.07838068181818182,0.0,0,0,0.13210227272727273,True,False,False,False
synthetic_required_quality_frontier_not_engine_result,1.0,0.475,0.8,0.8,MEDIUM,24,0.07987689393939394,0.05801136363636364,0.10761363636363637,0.0,0,0,0.19412878787878787,True,False,False,False
synthetic_required_quality_frontier_not_engine_result,1.0,0.475,0.8,0.8,CONSERVATIVE,24,0.16321022727272727,0.10292613636363637,0.21394886363636365,0.0,0,0,0.3390151515151515,True,False,False,False
synthetic_required_quality_frontier_not_engine_result,1.0,0.475,0.9,0.0,FAST,24,0.09734848484848485,0.05553977272727272,0.14585227272727275,0.0,0,0,0.2623106060606061,True,False,False,False
synthetic_required_quality_frontier_not_engine_result,1.0,0.475,0.9,0.0,MEDIUM,24,0.1631155303030303,0.133125,0.20696022727272725,0.0,0,0,0.36079545454545453,True,False,False,False
synthetic_required_quality_frontier_not_engine_result,1.0,0.475,0.9,0.0,CONSERVATIVE,24,0.24540719696969696,0.1878409090909091,0.31477272727272726,0.0,0,0,0.4251893939393939,True,False,False,False
synthetic_required_quality_frontier_not_engine_result,1.0,0.475,0.9,0.2,FAST,24,0.1046401515151515,0.07599431818181818,0.12321022727272728,0.0,0,0,0.2859848484848485,True,False,False,False
synthetic_required_quality_frontier_not_engine_result,1.0,0.475,0.9,0.2,MEDIUM,24,0.14512310606060605,0.10252840909090909,0.1890625,0.0,0,0,0.3271780303030303,True,False,False,False
synthetic_required_quality_frontier_not_engine_result,1.0,0.475,0.9,0.2,CONSERVATIVE,24,0.25009469696969694,0.18582386363636363,0.29639204545454545,0.0,0,0,0.4341856060606061,True,False,False,False
synthetic_required_quality_frontier_not_engine_result,1.0,0.475,0.9,0.4,FAST,24,0.10487689393939394,0.07860795454545454,0.1330965909090909,0.0,0,0,0.2727272727272727,True,False,False,False
synthetic_required_quality_frontier_not_engine_result,1.0,0.475,0.9,0.4,MEDIUM,24,0.15535037878787877,0.10894886363636364,0.210625,0.0,0,0,0.3508522727272727,True,False,False,False
synthetic_required_quality_frontier_not_engine_result,1.0,0.475,0.9,0.4,CONSERVATIVE,24,0.2671401515151515,0.19448863636363636,0.3225284090909091,0.0,0,0,0.4616477272727273,True,False,False,False
synthetic_required_quality_frontier_not_engine_result,1.0,0.475,0.9,0.6,FAST,24,0.08617424242424242,0.05315340909090909,0.11619318181818182,0.0,0,0,0.2334280303030303,True,False,False,False
synthetic_required_quality_frontier_not_engine_result,1.0,0.475,0.9,0.6,MEDIUM,24,0.1271780303030303,0.0881534090909091,0.16829545454545455,0.0,0,0,0.3039772727272727,True,False,False,False
synthetic_required_quality_frontier_not_engine_result,1.0,0.475,0.9,0.6,CONSERVATIVE,24,0.22116477272727272,0.18394886363636362,0.26298295454545456,0.0,0,0,0.41240530303030304,True,False,False,False
synthetic_required_quality_frontier_not_engine_result,1.0,0.475,0.9,0.8,FAST,24,0.04393939393939394,0.03181818181818182,0.06460227272727273,0.0,0,0,0.12263257575757576,True,False,False,False
synthetic_required_quality_frontier_not_engine_result,1.0,0.475,0.9,0.8,MEDIUM,24,0.08409090909090909,0.0631534090909091,0.11491477272727273,0.0,0,0,0.19744318181818182,True,False,False,False
synthetic_required_quality_frontier_not_engine_result,1.0,0.475,0.9,0.8,CONSERVATIVE,24,0.14663825757575757,0.09988636363636363,0.18178977272727273,0.0,0,0,0.3162878787878788,True,False,False,False
synthetic_required_quality_frontier_not_engine_result,1.0,0.75,0.6,0.0,FAST,24,0.0,0.0,0.0,0.0,0,0,0.0,True,False,False,False
synthetic_required_quality_frontier_not_engine_result,1.0,0.75,0.6,0.0,MEDIUM,24,0.0,0.0,0.0,0.0,0,0,0.0,True,False,False,False
synthetic_required_quality_frontier_not_engine_result,1.0,0.75,0.6,0.0,CONSERVATIVE,24,0.0,0.0,0.0,0.0,0,0,0.0,True,False,False,False
synthetic_required_quality_frontier_not_engine_result,1.0,0.75,0.6,0.2,FAST,24,0.0,0.0,0.0,0.0,0,0,0.0,True,False,False,False
synthetic_required_quality_frontier_not_engine_result,1.0,0.75,0.6,0.2,MEDIUM,24,0.0,0.0,0.0,0.0,0,0,0.0,True,False,False,False
synthetic_required_quality_frontier_not_engine_result,1.0,0.75,0.6,0.2,CONSERVATIVE,24,0.0,0.0,0.0,0.0,0,0,0.0,True,False,False,False
synthetic_required_quality_frontier_not_engine_result,1.0,0.75,0.6,0.4,FAST,24,0.0,0.0,0.0,0.0,0,0,0.0,True,False,False,False
synthetic_required_quality_frontier_not_engine_result,1.0,0.75,0.6,0.4,MEDIUM,24,0.0,0.0,0.0,0.0,0,0,0.0,True,False,False,False
synthetic_required_quality_frontier_not_engine_result,1.0,0.75,0.6,0.4,CONSERVATIVE,24,0.0,0.0,0.0,0.0,0,0,0.0,True,False,False,False
synthetic_required_quality_frontier_not_engine_result,1.0,0.75,0.6,0.6,FAST,24,0.0,0.0,0.0,0.0,0,0,0.0,True,False,False,False
synthetic_required_quality_frontier_not_engine_result,1.0,0.75,0.6,0.6,MEDIUM,24,0.0,0.0,0.0,0.0,0,0,0.0,True,False,False,False
synthetic_required_quality_frontier_not_engine_result,1.0,0.75,0.6,0.6,CONSERVATIVE,24,0.0,0.0,0.0,0.0,0,0,0.0,True,False,False,False
synthetic_required_quality_frontier_not_engine_result,1.0,0.75,0.6,0.8,FAST,24,0.0,0.0,0.0,0.0,0,0,0.0,True,False,False,False
synthetic_required_quality_frontier_not_engine_result,1.0,0.75,0.6,0.8,MEDIUM,24,0.0,0.0,0.0,0.0,0,0,0.0,True,False,False,False
synthetic_required_quality_frontier_not_engine_result,1.0,0.75,0.6,0.8,CONSERVATIVE,24,0.0,0.0,0.0,0.0,0,0,0.0,True,False,False,False
synthetic_required_quality_frontier_not_engine_result,1.0,0.75,0.7,0.0,FAST,24,0.16093749999999998,0.1305397727272727,0.18894886363636362,0.0,0,0,0.4152462121212121,True,False,False,False
synthetic_required_quality_frontier_not_engine_result,1.0,0.75,0.7,0.0,MEDIUM,24,0.24360795454545453,0.2105965909090909,0.27852272727272726,0.0,0,0,0.5511363636363636,True,False,False,False
synthetic_required_quality_frontier_not_engine_result,1.0,0.75,0.7,0.0,CONSERVATIVE,24,0.4119318181818182,0.35508522727272723,0.4645170454545454,0.0,0,0,0.7130681818181818,True,True,True,False
synthetic_required_quality_frontier_not_engine_result,1.0,0.75,0.7,0.2,FAST,24,0.16013257575757575,0.13849431818181818,0.1884375,0.0,0,0,0.4289772727272727,True,False,False,False
synthetic_required_quality_frontier_not_engine_result,1.0,0.75,0.7,0.2,MEDIUM,24,0.24597537878787878,0.21039772727272726,0.2709375,0.0,0,0,0.5525568181818182,True,False,False,False
synthetic_required_quality_frontier_not_engine_result,1.0,0.75,0.7,0.2,CONSERVATIVE,24,0.4002840909090909,0.34434659090909087,0.45377840909090905,0.0,0,0,0.7021780303030303,True,True,True,False
synthetic_required_quality_frontier_not_engine_result,1.0,0.75,0.7,0.4,FAST,24,0.16093749999999998,0.13133522727272726,0.191875,0.0,0,0,0.421875,True,False,False,False
synthetic_required_quality_frontier_not_engine_result,1.0,0.75,0.7,0.4,MEDIUM,24,0.24763257575757575,0.22565340909090909,0.2823863636363636,0.0,0,0,0.5464015151515151,True,False,False,False
synthetic_required_quality_frontier_not_engine_result,1.0,0.75,0.7,0.4,CONSERVATIVE,24,0.4100378787878788,0.37534090909090906,0.45403409090909086,0.0,0,0,0.7040719696969697,True,True,True,False
synthetic_required_quality_frontier_not_engine_result,1.0,0.75,0.7,0.6,FAST,24,0.12973484848484848,0.10991477272727272,0.15193181818181817,0.0,0,0,0.35511363636363635,True,False,False,False
synthetic_required_quality_frontier_not_engine_result,1.0,0.75,0.7,0.6,MEDIUM,24,0.20445075757575756,0.17275568181818182,0.24008522727272727,0.0,0,0,0.4947916666666667,True,False,False,False
synthetic_required_quality_frontier_not_engine_result,1.0,0.75,0.7,0.6,CONSERVATIVE,24,0.3464488636363636,0.2836647727272727,0.3824431818181818,0.0,0,0,0.6306818181818182,True,True,False,False
synthetic_required_quality_frontier_not_engine_result,1.0,0.75,0.7,0.8,FAST,24,0.07959280303030303,0.04889204545454545,0.1003125,0.0,0,0,0.21022727272727273,True,False,False,False
synthetic_required_quality_frontier_not_engine_result,1.0,0.75,0.7,0.8,MEDIUM,24,0.1324810606060606,0.11059659090909091,0.15386363636363637,0.0,0,0,0.3153409090909091,True,False,False,False
synthetic_required_quality_frontier_not_engine_result,1.0,0.75,0.7,0.8,CONSERVATIVE,24,0.24985795454545456,0.21957386363636364,0.2871022727272728,0.0,0,0,0.5359848484848485,True,False,False,False
synthetic_required_quality_frontier_not_engine_result,1.0,0.75,0.8,0.0,FAST,24,0.16169507575757575,0.1187215909090909,0.18440340909090908,0.0,0,0,0.4237689393939394,True,False,False,False
synthetic_required_quality_frontier_not_engine_result,1.0,0.75,0.8,0.0,MEDIUM,24,0.253125,0.22599431818181817,0.28306818181818183,0.0,0,0,0.5610795454545454,True,False,False,False
synthetic_required_quality_frontier_not_engine_result,1.0,0.75,0.8,0.0,CONSERVATIVE,24,0.4047348484848485,0.34312499999999996,0.4484943181818181,0.0,0,0,0.7045454545454546,True,True,True,False
synthetic_required_quality_frontier_not_engine_result,1.0,0.75,0.8,0.2,FAST,24,0.15975378787878786,0.13721590909090908,0.1784090909090909,0.0,0,0,0.421875,True,False,False,False
synthetic_required_quality_frontier_not_engine_result,1.0,0.75,0.8,0.2,MEDIUM,24,0.2418560606060606,0.19636363636363635,0.2819602272727273,0.0,0,0,0.5511363636363636,True,False,False,False
synthetic_required_quality_frontier_not_engine_result,1.0,0.75,0.8,0.2,CONSERVATIVE,24,0.41221590909090905,0.3667329545454545,0.4605397727272727,0.0,0,0,0.712594696969697,True,True,True,False
synthetic_required_quality_frontier_not_engine_result,1.0,0.75,0.8,0.4,FAST,24,0.15951704545454545,0.1295738636363636,0.18877840909090907,0.0,0,0,0.41429924242424243,True,False,False,False
synthetic_required_quality_frontier_not_engine_result,1.0,0.75,0.8,0.4,MEDIUM,24,0.24000946969696968,0.1892897727272727,0.2795170454545454,0.0,0,0,0.5435606060606061,True,False,False,False
synthetic_required_quality_frontier_not_engine_result,1.0,0.75,0.8,0.4,CONSERVATIVE,24,0.4024147727272727,0.33454545454545453,0.44616477272727273,0.0,0,0,0.6950757575757576,True,True,True,False
synthetic_required_quality_frontier_not_engine_result,1.0,0.75,0.8,0.6,FAST,24,0.13101325757575757,0.10164772727272728,0.15275568181818183,0.0,0,0,0.3555871212121212,True,False,False,False
synthetic_required_quality_frontier_not_engine_result,1.0,0.75,0.8,0.6,MEDIUM,24,0.20355113636363636,0.16644886363636363,0.24204545454545454,0.0,0,0,0.4900568181818182,True,False,False,False
synthetic_required_quality_frontier_not_engine_result,1.0,0.75,0.8,0.6,CONSERVATIVE,24,0.353030303030303,0.3035795454545454,0.39346590909090906,0.0,0,0,0.6387310606060606,True,True,False,False
synthetic_required_quality_frontier_not_engine_result,1.0,0.75,0.8,0.8,FAST,24,0.07850378787878788,0.05130681818181818,0.09593750000000001,0.0,0,0,0.20738636363636365,True,False,False,False
synthetic_required_quality_frontier_not_engine_result,1.0,0.75,0.8,0.8,MEDIUM,24,0.13049242424242424,0.11380681818181819,0.15420454545454546,0.0,0,0,0.30634469696969696,True,False,False,False
synthetic_required_quality_frontier_not_engine_result,1.0,0.75,0.8,0.8,CONSERVATIVE,24,0.2422348484848485,0.19926136363636363,0.27142045454545455,0.0,0,0,0.5132575757575758,True,False,False,False
synthetic_required_quality_frontier_not_engine_result,1.0,0.75,0.9,0.0,FAST,24,0.1630208333333333,0.12602272727272726,0.19477272727272726,0.0,0,0,0.4275568181818182,True,False,False,False
synthetic_required_quality_frontier_not_engine_result,1.0,0.75,0.9,0.0,MEDIUM,24,0.2468276515151515,0.2006534090909091,0.2892613636363636,0.0,0,0,0.5582386363636364,True,False,False,False
synthetic_required_quality_frontier_not_engine_result,1.0,0.75,0.9,0.0,CONSERVATIVE,24,0.413873106060606,0.36707386363636363,0.44917613636363635,0.0,0,0,0.7149621212121212,True,True,True,False
synthetic_required_quality_frontier_not_engine_result,1.0,0.75,0.9,0.2,FAST,24,0.16325757575757574,0.13105113636363636,0.19363636363636363,0.0,0,0,0.4356060606060606,True,False,False,False
synthetic_required_quality_frontier_not_engine_result,1.0,0.75,0.9,0.2,MEDIUM,24,0.24034090909090908,0.20505681818181817,0.27693181818181817,0.0,0,0,0.5449810606060606,True,False,False,False
synthetic_required_quality_frontier_not_engine_result,1.0,0.75,0.9,0.2,CONSERVATIVE,24,0.42353219696969696,0.38173295454545453,0.4679829545454545,0.0,0,0,0.7305871212121212,True,True,True,False
synthetic_required_quality_frontier_not_engine_result,1.0,0.75,0.9,0.4,FAST,24,0.16387310606060604,0.1433806818181818,0.18551136363636364,0.0,0,0,0.4327651515151515,True,False,False,False
synthetic_required_quality_frontier_not_engine_result,1.0,0.75,0.9,0.4,MEDIUM,24,0.2481060606060606,0.23085227272727274,0.27318181818181814,0.0,0,0,0.5606060606060606,True,False,False,False
synthetic_required_quality_frontier_not_engine_result,1.0,0.75,0.9,0.4,CONSERVATIVE,24,0.4151515151515151,0.3815056818181818,0.4603125,0.0,0,0,0.7154356060606061,True,True,True,False
synthetic_required_quality_frontier_not_engine_result,1.0,0.75,0.9,0.6,FAST,24,0.12225378787878788,0.10051136363636363,0.14542613636363635,0.0,0,0,0.3446969696969697,True,False,False,False
synthetic_required_quality_frontier_not_engine_result,1.0,0.75,0.9,0.6,MEDIUM,24,0.20549242424242423,0.17193181818181819,0.22321022727272727,0.0,0,0,0.4872159090909091,True,False,False,False
synthetic_required_quality_frontier_not_engine_result,1.0,0.75,0.9,0.6,CONSERVATIVE,24,0.35071022727272727,0.30931818181818177,0.4028977272727273,0.0,0,0,0.640625,True,True,False,False
synthetic_required_quality_frontier_not_engine_result,1.0,0.75,0.9,0.8,FAST,24,0.07798295454545455,0.06428977272727274,0.0928409090909091,0.0,0,0,0.20170454545454544,True,False,False,False
synthetic_required_quality_frontier_not_engine_result,1.0,0.75,0.9,0.8,MEDIUM,24,0.13233901515151517,0.1075,0.15730113636363638,0.0,0,0,0.3125,True,False,False,False
synthetic_required_quality_frontier_not_engine_result,1.0,0.75,0.9,0.8,CONSERVATIVE,24,0.2434659090909091,0.20588068181818184,0.28571022727272727,0.0,0,0,0.5198863636363636,True,False,False,False
synthetic_required_quality_frontier_not_engine_result,1.0,1.0,0.6,0.0,FAST,24,0.0,0.0,0.0,0.0,0,0,0.0,True,False,False,False
synthetic_required_quality_frontier_not_engine_result,1.0,1.0,0.6,0.0,MEDIUM,24,0.0,0.0,0.0,0.0,0,0,0.0,True,False,False,False
synthetic_required_quality_frontier_not_engine_result,1.0,1.0,0.6,0.0,CONSERVATIVE,24,0.0,0.0,0.0,0.0,0,0,0.0,True,False,False,False
synthetic_required_quality_frontier_not_engine_result,1.0,1.0,0.6,0.2,FAST,24,0.0,0.0,0.0,0.0,0,0,0.0,True,False,False,False
synthetic_required_quality_frontier_not_engine_result,1.0,1.0,0.6,0.2,MEDIUM,24,0.0,0.0,0.0,0.0,0,0,0.0,True,False,False,False
synthetic_required_quality_frontier_not_engine_result,1.0,1.0,0.6,0.2,CONSERVATIVE,24,0.0,0.0,0.0,0.0,0,0,0.0,True,False,False,False
synthetic_required_quality_frontier_not_engine_result,1.0,1.0,0.6,0.4,FAST,24,0.0,0.0,0.0,0.0,0,0,0.0,True,False,False,False
synthetic_required_quality_frontier_not_engine_result,1.0,1.0,0.6,0.4,MEDIUM,24,0.0,0.0,0.0,0.0,0,0,0.0,True,False,False,False
synthetic_required_quality_frontier_not_engine_result,1.0,1.0,0.6,0.4,CONSERVATIVE,24,0.0,0.0,0.0,0.0,0,0,0.0,True,False,False,False
synthetic_required_quality_frontier_not_engine_result,1.0,1.0,0.6,0.6,FAST,24,0.0,0.0,0.0,0.0,0,0,0.0,True,False,False,False
synthetic_required_quality_frontier_not_engine_result,1.0,1.0,0.6,0.6,MEDIUM,24,0.0,0.0,0.0,0.0,0,0,0.0,True,False,False,False
synthetic_required_quality_frontier_not_engine_result,1.0,1.0,0.6,0.6,CONSERVATIVE,24,0.0,0.0,0.0,0.0,0,0,0.0,True,False,False,False
synthetic_required_quality_frontier_not_engine_result,1.0,1.0,0.6,0.8,FAST,24,0.0,0.0,0.0,0.0,0,0,0.0,True,False,False,False
synthetic_required_quality_frontier_not_engine_result,1.0,1.0,0.6,0.8,MEDIUM,24,0.0,0.0,0.0,0.0,0,0,0.0,True,False,False,False
synthetic_required_quality_frontier_not_engine_result,1.0,1.0,0.6,0.8,CONSERVATIVE,24,0.0,0.0,0.0,0.0,0,0,0.0,True,False,False,False
synthetic_required_quality_frontier_not_engine_result,1.0,1.0,0.7,0.0,FAST,24,0.21590909090909088,0.21590909090909088,0.21590909090909088,0.0,0,0,0.5681818181818182,True,False,False,False
synthetic_required_quality_frontier_not_engine_result,1.0,1.0,0.7,0.0,MEDIUM,24,0.3284090909090909,0.3284090909090909,0.3284090909090909,0.0,0,0,0.7386363636363636,True,True,False,False
synthetic_required_quality_frontier_not_engine_result,1.0,1.0,0.7,0.0,CONSERVATIVE,24,0.5443181818181818,0.5443181818181818,0.5443181818181818,0.0,0,0,0.9431818181818182,True,True,True,True
synthetic_required_quality_frontier_not_engine_result,1.0,1.0,0.7,0.2,FAST,24,0.21590909090909088,0.21590909090909088,0.21590909090909088,0.0,0,0,0.5681818181818182,True,False,False,False
synthetic_required_quality_frontier_not_engine_result,1.0,1.0,0.7,0.2,MEDIUM,24,0.3284090909090909,0.3284090909090909,0.3284090909090909,0.0,0,0,0.7386363636363636,True,True,False,False
synthetic_required_quality_frontier_not_engine_result,1.0,1.0,0.7,0.2,CONSERVATIVE,24,0.5443181818181818,0.5443181818181818,0.5443181818181818,0.0,0,0,0.9431818181818182,True,True,True,True
synthetic_required_quality_frontier_not_engine_result,1.0,1.0,0.7,0.4,FAST,24,0.21590909090909088,0.21590909090909088,0.21590909090909088,0.0,0,0,0.5681818181818182,True,False,False,False
synthetic_required_quality_frontier_not_engine_result,1.0,1.0,0.7,0.4,MEDIUM,24,0.3284090909090909,0.3284090909090909,0.3284090909090909,0.0,0,0,0.7386363636363636,True,True,False,False
synthetic_required_quality_frontier_not_engine_result,1.0,1.0,0.7,0.4,CONSERVATIVE,24,0.5443181818181818,0.5443181818181818,0.5443181818181818,0.0,0,0,0.9431818181818182,True,True,True,True
synthetic_required_quality_frontier_not_engine_result,1.0,1.0,0.7,0.6,FAST,24,0.17386363636363636,0.17386363636363636,0.17386363636363636,0.0,0,0,0.4772727272727273,True,False,False,False
synthetic_required_quality_frontier_not_engine_result,1.0,1.0,0.7,0.6,MEDIUM,24,0.27386363636363636,0.27386363636363636,0.27386363636363636,0.0,0,0,0.6590909090909091,True,False,False,False
synthetic_required_quality_frontier_not_engine_result,1.0,1.0,0.7,0.6,CONSERVATIVE,24,0.4693181818181818,0.4693181818181818,0.4693181818181818,0.0,0,0,0.8522727272727273,True,True,True,False
synthetic_required_quality_frontier_not_engine_result,1.0,1.0,0.7,0.8,FAST,24,0.10454545454545455,0.10454545454545455,0.10454545454545455,0.0,0,0,0.2727272727272727,True,False,False,False
synthetic_required_quality_frontier_not_engine_result,1.0,1.0,0.7,0.8,MEDIUM,24,0.1784090909090909,0.1784090909090909,0.1784090909090909,0.0,0,0,0.42045454545454547,True,False,False,False
synthetic_required_quality_frontier_not_engine_result,1.0,1.0,0.7,0.8,CONSERVATIVE,24,0.32613636363636367,0.32613636363636367,0.32613636363636367,0.0,0,0,0.6931818181818182,True,True,False,False
synthetic_required_quality_frontier_not_engine_result,1.0,1.0,0.8,0.0,FAST,24,0.21590909090909088,0.21590909090909088,0.21590909090909088,0.0,0,0,0.5681818181818182,True,False,False,False
synthetic_required_quality_frontier_not_engine_result,1.0,1.0,0.8,0.0,MEDIUM,24,0.3284090909090909,0.3284090909090909,0.3284090909090909,0.0,0,0,0.7386363636363636,True,True,False,False
synthetic_required_quality_frontier_not_engine_result,1.0,1.0,0.8,0.0,CONSERVATIVE,24,0.5443181818181818,0.5443181818181818,0.5443181818181818,0.0,0,0,0.9431818181818182,True,True,True,True
synthetic_required_quality_frontier_not_engine_result,1.0,1.0,0.8,0.2,FAST,24,0.21590909090909088,0.21590909090909088,0.21590909090909088,0.0,0,0,0.5681818181818182,True,False,False,False
synthetic_required_quality_frontier_not_engine_result,1.0,1.0,0.8,0.2,MEDIUM,24,0.3284090909090909,0.3284090909090909,0.3284090909090909,0.0,0,0,0.7386363636363636,True,True,False,False
synthetic_required_quality_frontier_not_engine_result,1.0,1.0,0.8,0.2,CONSERVATIVE,24,0.5443181818181818,0.5443181818181818,0.5443181818181818,0.0,0,0,0.9431818181818182,True,True,True,True
synthetic_required_quality_frontier_not_engine_result,1.0,1.0,0.8,0.4,FAST,24,0.21590909090909088,0.21590909090909088,0.21590909090909088,0.0,0,0,0.5681818181818182,True,False,False,False
synthetic_required_quality_frontier_not_engine_result,1.0,1.0,0.8,0.4,MEDIUM,24,0.3284090909090909,0.3284090909090909,0.3284090909090909,0.0,0,0,0.7386363636363636,True,True,False,False
synthetic_required_quality_frontier_not_engine_result,1.0,1.0,0.8,0.4,CONSERVATIVE,24,0.5443181818181818,0.5443181818181818,0.5443181818181818,0.0,0,0,0.9431818181818182,True,True,True,True
synthetic_required_quality_frontier_not_engine_result,1.0,1.0,0.8,0.6,FAST,24,0.17386363636363636,0.17386363636363636,0.17386363636363636,0.0,0,0,0.4772727272727273,True,False,False,False
synthetic_required_quality_frontier_not_engine_result,1.0,1.0,0.8,0.6,MEDIUM,24,0.27386363636363636,0.27386363636363636,0.27386363636363636,0.0,0,0,0.6590909090909091,True,False,False,False
synthetic_required_quality_frontier_not_engine_result,1.0,1.0,0.8,0.6,CONSERVATIVE,24,0.4693181818181818,0.4693181818181818,0.4693181818181818,0.0,0,0,0.8522727272727273,True,True,True,False
synthetic_required_quality_frontier_not_engine_result,1.0,1.0,0.8,0.8,FAST,24,0.10454545454545455,0.10454545454545455,0.10454545454545455,0.0,0,0,0.2727272727272727,True,False,False,False
synthetic_required_quality_frontier_not_engine_result,1.0,1.0,0.8,0.8,MEDIUM,24,0.1784090909090909,0.1784090909090909,0.1784090909090909,0.0,0,0,0.42045454545454547,True,False,False,False
synthetic_required_quality_frontier_not_engine_result,1.0,1.0,0.8,0.8,CONSERVATIVE,24,0.32613636363636367,0.32613636363636367,0.32613636363636367,0.0,0,0,0.6931818181818182,True,True,False,False
synthetic_required_quality_frontier_not_engine_result,1.0,1.0,0.9,0.0,FAST,24,0.21590909090909088,0.21590909090909088,0.21590909090909088,0.0,0,0,0.5681818181818182,True,False,False,False
synthetic_required_quality_frontier_not_engine_result,1.0,1.0,0.9,0.0,MEDIUM,24,0.3284090909090909,0.3284090909090909,0.3284090909090909,0.0,0,0,0.7386363636363636,True,True,False,False
synthetic_required_quality_frontier_not_engine_result,1.0,1.0,0.9,0.0,CONSERVATIVE,24,0.5443181818181818,0.5443181818181818,0.5443181818181818,0.0,0,0,0.9431818181818182,True,True,True,True
synthetic_required_quality_frontier_not_engine_result,1.0,1.0,0.9,0.2,FAST,24,0.21590909090909088,0.21590909090909088,0.21590909090909088,0.0,0,0,0.5681818181818182,True,False,False,False
synthetic_required_quality_frontier_not_engine_result,1.0,1.0,0.9,0.2,MEDIUM,24,0.3284090909090909,0.3284090909090909,0.3284090909090909,0.0,0,0,0.7386363636363636,True,True,False,False
synthetic_required_quality_frontier_not_engine_result,1.0,1.0,0.9,0.2,CONSERVATIVE,24,0.5443181818181818,0.5443181818181818,0.5443181818181818,0.0,0,0,0.9431818181818182,True,True,True,True
synthetic_required_quality_frontier_not_engine_result,1.0,1.0,0.9,0.4,FAST,24,0.21590909090909088,0.21590909090909088,0.21590909090909088,0.0,0,0,0.5681818181818182,True,False,False,False
synthetic_required_quality_frontier_not_engine_result,1.0,1.0,0.9,0.4,MEDIUM,24,0.3284090909090909,0.3284090909090909,0.3284090909090909,0.0,0,0,0.7386363636363636,True,True,False,False
synthetic_required_quality_frontier_not_engine_result,1.0,1.0,0.9,0.4,CONSERVATIVE,24,0.5443181818181818,0.5443181818181818,0.5443181818181818,0.0,0,0,0.9431818181818182,True,True,True,True
synthetic_required_quality_frontier_not_engine_result,1.0,1.0,0.9,0.6,FAST,24,0.17386363636363636,0.17386363636363636,0.17386363636363636,0.0,0,0,0.4772727272727273,True,False,False,False
synthetic_required_quality_frontier_not_engine_result,1.0,1.0,0.9,0.6,MEDIUM,24,0.27386363636363636,0.27386363636363636,0.27386363636363636,0.0,0,0,0.6590909090909091,True,False,False,False
synthetic_required_quality_frontier_not_engine_result,1.0,1.0,0.9,0.6,CONSERVATIVE,24,0.4693181818181818,0.4693181818181818,0.4693181818181818,0.0,0,0,0.8522727272727273,True,True,True,False
synthetic_required_quality_frontier_not_engine_result,1.0,1.0,0.9,0.8,FAST,24,0.10454545454545455,0.10454545454545455,0.10454545454545455,0.0,0,0,0.2727272727272727,True,False,False,False
synthetic_required_quality_frontier_not_engine_result,1.0,1.0,0.9,0.8,MEDIUM,24,0.1784090909090909,0.1784090909090909,0.1784090909090909,0.0,0,0,0.42045454545454547,True,False,False,False
synthetic_required_quality_frontier_not_engine_result,1.0,1.0,0.9,0.8,CONSERVATIVE,24,0.32613636363636367,0.32613636363636367,0.32613636363636367,0.0,0,0,0.6931818181818182,True,True,False,False
