session,trial_id,true_class,frequency_hz,context_history,off_decision_class,off_correct,off_decision_time,off_early_stop,off_fallback,on_decision_class,on_correct,on_decision_time,on_early_stop,on_fallback,delta_time_off_minus_on,context_changed_final_class,context_helped_accuracy,context_harmed_accuracy,context_created_early_stop,context_removed_early_stop,effect_type,off_decision_json,on_decision_json
A,m6_1b-trial-001,target_right,12.0,[],target_right,True,4.0,False,True,target_right,True,4.0,False,True,0.0,False,False,False,False,False,TYPE_2_NO_EFFECT,"{""consecutiveCount"":0,""decisionMade"":true,""earlyStop"":false,""effectiveAcquisitionSeconds"":4.0,""evaluatedWindows"":11,""finalFusedEvidence"":{""block_sim_01"":0.3098613542911913,""block_sim_02"":0.2568578505985723,""block_sim_03"":0.4332807951102364},""finalRawEegEvidence"":{""block_sim_01"":0.7852452698614929,""block_sim_02"":0.6509247100875164,""block_sim_03"":1.098012676219081},""margin"":0.1234194408190451,""provenance"":{""identityAuthority"":""slot_to_target_to_logical_mapping"",""policy"":""M13 Context-aware Dynamic Stopping Baseline"",""source"":""M12 FusedTargetEvidence""},""selectedLogicalBlockId"":""block_sim_03"",""selectedSlotIndex"":2,""selectedTargetId"":""m9-vblock-blue-01"",""stopReason"":""full_window_fallback"",""stopWindow"":10,""threshold"":0.7}","{""consecutiveCount"":0,""decisionMade"":true,""earlyStop"":false,""effectiveAcquisitionSeconds"":4.0,""evaluatedWindows"":11,""finalFusedEvidence"":{""block_sim_01"":0.3098613542911913,""block_sim_02"":0.2568578505985723,""block_sim_03"":0.4332807951102364},""finalRawEegEvidence"":{""block_sim_01"":0.7852452698614929,""block_sim_02"":0.6509247100875164,""block_sim_03"":1.098012676219081},""margin"":0.1234194408190451,""provenance"":{""identityAuthority"":""slot_to_target_to_logical_mapping"",""policy"":""M13 Context-aware Dynamic Stopping Baseline"",""source"":""M12 FusedTargetEvidence""},""selectedLogicalBlockId"":""block_sim_03"",""selectedSlotIndex"":2,""selectedTargetId"":""m9-vblock-blue-01"",""stopReason"":""full_window_fallback"",""stopWindow"":10,""threshold"":0.7}"
A,m6_1b-trial-002,target_center,9.0,"[""block_sim_01""]",target_center,True,4.0,False,True,target_center,True,4.0,False,True,0.0,False,False,False,False,False,TYPE_2_NO_EFFECT,"{""consecutiveCount"":0,""decisionMade"":true,""earlyStop"":false,""effectiveAcquisitionSeconds"":4.0,""evaluatedWindows"":11,""finalFusedEvidence"":{""block_sim_01"":0.33861810557257427,""block_sim_02"":0.4793105517881835,""block_sim_03"":0.18207134263924216},""finalRawEegEvidence"":{""block_sim_01"":0.8722152958233945,""block_sim_02"":1.2346120536357554,""block_sim_03"":0.4689808588720407},""margin"":0.14069244621560922,""provenance"":{""identityAuthority"":""slot_to_target_to_logical_mapping"",""policy"":""M13 Context-aware Dynamic Stopping Baseline"",""source"":""M12 FusedTargetEvidence""},""selectedLogicalBlockId"":""block_sim_02"",""selectedSlotIndex"":1,""selectedTargetId"":""m9-vblock-green-01"",""stopReason"":""full_window_fallback"",""stopWindow"":10,""threshold"":0.7}","{""consecutiveCount"":0,""decisionMade"":true,""earlyStop"":false,""effectiveAcquisitionSeconds"":4.0,""evaluatedWindows"":11,""finalFusedEvidence"":{""block_sim_01"":0.33861810557257427,""block_sim_02"":0.4793105517881835,""block_sim_03"":0.18207134263924216},""finalRawEegEvidence"":{""block_sim_01"":0.8722152958233945,""block_sim_02"":1.2346120536357554,""block_sim_03"":0.4689808588720407},""margin"":0.14069244621560922,""provenance"":{""identityAuthority"":""slot_to_target_to_logical_mapping"",""policy"":""M13 Context-aware Dynamic Stopping Baseline"",""source"":""M12 FusedTargetEvidence""},""selectedLogicalBlockId"":""block_sim_02"",""selectedSlotIndex"":1,""selectedTargetId"":""m9-vblock-green-01"",""stopReason"":""full_window_fallback"",""stopWindow"":10,""threshold"":0.7}"
A,m6_1b-trial-003,target_right,12.0,[],target_right,True,4.0,False,True,target_right,True,4.0,False,True,0.0,False,False,False,False,False,TYPE_2_NO_EFFECT,"{""consecutiveCount"":0,""decisionMade"":true,""earlyStop"":false,""effectiveAcquisitionSeconds"":4.0,""evaluatedWindows"":11,""finalFusedEvidence"":{""block_sim_01"":0.2432115170403818,""block_sim_02"":0.27464749393632787,""block_sim_03"":0.4821409890232903},""finalRawEegEvidence"":{""block_sim_01"":0.556346003885076,""block_sim_02"":0.6282557569144909,""block_sim_03"":1.102896835710987},""margin"":0.2074934950869624,""provenance"":{""identityAuthority"":""slot_to_target_to_logical_mapping"",""policy"":""M13 Context-aware Dynamic Stopping Baseline"",""source"":""M12 FusedTargetEvidence""},""selectedLogicalBlockId"":""block_sim_03"",""selectedSlotIndex"":2,""selectedTargetId"":""m9-vblock-blue-01"",""stopReason"":""full_window_fallback"",""stopWindow"":10,""threshold"":0.7}","{""consecutiveCount"":0,""decisionMade"":true,""earlyStop"":false,""effectiveAcquisitionSeconds"":4.0,""evaluatedWindows"":11,""finalFusedEvidence"":{""block_sim_01"":0.2432115170403818,""block_sim_02"":0.27464749393632787,""block_sim_03"":0.4821409890232903},""finalRawEegEvidence"":{""block_sim_01"":0.556346003885076,""block_sim_02"":0.6282557569144909,""block_sim_03"":1.102896835710987},""margin"":0.2074934950869624,""provenance"":{""identityAuthority"":""slot_to_target_to_logical_mapping"",""policy"":""M13 Context-aware Dynamic Stopping Baseline"",""source"":""M12 FusedTargetEvidence""},""selectedLogicalBlockId"":""block_sim_03"",""selectedSlotIndex"":2,""selectedTargetId"":""m9-vblock-blue-01"",""stopReason"":""full_window_fallback"",""stopWindow"":10,""threshold"":0.7}"
A,m6_1b-trial-004,target_left,7.2,"[""block_sim_01""]",target_left,True,4.0,False,True,target_left,True,4.0,False,True,0.0,False,False,False,False,False,TYPE_2_NO_EFFECT,"{""consecutiveCount"":0,""decisionMade"":true,""earlyStop"":false,""effectiveAcquisitionSeconds"":4.0,""evaluatedWindows"":11,""finalFusedEvidence"":{""block_sim_01"":0.4656233443589636,""block_sim_02"":0.2701852409640548,""block_sim_03"":0.2641914146769816},""finalRawEegEvidence"":{""block_sim_01"":1.1522343692696164,""block_sim_02"":0.6686020460094741,""block_sim_03"":0.6537696869040571},""margin"":0.1954381033949088,""provenance"":{""identityAuthority"":""slot_to_target_to_logical_mapping"",""policy"":""M13 Context-aware Dynamic Stopping Baseline"",""source"":""M12 FusedTargetEvidence""},""selectedLogicalBlockId"":""block_sim_01"",""selectedSlotIndex"":0,""selectedTargetId"":""m9-vblock-red-01"",""stopReason"":""full_window_fallback"",""stopWindow"":10,""threshold"":0.7}","{""consecutiveCount"":0,""decisionMade"":true,""earlyStop"":false,""effectiveAcquisitionSeconds"":4.0,""evaluatedWindows"":11,""finalFusedEvidence"":{""block_sim_01"":0.4656233443589636,""block_sim_02"":0.2701852409640548,""block_sim_03"":0.2641914146769816},""finalRawEegEvidence"":{""block_sim_01"":1.1522343692696164,""block_sim_02"":0.6686020460094741,""block_sim_03"":0.6537696869040571},""margin"":0.1954381033949088,""provenance"":{""identityAuthority"":""slot_to_target_to_logical_mapping"",""policy"":""M13 Context-aware Dynamic Stopping Baseline"",""source"":""M12 FusedTargetEvidence""},""selectedLogicalBlockId"":""block_sim_01"",""selectedSlotIndex"":0,""selectedTargetId"":""m9-vblock-red-01"",""stopReason"":""full_window_fallback"",""stopWindow"":10,""threshold"":0.7}"
A,m6_1b-trial-005,target_center,9.0,[],target_center,True,4.0,False,True,target_center,True,4.0,False,True,0.0,False,False,False,False,False,TYPE_2_NO_EFFECT,"{""consecutiveCount"":0,""decisionMade"":true,""earlyStop"":false,""effectiveAcquisitionSeconds"":4.0,""evaluatedWindows"":11,""finalFusedEvidence"":{""block_sim_01"":0.23277924714413986,""block_sim_02"":0.4641482485802703,""block_sim_03"":0.3030725042755899},""finalRawEegEvidence"":{""block_sim_01"":0.5546258587753152,""block_sim_02"":1.1058916296283399,""block_sim_03"":0.7221083924674344},""margin"":0.1610757443046804,""provenance"":{""identityAuthority"":""slot_to_target_to_logical_mapping"",""policy"":""M13 Context-aware Dynamic Stopping Baseline"",""source"":""M12 FusedTargetEvidence""},""selectedLogicalBlockId"":""block_sim_02"",""selectedSlotIndex"":1,""selectedTargetId"":""m9-vblock-green-01"",""stopReason"":""full_window_fallback"",""stopWindow"":10,""threshold"":0.7}","{""consecutiveCount"":0,""decisionMade"":true,""earlyStop"":false,""effectiveAcquisitionSeconds"":4.0,""evaluatedWindows"":11,""finalFusedEvidence"":{""block_sim_01"":0.23277924714413986,""block_sim_02"":0.4641482485802703,""block_sim_03"":0.3030725042755899},""finalRawEegEvidence"":{""block_sim_01"":0.5546258587753152,""block_sim_02"":1.1058916296283399,""block_sim_03"":0.7221083924674344},""margin"":0.1610757443046804,""provenance"":{""identityAuthority"":""slot_to_target_to_logical_mapping"",""policy"":""M13 Context-aware Dynamic Stopping Baseline"",""source"":""M12 FusedTargetEvidence""},""selectedLogicalBlockId"":""block_sim_02"",""selectedSlotIndex"":1,""selectedTargetId"":""m9-vblock-green-01"",""stopReason"":""full_window_fallback"",""stopWindow"":10,""threshold"":0.7}"
A,m6_1b-trial-006,target_right,12.0,"[""block_sim_01""]",target_right,True,4.0,False,True,target_center,False,4.0,False,True,0.0,True,False,True,False,False,TYPE_4_DECISION_HARM,"{""consecutiveCount"":0,""decisionMade"":true,""earlyStop"":false,""effectiveAcquisitionSeconds"":4.0,""evaluatedWindows"":11,""finalFusedEvidence"":{""block_sim_01"":0.3256504394761828,""block_sim_02"":0.29556339932515585,""block_sim_03"":0.37878616119866143},""finalRawEegEvidence"":{""block_sim_01"":0.8803248434522742,""block_sim_02"":0.7989911011932461,""block_sim_03"":1.023965662676428},""margin"":0.05313572172247866,""provenance"":{""identityAuthority"":""slot_to_target_to_logical_mapping"",""policy"":""M13 Context-aware Dynamic Stopping Baseline"",""source"":""M12 FusedTargetEvidence""},""selectedLogicalBlockId"":""block_sim_03"",""selectedSlotIndex"":2,""selectedTargetId"":""m9-vblock-blue-01"",""stopReason"":""full_window_fallback"",""stopWindow"":10,""threshold"":0.7}","{""consecutiveCount"":0,""decisionMade"":true,""earlyStop"":false,""effectiveAcquisitionSeconds"":4.0,""evaluatedWindows"":11,""finalFusedEvidence"":{""block_sim_01"":0.16531209556647078,""block_sim_02"":0.45011643460807893,""block_sim_03"":0.38457146982545026},""finalRawEegEvidence"":{""block_sim_01"":0.8803248434522742,""block_sim_02"":0.7989911011932461,""block_sim_03"":1.023965662676428},""margin"":0.06554496478262867,""provenance"":{""identityAuthority"":""slot_to_target_to_logical_mapping"",""policy"":""M13 Context-aware Dynamic Stopping Baseline"",""source"":""M12 FusedTargetEvidence""},""selectedLogicalBlockId"":""block_sim_02"",""selectedSlotIndex"":1,""selectedTargetId"":""m9-vblock-green-01"",""stopReason"":""full_window_fallback"",""stopWindow"":10,""threshold"":0.7}"
A,m6_1b-trial-007,target_center,9.0,[],target_center,True,4.0,False,True,target_center,True,4.0,False,True,0.0,False,False,False,False,False,TYPE_2_NO_EFFECT,"{""consecutiveCount"":0,""decisionMade"":true,""earlyStop"":false,""effectiveAcquisitionSeconds"":4.0,""evaluatedWindows"":11,""finalFusedEvidence"":{""block_sim_01"":0.24111738174063027,""block_sim_02"":0.44107962215875113,""block_sim_03"":0.3178029961006186},""finalRawEegEvidence"":{""block_sim_01"":0.6512207946598443,""block_sim_02"":1.191287911211104,""block_sim_03"":0.8583367908687347},""margin"":0.12327662605813255,""provenance"":{""identityAuthority"":""slot_to_target_to_logical_mapping"",""policy"":""M13 Context-aware Dynamic Stopping Baseline"",""source"":""M12 FusedTargetEvidence""},""selectedLogicalBlockId"":""block_sim_02"",""selectedSlotIndex"":1,""selectedTargetId"":""m9-vblock-green-01"",""stopReason"":""full_window_fallback"",""stopWindow"":10,""threshold"":0.7}","{""consecutiveCount"":0,""decisionMade"":true,""earlyStop"":false,""effectiveAcquisitionSeconds"":4.0,""evaluatedWindows"":11,""finalFusedEvidence"":{""block_sim_01"":0.24111738174063027,""block_sim_02"":0.44107962215875113,""block_sim_03"":0.3178029961006186},""finalRawEegEvidence"":{""block_sim_01"":0.6512207946598443,""block_sim_02"":1.191287911211104,""block_sim_03"":0.8583367908687347},""margin"":0.12327662605813255,""provenance"":{""identityAuthority"":""slot_to_target_to_logical_mapping"",""policy"":""M13 Context-aware Dynamic Stopping Baseline"",""source"":""M12 FusedTargetEvidence""},""selectedLogicalBlockId"":""block_sim_02"",""selectedSlotIndex"":1,""selectedTargetId"":""m9-vblock-green-01"",""stopReason"":""full_window_fallback"",""stopWindow"":10,""threshold"":0.7}"
A,m6_1b-trial-008,target_right,12.0,"[""block_sim_01""]",target_right,True,4.0,False,True,target_right,True,4.0,False,True,0.0,False,False,False,False,False,TYPE_2_NO_EFFECT,"{""consecutiveCount"":0,""decisionMade"":true,""earlyStop"":false,""effectiveAcquisitionSeconds"":4.0,""evaluatedWindows"":11,""finalFusedEvidence"":{""block_sim_01"":0.3306179590246401,""block_sim_02"":0.2502081507724725,""block_sim_03"":0.41917389020288753},""finalRawEegEvidence"":{""block_sim_01"":0.9348791645454413,""block_sim_02"":0.7075065965766121,""block_sim_03"":1.1852862966918638},""margin"":0.08855593117824745,""provenance"":{""identityAuthority"":""slot_to_target_to_logical_mapping"",""policy"":""M13 Context-aware Dynamic Stopping Baseline"",""source"":""M12 FusedTargetEvidence""},""selectedLogicalBlockId"":""block_sim_03"",""selectedSlotIndex"":2,""selectedTargetId"":""m9-vblock-blue-01"",""stopReason"":""full_window_fallback"",""stopWindow"":10,""threshold"":0.7}","{""consecutiveCount"":0,""decisionMade"":true,""earlyStop"":false,""effectiveAcquisitionSeconds"":4.0,""evaluatedWindows"":11,""finalFusedEvidence"":{""block_sim_01"":0.3306179590246401,""block_sim_02"":0.2502081507724725,""block_sim_03"":0.41917389020288753},""finalRawEegEvidence"":{""block_sim_01"":0.9348791645454413,""block_sim_02"":0.7075065965766121,""block_sim_03"":1.1852862966918638},""margin"":0.08855593117824745,""provenance"":{""identityAuthority"":""slot_to_target_to_logical_mapping"",""policy"":""M13 Context-aware Dynamic Stopping Baseline"",""source"":""M12 FusedTargetEvidence""},""selectedLogicalBlockId"":""block_sim_03"",""selectedSlotIndex"":2,""selectedTargetId"":""m9-vblock-blue-01"",""stopReason"":""full_window_fallback"",""stopWindow"":10,""threshold"":0.7}"
A,m6_1b-trial-009,target_left,7.2,[],target_left,True,4.0,False,True,target_left,True,4.0,False,True,0.0,False,False,False,False,False,TYPE_2_NO_EFFECT,"{""consecutiveCount"":0,""decisionMade"":true,""earlyStop"":false,""effectiveAcquisitionSeconds"":4.0,""evaluatedWindows"":11,""finalFusedEvidence"":{""block_sim_01"":0.46567596498844366,""block_sim_02"":0.2223430450378217,""block_sim_03"":0.31198098997373463},""finalRawEegEvidence"":{""block_sim_01"":1.2043454715784474,""block_sim_02"":0.5750304064649516,""block_sim_03"":0.8068548105177655},""margin"":0.15369497501470902,""provenance"":{""identityAuthority"":""slot_to_target_to_logical_mapping"",""policy"":""M13 Context-aware Dynamic Stopping Baseline"",""source"":""M12 FusedTargetEvidence""},""selectedLogicalBlockId"":""block_sim_01"",""selectedSlotIndex"":0,""selectedTargetId"":""m9-vblock-red-01"",""stopReason"":""full_window_fallback"",""stopWindow"":10,""threshold"":0.7}","{""consecutiveCount"":0,""decisionMade"":true,""earlyStop"":false,""effectiveAcquisitionSeconds"":4.0,""evaluatedWindows"":11,""finalFusedEvidence"":{""block_sim_01"":0.46567596498844366,""block_sim_02"":0.2223430450378217,""block_sim_03"":0.31198098997373463},""finalRawEegEvidence"":{""block_sim_01"":1.2043454715784474,""block_sim_02"":0.5750304064649516,""block_sim_03"":0.8068548105177655},""margin"":0.15369497501470902,""provenance"":{""identityAuthority"":""slot_to_target_to_logical_mapping"",""policy"":""M13 Context-aware Dynamic Stopping Baseline"",""source"":""M12 FusedTargetEvidence""},""selectedLogicalBlockId"":""block_sim_01"",""selectedSlotIndex"":0,""selectedTargetId"":""m9-vblock-red-01"",""stopReason"":""full_window_fallback"",""stopWindow"":10,""threshold"":0.7}"
A,m6_1b-trial-010,target_right,12.0,"[""block_sim_01""]",target_right,True,4.0,False,True,target_right,True,4.0,False,True,0.0,False,False,False,False,False,TYPE_2_NO_EFFECT,"{""consecutiveCount"":0,""decisionMade"":true,""earlyStop"":false,""effectiveAcquisitionSeconds"":4.0,""evaluatedWindows"":11,""finalFusedEvidence"":{""block_sim_01"":0.3038835456015284,""block_sim_02"":0.22931982346713178,""block_sim_03"":0.4667966309313397},""finalRawEegEvidence"":{""block_sim_01"":0.897492664950077,""block_sim_02"":0.6772754315538766,""block_sim_03"":1.3786417802089066},""margin"":0.1629130853298113,""provenance"":{""identityAuthority"":""slot_to_target_to_logical_mapping"",""policy"":""M13 Context-aware Dynamic Stopping Baseline"",""source"":""M12 FusedTargetEvidence""},""selectedLogicalBlockId"":""block_sim_03"",""selectedSlotIndex"":2,""selectedTargetId"":""m9-vblock-blue-01"",""stopReason"":""full_window_fallback"",""stopWindow"":10,""threshold"":0.7}","{""consecutiveCount"":0,""decisionMade"":true,""earlyStop"":false,""effectiveAcquisitionSeconds"":4.0,""evaluatedWindows"":11,""finalFusedEvidence"":{""block_sim_01"":0.3038835456015284,""block_sim_02"":0.22931982346713178,""block_sim_03"":0.4667966309313397},""finalRawEegEvidence"":{""block_sim_01"":0.897492664950077,""block_sim_02"":0.6772754315538766,""block_sim_03"":1.3786417802089066},""margin"":0.1629130853298113,""provenance"":{""identityAuthority"":""slot_to_target_to_logical_mapping"",""policy"":""M13 Context-aware Dynamic Stopping Baseline"",""source"":""M12 FusedTargetEvidence""},""selectedLogicalBlockId"":""block_sim_03"",""selectedSlotIndex"":2,""selectedTargetId"":""m9-vblock-blue-01"",""stopReason"":""full_window_fallback"",""stopWindow"":10,""threshold"":0.7}"
A,m6_1b-trial-011,target_center,9.0,[],target_center,True,4.0,False,True,target_center,True,4.0,False,True,0.0,False,False,False,False,False,TYPE_2_NO_EFFECT,"{""consecutiveCount"":0,""decisionMade"":true,""earlyStop"":false,""effectiveAcquisitionSeconds"":4.0,""evaluatedWindows"":11,""finalFusedEvidence"":{""block_sim_01"":0.21423253305022022,""block_sim_02"":0.49086569073316544,""block_sim_03"":0.2949017762166144},""finalRawEegEvidence"":{""block_sim_01"":0.6072357453512008,""block_sim_02"":1.3913442059232533,""block_sim_03"":0.8358903166416385},""margin"":0.19596391451655104,""provenance"":{""identityAuthority"":""slot_to_target_to_logical_mapping"",""policy"":""M13 Context-aware Dynamic Stopping Baseline"",""source"":""M12 FusedTargetEvidence""},""selectedLogicalBlockId"":""block_sim_02"",""selectedSlotIndex"":1,""selectedTargetId"":""m9-vblock-green-01"",""stopReason"":""full_window_fallback"",""stopWindow"":10,""threshold"":0.7}","{""consecutiveCount"":0,""decisionMade"":true,""earlyStop"":false,""effectiveAcquisitionSeconds"":4.0,""evaluatedWindows"":11,""finalFusedEvidence"":{""block_sim_01"":0.21423253305022022,""block_sim_02"":0.49086569073316544,""block_sim_03"":0.2949017762166144},""finalRawEegEvidence"":{""block_sim_01"":0.6072357453512008,""block_sim_02"":1.3913442059232533,""block_sim_03"":0.8358903166416385},""margin"":0.19596391451655104,""provenance"":{""identityAuthority"":""slot_to_target_to_logical_mapping"",""policy"":""M13 Context-aware Dynamic Stopping Baseline"",""source"":""M12 FusedTargetEvidence""},""selectedLogicalBlockId"":""block_sim_02"",""selectedSlotIndex"":1,""selectedTargetId"":""m9-vblock-green-01"",""stopReason"":""full_window_fallback"",""stopWindow"":10,""threshold"":0.7}"
A,m6_1b-trial-012,target_center,9.0,"[""block_sim_01""]",target_center,True,4.0,False,True,target_center,True,4.0,False,True,0.0,False,False,False,False,False,TYPE_2_NO_EFFECT,"{""consecutiveCount"":0,""decisionMade"":true,""earlyStop"":false,""effectiveAcquisitionSeconds"":4.0,""evaluatedWindows"":11,""finalFusedEvidence"":{""block_sim_01"":0.2905196896283063,""block_sim_02"":0.46785583709025713,""block_sim_03"":0.2416244732814365},""finalRawEegEvidence"":{""block_sim_01"":0.763559434034137,""block_sim_02"":1.2296438104944107,""block_sim_03"":0.6350504033086857},""margin"":0.1773361474619508,""provenance"":{""identityAuthority"":""slot_to_target_to_logical_mapping"",""policy"":""M13 Context-aware Dynamic Stopping Baseline"",""source"":""M12 FusedTargetEvidence""},""selectedLogicalBlockId"":""block_sim_02"",""selectedSlotIndex"":1,""selectedTargetId"":""m9-vblock-green-01"",""stopReason"":""full_window_fallback"",""stopWindow"":10,""threshold"":0.7}","{""consecutiveCount"":0,""decisionMade"":true,""earlyStop"":false,""effectiveAcquisitionSeconds"":4.0,""evaluatedWindows"":11,""finalFusedEvidence"":{""block_sim_01"":0.2905196896283063,""block_sim_02"":0.46785583709025713,""block_sim_03"":0.2416244732814365},""finalRawEegEvidence"":{""block_sim_01"":0.763559434034137,""block_sim_02"":1.2296438104944107,""block_sim_03"":0.6350504033086857},""margin"":0.1773361474619508,""provenance"":{""identityAuthority"":""slot_to_target_to_logical_mapping"",""policy"":""M13 Context-aware Dynamic Stopping Baseline"",""source"":""M12 FusedTargetEvidence""},""selectedLogicalBlockId"":""block_sim_02"",""selectedSlotIndex"":1,""selectedTargetId"":""m9-vblock-green-01"",""stopReason"":""full_window_fallback"",""stopWindow"":10,""threshold"":0.7}"
A,m6_1b-trial-013,target_left,7.2,[],target_left,True,4.0,False,True,target_left,True,4.0,False,True,0.0,False,False,False,False,False,TYPE_2_NO_EFFECT,"{""consecutiveCount"":0,""decisionMade"":true,""earlyStop"":false,""effectiveAcquisitionSeconds"":4.0,""evaluatedWindows"":11,""finalFusedEvidence"":{""block_sim_01"":0.5065545072780981,""block_sim_02"":0.27320229952464253,""block_sim_03"":0.22024319319725938},""finalRawEegEvidence"":{""block_sim_01"":1.1323936603994949,""block_sim_02"":0.610738918602542,""block_sim_03"":0.49234977112896583},""margin"":0.2333522077534556,""provenance"":{""identityAuthority"":""slot_to_target_to_logical_mapping"",""policy"":""M13 Context-aware Dynamic Stopping Baseline"",""source"":""M12 FusedTargetEvidence""},""selectedLogicalBlockId"":""block_sim_01"",""selectedSlotIndex"":0,""selectedTargetId"":""m9-vblock-red-01"",""stopReason"":""full_window_fallback"",""stopWindow"":10,""threshold"":0.7}","{""consecutiveCount"":0,""decisionMade"":true,""earlyStop"":false,""effectiveAcquisitionSeconds"":4.0,""evaluatedWindows"":11,""finalFusedEvidence"":{""block_sim_01"":0.5065545072780981,""block_sim_02"":0.27320229952464253,""block_sim_03"":0.22024319319725938},""finalRawEegEvidence"":{""block_sim_01"":1.1323936603994949,""block_sim_02"":0.610738918602542,""block_sim_03"":0.49234977112896583},""margin"":0.2333522077534556,""provenance"":{""identityAuthority"":""slot_to_target_to_logical_mapping"",""policy"":""M13 Context-aware Dynamic Stopping Baseline"",""source"":""M12 FusedTargetEvidence""},""selectedLogicalBlockId"":""block_sim_01"",""selectedSlotIndex"":0,""selectedTargetId"":""m9-vblock-red-01"",""stopReason"":""full_window_fallback"",""stopWindow"":10,""threshold"":0.7}"
A,m6_1b-trial-014,target_center,9.0,"[""block_sim_01""]",target_center,True,4.0,False,True,target_center,True,4.0,False,True,0.0,False,False,False,False,False,TYPE_2_NO_EFFECT,"{""consecutiveCount"":0,""decisionMade"":true,""earlyStop"":false,""effectiveAcquisitionSeconds"":4.0,""evaluatedWindows"":11,""finalFusedEvidence"":{""block_sim_01"":0.278512918688907,""block_sim_02"":0.4641928394463131,""block_sim_03"":0.25729424186477995},""finalRawEegEvidence"":{""block_sim_01"":0.6745614403972845,""block_sim_02"":1.1242803094127427,""block_sim_03"":0.6231695650430382},""margin"":0.18567992075740614,""provenance"":{""identityAuthority"":""slot_to_target_to_logical_mapping"",""policy"":""M13 Context-aware Dynamic Stopping Baseline"",""source"":""M12 FusedTargetEvidence""},""selectedLogicalBlockId"":""block_sim_02"",""selectedSlotIndex"":1,""selectedTargetId"":""m9-vblock-green-01"",""stopReason"":""full_window_fallback"",""stopWindow"":10,""threshold"":0.7}","{""consecutiveCount"":0,""decisionMade"":true,""earlyStop"":false,""effectiveAcquisitionSeconds"":4.0,""evaluatedWindows"":11,""finalFusedEvidence"":{""block_sim_01"":0.278512918688907,""block_sim_02"":0.4641928394463131,""block_sim_03"":0.25729424186477995},""finalRawEegEvidence"":{""block_sim_01"":0.6745614403972845,""block_sim_02"":1.1242803094127427,""block_sim_03"":0.6231695650430382},""margin"":0.18567992075740614,""provenance"":{""identityAuthority"":""slot_to_target_to_logical_mapping"",""policy"":""M13 Context-aware Dynamic Stopping Baseline"",""source"":""M12 FusedTargetEvidence""},""selectedLogicalBlockId"":""block_sim_02"",""selectedSlotIndex"":1,""selectedTargetId"":""m9-vblock-green-01"",""stopReason"":""full_window_fallback"",""stopWindow"":10,""threshold"":0.7}"
A,m6_1b-trial-015,target_left,7.2,[],target_left,True,4.0,False,True,target_left,True,2.6,True,False,1.4,False,False,False,True,False,TYPE_1_TRUE_LATENCY_HELP,"{""consecutiveCount"":0,""decisionMade"":true,""earlyStop"":false,""effectiveAcquisitionSeconds"":4.0,""evaluatedWindows"":11,""finalFusedEvidence"":{""block_sim_01"":0.5139393174405896,""block_sim_02"":0.27038447505965446,""block_sim_03"":0.21567620749975586},""finalRawEegEvidence"":{""block_sim_01"":1.1822587514079066,""block_sim_02"":0.6219886298562124,""block_sim_03"":0.4961385033876683},""margin"":0.24355484238093517,""provenance"":{""identityAuthority"":""slot_to_target_to_logical_mapping"",""policy"":""M13 Context-aware Dynamic Stopping Baseline"",""source"":""M12 FusedTargetEvidence""},""selectedLogicalBlockId"":""block_sim_01"",""selectedSlotIndex"":0,""selectedTargetId"":""m9-vblock-red-01"",""stopReason"":""full_window_fallback"",""stopWindow"":10,""threshold"":0.7}","{""consecutiveCount"":2,""decisionMade"":true,""earlyStop"":true,""effectiveAcquisitionSeconds"":2.6,""evaluatedWindows"":4,""finalFusedEvidence"":{""block_sim_01"":0.709193716805034,""block_sim_02"":0.15283206728089882,""block_sim_03"":0.13797421591406717},""finalRawEegEvidence"":{""block_sim_01"":0.9916719306365226,""block_sim_02"":0.854825797985942,""block_sim_03"":0.7717223310435973},""margin"":0.5563616495241351,""provenance"":{""identityAuthority"":""slot_to_target_to_logical_mapping"",""policy"":""M13 Context-aware Dynamic Stopping Baseline"",""source"":""M12 FusedTargetEvidence""},""selectedLogicalBlockId"":""block_sim_01"",""selectedSlotIndex"":0,""selectedTargetId"":""m9-vblock-red-01"",""stopReason"":""early_stable_fused_evidence"",""stopWindow"":3,""threshold"":0.7}"
A,m6_1b-trial-016,target_left,7.2,"[""block_sim_01""]",target_left,True,4.0,False,True,target_left,True,4.0,False,True,0.0,False,False,False,False,False,TYPE_2_NO_EFFECT,"{""consecutiveCount"":0,""decisionMade"":true,""earlyStop"":false,""effectiveAcquisitionSeconds"":4.0,""evaluatedWindows"":11,""finalFusedEvidence"":{""block_sim_01"":0.43606353021998223,""block_sim_02"":0.23073018057324696,""block_sim_03"":0.3332062892067707},""finalRawEegEvidence"":{""block_sim_01"":1.1013497379219637,""block_sim_02"":0.5827467932868382,""block_sim_03"":0.8415669595361419},""margin"":0.10285724101321153,""provenance"":{""identityAuthority"":""slot_to_target_to_logical_mapping"",""policy"":""M13 Context-aware Dynamic Stopping Baseline"",""source"":""M12 FusedTargetEvidence""},""selectedLogicalBlockId"":""block_sim_01"",""selectedSlotIndex"":0,""selectedTargetId"":""m9-vblock-red-01"",""stopReason"":""full_window_fallback"",""stopWindow"":10,""threshold"":0.7}","{""consecutiveCount"":0,""decisionMade"":true,""earlyStop"":false,""effectiveAcquisitionSeconds"":4.0,""evaluatedWindows"":11,""finalFusedEvidence"":{""block_sim_01"":0.43606353021998223,""block_sim_02"":0.23073018057324696,""block_sim_03"":0.3332062892067707},""finalRawEegEvidence"":{""block_sim_01"":1.1013497379219637,""block_sim_02"":0.5827467932868382,""block_sim_03"":0.8415669595361419},""margin"":0.10285724101321153,""provenance"":{""identityAuthority"":""slot_to_target_to_logical_mapping"",""policy"":""M13 Context-aware Dynamic Stopping Baseline"",""source"":""M12 FusedTargetEvidence""},""selectedLogicalBlockId"":""block_sim_01"",""selectedSlotIndex"":0,""selectedTargetId"":""m9-vblock-red-01"",""stopReason"":""full_window_fallback"",""stopWindow"":10,""threshold"":0.7}"
A,m6_1b-trial-017,target_center,9.0,[],target_center,True,4.0,False,True,target_center,True,4.0,False,True,0.0,False,False,False,False,False,TYPE_2_NO_EFFECT,"{""consecutiveCount"":0,""decisionMade"":true,""earlyStop"":false,""effectiveAcquisitionSeconds"":4.0,""evaluatedWindows"":11,""finalFusedEvidence"":{""block_sim_01"":0.31003569700002165,""block_sim_02"":0.42862967875274005,""block_sim_03"":0.26133462424723836},""finalRawEegEvidence"":{""block_sim_01"":0.8221376360218712,""block_sim_02"":1.1366194094048698,""block_sim_03"":0.6929944914997112},""margin"":0.1185939817527184,""provenance"":{""identityAuthority"":""slot_to_target_to_logical_mapping"",""policy"":""M13 Context-aware Dynamic Stopping Baseline"",""source"":""M12 FusedTargetEvidence""},""selectedLogicalBlockId"":""block_sim_02"",""selectedSlotIndex"":1,""selectedTargetId"":""m9-vblock-green-01"",""stopReason"":""full_window_fallback"",""stopWindow"":10,""threshold"":0.7}","{""consecutiveCount"":0,""decisionMade"":true,""earlyStop"":false,""effectiveAcquisitionSeconds"":4.0,""evaluatedWindows"":11,""finalFusedEvidence"":{""block_sim_01"":0.31003569700002165,""block_sim_02"":0.42862967875274005,""block_sim_03"":0.26133462424723836},""finalRawEegEvidence"":{""block_sim_01"":0.8221376360218712,""block_sim_02"":1.1366194094048698,""block_sim_03"":0.6929944914997112},""margin"":0.1185939817527184,""provenance"":{""identityAuthority"":""slot_to_target_to_logical_mapping"",""policy"":""M13 Context-aware Dynamic Stopping Baseline"",""source"":""M12 FusedTargetEvidence""},""selectedLogicalBlockId"":""block_sim_02"",""selectedSlotIndex"":1,""selectedTargetId"":""m9-vblock-green-01"",""stopReason"":""full_window_fallback"",""stopWindow"":10,""threshold"":0.7}"
A,m6_1b-trial-018,target_left,7.2,"[""block_sim_01""]",target_left,True,4.0,False,True,target_left,True,4.0,False,True,0.0,False,False,False,False,False,TYPE_2_NO_EFFECT,"{""consecutiveCount"":0,""decisionMade"":true,""earlyStop"":false,""effectiveAcquisitionSeconds"":4.0,""evaluatedWindows"":11,""finalFusedEvidence"":{""block_sim_01"":0.45451495570420564,""block_sim_02"":0.27278442920515295,""block_sim_03"":0.27270061509064136},""finalRawEegEvidence"":{""block_sim_01"":1.275332925141263,""block_sim_02"":0.7654114780275831,""block_sim_03"":0.7651763022682672},""margin"":0.1817305264990527,""provenance"":{""identityAuthority"":""slot_to_target_to_logical_mapping"",""policy"":""M13 Context-aware Dynamic Stopping Baseline"",""source"":""M12 FusedTargetEvidence""},""selectedLogicalBlockId"":""block_sim_01"",""selectedSlotIndex"":0,""selectedTargetId"":""m9-vblock-red-01"",""stopReason"":""full_window_fallback"",""stopWindow"":10,""threshold"":0.7}","{""consecutiveCount"":0,""decisionMade"":true,""earlyStop"":false,""effectiveAcquisitionSeconds"":4.0,""evaluatedWindows"":11,""finalFusedEvidence"":{""block_sim_01"":0.45451495570420564,""block_sim_02"":0.27278442920515295,""block_sim_03"":0.27270061509064136},""finalRawEegEvidence"":{""block_sim_01"":1.275332925141263,""block_sim_02"":0.7654114780275831,""block_sim_03"":0.7651763022682672},""margin"":0.1817305264990527,""provenance"":{""identityAuthority"":""slot_to_target_to_logical_mapping"",""policy"":""M13 Context-aware Dynamic Stopping Baseline"",""source"":""M12 FusedTargetEvidence""},""selectedLogicalBlockId"":""block_sim_01"",""selectedSlotIndex"":0,""selectedTargetId"":""m9-vblock-red-01"",""stopReason"":""full_window_fallback"",""stopWindow"":10,""threshold"":0.7}"
A,m6_1b-trial-019,target_right,12.0,[],target_right,True,4.0,False,True,target_right,True,4.0,False,True,0.0,False,False,False,False,False,TYPE_2_NO_EFFECT,"{""consecutiveCount"":0,""decisionMade"":true,""earlyStop"":false,""effectiveAcquisitionSeconds"":4.0,""evaluatedWindows"":11,""finalFusedEvidence"":{""block_sim_01"":0.23185118620707734,""block_sim_02"":0.31830330692613584,""block_sim_03"":0.4498455068667868},""finalRawEegEvidence"":{""block_sim_01"":0.5588601327878496,""block_sim_02"":0.7672465743464972,""block_sim_03"":1.0843193162576794},""margin"":0.13154219994065097,""provenance"":{""identityAuthority"":""slot_to_target_to_logical_mapping"",""policy"":""M13 Context-aware Dynamic Stopping Baseline"",""source"":""M12 FusedTargetEvidence""},""selectedLogicalBlockId"":""block_sim_03"",""selectedSlotIndex"":2,""selectedTargetId"":""m9-vblock-blue-01"",""stopReason"":""full_window_fallback"",""stopWindow"":10,""threshold"":0.7}","{""consecutiveCount"":0,""decisionMade"":true,""earlyStop"":false,""effectiveAcquisitionSeconds"":4.0,""evaluatedWindows"":11,""finalFusedEvidence"":{""block_sim_01"":0.23185118620707734,""block_sim_02"":0.31830330692613584,""block_sim_03"":0.4498455068667868},""finalRawEegEvidence"":{""block_sim_01"":0.5588601327878496,""block_sim_02"":0.7672465743464972,""block_sim_03"":1.0843193162576794},""margin"":0.13154219994065097,""provenance"":{""identityAuthority"":""slot_to_target_to_logical_mapping"",""policy"":""M13 Context-aware Dynamic Stopping Baseline"",""source"":""M12 FusedTargetEvidence""},""selectedLogicalBlockId"":""block_sim_03"",""selectedSlotIndex"":2,""selectedTargetId"":""m9-vblock-blue-01"",""stopReason"":""full_window_fallback"",""stopWindow"":10,""threshold"":0.7}"
A,m6_1b-trial-020,target_right,12.0,"[""block_sim_01""]",target_right,True,4.0,False,True,target_right,True,4.0,False,True,0.0,False,False,False,False,False,TYPE_2_NO_EFFECT,"{""consecutiveCount"":0,""decisionMade"":true,""earlyStop"":false,""effectiveAcquisitionSeconds"":4.0,""evaluatedWindows"":11,""finalFusedEvidence"":{""block_sim_01"":0.30835672222277005,""block_sim_02"":0.20229837071206522,""block_sim_03"":0.4893449070651648},""finalRawEegEvidence"":{""block_sim_01"":0.790806856964463,""block_sim_02"":0.5188112571655384,""block_sim_03"":1.2549663426769768},""margin"":0.18098818484239476,""provenance"":{""identityAuthority"":""slot_to_target_to_logical_mapping"",""policy"":""M13 Context-aware Dynamic Stopping Baseline"",""source"":""M12 FusedTargetEvidence""},""selectedLogicalBlockId"":""block_sim_03"",""selectedSlotIndex"":2,""selectedTargetId"":""m9-vblock-blue-01"",""stopReason"":""full_window_fallback"",""stopWindow"":10,""threshold"":0.7}","{""consecutiveCount"":0,""decisionMade"":true,""earlyStop"":false,""effectiveAcquisitionSeconds"":4.0,""evaluatedWindows"":11,""finalFusedEvidence"":{""block_sim_01"":0.30835672222277005,""block_sim_02"":0.20229837071206522,""block_sim_03"":0.4893449070651648},""finalRawEegEvidence"":{""block_sim_01"":0.790806856964463,""block_sim_02"":0.5188112571655384,""block_sim_03"":1.2549663426769768},""margin"":0.18098818484239476,""provenance"":{""identityAuthority"":""slot_to_target_to_logical_mapping"",""policy"":""M13 Context-aware Dynamic Stopping Baseline"",""source"":""M12 FusedTargetEvidence""},""selectedLogicalBlockId"":""block_sim_03"",""selectedSlotIndex"":2,""selectedTargetId"":""m9-vblock-blue-01"",""stopReason"":""full_window_fallback"",""stopWindow"":10,""threshold"":0.7}"
A,m6_1b-trial-021,target_left,7.2,[],target_left,True,4.0,False,True,target_left,True,4.0,False,True,0.0,False,False,False,False,False,TYPE_2_NO_EFFECT,"{""consecutiveCount"":0,""decisionMade"":true,""earlyStop"":false,""effectiveAcquisitionSeconds"":4.0,""evaluatedWindows"":11,""finalFusedEvidence"":{""block_sim_01"":0.4319535330681001,""block_sim_02"":0.23509296493173207,""block_sim_03"":0.33295350200016777},""finalRawEegEvidence"":{""block_sim_01"":0.8883853024099134,""block_sim_02"":0.4835083377183374,""block_sim_03"":0.6847750392545707},""margin"":0.09900003106793231,""provenance"":{""identityAuthority"":""slot_to_target_to_logical_mapping"",""policy"":""M13 Context-aware Dynamic Stopping Baseline"",""source"":""M12 FusedTargetEvidence""},""selectedLogicalBlockId"":""block_sim_01"",""selectedSlotIndex"":0,""selectedTargetId"":""m9-vblock-red-01"",""stopReason"":""full_window_fallback"",""stopWindow"":10,""threshold"":0.7}","{""consecutiveCount"":0,""decisionMade"":true,""earlyStop"":false,""effectiveAcquisitionSeconds"":4.0,""evaluatedWindows"":11,""finalFusedEvidence"":{""block_sim_01"":0.4319535330681001,""block_sim_02"":0.23509296493173207,""block_sim_03"":0.33295350200016777},""finalRawEegEvidence"":{""block_sim_01"":0.8883853024099134,""block_sim_02"":0.4835083377183374,""block_sim_03"":0.6847750392545707},""margin"":0.09900003106793231,""provenance"":{""identityAuthority"":""slot_to_target_to_logical_mapping"",""policy"":""M13 Context-aware Dynamic Stopping Baseline"",""source"":""M12 FusedTargetEvidence""},""selectedLogicalBlockId"":""block_sim_01"",""selectedSlotIndex"":0,""selectedTargetId"":""m9-vblock-red-01"",""stopReason"":""full_window_fallback"",""stopWindow"":10,""threshold"":0.7}"
A,m6_1b-trial-022,target_center,9.0,"[""block_sim_01""]",target_center,True,4.0,False,True,target_center,True,4.0,False,True,0.0,False,False,False,False,False,TYPE_2_NO_EFFECT,"{""consecutiveCount"":0,""decisionMade"":true,""earlyStop"":false,""effectiveAcquisitionSeconds"":4.0,""evaluatedWindows"":11,""finalFusedEvidence"":{""block_sim_01"":0.23498411063316496,""block_sim_02"":0.4805955180909951,""block_sim_03"":0.28442037127583997},""finalRawEegEvidence"":{""block_sim_01"":0.566886426084301,""block_sim_02"":1.1594106295469895,""block_sim_03"":0.6861487244549666},""margin"":0.19617514681515513,""provenance"":{""identityAuthority"":""slot_to_target_to_logical_mapping"",""policy"":""M13 Context-aware Dynamic Stopping Baseline"",""source"":""M12 FusedTargetEvidence""},""selectedLogicalBlockId"":""block_sim_02"",""selectedSlotIndex"":1,""selectedTargetId"":""m9-vblock-green-01"",""stopReason"":""full_window_fallback"",""stopWindow"":10,""threshold"":0.7}","{""consecutiveCount"":0,""decisionMade"":true,""earlyStop"":false,""effectiveAcquisitionSeconds"":4.0,""evaluatedWindows"":11,""finalFusedEvidence"":{""block_sim_01"":0.23498411063316496,""block_sim_02"":0.4805955180909951,""block_sim_03"":0.28442037127583997},""finalRawEegEvidence"":{""block_sim_01"":0.566886426084301,""block_sim_02"":1.1594106295469895,""block_sim_03"":0.6861487244549666},""margin"":0.19617514681515513,""provenance"":{""identityAuthority"":""slot_to_target_to_logical_mapping"",""policy"":""M13 Context-aware Dynamic Stopping Baseline"",""source"":""M12 FusedTargetEvidence""},""selectedLogicalBlockId"":""block_sim_02"",""selectedSlotIndex"":1,""selectedTargetId"":""m9-vblock-green-01"",""stopReason"":""full_window_fallback"",""stopWindow"":10,""threshold"":0.7}"
A,m6_1b-trial-023,target_right,12.0,[],target_right,True,4.0,False,True,target_right,True,4.0,False,True,0.0,False,False,False,False,False,TYPE_2_NO_EFFECT,"{""consecutiveCount"":0,""decisionMade"":true,""earlyStop"":false,""effectiveAcquisitionSeconds"":4.0,""evaluatedWindows"":11,""finalFusedEvidence"":{""block_sim_01"":0.30080143064607007,""block_sim_02"":0.1998464565982297,""block_sim_03"":0.49935211275570035},""finalRawEegEvidence"":{""block_sim_01"":0.7590681227580179,""block_sim_02"":0.5043096847114076,""block_sim_03"":1.2601079390167844},""margin"":0.19855068210963028,""provenance"":{""identityAuthority"":""slot_to_target_to_logical_mapping"",""policy"":""M13 Context-aware Dynamic Stopping Baseline"",""source"":""M12 FusedTargetEvidence""},""selectedLogicalBlockId"":""block_sim_03"",""selectedSlotIndex"":2,""selectedTargetId"":""m9-vblock-blue-01"",""stopReason"":""full_window_fallback"",""stopWindow"":10,""threshold"":0.7}","{""consecutiveCount"":0,""decisionMade"":true,""earlyStop"":false,""effectiveAcquisitionSeconds"":4.0,""evaluatedWindows"":11,""finalFusedEvidence"":{""block_sim_01"":0.30080143064607007,""block_sim_02"":0.1998464565982297,""block_sim_03"":0.49935211275570035},""finalRawEegEvidence"":{""block_sim_01"":0.7590681227580179,""block_sim_02"":0.5043096847114076,""block_sim_03"":1.2601079390167844},""margin"":0.19855068210963028,""provenance"":{""identityAuthority"":""slot_to_target_to_logical_mapping"",""policy"":""M13 Context-aware Dynamic Stopping Baseline"",""source"":""M12 FusedTargetEvidence""},""selectedLogicalBlockId"":""block_sim_03"",""selectedSlotIndex"":2,""selectedTargetId"":""m9-vblock-blue-01"",""stopReason"":""full_window_fallback"",""stopWindow"":10,""threshold"":0.7}"
A,m6_1b-trial-024,target_right,12.0,"[""block_sim_01""]",target_right,True,4.0,False,True,target_right,True,4.0,False,True,0.0,False,False,False,False,False,TYPE_2_NO_EFFECT,"{""consecutiveCount"":0,""decisionMade"":true,""earlyStop"":false,""effectiveAcquisitionSeconds"":4.0,""evaluatedWindows"":11,""finalFusedEvidence"":{""block_sim_01"":0.3231039280103824,""block_sim_02"":0.21912600451596048,""block_sim_03"":0.4577700674736571},""finalRawEegEvidence"":{""block_sim_01"":0.9009187661943484,""block_sim_02"":0.6109945206957458,""block_sim_03"":1.2764117320660322},""margin"":0.13466613946327471,""provenance"":{""identityAuthority"":""slot_to_target_to_logical_mapping"",""policy"":""M13 Context-aware Dynamic Stopping Baseline"",""source"":""M12 FusedTargetEvidence""},""selectedLogicalBlockId"":""block_sim_03"",""selectedSlotIndex"":2,""selectedTargetId"":""m9-vblock-blue-01"",""stopReason"":""full_window_fallback"",""stopWindow"":10,""threshold"":0.7}","{""consecutiveCount"":0,""decisionMade"":true,""earlyStop"":false,""effectiveAcquisitionSeconds"":4.0,""evaluatedWindows"":11,""finalFusedEvidence"":{""block_sim_01"":0.3231039280103824,""block_sim_02"":0.21912600451596048,""block_sim_03"":0.4577700674736571},""finalRawEegEvidence"":{""block_sim_01"":0.9009187661943484,""block_sim_02"":0.6109945206957458,""block_sim_03"":1.2764117320660322},""margin"":0.13466613946327471,""provenance"":{""identityAuthority"":""slot_to_target_to_logical_mapping"",""policy"":""M13 Context-aware Dynamic Stopping Baseline"",""source"":""M12 FusedTargetEvidence""},""selectedLogicalBlockId"":""block_sim_03"",""selectedSlotIndex"":2,""selectedTargetId"":""m9-vblock-blue-01"",""stopReason"":""full_window_fallback"",""stopWindow"":10,""threshold"":0.7}"
A,m6_1b-trial-025,target_left,7.2,[],target_left,True,4.0,False,True,target_left,True,4.0,False,True,0.0,False,False,False,False,False,TYPE_2_NO_EFFECT,"{""consecutiveCount"":0,""decisionMade"":true,""earlyStop"":false,""effectiveAcquisitionSeconds"":4.0,""evaluatedWindows"":11,""finalFusedEvidence"":{""block_sim_01"":0.4987309094070216,""block_sim_02"":0.20964955838061766,""block_sim_03"":0.2916195322123607},""finalRawEegEvidence"":{""block_sim_01"":1.214885368304067,""block_sim_02"":0.5106966024039973,""block_sim_03"":0.7103716575692263},""margin"":0.20711137719466088,""provenance"":{""identityAuthority"":""slot_to_target_to_logical_mapping"",""policy"":""M13 Context-aware Dynamic Stopping Baseline"",""source"":""M12 FusedTargetEvidence""},""selectedLogicalBlockId"":""block_sim_01"",""selectedSlotIndex"":0,""selectedTargetId"":""m9-vblock-red-01"",""stopReason"":""full_window_fallback"",""stopWindow"":10,""threshold"":0.7}","{""consecutiveCount"":0,""decisionMade"":true,""earlyStop"":false,""effectiveAcquisitionSeconds"":4.0,""evaluatedWindows"":11,""finalFusedEvidence"":{""block_sim_01"":0.4987309094070216,""block_sim_02"":0.20964955838061766,""block_sim_03"":0.2916195322123607},""finalRawEegEvidence"":{""block_sim_01"":1.214885368304067,""block_sim_02"":0.5106966024039973,""block_sim_03"":0.7103716575692263},""margin"":0.20711137719466088,""provenance"":{""identityAuthority"":""slot_to_target_to_logical_mapping"",""policy"":""M13 Context-aware Dynamic Stopping Baseline"",""source"":""M12 FusedTargetEvidence""},""selectedLogicalBlockId"":""block_sim_01"",""selectedSlotIndex"":0,""selectedTargetId"":""m9-vblock-red-01"",""stopReason"":""full_window_fallback"",""stopWindow"":10,""threshold"":0.7}"
A,m6_1b-trial-026,target_left,7.2,"[""block_sim_01""]",target_left,True,4.0,False,True,target_left,True,4.0,False,True,0.0,False,False,False,False,False,TYPE_2_NO_EFFECT,"{""consecutiveCount"":0,""decisionMade"":true,""earlyStop"":false,""effectiveAcquisitionSeconds"":4.0,""evaluatedWindows"":11,""finalFusedEvidence"":{""block_sim_01"":0.4675193381446063,""block_sim_02"":0.22096590935281832,""block_sim_03"":0.3115147525025754},""finalRawEegEvidence"":{""block_sim_01"":1.0782375944484237,""block_sim_02"":0.5096126108948206,""block_sim_03"":0.7184449710819905},""margin"":0.1560045856420309,""provenance"":{""identityAuthority"":""slot_to_target_to_logical_mapping"",""policy"":""M13 Context-aware Dynamic Stopping Baseline"",""source"":""M12 FusedTargetEvidence""},""selectedLogicalBlockId"":""block_sim_01"",""selectedSlotIndex"":0,""selectedTargetId"":""m9-vblock-red-01"",""stopReason"":""full_window_fallback"",""stopWindow"":10,""threshold"":0.7}","{""consecutiveCount"":0,""decisionMade"":true,""earlyStop"":false,""effectiveAcquisitionSeconds"":4.0,""evaluatedWindows"":11,""finalFusedEvidence"":{""block_sim_01"":0.4675193381446063,""block_sim_02"":0.22096590935281832,""block_sim_03"":0.3115147525025754},""finalRawEegEvidence"":{""block_sim_01"":1.0782375944484237,""block_sim_02"":0.5096126108948206,""block_sim_03"":0.7184449710819905},""margin"":0.1560045856420309,""provenance"":{""identityAuthority"":""slot_to_target_to_logical_mapping"",""policy"":""M13 Context-aware Dynamic Stopping Baseline"",""source"":""M12 FusedTargetEvidence""},""selectedLogicalBlockId"":""block_sim_01"",""selectedSlotIndex"":0,""selectedTargetId"":""m9-vblock-red-01"",""stopReason"":""full_window_fallback"",""stopWindow"":10,""threshold"":0.7}"
A,m6_1b-trial-027,target_center,9.0,[],target_center,True,4.0,False,True,target_center,True,4.0,False,True,0.0,False,False,False,False,False,TYPE_2_NO_EFFECT,"{""consecutiveCount"":0,""decisionMade"":true,""earlyStop"":false,""effectiveAcquisitionSeconds"":4.0,""evaluatedWindows"":11,""finalFusedEvidence"":{""block_sim_01"":0.24880191790648526,""block_sim_02"":0.5156161127859662,""block_sim_03"":0.23558196930754857},""finalRawEegEvidence"":{""block_sim_01"":0.6711298334072879,""block_sim_02"":1.3908468181753468,""block_sim_03"":0.6354697308827084},""margin"":0.26681419487948094,""provenance"":{""identityAuthority"":""slot_to_target_to_logical_mapping"",""policy"":""M13 Context-aware Dynamic Stopping Baseline"",""source"":""M12 FusedTargetEvidence""},""selectedLogicalBlockId"":""block_sim_02"",""selectedSlotIndex"":1,""selectedTargetId"":""m9-vblock-green-01"",""stopReason"":""full_window_fallback"",""stopWindow"":10,""threshold"":0.7}","{""consecutiveCount"":0,""decisionMade"":true,""earlyStop"":false,""effectiveAcquisitionSeconds"":4.0,""evaluatedWindows"":11,""finalFusedEvidence"":{""block_sim_01"":0.24880191790648526,""block_sim_02"":0.5156161127859662,""block_sim_03"":0.23558196930754857},""finalRawEegEvidence"":{""block_sim_01"":0.6711298334072879,""block_sim_02"":1.3908468181753468,""block_sim_03"":0.6354697308827084},""margin"":0.26681419487948094,""provenance"":{""identityAuthority"":""slot_to_target_to_logical_mapping"",""policy"":""M13 Context-aware Dynamic Stopping Baseline"",""source"":""M12 FusedTargetEvidence""},""selectedLogicalBlockId"":""block_sim_02"",""selectedSlotIndex"":1,""selectedTargetId"":""m9-vblock-green-01"",""stopReason"":""full_window_fallback"",""stopWindow"":10,""threshold"":0.7}"
A,m6_1b-trial-028,target_right,12.0,"[""block_sim_01""]",target_right,True,4.0,False,True,target_right,True,4.0,False,True,0.0,False,False,False,False,False,TYPE_2_NO_EFFECT,"{""consecutiveCount"":0,""decisionMade"":true,""earlyStop"":false,""effectiveAcquisitionSeconds"":4.0,""evaluatedWindows"":11,""finalFusedEvidence"":{""block_sim_01"":0.26865751201607807,""block_sim_02"":0.2480097803313284,""block_sim_03"":0.48333270765259356},""finalRawEegEvidence"":{""block_sim_01"":0.657958112542459,""block_sim_02"":0.6073905982911992,""block_sim_03"":1.1837103443364905},""margin"":0.2146751956365155,""provenance"":{""identityAuthority"":""slot_to_target_to_logical_mapping"",""policy"":""M13 Context-aware Dynamic Stopping Baseline"",""source"":""M12 FusedTargetEvidence""},""selectedLogicalBlockId"":""block_sim_03"",""selectedSlotIndex"":2,""selectedTargetId"":""m9-vblock-blue-01"",""stopReason"":""full_window_fallback"",""stopWindow"":10,""threshold"":0.7}","{""consecutiveCount"":0,""decisionMade"":true,""earlyStop"":false,""effectiveAcquisitionSeconds"":4.0,""evaluatedWindows"":11,""finalFusedEvidence"":{""block_sim_01"":0.26865751201607807,""block_sim_02"":0.2480097803313284,""block_sim_03"":0.48333270765259356},""finalRawEegEvidence"":{""block_sim_01"":0.657958112542459,""block_sim_02"":0.6073905982911992,""block_sim_03"":1.1837103443364905},""margin"":0.2146751956365155,""provenance"":{""identityAuthority"":""slot_to_target_to_logical_mapping"",""policy"":""M13 Context-aware Dynamic Stopping Baseline"",""source"":""M12 FusedTargetEvidence""},""selectedLogicalBlockId"":""block_sim_03"",""selectedSlotIndex"":2,""selectedTargetId"":""m9-vblock-blue-01"",""stopReason"":""full_window_fallback"",""stopWindow"":10,""threshold"":0.7}"
A,m6_1b-trial-029,target_left,7.2,[],target_left,True,4.0,False,True,target_left,True,4.0,False,True,0.0,False,False,False,False,False,TYPE_2_NO_EFFECT,"{""consecutiveCount"":0,""decisionMade"":true,""earlyStop"":false,""effectiveAcquisitionSeconds"":4.0,""evaluatedWindows"":11,""finalFusedEvidence"":{""block_sim_01"":0.4747051386315241,""block_sim_02"":0.23822671618053043,""block_sim_03"":0.28706814518794543},""finalRawEegEvidence"":{""block_sim_01"":1.1655443299317545,""block_sim_02"":0.5849184592417209,""block_sim_03"":0.7048389025077558},""margin"":0.18763699344357865,""provenance"":{""identityAuthority"":""slot_to_target_to_logical_mapping"",""policy"":""M13 Context-aware Dynamic Stopping Baseline"",""source"":""M12 FusedTargetEvidence""},""selectedLogicalBlockId"":""block_sim_01"",""selectedSlotIndex"":0,""selectedTargetId"":""m9-vblock-red-01"",""stopReason"":""full_window_fallback"",""stopWindow"":10,""threshold"":0.7}","{""consecutiveCount"":0,""decisionMade"":true,""earlyStop"":false,""effectiveAcquisitionSeconds"":4.0,""evaluatedWindows"":11,""finalFusedEvidence"":{""block_sim_01"":0.4747051386315241,""block_sim_02"":0.23822671618053043,""block_sim_03"":0.28706814518794543},""finalRawEegEvidence"":{""block_sim_01"":1.1655443299317545,""block_sim_02"":0.5849184592417209,""block_sim_03"":0.7048389025077558},""margin"":0.18763699344357865,""provenance"":{""identityAuthority"":""slot_to_target_to_logical_mapping"",""policy"":""M13 Context-aware Dynamic Stopping Baseline"",""source"":""M12 FusedTargetEvidence""},""selectedLogicalBlockId"":""block_sim_01"",""selectedSlotIndex"":0,""selectedTargetId"":""m9-vblock-red-01"",""stopReason"":""full_window_fallback"",""stopWindow"":10,""threshold"":0.7}"
A,m6_1b-trial-030,target_center,9.0,"[""block_sim_01""]",target_center,True,4.0,False,True,target_center,True,4.0,False,True,0.0,False,False,False,False,False,TYPE_2_NO_EFFECT,"{""consecutiveCount"":0,""decisionMade"":true,""earlyStop"":false,""effectiveAcquisitionSeconds"":4.0,""evaluatedWindows"":11,""finalFusedEvidence"":{""block_sim_01"":0.26522870340101157,""block_sim_02"":0.42059601520539797,""block_sim_03"":0.3141752813935906},""finalRawEegEvidence"":{""block_sim_01"":0.6488129526242358,""block_sim_02"":1.02887862055718,""block_sim_03"":0.7685480091282918},""margin"":0.10642073381180739,""provenance"":{""identityAuthority"":""slot_to_target_to_logical_mapping"",""policy"":""M13 Context-aware Dynamic Stopping Baseline"",""source"":""M12 FusedTargetEvidence""},""selectedLogicalBlockId"":""block_sim_02"",""selectedSlotIndex"":1,""selectedTargetId"":""m9-vblock-green-01"",""stopReason"":""full_window_fallback"",""stopWindow"":10,""threshold"":0.7}","{""consecutiveCount"":0,""decisionMade"":true,""earlyStop"":false,""effectiveAcquisitionSeconds"":4.0,""evaluatedWindows"":11,""finalFusedEvidence"":{""block_sim_01"":0.26522870340101157,""block_sim_02"":0.42059601520539797,""block_sim_03"":0.3141752813935906},""finalRawEegEvidence"":{""block_sim_01"":0.6488129526242358,""block_sim_02"":1.02887862055718,""block_sim_03"":0.7685480091282918},""margin"":0.10642073381180739,""provenance"":{""identityAuthority"":""slot_to_target_to_logical_mapping"",""policy"":""M13 Context-aware Dynamic Stopping Baseline"",""source"":""M12 FusedTargetEvidence""},""selectedLogicalBlockId"":""block_sim_02"",""selectedSlotIndex"":1,""selectedTargetId"":""m9-vblock-green-01"",""stopReason"":""full_window_fallback"",""stopWindow"":10,""threshold"":0.7}"
B1,m6_4-trial-001,target_left,7.2,[],target_left,True,4.0,False,True,target_left,True,2.4,True,False,1.6,False,False,False,True,False,TYPE_1_TRUE_LATENCY_HELP,"{""consecutiveCount"":0,""decisionMade"":true,""earlyStop"":false,""effectiveAcquisitionSeconds"":4.0,""evaluatedWindows"":11,""finalFusedEvidence"":{""block_sim_01"":0.4707126350330471,""block_sim_02"":0.21710317678436244,""block_sim_03"":0.31218418818259036},""finalRawEegEvidence"":{""block_sim_01"":1.148024693569775,""block_sim_02"":0.5294946203927459,""block_sim_03"":0.761388435962603},""margin"":0.15852844685045675,""provenance"":{""identityAuthority"":""slot_to_target_to_logical_mapping"",""policy"":""M13 Context-aware Dynamic Stopping Baseline"",""source"":""M12 FusedTargetEvidence""},""selectedLogicalBlockId"":""block_sim_01"",""selectedSlotIndex"":0,""selectedTargetId"":""m9-vblock-red-01"",""stopReason"":""full_window_fallback"",""stopWindow"":10,""threshold"":0.7}","{""consecutiveCount"":2,""decisionMade"":true,""earlyStop"":true,""effectiveAcquisitionSeconds"":2.4,""evaluatedWindows"":3,""finalFusedEvidence"":{""block_sim_01"":0.7359283773681501,""block_sim_02"":0.1077861785247488,""block_sim_03"":0.15628544410710107},""finalRawEegEvidence"":{""block_sim_01"":0.8971705188809788,""block_sim_02"":0.5256086580657616,""block_sim_03"":0.7621105384442558},""margin"":0.579642933261049,""provenance"":{""identityAuthority"":""slot_to_target_to_logical_mapping"",""policy"":""M13 Context-aware Dynamic Stopping Baseline"",""source"":""M12 FusedTargetEvidence""},""selectedLogicalBlockId"":""block_sim_01"",""selectedSlotIndex"":0,""selectedTargetId"":""m9-vblock-red-01"",""stopReason"":""early_stable_fused_evidence"",""stopWindow"":2,""threshold"":0.7}"
B1,m6_4-trial-002,target_right,12.0,"[""block_sim_01""]",target_right,True,4.0,False,True,target_right,True,4.0,False,True,0.0,False,False,False,False,False,TYPE_2_NO_EFFECT,"{""consecutiveCount"":0,""decisionMade"":true,""earlyStop"":false,""effectiveAcquisitionSeconds"":4.0,""evaluatedWindows"":11,""finalFusedEvidence"":{""block_sim_01"":0.30844484634150704,""block_sim_02"":0.2537943684728469,""block_sim_03"":0.437760785185646},""finalRawEegEvidence"":{""block_sim_01"":0.8561447970127912,""block_sim_02"":0.7044524512450423,""block_sim_03"":1.2150847161763403},""margin"":0.12931593884413894,""provenance"":{""identityAuthority"":""slot_to_target_to_logical_mapping"",""policy"":""M13 Context-aware Dynamic Stopping Baseline"",""source"":""M12 FusedTargetEvidence""},""selectedLogicalBlockId"":""block_sim_03"",""selectedSlotIndex"":2,""selectedTargetId"":""m9-vblock-blue-01"",""stopReason"":""full_window_fallback"",""stopWindow"":10,""threshold"":0.7}","{""consecutiveCount"":0,""decisionMade"":true,""earlyStop"":false,""effectiveAcquisitionSeconds"":4.0,""evaluatedWindows"":11,""finalFusedEvidence"":{""block_sim_01"":0.30844484634150704,""block_sim_02"":0.2537943684728469,""block_sim_03"":0.437760785185646},""finalRawEegEvidence"":{""block_sim_01"":0.8561447970127912,""block_sim_02"":0.7044524512450423,""block_sim_03"":1.2150847161763403},""margin"":0.12931593884413894,""provenance"":{""identityAuthority"":""slot_to_target_to_logical_mapping"",""policy"":""M13 Context-aware Dynamic Stopping Baseline"",""source"":""M12 FusedTargetEvidence""},""selectedLogicalBlockId"":""block_sim_03"",""selectedSlotIndex"":2,""selectedTargetId"":""m9-vblock-blue-01"",""stopReason"":""full_window_fallback"",""stopWindow"":10,""threshold"":0.7}"
B1,m6_4-trial-003,target_right,12.0,[],target_right,True,4.0,False,True,target_right,True,4.0,False,True,0.0,False,False,False,False,False,TYPE_2_NO_EFFECT,"{""consecutiveCount"":0,""decisionMade"":true,""earlyStop"":false,""effectiveAcquisitionSeconds"":4.0,""evaluatedWindows"":11,""finalFusedEvidence"":{""block_sim_01"":0.18575384530892555,""block_sim_02"":0.1996206666930795,""block_sim_03"":0.6146254879979949},""finalRawEegEvidence"":{""block_sim_01"":0.4933071776541823,""block_sim_02"":0.5301333467634952,""block_sim_03"":1.6322631937679004},""margin"":0.41500482130491534,""provenance"":{""identityAuthority"":""slot_to_target_to_logical_mapping"",""policy"":""M13 Context-aware Dynamic Stopping Baseline"",""source"":""M12 FusedTargetEvidence""},""selectedLogicalBlockId"":""block_sim_03"",""selectedSlotIndex"":2,""selectedTargetId"":""m9-vblock-blue-01"",""stopReason"":""full_window_fallback"",""stopWindow"":10,""threshold"":0.7}","{""consecutiveCount"":0,""decisionMade"":true,""earlyStop"":false,""effectiveAcquisitionSeconds"":4.0,""evaluatedWindows"":11,""finalFusedEvidence"":{""block_sim_01"":0.18575384530892555,""block_sim_02"":0.1996206666930795,""block_sim_03"":0.6146254879979949},""finalRawEegEvidence"":{""block_sim_01"":0.4933071776541823,""block_sim_02"":0.5301333467634952,""block_sim_03"":1.6322631937679004},""margin"":0.41500482130491534,""provenance"":{""identityAuthority"":""slot_to_target_to_logical_mapping"",""policy"":""M13 Context-aware Dynamic Stopping Baseline"",""source"":""M12 FusedTargetEvidence""},""selectedLogicalBlockId"":""block_sim_03"",""selectedSlotIndex"":2,""selectedTargetId"":""m9-vblock-blue-01"",""stopReason"":""full_window_fallback"",""stopWindow"":10,""threshold"":0.7}"
B1,m6_4-trial-004,target_left,7.2,"[""block_sim_01""]",target_left,True,4.0,False,True,target_left,True,4.0,False,True,0.0,False,False,False,False,False,TYPE_2_NO_EFFECT,"{""consecutiveCount"":0,""decisionMade"":true,""earlyStop"":false,""effectiveAcquisitionSeconds"":4.0,""evaluatedWindows"":11,""finalFusedEvidence"":{""block_sim_01"":0.5250845133074041,""block_sim_02"":0.19391233548108686,""block_sim_03"":0.281003151211509},""finalRawEegEvidence"":{""block_sim_01"":1.1758199769604865,""block_sim_02"":0.4342272378241756,""block_sim_03"":0.6292494073042804},""margin"":0.24408136209589515,""provenance"":{""identityAuthority"":""slot_to_target_to_logical_mapping"",""policy"":""M13 Context-aware Dynamic Stopping Baseline"",""source"":""M12 FusedTargetEvidence""},""selectedLogicalBlockId"":""block_sim_01"",""selectedSlotIndex"":0,""selectedTargetId"":""m9-vblock-red-01"",""stopReason"":""full_window_fallback"",""stopWindow"":10,""threshold"":0.7}","{""consecutiveCount"":0,""decisionMade"":true,""earlyStop"":false,""effectiveAcquisitionSeconds"":4.0,""evaluatedWindows"":11,""finalFusedEvidence"":{""block_sim_01"":0.5250845133074041,""block_sim_02"":0.19391233548108686,""block_sim_03"":0.281003151211509},""finalRawEegEvidence"":{""block_sim_01"":1.1758199769604865,""block_sim_02"":0.4342272378241756,""block_sim_03"":0.6292494073042804},""margin"":0.24408136209589515,""provenance"":{""identityAuthority"":""slot_to_target_to_logical_mapping"",""policy"":""M13 Context-aware Dynamic Stopping Baseline"",""source"":""M12 FusedTargetEvidence""},""selectedLogicalBlockId"":""block_sim_01"",""selectedSlotIndex"":0,""selectedTargetId"":""m9-vblock-red-01"",""stopReason"":""full_window_fallback"",""stopWindow"":10,""threshold"":0.7}"
B1,m6_4-trial-005,target_center,9.0,[],target_center,True,4.0,False,True,target_center,True,4.0,False,True,0.0,False,False,False,False,False,TYPE_2_NO_EFFECT,"{""consecutiveCount"":0,""decisionMade"":true,""earlyStop"":false,""effectiveAcquisitionSeconds"":4.0,""evaluatedWindows"":11,""finalFusedEvidence"":{""block_sim_01"":0.19849840806395808,""block_sim_02"":0.5383936553701867,""block_sim_03"":0.2631079365658551},""finalRawEegEvidence"":{""block_sim_01"":0.5572804213453006,""block_sim_02"":1.511529719763091,""block_sim_03"":0.7386704164472112},""margin"":0.27528571880433156,""provenance"":{""identityAuthority"":""slot_to_target_to_logical_mapping"",""policy"":""M13 Context-aware Dynamic Stopping Baseline"",""source"":""M12 FusedTargetEvidence""},""selectedLogicalBlockId"":""block_sim_02"",""selectedSlotIndex"":1,""selectedTargetId"":""m9-vblock-green-01"",""stopReason"":""full_window_fallback"",""stopWindow"":10,""threshold"":0.7}","{""consecutiveCount"":0,""decisionMade"":true,""earlyStop"":false,""effectiveAcquisitionSeconds"":4.0,""evaluatedWindows"":11,""finalFusedEvidence"":{""block_sim_01"":0.19849840806395808,""block_sim_02"":0.5383936553701867,""block_sim_03"":0.2631079365658551},""finalRawEegEvidence"":{""block_sim_01"":0.5572804213453006,""block_sim_02"":1.511529719763091,""block_sim_03"":0.7386704164472112},""margin"":0.27528571880433156,""provenance"":{""identityAuthority"":""slot_to_target_to_logical_mapping"",""policy"":""M13 Context-aware Dynamic Stopping Baseline"",""source"":""M12 FusedTargetEvidence""},""selectedLogicalBlockId"":""block_sim_02"",""selectedSlotIndex"":1,""selectedTargetId"":""m9-vblock-green-01"",""stopReason"":""full_window_fallback"",""stopWindow"":10,""threshold"":0.7}"
B1,m6_4-trial-006,target_center,9.0,"[""block_sim_01""]",target_center,True,4.0,False,True,target_center,True,4.0,False,True,0.0,False,False,False,False,False,TYPE_2_NO_EFFECT,"{""consecutiveCount"":0,""decisionMade"":true,""earlyStop"":false,""effectiveAcquisitionSeconds"":4.0,""evaluatedWindows"":11,""finalFusedEvidence"":{""block_sim_01"":0.15586160268709523,""block_sim_02"":0.5092576592517645,""block_sim_03"":0.3348807380611402},""finalRawEegEvidence"":{""block_sim_01"":0.46982834997088757,""block_sim_02"":1.5351034612202354,""block_sim_03"":1.0094626379286256},""margin"":0.17437692119062426,""provenance"":{""identityAuthority"":""slot_to_target_to_logical_mapping"",""policy"":""M13 Context-aware Dynamic Stopping Baseline"",""source"":""M12 FusedTargetEvidence""},""selectedLogicalBlockId"":""block_sim_02"",""selectedSlotIndex"":1,""selectedTargetId"":""m9-vblock-green-01"",""stopReason"":""full_window_fallback"",""stopWindow"":10,""threshold"":0.7}","{""consecutiveCount"":0,""decisionMade"":true,""earlyStop"":false,""effectiveAcquisitionSeconds"":4.0,""evaluatedWindows"":11,""finalFusedEvidence"":{""block_sim_01"":0.15586160268709523,""block_sim_02"":0.5092576592517645,""block_sim_03"":0.3348807380611402},""finalRawEegEvidence"":{""block_sim_01"":0.46982834997088757,""block_sim_02"":1.5351034612202354,""block_sim_03"":1.0094626379286256},""margin"":0.17437692119062426,""provenance"":{""identityAuthority"":""slot_to_target_to_logical_mapping"",""policy"":""M13 Context-aware Dynamic Stopping Baseline"",""source"":""M12 FusedTargetEvidence""},""selectedLogicalBlockId"":""block_sim_02"",""selectedSlotIndex"":1,""selectedTargetId"":""m9-vblock-green-01"",""stopReason"":""full_window_fallback"",""stopWindow"":10,""threshold"":0.7}"
B1,m6_4-trial-007,target_right,12.0,[],target_right,True,4.0,False,True,target_right,True,4.0,False,True,0.0,False,False,False,False,False,TYPE_2_NO_EFFECT,"{""consecutiveCount"":0,""decisionMade"":true,""earlyStop"":false,""effectiveAcquisitionSeconds"":4.0,""evaluatedWindows"":11,""finalFusedEvidence"":{""block_sim_01"":0.24828017957383047,""block_sim_02"":0.21855184737799607,""block_sim_03"":0.5331679730481735},""finalRawEegEvidence"":{""block_sim_01"":0.6583955911740664,""block_sim_02"":0.5795612561728101,""block_sim_03"":1.4138681686660548},""margin"":0.28488779347434307,""provenance"":{""identityAuthority"":""slot_to_target_to_logical_mapping"",""policy"":""M13 Context-aware Dynamic Stopping Baseline"",""source"":""M12 FusedTargetEvidence""},""selectedLogicalBlockId"":""block_sim_03"",""selectedSlotIndex"":2,""selectedTargetId"":""m9-vblock-blue-01"",""stopReason"":""full_window_fallback"",""stopWindow"":10,""threshold"":0.7}","{""consecutiveCount"":0,""decisionMade"":true,""earlyStop"":false,""effectiveAcquisitionSeconds"":4.0,""evaluatedWindows"":11,""finalFusedEvidence"":{""block_sim_01"":0.24828017957383047,""block_sim_02"":0.21855184737799607,""block_sim_03"":0.5331679730481735},""finalRawEegEvidence"":{""block_sim_01"":0.6583955911740664,""block_sim_02"":0.5795612561728101,""block_sim_03"":1.4138681686660548},""margin"":0.28488779347434307,""provenance"":{""identityAuthority"":""slot_to_target_to_logical_mapping"",""policy"":""M13 Context-aware Dynamic Stopping Baseline"",""source"":""M12 FusedTargetEvidence""},""selectedLogicalBlockId"":""block_sim_03"",""selectedSlotIndex"":2,""selectedTargetId"":""m9-vblock-blue-01"",""stopReason"":""full_window_fallback"",""stopWindow"":10,""threshold"":0.7}"
B1,m6_4-trial-008,target_right,12.0,"[""block_sim_01""]",target_right,True,4.0,False,True,target_right,True,4.0,False,True,0.0,False,False,False,False,False,TYPE_2_NO_EFFECT,"{""consecutiveCount"":0,""decisionMade"":true,""earlyStop"":false,""effectiveAcquisitionSeconds"":4.0,""evaluatedWindows"":11,""finalFusedEvidence"":{""block_sim_01"":0.18801541981124986,""block_sim_02"":0.24155827264289872,""block_sim_03"":0.5704263075458513},""finalRawEegEvidence"":{""block_sim_01"":0.5207473845498448,""block_sim_02"":0.6690453305449641,""block_sim_03"":1.579913009428356},""margin"":0.3288680349029526,""provenance"":{""identityAuthority"":""slot_to_target_to_logical_mapping"",""policy"":""M13 Context-aware Dynamic Stopping Baseline"",""source"":""M12 FusedTargetEvidence""},""selectedLogicalBlockId"":""block_sim_03"",""selectedSlotIndex"":2,""selectedTargetId"":""m9-vblock-blue-01"",""stopReason"":""full_window_fallback"",""stopWindow"":10,""threshold"":0.7}","{""consecutiveCount"":0,""decisionMade"":true,""earlyStop"":false,""effectiveAcquisitionSeconds"":4.0,""evaluatedWindows"":11,""finalFusedEvidence"":{""block_sim_01"":0.18801541981124986,""block_sim_02"":0.24155827264289872,""block_sim_03"":0.5704263075458513},""finalRawEegEvidence"":{""block_sim_01"":0.5207473845498448,""block_sim_02"":0.6690453305449641,""block_sim_03"":1.579913009428356},""margin"":0.3288680349029526,""provenance"":{""identityAuthority"":""slot_to_target_to_logical_mapping"",""policy"":""M13 Context-aware Dynamic Stopping Baseline"",""source"":""M12 FusedTargetEvidence""},""selectedLogicalBlockId"":""block_sim_03"",""selectedSlotIndex"":2,""selectedTargetId"":""m9-vblock-blue-01"",""stopReason"":""full_window_fallback"",""stopWindow"":10,""threshold"":0.7}"
B1,m6_4-trial-009,target_left,7.2,[],target_left,True,4.0,False,True,target_left,True,4.0,False,True,0.0,False,False,False,False,False,TYPE_2_NO_EFFECT,"{""consecutiveCount"":0,""decisionMade"":true,""earlyStop"":false,""effectiveAcquisitionSeconds"":4.0,""evaluatedWindows"":11,""finalFusedEvidence"":{""block_sim_01"":0.5241376879077505,""block_sim_02"":0.2219219244838608,""block_sim_03"":0.2539403876083886},""finalRawEegEvidence"":{""block_sim_01"":1.2433813056441774,""block_sim_02"":0.5264524543489351,""block_sim_03"":0.6024079893218413},""margin"":0.2701973002993619,""provenance"":{""identityAuthority"":""slot_to_target_to_logical_mapping"",""policy"":""M13 Context-aware Dynamic Stopping Baseline"",""source"":""M12 FusedTargetEvidence""},""selectedLogicalBlockId"":""block_sim_01"",""selectedSlotIndex"":0,""selectedTargetId"":""m9-vblock-red-01"",""stopReason"":""full_window_fallback"",""stopWindow"":10,""threshold"":0.7}","{""consecutiveCount"":0,""decisionMade"":true,""earlyStop"":false,""effectiveAcquisitionSeconds"":4.0,""evaluatedWindows"":11,""finalFusedEvidence"":{""block_sim_01"":0.5241376879077505,""block_sim_02"":0.2219219244838608,""block_sim_03"":0.2539403876083886},""finalRawEegEvidence"":{""block_sim_01"":1.2433813056441774,""block_sim_02"":0.5264524543489351,""block_sim_03"":0.6024079893218413},""margin"":0.2701973002993619,""provenance"":{""identityAuthority"":""slot_to_target_to_logical_mapping"",""policy"":""M13 Context-aware Dynamic Stopping Baseline"",""source"":""M12 FusedTargetEvidence""},""selectedLogicalBlockId"":""block_sim_01"",""selectedSlotIndex"":0,""selectedTargetId"":""m9-vblock-red-01"",""stopReason"":""full_window_fallback"",""stopWindow"":10,""threshold"":0.7}"
B1,m6_4-trial-010,target_right,12.0,"[""block_sim_01""]",target_right,True,4.0,False,True,target_right,True,4.0,False,True,0.0,False,False,False,False,False,TYPE_2_NO_EFFECT,"{""consecutiveCount"":0,""decisionMade"":true,""earlyStop"":false,""effectiveAcquisitionSeconds"":4.0,""evaluatedWindows"":11,""finalFusedEvidence"":{""block_sim_01"":0.2352354165471845,""block_sim_02"":0.2724485093463713,""block_sim_03"":0.49231607410644423},""finalRawEegEvidence"":{""block_sim_01"":0.7024303734688073,""block_sim_02"":0.8135514242720523,""block_sim_03"":1.4700922542840018},""margin"":0.2198675647600729,""provenance"":{""identityAuthority"":""slot_to_target_to_logical_mapping"",""policy"":""M13 Context-aware Dynamic Stopping Baseline"",""source"":""M12 FusedTargetEvidence""},""selectedLogicalBlockId"":""block_sim_03"",""selectedSlotIndex"":2,""selectedTargetId"":""m9-vblock-blue-01"",""stopReason"":""full_window_fallback"",""stopWindow"":10,""threshold"":0.7}","{""consecutiveCount"":0,""decisionMade"":true,""earlyStop"":false,""effectiveAcquisitionSeconds"":4.0,""evaluatedWindows"":11,""finalFusedEvidence"":{""block_sim_01"":0.2352354165471845,""block_sim_02"":0.2724485093463713,""block_sim_03"":0.49231607410644423},""finalRawEegEvidence"":{""block_sim_01"":0.7024303734688073,""block_sim_02"":0.8135514242720523,""block_sim_03"":1.4700922542840018},""margin"":0.2198675647600729,""provenance"":{""identityAuthority"":""slot_to_target_to_logical_mapping"",""policy"":""M13 Context-aware Dynamic Stopping Baseline"",""source"":""M12 FusedTargetEvidence""},""selectedLogicalBlockId"":""block_sim_03"",""selectedSlotIndex"":2,""selectedTargetId"":""m9-vblock-blue-01"",""stopReason"":""full_window_fallback"",""stopWindow"":10,""threshold"":0.7}"
B1,m6_4-trial-012,target_left,7.2,[],target_left,True,4.0,False,True,target_left,True,4.0,False,True,0.0,False,False,False,False,False,TYPE_2_NO_EFFECT,"{""consecutiveCount"":0,""decisionMade"":true,""earlyStop"":false,""effectiveAcquisitionSeconds"":4.0,""evaluatedWindows"":11,""finalFusedEvidence"":{""block_sim_01"":0.480616294292633,""block_sim_02"":0.2743468244188616,""block_sim_03"":0.24503688128850534},""finalRawEegEvidence"":{""block_sim_01"":1.44459885774899,""block_sim_02"":0.8246102221021289,""block_sim_03"":0.7365126880201481},""margin"":0.20626946987377137,""provenance"":{""identityAuthority"":""slot_to_target_to_logical_mapping"",""policy"":""M13 Context-aware Dynamic Stopping Baseline"",""source"":""M12 FusedTargetEvidence""},""selectedLogicalBlockId"":""block_sim_01"",""selectedSlotIndex"":0,""selectedTargetId"":""m9-vblock-red-01"",""stopReason"":""full_window_fallback"",""stopWindow"":10,""threshold"":0.7}","{""consecutiveCount"":0,""decisionMade"":true,""earlyStop"":false,""effectiveAcquisitionSeconds"":4.0,""evaluatedWindows"":11,""finalFusedEvidence"":{""block_sim_01"":0.480616294292633,""block_sim_02"":0.2743468244188616,""block_sim_03"":0.24503688128850534},""finalRawEegEvidence"":{""block_sim_01"":1.44459885774899,""block_sim_02"":0.8246102221021289,""block_sim_03"":0.7365126880201481},""margin"":0.20626946987377137,""provenance"":{""identityAuthority"":""slot_to_target_to_logical_mapping"",""policy"":""M13 Context-aware Dynamic Stopping Baseline"",""source"":""M12 FusedTargetEvidence""},""selectedLogicalBlockId"":""block_sim_01"",""selectedSlotIndex"":0,""selectedTargetId"":""m9-vblock-red-01"",""stopReason"":""full_window_fallback"",""stopWindow"":10,""threshold"":0.7}"
B1,m6_4-trial-013,target_left,7.2,"[""block_sim_01""]",target_left,True,4.0,False,True,target_left,True,4.0,False,True,0.0,False,False,False,False,False,TYPE_2_NO_EFFECT,"{""consecutiveCount"":0,""decisionMade"":true,""earlyStop"":false,""effectiveAcquisitionSeconds"":4.0,""evaluatedWindows"":11,""finalFusedEvidence"":{""block_sim_01"":0.48593325170958346,""block_sim_02"":0.2706112408284925,""block_sim_03"":0.24345550746192401},""finalRawEegEvidence"":{""block_sim_01"":1.422807540327351,""block_sim_02"":0.792346917181602,""block_sim_03"":0.7128352104582181},""margin"":0.21532201088109093,""provenance"":{""identityAuthority"":""slot_to_target_to_logical_mapping"",""policy"":""M13 Context-aware Dynamic Stopping Baseline"",""source"":""M12 FusedTargetEvidence""},""selectedLogicalBlockId"":""block_sim_01"",""selectedSlotIndex"":0,""selectedTargetId"":""m9-vblock-red-01"",""stopReason"":""full_window_fallback"",""stopWindow"":10,""threshold"":0.7}","{""consecutiveCount"":0,""decisionMade"":true,""earlyStop"":false,""effectiveAcquisitionSeconds"":4.0,""evaluatedWindows"":11,""finalFusedEvidence"":{""block_sim_01"":0.48593325170958346,""block_sim_02"":0.2706112408284925,""block_sim_03"":0.24345550746192401},""finalRawEegEvidence"":{""block_sim_01"":1.422807540327351,""block_sim_02"":0.792346917181602,""block_sim_03"":0.7128352104582181},""margin"":0.21532201088109093,""provenance"":{""identityAuthority"":""slot_to_target_to_logical_mapping"",""policy"":""M13 Context-aware Dynamic Stopping Baseline"",""source"":""M12 FusedTargetEvidence""},""selectedLogicalBlockId"":""block_sim_01"",""selectedSlotIndex"":0,""selectedTargetId"":""m9-vblock-red-01"",""stopReason"":""full_window_fallback"",""stopWindow"":10,""threshold"":0.7}"
B1,m6_4-trial-014,target_center,9.0,[],target_center,True,4.0,False,True,target_center,True,4.0,False,True,0.0,False,False,False,False,False,TYPE_2_NO_EFFECT,"{""consecutiveCount"":0,""decisionMade"":true,""earlyStop"":false,""effectiveAcquisitionSeconds"":4.0,""evaluatedWindows"":11,""finalFusedEvidence"":{""block_sim_01"":0.22950690994219022,""block_sim_02"":0.4633126500122372,""block_sim_03"":0.3071804400455726},""finalRawEegEvidence"":{""block_sim_01"":0.6982437391437638,""block_sim_02"":1.4095660876556493,""block_sim_03"":0.9345549513227023},""margin"":0.1561322099666646,""provenance"":{""identityAuthority"":""slot_to_target_to_logical_mapping"",""policy"":""M13 Context-aware Dynamic Stopping Baseline"",""source"":""M12 FusedTargetEvidence""},""selectedLogicalBlockId"":""block_sim_02"",""selectedSlotIndex"":1,""selectedTargetId"":""m9-vblock-green-01"",""stopReason"":""full_window_fallback"",""stopWindow"":10,""threshold"":0.7}","{""consecutiveCount"":0,""decisionMade"":true,""earlyStop"":false,""effectiveAcquisitionSeconds"":4.0,""evaluatedWindows"":11,""finalFusedEvidence"":{""block_sim_01"":0.22950690994219022,""block_sim_02"":0.4633126500122372,""block_sim_03"":0.3071804400455726},""finalRawEegEvidence"":{""block_sim_01"":0.6982437391437638,""block_sim_02"":1.4095660876556493,""block_sim_03"":0.9345549513227023},""margin"":0.1561322099666646,""provenance"":{""identityAuthority"":""slot_to_target_to_logical_mapping"",""policy"":""M13 Context-aware Dynamic Stopping Baseline"",""source"":""M12 FusedTargetEvidence""},""selectedLogicalBlockId"":""block_sim_02"",""selectedSlotIndex"":1,""selectedTargetId"":""m9-vblock-green-01"",""stopReason"":""full_window_fallback"",""stopWindow"":10,""threshold"":0.7}"
B1,m6_4-trial-015,target_right,12.0,"[""block_sim_01""]",target_right,True,4.0,False,True,target_right,True,4.0,False,True,0.0,False,False,False,False,False,TYPE_2_NO_EFFECT,"{""consecutiveCount"":0,""decisionMade"":true,""earlyStop"":false,""effectiveAcquisitionSeconds"":4.0,""evaluatedWindows"":11,""finalFusedEvidence"":{""block_sim_01"":0.2679902971222701,""block_sim_02"":0.2186463213639039,""block_sim_03"":0.513363381513826},""finalRawEegEvidence"":{""block_sim_01"":0.8645929666056689,""block_sim_02"":0.7053989403921773,""block_sim_03"":1.6562180561606326},""margin"":0.24537308439155586,""provenance"":{""identityAuthority"":""slot_to_target_to_logical_mapping"",""policy"":""M13 Context-aware Dynamic Stopping Baseline"",""source"":""M12 FusedTargetEvidence""},""selectedLogicalBlockId"":""block_sim_03"",""selectedSlotIndex"":2,""selectedTargetId"":""m9-vblock-blue-01"",""stopReason"":""full_window_fallback"",""stopWindow"":10,""threshold"":0.7}","{""consecutiveCount"":0,""decisionMade"":true,""earlyStop"":false,""effectiveAcquisitionSeconds"":4.0,""evaluatedWindows"":11,""finalFusedEvidence"":{""block_sim_01"":0.2679902971222701,""block_sim_02"":0.2186463213639039,""block_sim_03"":0.513363381513826},""finalRawEegEvidence"":{""block_sim_01"":0.8645929666056689,""block_sim_02"":0.7053989403921773,""block_sim_03"":1.6562180561606326},""margin"":0.24537308439155586,""provenance"":{""identityAuthority"":""slot_to_target_to_logical_mapping"",""policy"":""M13 Context-aware Dynamic Stopping Baseline"",""source"":""M12 FusedTargetEvidence""},""selectedLogicalBlockId"":""block_sim_03"",""selectedSlotIndex"":2,""selectedTargetId"":""m9-vblock-blue-01"",""stopReason"":""full_window_fallback"",""stopWindow"":10,""threshold"":0.7}"
B1,m6_4-trial-016,target_center,9.0,[],target_center,True,4.0,False,True,target_center,True,4.0,False,True,0.0,False,False,False,False,False,TYPE_2_NO_EFFECT,"{""consecutiveCount"":0,""decisionMade"":true,""earlyStop"":false,""effectiveAcquisitionSeconds"":4.0,""evaluatedWindows"":11,""finalFusedEvidence"":{""block_sim_01"":0.20122593688747795,""block_sim_02"":0.4701014816390891,""block_sim_03"":0.3286725814734329},""finalRawEegEvidence"":{""block_sim_01"":0.6496865150664674,""block_sim_02"":1.5177893966246878,""block_sim_03"":1.0611661069058844},""margin"":0.14142890016565618,""provenance"":{""identityAuthority"":""slot_to_target_to_logical_mapping"",""policy"":""M13 Context-aware Dynamic Stopping Baseline"",""source"":""M12 FusedTargetEvidence""},""selectedLogicalBlockId"":""block_sim_02"",""selectedSlotIndex"":1,""selectedTargetId"":""m9-vblock-green-01"",""stopReason"":""full_window_fallback"",""stopWindow"":10,""threshold"":0.7}","{""consecutiveCount"":0,""decisionMade"":true,""earlyStop"":false,""effectiveAcquisitionSeconds"":4.0,""evaluatedWindows"":11,""finalFusedEvidence"":{""block_sim_01"":0.20122593688747795,""block_sim_02"":0.4701014816390891,""block_sim_03"":0.3286725814734329},""finalRawEegEvidence"":{""block_sim_01"":0.6496865150664674,""block_sim_02"":1.5177893966246878,""block_sim_03"":1.0611661069058844},""margin"":0.14142890016565618,""provenance"":{""identityAuthority"":""slot_to_target_to_logical_mapping"",""policy"":""M13 Context-aware Dynamic Stopping Baseline"",""source"":""M12 FusedTargetEvidence""},""selectedLogicalBlockId"":""block_sim_02"",""selectedSlotIndex"":1,""selectedTargetId"":""m9-vblock-green-01"",""stopReason"":""full_window_fallback"",""stopWindow"":10,""threshold"":0.7}"
B1,m6_4-trial-017,target_right,12.0,"[""block_sim_01""]",target_right,True,4.0,False,True,target_right,True,4.0,False,True,0.0,False,False,False,False,False,TYPE_2_NO_EFFECT,"{""consecutiveCount"":0,""decisionMade"":true,""earlyStop"":false,""effectiveAcquisitionSeconds"":4.0,""evaluatedWindows"":11,""finalFusedEvidence"":{""block_sim_01"":0.2340325425286569,""block_sim_02"":0.2039900729844379,""block_sim_03"":0.5619773844869053},""finalRawEegEvidence"":{""block_sim_01"":0.7107798130755707,""block_sim_02"":0.6195378829736755,""block_sim_03"":1.7067805014740187},""margin"":0.32794484195824836,""provenance"":{""identityAuthority"":""slot_to_target_to_logical_mapping"",""policy"":""M13 Context-aware Dynamic Stopping Baseline"",""source"":""M12 FusedTargetEvidence""},""selectedLogicalBlockId"":""block_sim_03"",""selectedSlotIndex"":2,""selectedTargetId"":""m9-vblock-blue-01"",""stopReason"":""full_window_fallback"",""stopWindow"":10,""threshold"":0.7}","{""consecutiveCount"":0,""decisionMade"":true,""earlyStop"":false,""effectiveAcquisitionSeconds"":4.0,""evaluatedWindows"":11,""finalFusedEvidence"":{""block_sim_01"":0.2340325425286569,""block_sim_02"":0.2039900729844379,""block_sim_03"":0.5619773844869053},""finalRawEegEvidence"":{""block_sim_01"":0.7107798130755707,""block_sim_02"":0.6195378829736755,""block_sim_03"":1.7067805014740187},""margin"":0.32794484195824836,""provenance"":{""identityAuthority"":""slot_to_target_to_logical_mapping"",""policy"":""M13 Context-aware Dynamic Stopping Baseline"",""source"":""M12 FusedTargetEvidence""},""selectedLogicalBlockId"":""block_sim_03"",""selectedSlotIndex"":2,""selectedTargetId"":""m9-vblock-blue-01"",""stopReason"":""full_window_fallback"",""stopWindow"":10,""threshold"":0.7}"
B1,m6_4-trial-018,target_left,7.2,[],target_left,True,4.0,False,True,target_left,True,4.0,False,True,0.0,False,False,False,False,False,TYPE_2_NO_EFFECT,"{""consecutiveCount"":0,""decisionMade"":true,""earlyStop"":false,""effectiveAcquisitionSeconds"":4.0,""evaluatedWindows"":11,""finalFusedEvidence"":{""block_sim_01"":0.4207473760840443,""block_sim_02"":0.2922405117591839,""block_sim_03"":0.28701211215677175},""finalRawEegEvidence"":{""block_sim_01"":0.994529647695512,""block_sim_02"":0.6907752008040131,""block_sim_03"":0.6784167198956029},""margin"":0.12850686432486036,""provenance"":{""identityAuthority"":""slot_to_target_to_logical_mapping"",""policy"":""M13 Context-aware Dynamic Stopping Baseline"",""source"":""M12 FusedTargetEvidence""},""selectedLogicalBlockId"":""block_sim_01"",""selectedSlotIndex"":0,""selectedTargetId"":""m9-vblock-red-01"",""stopReason"":""full_window_fallback"",""stopWindow"":10,""threshold"":0.7}","{""consecutiveCount"":0,""decisionMade"":true,""earlyStop"":false,""effectiveAcquisitionSeconds"":4.0,""evaluatedWindows"":11,""finalFusedEvidence"":{""block_sim_01"":0.4207473760840443,""block_sim_02"":0.2922405117591839,""block_sim_03"":0.28701211215677175},""finalRawEegEvidence"":{""block_sim_01"":0.994529647695512,""block_sim_02"":0.6907752008040131,""block_sim_03"":0.6784167198956029},""margin"":0.12850686432486036,""provenance"":{""identityAuthority"":""slot_to_target_to_logical_mapping"",""policy"":""M13 Context-aware Dynamic Stopping Baseline"",""source"":""M12 FusedTargetEvidence""},""selectedLogicalBlockId"":""block_sim_01"",""selectedSlotIndex"":0,""selectedTargetId"":""m9-vblock-red-01"",""stopReason"":""full_window_fallback"",""stopWindow"":10,""threshold"":0.7}"
B1,m6_4-trial-019,target_right,12.0,"[""block_sim_01""]",target_right,True,4.0,False,True,target_right,True,4.0,False,True,0.0,False,False,False,False,False,TYPE_2_NO_EFFECT,"{""consecutiveCount"":0,""decisionMade"":true,""earlyStop"":false,""effectiveAcquisitionSeconds"":4.0,""evaluatedWindows"":11,""finalFusedEvidence"":{""block_sim_01"":0.28808590684142504,""block_sim_02"":0.18039242697998722,""block_sim_03"":0.5315216661785876},""finalRawEegEvidence"":{""block_sim_01"":0.9757546334435874,""block_sim_02"":0.6109939510534435,""block_sim_03"":1.8002780289939404},""margin"":0.2434357593371626,""provenance"":{""identityAuthority"":""slot_to_target_to_logical_mapping"",""policy"":""M13 Context-aware Dynamic Stopping Baseline"",""source"":""M12 FusedTargetEvidence""},""selectedLogicalBlockId"":""block_sim_03"",""selectedSlotIndex"":2,""selectedTargetId"":""m9-vblock-blue-01"",""stopReason"":""full_window_fallback"",""stopWindow"":10,""threshold"":0.7}","{""consecutiveCount"":0,""decisionMade"":true,""earlyStop"":false,""effectiveAcquisitionSeconds"":4.0,""evaluatedWindows"":11,""finalFusedEvidence"":{""block_sim_01"":0.28808590684142504,""block_sim_02"":0.18039242697998722,""block_sim_03"":0.5315216661785876},""finalRawEegEvidence"":{""block_sim_01"":0.9757546334435874,""block_sim_02"":0.6109939510534435,""block_sim_03"":1.8002780289939404},""margin"":0.2434357593371626,""provenance"":{""identityAuthority"":""slot_to_target_to_logical_mapping"",""policy"":""M13 Context-aware Dynamic Stopping Baseline"",""source"":""M12 FusedTargetEvidence""},""selectedLogicalBlockId"":""block_sim_03"",""selectedSlotIndex"":2,""selectedTargetId"":""m9-vblock-blue-01"",""stopReason"":""full_window_fallback"",""stopWindow"":10,""threshold"":0.7}"
B1,m6_4-trial-020,target_center,9.0,[],target_center,True,4.0,False,True,target_center,True,4.0,False,True,0.0,False,False,False,False,False,TYPE_2_NO_EFFECT,"{""consecutiveCount"":0,""decisionMade"":true,""earlyStop"":false,""effectiveAcquisitionSeconds"":4.0,""evaluatedWindows"":11,""finalFusedEvidence"":{""block_sim_01"":0.2984524276773825,""block_sim_02"":0.4246205661086932,""block_sim_03"":0.2769270062139243},""finalRawEegEvidence"":{""block_sim_01"":0.918989309694447,""block_sim_02"":1.3074839563781684,""block_sim_03"":0.8527086217954403},""margin"":0.1261681384313107,""provenance"":{""identityAuthority"":""slot_to_target_to_logical_mapping"",""policy"":""M13 Context-aware Dynamic Stopping Baseline"",""source"":""M12 FusedTargetEvidence""},""selectedLogicalBlockId"":""block_sim_02"",""selectedSlotIndex"":1,""selectedTargetId"":""m9-vblock-green-01"",""stopReason"":""full_window_fallback"",""stopWindow"":10,""threshold"":0.7}","{""consecutiveCount"":0,""decisionMade"":true,""earlyStop"":false,""effectiveAcquisitionSeconds"":4.0,""evaluatedWindows"":11,""finalFusedEvidence"":{""block_sim_01"":0.2984524276773825,""block_sim_02"":0.4246205661086932,""block_sim_03"":0.2769270062139243},""finalRawEegEvidence"":{""block_sim_01"":0.918989309694447,""block_sim_02"":1.3074839563781684,""block_sim_03"":0.8527086217954403},""margin"":0.1261681384313107,""provenance"":{""identityAuthority"":""slot_to_target_to_logical_mapping"",""policy"":""M13 Context-aware Dynamic Stopping Baseline"",""source"":""M12 FusedTargetEvidence""},""selectedLogicalBlockId"":""block_sim_02"",""selectedSlotIndex"":1,""selectedTargetId"":""m9-vblock-green-01"",""stopReason"":""full_window_fallback"",""stopWindow"":10,""threshold"":0.7}"
B1,m6_4-trial-021,target_center,9.0,"[""block_sim_01""]",target_center,True,4.0,False,True,target_center,True,4.0,False,True,0.0,False,False,False,False,False,TYPE_2_NO_EFFECT,"{""consecutiveCount"":0,""decisionMade"":true,""earlyStop"":false,""effectiveAcquisitionSeconds"":4.0,""evaluatedWindows"":11,""finalFusedEvidence"":{""block_sim_01"":0.21987826731209853,""block_sim_02"":0.45625788393578287,""block_sim_03"":0.3238638487521186},""finalRawEegEvidence"":{""block_sim_01"":0.7374126483758878,""block_sim_02"":1.5301663900138953,""block_sim_03"":1.0861523575793928},""margin"":0.13239403518366427,""provenance"":{""identityAuthority"":""slot_to_target_to_logical_mapping"",""policy"":""M13 Context-aware Dynamic Stopping Baseline"",""source"":""M12 FusedTargetEvidence""},""selectedLogicalBlockId"":""block_sim_02"",""selectedSlotIndex"":1,""selectedTargetId"":""m9-vblock-green-01"",""stopReason"":""full_window_fallback"",""stopWindow"":10,""threshold"":0.7}","{""consecutiveCount"":0,""decisionMade"":true,""earlyStop"":false,""effectiveAcquisitionSeconds"":4.0,""evaluatedWindows"":11,""finalFusedEvidence"":{""block_sim_01"":0.21987826731209853,""block_sim_02"":0.45625788393578287,""block_sim_03"":0.3238638487521186},""finalRawEegEvidence"":{""block_sim_01"":0.7374126483758878,""block_sim_02"":1.5301663900138953,""block_sim_03"":1.0861523575793928},""margin"":0.13239403518366427,""provenance"":{""identityAuthority"":""slot_to_target_to_logical_mapping"",""policy"":""M13 Context-aware Dynamic Stopping Baseline"",""source"":""M12 FusedTargetEvidence""},""selectedLogicalBlockId"":""block_sim_02"",""selectedSlotIndex"":1,""selectedTargetId"":""m9-vblock-green-01"",""stopReason"":""full_window_fallback"",""stopWindow"":10,""threshold"":0.7}"
B1,m6_4-trial-022,target_left,7.2,[],target_left,True,4.0,False,True,target_left,True,4.0,False,True,0.0,False,False,False,False,False,TYPE_2_NO_EFFECT,"{""consecutiveCount"":0,""decisionMade"":true,""earlyStop"":false,""effectiveAcquisitionSeconds"":4.0,""evaluatedWindows"":11,""finalFusedEvidence"":{""block_sim_01"":0.46537111958763405,""block_sim_02"":0.266267215427842,""block_sim_03"":0.26836166498452396},""finalRawEegEvidence"":{""block_sim_01"":1.1022355803365531,""block_sim_02"":0.6306562362137268,""block_sim_03"":0.6356169583673504},""margin"":0.1970094546031101,""provenance"":{""identityAuthority"":""slot_to_target_to_logical_mapping"",""policy"":""M13 Context-aware Dynamic Stopping Baseline"",""source"":""M12 FusedTargetEvidence""},""selectedLogicalBlockId"":""block_sim_01"",""selectedSlotIndex"":0,""selectedTargetId"":""m9-vblock-red-01"",""stopReason"":""full_window_fallback"",""stopWindow"":10,""threshold"":0.7}","{""consecutiveCount"":0,""decisionMade"":true,""earlyStop"":false,""effectiveAcquisitionSeconds"":4.0,""evaluatedWindows"":11,""finalFusedEvidence"":{""block_sim_01"":0.46537111958763405,""block_sim_02"":0.266267215427842,""block_sim_03"":0.26836166498452396},""finalRawEegEvidence"":{""block_sim_01"":1.1022355803365531,""block_sim_02"":0.6306562362137268,""block_sim_03"":0.6356169583673504},""margin"":0.1970094546031101,""provenance"":{""identityAuthority"":""slot_to_target_to_logical_mapping"",""policy"":""M13 Context-aware Dynamic Stopping Baseline"",""source"":""M12 FusedTargetEvidence""},""selectedLogicalBlockId"":""block_sim_01"",""selectedSlotIndex"":0,""selectedTargetId"":""m9-vblock-red-01"",""stopReason"":""full_window_fallback"",""stopWindow"":10,""threshold"":0.7}"
B1,m6_4-trial-023,target_center,9.0,"[""block_sim_01""]",target_center,True,4.0,False,True,target_center,True,4.0,False,True,0.0,False,False,False,False,False,TYPE_2_NO_EFFECT,"{""consecutiveCount"":0,""decisionMade"":true,""earlyStop"":false,""effectiveAcquisitionSeconds"":4.0,""evaluatedWindows"":11,""finalFusedEvidence"":{""block_sim_01"":0.1633845733188652,""block_sim_02"":0.5437019960883358,""block_sim_03"":0.29291343059279906},""finalRawEegEvidence"":{""block_sim_01"":0.47384056760594806,""block_sim_02"":1.5768199971498593,""block_sim_03"":0.8494943151127445},""margin"":0.25078856549553674,""provenance"":{""identityAuthority"":""slot_to_target_to_logical_mapping"",""policy"":""M13 Context-aware Dynamic Stopping Baseline"",""source"":""M12 FusedTargetEvidence""},""selectedLogicalBlockId"":""block_sim_02"",""selectedSlotIndex"":1,""selectedTargetId"":""m9-vblock-green-01"",""stopReason"":""full_window_fallback"",""stopWindow"":10,""threshold"":0.7}","{""consecutiveCount"":0,""decisionMade"":true,""earlyStop"":false,""effectiveAcquisitionSeconds"":4.0,""evaluatedWindows"":11,""finalFusedEvidence"":{""block_sim_01"":0.1633845733188652,""block_sim_02"":0.5437019960883358,""block_sim_03"":0.29291343059279906},""finalRawEegEvidence"":{""block_sim_01"":0.47384056760594806,""block_sim_02"":1.5768199971498593,""block_sim_03"":0.8494943151127445},""margin"":0.25078856549553674,""provenance"":{""identityAuthority"":""slot_to_target_to_logical_mapping"",""policy"":""M13 Context-aware Dynamic Stopping Baseline"",""source"":""M12 FusedTargetEvidence""},""selectedLogicalBlockId"":""block_sim_02"",""selectedSlotIndex"":1,""selectedTargetId"":""m9-vblock-green-01"",""stopReason"":""full_window_fallback"",""stopWindow"":10,""threshold"":0.7}"
B1,m6_4-trial-024,target_right,12.0,[],target_right,True,4.0,False,True,target_right,True,4.0,False,True,0.0,False,False,False,False,False,TYPE_2_NO_EFFECT,"{""consecutiveCount"":0,""decisionMade"":true,""earlyStop"":false,""effectiveAcquisitionSeconds"":4.0,""evaluatedWindows"":11,""finalFusedEvidence"":{""block_sim_01"":0.24380526467264044,""block_sim_02"":0.2059004801948697,""block_sim_03"":0.5502942551324899},""finalRawEegEvidence"":{""block_sim_01"":0.6926605413108663,""block_sim_02"":0.5849715274173499,""block_sim_03"":1.563408063202109},""margin"":0.30648899045984945,""provenance"":{""identityAuthority"":""slot_to_target_to_logical_mapping"",""policy"":""M13 Context-aware Dynamic Stopping Baseline"",""source"":""M12 FusedTargetEvidence""},""selectedLogicalBlockId"":""block_sim_03"",""selectedSlotIndex"":2,""selectedTargetId"":""m9-vblock-blue-01"",""stopReason"":""full_window_fallback"",""stopWindow"":10,""threshold"":0.7}","{""consecutiveCount"":0,""decisionMade"":true,""earlyStop"":false,""effectiveAcquisitionSeconds"":4.0,""evaluatedWindows"":11,""finalFusedEvidence"":{""block_sim_01"":0.24380526467264044,""block_sim_02"":0.2059004801948697,""block_sim_03"":0.5502942551324899},""finalRawEegEvidence"":{""block_sim_01"":0.6926605413108663,""block_sim_02"":0.5849715274173499,""block_sim_03"":1.563408063202109},""margin"":0.30648899045984945,""provenance"":{""identityAuthority"":""slot_to_target_to_logical_mapping"",""policy"":""M13 Context-aware Dynamic Stopping Baseline"",""source"":""M12 FusedTargetEvidence""},""selectedLogicalBlockId"":""block_sim_03"",""selectedSlotIndex"":2,""selectedTargetId"":""m9-vblock-blue-01"",""stopReason"":""full_window_fallback"",""stopWindow"":10,""threshold"":0.7}"
B1,m6_4-trial-025,target_left,7.2,"[""block_sim_01""]",target_left,True,4.0,False,True,target_left,True,4.0,False,True,0.0,False,False,False,False,False,TYPE_2_NO_EFFECT,"{""consecutiveCount"":0,""decisionMade"":true,""earlyStop"":false,""effectiveAcquisitionSeconds"":4.0,""evaluatedWindows"":11,""finalFusedEvidence"":{""block_sim_01"":0.4397811310534743,""block_sim_02"":0.29485001670646643,""block_sim_03"":0.26536885224005924},""finalRawEegEvidence"":{""block_sim_01"":1.210982858387775,""block_sim_02"":0.8119000357554318,""block_sim_03"":0.7307205983188836},""margin"":0.14493111434700784,""provenance"":{""identityAuthority"":""slot_to_target_to_logical_mapping"",""policy"":""M13 Context-aware Dynamic Stopping Baseline"",""source"":""M12 FusedTargetEvidence""},""selectedLogicalBlockId"":""block_sim_01"",""selectedSlotIndex"":0,""selectedTargetId"":""m9-vblock-red-01"",""stopReason"":""full_window_fallback"",""stopWindow"":10,""threshold"":0.7}","{""consecutiveCount"":0,""decisionMade"":true,""earlyStop"":false,""effectiveAcquisitionSeconds"":4.0,""evaluatedWindows"":11,""finalFusedEvidence"":{""block_sim_01"":0.4397811310534743,""block_sim_02"":0.29485001670646643,""block_sim_03"":0.26536885224005924},""finalRawEegEvidence"":{""block_sim_01"":1.210982858387775,""block_sim_02"":0.8119000357554318,""block_sim_03"":0.7307205983188836},""margin"":0.14493111434700784,""provenance"":{""identityAuthority"":""slot_to_target_to_logical_mapping"",""policy"":""M13 Context-aware Dynamic Stopping Baseline"",""source"":""M12 FusedTargetEvidence""},""selectedLogicalBlockId"":""block_sim_01"",""selectedSlotIndex"":0,""selectedTargetId"":""m9-vblock-red-01"",""stopReason"":""full_window_fallback"",""stopWindow"":10,""threshold"":0.7}"
B1,m6_4-trial-026,target_left,7.2,[],target_left,True,4.0,False,True,target_left,True,4.0,False,True,0.0,False,False,False,False,False,TYPE_2_NO_EFFECT,"{""consecutiveCount"":0,""decisionMade"":true,""earlyStop"":false,""effectiveAcquisitionSeconds"":4.0,""evaluatedWindows"":11,""finalFusedEvidence"":{""block_sim_01"":0.477550099189629,""block_sim_02"":0.24424148783964353,""block_sim_03"":0.2782084129707275},""finalRawEegEvidence"":{""block_sim_01"":1.2451045803493566,""block_sim_02"":0.6368047996148047,""block_sim_03"":0.72536592468391},""margin"":0.19934168621890147,""provenance"":{""identityAuthority"":""slot_to_target_to_logical_mapping"",""policy"":""M13 Context-aware Dynamic Stopping Baseline"",""source"":""M12 FusedTargetEvidence""},""selectedLogicalBlockId"":""block_sim_01"",""selectedSlotIndex"":0,""selectedTargetId"":""m9-vblock-red-01"",""stopReason"":""full_window_fallback"",""stopWindow"":10,""threshold"":0.7}","{""consecutiveCount"":0,""decisionMade"":true,""earlyStop"":false,""effectiveAcquisitionSeconds"":4.0,""evaluatedWindows"":11,""finalFusedEvidence"":{""block_sim_01"":0.477550099189629,""block_sim_02"":0.24424148783964353,""block_sim_03"":0.2782084129707275},""finalRawEegEvidence"":{""block_sim_01"":1.2451045803493566,""block_sim_02"":0.6368047996148047,""block_sim_03"":0.72536592468391},""margin"":0.19934168621890147,""provenance"":{""identityAuthority"":""slot_to_target_to_logical_mapping"",""policy"":""M13 Context-aware Dynamic Stopping Baseline"",""source"":""M12 FusedTargetEvidence""},""selectedLogicalBlockId"":""block_sim_01"",""selectedSlotIndex"":0,""selectedTargetId"":""m9-vblock-red-01"",""stopReason"":""full_window_fallback"",""stopWindow"":10,""threshold"":0.7}"
B1,m6_4-trial-027,target_center,9.0,"[""block_sim_01""]",target_center,True,4.0,False,True,target_center,True,4.0,False,True,0.0,False,False,False,False,False,TYPE_2_NO_EFFECT,"{""consecutiveCount"":0,""decisionMade"":true,""earlyStop"":false,""effectiveAcquisitionSeconds"":4.0,""evaluatedWindows"":11,""finalFusedEvidence"":{""block_sim_01"":0.21001197568882043,""block_sim_02"":0.48292747825221355,""block_sim_03"":0.30706054605896593},""finalRawEegEvidence"":{""block_sim_01"":0.6015529802761456,""block_sim_02"":1.3832852286019757,""block_sim_03"":0.8795364454867345},""margin"":0.17586693219324762,""provenance"":{""identityAuthority"":""slot_to_target_to_logical_mapping"",""policy"":""M13 Context-aware Dynamic Stopping Baseline"",""source"":""M12 FusedTargetEvidence""},""selectedLogicalBlockId"":""block_sim_02"",""selectedSlotIndex"":1,""selectedTargetId"":""m9-vblock-green-01"",""stopReason"":""full_window_fallback"",""stopWindow"":10,""threshold"":0.7}","{""consecutiveCount"":0,""decisionMade"":true,""earlyStop"":false,""effectiveAcquisitionSeconds"":4.0,""evaluatedWindows"":11,""finalFusedEvidence"":{""block_sim_01"":0.21001197568882043,""block_sim_02"":0.48292747825221355,""block_sim_03"":0.30706054605896593},""finalRawEegEvidence"":{""block_sim_01"":0.6015529802761456,""block_sim_02"":1.3832852286019757,""block_sim_03"":0.8795364454867345},""margin"":0.17586693219324762,""provenance"":{""identityAuthority"":""slot_to_target_to_logical_mapping"",""policy"":""M13 Context-aware Dynamic Stopping Baseline"",""source"":""M12 FusedTargetEvidence""},""selectedLogicalBlockId"":""block_sim_02"",""selectedSlotIndex"":1,""selectedTargetId"":""m9-vblock-green-01"",""stopReason"":""full_window_fallback"",""stopWindow"":10,""threshold"":0.7}"
B1,m6_4-trial-028,target_center,9.0,[],target_center,True,4.0,False,True,target_center,True,4.0,False,True,0.0,False,False,False,False,False,TYPE_2_NO_EFFECT,"{""consecutiveCount"":0,""decisionMade"":true,""earlyStop"":false,""effectiveAcquisitionSeconds"":4.0,""evaluatedWindows"":11,""finalFusedEvidence"":{""block_sim_01"":0.25657296738194857,""block_sim_02"":0.5215305065800098,""block_sim_03"":0.22189652603804175},""finalRawEegEvidence"":{""block_sim_01"":0.8072354969784631,""block_sim_02"":1.64085071769008,""block_sim_03"":0.6981357167197633},""margin"":0.2649575391980612,""provenance"":{""identityAuthority"":""slot_to_target_to_logical_mapping"",""policy"":""M13 Context-aware Dynamic Stopping Baseline"",""source"":""M12 FusedTargetEvidence""},""selectedLogicalBlockId"":""block_sim_02"",""selectedSlotIndex"":1,""selectedTargetId"":""m9-vblock-green-01"",""stopReason"":""full_window_fallback"",""stopWindow"":10,""threshold"":0.7}","{""consecutiveCount"":0,""decisionMade"":true,""earlyStop"":false,""effectiveAcquisitionSeconds"":4.0,""evaluatedWindows"":11,""finalFusedEvidence"":{""block_sim_01"":0.25657296738194857,""block_sim_02"":0.5215305065800098,""block_sim_03"":0.22189652603804175},""finalRawEegEvidence"":{""block_sim_01"":0.8072354969784631,""block_sim_02"":1.64085071769008,""block_sim_03"":0.6981357167197633},""margin"":0.2649575391980612,""provenance"":{""identityAuthority"":""slot_to_target_to_logical_mapping"",""policy"":""M13 Context-aware Dynamic Stopping Baseline"",""source"":""M12 FusedTargetEvidence""},""selectedLogicalBlockId"":""block_sim_02"",""selectedSlotIndex"":1,""selectedTargetId"":""m9-vblock-green-01"",""stopReason"":""full_window_fallback"",""stopWindow"":10,""threshold"":0.7}"
B1,m6_4-trial-029,target_left,7.2,"[""block_sim_01""]",target_left,True,4.0,False,True,target_left,True,4.0,False,True,0.0,False,False,False,False,False,TYPE_2_NO_EFFECT,"{""consecutiveCount"":0,""decisionMade"":true,""earlyStop"":false,""effectiveAcquisitionSeconds"":4.0,""evaluatedWindows"":11,""finalFusedEvidence"":{""block_sim_01"":0.5002681632056762,""block_sim_02"":0.2618408287963493,""block_sim_03"":0.23789100799797444},""finalRawEegEvidence"":{""block_sim_01"":1.3372991941771557,""block_sim_02"":0.6999436604325243,""block_sim_03"":0.6359218449143815},""margin"":0.23842733440932695,""provenance"":{""identityAuthority"":""slot_to_target_to_logical_mapping"",""policy"":""M13 Context-aware Dynamic Stopping Baseline"",""source"":""M12 FusedTargetEvidence""},""selectedLogicalBlockId"":""block_sim_01"",""selectedSlotIndex"":0,""selectedTargetId"":""m9-vblock-red-01"",""stopReason"":""full_window_fallback"",""stopWindow"":10,""threshold"":0.7}","{""consecutiveCount"":0,""decisionMade"":true,""earlyStop"":false,""effectiveAcquisitionSeconds"":4.0,""evaluatedWindows"":11,""finalFusedEvidence"":{""block_sim_01"":0.5002681632056762,""block_sim_02"":0.2618408287963493,""block_sim_03"":0.23789100799797444},""finalRawEegEvidence"":{""block_sim_01"":1.3372991941771557,""block_sim_02"":0.6999436604325243,""block_sim_03"":0.6359218449143815},""margin"":0.23842733440932695,""provenance"":{""identityAuthority"":""slot_to_target_to_logical_mapping"",""policy"":""M13 Context-aware Dynamic Stopping Baseline"",""source"":""M12 FusedTargetEvidence""},""selectedLogicalBlockId"":""block_sim_01"",""selectedSlotIndex"":0,""selectedTargetId"":""m9-vblock-red-01"",""stopReason"":""full_window_fallback"",""stopWindow"":10,""threshold"":0.7}"
B1,m6_4-trial-030,target_right,12.0,[],target_right,True,4.0,False,True,target_right,True,4.0,False,True,0.0,False,False,False,False,False,TYPE_2_NO_EFFECT,"{""consecutiveCount"":0,""decisionMade"":true,""earlyStop"":false,""effectiveAcquisitionSeconds"":4.0,""evaluatedWindows"":11,""finalFusedEvidence"":{""block_sim_01"":0.21688685039920907,""block_sim_02"":0.27464492337684027,""block_sim_03"":0.5084682262239507},""finalRawEegEvidence"":{""block_sim_01"":0.7127599128172247,""block_sim_02"":0.9025715080534172,""block_sim_03"":1.6709900481593865},""margin"":0.23382330284711045,""provenance"":{""identityAuthority"":""slot_to_target_to_logical_mapping"",""policy"":""M13 Context-aware Dynamic Stopping Baseline"",""source"":""M12 FusedTargetEvidence""},""selectedLogicalBlockId"":""block_sim_03"",""selectedSlotIndex"":2,""selectedTargetId"":""m9-vblock-blue-01"",""stopReason"":""full_window_fallback"",""stopWindow"":10,""threshold"":0.7}","{""consecutiveCount"":0,""decisionMade"":true,""earlyStop"":false,""effectiveAcquisitionSeconds"":4.0,""evaluatedWindows"":11,""finalFusedEvidence"":{""block_sim_01"":0.21688685039920907,""block_sim_02"":0.27464492337684027,""block_sim_03"":0.5084682262239507},""finalRawEegEvidence"":{""block_sim_01"":0.7127599128172247,""block_sim_02"":0.9025715080534172,""block_sim_03"":1.6709900481593865},""margin"":0.23382330284711045,""provenance"":{""identityAuthority"":""slot_to_target_to_logical_mapping"",""policy"":""M13 Context-aware Dynamic Stopping Baseline"",""source"":""M12 FusedTargetEvidence""},""selectedLogicalBlockId"":""block_sim_03"",""selectedSlotIndex"":2,""selectedTargetId"":""m9-vblock-blue-01"",""stopReason"":""full_window_fallback"",""stopWindow"":10,""threshold"":0.7}"
B2,m6_4-trial-001,target_right,12.0,"[""block_sim_01""]",target_right,True,4.0,False,True,target_right,True,4.0,False,True,0.0,False,False,False,False,False,TYPE_2_NO_EFFECT,"{""consecutiveCount"":0,""decisionMade"":true,""earlyStop"":false,""effectiveAcquisitionSeconds"":4.0,""evaluatedWindows"":11,""finalFusedEvidence"":{""block_sim_01"":0.36390190993874744,""block_sim_02"":0.25008719311803324,""block_sim_03"":0.3860108969432194},""finalRawEegEvidence"":{""block_sim_01"":1.0487854923439432,""block_sim_02"":0.7207651644569825,""block_sim_03"":1.1125048194137406},""margin"":0.022108987004471947,""provenance"":{""identityAuthority"":""slot_to_target_to_logical_mapping"",""policy"":""M13 Context-aware Dynamic Stopping Baseline"",""source"":""M12 FusedTargetEvidence""},""selectedLogicalBlockId"":""block_sim_03"",""selectedSlotIndex"":2,""selectedTargetId"":""m9-vblock-blue-01"",""stopReason"":""full_window_fallback"",""stopWindow"":10,""threshold"":0.7}","{""consecutiveCount"":0,""decisionMade"":true,""earlyStop"":false,""effectiveAcquisitionSeconds"":4.0,""evaluatedWindows"":11,""finalFusedEvidence"":{""block_sim_01"":0.19293009715639786,""block_sim_02"":0.39776663832806813,""block_sim_03"":0.40930326451553406},""finalRawEegEvidence"":{""block_sim_01"":1.0487854923439432,""block_sim_02"":0.7207651644569825,""block_sim_03"":1.1125048194137406},""margin"":0.011536626187465926,""provenance"":{""identityAuthority"":""slot_to_target_to_logical_mapping"",""policy"":""M13 Context-aware Dynamic Stopping Baseline"",""source"":""M12 FusedTargetEvidence""},""selectedLogicalBlockId"":""block_sim_03"",""selectedSlotIndex"":2,""selectedTargetId"":""m9-vblock-blue-01"",""stopReason"":""full_window_fallback"",""stopWindow"":10,""threshold"":0.7}"
B2,m6_4-trial-002,target_left,7.2,[],target_left,True,4.0,False,True,target_left,True,3.4,True,False,0.6000000000000001,False,False,False,True,False,TYPE_1_TRUE_LATENCY_HELP,"{""consecutiveCount"":0,""decisionMade"":true,""earlyStop"":false,""effectiveAcquisitionSeconds"":4.0,""evaluatedWindows"":11,""finalFusedEvidence"":{""block_sim_01"":0.35934052285104096,""block_sim_02"":0.3060488319694578,""block_sim_03"":0.3346106451795012},""finalRawEegEvidence"":{""block_sim_01"":0.9270694688292772,""block_sim_02"":0.7895812190582281,""block_sim_03"":0.8632683857360934},""margin"":0.02472987767153978,""provenance"":{""identityAuthority"":""slot_to_target_to_logical_mapping"",""policy"":""M13 Context-aware Dynamic Stopping Baseline"",""source"":""M12 FusedTargetEvidence""},""selectedLogicalBlockId"":""block_sim_01"",""selectedSlotIndex"":0,""selectedTargetId"":""m9-vblock-red-01"",""stopReason"":""full_window_fallback"",""stopWindow"":10,""threshold"":0.7}","{""consecutiveCount"":2,""decisionMade"":true,""earlyStop"":true,""effectiveAcquisitionSeconds"":3.4,""evaluatedWindows"":8,""finalFusedEvidence"":{""block_sim_01"":0.7244641875390662,""block_sim_02"":0.12410811876570339,""block_sim_03"":0.15142769369523046},""finalRawEegEvidence"":{""block_sim_01"":0.99695682892664,""block_sim_02"":0.6831555715625179,""block_sim_03"":0.8335367070711456},""margin"":0.5730364938438357,""provenance"":{""identityAuthority"":""slot_to_target_to_logical_mapping"",""policy"":""M13 Context-aware Dynamic Stopping Baseline"",""source"":""M12 FusedTargetEvidence""},""selectedLogicalBlockId"":""block_sim_01"",""selectedSlotIndex"":0,""selectedTargetId"":""m9-vblock-red-01"",""stopReason"":""early_stable_fused_evidence"",""stopWindow"":7,""threshold"":0.7}"
B2,m6_4-trial-003,target_center,9.0,"[""block_sim_01""]",target_center,True,4.0,False,True,target_center,True,4.0,False,True,0.0,False,False,False,False,False,TYPE_2_NO_EFFECT,"{""consecutiveCount"":0,""decisionMade"":true,""earlyStop"":false,""effectiveAcquisitionSeconds"":4.0,""evaluatedWindows"":11,""finalFusedEvidence"":{""block_sim_01"":0.209798614430675,""block_sim_02"":0.5192880031609319,""block_sim_03"":0.270913382408393},""finalRawEegEvidence"":{""block_sim_01"":0.5995477998588525,""block_sim_02"":1.4839849187426872,""block_sim_03"":0.7741973073370475},""margin"":0.2483746207525389,""provenance"":{""identityAuthority"":""slot_to_target_to_logical_mapping"",""policy"":""M13 Context-aware Dynamic Stopping Baseline"",""source"":""M12 FusedTargetEvidence""},""selectedLogicalBlockId"":""block_sim_02"",""selectedSlotIndex"":1,""selectedTargetId"":""m9-vblock-green-01"",""stopReason"":""full_window_fallback"",""stopWindow"":10,""threshold"":0.7}","{""consecutiveCount"":0,""decisionMade"":true,""earlyStop"":false,""effectiveAcquisitionSeconds"":4.0,""evaluatedWindows"":11,""finalFusedEvidence"":{""block_sim_01"":0.209798614430675,""block_sim_02"":0.5192880031609319,""block_sim_03"":0.270913382408393},""finalRawEegEvidence"":{""block_sim_01"":0.5995477998588525,""block_sim_02"":1.4839849187426872,""block_sim_03"":0.7741973073370475},""margin"":0.2483746207525389,""provenance"":{""identityAuthority"":""slot_to_target_to_logical_mapping"",""policy"":""M13 Context-aware Dynamic Stopping Baseline"",""source"":""M12 FusedTargetEvidence""},""selectedLogicalBlockId"":""block_sim_02"",""selectedSlotIndex"":1,""selectedTargetId"":""m9-vblock-green-01"",""stopReason"":""full_window_fallback"",""stopWindow"":10,""threshold"":0.7}"
B2,m6_4-trial-004,target_right,12.0,[],target_right,True,4.0,False,True,target_right,True,4.0,False,True,0.0,False,False,False,False,False,TYPE_2_NO_EFFECT,"{""consecutiveCount"":0,""decisionMade"":true,""earlyStop"":false,""effectiveAcquisitionSeconds"":4.0,""evaluatedWindows"":11,""finalFusedEvidence"":{""block_sim_01"":0.21445429797778526,""block_sim_02"":0.2525527061200606,""block_sim_03"":0.5329929959021541},""finalRawEegEvidence"":{""block_sim_01"":0.6406940786489751,""block_sim_02"":0.7545151805475074,""block_sim_03"":1.5923460600041748},""margin"":0.2804402897820935,""provenance"":{""identityAuthority"":""slot_to_target_to_logical_mapping"",""policy"":""M13 Context-aware Dynamic Stopping Baseline"",""source"":""M12 FusedTargetEvidence""},""selectedLogicalBlockId"":""block_sim_03"",""selectedSlotIndex"":2,""selectedTargetId"":""m9-vblock-blue-01"",""stopReason"":""full_window_fallback"",""stopWindow"":10,""threshold"":0.7}","{""consecutiveCount"":0,""decisionMade"":true,""earlyStop"":false,""effectiveAcquisitionSeconds"":4.0,""evaluatedWindows"":11,""finalFusedEvidence"":{""block_sim_01"":0.21445429797778526,""block_sim_02"":0.2525527061200606,""block_sim_03"":0.5329929959021541},""finalRawEegEvidence"":{""block_sim_01"":0.6406940786489751,""block_sim_02"":0.7545151805475074,""block_sim_03"":1.5923460600041748},""margin"":0.2804402897820935,""provenance"":{""identityAuthority"":""slot_to_target_to_logical_mapping"",""policy"":""M13 Context-aware Dynamic Stopping Baseline"",""source"":""M12 FusedTargetEvidence""},""selectedLogicalBlockId"":""block_sim_03"",""selectedSlotIndex"":2,""selectedTargetId"":""m9-vblock-blue-01"",""stopReason"":""full_window_fallback"",""stopWindow"":10,""threshold"":0.7}"
B2,m6_4-trial-005,target_center,9.0,"[""block_sim_01""]",target_center,True,4.0,False,True,target_center,True,4.0,False,True,0.0,False,False,False,False,False,TYPE_2_NO_EFFECT,"{""consecutiveCount"":0,""decisionMade"":true,""earlyStop"":false,""effectiveAcquisitionSeconds"":4.0,""evaluatedWindows"":11,""finalFusedEvidence"":{""block_sim_01"":0.27034723339362543,""block_sim_02"":0.4622667565165783,""block_sim_03"":0.2673860100897963},""finalRawEegEvidence"":{""block_sim_01"":0.7872084853510423,""block_sim_02"":1.3460478535606686,""block_sim_03"":0.7785858703439211},""margin"":0.19191952312295285,""provenance"":{""identityAuthority"":""slot_to_target_to_logical_mapping"",""policy"":""M13 Context-aware Dynamic Stopping Baseline"",""source"":""M12 FusedTargetEvidence""},""selectedLogicalBlockId"":""block_sim_02"",""selectedSlotIndex"":1,""selectedTargetId"":""m9-vblock-green-01"",""stopReason"":""full_window_fallback"",""stopWindow"":10,""threshold"":0.7}","{""consecutiveCount"":0,""decisionMade"":true,""earlyStop"":false,""effectiveAcquisitionSeconds"":4.0,""evaluatedWindows"":11,""finalFusedEvidence"":{""block_sim_01"":0.27034723339362543,""block_sim_02"":0.4622667565165783,""block_sim_03"":0.2673860100897963},""finalRawEegEvidence"":{""block_sim_01"":0.7872084853510423,""block_sim_02"":1.3460478535606686,""block_sim_03"":0.7785858703439211},""margin"":0.19191952312295285,""provenance"":{""identityAuthority"":""slot_to_target_to_logical_mapping"",""policy"":""M13 Context-aware Dynamic Stopping Baseline"",""source"":""M12 FusedTargetEvidence""},""selectedLogicalBlockId"":""block_sim_02"",""selectedSlotIndex"":1,""selectedTargetId"":""m9-vblock-green-01"",""stopReason"":""full_window_fallback"",""stopWindow"":10,""threshold"":0.7}"
B2,m6_4-trial-006,target_left,7.2,[],target_left,True,4.0,False,True,target_left,True,4.0,False,True,0.0,False,False,False,False,False,TYPE_2_NO_EFFECT,"{""consecutiveCount"":0,""decisionMade"":true,""earlyStop"":false,""effectiveAcquisitionSeconds"":4.0,""evaluatedWindows"":11,""finalFusedEvidence"":{""block_sim_01"":0.44885596334738553,""block_sim_02"":0.31691793106243776,""block_sim_03"":0.23422610559017665},""finalRawEegEvidence"":{""block_sim_01"":1.2318378409278508,""block_sim_02"":0.8697478296598612,""block_sim_03"":0.6428088379341403},""margin"":0.13193803228494777,""provenance"":{""identityAuthority"":""slot_to_target_to_logical_mapping"",""policy"":""M13 Context-aware Dynamic Stopping Baseline"",""source"":""M12 FusedTargetEvidence""},""selectedLogicalBlockId"":""block_sim_01"",""selectedSlotIndex"":0,""selectedTargetId"":""m9-vblock-red-01"",""stopReason"":""full_window_fallback"",""stopWindow"":10,""threshold"":0.7}","{""consecutiveCount"":0,""decisionMade"":true,""earlyStop"":false,""effectiveAcquisitionSeconds"":4.0,""evaluatedWindows"":11,""finalFusedEvidence"":{""block_sim_01"":0.44885596334738553,""block_sim_02"":0.31691793106243776,""block_sim_03"":0.23422610559017665},""finalRawEegEvidence"":{""block_sim_01"":1.2318378409278508,""block_sim_02"":0.8697478296598612,""block_sim_03"":0.6428088379341403},""margin"":0.13193803228494777,""provenance"":{""identityAuthority"":""slot_to_target_to_logical_mapping"",""policy"":""M13 Context-aware Dynamic Stopping Baseline"",""source"":""M12 FusedTargetEvidence""},""selectedLogicalBlockId"":""block_sim_01"",""selectedSlotIndex"":0,""selectedTargetId"":""m9-vblock-red-01"",""stopReason"":""full_window_fallback"",""stopWindow"":10,""threshold"":0.7}"
B2,m6_4-trial-007,target_center,9.0,"[""block_sim_01""]",target_center,True,4.0,False,True,target_center,True,4.0,False,True,0.0,False,False,False,False,False,TYPE_2_NO_EFFECT,"{""consecutiveCount"":0,""decisionMade"":true,""earlyStop"":false,""effectiveAcquisitionSeconds"":4.0,""evaluatedWindows"":11,""finalFusedEvidence"":{""block_sim_01"":0.2697541322111197,""block_sim_02"":0.4723565046775054,""block_sim_03"":0.2578893631113749},""finalRawEegEvidence"":{""block_sim_01"":0.8334311231034418,""block_sim_02"":1.4593904789213141,""block_sim_03"":0.7967737871986696},""margin"":0.20260237246638568,""provenance"":{""identityAuthority"":""slot_to_target_to_logical_mapping"",""policy"":""M13 Context-aware Dynamic Stopping Baseline"",""source"":""M12 FusedTargetEvidence""},""selectedLogicalBlockId"":""block_sim_02"",""selectedSlotIndex"":1,""selectedTargetId"":""m9-vblock-green-01"",""stopReason"":""full_window_fallback"",""stopWindow"":10,""threshold"":0.7}","{""consecutiveCount"":0,""decisionMade"":true,""earlyStop"":false,""effectiveAcquisitionSeconds"":4.0,""evaluatedWindows"":11,""finalFusedEvidence"":{""block_sim_01"":0.2697541322111197,""block_sim_02"":0.4723565046775054,""block_sim_03"":0.2578893631113749},""finalRawEegEvidence"":{""block_sim_01"":0.8334311231034418,""block_sim_02"":1.4593904789213141,""block_sim_03"":0.7967737871986696},""margin"":0.20260237246638568,""provenance"":{""identityAuthority"":""slot_to_target_to_logical_mapping"",""policy"":""M13 Context-aware Dynamic Stopping Baseline"",""source"":""M12 FusedTargetEvidence""},""selectedLogicalBlockId"":""block_sim_02"",""selectedSlotIndex"":1,""selectedTargetId"":""m9-vblock-green-01"",""stopReason"":""full_window_fallback"",""stopWindow"":10,""threshold"":0.7}"
B2,m6_4-trial-008,target_right,12.0,[],target_right,True,4.0,False,True,target_right,True,4.0,False,True,0.0,False,False,False,False,False,TYPE_2_NO_EFFECT,"{""consecutiveCount"":0,""decisionMade"":true,""earlyStop"":false,""effectiveAcquisitionSeconds"":4.0,""evaluatedWindows"":11,""finalFusedEvidence"":{""block_sim_01"":0.25639760036859405,""block_sim_02"":0.23922620521424565,""block_sim_03"":0.5043761944171603},""finalRawEegEvidence"":{""block_sim_01"":0.8461930938796322,""block_sim_02"":0.7895220643107157,""block_sim_03"":1.664600806791989},""margin"":0.24797859404856626,""provenance"":{""identityAuthority"":""slot_to_target_to_logical_mapping"",""policy"":""M13 Context-aware Dynamic Stopping Baseline"",""source"":""M12 FusedTargetEvidence""},""selectedLogicalBlockId"":""block_sim_03"",""selectedSlotIndex"":2,""selectedTargetId"":""m9-vblock-blue-01"",""stopReason"":""full_window_fallback"",""stopWindow"":10,""threshold"":0.7}","{""consecutiveCount"":0,""decisionMade"":true,""earlyStop"":false,""effectiveAcquisitionSeconds"":4.0,""evaluatedWindows"":11,""finalFusedEvidence"":{""block_sim_01"":0.25639760036859405,""block_sim_02"":0.23922620521424565,""block_sim_03"":0.5043761944171603},""finalRawEegEvidence"":{""block_sim_01"":0.8461930938796322,""block_sim_02"":0.7895220643107157,""block_sim_03"":1.664600806791989},""margin"":0.24797859404856626,""provenance"":{""identityAuthority"":""slot_to_target_to_logical_mapping"",""policy"":""M13 Context-aware Dynamic Stopping Baseline"",""source"":""M12 FusedTargetEvidence""},""selectedLogicalBlockId"":""block_sim_03"",""selectedSlotIndex"":2,""selectedTargetId"":""m9-vblock-blue-01"",""stopReason"":""full_window_fallback"",""stopWindow"":10,""threshold"":0.7}"
B2,m6_4-trial-009,target_right,12.0,"[""block_sim_01""]",target_right,True,4.0,False,True,target_right,True,4.0,False,True,0.0,False,False,False,False,False,TYPE_2_NO_EFFECT,"{""consecutiveCount"":0,""decisionMade"":true,""earlyStop"":false,""effectiveAcquisitionSeconds"":4.0,""evaluatedWindows"":11,""finalFusedEvidence"":{""block_sim_01"":0.19750447496239448,""block_sim_02"":0.2454047774490899,""block_sim_03"":0.5570907475885157},""finalRawEegEvidence"":{""block_sim_01"":0.5911050598906028,""block_sim_02"":0.7344643998527337,""block_sim_03"":1.6672997398186038},""margin"":0.31168597013942584,""provenance"":{""identityAuthority"":""slot_to_target_to_logical_mapping"",""policy"":""M13 Context-aware Dynamic Stopping Baseline"",""source"":""M12 FusedTargetEvidence""},""selectedLogicalBlockId"":""block_sim_03"",""selectedSlotIndex"":2,""selectedTargetId"":""m9-vblock-blue-01"",""stopReason"":""full_window_fallback"",""stopWindow"":10,""threshold"":0.7}","{""consecutiveCount"":0,""decisionMade"":true,""earlyStop"":false,""effectiveAcquisitionSeconds"":4.0,""evaluatedWindows"":11,""finalFusedEvidence"":{""block_sim_01"":0.19750447496239448,""block_sim_02"":0.2454047774490899,""block_sim_03"":0.5570907475885157},""finalRawEegEvidence"":{""block_sim_01"":0.5911050598906028,""block_sim_02"":0.7344643998527337,""block_sim_03"":1.6672997398186038},""margin"":0.31168597013942584,""provenance"":{""identityAuthority"":""slot_to_target_to_logical_mapping"",""policy"":""M13 Context-aware Dynamic Stopping Baseline"",""source"":""M12 FusedTargetEvidence""},""selectedLogicalBlockId"":""block_sim_03"",""selectedSlotIndex"":2,""selectedTargetId"":""m9-vblock-blue-01"",""stopReason"":""full_window_fallback"",""stopWindow"":10,""threshold"":0.7}"
B2,m6_4-trial-010,target_center,9.0,[],target_center,True,4.0,False,True,target_center,True,4.0,False,True,0.0,False,False,False,False,False,TYPE_2_NO_EFFECT,"{""consecutiveCount"":0,""decisionMade"":true,""earlyStop"":false,""effectiveAcquisitionSeconds"":4.0,""evaluatedWindows"":11,""finalFusedEvidence"":{""block_sim_01"":0.16173610538256372,""block_sim_02"":0.5043684300819438,""block_sim_03"":0.33389546453549257},""finalRawEegEvidence"":{""block_sim_01"":0.5428802266678308,""block_sim_02"":1.6929531411636325,""block_sim_03"":1.120746941702545},""margin"":0.1704729655464512,""provenance"":{""identityAuthority"":""slot_to_target_to_logical_mapping"",""policy"":""M13 Context-aware Dynamic Stopping Baseline"",""source"":""M12 FusedTargetEvidence""},""selectedLogicalBlockId"":""block_sim_02"",""selectedSlotIndex"":1,""selectedTargetId"":""m9-vblock-green-01"",""stopReason"":""full_window_fallback"",""stopWindow"":10,""threshold"":0.7}","{""consecutiveCount"":0,""decisionMade"":true,""earlyStop"":false,""effectiveAcquisitionSeconds"":4.0,""evaluatedWindows"":11,""finalFusedEvidence"":{""block_sim_01"":0.16173610538256372,""block_sim_02"":0.5043684300819438,""block_sim_03"":0.33389546453549257},""finalRawEegEvidence"":{""block_sim_01"":0.5428802266678308,""block_sim_02"":1.6929531411636325,""block_sim_03"":1.120746941702545},""margin"":0.1704729655464512,""provenance"":{""identityAuthority"":""slot_to_target_to_logical_mapping"",""policy"":""M13 Context-aware Dynamic Stopping Baseline"",""source"":""M12 FusedTargetEvidence""},""selectedLogicalBlockId"":""block_sim_02"",""selectedSlotIndex"":1,""selectedTargetId"":""m9-vblock-green-01"",""stopReason"":""full_window_fallback"",""stopWindow"":10,""threshold"":0.7}"
B2,m6_4-trial-011,target_left,7.2,"[""block_sim_01""]",target_left,True,4.0,False,True,target_left,True,4.0,False,True,0.0,False,False,False,False,False,TYPE_2_NO_EFFECT,"{""consecutiveCount"":0,""decisionMade"":true,""earlyStop"":false,""effectiveAcquisitionSeconds"":4.0,""evaluatedWindows"":11,""finalFusedEvidence"":{""block_sim_01"":0.5189957892459564,""block_sim_02"":0.2433398669817565,""block_sim_03"":0.2376643437722871},""finalRawEegEvidence"":{""block_sim_01"":1.2817139752693651,""block_sim_02"":0.6009530611102847,""block_sim_03"":0.5869367674037183},""margin"":0.2756559222641999,""provenance"":{""identityAuthority"":""slot_to_target_to_logical_mapping"",""policy"":""M13 Context-aware Dynamic Stopping Baseline"",""source"":""M12 FusedTargetEvidence""},""selectedLogicalBlockId"":""block_sim_01"",""selectedSlotIndex"":0,""selectedTargetId"":""m9-vblock-red-01"",""stopReason"":""full_window_fallback"",""stopWindow"":10,""threshold"":0.7}","{""consecutiveCount"":0,""decisionMade"":true,""earlyStop"":false,""effectiveAcquisitionSeconds"":4.0,""evaluatedWindows"":11,""finalFusedEvidence"":{""block_sim_01"":0.5189957892459564,""block_sim_02"":0.2433398669817565,""block_sim_03"":0.2376643437722871},""finalRawEegEvidence"":{""block_sim_01"":1.2817139752693651,""block_sim_02"":0.6009530611102847,""block_sim_03"":0.5869367674037183},""margin"":0.2756559222641999,""provenance"":{""identityAuthority"":""slot_to_target_to_logical_mapping"",""policy"":""M13 Context-aware Dynamic Stopping Baseline"",""source"":""M12 FusedTargetEvidence""},""selectedLogicalBlockId"":""block_sim_01"",""selectedSlotIndex"":0,""selectedTargetId"":""m9-vblock-red-01"",""stopReason"":""full_window_fallback"",""stopWindow"":10,""threshold"":0.7}"
B2,m6_4-trial-012,target_left,7.2,[],target_left,True,4.0,False,True,target_left,True,4.0,False,True,0.0,False,False,False,False,False,TYPE_2_NO_EFFECT,"{""consecutiveCount"":0,""decisionMade"":true,""earlyStop"":false,""effectiveAcquisitionSeconds"":4.0,""evaluatedWindows"":11,""finalFusedEvidence"":{""block_sim_01"":0.519251080412844,""block_sim_02"":0.18737567684426285,""block_sim_03"":0.2933732427428933},""finalRawEegEvidence"":{""block_sim_01"":1.201141621378161,""block_sim_02"":0.43344103225091934,""block_sim_03"":0.6786366475674863},""margin"":0.22587783766995068,""provenance"":{""identityAuthority"":""slot_to_target_to_logical_mapping"",""policy"":""M13 Context-aware Dynamic Stopping Baseline"",""source"":""M12 FusedTargetEvidence""},""selectedLogicalBlockId"":""block_sim_01"",""selectedSlotIndex"":0,""selectedTargetId"":""m9-vblock-red-01"",""stopReason"":""full_window_fallback"",""stopWindow"":10,""threshold"":0.7}","{""consecutiveCount"":0,""decisionMade"":true,""earlyStop"":false,""effectiveAcquisitionSeconds"":4.0,""evaluatedWindows"":11,""finalFusedEvidence"":{""block_sim_01"":0.519251080412844,""block_sim_02"":0.18737567684426285,""block_sim_03"":0.2933732427428933},""finalRawEegEvidence"":{""block_sim_01"":1.201141621378161,""block_sim_02"":0.43344103225091934,""block_sim_03"":0.6786366475674863},""margin"":0.22587783766995068,""provenance"":{""identityAuthority"":""slot_to_target_to_logical_mapping"",""policy"":""M13 Context-aware Dynamic Stopping Baseline"",""source"":""M12 FusedTargetEvidence""},""selectedLogicalBlockId"":""block_sim_01"",""selectedSlotIndex"":0,""selectedTargetId"":""m9-vblock-red-01"",""stopReason"":""full_window_fallback"",""stopWindow"":10,""threshold"":0.7}"
B2,m6_4-trial-013,target_center,9.0,"[""block_sim_01""]",target_center,True,4.0,False,True,target_center,True,4.0,False,True,0.0,False,False,False,False,False,TYPE_2_NO_EFFECT,"{""consecutiveCount"":0,""decisionMade"":true,""earlyStop"":false,""effectiveAcquisitionSeconds"":4.0,""evaluatedWindows"":11,""finalFusedEvidence"":{""block_sim_01"":0.22830112513351167,""block_sim_02"":0.4568827921755872,""block_sim_03"":0.3148160826909011},""finalRawEegEvidence"":{""block_sim_01"":0.6305593809955908,""block_sim_02"":1.2618936085106804,""block_sim_03"":0.8695105383862718},""margin"":0.14206670948468608,""provenance"":{""identityAuthority"":""slot_to_target_to_logical_mapping"",""policy"":""M13 Context-aware Dynamic Stopping Baseline"",""source"":""M12 FusedTargetEvidence""},""selectedLogicalBlockId"":""block_sim_02"",""selectedSlotIndex"":1,""selectedTargetId"":""m9-vblock-green-01"",""stopReason"":""full_window_fallback"",""stopWindow"":10,""threshold"":0.7}","{""consecutiveCount"":0,""decisionMade"":true,""earlyStop"":false,""effectiveAcquisitionSeconds"":4.0,""evaluatedWindows"":11,""finalFusedEvidence"":{""block_sim_01"":0.22830112513351167,""block_sim_02"":0.4568827921755872,""block_sim_03"":0.3148160826909011},""finalRawEegEvidence"":{""block_sim_01"":0.6305593809955908,""block_sim_02"":1.2618936085106804,""block_sim_03"":0.8695105383862718},""margin"":0.14206670948468608,""provenance"":{""identityAuthority"":""slot_to_target_to_logical_mapping"",""policy"":""M13 Context-aware Dynamic Stopping Baseline"",""source"":""M12 FusedTargetEvidence""},""selectedLogicalBlockId"":""block_sim_02"",""selectedSlotIndex"":1,""selectedTargetId"":""m9-vblock-green-01"",""stopReason"":""full_window_fallback"",""stopWindow"":10,""threshold"":0.7}"
B2,m6_4-trial-014,target_left,7.2,[],target_left,True,4.0,False,True,target_left,True,4.0,False,True,0.0,False,False,False,False,False,TYPE_2_NO_EFFECT,"{""consecutiveCount"":0,""decisionMade"":true,""earlyStop"":false,""effectiveAcquisitionSeconds"":4.0,""evaluatedWindows"":11,""finalFusedEvidence"":{""block_sim_01"":0.46802067984500845,""block_sim_02"":0.30446262947719366,""block_sim_03"":0.227516690677798},""finalRawEegEvidence"":{""block_sim_01"":1.3213847626303894,""block_sim_02"":0.8596036386998477,""block_sim_03"":0.6423585564750985},""margin"":0.1635580503678148,""provenance"":{""identityAuthority"":""slot_to_target_to_logical_mapping"",""policy"":""M13 Context-aware Dynamic Stopping Baseline"",""source"":""M12 FusedTargetEvidence""},""selectedLogicalBlockId"":""block_sim_01"",""selectedSlotIndex"":0,""selectedTargetId"":""m9-vblock-red-01"",""stopReason"":""full_window_fallback"",""stopWindow"":10,""threshold"":0.7}","{""consecutiveCount"":0,""decisionMade"":true,""earlyStop"":false,""effectiveAcquisitionSeconds"":4.0,""evaluatedWindows"":11,""finalFusedEvidence"":{""block_sim_01"":0.46802067984500845,""block_sim_02"":0.30446262947719366,""block_sim_03"":0.227516690677798},""finalRawEegEvidence"":{""block_sim_01"":1.3213847626303894,""block_sim_02"":0.8596036386998477,""block_sim_03"":0.6423585564750985},""margin"":0.1635580503678148,""provenance"":{""identityAuthority"":""slot_to_target_to_logical_mapping"",""policy"":""M13 Context-aware Dynamic Stopping Baseline"",""source"":""M12 FusedTargetEvidence""},""selectedLogicalBlockId"":""block_sim_01"",""selectedSlotIndex"":0,""selectedTargetId"":""m9-vblock-red-01"",""stopReason"":""full_window_fallback"",""stopWindow"":10,""threshold"":0.7}"
B2,m6_4-trial-015,target_center,9.0,"[""block_sim_01""]",target_center,True,4.0,False,True,target_center,True,4.0,False,True,0.0,False,False,False,False,False,TYPE_2_NO_EFFECT,"{""consecutiveCount"":0,""decisionMade"":true,""earlyStop"":false,""effectiveAcquisitionSeconds"":4.0,""evaluatedWindows"":11,""finalFusedEvidence"":{""block_sim_01"":0.21228568530208455,""block_sim_02"":0.5168152370516191,""block_sim_03"":0.2708990776462962},""finalRawEegEvidence"":{""block_sim_01"":0.6930166271892633,""block_sim_02"":1.6871677049343452,""block_sim_03"":0.8843628096353563},""margin"":0.2459161594053229,""provenance"":{""identityAuthority"":""slot_to_target_to_logical_mapping"",""policy"":""M13 Context-aware Dynamic Stopping Baseline"",""source"":""M12 FusedTargetEvidence""},""selectedLogicalBlockId"":""block_sim_02"",""selectedSlotIndex"":1,""selectedTargetId"":""m9-vblock-green-01"",""stopReason"":""full_window_fallback"",""stopWindow"":10,""threshold"":0.7}","{""consecutiveCount"":0,""decisionMade"":true,""earlyStop"":false,""effectiveAcquisitionSeconds"":4.0,""evaluatedWindows"":11,""finalFusedEvidence"":{""block_sim_01"":0.21228568530208455,""block_sim_02"":0.5168152370516191,""block_sim_03"":0.2708990776462962},""finalRawEegEvidence"":{""block_sim_01"":0.6930166271892633,""block_sim_02"":1.6871677049343452,""block_sim_03"":0.8843628096353563},""margin"":0.2459161594053229,""provenance"":{""identityAuthority"":""slot_to_target_to_logical_mapping"",""policy"":""M13 Context-aware Dynamic Stopping Baseline"",""source"":""M12 FusedTargetEvidence""},""selectedLogicalBlockId"":""block_sim_02"",""selectedSlotIndex"":1,""selectedTargetId"":""m9-vblock-green-01"",""stopReason"":""full_window_fallback"",""stopWindow"":10,""threshold"":0.7}"
B2,m6_4-trial-016,target_left,7.2,[],target_left,True,4.0,False,True,target_left,True,4.0,False,True,0.0,False,False,False,False,False,TYPE_2_NO_EFFECT,"{""consecutiveCount"":0,""decisionMade"":true,""earlyStop"":false,""effectiveAcquisitionSeconds"":4.0,""evaluatedWindows"":11,""finalFusedEvidence"":{""block_sim_01"":0.46898450426179966,""block_sim_02"":0.23241757853084694,""block_sim_03"":0.29859791720735335},""finalRawEegEvidence"":{""block_sim_01"":1.2172481770312233,""block_sim_02"":0.6032392780695304,""block_sim_03"":0.7750101913454129},""margin"":0.17038658705444631,""provenance"":{""identityAuthority"":""slot_to_target_to_logical_mapping"",""policy"":""M13 Context-aware Dynamic Stopping Baseline"",""source"":""M12 FusedTargetEvidence""},""selectedLogicalBlockId"":""block_sim_01"",""selectedSlotIndex"":0,""selectedTargetId"":""m9-vblock-red-01"",""stopReason"":""full_window_fallback"",""stopWindow"":10,""threshold"":0.7}","{""consecutiveCount"":0,""decisionMade"":true,""earlyStop"":false,""effectiveAcquisitionSeconds"":4.0,""evaluatedWindows"":11,""finalFusedEvidence"":{""block_sim_01"":0.46898450426179966,""block_sim_02"":0.23241757853084694,""block_sim_03"":0.29859791720735335},""finalRawEegEvidence"":{""block_sim_01"":1.2172481770312233,""block_sim_02"":0.6032392780695304,""block_sim_03"":0.7750101913454129},""margin"":0.17038658705444631,""provenance"":{""identityAuthority"":""slot_to_target_to_logical_mapping"",""policy"":""M13 Context-aware Dynamic Stopping Baseline"",""source"":""M12 FusedTargetEvidence""},""selectedLogicalBlockId"":""block_sim_01"",""selectedSlotIndex"":0,""selectedTargetId"":""m9-vblock-red-01"",""stopReason"":""full_window_fallback"",""stopWindow"":10,""threshold"":0.7}"
B2,m6_4-trial-017,target_right,12.0,"[""block_sim_01""]",target_right,True,4.0,False,True,target_right,True,4.0,False,True,0.0,False,False,False,False,False,TYPE_2_NO_EFFECT,"{""consecutiveCount"":0,""decisionMade"":true,""earlyStop"":false,""effectiveAcquisitionSeconds"":4.0,""evaluatedWindows"":11,""finalFusedEvidence"":{""block_sim_01"":0.2077835475299985,""block_sim_02"":0.2469726085278763,""block_sim_03"":0.5452438439421252},""finalRawEegEvidence"":{""block_sim_01"":0.5552460838729127,""block_sim_02"":0.659968391814964,""block_sim_03"":1.457018674979405},""margin"":0.29827123541424894,""provenance"":{""identityAuthority"":""slot_to_target_to_logical_mapping"",""policy"":""M13 Context-aware Dynamic Stopping Baseline"",""source"":""M12 FusedTargetEvidence""},""selectedLogicalBlockId"":""block_sim_03"",""selectedSlotIndex"":2,""selectedTargetId"":""m9-vblock-blue-01"",""stopReason"":""full_window_fallback"",""stopWindow"":10,""threshold"":0.7}","{""consecutiveCount"":0,""decisionMade"":true,""earlyStop"":false,""effectiveAcquisitionSeconds"":4.0,""evaluatedWindows"":11,""finalFusedEvidence"":{""block_sim_01"":0.2077835475299985,""block_sim_02"":0.2469726085278763,""block_sim_03"":0.5452438439421252},""finalRawEegEvidence"":{""block_sim_01"":0.5552460838729127,""block_sim_02"":0.659968391814964,""block_sim_03"":1.457018674979405},""margin"":0.29827123541424894,""provenance"":{""identityAuthority"":""slot_to_target_to_logical_mapping"",""policy"":""M13 Context-aware Dynamic Stopping Baseline"",""source"":""M12 FusedTargetEvidence""},""selectedLogicalBlockId"":""block_sim_03"",""selectedSlotIndex"":2,""selectedTargetId"":""m9-vblock-blue-01"",""stopReason"":""full_window_fallback"",""stopWindow"":10,""threshold"":0.7}"
B2,m6_4-trial-018,target_center,9.0,[],target_center,True,4.0,False,True,target_center,True,4.0,False,True,0.0,False,False,False,False,False,TYPE_2_NO_EFFECT,"{""consecutiveCount"":0,""decisionMade"":true,""earlyStop"":false,""effectiveAcquisitionSeconds"":4.0,""evaluatedWindows"":11,""finalFusedEvidence"":{""block_sim_01"":0.2972418968693589,""block_sim_02"":0.45877662319547086,""block_sim_03"":0.24398147993517025},""finalRawEegEvidence"":{""block_sim_01"":0.8518359114155214,""block_sim_02"":1.3147621754264713,""block_sim_03"":0.6992021936275963},""margin"":0.16153472632611193,""provenance"":{""identityAuthority"":""slot_to_target_to_logical_mapping"",""policy"":""M13 Context-aware Dynamic Stopping Baseline"",""source"":""M12 FusedTargetEvidence""},""selectedLogicalBlockId"":""block_sim_02"",""selectedSlotIndex"":1,""selectedTargetId"":""m9-vblock-green-01"",""stopReason"":""full_window_fallback"",""stopWindow"":10,""threshold"":0.7}","{""consecutiveCount"":0,""decisionMade"":true,""earlyStop"":false,""effectiveAcquisitionSeconds"":4.0,""evaluatedWindows"":11,""finalFusedEvidence"":{""block_sim_01"":0.2972418968693589,""block_sim_02"":0.45877662319547086,""block_sim_03"":0.24398147993517025},""finalRawEegEvidence"":{""block_sim_01"":0.8518359114155214,""block_sim_02"":1.3147621754264713,""block_sim_03"":0.6992021936275963},""margin"":0.16153472632611193,""provenance"":{""identityAuthority"":""slot_to_target_to_logical_mapping"",""policy"":""M13 Context-aware Dynamic Stopping Baseline"",""source"":""M12 FusedTargetEvidence""},""selectedLogicalBlockId"":""block_sim_02"",""selectedSlotIndex"":1,""selectedTargetId"":""m9-vblock-green-01"",""stopReason"":""full_window_fallback"",""stopWindow"":10,""threshold"":0.7}"
B2,m6_4-trial-019,target_center,9.0,"[""block_sim_01""]",target_center,True,4.0,False,True,target_center,True,4.0,False,True,0.0,False,False,False,False,False,TYPE_2_NO_EFFECT,"{""consecutiveCount"":0,""decisionMade"":true,""earlyStop"":false,""effectiveAcquisitionSeconds"":4.0,""evaluatedWindows"":11,""finalFusedEvidence"":{""block_sim_01"":0.2551876141230338,""block_sim_02"":0.5241961253839935,""block_sim_03"":0.2206162604929727},""finalRawEegEvidence"":{""block_sim_01"":0.810629921420301,""block_sim_02"":1.6651633559455654,""block_sim_03"":0.7008104312666043},""margin"":0.2690085112609597,""provenance"":{""identityAuthority"":""slot_to_target_to_logical_mapping"",""policy"":""M13 Context-aware Dynamic Stopping Baseline"",""source"":""M12 FusedTargetEvidence""},""selectedLogicalBlockId"":""block_sim_02"",""selectedSlotIndex"":1,""selectedTargetId"":""m9-vblock-green-01"",""stopReason"":""full_window_fallback"",""stopWindow"":10,""threshold"":0.7}","{""consecutiveCount"":0,""decisionMade"":true,""earlyStop"":false,""effectiveAcquisitionSeconds"":4.0,""evaluatedWindows"":11,""finalFusedEvidence"":{""block_sim_01"":0.2551876141230338,""block_sim_02"":0.5241961253839935,""block_sim_03"":0.2206162604929727},""finalRawEegEvidence"":{""block_sim_01"":0.810629921420301,""block_sim_02"":1.6651633559455654,""block_sim_03"":0.7008104312666043},""margin"":0.2690085112609597,""provenance"":{""identityAuthority"":""slot_to_target_to_logical_mapping"",""policy"":""M13 Context-aware Dynamic Stopping Baseline"",""source"":""M12 FusedTargetEvidence""},""selectedLogicalBlockId"":""block_sim_02"",""selectedSlotIndex"":1,""selectedTargetId"":""m9-vblock-green-01"",""stopReason"":""full_window_fallback"",""stopWindow"":10,""threshold"":0.7}"
B2,m6_4-trial-020,target_right,12.0,[],target_right,True,4.0,False,True,target_right,True,4.0,False,True,0.0,False,False,False,False,False,TYPE_2_NO_EFFECT,"{""consecutiveCount"":0,""decisionMade"":true,""earlyStop"":false,""effectiveAcquisitionSeconds"":4.0,""evaluatedWindows"":11,""finalFusedEvidence"":{""block_sim_01"":0.22318233961132042,""block_sim_02"":0.21112881933770045,""block_sim_03"":0.565688841050979},""finalRawEegEvidence"":{""block_sim_01"":0.6567227479301584,""block_sim_02"":0.621254793923989,""block_sim_03"":1.664561500768415},""margin"":0.34250650143965866,""provenance"":{""identityAuthority"":""slot_to_target_to_logical_mapping"",""policy"":""M13 Context-aware Dynamic Stopping Baseline"",""source"":""M12 FusedTargetEvidence""},""selectedLogicalBlockId"":""block_sim_03"",""selectedSlotIndex"":2,""selectedTargetId"":""m9-vblock-blue-01"",""stopReason"":""full_window_fallback"",""stopWindow"":10,""threshold"":0.7}","{""consecutiveCount"":0,""decisionMade"":true,""earlyStop"":false,""effectiveAcquisitionSeconds"":4.0,""evaluatedWindows"":11,""finalFusedEvidence"":{""block_sim_01"":0.22318233961132042,""block_sim_02"":0.21112881933770045,""block_sim_03"":0.565688841050979},""finalRawEegEvidence"":{""block_sim_01"":0.6567227479301584,""block_sim_02"":0.621254793923989,""block_sim_03"":1.664561500768415},""margin"":0.34250650143965866,""provenance"":{""identityAuthority"":""slot_to_target_to_logical_mapping"",""policy"":""M13 Context-aware Dynamic Stopping Baseline"",""source"":""M12 FusedTargetEvidence""},""selectedLogicalBlockId"":""block_sim_03"",""selectedSlotIndex"":2,""selectedTargetId"":""m9-vblock-blue-01"",""stopReason"":""full_window_fallback"",""stopWindow"":10,""threshold"":0.7}"
B2,m6_4-trial-021,target_left,7.2,"[""block_sim_01""]",target_left,True,4.0,False,True,target_left,True,4.0,False,True,0.0,False,False,False,False,False,TYPE_2_NO_EFFECT,"{""consecutiveCount"":0,""decisionMade"":true,""earlyStop"":false,""effectiveAcquisitionSeconds"":4.0,""evaluatedWindows"":11,""finalFusedEvidence"":{""block_sim_01"":0.4528396598288343,""block_sim_02"":0.26087589257713784,""block_sim_03"":0.2862844475940278},""finalRawEegEvidence"":{""block_sim_01"":1.1883482353935846,""block_sim_02"":0.6845942043105216,""block_sim_03"":0.7512716934898813},""margin"":0.16655521223480646,""provenance"":{""identityAuthority"":""slot_to_target_to_logical_mapping"",""policy"":""M13 Context-aware Dynamic Stopping Baseline"",""source"":""M12 FusedTargetEvidence""},""selectedLogicalBlockId"":""block_sim_01"",""selectedSlotIndex"":0,""selectedTargetId"":""m9-vblock-red-01"",""stopReason"":""full_window_fallback"",""stopWindow"":10,""threshold"":0.7}","{""consecutiveCount"":0,""decisionMade"":true,""earlyStop"":false,""effectiveAcquisitionSeconds"":4.0,""evaluatedWindows"":11,""finalFusedEvidence"":{""block_sim_01"":0.4528396598288343,""block_sim_02"":0.26087589257713784,""block_sim_03"":0.2862844475940278},""finalRawEegEvidence"":{""block_sim_01"":1.1883482353935846,""block_sim_02"":0.6845942043105216,""block_sim_03"":0.7512716934898813},""margin"":0.16655521223480646,""provenance"":{""identityAuthority"":""slot_to_target_to_logical_mapping"",""policy"":""M13 Context-aware Dynamic Stopping Baseline"",""source"":""M12 FusedTargetEvidence""},""selectedLogicalBlockId"":""block_sim_01"",""selectedSlotIndex"":0,""selectedTargetId"":""m9-vblock-red-01"",""stopReason"":""full_window_fallback"",""stopWindow"":10,""threshold"":0.7}"
B2,m6_4-trial-022,target_right,12.0,[],target_right,True,4.0,False,True,target_right,True,4.0,False,True,0.0,False,False,False,False,False,TYPE_2_NO_EFFECT,"{""consecutiveCount"":0,""decisionMade"":true,""earlyStop"":false,""effectiveAcquisitionSeconds"":4.0,""evaluatedWindows"":11,""finalFusedEvidence"":{""block_sim_01"":0.21369948374293674,""block_sim_02"":0.21984094713281424,""block_sim_03"":0.566459569124249},""finalRawEegEvidence"":{""block_sim_01"":0.6563587763875374,""block_sim_02"":0.6752217297517946,""block_sim_03"":1.739829704552071},""margin"":0.3466186219914348,""provenance"":{""identityAuthority"":""slot_to_target_to_logical_mapping"",""policy"":""M13 Context-aware Dynamic Stopping Baseline"",""source"":""M12 FusedTargetEvidence""},""selectedLogicalBlockId"":""block_sim_03"",""selectedSlotIndex"":2,""selectedTargetId"":""m9-vblock-blue-01"",""stopReason"":""full_window_fallback"",""stopWindow"":10,""threshold"":0.7}","{""consecutiveCount"":0,""decisionMade"":true,""earlyStop"":false,""effectiveAcquisitionSeconds"":4.0,""evaluatedWindows"":11,""finalFusedEvidence"":{""block_sim_01"":0.21369948374293674,""block_sim_02"":0.21984094713281424,""block_sim_03"":0.566459569124249},""finalRawEegEvidence"":{""block_sim_01"":0.6563587763875374,""block_sim_02"":0.6752217297517946,""block_sim_03"":1.739829704552071},""margin"":0.3466186219914348,""provenance"":{""identityAuthority"":""slot_to_target_to_logical_mapping"",""policy"":""M13 Context-aware Dynamic Stopping Baseline"",""source"":""M12 FusedTargetEvidence""},""selectedLogicalBlockId"":""block_sim_03"",""selectedSlotIndex"":2,""selectedTargetId"":""m9-vblock-blue-01"",""stopReason"":""full_window_fallback"",""stopWindow"":10,""threshold"":0.7}"
B2,m6_4-trial-023,target_right,12.0,"[""block_sim_01""]",target_right,True,4.0,False,True,target_right,True,4.0,False,True,0.0,False,False,False,False,False,TYPE_2_NO_EFFECT,"{""consecutiveCount"":0,""decisionMade"":true,""earlyStop"":false,""effectiveAcquisitionSeconds"":4.0,""evaluatedWindows"":11,""finalFusedEvidence"":{""block_sim_01"":0.2706545633510599,""block_sim_02"":0.23686200937383953,""block_sim_03"":0.4924834272751006},""finalRawEegEvidence"":{""block_sim_01"":0.7691756979228425,""block_sim_02"":0.6731403273449238,""block_sim_03"":1.399593190669458},""margin"":0.22182886392404066,""provenance"":{""identityAuthority"":""slot_to_target_to_logical_mapping"",""policy"":""M13 Context-aware Dynamic Stopping Baseline"",""source"":""M12 FusedTargetEvidence""},""selectedLogicalBlockId"":""block_sim_03"",""selectedSlotIndex"":2,""selectedTargetId"":""m9-vblock-blue-01"",""stopReason"":""full_window_fallback"",""stopWindow"":10,""threshold"":0.7}","{""consecutiveCount"":0,""decisionMade"":true,""earlyStop"":false,""effectiveAcquisitionSeconds"":4.0,""evaluatedWindows"":11,""finalFusedEvidence"":{""block_sim_01"":0.2706545633510599,""block_sim_02"":0.23686200937383953,""block_sim_03"":0.4924834272751006},""finalRawEegEvidence"":{""block_sim_01"":0.7691756979228425,""block_sim_02"":0.6731403273449238,""block_sim_03"":1.399593190669458},""margin"":0.22182886392404066,""provenance"":{""identityAuthority"":""slot_to_target_to_logical_mapping"",""policy"":""M13 Context-aware Dynamic Stopping Baseline"",""source"":""M12 FusedTargetEvidence""},""selectedLogicalBlockId"":""block_sim_03"",""selectedSlotIndex"":2,""selectedTargetId"":""m9-vblock-blue-01"",""stopReason"":""full_window_fallback"",""stopWindow"":10,""threshold"":0.7}"
B2,m6_4-trial-024,target_left,7.2,[],target_left,True,4.0,False,True,target_left,True,4.0,False,True,0.0,False,False,False,False,False,TYPE_2_NO_EFFECT,"{""consecutiveCount"":0,""decisionMade"":true,""earlyStop"":false,""effectiveAcquisitionSeconds"":4.0,""evaluatedWindows"":11,""finalFusedEvidence"":{""block_sim_01"":0.42414745477851606,""block_sim_02"":0.25038196667824086,""block_sim_03"":0.3254705785432432},""finalRawEegEvidence"":{""block_sim_01"":1.1980532889559594,""block_sim_02"":0.7072326741434027,""block_sim_03"":0.9193290981452382},""margin"":0.09867687623527288,""provenance"":{""identityAuthority"":""slot_to_target_to_logical_mapping"",""policy"":""M13 Context-aware Dynamic Stopping Baseline"",""source"":""M12 FusedTargetEvidence""},""selectedLogicalBlockId"":""block_sim_01"",""selectedSlotIndex"":0,""selectedTargetId"":""m9-vblock-red-01"",""stopReason"":""full_window_fallback"",""stopWindow"":10,""threshold"":0.7}","{""consecutiveCount"":0,""decisionMade"":true,""earlyStop"":false,""effectiveAcquisitionSeconds"":4.0,""evaluatedWindows"":11,""finalFusedEvidence"":{""block_sim_01"":0.42414745477851606,""block_sim_02"":0.25038196667824086,""block_sim_03"":0.3254705785432432},""finalRawEegEvidence"":{""block_sim_01"":1.1980532889559594,""block_sim_02"":0.7072326741434027,""block_sim_03"":0.9193290981452382},""margin"":0.09867687623527288,""provenance"":{""identityAuthority"":""slot_to_target_to_logical_mapping"",""policy"":""M13 Context-aware Dynamic Stopping Baseline"",""source"":""M12 FusedTargetEvidence""},""selectedLogicalBlockId"":""block_sim_01"",""selectedSlotIndex"":0,""selectedTargetId"":""m9-vblock-red-01"",""stopReason"":""full_window_fallback"",""stopWindow"":10,""threshold"":0.7}"
B2,m6_4-trial-025,target_center,9.0,"[""block_sim_01""]",target_center,True,4.0,False,True,target_center,True,4.0,False,True,0.0,False,False,False,False,False,TYPE_2_NO_EFFECT,"{""consecutiveCount"":0,""decisionMade"":true,""earlyStop"":false,""effectiveAcquisitionSeconds"":4.0,""evaluatedWindows"":11,""finalFusedEvidence"":{""block_sim_01"":0.2368318018095367,""block_sim_02"":0.5280629469254504,""block_sim_03"":0.2351052512650128},""finalRawEegEvidence"":{""block_sim_01"":0.6905795005088319,""block_sim_02"":1.5397824250742786,""block_sim_03"":0.6855450397500549},""margin"":0.29123114511591375,""provenance"":{""identityAuthority"":""slot_to_target_to_logical_mapping"",""policy"":""M13 Context-aware Dynamic Stopping Baseline"",""source"":""M12 FusedTargetEvidence""},""selectedLogicalBlockId"":""block_sim_02"",""selectedSlotIndex"":1,""selectedTargetId"":""m9-vblock-green-01"",""stopReason"":""full_window_fallback"",""stopWindow"":10,""threshold"":0.7}","{""consecutiveCount"":0,""decisionMade"":true,""earlyStop"":false,""effectiveAcquisitionSeconds"":4.0,""evaluatedWindows"":11,""finalFusedEvidence"":{""block_sim_01"":0.2368318018095367,""block_sim_02"":0.5280629469254504,""block_sim_03"":0.2351052512650128},""finalRawEegEvidence"":{""block_sim_01"":0.6905795005088319,""block_sim_02"":1.5397824250742786,""block_sim_03"":0.6855450397500549},""margin"":0.29123114511591375,""provenance"":{""identityAuthority"":""slot_to_target_to_logical_mapping"",""policy"":""M13 Context-aware Dynamic Stopping Baseline"",""source"":""M12 FusedTargetEvidence""},""selectedLogicalBlockId"":""block_sim_02"",""selectedSlotIndex"":1,""selectedTargetId"":""m9-vblock-green-01"",""stopReason"":""full_window_fallback"",""stopWindow"":10,""threshold"":0.7}"
B2,m6_4-trial-026,target_right,12.0,[],target_right,True,4.0,False,True,target_right,True,4.0,False,True,0.0,False,False,False,False,False,TYPE_2_NO_EFFECT,"{""consecutiveCount"":0,""decisionMade"":true,""earlyStop"":false,""effectiveAcquisitionSeconds"":4.0,""evaluatedWindows"":11,""finalFusedEvidence"":{""block_sim_01"":0.2132570345855449,""block_sim_02"":0.28205208968059114,""block_sim_03"":0.504690875733864},""finalRawEegEvidence"":{""block_sim_01"":0.6186257620630637,""block_sim_02"":0.8181896051365346,""block_sim_03"":1.464030381055947},""margin"":0.2226387860532728,""provenance"":{""identityAuthority"":""slot_to_target_to_logical_mapping"",""policy"":""M13 Context-aware Dynamic Stopping Baseline"",""source"":""M12 FusedTargetEvidence""},""selectedLogicalBlockId"":""block_sim_03"",""selectedSlotIndex"":2,""selectedTargetId"":""m9-vblock-blue-01"",""stopReason"":""full_window_fallback"",""stopWindow"":10,""threshold"":0.7}","{""consecutiveCount"":0,""decisionMade"":true,""earlyStop"":false,""effectiveAcquisitionSeconds"":4.0,""evaluatedWindows"":11,""finalFusedEvidence"":{""block_sim_01"":0.2132570345855449,""block_sim_02"":0.28205208968059114,""block_sim_03"":0.504690875733864},""finalRawEegEvidence"":{""block_sim_01"":0.6186257620630637,""block_sim_02"":0.8181896051365346,""block_sim_03"":1.464030381055947},""margin"":0.2226387860532728,""provenance"":{""identityAuthority"":""slot_to_target_to_logical_mapping"",""policy"":""M13 Context-aware Dynamic Stopping Baseline"",""source"":""M12 FusedTargetEvidence""},""selectedLogicalBlockId"":""block_sim_03"",""selectedSlotIndex"":2,""selectedTargetId"":""m9-vblock-blue-01"",""stopReason"":""full_window_fallback"",""stopWindow"":10,""threshold"":0.7}"
B2,m6_4-trial-027,target_left,7.2,"[""block_sim_01""]",target_left,True,4.0,False,True,target_left,True,4.0,False,True,0.0,False,False,False,False,False,TYPE_2_NO_EFFECT,"{""consecutiveCount"":0,""decisionMade"":true,""earlyStop"":false,""effectiveAcquisitionSeconds"":4.0,""evaluatedWindows"":11,""finalFusedEvidence"":{""block_sim_01"":0.4393011236285416,""block_sim_02"":0.26887872972855054,""block_sim_03"":0.2918201466429078},""finalRawEegEvidence"":{""block_sim_01"":1.2652242039774333,""block_sim_02"":0.7743933682148368,""block_sim_03"":0.8404665794869426},""margin"":0.14748097698563384,""provenance"":{""identityAuthority"":""slot_to_target_to_logical_mapping"",""policy"":""M13 Context-aware Dynamic Stopping Baseline"",""source"":""M12 FusedTargetEvidence""},""selectedLogicalBlockId"":""block_sim_01"",""selectedSlotIndex"":0,""selectedTargetId"":""m9-vblock-red-01"",""stopReason"":""full_window_fallback"",""stopWindow"":10,""threshold"":0.7}","{""consecutiveCount"":0,""decisionMade"":true,""earlyStop"":false,""effectiveAcquisitionSeconds"":4.0,""evaluatedWindows"":11,""finalFusedEvidence"":{""block_sim_01"":0.4393011236285416,""block_sim_02"":0.26887872972855054,""block_sim_03"":0.2918201466429078},""finalRawEegEvidence"":{""block_sim_01"":1.2652242039774333,""block_sim_02"":0.7743933682148368,""block_sim_03"":0.8404665794869426},""margin"":0.14748097698563384,""provenance"":{""identityAuthority"":""slot_to_target_to_logical_mapping"",""policy"":""M13 Context-aware Dynamic Stopping Baseline"",""source"":""M12 FusedTargetEvidence""},""selectedLogicalBlockId"":""block_sim_01"",""selectedSlotIndex"":0,""selectedTargetId"":""m9-vblock-red-01"",""stopReason"":""full_window_fallback"",""stopWindow"":10,""threshold"":0.7}"
B2,m6_4-trial-028,target_center,9.0,[],target_center,True,4.0,False,True,target_center,True,4.0,False,True,0.0,False,False,False,False,False,TYPE_2_NO_EFFECT,"{""consecutiveCount"":0,""decisionMade"":true,""earlyStop"":false,""effectiveAcquisitionSeconds"":4.0,""evaluatedWindows"":11,""finalFusedEvidence"":{""block_sim_01"":0.25722135476985797,""block_sim_02"":0.4691019190300801,""block_sim_03"":0.2736767262000619},""finalRawEegEvidence"":{""block_sim_01"":0.73710500986867,""block_sim_02"":1.3442794240993499,""block_sim_03"":0.784260257656341},""margin"":0.1954251928300182,""provenance"":{""identityAuthority"":""slot_to_target_to_logical_mapping"",""policy"":""M13 Context-aware Dynamic Stopping Baseline"",""source"":""M12 FusedTargetEvidence""},""selectedLogicalBlockId"":""block_sim_02"",""selectedSlotIndex"":1,""selectedTargetId"":""m9-vblock-green-01"",""stopReason"":""full_window_fallback"",""stopWindow"":10,""threshold"":0.7}","{""consecutiveCount"":0,""decisionMade"":true,""earlyStop"":false,""effectiveAcquisitionSeconds"":4.0,""evaluatedWindows"":11,""finalFusedEvidence"":{""block_sim_01"":0.25722135476985797,""block_sim_02"":0.4691019190300801,""block_sim_03"":0.2736767262000619},""finalRawEegEvidence"":{""block_sim_01"":0.73710500986867,""block_sim_02"":1.3442794240993499,""block_sim_03"":0.784260257656341},""margin"":0.1954251928300182,""provenance"":{""identityAuthority"":""slot_to_target_to_logical_mapping"",""policy"":""M13 Context-aware Dynamic Stopping Baseline"",""source"":""M12 FusedTargetEvidence""},""selectedLogicalBlockId"":""block_sim_02"",""selectedSlotIndex"":1,""selectedTargetId"":""m9-vblock-green-01"",""stopReason"":""full_window_fallback"",""stopWindow"":10,""threshold"":0.7}"
B2,m6_4-trial-029,target_left,7.2,"[""block_sim_01""]",target_left,True,4.0,False,True,target_left,True,4.0,False,True,0.0,False,False,False,False,False,TYPE_2_NO_EFFECT,"{""consecutiveCount"":0,""decisionMade"":true,""earlyStop"":false,""effectiveAcquisitionSeconds"":4.0,""evaluatedWindows"":11,""finalFusedEvidence"":{""block_sim_01"":0.4730294925207999,""block_sim_02"":0.24028964512409515,""block_sim_03"":0.28668086235510504},""finalRawEegEvidence"":{""block_sim_01"":1.3534743730189158,""block_sim_02"":0.6875382654136978,""block_sim_03"":0.8202769733549674},""margin"":0.18634863016569486,""provenance"":{""identityAuthority"":""slot_to_target_to_logical_mapping"",""policy"":""M13 Context-aware Dynamic Stopping Baseline"",""source"":""M12 FusedTargetEvidence""},""selectedLogicalBlockId"":""block_sim_01"",""selectedSlotIndex"":0,""selectedTargetId"":""m9-vblock-red-01"",""stopReason"":""full_window_fallback"",""stopWindow"":10,""threshold"":0.7}","{""consecutiveCount"":0,""decisionMade"":true,""earlyStop"":false,""effectiveAcquisitionSeconds"":4.0,""evaluatedWindows"":11,""finalFusedEvidence"":{""block_sim_01"":0.4730294925207999,""block_sim_02"":0.24028964512409515,""block_sim_03"":0.28668086235510504},""finalRawEegEvidence"":{""block_sim_01"":1.3534743730189158,""block_sim_02"":0.6875382654136978,""block_sim_03"":0.8202769733549674},""margin"":0.18634863016569486,""provenance"":{""identityAuthority"":""slot_to_target_to_logical_mapping"",""policy"":""M13 Context-aware Dynamic Stopping Baseline"",""source"":""M12 FusedTargetEvidence""},""selectedLogicalBlockId"":""block_sim_01"",""selectedSlotIndex"":0,""selectedTargetId"":""m9-vblock-red-01"",""stopReason"":""full_window_fallback"",""stopWindow"":10,""threshold"":0.7}"
B2,m6_4-trial-030,target_right,12.0,[],target_right,True,4.0,False,True,target_right,True,4.0,False,True,0.0,False,False,False,False,False,TYPE_2_NO_EFFECT,"{""consecutiveCount"":0,""decisionMade"":true,""earlyStop"":false,""effectiveAcquisitionSeconds"":4.0,""evaluatedWindows"":11,""finalFusedEvidence"":{""block_sim_01"":0.23058890490802844,""block_sim_02"":0.26747294101124475,""block_sim_03"":0.5019381540807267},""finalRawEegEvidence"":{""block_sim_01"":0.6850680973603686,""block_sim_02"":0.7946487228734644,""block_sim_03"":1.4912331378034431},""margin"":0.23446521306948198,""provenance"":{""identityAuthority"":""slot_to_target_to_logical_mapping"",""policy"":""M13 Context-aware Dynamic Stopping Baseline"",""source"":""M12 FusedTargetEvidence""},""selectedLogicalBlockId"":""block_sim_03"",""selectedSlotIndex"":2,""selectedTargetId"":""m9-vblock-blue-01"",""stopReason"":""full_window_fallback"",""stopWindow"":10,""threshold"":0.7}","{""consecutiveCount"":0,""decisionMade"":true,""earlyStop"":false,""effectiveAcquisitionSeconds"":4.0,""evaluatedWindows"":11,""finalFusedEvidence"":{""block_sim_01"":0.23058890490802844,""block_sim_02"":0.26747294101124475,""block_sim_03"":0.5019381540807267},""finalRawEegEvidence"":{""block_sim_01"":0.6850680973603686,""block_sim_02"":0.7946487228734644,""block_sim_03"":1.4912331378034431},""margin"":0.23446521306948198,""provenance"":{""identityAuthority"":""slot_to_target_to_logical_mapping"",""policy"":""M13 Context-aware Dynamic Stopping Baseline"",""source"":""M12 FusedTargetEvidence""},""selectedLogicalBlockId"":""block_sim_03"",""selectedSlotIndex"":2,""selectedTargetId"":""m9-vblock-blue-01"",""stopReason"":""full_window_fallback"",""stopWindow"":10,""threshold"":0.7}"
